,obs,reward,return_list,action_list,metrics,vcnt,potential
0,"[1.         0.256      1.         1.         1.         0.625
 0.04166667 0.20833333 0.33333333 0.5        0.33333333 1.
 0.83333333 0.5        0.16666667 0.33333333 1.         0.5
 0.5        0.16666667 0.83333333 0.83333333 1.         0.83333333
 1.         0.66666667 0.66666667 1.         0.5        1.
 1.         0.66666667 0.33333333 1.         1.         0.5
 0.0625     1.         0.00900901 0.01351351 1.         0.5
 0.0045045  1.         0.33333333 0.83333333 0.33333333 0.83333333
 0.83333333 0.33333333 0.83333333 0.5        0.33333333 1.
 0.33333333 0.5        1.         0.66666667 0.5        0.83333333
 1.         0.33333333 0.125      0.25       1.         1.
 0.125      1.         0.02702703 0.33333333 1.         0.00900901
 0.16666667 1.         0.33333333 0.16666667 1.         0.5
 0.33333333 0.33333333 0.66666667 0.16666667 0.83333333 0.16666667
 0.5        0.66666667 0.5        0.33333333 0.83333333 0.16666667
 0.33333333 0.66666667 0.0625     0.0625     1.         0.0625
 0.03125    1.         0.01818182 0.1        1.         0.01818182
 0.2        1.         1.         0.5        0.66666667 0.83333333
 0.83333333 0.16666667 0.5        0.66666667 1.         0.66666667
 0.5        1.         0.5        0.66666667 0.66666667 0.16666667
 0.66666667 1.         0.0078125  0.015625   1.         0.0625
 0.0625     1.         0.01818182 0.04545455 1.         0.09090909
 0.00909091 1.         0.16666667 1.         1.         0.83333333
 0.33333333 0.16666667 0.66666667 0.66666667 0.5        0.66666667
 0.83333333 1.         0.33333333 0.33333333 0.66666667 0.16666667
 0.33333333 0.5        0.25       0.03125    1.         0.25
 0.03125    1.         0.11111111 0.5        1.         0.33333333
 0.01851852 1.         1.         0.66666667 1.         0.83333333
 0.5        1.         0.33333333 0.33333333 0.66666667 0.83333333
 0.66666667 0.33333333 1.         0.5        0.16666667 0.66666667
 0.83333333 0.66666667 0.125      1.         1.         0.0625
 0.03125    1.         0.11111111 0.05555556 1.         0.5
 0.05555556 1.         0.83333333 0.33333333 0.66666667 1.
 0.66666667 0.5        0.16666667 0.83333333 0.83333333 0.5
 0.66666667 1.         0.83333333 0.83333333 0.5        1.
 0.83333333 0.16666667 0.25       0.125      1.         0.25
 0.5        1.         0.07692308 0.5        1.         0.5
 0.07692308 1.         0.16666667 0.83333333 1.         0.83333333
 0.66666667 0.5        0.33333333 0.33333333 1.         0.5
 0.5        0.16666667 0.16666667 0.33333333 1.         0.66666667
 0.33333333 0.66666667 0.125      0.5        1.         0.015625
 0.25       1.         0.5        0.03846154 1.         1.
 0.03846154 1.         0.83333333 0.16666667 0.16666667 0.33333333
 0.33333333 1.         0.16666667 0.66666667 1.         0.5
 1.         0.83333333 0.83333333 0.83333333 1.         0.66666667
 0.5        0.33333333 0.25       0.00195312 1.         0.0625
 0.25       1.         1.         0.08333333 1.         0.5
 0.16666667 1.        ]",2.2381679571817465,"[1.6862650616886337, 1.687953014703337, 1.6896426573606977, 1.6913339913520498, 1.6930270183704201, 1.6947217401105306, 1.6964181582687994, 1.6981162745433427, 1.6998160906339768, 1.701517608242219, 1.7032208290712902, 1.7049257548261163, 1.7066323872133295, 1.7083407279412708, 1.7100507787199908, 1.711762541261252, 1.7134760172785306, 1.7151912084870176, 1.716908116603621, 1.718626743346968, 1.7203470904374054, 1.7220691595970024, 1.723792952549552, 1.7255184710205724, 1.7272457167373096, 1.7289746914287383, 1.730705396825564, 1.732437834660224, 1.7341720066668909, 1.7359079145814724, 1.737645560141614, 1.7393849450867007, 1.7411260711578587, 1.7428689400979567, 1.7446135536516083, 1.7463599135651735, 1.7481080215867604, 1.7498578794662265, 1.7516094889551816, 1.7533628518069886, 1.7551179697767654, 1.7568748446213867, 1.7586334780994861, 1.7603938719714576, 1.762156027999457, 1.7639199479474044, 1.7656856335809854, 1.767453086667653, 1.7692223089766297, 1.7709933022789086, 1.772766068347256, 1.7745406089562121, 1.7763169258820943, 1.7780950209029973, 1.7798748957987962, 1.7816565523511474, 1.783439992343491, 1.785225217561052, 1.7870122297908428, 1.7888010308216644, 1.7905916224441085, 1.7923840064505592, 1.7941781846351943, 1.7959741587939884, 1.797771930724713, 1.79957150222694, 1.8013728751020421, 1.8031760511531953, 1.8049810321853808, 1.8067878200053862, 1.808596416421808, 1.810406823245053, 1.8122190422873403, 1.814033075362703, 1.81584892428699, 1.8176665908778677, 1.8194860769548227, 1.8213073843391618, 1.8231305148540158, 1.82495547032434, 1.8267822525769168, 1.8286108634403573, 1.8304413047451025, 1.8322735783234259, 1.8341076860094352, 1.8359436296390743, 1.8377814110501245, 1.8396210320822066, 1.8414624945767835, 1.8433058003771605, 1.845150951328489, 1.8469979492777666, 1.8488467960738404, 1.8506974935674079, 1.852550043611019, 1.854404448059078, 1.8562607087678458, 1.8581188275954412, 1.859978806401843, 1.861840647048892, 1.8637043514002922, 1.865569921321614, 1.8674373586802941, 1.8693066653456398, 1.8711778431888286, 1.8730508940829116, 1.8749258199028145, 1.8768026225253398, 1.878681303829169, 1.880561865694864, 1.882444310004869, 1.8843286386435123, 1.8862148534970093, 1.8881029564534628, 1.8899929494028658, 1.8918848342371029, 1.8937786128499527, 1.8956742871370897, 1.897571858996086, 1.8994713303264124, 1.9013727030294418, 1.9032759790084504, 1.905181160168619, 1.9070882484170362, 1.908997245662699, 1.9109081538165154, 1.9128209747913067, 1.9147357105018086, 1.9166523628646732, 1.9185709337984718, 1.9204914252236955, 1.9224138390627583, 1.9243381772399983, 1.92626444168168, 1.928192634315996, 1.9301227570730692, 1.932054811884954, 1.9339888006856398, 1.935924725411051, 1.93786258799905, 1.9398023903894395, 1.9417441345239634, 1.9436878223463097, 1.9456334558021118, 1.9475810368389508, 1.9495305674063572, 1.951482049455813, 1.9534354849407536, 1.9553908758165701, 1.9573482240406108, 1.959307531572183, 1.9612688003725556, 1.9632320324049606, 1.9651972296345952, 1.9671643940286239, 1.96913352755618, 1.9711046321883685, 1.9730777098982668, 1.9750527626609278, 1.977029792453381, 1.9790088012546356, 1.9809897910456813, 1.9829727638094907, 1.9849577215310217, 1.986944666197219, 1.9889335997970161, 1.9909245243213374, 1.9929174417631004, 1.9949123541172176, 1.9969092633805983, 1.9989081715521504, 2.000909080632783, 2.0029119926254086, 2.0049169095349435, 2.0069238333683117, 2.0089327661344463, 2.0109437098442906, 2.0129566665108016, 2.0149716381489506, 2.0169886267757264, 2.0190076344101366, 2.02102866307321, 2.023051714787998, 2.0250767915795773, 2.027103895475052, 2.029133028503556, 2.0311641926962523, 2.0331973900863387, 2.0352326227090476, 2.0372698926016493, 2.039309201803453, 2.0413505523558086, 2.043393946302111, 2.0454393856877986, 2.0474868725603588, 2.049536408969328, 2.0515879969662945, 2.0536416386048995, 2.0556973359408404, 2.057755091031872, 2.05981490593781, 2.0618767827205304, 2.0639407234439746, 2.066006730174149, 2.068074804979128, 2.070144949929057, 2.072217167096153, 2.0742914585547076, 2.0763678263810887, 2.0784462726537427, 2.080526799453196, 2.082609408862058, 2.084694102965023, 2.086780883848872, 2.0888697536024745, 2.0909607143167914, 2.0930537680848764, 2.0951489170018784, 2.0972461631650434, 2.099345508673717, 2.1014469556293465, 2.103550506135482, 2.1056561622977794, 2.1077639262240035, 2.1098738000240274, 2.111985785809837, 2.1140998856955324, 2.1162161017973298, 2.1183344362335634, 2.1204548911246883, 2.1225774685932817, 2.1247021707640457, 2.1268289997638097, 2.128957957721531, 2.1310890467682997, 2.1332222690373372, 2.135357626664001, 2.1374951217857867, 2.1396347565423293, 2.141776533075405, 2.1439204535289336, 2.1460665200489824, 2.148214734783766, 2.1503650998836497, 2.1525176175011507, 2.1546722897909416, 2.1568291189098514, 2.158988107016868, 2.1611492562731414, 2.163312568841983, 2.165478046888872, 2.167645692581454, 2.169815508089543, 2.171987495585128, 2.1741616572423705, 2.176337995237608, 2.1785165117493572, 2.1806972089583154, 2.1828800890473627, 2.185065154201564, 2.1872524066081724, 2.189441848456629, 2.1916334819385677, 2.1938273092478155, 2.196023332580396, 2.1982215541345305, 2.200421976110641, 2.2026246007113524, 2.2048294301414937, 2.207036466608102, 2.2092457123204223, 2.211457169489912, 2.2136708403302423, 2.2158867270572995, 2.2181048318891885, 2.2203251570462346, 2.2225477047509856, 2.224772477228214, 2.226999476704919, 2.2292287054103292, 2.231460165575905, 2.2336938594353404, 2.235929789224565, 2.2381679571817465]","[14, 9, 0, 0, 2, 14, 0, 4, 1, 2, 1, 5, 4, 2, 0, 1, 5, 2, 2, 0, 4, 4, 5, 4, 5, 3, 3, 5, 2, 5, 5, 3, 0, 1, 0, 5, 2, 0, 1, 2, 0, 6, 0, 0, 1, 4, 1, 4, 4, 1, 4, 2, 1, 5, 1, 2, 5, 3, 2, 4, 5, 1, 3, 4, 0, 6, 3, 0, 3, 5, 0, 1, 4, 0, 1, 0, 5, 2, 1, 1, 3, 0, 4, 0, 2, 3, 2, 1, 4, 0, 1, 3, 2, 2, 0, 3, 2, 0, 1, 4, 0, 1, 5, 0, 5, 2, 3, 4, 4, 0, 2, 3, 5, 3, 2, 5, 2, 3, 3, 0, 3, 5, 0, 1, 0, 3, 3, 0, 1, 2, 0, 3, 0, 0, 0, 5, 5, 4, 1, 0, 3, 3, 2, 3, 4, 5, 1, 1, 3, 0, 1, 2, 5, 2, 0, 6, 3, 0, 3, 6, 0, 5, 0, 0, 5, 3, 5, 4, 2, 5, 1, 1, 3, 4, 3, 1, 5, 2, 0, 3, 4, 3, 5, 8, 0, 4, 3, 0, 3, 2, 0, 6, 2, 0, 4, 1, 3, 5, 3, 2, 0, 4, 4, 2, 3, 5, 4, 4, 2, 5, 4, 0, 6, 5, 0, 7, 8, 0, 1, 2, 0, 2, 1, 0, 0, 4, 5, 4, 3, 2, 1, 1, 5, 2, 2, 0, 0, 1, 5, 3, 1, 3, 6, 8, 0, 3, 7, 0, 2, 0, 0, 3, 0, 0, 4, 0, 0, 1, 1, 5, 0, 3, 5, 2, 5, 4, 4, 4, 5, 3, 2, 1, 7, 0, 0, 5, 7, 0, 5, 0, 0, 4, 1, 0]","{'latency': 871529598, 'energy': 21871257.2, 'area': 415227000.0, 'power': 4.733117692307692, 'cnt_pes': 600, 'l1_mem': 54, 'l2_mem': 2690304, 'edp': 1.9061447995270604e+16}",269,0.13646350880826844
1,"[1.25000000e-04 2.56000000e-01 1.00000000e+00 1.00000000e+00
 3.33333333e-01 2.08333333e-01 9.58333333e-01 1.00000000e+00
 1.66666667e-01 1.00000000e+00 6.66666667e-01 6.66666667e-01
 6.66666667e-01 5.00000000e-01 6.66666667e-01 1.00000000e+00
 1.00000000e+00 8.33333333e-01 1.00000000e+00 1.66666667e-01
 3.33333333e-01 1.66666667e-01 1.00000000e+00 5.00000000e-01
 1.00000000e+00 1.66666667e-01 1.00000000e+00 1.66666667e-01
 3.33333333e-01 3.33333333e-01 8.33333333e-01 1.00000000e+00
 1.00000000e+00 1.00000000e+00 1.00000000e+00 2.50000000e-01
 5.00000000e-01 1.00000000e+00 3.33333333e-01 3.33333333e-01
 1.00000000e+00 4.50450450e-03 4.50450450e-03 1.00000000e+00
 1.00000000e+00 1.66666667e-01 1.00000000e+00 5.00000000e-01
 1.66666667e-01 3.33333333e-01 5.00000000e-01 5.00000000e-01
 8.33333333e-01 3.33333333e-01 3.33333333e-01 6.66666667e-01
 3.33333333e-01 1.66666667e-01 8.33333333e-01 1.66666667e-01
 1.00000000e+00 5.00000000e-01 3.12500000e-02 1.00000000e+00
 1.00000000e+00 1.56250000e-02 3.12500000e-02 1.00000000e+00
 1.00000000e+00 1.66666667e-01 1.00000000e+00 3.33333333e-01
 4.50450450e-03 1.00000000e+00 1.00000000e+00 8.33333333e-01
 3.33333333e-01 8.33333333e-01 1.66666667e-01 6.66666667e-01
 1.00000000e+00 8.33333333e-01 1.00000000e+00 8.33333333e-01
 5.00000000e-01 1.66666667e-01 8.33333333e-01 5.00000000e-01
 6.66666667e-01 1.00000000e+00 3.33333333e-01 5.00000000e-01
 1.00000000e+00 6.25000000e-02 1.00000000e+00 3.12500000e-02
 1.00000000e+00 1.00000000e+00 1.00000000e+00 1.00000000e-01
 1.00000000e+00 5.00000000e-01 2.00000000e-01 1.00000000e+00
 5.00000000e-01 5.00000000e-01 6.66666667e-01 1.00000000e+00
 1.00000000e+00 3.33333333e-01 1.00000000e+00 8.33333333e-01
 8.33333333e-01 3.33333333e-01 3.33333333e-01 1.66666667e-01
 5.00000000e-01 8.33333333e-01 1.66666667e-01 1.66666667e-01
 3.33333333e-01 1.66666667e-01 2.50000000e-01 1.25000000e-01
 1.00000000e+00 7.81250000e-03 7.81250000e-03 1.00000000e+00
 9.09090909e-02 1.00000000e-01 1.00000000e+00 5.00000000e-01
 1.00000000e-01 1.00000000e+00 6.66666667e-01 3.33333333e-01
 1.00000000e+00 3.33333333e-01 5.00000000e-01 1.66666667e-01
 8.33333333e-01 8.33333333e-01 3.33333333e-01 1.00000000e+00
 5.00000000e-01 1.00000000e+00 8.33333333e-01 1.00000000e+00
 8.33333333e-01 1.00000000e+00 5.00000000e-01 1.00000000e+00
 3.12500000e-02 1.56250000e-02 1.00000000e+00 2.50000000e-01
 6.25000000e-02 1.00000000e+00 1.11111111e-01 3.70370370e-02
 1.00000000e+00 1.66666667e-01 1.85185185e-02 1.00000000e+00
 1.00000000e+00 1.00000000e+00 1.00000000e+00 6.66666667e-01
 1.66666667e-01 8.33333333e-01 1.66666667e-01 8.33333333e-01
 5.00000000e-01 6.66666667e-01 1.66666667e-01 3.33333333e-01
 8.33333333e-01 8.33333333e-01 3.33333333e-01 3.33333333e-01
 3.33333333e-01 1.00000000e+00 3.90625000e-03 5.00000000e-01
 1.00000000e+00 1.00000000e+00 3.90625000e-03 1.00000000e+00
 5.55555556e-02 5.55555556e-02 1.00000000e+00 1.66666667e-01
 5.00000000e-01 1.00000000e+00 5.00000000e-01 1.66666667e-01
 1.00000000e+00 5.00000000e-01 3.33333333e-01 5.00000000e-01
 5.00000000e-01 5.00000000e-01 1.00000000e+00 5.00000000e-01
 5.00000000e-01 1.66666667e-01 3.33333333e-01 1.66666667e-01
 3.33333333e-01 3.33333333e-01 6.66666667e-01 8.33333333e-01
 3.12500000e-02 7.81250000e-03 1.00000000e+00 3.12500000e-02
 7.81250000e-03 1.00000000e+00 3.84615385e-02 3.84615385e-02
 1.00000000e+00 1.00000000e+00 7.69230769e-02 1.00000000e+00
 3.33333333e-01 6.66666667e-01 8.33333333e-01 8.33333333e-01
 1.66666667e-01 5.00000000e-01 6.66666667e-01 1.66666667e-01
 3.33333333e-01 1.00000000e+00 1.66666667e-01 3.33333333e-01
 8.33333333e-01 3.33333333e-01 6.66666667e-01 6.66666667e-01
 8.33333333e-01 1.00000000e+00 1.00000000e+00 3.12500000e-02
 1.00000000e+00 3.12500000e-02 1.95312500e-03 1.00000000e+00
 3.84615385e-02 3.84615385e-02 1.00000000e+00 5.00000000e-01
 3.84615385e-02 1.00000000e+00 1.00000000e+00 3.33333333e-01
 3.33333333e-01 5.00000000e-01 1.66666667e-01 1.00000000e+00
 3.33333333e-01 8.33333333e-01 6.66666667e-01 8.33333333e-01
 1.66666667e-01 6.66666667e-01 8.33333333e-01 1.00000000e+00
 1.66666667e-01 1.66666667e-01 5.00000000e-01 5.00000000e-01
 6.25000000e-02 3.12500000e-02 1.00000000e+00 1.25000000e-01
 7.81250000e-03 1.00000000e+00 1.66666667e-01 2.50000000e-01
 1.00000000e+00 2.50000000e-01 1.66666667e-01 1.00000000e+00]",9.287926353837173,"[6.9976453982184035, 7.0046500482666705, 7.011661709976647, 7.018680390367014, 7.025706096463478, 7.032738835298776, 7.039778613912689, 7.046825439352041, 7.053879318670711, 7.060940258929641, 7.068008267196838, 7.075083350547385, 7.082165516063449, 7.089254770834283, 7.096351121956239, 7.103454576532772, 7.110565141674447, 7.117682824498946, 7.124807632131077, 7.131939571702779, 7.139078650353133, 7.146224875228361, 7.153378253481843, 7.160538792274116, 7.16770649877289, 7.174881380153042, 7.182063443596639, 7.1892526962929315, 7.19644914543837, 7.2036527982366065, 7.210863661898505, 7.218081743642147, 7.225307050692839, 7.232539590283122, 7.239779369652775, 7.247026396048823, 7.254280676725549, 7.261542218944493, 7.268811029974468, 7.276087117091559, 7.2833704875791385, 7.2906611487278665, 7.297959107835703, 7.305264372207911, 7.312576949157068, 7.31989684600307, 7.327224070073143, 7.334558628701845, 7.341900529231076, 7.349249779010086, 7.356606385395482, 7.363970355751233, 7.371341697448682, 7.378720417866549, 7.386106524390939, 7.393500024415355, 7.400900925340696, 7.408309234575271, 7.415724959534806, 7.423148107642449, 7.4305786863287775, 7.438016703031809, 7.445462165197006, 7.452915080277283, 7.460375455733017, 7.467843299032049, 7.475318617649699, 7.4828014190687675, 7.490291710779547, 7.497789500279827, 7.505294795074902, 7.512807602677579, 7.520327930608188, 7.527855786394582, 7.535391177572154, 7.542934111683838, 7.550484596280118, 7.558042638919037, 7.565608247166203, 7.573181428594798, 7.580762190785584, 7.588350541326911, 7.595946487814725, 7.603550037852577, 7.611161199051629, 7.618779979030659, 7.626406385416075, 7.634040425841917, 7.641682107949867, 7.649331439389257, 7.6569884278170735, 7.664653080897971, 7.672325406304275, 7.6800054117159915, 7.687693104820812, 7.695388493314126, 7.703091584899025, 7.710802387286312, 7.718520908194506, 7.7262471553498555, 7.733981136486342, 7.741722859345688, 7.7494723316773655, 7.757229561238604, 7.764994555794398, 7.772767323117515, 7.780547870988504, 7.7883362071957, 7.796132339535235, 7.803936275811045, 7.81174802383488, 7.819567591426306, 7.8273949864127195, 7.835230216629349, 7.8430732899192686, 7.850924214133402, 7.8587829971305325, 7.86664964677731, 7.874524170948258, 7.882406577525784, 7.8902968744001845, 7.898195069469654, 7.906101170640294, 7.914015185826121, 7.921937122949069, 7.929866989939009, 7.937804794733743, 7.945750545279021, 7.95370424952855, 7.9616659154439935, 7.9696355509949885, 7.9776131641591475, 7.98559876292207, 7.993592355277348, 8.001593949226574, 8.009603552779353, 8.017621173953307, 8.025646820774082, 8.033680501275358, 8.041722223498857, 8.049771995494352, 8.057829825319672, 8.065895721040713, 8.073969690731444, 8.082051742473917, 8.090141884358275, 8.098240124482757, 8.10634647095371, 8.114460931885596, 8.122583515400997, 8.130714229630629, 8.138853082713341, 8.147000082796138, 8.155155238034173, 8.163318556590763, 8.1714900466374, 8.179669716353754, 8.187857573927682, 8.196053627555237, 8.204257885440677, 8.212470355796475, 8.220691046843317, 8.228919966810126, 8.237157123934061, 8.245402526460522, 8.253656182643164, 8.261918100743907, 8.27018828903294, 8.27846675578873, 8.286753509298027, 8.295048557855882, 8.303351909765647, 8.311663573338986, 8.319983556895883, 8.328311868764647, 8.33664851728193, 8.344993510792722, 8.353346857650372, 8.361708566216588, 8.370078644861449, 8.378457101963413, 8.386843945909321, 8.395239185094416, 8.403642827922338, 8.412054882805144, 8.420475358163307, 8.428904262425732, 8.437341604029761, 8.445787391421183, 8.454241633054236, 8.462704337391628, 8.471175512904532, 8.479655168072604, 8.488143311383988, 8.496639951335323, 8.505145096431756, 8.513658755186942, 8.522180936123064, 8.530711647770834, 8.539250898669504, 8.54779869736687, 8.55635505241929, 8.564919972391682, 8.573493465857538, 8.582075541398938, 8.590666207606544, 8.599265473079624, 8.60787334642605, 8.616489836262312, 8.625114951213526, 8.63374869991344, 8.642391091004445, 8.651042133137583, 8.659701834972555, 8.668370205177732, 8.677047252430162, 8.685732985415578, 8.694427412828407, 8.70313054337178, 8.711842385757537, 8.720562948706243, 8.72929224094719, 8.738030271218408, 8.746777048266674, 8.755532580847522, 8.764296877725247, 8.77306994767292, 8.781851799472392, 8.790642441914306, 8.799441883798105, 8.808250133932036, 8.817067201133169, 8.825893094227396, 8.834727822049446, 8.84357139344289, 8.85242381726015, 8.861285102362512, 8.870155257620132, 8.879034291912044, 8.88792221412617, 8.89681903315933, 8.905724757917248, 8.914639397314563, 8.923562960274838, 8.93249545573057, 8.941436892623193, 8.950387279903095, 8.959346626529625, 8.968314941471096, 8.977292233704802, 8.98627851221702, 8.995273786003022, 9.004278064067089, 9.013291355422512, 9.022313669091604, 9.03134501410571, 9.040385399505215, 9.049434834339555, 9.058493327667223, 9.067560888555779, 9.07663752608186, 9.085723249331192, 9.09481806739859, 9.103921989387977, 9.11303502441239, 9.122157181593984, 9.131288470064048, 9.14042889896301, 9.149578477440452, 9.158737214655106, 9.16790511977488, 9.177082201976857, 9.186268470447304, 9.195463934381687, 9.204668602984672, 9.213882485470142, 9.223105591061204, 9.232337928990194, 9.241579508498694, 9.250830338837531, 9.260090429266798, 9.269359789055853, 9.278638427483337, 9.287926353837173]","[1, 9, 0, 0, 0, 4, 22, 23, 0, 5, 3, 3, 3, 2, 3, 5, 5, 4, 5, 0, 1, 0, 5, 2, 5, 0, 5, 0, 1, 1, 4, 5, 1, 1, 0, 4, 5, 0, 5, 5, 0, 0, 0, 0, 5, 0, 5, 2, 0, 1, 2, 2, 4, 1, 1, 3, 1, 0, 4, 0, 5, 2, 1, 6, 0, 0, 1, 0, 7, 4, 0, 5, 0, 0, 5, 4, 1, 4, 0, 3, 5, 4, 5, 4, 2, 0, 4, 2, 3, 5, 1, 2, 6, 2, 0, 2, 7, 0, 7, 4, 0, 6, 5, 0, 2, 2, 3, 5, 5, 1, 5, 4, 4, 1, 1, 0, 2, 4, 0, 0, 1, 0, 5, 4, 0, 0, 0, 0, 3, 4, 0, 6, 4, 0, 3, 1, 5, 1, 2, 0, 4, 4, 1, 5, 2, 5, 4, 5, 4, 5, 2, 5, 2, 1, 0, 6, 4, 0, 3, 1, 0, 4, 0, 0, 5, 5, 5, 3, 0, 4, 0, 4, 2, 3, 0, 1, 4, 4, 1, 1, 1, 5, 0, 7, 0, 8, 0, 0, 2, 2, 0, 4, 6, 0, 2, 0, 5, 2, 1, 2, 2, 2, 5, 2, 2, 0, 1, 0, 1, 1, 3, 4, 3, 1, 0, 4, 2, 0, 0, 0, 0, 3, 1, 0, 1, 3, 4, 4, 0, 2, 3, 0, 1, 5, 0, 1, 4, 1, 3, 3, 4, 5, 9, 4, 0, 4, 0, 0, 0, 0, 0, 2, 0, 0, 5, 1, 1, 2, 0, 5, 1, 4, 3, 4, 0, 3, 4, 5, 0, 0, 2, 2, 5, 4, 0, 6, 2, 0, 1, 2, 0, 2, 1, 0]","{'latency': 330499826, 'energy': 48279584.0, 'area': 20377500.0, 'power': 0.22213000000000005, 'cnt_pes': 48, 'l1_mem': 54, 'l2_mem': 978, 'edp': 1.5956394111352384e+16}",252,0.5850843649460967
2,"[0.015625   0.5        1.         1.         1.         0.625
 0.125      0.04166667 1.         1.         1.         0.5
 0.5        0.5        0.83333333 0.5        0.16666667 0.66666667
 1.         0.5        0.33333333 0.33333333 0.5        0.16666667
 0.5        0.33333333 0.83333333 0.83333333 0.5        0.5
 0.83333333 0.5        1.         0.33333333 1.         1.
 0.125      1.         0.16666667 0.33333333 1.         0.02702703
 0.02702703 1.         0.16666667 0.16666667 0.33333333 0.33333333
 0.16666667 0.66666667 0.66666667 0.33333333 0.66666667 0.33333333
 0.66666667 1.         1.         0.83333333 0.5        0.16666667
 0.16666667 0.66666667 0.03125    0.0625     1.         0.5
 0.015625   1.         0.02702703 0.33333333 1.         0.33333333
 0.0045045  1.         0.33333333 0.33333333 0.83333333 0.83333333
 0.66666667 1.         0.33333333 0.16666667 0.5        0.66666667
 1.         0.33333333 0.83333333 0.33333333 0.5        0.66666667
 1.         0.5        0.5        0.0625     1.         0.03125
 0.125      1.         0.1        0.2        1.         0.00909091
 1.         1.         0.33333333 1.         0.83333333 0.66666667
 0.83333333 1.         0.5        0.83333333 0.16666667 0.83333333
 1.         0.33333333 0.5        0.16666667 0.5        0.5
 0.83333333 0.33333333 0.0078125  0.0078125  1.         0.0078125
 0.03125    1.         1.         0.09090909 1.         0.5
 0.5        1.         0.33333333 0.16666667 1.         1.
 0.16666667 1.         1.         1.         0.33333333 0.16666667
 0.33333333 0.83333333 0.83333333 0.83333333 0.5        1.
 1.         0.5        0.0625     0.5        1.         0.5
 0.00390625 1.         0.03703704 0.03703704 1.         0.33333333
 1.         1.         0.33333333 0.16666667 0.66666667 0.66666667
 0.83333333 0.16666667 0.5        0.16666667 0.5        0.66666667
 0.16666667 0.5        0.33333333 0.16666667 0.5        0.5
 0.66666667 0.16666667 0.03125    0.00390625 1.         0.03125
 0.5        1.         1.         0.03703704 1.         0.16666667
 0.01851852 1.         0.83333333 0.66666667 0.33333333 0.66666667
 0.66666667 0.66666667 1.         0.66666667 1.         0.16666667
 0.16666667 0.33333333 1.         0.66666667 0.66666667 0.83333333
 0.83333333 0.5        0.03125    0.015625   1.         0.03125
 0.0078125  1.         1.         0.07692308 1.         0.07692308
 0.03846154 1.         0.66666667 1.         0.66666667 1.
 0.16666667 0.66666667 1.         0.33333333 0.66666667 1.
 0.66666667 1.         0.33333333 0.83333333 0.66666667 1.
 0.5        0.5        0.00390625 0.03125    1.         0.00390625
 0.015625   1.         0.07692308 0.03846154 1.         0.07692308
 0.03846154 1.         1.         0.33333333 0.83333333 0.83333333
 0.33333333 0.5        0.83333333 0.33333333 0.66666667 0.83333333
 0.33333333 0.5        0.83333333 0.16666667 0.83333333 0.5
 0.16666667 0.66666667 0.0625     0.125      1.         0.0078125
 0.25       1.         1.         0.33333333 1.         0.33333333
 1.         1.        ]",12.803730259084688,"[9.646498121779175, 9.65615427605523, 9.66582009615138, 9.675495591743124, 9.68518077251564, 9.694875648163803, 9.704580228392196, 9.714294522915111, 9.724018541456568, 9.733752293750317, 9.743495789539857, 9.753249038578435, 9.763012050629063, 9.772784835464527, 9.782567402867395, 9.792359762630024, 9.802161924554579, 9.811973898453031, 9.821795694147179, 9.831627321468646, 9.841468790258906, 9.851320110369276, 9.861181291660937, 9.871052344004942, 9.880933277282224, 9.890824101383608, 9.900724826209817, 9.91063546167149, 9.92055601768918, 9.930486504193373, 9.940426931124497, 9.95037730843293, 9.96033764607901, 9.970307954033043, 9.980288242275318, 9.990278520796114, 10.00027879959571, 10.010289088684395, 10.020309398082478, 10.030339737820299, 10.040380117938238, 10.050430548486725, 10.060491039526251, 10.070561601127379, 10.080642243370749, 10.090732976347095, 10.100833810157251, 10.110944754912163, 10.121065820732897, 10.131197017750647, 10.141338356106754, 10.151489845952707, 10.161651497450157, 10.171823320770928, 10.182005326097025, 10.192197523620646, 10.20239992354419, 10.21261253608027, 10.22283537145172, 10.233068439891612, 10.243311751643256, 10.253565316960216, 10.263829146106323, 10.27410324935568, 10.284387636992673, 10.294682319311985, 10.304987306618603, 10.315302609227832, 10.325628237465297, 10.335964201666965, 10.346310512179144, 10.356667179358503, 10.367034213572076, 10.377411625197274, 10.387799424621896, 10.39819762224414, 10.408606228472612, 10.419025253726339, 10.429454708434774, 10.439894603037812, 10.450344947985798, 10.460805753739537, 10.471277030770308, 10.481758789559867, 10.492251040600468, 10.502753794394863, 10.51326706145632, 10.523790852308629, 10.534325177486116, 10.54487004753365, 10.555425473006656, 10.565991464471127, 10.57656803250363, 10.587155187691321, 10.597752940631953, 10.608361301933886, 10.618980282216102, 10.62960989210821, 10.64025014225046, 10.650901043293754, 10.661562605899654, 10.672234840740394, 10.682917758498894, 10.693611369868762, 10.704315685554317, 10.715030716270586, 10.72575647274333, 10.736492965709038, 10.747240205914952, 10.75799820411907, 10.76876697109016, 10.779546517607768, 10.79033685446223, 10.801137992454686, 10.811949942397083, 10.822772715112196, 10.83360632143363, 10.844450772205835, 10.85530607828412, 10.866172250534653, 10.877049299834487, 10.88793723707156, 10.898836073144704, 10.909745818963668, 10.920666485449116, 10.931598083532649, 10.942540624156806, 10.953494118275081, 10.964458576851934, 10.975434010862797, 10.986420431294091, 10.997417849143234, 11.008426275418653, 11.019445721139792, 11.03047619733713, 11.041517715052182, 11.05257028533752, 11.063633919256777, 11.074708627884661, 11.085794422306968, 11.096891313620588, 11.107999312933522, 11.119118431364887, 11.130248680044932, 11.141390070115047, 11.152542612727775, 11.163706319046822, 11.17488120024707, 11.186067267514584, 11.197264532046631, 11.208473005051683, 11.219692697749432, 11.230923621370803, 11.24216578715796, 11.253419206364324, 11.26468389025458, 11.275959850104684, 11.287247097201886, 11.298545642844731, 11.309855498343074, 11.321176675018092, 11.332509184202294, 11.343853037239533, 11.355208245485018, 11.366574820305324, 11.377952773078402, 11.389342115193596, 11.400742858051649, 11.412155013064714, 11.423578591656371, 11.435013605261632, 11.44646006532696, 11.45791798331027, 11.469387370680952, 11.480868238919872, 11.49236059951939, 11.503864463983374, 11.515379843827201, 11.52690675057778, 11.538445195773553, 11.549995190964518, 11.56155674771223, 11.57312987758982, 11.584714592182001, 11.596310903085087, 11.607918821906994, 11.619538360267262, 11.63116952979706, 11.642812342139198, 11.654466808948147, 11.666132941890037, 11.67781075264268, 11.689500252895575, 11.701201454349926, 11.712914368718645, 11.72463900772637, 11.73637538310948, 11.748123506616096, 11.759883390006102, 11.771655045051153, 11.783438483534688, 11.79523371725194, 11.807040758009949, 11.818859617627576, 11.83069030793551, 11.842532840776286, 11.85438722800429, 11.866253481485776, 11.878131613098875, 11.890021634733609, 11.9019235582919, 11.913837395687587, 11.925763158846433, 11.937700859706139, 11.949650510216355, 11.961612122338693, 11.97358570804674, 11.985571279326065, 11.99756884817424, 12.009578426600841, 12.02160002662747, 12.033633660287757, 12.045679339627384, 12.057737076704088, 12.069806883587676, 12.081888772360037, 12.093982755115151, 12.10608884395911, 12.11820705101012, 12.13033738839852, 12.142479868266786, 12.154634502769555, 12.16680130407363, 12.178980284357987, 12.191171455813802, 12.203374830644446, 12.215590421065512, 12.227818239304817, 12.240058297602419, 12.25231060821063, 12.264575183394024, 12.276852035429453, 12.289141176606059, 12.301442619225284, 12.313756375600885, 12.326082458058945, 12.338420878937884, 12.350771650588472, 12.363134785373846, 12.375510295669516, 12.387898193863379, 12.400298492355734, 12.412711203559294, 12.425136339899193, 12.437573913813006, 12.450023937750757, 12.462486424174932, 12.474961385560492, 12.487448834394888, 12.499948783178066, 12.51246124442249, 12.524986230653143, 12.53752375440755, 12.550073828235785, 12.562636464700486, 12.575211676376862, 12.587799475852714, 12.600399875728442, 12.613012888617058, 12.625638527144202, 12.63827680394815, 12.65092773167983, 12.663591323002834, 12.676267590593428, 12.688956547140569, 12.701658205345915, 12.714372577923838, 12.727099677601439, 12.739839517118558, 12.752592109227786, 12.76535746669448, 12.778135602296777, 12.790926528825603, 12.803730259084688]","[8, 10, 0, 0, 2, 14, 2, 0, 5, 5, 5, 2, 2, 2, 4, 2, 0, 3, 5, 2, 1, 1, 2, 0, 2, 1, 4, 4, 2, 2, 4, 2, 1, 0, 0, 6, 3, 0, 4, 5, 0, 3, 3, 0, 0, 0, 1, 1, 0, 3, 3, 1, 3, 1, 3, 5, 5, 4, 2, 0, 0, 3, 1, 2, 0, 5, 0, 0, 3, 5, 0, 5, 0, 0, 1, 1, 4, 4, 3, 5, 1, 0, 2, 3, 5, 1, 4, 1, 2, 3, 5, 2, 5, 2, 0, 2, 4, 0, 4, 5, 0, 0, 7, 0, 1, 5, 4, 3, 4, 5, 2, 4, 0, 4, 5, 1, 2, 0, 2, 2, 4, 1, 0, 0, 0, 0, 2, 0, 7, 3, 0, 6, 6, 0, 1, 0, 5, 5, 0, 5, 5, 5, 1, 0, 1, 4, 4, 4, 2, 5, 5, 2, 3, 6, 0, 7, 0, 0, 1, 1, 0, 5, 7, 0, 1, 0, 3, 3, 4, 0, 2, 0, 2, 3, 0, 2, 1, 0, 2, 2, 3, 0, 3, 0, 0, 3, 7, 0, 7, 1, 0, 4, 0, 0, 4, 3, 1, 3, 3, 3, 5, 3, 5, 0, 0, 1, 5, 3, 3, 4, 4, 2, 3, 2, 0, 4, 2, 0, 3, 1, 0, 1, 0, 0, 3, 5, 3, 5, 0, 3, 5, 1, 3, 5, 3, 5, 1, 4, 3, 5, 2, 2, 1, 4, 0, 1, 3, 0, 1, 0, 0, 1, 0, 0, 5, 1, 4, 4, 1, 2, 4, 1, 3, 4, 1, 2, 4, 0, 4, 2, 0, 3, 5, 6, 0, 2, 7, 0, 5, 3, 0, 3, 5, 0]","{'latency': 239747166, 'energy': 21960228.3, 'area': 205383000.0, 'power': 4.022793076923078, 'cnt_pes': 360, 'l1_mem': 54, 'l2_mem': 1417216, 'edp': 5264902499637998.0}",122,1.1688153138520248
3,"[0.0625     0.008      1.         1.         1.         1.
 1.         0.25       0.66666667 0.66666667 1.         0.33333333
 1.         1.         0.16666667 0.66666667 1.         0.33333333
 0.5        0.33333333 0.33333333 0.5        1.         0.83333333
 0.16666667 0.33333333 0.16666667 0.5        0.5        1.
 0.83333333 1.         1.         0.33333333 1.         0.25
 0.125      1.         0.00900901 1.         1.         0.33333333
 0.5        1.         0.66666667 1.         1.         0.83333333
 0.83333333 0.16666667 0.66666667 0.83333333 0.33333333 1.
 0.83333333 1.         0.33333333 1.         0.5        1.
 0.5        0.83333333 0.25       0.5        1.         0.125
 0.0625     1.         0.16666667 0.33333333 1.         1.
 1.         1.         0.5        0.16666667 0.66666667 0.83333333
 0.5        0.66666667 0.33333333 0.16666667 0.83333333 0.16666667
 0.66666667 0.83333333 1.         0.33333333 0.33333333 1.
 1.         0.5        0.25       1.         1.         0.0078125
 0.0625     1.         0.1        0.1        1.         0.1
 0.1        1.         0.5        0.16666667 0.83333333 0.33333333
 0.83333333 0.66666667 0.66666667 0.33333333 0.33333333 0.16666667
 0.83333333 0.5        0.33333333 0.83333333 1.         0.66666667
 0.16666667 0.66666667 0.5        0.125      1.         0.0625
 0.015625   1.         0.2        1.         1.         0.1
 0.09090909 1.         0.5        1.         1.         0.5
 1.         0.33333333 0.66666667 0.66666667 0.33333333 0.33333333
 0.5        0.5        0.16666667 0.83333333 0.83333333 0.66666667
 1.         0.5        0.125      0.0625     1.         1.
 0.25       1.         0.5        0.05555556 1.         0.05555556
 0.33333333 1.         1.         0.66666667 0.83333333 0.66666667
 0.16666667 0.83333333 0.5        0.33333333 1.         0.83333333
 0.33333333 0.66666667 0.16666667 0.5        0.5        1.
 1.         0.66666667 0.0625     0.5        1.         0.25
 1.         1.         0.05555556 0.05555556 1.         0.11111111
 0.03703704 1.         0.5        0.5        0.33333333 0.16666667
 1.         0.5        0.16666667 0.33333333 0.16666667 0.5
 0.66666667 0.16666667 0.83333333 0.66666667 1.         0.83333333
 0.33333333 0.16666667 0.03125    0.00390625 1.         0.015625
 0.25       1.         0.07692308 0.03846154 1.         0.5
 1.         1.         0.66666667 0.66666667 0.33333333 0.16666667
 0.83333333 0.5        0.5        0.16666667 0.33333333 0.66666667
 0.66666667 0.66666667 0.33333333 0.66666667 0.33333333 0.33333333
 1.         0.66666667 1.         0.03125    1.         0.0078125
 0.0078125  1.         0.03846154 0.03846154 1.         0.07692308
 0.5        1.         1.         0.66666667 0.83333333 0.66666667
 0.5        0.33333333 0.83333333 1.         0.83333333 1.
 0.33333333 0.33333333 0.83333333 0.83333333 0.33333333 0.66666667
 0.33333333 0.33333333 0.015625   0.03125    1.         0.5
 1.         1.         0.08333333 0.5        1.         1.
 1.         1.        ]",5.413578981112068e-07,"[4.0786613289004185e-07, 4.082744072973392e-07, 4.086830903877269e-07, 4.090921825702972e-07, 4.0950168425455175e-07, 4.0991159585040214e-07, 4.103219177681703e-07, 4.107326504185889e-07, 4.1114379421280174e-07, 4.115553495623641e-07, 4.1196731687924334e-07, 4.1237969657581914e-07, 4.12792489064884e-07, 4.1320569475964363e-07, 4.1361931407371735e-07, 4.140333474211385e-07, 4.144477952163549e-07, 4.148626578742291e-07, 4.152779358100391e-07, 4.156936294394786e-07, 4.161097391786573e-07, 4.165262654441014e-07, 4.1694320865275415e-07, 4.1736056922197613e-07, 4.1777834756954565e-07, 4.181965441136593e-07, 4.1861515927293227e-07, 4.1903419346639866e-07, 4.1945364711351216e-07, 4.1987352063414633e-07, 4.2029381444859493e-07, 4.207145289775725e-07, 4.2113566464221473e-07, 4.215572218640788e-07, 4.2197920106514396e-07, 4.224016026678118e-07, 4.228244270949067e-07, 4.2324767476967635e-07, 4.2367134611579215e-07, 4.240954415573495e-07, 4.2451996151886836e-07, 4.2494490642529366e-07, 4.2537027670199565e-07, 4.257960727747704e-07, 4.262222950698402e-07, 4.266489440138541e-07, 4.27076020033888e-07, 4.275035235574454e-07, 4.279314550124579e-07, 4.2835981482728513e-07, 4.2878860343071586e-07, 4.2921782125196786e-07, 4.296474687206885e-07, 4.300775462669555e-07, 4.305080543212768e-07, 4.309389933145914e-07, 4.3137036367826965e-07, 4.3180216584411376e-07, 4.322344002443581e-07, 4.326670673116698e-07, 4.3310016747914897e-07, 4.335337011803293e-07, 4.339676688491785e-07, 4.344020709200986e-07, 4.3483690782792653e-07, 4.3527218000793445e-07, 4.357078878958303e-07, 4.3614403192775804e-07, 4.3658061254029834e-07, 4.3701763017046883e-07, 4.3745508525572455e-07, 4.378929782339585e-07, 4.38331309543502e-07, 4.387700796231251e-07, 4.3920928891203715e-07, 4.3964893784988703e-07, 4.400890268767638e-07, 4.4052955643319697e-07, 4.409705269601571e-07, 4.414119388990562e-07, 4.418537926917479e-07, 4.4229608878052845e-07, 4.427388276081366e-07, 4.431820096177544e-07, 4.4362563525300737e-07, 4.440697049579653e-07, 4.4451421917714244e-07, 4.4495917835549795e-07, 4.454045829384364e-07, 4.458504333718082e-07, 4.462967301019101e-07, 4.467434735754856e-07, 4.4719066423972535e-07, 4.476383025422676e-07, 4.480863889311988e-07, 4.4853492385505384e-07, 4.4898390776281667e-07, 4.494333411039206e-07, 4.498832243282488e-07, 4.50333557886135e-07, 4.5078434222836336e-07, 4.5123557780616954e-07, 4.516872650712408e-07, 4.521394044757165e-07, 4.5259199647218867e-07, 4.5304504151370236e-07, 4.5349854005375613e-07, 4.539524925463024e-07, 4.5440689944574816e-07, 4.548617612069551e-07, 4.553170782852403e-07, 4.557728511363767e-07, 4.5622908021659326e-07, 4.5668576598257583e-07, 4.571429088914673e-07, 4.5760050940086815e-07, 4.58058567968837e-07, 4.5851708505389085e-07, 4.5897606111500585e-07, 4.5943549661161746e-07, 4.5989539200362106e-07, 4.6035574775137244e-07, 4.608165643156881e-07, 4.61277842157846e-07, 4.6173958173958557e-07, 4.6220178352310865e-07, 4.6266444797107973e-07, 4.6312757554662634e-07, 4.635911667133397e-07, 4.6405522193527495e-07, 4.645197416769519e-07, 4.6498472640335525e-07, 4.6545017657993517e-07, 4.659160926726078e-07, 4.6638247514775553e-07, 4.6684932447222776e-07, 4.673166411133411e-07, 4.6778442553887996e-07, 4.6825267821709703e-07, 4.6872139961671375e-07, 4.691905902069207e-07, 4.6966025045737804e-07, 4.701303808382163e-07, 4.706009818200363e-07, 4.7107205387391023e-07, 4.7154359747138164e-07, 4.720156130844661e-07, 4.7248810118565174e-07, 4.7296106224789966e-07, 4.734344967446443e-07, 4.739084051497941e-07, 4.7438278793773185e-07, 4.7485764558331515e-07, 4.7533297856187704e-07, 4.7580878734922625e-07, 4.762850724216479e-07, 4.767618342559038e-07, 4.772390733292331e-07, 4.777167901193524e-07, 4.781949851044568e-07, 4.7867365876322e-07, 4.791528115747948e-07, 4.796324440188136e-07, 4.80112556575389e-07, 4.805931497251141e-07, 4.810742239490632e-07, 4.81555779728792e-07, 4.820378175463383e-07, 4.825203378842226e-07, 4.83003341225448e-07, 4.834868280535015e-07, 4.839707988523539e-07, 4.844552541064604e-07, 4.849401943007611e-07, 4.854256199206817e-07, 4.859115314521339e-07, 4.863979293815154e-07, 4.868848141957111e-07, 4.873721863820932e-07, 4.878600464285217e-07, 4.883483948233451e-07, 4.888372320554004e-07, 4.893265586140145e-07, 4.898163749890036e-07, 4.903066816706742e-07, 4.90797479149824e-07, 4.912887679177418e-07, 4.917805484662079e-07, 4.922728212874954e-07, 4.927655868743697e-07, 4.932588457200898e-07, 4.937525983184082e-07, 4.942468451635718e-07, 4.947415867503221e-07, 4.952368235738959e-07, 4.957325561300259e-07, 4.962287849149409e-07, 4.967255104253662e-07, 4.972227331585247e-07, 4.977204536121368e-07, 4.982186722844213e-07, 4.987173896740954e-07, 4.992166062803758e-07, 4.997163226029787e-07, 5.002165391421209e-07, 5.007172563985194e-07, 5.012184748733928e-07, 5.017201950684612e-07, 5.022224174859472e-07, 5.027251426285757e-07, 5.032283709995753e-07, 5.03732103102678e-07, 5.042363394421202e-07, 5.047410805226428e-07, 5.052463268494923e-07, 5.057520789284206e-07, 5.062583372656864e-07, 5.067651023680544e-07, 5.072723747427972e-07, 5.077801548976949e-07, 5.082884433410359e-07, 5.087972405816174e-07, 5.093065471287462e-07, 5.098163634922384e-07, 5.103266901824209e-07, 5.10837527710131e-07, 5.113488765867177e-07, 5.118607373240418e-07, 5.123731104344763e-07, 5.128859964309072e-07, 5.133993958267339e-07, 5.139133091358698e-07, 5.144277368727425e-07, 5.149426795522949e-07, 5.154581376899848e-07, 5.159741118017866e-07, 5.164906024041907e-07, 5.170076100142049e-07, 5.175251351493543e-07, 5.18043178327682e-07, 5.185617400677497e-07, 5.190808208886384e-07, 5.196004213099483e-07, 5.201205418518001e-07, 5.20641183034835e-07, 5.211623453802153e-07, 5.216840294096249e-07, 5.222062356452702e-07, 5.227289646098802e-07, 5.232522168267068e-07, 5.237759928195263e-07, 5.24300293112639e-07, 5.248251182308698e-07, 5.253504686995694e-07, 5.258763450446139e-07, 5.264027477924064e-07, 5.269296774698762e-07, 5.274571346044807e-07, 5.279851197242049e-07, 5.285136333575625e-07, 5.29042676033596e-07, 5.29572248281878e-07, 5.301023506325105e-07, 5.306329836161266e-07, 5.311641477638905e-07, 5.316958436074979e-07, 5.322280716791771e-07, 5.327608325116888e-07, 5.332941266383271e-07, 5.3382795459292e-07, 5.343623169098299e-07, 5.348972141239539e-07, 5.354326467707246e-07, 5.359686153861108e-07, 5.365051205066174e-07, 5.370421626692867e-07, 5.375797424116984e-07, 5.381178602719704e-07, 5.386565167887591e-07, 5.391957125012604e-07, 5.397354479492096e-07, 5.402757236728825e-07, 5.408165402130956e-07, 5.413578981112068e-07]","[10, 4, 0, 0, 2, 23, 23, 5, 3, 3, 5, 1, 5, 5, 0, 3, 5, 1, 2, 1, 1, 2, 5, 4, 0, 1, 0, 2, 2, 5, 4, 5, 1, 0, 0, 4, 3, 0, 1, 7, 0, 5, 6, 0, 3, 5, 5, 4, 4, 0, 3, 4, 1, 5, 4, 5, 1, 5, 2, 5, 2, 4, 4, 5, 0, 3, 2, 0, 4, 5, 0, 7, 7, 0, 2, 0, 3, 4, 2, 3, 1, 0, 4, 0, 3, 4, 5, 1, 1, 5, 5, 2, 4, 6, 0, 0, 3, 0, 4, 4, 0, 4, 4, 0, 2, 0, 4, 1, 4, 3, 3, 1, 1, 0, 4, 2, 1, 4, 5, 3, 0, 3, 6, 4, 0, 3, 1, 0, 5, 7, 0, 4, 3, 0, 2, 5, 5, 2, 5, 1, 3, 3, 1, 1, 2, 2, 0, 4, 4, 3, 5, 2, 4, 3, 0, 8, 6, 0, 6, 2, 0, 2, 5, 0, 5, 3, 4, 3, 0, 4, 2, 1, 5, 4, 1, 3, 0, 2, 2, 5, 5, 3, 4, 7, 0, 6, 8, 0, 2, 2, 0, 3, 1, 0, 2, 2, 1, 0, 5, 2, 0, 1, 0, 2, 3, 0, 4, 3, 5, 4, 1, 0, 3, 0, 0, 3, 7, 0, 1, 0, 0, 2, 3, 0, 3, 3, 1, 0, 4, 2, 2, 0, 1, 3, 3, 3, 1, 3, 1, 1, 5, 3, 9, 4, 0, 2, 2, 0, 0, 0, 0, 1, 2, 0, 5, 3, 4, 3, 2, 1, 4, 5, 4, 5, 1, 1, 4, 4, 1, 3, 1, 1, 3, 4, 0, 8, 9, 0, 0, 4, 0, 5, 5, 0]","{'latency': 3879218456, 'energy': 22015061.1, 'area': 400183000000.0, 'power': 459.9959230769231, 'cnt_pes': 27648, 'l1_mem': 54, 'l2_mem': 4061760, 'edp': 8.540123132908766e+16}",8,1.913989204016652e-07
4,"[0.004      0.004      1.         1.         0.33333333 0.95833333
 0.16666667 1.         0.16666667 0.83333333 0.66666667 0.66666667
 0.16666667 0.16666667 0.66666667 1.         0.16666667 0.5
 0.5        0.5        0.33333333 0.33333333 0.33333333 0.5
 0.5        0.5        0.16666667 0.83333333 0.66666667 1.
 0.66666667 1.         1.         0.33333333 1.         0.25
 0.03125    1.         0.33333333 0.0045045  1.         0.0045045
 0.00900901 1.         0.33333333 0.66666667 0.83333333 0.5
 0.33333333 0.16666667 0.66666667 0.5        0.5        0.66666667
 0.66666667 0.16666667 0.16666667 1.         0.83333333 0.83333333
 0.83333333 0.5        1.         0.25       1.         0.015625
 0.25       1.         0.0045045  0.00900901 1.         1.
 0.02702703 1.         0.16666667 0.33333333 0.83333333 0.66666667
 0.83333333 0.5        0.66666667 0.16666667 0.16666667 0.83333333
 0.83333333 0.66666667 1.         0.16666667 0.66666667 0.5
 1.         0.66666667 0.25       0.5        1.         0.25
 0.5        1.         1.         0.1        1.         1.
 1.         1.         0.66666667 0.16666667 1.         0.83333333
 0.66666667 0.66666667 0.83333333 0.83333333 1.         0.83333333
 0.66666667 0.83333333 1.         0.33333333 0.33333333 0.16666667
 0.83333333 0.5        0.015625   0.125      1.         0.25
 0.0625     1.         1.         0.1        1.         0.1
 0.01818182 1.         0.16666667 0.16666667 0.66666667 1.
 0.5        0.33333333 0.33333333 0.66666667 0.33333333 1.
 0.83333333 0.5        0.5        0.66666667 0.5        0.66666667
 0.33333333 1.         0.5        0.0078125  1.         0.0625
 0.5        1.         0.11111111 1.         1.         1.
 0.05555556 1.         0.66666667 1.         0.33333333 0.66666667
 0.16666667 1.         0.33333333 1.         0.5        0.33333333
 0.33333333 0.5        1.         0.66666667 0.5        0.66666667
 0.33333333 0.33333333 1.         0.125      1.         0.00390625
 1.         1.         0.01851852 0.05555556 1.         0.05555556
 0.33333333 1.         1.         1.         0.83333333 1.
 0.66666667 1.         0.16666667 0.66666667 1.         1.
 1.         0.16666667 1.         0.16666667 0.66666667 0.33333333
 0.66666667 0.5        0.25       0.125      1.         0.0078125
 0.00390625 1.         0.03846154 0.03846154 1.         0.07692308
 1.         1.         0.33333333 0.16666667 0.16666667 0.83333333
 0.83333333 0.16666667 0.16666667 0.5        0.83333333 1.
 0.66666667 0.16666667 1.         0.66666667 0.66666667 0.16666667
 1.         0.16666667 0.03125    0.015625   1.         0.0625
 1.         1.         0.07692308 0.03846154 1.         1.
 0.03846154 1.         1.         0.66666667 0.33333333 0.33333333
 0.16666667 0.33333333 0.16666667 0.83333333 0.66666667 0.16666667
 1.         1.         0.83333333 0.66666667 0.16666667 0.83333333
 0.33333333 0.5        1.         0.00195312 1.         0.125
 0.00390625 1.         0.5        0.16666667 1.         0.5
 0.16666667 1.        ]",9.287926353837173,"[6.9976453982184035, 7.0046500482666705, 7.011661709976647, 7.018680390367014, 7.025706096463478, 7.032738835298776, 7.039778613912689, 7.046825439352041, 7.053879318670711, 7.060940258929641, 7.068008267196838, 7.075083350547385, 7.082165516063449, 7.089254770834283, 7.096351121956239, 7.103454576532772, 7.110565141674447, 7.117682824498946, 7.124807632131077, 7.131939571702779, 7.139078650353133, 7.146224875228361, 7.153378253481843, 7.160538792274116, 7.16770649877289, 7.174881380153042, 7.182063443596639, 7.1892526962929315, 7.19644914543837, 7.2036527982366065, 7.210863661898505, 7.218081743642147, 7.225307050692839, 7.232539590283122, 7.239779369652775, 7.247026396048823, 7.254280676725549, 7.261542218944493, 7.268811029974468, 7.276087117091559, 7.2833704875791385, 7.2906611487278665, 7.297959107835703, 7.305264372207911, 7.312576949157068, 7.31989684600307, 7.327224070073143, 7.334558628701845, 7.341900529231076, 7.349249779010086, 7.356606385395482, 7.363970355751233, 7.371341697448682, 7.378720417866549, 7.386106524390939, 7.393500024415355, 7.400900925340696, 7.408309234575271, 7.415724959534806, 7.423148107642449, 7.4305786863287775, 7.438016703031809, 7.445462165197006, 7.452915080277283, 7.460375455733017, 7.467843299032049, 7.475318617649699, 7.4828014190687675, 7.490291710779547, 7.497789500279827, 7.505294795074902, 7.512807602677579, 7.520327930608188, 7.527855786394582, 7.535391177572154, 7.542934111683838, 7.550484596280118, 7.558042638919037, 7.565608247166203, 7.573181428594798, 7.580762190785584, 7.588350541326911, 7.595946487814725, 7.603550037852577, 7.611161199051629, 7.618779979030659, 7.626406385416075, 7.634040425841917, 7.641682107949867, 7.649331439389257, 7.6569884278170735, 7.664653080897971, 7.672325406304275, 7.6800054117159915, 7.687693104820812, 7.695388493314126, 7.703091584899025, 7.710802387286312, 7.718520908194506, 7.7262471553498555, 7.733981136486342, 7.741722859345688, 7.7494723316773655, 7.757229561238604, 7.764994555794398, 7.772767323117515, 7.780547870988504, 7.7883362071957, 7.796132339535235, 7.803936275811045, 7.81174802383488, 7.819567591426306, 7.8273949864127195, 7.835230216629349, 7.8430732899192686, 7.850924214133402, 7.8587829971305325, 7.86664964677731, 7.874524170948258, 7.882406577525784, 7.8902968744001845, 7.898195069469654, 7.906101170640294, 7.914015185826121, 7.921937122949069, 7.929866989939009, 7.937804794733743, 7.945750545279021, 7.95370424952855, 7.9616659154439935, 7.9696355509949885, 7.9776131641591475, 7.98559876292207, 7.993592355277348, 8.001593949226574, 8.009603552779353, 8.017621173953307, 8.025646820774082, 8.033680501275358, 8.041722223498857, 8.049771995494352, 8.057829825319672, 8.065895721040713, 8.073969690731444, 8.082051742473917, 8.090141884358275, 8.098240124482757, 8.10634647095371, 8.114460931885596, 8.122583515400997, 8.130714229630629, 8.138853082713341, 8.147000082796138, 8.155155238034173, 8.163318556590763, 8.1714900466374, 8.179669716353754, 8.187857573927682, 8.196053627555237, 8.204257885440677, 8.212470355796475, 8.220691046843317, 8.228919966810126, 8.237157123934061, 8.245402526460522, 8.253656182643164, 8.261918100743907, 8.27018828903294, 8.27846675578873, 8.286753509298027, 8.295048557855882, 8.303351909765647, 8.311663573338986, 8.319983556895883, 8.328311868764647, 8.33664851728193, 8.344993510792722, 8.353346857650372, 8.361708566216588, 8.370078644861449, 8.378457101963413, 8.386843945909321, 8.395239185094416, 8.403642827922338, 8.412054882805144, 8.420475358163307, 8.428904262425732, 8.437341604029761, 8.445787391421183, 8.454241633054236, 8.462704337391628, 8.471175512904532, 8.479655168072604, 8.488143311383988, 8.496639951335323, 8.505145096431756, 8.513658755186942, 8.522180936123064, 8.530711647770834, 8.539250898669504, 8.54779869736687, 8.55635505241929, 8.564919972391682, 8.573493465857538, 8.582075541398938, 8.590666207606544, 8.599265473079624, 8.60787334642605, 8.616489836262312, 8.625114951213526, 8.63374869991344, 8.642391091004445, 8.651042133137583, 8.659701834972555, 8.668370205177732, 8.677047252430162, 8.685732985415578, 8.694427412828407, 8.70313054337178, 8.711842385757537, 8.720562948706243, 8.72929224094719, 8.738030271218408, 8.746777048266674, 8.755532580847522, 8.764296877725247, 8.77306994767292, 8.781851799472392, 8.790642441914306, 8.799441883798105, 8.808250133932036, 8.817067201133169, 8.825893094227396, 8.834727822049446, 8.84357139344289, 8.85242381726015, 8.861285102362512, 8.870155257620132, 8.879034291912044, 8.88792221412617, 8.89681903315933, 8.905724757917248, 8.914639397314563, 8.923562960274838, 8.93249545573057, 8.941436892623193, 8.950387279903095, 8.959346626529625, 8.968314941471096, 8.977292233704802, 8.98627851221702, 8.995273786003022, 9.004278064067089, 9.013291355422512, 9.022313669091604, 9.03134501410571, 9.040385399505215, 9.049434834339555, 9.058493327667223, 9.067560888555779, 9.07663752608186, 9.085723249331192, 9.09481806739859, 9.103921989387977, 9.11303502441239, 9.122157181593984, 9.131288470064048, 9.14042889896301, 9.149578477440452, 9.158737214655106, 9.16790511977488, 9.177082201976857, 9.186268470447304, 9.195463934381687, 9.204668602984672, 9.213882485470142, 9.223105591061204, 9.232337928990194, 9.241579508498694, 9.250830338837531, 9.260090429266798, 9.269359789055853, 9.278638427483337, 9.287926353837173]","[6, 3, 0, 0, 0, 22, 3, 23, 0, 4, 3, 3, 0, 0, 3, 5, 0, 2, 2, 2, 1, 1, 1, 2, 2, 2, 0, 4, 3, 5, 3, 5, 1, 0, 0, 4, 1, 0, 5, 0, 0, 0, 1, 0, 1, 3, 4, 2, 1, 0, 3, 2, 2, 3, 3, 0, 0, 5, 4, 4, 4, 2, 6, 4, 0, 0, 4, 0, 0, 1, 0, 7, 3, 0, 0, 1, 4, 3, 4, 2, 3, 0, 0, 4, 4, 3, 5, 0, 3, 2, 5, 3, 4, 5, 0, 5, 6, 0, 7, 4, 0, 7, 7, 0, 3, 0, 5, 4, 3, 3, 4, 4, 5, 4, 3, 4, 5, 1, 1, 0, 4, 2, 1, 4, 0, 5, 3, 0, 7, 4, 0, 4, 1, 0, 0, 0, 3, 5, 2, 1, 1, 3, 1, 5, 4, 2, 2, 3, 2, 3, 1, 5, 6, 0, 0, 4, 7, 0, 3, 7, 0, 7, 2, 0, 3, 5, 1, 3, 0, 5, 1, 5, 2, 1, 1, 2, 5, 3, 2, 3, 1, 1, 8, 5, 0, 0, 8, 0, 0, 2, 0, 2, 5, 0, 5, 5, 4, 5, 3, 5, 0, 3, 5, 5, 5, 0, 5, 0, 3, 1, 3, 2, 6, 5, 0, 2, 1, 0, 0, 0, 0, 1, 3, 0, 1, 0, 0, 4, 4, 0, 0, 2, 4, 5, 3, 0, 5, 3, 3, 0, 5, 0, 4, 3, 0, 5, 9, 0, 1, 0, 0, 3, 0, 0, 5, 3, 1, 1, 0, 1, 0, 4, 3, 0, 5, 5, 4, 3, 0, 4, 1, 2, 9, 0, 0, 6, 1, 0, 4, 1, 0, 4, 1, 0]","{'latency': 330499826, 'energy': 43881777.0, 'area': 20377500.0, 'power': 0.22213000000000005, 'cnt_pes': 48, 'l1_mem': 54, 'l2_mem': 978, 'edp': 1.4502919663070802e+16}",85,1.0133958468008106
5,"[1.25000000e-04 2.00000000e-03 1.00000000e+00 1.00000000e+00
 3.33333333e-01 1.25000000e-01 1.25000000e-01 7.91666667e-01
 1.00000000e+00 1.66666667e-01 1.00000000e+00 6.66666667e-01
 5.00000000e-01 1.00000000e+00 3.33333333e-01 5.00000000e-01
 1.00000000e+00 8.33333333e-01 1.00000000e+00 1.66666667e-01
 3.33333333e-01 1.66666667e-01 3.33333333e-01 5.00000000e-01
 1.00000000e+00 1.66666667e-01 5.00000000e-01 1.66666667e-01
 3.33333333e-01 3.33333333e-01 8.33333333e-01 1.00000000e+00
 1.00000000e+00 1.00000000e+00 1.00000000e+00 2.50000000e-01
 5.00000000e-01 1.00000000e+00 3.33333333e-01 3.33333333e-01
 1.00000000e+00 4.50450450e-03 4.50450450e-03 1.00000000e+00
 1.00000000e+00 1.00000000e+00 1.00000000e+00 1.66666667e-01
 1.66666667e-01 1.66666667e-01 6.66666667e-01 5.00000000e-01
 8.33333333e-01 3.33333333e-01 3.33333333e-01 6.66666667e-01
 8.33333333e-01 1.00000000e+00 8.33333333e-01 1.66666667e-01
 3.33333333e-01 5.00000000e-01 3.12500000e-02 1.00000000e+00
 1.00000000e+00 5.00000000e-01 3.12500000e-02 1.00000000e+00
 1.00000000e+00 1.66666667e-01 1.00000000e+00 4.50450450e-03
 4.50450450e-03 1.00000000e+00 1.00000000e+00 8.33333333e-01
 3.33333333e-01 5.00000000e-01 3.33333333e-01 1.66666667e-01
 1.00000000e+00 5.00000000e-01 1.66666667e-01 8.33333333e-01
 5.00000000e-01 1.66666667e-01 8.33333333e-01 5.00000000e-01
 6.66666667e-01 1.00000000e+00 1.66666667e-01 5.00000000e-01
 5.00000000e-01 6.25000000e-02 1.00000000e+00 3.12500000e-02
 1.00000000e+00 1.00000000e+00 1.00000000e+00 5.00000000e-01
 1.00000000e+00 5.00000000e-01 4.54545455e-02 1.00000000e+00
 5.00000000e-01 1.00000000e+00 6.66666667e-01 1.00000000e+00
 1.66666667e-01 3.33333333e-01 1.00000000e+00 8.33333333e-01
 3.33333333e-01 3.33333333e-01 5.00000000e-01 1.66666667e-01
 8.33333333e-01 8.33333333e-01 1.66666667e-01 1.66666667e-01
 6.66666667e-01 1.66666667e-01 2.50000000e-01 1.25000000e-01
 1.00000000e+00 3.12500000e-02 7.81250000e-03 1.00000000e+00
 9.09090909e-02 1.00000000e-01 1.00000000e+00 1.81818182e-02
 1.00000000e-01 1.00000000e+00 6.66666667e-01 3.33333333e-01
 1.00000000e+00 3.33333333e-01 1.66666667e-01 1.66666667e-01
 5.00000000e-01 1.66666667e-01 5.00000000e-01 1.00000000e+00
 5.00000000e-01 1.00000000e+00 8.33333333e-01 1.00000000e+00
 8.33333333e-01 3.33333333e-01 6.66666667e-01 5.00000000e-01
 3.12500000e-02 7.81250000e-03 1.00000000e+00 2.50000000e-01
 6.25000000e-02 1.00000000e+00 1.11111111e-01 3.70370370e-02
 1.00000000e+00 1.66666667e-01 5.00000000e-01 1.00000000e+00
 1.00000000e+00 1.00000000e+00 1.00000000e+00 1.00000000e+00
 1.66666667e-01 8.33333333e-01 1.66666667e-01 5.00000000e-01
 5.00000000e-01 6.66666667e-01 6.66666667e-01 3.33333333e-01
 1.00000000e+00 8.33333333e-01 3.33333333e-01 1.00000000e+00
 3.33333333e-01 1.00000000e+00 3.90625000e-03 5.00000000e-01
 1.00000000e+00 1.00000000e+00 3.90625000e-03 1.00000000e+00
 5.55555556e-02 5.55555556e-02 1.00000000e+00 1.11111111e-01
 5.00000000e-01 1.00000000e+00 5.00000000e-01 1.66666667e-01
 1.00000000e+00 5.00000000e-01 6.66666667e-01 5.00000000e-01
 1.00000000e+00 5.00000000e-01 1.00000000e+00 1.66666667e-01
 5.00000000e-01 1.66666667e-01 6.66666667e-01 1.66666667e-01
 3.33333333e-01 3.33333333e-01 6.66666667e-01 8.33333333e-01
 3.12500000e-02 3.90625000e-03 1.00000000e+00 3.12500000e-02
 1.00000000e+00 1.00000000e+00 3.84615385e-02 3.84615385e-02
 1.00000000e+00 7.69230769e-02 7.69230769e-02 1.00000000e+00
 3.33333333e-01 6.66666667e-01 8.33333333e-01 8.33333333e-01
 6.66666667e-01 5.00000000e-01 6.66666667e-01 1.66666667e-01
 5.00000000e-01 6.66666667e-01 6.66666667e-01 5.00000000e-01
 3.33333333e-01 3.33333333e-01 3.33333333e-01 3.33333333e-01
 3.33333333e-01 5.00000000e-01 1.00000000e+00 3.12500000e-02
 1.00000000e+00 6.25000000e-02 1.95312500e-03 1.00000000e+00
 3.84615385e-02 3.84615385e-02 1.00000000e+00 5.00000000e-01
 3.84615385e-02 1.00000000e+00 1.00000000e+00 1.00000000e+00
 3.33333333e-01 1.00000000e+00 8.33333333e-01 1.00000000e+00
 6.66666667e-01 8.33333333e-01 6.66666667e-01 8.33333333e-01
 6.66666667e-01 6.66666667e-01 8.33333333e-01 1.00000000e+00
 1.66666667e-01 1.66666667e-01 3.33333333e-01 5.00000000e-01
 6.25000000e-02 3.12500000e-02 1.00000000e+00 1.25000000e-01
 7.81250000e-03 1.00000000e+00 1.66666667e-01 1.00000000e+00
 1.00000000e+00 2.50000000e-01 1.66666667e-01 1.00000000e+00]",6.519073377122756,"[4.911555290188609, 4.91647176195056, 4.921393155105665, 4.926319474580246, 4.931250725305551, 4.936186912217769, 4.941128040258027, 4.9460741143724, 4.951025139511912, 4.955981120632544, 4.960942062695239, 4.9659079706659055, 4.970878849515421, 4.97585470421964, 4.9808355397594, 4.985821361120521, 4.990812173293815, 4.99580798127509, 5.000808790065155, 5.005814604669824, 5.010825430099924, 5.015841271371295, 5.0208621335048, 5.025888021526327, 5.030918940466793, 5.035954895362155, 5.0409958912534085, 5.046041933186595, 5.051093026212808, 5.056149175388196, 5.06121038577397, 5.066276662436406, 5.071348010446854, 5.076424434881735, 5.081505940822558, 5.086592533355914, 5.091684217573487, 5.09678099857206, 5.101882881453513, 5.106989871324838, 5.112101973298135, 5.117219192490626, 5.12234153402465, 5.127469003027677, 5.13260160463231, 5.137739343976286, 5.142882226202489, 5.148030256458948, 5.1531834398988465, 5.1583417816805275, 5.163505286967495, 5.168673960928423, 5.17384780873716, 5.179026835572733, 5.184211046619352, 5.189400447066419, 5.194595042108527, 5.199794836945473, 5.204999836782255, 5.210210046829084, 5.215425472301385, 5.220646118419805, 5.225871990410215, 5.231103093503719, 5.2363394329366555, 5.241581013950606, 5.246827841792398, 5.252079921714112, 5.257337258973085, 5.262599858831917, 5.2678677265584755, 5.2731408674259015, 5.278419286712614, 5.283702989702316, 5.288991981684, 5.294286267951952, 5.299585853805757, 5.304890744550307, 5.310200945495803, 5.315516461957761, 5.320837299257017, 5.326163462719737, 5.331494957677415, 5.336831789466882, 5.342173963430312, 5.3475214849152275, 5.352874359274502, 5.358232591866368, 5.363596188054422, 5.36896515320763, 5.37433949270033, 5.379719211912242, 5.38510431622847, 5.39049481103951, 5.3958907017412505, 5.4012919937349855, 5.406698692427413, 5.412110803230643, 5.417528331562205, 5.42295128284505, 5.428379662507558, 5.433813475983541, 5.439252728712254, 5.444697426138392, 5.450147573712104, 5.455603176888993, 5.461064241130123, 5.4665307719020255, 5.472002774676702, 5.477480254931634, 5.482963218149783, 5.488451669819603, 5.493945615435038, 5.499445060495534, 5.50495001050604, 5.510460470977017, 5.515976447424441, 5.521497945369811, 5.527024970340151, 5.532557527868019, 5.538095623491511, 5.543639262754265, 5.54918845120547, 5.554743194399871, 5.560303497897769, 5.565869367265034, 5.571440808073107, 5.577017825899006, 5.582600426325331, 5.588188614940271, 5.593782397337608, 5.599381779116725, 5.604986765882607, 5.610597363245853, 5.616213576822676, 5.621835412234911, 5.627462875110021, 5.633095971081103, 5.63873470578689, 5.644379084871762, 5.650029113985748, 5.655684798784533, 5.661346144929462, 5.66701315808755, 5.672685843931482, 5.678364208139621, 5.684048256396017, 5.689737994390407, 5.695433427818226, 5.701134562380607, 5.706841403784391, 5.7125539577421325, 5.718272229972104, 5.723996226198302, 5.729725952150453, 5.735461413564017, 5.741202616180197, 5.746949565745943, 5.752702268013957, 5.758460728742699, 5.764224953696396, 5.769994948645041, 5.775770719364406, 5.781552271636042, 5.7873396112472895, 5.793132743991281, 5.798931675666948, 5.804736412079027, 5.810546959038065, 5.816363322360425, 5.822185507868293, 5.828013521389683, 5.833847368758441, 5.839687055814255, 5.845532588402658, 5.851383972375032, 5.857241213588621, 5.863104317906528, 5.868973291197725, 5.874848139337062, 5.880728868205267, 5.886615483688956, 5.892507991680637, 5.898406398078716, 5.904310708787504, 5.910220929717221, 5.916137066784005, 5.9220591259099145, 5.927987113022938, 5.933921034056994, 5.939860894951947, 5.9458067016536, 5.951758460113714, 5.957716176290004, 5.96367985614615, 5.969649505651802, 5.975625130782585, 5.981606737520105, 5.987594331851957, 5.993587919771729, 5.999587507279008, 6.005593100379388, 6.011604705084472, 6.017622327411884, 6.0236459733852685, 6.029675649034303, 6.035711360394697, 6.041753113508205, 6.047800914422628, 6.05385476919182, 6.059914683875696, 6.065980664540236, 6.072052717257494, 6.078130848105599, 6.0842150631687675, 6.0903053685373045, 6.0964017703076125, 6.102504274582195, 6.108612887469665, 6.11472761508475, 6.120848463548298, 6.1269754389872855, 6.13310854753482, 6.13924779533015, 6.145393188518669, 6.151544733251921, 6.157702435687608, 6.163866301989597, 6.170036338327925, 6.176212550878804, 6.182394945824629, 6.188583529353982, 6.194778307661644, 6.200979286948592, 6.207186473422015, 6.21339987329531, 6.219619492788098, 6.225845338126224, 6.232077415541767, 6.2383157312730395, 6.244560291564604, 6.250811102667272, 6.25706817083811, 6.263331502340451, 6.269601103443895, 6.27587698042432, 6.282159139563884, 6.288447587151035, 6.294742329480515, 6.301043372853369, 6.3073507235769455, 6.31366438796491, 6.319984372337247, 6.326310683020267, 6.332643326346614, 6.338982308655269, 6.345327636291561, 6.351679315607168, 6.358037352960128, 6.364401754714843, 6.370772527242084, 6.377149676919004, 6.383533210129133, 6.389923133262395, 6.396319452715111, 6.402722174890001, 6.409131306196197, 6.415546853049246, 6.4219688218711175, 6.428397219090208, 6.434832051141349, 6.441273324465815, 6.447721045511326, 6.454175220732058, 6.460635856588646, 6.467102959548194, 6.473576536084279, 6.480056592676956, 6.486543135812768, 6.493036171984753, 6.499535707692445, 6.506041749441887, 6.512554303745633, 6.519073377122756]","[1, 2, 0, 0, 0, 2, 2, 18, 5, 0, 5, 3, 2, 5, 1, 2, 5, 4, 5, 0, 1, 0, 1, 2, 5, 0, 2, 0, 1, 1, 4, 5, 1, 1, 0, 4, 5, 0, 5, 5, 0, 0, 0, 0, 5, 5, 5, 0, 0, 0, 3, 2, 4, 1, 1, 3, 4, 5, 4, 0, 1, 2, 1, 6, 0, 5, 1, 0, 7, 4, 0, 0, 0, 0, 5, 4, 1, 2, 1, 0, 5, 2, 0, 4, 2, 0, 4, 2, 3, 5, 0, 2, 5, 2, 0, 2, 7, 0, 7, 6, 0, 6, 2, 0, 2, 5, 3, 5, 0, 1, 5, 4, 1, 1, 2, 0, 4, 4, 0, 0, 3, 0, 5, 4, 0, 2, 0, 0, 3, 4, 0, 1, 4, 0, 3, 1, 5, 1, 0, 0, 2, 0, 2, 5, 2, 5, 4, 5, 4, 1, 3, 2, 2, 0, 0, 6, 4, 0, 3, 1, 0, 4, 6, 0, 5, 5, 5, 5, 0, 4, 0, 2, 2, 3, 3, 1, 5, 4, 1, 5, 1, 5, 0, 7, 0, 8, 0, 0, 2, 2, 0, 3, 6, 0, 2, 0, 5, 2, 3, 2, 5, 2, 5, 0, 2, 0, 3, 0, 1, 1, 3, 4, 3, 0, 0, 4, 9, 0, 0, 0, 0, 1, 1, 0, 1, 3, 4, 4, 3, 2, 3, 0, 2, 3, 3, 2, 1, 1, 1, 1, 1, 2, 9, 4, 0, 5, 0, 0, 0, 0, 0, 2, 0, 0, 5, 5, 1, 5, 4, 5, 3, 4, 3, 4, 3, 3, 4, 5, 0, 0, 1, 2, 5, 4, 0, 6, 2, 0, 1, 5, 0, 2, 1, 0]","{'latency': 470873369, 'energy': 49855518.0, 'area': 16093500.0, 'power': 0.1786386153846154, 'cnt_pes': 38, 'l1_mem': 54, 'l2_mem': 1370, 'edp': 2.3475635723900144e+16}",39,1.0438871843985613
6,"[0.5        0.128      1.         1.         0.66666667 0.95833333
 0.45833333 0.29166667 0.5        1.         1.         0.83333333
 0.5        1.         0.83333333 0.83333333 0.5        0.83333333
 0.5        0.16666667 0.83333333 0.33333333 0.5        0.83333333
 1.         0.33333333 0.83333333 0.16666667 0.83333333 0.33333333
 0.83333333 1.         1.         1.         1.         0.25
 0.5        1.         0.16666667 0.0045045  1.         0.02702703
 0.00900901 1.         0.16666667 0.5        0.66666667 0.5
 0.16666667 0.5        0.66666667 0.83333333 0.16666667 0.66666667
 0.5        0.33333333 1.         0.83333333 0.16666667 1.
 1.         0.83333333 0.5        0.03125    1.         0.25
 0.0625     1.         0.02702703 0.33333333 1.         1.
 0.0045045  1.         0.33333333 0.5        1.         0.83333333
 0.5        0.16666667 1.         1.         0.33333333 0.83333333
 0.5        0.83333333 0.83333333 0.5        0.33333333 0.5
 0.33333333 0.66666667 0.25       0.125      1.         0.03125
 0.5        1.         0.5        0.01818182 1.         0.5
 0.5        1.         1.         0.5        0.66666667 0.33333333
 0.83333333 0.16666667 1.         1.         0.83333333 0.16666667
 0.16666667 0.33333333 0.5        0.66666667 0.5        0.66666667
 1.         0.33333333 0.03125    0.125      1.         0.0078125
 0.125      1.         1.         0.1        1.         0.04545455
 0.01818182 1.         0.33333333 1.         0.66666667 1.
 1.         0.33333333 0.5        0.33333333 0.83333333 0.33333333
 0.5        0.16666667 0.83333333 1.         0.33333333 1.
 1.         1.         1.         1.         1.         0.5
 0.0625     1.         0.16666667 0.11111111 1.         0.5
 0.11111111 1.         0.66666667 1.         0.83333333 0.66666667
 0.16666667 1.         0.33333333 0.5        0.5        0.33333333
 0.33333333 0.5        0.16666667 0.5        0.83333333 0.16666667
 0.33333333 1.         1.         1.         1.         0.0078125
 0.125      1.         1.         1.         1.         0.16666667
 1.         1.         0.5        1.         1.         1.
 0.83333333 0.5        0.33333333 0.16666667 0.33333333 0.83333333
 1.         0.16666667 0.66666667 1.         1.         0.83333333
 0.66666667 0.83333333 0.00390625 0.125      1.         0.0625
 0.0078125  1.         0.07692308 1.         1.         0.07692308
 0.07692308 1.         0.66666667 1.         0.5        0.83333333
 0.16666667 0.33333333 0.16666667 0.33333333 0.66666667 0.83333333
 0.83333333 0.33333333 0.33333333 0.83333333 0.33333333 1.
 0.33333333 0.83333333 0.03125    0.03125    1.         0.03125
 0.015625   1.         0.07692308 0.5        1.         0.03846154
 0.03846154 1.         1.         0.66666667 0.83333333 0.5
 0.66666667 1.         0.83333333 1.         0.33333333 0.5
 0.16666667 0.33333333 0.83333333 0.16666667 0.33333333 0.66666667
 0.16666667 0.33333333 0.00195312 0.015625   1.         0.125
 1.         1.         0.33333333 0.5        1.         0.08333333
 0.16666667 1.        ]",13.785171433903399,"[10.385928760971842, 10.3963250860579, 10.406731817875775, 10.417148966842618, 10.427576543386003, 10.438014557943948, 10.448463020964914, 10.458921942907821, 10.469391334242063, 10.47987120544751, 10.490361567014526, 10.50086242944397, 10.511373803247217, 10.521895698946164, 10.532428127073237, 10.542971098171408, 10.553524622794203, 10.56408871150571, 10.57466337488059, 10.585248623504095, 10.595844467972066, 10.606450918890957, 10.617067986877835, 10.627695682560395, 10.638334016576971, 10.648982999576548, 10.659642642218767, 10.67031295517394, 10.680993949123064, 10.691685634757821, 10.702388022780601, 10.713101123904506, 10.723824948853359, 10.734559508361722, 10.745304813174897, 10.756060874048947, 10.766827701750698, 10.777605307057755, 10.788393700758514, 10.799192893652165, 10.810002896548713, 10.820823720268983, 10.831655375644628, 10.842497873518147, 10.85335122474289, 10.864215440183072, 10.875090530713786, 10.885976507221008, 10.89687338060161, 10.907781161763374, 10.918699861624999, 10.929629491116115, 10.940570061177292, 10.951521582760051, 10.962484066826878, 10.973457524351229, 10.984441966317547, 10.995437403721269, 11.006443847568837, 11.017461308877715, 11.028489798676391, 11.039529328004395, 11.050579907912308, 11.06164154946177, 11.072714263725496, 11.083798061787283, 11.094892954742024, 11.10599895369572, 11.117116069765485, 11.128244314079565, 11.139383697777342, 11.15053423200935, 11.161695927937288, 11.172868796734022, 11.184052849583606, 11.195248097681288, 11.206454552233522, 11.21767222445798, 11.228901125583564, 11.240141266850413, 11.251392659509923, 11.262655314824748, 11.273929244068817, 11.285214458527344, 11.296510969496842, 11.307818788285127, 11.319137926211338, 11.330468394605944, 11.341810204810756, 11.353163368178935, 11.36452789607501, 11.375903799874886, 11.387291090965851, 11.398689780746597, 11.410099880627225, 11.421521402029255, 11.43295435638564, 11.44439875514078, 11.45585460975053, 11.467321931682212, 11.478800732414626, 11.490291023438065, 11.50179281625432, 11.513306122376695, 11.524830953330026, 11.536367320650676, 11.547915235886563, 11.559474710597161, 11.571045756353515, 11.582628384738253, 11.5942226073456, 11.605828435781381, 11.617445881663045, 11.629074956619665, 11.640715672291956, 11.652368040332288, 11.664032072404693, 11.675707780184878, 11.687395175360239, 11.69909426962987, 11.710805074704574, 11.722527602306881, 11.734261864171053, 11.746007872043096, 11.757765637680777, 11.76953517285363, 11.781316489342972, 11.793109598941914, 11.804914513455369, 11.816731244700069, 11.828559804504573, 11.840400204709283, 11.852252457166449, 11.864116573740189, 11.875992566306495, 11.887880446753249, 11.899780226980228, 11.911691918899127, 11.92361553443356, 11.93555108551908, 11.947498584103183, 11.959458042145329, 11.971429471616945, 11.983412884501446, 11.99540829279424, 12.007415708502743, 12.019435143646389, 12.031466610256645, 12.043510120377022, 12.055565686063085, 12.067633319382468, 12.079713032414883, 12.091804837252136, 12.103908745998133, 12.116024770768902, 12.128152923692594, 12.140293216909503, 12.152445662572076, 12.16461027284492, 12.176787059904825, 12.188976035940765, 12.201177213153919, 12.213390603757677, 12.225616219977654, 12.237854074051706, 12.250104178229936, 12.26236654477471, 12.274641185960672, 12.286928114074746, 12.299227341416161, 12.311538880296458, 12.323862743039498, 12.33619894198148, 12.348547489470953, 12.36090839786882, 12.37328167954837, 12.385667346895266, 12.398065412307574, 12.41047588819577, 12.422898786982753, 12.435334121103857, 12.447781903006863, 12.460242145152016, 12.472714860012028, 12.4852000600721, 12.497697757829929, 12.510207965795725, 12.522730696492218, 12.535265962454673, 12.547813776230903, 12.560374150381284, 12.572947097478762, 12.58553263010887, 12.59813076086974, 12.610741502372113, 12.623364867239353, 12.63600086810746, 12.648649517625087, 12.66131082845354, 12.673984813266808, 12.686671484751558, 12.699370855607166, 12.712082938545711, 12.724807746292003, 12.737545291583587, 12.750295587170758, 12.763058645816574, 12.775834480296872, 12.788623103400273, 12.801424527928202, 12.814238766694896, 12.827065832527422, 12.839905738265688, 12.852758496762451, 12.865624120883334, 12.87850262350684, 12.891394017524364, 12.904298315840204, 12.917215531371577, 12.930145677048625, 12.943088765814439, 12.956044810625064, 12.969013824449513, 12.981995820269784, 12.994990811080864, 13.007998809890754, 13.021019829720474, 13.034053883604079, 13.047100984588667, 13.060161145734401, 13.073234380114515, 13.08632070081533, 13.099420120936266, 13.112532653589856, 13.125658311901757, 13.138797109010769, 13.151949058068837, 13.165114172241077, 13.178292464705784, 13.191483948654438, 13.20468863729173, 13.217906543835564, 13.231137681517081, 13.244382063580662, 13.257639703283946, 13.270910613897843, 13.28419480870655, 13.297492301007557, 13.310803104111669, 13.324127231343011, 13.337464696039051, 13.350815511550602, 13.364179691241844, 13.377557248490335, 13.390948196687022, 13.404352549236258, 13.417770319555814, 13.43120152107689, 13.444646167244134, 13.45810427151565, 13.471575847363013, 13.485060908271285, 13.498559467739025, 13.512071539278303, 13.525597136414717, 13.539136272687404, 13.552688961649054, 13.566255216865919, 13.579835051917836, 13.593428480398234, 13.607035515914149, 13.620656172086235, 13.634290462548783, 13.647938400949734, 13.661600000950685, 13.675275276226913, 13.68896424046738, 13.702666907374754, 13.71638329066542, 13.730113404069488, 13.743857261330819, 13.757614876207025, 13.771386262469495, 13.785171433903399]","[13, 8, 0, 0, 1, 22, 10, 6, 2, 5, 5, 4, 2, 5, 4, 4, 2, 4, 2, 0, 4, 1, 2, 4, 5, 1, 4, 0, 4, 1, 4, 5, 1, 1, 0, 4, 5, 0, 4, 0, 0, 3, 1, 0, 0, 2, 3, 2, 0, 2, 3, 4, 0, 3, 2, 1, 5, 4, 0, 5, 5, 4, 5, 1, 0, 4, 2, 0, 3, 5, 0, 7, 0, 0, 1, 2, 5, 4, 2, 0, 5, 5, 1, 4, 2, 4, 4, 2, 1, 2, 1, 3, 4, 3, 0, 2, 6, 0, 6, 1, 0, 6, 6, 0, 5, 2, 3, 1, 4, 0, 5, 5, 4, 0, 0, 1, 2, 3, 2, 3, 5, 1, 2, 4, 0, 0, 4, 0, 7, 4, 0, 2, 1, 0, 1, 5, 3, 5, 5, 1, 2, 1, 4, 1, 2, 0, 4, 5, 1, 5, 5, 5, 7, 7, 0, 7, 4, 0, 4, 3, 0, 6, 3, 0, 3, 5, 4, 3, 0, 5, 1, 2, 2, 1, 1, 2, 0, 2, 4, 0, 1, 5, 8, 8, 0, 1, 5, 0, 7, 7, 0, 4, 7, 0, 2, 5, 5, 5, 4, 2, 1, 0, 1, 4, 5, 0, 3, 5, 5, 4, 3, 4, 0, 5, 0, 5, 2, 0, 1, 3, 0, 1, 1, 0, 3, 5, 2, 4, 0, 1, 0, 1, 3, 4, 4, 1, 1, 4, 1, 5, 1, 4, 4, 4, 0, 4, 3, 0, 1, 2, 0, 0, 0, 0, 5, 3, 4, 2, 3, 5, 4, 5, 1, 2, 0, 1, 4, 0, 1, 3, 0, 1, 0, 3, 0, 6, 9, 0, 3, 4, 0, 0, 1, 0]","{'latency': 222678264, 'energy': 31018379.8, 'area': 167601000.0, 'power': 1.9203261538461536, 'cnt_pes': 308, 'l1_mem': 54, 'l2_mem': 623488, 'edp': 6907118965956667.0}",259,0.8598953684022465
7,"[1.25000000e-04 5.00000000e-01 1.00000000e+00 1.00000000e+00
 1.00000000e+00 8.33333333e-02 4.16666667e-01 3.75000000e-01
 6.66666667e-01 1.00000000e+00 1.00000000e+00 1.66666667e-01
 6.66666667e-01 1.66666667e-01 3.33333333e-01 6.66666667e-01
 1.00000000e+00 3.33333333e-01 5.00000000e-01 1.66666667e-01
 3.33333333e-01 8.33333333e-01 1.00000000e+00 5.00000000e-01
 1.66666667e-01 1.66666667e-01 8.33333333e-01 1.66666667e-01
 1.66666667e-01 3.33333333e-01 8.33333333e-01 1.66666667e-01
 1.00000000e+00 1.00000000e+00 1.00000000e+00 2.50000000e-01
 6.25000000e-02 1.00000000e+00 3.33333333e-01 3.33333333e-01
 1.00000000e+00 1.00000000e+00 3.33333333e-01 1.00000000e+00
 8.33333333e-01 5.00000000e-01 1.66666667e-01 1.00000000e+00
 8.33333333e-01 6.66666667e-01 1.66666667e-01 5.00000000e-01
 8.33333333e-01 3.33333333e-01 8.33333333e-01 6.66666667e-01
 8.33333333e-01 8.33333333e-01 6.66666667e-01 1.66666667e-01
 1.00000000e+00 5.00000000e-01 3.12500000e-02 1.00000000e+00
 1.00000000e+00 5.00000000e-01 2.50000000e-01 1.00000000e+00
 2.70270270e-02 2.70270270e-02 1.00000000e+00 2.70270270e-02
 4.50450450e-03 1.00000000e+00 5.00000000e-01 8.33333333e-01
 3.33333333e-01 1.66666667e-01 1.66666667e-01 1.00000000e+00
 1.66666667e-01 8.33333333e-01 1.00000000e+00 5.00000000e-01
 6.66666667e-01 1.66666667e-01 6.66666667e-01 5.00000000e-01
 6.66666667e-01 5.00000000e-01 3.33333333e-01 1.00000000e+00
 5.00000000e-01 2.50000000e-01 1.00000000e+00 3.12500000e-02
 7.81250000e-03 1.00000000e+00 1.00000000e+00 5.00000000e-01
 1.00000000e+00 1.81818182e-02 2.00000000e-01 1.00000000e+00
 5.00000000e-01 5.00000000e-01 6.66666667e-01 3.33333333e-01
 5.00000000e-01 5.00000000e-01 1.66666667e-01 3.33333333e-01
 8.33333333e-01 1.66666667e-01 1.00000000e+00 5.00000000e-01
 5.00000000e-01 1.00000000e+00 1.66666667e-01 6.66666667e-01
 6.66666667e-01 3.33333333e-01 1.00000000e+00 1.25000000e-01
 1.00000000e+00 3.12500000e-02 1.25000000e-01 1.00000000e+00
 9.09090909e-02 9.09090909e-02 1.00000000e+00 5.00000000e-01
 4.54545455e-02 1.00000000e+00 6.66666667e-01 8.33333333e-01
 1.00000000e+00 3.33333333e-01 8.33333333e-01 3.33333333e-01
 8.33333333e-01 8.33333333e-01 5.00000000e-01 1.00000000e+00
 5.00000000e-01 6.66666667e-01 1.00000000e+00 1.00000000e+00
 1.66666667e-01 3.33333333e-01 5.00000000e-01 5.00000000e-01
 6.25000000e-02 1.56250000e-02 1.00000000e+00 5.00000000e-01
 6.25000000e-02 1.00000000e+00 5.00000000e-01 1.85185185e-02
 1.00000000e+00 1.66666667e-01 1.66666667e-01 1.00000000e+00
 8.33333333e-01 3.33333333e-01 6.66666667e-01 1.00000000e+00
 3.33333333e-01 5.00000000e-01 1.00000000e+00 1.00000000e+00
 5.00000000e-01 1.00000000e+00 1.66666667e-01 3.33333333e-01
 1.66666667e-01 1.66666667e-01 1.00000000e+00 8.33333333e-01
 1.66666667e-01 1.66666667e-01 3.90625000e-03 5.00000000e-01
 1.00000000e+00 1.25000000e-01 3.12500000e-02 1.00000000e+00
 3.70370370e-02 5.00000000e-01 1.00000000e+00 1.66666667e-01
 1.00000000e+00 1.00000000e+00 8.33333333e-01 1.66666667e-01
 1.00000000e+00 6.66666667e-01 1.66666667e-01 5.00000000e-01
 1.66666667e-01 5.00000000e-01 8.33333333e-01 3.33333333e-01
 1.00000000e+00 1.66666667e-01 6.66666667e-01 8.33333333e-01
 8.33333333e-01 3.33333333e-01 6.66666667e-01 1.66666667e-01
 3.12500000e-02 7.81250000e-03 1.00000000e+00 3.90625000e-03
 7.81250000e-03 1.00000000e+00 3.84615385e-02 1.00000000e+00
 1.00000000e+00 3.84615385e-02 7.69230769e-02 1.00000000e+00
 3.33333333e-01 8.33333333e-01 8.33333333e-01 5.00000000e-01
 6.66666667e-01 3.33333333e-01 6.66666667e-01 3.33333333e-01
 8.33333333e-01 1.00000000e+00 8.33333333e-01 5.00000000e-01
 8.33333333e-01 1.66666667e-01 6.66666667e-01 8.33333333e-01
 5.00000000e-01 1.00000000e+00 1.00000000e+00 3.12500000e-02
 1.00000000e+00 1.56250000e-02 6.25000000e-02 1.00000000e+00
 3.84615385e-02 7.69230769e-02 1.00000000e+00 5.00000000e-01
 3.84615385e-02 1.00000000e+00 1.00000000e+00 6.66666667e-01
 5.00000000e-01 1.00000000e+00 8.33333333e-01 5.00000000e-01
 8.33333333e-01 8.33333333e-01 6.66666667e-01 3.33333333e-01
 5.00000000e-01 1.00000000e+00 8.33333333e-01 8.33333333e-01
 3.33333333e-01 6.66666667e-01 1.66666667e-01 6.66666667e-01
 2.50000000e-01 3.12500000e-02 1.00000000e+00 1.25000000e-01
 6.25000000e-02 1.00000000e+00 5.00000000e-01 2.50000000e-01
 1.00000000e+00 2.50000000e-01 1.66666667e-01 1.00000000e+00]",0.20951314735867643,"[0.15784995009946415, 0.15800795805752166, 0.15816612418170337, 0.1583244486303337, 0.1584829315618956, 0.15864157313503063, 0.15880037350853918, 0.15895933284138056, 0.15911845129267324, 0.15927772902169493, 0.1594371661878828, 0.15959676295083364, 0.15975651947030395, 0.15991643590621016, 0.16007651241862877, 0.16023674916779657, 0.16039714631411067, 0.1605577040181288, 0.16071842244056936, 0.16087930174231166, 0.16104034208439605, 0.16120154362802408, 0.16136290653455865, 0.16152443096552418, 0.1616861170826068, 0.16184796504765445, 0.1620099750226771, 0.16217214716984696, 0.16233448165149847, 0.1624969786301286, 0.162659638268397, 0.16282246072912612, 0.16298544617530142, 0.1631485947700715, 0.16331190667674825, 0.16347538205880704, 0.16363902107988693, 0.16380282390379072, 0.16396679069448522, 0.16413092161610132, 0.16429521683293424, 0.16445967650944368, 0.16462430081025395, 0.1647890899001541, 0.16495404394409818, 0.1651191631072054, 0.16528444755476016, 0.16544989745221236, 0.16561551296517754, 0.16578129425943697, 0.1659472415009379, 0.1661133548557937, 0.166279634490284, 0.16644608057085483, 0.16661269326411896, 0.1667794727368558, 0.16694641915601183, 0.16711353268870052, 0.16728081350220272, 0.16744826176396668, 0.1676158776416083, 0.1677836613029112, 0.16795161291582703, 0.1681197326484755, 0.16828802066914464, 0.16845647714629092, 0.16862510224853947, 0.16879389614468415, 0.16896285900368785, 0.16913199099468254, 0.16930129228696952, 0.16947076305001954, 0.169640403453473, 0.16981021366714014, 0.16998019386100113, 0.17015034420520633, 0.1703206648700764, 0.1704911560261025, 0.17066181784394646, 0.1708326504944409, 0.1710036541485895, 0.17117482897756708, 0.1713461751527198, 0.17151769284556537, 0.17168938222779315, 0.1718612434712644, 0.17203327674801241, 0.17220548223024265, 0.17237786009033298, 0.1725504105008338, 0.17272313363446828, 0.17289602966413242, 0.1730690987628953, 0.1732423411039993, 0.17341575686086017, 0.17358934620706723, 0.1737631093163836, 0.17393704636274637, 0.17411115752026665, 0.17428544296322987, 0.17445990286609597, 0.17463453740349946, 0.1748093467502497, 0.17498433108133102, 0.17515949057190291, 0.17533482539730022, 0.17551033573303326, 0.17568602175478806, 0.1758618836384265, 0.1760379215599865, 0.17621413569568217, 0.17639052622190407, 0.1765670933152193, 0.17674383715237169, 0.17692075791028197, 0.17709785576604803, 0.17727513089694497, 0.1774525834804254, 0.17763021369411952, 0.17780802171583535, 0.1779860077235589, 0.17816417189545436, 0.17834251440986423, 0.17852103544530953, 0.17869973518049, 0.1788786137942843, 0.17905767146575005, 0.17923690837412418, 0.179416324698823, 0.17959592061944243, 0.17977569631575818, 0.17995565196772592, 0.1801357877554814, 0.18031610385934074, 0.18049660045980054, 0.18067727773753808, 0.18085813587341149, 0.18103917504845995, 0.18122039544390386, 0.181401797241145, 0.18158338062176677, 0.1817651457675343, 0.1819470928603947, 0.18212922208247717, 0.18231153361609326, 0.18249402764373698, 0.18267670434808506, 0.18285956391199706, 0.1830426065185156, 0.18322583235086645, 0.18340924159245892, 0.18359283442688581, 0.18377661103792373, 0.18396057160953325, 0.1841447163258591, 0.18432904537123032, 0.18451355893016047, 0.1846982571873478, 0.18488314032767547, 0.18506820853621167, 0.18525346199820988, 0.185438900899109, 0.18562452542453353, 0.18581033576029382, 0.1859963320923862, 0.1861825146069932, 0.1863688834904837, 0.18655543892941312, 0.18674218111052365, 0.1869291102207444, 0.18711622644719159, 0.18730352997716876, 0.18749102099816692, 0.18767869969786477, 0.1878665662641289, 0.1880546208850139, 0.18824286374876267, 0.18843129504380648, 0.18861991495876526, 0.18880872368244772, 0.18899772140385157, 0.18918690831216373, 0.18937628459676048, 0.1895658504472077, 0.18975560605326094, 0.18994555160486581, 0.19013568729215796, 0.19032601330546342, 0.1905165298352987, 0.19070723707237108, 0.19089813520757867, 0.19108922443201068, 0.19128050493694762, 0.19147197691386147, 0.1916636405544159, 0.19185549605046637, 0.19204754359406043, 0.19223978337743786, 0.1924322155930309, 0.19262484043346437, 0.19281765809155593, 0.19301066876031625, 0.1932038726329492, 0.19339726990285205, 0.19359086076361567, 0.1937846454090247, 0.19397862403305777, 0.19417279682988767, 0.19436716399388154, 0.19456172571960115, 0.19475648220180294, 0.19495143363543838, 0.19514658021565404, 0.19534192213779183, 0.19553745959738922, 0.1957331927901794, 0.1959291219120915, 0.19612524715925075, 0.19632156872797873, 0.19651808681479352, 0.19671480161640992, 0.19691171332973967, 0.19710882215189157, 0.19730612828017174, 0.19750363191208384, 0.19770133324532918, 0.197899232477807, 0.1980973298076146, 0.19829562543304766, 0.19849411955260027, 0.19869281236496522, 0.19889170406903425, 0.19909079486389816, 0.199290084948847, 0.19948957452337038, 0.19968926378715754, 0.19988915294009763, 0.2000892421822799, 0.2002895317139939, 0.20049002173572963, 0.20069071244817782, 0.20089160405223006, 0.20109269674897903, 0.20129399073971876, 0.2014954862259447, 0.20169718340935405, 0.2018990824918459, 0.20210118367552143, 0.20230348716268412, 0.20250599315583995, 0.20270870185769765, 0.20291161347116882, 0.20311472819936818, 0.2033180462456138, 0.20352156781342723, 0.20372529310653376, 0.20392922232886262, 0.20413335568454719, 0.20433769337792512, 0.20454223561353865, 0.20474698259613477, 0.20495193453066543, 0.2051570916222877, 0.20536245407636408, 0.20556802209846253, 0.2057737958943569, 0.20597977567002693, 0.2061859616316586, 0.20639235398564423, 0.20659895293858282, 0.2068057586972801, 0.20701277146874886, 0.20721999146020906, 0.20742741887908814, 0.20763505393302115, 0.207842896829851, 0.20805094777762861, 0.20825920698461323, 0.2084676746592725, 0.20867635101028278, 0.20888523624652933, 0.20909433057710644, 0.20930363421131776, 0.20951314735867643]","[1, 10, 0, 0, 2, 1, 9, 8, 3, 5, 5, 0, 3, 0, 1, 3, 5, 1, 2, 0, 1, 4, 5, 2, 0, 0, 4, 0, 0, 1, 4, 0, 1, 1, 0, 4, 2, 0, 5, 5, 0, 7, 5, 0, 4, 2, 0, 5, 4, 3, 0, 2, 4, 1, 4, 3, 4, 4, 3, 0, 5, 2, 1, 6, 0, 5, 4, 0, 3, 3, 0, 3, 0, 0, 2, 4, 1, 0, 0, 5, 0, 4, 5, 2, 3, 0, 3, 2, 3, 2, 1, 5, 5, 4, 0, 2, 0, 0, 7, 6, 0, 1, 5, 0, 2, 2, 3, 1, 2, 2, 0, 1, 4, 0, 5, 2, 2, 5, 0, 3, 3, 1, 7, 4, 0, 2, 4, 0, 3, 3, 0, 6, 2, 0, 3, 4, 5, 1, 4, 1, 4, 4, 2, 5, 2, 3, 5, 5, 0, 1, 2, 2, 3, 1, 0, 7, 4, 0, 6, 0, 0, 4, 4, 0, 4, 1, 3, 5, 1, 2, 5, 5, 2, 5, 0, 1, 0, 0, 5, 4, 0, 0, 0, 7, 0, 5, 3, 0, 1, 6, 0, 4, 7, 0, 4, 0, 5, 3, 0, 2, 0, 2, 4, 1, 5, 0, 3, 4, 4, 1, 3, 0, 3, 1, 0, 1, 2, 0, 0, 3, 0, 0, 1, 0, 1, 4, 4, 2, 3, 1, 3, 1, 4, 5, 4, 2, 4, 0, 3, 4, 2, 5, 9, 4, 0, 3, 5, 0, 0, 1, 0, 2, 0, 0, 5, 3, 2, 5, 4, 2, 4, 4, 3, 1, 2, 5, 4, 4, 1, 3, 0, 3, 7, 4, 0, 6, 5, 0, 4, 2, 0, 2, 1, 0]","{'latency': 618137178, 'energy': 21457687.2, 'area': 1611480000.0, 'power': 9.802696153846155, 'cnt_pes': 1440, 'l1_mem': 54, 'l2_mem': 2208384, 'edp': 1.3263794212214722e+16}",35,0.03541418558234961
8,"[1.25000000e-04 4.00000000e-03 1.00000000e+00 1.00000000e+00
 6.66666667e-01 9.16666667e-01 7.08333333e-01 1.00000000e+00
 1.66666667e-01 1.00000000e+00 1.00000000e+00 8.33333333e-01
 3.33333333e-01 1.00000000e+00 3.33333333e-01 6.66666667e-01
 1.00000000e+00 8.33333333e-01 1.66666667e-01 1.66666667e-01
 5.00000000e-01 3.33333333e-01 3.33333333e-01 6.66666667e-01
 1.00000000e+00 3.33333333e-01 1.00000000e+00 5.00000000e-01
 6.66666667e-01 1.66666667e-01 3.33333333e-01 1.66666667e-01
 1.00000000e+00 3.33333333e-01 1.00000000e+00 2.50000000e-01
 2.50000000e-01 1.00000000e+00 3.33333333e-01 4.50450450e-03
 1.00000000e+00 1.00000000e+00 3.33333333e-01 1.00000000e+00
 1.66666667e-01 5.00000000e-01 6.66666667e-01 1.66666667e-01
 1.66666667e-01 5.00000000e-01 6.66666667e-01 1.00000000e+00
 8.33333333e-01 6.66666667e-01 8.33333333e-01 1.66666667e-01
 3.33333333e-01 6.66666667e-01 6.66666667e-01 8.33333333e-01
 1.00000000e+00 6.66666667e-01 3.12500000e-02 6.25000000e-02
 1.00000000e+00 1.56250000e-02 5.00000000e-01 1.00000000e+00
 5.00000000e-01 3.33333333e-01 1.00000000e+00 1.00000000e+00
 1.35135135e-02 1.00000000e+00 1.00000000e+00 5.00000000e-01
 1.66666667e-01 8.33333333e-01 5.00000000e-01 1.66666667e-01
 6.66666667e-01 6.66666667e-01 1.00000000e+00 6.66666667e-01
 5.00000000e-01 1.66666667e-01 8.33333333e-01 1.00000000e+00
 3.33333333e-01 3.33333333e-01 3.33333333e-01 8.33333333e-01
 1.00000000e+00 2.50000000e-01 1.00000000e+00 1.56250000e-02
 1.25000000e-01 1.00000000e+00 1.00000000e-01 1.00000000e-01
 1.00000000e+00 5.00000000e-01 9.09090909e-02 1.00000000e+00
 5.00000000e-01 5.00000000e-01 6.66666667e-01 6.66666667e-01
 1.66666667e-01 8.33333333e-01 1.66666667e-01 1.00000000e+00
 3.33333333e-01 1.66666667e-01 8.33333333e-01 1.66666667e-01
 1.66666667e-01 3.33333333e-01 8.33333333e-01 1.66666667e-01
 1.66666667e-01 3.33333333e-01 1.25000000e-01 3.12500000e-02
 1.00000000e+00 6.25000000e-02 1.25000000e-01 1.00000000e+00
 5.00000000e-01 1.00000000e-01 1.00000000e+00 9.09090909e-03
 4.54545455e-02 1.00000000e+00 8.33333333e-01 1.66666667e-01
 5.00000000e-01 3.33333333e-01 1.66666667e-01 8.33333333e-01
 3.33333333e-01 1.66666667e-01 3.33333333e-01 1.00000000e+00
 1.00000000e+00 8.33333333e-01 1.00000000e+00 3.33333333e-01
 3.33333333e-01 8.33333333e-01 1.00000000e+00 5.00000000e-01
 5.00000000e-01 7.81250000e-03 1.00000000e+00 1.25000000e-01
 6.25000000e-02 1.00000000e+00 1.11111111e-01 5.00000000e-01
 1.00000000e+00 1.85185185e-02 1.85185185e-02 1.00000000e+00
 6.66666667e-01 5.00000000e-01 1.00000000e+00 1.00000000e+00
 6.66666667e-01 8.33333333e-01 1.66666667e-01 1.00000000e+00
 8.33333333e-01 1.66666667e-01 3.33333333e-01 8.33333333e-01
 3.33333333e-01 1.00000000e+00 8.33333333e-01 6.66666667e-01
 5.00000000e-01 6.66666667e-01 1.00000000e+00 5.00000000e-01
 1.00000000e+00 3.90625000e-03 1.25000000e-01 1.00000000e+00
 1.85185185e-02 5.55555556e-02 1.00000000e+00 5.00000000e-01
 1.66666667e-01 1.00000000e+00 6.66666667e-01 1.00000000e+00
 1.66666667e-01 1.00000000e+00 1.66666667e-01 1.00000000e+00
 6.66666667e-01 6.66666667e-01 5.00000000e-01 8.33333333e-01
 8.33333333e-01 1.00000000e+00 8.33333333e-01 6.66666667e-01
 8.33333333e-01 1.66666667e-01 1.00000000e+00 1.66666667e-01
 3.90625000e-03 1.25000000e-01 1.00000000e+00 1.95312500e-03
 1.00000000e+00 1.00000000e+00 3.84615385e-02 5.00000000e-01
 1.00000000e+00 3.84615385e-02 7.69230769e-02 1.00000000e+00
 1.66666667e-01 1.00000000e+00 5.00000000e-01 8.33333333e-01
 1.66666667e-01 1.66666667e-01 6.66666667e-01 6.66666667e-01
 5.00000000e-01 5.00000000e-01 3.33333333e-01 6.66666667e-01
 6.66666667e-01 1.00000000e+00 6.66666667e-01 8.33333333e-01
 8.33333333e-01 5.00000000e-01 1.95312500e-03 1.00000000e+00
 1.00000000e+00 6.25000000e-02 1.95312500e-03 1.00000000e+00
 3.84615385e-02 7.69230769e-02 1.00000000e+00 5.00000000e-01
 7.69230769e-02 1.00000000e+00 1.00000000e+00 3.33333333e-01
 1.00000000e+00 1.00000000e+00 1.66666667e-01 1.00000000e+00
 1.66666667e-01 5.00000000e-01 8.33333333e-01 8.33333333e-01
 6.66666667e-01 6.66666667e-01 1.66666667e-01 8.33333333e-01
 3.33333333e-01 8.33333333e-01 1.66666667e-01 3.33333333e-01
 6.25000000e-02 1.00000000e+00 1.00000000e+00 1.95312500e-03
 1.25000000e-01 1.00000000e+00 3.33333333e-01 5.00000000e-01
 1.00000000e+00 1.00000000e+00 8.33333333e-02 1.00000000e+00]",0.29102552345878746,"[0.21926244216548246, 0.21948192408957204, 0.2197016257152873, 0.21992154726254987, 0.22014168895150138, 0.2203620510025039, 0.22058263363614003, 0.22080343707321323, 0.22102446153474797, 0.22124570724198997, 0.22146717441640637, 0.22168886327968607, 0.2219107740537398, 0.22213290696070048, 0.2223552622229234, 0.2225778400629864, 0.22280064070369007, 0.22302366436805812, 0.22324691127933746, 0.22347038166099847, 0.22369407573673522, 0.2239179937304657, 0.22414213586633203, 0.22436650236870073, 0.22459109346216288, 0.22481590937153442, 0.22504095032185628, 0.22526621653839468, 0.22549170824664133, 0.22571742567231365, 0.225943369041355, 0.22616953857993494, 0.2263959345144494, 0.2266225570715209, 0.2268494064779989, 0.22707648296095986, 0.22730378674770757, 0.22753131806577334, 0.22775907714291627, 0.2279870642071234, 0.22821527948661, 0.22844372320981982, 0.22867239560542524, 0.22890129690232758, 0.22913042732965724, 0.22935978711677402, 0.22958937649326727, 0.22981919568895623, 0.23004924493389012, 0.23027952445834846, 0.2305100344928413, 0.2307407752681094, 0.23097174701512452, 0.2312029499650896, 0.23143438434943905, 0.2316660503998389, 0.23189794834818708, 0.2321300784266137, 0.2323624408674812, 0.2325950359033846, 0.23282786376715175, 0.23306092469184359, 0.23329421891075433, 0.23352774665741174, 0.2337615081655773, 0.23399550366924657, 0.23422973340264922, 0.23446419760024947, 0.23469889649674622, 0.2349338303270733, 0.2351689993263997, 0.23540440373012983, 0.23564004377390374, 0.23587591969359734, 0.23611203172532266, 0.23634838010542808, 0.2365849650704986, 0.23682178685735594, 0.237058845703059, 0.23729614184490389, 0.23753367552042431, 0.23777144696739172, 0.23800945642381555, 0.2382477041279435, 0.23848619031826176, 0.23872491523349526, 0.23896387911260786, 0.23920308219480266, 0.23944252471952218, 0.23968220692644862, 0.2399221290555041, 0.24016229134685096, 0.24040269404089185, 0.24064333737827012, 0.24088422159987, 0.2411253469468168, 0.2413667136604773, 0.24160832198245977, 0.24185017215461438, 0.24209226441903342, 0.24233459901805146, 0.2425771761942457, 0.24281999619043615, 0.24306305924968583, 0.24330636561530114, 0.24354991553083197, 0.24379370924007204, 0.2440377469870591, 0.24428202901607518, 0.24452655557164682, 0.24477132689854536, 0.24501634324178714, 0.24526160484663379, 0.24550711195859237, 0.2457528648234158, 0.2459988636871029, 0.24624510879589878, 0.24649160039629509, 0.24673833873503012, 0.2469853240590892, 0.24723255661570492, 0.2474800366523573, 0.24772776441677408, 0.247975740156931, 0.24822396412105205, 0.24847243655760967, 0.248721157715325, 0.24897012784316816, 0.24921934719035851, 0.2494688160063649, 0.24971853454090578, 0.24996850304394974, 0.25021872176571547, 0.25046919095667214, 0.2507199108675397, 0.250970881749289, 0.25122210385314214, 0.2514735774305727, 0.251725302733306, 0.2519772800133193, 0.2522295095228422, 0.2524819915143565, 0.2527347262405971, 0.25298771395455166, 0.25324095490946114, 0.25349444935881993, 0.2537481975563763, 0.2540021997561324, 0.2542564562123448, 0.2545109671795243, 0.25476573291243676, 0.2550207536661029, 0.25527602969579866, 0.25553156125705573, 0.2557873486056614, 0.256043391997659, 0.25629969168934835, 0.25655624793728565, 0.25681306099828394, 0.25707013112941335, 0.2573274585880013, 0.257585043631633, 0.2578428865181511, 0.2581009875056568, 0.25835934685250933, 0.2586179648173267, 0.25887684165898567, 0.2591359776366223, 0.2593953730096319, 0.25965502803766954, 0.2599149429806502, 0.26017511809874894, 0.26043555365240134, 0.26069624990230367, 0.26095720710941306, 0.261218425534948, 0.2614799054403884, 0.2617416470874759, 0.2620036507382141, 0.2622659166548689, 0.2625284450999689, 0.26279123633630525, 0.2630542906269322, 0.26331760823516737, 0.26358118942459197, 0.263845034459051, 0.26410914360265364, 0.2643735171197734, 0.26463815527504847, 0.26490305833338185, 0.26516822655994177, 0.2654336602201619, 0.26569935957974167, 0.2659653249046463, 0.2662315564611074, 0.26649805451562303, 0.266764819334958, 0.26703185118614414, 0.2672991503364806, 0.26756671705353413, 0.26783455160513925, 0.26810265425939867, 0.2683710252846834, 0.268639664949633, 0.2689085735231561, 0.26917775127443055, 0.26944719847290344, 0.26971691538829173, 0.2699869022905823, 0.27025715945003237, 0.2705276871371695, 0.2707984856227923, 0.27106955517797027, 0.2713408960740443, 0.271612508582627, 0.2718843929756026, 0.2721565495251277, 0.27242897850363135, 0.2727016801838152, 0.27297465483865385, 0.27324790274139527, 0.2735214241655608, 0.2737952193849457, 0.27406928867361935, 0.2743436323059253, 0.27461825055648176, 0.2748931437001819, 0.2751683120121941, 0.2754437557679621, 0.2757194752432053, 0.2759954707139192, 0.2762717424563756, 0.2765482907471227, 0.2768251158629857, 0.2771022180810668, 0.27737959767874554, 0.2776572549336792, 0.277935190123803, 0.27821340352733037, 0.2784918954227531, 0.27877066608884193, 0.2790497158046466, 0.2793290448494961, 0.2796086535029991, 0.27988854204504415, 0.28016871075579997, 0.2804491599157157, 0.2807298898055212, 0.2810109007062274, 0.28129219289912655, 0.2815737666657923, 0.2818556222880804, 0.28213776004812857, 0.2824201802283569, 0.2827028831114684, 0.28298586898044886, 0.2832691381185674, 0.2835526908093768, 0.2838365273367135, 0.2841206479846982, 0.28440505303773594, 0.28468974278051645, 0.28497471749801445, 0.2852599774754899, 0.2855455229984884, 0.28583135435284124, 0.2861174718246659, 0.2864038757003663, 0.2866905662666329, 0.2869775438104434, 0.28726480861906245, 0.2875523609800425, 0.2878402011812237, 0.28812832951073447, 0.2884167462569915, 0.2887054517087002, 0.2889944461548551, 0.2892837298847398, 0.28957330318792773, 0.289863166354282, 0.29015331967395597, 0.29044376343739337, 0.2907344979353287, 0.29102552345878746]","[1, 3, 0, 0, 1, 21, 16, 23, 0, 5, 5, 4, 1, 5, 1, 3, 5, 4, 0, 0, 2, 1, 1, 3, 5, 1, 5, 2, 3, 0, 1, 0, 1, 0, 0, 4, 4, 0, 5, 0, 0, 7, 5, 0, 0, 2, 3, 0, 0, 2, 3, 5, 4, 3, 4, 0, 1, 3, 3, 4, 5, 3, 1, 2, 0, 0, 5, 0, 6, 5, 0, 7, 2, 0, 5, 2, 0, 4, 2, 0, 3, 3, 5, 3, 2, 0, 4, 5, 1, 1, 1, 4, 6, 4, 0, 1, 4, 0, 4, 4, 0, 6, 3, 0, 2, 2, 3, 3, 0, 4, 0, 5, 1, 0, 4, 0, 0, 1, 4, 0, 0, 1, 4, 2, 0, 3, 4, 0, 6, 4, 0, 0, 2, 0, 4, 0, 2, 1, 0, 4, 1, 0, 1, 5, 5, 4, 5, 1, 1, 4, 5, 2, 6, 0, 0, 5, 4, 0, 3, 6, 0, 0, 0, 0, 3, 2, 5, 5, 3, 4, 0, 5, 4, 0, 1, 4, 1, 5, 4, 3, 2, 3, 8, 7, 0, 0, 5, 0, 0, 2, 0, 6, 4, 0, 3, 5, 0, 5, 0, 5, 3, 3, 2, 4, 4, 5, 4, 3, 4, 0, 5, 0, 0, 5, 0, 0, 9, 0, 0, 2, 0, 0, 1, 0, 0, 5, 2, 4, 0, 0, 3, 3, 2, 2, 1, 3, 3, 5, 3, 4, 4, 2, 0, 9, 0, 5, 0, 0, 0, 1, 0, 2, 1, 0, 5, 1, 5, 5, 0, 5, 0, 2, 4, 4, 3, 3, 0, 4, 1, 4, 0, 1, 5, 9, 0, 0, 6, 0, 3, 4, 0, 5, 0, 0]","{'latency': 293086884, 'energy': 26078004.9, 'area': 1985680000.0, 'power': 8.461758461538459, 'cnt_pes': 1632, 'l1_mem': 54, 'l2_mem': 87396, 'edp': 7643121197077731.0}",53,0.04035797874228486
9,"[0.015625   0.256      1.         1.         0.66666667 0.83333333
 0.91666667 0.125      1.         1.         0.5        0.83333333
 0.16666667 0.16666667 0.83333333 1.         1.         0.33333333
 0.83333333 0.5        0.83333333 0.83333333 0.33333333 0.16666667
 0.16666667 0.16666667 0.5        0.33333333 1.         0.83333333
 0.66666667 1.         1.         1.         1.         0.125
 0.125      1.         0.33333333 0.5        1.         0.0045045
 0.33333333 1.         0.66666667 0.16666667 0.5        0.83333333
 0.33333333 0.33333333 0.16666667 0.83333333 0.83333333 0.66666667
 0.33333333 0.83333333 0.33333333 0.5        0.16666667 0.16666667
 0.5        0.66666667 0.125      1.         1.         0.25
 0.125      1.         0.02702703 1.         1.         0.01351351
 1.         1.         0.16666667 0.5        0.33333333 0.66666667
 0.16666667 0.33333333 0.5        0.33333333 0.5        0.16666667
 0.16666667 1.         1.         0.5        0.33333333 0.83333333
 0.33333333 0.83333333 0.015625   0.0625     1.         0.0625
 1.         1.         0.01818182 0.5        1.         1.
 0.09090909 1.         0.5        0.66666667 0.83333333 0.83333333
 1.         0.83333333 0.5        0.83333333 0.83333333 1.
 0.16666667 0.16666667 0.16666667 0.66666667 0.66666667 0.83333333
 1.         0.16666667 0.03125    0.25       1.         1.
 0.125      1.         0.09090909 0.2        1.         0.5
 0.1        1.         0.5        1.         1.         0.33333333
 0.66666667 0.5        0.33333333 0.83333333 0.83333333 0.16666667
 0.5        0.83333333 0.83333333 1.         0.33333333 0.33333333
 0.5        0.5        0.125      1.         1.         0.015625
 0.5        1.         0.11111111 0.16666667 1.         0.01851852
 0.11111111 1.         0.33333333 0.83333333 0.5        0.83333333
 0.33333333 0.66666667 0.16666667 0.83333333 0.83333333 0.5
 0.33333333 1.         0.16666667 0.83333333 0.33333333 0.33333333
 0.83333333 0.16666667 1.         0.0625     1.         0.125
 0.5        1.         1.         0.5        1.         0.16666667
 0.5        1.         0.5        1.         0.83333333 0.66666667
 0.33333333 0.5        0.16666667 0.5        1.         0.33333333
 0.5        0.16666667 0.16666667 0.5        0.5        0.33333333
 0.66666667 0.83333333 0.015625   0.015625   1.         0.03125
 0.5        1.         0.5        0.5        1.         1.
 0.03846154 1.         0.66666667 0.33333333 1.         0.66666667
 0.16666667 0.83333333 0.66666667 0.83333333 0.83333333 0.83333333
 0.66666667 0.16666667 0.33333333 0.66666667 0.16666667 0.83333333
 0.83333333 0.16666667 0.25       0.015625   1.         0.125
 0.25       1.         0.5        0.07692308 1.         0.07692308
 0.03846154 1.         1.         0.5        0.33333333 1.
 1.         1.         0.66666667 0.16666667 0.66666667 0.83333333
 0.66666667 0.66666667 0.83333333 0.66666667 0.16666667 0.83333333
 0.16666667 1.         0.0625     0.00390625 1.         0.125
 0.00195312 1.         0.33333333 1.         1.         0.25
 0.16666667 1.        ]",13.554763194379191,"[10.2123361746835, 10.222558733416918, 10.23279152494186, 10.24303455950136, 10.253287847348709, 10.263551398747456, 10.273825223971427, 10.284109333304732, 10.294403737041774, 10.304708445487261, 10.315023468956218, 10.325348817773992, 10.33568450227627, 10.346030532809078, 10.356386919728806, 10.366753673402208, 10.377130804206415, 10.387518322528944, 10.397916238767712, 10.408324563331043, 10.41874330663768, 10.429172479116797, 10.439612091208005, 10.450062153361367, 10.460522676037405, 10.470993669707111, 10.481475144851963, 10.491967111963927, 10.502469581545473, 10.512982564109583, 10.523506070179764, 10.534040110290054, 10.544584694985039, 10.555139834819858, 10.565705540360218, 10.5762818221824, 10.586868690873274, 10.597466157030304, 10.608074231261567, 10.618692924185753, 10.629322246432185, 10.639962208640826, 10.650612821462289, 10.661274095557847, 10.671946041599446, 10.682628670269716, 10.693321992261978, 10.704026018280258, 10.714740759039298, 10.725466225264563, 10.736202427692255, 10.746949377069324, 10.757707084153477, 10.76847555971319, 10.779254814527718, 10.790044859387105, 10.800845705092197, 10.811657362454651, 10.822479842296948, 10.8333131554524, 10.844157312765166, 10.855012325090255, 10.86587820329355, 10.876754958251801, 10.887642600852654, 10.898541141994649, 10.909450592587236, 10.920370963550786, 10.931302265816603, 10.94224451032693, 10.953197708034965, 10.96416186990487, 10.975137006911783, 10.986123130041825, 10.997120250292118, 11.00812837867079, 11.019147526196987, 11.030177703900888, 11.041218922823711, 11.05227119401773, 11.063334528546276, 11.07440893748376, 11.085494431915675, 11.096591022938615, 11.107698721660276, 11.118817539199474, 11.129947486686161, 11.141088575261422, 11.1522408160775, 11.163404220297798, 11.174578799096894, 11.185764563660554, 11.19696152518574, 11.20816969488062, 11.219389083964584, 11.230619703668253, 11.241861565233487, 11.2531146799134, 11.264379058972374, 11.275654713686059, 11.286941655341401, 11.298239895236637, 11.309549444681318, 11.320870314996315, 11.332202517513828, 11.343546063577405, 11.354900964541947, 11.36626723177372, 11.377644876650372, 11.389033910560933, 11.400434344905838, 11.411846191096934, 11.423269460557492, 11.434704164722215, 11.446150315037253, 11.457607922960213, 11.469076999960173, 11.48055755751769, 11.492049607124814, 11.503553160285099, 11.515068228513613, 11.52659482333695, 11.538132956293243, 11.549682638932175, 11.56124388281499, 11.572816699514505, 11.58440110061512, 11.595997097712832, 11.607604702415248, 11.61922392634159, 11.630854781122713, 11.642497278401114, 11.654151429830945, 11.665817247078023, 11.677494741819842, 11.689183925745589, 11.700884810556145, 11.71259740796411, 11.724321729693804, 11.736057787481284, 11.747805593074359, 11.759565158232592, 11.771336494727318, 11.78311961434166, 11.79491452887053, 11.80672125012065, 11.818539789910561, 11.830370160070633, 11.842212372443075, 11.854066438881958, 11.86593237125321, 11.877810181434645, 11.889699881315961, 11.90160148279876, 11.913514997796558, 11.925440438234792, 11.937377816050843, 11.949327143194036, 11.961288431625663, 11.973261693318982, 11.985246940259241, 11.997244184443685, 12.009253437881567, 12.021274712594161, 12.033308020614776, 12.045353373988764, 12.057410784773538, 12.069480265038576, 12.081561826865443, 12.09365548234779, 12.105761243591381, 12.117879122714095, 12.130009131845942, 12.14215128312907, 12.154305588717788, 12.166472060778567, 12.178650711490057, 12.1908415530431, 12.20304459764074, 12.21525985749824, 12.227487344843082, 12.239727071914997, 12.251979050965963, 12.264243294260222, 12.276519814074296, 12.288808622696994, 12.301109732429424, 12.313423155585008, 12.325748904489497, 12.338086991480978, 12.350437428909888, 12.362800229139028, 12.37517540454357, 12.387562967511082, 12.399962930441523, 12.41237530574727, 12.424800105853123, 12.437237343196319, 12.449687030226546, 12.462149179405952, 12.47462380320916, 12.487110914123283, 12.499610524647931, 12.512122647295227, 12.524647294589817, 12.537184479068886, 12.549734213282168, 12.56229650979196, 12.574871381173132, 12.587458840013145, 12.600058898912057, 12.612671570482538, 12.625296867349888, 12.63793480215204, 12.65058538753958, 12.663248636175757, 12.675924560736494, 12.688613173910404, 12.701314488398804, 12.71402851691572, 12.726755272187908, 12.739494766954863, 12.752247013968832, 12.765012025994826, 12.777789815810637, 12.790580396206844, 12.80338377998683, 12.816199979966798, 12.829029008975775, 12.84187087985563, 12.854725605461091, 12.867593198659751, 12.880473672332084, 12.893367039371455, 12.906273312684139, 12.919192505189327, 12.932124629819146, 12.945069699518665, 12.958027727245911, 12.970998725971883, 12.983982708680564, 12.996979688368933, 13.00998967804698, 13.023012690737717, 13.036048739477195, 13.049097837314509, 13.06215999731182, 13.075235232544365, 13.088323556100466, 13.101424981081548, 13.11453952060215, 13.12766718778994, 13.140807995785726, 13.15396195774347, 13.1671290868303, 13.180309396226527, 13.193502899125653, 13.206709608734387, 13.21992953827266, 13.233162700973635, 13.246409110083718, 13.259668778862581, 13.272941720583164, 13.286227948531696, 13.299527476007704, 13.312840316324028, 13.326166482806835, 13.339505988795631, 13.352858847643274, 13.36622507271599, 13.379604677393383, 13.392997675068452, 13.406404079147599, 13.41982390305065, 13.43325716021086, 13.446703864074935, 13.460164028103039, 13.473637665768807, 13.487124790559367, 13.500625415975342, 13.514139555530873, 13.527667222753626, 13.541208431184812, 13.554763194379191]","[8, 9, 0, 0, 1, 19, 21, 2, 5, 5, 2, 4, 0, 0, 4, 5, 5, 1, 4, 2, 4, 4, 1, 0, 0, 0, 2, 1, 5, 4, 3, 5, 1, 1, 0, 3, 3, 0, 5, 6, 0, 0, 5, 0, 3, 0, 2, 4, 1, 1, 0, 4, 4, 3, 1, 4, 1, 2, 0, 0, 2, 3, 3, 6, 0, 4, 3, 0, 3, 7, 0, 2, 7, 0, 0, 2, 1, 3, 0, 1, 2, 1, 2, 0, 0, 5, 5, 2, 1, 4, 1, 4, 0, 2, 0, 3, 7, 0, 1, 6, 0, 7, 3, 0, 2, 3, 4, 4, 5, 4, 2, 4, 4, 5, 0, 0, 0, 3, 3, 4, 5, 0, 2, 5, 0, 7, 4, 0, 3, 5, 0, 6, 4, 0, 2, 5, 5, 1, 3, 2, 1, 4, 4, 0, 2, 4, 4, 5, 1, 1, 2, 2, 4, 7, 0, 2, 7, 0, 3, 4, 0, 0, 3, 0, 1, 4, 2, 4, 1, 3, 0, 4, 4, 2, 1, 5, 0, 4, 1, 1, 4, 0, 8, 4, 0, 5, 7, 0, 7, 6, 0, 4, 6, 0, 2, 5, 4, 3, 1, 2, 0, 2, 5, 1, 2, 0, 0, 2, 2, 1, 3, 4, 2, 2, 0, 4, 8, 0, 2, 2, 0, 3, 0, 0, 3, 1, 5, 3, 0, 4, 3, 4, 4, 4, 3, 0, 1, 3, 0, 4, 4, 0, 7, 3, 0, 6, 7, 0, 2, 1, 0, 1, 0, 0, 5, 2, 1, 5, 5, 5, 3, 0, 3, 4, 3, 3, 4, 3, 0, 4, 0, 5, 5, 1, 0, 6, 0, 0, 3, 5, 0, 2, 1, 0]","{'latency': 226463421, 'energy': 24914366.9, 'area': 137832000.0, 'power': 1.6499753846153844, 'cnt_pes': 264, 'l1_mem': 54, 'l2_mem': 414208, 'edp': 5642192760223165.0}",176,1.02464378550568
10,"[0.015625   0.008      1.         1.         0.33333333 0.83333333
 0.45833333 0.79166667 1.         0.16666667 1.         1.
 0.16666667 0.16666667 0.66666667 0.33333333 1.         0.16666667
 0.33333333 0.16666667 1.         0.83333333 0.5        0.16666667
 0.33333333 0.33333333 0.83333333 0.16666667 0.83333333 0.83333333
 0.66666667 0.5        0.33333333 1.         1.         0.0625
 1.         1.         0.0045045  1.         1.         0.0045045
 0.33333333 1.         0.16666667 0.33333333 1.         0.5
 0.16666667 0.66666667 0.16666667 0.83333333 0.66666667 0.66666667
 0.66666667 1.         0.66666667 0.5        1.         0.16666667
 0.66666667 0.16666667 0.125      1.         1.         0.25
 0.125      1.         0.16666667 1.         1.         0.5
 0.01351351 1.         0.66666667 0.33333333 0.5        0.83333333
 0.16666667 0.33333333 0.83333333 1.         0.5        0.66666667
 0.83333333 0.83333333 1.         0.33333333 0.5        0.5
 0.66666667 0.83333333 0.0625     0.0625     1.         0.0625
 0.03125    1.         0.09090909 0.1        1.         0.01818182
 0.09090909 1.         0.5        0.5        0.83333333 0.33333333
 1.         0.33333333 0.66666667 0.66666667 0.33333333 0.16666667
 0.16666667 0.66666667 0.5        0.33333333 0.83333333 0.83333333
 1.         0.5        0.03125    0.5        1.         0.0625
 0.125      1.         0.2        1.         1.         0.5
 0.04545455 1.         1.         1.         0.66666667 0.33333333
 0.66666667 0.33333333 0.5        0.83333333 0.5        0.66666667
 0.83333333 0.16666667 0.83333333 0.33333333 0.33333333 0.33333333
 0.16666667 1.         0.125      0.015625   1.         0.0078125
 0.5        1.         1.         0.33333333 1.         0.16666667
 0.11111111 1.         0.33333333 0.83333333 0.83333333 0.83333333
 1.         0.33333333 0.66666667 1.         0.83333333 0.66666667
 0.33333333 0.33333333 0.16666667 0.16666667 0.5        0.16666667
 0.66666667 0.5        0.00390625 0.03125    1.         0.25
 0.5        1.         1.         0.33333333 1.         0.16666667
 0.5        1.         0.5        0.33333333 0.33333333 0.16666667
 1.         0.5        1.         0.5        0.33333333 0.33333333
 0.16666667 0.16666667 0.66666667 0.66666667 0.5        0.83333333
 1.         0.5        0.00390625 0.015625   1.         0.125
 0.125      1.         0.5        1.         1.         0.03846154
 0.03846154 1.         0.66666667 0.16666667 0.16666667 0.83333333
 0.16666667 0.16666667 0.83333333 0.5        0.83333333 0.83333333
 0.16666667 0.83333333 0.33333333 0.16666667 1.         1.
 0.5        0.5        0.0078125  0.0625     1.         0.5
 0.5        1.         0.5        1.         1.         0.07692308
 0.5        1.         1.         0.66666667 1.         0.83333333
 0.83333333 0.16666667 0.16666667 0.33333333 0.66666667 1.
 0.66666667 0.5        0.83333333 0.66666667 0.66666667 0.66666667
 0.16666667 0.5        0.00390625 1.         1.         0.5
 0.0625     1.         0.08333333 0.08333333 1.         0.25
 0.16666667 1.        ]",6.519073377122756,"[4.911555290188609, 4.91647176195056, 4.921393155105665, 4.926319474580246, 4.931250725305551, 4.936186912217769, 4.941128040258027, 4.9460741143724, 4.951025139511912, 4.955981120632544, 4.960942062695239, 4.9659079706659055, 4.970878849515421, 4.97585470421964, 4.9808355397594, 4.985821361120521, 4.990812173293815, 4.99580798127509, 5.000808790065155, 5.005814604669824, 5.010825430099924, 5.015841271371295, 5.0208621335048, 5.025888021526327, 5.030918940466793, 5.035954895362155, 5.0409958912534085, 5.046041933186595, 5.051093026212808, 5.056149175388196, 5.06121038577397, 5.066276662436406, 5.071348010446854, 5.076424434881735, 5.081505940822558, 5.086592533355914, 5.091684217573487, 5.09678099857206, 5.101882881453513, 5.106989871324838, 5.112101973298135, 5.117219192490626, 5.12234153402465, 5.127469003027677, 5.13260160463231, 5.137739343976286, 5.142882226202489, 5.148030256458948, 5.1531834398988465, 5.1583417816805275, 5.163505286967495, 5.168673960928423, 5.17384780873716, 5.179026835572733, 5.184211046619352, 5.189400447066419, 5.194595042108527, 5.199794836945473, 5.204999836782255, 5.210210046829084, 5.215425472301385, 5.220646118419805, 5.225871990410215, 5.231103093503719, 5.2363394329366555, 5.241581013950606, 5.246827841792398, 5.252079921714112, 5.257337258973085, 5.262599858831917, 5.2678677265584755, 5.2731408674259015, 5.278419286712614, 5.283702989702316, 5.288991981684, 5.294286267951952, 5.299585853805757, 5.304890744550307, 5.310200945495803, 5.315516461957761, 5.320837299257017, 5.326163462719737, 5.331494957677415, 5.336831789466882, 5.342173963430312, 5.3475214849152275, 5.352874359274502, 5.358232591866368, 5.363596188054422, 5.36896515320763, 5.37433949270033, 5.379719211912242, 5.38510431622847, 5.39049481103951, 5.3958907017412505, 5.4012919937349855, 5.406698692427413, 5.412110803230643, 5.417528331562205, 5.42295128284505, 5.428379662507558, 5.433813475983541, 5.439252728712254, 5.444697426138392, 5.450147573712104, 5.455603176888993, 5.461064241130123, 5.4665307719020255, 5.472002774676702, 5.477480254931634, 5.482963218149783, 5.488451669819603, 5.493945615435038, 5.499445060495534, 5.50495001050604, 5.510460470977017, 5.515976447424441, 5.521497945369811, 5.527024970340151, 5.532557527868019, 5.538095623491511, 5.543639262754265, 5.54918845120547, 5.554743194399871, 5.560303497897769, 5.565869367265034, 5.571440808073107, 5.577017825899006, 5.582600426325331, 5.588188614940271, 5.593782397337608, 5.599381779116725, 5.604986765882607, 5.610597363245853, 5.616213576822676, 5.621835412234911, 5.627462875110021, 5.633095971081103, 5.63873470578689, 5.644379084871762, 5.650029113985748, 5.655684798784533, 5.661346144929462, 5.66701315808755, 5.672685843931482, 5.678364208139621, 5.684048256396017, 5.689737994390407, 5.695433427818226, 5.701134562380607, 5.706841403784391, 5.7125539577421325, 5.718272229972104, 5.723996226198302, 5.729725952150453, 5.735461413564017, 5.741202616180197, 5.746949565745943, 5.752702268013957, 5.758460728742699, 5.764224953696396, 5.769994948645041, 5.775770719364406, 5.781552271636042, 5.7873396112472895, 5.793132743991281, 5.798931675666948, 5.804736412079027, 5.810546959038065, 5.816363322360425, 5.822185507868293, 5.828013521389683, 5.833847368758441, 5.839687055814255, 5.845532588402658, 5.851383972375032, 5.857241213588621, 5.863104317906528, 5.868973291197725, 5.874848139337062, 5.880728868205267, 5.886615483688956, 5.892507991680637, 5.898406398078716, 5.904310708787504, 5.910220929717221, 5.916137066784005, 5.9220591259099145, 5.927987113022938, 5.933921034056994, 5.939860894951947, 5.9458067016536, 5.951758460113714, 5.957716176290004, 5.96367985614615, 5.969649505651802, 5.975625130782585, 5.981606737520105, 5.987594331851957, 5.993587919771729, 5.999587507279008, 6.005593100379388, 6.011604705084472, 6.017622327411884, 6.0236459733852685, 6.029675649034303, 6.035711360394697, 6.041753113508205, 6.047800914422628, 6.05385476919182, 6.059914683875696, 6.065980664540236, 6.072052717257494, 6.078130848105599, 6.0842150631687675, 6.0903053685373045, 6.0964017703076125, 6.102504274582195, 6.108612887469665, 6.11472761508475, 6.120848463548298, 6.1269754389872855, 6.13310854753482, 6.13924779533015, 6.145393188518669, 6.151544733251921, 6.157702435687608, 6.163866301989597, 6.170036338327925, 6.176212550878804, 6.182394945824629, 6.188583529353982, 6.194778307661644, 6.200979286948592, 6.207186473422015, 6.21339987329531, 6.219619492788098, 6.225845338126224, 6.232077415541767, 6.2383157312730395, 6.244560291564604, 6.250811102667272, 6.25706817083811, 6.263331502340451, 6.269601103443895, 6.27587698042432, 6.282159139563884, 6.288447587151035, 6.294742329480515, 6.301043372853369, 6.3073507235769455, 6.31366438796491, 6.319984372337247, 6.326310683020267, 6.332643326346614, 6.338982308655269, 6.345327636291561, 6.351679315607168, 6.358037352960128, 6.364401754714843, 6.370772527242084, 6.377149676919004, 6.383533210129133, 6.389923133262395, 6.396319452715111, 6.402722174890001, 6.409131306196197, 6.415546853049246, 6.4219688218711175, 6.428397219090208, 6.434832051141349, 6.441273324465815, 6.447721045511326, 6.454175220732058, 6.460635856588646, 6.467102959548194, 6.473576536084279, 6.480056592676956, 6.486543135812768, 6.493036171984753, 6.499535707692445, 6.506041749441887, 6.512554303745633, 6.519073377122756]","[8, 4, 0, 0, 0, 19, 10, 18, 5, 0, 5, 5, 0, 0, 3, 1, 5, 0, 1, 0, 5, 4, 2, 0, 1, 1, 4, 0, 4, 4, 3, 2, 0, 1, 0, 2, 6, 0, 0, 7, 0, 0, 5, 0, 0, 1, 5, 2, 0, 3, 0, 4, 3, 3, 3, 5, 3, 2, 5, 0, 3, 0, 3, 6, 0, 4, 3, 0, 4, 7, 0, 6, 2, 0, 3, 1, 2, 4, 0, 1, 4, 5, 2, 3, 4, 4, 5, 1, 2, 2, 3, 4, 2, 2, 0, 3, 2, 0, 3, 4, 0, 1, 3, 0, 2, 2, 4, 1, 5, 1, 3, 3, 1, 0, 0, 3, 2, 1, 4, 4, 5, 2, 2, 6, 0, 3, 4, 0, 5, 7, 0, 6, 2, 0, 5, 5, 3, 1, 3, 1, 2, 4, 2, 3, 4, 0, 4, 1, 1, 1, 0, 5, 4, 1, 0, 1, 7, 0, 7, 5, 0, 4, 3, 0, 1, 4, 4, 4, 5, 1, 3, 5, 4, 3, 1, 1, 0, 0, 2, 0, 3, 2, 0, 3, 0, 6, 7, 0, 7, 5, 0, 4, 6, 0, 2, 1, 1, 0, 5, 2, 5, 2, 1, 1, 0, 0, 3, 3, 2, 4, 5, 2, 0, 2, 0, 6, 6, 0, 2, 3, 0, 0, 0, 0, 3, 0, 0, 4, 0, 0, 4, 2, 4, 4, 0, 4, 1, 0, 5, 5, 2, 2, 2, 5, 0, 8, 8, 0, 2, 3, 0, 1, 2, 0, 5, 3, 5, 4, 4, 0, 0, 1, 3, 5, 3, 2, 4, 3, 3, 3, 0, 2, 1, 9, 0, 8, 5, 0, 0, 0, 0, 2, 1, 0]","{'latency': 470873369, 'energy': 62559638.0, 'area': 16093500.0, 'power': 0.1786386153846154, 'cnt_pes': 38, 'l1_mem': 54, 'l2_mem': 1370, 'edp': 2.9457667508480424e+16}",64,0.8213260444975619
11,"[0.5        0.008      1.         1.         0.66666667 0.20833333
 0.08333333 0.125      1.         1.         1.         0.16666667
 1.         1.         1.         0.83333333 0.16666667 0.16666667
 0.33333333 0.16666667 0.33333333 0.5        1.         0.83333333
 0.33333333 0.33333333 0.66666667 0.16666667 0.83333333 0.33333333
 0.66666667 0.33333333 0.33333333 1.         1.         0.0625
 0.25       1.         0.33333333 1.         1.         0.0045045
 0.33333333 1.         0.16666667 0.16666667 1.         1.
 0.16666667 0.66666667 1.         0.83333333 0.5        0.66666667
 0.33333333 0.16666667 0.33333333 1.         0.66666667 1.
 0.66666667 0.16666667 0.03125    0.25       1.         0.25
 0.125      1.         1.         0.16666667 1.         0.5
 0.01351351 1.         0.16666667 0.33333333 0.66666667 0.83333333
 0.16666667 0.66666667 1.         0.5        0.16666667 0.5
 0.5        0.83333333 1.         0.5        0.66666667 0.66666667
 0.16666667 0.83333333 0.03125    0.125      1.         0.0625
 1.         1.         0.1        0.1        1.         0.2
 0.01818182 1.         0.83333333 0.33333333 0.66666667 0.66666667
 1.         0.5        0.83333333 0.33333333 0.33333333 0.16666667
 0.5        0.16666667 0.5        0.33333333 0.83333333 0.16666667
 0.33333333 0.33333333 0.03125    0.125      1.         0.5
 0.25       1.         0.09090909 0.2        1.         0.5
 0.04545455 1.         0.16666667 0.33333333 0.66666667 0.16666667
 0.5        0.83333333 1.         1.         0.5        0.33333333
 0.83333333 1.         0.83333333 0.33333333 0.83333333 0.33333333
 1.         0.5        0.0625     0.015625   1.         0.0078125
 0.5        1.         0.33333333 0.33333333 1.         0.16666667
 0.11111111 1.         1.         0.83333333 0.66666667 0.33333333
 1.         0.5        0.66666667 0.33333333 0.83333333 0.83333333
 0.33333333 0.16666667 0.16666667 0.83333333 0.5        0.16666667
 0.83333333 1.         0.00390625 0.0625     1.         0.015625
 0.0625     1.         1.         0.5        1.         0.16666667
 0.16666667 1.         0.5        0.83333333 0.66666667 0.16666667
 1.         0.33333333 0.16666667 0.5        1.         0.83333333
 0.16666667 0.16666667 0.16666667 0.66666667 1.         0.83333333
 0.5        1.         0.03125    0.0078125  1.         0.03125
 0.0625     1.         0.5        0.03846154 1.         0.07692308
 1.         1.         0.66666667 1.         0.5        0.83333333
 0.66666667 0.33333333 0.5        0.33333333 0.83333333 1.
 0.16666667 0.83333333 1.         0.33333333 0.33333333 0.83333333
 0.16666667 0.16666667 0.25       1.         1.         0.5
 0.5        1.         0.07692308 1.         1.         1.
 0.03846154 1.         1.         0.66666667 0.5        0.16666667
 0.83333333 0.33333333 0.66666667 0.33333333 0.66666667 0.83333333
 0.16666667 0.66666667 0.83333333 0.83333333 0.66666667 0.66666667
 0.16666667 0.16666667 0.00390625 1.         1.         0.125
 0.03125    1.         0.25       0.5        1.         0.25
 0.5        1.        ]",3.8258216836079417,"[2.8824241793910126, 2.8853094888798925, 2.888197686566459, 2.891088775341801, 2.893982758099901, 2.8968796377376385, 2.899779417154793, 2.902682099254047, 2.9055876869409882, 2.9084961831241123, 2.911407590714827, 2.914321912627454, 2.9172391517792335, 2.9201593110903237, 2.9230823934838073, 2.926008401885693, 2.928937339224918, 2.9318692084333513, 2.934804012445797, 2.937741754199997, 2.9406824366366338, 2.943626062699333, 2.9465726353346677, 2.9495221574921597, 2.952474632124284, 2.9554300621864704, 2.9583884506371074, 2.961349800437545, 2.964314114552097, 2.9672813959480453, 2.970251647595641, 2.973224872468109, 2.9762010735416506, 2.979180253795446, 2.982162416211658, 2.985147563775433, 2.988135699474908, 2.991126826301209, 2.9941209472484576, 2.9971180653137712, 3.0001181834972686, 3.003121304802071, 3.006127432234305, 3.009136568803108, 3.0121487175206285, 3.0151638814020307, 3.0181820634654963, 3.0212032667322286, 3.024227494226455, 3.0272547489754307, 3.0302850340094403, 3.033318352361802, 3.036354707068871, 3.039394101170041, 3.042436537707749, 3.0454820197274763, 3.048530550277754, 3.051582132410164, 3.0546367691793432, 3.0576944636429864, 3.060755218861848, 3.063819037899748, 3.0668859238235715, 3.069955879703275, 3.073028908611887, 3.0761050136255124, 3.0791841978233356, 3.082266464287623, 3.085351816103727, 3.0884402563600872, 3.0915317881482354, 3.094626414562798, 3.0977241387014995, 3.100824963665165, 3.1039288925577226, 3.107035928486209, 3.11014607456077, 3.1132593338946646, 3.116375709604269, 3.119495204809078, 3.1226178226317094, 3.125743566197907, 3.128872438636544, 3.1320044430796234, 3.1351395826622857, 3.1382778605228085, 3.1414192798026113, 3.1445638436462575, 3.147711555201459, 3.150862417619078, 3.154016434053131, 3.157173607660792, 3.1603339416023943, 3.1634974390414357, 3.1666641031445804, 3.169833937081662, 3.173006944025688, 3.1761831271528407, 3.1793624896424832, 3.1825450346771604, 3.185730765442603, 3.188919685127731, 3.1921117969246553, 3.195307104028684, 3.1985056096383224, 3.201707316955278, 3.2049122291844623, 3.2081203495339965, 3.2113316812152117, 3.2145462274426544, 3.2177639914340883, 3.2209849764104987, 3.224209185596095, 3.2274366222183133, 3.2306672895078212, 3.2339011906985196, 3.2371383290275473, 3.2403787077352826, 3.2436223300653477, 3.246869199264612, 3.250119318583195, 3.25337269127447, 3.256629320595065, 3.2598892098048697, 3.2631523621670366, 3.2664187809479848, 3.269688469417402, 3.2729614308482504, 3.2762376685167673, 3.2795171857024696, 3.282799985688158, 3.286086071759918, 3.2893754472071253, 3.2926681153224475, 3.295964079401849, 3.299263342744594, 3.3025659086532473, 3.305871780433681, 3.309180961395076, 3.312493454849926, 3.31580926411404, 3.319128392506547, 3.322450843349897, 3.325776619969867, 3.3291057256955625, 3.332438163859422, 3.335773937797219, 3.3391130508480673, 3.3424555063544217, 3.3458013076620836, 3.349150458120204, 3.352502961081285, 3.355858819901186, 3.359218037939125, 3.3625806185576828, 3.3659465651228055, 3.3693158810038093, 3.372688569573383, 3.3760646342075904, 3.3794440782858763, 3.3828269051910675, 3.386213118309377, 3.3896027210304074, 3.3929957167471545, 3.3963921088560105, 3.3997919007567674, 3.40319509585262, 3.40660169755017, 3.4100117092594293, 3.4134251343938233, 3.4168419763701934, 3.420262238608802, 3.4236859245333355, 3.4271130375709062, 3.430543581152058, 3.433977558710769, 3.4374149736844535, 3.4408558295139673, 3.444300129643611, 3.4477478775211323, 3.45119907659773, 3.454653730328058, 3.4581118421702284, 3.461573415585814, 3.465038454039854, 3.468506961000855, 3.471978939940796, 3.475454394335131, 3.4789333276627934, 3.4824157434061997, 3.485901645051251, 3.4893910360873384, 3.492883920007346, 3.4963803003076537, 3.499880180488142, 3.503383564052194, 3.506890454506701, 3.510400855362063, 3.5139147701321956, 3.51743220233453, 3.52095315549002, 3.5244776331231433, 3.5280056387619054, 3.531537175937843, 3.535072248186029, 3.538610859045074, 3.542153012057131, 3.545698710767899, 3.5492479587266255, 3.5528007594861117, 3.5563571166027144, 3.5599170336363506, 3.563480514150501, 3.5670475617122133, 3.5706181798921053, 3.5741923722643696, 3.5777701424067763, 3.581351493900677, 3.584936430331008, 3.5885249552862946, 3.5921170723586533, 3.595712785143797, 3.5993120972410377, 3.602915012253291, 3.6065215337870784, 3.610131665452531, 3.613745410863394, 3.6173627736370313, 3.6209837573944257, 3.624608365760186, 3.6282366023625485, 3.631868470833382, 3.63550397480819, 3.6391431179261162, 3.6427859038299464, 3.6464323361661126, 3.6500824185846974, 3.6537361547394367, 3.6573935482877244, 3.6610546028906152, 3.6647193222128283, 3.668387709922751, 3.6720597696924435, 3.675735505197641, 3.679414920117759, 3.6830980181358948, 3.6867848029388335, 3.6904752782170505, 3.694169447664715, 3.697867314979695, 3.7015688838635583, 3.70527415802158, 3.7089831411627427, 3.7126958369997425, 3.7164122492489913, 3.7201323816306218, 3.7238562378684903, 3.7275838216901804, 3.7313151368270074, 3.7350501870140214, 3.7387889759900115, 3.742531507497509, 3.7462777852827918, 3.7500278130958877, 3.753781594690578, 3.7575391338244026, 3.7613004342586613, 3.76506549975842, 3.7688343340925123, 3.772606941033546, 3.7763833243579037, 3.7801634878457495, 3.7839474352810307, 3.7877351704514823, 3.791526697148631, 3.795322019167799, 3.799121140308107, 3.8029240643724793, 3.806730795167647, 3.810541336504151, 3.8143556921963473, 3.8181738660624096, 3.821995861924334, 3.8258216836079417]","[13, 4, 0, 0, 1, 4, 1, 2, 5, 5, 5, 0, 5, 5, 5, 4, 0, 0, 1, 0, 1, 2, 5, 4, 1, 1, 3, 0, 4, 1, 3, 1, 0, 1, 0, 2, 4, 0, 5, 7, 0, 0, 5, 0, 0, 0, 5, 5, 0, 3, 5, 4, 2, 3, 1, 0, 1, 5, 3, 5, 3, 0, 1, 4, 0, 4, 3, 0, 7, 4, 0, 6, 2, 0, 0, 1, 3, 4, 0, 3, 5, 2, 0, 2, 2, 4, 5, 2, 3, 3, 0, 4, 1, 3, 0, 3, 7, 0, 4, 4, 0, 5, 1, 0, 4, 1, 3, 3, 5, 2, 4, 1, 1, 0, 2, 0, 2, 1, 4, 0, 1, 1, 2, 4, 0, 6, 5, 0, 3, 5, 0, 6, 2, 0, 0, 1, 3, 0, 2, 4, 5, 5, 2, 1, 4, 5, 4, 1, 4, 1, 5, 2, 3, 1, 0, 1, 7, 0, 5, 5, 0, 4, 3, 0, 5, 4, 3, 1, 5, 2, 3, 1, 4, 4, 1, 0, 0, 4, 2, 0, 4, 5, 0, 4, 0, 2, 4, 0, 7, 6, 0, 4, 4, 0, 2, 4, 3, 0, 5, 1, 0, 2, 5, 4, 0, 0, 0, 3, 5, 4, 2, 5, 3, 1, 0, 4, 5, 0, 2, 0, 0, 1, 3, 0, 3, 5, 2, 4, 3, 1, 2, 1, 4, 5, 0, 4, 5, 1, 1, 4, 0, 0, 7, 9, 0, 8, 8, 0, 1, 3, 0, 3, 0, 0, 5, 3, 2, 0, 4, 1, 3, 1, 3, 4, 0, 3, 4, 4, 3, 3, 0, 0, 1, 9, 0, 6, 4, 0, 2, 4, 0, 2, 4, 0]","{'latency': 802352618, 'energy': 28767912.9, 'area': 10513700.0, 'power': 1.384720384615385, 'cnt_pes': 24, 'l1_mem': 54, 'l2_mem': 2372608, 'edp': 2.3082010229710972e+16}",53,0.5305460096550154
12,"[1.25000000e-04 2.56000000e-01 1.00000000e+00 1.00000000e+00
 6.66666667e-01 9.58333333e-01 2.08333333e-01 1.00000000e+00
 1.00000000e+00 6.66666667e-01 3.33333333e-01 3.33333333e-01
 6.66666667e-01 6.66666667e-01 5.00000000e-01 1.66666667e-01
 1.66666667e-01 1.66666667e-01 6.66666667e-01 8.33333333e-01
 1.66666667e-01 8.33333333e-01 3.33333333e-01 6.66666667e-01
 8.33333333e-01 1.00000000e+00 6.66666667e-01 1.66666667e-01
 1.66666667e-01 6.66666667e-01 5.00000000e-01 1.00000000e+00
 3.33333333e-01 3.33333333e-01 1.00000000e+00 5.00000000e-01
 1.00000000e+00 1.00000000e+00 5.00000000e-01 3.33333333e-01
 1.00000000e+00 4.50450450e-03 3.33333333e-01 1.00000000e+00
 5.00000000e-01 1.66666667e-01 5.00000000e-01 1.66666667e-01
 1.66666667e-01 5.00000000e-01 1.66666667e-01 1.66666667e-01
 5.00000000e-01 1.00000000e+00 3.33333333e-01 1.00000000e+00
 8.33333333e-01 8.33333333e-01 6.66666667e-01 1.66666667e-01
 6.66666667e-01 5.00000000e-01 6.25000000e-02 6.25000000e-02
 1.00000000e+00 1.00000000e+00 5.00000000e-01 1.00000000e+00
 1.00000000e+00 3.33333333e-01 1.00000000e+00 2.70270270e-02
 4.50450450e-03 1.00000000e+00 3.33333333e-01 1.66666667e-01
 1.66666667e-01 5.00000000e-01 8.33333333e-01 3.33333333e-01
 3.33333333e-01 6.66666667e-01 8.33333333e-01 1.66666667e-01
 5.00000000e-01 6.66666667e-01 6.66666667e-01 1.00000000e+00
 6.66666667e-01 8.33333333e-01 6.66666667e-01 5.00000000e-01
 5.00000000e-01 6.25000000e-02 1.00000000e+00 1.00000000e+00
 2.50000000e-01 1.00000000e+00 9.09090909e-02 1.00000000e-01
 1.00000000e+00 9.09090909e-03 9.09090909e-02 1.00000000e+00
 6.66666667e-01 8.33333333e-01 8.33333333e-01 8.33333333e-01
 5.00000000e-01 6.66666667e-01 5.00000000e-01 6.66666667e-01
 5.00000000e-01 3.33333333e-01 1.00000000e+00 1.00000000e+00
 5.00000000e-01 8.33333333e-01 8.33333333e-01 8.33333333e-01
 5.00000000e-01 1.00000000e+00 1.00000000e+00 1.00000000e+00
 1.00000000e+00 5.00000000e-01 2.50000000e-01 1.00000000e+00
 1.81818182e-02 5.00000000e-01 1.00000000e+00 9.09090909e-03
 1.00000000e-01 1.00000000e+00 8.33333333e-01 8.33333333e-01
 3.33333333e-01 3.33333333e-01 3.33333333e-01 8.33333333e-01
 3.33333333e-01 6.66666667e-01 3.33333333e-01 1.66666667e-01
 5.00000000e-01 1.66666667e-01 1.00000000e+00 5.00000000e-01
 1.66666667e-01 8.33333333e-01 3.33333333e-01 1.66666667e-01
 6.25000000e-02 2.50000000e-01 1.00000000e+00 5.00000000e-01
 1.00000000e+00 1.00000000e+00 3.70370370e-02 5.00000000e-01
 1.00000000e+00 1.00000000e+00 3.70370370e-02 1.00000000e+00
 1.00000000e+00 1.00000000e+00 1.00000000e+00 1.66666667e-01
 1.66666667e-01 1.66666667e-01 3.33333333e-01 8.33333333e-01
 1.66666667e-01 8.33333333e-01 3.33333333e-01 1.66666667e-01
 1.00000000e+00 8.33333333e-01 6.66666667e-01 5.00000000e-01
 8.33333333e-01 6.66666667e-01 7.81250000e-03 7.81250000e-03
 1.00000000e+00 1.00000000e+00 1.00000000e+00 1.00000000e+00
 3.33333333e-01 1.66666667e-01 1.00000000e+00 1.85185185e-02
 1.85185185e-02 1.00000000e+00 8.33333333e-01 1.66666667e-01
 6.66666667e-01 1.00000000e+00 6.66666667e-01 3.33333333e-01
 1.00000000e+00 1.66666667e-01 8.33333333e-01 3.33333333e-01
 8.33333333e-01 1.00000000e+00 8.33333333e-01 3.33333333e-01
 1.00000000e+00 6.66666667e-01 6.66666667e-01 8.33333333e-01
 6.25000000e-02 1.00000000e+00 1.00000000e+00 2.50000000e-01
 2.50000000e-01 1.00000000e+00 7.69230769e-02 5.00000000e-01
 1.00000000e+00 3.84615385e-02 1.00000000e+00 1.00000000e+00
 8.33333333e-01 1.00000000e+00 1.00000000e+00 8.33333333e-01
 3.33333333e-01 5.00000000e-01 8.33333333e-01 5.00000000e-01
 1.00000000e+00 1.66666667e-01 8.33333333e-01 3.33333333e-01
 3.33333333e-01 3.33333333e-01 8.33333333e-01 6.66666667e-01
 5.00000000e-01 1.00000000e+00 1.25000000e-01 7.81250000e-03
 1.00000000e+00 1.00000000e+00 2.50000000e-01 1.00000000e+00
 5.00000000e-01 5.00000000e-01 1.00000000e+00 5.00000000e-01
 3.84615385e-02 1.00000000e+00 5.00000000e-01 1.00000000e+00
 1.66666667e-01 3.33333333e-01 1.00000000e+00 3.33333333e-01
 1.00000000e+00 8.33333333e-01 1.00000000e+00 6.66666667e-01
 8.33333333e-01 1.66666667e-01 6.66666667e-01 1.66666667e-01
 5.00000000e-01 6.66666667e-01 8.33333333e-01 1.66666667e-01
 7.81250000e-03 7.81250000e-03 1.00000000e+00 2.50000000e-01
 2.50000000e-01 1.00000000e+00 3.33333333e-01 1.00000000e+00
 1.00000000e+00 8.33333333e-02 1.66666667e-01 1.00000000e+00]",30.899805057323462,"[23.28031795556759, 23.303621577144735, 23.326948525670407, 23.350298824494903, 23.373672496991894, 23.397069566558454, 23.42049005661507, 23.443933990605675, 23.467401391997672, 23.490892284281955, 23.51440669097293, 23.53794463560854, 23.56150614175029, 23.585091232983274, 23.60869993291619, 23.63233226518137, 23.655988253434803, 23.67966792135616, 23.703371292648807, 23.727098391039846, 23.750849240280125, 23.77462386414427, 23.7984222864307, 23.82224453096166, 23.846090621583244, 23.869960582165408, 23.89385443660201, 23.91777220881082, 23.941713922733555, 23.965679602335893, 23.9896692716075, 24.01368295456206, 24.0377206752373, 24.061782457694996, 24.085868326021018, 24.10997830432534, 24.134112416742084, 24.158270687429514, 24.182453140570086, 24.206659800370456, 24.230890691061518, 24.255145836898418, 24.27942526216058, 24.303728991151733, 24.328057048199934, 24.352409457657593, 24.376786243901496, 24.40118743133283, 24.425613044377208, 24.45006310748469, 24.47453764512982, 24.49903668181163, 24.523560242053684, 24.54810835040409, 24.572681031435526, 24.59727830974527, 24.621900209955225, 24.64654675671194, 24.671217974686623, 24.6959138885752, 24.720634523098298, 24.7453799030013, 24.770150053054355, 24.794944998052408, 24.819764762815222, 24.84460937218741, 24.869478851038448, 24.89437322426271, 24.919292516779493, 24.944236753533026, 24.96920595949252, 24.994200159652173, 25.019219379031206, 25.04426364267388, 25.06933297564953, 25.09442740305258, 25.119546950002583, 25.144691641644226, 25.169861503147374, 25.19505655970708, 25.220276836543622, 25.245522358902523, 25.270793152054576, 25.29608924129587, 25.32141065194782, 25.346757409357174, 25.372129538896072, 25.397527065962034, 25.422950015978014, 25.448398414392408, 25.473872286679086, 25.499371658337424, 25.524896554892315, 25.55044700189421, 25.576023024919127, 25.601624649568695, 25.627251901470164, 25.65290480627644, 25.678583389666105, 25.704287677343448, 25.730017695038487, 25.755773468506995, 25.781555023530526, 25.80736238591644, 25.83319558149794, 25.859054636134072, 25.884939575709783, 25.91085042613592, 25.93678721334927, 25.962749963312582, 25.988738702014597, 26.014753455470068, 26.040794249719788, 26.06686111083062, 26.092954064895515, 26.11907313803355, 26.14521835638994, 26.171389746136075, 26.197587333469546, 26.22381114461416, 26.25006120581998, 26.276337543363343, 26.30264018354689, 26.328969152699592, 26.35532447717677, 26.38170618336013, 26.40811429765779, 26.434548846504295, 26.461009856360658, 26.48749735371437, 26.51401136507945, 26.54055191699645, 26.56711903603248, 26.59371274878126, 26.620333081863123, 26.64698006192505, 26.67365371564069, 26.7003540697104, 26.72708115086126, 26.753834985847107, 26.780615601448556, 26.807423024473028, 26.834257281754784, 26.86111840015494, 26.8880064065615, 26.91492132788939, 26.941863191080472, 26.968832023103577, 26.99582785095453, 27.022850701656186, 27.049900602258443, 27.07697757983828, 27.10408166149978, 27.131212874374153, 27.158371245619772, 27.185556802422195, 27.21276957199419, 27.240009581575766, 27.2672768584342, 27.294571429864064, 27.32189332318725, 27.349242565753002, 27.37661918493794, 27.404023208146086, 27.431454662808896, 27.45891357638528, 27.486399976361643, 27.513913890251896, 27.541455345597495, 27.56902436996746, 27.59662099095842, 27.624245236194614, 27.651897133327942, 27.67957671003798, 27.707283994032014, 27.735019013045058, 27.7627817948399, 27.790572367207105, 27.81839075796507, 27.84623699496003, 27.874111106066096, 27.90201311918528, 27.929943062247528, 27.95790096321074, 27.9858868500608, 28.01390075081161, 28.041942693505117, 28.07001270621133, 28.098110817028356, 28.126237054082438, 28.154391445527967, 28.182574019547513, 28.210784804351864, 28.239023828180045, 28.267291119299344, 28.29558670600535, 28.32391061662197, 28.35226287950147, 28.380643523024496, 28.409052575600096, 28.437490065665763, 28.46595602168745, 28.49445047215961, 28.522973445605214, 28.55152497057579, 28.580105075651442, 28.608713789440884, 28.637351140581465, 28.666017157739205, 28.694711869608813, 28.72343530491373, 28.752187492406133, 28.780968460867, 28.80977823910611, 28.83861685596207, 28.867484340302372, 28.896380721023394, 28.925306027050446, 28.954260287337785, 28.983243530868656, 29.01225578665531, 29.04129708373905, 29.07036745119024, 29.099466918108348, 29.12859551362197, 29.15775326688886, 29.186940207095958, 29.21615636345942, 29.245401765224642, 29.27467644166631, 29.303980422088397, 29.33331373582422, 29.362676412236457, 29.392068480717175, 29.421489970687862, 29.45094091159946, 29.48042133293239, 29.509931264196588, 29.53947073493152, 29.569039774706226, 29.598638413119346, 29.628266679799147, 29.65792460440355, 29.68761221662017, 29.717329546166336, 29.747076622789127, 29.77685347626539, 29.806660136401792, 29.836496633034827, 29.86636299603086, 29.896259255286143, 29.92618544072687, 29.95614158230918, 29.986127710019197, 30.01614385387307, 30.046190043916987, 30.076266310227215, 30.106372682910123, 30.136509192102224, 30.166675867970195, 30.196872740710905, 30.227099840551457, 30.257357197749204, 30.287644842591796, 30.317962805397194, 30.348311116513706, 30.378689806320025, 30.40909890522525, 30.43953844366892, 30.47000845212104, 30.500508961082122, 30.531040001083205, 30.56160160268589, 30.592193796482373, 30.62281661309547, 30.65347008317865, 30.684154237416067, 30.71486910652259, 30.745614721243832, 30.77639111235619, 30.80719831066686, 30.838036347013873, 30.86890525226614, 30.899805057323462]","[1, 9, 0, 0, 1, 22, 4, 23, 5, 3, 1, 1, 3, 3, 2, 0, 0, 0, 3, 4, 0, 4, 1, 3, 4, 5, 3, 0, 0, 3, 2, 5, 0, 0, 0, 5, 6, 0, 6, 5, 0, 0, 5, 0, 2, 0, 2, 0, 0, 2, 0, 0, 2, 5, 1, 5, 4, 4, 3, 0, 3, 2, 2, 2, 0, 6, 5, 0, 7, 5, 0, 3, 0, 0, 1, 0, 0, 2, 4, 1, 1, 3, 4, 0, 2, 3, 3, 5, 3, 4, 3, 2, 5, 2, 0, 7, 5, 0, 3, 4, 0, 0, 3, 0, 3, 4, 4, 4, 2, 3, 2, 3, 2, 1, 5, 5, 2, 4, 4, 4, 2, 5, 7, 7, 0, 6, 5, 0, 1, 6, 0, 0, 4, 0, 4, 4, 1, 1, 1, 4, 1, 3, 1, 0, 2, 0, 5, 2, 0, 4, 1, 0, 3, 5, 0, 7, 8, 0, 1, 6, 0, 7, 1, 0, 5, 5, 5, 0, 0, 0, 1, 4, 0, 4, 1, 0, 5, 4, 3, 2, 4, 3, 1, 1, 0, 8, 8, 0, 5, 4, 0, 0, 0, 0, 4, 0, 3, 5, 3, 1, 5, 0, 4, 1, 4, 5, 4, 1, 5, 3, 3, 4, 4, 8, 0, 7, 7, 0, 1, 2, 0, 0, 3, 0, 4, 5, 5, 4, 1, 2, 4, 2, 5, 0, 4, 1, 1, 1, 4, 3, 2, 5, 6, 2, 0, 9, 7, 0, 2, 2, 0, 2, 0, 0, 2, 5, 0, 1, 5, 1, 5, 4, 5, 3, 4, 0, 3, 0, 2, 3, 4, 0, 2, 2, 0, 7, 7, 0, 3, 5, 0, 0, 1, 0]","{'latency': 99342311, 'energy': 23295492.9, 'area': 302792000.0, 'power': 2.595824615384615, 'cnt_pes': 480, 'l1_mem': 54, 'l2_mem': 372992, 'edp': 2314228100570092.0}",39,5.079896659356935
13,"[0.015625   0.008      1.         1.         0.66666667 0.08333333
 0.16666667 1.         1.         1.         1.         0.83333333
 0.16666667 0.5        0.33333333 0.83333333 0.16666667 0.83333333
 0.33333333 1.         1.         0.83333333 1.         1.
 1.         0.16666667 0.33333333 0.16666667 0.83333333 0.33333333
 0.16666667 0.16666667 1.         1.         1.         0.25
 0.125      1.         0.16666667 1.         1.         0.0045045
 0.00900901 1.         0.33333333 1.         0.16666667 0.5
 0.66666667 0.66666667 1.         0.33333333 1.         0.66666667
 0.83333333 1.         0.66666667 1.         0.83333333 1.
 0.16666667 0.83333333 0.125      0.25       1.         0.25
 0.125      1.         0.33333333 1.         1.         0.5
 0.0045045  1.         0.5        0.33333333 0.33333333 0.16666667
 0.33333333 0.66666667 0.66666667 1.         0.33333333 0.5
 0.16666667 0.16666667 0.83333333 1.         0.33333333 0.66666667
 0.33333333 0.83333333 0.5        0.125      1.         0.03125
 0.125      1.         0.1        0.5        1.         0.09090909
 0.09090909 1.         0.5        0.5        0.66666667 0.66666667
 0.16666667 0.66666667 0.16666667 0.83333333 0.33333333 0.16666667
 0.5        0.16666667 0.33333333 0.66666667 0.66666667 0.16666667
 0.33333333 0.33333333 0.0625     0.5        1.         0.25
 0.0625     1.         0.01818182 0.1        1.         0.1
 0.1        1.         0.66666667 0.16666667 0.66666667 0.16666667
 0.66666667 0.33333333 0.5        0.66666667 0.5        1.
 0.83333333 0.16666667 0.66666667 0.83333333 0.5        0.33333333
 1.         0.5        0.25       0.015625   1.         0.0078125
 0.015625   1.         0.33333333 0.5        1.         0.16666667
 0.05555556 1.         0.33333333 0.66666667 0.66666667 0.33333333
 0.16666667 0.16666667 0.16666667 0.83333333 0.83333333 1.
 0.66666667 0.83333333 0.16666667 0.5        0.16666667 0.16666667
 1.         0.33333333 1.         0.5        1.         0.25
 0.0625     1.         0.5        0.5        1.         0.16666667
 0.5        1.         0.66666667 0.5        0.33333333 1.
 0.16666667 0.33333333 0.66666667 0.5        1.         0.16666667
 0.66666667 0.16666667 0.33333333 1.         0.33333333 0.83333333
 0.66666667 0.5        0.015625   0.125      1.         0.03125
 0.5        1.         0.07692308 0.5        1.         0.5
 1.         1.         0.33333333 0.33333333 0.16666667 0.83333333
 0.16666667 0.5        0.66666667 0.33333333 0.5        1.
 0.66666667 0.5        0.33333333 1.         0.33333333 0.83333333
 1.         0.66666667 0.00390625 0.03125    1.         0.5
 0.5        1.         0.07692308 0.5        1.         0.5
 0.03846154 1.         1.         0.66666667 0.83333333 0.83333333
 0.83333333 1.         0.83333333 0.33333333 0.83333333 0.5
 0.66666667 0.66666667 0.83333333 0.66666667 0.16666667 0.66666667
 0.16666667 0.16666667 0.25       0.03125    1.         0.015625
 0.03125    1.         0.33333333 1.         1.         1.
 0.16666667 1.        ]",10.11911209820915,"[7.6238716275819, 7.631503130712613, 7.639142272985598, 7.646789062047646, 7.654443505553199, 7.662105611164363, 7.669775386550914, 7.6774528393903045, 7.685137977367672, 7.692830808175848, 7.700531339515363, 7.708239579094458, 7.715955534629087, 7.72367921384293, 7.731410624467397, 7.739149774241639, 7.746896670912552, 7.754651322234786, 7.762413735970757, 7.7701839198906475, 7.77796188177242, 7.785747629401822, 7.793541170572395, 7.80134251308548, 7.80915166475023, 7.816968633383613, 7.824793426810424, 7.832626052863287, 7.84046651938267, 7.848314834216887, 7.856171005222109, 7.8640350402623715, 7.871906947209581, 7.879786733943525, 7.887674408351876, 7.895569978330206, 7.903473451781989, 7.911384836618607, 7.919304140759366, 7.927231372131498, 7.935166538670168, 7.943109648318487, 7.951060709027514, 7.95901972875627, 7.966986715471742, 7.97496167714889, 7.9829446217706606, 7.9909355573279885, 7.998934491819808, 8.006941433253061, 8.014956389642704, 8.022979369011715, 8.031010379391105, 8.039049428819926, 8.047096525345271, 8.055151677022293, 8.063214891914207, 8.071286178092299, 8.079365543635936, 8.087452996632567, 8.095548545177746, 8.103652197375121, 8.111763961336457, 8.119883845181638, 8.128011857038677, 8.13614800504372, 8.144292297341062, 8.152444742083146, 8.160605347430577, 8.16877412155213, 8.176951072624753, 8.185136208833587, 8.193329538371959, 8.2015310694414, 8.20974081025165, 8.21795876902067, 8.226184953974645, 8.234419373347993, 8.242662035383377, 8.25091294833171, 8.259172120452162, 8.267439560012173, 8.27571527528746, 8.283999274562023, 8.292291566128151, 8.300592158286438, 8.308901059345784, 8.317218277623407, 8.325543821444851, 8.333877699143995, 8.342219919063059, 8.350570489552611, 8.358929418971583, 8.367296715687269, 8.375672388075344, 8.384056444519864, 8.392448893413277, 8.400849743156433, 8.409259002158592, 8.417676678837429, 8.426102781619049, 8.434537318937986, 8.442980299237224, 8.451431730968192, 8.459891622590783, 8.468359982573357, 8.47683681939275, 8.485322141534285, 8.493815957491776, 8.502318275767545, 8.510829104872418, 8.519348453325744, 8.527876329655399, 8.536412742397797, 8.544957700097894, 8.553511211309203, 8.562073284593797, 8.570643928522319, 8.579223151673993, 8.58781096263663, 8.596407370006636, 8.605012382389026, 8.613626008397423, 8.622248256654077, 8.630879135789867, 8.639518654444311, 8.648166821265576, 8.656823644910487, 8.665489134044531, 8.674163297341872, 8.682846143485358, 8.691537681166524, 8.70023791908561, 8.708946865951562, 8.717664530482043, 8.726390921403446, 8.735126047450898, 8.743869917368265, 8.752622539908174, 8.761383923832005, 8.770154077909915, 8.778933010920836, 8.787720731652488, 8.79651724890139, 8.805322571472862, 8.814136708181044, 8.822959667848894, 8.831791459308201, 8.8406320913996, 8.849481572972573, 8.858339912885459, 8.867207120005464, 8.876083203208673, 8.884968171380052, 8.893862033413466, 8.902764798211678, 8.911676474686363, 8.920597071758122, 8.929526598356478, 8.938465063419898, 8.947412475895794, 8.956368844740535, 8.965334178919454, 8.97430848740686, 8.983291779186047, 8.992284063249295, 9.001285348597893, 9.010295644242134, 9.019314959201337, 9.02834330250384, 9.037380683187028, 9.046427110297325, 9.055482592890215, 9.064547140030244, 9.073620760791036, 9.08270346425529, 9.091795259514805, 9.100896155670476, 9.110006161832308, 9.119125287119427, 9.128253540660088, 9.13739093159168, 9.14653746906074, 9.155693162222963, 9.164858020243207, 9.174032052295502, 9.183215267563066, 9.192407675238304, 9.201609284522826, 9.210820104627453, 9.220040144772225, 9.229269414186412, 9.23850792210852, 9.247755677786305, 9.257012690476781, 9.266278969446228, 9.275554523970198, 9.284839363333532, 9.294133496830362, 9.303436933764127, 9.312749683447574, 9.322071755202778, 9.33140315836114, 9.340743902263403, 9.350093996259663, 9.359453449709372, 9.368822271981353, 9.378200472453807, 9.387588060514322, 9.396985045559882, 9.406391436996879, 9.41580724424112, 9.425232476717838, 9.4346671438617, 9.444111255116818, 9.453564819936755, 9.46302784778454, 9.472500348132673, 9.481982330463136, 9.491473804267404, 9.50097477904645, 9.510485264310761, 9.520005269580341, 9.529534804384726, 9.53907387826299, 9.548622500763754, 9.558180681445199, 9.567748429875074, 9.577325755630705, 9.586912668299004, 9.59650917747648, 9.60611529276925, 9.615731023793042, 9.625356380173216, 9.63499137154476, 9.644636007552313, 9.654290297850164, 9.663954252102267, 9.673627879982249, 9.683311191173422, 9.69300419536879, 9.70270690227106, 9.712419321592654, 9.72214146305571, 9.731873336392102, 9.741614951343445, 9.751366317661105, 9.761127445106212, 9.77089834344966, 9.780679022472132, 9.790469491964096, 9.800269761725822, 9.81007984156739, 9.8198997413087, 9.829729470779478, 9.839569039819297, 9.849418458277574, 9.859277736013588, 9.869146882896485, 9.879025908805291, 9.88891482362892, 9.898813637266185, 9.908722359625811, 9.918641000626437, 9.928569570196633, 9.938508078274907, 9.948456534809717, 9.958414949759476, 9.968383333092568, 9.978361694787356, 9.988350044832188, 9.998348393225413, 10.00835674997539, 10.01837512510049, 10.02840352862912, 10.03844197059972, 10.048490461060782, 10.058549010070852, 10.06861762769855, 10.078696324022573, 10.088785109131704, 10.09888399312483, 10.108992986110941, 10.11911209820915]","[8, 4, 0, 0, 1, 1, 3, 23, 5, 5, 5, 4, 0, 2, 1, 4, 0, 4, 1, 5, 5, 4, 5, 5, 5, 0, 1, 0, 4, 1, 0, 0, 1, 1, 0, 4, 3, 0, 4, 7, 0, 0, 1, 0, 1, 5, 0, 2, 3, 3, 5, 1, 5, 3, 4, 5, 3, 5, 4, 5, 0, 4, 3, 4, 0, 4, 3, 0, 5, 7, 0, 6, 0, 0, 2, 1, 1, 0, 1, 3, 3, 5, 1, 2, 0, 0, 4, 5, 1, 3, 1, 4, 5, 3, 0, 2, 4, 0, 4, 6, 0, 3, 3, 0, 2, 2, 3, 3, 0, 3, 0, 4, 1, 0, 2, 0, 1, 3, 3, 0, 1, 1, 3, 6, 0, 5, 3, 0, 1, 4, 0, 4, 4, 0, 3, 0, 3, 0, 3, 1, 2, 3, 2, 5, 4, 0, 3, 4, 2, 1, 5, 2, 5, 1, 0, 1, 2, 0, 5, 6, 0, 4, 2, 0, 1, 3, 3, 1, 0, 0, 0, 4, 4, 5, 3, 4, 0, 2, 0, 0, 5, 1, 8, 7, 0, 6, 4, 0, 6, 6, 0, 4, 6, 0, 3, 2, 1, 5, 0, 1, 3, 2, 5, 0, 3, 0, 1, 5, 1, 4, 3, 2, 2, 5, 0, 4, 8, 0, 1, 2, 0, 2, 3, 0, 1, 1, 0, 4, 0, 2, 3, 1, 2, 5, 3, 2, 1, 5, 1, 4, 5, 3, 1, 4, 0, 8, 8, 0, 1, 2, 0, 2, 0, 0, 5, 3, 4, 4, 4, 5, 4, 1, 4, 2, 3, 3, 4, 3, 0, 3, 0, 0, 7, 4, 0, 3, 4, 0, 3, 5, 0, 5, 1, 0]","{'latency': 303352509, 'energy': 26870929.0, 'area': 223591000.0, 'power': 1.981476923076923, 'cnt_pes': 384, 'l1_mem': 54, 'l2_mem': 244832, 'edp': 8151363731310861.0}",54,1.389966944470011
14,"[1.25000000e-04 2.56000000e-01 1.00000000e+00 1.00000000e+00
 6.66666667e-01 1.66666667e-01 3.33333333e-01 6.66666667e-01
 3.33333333e-01 8.33333333e-01 3.33333333e-01 1.00000000e+00
 3.33333333e-01 1.66666667e-01 5.00000000e-01 1.66666667e-01
 1.00000000e+00 1.66666667e-01 6.66666667e-01 8.33333333e-01
 6.66666667e-01 3.33333333e-01 3.33333333e-01 6.66666667e-01
 8.33333333e-01 1.00000000e+00 6.66666667e-01 1.66666667e-01
 1.66666667e-01 6.66666667e-01 5.00000000e-01 1.00000000e+00
 3.33333333e-01 3.33333333e-01 1.00000000e+00 5.00000000e-01
 1.00000000e+00 1.00000000e+00 5.00000000e-01 3.33333333e-01
 1.00000000e+00 4.50450450e-03 1.00000000e+00 1.00000000e+00
 5.00000000e-01 8.33333333e-01 5.00000000e-01 1.66666667e-01
 1.66666667e-01 5.00000000e-01 1.66666667e-01 1.66666667e-01
 5.00000000e-01 1.00000000e+00 3.33333333e-01 1.00000000e+00
 8.33333333e-01 8.33333333e-01 6.66666667e-01 1.66666667e-01
 6.66666667e-01 5.00000000e-01 6.25000000e-02 5.00000000e-01
 1.00000000e+00 1.00000000e+00 1.00000000e+00 1.00000000e+00
 1.66666667e-01 3.33333333e-01 1.00000000e+00 2.70270270e-02
 4.50450450e-03 1.00000000e+00 3.33333333e-01 5.00000000e-01
 1.66666667e-01 5.00000000e-01 8.33333333e-01 3.33333333e-01
 3.33333333e-01 5.00000000e-01 8.33333333e-01 1.66666667e-01
 5.00000000e-01 6.66666667e-01 6.66666667e-01 1.00000000e+00
 6.66666667e-01 8.33333333e-01 6.66666667e-01 5.00000000e-01
 5.00000000e-01 6.25000000e-02 1.00000000e+00 1.00000000e+00
 1.00000000e+00 1.00000000e+00 9.09090909e-02 1.00000000e-01
 1.00000000e+00 9.09090909e-03 9.09090909e-02 1.00000000e+00
 1.66666667e-01 3.33333333e-01 8.33333333e-01 8.33333333e-01
 5.00000000e-01 6.66666667e-01 5.00000000e-01 6.66666667e-01
 5.00000000e-01 8.33333333e-01 1.00000000e+00 1.00000000e+00
 5.00000000e-01 5.00000000e-01 6.66666667e-01 8.33333333e-01
 8.33333333e-01 1.00000000e+00 1.00000000e+00 1.00000000e+00
 1.00000000e+00 5.00000000e-01 2.50000000e-01 1.00000000e+00
 1.81818182e-02 5.00000000e-01 1.00000000e+00 9.09090909e-03
 1.00000000e-01 1.00000000e+00 8.33333333e-01 8.33333333e-01
 3.33333333e-01 3.33333333e-01 3.33333333e-01 8.33333333e-01
 3.33333333e-01 6.66666667e-01 3.33333333e-01 1.66666667e-01
 5.00000000e-01 1.66666667e-01 1.00000000e+00 5.00000000e-01
 1.66666667e-01 1.66666667e-01 3.33333333e-01 1.66666667e-01
 6.25000000e-02 2.50000000e-01 1.00000000e+00 5.00000000e-01
 1.00000000e+00 1.00000000e+00 3.70370370e-02 5.00000000e-01
 1.00000000e+00 1.00000000e+00 3.70370370e-02 1.00000000e+00
 1.00000000e+00 1.00000000e+00 1.00000000e+00 1.66666667e-01
 1.66666667e-01 6.66666667e-01 3.33333333e-01 8.33333333e-01
 1.66666667e-01 8.33333333e-01 3.33333333e-01 1.66666667e-01
 1.00000000e+00 8.33333333e-01 6.66666667e-01 8.33333333e-01
 1.00000000e+00 6.66666667e-01 7.81250000e-03 7.81250000e-03
 1.00000000e+00 1.00000000e+00 1.00000000e+00 1.00000000e+00
 1.66666667e-01 1.66666667e-01 1.00000000e+00 1.85185185e-02
 1.85185185e-02 1.00000000e+00 8.33333333e-01 1.66666667e-01
 6.66666667e-01 1.00000000e+00 6.66666667e-01 3.33333333e-01
 1.00000000e+00 1.00000000e+00 8.33333333e-01 3.33333333e-01
 8.33333333e-01 1.00000000e+00 8.33333333e-01 5.00000000e-01
 1.00000000e+00 6.66666667e-01 8.33333333e-01 8.33333333e-01
 6.25000000e-02 1.00000000e+00 1.00000000e+00 2.50000000e-01
 2.50000000e-01 1.00000000e+00 7.69230769e-02 7.69230769e-02
 1.00000000e+00 3.84615385e-02 1.00000000e+00 1.00000000e+00
 8.33333333e-01 1.00000000e+00 1.00000000e+00 8.33333333e-01
 3.33333333e-01 5.00000000e-01 8.33333333e-01 5.00000000e-01
 1.00000000e+00 6.66666667e-01 8.33333333e-01 3.33333333e-01
 3.33333333e-01 3.33333333e-01 8.33333333e-01 6.66666667e-01
 5.00000000e-01 1.00000000e+00 1.25000000e-01 1.56250000e-02
 1.00000000e+00 1.00000000e+00 2.50000000e-01 1.00000000e+00
 5.00000000e-01 5.00000000e-01 1.00000000e+00 5.00000000e-01
 3.84615385e-02 1.00000000e+00 5.00000000e-01 1.00000000e+00
 1.66666667e-01 3.33333333e-01 1.00000000e+00 3.33333333e-01
 1.00000000e+00 8.33333333e-01 1.00000000e+00 6.66666667e-01
 6.66666667e-01 1.66666667e-01 6.66666667e-01 5.00000000e-01
 5.00000000e-01 6.66666667e-01 8.33333333e-01 1.66666667e-01
 7.81250000e-03 7.81250000e-03 1.00000000e+00 2.50000000e-01
 2.50000000e-01 1.00000000e+00 3.33333333e-01 1.00000000e+00
 1.00000000e+00 8.33333333e-02 1.66666667e-01 1.00000000e+00]",97.91035061028809,"[73.7669408955827, 73.84078167725997, 73.9146963736336, 73.9886850586923, 74.06274780649879, 74.13688469118998, 74.21109578697695, 74.2853811681451, 74.35974090905415, 74.43417508413829, 74.50868376790619, 74.58326703494113, 74.65792495990104, 74.73265761751856, 74.80746508260115, 74.88234743003119, 74.95730473476596, 75.03233707183779, 75.10744451635414, 75.18262714349763, 75.25788502852615, 75.33321824677292, 75.40862687364657, 75.4841109846312, 75.55967065528648, 75.63530596124772, 75.71101697822596, 75.78680378200796, 75.86266644845642, 75.93860505350993, 76.01461967318312, 76.09071038356669, 76.16687726082752, 76.24312038120873, 76.31943982102976, 76.39583565668644, 76.4723079646511, 76.54885682147257, 76.62548230377635, 76.70218448826462, 76.77896345171634, 76.85581927098733, 76.93275202301034, 77.00976178479513, 77.08684863342856, 77.16401264607464, 77.24125389997461, 77.31857247244706, 77.39596844088794, 77.47344188277071, 77.55099287564636, 77.6286214971435, 77.70632782496847, 77.78411193690538, 77.86197391081619, 77.93991382464083, 78.01793175639722, 78.0960277841814, 78.17420198616757, 78.25245444060818, 78.330785225834, 78.40919442025427, 78.48768210235663, 78.56624835070734, 78.64489324395129, 78.7236168608121, 78.8024192800922, 78.88130058067287, 78.96026084151438, 79.03930014165604, 79.11841856021626, 79.19761617639264, 79.2768930694621, 79.35624931878088, 79.43568500378467, 79.51520020398866, 79.59479499898764, 79.6744694684561, 79.75422369214824, 79.83405774989814, 79.91397172161976, 79.99396568730707, 80.0740397270341, 80.15419392095507, 80.23442834930437, 80.31474309239677, 80.3951382306274, 80.47561384447187, 80.55617001448636, 80.63680682130766, 80.71752434565332, 80.79832266832163, 80.87920187019182, 80.96016203222405, 81.0412032354595, 81.12232556102053, 81.20352909011064, 81.28481390401465, 81.36618008409876, 81.44762771181057, 81.52915686867925, 81.61076763631557, 81.69246009641198, 81.77423433074271, 81.85609042116388, 81.9380284496135, 82.0200484981116, 82.10215064876037, 82.18433498374412, 82.26660158532945, 82.34895053586531, 82.4313819177831, 82.51389581359669, 82.59649230590259, 82.67917147737997, 82.76193341079076, 82.84477818897975, 82.92770589487462, 83.0107166114861, 83.09381042190802, 83.17698740931733, 83.26024765697431, 83.34359124822254, 83.42701826648903, 83.51052879528432, 83.59412291820252, 83.67780071892143, 83.76156228120263, 83.84540768889153, 83.92933702591745, 84.01335037629374, 84.09744782411786, 84.18162945357143, 84.26589534892035, 84.35024559451487, 84.43468027478967, 84.51919947426393, 84.60380327754147, 84.68849176931079, 84.77326503434513, 84.85812315750263, 84.94306622372636, 85.02809431804441, 85.11320752556998, 85.19840593150148, 85.2836896211226, 85.36905867980241, 85.4545131929954, 85.54005324624165, 85.62567892516682, 85.7113903154823, 85.7971875029853, 85.88307057355885, 85.96903961317203, 86.0550947078799, 86.14123594382373, 86.22746340723096, 86.31377718441537, 86.40017736177715, 86.48666402580295, 86.57323726306602, 86.65989716022625, 86.74664380403028, 86.8334772813116, 86.9203976789906, 87.00740508407468, 87.09449958365833, 87.18168126492326, 87.26895021513839, 87.35630652166004, 87.44375027193198, 87.53128155348546, 87.61890045393939, 87.70660706100038, 87.79440146246284, 87.88228374620905, 87.97025400020927, 88.05831231252179, 88.14645877129308, 88.23469346475784, 88.32301648123908, 88.41142790914823, 88.49992783698522, 88.58851635333856, 88.67719354688545, 88.76595950639184, 88.85481432071255, 88.94375807879135, 89.03279086966101, 89.12191278244346, 89.21112390634981, 89.3004243306805, 89.38981414482532, 89.47929343826358, 89.56886230056415, 89.65852082138554, 89.74826909047601, 89.8381071976737, 89.9280352329066, 90.01805328619278, 90.10816144764043, 90.19835980744787, 90.28864845590378, 90.37902748338718, 90.46949698036754, 90.56005703740495, 90.6507077451501, 90.74144919434444, 90.83228147582027, 90.92320468050077, 91.01421889940018, 91.1053242236238, 91.19652074436816, 91.28780855292108, 91.37918774066173, 91.4706583990608, 91.56222061968047, 91.65387449417464, 91.74562011428894, 91.8374575718608, 91.92938695881962, 92.02140836718681, 92.11352188907588, 92.20572761669257, 92.2980256423349, 92.3904160583933, 92.48289895735066, 92.57547443178244, 92.66814257435679, 92.76090347783463, 92.85375723506971, 92.94670393900871, 93.03974368269141, 93.13287655925066, 93.22610266191258, 93.31942208399657, 93.4128349189155, 93.50634126017567, 93.59994120137705, 93.69363483621326, 93.78742225847174, 93.88130356203376, 93.97527884087464, 94.0693481890637, 94.16351170076447, 94.2577694702347, 94.35212159182653, 94.44656815998651, 94.54110926925577, 94.63574501427004, 94.7304754897598, 94.82530079055034, 94.9202210115619, 95.01523624780971, 95.11034659440412, 95.20555214655067, 95.30085299955023, 95.39624924879902, 95.49174098978881, 95.58732831810691, 95.68301132943635, 95.77879011955591, 95.87466478434025, 95.97063541976001, 96.0667021218819, 96.16286498686877, 96.25912411097976, 96.35547959057033, 96.45193152209242, 96.54848000209452, 96.64512512722175, 96.74186699421597, 96.83870569991588, 96.93564134125714, 97.0326740152724, 97.12980381909149, 97.22703084994143, 97.32435520514657, 97.4217769821287, 97.51929627840711, 97.61691319159871, 97.71462781941813, 97.8124402596778, 97.91035061028809]","[1, 9, 0, 0, 1, 3, 7, 15, 1, 4, 1, 5, 1, 0, 2, 0, 5, 0, 3, 4, 3, 1, 1, 3, 4, 5, 3, 0, 0, 3, 2, 5, 0, 0, 0, 5, 6, 0, 6, 5, 0, 0, 7, 0, 2, 4, 2, 0, 0, 2, 0, 0, 2, 5, 1, 5, 4, 4, 3, 0, 3, 2, 2, 5, 0, 6, 6, 0, 4, 5, 0, 3, 0, 0, 1, 2, 0, 2, 4, 1, 1, 2, 4, 0, 2, 3, 3, 5, 3, 4, 3, 2, 5, 2, 0, 7, 7, 0, 3, 4, 0, 0, 3, 0, 0, 1, 4, 4, 2, 3, 2, 3, 2, 4, 5, 5, 2, 2, 3, 4, 4, 5, 7, 7, 0, 6, 5, 0, 1, 6, 0, 0, 4, 0, 4, 4, 1, 1, 1, 4, 1, 3, 1, 0, 2, 0, 5, 2, 0, 0, 1, 0, 3, 5, 0, 7, 8, 0, 1, 6, 0, 7, 1, 0, 5, 5, 5, 0, 0, 3, 1, 4, 0, 4, 1, 0, 5, 4, 3, 4, 5, 3, 1, 1, 0, 8, 8, 0, 4, 4, 0, 0, 0, 0, 4, 0, 3, 5, 3, 1, 5, 5, 4, 1, 4, 5, 4, 2, 5, 3, 4, 4, 4, 8, 0, 7, 7, 0, 1, 1, 0, 0, 3, 0, 4, 5, 5, 4, 1, 2, 4, 2, 5, 3, 4, 1, 1, 1, 4, 3, 2, 5, 6, 3, 0, 9, 7, 0, 2, 2, 0, 2, 0, 0, 2, 5, 0, 1, 5, 1, 5, 4, 5, 3, 3, 0, 3, 2, 2, 3, 4, 0, 2, 2, 0, 7, 7, 0, 3, 5, 0, 0, 1, 0]","{'latency': 31304416, 'energy': 22999343.5, 'area': 331250000.0, 'power': 2.6072723076923086, 'cnt_pes': 512, 'l1_mem': 54, 'l2_mem': 124928, 'edp': 719981016650896.0}",174,7.422564524378389
15,"[0.015625   0.5        1.         1.         0.33333333 0.58333333
 0.70833333 0.54166667 0.66666667 0.16666667 1.         1.
 1.         0.5        0.83333333 0.83333333 0.16666667 0.33333333
 1.         1.         0.66666667 0.5        0.5        0.5
 0.5        0.33333333 0.5        0.83333333 0.33333333 0.16666667
 1.         0.33333333 0.33333333 0.33333333 1.         0.125
 0.5        1.         0.33333333 0.02702703 1.         0.02702703
 0.00900901 1.         0.83333333 0.66666667 0.33333333 0.5
 0.5        0.66666667 1.         0.83333333 0.5        0.83333333
 0.66666667 1.         0.33333333 0.83333333 0.66666667 0.16666667
 0.16666667 1.         0.5        0.0625     1.         0.5
 0.125      1.         0.02702703 0.33333333 1.         0.5
 0.00900901 1.         0.33333333 0.33333333 0.66666667 0.16666667
 0.5        0.16666667 0.83333333 0.16666667 0.33333333 0.16666667
 1.         0.33333333 0.33333333 0.33333333 0.66666667 0.33333333
 0.83333333 0.16666667 0.5        0.03125    1.         0.5
 0.03125    1.         0.00909091 0.2        1.         0.2
 1.         1.         0.5        0.66666667 0.66666667 0.66666667
 0.16666667 0.16666667 0.5        0.33333333 0.5        0.16666667
 0.5        0.33333333 0.5        0.33333333 0.33333333 0.83333333
 1.         0.83333333 0.0078125  0.0078125  1.         0.5
 0.03125    1.         0.1        0.09090909 1.         0.1
 0.5        1.         1.         0.16666667 0.5        0.33333333
 0.66666667 1.         0.33333333 0.83333333 0.83333333 1.
 0.66666667 1.         1.         0.66666667 0.83333333 0.33333333
 0.66666667 1.         0.125      0.125      1.         0.00390625
 0.00390625 1.         0.01851852 0.5        1.         0.16666667
 0.01851852 1.         1.         0.16666667 0.66666667 0.66666667
 0.16666667 0.66666667 0.66666667 0.33333333 0.83333333 0.66666667
 0.33333333 0.16666667 0.16666667 0.83333333 0.5        0.66666667
 0.16666667 0.66666667 0.00390625 0.5        1.         0.015625
 0.03125    1.         0.05555556 0.03703704 1.         0.16666667
 0.01851852 1.         0.16666667 0.5        0.33333333 1.
 0.66666667 0.33333333 0.16666667 0.66666667 0.5        0.5
 0.5        1.         1.         1.         0.33333333 0.83333333
 0.33333333 0.5        0.015625   0.25       1.         0.03125
 1.         1.         0.5        0.5        1.         0.07692308
 0.03846154 1.         0.66666667 0.66666667 1.         0.33333333
 0.16666667 0.33333333 0.5        0.83333333 0.16666667 0.5
 0.16666667 1.         0.33333333 0.16666667 0.33333333 1.
 0.16666667 0.16666667 1.         0.0078125  1.         0.0078125
 0.00195312 1.         0.07692308 0.03846154 1.         1.
 0.03846154 1.         1.         0.83333333 0.5        1.
 0.16666667 1.         0.5        0.33333333 0.66666667 0.83333333
 0.16666667 1.         0.83333333 0.83333333 0.33333333 0.66666667
 0.16666667 0.33333333 0.00195312 0.125      1.         0.0078125
 0.25       1.         0.08333333 0.08333333 1.         0.5
 0.16666667 1.        ]",4.541413787967758,"[3.421560645950758, 3.4249856315823406, 3.4284140456279686, 3.431845891519488, 3.4352811726921804, 3.438719892584765, 3.4421620546394043, 3.445607662301706, 3.4490567190207266, 3.4525092282489758, 3.455965193442418, 3.4594246180604786, 3.462887505566045, 3.46635385942547, 3.469823683108579, 3.4732969800886675, 3.47677375384251, 3.4802540078503603, 3.483737745595956, 3.4872249705665226, 3.4907156862527753, 3.494209896148924, 3.497707603752677, 3.5012088125652423, 3.504713526091334, 3.508221747839173, 3.5117334813204937, 3.515248730050544, 3.5187674975480925, 3.5222897873354277, 3.525815602938366, 3.529344947886252, 3.532877825711964, 3.5364142399519163, 3.539954194146062, 3.5434976918379, 3.547044736574475, 3.5505953319063814, 3.5541494813877694, 3.557707188576346, 3.5612684570333792, 3.564833290323703, 3.5684016920157187, 3.5719736656814, 3.5755492148962964, 3.5791283432395358, 3.5827110542938296, 3.586297351645475, 3.5898872388843595, 3.5934807196039635, 3.597077797401365, 3.6006784758772423, 3.604282758635878, 3.6078906492851632, 3.6115021514366, 3.6151172687053053, 3.618736004710015, 3.6223583630730882, 3.6259843474205087, 3.6296139613818905, 3.6332472085904812, 3.6368840926831645, 3.640524617300465, 3.6441687860865515, 3.647816602689241, 3.651468070760001, 3.655123193953955, 3.6587819759298847, 3.662444420350235, 3.666110530881116, 3.6697803111923086, 3.673453764957266, 3.677130895853119, 3.6808117075606797, 3.684496203764444, 3.688184388152597, 3.6918762644170138, 3.6955718362532672, 3.699271107360628, 3.70297408144207, 3.7066807622042743, 3.710391153357632, 3.714105258616248, 3.717823081697946, 3.72154462632427, 3.7252698962204907, 3.7289988951156063, 3.7327316267423485, 3.7364680948371856, 3.7402083031403257, 3.7439522553957216, 3.747699955351073, 3.751451406757831, 3.755206613371202, 3.758965578950152, 3.7627283072574094, 3.766494802059469, 3.7702650671265956, 3.7740391062328285, 3.7778169231559846, 3.781598521677662, 3.7853839055832452, 3.789173078661907, 3.792966044706614, 3.7967628075141278, 3.800563370885013, 3.8043677386236365, 3.808175914538175, 3.8119879024406154, 3.8158037061467622, 3.8196233294762383, 3.823446776252491, 3.8272740503027936, 3.8311051554582516, 3.8349400955538053, 3.8387788744282334, 3.8426214959241576, 3.8464679638880455, 3.8503182821702158, 3.8541724546248406, 3.8580304851099507, 3.8618923774874383, 3.8657581356230613, 3.8696277633864478, 3.873501264651099, 3.877378643294393, 3.8812599031975905, 3.8851450482458363, 3.8890340823281644, 3.8929270093375017, 3.8968238331706724, 3.9007245577284007, 3.904629186915316, 3.908537724639956, 3.912450174814771, 3.916366541356127, 3.9202868281843113, 3.9242110392235348, 3.9281391784019366, 3.9320712496515884, 3.9360072569084967, 3.939947204112609, 3.943891095207817, 3.947838934141959, 3.9517907248668256, 3.9557464713381636, 3.959706177515679, 3.9636698473630423, 3.96763748484789, 3.971609093941832, 3.9755846786204523, 3.9795642428633156, 3.9835477906539696, 3.9875353259799495, 3.9915268528327825, 3.9955223752079907, 3.9995218971050956, 4.003525422527623, 4.007532955483106, 4.011544499983089, 4.015560060043133, 4.019579639682815, 4.023603242925741, 4.0276308737995405, 4.031662536335876, 4.035698234570447, 4.03973797254299, 4.043781754297287, 4.047829583881168, 4.051881465346515, 4.055937402749264, 4.059997400149414, 4.0640614616110255, 4.0681295912022275, 4.072201792995223, 4.076278071066289, 4.080358429495785, 4.084442872368153, 4.088531403771925, 4.092624027799725, 4.0967207485482735, 4.100821570118392, 4.104926496615008, 4.109035532147155, 4.113148680827983, 4.117265946774758, 4.121387334108867, 4.125512846955823, 4.129642489445269, 4.13377626571098, 4.1379141798908705, 4.142056236126997, 4.146202438565563, 4.15035279135692, 4.1545072986555756, 4.158665964620195, 4.162828793413609, 4.1669957892028116, 4.17116695615897, 4.175342298457427, 4.179521820277705, 4.183705525803508, 4.187893419222731, 4.1920855047274586, 4.196281786513972, 4.200482268782755, 4.204686955738493, 4.208895851590084, 4.213108960550635, 4.217326286837472, 4.221547834672144, 4.2257736082804245, 4.230003611892317, 4.234237849742059, 4.2384763260681275, 4.24271904511324, 4.246966011124365, 4.251217228352718, 4.255472701053772, 4.259732433487259, 4.263996429917176, 4.268264694611788, 4.272537231843631, 4.2768140458895205, 4.281095141030551, 4.285380521552104, 4.289670191743848, 4.293964155899747, 4.298262418318065, 4.302564983301366, 4.306871855156523, 4.311183038194717, 4.3154985367314485, 4.319818355086535, 4.324142497584119, 4.328470968552671, 4.332803772324996, 4.337140913238234, 4.341482395633868, 4.345828223857725, 4.350178402259985, 4.35453293519518, 4.358891827022202, 4.363255082104306, 4.367622704809115, 4.371994699508623, 4.376371070579203, 4.380751822401605, 4.385136959360966, 4.389526485846813, 4.3939204062530655, 4.3983187249780435, 4.402721446424468, 4.407128574999467, 4.411540115114581, 4.415956071185767, 4.420376447633401, 4.424801248882283, 4.429230479361645, 4.43366414350515, 4.438102245750901, 4.442544790541443, 4.446991782323766, 4.4514432255493155, 4.45589912467399, 4.460359484158148, 4.464824308466614, 4.469293602068682, 4.473767369438121, 4.478245615053174, 4.482728343396571, 4.487215558955526, 4.491707266221748, 4.496203469691439, 4.500704173865304, 4.505209383248553, 4.509719102350903, 4.51423333568659, 4.518752087774364, 4.523275363137501, 4.527803166303805, 4.53233550180561, 4.53687237417979, 4.541413787967758]","[8, 10, 0, 0, 0, 13, 16, 12, 3, 0, 5, 5, 5, 2, 4, 4, 0, 1, 5, 5, 3, 2, 2, 2, 2, 1, 2, 4, 1, 0, 5, 1, 0, 0, 0, 3, 5, 0, 5, 3, 0, 3, 1, 0, 4, 3, 1, 2, 2, 3, 5, 4, 2, 4, 3, 5, 1, 4, 3, 0, 0, 5, 5, 2, 0, 5, 3, 0, 3, 5, 0, 6, 1, 0, 1, 1, 3, 0, 2, 0, 4, 0, 1, 0, 5, 1, 1, 1, 3, 1, 4, 0, 5, 1, 0, 6, 2, 0, 0, 5, 0, 5, 7, 0, 2, 3, 3, 3, 0, 0, 2, 1, 2, 0, 2, 1, 2, 1, 1, 4, 5, 4, 0, 0, 0, 6, 2, 0, 4, 3, 0, 4, 6, 0, 5, 0, 2, 1, 3, 5, 1, 4, 4, 5, 3, 5, 5, 3, 4, 1, 3, 5, 4, 4, 0, 0, 0, 0, 0, 6, 0, 4, 0, 0, 5, 0, 3, 3, 0, 3, 3, 1, 4, 3, 1, 0, 0, 4, 2, 3, 0, 3, 0, 7, 0, 2, 3, 0, 2, 1, 0, 4, 0, 0, 0, 2, 1, 5, 3, 1, 0, 3, 2, 2, 2, 5, 5, 5, 1, 4, 1, 2, 2, 6, 0, 4, 9, 0, 2, 2, 0, 1, 0, 0, 3, 3, 5, 1, 0, 1, 2, 4, 0, 2, 0, 5, 1, 0, 1, 5, 0, 0, 9, 2, 0, 2, 0, 0, 1, 0, 0, 3, 0, 0, 5, 4, 2, 5, 0, 5, 2, 1, 3, 4, 0, 5, 4, 4, 1, 3, 0, 1, 0, 6, 0, 2, 7, 0, 0, 0, 0, 4, 1, 0]","{'latency': 675925645, 'energy': 54744999.0, 'area': 11087100.0, 'power': 0.12258707692307692, 'cnt_pes': 26, 'l1_mem': 54, 'l2_mem': 538, 'edp': 3.700354875959935e+16}",24,0.927012207613427
16,"[0.015625   0.008      1.         1.         0.33333333 0.375
 0.08333333 0.95833333 1.         1.         1.         0.16666667
 1.         1.         1.         0.66666667 0.5        1.
 1.         1.         0.33333333 0.5        0.5        0.16666667
 0.16666667 0.5        0.83333333 0.33333333 0.5        0.33333333
 0.16666667 0.16666667 0.33333333 1.         1.         0.0625
 0.5        1.         0.33333333 0.33333333 1.         0.0045045
 0.33333333 1.         1.         1.         0.5        0.83333333
 0.33333333 0.16666667 1.         0.5        0.83333333 0.66666667
 0.5        0.33333333 0.66666667 0.16666667 0.83333333 0.66666667
 0.16666667 0.66666667 0.5        0.25       1.         1.
 0.03125    1.         0.5        1.         1.         0.02702703
 0.0045045  1.         1.         0.16666667 0.83333333 0.83333333
 0.16666667 0.33333333 0.33333333 0.83333333 1.         0.83333333
 0.66666667 0.83333333 0.83333333 1.         0.83333333 0.5
 0.33333333 0.66666667 0.5        0.5        1.         0.0625
 0.5        1.         0.1        0.01818182 1.         0.2
 0.04545455 1.         0.66666667 0.33333333 0.83333333 0.66666667
 0.16666667 0.5        0.33333333 0.66666667 0.5        0.16666667
 0.83333333 0.33333333 0.66666667 0.16666667 0.83333333 0.33333333
 0.83333333 1.         0.015625   0.0078125  1.         1.
 0.03125    1.         0.00909091 0.09090909 1.         0.1
 0.01818182 1.         0.5        0.33333333 0.5        0.33333333
 0.83333333 0.16666667 0.33333333 1.         0.66666667 0.5
 0.83333333 0.66666667 0.66666667 0.33333333 1.         0.66666667
 1.         0.66666667 0.25       0.03125    1.         0.0078125
 0.25       1.         0.01851852 0.33333333 1.         0.03703704
 1.         1.         0.16666667 0.33333333 0.83333333 0.33333333
 0.5        0.66666667 1.         0.83333333 0.5        0.83333333
 0.16666667 0.5        0.66666667 0.66666667 0.16666667 0.33333333
 0.33333333 0.83333333 0.25       0.00390625 1.         0.25
 0.015625   1.         0.03703704 0.33333333 1.         0.11111111
 0.5        1.         0.16666667 1.         0.66666667 0.66666667
 0.66666667 1.         0.5        1.         0.83333333 0.5
 0.83333333 0.66666667 0.83333333 0.83333333 1.         0.83333333
 0.5        0.5        0.03125    0.00390625 1.         0.03125
 0.03125    1.         0.03846154 0.07692308 1.         0.03846154
 1.         1.         1.         0.83333333 0.16666667 0.5
 0.33333333 0.83333333 0.33333333 0.5        0.16666667 0.33333333
 0.83333333 0.83333333 0.5        0.83333333 0.83333333 0.5
 0.33333333 0.33333333 0.015625   0.03125    1.         0.015625
 0.015625   1.         0.5        0.07692308 1.         1.
 0.07692308 1.         0.83333333 0.16666667 1.         0.83333333
 0.5        0.5        0.83333333 0.33333333 1.         0.33333333
 1.         0.33333333 0.83333333 0.66666667 0.33333333 0.83333333
 0.33333333 0.66666667 0.015625   0.03125    1.         0.5
 0.00195312 1.         0.16666667 0.5        1.         0.16666667
 0.5        1.        ]",6.292398605500792,"[4.740775547530829, 4.7455210685994285, 4.750271339939368, 4.755026366305674, 4.7597861524581315, 4.764550703161293, 4.769320023184477, 4.774094117301779, 4.778872990292071, 4.7836566469390105, 4.788445092031042, 4.793238330361403, 4.798036366728131, 4.802839205934065, 4.807646852786852, 4.812459312098951, 4.817276588687639, 4.822098687375013, 4.826925612988001, 4.83175737035836, 4.836593964322683, 4.841435399722405, 4.846281681403809, 4.851132814218027, 4.855988803021048, 4.860849652673721, 4.865715368041763, 4.870585953995759, 4.87546141541117, 4.880341757168338, 4.8852269841524905, 4.890117101253744, 4.895012113367112, 4.899912025392504, 4.904816842234738, 4.909726568803542, 4.9146412100135555, 4.91956077078434, 4.924485256040381, 4.9294146707110915, 4.934349019730822, 4.939288308038861, 4.944232540579441, 4.949181722301743, 4.954135858159903, 4.959094953113016, 4.964059012125142, 4.969028040165307, 4.974002042207514, 4.978981023230745, 4.983964988218965, 4.9889539421611255, 4.993947890051177, 4.998946836888066, 5.003950787675741, 5.008959747423164, 5.013973721144309, 5.018992713858167, 5.024016730588756, 5.0290457763651215, 5.034079856221343, 5.03911897519654, 5.044163138334874, 5.04921235068556, 5.054266617302863, 5.059325943246109, 5.064390333579689, 5.069459793373062, 5.074534327700762, 5.079613941642405, 5.084698640282688, 5.089788428711399, 5.0948833120234225, 5.099983295318741, 5.1050883837024434, 5.1101985822847285, 5.1153138961809095, 5.120434330511421, 5.125559890401823, 5.130690580982806, 5.135826407390197, 5.140967374764962, 5.146113488253215, 5.151264753006221, 5.156421174180402, 5.161582756937339, 5.166749506443782, 5.171921427871654, 5.177098526398052, 5.182280807205258, 5.187468275480739, 5.192660936417155, 5.197858795212368, 5.203061857069438, 5.208270127196634, 5.213483610807442, 5.218702313120563, 5.223926239359923, 5.229155394754677, 5.234389784539217, 5.23962941395317, 5.244874288241411, 5.250124412654065, 5.2553797924465115, 5.2606404328793905, 5.265906339218609, 5.271177516735344, 5.27645397070605, 5.281735706412462, 5.287022729141603, 5.29231504418579, 5.297612656842632, 5.3029155724150465, 5.308223796211258, 5.313537333544803, 5.318856189734537, 5.324180370104641, 5.329509879984626, 5.334844724709336, 5.340184909618954, 5.345530440059013, 5.350881321380394, 5.356237558939333, 5.36159915809743, 5.366966124221652, 5.372338462684336, 5.377716178863199, 5.383099278141341, 5.388487765907248, 5.393881647554803, 5.399280928483286, 5.404685614097383, 5.410095709807191, 5.415511221028219, 5.4209321531814005, 5.426358511693094, 5.431790301995089, 5.4372275295246135, 5.442670199724338, 5.448118318042381, 5.453571889932313, 5.459030920853166, 5.464495416269436, 5.469965381651087, 5.47544082247356, 5.4809217442177784, 5.4864081523701484, 5.491900052422571, 5.497397449872444, 5.502900350222666, 5.508408758981648, 5.513922681663312, 5.5194421237870985, 5.524967090877976, 5.530497588466443, 5.536033622088532, 5.541575197285818, 5.547122319605423, 5.552674994600023, 5.558233227827851, 5.563797024852704, 5.569366391243948, 5.5749413325765245, 5.580521854430955, 5.586107962393349, 5.5916996620554045, 5.597296959014419, 5.602899858873292, 5.608508367240533, 5.614122489730263, 5.619742231962225, 5.625367599561787, 5.630998598159946, 5.636635233393339, 5.642277510904243, 5.647925436340584, 5.65357901535594, 5.65923825360955, 5.664903156766316, 5.670573730496813, 5.676249980477291, 5.681931912389681, 5.6876195319216025, 5.693312844766369, 5.699011856622992, 5.704716573196188, 5.710427000196384, 5.716143143339724, 5.721865008348072, 5.727592600949021, 5.733325926875897, 5.739064991867765, 5.744809801669434, 5.750560362031465, 5.756316678710175, 5.762078757467643, 5.767846604071715, 5.773620224296011, 5.7793996239199315, 5.78518480872866, 5.790975784513173, 5.796772557070243, 5.8025751322024455, 5.808383515718163, 5.814197713431595, 5.820017731162758, 5.825843574737496, 5.831675249987483, 5.837512762750233, 5.843356118869102, 5.849205324193296, 5.8550603845778735, 5.860921305883757, 5.866788093977735, 5.872660754732467, 5.878539294026494, 5.884423717744238, 5.890314031776014, 5.896210242018032, 5.902112354372405, 5.908020374747152, 5.913934309056208, 5.919854163219428, 5.925779943162591, 5.931711654817408, 5.93764930412153, 5.943592897018549, 5.949542439458007, 5.9554979373954025, 5.961459396792194, 5.96742682361581, 5.97340022383965, 5.979379603443093, 5.9853649684115044, 5.991356324736241, 5.9973536784146555, 6.003357035450105, 6.009366401851957, 6.0153817836355925, 6.021403186822415, 6.027430617439855, 6.033464081521376, 6.039503585106482, 6.045549134240723, 6.051600734975699, 6.057658393369068, 6.063722115484553, 6.069791907391945, 6.075867775167112, 6.081949724892004, 6.0880377626546585, 6.094131894549208, 6.100232126675884, 6.106338465141025, 6.112450916057083, 6.118569485542626, 6.124694179722348, 6.130825004727075, 6.136961966693769, 6.143105071765534, 6.149254326091626, 6.155409735827453, 6.1615713071345874, 6.167739046180769, 6.1739129591399085, 6.180093052192101, 6.186279331523624, 6.192471803326951, 6.198670473800751, 6.204875349149901, 6.211086435585487, 6.217303739324811, 6.223527266591403, 6.229757023615018, 6.2359930166316495, 6.242235251883533, 6.248483735619152, 6.254738474093245, 6.260999473566812, 6.26726674030712, 6.273540280587707, 6.279820100688396, 6.286106206895291, 6.292398605500792]","[8, 4, 0, 0, 0, 8, 1, 22, 5, 5, 5, 0, 5, 5, 5, 3, 2, 5, 5, 5, 1, 2, 2, 0, 0, 2, 4, 1, 2, 1, 0, 0, 0, 1, 0, 2, 5, 0, 5, 5, 0, 0, 5, 0, 5, 5, 2, 4, 1, 0, 5, 2, 4, 3, 2, 1, 3, 0, 4, 3, 0, 3, 5, 4, 0, 6, 1, 0, 6, 7, 0, 3, 0, 0, 5, 0, 4, 4, 0, 1, 1, 4, 5, 4, 3, 4, 4, 5, 4, 2, 1, 3, 5, 5, 0, 3, 6, 0, 4, 1, 0, 5, 2, 0, 3, 1, 4, 3, 0, 2, 1, 3, 2, 0, 4, 1, 3, 0, 4, 1, 4, 5, 1, 0, 0, 7, 2, 0, 0, 3, 0, 4, 1, 0, 2, 1, 2, 1, 4, 0, 1, 5, 3, 2, 4, 3, 3, 1, 5, 3, 5, 3, 5, 2, 0, 1, 6, 0, 0, 5, 0, 1, 7, 0, 0, 1, 4, 1, 2, 3, 5, 4, 2, 4, 0, 2, 3, 3, 0, 1, 1, 4, 6, 0, 0, 6, 2, 0, 1, 5, 0, 3, 6, 0, 0, 5, 3, 3, 3, 5, 2, 5, 4, 2, 4, 3, 4, 4, 5, 4, 2, 2, 3, 0, 0, 4, 4, 0, 0, 1, 0, 0, 3, 0, 5, 4, 0, 2, 1, 4, 1, 2, 0, 1, 4, 4, 2, 4, 4, 2, 1, 1, 3, 4, 0, 3, 3, 0, 2, 1, 0, 3, 1, 0, 4, 0, 5, 4, 2, 2, 4, 1, 5, 1, 5, 1, 4, 3, 1, 4, 1, 3, 3, 4, 0, 8, 0, 0, 1, 4, 0, 1, 4, 0]","{'latency': 487835917, 'energy': 58563250.0, 'area': 19512600.0, 'power': 0.21515623076923077, 'cnt_pes': 46, 'l1_mem': 54, 'l2_mem': 1658, 'edp': 2.856925676625025e+16}",20,1.4070231023424653
17,"[0.015625   0.008      1.         1.         0.66666667 0.58333333
 0.33333333 0.04166667 0.16666667 0.5        1.         0.5
 0.16666667 0.16666667 0.66666667 0.33333333 1.         0.16666667
 0.33333333 0.16666667 0.33333333 0.83333333 0.5        0.16666667
 0.33333333 0.33333333 0.83333333 0.16666667 0.83333333 0.83333333
 0.66666667 0.5        0.33333333 1.         1.         0.0625
 1.         1.         0.0045045  1.         1.         0.0045045
 0.33333333 1.         0.16666667 0.33333333 1.         0.5
 0.16666667 0.66666667 0.16666667 0.83333333 0.66666667 0.66666667
 0.66666667 1.         0.66666667 0.5        1.         0.16666667
 0.66666667 0.16666667 0.125      1.         1.         0.25
 0.125      1.         0.16666667 1.         1.         0.5
 0.01351351 1.         0.66666667 0.33333333 0.5        0.83333333
 0.16666667 0.33333333 0.83333333 1.         0.5        0.66666667
 0.83333333 0.83333333 1.         0.33333333 0.5        0.5
 0.66666667 0.83333333 0.0625     0.0625     1.         0.0625
 0.03125    1.         0.09090909 0.1        1.         0.01818182
 0.09090909 1.         0.5        0.5        0.83333333 0.33333333
 1.         0.33333333 0.66666667 0.66666667 0.33333333 0.16666667
 0.16666667 0.66666667 0.5        0.33333333 0.83333333 0.83333333
 1.         0.5        0.03125    0.5        1.         0.0625
 0.125      1.         0.2        1.         1.         0.5
 0.04545455 1.         1.         1.         0.66666667 0.33333333
 0.66666667 0.33333333 0.5        0.83333333 0.5        0.66666667
 0.83333333 0.16666667 0.83333333 0.33333333 0.33333333 0.33333333
 0.16666667 1.         0.125      0.015625   1.         0.0078125
 0.5        1.         1.         0.33333333 1.         0.16666667
 0.11111111 1.         0.33333333 0.83333333 0.83333333 0.83333333
 1.         0.33333333 0.66666667 1.         0.83333333 0.66666667
 0.33333333 0.33333333 0.16666667 0.16666667 0.5        0.16666667
 0.66666667 0.5        0.00390625 0.03125    1.         0.25
 0.5        1.         1.         0.33333333 1.         0.16666667
 0.5        1.         0.5        0.33333333 0.33333333 0.16666667
 1.         0.5        1.         0.5        0.33333333 0.33333333
 0.16666667 0.16666667 0.66666667 0.66666667 0.5        0.83333333
 1.         0.5        0.00390625 0.015625   1.         0.125
 0.125      1.         0.5        1.         1.         0.03846154
 0.03846154 1.         0.66666667 0.16666667 0.16666667 0.83333333
 0.16666667 0.16666667 0.83333333 0.5        0.83333333 0.83333333
 0.16666667 0.83333333 0.33333333 0.16666667 1.         1.
 0.5        0.5        0.0078125  0.0625     1.         0.5
 0.5        1.         0.5        1.         1.         0.07692308
 0.5        1.         1.         0.66666667 1.         0.83333333
 0.83333333 0.16666667 0.16666667 0.33333333 0.66666667 1.
 0.66666667 0.5        0.83333333 0.66666667 0.66666667 0.66666667
 0.16666667 0.5        0.00390625 1.         1.         0.5
 0.0625     1.         0.08333333 0.08333333 1.         0.25
 0.16666667 1.        ]",1.4415755678213635,"[1.0861019192062904, 1.087189108314605, 1.0882773857003054, 1.0893667524527582, 1.0904572096624205, 1.0915487584208414, 1.092641399820662, 1.0937351349556177, 1.0948299649205382, 1.0959258908113496, 1.0970229137250747, 1.0981210347598345, 1.0992202550148493, 1.1003205755904397, 1.1014219975880277, 1.1025245221101379, 1.1036281502603982, 1.1047328831435417, 1.105838721865407, 1.10694566753294, 1.1080537212541943, 1.1091628841383327, 1.1102731572956284, 1.111384541837466, 1.1124970388763422, 1.1136106495258682, 1.114725374900769, 1.115841216116886, 1.1169581742911772, 1.1180762505417188, 1.1191954459877065, 1.120315761749456, 1.1214371989484042, 1.1225597587071112, 1.1236834421492605, 1.1248082503996601, 1.1259341845842443, 1.1270612458300744, 1.1281894352653397, 1.129318754019359, 1.1304492032225815, 1.1315807840065881, 1.1327134975040922, 1.1338473448489412, 1.1349823271761172, 1.136118445621739, 1.1372557013230622, 1.1383940954184806, 1.1395336290475282, 1.140674303350879, 1.1418161194703493, 1.1429590785488983, 1.1441031817306289, 1.1452484301607897, 1.1463948249857754, 1.1475423673531284, 1.14869105841154, 1.1498408993108509, 1.150991891202053, 1.1521440352372903, 1.1532973325698601, 1.1544517843542144, 1.1556073917459604, 1.1567641559018622, 1.157922077979842, 1.159081159138981, 1.1602414005395205, 1.1614028033428634, 1.162565368711575, 1.1637290978093844, 1.1648939918011856, 1.1660600518530386, 1.1672272791321707, 1.1683956748069777, 1.1695652400470247, 1.1707359760230478, 1.1719078839069548, 1.1730809648718266, 1.1742552200919185, 1.1754306507426613, 1.176607258000662, 1.1777850430437056, 1.1789640070507563, 1.1801441512019584, 1.181325476678637, 1.1825079846633002, 1.18369167633964, 1.1848765528925325, 1.1860626155080405, 1.1872498653734138, 1.188438303677091, 1.1896279316086995, 1.1908187503590586, 1.1920107611201787, 1.193203965085264, 1.1943983634487128, 1.195593957406119, 1.1967907481542732, 1.1979887368911644, 1.1991879248159802, 1.2003883131291093, 1.2015899030321415, 1.2027926957278694, 1.2039966924202896, 1.2052018943146041, 1.2064083026172214, 1.2076159185357571, 1.2088247432790362, 1.2100347780570933, 1.2112460240811744, 1.2124584825637381, 1.2136721547184566, 1.214887041760217, 1.216103144905122, 1.2173204653704925, 1.2185390043748674, 1.2197587631380054, 1.2209797428808862, 1.222201944825712, 1.223425370195908, 1.2246500202161241, 1.2258758961122365, 1.2271029991113478, 1.2283313304417895, 1.2295608913331226, 1.2307916830161387, 1.2320237067228617, 1.2332569636865482, 1.23449145514169, 1.235727182324014, 1.2369641464704844, 1.2382023488193037, 1.2394417906099136, 1.2406824730829966, 1.241924397480477, 1.2431675650455225, 1.244411977022545, 1.2456576346572021, 1.2469045391963984, 1.2481526918882868, 1.249402093982269, 1.250652746728998, 1.2519046513803784, 1.253157809189568, 1.254412221410979, 1.2556678893002793, 1.2569248141143936, 1.258182997111505, 1.2594424395510562, 1.2607031426937498, 1.2619651078015515, 1.2632283361376893, 1.264492828966656, 1.2657585875542101, 1.2670256131673774, 1.2682939070744519, 1.269563470544997, 1.2708343048498467, 1.2721064112611078, 1.27337979105216, 1.2746544454976576, 1.2759303758735312, 1.2772075834569883, 1.2784860695265148, 1.2797658353618766, 1.2810468822441208, 1.2823292114555764, 1.2836128242798563, 1.2848977220018583, 1.286183905907766, 1.287471377285051, 1.2887601374224735, 1.2900501876100836, 1.2913415291392227, 1.2926341633025253, 1.2939280913939193, 1.2952233147086278, 1.296519834543171, 1.2978176521953664, 1.2991167689643308, 1.3004171861504814, 1.301718905055537, 1.3030219269825194, 1.3043262532357551, 1.305631885120876, 1.3069388239448207, 1.3082470710158365, 1.30955662764348, 1.3108674951386186, 1.312179674813432, 1.3134931679814135, 1.3148079759573708, 1.3161241000574282, 1.3174415415990273, 1.3187603019009282, 1.3200803822832115, 1.3214017840672787, 1.3227245085758546, 1.3240485571329876, 1.3253739310640518, 1.3267006316957475, 1.3280286603561036, 1.329358018374478, 1.3306887070815596, 1.332020727809369, 1.3333540818912601, 1.3346887706619222, 1.3360247954573796, 1.3373621576149946, 1.338700858473468, 1.340040899372841, 1.3413822816544956, 1.3427250066611567, 1.3440690757368936, 1.3454144902271208, 1.3467612514785994, 1.3481093608394388, 1.349458819659098, 1.3508096292883864, 1.3521617910794659, 1.3535153063858518, 1.3548701765624143, 1.3562264029653797, 1.357583986952332, 1.3589429298822142, 1.3603032331153295, 1.3616648980133428, 1.3630279259392821, 1.3643923182575397, 1.3657580763338735, 1.367125201535409, 1.3684936952306397, 1.369863558789429, 1.371234793583012, 1.3726074009839961, 1.3739813823663625, 1.375356739105468, 1.376733472578046, 1.3781115841622082, 1.3794910752374456, 1.3808719471846302, 1.3822542013860162, 1.3836378392252415, 1.3850228620873288, 1.3864092713586875, 1.3877970684271146, 1.3891862546817964, 1.3905768315133096, 1.3919688003136232, 1.3933621624760995, 1.394756919395495, 1.396153072467963, 1.397550623091054, 1.3989495726637176, 1.4003499225863039, 1.4017516742605645, 1.403154829089654, 1.4045593884781322, 1.405965353831964, 1.4073727265585225, 1.408781508066589, 1.4101916997663555, 1.4116033030694248, 1.4130163193888137, 1.4144307501389526, 1.4158465967356884, 1.4172638605962846, 1.418682543139424, 1.4201026457852093, 1.4215241699551644, 1.4229471170722365, 1.4243714885607974, 1.4257972858466441, 1.4272245103570012, 1.4286531635205217, 1.430083246767289, 1.431514761528818, 1.432947709238056, 1.4343820913293854, 1.435817909238624, 1.4372551644030271, 1.4386938582612885, 1.440133992253542, 1.4415755678213635]","[8, 4, 0, 0, 1, 13, 7, 0, 0, 2, 5, 2, 0, 0, 3, 1, 5, 0, 1, 0, 1, 4, 2, 0, 1, 1, 4, 0, 4, 4, 3, 2, 0, 1, 0, 2, 6, 0, 0, 7, 0, 0, 5, 0, 0, 1, 5, 2, 0, 3, 0, 4, 3, 3, 3, 5, 3, 2, 5, 0, 3, 0, 3, 6, 0, 4, 3, 0, 4, 7, 0, 6, 2, 0, 3, 1, 2, 4, 0, 1, 4, 5, 2, 3, 4, 4, 5, 1, 2, 2, 3, 4, 2, 2, 0, 3, 2, 0, 3, 4, 0, 1, 3, 0, 2, 2, 4, 1, 5, 1, 3, 3, 1, 0, 0, 3, 2, 1, 4, 4, 5, 2, 2, 6, 0, 3, 4, 0, 5, 7, 0, 6, 2, 0, 5, 5, 3, 1, 3, 1, 2, 4, 2, 3, 4, 0, 4, 1, 1, 1, 0, 5, 4, 1, 0, 1, 7, 0, 7, 5, 0, 4, 3, 0, 1, 4, 4, 4, 5, 1, 3, 5, 4, 3, 1, 1, 0, 0, 2, 0, 3, 2, 0, 3, 0, 6, 7, 0, 7, 5, 0, 4, 6, 0, 2, 1, 1, 0, 5, 2, 5, 2, 1, 1, 0, 0, 3, 3, 2, 4, 5, 2, 0, 2, 0, 6, 6, 0, 2, 3, 0, 0, 0, 0, 3, 0, 0, 4, 0, 0, 4, 2, 4, 4, 0, 4, 1, 0, 5, 5, 2, 2, 2, 5, 0, 8, 8, 0, 2, 3, 0, 1, 2, 0, 5, 3, 5, 4, 4, 0, 0, 1, 3, 5, 3, 2, 4, 3, 3, 3, 0, 2, 1, 9, 0, 8, 5, 0, 0, 0, 0, 2, 1, 0]","{'latency': 2129377129, 'energy': 25544619.9, 'area': 13578600.0, 'power': 0.22521230769230774, 'cnt_pes': 32, 'l1_mem': 54, 'l2_mem': 64680, 'edp': 5.4394129384058264e+16}",16,0.37221321109810945
18,"[0.015625   0.008      1.         1.         0.66666667 0.20833333
 0.91666667 0.16666667 1.         0.16666667 1.         0.83333333
 0.5        1.         0.66666667 0.33333333 1.         0.16666667
 0.33333333 0.16666667 1.         0.83333333 0.5        0.16666667
 0.33333333 0.33333333 0.83333333 0.16666667 0.83333333 0.83333333
 0.66666667 0.5        0.33333333 1.         1.         0.0625
 1.         1.         0.0045045  1.         1.         0.0045045
 0.33333333 1.         0.16666667 0.33333333 1.         0.5
 0.16666667 0.66666667 0.16666667 0.83333333 0.66666667 0.66666667
 0.66666667 1.         0.66666667 0.5        1.         0.16666667
 0.66666667 0.16666667 0.125      1.         1.         0.25
 0.125      1.         0.16666667 1.         1.         0.5
 0.01351351 1.         0.66666667 0.33333333 0.5        0.83333333
 0.16666667 0.33333333 0.83333333 1.         0.5        0.66666667
 0.83333333 0.83333333 1.         0.33333333 0.5        0.5
 0.66666667 0.83333333 0.0625     0.0625     1.         0.0625
 0.03125    1.         0.09090909 0.1        1.         0.01818182
 0.09090909 1.         0.5        0.5        0.83333333 0.33333333
 1.         0.33333333 0.66666667 0.66666667 0.33333333 0.16666667
 0.16666667 0.66666667 0.5        0.33333333 0.83333333 0.83333333
 1.         0.5        0.03125    0.5        1.         0.0625
 0.125      1.         0.2        1.         1.         0.5
 0.04545455 1.         1.         1.         0.66666667 0.33333333
 0.66666667 0.33333333 0.5        0.83333333 0.5        0.66666667
 0.83333333 0.16666667 0.83333333 0.33333333 0.33333333 0.33333333
 0.16666667 1.         0.125      0.015625   1.         0.0078125
 0.5        1.         1.         0.33333333 1.         0.16666667
 0.11111111 1.         0.33333333 0.83333333 0.83333333 0.83333333
 1.         0.33333333 0.66666667 1.         0.83333333 0.66666667
 0.33333333 0.33333333 0.16666667 0.16666667 0.5        0.16666667
 0.66666667 0.5        0.00390625 0.03125    1.         0.25
 0.5        1.         1.         0.33333333 1.         0.16666667
 0.5        1.         0.5        0.33333333 0.33333333 0.16666667
 1.         0.5        1.         0.5        0.33333333 0.33333333
 0.16666667 0.16666667 0.66666667 0.66666667 0.5        0.83333333
 1.         0.5        0.00390625 0.015625   1.         0.125
 0.125      1.         0.5        1.         1.         0.03846154
 0.03846154 1.         0.66666667 0.16666667 0.16666667 0.83333333
 0.16666667 0.16666667 0.83333333 0.5        0.83333333 0.83333333
 0.16666667 0.83333333 0.33333333 0.16666667 1.         1.
 0.5        0.5        0.0078125  0.0625     1.         0.5
 0.5        1.         0.5        1.         1.         0.07692308
 0.5        1.         1.         0.66666667 1.         0.83333333
 0.83333333 0.16666667 0.16666667 0.33333333 0.66666667 1.
 0.66666667 0.5        0.83333333 0.66666667 0.66666667 0.66666667
 0.16666667 0.5        0.00390625 1.         1.         0.5
 0.0625     1.         0.08333333 0.08333333 1.         0.25
 0.16666667 1.        ]",22.76165864757017,"[17.148931830750772, 17.166097928679452, 17.18328120988934, 17.200481691580922, 17.217699390971895, 17.234934325297193, 17.252186511809, 17.26945596777678, 17.286742710487268, 17.304046757244514, 17.321368125369883, 17.338706832202085, 17.356062895097182, 17.37343633142861, 17.390827158587197, 17.408235393981176, 17.425661055036212, 17.443104159195407, 17.460564723919326, 17.478042766686013, 17.495538304991005, 17.51305135634735, 17.530581938285636, 17.54813006835399, 17.56569576411811, 17.583279043161273, 17.600879923084356, 17.618498421505862, 17.636134556061926, 17.653788344406333, 17.671459804210542, 17.689148953163706, 17.70685580897268, 17.724580389362043, 17.742322712074117, 17.760082794868985, 17.77786065552451, 17.795656311836346, 17.813469781617965, 17.831301082700666, 17.8491502329336, 17.867017250183782, 17.884902152336117, 17.902804957293412, 17.92072568297639, 17.938664347323712, 17.956620968292004, 17.97459556385586, 17.99258815200787, 18.01059875075863, 18.028627378136765, 18.046674052188955, 18.064738790979934, 18.082821612592525, 18.10092253512765, 18.119041576704355, 18.137178755459814, 18.155334089549363, 18.17350759714651, 18.191699296442955, 18.209909205648604, 18.228137342991594, 18.246383726718314, 18.264648375093408, 18.282931306399806, 18.301232538938745, 18.319552091029774, 18.337889981010786, 18.356246227238024, 18.37462084808611, 18.39301386194806, 18.411425287235296, 18.429855142377676, 18.4483034458235, 18.46677021603954, 18.48525547151105, 18.503759230741792, 18.522281512254047, 18.540822334588636, 18.55938171630494, 18.57795967598092, 18.596556232213135, 18.615171403616753, 18.633805208825578, 18.65245766649207, 18.671128795287355, 18.689818613901256, 18.7085271410423, 18.727254395437736, 18.74600039583357, 18.764765160994564, 18.783548709704267, 18.80235106076503, 18.821172232998027, 18.84001224524327, 18.85887111635963, 18.877748865224856, 18.896645510735592, 18.9155610718074, 18.934495567374775, 18.953449016391165, 18.972421437828995, 18.991412850679676, 19.01042327395363, 19.02945272668031, 19.04850122790822, 19.067568796704922, 19.08665545215708, 19.10576121337045, 19.12488609946992, 19.144030129599518, 19.16319332292244, 19.18237569862106, 19.201577275896955, 19.220798073970926, 19.24003811208301, 19.259297409492504, 19.278575985477982, 19.29787385933732, 19.317191050387706, 19.336527577965672, 19.355883461427098, 19.375258720147244, 19.394653373520764, 19.414067440961727, 19.43350094190363, 19.452953895799432, 19.472426322121553, 19.491918240361915, 19.511429670031948, 19.530960630662612, 19.550511141804417, 19.570081223027444, 19.589670893921365, 19.60928017409546, 19.628909083178637, 19.648557640819458, 19.668225866686143, 19.68791378046661, 19.707621401868476, 19.727348750619097, 19.747095846465562, 19.766862709174738, 19.78664935853327, 19.80645581434762, 19.82628209644406, 19.84612822466873, 19.865994218887614, 19.8858800989866, 19.905785884871474, 19.92571159646794, 19.945657253721663, 19.96562287659826, 19.985608485083343, 20.005614099182527, 20.02563973892145, 20.045685424345795, 20.065751175521317, 20.08583701253385, 20.10594295548934, 20.126069024513853, 20.14621523975361, 20.166381621374985, 20.18656818956455, 20.206774964529078, 20.227001966495575, 20.247249215711285, 20.267516732443728, 20.28780453698071, 20.30811264963034, 20.32844109072106, 20.34878988060166, 20.369159039641303, 20.389548588229534, 20.40995854677631, 20.43038893571202, 20.45083977548751, 20.471311086574083, 20.491802889463546, 20.512315204668216, 20.532848052720936, 20.553401454175113, 20.57397542960472, 20.594569999604325, 20.615185184789112, 20.635821005794906, 20.656477483278184, 20.6771546379161, 20.697852490406508, 20.718571061467976, 20.739310371839817, 20.7600704422821, 20.780851293575676, 20.801652946522196, 20.82247542194414, 20.843318740684825, 20.864182923608436, 20.885067991600035, 20.9059739655656, 20.92690086643203, 20.947848715147178, 20.968817532679857, 20.989807340019876, 21.010818158178054, 21.03185000818624, 21.052902911097338, 21.073976887985324, 21.09507195994527, 21.11618814809336, 21.13732547356693, 21.158483957524453, 21.179663621145597, 21.20086448563123, 21.22208657220343, 21.243329902105536, 21.26459449660214, 21.28588037697912, 21.307187564543664, 21.32851608062429, 21.349865946570862, 21.371237183754616, 21.392629813568185, 21.41404385742561, 21.435479336762373, 21.45693627303541, 21.478414687723134, 21.49991460232546, 21.521436038363824, 21.542979017381207, 21.56454356094215, 21.58612969063278, 21.60773742806084, 21.629366794855695, 21.651017812668364, 21.672690503171534, 21.694384888059595, 21.716100989048645, 21.737838827876523, 21.759598426302826, 21.781379806108934, 21.803182989098033, 21.825007997095128, 21.846854851947075, 21.868723575522598, 21.89061418971231, 21.912526716428737, 21.934461177606345, 21.956417595201547, 21.97839599119274, 22.00039638758032, 22.022418806386707, 22.04446326965636, 22.066529799455818, 22.088618417873693, 22.110729147020713, 22.132862009029743, 22.1550170260558, 22.177194220276075, 22.199393613889963, 22.22161522911908, 22.243859088207287, 22.266125213420707, 22.288413627047756, 22.310724351399156, 22.333057408807964, 22.355412821629592, 22.377790612241835, 22.40019080304488, 22.422613416461342, 22.44505847493628, 22.467526000937216, 22.49001601695417, 22.51252854549967, 22.53506360910878, 22.55762123033912, 22.58020143177089, 22.6028042360069, 22.625429665672574, 22.64807774341599, 22.670748491907897, 22.69344193384174, 22.716158091933675, 22.738896988922598, 22.76165864757017]","[8, 4, 0, 0, 1, 4, 21, 3, 5, 0, 5, 4, 2, 5, 3, 1, 5, 0, 1, 0, 5, 4, 2, 0, 1, 1, 4, 0, 4, 4, 3, 2, 0, 1, 0, 2, 6, 0, 0, 7, 0, 0, 5, 0, 0, 1, 5, 2, 0, 3, 0, 4, 3, 3, 3, 5, 3, 2, 5, 0, 3, 0, 3, 6, 0, 4, 3, 0, 4, 7, 0, 6, 2, 0, 3, 1, 2, 4, 0, 1, 4, 5, 2, 3, 4, 4, 5, 1, 2, 2, 3, 4, 2, 2, 0, 3, 2, 0, 3, 4, 0, 1, 3, 0, 2, 2, 4, 1, 5, 1, 3, 3, 1, 0, 0, 3, 2, 1, 4, 4, 5, 2, 2, 6, 0, 3, 4, 0, 5, 7, 0, 6, 2, 0, 5, 5, 3, 1, 3, 1, 2, 4, 2, 3, 4, 0, 4, 1, 1, 1, 0, 5, 4, 1, 0, 1, 7, 0, 7, 5, 0, 4, 3, 0, 1, 4, 4, 4, 5, 1, 3, 5, 4, 3, 1, 1, 0, 0, 2, 0, 3, 2, 0, 3, 0, 6, 7, 0, 7, 5, 0, 4, 6, 0, 2, 1, 1, 0, 5, 2, 5, 2, 1, 1, 0, 0, 3, 3, 2, 4, 5, 2, 0, 2, 0, 6, 6, 0, 2, 3, 0, 0, 0, 0, 3, 0, 0, 4, 0, 0, 4, 2, 4, 4, 0, 4, 1, 0, 5, 5, 2, 2, 2, 5, 0, 8, 8, 0, 2, 3, 0, 1, 2, 0, 5, 3, 5, 4, 4, 0, 0, 1, 3, 5, 3, 2, 4, 3, 3, 3, 0, 2, 1, 9, 0, 8, 5, 0, 0, 0, 0, 2, 1, 0]","{'latency': 134860912, 'energy': 24685498.7, 'area': 199345000.0, 'power': 2.205381538461538, 'cnt_pes': 352, 'l1_mem': 54, 'l2_mem': 845440, 'edp': 3329108867856814.5}",7,9.292408230992526
19,"[0.015625   0.008      1.         1.         0.66666667 0.41666667
 0.91666667 0.16666667 1.         0.16666667 1.         1.
 0.16666667 0.16666667 1.         0.66666667 0.16666667 1.
 1.         1.         0.66666667 0.5        0.5        0.16666667
 0.16666667 0.5        0.83333333 0.33333333 0.5        0.33333333
 0.16666667 0.16666667 0.33333333 1.         1.         0.0625
 0.5        1.         0.33333333 0.33333333 1.         0.0045045
 0.33333333 1.         1.         1.         0.5        0.83333333
 0.33333333 0.16666667 1.         0.5        0.83333333 0.66666667
 0.5        0.33333333 0.66666667 0.16666667 0.83333333 0.66666667
 0.16666667 0.66666667 0.5        0.25       1.         1.
 0.03125    1.         0.5        1.         1.         0.02702703
 0.0045045  1.         1.         0.16666667 0.83333333 0.83333333
 0.16666667 0.33333333 0.33333333 0.83333333 1.         0.83333333
 0.66666667 0.83333333 0.83333333 1.         0.83333333 0.5
 0.33333333 0.66666667 0.5        0.5        1.         0.0625
 0.5        1.         0.1        0.01818182 1.         0.2
 0.04545455 1.         0.66666667 0.33333333 0.83333333 0.66666667
 0.16666667 0.5        0.33333333 0.66666667 0.5        0.16666667
 0.83333333 0.33333333 0.5        0.16666667 0.83333333 0.33333333
 0.83333333 1.         0.015625   0.0078125  1.         1.
 0.03125    1.         0.00909091 0.09090909 1.         0.1
 0.01818182 1.         0.5        0.33333333 0.5        0.33333333
 0.83333333 0.16666667 0.33333333 1.         0.66666667 0.5
 0.83333333 0.66666667 0.66666667 0.33333333 1.         0.66666667
 1.         0.66666667 0.25       0.03125    1.         0.0078125
 0.25       1.         0.01851852 0.33333333 1.         0.03703704
 1.         1.         0.16666667 0.33333333 0.83333333 0.33333333
 0.5        0.66666667 1.         0.83333333 0.5        0.83333333
 0.16666667 0.5        0.66666667 0.66666667 0.16666667 0.33333333
 0.33333333 0.83333333 0.25       0.00390625 1.         0.25
 0.015625   1.         0.03703704 0.33333333 1.         0.11111111
 0.5        1.         0.16666667 1.         0.66666667 0.66666667
 0.66666667 1.         0.5        1.         0.83333333 0.5
 0.83333333 0.66666667 0.83333333 0.83333333 1.         0.83333333
 0.5        0.5        0.03125    0.00390625 1.         0.03125
 0.03125    1.         0.03846154 0.07692308 1.         0.03846154
 1.         1.         1.         0.83333333 0.16666667 0.5
 0.33333333 0.83333333 0.33333333 0.5        0.16666667 0.33333333
 0.83333333 0.83333333 0.5        0.83333333 0.83333333 0.5
 0.33333333 0.33333333 0.015625   0.03125    1.         0.015625
 0.015625   1.         0.5        0.07692308 1.         1.
 0.07692308 1.         0.83333333 0.16666667 1.         0.83333333
 0.5        0.5        0.83333333 0.33333333 1.         0.33333333
 1.         0.33333333 0.83333333 0.66666667 0.33333333 0.83333333
 0.33333333 0.66666667 0.015625   0.03125    1.         0.5
 0.00195312 1.         0.16666667 0.5        1.         0.16666667
 0.5        1.        ]",6.409942032705158,"[4.829334305549804, 4.834168474023828, 4.839007481505334, 4.843851332838172, 4.848700032871043, 4.8535535864575, 4.858411998455956, 4.863275273729686, 4.8681434171468325, 4.873016433580413, 4.877894327908321, 4.882777105013335, 4.887664769783118, 4.892557327110229, 4.897454781892121, 4.902357139031151, 4.907264403434586, 4.9121765800146004, 4.917093673688289, 4.922015689377666, 4.926942632009676, 4.931874506516192, 4.936811317834026, 4.941753070904931, 4.946699770675607, 4.951651422097704, 4.956608030127832, 4.961569599727559, 4.966536135863422, 4.971507643506929, 4.976484127634564, 4.981465593227792, 4.986452045273065, 4.991443488761827, 4.996439928690517, 5.0014413700605775, 5.006447817878456, 5.011459277155612, 5.01647575290852, 5.021497250158679, 5.026523773932611, 5.031555329261873, 5.036591921183056, 5.0416335547377935, 5.046680234972766, 5.051731966939705, 5.0567887556954005, 5.061850606301702, 5.066917523825527, 5.071989513338866, 5.077066579918784, 5.082148728647432, 5.087235964612044, 5.092328292904949, 5.0974257186235725, 5.102528246870443, 5.107635882753196, 5.112748631384581, 5.1178664978824635, 5.122989487369833, 5.128117604974808, 5.133250855830639, 5.1383892450757145, 5.143532777853568, 5.148681459312881, 5.153835294607489, 5.158994288896385, 5.164158447343729, 5.169327775118847, 5.174502277396243, 5.179681959355599, 5.18486682618178, 5.1900568830648455, 5.195252135200046, 5.200452587787834, 5.205658246033868, 5.210869115149016, 5.216085200349366, 5.221306506856222, 5.226533039896118, 5.231764804700819, 5.237001806507326, 5.242244050557884, 5.247491542099984, 5.2527442863863705, 5.258002288675046, 5.2632655542292754, 5.268534088317593, 5.273807896213807, 5.279086983197004, 5.284371354551555, 5.289661015567122, 5.294955971538661, 5.300256227766427, 5.305561789555983, 5.310872662218202, 5.316188851069271, 5.321510361430702, 5.326837198629332, 5.332169367997329, 5.337506874872201, 5.342849724596798, 5.348197922519317, 5.35355147399331, 5.358910384377688, 5.364274659036725, 5.369644303340065, 5.375019322662728, 5.380399722385112, 5.385785507893005, 5.391176684577583, 5.396573257835418, 5.4019752330684865, 5.4073826156841704, 5.412795411095265, 5.418213624719986, 5.423637261981968, 5.429066328310278, 5.4345008291394175, 5.4399407699093265, 5.445386156065392, 5.45083699305845, 5.4562932863447955, 5.461755041386182, 5.467222263649831, 5.4726949586084395, 5.47817313174018, 5.483656788528708, 5.4891459344631715, 5.4946405750382095, 5.500140715753964, 5.50564636211608, 5.511157519635716, 5.516674193829545, 5.522196390219765, 5.527724114334099, 5.533257371705805, 5.538796167873678, 5.54434050838206, 5.549890398780841, 5.555445844625466, 5.561006851476943, 5.566573424901845, 5.572145570472317, 5.577723293766083, 5.583306600366449, 5.588895495862312, 5.59448998584816, 5.600090075924084, 5.605695771695779, 5.611307078774554, 5.616924002777331, 5.622546549326658, 5.628174724050709, 5.633808532583292, 5.639447980563856, 5.645093073637494, 5.6507438174549485, 5.656400217672621, 5.662062279952574, 5.667730009962536, 5.673403413375913, 5.679082495871785, 5.68476726313492, 5.690457720855775, 5.696153874730506, 5.7018557304609665, 5.707563293754721, 5.713276570325046, 5.718995565890937, 5.7247202861771145, 5.730450736914029, 5.736186923837867, 5.741928852690557, 5.747676529219777, 5.7534299591789555, 5.759189148327283, 5.764954102429713, 5.77072482725697, 5.776501328585556, 5.782283612197753, 5.788071683881635, 5.793865549431066, 5.799665214645712, 5.805470685331043, 5.811281967298341, 5.8170990663647055, 5.822921988353059, 5.828750739092151, 5.834585324416568, 5.840425750166735, 5.8462720221889235, 5.8521241463352585, 5.857982128463722, 5.86384597443816, 5.869715690128288, 5.875591281409698, 5.8814727541638625, 5.887360114278141, 5.893253367645786, 5.899152520165952, 5.905057577743696, 5.910968546289986, 5.916885431721708, 5.92280823996167, 5.928736976938609, 5.934671648587196, 5.940612260848044, 5.946558819667712, 5.9525113309987105, 5.95846980079951, 5.9644342350345445, 5.970404639674219, 5.976381020694913, 5.982363384078992, 5.988351735814807, 5.994346081896704, 6.000346428325029, 6.006352781106135, 6.012365146252387, 6.018383529782169, 6.024407937719889, 6.030438376095986, 6.036474850946933, 6.042517368315248, 6.048565934249497, 6.054620554804302, 6.060681236040343, 6.066747984024367, 6.072820804829196, 6.07889970453373, 6.084984689222953, 6.091075764987941, 6.097172937925866, 6.103276214140006, 6.109385599739746, 6.115501100840587, 6.121622723564151, 6.127750474038189, 6.133884358396585, 6.140024382779365, 6.146170553332698, 6.152322876208906, 6.1584813575664725, 6.164646003570042, 6.170816820390432, 6.176993814204637, 6.1831769911958325, 6.189366357553386, 6.195561919472858, 6.201763683156014, 6.207971654810825, 6.214185840651476, 6.220406246898374, 6.226632879778152, 6.232865745523676, 6.2391048503740505, 6.2453502005746255, 6.251601802377002, 6.257859662039041, 6.264123785824866, 6.270394180004871, 6.2766708508557265, 6.282953804660387, 6.289243047708095, 6.29553858629439, 6.30184042672111, 6.308148575296407, 6.3144630383347415, 6.320783822156899, 6.327110933089989, 6.3334443774674565, 6.339784161629086, 6.346130291921007, 6.352482774695702, 6.358841616312015, 6.36520682313515, 6.371578401536687, 6.377956357894582, 6.384340698593175, 6.390731430023198, 6.39712855858178, 6.403532090672453, 6.409942032705158]","[8, 4, 0, 0, 1, 9, 21, 3, 5, 0, 5, 5, 0, 0, 5, 3, 0, 5, 5, 5, 3, 2, 2, 0, 0, 2, 4, 1, 2, 1, 0, 0, 0, 1, 0, 2, 5, 0, 5, 5, 0, 0, 5, 0, 5, 5, 2, 4, 1, 0, 5, 2, 4, 3, 2, 1, 3, 0, 4, 3, 0, 3, 5, 4, 0, 6, 1, 0, 6, 7, 0, 3, 0, 0, 5, 0, 4, 4, 0, 1, 1, 4, 5, 4, 3, 4, 4, 5, 4, 2, 1, 3, 5, 5, 0, 3, 6, 0, 4, 1, 0, 5, 2, 0, 3, 1, 4, 3, 0, 2, 1, 3, 2, 0, 4, 1, 2, 0, 4, 1, 4, 5, 1, 0, 0, 7, 2, 0, 0, 3, 0, 4, 1, 0, 2, 1, 2, 1, 4, 0, 1, 5, 3, 2, 4, 3, 3, 1, 5, 3, 5, 3, 5, 2, 0, 1, 6, 0, 0, 5, 0, 1, 7, 0, 0, 1, 4, 1, 2, 3, 5, 4, 2, 4, 0, 2, 3, 3, 0, 1, 1, 4, 6, 0, 0, 6, 2, 0, 1, 5, 0, 3, 6, 0, 0, 5, 3, 3, 3, 5, 2, 5, 4, 2, 4, 3, 4, 4, 5, 4, 2, 2, 3, 0, 0, 4, 4, 0, 0, 1, 0, 0, 3, 0, 5, 4, 0, 2, 1, 4, 1, 2, 0, 1, 4, 4, 2, 4, 4, 2, 1, 1, 3, 4, 0, 3, 3, 0, 2, 1, 0, 3, 1, 0, 4, 0, 5, 4, 2, 2, 4, 1, 5, 1, 5, 1, 4, 3, 1, 4, 1, 3, 3, 4, 0, 8, 0, 0, 1, 4, 0, 1, 4, 0]","{'latency': 478890141, 'energy': 25075864.0, 'area': 199263000.0, 'power': 1.6868392307692304, 'cnt_pes': 352, 'l1_mem': 54, 'l2_mem': 62016, 'edp': 1.2008584046656824e+16}",34,1.1512595747581293
20,"[0.015625   0.002      1.         1.         0.33333333 0.16666667
 0.16666667 0.875      0.16666667 0.33333333 0.66666667 0.16666667
 0.16666667 0.16666667 0.83333333 1.         1.         0.83333333
 0.33333333 0.16666667 0.5        0.66666667 0.16666667 0.16666667
 1.         0.83333333 0.66666667 0.16666667 0.5        1.
 1.         0.33333333 1.         1.         1.         0.25
 0.25       1.         0.33333333 1.         1.         0.0045045
 0.0045045  1.         0.66666667 0.5        0.66666667 0.83333333
 0.83333333 0.33333333 0.5        0.66666667 0.16666667 0.83333333
 0.33333333 0.16666667 0.83333333 0.5        0.16666667 0.16666667
 0.5        0.5        0.03125    0.0625     1.         0.03125
 0.125      1.         0.33333333 1.         1.         0.33333333
 0.00900901 1.         0.5        1.         0.66666667 1.
 0.5        0.5        0.16666667 0.16666667 0.83333333 0.66666667
 0.5        0.83333333 0.83333333 0.83333333 0.66666667 0.33333333
 0.5        0.16666667 0.5        1.         1.         0.25
 0.015625   1.         0.5        0.01818182 1.         0.00909091
 0.04545455 1.         0.16666667 0.83333333 0.66666667 0.66666667
 1.         0.83333333 0.83333333 0.83333333 0.33333333 0.5
 0.33333333 1.         0.33333333 0.5        0.5        0.83333333
 0.5        0.83333333 0.03125    0.015625   1.         0.0078125
 0.125      1.         0.2        0.01818182 1.         1.
 0.09090909 1.         0.33333333 0.83333333 0.66666667 0.16666667
 0.66666667 0.16666667 0.83333333 0.33333333 0.16666667 1.
 0.5        1.         0.83333333 0.5        0.66666667 0.83333333
 0.16666667 0.66666667 0.03125    0.0625     1.         0.00390625
 1.         1.         1.         0.01851852 1.         0.16666667
 0.05555556 1.         1.         0.16666667 0.16666667 0.5
 0.5        1.         0.16666667 1.         0.5        0.83333333
 0.16666667 0.83333333 0.33333333 0.16666667 0.16666667 0.83333333
 0.83333333 0.83333333 1.         0.5        1.         0.015625
 0.00390625 1.         0.5        0.16666667 1.         0.16666667
 0.5        1.         0.83333333 0.83333333 1.         0.33333333
 0.66666667 0.83333333 0.5        0.16666667 0.16666667 0.33333333
 0.83333333 0.16666667 0.33333333 0.33333333 1.         0.83333333
 0.66666667 0.16666667 0.0078125  0.25       1.         0.03125
 0.03125    1.         0.5        0.03846154 1.         1.
 0.5        1.         1.         0.83333333 0.33333333 0.5
 1.         1.         0.5        0.5        0.33333333 0.83333333
 0.16666667 0.16666667 0.16666667 0.33333333 0.5        0.66666667
 0.16666667 1.         0.015625   0.03125    1.         0.00390625
 0.00195312 1.         0.07692308 0.07692308 1.         0.5
 1.         1.         0.66666667 0.66666667 0.5        1.
 0.66666667 0.83333333 0.66666667 0.33333333 1.         0.16666667
 0.16666667 1.         0.83333333 0.66666667 0.33333333 0.66666667
 0.33333333 0.83333333 0.0078125  0.125      1.         0.015625
 1.         1.         0.33333333 1.         1.         1.
 0.16666667 1.        ]",5.881284606151252,"[4.431036874322795, 4.4354723466694645, 4.439912258928393, 4.444356615543937, 4.448805420964901, 4.453258679644546, 4.457716396040587, 4.462178574615201, 4.466645219835036, 4.471116336171208, 4.475591928099307, 4.4800720000994065, 4.484556556656063, 4.489045602258321, 4.493539141399721, 4.4980371785783, 4.502539718296596, 4.5070467650616575, 4.511558323385042, 4.516074397782825, 4.5205949927756, 4.525120112888489, 4.5296497626511405, 4.5341839465977385, 4.538722669267005, 4.543265935202207, 4.5478137489511585, 4.552366115066225, 4.55692303810433, 4.561484522626957, 4.566050573200157, 4.570621194394552, 4.5751963907853375, 4.57977616695229, 4.584360527479769, 4.588949476956726, 4.5935430199767024, 4.59814116113784, 4.602743905042883, 4.607351256299182, 4.611963219518701, 4.6165797993180195, 4.6212010003183375, 4.625826827145483, 4.630457284429912, 4.635092376806719, 4.639732108915635, 4.644376485401036, 4.649025510911948, 4.65367919010205, 4.65833752762968, 4.663000528157838, 4.6676681963541915, 4.672340536891083, 4.677017554445529, 4.681699253699228, 4.6863856393385666, 4.691076716054622, 4.695772488543165, 4.700472961504669, 4.705178139644313, 4.709888027671985, 4.714602630302287, 4.719321952254542, 4.7240459982527945, 4.728774773025821, 4.733508281307127, 4.738246527834963, 4.742989517352315, 4.747737254606922, 4.752489744351274, 4.757246991342616, 4.762009000342959, 4.766775776119078, 4.771547323442521, 4.77632364708961, 4.781104751841451, 4.785890642483936, 4.7906813238077435, 4.795476800608352, 4.8002770776860375, 4.805082159845884, 4.809892051897782, 4.814706758656438, 4.81952628494138, 4.824350635576956, 4.829179815392349, 4.834013829221571, 4.838852681903474, 4.843696378281756, 4.848544923204961, 4.8533983215264875, 4.8582565781045925, 4.863119697802395, 4.867987685487883, 4.872860546033917, 4.8777382843182355, 4.882620905223459, 4.8875084136370965, 4.892400814451548, 4.897298112564112, 4.902200312876989, 4.907107420297286, 4.912019439737023, 4.916936376113136, 4.921858234347483, 4.92678501936685, 4.9317167361029535, 4.936653389492446, 4.941594984476923, 4.946541526002926, 4.951493019021949, 4.956449468490439, 4.961410879369809, 4.966377256626435, 4.971348605231667, 4.976324930161829, 4.981306236398227, 4.986292528927154, 4.991283812739894, 4.996280092832727, 5.0012813742069335, 5.006287661868802, 5.011298960829632, 5.016315276105738, 5.021336612718456, 5.02636297569415, 5.0313943700642145, 5.036430800865079, 5.0414722731382176, 5.046518791930148, 5.05157036229244, 5.056626989281722, 5.0616886779596815, 5.066755433393075, 5.071827260653729, 5.076904164818547, 5.081986150969517, 5.08707322419371, 5.092165389583293, 5.097262652235528, 5.102365017252781, 5.107472489742523, 5.112585074817341, 5.1177027775949355, 5.122825603198134, 5.127953556754889, 5.133086643398287, 5.138224868266554, 5.143368236503057, 5.148516753256313, 5.153670423679993, 5.158829252932926, 5.163993246179105, 5.169162408587693, 5.174336745333026, 5.17951626159462, 5.184700962557177, 5.189890853410588, 5.195085939349938, 5.200286225575513, 5.205491717292806, 5.2107024197125185, 5.215918338050569, 5.221139477528097, 5.226365843371468, 5.231597440812281, 5.236834275087368, 5.242076351438807, 5.247323675113921, 5.252576251365286, 5.257834085450737, 5.263097182633371, 5.268365548181553, 5.2736391873689215, 5.278918105474395, 5.284202307782178, 5.28949179958176, 5.294786586167928, 5.300086672840768, 5.305392064905674, 5.310702767673347, 5.316018786459807, 5.321340126586394, 5.326666793379774, 5.331998792171945, 5.337336128300246, 5.342678807107353, 5.348026833941294, 5.353380214155449, 5.358738953108558, 5.364103056164723, 5.369472528693416, 5.374847376069486, 5.380227603673159, 5.385613216890049, 5.39100422111116, 5.3964006217328935, 5.401802424157051, 5.407209633790842, 5.412622256046889, 5.418040296343232, 5.423463760103336, 5.428892652756092, 5.434326979735828, 5.43976674648231, 5.445211958440751, 5.450662621061813, 5.456118739801615, 5.461580320121737, 5.467047367489226, 5.4725198873766026, 5.477997885261864, 5.483481366628492, 5.488970336965457, 5.494464801767225, 5.4999647665337585, 5.505470236770529, 5.510981217988518, 5.516497715704222, 5.522019735439662, 5.527547282722384, 5.53308036308547, 5.538618982067538, 5.54416314521275, 5.549712858070821, 5.555268126197018, 5.560828955152171, 5.566395350502673, 5.571967317820493, 5.577544862683177, 5.583127990673851, 5.588716707381232, 5.594311018399631, 5.59991092932896, 5.605516445774735, 5.611127573348083, 5.616744317665749, 5.6223666843501, 5.627994679029129, 5.6336283073364655, 5.6392675749113765, 5.644912487398775, 5.650563050449224, 5.656219269718943, 5.661881150869813, 5.667548699569382, 5.673221921490873, 5.678900822313186, 5.684585407720907, 5.690275683404312, 5.695971655059371, 5.701673328387759, 5.7073807090968565, 5.713093802899756, 5.718812615515271, 5.724537152667939, 5.730267420088027, 5.736003423511539, 5.741745168680219, 5.7474926613415604, 5.753245907248809, 5.75900491216097, 5.764769681842813, 5.770540222064877, 5.7763165386034805, 5.782098637240721, 5.787886523764485, 5.793680203968454, 5.799479683652106, 5.805284968620727, 5.811096064685413, 5.816912977663076, 5.822735713376453, 5.828564277654107, 5.834398676330437, 5.840238915245683, 5.846085000245929, 5.851936937183112, 5.8577947319150265, 5.863658390305332, 5.869527918223556, 5.8754033215451, 5.881284606151252]","[8, 2, 0, 0, 0, 3, 3, 20, 0, 1, 3, 0, 0, 0, 4, 5, 5, 4, 1, 0, 2, 3, 0, 0, 5, 4, 3, 0, 2, 5, 5, 1, 1, 1, 0, 4, 4, 0, 5, 7, 0, 0, 0, 0, 3, 2, 3, 4, 4, 1, 2, 3, 0, 4, 1, 0, 4, 2, 0, 0, 2, 2, 1, 2, 0, 1, 3, 0, 5, 7, 0, 5, 1, 0, 2, 5, 3, 5, 2, 2, 0, 0, 4, 3, 2, 4, 4, 4, 3, 1, 2, 0, 5, 6, 0, 5, 1, 0, 6, 1, 0, 0, 2, 0, 0, 4, 3, 3, 5, 4, 4, 4, 1, 2, 1, 5, 1, 2, 2, 4, 2, 4, 2, 1, 0, 0, 4, 0, 5, 1, 0, 7, 3, 0, 1, 4, 3, 0, 3, 0, 4, 1, 0, 5, 2, 5, 4, 2, 3, 4, 0, 3, 2, 3, 0, 0, 8, 0, 7, 0, 0, 4, 2, 0, 5, 0, 0, 2, 2, 5, 0, 5, 2, 4, 0, 4, 1, 0, 0, 4, 4, 4, 8, 7, 0, 2, 0, 0, 6, 4, 0, 4, 6, 0, 4, 4, 5, 1, 3, 4, 2, 0, 0, 1, 4, 0, 1, 1, 5, 4, 3, 0, 1, 6, 0, 4, 4, 0, 2, 0, 0, 3, 2, 0, 5, 4, 1, 2, 5, 5, 2, 2, 1, 4, 0, 0, 0, 1, 2, 3, 0, 5, 3, 4, 0, 1, 0, 0, 1, 1, 0, 2, 3, 0, 3, 3, 2, 5, 3, 4, 3, 1, 5, 0, 0, 5, 4, 3, 1, 3, 1, 4, 2, 6, 0, 3, 9, 0, 3, 5, 0, 5, 1, 0]","{'latency': 521936660, 'energy': 58941975.0, 'area': 17794800.0, 'power': 0.19426753846153844, 'cnt_pes': 42, 'l1_mem': 54, 'l2_mem': 858, 'edp': 3.07639775653035e+16}",6,2.6301904348754555
21,"[0.004      0.004      1.         1.         1.         0.33333333
 0.75       0.66666667 0.16666667 1.         1.         0.83333333
 1.         0.16666667 0.66666667 0.5        0.16666667 0.16666667
 0.5        0.16666667 0.33333333 0.16666667 1.         0.5
 1.         0.33333333 0.5        0.16666667 0.5        0.5
 1.         1.         1.         1.         1.         0.25
 0.125      1.         1.         0.16666667 1.         0.0045045
 0.02702703 1.         0.33333333 0.16666667 1.         0.5
 0.83333333 0.5        0.66666667 0.5        0.83333333 0.33333333
 0.33333333 0.16666667 0.33333333 0.16666667 0.83333333 0.16666667
 0.66666667 0.5        0.03125    1.         1.         0.5
 0.03125    1.         1.         0.16666667 1.         0.16666667
 0.33333333 1.         0.33333333 0.83333333 0.16666667 0.5
 0.16666667 0.66666667 0.5        0.83333333 0.83333333 0.83333333
 0.5        0.16666667 0.83333333 0.5        0.66666667 1.
 0.33333333 0.5        1.         0.0625     1.         0.25
 1.         1.         0.1        0.1        1.         0.5
 0.2        1.         0.5        0.5        0.66666667 1.
 1.         0.33333333 1.         0.83333333 0.83333333 0.33333333
 0.33333333 0.16666667 1.         0.83333333 0.16666667 0.16666667
 0.33333333 0.16666667 0.25       0.125      1.         0.0625
 0.125      1.         0.09090909 0.1        1.         0.5
 0.2        1.         1.         0.33333333 1.         0.33333333
 0.66666667 0.83333333 0.83333333 0.66666667 0.33333333 1.
 0.5        1.         0.83333333 0.16666667 0.83333333 1.
 0.5        1.         0.03125    0.015625   1.         0.25
 0.0625     1.         0.11111111 0.03703704 1.         0.16666667
 0.33333333 1.         1.         1.         1.         0.66666667
 0.16666667 0.66666667 0.66666667 0.83333333 0.5        0.66666667
 0.16666667 0.33333333 0.83333333 0.83333333 0.33333333 0.83333333
 0.33333333 1.         0.00390625 0.03125    1.         1.
 0.00390625 1.         0.05555556 1.         1.         0.16666667
 0.03703704 1.         0.5        0.16666667 0.83333333 0.5
 0.66666667 0.5        0.5        0.16666667 1.         0.5
 0.83333333 0.16666667 0.33333333 0.5        0.33333333 0.66666667
 0.66666667 0.83333333 0.03125    0.0078125  1.         0.03125
 0.0078125  1.         0.03846154 1.         1.         1.
 0.07692308 1.         0.33333333 0.66666667 1.         0.83333333
 0.16666667 1.         0.66666667 0.16666667 0.33333333 0.83333333
 0.16666667 0.16666667 1.         0.33333333 0.33333333 0.66666667
 0.83333333 1.         1.         0.00195312 1.         0.00390625
 0.00195312 1.         0.5        0.5        1.         0.5
 1.         1.         1.         0.33333333 0.33333333 1.
 0.16666667 1.         0.83333333 0.83333333 0.66666667 0.83333333
 0.16666667 0.66666667 0.83333333 1.         0.16666667 0.16666667
 0.5        0.66666667 0.0625     0.03125    1.         0.125
 0.03125    1.         0.16666667 0.5        1.         0.5
 0.16666667 1.        ]",5.8817088820802985e-06,"[4.431356529366282e-06, 4.43579232168797e-06, 4.440232554242212e-06, 4.4446772314736855e-06, 4.449126357831517e-06, 4.453579937769287e-06, 4.458037975745032e-06, 4.462500476221253e-06, 4.466967443664918e-06, 4.471438882547466e-06, 4.47591479734481e-06, 4.480395192537347e-06, 4.4848800726099575e-06, 4.489369442052009e-06, 4.493863305357366e-06, 4.49836166702439e-06, 4.5028645315559466e-06, 4.507371903459406e-06, 4.511883787246652e-06, 4.516400187434086e-06, 4.520921108542629e-06, 4.525446555097727e-06, 4.529976531629356e-06, 4.534511042672028e-06, 4.539050092764793e-06, 4.543593686451244e-06, 4.548141828279524e-06, 4.5526945228023256e-06, 4.5572517745769024e-06, 4.561813588165068e-06, 4.566379968133201e-06, 4.570950919052254e-06, 4.575526445497752e-06, 4.580106552049802e-06, 4.584691243293095e-06, 4.589280523816912e-06, 4.593874398215127e-06, 4.598472871086213e-06, 4.603075947033246e-06, 4.60768363066391e-06, 4.612295926590501e-06, 4.616912839429931e-06, 4.621534373803735e-06, 4.626160534338073e-06, 4.630791325663736e-06, 4.6354267524161525e-06, 4.640066819235388e-06, 4.644711530766154e-06, 4.649360891657811e-06, 4.654014906564376e-06, 4.65867358014452e-06, 4.663336917061582e-06, 4.668004921983565e-06, 4.672677599583148e-06, 4.677354954537686e-06, 4.682036991529215e-06, 4.686723715244459e-06, 4.691415130374833e-06, 4.69611124161645e-06, 4.7008120536701195e-06, 4.705517571241361e-06, 4.710227799040401e-06, 4.714942741782183e-06, 4.719662404186369e-06, 4.724386790977346e-06, 4.7291159068842305e-06, 4.733849756640871e-06, 4.7385883449858565e-06, 4.743331676662519e-06, 4.748079756418938e-06, 4.752832589007945e-06, 4.7575901791871325e-06, 4.762352531718852e-06, 4.767119651370222e-06, 4.771891542913135e-06, 4.77666821112426e-06, 4.781449660785045e-06, 4.786235896681727e-06, 4.791026923605332e-06, 4.795822746351684e-06, 4.800623369721405e-06, 4.805428798519925e-06, 4.8102390375574825e-06, 4.815054091649132e-06, 4.8198739656147466e-06, 4.824698664279025e-06, 4.8295281924714965e-06, 4.834362555026523e-06, 4.839201756783306e-06, 4.8440458025858915e-06, 4.848894697283175e-06, 4.853748445728904e-06, 4.858607052781686e-06, 4.863470523304991e-06, 4.868338862167158e-06, 4.873212074241399e-06, 4.878090164405805e-06, 4.882973137543349e-06, 4.887860998541891e-06, 4.892753752294185e-06, 4.897651403697883e-06, 4.902553957655538e-06, 4.9074614190746125e-06, 4.91237379286748e-06, 4.917291083951432e-06, 4.922213297248681e-06, 4.927140437686367e-06, 4.9320725101965635e-06, 4.93700951971628e-06, 4.941951471187467e-06, 4.9468983695570245e-06, 4.951850219776801e-06, 4.956807026803605e-06, 4.961768795599205e-06, 4.966735531130335e-06, 4.971707238368704e-06, 4.976683922290995e-06, 4.981665587878874e-06, 4.9866522401189925e-06, 4.991643884002995e-06, 4.9966405245275226e-06, 5.001642166694217e-06, 5.006648815509727e-06, 5.011660475985712e-06, 5.016677153138851e-06, 5.021698851990842e-06, 5.02672557756841e-06, 5.0317573349033135e-06, 5.036794129032346e-06, 5.041835964997343e-06, 5.046882847845188e-06, 5.051934782627816e-06, 5.056991774402218e-06, 5.062053828230448e-06, 5.0671209491796275e-06, 5.07219314232195e-06, 5.0772704127346845e-06, 5.082352765500184e-06, 5.08744020570589e-06, 5.092532738444334e-06, 5.097630368813147e-06, 5.1027331019150615e-06, 5.107840942857919e-06, 5.112953896754674e-06, 5.118071968723398e-06, 5.123195163887285e-06, 5.1283234873746595e-06, 5.133456944318979e-06, 5.1385955398588374e-06, 5.143739279137975e-06, 5.148888167305281e-06, 5.1540422095147955e-06, 5.159201410925721e-06, 5.164365776702424e-06, 5.169535312014438e-06, 5.174710022036475e-06, 5.179889911948423e-06, 5.185074986935358e-06, 5.190265252187546e-06, 5.195460712900446e-06, 5.200661374274721e-06, 5.205867241516237e-06, 5.211078319836073e-06, 5.216294614450524e-06, 5.221516130581105e-06, 5.22674287345456e-06, 5.231974848302863e-06, 5.237212060363226e-06, 5.242454514878104e-06, 5.247702217095199e-06, 5.252955172267467e-06, 5.25821338565312e-06, 5.263476862515635e-06, 5.2687456081237595e-06, 5.274019627751511e-06, 5.27929892667819e-06, 5.284583510188378e-06, 5.28987338357195e-06, 5.295168552124074e-06, 5.300469021145219e-06, 5.3057747959411606e-06, 5.311085881822984e-06, 5.316402284107091e-06, 5.321724008115206e-06, 5.32705105917438e-06, 5.332383442616997e-06, 5.337721163780778e-06, 5.343064228008787e-06, 5.348412640649437e-06, 5.353766407056493e-06, 5.359125532589082e-06, 5.364490022611694e-06, 5.369859882494188e-06, 5.375235117611799e-06, 5.380615733345145e-06, 5.386001735080225e-06, 5.391393128208433e-06, 5.396789918126559e-06, 5.402192110236796e-06, 5.4075997099467425e-06, 5.413012722669412e-06, 5.418431153823235e-06, 5.423855008832067e-06, 5.429284293125192e-06, 5.434719012137329e-06, 5.440159171308638e-06, 5.445604776084722e-06, 5.451055831916639e-06, 5.456512344260901e-06, 5.46197431857948e-06, 5.4674417603398205e-06, 5.4729146750148355e-06, 5.478393068082918e-06, 5.483876945027946e-06, 5.489366311339286e-06, 5.4948611725117975e-06, 5.5003615340458434e-06, 5.505867401447291e-06, 5.511378780227518e-06, 5.516895675903422e-06, 5.5224180939974196e-06, 5.527946040037457e-06, 5.5334795195570135e-06, 5.539018538095108e-06, 5.544563101196304e-06, 5.550113214410715e-06, 5.5556688832940084e-06, 5.561230113407416e-06, 5.566796910317734e-06, 5.572369279597331e-06, 5.577947226824156e-06, 5.583530757581738e-06, 5.5891198774591965e-06, 5.594714592051248e-06, 5.600314906958206e-06, 5.605920827785992e-06, 5.611532360146138e-06, 5.617149509655794e-06, 5.622772281937732e-06, 5.6284006826203524e-06, 5.63403471733769e-06, 5.639674391729419e-06, 5.64531971144086e-06, 5.650970682122983e-06, 5.6566273094324154e-06, 5.662289599031447e-06, 5.667957556588035e-06, 5.673631187775811e-06, 5.679310498274085e-06, 5.684995493767853e-06, 5.6906861799478014e-06, 5.696382562510311e-06, 5.702084647157469e-06, 5.707792439597066e-06, 5.713505945542609e-06, 5.719225170713322e-06, 5.724950120834156e-06, 5.7306808016357916e-06, 5.736417218854646e-06, 5.7421593782328795e-06, 5.747907285518398e-06, 5.753660946464863e-06, 5.759420366831695e-06, 5.765185552384079e-06, 5.770956508892972e-06, 5.776733242135107e-06, 5.782515757893e-06, 5.7883040619549555e-06, 5.7940981601150705e-06, 5.799898058173244e-06, 5.805703761935179e-06, 5.811515277212391e-06, 5.817332609822213e-06, 5.823155765587801e-06, 5.828984750338139e-06, 5.834819569908047e-06, 5.8406602301381856e-06, 5.846506736875061e-06, 5.852359095971032e-06, 5.8582173132843165e-06, 5.8640813946789955e-06, 5.8699513460250205e-06, 5.875827173198218e-06, 5.8817088820802985e-06]","[6, 3, 0, 0, 2, 7, 17, 15, 0, 5, 5, 4, 5, 0, 3, 2, 0, 0, 2, 0, 1, 0, 5, 2, 5, 1, 2, 0, 2, 2, 5, 5, 1, 1, 0, 4, 3, 0, 7, 4, 0, 0, 3, 0, 1, 0, 5, 2, 4, 2, 3, 2, 4, 1, 1, 0, 1, 0, 4, 0, 3, 2, 1, 6, 0, 5, 1, 0, 7, 4, 0, 4, 5, 0, 1, 4, 0, 2, 0, 3, 2, 4, 4, 4, 2, 0, 4, 2, 3, 5, 1, 2, 6, 2, 0, 5, 7, 0, 4, 4, 0, 6, 5, 0, 2, 2, 3, 5, 5, 1, 5, 4, 4, 1, 1, 0, 5, 4, 0, 0, 1, 0, 5, 4, 0, 3, 4, 0, 3, 4, 0, 6, 5, 0, 5, 1, 5, 1, 3, 4, 4, 3, 1, 5, 2, 5, 4, 0, 4, 5, 2, 5, 2, 1, 0, 6, 4, 0, 3, 1, 0, 4, 5, 0, 5, 5, 5, 3, 0, 3, 3, 4, 2, 3, 0, 1, 4, 4, 1, 4, 1, 5, 0, 3, 0, 8, 0, 0, 2, 7, 0, 4, 1, 0, 2, 0, 4, 2, 3, 2, 2, 0, 5, 2, 4, 0, 1, 2, 1, 3, 3, 4, 3, 1, 0, 4, 2, 0, 0, 3, 0, 3, 1, 0, 1, 3, 5, 4, 0, 5, 3, 0, 1, 4, 0, 0, 5, 1, 1, 3, 4, 5, 9, 0, 0, 1, 0, 0, 2, 2, 0, 2, 3, 0, 5, 1, 1, 5, 0, 5, 4, 4, 3, 4, 0, 3, 4, 5, 0, 0, 2, 3, 5, 4, 0, 6, 4, 0, 1, 4, 0, 4, 1, 0]","{'latency': 1760443257, 'energy': 21565494.0, 'area': 180223000000.0, 'power': 232.22538461538463, 'cnt_pes': 18432, 'l1_mem': 54, 'l2_mem': 3304192, 'edp': 3.796482849617396e+16}",2,4.158996235484126e-06
22,"[1.25000000e-04 1.00000000e-03 1.00000000e+00 1.00000000e+00
 6.66666667e-01 9.58333333e-01 8.33333333e-02 4.16666667e-02
 6.66666667e-01 1.00000000e+00 1.66666667e-01 1.00000000e+00
 1.66666667e-01 1.66666667e-01 5.00000000e-01 5.00000000e-01
 1.66666667e-01 8.33333333e-01 1.00000000e+00 3.33333333e-01
 3.33333333e-01 3.33333333e-01 6.66666667e-01 5.00000000e-01
 8.33333333e-01 6.66666667e-01 1.66666667e-01 3.33333333e-01
 6.66666667e-01 8.33333333e-01 1.00000000e+00 8.33333333e-01
 3.33333333e-01 3.33333333e-01 1.00000000e+00 1.25000000e-01
 3.12500000e-02 1.00000000e+00 1.35135135e-02 9.00900901e-03
 1.00000000e+00 1.35135135e-02 3.33333333e-01 1.00000000e+00
 1.66666667e-01 1.00000000e+00 3.33333333e-01 8.33333333e-01
 3.33333333e-01 1.66666667e-01 8.33333333e-01 8.33333333e-01
 1.66666667e-01 6.66666667e-01 6.66666667e-01 3.33333333e-01
 8.33333333e-01 6.66666667e-01 8.33333333e-01 8.33333333e-01
 1.66666667e-01 6.66666667e-01 3.12500000e-02 1.25000000e-01
 1.00000000e+00 1.56250000e-02 1.56250000e-02 1.00000000e+00
 2.70270270e-02 1.00000000e+00 1.00000000e+00 5.00000000e-01
 4.50450450e-03 1.00000000e+00 1.66666667e-01 3.33333333e-01
 6.66666667e-01 1.66666667e-01 8.33333333e-01 1.00000000e+00
 1.00000000e+00 1.00000000e+00 1.00000000e+00 1.66666667e-01
 6.66666667e-01 1.66666667e-01 8.33333333e-01 3.33333333e-01
 6.66666667e-01 5.00000000e-01 1.00000000e+00 5.00000000e-01
 1.00000000e+00 1.25000000e-01 1.00000000e+00 3.12500000e-02
 7.81250000e-03 1.00000000e+00 1.00000000e+00 4.54545455e-02
 1.00000000e+00 5.00000000e-01 2.00000000e-01 1.00000000e+00
 3.33333333e-01 5.00000000e-01 6.66666667e-01 6.66666667e-01
 8.33333333e-01 8.33333333e-01 6.66666667e-01 8.33333333e-01
 6.66666667e-01 3.33333333e-01 6.66666667e-01 1.66666667e-01
 6.66666667e-01 8.33333333e-01 1.66666667e-01 1.00000000e+00
 1.00000000e+00 1.66666667e-01 3.12500000e-02 2.50000000e-01
 1.00000000e+00 7.81250000e-03 6.25000000e-02 1.00000000e+00
 9.09090909e-02 9.09090909e-03 1.00000000e+00 9.09090909e-02
 4.54545455e-02 1.00000000e+00 8.33333333e-01 6.66666667e-01
 1.66666667e-01 3.33333333e-01 5.00000000e-01 1.66666667e-01
 1.00000000e+00 6.66666667e-01 1.66666667e-01 5.00000000e-01
 8.33333333e-01 1.00000000e+00 6.66666667e-01 3.33333333e-01
 5.00000000e-01 8.33333333e-01 1.00000000e+00 1.00000000e+00
 2.50000000e-01 1.56250000e-02 1.00000000e+00 5.00000000e-01
 6.25000000e-02 1.00000000e+00 1.11111111e-01 3.70370370e-02
 1.00000000e+00 1.66666667e-01 1.85185185e-02 1.00000000e+00
 6.66666667e-01 8.33333333e-01 5.00000000e-01 1.66666667e-01
 1.66666667e-01 6.66666667e-01 3.33333333e-01 3.33333333e-01
 1.00000000e+00 1.66666667e-01 8.33333333e-01 3.33333333e-01
 1.00000000e+00 1.66666667e-01 1.66666667e-01 8.33333333e-01
 1.66666667e-01 1.66666667e-01 1.00000000e+00 1.25000000e-01
 1.00000000e+00 3.12500000e-02 1.56250000e-02 1.00000000e+00
 5.00000000e-01 3.33333333e-01 1.00000000e+00 1.66666667e-01
 1.11111111e-01 1.00000000e+00 1.66666667e-01 1.00000000e+00
 6.66666667e-01 1.66666667e-01 3.33333333e-01 3.33333333e-01
 5.00000000e-01 5.00000000e-01 1.66666667e-01 3.33333333e-01
 5.00000000e-01 3.33333333e-01 1.00000000e+00 8.33333333e-01
 1.00000000e+00 3.33333333e-01 6.66666667e-01 8.33333333e-01
 2.50000000e-01 3.12500000e-02 1.00000000e+00 1.25000000e-01
 1.00000000e+00 1.00000000e+00 3.84615385e-02 7.69230769e-02
 1.00000000e+00 3.84615385e-02 7.69230769e-02 1.00000000e+00
 8.33333333e-01 8.33333333e-01 3.33333333e-01 6.66666667e-01
 5.00000000e-01 5.00000000e-01 1.00000000e+00 1.00000000e+00
 1.66666667e-01 8.33333333e-01 1.66666667e-01 3.33333333e-01
 8.33333333e-01 6.66666667e-01 6.66666667e-01 5.00000000e-01
 1.00000000e+00 1.00000000e+00 1.00000000e+00 1.00000000e+00
 1.00000000e+00 7.81250000e-03 6.25000000e-02 1.00000000e+00
 1.00000000e+00 5.00000000e-01 1.00000000e+00 1.00000000e+00
 3.84615385e-02 1.00000000e+00 1.66666667e-01 8.33333333e-01
 8.33333333e-01 8.33333333e-01 8.33333333e-01 1.66666667e-01
 8.33333333e-01 1.00000000e+00 1.66666667e-01 5.00000000e-01
 1.00000000e+00 3.33333333e-01 3.33333333e-01 3.33333333e-01
 3.33333333e-01 8.33333333e-01 5.00000000e-01 1.66666667e-01
 3.12500000e-02 1.56250000e-02 1.00000000e+00 1.25000000e-01
 1.56250000e-02 1.00000000e+00 1.66666667e-01 1.66666667e-01
 1.00000000e+00 5.00000000e-01 1.66666667e-01 1.00000000e+00]",1.089775089735811,"[0.8210508299984879, 0.8218727027011891, 0.8226953980992884, 0.8235189170163046, 0.8243432602765812, 0.8251684287052865, 0.8259944231284149, 0.8268212443727877, 0.8276488932660537, 0.8284773706366905, 0.8293066773140044, 0.8301368141281326, 0.8309677819100426, 0.8317995814915341, 0.8326322137052393, 0.8334656793846239, 0.8342999793639879, 0.8351351144784663, 0.8359710855640303, 0.8368078934574879, 0.8376455389964843, 0.8384840230195039, 0.8393233463658697, 0.8401635098757454, 0.8410045143901356, 0.8418463607508865, 0.8426890498006872, 0.8435325823830703, 0.8443769593424126, 0.8452221815239366, 0.8460682497737103, 0.8469151649386489, 0.8477629278665154, 0.8486115394059214, 0.8494610004063277, 0.8503113117180457, 0.851162474192238, 0.8520144886809189, 0.8528673560369558, 0.85372107711407, 0.8545756527668368, 0.8554310838506874, 0.8562873712219093, 0.8571445157376469, 0.8580025182559028, 0.8588613796355383, 0.8597211007362746, 0.8605816824186933, 0.8614431255442375, 0.8623054309752127, 0.8631685995747875, 0.8640326322069946, 0.8648975297367313, 0.8657632930297611, 0.8666299229527138, 0.8674974203730869, 0.8683657861592461, 0.8692350211804265, 0.8701051263067332, 0.8709761024091424, 0.8718479503595019, 0.8727206710305324, 0.8735942652958283, 0.8744687340298581, 0.8753440781079661, 0.8762202984063725, 0.8770973958021747, 0.8779753711733481, 0.8788542253987469, 0.879733959358105, 0.8806145739320371, 0.8814960700020391, 0.8823784484504896, 0.8832617101606502, 0.884145856016667, 0.8850308869035706, 0.8859168037072779, 0.8868036073145925, 0.8876912986132057, 0.8885798784916974, 0.8894693478395369, 0.890359707547084, 0.8912509585055897, 0.8921431016071969, 0.8930361377449418, 0.8939300678127546, 0.8948248927054601, 0.8957206133187788, 0.8966172305493282, 0.8975147452946228, 0.8984131584530759, 0.8993124709239999, 0.9002126836076075, 0.9011137974050125, 0.9020158132182308, 0.9029187319501809, 0.9038225545046856, 0.9047272817864721, 0.9056329147011732, 0.9065394541553286, 0.9074469010563849, 0.9083552563126976, 0.9092645208335312, 0.9101746955290602, 0.9110857813103705, 0.91199777908946, 0.9129106897792393, 0.9138245142935328, 0.91473925354708, 0.9156549084555355, 0.9165714799354711, 0.9174889689043755, 0.9184073762806562, 0.9193267029836398, 0.9202469499335734, 0.921168118051625, 0.9220902082598849, 0.9230132214813662, 0.9239371586400063, 0.9248620206606669, 0.9257878084691361, 0.9267145229921282, 0.9276421651572855, 0.9285707358931786, 0.9295002361293079, 0.930430666796104, 0.9313620288249289, 0.932294323148077, 0.9332275506987758, 0.9341617124111871, 0.9350968092204075, 0.93603284206247, 0.9369698118743442, 0.9379077195939381, 0.9388465661600982, 0.9397863525126108, 0.940727079592203, 0.9416687483405436, 0.9426113597002438, 0.9435549146148586, 0.9444994140288875, 0.9454448588877753, 0.9463912501379133, 0.9473385887266399, 0.9482868756022421, 0.949236111713956, 0.9501862980119681, 0.9511374354474155, 0.9520895249723879, 0.9530425675399278, 0.9539965641040318, 0.9549515156196514, 0.9559074230426942, 0.9568642873300242, 0.9578221094394637, 0.9587808903297934, 0.9597406309607541, 0.9607013322930472, 0.9616629952883355, 0.9626256209092448, 0.9635892101193642, 0.9645537638832474, 0.9655192831664139, 0.9664857689353492, 0.9674532221575067, 0.968421643801308, 0.9693910348361442, 0.9703613962323766, 0.9713327289613379, 0.9723050339953333, 0.973278312307641, 0.9742525648725134, 0.9752277926651787, 0.9762039966618405, 0.9771811778396803, 0.9781593371768571, 0.9791384756525097, 0.9801185942467564, 0.9810996939406971, 0.9820817757164135, 0.9830648405569705, 0.9840488894464169, 0.9850339233697867, 0.9860199433130998, 0.9870069502633632, 0.9879949452085718, 0.9889839291377095, 0.9899739030407503, 0.9909648679086589, 0.9919568247333923, 0.9929497745079002, 0.9939437182261264, 0.9949386568830094, 0.9959345914744839, 0.9969315229974814, 0.9979294524499314, 0.9989283808307621, 0.9999283091399019, 1.0009292383782802, 1.001931169547828, 1.0029341036514794, 1.0039380416931725, 1.0049429846778504, 1.0059489336114618, 1.0069558895009627, 1.007963853354317, 1.0089728261804973, 1.009982808989487, 1.0109938027922791, 1.01200580860088, 1.0130188274283083, 1.0140328602885968, 1.0150479081967936, 1.0160639721689626, 1.0170810532221848, 1.0180991523745593, 1.0191182706452044, 1.0201384090542587, 1.0211595686228816, 1.0221817503732549, 1.0232049553285834, 1.0242291845130964, 1.0252544389520484, 1.02628071967172, 1.0273080276994195, 1.028336364063483, 1.0293657297932763, 1.0303961259191956, 1.0314275534726682, 1.0324600134861543, 1.0334935069931475, 1.0345280350281756, 1.0355635986268024, 1.036600198825628, 1.0376378366622903, 1.0386765131754658, 1.0397162294048707, 1.040756986391262, 1.0417987851764385, 1.0428416268032419, 1.0438855123155575, 1.0449304427583157, 1.0459764191774932, 1.0470234426201133, 1.0480715141342476, 1.0491206347690165, 1.050170805574591, 1.0512220276021933, 1.0522743019040974, 1.0533276295336311, 1.0543820115451763, 1.0554374489941705, 1.0564939429371076, 1.0575514944315392, 1.0586101045360752, 1.0596697743103856, 1.0607305048152007, 1.061792297112313, 1.0628551522645777, 1.0639190713359137, 1.064984055391305, 1.066050105496802, 1.0671172227195214, 1.068185408127649, 1.0692546627904393, 1.0703249877782175, 1.07139638416238, 1.0724688530153954, 1.0735423954108063, 1.0746170124232295, 1.0756927051283578, 1.0767694746029608, 1.0778473219248856, 1.0789262481730586, 1.080006254427486, 1.0810873417692553, 1.0821695112805358, 1.0832527640445804, 1.0843371011457261, 1.0854225236693955, 1.0865090327020976, 1.087596629331429, 1.088685314646075, 1.089775089735811]","[1, 1, 0, 0, 1, 22, 1, 0, 3, 5, 0, 5, 0, 0, 2, 2, 0, 4, 5, 1, 1, 1, 3, 2, 4, 3, 0, 1, 3, 4, 5, 4, 0, 0, 0, 3, 1, 0, 2, 1, 0, 2, 5, 0, 0, 5, 1, 4, 1, 0, 4, 4, 0, 3, 3, 1, 4, 3, 4, 4, 0, 3, 1, 3, 0, 0, 0, 0, 3, 7, 0, 6, 0, 0, 0, 1, 3, 0, 4, 5, 5, 5, 5, 0, 3, 0, 4, 1, 3, 2, 5, 2, 6, 3, 0, 2, 0, 0, 7, 2, 0, 6, 5, 0, 1, 2, 3, 3, 4, 4, 3, 4, 3, 1, 3, 0, 3, 4, 0, 5, 5, 0, 2, 5, 0, 0, 3, 0, 3, 0, 0, 3, 2, 0, 4, 3, 0, 1, 2, 0, 5, 3, 0, 2, 4, 5, 3, 1, 2, 4, 5, 5, 5, 1, 0, 7, 4, 0, 3, 1, 0, 4, 0, 0, 3, 4, 2, 0, 0, 3, 1, 1, 5, 0, 4, 1, 5, 0, 0, 4, 0, 0, 8, 5, 0, 3, 2, 0, 6, 5, 0, 4, 3, 0, 0, 5, 3, 0, 1, 1, 2, 2, 0, 1, 2, 1, 5, 4, 5, 1, 3, 4, 6, 3, 0, 6, 9, 0, 0, 1, 0, 0, 1, 0, 4, 4, 1, 3, 2, 2, 5, 5, 0, 4, 0, 1, 4, 3, 3, 2, 5, 5, 9, 9, 0, 2, 5, 0, 3, 2, 0, 3, 0, 0, 0, 4, 4, 4, 4, 0, 4, 5, 0, 2, 5, 1, 1, 1, 1, 4, 2, 0, 4, 3, 0, 6, 3, 0, 1, 1, 0, 4, 1, 0]","{'latency': 2816781254, 'energy': 24370808.0, 'area': 3873000.0, 'power': 0.17276121538461542, 'cnt_pes': 8, 'l1_mem': 54, 'l2_mem': 193952, 'edp': 6.864723511923323e+16}",15,0.2912546438880166
23,"[0.002      0.5        1.         1.         1.         0.95833333
 0.91666667 0.375      1.         1.         0.66666667 1.
 0.16666667 0.16666667 0.66666667 0.66666667 0.16666667 1.
 0.33333333 0.16666667 1.         0.5        1.         0.5
 1.         0.5        0.83333333 0.33333333 0.66666667 0.5
 0.16666667 1.         1.         1.         1.         0.03125
 0.125      1.         0.0045045  1.         1.         0.5
 0.33333333 1.         0.16666667 1.         1.         0.66666667
 0.33333333 0.5        0.33333333 0.83333333 0.16666667 1.
 0.33333333 0.66666667 0.33333333 0.66666667 0.83333333 0.16666667
 0.83333333 0.66666667 0.03125    0.25       1.         0.015625
 0.25       1.         0.01351351 0.16666667 1.         0.33333333
 0.01351351 1.         0.33333333 0.5        0.33333333 0.5
 0.83333333 0.33333333 0.16666667 0.83333333 1.         0.33333333
 0.5        0.5        0.66666667 1.         0.66666667 1.
 0.66666667 0.83333333 0.5        0.015625   1.         0.015625
 0.03125    1.         0.04545455 0.01818182 1.         0.00909091
 0.04545455 1.         0.33333333 0.16666667 0.66666667 0.5
 0.5        0.33333333 0.5        0.33333333 0.83333333 0.33333333
 0.66666667 0.16666667 0.66666667 0.66666667 0.83333333 0.16666667
 0.66666667 0.5        0.015625   0.0078125  1.         0.0078125
 0.0078125  1.         0.1        0.1        1.         0.1
 0.01818182 1.         0.5        1.         0.83333333 0.83333333
 0.83333333 0.16666667 0.5        0.83333333 1.         0.66666667
 0.5        0.83333333 0.83333333 1.         0.83333333 0.5
 0.33333333 0.5        0.0625     1.         1.         0.25
 0.015625   1.         0.05555556 0.05555556 1.         1.
 0.03703704 1.         0.16666667 0.33333333 1.         0.66666667
 0.5        0.83333333 0.66666667 0.33333333 0.5        0.83333333
 0.16666667 1.         0.83333333 0.5        0.33333333 1.
 0.5        0.83333333 0.00390625 0.125      1.         0.125
 0.00390625 1.         0.5        0.05555556 1.         0.16666667
 0.03703704 1.         0.5        0.66666667 1.         0.66666667
 0.66666667 0.66666667 0.5        1.         0.5        0.5
 0.5        0.16666667 0.16666667 0.16666667 0.33333333 0.33333333
 0.66666667 0.33333333 0.03125    0.0625     1.         0.5
 0.0625     1.         1.         0.5        1.         1.
 1.         1.         0.33333333 0.5        0.33333333 0.5
 0.66666667 0.5        0.66666667 0.5        0.16666667 0.33333333
 0.16666667 0.5        0.83333333 0.33333333 0.66666667 0.83333333
 1.         1.         1.         0.03125    1.         0.125
 0.03125    1.         0.5        0.03846154 1.         1.
 0.03846154 1.         0.16666667 0.33333333 1.         0.83333333
 0.16666667 0.33333333 0.83333333 0.83333333 0.5        0.83333333
 0.16666667 0.66666667 0.83333333 0.66666667 0.83333333 0.5
 0.83333333 0.5        0.0078125  0.03125    1.         0.00390625
 0.0078125  1.         0.25       0.5        1.         0.33333333
 0.08333333 1.        ]",6.291388626537784e-07,"[4.740014616148141e-07, 4.7447593755236647e-07, 4.7495088844080727e-07, 4.7542631475556285e-07, 4.759022169725354e-07, 4.763785955681035e-07, 4.768554510191226e-07, 4.773327838029256e-07, 4.778105943973229e-07, 4.782888832806035e-07, 4.787676509315351e-07, 4.792468978293644e-07, 4.797266244538183e-07, 4.802068312851034e-07, 4.806875188039074e-07, 4.811686874913988e-07, 4.81650337829228e-07, 4.821324702995275e-07, 4.826150853849124e-07, 4.830981835684809e-07, 4.835817653338148e-07, 4.840658311649798e-07, 4.845503815465263e-07, 4.850354169634898e-07, 4.855209379013912e-07, 4.860069448462375e-07, 4.86493438284522e-07, 4.869804187032252e-07, 4.87467886589815e-07, 4.879558424322473e-07, 4.884442867189663e-07, 4.889332199389052e-07, 4.894226425814867e-07, 4.899125551366233e-07, 4.90402958094718e-07, 4.908938519466646e-07, 4.913852371838485e-07, 4.918771142981466e-07, 4.923694837819285e-07, 4.928623461280565e-07, 4.933557018298864e-07, 4.938495513812676e-07, 4.943438952765441e-07, 4.948387340105547e-07, 4.953340680786333e-07, 4.958298979766099e-07, 4.963262242008107e-07, 4.968230472480588e-07, 4.973203676156744e-07, 4.978181858014759e-07, 4.983165023037797e-07, 4.988153176214011e-07, 4.993146322536548e-07, 4.998144467003552e-07, 5.003147614618169e-07, 5.008155770388558e-07, 5.013168939327886e-07, 5.01818712645434e-07, 5.023210336791131e-07, 5.028238575366498e-07, 5.033271847213712e-07, 5.038310157371083e-07, 5.043353510881965e-07, 5.048401912794759e-07, 5.053455368162922e-07, 5.058513882044967e-07, 5.063577459504472e-07, 5.068646105610082e-07, 5.073719825435517e-07, 5.078798624059577e-07, 5.083882506566143e-07, 5.088971478044188e-07, 5.094065543587775e-07, 5.099164708296072e-07, 5.104268977273345e-07, 5.109378355628973e-07, 5.11449284847745e-07, 5.119612460938388e-07, 5.124737198136525e-07, 5.129867065201726e-07, 5.135002067268995e-07, 5.140142209478473e-07, 5.145287496975449e-07, 5.150437934910359e-07, 5.155593528438798e-07, 5.160754282721519e-07, 5.165920202924444e-07, 5.171091294218662e-07, 5.176267561780442e-07, 5.181449010791234e-07, 5.186635646437671e-07, 5.191827473911583e-07, 5.197024498409993e-07, 5.202226725135128e-07, 5.207434159294421e-07, 5.212646806100522e-07, 5.217864670771293e-07, 5.223087758529823e-07, 5.228316074604428e-07, 5.233549624228656e-07, 5.238788412641297e-07, 5.244032445086383e-07, 5.249281726813197e-07, 5.254536263076273e-07, 5.259796059135409e-07, 5.265061120255664e-07, 5.270331451707371e-07, 5.275607058766138e-07, 5.28088794671285e-07, 5.286174120833684e-07, 5.291465586420105e-07, 5.296762348768873e-07, 5.302064413182055e-07, 5.307371784967022e-07, 5.312684469436458e-07, 5.318002471908367e-07, 5.323325797706073e-07, 5.328654452158231e-07, 5.33398844059883e-07, 5.339327768367197e-07, 5.344672440808005e-07, 5.350022463271276e-07, 5.355377841112388e-07, 5.36073857969208e-07, 5.366104684376457e-07, 5.371476160536994e-07, 5.376853013550545e-07, 5.382235248799344e-07, 5.387622871671015e-07, 5.393015887558574e-07, 5.398414301860434e-07, 5.403818119980415e-07, 5.409227347327742e-07, 5.414641989317059e-07, 5.420062051368427e-07, 5.425487538907335e-07, 5.430918457364699e-07, 5.436354812176876e-07, 5.441796608785662e-07, 5.4472438526383e-07, 5.452696549187487e-07, 5.458154703891379e-07, 5.463618322213593e-07, 5.469087409623216e-07, 5.47456197159481e-07, 5.480042013608418e-07, 5.485527541149568e-07, 5.491018559709277e-07, 5.496515074784062e-07, 5.502017091875938e-07, 5.50752461649243e-07, 5.513037654146577e-07, 5.518556210356933e-07, 5.524080290647581e-07, 5.52960990054813e-07, 5.535145045593724e-07, 5.540685731325049e-07, 5.546231963288338e-07, 5.551783747035373e-07, 5.557341088123497e-07, 5.562903992115613e-07, 5.568472464580193e-07, 5.574046511091284e-07, 5.579626137228513e-07, 5.58521134857709e-07, 5.590802150727818e-07, 5.596398549277095e-07, 5.602000549826922e-07, 5.607608157984907e-07, 5.613221379364271e-07, 5.618840219583855e-07, 5.624464684268123e-07, 5.63009477904717e-07, 5.635730509556726e-07, 5.641371881438164e-07, 5.647018900338502e-07, 5.652671571910413e-07, 5.658329901812225e-07, 5.663993895707933e-07, 5.6696635592672e-07, 5.675338898165365e-07, 5.681019918083448e-07, 5.686706624708156e-07, 5.692399023731887e-07, 5.69809712085274e-07, 5.703800921774515e-07, 5.709510432206722e-07, 5.715225657864586e-07, 5.720946604469055e-07, 5.726673277746801e-07, 5.732405683430231e-07, 5.738143827257488e-07, 5.743887714972461e-07, 5.749637352324786e-07, 5.755392745069856e-07, 5.761153898968825e-07, 5.766920819788614e-07, 5.772693513301916e-07, 5.778471985287203e-07, 5.784256241528732e-07, 5.790046287816549e-07, 5.795842129946495e-07, 5.801643773720216e-07, 5.80745122494516e-07, 5.813264489434595e-07, 5.819083573007602e-07, 5.824908481489091e-07, 5.830739220709801e-07, 5.836575796506308e-07, 5.842418214721028e-07, 5.848266481202231e-07, 5.854120601804035e-07, 5.859980582386421e-07, 5.865846428815237e-07, 5.871718146962199e-07, 5.877595742704903e-07, 5.88347922192683e-07, 5.889368590517347e-07, 5.895263854371719e-07, 5.90116501939111e-07, 5.907072091482593e-07, 5.912985076559151e-07, 5.918903980539691e-07, 5.92482880934904e-07, 5.930759568917958e-07, 5.936696265183141e-07, 5.942638904087229e-07, 5.948587491578808e-07, 5.95454203361242e-07, 5.960502536148569e-07, 5.966469005153723e-07, 5.972441446600323e-07, 5.97841986646679e-07, 5.984404270737528e-07, 5.990394665402931e-07, 5.996391056459391e-07, 6.002393449909301e-07, 6.008401851761062e-07, 6.014416268029091e-07, 6.020436704733825e-07, 6.026463167901727e-07, 6.032495663565292e-07, 6.038534197763055e-07, 6.044578776539595e-07, 6.050629405945541e-07, 6.056686092037578e-07, 6.062748840878457e-07, 6.068817658536994e-07, 6.074892551088083e-07, 6.080973524612696e-07, 6.087060585197893e-07, 6.09315373893683e-07, 6.099252991928758e-07, 6.105358350279037e-07, 6.111469820099136e-07, 6.117587407506643e-07, 6.123711118625267e-07, 6.129840959584852e-07, 6.135976936521374e-07, 6.14211905557695e-07, 6.14826732289985e-07, 6.154421744644495e-07, 6.160582326971467e-07, 6.166749076047514e-07, 6.17292199804556e-07, 6.179101099144705e-07, 6.185286385530236e-07, 6.19147786339363e-07, 6.197675538932562e-07, 6.203879418350913e-07, 6.210089507858772e-07, 6.216305813672445e-07, 6.222528342014459e-07, 6.228757099113572e-07, 6.234992091204778e-07, 6.241233324529307e-07, 6.247480805334642e-07, 6.253734539874517e-07, 6.259994534408926e-07, 6.266260795204129e-07, 6.272533328532662e-07, 6.278812140673335e-07, 6.285097237911247e-07, 6.291388626537784e-07]","[5, 10, 0, 0, 2, 22, 21, 8, 5, 5, 3, 5, 0, 0, 3, 3, 0, 5, 1, 0, 5, 2, 5, 2, 5, 2, 4, 1, 3, 2, 0, 5, 1, 1, 0, 1, 3, 0, 0, 7, 0, 6, 5, 0, 0, 5, 5, 3, 1, 2, 1, 4, 0, 5, 1, 3, 1, 3, 4, 0, 4, 3, 1, 4, 0, 0, 4, 0, 2, 4, 0, 5, 2, 0, 1, 2, 1, 2, 4, 1, 0, 4, 5, 1, 2, 2, 3, 5, 3, 5, 3, 4, 5, 0, 0, 1, 2, 0, 2, 1, 0, 0, 2, 0, 1, 0, 3, 2, 2, 1, 2, 1, 4, 1, 3, 0, 3, 3, 4, 0, 3, 2, 1, 0, 0, 0, 0, 0, 4, 4, 0, 4, 1, 0, 2, 5, 4, 4, 4, 0, 2, 4, 5, 3, 2, 4, 4, 5, 4, 2, 1, 2, 3, 7, 0, 6, 2, 0, 2, 2, 0, 7, 1, 0, 0, 1, 5, 3, 2, 4, 3, 1, 2, 4, 0, 5, 4, 2, 1, 5, 2, 4, 0, 5, 0, 5, 0, 0, 6, 2, 0, 4, 1, 0, 2, 3, 5, 3, 3, 3, 2, 5, 2, 2, 2, 0, 0, 0, 1, 1, 3, 1, 3, 4, 0, 8, 5, 0, 3, 2, 0, 3, 3, 0, 1, 2, 1, 2, 3, 2, 3, 2, 0, 1, 0, 2, 4, 1, 3, 4, 5, 5, 9, 4, 0, 6, 4, 0, 2, 0, 0, 3, 0, 0, 0, 1, 5, 4, 0, 1, 4, 4, 2, 4, 0, 3, 4, 3, 4, 2, 4, 2, 2, 4, 0, 1, 2, 0, 2, 4, 0, 3, 0, 0]","{'latency': 1121470471, 'energy': 21680507.7, 'area': 690408000000.0, 'power': 743.9750769230769, 'cnt_pes': 36432, 'l1_mem': 54, 'l2_mem': 1927168, 'edp': 2.4314049181838124e+16}",7,2.5684486514278417e-07
24,"[0.015625   0.256      1.         1.         0.66666667 0.91666667
 0.95833333 0.91666667 1.         1.         0.66666667 0.66666667
 0.16666667 0.16666667 0.83333333 0.5        0.16666667 0.83333333
 1.         0.16666667 0.83333333 0.83333333 0.83333333 1.
 1.         0.16666667 1.         0.33333333 0.5        1.
 0.83333333 1.         1.         1.         1.         0.25
 0.5        1.         0.0045045  1.         1.         0.0045045
 0.0045045  1.         0.66666667 1.         0.5        0.83333333
 0.16666667 0.5        0.66666667 0.5        1.         0.5
 0.33333333 0.66666667 0.83333333 0.16666667 0.83333333 0.16666667
 0.16666667 0.5        0.03125    1.         1.         0.5
 0.25       1.         0.16666667 1.         1.         0.00900901
 0.0045045  1.         0.33333333 0.16666667 0.66666667 0.83333333
 0.83333333 1.         0.5        0.66666667 1.         1.
 1.         0.16666667 0.83333333 0.5        0.66666667 0.5
 1.         0.83333333 0.5        0.0625     1.         0.5
 1.         1.         0.1        0.01818182 1.         0.04545455
 0.2        1.         0.5        0.5        0.33333333 0.33333333
 1.         0.83333333 0.5        0.83333333 0.33333333 1.
 0.33333333 0.83333333 1.         0.83333333 0.16666667 0.83333333
 1.         0.16666667 0.0625     0.125      1.         1.
 0.5        1.         0.5        0.5        1.         0.2
 0.01818182 1.         0.5        0.33333333 0.66666667 0.33333333
 0.5        0.16666667 0.33333333 0.33333333 0.16666667 1.
 1.         0.66666667 0.83333333 0.16666667 1.         0.33333333
 0.16666667 0.33333333 1.         0.015625   1.         0.5
 0.0625     1.         0.5        0.05555556 1.         0.5
 0.5        1.         0.16666667 0.16666667 1.         1.
 0.16666667 0.16666667 0.5        0.83333333 0.83333333 0.66666667
 0.16666667 0.33333333 0.83333333 0.83333333 0.16666667 0.33333333
 0.5        0.66666667 0.03125    0.0625     1.         1.
 0.00390625 1.         0.05555556 0.5        1.         0.01851852
 0.5        1.         0.5        0.66666667 0.5        0.16666667
 1.         0.5        0.66666667 0.33333333 0.66666667 0.5
 0.66666667 0.66666667 1.         0.16666667 0.33333333 0.83333333
 1.         0.83333333 0.03125    0.0078125  1.         0.125
 0.0078125  1.         0.03846154 0.07692308 1.         1.
 0.5        1.         0.33333333 0.66666667 0.83333333 0.16666667
 0.33333333 0.5        0.5        0.5        0.16666667 0.33333333
 0.33333333 0.83333333 0.16666667 0.33333333 0.66666667 1.
 1.         0.5        0.25       0.03125    1.         0.03125
 0.00195312 1.         0.5        0.5        1.         0.5
 0.03846154 1.         0.33333333 0.66666667 0.5        0.83333333
 0.83333333 1.         0.66666667 0.5        0.5        0.83333333
 0.16666667 0.5        0.83333333 0.33333333 0.16666667 0.66666667
 0.33333333 1.         0.015625   0.03125    1.         0.25
 0.00195312 1.         0.33333333 0.33333333 1.         0.16666667
 0.25       1.        ]",0.1572021936578214,"[0.11843819224352733, 0.11855674899251986, 0.11867542441693679, 0.11879421863557237, 0.11891313176733971, 0.11903216393127099, 0.11915131524651751, 0.11927058583234985, 0.11938997580815801, 0.11950948529345146, 0.11962911440785931, 0.11974886327113043, 0.11986873200313357, 0.11998872072385743, 0.12010882955341083, 0.12022905861202285, 0.12034940802004289, 0.12046987789794084, 0.12059046836630714, 0.120711179545853, 0.12083201155741041, 0.12095296452193234, 0.12107403856049283, 0.12119523379428712, 0.12131655034463175, 0.12143798833296471, 0.12155954788084555, 0.1216812291099555, 0.1218030321420976, 0.1219249570991968, 0.1220470041033001, 0.12216917327657668, 0.122291464741318, 0.12241387861993794, 0.12253641503497291, 0.12265907410908199, 0.12278185596504704, 0.1229047607257728, 0.1230277885142871, 0.12315093945374084, 0.12327421366740825, 0.12339761127868694, 0.12352113241109804, 0.12364477718828633, 0.12376854573402035, 0.12389243817219255, 0.12401645462681936, 0.1241405952220414, 0.12426486008212353, 0.124389249331455, 0.12451376309454955, 0.12463840149604559, 0.12476316466070629, 0.12488805271341971, 0.1250130657791989, 0.1251382039831821, 0.12526346745063272, 0.12538885630693966, 0.12551437067761728, 0.12564001068830558, 0.12576577646477036, 0.12589166813290326, 0.12601768581872197, 0.12614382964837034, 0.12627009974811845, 0.1263964962443628, 0.12652301926362644, 0.126649668932559, 0.12677644537793692, 0.1269033487266636, 0.12703037910576936, 0.12715753664241178, 0.12728482146387565, 0.12741223369757324, 0.12753977347104428, 0.12766744091195623, 0.12779523614810434, 0.12792315930741174, 0.12805121051792967, 0.1281793899078375, 0.12830769760544294, 0.12843613373918214, 0.12856469843761975, 0.1286933918294492, 0.1288222140434927, 0.1289511652087014, 0.12908024545415556, 0.12920945490906463, 0.1293387937027674, 0.12946826196473213, 0.12959785982455668, 0.12972758741196866, 0.1298574448568255, 0.1299874322891146, 0.13011754983895357, 0.13024779763659017, 0.13037817581240257, 0.13050868449689948, 0.1306393238207202, 0.13077009391463482, 0.13090099490954435, 0.13103202693648083, 0.13116319012660743, 0.13129448461121865, 0.13142591052174038, 0.13155746798973011, 0.13168915714687698, 0.131820978125002, 0.13195293105605804, 0.13208501607213016, 0.1322172333054356, 0.13234958288832394, 0.13248206495327722, 0.13261467963291013, 0.13274742705997009, 0.1328803073673374, 0.13301332068802543, 0.1331464671551806, 0.1332797469020827, 0.13341316006214485, 0.13354670676891375, 0.13368038715606984, 0.13381420135742728, 0.1339481495069342, 0.13408223173867287, 0.13421644818685974, 0.1343507989858456, 0.13448528427011572, 0.13461990417429, 0.13475465883312313, 0.13488954838150463, 0.1350245729544591, 0.13515973268714626, 0.13529502771486113, 0.13543045817303417, 0.1355660241972314, 0.13570172592315455, 0.1358375634866412, 0.13597353702366485, 0.13610964667033518, 0.13624589256289807, 0.1363822748377358, 0.13651879363136715, 0.1366554490804476, 0.13679224132176937, 0.13692917049226164, 0.13706623672899063, 0.13720344016915978, 0.1373407809501099, 0.13747825920931922, 0.13761587508440362, 0.13775362871311675, 0.1378915202333501, 0.13802954978313323, 0.13816771750063386, 0.13830602352415802, 0.13844446799215018, 0.13858305104319338, 0.1387217728160094, 0.13886063344945884, 0.13899963308254137, 0.13913877185439577, 0.13927804990430007, 0.13941746737167174, 0.13955702439606782, 0.139696721117185, 0.13983655767485986, 0.13997653420906894, 0.14011665085992886, 0.14025690776769656, 0.14039730507276932, 0.140537842915685, 0.14067852143712212, 0.1408193407779, 0.140960301078979, 0.14110140248146047, 0.14124264512658705, 0.1413840291557428, 0.14152555471045325, 0.14166722193238562, 0.14180903096334896, 0.14195098194529426, 0.14209307502031457, 0.1422353103306452, 0.14237768801866388, 0.14252020822689077, 0.14266287109798875, 0.14280567677476352, 0.14294862540016368, 0.14309171711728097, 0.14323495206935033, 0.1433783303997501, 0.1435218522520021, 0.14366551776977185, 0.14380932709686872, 0.14395328037724597, 0.14409737775500098, 0.14424161937437535, 0.1443860053797551, 0.14453053591567078, 0.14467521112679757, 0.14482003115795553, 0.14496499615410963, 0.14511010626037, 0.14525536162199199, 0.14540076238437635, 0.14554630869306942, 0.14569200069376317, 0.14583783853229548, 0.14598382235465013, 0.14612995230695708, 0.14627622853549258, 0.14642265118667924, 0.14656922040708634, 0.14671593634342978, 0.14686279914257236, 0.14700980895152388, 0.14715696591744132, 0.14730427018762896, 0.14745172190953848, 0.14759932123076924, 0.1477470682990683, 0.14789496326233065, 0.14804300626859926, 0.14819119746606532, 0.1483395370030684, 0.1484880250280965, 0.1486366616897863, 0.1487854471369232, 0.14893438151844166, 0.1490834649834251, 0.1492326976811062, 0.14938207976086706, 0.1495316113722393, 0.1496812926649042, 0.1498311237886929, 0.1499811048935865, 0.1501312361297162, 0.15028151764736358, 0.15043194959696055, 0.15058253212908965, 0.15073326539448412, 0.15088414954402815, 0.1510351847287569, 0.15118637109985678, 0.15133770880866543, 0.1514891980066721, 0.15164083884551763, 0.15179263147699462, 0.15194457605304768, 0.15209667272577346, 0.15224892164742088, 0.15240132297039127, 0.1525538768472385, 0.15270658343066917, 0.15285944287354272, 0.1530124553288716, 0.15316562094982142, 0.15331893988971113, 0.15347241230201314, 0.1536260383403535, 0.153779818158512, 0.1539337519104224, 0.1540878397501726, 0.1542420818320046, 0.15439647831031492, 0.15455102933965456, 0.1547057350747293, 0.1548605956703997, 0.15501561128168137, 0.15517078206374513, 0.15532610817191705, 0.15548158976167872, 0.1556372269886674, 0.15579302000867606, 0.15594896897765373, 0.15610507405170543, 0.15626133538709253, 0.15641775314023276, 0.15657432746770047, 0.1567310585262267, 0.1568879464726994, 0.15704499146416356, 0.1572021936578214]","[8, 9, 0, 0, 1, 21, 22, 21, 5, 5, 3, 3, 0, 0, 4, 2, 0, 4, 5, 0, 4, 4, 4, 5, 5, 0, 5, 1, 2, 5, 4, 5, 1, 1, 0, 4, 5, 0, 0, 7, 0, 0, 0, 0, 3, 5, 2, 4, 0, 2, 3, 2, 5, 2, 1, 3, 4, 0, 4, 0, 0, 2, 1, 6, 0, 5, 4, 0, 4, 7, 0, 1, 0, 0, 1, 0, 3, 4, 4, 5, 2, 3, 5, 5, 5, 0, 4, 2, 3, 2, 5, 4, 5, 2, 0, 6, 7, 0, 4, 1, 0, 2, 5, 0, 2, 2, 1, 1, 5, 4, 2, 4, 1, 5, 1, 4, 5, 4, 0, 4, 5, 0, 3, 4, 0, 7, 6, 0, 6, 6, 0, 5, 1, 0, 2, 1, 3, 1, 2, 0, 1, 1, 0, 5, 5, 3, 4, 0, 5, 1, 0, 1, 7, 1, 0, 7, 4, 0, 6, 2, 0, 6, 6, 0, 0, 0, 5, 5, 0, 0, 2, 4, 4, 3, 0, 1, 4, 4, 0, 1, 2, 3, 3, 4, 0, 8, 0, 0, 2, 6, 0, 0, 6, 0, 2, 3, 2, 0, 5, 2, 3, 1, 3, 2, 3, 3, 5, 0, 1, 4, 5, 4, 3, 1, 0, 6, 2, 0, 0, 1, 0, 3, 2, 0, 1, 3, 4, 0, 1, 2, 2, 2, 0, 1, 1, 4, 0, 1, 3, 5, 5, 2, 7, 4, 0, 4, 0, 0, 2, 2, 0, 2, 0, 0, 1, 3, 2, 4, 4, 5, 3, 2, 2, 4, 0, 2, 4, 1, 0, 3, 1, 5, 3, 4, 0, 7, 0, 0, 3, 3, 0, 1, 2, 0]","{'latency': 260312859, 'energy': 30848429.5, 'area': 2866790000.0, 'power': 10.895846153846154, 'cnt_pes': 2024, 'l1_mem': 54, 'l2_mem': 219904, 'edp': 8030242878804940.0}",19,0.038127132295882375
25,"[1.56250000e-02 5.00000000e-04 1.00000000e+00 1.00000000e+00
 1.00000000e+00 8.33333333e-02 1.66666667e-01 7.91666667e-01
 1.00000000e+00 1.00000000e+00 1.00000000e+00 1.00000000e+00
 6.66666667e-01 1.66666667e-01 6.66666667e-01 1.66666667e-01
 3.33333333e-01 8.33333333e-01 3.33333333e-01 1.00000000e+00
 3.33333333e-01 3.33333333e-01 3.33333333e-01 5.00000000e-01
 3.33333333e-01 5.00000000e-01 5.00000000e-01 6.66666667e-01
 5.00000000e-01 3.33333333e-01 1.00000000e+00 1.66666667e-01
 1.00000000e+00 1.00000000e+00 1.00000000e+00 2.50000000e-01
 5.00000000e-01 1.00000000e+00 3.33333333e-01 3.33333333e-01
 1.00000000e+00 4.50450450e-03 1.35135135e-02 1.00000000e+00
 1.66666667e-01 1.66666667e-01 1.00000000e+00 3.33333333e-01
 1.66666667e-01 8.33333333e-01 1.00000000e+00 6.66666667e-01
 8.33333333e-01 1.66666667e-01 3.33333333e-01 1.00000000e+00
 3.33333333e-01 1.66666667e-01 8.33333333e-01 8.33333333e-01
 3.33333333e-01 6.66666667e-01 3.12500000e-02 2.50000000e-01
 1.00000000e+00 1.00000000e+00 6.25000000e-02 1.00000000e+00
 5.00000000e-01 1.66666667e-01 1.00000000e+00 1.35135135e-02
 3.33333333e-01 1.00000000e+00 6.66666667e-01 3.33333333e-01
 8.33333333e-01 8.33333333e-01 6.66666667e-01 1.66666667e-01
 3.33333333e-01 5.00000000e-01 1.00000000e+00 8.33333333e-01
 5.00000000e-01 8.33333333e-01 8.33333333e-01 3.33333333e-01
 6.66666667e-01 6.66666667e-01 8.33333333e-01 6.66666667e-01
 5.00000000e-01 1.00000000e+00 1.00000000e+00 1.00000000e+00
 1.56250000e-02 1.00000000e+00 1.00000000e-01 1.81818182e-02
 1.00000000e+00 5.00000000e-01 2.00000000e-01 1.00000000e+00
 3.33333333e-01 5.00000000e-01 6.66666667e-01 1.00000000e+00
 8.33333333e-01 5.00000000e-01 5.00000000e-01 8.33333333e-01
 5.00000000e-01 1.00000000e+00 1.66666667e-01 3.33333333e-01
 1.66666667e-01 8.33333333e-01 3.33333333e-01 3.33333333e-01
 3.33333333e-01 1.66666667e-01 7.81250000e-03 2.50000000e-01
 1.00000000e+00 7.81250000e-03 1.25000000e-01 1.00000000e+00
 1.00000000e+00 1.00000000e-01 1.00000000e+00 1.00000000e-01
 1.00000000e-01 1.00000000e+00 6.66666667e-01 3.33333333e-01
 1.00000000e+00 3.33333333e-01 6.66666667e-01 3.33333333e-01
 8.33333333e-01 3.33333333e-01 8.33333333e-01 6.66666667e-01
 6.66666667e-01 1.00000000e+00 6.66666667e-01 1.00000000e+00
 5.00000000e-01 1.00000000e+00 5.00000000e-01 1.00000000e+00
 1.56250000e-02 5.00000000e-01 1.00000000e+00 7.81250000e-03
 2.50000000e-01 1.00000000e+00 1.85185185e-02 3.70370370e-02
 1.00000000e+00 1.66666667e-01 5.55555556e-02 1.00000000e+00
 6.66666667e-01 5.00000000e-01 6.66666667e-01 1.66666667e-01
 5.00000000e-01 3.33333333e-01 5.00000000e-01 1.66666667e-01
 5.00000000e-01 8.33333333e-01 3.33333333e-01 3.33333333e-01
 3.33333333e-01 8.33333333e-01 3.33333333e-01 1.00000000e+00
 3.33333333e-01 1.00000000e+00 3.90625000e-03 5.00000000e-01
 1.00000000e+00 1.00000000e+00 1.56250000e-02 1.00000000e+00
 5.55555556e-02 5.55555556e-02 1.00000000e+00 1.66666667e-01
 1.11111111e-01 1.00000000e+00 6.66666667e-01 1.66666667e-01
 1.00000000e+00 1.00000000e+00 5.00000000e-01 3.33333333e-01
 5.00000000e-01 1.00000000e+00 6.66666667e-01 5.00000000e-01
 8.33333333e-01 1.66666667e-01 8.33333333e-01 8.33333333e-01
 3.33333333e-01 3.33333333e-01 8.33333333e-01 5.00000000e-01
 3.12500000e-02 7.81250000e-03 1.00000000e+00 6.25000000e-02
 2.50000000e-01 1.00000000e+00 3.84615385e-02 1.00000000e+00
 1.00000000e+00 1.00000000e+00 3.84615385e-02 1.00000000e+00
 6.66666667e-01 6.66666667e-01 1.00000000e+00 8.33333333e-01
 3.33333333e-01 3.33333333e-01 3.33333333e-01 3.33333333e-01
 5.00000000e-01 1.00000000e+00 1.66666667e-01 6.66666667e-01
 1.00000000e+00 1.66666667e-01 1.00000000e+00 3.33333333e-01
 5.00000000e-01 1.00000000e+00 1.25000000e-01 3.12500000e-02
 1.00000000e+00 3.12500000e-02 1.95312500e-03 1.00000000e+00
 1.00000000e+00 7.69230769e-02 1.00000000e+00 5.00000000e-01
 3.84615385e-02 1.00000000e+00 1.00000000e+00 3.33333333e-01
 1.66666667e-01 3.33333333e-01 3.33333333e-01 8.33333333e-01
 1.00000000e+00 1.00000000e+00 1.00000000e+00 3.33333333e-01
 8.33333333e-01 6.66666667e-01 8.33333333e-01 3.33333333e-01
 3.33333333e-01 6.66666667e-01 1.00000000e+00 6.66666667e-01
 6.25000000e-02 3.12500000e-02 1.00000000e+00 3.12500000e-02
 7.81250000e-03 1.00000000e+00 2.50000000e-01 2.50000000e-01
 1.00000000e+00 1.66666667e-01 5.00000000e-01 1.00000000e+00]",0.7115918167474481,"[0.5361225974639057, 0.5366592567206263, 0.5371964531738002, 0.5377341873611613, 0.5382724598209823, 0.5388112710920744, 0.5393506217137882, 0.5398905122260143, 0.5404309431691834, 0.5409719150842677, 0.5415134285127805, 0.5420554839967773, 0.5425980820788562, 0.5431412233021583, 0.5436849082103686, 0.5442291373477164, 0.5447739112589753, 0.5453192304894648, 0.5458650955850499, 0.546411507092142, 0.5469584655576998, 0.547505971529229, 0.5480540255547838, 0.5486026281829668, 0.5491517799629297, 0.5497014814443741, 0.5502517331775517, 0.550802535713265, 0.5513538896028679, 0.5519057953982662, 0.5524582536519181, 0.5530112649168349, 0.5535648297465815, 0.5541189486952768, 0.5546736223175944, 0.5552288511687632, 0.5557846358045677, 0.5563409767813491, 0.556897874656005, 0.557455329985991, 0.5580133433293203, 0.5585719152445648, 0.5591310462908557, 0.5596907370278836, 0.5602509880158996, 0.5608117998157153, 0.5613731729887039, 0.5619351080968007, 0.5624976057025032, 0.5630606663688721, 0.5636242906595316, 0.5641884791386702, 0.5647532323710412, 0.5653185509219633, 0.5658844353573206, 0.5664508862435641, 0.5670179041477118, 0.5675854896373491, 0.5681536432806298, 0.5687223656462761, 0.5692916573035797, 0.5698615188224021, 0.5704319507731753, 0.5710029537269022, 0.5715745282551574, 0.5721466749300875, 0.572719394324412, 0.5732926870114234, 0.5738665535649884, 0.5744409945595479, 0.575016010570118, 0.5755916021722902, 0.5761677699422324, 0.5767445144566891, 0.5773218362929821, 0.5778997360290111, 0.5784782142432544, 0.5790572715147692, 0.5796369084231924, 0.5802171255487412, 0.5807979234722134, 0.5813793027749884, 0.5819612640390274, 0.5825438078468742, 0.5831269347816559, 0.583710645427083, 0.5842949403674504, 0.5848798201876381, 0.5854652854731112, 0.586051336809921, 0.5866379747847058, 0.5872251999846905, 0.5878130129976882, 0.5884014144121003, 0.5889904048169172, 0.5895799848017189, 0.5901701549566756, 0.5907609158725481, 0.5913522681406888, 0.5919442123530418, 0.5925367491021439, 0.593129878981125, 0.5937236025837087, 0.594317920504213, 0.5949128333375505, 0.5955083416792297, 0.5961044461253551, 0.5967011472726277, 0.597298445718346, 0.5978963420604064, 0.5984948368973038, 0.5990939308281319, 0.5996936244525845, 0.6002939183709554, 0.6008948131841395, 0.6014963094936332, 0.6020984079015347, 0.6027011090105452, 0.6033044134239691, 0.6039083217457148, 0.6045128345802951, 0.605117952532828, 0.605723676209037, 0.6063300062152522, 0.6069369431584106, 0.6075444876460567, 0.6081526402863431, 0.6087614016880312, 0.6093707724604916, 0.6099807532137054, 0.6105913445582636, 0.6112025471053689, 0.6118143614668358, 0.6124267882550909, 0.613039828083174, 0.6136534815647388, 0.6142677493140528, 0.6148826319459988, 0.6154981300760749, 0.6161142443203953, 0.616730975295691, 0.6173483236193102, 0.6179662899092194, 0.6185848747840035, 0.6192040788628663, 0.6198239027656319, 0.6204443471127447, 0.6210654125252699, 0.6216870996248948, 0.6223094090339287, 0.6229323413753041, 0.6235558972725767, 0.6241800773499265, 0.6248048822321587, 0.6254303125447034, 0.626056368913617, 0.6266830519655826, 0.6273103623279105, 0.6279383006285391, 0.6285668674960351, 0.6291960635595947, 0.6298258894490437, 0.6304563457948386, 0.6310874332280666, 0.6317191523804471, 0.6323515038843314, 0.632984488372704, 0.6336181064791833, 0.6342523588380213, 0.6348872460841054, 0.6355227688529583, 0.6361589277807391, 0.6367957235042434, 0.6374331566609043, 0.6380712278887931, 0.6387099378266198, 0.6393492871137335, 0.6399892763901236, 0.64062990629642, 0.641271177473894, 0.6419130905644584, 0.6425556462106691, 0.6431988450557248, 0.6438426877434682, 0.6444871749183866, 0.6451323072256122, 0.6457780853109232, 0.646424509820744, 0.647071581402146, 0.6477193007028489, 0.6483676683712201, 0.6490166850562763, 0.649666351407684, 0.6503166680757598, 0.6509676357114713, 0.6516192549664378, 0.6522715264929307, 0.6529244509438746, 0.6535780289728474, 0.6542322612340815, 0.654887148382464, 0.6555426910735375, 0.656198889963501, 0.6568557457092101, 0.6575132589681784, 0.658171430398577, 0.6588302606592362, 0.6594897504096459, 0.6601499003099558, 0.6608107110209768, 0.661472183204181, 0.6621343175217027, 0.6627971146363391, 0.6634605752115507, 0.6641246999114622, 0.664789489400863, 0.6654549443452082, 0.6661210654106189, 0.6667878532638828, 0.6674553085724553, 0.6681234320044598, 0.6687922242286884, 0.6694616859146031, 0.6701318177323354, 0.6708026203526881, 0.6714740944471352, 0.672146240687823, 0.6728190597475706, 0.6734925522998705, 0.6741667190188894, 0.6748415605794689, 0.675517077657126, 0.676193270928054, 0.6768701410691231, 0.677547688757881, 0.6782259146725536, 0.6789048194920456, 0.6795844038959415, 0.6802646685645061, 0.6809456141786847, 0.6816272414201048, 0.6823095509710758, 0.6829925435145904, 0.6836762197343247, 0.6843605803146393, 0.6850456259405799, 0.6857313572978778, 0.6864177750729508, 0.6871048799529037, 0.6877926726255292, 0.6884811537793085, 0.689170324103412, 0.6898601842876997, 0.6905507350227225, 0.6912419769997222, 0.6919339109106328, 0.6926265374480809, 0.6933198573053863, 0.6940138711765628, 0.6947085797563191, 0.6954039837400591, 0.696100083823883, 0.6967968807045876, 0.6974943750796673, 0.6981925676473146, 0.698891459106421, 0.6995910501565776, 0.7002913414980757, 0.7009923338319076, 0.7016940278597674, 0.7023964242840515, 0.7030995238078593, 0.7038033271349944, 0.7045078349699644, 0.7052130480179823, 0.7059189669849674, 0.7066255925775449, 0.7073329255030479, 0.7080409664695174, 0.7087497161857031, 0.7094591753610642, 0.71016934470577, 0.7108802249307007, 0.7115918167474481]","[8, 0, 0, 0, 2, 1, 3, 18, 5, 5, 5, 5, 3, 0, 3, 0, 1, 4, 1, 5, 1, 1, 1, 2, 1, 2, 2, 3, 2, 1, 5, 0, 1, 1, 0, 4, 5, 0, 5, 5, 0, 0, 2, 0, 0, 0, 5, 1, 0, 4, 5, 3, 4, 0, 1, 5, 1, 0, 4, 4, 1, 3, 1, 4, 0, 6, 2, 0, 6, 4, 0, 2, 5, 0, 3, 1, 4, 4, 3, 0, 1, 2, 5, 4, 2, 4, 4, 1, 3, 3, 4, 3, 5, 6, 0, 7, 1, 0, 4, 1, 0, 6, 5, 0, 1, 2, 3, 5, 4, 2, 2, 4, 2, 5, 0, 1, 0, 4, 1, 1, 1, 0, 0, 5, 0, 0, 4, 0, 7, 4, 0, 4, 4, 0, 3, 1, 5, 1, 3, 1, 4, 1, 4, 3, 3, 5, 3, 5, 2, 5, 2, 5, 1, 6, 0, 1, 6, 0, 0, 1, 0, 4, 2, 0, 3, 2, 3, 0, 2, 1, 2, 0, 2, 4, 1, 1, 1, 4, 1, 5, 1, 5, 0, 7, 0, 8, 2, 0, 2, 2, 0, 4, 3, 0, 3, 0, 5, 5, 2, 1, 2, 5, 3, 2, 4, 0, 4, 4, 1, 1, 4, 2, 3, 1, 0, 5, 7, 0, 0, 3, 0, 3, 0, 0, 3, 3, 5, 4, 1, 1, 1, 1, 2, 5, 0, 3, 5, 0, 5, 1, 2, 5, 6, 4, 0, 4, 0, 0, 3, 1, 0, 2, 0, 0, 5, 1, 0, 1, 1, 4, 5, 5, 5, 1, 4, 3, 4, 1, 1, 3, 5, 3, 5, 4, 0, 4, 2, 0, 2, 2, 0, 1, 4, 0]","{'latency': 316421523, 'energy': 21329069.5, 'area': 1222150000.0, 'power': 7.806734615384616, 'cnt_pes': 1216, 'l1_mem': 54, 'l2_mem': 2224384, 'edp': 6748976655362848.0}",2,0.5031713990589756
26,"[0.5        0.008      1.         1.         1.         0.375
 0.75       0.16666667 1.         0.16666667 1.         1.
 0.5        1.         0.5        1.         0.16666667 0.16666667
 0.33333333 0.16666667 0.33333333 1.         0.5        0.5
 0.83333333 0.5        0.83333333 0.16666667 0.33333333 1.
 1.         0.16666667 1.         1.         1.         0.25
 0.125      1.         0.33333333 0.00900901 1.         0.0045045
 0.0045045  1.         1.         0.66666667 1.         0.83333333
 1.         1.         0.83333333 0.5        0.83333333 0.33333333
 0.33333333 0.5        0.83333333 0.5        0.5        0.66666667
 0.33333333 0.5        0.015625   1.         1.         0.5
 0.03125    1.         0.02702703 0.33333333 1.         0.33333333
 1.         1.         0.33333333 1.         0.83333333 0.33333333
 0.16666667 1.         0.5        0.83333333 1.         0.16666667
 0.16666667 0.16666667 0.16666667 0.33333333 0.83333333 1.
 0.33333333 0.66666667 0.5        1.         1.         0.0625
 1.         1.         0.1        0.01818182 1.         0.5
 0.04545455 1.         0.16666667 0.5        0.66666667 0.66666667
 1.         0.5        1.         0.83333333 0.33333333 1.
 0.16666667 1.         1.         0.83333333 0.83333333 0.33333333
 0.33333333 0.33333333 0.5        0.125      1.         1.
 0.5        1.         0.2        0.04545455 1.         0.1
 0.5        1.         1.         0.33333333 1.         0.33333333
 0.5        0.16666667 0.83333333 0.33333333 0.16666667 0.5
 0.66666667 0.5        0.83333333 0.33333333 0.16666667 0.66666667
 0.5        0.16666667 1.         1.         1.         0.0078125
 0.0625     1.         0.11111111 0.33333333 1.         0.03703704
 0.01851852 1.         1.         0.16666667 1.         1.
 0.16666667 0.66666667 1.         0.83333333 0.5        0.66666667
 0.16666667 0.5        0.5        0.83333333 0.33333333 0.33333333
 0.33333333 1.         0.03125    0.5        1.         1.
 0.00390625 1.         0.05555556 0.33333333 1.         0.16666667
 0.5        1.         0.66666667 0.33333333 0.66666667 0.33333333
 0.66666667 1.         0.5        0.83333333 0.83333333 0.83333333
 0.66666667 0.33333333 0.33333333 0.5        0.33333333 0.83333333
 0.66666667 0.33333333 0.03125    0.5        1.         0.03125
 0.0078125  1.         0.5        0.03846154 1.         1.
 1.         1.         0.33333333 0.83333333 0.16666667 0.83333333
 0.16666667 0.66666667 0.66666667 0.16666667 1.         1.
 0.83333333 0.16666667 0.83333333 0.33333333 0.66666667 0.5
 0.33333333 1.         0.00195312 0.03125    1.         0.5
 0.0078125  1.         0.03846154 0.07692308 1.         0.07692308
 0.03846154 1.         0.83333333 0.66666667 1.         0.83333333
 0.83333333 1.         0.83333333 0.5        1.         0.83333333
 0.16666667 0.5        0.83333333 1.         0.16666667 0.83333333
 0.5        0.66666667 0.0078125  0.03125    1.         0.125
 0.03125    1.         0.16666667 0.5        1.         0.25
 0.16666667 1.        ]",0.002170223876488528,"[0.0016350751011434937, 0.00163671181295645, 0.0016383501631195697, 0.0016399901532728426, 0.0016416317850579006, 0.0016432750601180187, 0.0016449199800981167, 0.0016465665466447615, 0.0016482147614061676, 0.0016498646260321998, 0.0016515161421743743, 0.0016531693114858602, 0.0016548241356214818, 0.0016564806162377194, 0.001658138754992712, 0.0016597985535462582, 0.001661460013559818, 0.0016631231366965144, 0.0016647879246211356, 0.0016664543790001357, 0.0016681225015016373, 0.0016697922937954327, 0.0016714637575529856, 0.001673136894447433, 0.0016748117061535866, 0.0016764881943479345, 0.0016781663607086431, 0.0016798462069155587, 0.0016815277346502089, 0.0016832109455958047, 0.001684895841437242, 0.0016865824238611032, 0.0016882706945556588, 0.0016899606552108696, 0.001691652307518388, 0.0016933456531715596, 0.001695040693865425, 0.0016967374312967217, 0.0016984358671638855, 0.0017001360031670527, 0.0017018378410080608, 0.0017035413823904514, 0.001705246629019471, 0.0017069535826020731, 0.00170866224484692, 0.0017103726174643845, 0.001712084702166551, 0.0017137985006672183, 0.0017155140146819002, 0.001717231245927828, 0.001718950196123952, 0.001720670866990943, 0.001722393260251194, 0.001724117377628823, 0.0017258432208496727, 0.001727570791641314, 0.0017293000917330472, 0.001731031122855903, 0.0017327638867426457, 0.0017344983851277735, 0.001736234619747521, 0.001737972592339861, 0.0017397123046445054, 0.0017414537584029084, 0.0017431969553582667, 0.0017449418972555221, 0.0017466885858413634, 0.0017484370228642277, 0.001750187210074302, 0.0017519391492235256, 0.0017536928420655911, 0.0017554482903559471, 0.001757205495851799, 0.0017589644603121111, 0.0017607251854976087, 0.0017624876731707794, 0.0017642519250958752, 0.001766017943038914, 0.0017677857287676816, 0.0017695552840517334, 0.0017713266106623958, 0.0017730997103727686, 0.0017748745849577264, 0.0017766512361939203, 0.00177842966585978, 0.0017802098757355156, 0.0017819918676031188, 0.0017837756432463653, 0.001785561204450816, 0.0017873485530038198, 0.0017891376906945143, 0.001790928619313828, 0.0017927213406544826, 0.0017945158565109936, 0.0017963121686796733, 0.001798110278958632, 0.0017999101891477797, 0.0018017119010488285, 0.0018035154164652938, 0.0018053207372024963, 0.001807127865067564, 0.0018089368018694334, 0.0018107475494188523, 0.0018125601095283807, 0.001814374484012393, 0.0018161906746870802, 0.0018180086833704506, 0.0018198285118823329, 0.0018216501620443772, 0.0018234736356800574, 0.001825298934614672, 0.0018271260606753474, 0.0018289550156910385, 0.001830785801492531, 0.0018326184199124434, 0.0018344528727852287, 0.001836289161947176, 0.0018381272892364123, 0.0018399672564929053, 0.0018418090655584638, 0.0018436527182767407, 0.001845498216493234, 0.0018473455620552893, 0.0018491947568121015, 0.0018510458026147162, 0.0018528987013160321, 0.0018547534547708028, 0.0018566100648356385, 0.0018584685333690074, 0.0018603288622312387, 0.0018621910532845233, 0.0018640551083929163, 0.0018659210294223387, 0.0018677888182405792, 0.0018696584767172965, 0.0018715300067240204, 0.0018734034101341546, 0.0018752786888229776, 0.0018771558446676452, 0.0018790348795471924, 0.0018809157953425348, 0.0018827985939364714, 0.001884683277213685, 0.0018865698470607458, 0.001888458305366112, 0.0018903486540201321, 0.0018922408949150471, 0.0018941350299449921, 0.001896031061005998, 0.0018979289899959942, 0.001899828818814809, 0.0019017305493641732, 0.0019036341835477208, 0.0019055397232709919, 0.0019074471704414334, 0.0019093565269684017, 0.001911267794763165, 0.0019131809757389037, 0.0019150960718107145, 0.00191701308489561, 0.0019189320169125225, 0.0019208528697823048, 0.0019227756454277326, 0.001924700345773506, 0.0019266269727462523, 0.0019285555282745268, 0.0019304860142888155, 0.001932418432721537, 0.001934352785507044, 0.0019362890745816257, 0.0019382273018835091, 0.001940167469352862, 0.0019421095789317938, 0.0019440536325643582, 0.0019459996321965548, 0.0019479475797763311, 0.0019498974772535847, 0.001951849326580165, 0.001953803129709875, 0.001955758888598473, 0.0019577166052036766, 0.0019596762814851616, 0.0019616379194045664, 0.0019636015209254917, 0.001965567088013505, 0.001967534622636141, 0.001969504126762904, 0.001971475602365269, 0.001973449051416686, 0.0019754244758925787, 0.001977401877770349, 0.0019793812590293784, 0.0019813626216510292, 0.001983345967618648, 0.0019853312989175655, 0.001987318617535101, 0.0019893079254605615, 0.0019912992246852467, 0.001993292517202449, 0.0019952878050074566, 0.001997285090097554, 0.001999284374472026, 0.002001285660132158, 0.002003288949081239, 0.0020052942433245635, 0.002007301544869433, 0.002009310855725158, 0.002011322177903061, 0.0020133355134164775, 0.0020153508642807585, 0.002017368232513272, 0.0020193876201334052, 0.002021409029162568, 0.002023432461624192, 0.0020254579195437355, 0.0020274854049486843, 0.002029514919868553, 0.0020315464663348878, 0.002033580046381269, 0.0020356156620433123, 0.002037653315358671, 0.002039693008367038, 0.002041734743110148, 0.00204377852163178, 0.0020458243459777576, 0.0020478722181959536, 0.00204992214033629, 0.002051974114450741, 0.002054028142593334, 0.0020560842268201544, 0.002058142369189344, 0.0020602025717611047, 0.0020622648365977024, 0.002064329165763466, 0.002066395561324791, 0.002068464025350141, 0.0020705345599100512, 0.0020726071670771284, 0.0020746818489260545, 0.0020767586075335883, 0.0020788374449785666, 0.0020809183633419084, 0.002083001364706615, 0.0020850864511577725, 0.002087173624782555, 0.0020892628876702252, 0.0020913542419121376, 0.0020934476896017394, 0.002095543232834574, 0.0020976408737082824, 0.002099740614322605, 0.0021018424567793843, 0.002103946403182567, 0.0021060524556382053, 0.0021081606162544598, 0.0021102708871416015, 0.0021123832704120138, 0.002114497768180194, 0.0021166143825627564, 0.002118733115678435, 0.002120853969648083, 0.0021229769465946776, 0.002125102048643321, 0.002127229277921242, 0.0021293586365578, 0.0021314901266844843, 0.0021336237504349194, 0.002135759509944864, 0.0021378974073522163, 0.0021400374447970135, 0.002142179624421435, 0.0021443239483698046, 0.0021464704187885934, 0.00214861903782642, 0.002150769807634054, 0.0021529227303644185, 0.002155077808172591, 0.0021572350432158068, 0.00215939443765346, 0.002161555993647107, 0.0021637197133604676, 0.002165885598959427, 0.002168053652612039, 0.002170223876488528]","[13, 4, 0, 0, 2, 8, 17, 3, 5, 0, 5, 5, 2, 5, 2, 5, 0, 0, 1, 0, 1, 5, 2, 2, 4, 2, 4, 0, 1, 5, 5, 0, 1, 1, 0, 4, 3, 0, 5, 1, 0, 0, 0, 0, 5, 3, 5, 4, 5, 5, 4, 2, 4, 1, 1, 2, 4, 2, 2, 3, 1, 2, 0, 6, 0, 5, 1, 0, 3, 5, 0, 5, 7, 0, 1, 5, 4, 1, 0, 5, 2, 4, 5, 0, 0, 0, 0, 1, 4, 5, 1, 3, 5, 6, 0, 3, 7, 0, 4, 1, 0, 6, 2, 0, 0, 2, 3, 3, 5, 2, 5, 4, 1, 5, 0, 5, 5, 4, 4, 1, 1, 1, 6, 4, 0, 7, 6, 0, 5, 2, 0, 4, 6, 0, 5, 1, 5, 1, 2, 0, 4, 1, 0, 2, 3, 2, 4, 1, 0, 3, 2, 0, 7, 7, 0, 1, 4, 0, 3, 5, 0, 1, 0, 0, 5, 0, 5, 5, 0, 3, 5, 4, 2, 3, 0, 2, 2, 4, 1, 1, 1, 5, 3, 7, 0, 8, 0, 0, 2, 5, 0, 4, 6, 0, 3, 1, 3, 1, 3, 5, 2, 4, 4, 4, 3, 1, 1, 2, 1, 4, 3, 1, 3, 7, 0, 4, 2, 0, 2, 0, 0, 3, 3, 0, 1, 4, 0, 4, 0, 3, 3, 0, 5, 5, 4, 0, 4, 1, 3, 2, 1, 5, 0, 4, 0, 8, 2, 0, 0, 1, 0, 1, 0, 0, 4, 3, 5, 4, 4, 5, 4, 2, 5, 4, 0, 2, 4, 5, 0, 4, 2, 3, 2, 4, 0, 6, 4, 0, 1, 4, 0, 2, 1, 0]","{'latency': 629515798, 'energy': 21566711.4, 'area': 15689800000.0, 'power': 37.891084615384614, 'cnt_pes': 5184, 'l1_mem': 54, 'l2_mem': 3267328, 'edp': 1.3576585537206696e+16}",1,0.002170223876488528
27,"[1.25000000e-04 1.28000000e-01 1.00000000e+00 1.00000000e+00
 3.33333333e-01 7.50000000e-01 1.25000000e-01 1.66666667e-01
 1.00000000e+00 1.66666667e-01 1.00000000e+00 1.00000000e+00
 1.66666667e-01 1.66666667e-01 1.66666667e-01 5.00000000e-01
 1.66666667e-01 6.66666667e-01 1.00000000e+00 8.33333333e-01
 1.66666667e-01 3.33333333e-01 6.66666667e-01 1.00000000e+00
 1.00000000e+00 8.33333333e-01 5.00000000e-01 1.66666667e-01
 5.00000000e-01 8.33333333e-01 1.66666667e-01 1.00000000e+00
 1.00000000e+00 1.00000000e+00 1.00000000e+00 1.25000000e-01
 3.12500000e-02 1.00000000e+00 9.00900901e-03 1.00000000e+00
 1.00000000e+00 4.50450450e-03 4.50450450e-03 1.00000000e+00
 1.66666667e-01 6.66666667e-01 3.33333333e-01 3.33333333e-01
 1.66666667e-01 5.00000000e-01 1.66666667e-01 6.66666667e-01
 6.66666667e-01 3.33333333e-01 1.66666667e-01 3.33333333e-01
 3.33333333e-01 8.33333333e-01 8.33333333e-01 6.66666667e-01
 1.66666667e-01 5.00000000e-01 1.56250000e-02 6.25000000e-02
 1.00000000e+00 2.50000000e-01 1.56250000e-02 1.00000000e+00
 1.66666667e-01 3.33333333e-01 1.00000000e+00 2.70270270e-02
 4.50450450e-03 1.00000000e+00 1.00000000e+00 5.00000000e-01
 5.00000000e-01 3.33333333e-01 5.00000000e-01 1.66666667e-01
 8.33333333e-01 8.33333333e-01 5.00000000e-01 5.00000000e-01
 3.33333333e-01 3.33333333e-01 8.33333333e-01 8.33333333e-01
 8.33333333e-01 6.66666667e-01 3.33333333e-01 8.33333333e-01
 2.50000000e-01 6.25000000e-02 1.00000000e+00 3.12500000e-02
 5.00000000e-01 1.00000000e+00 1.81818182e-02 1.81818182e-02
 1.00000000e+00 1.81818182e-02 9.09090909e-03 1.00000000e+00
 1.66666667e-01 6.66666667e-01 5.00000000e-01 6.66666667e-01
 1.66666667e-01 1.66666667e-01 6.66666667e-01 8.33333333e-01
 8.33333333e-01 6.66666667e-01 1.66666667e-01 3.33333333e-01
 5.00000000e-01 6.66666667e-01 3.33333333e-01 3.33333333e-01
 5.00000000e-01 1.66666667e-01 3.12500000e-02 1.25000000e-01
 1.00000000e+00 5.00000000e-01 7.81250000e-03 1.00000000e+00
 9.09090909e-02 1.00000000e-01 1.00000000e+00 9.09090909e-02
 5.00000000e-01 1.00000000e+00 1.66666667e-01 1.00000000e+00
 1.00000000e+00 1.00000000e+00 1.00000000e+00 5.00000000e-01
 3.33333333e-01 3.33333333e-01 6.66666667e-01 6.66666667e-01
 1.00000000e+00 6.66666667e-01 1.66666667e-01 1.66666667e-01
 1.66666667e-01 3.33333333e-01 1.66666667e-01 1.00000000e+00
 2.50000000e-01 2.50000000e-01 1.00000000e+00 2.50000000e-01
 7.81250000e-03 1.00000000e+00 1.85185185e-02 5.00000000e-01
 1.00000000e+00 1.11111111e-01 5.55555556e-02 1.00000000e+00
 1.00000000e+00 1.00000000e+00 8.33333333e-01 8.33333333e-01
 5.00000000e-01 3.33333333e-01 6.66666667e-01 1.66666667e-01
 5.00000000e-01 1.66666667e-01 5.00000000e-01 3.33333333e-01
 5.00000000e-01 5.00000000e-01 3.33333333e-01 1.00000000e+00
 3.33333333e-01 1.66666667e-01 1.56250000e-02 2.50000000e-01
 1.00000000e+00 1.00000000e+00 3.90625000e-03 1.00000000e+00
 5.00000000e-01 5.55555556e-02 1.00000000e+00 5.00000000e-01
 5.00000000e-01 1.00000000e+00 1.66666667e-01 6.66666667e-01
 5.00000000e-01 6.66666667e-01 1.66666667e-01 5.00000000e-01
 1.00000000e+00 5.00000000e-01 8.33333333e-01 5.00000000e-01
 3.33333333e-01 1.66666667e-01 3.33333333e-01 6.66666667e-01
 8.33333333e-01 3.33333333e-01 3.33333333e-01 3.33333333e-01
 5.00000000e-01 1.25000000e-01 1.00000000e+00 5.00000000e-01
 5.00000000e-01 1.00000000e+00 5.00000000e-01 7.69230769e-02
 1.00000000e+00 7.69230769e-02 3.84615385e-02 1.00000000e+00
 1.00000000e+00 3.33333333e-01 6.66666667e-01 1.66666667e-01
 6.66666667e-01 3.33333333e-01 8.33333333e-01 6.66666667e-01
 1.66666667e-01 1.66666667e-01 1.66666667e-01 3.33333333e-01
 5.00000000e-01 1.66666667e-01 1.66666667e-01 1.00000000e+00
 5.00000000e-01 3.33333333e-01 1.00000000e+00 6.25000000e-02
 1.00000000e+00 3.12500000e-02 1.95312500e-03 1.00000000e+00
 1.00000000e+00 1.00000000e+00 1.00000000e+00 1.00000000e+00
 7.69230769e-02 1.00000000e+00 1.00000000e+00 6.66666667e-01
 6.66666667e-01 5.00000000e-01 1.66666667e-01 1.00000000e+00
 6.66666667e-01 1.00000000e+00 5.00000000e-01 1.00000000e+00
 6.66666667e-01 1.00000000e+00 8.33333333e-01 3.33333333e-01
 1.66666667e-01 3.33333333e-01 1.00000000e+00 5.00000000e-01
 3.90625000e-03 5.00000000e-01 1.00000000e+00 1.95312500e-03
 1.56250000e-02 1.00000000e+00 1.66666667e-01 5.00000000e-01
 1.00000000e+00 2.50000000e-01 5.00000000e-01 1.00000000e+00]",1.750779383862707,"[1.3190601251614202, 1.3203805056670874, 1.3217022078749623, 1.3230252331080703, 1.324349582690761, 1.3256752579487097, 1.3270022602089186, 1.3283305907997183, 1.3296602510507691, 1.330991242293062, 1.332323565858921, 1.333657223082003, 1.3349922152973002, 1.3363285438411414, 1.3376662100511927, 1.339005215266459, 1.3403455608272863, 1.3416872480753617, 1.3430302783537154, 1.344374653006722, 1.3457203733801022, 1.3470674408209231, 1.3484158566776008, 1.3497656222999006, 1.3511167390389396, 1.3524692082471867, 1.3538230312784651, 1.3551782094879532, 1.3565347442321853, 1.3578926368690545, 1.3592518887578122, 1.3606125012590713, 1.361974475734806, 1.3633378135483543, 1.3647025160644186, 1.3660685846490677, 1.3674360206697374, 1.3688048254952325, 1.3701750004957283, 1.371546547042771, 1.3729194665092803, 1.37429376026955, 1.3756694296992493, 1.3770464761754249, 1.3784249010765013, 1.3798047057822835, 1.3811858916739574, 1.3825684601340915, 1.3839524125466383, 1.3853377502969353, 1.386724474771707, 1.388112587359066, 1.3895020894485146, 1.3908929824309455, 1.3922852676986441, 1.3936789466452895, 1.3950740206659553, 1.3964704911571124, 1.397868359516629, 1.3992676271437727, 1.400668295439212, 1.402070365805017, 1.4034738396446618, 1.4048787183630247, 1.4062850033663912, 1.4076926960624536, 1.409101797860314, 1.4105123101704844, 1.4119242344048892, 1.4133375719768662, 1.4147523243011673, 1.4161684927939613, 1.417586078872834, 1.419005083956791, 1.4204255094662572, 1.4218473568230803, 1.423270627450531, 1.4246953227733041, 1.4261214442175216, 1.4275489932107324, 1.4289779711819144, 1.430408379561476, 1.4318402197812572, 1.4332734932745317, 1.4347082014760077, 1.4361443458218295, 1.4375819277495792, 1.4390209486982775, 1.440461410108386, 1.4419033134218078, 1.4433466600818896, 1.444791451533423, 1.4462376892226456, 1.447685374597243, 1.4491345091063492, 1.4505850942005498, 1.4520371313318816, 1.4534906219538355, 1.454945567521357, 1.4564019694908479, 1.457859829320168, 1.4593191484686368, 1.4607799283970337, 1.4622421705676014, 1.4637058764440454, 1.465171047491537, 1.4666376851767136, 1.4681057909676813, 1.4695753663340154, 1.4710464127467622, 1.4725189316784406, 1.4739929246030437, 1.4754683929960397, 1.476945338334374, 1.4784237620964704, 1.4799036657622326, 1.4813850508130457, 1.4828679187317775, 1.4843522710027803, 1.4858381091118922, 1.4873254345464386, 1.4888142487952338, 1.4903045533485824, 1.4917963496982807, 1.4932896393376183, 1.4947844237613797, 1.4962807044658455, 1.4977784829487943, 1.4992777607095038, 1.5007785392487525, 1.5022808200688214, 1.5037846046734948, 1.5052898945680628, 1.5067966912593223, 1.508304996255578, 1.5098148110666445, 1.5113261372038485, 1.5128389761800285, 1.514353329509538, 1.5158691987082462, 1.5173865852935398, 1.518905490784324, 1.520425916701025, 1.5219478645655906, 1.5234713359014922, 1.5249963322337259, 1.5265228550888148, 1.5280509059948095, 1.5295804864812907, 1.5311115980793701, 1.532644242321692, 1.5341784207424343, 1.5357141348773116, 1.537251386263575, 1.5387901764400151, 1.5403305069469622, 1.5418723793262885, 1.54341579512141, 1.5449607558772873, 1.5465072631404277, 1.5480553184588866, 1.5496049233822689, 1.5511560794617305, 1.5527087882499806, 1.5542630513012818, 1.5558188701714533, 1.557376246417871, 1.5589351815994705, 1.5604956772767473, 1.562057735011759, 1.5636213563681272, 1.565186542911038, 1.5667532962072452, 1.5683216178250703, 1.5698915093344048, 1.5714629723067115, 1.5730360083150265, 1.5746106189339606, 1.5761868057397004, 1.5777645703100105, 1.5793439142242347, 1.580924839063298, 1.5825073464097077, 1.5840914378475552, 1.5856771149625177, 1.5872643793418595, 1.588853232574434, 1.5904436762506846, 1.5920357119626474, 1.5936293413039513, 1.5952245658698212, 1.5968213872570782, 1.5984198070641424, 1.6000198268910335, 1.601621448339373, 1.6032246730123854, 1.6048295025149002, 1.6064359384533535, 1.6080439824357893, 1.6096536360718612, 1.611264900972834, 1.6128777787515856, 1.6144922710226082, 1.6161083794020101, 1.6177261055075176, 1.6193454509584762, 1.620966417375852, 1.6225890063822344, 1.6242132196018362, 1.6258390586604967, 1.6274665251856824, 1.6290956208064888, 1.6307263471536424, 1.632358705859502, 1.63399269855806, 1.635628326884945, 1.6372655924774224, 1.6389044969743969, 1.6405450420164134, 1.642187229245659, 1.643831060305965, 1.6454765368428077, 1.647123660503311, 1.6487724329362472, 1.6504228557920393, 1.652074930722762, 1.653728659382144, 1.6553840434255696, 1.6570410845100796, 1.658699784294374, 1.6603601444388127, 1.6620221666054182, 1.6636858524578761, 1.6653512036615377, 1.667018221883421, 1.6686869087922134, 1.6703572660582717, 1.6720292953536253, 1.6737029983519773, 1.675378376728706, 1.6770554321608668, 1.678734166327194, 1.6804145809081021, 1.6820966775856878, 1.6837804580437314, 1.6854659239676992, 1.687153077044744, 1.6888419189637078, 1.690532451415123, 1.6922246760912143, 1.6939185946859001, 1.695614208894795, 1.6973115204152103, 1.6990105309461565, 1.7007112421883448, 1.702413655844189, 1.7041177736178068, 1.7058235972150217, 1.7075311283433652, 1.7092403687120772, 1.7109513200321094, 1.7126639840161255, 1.714378362378504, 1.7160944568353393, 1.7178122691044437, 1.719531800905349, 1.7212530539593083, 1.7229760299892976, 1.7247007307200175, 1.7264271578778954, 1.7281553131910865, 1.729885198389476, 1.7316168152046807, 1.7333501653700507, 1.7350852506206713, 1.7368220726933647, 1.7385606333266914, 1.7403009342609523, 1.7420429772381905, 1.7437867640021927, 1.7455322962984912, 1.7472795758743656, 1.7490286044788443, 1.750779383862707]","[1, 8, 0, 0, 0, 17, 2, 3, 5, 0, 5, 5, 0, 0, 0, 2, 0, 3, 5, 4, 0, 1, 3, 5, 5, 4, 2, 0, 2, 4, 0, 5, 1, 1, 0, 3, 1, 0, 1, 7, 0, 0, 0, 0, 0, 3, 1, 1, 0, 2, 0, 3, 3, 1, 0, 1, 1, 4, 4, 3, 0, 2, 0, 2, 0, 4, 0, 0, 4, 5, 0, 3, 0, 0, 5, 2, 2, 1, 2, 0, 4, 4, 2, 2, 1, 1, 4, 4, 4, 3, 1, 4, 4, 2, 0, 2, 6, 0, 1, 1, 0, 1, 0, 0, 0, 3, 2, 3, 0, 0, 3, 4, 4, 3, 0, 1, 2, 3, 1, 1, 2, 0, 2, 4, 0, 6, 0, 0, 3, 4, 0, 3, 6, 0, 0, 5, 5, 5, 5, 2, 1, 1, 3, 3, 5, 3, 0, 0, 0, 1, 0, 5, 5, 5, 0, 6, 1, 0, 0, 6, 0, 3, 2, 0, 5, 5, 4, 4, 2, 1, 3, 0, 2, 0, 2, 1, 2, 2, 1, 5, 1, 0, 2, 6, 0, 8, 0, 0, 6, 2, 0, 6, 6, 0, 0, 3, 2, 3, 0, 2, 5, 2, 4, 2, 1, 0, 1, 3, 4, 1, 1, 1, 7, 5, 0, 8, 8, 0, 2, 1, 0, 1, 0, 0, 5, 1, 3, 0, 3, 1, 4, 3, 0, 0, 0, 1, 2, 0, 0, 5, 2, 1, 9, 5, 0, 4, 0, 0, 3, 3, 0, 3, 1, 0, 5, 3, 3, 2, 0, 5, 3, 5, 2, 5, 3, 5, 4, 1, 0, 1, 5, 2, 1, 8, 0, 0, 3, 0, 1, 4, 0, 2, 4, 0]","{'latency': 1753309453, 'energy': 58532379.0, 'area': 3852860.0, 'power': 0.04250143076923076, 'cnt_pes': 8, 'l1_mem': 54, 'l2_mem': 290, 'edp': 1.0262537340727869e+17}",4,1.0108129485647812
28,"[0.125      0.064      1.         1.         0.33333333 0.04166667
 0.5        0.04166667 1.         0.16666667 1.         0.83333333
 0.5        1.         0.5        0.83333333 0.16666667 1.
 0.5        1.         0.33333333 0.5        0.83333333 0.5
 0.83333333 0.33333333 0.33333333 0.16666667 1.         1.
 0.5        0.83333333 1.         1.         1.         0.25
 0.25       1.         0.0045045  0.33333333 1.         0.0045045
 0.33333333 1.         0.5        0.16666667 0.33333333 0.5
 0.83333333 0.5        1.         0.5        0.16666667 0.66666667
 0.16666667 0.16666667 1.         0.83333333 0.5        1.
 0.16666667 0.5        0.125      0.125      1.         1.
 0.015625   1.         0.02702703 0.00900901 1.         0.02702703
 0.33333333 1.         0.33333333 0.66666667 0.66666667 0.5
 0.83333333 0.16666667 0.33333333 0.83333333 0.83333333 0.83333333
 0.66666667 0.33333333 0.16666667 1.         0.83333333 0.83333333
 0.33333333 0.33333333 0.5        0.25       1.         0.0625
 0.5        1.         0.5        0.01818182 1.         0.01818182
 0.01818182 1.         1.         0.83333333 0.66666667 0.5
 0.83333333 1.         0.16666667 0.66666667 0.33333333 0.83333333
 0.33333333 1.         0.16666667 0.5        0.83333333 0.5
 0.66666667 0.66666667 0.0625     0.0078125  1.         0.0625
 0.125      1.         0.00909091 0.1        1.         1.
 0.04545455 1.         0.66666667 1.         0.83333333 0.66666667
 1.         0.5        0.33333333 0.83333333 0.5        0.83333333
 0.83333333 1.         1.         0.66666667 0.16666667 0.66666667
 1.         0.66666667 0.25       0.015625   1.         0.125
 0.015625   1.         0.5        0.01851852 1.         0.16666667
 0.11111111 1.         0.16666667 0.16666667 0.66666667 0.33333333
 0.66666667 0.83333333 0.33333333 1.         0.5        0.66666667
 0.66666667 1.         0.33333333 0.5        0.83333333 0.16666667
 1.         0.5        0.03125    0.0625     1.         0.015625
 0.25       1.         0.5        0.03703704 1.         0.33333333
 0.05555556 1.         0.66666667 0.66666667 0.83333333 0.33333333
 0.83333333 0.33333333 0.83333333 1.         1.         0.16666667
 0.83333333 0.16666667 0.83333333 0.66666667 0.33333333 0.83333333
 0.16666667 0.5        0.015625   0.00390625 1.         0.0625
 0.5        1.         0.07692308 0.03846154 1.         0.07692308
 1.         1.         0.83333333 0.33333333 1.         0.33333333
 0.16666667 0.5        0.66666667 1.         0.5        1.
 1.         0.16666667 0.33333333 1.         0.66666667 0.66666667
 0.66666667 0.33333333 0.00390625 0.25       1.         0.5
 0.5        1.         0.5        0.07692308 1.         0.03846154
 0.03846154 1.         0.83333333 0.66666667 0.5        1.
 0.66666667 0.33333333 0.83333333 0.5        1.         0.5
 0.33333333 0.66666667 0.83333333 0.5        0.33333333 0.66666667
 0.33333333 1.         0.00195312 0.125      1.         0.00195312
 0.00390625 1.         0.25       0.33333333 1.         0.33333333
 0.16666667 1.        ]",0.44126709480730403,"[0.3324564103684824, 0.3327891995680504, 0.33312232188994034, 0.333455777667608, 0.3337895672348428, 0.3341236909257686, 0.33445814907484345, 0.33479294201686033, 0.3351280700869473, 0.33546353362056786, 0.3357993329535214, 0.3361354684219433, 0.3364719403623056, 0.336808749111417, 0.33714589500642345, 0.33748337838480824, 0.33782119958439266, 0.338159358943336, 0.3384978568001361, 0.3388366934936297, 0.3391758693629927, 0.33951538474774046, 0.3398552399877282, 0.34019543542315134, 0.3405359713945459, 0.3408768482427887, 0.3412180663090978, 0.3415596259350328, 0.3419015274624953, 0.342243771233729, 0.34258635759132033, 0.3429292868781985, 0.3432725594376361, 0.34361617561324936, 0.34396013574899836, 0.34430444018918754, 0.344649089278466, 0.3449940833618278, 0.3453394227846124, 0.3456851078925049, 0.3460311390315364, 0.3463775165480845, 0.3467242407888734, 0.34707131210097436, 0.3474187308318062, 0.34776649732913534, 0.3481146119410764, 0.34846307501609247, 0.34881188690299547, 0.34916104795094643, 0.3495105585094559, 0.34986041892838426, 0.3502106295579422, 0.35056119074869085, 0.3509121028515424, 0.35126336621776016, 0.3516149811989591, 0.3519669481471062, 0.35231926741452074, 0.35267193935387464, 0.35302496431819286, 0.3533783426608537, 0.3537320747355893, 0.3540861608964858, 0.3544406014979838, 0.35479539689487866, 0.355150547442321, 0.3555060534958168, 0.355861915411228, 0.3562181335447728, 0.3565747082530258, 0.3569316398929187, 0.35728892882174046, 0.3576465753971376, 0.3580045799771147, 0.35836294292003473, 0.35872166458461935, 0.3590807453299493, 0.3594401855154648, 0.35979998550096576, 0.36016014564661236, 0.3605206663129253, 0.3608815478607861, 0.3612427906514375, 0.361604395046484, 0.3619663614078919, 0.3623286900979899, 0.3626913814794694, 0.3630544359153848, 0.3634178537691539, 0.3637816354045585, 0.36414578118574426, 0.36451029147722147, 0.3648751666438653, 0.36524040705091626, 0.3656060130639802, 0.3659719850490292, 0.36633832337240163, 0.36670502840080244, 0.36707210050130373, 0.3674395400413451, 0.36780734738873383, 0.36817552291164546, 0.3685440669786241, 0.36891297995858263, 0.36928226222080346, 0.3696519141349384, 0.3700219360710094, 0.37039232839940883, 0.37076309149089975, 0.37113422571661636, 0.3715057314480644, 0.3718776090571215, 0.37224985891603757, 0.372622481397435, 0.3729954768743093, 0.3733688457200293, 0.3737425883083377, 0.37411670501335104, 0.3744911962095606, 0.37486606227183245, 0.37524130357540786, 0.3756169204959038, 0.3759929134093131, 0.37636928269200515, 0.3767460287207259, 0.3771231518725985, 0.3775006525251236, 0.3778785310561798, 0.37825678784402383, 0.3786354232672911, 0.3790144377049961, 0.3793938315365326, 0.3797736051416743, 0.38015375890057485, 0.38053429319376864, 0.3809152084021708, 0.3812965049070779, 0.38167818309016804, 0.3820602433335015, 0.382442686019521, 0.3828255115310521, 0.3832087202513034, 0.3835923125638673, 0.38397628885272, 0.3843606495022222, 0.38474539489711934, 0.3851305254225419, 0.3855160414640059, 0.38590194340741335, 0.3862882316390524, 0.386674906545598, 0.3870619685141121, 0.3874494179320442, 0.3878372551872314, 0.3882254806678993, 0.38861409476266195, 0.38900309786052245, 0.3893924903508733, 0.3897822726234968, 0.39017244506856535, 0.390563008076642, 0.3909539620386807, 0.39134530734602674, 0.3917370443904172, 0.39212917356398114, 0.39252169525924036, 0.3929146098691095, 0.3933079177868964, 0.3937016194063027, 0.39409571512142416, 0.3944902053267509, 0.39488509041716807, 0.395280370787956, 0.3956760468347908, 0.39607211895374456, 0.39646858754128583, 0.3968654529942801, 0.3972627157099901, 0.3976603760860762, 0.3980584345205968, 0.3984568914120088, 0.39885574715916794, 0.39925500216132925, 0.3996546568181474, 0.40005471152967703, 0.40045516669637343, 0.40085602271909254, 0.4012572799990916, 0.4016589389380296, 0.40206099993796757, 0.40246346340136896, 0.40286632973110004, 0.4032695993304305, 0.40367327260303354, 0.40407734995298655, 0.4044818317847713, 0.40488671850327457, 0.4052920105137884, 0.4056977082220104, 0.40610381203404444, 0.40651032235640083, 0.40691723959599685, 0.407324564160157, 0.40773229645661363, 0.40814043689350715, 0.40854898587938654, 0.40895794382320977, 0.4093673111343441, 0.40977708822256664, 0.4101872754980647, 0.41059787337143616, 0.41100888225368987, 0.4114203025562461, 0.41183213469093705, 0.41224437907000705, 0.41265703610611315, 0.4130701062123255, 0.4134835898021276, 0.41389748728941705, 0.4143117990885056, 0.4147265256141197, 0.4151416672814011, 0.41555722450590704, 0.41597319770361063, 0.41638958729090153, 0.4168063936845861, 0.417223617301888, 0.4176412585604485, 0.4180593178783268, 0.4184777956740008, 0.4188966923663672, 0.4193160083747419, 0.4197357441188608, 0.42015590001887965, 0.420576476495375, 0.42099747396934434, 0.4214188928622065, 0.4218407335958023, 0.4222629965923947, 0.42268568227466935, 0.42310879106573507, 0.42353232338912417, 0.42395627966879296, 0.4243806603291221, 0.424805465794917, 0.42523069649140843, 0.4256563528442527, 0.4260824352795322, 0.42650894422375596, 0.4269358801038598, 0.427363243347207, 0.42779103438158855, 0.4282192536352238, 0.4286479015367605, 0.4290769785152758, 0.4295064850002761, 0.4299364214216978, 0.4303667882099077, 0.43079758579570343, 0.43122881461031376, 0.4316604750853992, 0.4320925676530522, 0.432525092745798, 0.43295805079659455, 0.43339144223883336, 0.4338252675063397, 0.43425952703337306, 0.4346942212546277, 0.43512935060523295, 0.4355649155207537, 0.4360009164371909, 0.4364373537909819, 0.43687422801900094, 0.4373115395585595, 0.43774928884740694, 0.4381874763237307, 0.43862610242615685, 0.4390651675937506, 0.4395046722660166, 0.4399446168828995, 0.44038500188478424, 0.44082582771249673, 0.44126709480730403]","[11, 7, 0, 0, 0, 0, 11, 0, 5, 0, 5, 4, 2, 5, 2, 4, 0, 5, 2, 5, 1, 2, 4, 2, 4, 1, 1, 0, 5, 5, 2, 4, 1, 1, 0, 4, 4, 0, 0, 5, 0, 0, 5, 0, 2, 0, 1, 2, 4, 2, 5, 2, 0, 3, 0, 0, 5, 4, 2, 5, 0, 2, 3, 3, 0, 6, 0, 0, 3, 1, 0, 3, 5, 0, 1, 3, 3, 2, 4, 0, 1, 4, 4, 4, 3, 1, 0, 5, 4, 4, 1, 1, 5, 4, 0, 3, 6, 0, 6, 1, 0, 1, 1, 0, 5, 4, 3, 2, 4, 5, 0, 3, 1, 4, 1, 5, 0, 2, 4, 2, 3, 3, 3, 0, 0, 3, 4, 0, 0, 4, 0, 7, 2, 0, 3, 5, 4, 3, 5, 2, 1, 4, 2, 4, 4, 5, 5, 3, 0, 3, 5, 3, 5, 1, 0, 5, 2, 0, 6, 0, 0, 4, 3, 0, 0, 0, 3, 1, 3, 4, 1, 5, 2, 3, 3, 5, 1, 2, 4, 0, 5, 2, 3, 4, 0, 2, 6, 0, 6, 1, 0, 5, 2, 0, 3, 3, 4, 1, 4, 1, 4, 5, 5, 0, 4, 0, 4, 3, 1, 4, 0, 2, 2, 0, 0, 5, 8, 0, 1, 0, 0, 1, 3, 0, 4, 1, 5, 1, 0, 2, 3, 5, 2, 5, 5, 0, 1, 5, 3, 3, 3, 1, 1, 7, 0, 8, 8, 0, 2, 1, 0, 0, 0, 0, 4, 3, 2, 5, 3, 1, 4, 2, 5, 2, 1, 3, 4, 2, 1, 3, 1, 5, 0, 6, 0, 0, 1, 0, 2, 3, 0, 3, 1, 0]","{'latency': 6956462605, 'energy': 92970520.0, 'area': 1518120.0, 'power': 0.015335800000000002, 'cnt_pes': 2, 'l1_mem': 54, 'l2_mem': 74, 'edp': 6.467459457474045e+17}",1,0.44126709480730403
29,"[0.015625   0.064      1.         1.         0.66666667 0.58333333
 0.95833333 0.16666667 1.         1.         1.         0.5
 0.83333333 0.33333333 0.33333333 0.33333333 0.16666667 0.16666667
 0.83333333 0.16666667 1.         0.16666667 0.5        0.16666667
 0.83333333 0.33333333 0.83333333 1.         0.83333333 0.33333333
 0.66666667 1.         0.33333333 1.         1.         1.
 0.125      1.         0.0045045  0.02702703 1.         0.0045045
 0.00900901 1.         1.         0.83333333 1.         0.5
 1.         0.66666667 1.         0.83333333 0.66666667 1.
 0.66666667 1.         0.66666667 1.         1.         0.66666667
 1.         0.83333333 0.015625   1.         1.         0.25
 0.125      1.         0.33333333 0.33333333 1.         0.5
 0.02702703 1.         0.33333333 0.33333333 0.66666667 0.83333333
 0.16666667 0.33333333 0.83333333 0.5        0.33333333 0.33333333
 0.66666667 1.         1.         0.33333333 0.66666667 0.33333333
 0.33333333 0.33333333 1.         0.015625   1.         0.25
 0.03125    1.         0.01818182 0.1        1.         0.2
 0.1        1.         0.83333333 0.5        1.         1.
 1.         0.33333333 0.16666667 0.66666667 0.33333333 0.16666667
 0.16666667 0.16666667 1.         0.33333333 0.83333333 0.83333333
 1.         0.33333333 0.03125    0.5        1.         1.
 1.         1.         0.00909091 0.09090909 1.         0.5
 0.2        1.         0.66666667 1.         0.66666667 0.33333333
 0.83333333 0.33333333 1.         0.66666667 0.5        0.83333333
 0.83333333 0.16666667 0.83333333 0.16666667 0.33333333 0.5
 0.16666667 1.         0.125      0.0078125  1.         0.015625
 0.5        1.         1.         0.05555556 1.         0.16666667
 0.11111111 1.         0.5        0.5        0.16666667 1.
 1.         0.33333333 0.66666667 0.66666667 0.5        0.66666667
 0.33333333 1.         0.16666667 0.16666667 0.5        0.16666667
 0.33333333 1.         1.         0.03125    1.         0.25
 0.125      1.         0.11111111 0.03703704 1.         0.11111111
 0.5        1.         0.5        0.33333333 0.33333333 1.
 1.         0.16666667 0.16666667 1.         0.5        0.33333333
 0.16666667 0.16666667 0.66666667 0.83333333 0.83333333 0.83333333
 0.66666667 0.5        0.5        0.015625   1.         0.03125
 0.125      1.         0.07692308 1.         1.         0.03846154
 0.03846154 1.         1.         0.83333333 0.16666667 0.83333333
 0.16666667 0.66666667 0.5        0.33333333 0.33333333 1.
 1.         0.83333333 0.33333333 0.16666667 1.         1.
 0.33333333 0.5        0.0078125  0.125      1.         0.25
 0.03125    1.         0.5        0.5        1.         0.07692308
 0.07692308 1.         1.         0.16666667 0.33333333 1.
 0.83333333 0.33333333 0.33333333 0.33333333 0.83333333 0.5
 0.66666667 0.33333333 0.83333333 0.66666667 0.33333333 0.66666667
 0.16666667 0.5        0.00195312 0.25       1.         0.5
 0.0625     1.         0.08333333 1.         1.         0.25
 0.16666667 1.        ]",42.94042279854968,"[32.35187710868135, 32.384261370051405, 32.416678048099506, 32.44912717527478, 32.48160878405884, 32.51412290696581, 32.54666957654235, 32.57924882536772, 32.611860686053774, 32.64450519124502, 32.677182373618635, 32.70989226588452, 32.742634900785305, 32.7754103110964, 32.808218529626025, 32.84105958921524, 32.87393352273798, 32.90684036310108, 32.93978014324433, 32.97275289614047, 33.005758654795265, 33.038797452247515, 33.07186932156908, 33.10497429586495, 33.13811240827322, 33.171283691965186, 33.20448818014533, 33.23772590605138, 33.27099690295434, 33.3043012041585, 33.3376388430015, 33.37100985285436, 33.40441426712148, 33.43785211924072, 33.471323442683406, 33.50482827095436, 33.538366637591956, 33.57193857616812, 33.605544120288414, 33.639183303592006, 33.67285615975176, 33.70656272247423, 33.740303025499735, 33.774077102602334, 33.80788498758992, 33.84172671430423, 33.87560231662085, 33.9095118284493, 33.94345528373303, 33.97743271644948, 34.01144416061009, 34.04548965026035, 34.07956921947983, 34.11368290238221, 34.14783073311533, 34.182012745861186, 34.21622897483602, 34.250479454290314, 34.284764218508826, 34.319083301810636, 34.353436738549185, 34.3878245631123, 34.42224680992222, 34.456703513435656, 34.4911947081438, 34.52572042857238, 34.560280709281656, 34.59487558486652, 34.62950508995648, 34.6641692592157, 34.69886812734304, 34.73360172907211, 34.768370099171285, 34.80317327244373, 34.838011283727454, 34.87288416789535, 34.9077919598552, 34.942734694549756, 34.97771240695671, 35.0127251320888, 35.0477729049938, 35.082855760754555, 35.11797373448904, 35.153126861350394, 35.18831517652692, 35.223538715242164, 35.25879751275492, 35.294091604359274, 35.32942102538466, 35.36478581119586, 35.40018599719305, 35.43562161881186, 35.47109271152338, 35.50659931083422, 35.54214145228651, 35.577719171457964, 35.61333250396193, 35.64898148544737, 35.68466615159897, 35.720386538137106, 35.75614268081792, 35.791934615433355, 35.82776237781117, 35.863626003814986, 35.89952552934433, 35.93546099033467, 35.971432422757424, 36.007439862620046, 36.04348334596601, 36.079562908874884, 36.11567858746235, 36.15183041788023, 36.18801843631654, 36.22424267899554, 36.260503182177715, 36.296799982159875, 36.33313311527515, 36.36950261789305, 36.405908526419466, 36.44235087729676, 36.47882970700376, 36.515345052055814, 36.55189694900482, 36.58848543443926, 36.62511054498424, 36.66177231730154, 36.69847078808963, 36.735205994083714, 36.77197797205577, 36.808786758814584, 36.84563239120579, 36.8825149061119, 36.919434340452355, 36.95639073118354, 36.99338411529884, 37.03041452982867, 37.06748201184051, 37.10458659843895, 37.141728326765715, 37.178907233999716, 37.21612335735707, 37.25337673409116, 37.290667401492655, 37.32799539688954, 37.36536075764719, 37.40276352116836, 37.44020372489325, 37.47768140629955, 37.515196602902456, 37.552749352254715, 37.59033969194666, 37.62796765960627, 37.665633292899166, 37.70333662952869, 37.74107770723593, 37.77885656379973, 37.81667323703677, 37.85452776480157, 37.892420184986555, 37.93035053552208, 37.968318854376456, 38.006325179556015, 38.04436954910512, 38.082452001106226, 38.12057257367991, 38.15873130498489, 38.19692823321811, 38.23516339661472, 38.27343683344817, 38.311748582030205, 38.350098680710914, 38.38848716787879, 38.42691408196075, 38.465379461422174, 38.50388334476694, 38.54242577053748, 38.58100677731479, 38.619626403718506, 38.658284688406916, 38.696981670076994, 38.73571738746446, 38.774491879343806, 38.81330518452833, 38.8521573418702, 38.891048390260465, 38.929978368629094, 38.96894731594504, 39.007955271216254, 39.047002273489746, 39.086088361851594, 39.12521357542702, 39.1643779533804, 39.203581534915315, 39.24282435927459, 39.282106465740334, 39.32142789363397, 39.36078868231628, 39.40018887118747, 39.43962849968715, 39.479107607294445, 39.518626233527975, 39.558184417945924, 39.59778220014607, 39.637419619765836, 39.67709671648232, 39.71681353001233, 39.75657010011244, 39.79636646657902, 39.83620266924827, 39.87607874799627, 39.91599474273901, 39.95595069343244, 39.99594664007252, 40.035982622695215, 40.076058681376594, 40.116174856232824, 40.15633118742024, 40.196527715135375, 40.23676447961499, 40.27704152113613, 40.317358880016144, 40.357716596612754, 40.39811471132408, 40.43855326458866, 40.47903229688555, 40.51955184873428, 40.560111960694975, 40.60071267336834, 40.641354027395735, 40.68203606345919, 40.72275882228148, 40.763522344626104, 40.8043266712974, 40.84517184314054, 40.88605790104158, 40.92698488592751, 40.96795283876628, 41.008961800566844, 41.050011812379225, 41.09110291529452, 41.13223515044496, 41.17340855900397, 41.21462318218615, 41.2558790612474, 41.297176237484884, 41.338514752237124, 41.37989464688401, 41.42131596284686, 41.46277874158845, 41.504283024613066, 41.54582885346653, 41.587416269736266, 41.629045315051314, 41.6707160310824, 41.71242845954194, 41.75418264218413, 41.79597862080493, 41.837816437242175, 41.87969613337555, 41.92161775112668, 41.96358133245914, 42.00558691937852, 42.047634553932454, 42.08972427821067, 42.131856134345014, 42.174030164509524, 42.21624641092045, 42.25850491583628, 42.30080572155784, 42.34314887042827, 42.38553440483311, 42.42796236720031, 42.47043280000031, 42.51294574574606, 42.55550124699305, 42.598099346339396, 42.64074008642582, 42.68342350993576, 42.72614965959535, 42.768918578173526, 42.811730308482005, 42.85458489337538, 42.89748237575113, 42.94042279854968]","[8, 7, 0, 0, 1, 13, 22, 3, 5, 5, 5, 2, 4, 1, 1, 1, 0, 0, 4, 0, 5, 0, 2, 0, 4, 1, 4, 5, 4, 1, 3, 5, 0, 1, 0, 6, 3, 0, 0, 3, 0, 0, 1, 0, 5, 4, 5, 2, 5, 3, 5, 4, 3, 5, 3, 5, 3, 5, 5, 3, 5, 4, 0, 6, 0, 4, 3, 0, 5, 5, 0, 6, 3, 0, 1, 1, 3, 4, 0, 1, 4, 2, 1, 1, 3, 5, 5, 1, 3, 1, 1, 1, 6, 0, 0, 5, 2, 0, 1, 4, 0, 5, 4, 0, 4, 2, 5, 5, 5, 1, 0, 3, 1, 0, 0, 0, 5, 1, 4, 4, 5, 1, 2, 6, 0, 7, 7, 0, 0, 3, 0, 6, 5, 0, 3, 5, 3, 1, 4, 1, 5, 3, 2, 4, 4, 0, 4, 0, 1, 2, 0, 5, 4, 0, 0, 2, 7, 0, 7, 2, 0, 4, 3, 0, 2, 2, 0, 5, 5, 1, 3, 3, 2, 3, 1, 5, 0, 0, 2, 0, 1, 5, 8, 3, 0, 6, 5, 0, 3, 1, 0, 3, 6, 0, 2, 1, 1, 5, 5, 0, 0, 5, 2, 1, 0, 0, 3, 4, 4, 4, 3, 2, 7, 2, 0, 4, 6, 0, 1, 3, 0, 0, 0, 0, 5, 4, 0, 4, 0, 3, 2, 1, 1, 5, 5, 4, 1, 0, 5, 5, 1, 2, 2, 6, 0, 7, 4, 0, 2, 2, 0, 1, 1, 0, 5, 0, 1, 5, 4, 1, 1, 1, 4, 2, 3, 1, 4, 3, 1, 3, 0, 2, 0, 7, 0, 8, 5, 0, 0, 5, 0, 2, 1, 0]","{'latency': 71486442, 'energy': 25142331.8, 'area': 211314000.0, 'power': 1.9616753846153852, 'cnt_pes': 368, 'l1_mem': 54, 'l2_mem': 318976, 'edp': 1797335843965455.8}",27,8.953697099202643
30,"[0.015625   0.064      1.         1.         0.33333333 0.29166667
 0.79166667 0.875      0.66666667 1.         1.         0.83333333
 0.5        0.33333333 0.16666667 0.33333333 0.16666667 1.
 0.83333333 1.         1.         0.83333333 0.16666667 0.16666667
 0.83333333 0.33333333 1.         0.16666667 0.83333333 0.33333333
 0.66666667 0.83333333 0.33333333 1.         1.         1.
 0.125      1.         0.0045045  0.33333333 1.         1.
 0.00900901 1.         0.66666667 0.83333333 0.66666667 0.16666667
 1.         0.83333333 1.         1.         0.66666667 1.
 0.66666667 1.         0.5        1.         1.         1.
 0.66666667 0.33333333 0.5        0.0625     1.         0.125
 0.125      1.         0.00900901 0.33333333 1.         0.16666667
 0.5        1.         0.33333333 0.83333333 1.         0.83333333
 0.5        0.33333333 0.83333333 0.5        0.33333333 0.33333333
 1.         1.         0.66666667 0.33333333 0.33333333 0.33333333
 0.33333333 0.33333333 0.125      0.015625   1.         0.5
 0.03125    1.         0.1        0.01818182 1.         0.2
 0.1        1.         0.16666667 0.33333333 1.         0.66666667
 1.         0.16666667 0.16666667 0.66666667 0.33333333 0.33333333
 0.16666667 0.16666667 1.         0.5        1.         0.16666667
 1.         0.33333333 0.03125    0.0625     1.         0.125
 0.5        1.         1.         0.09090909 1.         0.00909091
 0.09090909 1.         0.83333333 1.         0.66666667 0.5
 1.         0.33333333 1.         0.83333333 0.5        0.16666667
 0.83333333 0.16666667 0.83333333 0.33333333 0.33333333 0.5
 0.16666667 1.         0.125      0.0078125  1.         0.00390625
 0.25       1.         1.         0.05555556 1.         0.16666667
 0.11111111 1.         0.66666667 0.33333333 0.66666667 0.16666667
 1.         0.33333333 0.66666667 0.83333333 0.5        0.66666667
 0.33333333 0.16666667 0.16666667 0.16666667 0.5        0.16666667
 0.83333333 0.66666667 0.03125    0.00390625 1.         0.0078125
 0.125      1.         0.11111111 0.03703704 1.         0.5
 0.5        1.         0.5        0.33333333 1.         1.
 0.5        0.16666667 0.16666667 0.66666667 1.         0.33333333
 0.16666667 0.66666667 0.66666667 0.66666667 0.83333333 0.83333333
 0.66666667 0.66666667 1.         0.015625   1.         0.00390625
 0.0625     1.         0.07692308 1.         1.         0.03846154
 1.         1.         0.66666667 0.83333333 0.83333333 0.83333333
 0.16666667 0.66666667 0.5        0.5        0.83333333 0.83333333
 1.         0.83333333 0.5        0.16666667 1.         1.
 1.         0.5        0.015625   0.125      1.         0.5
 0.015625   1.         0.07692308 0.5        1.         1.
 0.07692308 1.         1.         0.66666667 0.66666667 1.
 0.83333333 0.33333333 0.33333333 0.33333333 0.66666667 0.5
 0.66666667 0.33333333 0.83333333 0.66666667 0.33333333 0.66666667
 0.33333333 0.5        0.015625   1.         1.         0.125
 0.0625     1.         0.33333333 0.33333333 1.         0.25
 0.16666667 1.        ]",7.916363304679593,"[5.96429182782335, 5.970262089913263, 5.976238328241504, 5.982220548790294, 5.9882087575478415, 5.99420296050835, 6.000203163672022, 6.006209373045067, 6.012221594639707, 6.018239834474181, 6.024264098572753, 6.030294392965719, 6.036330723689408, 6.042373096786195, 6.048421518304499, 6.054475994298798, 6.060536530829627, 6.066603133963591, 6.072675809773364, 6.078754564337702, 6.0848394037414435, 6.090930334075519, 6.097027361436957, 6.103130491928885, 6.109239731660546, 6.115355086747293, 6.121476563310604, 6.127604167478082, 6.133737905383465, 6.139877783166631, 6.146023806973605, 6.152175982956561, 6.158334317273835, 6.164498816089925, 6.1706694855755, 6.176846331907408, 6.183029361268677, 6.189218579848525, 6.195413993842368, 6.20161560945182, 6.207823432884704, 6.214037470355059, 6.220257728083142, 6.226484212295438, 6.232716929224663, 6.238955885109773, 6.245201086195969, 6.2514525387347035, 6.257710248983687, 6.263974223206894, 6.270244467674568, 6.276520988663232, 6.282803792455687, 6.289092885341028, 6.295388273614643, 6.301689963578221, 6.307997961539761, 6.314312273813575, 6.320632906720295, 6.326959866586882, 6.333293159746629, 6.339632792539168, 6.345978771310478, 6.352331102412891, 6.358689792205096, 6.365054847052148, 6.371426273325474, 6.377804077402876, 6.384188265668545, 6.390578844513058, 6.396975820333392, 6.403379199532925, 6.409788988521446, 6.416205193715161, 6.422627821536698, 6.429056878415113, 6.435492370785899, 6.44193430509099, 6.448382687778769, 6.454837525304073, 6.461298824128201, 6.467766590718919, 6.474240831550469, 6.480721553103573, 6.487208761865438, 6.493702464329768, 6.500202666996765, 6.506709376373139, 6.513222598972111, 6.519742341313425, 6.526268609923348, 6.532801411334683, 6.53934075208677, 6.545886638725495, 6.552439077803299, 6.5589980758791775, 6.565563639518696, 6.57213577529399, 6.578714489783774, 6.585299789573347, 6.591891681254602, 6.598490171426028, 6.605095266692721, 6.611706973666387, 6.6183252989653525, 6.624950249214567, 6.6315818310456125, 6.6382200510967095, 6.644864916012723, 6.651516432445168, 6.65817460705222, 6.664839446498719, 6.671510957456174, 6.678189146602777, 6.6848740206234005, 6.69156558620961, 6.6982638500596705, 6.704968818878549, 6.711680499377927, 6.718398898276203, 6.725124022298502, 6.731855878176678, 6.738594472649328, 6.74533981246179, 6.752091904366156, 6.758850755121277, 6.76561637149277, 6.7723887602530235, 6.779167928181205, 6.785953882063268, 6.79274662869196, 6.799546174866827, 6.806352527394221, 6.813165693087308, 6.819985678766074, 6.826812491257332, 6.833646137394727, 6.840486624018745, 6.847333957976722, 6.854188146122845, 6.861049195318163, 6.867917112430593, 6.874791904334928, 6.88167357791284, 6.888562140052893, 6.895457597650544, 6.902359957608152, 6.9092692268349865, 6.916185412247233, 6.923108520768001, 6.930038559327328, 6.93697553486219, 6.943919454316507, 6.950870324641149, 6.957828152793943, 6.964792945739682, 6.971764710450133, 6.978743453904037, 6.985729183087124, 6.992721904992116, 6.999721626618735, 7.006728354973708, 7.013742097070779, 7.020762859930709, 7.027790650581291, 7.034825476057348, 7.041867343400749, 7.048916259660409, 7.0559722318923015, 7.063035267159461, 7.070105372531993, 7.07718255508708, 7.084266821908989, 7.091358180089078, 7.098456636725804, 7.105562198924729, 7.112674873798528, 7.119794668466995, 7.126921590057052, 7.134055645702755, 7.141196842545301, 7.148345187733034, 7.155500688421456, 7.162663351773229, 7.169833184958188, 7.177010195153342, 7.184194389542885, 7.191385775318203, 7.198584359677881, 7.205790149827709, 7.21300315298069, 7.220223376357047, 7.227450827184231, 7.234685512696927, 7.241927440137064, 7.249176616753818, 7.256433049803622, 7.263696746550172, 7.270967714264437, 7.278245960224662, 7.285531491716378, 7.29282431603241, 7.300124440472883, 7.307431872345228, 7.314746618964192, 7.322068687651845, 7.329398085737582, 7.3367348205581395, 7.344078899457597, 7.351430329787385, 7.358789118906291, 7.366155274180471, 7.373528802983454, 7.38090971269615, 7.3882980107068565, 7.395693704411268, 7.40309680121248, 7.410507308521001, 7.417925233754755, 7.425350584339094, 7.432783367706801, 7.440223591298099, 7.44767126256066, 7.455126388949609, 7.4625889779275365, 7.470059036964501, 7.477536573538039, 7.485021595133172, 7.492514109242414, 7.50001412336578, 7.507521645010791, 7.515036681692483, 7.5225592409334165, 7.530089330263681, 7.537626957220901, 7.545172129350251, 7.552724854204456, 7.5602851393438, 7.567852992336136, 7.575428420756893, 7.583011432189082, 7.590602034223305, 7.598200234457763, 7.605806040498261, 7.6134194599582194, 7.621040500458678, 7.628669169628306, 7.63630547510341, 7.643949424527938, 7.651601025553492, 7.6592602858393315, 7.666927213052384, 7.674601814867251, 7.682284098966218, 7.689974073039257, 7.69767174478404, 7.705377121905946, 7.713090212118064, 7.720811023141205, 7.728539562703909, 7.7362758385424515, 7.744019858400852, 7.751771630030883, 7.759531161192076, 7.767298459651728, 7.775073533184912, 7.782856389574486, 7.790647036611097, 7.79844548209319, 7.806251733827017, 7.814065799626644, 7.821887687313958, 7.829717404718677, 7.837554959678355, 7.8454003600383935, 7.853253613652045, 7.861114728380426, 7.868983712092518, 7.8768605726651835, 7.884745317983167, 7.892637955939105, 7.900538494433539, 7.908446941374914, 7.916363304679593]","[8, 7, 0, 0, 0, 6, 18, 20, 3, 5, 5, 4, 2, 1, 0, 1, 0, 5, 4, 5, 5, 4, 0, 0, 4, 1, 5, 0, 4, 1, 3, 4, 0, 1, 0, 6, 3, 0, 0, 5, 0, 7, 1, 0, 3, 4, 3, 0, 5, 4, 5, 5, 3, 5, 3, 5, 2, 5, 5, 5, 3, 1, 5, 2, 0, 3, 3, 0, 1, 5, 0, 4, 6, 0, 1, 4, 5, 4, 2, 1, 4, 2, 1, 1, 5, 5, 3, 1, 1, 1, 1, 1, 3, 0, 0, 6, 2, 0, 4, 1, 0, 5, 4, 0, 0, 1, 5, 3, 5, 0, 0, 3, 1, 1, 0, 0, 5, 2, 5, 0, 5, 1, 2, 3, 0, 4, 6, 0, 7, 3, 0, 0, 3, 0, 4, 5, 3, 2, 5, 1, 5, 4, 2, 0, 4, 0, 4, 1, 1, 2, 0, 5, 4, 0, 0, 0, 6, 0, 7, 2, 0, 4, 3, 0, 3, 1, 3, 0, 5, 1, 3, 4, 2, 3, 1, 0, 0, 0, 2, 0, 4, 3, 3, 0, 0, 1, 5, 0, 3, 1, 0, 6, 6, 0, 2, 1, 5, 5, 2, 0, 0, 3, 5, 1, 0, 3, 3, 3, 4, 4, 3, 3, 8, 2, 0, 1, 5, 0, 1, 3, 0, 0, 3, 0, 3, 4, 4, 4, 0, 3, 2, 2, 4, 4, 5, 4, 2, 0, 5, 5, 5, 2, 3, 6, 0, 8, 3, 0, 1, 2, 0, 3, 1, 0, 5, 3, 3, 5, 4, 1, 1, 1, 3, 2, 3, 1, 4, 3, 1, 3, 1, 2, 3, 9, 0, 6, 5, 0, 3, 3, 0, 2, 1, 0]","{'latency': 387761138, 'energy': 56356465.0, 'area': 17794800.0, 'power': 0.195, 'cnt_pes': 42, 'l1_mem': 54, 'l2_mem': 858, 'edp': 2.185284700205717e+16}",5,3.9581816523397966
31,"[0.015625   0.008      1.         1.         0.66666667 0.91666667
 0.16666667 0.16666667 1.         0.16666667 1.         0.83333333
 0.83333333 0.66666667 1.         0.83333333 0.16666667 0.33333333
 0.83333333 0.16666667 0.83333333 0.16666667 0.5        0.16666667
 0.83333333 0.33333333 0.33333333 0.83333333 1.         1.
 0.66666667 1.         0.33333333 1.         1.         0.25
 0.5        1.         0.33333333 0.02702703 1.         1.
 0.00900901 1.         1.         0.83333333 1.         0.83333333
 0.66666667 0.66666667 1.         0.16666667 0.66666667 0.5
 0.66666667 0.16666667 0.66666667 1.         0.66666667 1.
 0.5        0.5        0.015625   1.         1.         0.25
 0.0625     1.         0.33333333 0.33333333 1.         0.02702703
 0.02702703 1.         0.33333333 0.33333333 0.66666667 0.33333333
 0.16666667 0.33333333 0.66666667 1.         0.5        0.66666667
 0.66666667 0.83333333 1.         0.83333333 0.83333333 0.33333333
 0.33333333 0.16666667 0.5        0.015625   1.         0.25
 0.03125    1.         0.1        0.1        1.         0.2
 0.1        1.         0.83333333 0.5        1.         0.66666667
 1.         0.33333333 0.16666667 0.66666667 1.         0.16666667
 0.16666667 0.16666667 1.         1.         0.5        0.66666667
 0.83333333 0.33333333 0.03125    0.125      1.         1.
 0.125      1.         0.09090909 0.5        1.         0.5
 0.04545455 1.         0.66666667 1.         0.66666667 0.33333333
 1.         0.83333333 1.         0.66666667 0.16666667 0.83333333
 0.16666667 0.33333333 0.83333333 0.33333333 1.         0.5
 0.16666667 1.         0.125      1.         1.         0.015625
 0.5        1.         1.         0.01851852 1.         1.
 0.01851852 1.         0.5        1.         1.         1.
 1.         0.33333333 0.5        0.83333333 0.5        0.66666667
 0.33333333 0.5        0.16666667 0.16666667 0.5        0.16666667
 0.83333333 0.83333333 1.         0.5        1.         0.25
 0.125      1.         0.16666667 0.05555556 1.         0.11111111
 0.5        1.         0.16666667 0.33333333 0.33333333 0.66666667
 0.83333333 0.16666667 0.16666667 0.16666667 0.33333333 0.33333333
 0.16666667 0.16666667 0.16666667 0.83333333 0.83333333 0.83333333
 0.5        0.5        0.5        0.00390625 1.         0.00390625
 0.0625     1.         0.03846154 0.07692308 1.         0.07692308
 0.03846154 1.         1.         1.         0.16666667 0.83333333
 0.16666667 0.66666667 0.5        0.33333333 1.         0.83333333
 0.16666667 0.33333333 0.16666667 0.83333333 1.         0.33333333
 0.5        0.5        0.0078125  0.03125    1.         0.00390625
 0.015625   1.         0.07692308 0.5        1.         0.07692308
 1.         1.         0.5        0.66666667 0.33333333 0.33333333
 0.16666667 0.83333333 0.16666667 0.33333333 0.5        0.5
 1.         1.         0.83333333 0.33333333 0.33333333 0.66666667
 0.5        0.5        0.25       0.00390625 1.         0.5
 0.0625     1.         0.25       1.         1.         0.33333333
 0.16666667 1.        ]",2.7169281180317464,"[2.046969239218875, 2.0490182574763516, 2.051069326803155, 2.0531224492524074, 2.0551776268792867, 2.0572348617410277, 2.0592941558969247, 2.061355511408333, 2.0634189303386714, 2.065484414753425, 2.067551966720145, 2.0696215883084537, 2.0716932815900435, 2.073767048638682, 2.0758428915302125, 2.077920812342555, 2.080000813155711, 2.0820828960517628, 2.0841670631148776, 2.086253316431309, 2.0883416580893983, 2.090432090179578, 2.0925246147943724, 2.094619234028401, 2.096715949978379, 2.098814764743122, 2.1009156804235456, 2.1030186991226683, 2.1051238229456137, 2.1072310539996133, 2.1093403943940072, 2.1114518462402474, 2.113565411651899, 2.115681092744644, 2.11779889163628, 2.119918810446727, 2.1220408512980247, 2.124165016314339, 2.126291307621961, 2.12841972734931, 2.130550277626937, 2.1326829605875246, 2.1348177783658904, 2.1369547330989893, 2.139093826925915, 2.1412350619879033, 2.1433784404283314, 2.145523964392724, 2.147671636028753, 2.1498214574862393, 2.1519734309171565, 2.1541275584756323, 2.1562838423179502, 2.1584422846025526, 2.1606028874900427, 2.162765653143186, 2.164930583726913, 2.1670976814083214, 2.169266948356678, 2.1714383867434215, 2.173611998742164, 2.1757877865286925, 2.1779657522809734, 2.1801458981791524, 2.182328226405558, 2.1845127391447026, 2.1866994385832856, 2.1888883269101957, 2.191079406316512, 2.1932726789955077, 2.1954681471426505, 2.197665812955606, 2.1998656786342403, 2.202067746380621, 2.20427201839902, 2.206478496895916, 2.208687184079996, 2.210898082162158, 2.213111193355514, 2.215326519875389, 2.2175440639393282, 2.2197638277670952, 2.221985813580676, 2.22421002360428, 2.2264364600643445, 2.228665125189534, 2.230896021210745, 2.233129150361106, 2.235364514875982, 2.237602116992975, 2.239841958951927, 2.242084042994922, 2.2443283713662883, 2.246574946312601, 2.2488237700826836, 2.2510748449276115, 2.253328173100712, 2.2555837568575696, 2.2578415984560256, 2.2601017001561816, 2.262364064220402, 2.2646286929133153, 2.266895588501817, 2.269164753255072, 2.2714361894445165, 2.2737098993438605, 2.2759858852290895, 2.278264149378468, 2.2805446940725402, 2.2828275215941343, 2.2851126342283625, 2.287400034262625, 2.2896897239866116, 2.291981705692304, 2.294275981673978, 2.2965725542282063, 2.2988714256538603, 2.3011725982521125, 2.303476074326439, 2.3057818561826218, 2.3080899461287507, 2.310400346475226, 2.3127130595347607, 2.315028087622383, 2.3173454330554386, 2.319665098153592, 2.3219870852388307, 2.324311396635466, 2.326638034670136, 2.328967001671808, 2.3312982999717797, 2.3336319319036836, 2.335967899803487, 2.3383062060094963, 2.3406468528623585, 2.3429898427050637, 2.3453351778829465, 2.3476828607436904, 2.350032893637328, 2.3523852789162443, 2.3547400189351793, 2.3570971160512304, 2.3594565726238543, 2.3618183910148693, 2.3641825735884576, 2.366549122711169, 2.368918040751921, 2.3712893300820026, 2.3736629930750777, 2.376039032107185, 2.378417449556742, 2.380798247804546, 2.38318142923378, 2.38556699623001, 2.3879549511811913, 2.390345296477669, 2.392738034512181, 2.395133167679861, 2.3975306983782394, 2.3999306290072466, 2.4023329619692158, 2.4047376996688845, 2.407144844513398, 2.4095543989123103, 2.411966365277588, 2.4143807460236113, 2.4167975435671787, 2.4192167603275063, 2.4216383987262327, 2.42406246118742, 2.4264889501375575, 2.428917868005563, 2.431349217222786, 2.433783000223009, 2.4362192194424517, 2.4386578773197716, 2.4410989762960678, 2.4435425188148825, 2.4459885073222045, 2.448436944266471, 2.4508878320985694, 2.4533411732718413, 2.4557969702420834, 2.458255225467551, 2.46071594140896, 2.4631791205294897, 2.4656447652947846, 2.4681128781729575, 2.4705834616345923, 2.473056518152745, 2.475532050202948, 2.478010060263211, 2.480490550814025, 2.4829735243383637, 2.4854589833216854, 2.4879469302519372, 2.490437367619557, 2.4929302979174746, 2.4954257236411155, 2.497923647288404, 2.5004240713597636, 2.502926998358122, 2.5054324307889106, 2.5079403711600707, 2.5104508219820527, 2.5129637857678206, 2.5154792650328535, 2.5179972622951485, 2.520517780075224, 2.52304082089612, 2.525566387283403, 2.5280944817651685, 2.5306251068720407, 2.533158265137178, 2.535693959096274, 2.5382321912875616, 2.5407729642518135, 2.5433162805323457, 2.5458621426750208, 2.548410553228249, 2.5509615147429923, 2.553515029772765, 2.556071100873639, 2.558629730604243, 2.561190921525769, 2.5637546762019707, 2.56632099719917, 2.5688898870862564, 2.571461348434691, 2.5740353838185097, 2.576611995814324, 2.5791911870013253, 2.5817729599612864, 2.584357317278565, 2.586944261540105, 2.5895337953354405, 2.5921259212566974, 2.594720641898596, 2.597317959858455, 2.599917877736191, 2.6025203981343252, 2.6051255236579833, 2.6077332569148983, 2.6103436005154137, 2.612956557072486, 2.615572129201688, 2.618190319521209, 2.6208111306518607, 2.6234345652170776, 2.6260606258429204, 2.6286893151580784, 2.6313206357938723, 2.6339545903842567, 2.6365911815658225, 2.6392304119778003, 2.6418722842620626, 2.6445168010631255, 2.6471639650281538, 2.6498137788069607, 2.652466245052013, 2.6551213664184314, 2.6577791455639956, 2.660439585149145, 2.663102687836982, 2.665768456293275, 2.6684368931864615, 2.6711080011876494, 2.67378178297062, 2.6764582412118316, 2.679137378590422, 2.68181919778821, 2.6845037014897, 2.687190892382082, 2.689880773155237, 2.6925733465017387, 2.6952686151168557, 2.6979665816985543, 2.700667248947502, 2.703370619567069, 2.7060766962633322, 2.7087854817450774, 2.711496978723801, 2.7142111899137147, 2.7169281180317464]","[8, 4, 0, 0, 1, 21, 3, 3, 5, 0, 5, 4, 4, 3, 5, 4, 0, 1, 4, 0, 4, 0, 2, 0, 4, 1, 1, 4, 5, 5, 3, 5, 0, 1, 0, 4, 5, 0, 5, 3, 0, 7, 1, 0, 5, 4, 5, 4, 3, 3, 5, 0, 3, 2, 3, 0, 3, 5, 3, 5, 2, 2, 0, 6, 0, 4, 2, 0, 5, 5, 0, 3, 3, 0, 1, 1, 3, 1, 0, 1, 3, 5, 2, 3, 3, 4, 5, 4, 4, 1, 1, 0, 5, 0, 0, 5, 2, 0, 4, 4, 0, 5, 4, 0, 4, 2, 5, 3, 5, 1, 0, 3, 5, 0, 0, 0, 5, 5, 2, 3, 4, 1, 2, 4, 0, 7, 4, 0, 3, 6, 0, 6, 2, 0, 3, 5, 3, 1, 5, 4, 5, 3, 0, 4, 0, 1, 4, 1, 5, 2, 0, 5, 4, 7, 0, 2, 7, 0, 7, 0, 0, 7, 0, 0, 2, 5, 5, 5, 5, 1, 2, 4, 2, 3, 1, 2, 0, 0, 2, 0, 4, 4, 8, 7, 0, 6, 5, 0, 4, 2, 0, 3, 6, 0, 0, 1, 1, 3, 4, 0, 0, 0, 1, 1, 0, 0, 0, 4, 4, 4, 2, 2, 7, 0, 0, 1, 5, 0, 0, 1, 0, 1, 0, 0, 5, 5, 0, 4, 0, 3, 2, 1, 5, 4, 0, 1, 0, 4, 5, 1, 2, 2, 2, 4, 0, 1, 3, 0, 1, 2, 0, 1, 3, 0, 2, 3, 1, 1, 0, 4, 0, 1, 2, 2, 5, 5, 4, 1, 1, 3, 2, 2, 7, 1, 0, 8, 5, 0, 2, 5, 0, 3, 1, 0]","{'latency': 1129826742, 'energy': 30387034.6, 'area': 27461400.0, 'power': 0.40187530769230767, 'cnt_pes': 64, 'l1_mem': 54, 'l2_mem': 169088, 'edp': 3.4332084301159276e+16}",7,1.1091812594996613
32,"[0.015625   0.064      1.         1.         0.66666667 0.29166667
 0.16666667 0.33333333 0.5        0.33333333 0.5        0.33333333
 0.16666667 1.         0.5        0.83333333 1.         0.16666667
 1.         0.16666667 1.         1.         0.5        0.16666667
 0.83333333 0.33333333 0.33333333 1.         0.5        0.33333333
 0.66666667 1.         1.         1.         1.         0.25
 0.03125    1.         0.00900901 0.01351351 1.         0.0045045
 0.33333333 1.         0.16666667 0.83333333 0.5        0.5
 0.5        0.83333333 0.16666667 0.16666667 0.5        0.66666667
 1.         1.         0.33333333 0.16666667 0.5        0.16666667
 1.         0.66666667 1.         1.         1.         0.25
 0.125      1.         1.         1.         1.         0.5
 0.5        1.         1.         0.33333333 0.5        0.83333333
 0.66666667 1.         0.16666667 0.16666667 0.5        0.83333333
 0.33333333 0.16666667 1.         0.33333333 0.83333333 0.33333333
 0.83333333 0.33333333 0.5        0.0625     1.         0.25
 1.         1.         0.1        0.04545455 1.         1.
 0.00909091 1.         0.83333333 0.33333333 0.16666667 0.66666667
 1.         0.33333333 0.16666667 0.66666667 0.5        0.5
 1.         0.33333333 1.         0.16666667 0.5        1.
 0.66666667 0.83333333 0.03125    0.015625   1.         0.125
 0.125      1.         0.04545455 0.09090909 1.         0.1
 0.2        1.         0.33333333 0.33333333 1.         0.33333333
 1.         0.16666667 1.         0.33333333 0.5        0.83333333
 0.83333333 0.16666667 0.83333333 0.66666667 1.         0.66666667
 0.16666667 0.5        0.125      0.0625     1.         0.015625
 0.125      1.         1.         0.01851852 1.         0.16666667
 0.11111111 1.         1.         0.33333333 1.         0.83333333
 0.5        0.16666667 0.33333333 0.5        0.5        0.83333333
 0.16666667 1.         0.33333333 0.16666667 0.5        1.
 0.33333333 1.         0.0625     0.0078125  1.         0.25
 0.03125    1.         0.05555556 0.33333333 1.         0.5
 0.05555556 1.         1.         1.         0.83333333 0.5
 1.         0.5        0.16666667 0.66666667 0.83333333 0.33333333
 0.66666667 0.16666667 0.5        0.33333333 0.5        0.83333333
 0.66666667 0.16666667 1.         0.25       1.         0.00390625
 0.03125    1.         0.5        1.         1.         0.5
 1.         1.         0.83333333 0.66666667 0.33333333 0.66666667
 0.5        0.33333333 0.5        0.33333333 0.33333333 1.
 1.         0.66666667 1.         0.83333333 0.33333333 0.33333333
 0.83333333 0.5        1.         0.125      1.         0.25
 0.03125    1.         0.07692308 0.5        1.         0.5
 0.07692308 1.         0.66666667 0.66666667 0.83333333 1.
 0.83333333 0.33333333 0.83333333 0.33333333 0.66666667 0.66666667
 0.5        0.33333333 0.83333333 0.66666667 0.33333333 0.83333333
 0.16666667 0.16666667 0.25       0.125      1.         0.015625
 1.         1.         0.25       1.         1.         1.
 0.16666667 1.        ]",0.9023450353603331,"[0.6798385714681936, 0.6805190905587524, 0.681200290849602, 0.6818821730226247, 0.6825647377603851, 0.6832479857461312, 0.683931917663795, 0.6846165341979931, 0.6853018360340271, 0.6859878238578849, 0.6866744983562412, 0.6873618602164576, 0.6880499101265842, 0.6887386487753596, 0.6894280768522119, 0.6901181950472591, 0.6908090040513104, 0.6915005045558663, 0.6921926972531194, 0.6928855828359554, 0.6935791619979533, 0.6942734354333867, 0.6949684038372239, 0.695664067905129, 0.6963604283334625, 0.6970574858192817, 0.697755241060342, 0.6984536947550971, 0.6991528476026998, 0.6998527003030028, 0.7005532535565594, 0.701254508064624, 0.7019564645291532, 0.702659123652806, 0.7033624861389449, 0.7040665526916365, 0.7047713240156522, 0.7054768008164687, 0.706182983800269, 0.706889873673943, 0.7075974711450881, 0.7083057769220101, 0.7090147917137238, 0.7097245162299538, 0.710434951181135, 0.7111460972784134, 0.711857955233647, 0.7125705257594065, 0.7132838095689754, 0.7139978073763518, 0.7147125198962481, 0.7154279478440921, 0.7161440919360281, 0.716860952888917, 0.7175785314203373, 0.7182968282485859, 0.7190158440926786, 0.7197355796723509, 0.7204560357080589, 0.7211772129209799, 0.7218991120330129, 0.7226217337667797, 0.7233450788456254, 0.724069147993619, 0.7247939419355546, 0.7255194613969516, 0.7262457071040557, 0.7269726797838395, 0.7277003801640035, 0.7284288089729765, 0.7291579669399164, 0.7298878547947111, 0.730618473267979, 0.7313498230910701, 0.7320819049960662, 0.7328147197157819, 0.7335482679837657, 0.7342825505343, 0.7350175681024025, 0.7357533214238263, 0.7364898112350614, 0.7372270382733347, 0.7379650032766113, 0.7387037069835949, 0.7394431501337286, 0.7401833334671958, 0.7409242577249207, 0.7416659236485692, 0.7424083319805498, 0.7431514834640138, 0.7438953788428567, 0.7446400188617185, 0.7453854042659844, 0.7461315358017863, 0.7468784142160023, 0.7476260402562586, 0.7483744146709295, 0.7491235382091386, 0.7498734116207594, 0.7506240356564158, 0.7513754110674833, 0.7521275386060894, 0.7528804190251145, 0.7536340530781926, 0.7543884415197124, 0.7551435851048173, 0.7558994845894067, 0.7566561407301369, 0.7574135542844213, 0.7581717260104317, 0.7589306566670988, 0.7596903470141129, 0.7604507978119248, 0.7612120098217465, 0.761973983805552, 0.7627367205260781, 0.7635002207468249, 0.7642644852320569, 0.7650295147468037, 0.7657953100568605, 0.7665618719287893, 0.7673292011299192, 0.7680972984283475, 0.7688661645929404, 0.7696358003933338, 0.7704062065999338, 0.7711773839839177, 0.7719493333172349, 0.7727220553726075, 0.7734955509235311, 0.7742698207442753, 0.7750448656098852, 0.7758206862961814, 0.7765972835797612, 0.7773746582379992, 0.7781528110490483, 0.7789317427918402, 0.7797114542460862, 0.7804919461922785, 0.7812732194116901, 0.7820552746863765, 0.7828381127991757, 0.7836217345337094, 0.7844061406743839, 0.7851913320063902, 0.785977309315706, 0.786764073389095, 0.7875516250141091, 0.7883399649790882, 0.7891290940731613, 0.7899190130862476, 0.7907097228090566, 0.7915012240330896, 0.7922935175506403, 0.793086604154795, 0.7938804846394345, 0.7946751597992338, 0.7954706304296634, 0.7962668973269904, 0.7970639612882787, 0.7978618231113901, 0.7986604835949851, 0.7994599435385236, 0.8002602037422658, 0.801061265007273, 0.8018631281354085, 0.8026657939293378, 0.8034692631925303, 0.8042735367292596, 0.8050786153446042, 0.8058844998444487, 0.8066911910354841, 0.8074986897252093, 0.8083069967219313, 0.809116112834766, 0.8099260388736397, 0.8107367756492889, 0.8115483239732622, 0.8123606846579201, 0.8131738585164365, 0.8139878463627993, 0.8148026490118111, 0.8156182672790901, 0.8164347019810713, 0.8172519539350063, 0.8180700239589652, 0.8188889128718371, 0.8197086214933303, 0.8205291506439744, 0.8213505011451194, 0.8221726738189383, 0.8229956694884267, 0.8238194889774041, 0.8246441331105147, 0.8254696027132279, 0.8262958986118397, 0.8271230216334732, 0.8279509726060793, 0.8287797523584377, 0.8296093617201579, 0.8304398015216795, 0.8312710725942738, 0.8321031757700439, 0.8329361118819258, 0.8337698817636895, 0.8346044862499394, 0.8354399261761155, 0.836276202378494, 0.8371133156941881, 0.8379512669611493, 0.8387900570181674, 0.8396296867048724, 0.8404701568617341, 0.8413114683300642, 0.8421536219520163, 0.8429966185705868, 0.8438404590296165, 0.8446851441737903, 0.8455306748486389, 0.8463770519005394, 0.847224276176716, 0.8480723485252413, 0.8489212697950363, 0.8497710408358722, 0.8506216624983706, 0.8514731356340046, 0.8523254610950998, 0.8531786397348347, 0.8540326724072419, 0.8548875599672091, 0.8557433032704795, 0.8565999031736532, 0.8574573605341874, 0.8583156762103978, 0.8591748510614593, 0.8600348859474067, 0.8608957817291358, 0.8617575392684043, 0.8626201594278321, 0.863483643070903, 0.8643479910619649, 0.8652132042662312, 0.8660792835497809, 0.8669462297795605, 0.8678140438233839, 0.8686827265499338, 0.8695522788287626, 0.8704227015302929, 0.8712939955258187, 0.8721661616875062, 0.8730392008883946, 0.873913114002397, 0.8747879019043013, 0.8756635654697711, 0.8765401055753465, 0.8774175230984449, 0.8782958189173623, 0.8791749939112736, 0.8800550489602339, 0.8809359849451791, 0.881817802747927, 0.8827005032511782, 0.8835840873385167, 0.8844685558944111, 0.8853539098042154, 0.8862401499541696, 0.887127277231401, 0.8880152925239249, 0.8889041967206455, 0.8897939907113568, 0.8906846753867436, 0.891576251638382, 0.8924687203587407, 0.8933620824411819, 0.8942563387799618, 0.895151490270232, 0.89604753780804, 0.8969444822903304, 0.8978423246149454, 0.8987410656806261, 0.8996407063870131, 0.9005412476346477, 0.9014426903249727, 0.9023450353603331]","[8, 7, 0, 0, 1, 6, 3, 7, 2, 1, 2, 1, 0, 5, 2, 4, 5, 0, 5, 0, 5, 5, 2, 0, 4, 1, 1, 5, 2, 1, 3, 5, 1, 1, 0, 4, 1, 0, 1, 2, 0, 0, 5, 0, 0, 4, 2, 2, 2, 4, 0, 0, 2, 3, 5, 5, 1, 0, 2, 0, 5, 3, 6, 6, 0, 4, 3, 0, 7, 7, 0, 6, 6, 0, 5, 1, 2, 4, 3, 5, 0, 0, 2, 4, 1, 0, 5, 1, 4, 1, 4, 1, 5, 2, 0, 5, 7, 0, 4, 2, 0, 7, 0, 0, 4, 1, 0, 3, 5, 1, 0, 3, 2, 2, 5, 1, 5, 0, 2, 5, 3, 4, 2, 1, 0, 4, 4, 0, 2, 3, 0, 4, 5, 0, 1, 1, 5, 1, 5, 0, 5, 1, 2, 4, 4, 0, 4, 3, 5, 3, 0, 2, 4, 3, 0, 2, 5, 0, 7, 0, 0, 4, 3, 0, 5, 1, 5, 4, 2, 0, 1, 2, 2, 4, 0, 5, 1, 0, 2, 5, 1, 5, 4, 1, 0, 6, 3, 0, 2, 5, 0, 6, 2, 0, 5, 5, 4, 2, 5, 2, 0, 3, 4, 1, 3, 0, 2, 1, 2, 4, 3, 0, 8, 6, 0, 1, 4, 0, 2, 3, 0, 2, 3, 0, 4, 3, 1, 3, 2, 1, 2, 1, 1, 5, 5, 3, 5, 4, 1, 1, 4, 2, 9, 6, 0, 7, 4, 0, 1, 2, 0, 2, 1, 0, 3, 3, 4, 5, 4, 1, 4, 1, 3, 3, 2, 1, 4, 3, 1, 4, 0, 0, 7, 6, 0, 3, 9, 0, 2, 5, 0, 5, 1, 0]","{'latency': 3401867272, 'energy': 28188640.5, 'area': 58697700.0, 'power': 1.575776846153846, 'cnt_pes': 128, 'l1_mem': 54, 'l2_mem': 3643424, 'edp': 9.589401355912371e+16}",1,0.9023450353603331
33,"[0.015625   0.064      1.         1.         1.         0.70833333
 0.04166667 0.79166667 0.66666667 0.16666667 1.         0.5
 0.16666667 0.83333333 0.33333333 1.         1.         0.16666667
 0.66666667 0.16666667 0.5        0.5        0.16666667 0.16666667
 1.         0.33333333 0.5        1.         0.5        0.66666667
 0.16666667 0.5        1.         0.33333333 1.         0.25
 0.015625   1.         0.00900901 0.0045045  1.         0.5
 0.0045045  1.         0.5        1.         0.5        0.5
 0.83333333 0.16666667 0.66666667 0.33333333 0.16666667 1.
 0.66666667 1.         0.33333333 0.83333333 1.         0.83333333
 0.66666667 0.83333333 0.125      0.25       1.         0.015625
 0.125      1.         0.16666667 0.33333333 1.         0.16666667
 0.02702703 1.         1.         1.         0.33333333 0.66666667
 0.83333333 0.33333333 0.5        0.83333333 0.83333333 0.33333333
 0.66666667 0.16666667 0.66666667 1.         1.         0.66666667
 0.33333333 0.16666667 1.         0.125      1.         0.25
 0.015625   1.         0.01818182 0.01818182 1.         0.5
 0.1        1.         1.         1.         0.66666667 0.66666667
 1.         0.83333333 0.16666667 0.66666667 0.33333333 0.16666667
 0.5        1.         1.         1.         0.83333333 0.33333333
 0.5        0.66666667 0.0078125  0.25       1.         1.
 0.0625     1.         0.09090909 0.01818182 1.         0.5
 0.01818182 1.         0.5        1.         0.66666667 0.16666667
 1.         0.33333333 0.33333333 0.66666667 0.16666667 0.66666667
 0.83333333 0.66666667 1.         1.         0.16666667 0.5
 0.16666667 0.5        0.125      0.0078125  1.         0.5
 1.         1.         1.         0.01851852 1.         0.16666667
 0.11111111 1.         0.5        0.33333333 0.66666667 0.66666667
 0.5        0.5        0.66666667 0.66666667 0.5        0.66666667
 1.         0.83333333 0.16666667 0.16666667 0.16666667 0.16666667
 0.66666667 0.83333333 1.         0.00390625 1.         0.00390625
 0.00390625 1.         1.         0.16666667 1.         0.11111111
 0.5        1.         0.5        0.16666667 0.83333333 0.16666667
 1.         0.33333333 0.5        1.         0.5        0.33333333
 1.         0.66666667 0.66666667 0.5        1.         0.16666667
 0.66666667 0.5        0.5        0.125      1.         0.0625
 1.         1.         0.07692308 1.         1.         0.03846154
 1.         1.         0.66666667 0.16666667 0.16666667 0.33333333
 0.16666667 1.         0.33333333 0.33333333 0.33333333 0.83333333
 0.33333333 0.83333333 1.         0.16666667 0.33333333 0.66666667
 1.         0.33333333 0.0078125  1.         1.         0.00390625
 0.5        1.         0.07692308 0.07692308 1.         0.5
 0.03846154 1.         1.         0.16666667 0.83333333 1.
 0.83333333 0.5        1.         1.         1.         0.66666667
 0.66666667 0.33333333 0.83333333 0.66666667 0.33333333 0.66666667
 0.5        0.33333333 0.25       0.125      1.         0.5
 0.03125    1.         0.08333333 1.         1.         0.25
 0.16666667 1.        ]",0.0037208297473481783,"[0.0028033218790896493, 0.002806128007096746, 0.002808936944040787, 0.0028117486927335205, 0.00281456325598951, 0.002817380636626136, 0.0028202008374635995, 0.0028230238613249246, 0.0028258497110359606, 0.002828678389425386, 0.0028315098993247105, 0.0028343442435682788, 0.002837181424993272, 0.002840021446439712, 0.0028428643107504623, 0.0028457100207712337, 0.002848558579350584, 0.0028514099893399243, 0.0028542642535935177, 0.002857121374968486, 0.002859981356324811, 0.002862844200525336, 0.002865709910435772, 0.002868578488924697, 0.0028714499388635606, 0.0028743242631266873, 0.0028772014645912784, 0.0028800815461374157, 0.0028829645106480638, 0.002885850361009073, 0.002888739100109182, 0.0028916307308400222, 0.0028945252560961185, 0.0028974226787748933, 0.0029003230017766697, 0.0029032262280046742, 0.002906132360365039, 0.002909041401766806, 0.0029119533551219276, 0.002914868223345273, 0.0029177860093546277, 0.0029207067160706983, 0.0029236303464171155, 0.002926556903320436, 0.0029294863897101463, 0.002932418808518665, 0.0029353541626813465, 0.002938292455136483, 0.0029412336888253086, 0.0029441778666920004, 0.002947124991683684, 0.0029500750667504345, 0.00295302809484528, 0.002955984078924204, 0.00295894302194615, 0.0029619049268730232, 0.002964869796669693, 0.002967837634303997, 0.002970808442746744, 0.0029737822249717156, 0.002976758983955671, 0.0029797387226783495, 0.002982721444122472, 0.002985707151273746, 0.002988695847120867, 0.0029916875346555224, 0.002994682216872395, 0.002997679896769164, 0.003000680577346511, 0.003003684261608119, 0.0030066909525606794, 0.0030097006532138933, 0.0030127133665804736, 0.0030157290956761497, 0.0030187478435196695, 0.0030217696131328024, 0.003024794407540343, 0.003027822229770113, 0.003030853082852966, 0.0030338869698227884, 0.003036923893716505, 0.0030399638575740787, 0.0030430068644385173, 0.003046052917355873, 0.0030491020193752485, 0.0030521541735487974, 0.003055209382931729, 0.0030582676505823115, 0.0030613289795618733, 0.0030643933729348084, 0.003067460833768577, 0.0030705313651337106, 0.0030736049701038143, 0.00307668165175557, 0.0030797614131687387, 0.003082844257426165, 0.003085930187613779, 0.0030890192068205994, 0.0030921113181387383, 0.003095206524663402, 0.0030983048294928946, 0.0031014062357286234, 0.0031045107464750983, 0.003107618364839938, 0.003110729093933872, 0.003113842936870743, 0.0031169598967675104, 0.0031200799767442545, 0.0031232031799241786, 0.0031263295094336122, 0.0031294589684020143, 0.003132591559961976, 0.0031357272872492253, 0.003138866153402628, 0.003142008161564192, 0.003145153314879071, 0.0031483016164955665, 0.0031514530695651317, 0.003154607677242374, 0.003157765442685059, 0.0031609263690541133, 0.003164090459513627, 0.0031672577172308577, 0.003170428145376234, 0.0031736017471233574, 0.0031767785256490064, 0.0031799584841331395, 0.0031831416257588983, 0.0031863279537126107, 0.0031895174711837945, 0.0031927101813651595, 0.003195906087452612, 0.003199105192645257, 0.0032023075001454027, 0.003205513013158561, 0.0032087217348934546, 0.0032119336685620167, 0.003215148817379396, 0.0032183671845639602, 0.0032215887733372975, 0.003224813586924222, 0.0032280416285527746, 0.003231272901454229, 0.003234507408863092, 0.003237745154017109, 0.0032409861401572664, 0.003244230370527794, 0.0032474778483761704, 0.0032507285769531238, 0.0032539825595126366, 0.0032572397993119485, 0.00326050029961156, 0.003263764063675235, 0.003267031094770005, 0.0032703013961661712, 0.0032735749711373086, 0.003276851822960269, 0.003280131954915184, 0.00328341537028547, 0.0032867020723578275, 0.00328999206442225, 0.003293285349772022, 0.0032965819317037257, 0.003299881813517243, 0.0033031849985157586, 0.003306491490005764, 0.0033098012912970614, 0.003313114405702764, 0.0033164308365393035, 0.00331975058712643, 0.0033230736607872172, 0.0033264000608480655, 0.0033297297906387043, 0.0033330628534921965, 0.0033363992527449416, 0.003339738991736678, 0.003343082073810489, 0.0033464285023128014, 0.0033497782805933947, 0.0033531314120054004, 0.0033564878999053057, 0.0033598477476529586, 0.00336321095861157, 0.0033665775361477177, 0.0033699474836313493, 0.003373320804435785, 0.0033766975019377224, 0.0033800775795172397, 0.0033834610405577975, 0.0033868478884462438, 0.0033902381265728167, 0.0033936317583311477, 0.003397028787118266, 0.0034004292163346004, 0.0034038330493839845, 0.003407240289673658, 0.0034106509406142725, 0.0034140650056198926, 0.0034174824881080005, 0.0034209033914995002, 0.003424327719218719, 0.0034277554746934124, 0.003431186661354767, 0.0034346212826374045, 0.003438059341979384, 0.0034415008428222062, 0.003444945788610817, 0.0034483941827936106, 0.003451846028822433, 0.0034553013301525854, 0.0034587600902428284, 0.003462222312555384, 0.00346568800055594, 0.003469157157713654, 0.003472629787501155, 0.0034761058933945495, 0.003479585478873423, 0.0034830685474208437, 0.003486555102523367, 0.003490045147671038, 0.0034935386863573954, 0.003497035722079475, 0.003500536258337813, 0.0035040402986364493, 0.003507547846482932, 0.0035110589053883204, 0.0035145734788671877, 0.003518091570437625, 0.0035216131836212465, 0.0035251383219431897, 0.0035286669889321217, 0.003532199188120242, 0.003535734923043285, 0.0035392741972405254, 0.0035428170142547803, 0.0035463633776324126, 0.003549913290923336, 0.003553466757681017, 0.0035570237814624792, 0.0035605843658283076, 0.00356414851434265, 0.0035677162305732236, 0.003571287518091315, 0.0035748623804717867, 0.00357844082129308, 0.0035820228441372174, 0.0035856084525898073, 0.0035891976502400473, 0.003592790440680728, 0.003596386827508236, 0.0035999868143225585, 0.003603590404727286, 0.0036071976023296154, 0.003610808410740356, 0.00361442283357393, 0.003618040874448378, 0.0036216625369853636, 0.0036252878248101738, 0.0036289167415517257, 0.0036325492908425685, 0.0036361854763188872, 0.003639825301620508, 0.0036434687703908986, 0.0036471158862771756, 0.0036507666529301055, 0.00365442107400411, 0.003658079153157267, 0.0036617408940513184, 0.00366540630035167, 0.0036690753757273975, 0.0036727481238512487, 0.0036764245483996484, 0.003680104653052701, 0.0036837884414941953, 0.0036874759174116067, 0.003691167084496103, 0.0036948619464425452, 0.0036985605069494946, 0.0037022627697192137, 0.0037059687384576713, 0.003709678416874546, 0.0037133918086832292, 0.00371710891760083, 0.0037208297473481783]","[8, 7, 0, 0, 2, 16, 0, 18, 3, 0, 5, 2, 0, 4, 1, 5, 5, 0, 3, 0, 2, 2, 0, 0, 5, 1, 2, 5, 2, 3, 0, 2, 1, 0, 0, 4, 0, 0, 1, 0, 0, 6, 0, 0, 2, 5, 2, 2, 4, 0, 3, 1, 0, 5, 3, 5, 1, 4, 5, 4, 3, 4, 3, 4, 0, 0, 3, 0, 4, 5, 0, 4, 3, 0, 5, 5, 1, 3, 4, 1, 2, 4, 4, 1, 3, 0, 3, 5, 5, 3, 1, 0, 6, 3, 0, 5, 1, 0, 1, 1, 0, 6, 4, 0, 5, 5, 3, 3, 5, 4, 0, 3, 1, 0, 2, 5, 5, 5, 4, 1, 2, 3, 0, 5, 0, 7, 3, 0, 3, 1, 0, 6, 1, 0, 2, 5, 3, 0, 5, 1, 1, 3, 0, 3, 4, 3, 5, 5, 0, 2, 0, 2, 4, 0, 0, 7, 8, 0, 7, 0, 0, 4, 3, 0, 2, 1, 3, 3, 2, 2, 3, 3, 2, 3, 5, 4, 0, 0, 0, 0, 3, 4, 8, 0, 0, 0, 0, 0, 7, 4, 0, 3, 6, 0, 2, 0, 4, 0, 5, 1, 2, 5, 2, 1, 5, 3, 3, 2, 5, 0, 3, 2, 7, 5, 0, 5, 9, 0, 1, 3, 0, 0, 3, 0, 3, 0, 0, 1, 0, 5, 1, 1, 1, 4, 1, 4, 5, 0, 1, 3, 5, 1, 2, 9, 0, 1, 8, 0, 1, 1, 0, 2, 0, 0, 5, 0, 4, 5, 4, 2, 5, 5, 5, 3, 3, 1, 4, 3, 1, 3, 2, 1, 7, 6, 0, 8, 4, 0, 0, 5, 0, 2, 1, 0]","{'latency': 4674040980, 'energy': 21466416.3, 'area': 4397510000.0, 'power': 18.78276153846154, 'cnt_pes': 2584, 'l1_mem': 54, 'l2_mem': 3331072, 'edp': 1.0033490947993998e+17}",1,0.0037208297473481783
34,"[0.015625   0.064      1.         1.         0.66666667 0.79166667
 0.91666667 0.75       1.         0.66666667 1.         1.
 1.         0.16666667 0.16666667 0.33333333 0.5        0.16666667
 0.33333333 0.83333333 0.33333333 1.         1.         0.16666667
 0.83333333 0.33333333 0.33333333 1.         1.         1.
 0.66666667 1.         0.33333333 1.         1.         0.0625
 0.125      1.         0.33333333 0.00900901 1.         0.0045045
 0.0045045  1.         0.5        0.83333333 0.5        0.5
 0.66666667 0.83333333 0.66666667 0.33333333 0.5        0.16666667
 0.33333333 1.         0.83333333 0.83333333 1.         0.16666667
 0.33333333 0.5        0.015625   0.0625     1.         0.03125
 0.03125    1.         0.5        1.         1.         0.02702703
 0.02702703 1.         0.33333333 0.83333333 0.66666667 1.
 0.66666667 0.5        0.33333333 0.5        0.83333333 0.83333333
 0.5        0.16666667 0.83333333 0.83333333 0.16666667 0.5
 0.66666667 0.83333333 0.5        1.         1.         0.25
 0.015625   1.         0.01818182 0.01818182 1.         0.2
 0.00909091 1.         0.5        0.5        0.66666667 0.66666667
 1.         0.83333333 1.         0.66666667 0.5        0.5
 0.16666667 0.16666667 0.16666667 1.         0.83333333 1.
 0.66666667 1.         0.015625   0.015625   1.         1.
 0.125      1.         0.01818182 0.01818182 1.         0.1
 0.2        1.         0.66666667 1.         0.16666667 0.16666667
 1.         0.83333333 0.5        0.83333333 0.5        0.83333333
 0.83333333 0.5        0.66666667 0.66666667 0.5        0.66666667
 0.16666667 0.66666667 0.03125    0.0078125  1.         0.00390625
 0.5        1.         1.         0.01851852 1.         0.16666667
 0.16666667 1.         0.16666667 0.83333333 0.66666667 1.
 0.83333333 0.66666667 0.66666667 0.16666667 0.5        0.66666667
 0.16666667 0.33333333 0.5        0.16666667 0.5        0.16666667
 0.5        0.5        0.25       0.015625   1.         0.03125
 0.015625   1.         0.11111111 1.         1.         0.33333333
 0.5        1.         1.         0.66666667 0.33333333 1.
 1.         0.5        0.16666667 1.         0.5        0.33333333
 0.5        0.16666667 0.33333333 0.66666667 0.83333333 0.83333333
 0.66666667 0.5        0.00390625 0.125      1.         0.03125
 0.03125    1.         0.07692308 0.07692308 1.         1.
 1.         1.         1.         0.5        0.33333333 0.66666667
 0.16666667 0.66666667 0.5        0.5        0.16666667 0.5
 1.         0.33333333 0.5        0.83333333 0.5        1.
 0.33333333 0.16666667 0.0078125  0.125      1.         0.00390625
 0.0078125  1.         0.5        0.5        1.         0.07692308
 1.         1.         0.33333333 0.16666667 0.33333333 1.
 0.83333333 0.66666667 0.33333333 0.16666667 0.16666667 0.66666667
 0.66666667 1.         0.83333333 0.16666667 0.33333333 0.66666667
 0.33333333 0.5        0.25       0.03125    1.         0.5
 0.03125    1.         0.08333333 0.25       1.         0.25
 0.16666667 1.        ]",0.2641533659243014,"[0.19901660662074755, 0.19921582244319075, 0.19941523768087163, 0.19961485253340502, 0.19981466720060562, 0.2000146818824881, 0.20021489677926738, 0.20041531209135874, 0.2006159280193781, 0.20081674476414224, 0.20101776252666892, 0.2012189815081771, 0.2014204019100872, 0.20162202393402123, 0.20182384778180304, 0.2020258736554585, 0.2022281017572157, 0.2024305322895052, 0.20263316545496016, 0.2028360014564166, 0.20303904049691351, 0.2032422827796932, 0.2034457285082014, 0.20364937788608747, 0.2038532311172047, 0.2040572884056103, 0.20426154995556586, 0.2044660159715374, 0.2046706866581956, 0.204875562220416, 0.2050806428632793, 0.20528592879207136, 0.20549142021228364, 0.20569711732961327, 0.20590302034996322, 0.20610912947944265, 0.20631544492436701, 0.20652196689125826, 0.20672869558684512, 0.2069356312180632, 0.20714277399205525, 0.20735012411617143, 0.2075576817979694, 0.20776544724521462, 0.2079734206658805, 0.20818160226814866, 0.20838999226040908, 0.20859859085126034, 0.20880739824950986, 0.20901641466417403, 0.20922564030447852, 0.20943507537985837, 0.20964472009995833, 0.20985457467463295, 0.2100646393139469, 0.21027491422817507, 0.21048539962780288, 0.2106960957235264, 0.21090700272625265, 0.21111812084709974, 0.21132945029739714, 0.2115409912886858, 0.21175274403271852, 0.21196470874145998, 0.21217688562708706, 0.21238927490198906, 0.21260187677876782, 0.21281469147023807, 0.2130277191894275, 0.21324096014957708, 0.21345441456414121, 0.213668082646788, 0.21388196461139938, 0.21409606067207146, 0.21431037104311457, 0.21452489593905363, 0.21473963557462827, 0.21495459016479307, 0.2151697599247178, 0.21538514506978756, 0.21560074581560318, 0.21581656237798116, 0.21603259497295413, 0.2162488438167709, 0.2164653091258968, 0.2166819911170138, 0.21689889000702084, 0.21711600601303388, 0.21733333935238627, 0.2175508902426289, 0.21776865890153044, 0.21798664554707753, 0.218204850397475, 0.21842327367114614, 0.21864191558673288, 0.21886077636309598, 0.2190798562193153, 0.21929915537469, 0.21951867404873873, 0.21973841246119993, 0.21995837083203196, 0.22017854938141337, 0.2203989483297431, 0.22061956789764076, 0.2208404083059467, 0.2210614697757224, 0.22128275252825066, 0.2215042567850357, 0.22172598276780353, 0.22194793069850202, 0.22217010079930133, 0.22239249329259392, 0.2226151084009949, 0.22283794634734225, 0.22306100735469694, 0.22328429164634328, 0.22350779944578908, 0.22373153097676585, 0.22395548646322908, 0.22417966612935844, 0.224404070199558, 0.22462869889845644, 0.22485355245090735, 0.22507863108198933, 0.22530393501700635, 0.22552946448148783, 0.22575521970118903, 0.22598120090209112, 0.2262074083104015, 0.22643384215255408, 0.2266605026552093, 0.22688739004525454, 0.22711450454980434, 0.22734184639620053, 0.22756941581201254, 0.22779721302503758, 0.22802523826330087, 0.22825349175505594, 0.22848197372878473, 0.22871068441319792, 0.22893962403723514, 0.2291687928300652, 0.22939819102108627, 0.2296278188399262, 0.22985767651644265, 0.23008776428072336, 0.23031808236308646, 0.23054863099408054, 0.23077941040448502, 0.23101042082531034, 0.23124166248779815, 0.23147313562342156, 0.23170484046388545, 0.23193677724112657, 0.2321689461873139, 0.23240134753484876, 0.23263398151636513, 0.23286684836472987, 0.23309994831304293, 0.23333328159463756, 0.23356684844308065, 0.23380064909217282, 0.23403468377594877, 0.23426895272867745, 0.23450345618486232, 0.23473819437924157, 0.23497316754678835, 0.23520837592271107, 0.23544381974245351, 0.2356794992416952, 0.23591541465635155, 0.23615156622257413, 0.23638795417675088, 0.23662457875550638, 0.23686144019570207, 0.2370985387344365, 0.23733587460904557, 0.23757344805710268, 0.23781125931641908, 0.23804930862504411, 0.23828759622126539, 0.23852612234360898, 0.23876488723083983, 0.2390038911219618, 0.23924313425621802, 0.2394826168730911, 0.2397223392123034, 0.23996230151381723, 0.24020250401783505, 0.24044294696479984, 0.24068363059539524, 0.24092455515054578, 0.2411657208714172, 0.2414071279994166, 0.2416487767761928, 0.24189066744363644, 0.24213280024388031, 0.24237517541929962, 0.24261779321251215, 0.24286065386637853, 0.24310375762400255, 0.24334710472873128, 0.24359069542415543, 0.24383452995410954, 0.24407860856267222, 0.2443229314941664, 0.24456749899315955, 0.24481231130446401, 0.24505736867313715, 0.24530267134448164, 0.24554821956404568, 0.24579401357762332, 0.24604005363125456, 0.2462863399712258, 0.24653287284406986, 0.24677965249656642, 0.24702667917574217, 0.24727395312887104, 0.2475214746034745, 0.24776924384732182, 0.24801726110843025, 0.24826552663506532, 0.24851404067574107, 0.24876280347922028, 0.2490118152945148, 0.24926107637088568, 0.24951058695784353, 0.24976034730514868, 0.2500103576628115, 0.2502606182810926, 0.2505111294105031, 0.2507618913018049, 0.2510129042060109, 0.2512641683743853, 0.25151568405844377, 0.2517674515099537, 0.25201947098093463, 0.25227174272365827, 0.2525242669906489, 0.2527770440346836, 0.2530300741087924, 0.2532833574662587, 0.2535368943606193, 0.253790685045665, 0.2540447297754404, 0.25429902880424465, 0.2545535823866313, 0.2548083907774087, 0.25506345423164034, 0.255318773004645, 0.255574347351997, 0.2558301775295265, 0.25608626379331983, 0.25634260639971956, 0.2565992056053249, 0.2568560616669919, 0.2571131748418337, 0.25737054538722093, 0.2576281735607817, 0.2578860596204021, 0.25814420382422637, 0.25840260643065704, 0.2586612676983554, 0.25892018788624166, 0.25917936725349516, 0.2594388060595547, 0.25969850456411886, 0.259958463027146, 0.2602186817088548, 0.26047916086972456, 0.260739900770495, 0.2610009016721672, 0.2612621638360032, 0.2615236875235267, 0.26178547299652327, 0.26204752051704033, 0.2623098303473877, 0.2625724027501378, 0.26283523798812597, 0.2630983363244504, 0.2633616980224729, 0.26362532334581873, 0.2638892125583771, 0.2641533659243014]","[8, 7, 0, 0, 1, 18, 21, 17, 5, 3, 5, 5, 5, 0, 0, 1, 2, 0, 1, 4, 1, 5, 5, 0, 4, 1, 1, 5, 5, 5, 3, 5, 0, 1, 0, 2, 3, 0, 5, 1, 0, 0, 0, 0, 2, 4, 2, 2, 3, 4, 3, 1, 2, 0, 1, 5, 4, 4, 5, 0, 1, 2, 0, 2, 0, 1, 1, 0, 6, 7, 0, 3, 3, 0, 1, 4, 3, 5, 3, 2, 1, 2, 4, 4, 2, 0, 4, 4, 0, 2, 3, 4, 5, 6, 0, 5, 1, 0, 1, 1, 0, 5, 0, 0, 2, 2, 3, 3, 5, 4, 5, 3, 2, 2, 0, 0, 0, 5, 4, 5, 3, 5, 1, 1, 0, 7, 4, 0, 1, 1, 0, 4, 5, 0, 3, 5, 0, 0, 5, 4, 2, 4, 2, 4, 4, 2, 3, 3, 2, 3, 0, 3, 2, 0, 0, 0, 7, 0, 7, 0, 0, 4, 4, 0, 0, 4, 3, 5, 4, 3, 3, 0, 2, 3, 0, 1, 2, 0, 2, 0, 2, 2, 6, 2, 0, 3, 2, 0, 3, 7, 0, 5, 6, 0, 5, 3, 1, 5, 5, 2, 0, 5, 2, 1, 2, 0, 1, 3, 4, 4, 3, 2, 0, 5, 0, 4, 4, 0, 1, 1, 0, 3, 3, 0, 5, 2, 1, 3, 0, 3, 2, 2, 0, 2, 5, 1, 2, 4, 2, 5, 1, 0, 2, 6, 0, 1, 2, 0, 2, 2, 0, 1, 3, 0, 1, 0, 1, 5, 4, 3, 1, 0, 0, 3, 3, 5, 4, 0, 1, 3, 1, 2, 7, 4, 0, 8, 4, 0, 0, 2, 0, 2, 1, 0]","{'latency': 356967159, 'energy': 25590311.6, 'area': 1888560000.0, 'power': 8.314841538461536, 'cnt_pes': 1584, 'l1_mem': 54, 'l2_mem': 159808, 'edp': 9134900829776744.0}",4,
