l1_size,l2_size,noc_bw,offchip_bw,dim_num,dim_out,dim_mid,dim_in,p_c,p_k,p_x,p_y,p_r,p_s,o_c_out_0,o_k_out_0,o_x_out_0,o_y_out_0,o_r_out_0,o_s_out_0,o_c_mid_0,o_k_mid_0,o_x_mid_0,o_y_mid_0,o_r_mid_0,o_s_mid_0,o_c_in_0,o_k_in_0,o_x_in_0,o_y_in_0,o_r_in_0,o_s_in_0,t_c_d1_0,t_c_d2_0,t_c_d3_0,t_k_d1_0,t_k_d2_0,t_k_d3_0,t_x_d1_0,t_x_d2_0,t_x_d3_0,t_y_d1_0,t_y_d2_0,t_y_d3_0,o_c_out_1,o_k_out_1,o_x_out_1,o_y_out_1,o_r_out_1,o_s_out_1,o_c_mid_1,o_k_mid_1,o_x_mid_1,o_y_mid_1,o_r_mid_1,o_s_mid_1,o_c_in_1,o_k_in_1,o_x_in_1,o_y_in_1,o_r_in_1,o_s_in_1,t_c_d1_1,t_c_d2_1,t_c_d3_1,t_k_d1_1,t_k_d2_1,t_k_d3_1,t_x_d1_1,t_x_d2_1,t_x_d3_1,t_y_d1_1,t_y_d2_1,t_y_d3_1,latency,energy,area,power,cnt_pes,l1_mem,l2_mem,edp,pe_util,noc_bw_req,l1_mem_req,l2_mem_req
512.0,16000.0,256.0,64.0,1.0,46.0,6.0,46.0,2.0,2.0,1.0,1.0,4.0,1.0,3.0,6.0,4.0,2.0,6.0,3.0,1.0,3.0,3.0,1.0,6.0,5.0,2.0,1.0,1.0,6.0,1.0,2.0,32.0,64.0,1.0,16.0,2.0,1.0,1.0,1.0,1.0,1.0,16.0,1.0,5.0,5.0,5.0,1.0,6.0,1.0,3.0,2.0,6.0,1.0,2.0,2.0,4.0,1.0,3.0,6.0,6.0,2.0,256.0,4096.0,1.0,64.0,512.0,1.0,1.0,1.0,1.0,10.0,1.0,1.0,24427626505.0,199801580.0,19512200.0,0.202899,46.0,10.0,10.0,4.880678371348878e+18,1.0,1.0001955555555555,10.0,10.0
256000.0,2048000.0,256.0,64.0,1.0,10.0,34.0,2.0,4.0,1.0,3.0,1.0,1.0,1.0,2.0,4.0,4.0,2.0,6.0,6.0,6.0,6.0,6.0,2.0,2.0,3.0,4.0,2.0,3.0,1.0,5.0,2.0,4096.0,128.0,1.0,64.0,128.0,1.0,1.0,1.0,1.0,2.0,64.0,1.0,6.0,3.0,6.0,3.0,1.0,3.0,1.0,1.0,2.0,6.0,6.0,2.0,2.0,3.0,6.0,4.0,1.0,5.0,8.0,256.0,1.0,6.0,192.0,1.0,1.0,1.0,1.0,1.0,8.0,1.0,12213813257.0,251254680.0,1518110.0,0.0148321,2.0,10.0,16.0,3.0687777414672927e+18,2.0,2.548073333333333,10.0,16.0
1024000.0,64000.0,256.0,64.0,1.0,4.0,8.0,10.0,6.0,2.0,6.0,6.0,3.0,5.0,1.0,5.0,4.0,5.0,1.0,3.0,5.0,3.0,6.0,6.0,3.0,6.0,3.0,1.0,3.0,2.0,1.0,4.0,2048.0,1.0,1.0,128.0,16.0,1.0,1.0,1.0,1.0,64.0,16.0,1.0,2.0,2.0,2.0,6.0,1.0,5.0,3.0,4.0,4.0,5.0,4.0,6.0,6.0,1.0,1.0,6.0,1.0,6.0,256.0,2.0,1.0,12.0,192.0,1.0,1.0,1.0,1.0,2.0,160.0,1.0,2445148169.0,105689720.0,4640290.0,0.0490743,10.0,10.0,64.0,2.584270253401227e+17,9.99024,4.997133333333334,10.0,64.0
1024.0,32000.0,256.0,64.0,1.0,46.0,16.0,12.0,3.0,1.0,6.0,2.0,2.0,6.0,4.0,6.0,6.0,4.0,2.0,4.0,1.0,4.0,5.0,3.0,3.0,5.0,4.0,5.0,1.0,1.0,3.0,3.0,512.0,2048.0,1.0,1024.0,64.0,1.0,1.0,1.0,1.0,8.0,128.0,1.0,6.0,6.0,4.0,5.0,2.0,1.0,2.0,3.0,4.0,1.0,2.0,3.0,3.0,3.0,1.0,4.0,4.0,6.0,64.0,32.0,1.0,256.0,768.0,1.0,1.0,1.0,1.0,4.0,20.0,1.0,24427626505.0,209969900.0,5431850.0,0.0574071,12.0,10.0,10.0,5.1290662944922e+18,1.0,1.00356,10.0,10.0
8192.0,16000.0,256.0,64.0,1.0,32.0,14.0,20.0,6.0,2.0,3.0,4.0,5.0,2.0,6.0,2.0,1.0,5.0,4.0,3.0,6.0,1.0,6.0,6.0,3.0,5.0,3.0,4.0,3.0,6.0,2.0,4.0,2.0,1024.0,1.0,4.0,2048.0,1.0,1.0,1.0,1.0,8.0,8.0,1.0,6.0,4.0,3.0,6.0,5.0,2.0,6.0,4.0,6.0,2.0,6.0,3.0,4.0,1.0,4.0,4.0,2.0,6.0,1.0,512.0,1.0,1536.0,3072.0,1.0,1.0,1.0,1.0,80.0,20.0,1.0,1222574089.0,120397120.0,8638890.0,0.091877,20.0,10.0,124.0,1.4719439930222368e+17,19.9805,18.82893333333333,10.0,124.0
512000.0,1024000.0,256.0,64.0,1.0,30.0,46.0,6.0,6.0,5.0,5.0,2.0,2.0,1.0,3.0,6.0,6.0,5.0,3.0,3.0,6.0,1.0,6.0,4.0,5.0,3.0,2.0,1.0,5.0,3.0,4.0,4.0,16.0,32.0,1.0,1.0,8.0,1.0,1.0,1.0,1.0,128.0,32.0,1.0,2.0,1.0,6.0,4.0,5.0,2.0,4.0,6.0,2.0,6.0,5.0,6.0,6.0,3.0,6.0,4.0,3.0,2.0,128.0,4096.0,1.0,768.0,256.0,1.0,1.0,1.0,1.0,20.0,1.0,1.0,4073259017.0,112663300.0,3069380.0,0.0319532,6.0,10.0,40.0,4.589068026099761e+17,5.99707,3.0003822222222225,10.0,40.0
1024.0,32000.0,256.0,64.0,3.0,48.0,48.0,32.0,3.0,2.0,6.0,5.0,5.0,5.0,2.0,2.0,2.0,6.0,5.0,2.0,5.0,1.0,1.0,4.0,2.0,2.0,6.0,5.0,4.0,1.0,2.0,2.0,8.0,2048.0,1.0,64.0,512.0,1.0,1.0,1.0,1.0,64.0,2.0,1.0,5.0,2.0,4.0,1.0,1.0,2.0,4.0,2.0,6.0,5.0,6.0,3.0,4.0,2.0,3.0,4.0,1.0,2.0,8.0,1.0,1.0,768.0,1.0,1.0,1.0,1.0,1.0,64.0,5.0,1.0,2021855618.0,43456971.0,2798480000000.0,2699.6866666666665,73728.0,10.0,2424832.0,8.786372095761307e+16,21.444444444444443,0.8515611111111112,10.0,1139712.0
32000.0,512000.0,256.0,64.0,1.0,40.0,18.0,2.0,5.0,4.0,2.0,4.0,5.0,4.0,5.0,4.0,1.0,4.0,5.0,6.0,5.0,2.0,1.0,3.0,5.0,2.0,5.0,5.0,5.0,4.0,6.0,4.0,8.0,8.0,1.0,2.0,1024.0,1.0,1.0,1.0,1.0,2.0,8.0,1.0,4.0,6.0,5.0,1.0,1.0,4.0,3.0,5.0,5.0,1.0,4.0,4.0,2.0,3.0,2.0,4.0,1.0,1.0,128.0,1.0,1.0,1536.0,32.0,1.0,1.0,1.0,1.0,16.0,64.0,1.0,12213813257.0,251254680.0,1518110.0,0.0148321,2.0,10.0,16.0,3.0687777414672927e+18,2.0,2.548073333333333,10.0,16.0
512000.0,256000.0,256.0,64.0,1.0,6.0,28.0,34.0,5.0,1.0,3.0,6.0,3.0,6.0,3.0,5.0,2.0,1.0,6.0,3.0,5.0,4.0,4.0,5.0,3.0,3.0,4.0,4.0,2.0,2.0,2.0,5.0,512.0,1.0,1.0,512.0,64.0,1.0,1.0,1.0,1.0,4.0,2.0,1.0,1.0,1.0,2.0,2.0,2.0,2.0,3.0,6.0,6.0,6.0,2.0,3.0,1.0,4.0,1.0,2.0,1.0,6.0,1.0,256.0,1.0,1.0,1.0,1.0,1.0,1.0,1.0,20.0,16.0,1.0,763363337.0,247735760.0,14408200.0,0.152252,34.0,10.0,274.0,1.891123964478311e+17,32.0,32.27776666666667,10.0,274.0
16000.0,32000000.0,256.0,64.0,3.0,36.0,28.0,4.0,6.0,6.0,1.0,5.0,1.0,3.0,1.0,2.0,2.0,1.0,2.0,4.0,1.0,6.0,4.0,3.0,2.0,1.0,1.0,5.0,6.0,2.0,6.0,4.0,32.0,128.0,1.0,64.0,2048.0,1.0,1.0,1.0,1.0,1.0,4.0,1.0,6.0,6.0,4.0,2.0,5.0,1.0,2.0,2.0,4.0,6.0,4.0,3.0,4.0,4.0,3.0,6.0,3.0,6.0,8.0,2048.0,1.0,64.0,1536.0,1.0,1.0,1.0,1.0,20.0,8.0,1.0,142894304.0,32520791.8,9837770000.0,74.66020000000002,4032.0,10.0,16826368.0,4647035909789907.0,334.22222222222223,2.15625,10.0,14594048.0
1024000.0,64000.0,256.0,64.0,1.0,16.0,26.0,2.0,5.0,3.0,2.0,1.0,2.0,5.0,3.0,4.0,1.0,2.0,5.0,2.0,6.0,6.0,1.0,3.0,5.0,2.0,6.0,3.0,6.0,6.0,2.0,2.0,128.0,2048.0,1.0,16.0,4.0,1.0,1.0,1.0,1.0,16.0,128.0,1.0,3.0,5.0,2.0,6.0,2.0,6.0,5.0,4.0,6.0,3.0,6.0,4.0,5.0,5.0,5.0,1.0,2.0,2.0,1024.0,32.0,1.0,3.0,1024.0,1.0,1.0,1.0,1.0,40.0,80.0,1.0,12213813257.0,194170400.0,1518110.0,0.0148321,2.0,10.0,16.0,2.371561005636993e+18,2.0,1.5523055555555556,10.0,16.0
128.0,16000.0,256.0,64.0,3.0,30.0,12.0,6.0,4.0,6.0,2.0,3.0,2.0,5.0,3.0,5.0,5.0,6.0,1.0,3.0,5.0,3.0,5.0,5.0,1.0,5.0,4.0,4.0,1.0,6.0,6.0,3.0,4096.0,4.0,1.0,512.0,2048.0,1.0,1.0,1.0,1.0,1.0,4.0,1.0,1.0,6.0,6.0,6.0,1.0,1.0,2.0,6.0,2.0,3.0,3.0,2.0,2.0,4.0,3.0,1.0,3.0,4.0,4.0,512.0,1.0,384.0,512.0,1.0,1.0,1.0,1.0,320.0,16.0,1.0,1914022680.0,32611831.8,3210790000.0,46.85285555555556,2160.0,10.0,16826368.0,6.2419785701545224e+16,15.11111111111111,0.013888888888888888,10.0,10318279.111111112
128.0,64000.0,256.0,64.0,1.0,18.0,20.0,44.0,6.0,1.0,4.0,2.0,5.0,6.0,3.0,2.0,3.0,5.0,1.0,6.0,6.0,2.0,6.0,4.0,1.0,5.0,5.0,4.0,2.0,6.0,1.0,3.0,1024.0,512.0,1.0,64.0,512.0,1.0,1.0,1.0,1.0,128.0,1.0,1.0,5.0,2.0,5.0,3.0,4.0,1.0,4.0,6.0,2.0,6.0,5.0,4.0,2.0,4.0,4.0,4.0,1.0,3.0,1.0,64.0,1.0,512.0,8.0,1.0,1.0,1.0,1.0,10.0,320.0,1.0,560594953.0,191058200.0,18651400.0,0.195187,44.0,10.0,268.0,1.071062626492646e+17,43.5745,45.87384444444444,10.0,268.0
512.0,8192000.0,256.0,64.0,3.0,24.0,40.0,4.0,6.0,5.0,2.0,6.0,4.0,3.0,3.0,1.0,6.0,2.0,6.0,5.0,4.0,4.0,6.0,1.0,3.0,1.0,5.0,6.0,4.0,3.0,4.0,4.0,512.0,8.0,1.0,2048.0,64.0,1.0,1.0,1.0,1.0,2.0,8.0,1.0,1.0,4.0,2.0,1.0,2.0,3.0,6.0,1.0,5.0,4.0,1.0,3.0,6.0,1.0,4.0,4.0,4.0,6.0,1024.0,2048.0,1.0,3072.0,8.0,1.0,1.0,1.0,1.0,32.0,1.0,1.0,191398400.0,32492581.8,8994620000.0,97.81984444444444,3840.0,10.0,25624576.0,6219028168389120.0,128.0,0.6388888888888888,10.0,21736106.666666668
128000.0,256000.0,256.0,64.0,1.0,28.0,34.0,10.0,2.0,1.0,5.0,2.0,1.0,5.0,4.0,2.0,3.0,1.0,5.0,6.0,4.0,6.0,4.0,1.0,3.0,1.0,5.0,1.0,2.0,6.0,3.0,6.0,64.0,1024.0,1.0,1024.0,1.0,1.0,1.0,1.0,1.0,16.0,1.0,1.0,2.0,5.0,1.0,2.0,2.0,4.0,1.0,5.0,5.0,4.0,6.0,4.0,1.0,1.0,3.0,5.0,4.0,1.0,2.0,4096.0,1.0,12.0,64.0,1.0,1.0,1.0,1.0,160.0,160.0,1.0,24427626505.0,199801580.0,4640280.0,0.048888,10.0,10.0,10.0,4.880678371348878e+18,1.0,1.0001955555555555,10.0,10.0
256000.0,32000000.0,256.0,64.0,3.0,22.0,14.0,48.0,2.0,4.0,4.0,4.0,1.0,5.0,5.0,1.0,4.0,4.0,5.0,5.0,2.0,1.0,4.0,5.0,4.0,3.0,6.0,1.0,2.0,4.0,4.0,6.0,8.0,2048.0,1.0,2048.0,256.0,1.0,1.0,1.0,1.0,16.0,4.0,1.0,4.0,5.0,6.0,5.0,4.0,5.0,5.0,6.0,4.0,4.0,3.0,5.0,3.0,1.0,5.0,5.0,1.0,1.0,32.0,32.0,1.0,64.0,6.0,1.0,1.0,1.0,1.0,160.0,4.0,1.0,2427454156.0,36863563.8,117070000000.0,171.8972222222222,14784.0,10.0,8519680.0,8.948461115128115e+16,9.666666666666666,0.1847333333333333,10.0,3805866.6666666665
128.0,8192000.0,256.0,64.0,3.0,6.0,34.0,6.0,2.0,6.0,2.0,6.0,5.0,4.0,3.0,2.0,4.0,2.0,4.0,4.0,6.0,4.0,3.0,3.0,3.0,4.0,6.0,3.0,2.0,1.0,5.0,4.0,16.0,32.0,1.0,32.0,512.0,1.0,1.0,1.0,1.0,1.0,2.0,1.0,2.0,2.0,3.0,5.0,4.0,2.0,1.0,1.0,1.0,3.0,1.0,6.0,1.0,1.0,1.0,6.0,5.0,3.0,1024.0,2048.0,1.0,48.0,384.0,1.0,1.0,1.0,1.0,320.0,40.0,1.0,1704170052.0,32901191.0,1236210000.0,29.515302222222225,1224.0,10.0,12222464.0,5.606922437733194e+16,19.555555555555557,0.05126933333333333,10.0,6851299.555555556
2048000.0,8192000.0,256.0,64.0,1.0,16.0,40.0,26.0,4.0,6.0,3.0,3.0,1.0,1.0,5.0,5.0,2.0,2.0,4.0,1.0,6.0,5.0,1.0,1.0,6.0,3.0,1.0,6.0,6.0,1.0,2.0,3.0,8.0,1024.0,1.0,64.0,16.0,1.0,1.0,1.0,1.0,16.0,8.0,1.0,6.0,5.0,6.0,5.0,4.0,6.0,2.0,2.0,5.0,2.0,4.0,1.0,4.0,1.0,5.0,2.0,4.0,3.0,1024.0,64.0,1.0,16.0,12.0,1.0,1.0,1.0,1.0,2.0,80.0,1.0,945553417.0,190304400.0,11087000.0,0.117559,26.0,10.0,160.0,1.799429756901348e+17,25.863544444444443,25.863544444444443,10.0,160.0
64000.0,32000000.0,256.0,64.0,1.0,32.0,6.0,34.0,1.0,5.0,6.0,4.0,3.0,1.0,2.0,6.0,1.0,3.0,5.0,1.0,1.0,2.0,3.0,1.0,1.0,5.0,1.0,5.0,6.0,4.0,6.0,3.0,4096.0,32.0,1.0,1.0,1024.0,1.0,1.0,1.0,1.0,16.0,64.0,1.0,6.0,3.0,1.0,2.0,4.0,3.0,4.0,4.0,4.0,1.0,5.0,6.0,6.0,1.0,1.0,5.0,6.0,1.0,16.0,16.0,1.0,2.0,768.0,1.0,1.0,1.0,1.0,2.0,32.0,1.0,24427626505.0,219817200.0,14408100.0,0.151341,34.0,10.0,10.0,5.369612460974886e+18,1.0,1.2221688888888889,10.0,10.0
1024.0,16000000.0,256.0,64.0,1.0,4.0,12.0,34.0,1.0,2.0,4.0,4.0,1.0,4.0,4.0,6.0,2.0,4.0,3.0,6.0,6.0,6.0,5.0,4.0,4.0,6.0,1.0,2.0,6.0,4.0,3.0,3.0,1.0,4.0,1.0,64.0,32.0,1.0,1.0,1.0,1.0,32.0,128.0,1.0,5.0,1.0,5.0,3.0,1.0,1.0,2.0,1.0,2.0,5.0,3.0,6.0,2.0,1.0,5.0,5.0,4.0,5.0,4096.0,256.0,1.0,768.0,24.0,1.0,1.0,1.0,1.0,16.0,4.0,1.0,24427626505.0,219830300.0,14408100.0,0.151341,34.0,10.0,10.0,5.369932462882101e+18,1.0,1.2222577777777779,10.0,10.0
2048.0,256000.0,256.0,64.0,3.0,46.0,12.0,42.0,3.0,3.0,4.0,3.0,5.0,2.0,2.0,3.0,6.0,1.0,2.0,3.0,1.0,1.0,6.0,6.0,2.0,2.0,6.0,3.0,1.0,4.0,5.0,6.0,4096.0,16.0,1.0,1024.0,256.0,1.0,1.0,1.0,1.0,64.0,32.0,1.0,2.0,1.0,6.0,3.0,1.0,2.0,4.0,4.0,2.0,4.0,3.0,6.0,5.0,6.0,4.0,2.0,3.0,1.0,256.0,4.0,1.0,768.0,12.0,1.0,1.0,1.0,1.0,16.0,10.0,1.0,5354142064.0,38213443.8,282830000000.0,348.97822222222226,23184.0,10.0,9043968.0,2.0460020685988e+17,9.333333333333334,0.13454888888888888,10.0,4256199.111111111
1024.0,32000.0,256.0,64.0,1.0,34.0,44.0,32.0,3.0,3.0,1.0,1.0,5.0,1.0,1.0,4.0,5.0,4.0,1.0,3.0,3.0,6.0,2.0,5.0,1.0,1.0,3.0,3.0,3.0,3.0,3.0,3.0,16.0,32.0,1.0,2048.0,2.0,1.0,1.0,1.0,1.0,8.0,4.0,1.0,6.0,4.0,6.0,5.0,1.0,4.0,6.0,5.0,1.0,2.0,1.0,5.0,5.0,1.0,4.0,2.0,5.0,3.0,64.0,256.0,1.0,192.0,128.0,1.0,1.0,1.0,1.0,10.0,4.0,1.0,24427626505.0,209641600.0,13571700.0,0.14276,32.0,10.0,10.0,5.121046704710608e+18,1.0,1.0,10.0,10.0
4096.0,32000000.0,256.0,64.0,1.0,32.0,30.0,46.0,1.0,3.0,5.0,1.0,1.0,2.0,2.0,1.0,6.0,2.0,2.0,3.0,3.0,1.0,5.0,6.0,5.0,1.0,2.0,4.0,2.0,2.0,3.0,1.0,4096.0,8.0,1.0,256.0,1.0,1.0,1.0,1.0,1.0,64.0,8.0,1.0,6.0,6.0,6.0,1.0,6.0,5.0,5.0,2.0,5.0,3.0,4.0,3.0,3.0,5.0,6.0,3.0,5.0,1.0,1.0,128.0,1.0,768.0,3072.0,1.0,1.0,1.0,1.0,64.0,10.0,1.0,24427626505.0,257208900.0,19512200.0,0.202899,46.0,10.0,10.0,6.283002942961894e+18,1.0,1.0052044444444443,10.0,10.0
1024.0,16000.0,256.0,64.0,3.0,18.0,46.0,40.0,1.0,5.0,6.0,2.0,3.0,6.0,2.0,5.0,1.0,4.0,1.0,2.0,6.0,4.0,1.0,1.0,5.0,3.0,6.0,4.0,4.0,5.0,4.0,1.0,256.0,32.0,1.0,8.0,1.0,1.0,1.0,1.0,1.0,2.0,8.0,1.0,5.0,3.0,4.0,4.0,5.0,6.0,2.0,5.0,2.0,6.0,4.0,4.0,6.0,2.0,1.0,4.0,6.0,3.0,2048.0,2048.0,1.0,48.0,64.0,1.0,1.0,1.0,1.0,1.0,4.0,1.0,5321573088.0,59604150.0,571743000000.0,622.2868888888888,33120.0,10.0,279040.0,3.171878405731152e+17,9.333333333333334,2.9644557777777774,10.0,158720.0
64000.0,256000.0,256.0,64.0,2.0,20.0,46.0,18.0,1.0,6.0,2.0,3.0,1.0,3.0,5.0,6.0,2.0,1.0,4.0,5.0,2.0,5.0,6.0,3.0,2.0,4.0,6.0,6.0,1.0,5.0,5.0,5.0,32.0,2.0,1.0,4.0,32.0,1.0,1.0,1.0,1.0,4.0,2.0,1.0,2.0,1.0,4.0,6.0,1.0,2.0,4.0,1.0,2.0,1.0,5.0,4.0,6.0,3.0,2.0,3.0,6.0,1.0,1024.0,64.0,1.0,128.0,256.0,1.0,1.0,1.0,1.0,5.0,2.0,1.0,945870605.0,52905390.0,668589000.0,4.613778888888889,828.0,10.0,405248.0,5.004165324706095e+16,32.29631111111111,9.26654777777778,10.0,225795.55555555556
2048.0,1024000.0,256.0,64.0,2.0,18.0,44.0,40.0,4.0,3.0,4.0,1.0,1.0,3.0,5.0,1.0,2.0,4.0,2.0,1.0,3.0,6.0,1.0,4.0,2.0,1.0,2.0,3.0,2.0,4.0,5.0,6.0,64.0,4096.0,1.0,128.0,256.0,1.0,1.0,1.0,1.0,2.0,64.0,1.0,3.0,5.0,5.0,6.0,4.0,4.0,2.0,2.0,2.0,5.0,4.0,1.0,5.0,5.0,5.0,2.0,1.0,2.0,2.0,512.0,1.0,12.0,8.0,1.0,1.0,1.0,1.0,320.0,5.0,1.0,602035825.0,54882689.0,2256220000.0,9.991227777777778,1760.0,10.0,732672.0,3.3041344950333424e+16,38.430277777777775,7.196901111111111,10.0,326947.55555555556
1024000.0,128000.0,256.0,64.0,1.0,10.0,30.0,28.0,1.0,1.0,2.0,2.0,6.0,1.0,2.0,5.0,4.0,6.0,2.0,6.0,6.0,3.0,2.0,2.0,5.0,6.0,6.0,6.0,5.0,4.0,3.0,3.0,1024.0,512.0,1.0,32.0,16.0,1.0,1.0,1.0,1.0,1.0,8.0,1.0,1.0,6.0,6.0,5.0,5.0,3.0,1.0,5.0,4.0,1.0,3.0,4.0,1.0,5.0,5.0,1.0,4.0,3.0,32.0,64.0,1.0,4.0,2.0,1.0,1.0,1.0,1.0,4.0,32.0,1.0,24427626505.0,256896100.0,11911100.0,0.125609,28.0,10.0,10.0,6.275361981391131e+18,1.0,1.0017333333333331,10.0,10.0
128000.0,1024000.0,256.0,64.0,3.0,38.0,6.0,6.0,6.0,2.0,5.0,3.0,4.0,5.0,4.0,2.0,1.0,1.0,3.0,4.0,4.0,3.0,1.0,5.0,1.0,4.0,1.0,1.0,1.0,2.0,5.0,1.0,64.0,2.0,1.0,64.0,64.0,1.0,1.0,1.0,1.0,2.0,1.0,1.0,6.0,5.0,6.0,5.0,4.0,2.0,6.0,5.0,2.0,1.0,3.0,6.0,1.0,5.0,2.0,6.0,1.0,2.0,256.0,4.0,1.0,512.0,24.0,1.0,1.0,1.0,1.0,10.0,40.0,1.0,1394448188.0,32927324.0,1481000000.0,15.893806666666666,1368.0,10.0,4562944.0,4.591544728748891e+16,23.11111111111111,0.35138149999999996,10.0,2677760.0
4096.0,16000000.0,256.0,64.0,2.0,16.0,22.0,2.0,3.0,2.0,4.0,1.0,6.0,5.0,1.0,3.0,6.0,2.0,6.0,2.0,1.0,1.0,1.0,3.0,6.0,2.0,3.0,4.0,3.0,4.0,4.0,5.0,4.0,512.0,1.0,2048.0,128.0,1.0,1.0,1.0,1.0,32.0,128.0,1.0,2.0,3.0,3.0,1.0,3.0,1.0,5.0,2.0,1.0,4.0,6.0,3.0,3.0,2.0,2.0,5.0,1.0,2.0,8.0,128.0,1.0,96.0,24.0,1.0,1.0,1.0,1.0,4.0,8.0,1.0,24454103057.0,70936980.0,18652300.0,0.2100132222222222,44.0,10.0,9472.0,1.734700219472348e+18,1.0,0.249259,10.0,4565.333333333333
512.0,8192000.0,256.0,64.0,2.0,22.0,32.0,4.0,4.0,6.0,5.0,5.0,1.0,3.0,5.0,1.0,3.0,6.0,3.0,1.0,6.0,4.0,6.0,5.0,5.0,4.0,3.0,1.0,4.0,5.0,1.0,3.0,16.0,32.0,1.0,1.0,256.0,1.0,1.0,1.0,1.0,1.0,2.0,1.0,1.0,4.0,5.0,4.0,3.0,5.0,3.0,1.0,4.0,6.0,3.0,5.0,1.0,3.0,1.0,6.0,4.0,5.0,1024.0,32.0,1.0,16.0,128.0,1.0,1.0,1.0,1.0,8.0,320.0,1.0,767711569.0,57266150.0,58322500.0,0.6399092222222221,128.0,10.0,41472.0,4.396388586708935e+16,32.0,9.028138888888888,10.0,23580.444444444445
256000.0,2048000.0,256.0,64.0,2.0,26.0,6.0,36.0,5.0,1.0,5.0,5.0,4.0,1.0,2.0,2.0,5.0,6.0,2.0,3.0,5.0,3.0,5.0,3.0,3.0,6.0,1.0,5.0,4.0,6.0,3.0,2.0,16.0,64.0,1.0,256.0,1.0,1.0,1.0,1.0,1.0,32.0,64.0,1.0,1.0,4.0,4.0,4.0,6.0,5.0,3.0,5.0,4.0,2.0,5.0,4.0,3.0,6.0,6.0,5.0,2.0,2.0,2.0,64.0,1.0,3.0,64.0,1.0,1.0,1.0,1.0,80.0,8.0,1.0,4154867769.0,85647140.0,107588000.0,0.9572406666666669,216.0,10.0,6400.0,3.5585254149303066e+17,5.972828888888889,3.0979944444444443,10.0,3017.777777777778
256000.0,2048000.0,256.0,64.0,1.0,20.0,26.0,28.0,5.0,3.0,6.0,1.0,3.0,5.0,6.0,5.0,1.0,4.0,2.0,6.0,5.0,1.0,2.0,1.0,4.0,5.0,3.0,6.0,3.0,3.0,2.0,6.0,1024.0,2.0,1.0,2048.0,256.0,1.0,1.0,1.0,1.0,64.0,64.0,1.0,1.0,4.0,1.0,5.0,3.0,6.0,1.0,3.0,2.0,6.0,2.0,2.0,2.0,3.0,2.0,1.0,4.0,5.0,128.0,1.0,1.0,768.0,6.0,1.0,1.0,1.0,1.0,8.0,320.0,1.0,24427626505.0,257208900.0,11911100.0,0.125609,28.0,10.0,10.0,6.283002942961894e+18,1.0,1.0052044444444443,10.0,10.0
2048.0,128000.0,256.0,64.0,1.0,44.0,28.0,30.0,5.0,2.0,6.0,1.0,4.0,2.0,6.0,1.0,4.0,2.0,6.0,4.0,1.0,3.0,1.0,1.0,1.0,5.0,6.0,6.0,6.0,5.0,6.0,3.0,512.0,64.0,1.0,16.0,32.0,1.0,1.0,1.0,1.0,32.0,64.0,1.0,4.0,3.0,1.0,6.0,6.0,4.0,2.0,4.0,2.0,6.0,1.0,1.0,3.0,2.0,6.0,1.0,2.0,1.0,512.0,1.0,1.0,1024.0,16.0,1.0,1.0,1.0,1.0,64.0,40.0,1.0,24427626505.0,256309600.0,12739400.0,0.134183,30.0,10.0,10.0,6.261035178445948e+18,1.0,1.0,10.0,10.0
128.0,1024000.0,256.0,64.0,2.0,2.0,46.0,32.0,4.0,2.0,6.0,2.0,2.0,4.0,6.0,1.0,1.0,5.0,6.0,3.0,4.0,5.0,2.0,4.0,6.0,5.0,2.0,3.0,4.0,5.0,3.0,3.0,4.0,16.0,1.0,4.0,64.0,1.0,1.0,1.0,1.0,1.0,32.0,1.0,6.0,2.0,2.0,1.0,6.0,4.0,2.0,6.0,2.0,1.0,5.0,1.0,5.0,5.0,3.0,2.0,1.0,1.0,2.0,4096.0,1.0,1.0,12.0,1.0,1.0,1.0,1.0,5.0,160.0,1.0,13287555081.0,177517510.0,1671040000.0,7.228284444444444,1472.0,10.0,64.0,2.3587736919669683e+18,2.888888888888889,1.336218,10.0,47.333333333333336
1024.0,4096000.0,256.0,64.0,1.0,24.0,4.0,8.0,6.0,5.0,1.0,1.0,5.0,6.0,6.0,1.0,4.0,4.0,5.0,2.0,6.0,4.0,5.0,3.0,4.0,5.0,6.0,3.0,5.0,3.0,5.0,4.0,512.0,4.0,1.0,512.0,1024.0,1.0,1.0,1.0,1.0,4.0,16.0,1.0,2.0,6.0,6.0,5.0,3.0,5.0,3.0,5.0,4.0,5.0,5.0,5.0,2.0,1.0,6.0,2.0,5.0,4.0,512.0,4096.0,1.0,1024.0,3072.0,1.0,1.0,1.0,1.0,80.0,32.0,1.0,3053453321.0,118153760.0,3852800.0,0.0405137,8.0,10.0,52.0,3.607769908606369e+17,8.0,5.750754444444445,10.0,52.0
64000.0,512000.0,256.0,64.0,2.0,28.0,20.0,12.0,2.0,6.0,3.0,6.0,6.0,5.0,3.0,2.0,3.0,6.0,1.0,6.0,2.0,5.0,1.0,2.0,4.0,1.0,3.0,3.0,1.0,2.0,3.0,3.0,2.0,4.0,1.0,32.0,512.0,1.0,1.0,1.0,1.0,4.0,64.0,1.0,6.0,1.0,3.0,4.0,3.0,4.0,2.0,4.0,5.0,3.0,6.0,5.0,6.0,2.0,3.0,4.0,3.0,3.0,512.0,2048.0,1.0,6.0,48.0,1.0,1.0,1.0,1.0,5.0,160.0,1.0,544278778.0,58523940.0,122408000.0,1.3133333333333332,240.0,10.0,129200.0,3.185333854694532e+16,47.042722222222224,12.082916666666668,10.0,75198.22222222222
32000.0,32000000.0,256.0,64.0,3.0,10.0,26.0,8.0,3.0,3.0,3.0,4.0,3.0,2.0,3.0,1.0,2.0,1.0,1.0,4.0,1.0,1.0,3.0,3.0,2.0,2.0,4.0,6.0,6.0,1.0,2.0,6.0,64.0,8.0,1.0,64.0,1024.0,1.0,1.0,1.0,1.0,4.0,32.0,1.0,3.0,4.0,6.0,3.0,3.0,4.0,3.0,2.0,5.0,1.0,2.0,6.0,5.0,6.0,5.0,3.0,2.0,2.0,1024.0,64.0,1.0,24.0,48.0,1.0,1.0,1.0,1.0,320.0,5.0,1.0,174458688.0,34257209.0,3005500000.0,12.896733333333332,2080.0,10.0,784384.0,5976467736681792.0,184.88888888888889,3.091575555555556,10.0,617813.3333333334
8192.0,64000.0,256.0,64.0,3.0,46.0,12.0,4.0,6.0,1.0,6.0,3.0,1.0,3.0,4.0,5.0,4.0,4.0,1.0,4.0,1.0,2.0,6.0,2.0,2.0,1.0,6.0,6.0,2.0,2.0,1.0,2.0,1024.0,1024.0,1.0,1.0,1.0,1.0,1.0,1.0,1.0,16.0,128.0,1.0,6.0,6.0,3.0,5.0,3.0,6.0,1.0,1.0,5.0,1.0,3.0,2.0,5.0,1.0,2.0,5.0,4.0,1.0,4096.0,2.0,1.0,3.0,2.0,1.0,1.0,1.0,1.0,10.0,64.0,1.0,9181993264.0,57068779.7,3334450000.0,14.224722222222223,2208.0,10.0,1057024.0,5.240051507901e+17,8.38095,0.38346344444444447,10.0,774926.2222222222
2048.0,16000000.0,256.0,64.0,3.0,36.0,38.0,34.0,3.0,5.0,2.0,2.0,1.0,2.0,4.0,4.0,2.0,1.0,3.0,2.0,6.0,5.0,5.0,5.0,5.0,5.0,3.0,5.0,2.0,2.0,5.0,2.0,2.0,16.0,1.0,64.0,512.0,1.0,1.0,1.0,1.0,8.0,4.0,1.0,1.0,4.0,5.0,3.0,2.0,3.0,3.0,2.0,4.0,6.0,5.0,4.0,2.0,5.0,1.0,5.0,2.0,4.0,2048.0,512.0,1.0,64.0,3072.0,1.0,1.0,1.0,1.0,1.0,2.0,1.0,5168771668.0,56286773.0,1120350000000.0,1170.3333333333333,46512.0,10.0,12603392.0,2.909334775655474e+17,16.444444444444443,1.2659522222222224,10.0,7042048.0
2048.0,16000000.0,256.0,64.0,1.0,28.0,18.0,34.0,6.0,6.0,5.0,2.0,2.0,4.0,3.0,3.0,4.0,6.0,2.0,4.0,3.0,1.0,1.0,4.0,3.0,2.0,5.0,4.0,6.0,2.0,5.0,4.0,256.0,128.0,1.0,16.0,32.0,1.0,1.0,1.0,1.0,2.0,16.0,1.0,6.0,2.0,5.0,3.0,2.0,2.0,1.0,3.0,5.0,3.0,3.0,5.0,2.0,6.0,1.0,1.0,4.0,3.0,2.0,512.0,1.0,4.0,1536.0,1.0,1.0,1.0,1.0,16.0,16.0,1.0,721616905.0,155422880.0,14408200.0,0.152024,34.0,10.0,208.0,1.121557776317864e+17,33.8512,33.791611111111116,10.0,208.0
512000.0,1024000.0,256.0,64.0,3.0,8.0,6.0,28.0,4.0,2.0,6.0,2.0,1.0,4.0,5.0,4.0,5.0,6.0,5.0,5.0,3.0,3.0,5.0,2.0,4.0,4.0,6.0,3.0,3.0,6.0,3.0,5.0,4096.0,2048.0,1.0,32.0,2.0,1.0,1.0,1.0,1.0,128.0,8.0,1.0,1.0,5.0,5.0,6.0,1.0,5.0,2.0,6.0,2.0,2.0,6.0,5.0,1.0,4.0,3.0,1.0,1.0,3.0,1.0,2.0,1.0,4.0,6.0,1.0,1.0,1.0,1.0,320.0,320.0,1.0,12240144399.0,90920371.8,1438270000.0,8.556933333333333,1344.0,10.0,1318912.0,1.1128784796427675e+18,2.0,0.5541111111111111,10.0,589040.8888888889
4096.0,128000.0,256.0,64.0,2.0,28.0,8.0,16.0,2.0,2.0,5.0,2.0,3.0,6.0,5.0,5.0,3.0,6.0,2.0,1.0,4.0,6.0,2.0,5.0,5.0,6.0,4.0,5.0,4.0,4.0,6.0,1.0,32.0,2048.0,1.0,32.0,1.0,1.0,1.0,1.0,1.0,64.0,16.0,1.0,2.0,1.0,5.0,3.0,3.0,4.0,5.0,2.0,1.0,6.0,6.0,5.0,1.0,2.0,4.0,3.0,5.0,1.0,64.0,2.0,1.0,16.0,4.0,1.0,1.0,1.0,1.0,64.0,160.0,1.0,24475336721.0,98385050.0,58318300.0,0.5617765555555555,128.0,10.0,1120.0,2.408007227062421e+18,1.0,0.747916111111111,10.0,933.3333333333334
512.0,16000.0,256.0,64.0,3.0,26.0,20.0,42.0,4.0,1.0,3.0,1.0,4.0,6.0,6.0,1.0,3.0,2.0,2.0,5.0,4.0,6.0,4.0,1.0,5.0,4.0,3.0,4.0,5.0,6.0,1.0,3.0,256.0,8.0,1.0,16.0,256.0,1.0,1.0,1.0,1.0,64.0,8.0,1.0,1.0,1.0,1.0,6.0,3.0,6.0,5.0,5.0,5.0,2.0,4.0,3.0,2.0,4.0,5.0,3.0,1.0,2.0,512.0,4096.0,1.0,12.0,1024.0,1.0,1.0,1.0,1.0,16.0,1.0,1.0,2785653440.0,36354340.0,251476000000.0,318.749,21840.0,10.0,8552448.0,1.012705922799296e+17,11.555555555555555,0.26736088888888887,10.0,4838741.333333333
512.0,64000.0,256.0,64.0,1.0,44.0,34.0,42.0,3.0,4.0,6.0,4.0,5.0,2.0,6.0,2.0,3.0,2.0,1.0,4.0,4.0,1.0,4.0,6.0,4.0,2.0,4.0,4.0,3.0,2.0,6.0,4.0,16.0,512.0,1.0,1024.0,32.0,1.0,1.0,1.0,1.0,128.0,4.0,1.0,1.0,5.0,2.0,2.0,1.0,1.0,3.0,5.0,1.0,1.0,6.0,5.0,6.0,4.0,1.0,1.0,1.0,4.0,512.0,2.0,1.0,128.0,24.0,1.0,1.0,1.0,1.0,32.0,1.0,1.0,24427626505.0,256309600.0,17794600.0,0.185699,42.0,10.0,10.0,6.261035178445948e+18,1.0,1.0,10.0,10.0
2048000.0,1024000.0,256.0,64.0,3.0,34.0,4.0,22.0,3.0,6.0,6.0,5.0,4.0,6.0,1.0,6.0,6.0,2.0,2.0,6.0,6.0,3.0,2.0,4.0,1.0,6.0,5.0,5.0,5.0,6.0,3.0,2.0,256.0,256.0,1.0,128.0,16.0,1.0,1.0,1.0,1.0,2.0,8.0,1.0,6.0,5.0,5.0,3.0,5.0,5.0,4.0,3.0,1.0,2.0,6.0,1.0,1.0,5.0,6.0,6.0,3.0,1.0,2.0,2048.0,1.0,32.0,2.0,1.0,1.0,1.0,1.0,5.0,10.0,1.0,929142640.0,34836765.0,5713880000.0,27.00132222222222,2992.0,10.0,4519168.0,3.23683238011596e+16,24.88888888888889,0.8848385,10.0,2992156.4444444445
1024.0,512000.0,256.0,64.0,3.0,2.0,12.0,28.0,6.0,5.0,5.0,2.0,1.0,2.0,5.0,3.0,6.0,5.0,3.0,3.0,5.0,4.0,1.0,2.0,3.0,5.0,4.0,1.0,2.0,1.0,6.0,5.0,8.0,1024.0,1.0,16.0,512.0,1.0,1.0,1.0,1.0,8.0,4.0,1.0,5.0,5.0,4.0,5.0,1.0,1.0,4.0,5.0,3.0,4.0,2.0,3.0,6.0,2.0,3.0,6.0,5.0,4.0,2048.0,1024.0,1.0,128.0,8.0,1.0,1.0,1.0,1.0,32.0,20.0,1.0,1460610432.0,34881304.0,489528000.0,8.873844444444446,672.0,10.0,2138112.0,5.094799650416333e+16,18.370355555555555,0.9745372222222222,10.0,1683000.888888889
8192.0,64000.0,256.0,64.0,2.0,10.0,38.0,6.0,4.0,6.0,2.0,3.0,2.0,1.0,5.0,4.0,1.0,1.0,4.0,6.0,1.0,5.0,4.0,6.0,6.0,2.0,2.0,5.0,4.0,5.0,3.0,3.0,16.0,1.0,1.0,8.0,64.0,1.0,1.0,1.0,1.0,16.0,32.0,1.0,5.0,6.0,6.0,2.0,2.0,3.0,2.0,3.0,5.0,4.0,6.0,4.0,2.0,5.0,5.0,3.0,6.0,6.0,128.0,16.0,1.0,3072.0,512.0,1.0,1.0,1.0,1.0,320.0,1.0,1.0,747709389.0,102224430.0,114929000.0,1.2243644444444444,228.0,10.0,108608.0,7.643416609617326e+16,34.031733333333335,24.98878888888889,10.0,64945.77777777778
4096.0,2048000.0,256.0,64.0,2.0,42.0,44.0,24.0,6.0,2.0,6.0,4.0,1.0,6.0,1.0,2.0,5.0,3.0,1.0,4.0,2.0,2.0,3.0,5.0,6.0,6.0,4.0,5.0,3.0,6.0,2.0,2.0,1.0,64.0,1.0,8.0,64.0,1.0,1.0,1.0,1.0,64.0,64.0,1.0,3.0,5.0,5.0,1.0,1.0,6.0,1.0,3.0,2.0,5.0,2.0,4.0,1.0,6.0,2.0,5.0,4.0,4.0,128.0,32.0,1.0,1.0,16.0,1.0,1.0,1.0,1.0,20.0,8.0,1.0,572461358.0,104984207.0,975134000.0,5.05449,1056.0,10.0,25360.0,6.00994017077731e+16,43.070166666666665,18.90119111111111,10.0,17360.0
32000.0,1024000.0,256.0,64.0,1.0,46.0,10.0,48.0,1.0,1.0,4.0,6.0,2.0,1.0,2.0,2.0,4.0,3.0,6.0,2.0,4.0,2.0,5.0,6.0,2.0,1.0,2.0,3.0,6.0,3.0,6.0,3.0,128.0,4.0,1.0,8.0,1.0,1.0,1.0,1.0,1.0,32.0,4.0,1.0,6.0,2.0,4.0,6.0,5.0,4.0,2.0,4.0,1.0,3.0,4.0,2.0,4.0,4.0,6.0,1.0,3.0,6.0,512.0,2048.0,1.0,8.0,192.0,1.0,1.0,1.0,1.0,16.0,1.0,1.0,637534217.0,229185600.0,20377200.0,0.212802,48.0,10.0,386.0,1.461136620436752e+17,36.44444444444444,36.66662222222222,10.0,386.0
1024000.0,128000.0,256.0,64.0,2.0,2.0,20.0,18.0,1.0,1.0,3.0,4.0,3.0,6.0,3.0,1.0,2.0,5.0,1.0,6.0,6.0,5.0,1.0,1.0,1.0,5.0,6.0,2.0,1.0,5.0,4.0,3.0,1.0,16.0,1.0,4.0,16.0,1.0,1.0,1.0,1.0,32.0,64.0,1.0,6.0,4.0,2.0,5.0,6.0,4.0,4.0,3.0,5.0,1.0,4.0,5.0,5.0,4.0,1.0,3.0,6.0,6.0,64.0,32.0,1.0,128.0,512.0,1.0,1.0,1.0,1.0,5.0,64.0,1.0,8356036697.0,57975460.0,205235000.0,1.616088888888889,360.0,10.0,9792.0,4.844450712854556e+17,8.777777777777779,6.368034166666668,10.0,5585.777777777777
1024.0,256000.0,256.0,64.0,1.0,48.0,14.0,2.0,3.0,6.0,2.0,1.0,5.0,4.0,5.0,6.0,2.0,4.0,1.0,3.0,1.0,3.0,6.0,2.0,4.0,5.0,5.0,2.0,3.0,1.0,4.0,6.0,512.0,4096.0,1.0,512.0,1.0,1.0,1.0,1.0,1.0,32.0,64.0,1.0,5.0,3.0,1.0,2.0,5.0,6.0,1.0,6.0,3.0,3.0,4.0,3.0,6.0,6.0,6.0,4.0,6.0,3.0,32.0,1.0,1.0,16.0,256.0,1.0,1.0,1.0,1.0,80.0,32.0,1.0,12213813257.0,199761480.0,1518110.0,0.0148321,2.0,10.0,16.0,2.43984941266194e+18,2.0,2.0,10.0,16.0
2048.0,256000.0,256.0,64.0,2.0,24.0,34.0,34.0,1.0,3.0,2.0,1.0,1.0,4.0,1.0,2.0,6.0,2.0,3.0,2.0,1.0,2.0,2.0,1.0,2.0,3.0,4.0,4.0,1.0,3.0,4.0,2.0,512.0,1.0,1.0,2048.0,1.0,1.0,1.0,1.0,1.0,8.0,2.0,1.0,4.0,6.0,1.0,5.0,1.0,6.0,6.0,4.0,1.0,2.0,3.0,5.0,5.0,3.0,6.0,1.0,1.0,2.0,2.0,512.0,1.0,128.0,12.0,1.0,1.0,1.0,1.0,16.0,2.0,1.0,8539602953.0,121592810.0,1126310000.0,5.517867777777778,1156.0,10.0,104.0,1.0383543193395679e+18,7.111111111111111,2.9652884444444445,10.0,62.22222222222222
256000.0,1024000.0,256.0,64.0,2.0,10.0,36.0,30.0,5.0,4.0,6.0,4.0,1.0,3.0,2.0,2.0,1.0,3.0,5.0,1.0,2.0,2.0,6.0,1.0,6.0,5.0,1.0,5.0,6.0,3.0,4.0,5.0,1024.0,4.0,1.0,1024.0,256.0,1.0,1.0,1.0,1.0,8.0,64.0,1.0,1.0,1.0,6.0,3.0,3.0,5.0,5.0,3.0,5.0,5.0,2.0,6.0,6.0,4.0,6.0,3.0,2.0,4.0,4096.0,256.0,1.0,384.0,48.0,1.0,1.0,1.0,1.0,4.0,32.0,1.0,1782464792.0,59918040.0,1010490000.0,5.180616666666666,1080.0,10.0,27008.0,1.0680179670564768e+17,17.580222222222222,4.336723777777777,10.0,17763.555555555555
1024.0,32000000.0,256.0,64.0,3.0,36.0,2.0,18.0,3.0,6.0,3.0,5.0,2.0,2.0,3.0,4.0,6.0,4.0,5.0,1.0,4.0,5.0,3.0,1.0,5.0,6.0,1.0,5.0,1.0,5.0,1.0,3.0,1024.0,8.0,1.0,1.0,8.0,1.0,1.0,1.0,1.0,2.0,16.0,1.0,4.0,1.0,4.0,1.0,3.0,2.0,3.0,3.0,4.0,5.0,6.0,3.0,2.0,1.0,6.0,3.0,2.0,2.0,4096.0,1.0,1.0,64.0,8.0,1.0,1.0,1.0,1.0,1.0,80.0,1.0,458424360.0,33417071.0,1357160000.0,45.37195555555556,1296.0,10.0,19898368.0,1.531919938624956e+16,254.22222222222223,7.967022222222222,10.0,11335452.444444444
1024000.0,4096000.0,256.0,64.0,2.0,26.0,8.0,4.0,1.0,1.0,4.0,5.0,6.0,1.0,6.0,4.0,3.0,6.0,1.0,5.0,6.0,1.0,1.0,3.0,2.0,1.0,4.0,4.0,2.0,4.0,5.0,6.0,64.0,64.0,1.0,32.0,256.0,1.0,1.0,1.0,1.0,1.0,32.0,1.0,3.0,6.0,6.0,6.0,2.0,1.0,2.0,1.0,1.0,2.0,2.0,2.0,2.0,4.0,5.0,6.0,4.0,1.0,256.0,2.0,1.0,1024.0,768.0,1.0,1.0,1.0,1.0,20.0,320.0,1.0,10336469063.0,88800550.0,13575300.0,0.21451599999999998,32.0,10.0,33872.0,9.178841378523846e+17,2.2962944444444444,1.1447617777777779,10.0,20808.88888888889
8192.0,2048000.0,256.0,64.0,1.0,32.0,38.0,20.0,1.0,1.0,3.0,4.0,5.0,4.0,5.0,3.0,1.0,3.0,4.0,4.0,1.0,2.0,1.0,2.0,5.0,2.0,3.0,3.0,4.0,6.0,6.0,6.0,2.0,512.0,1.0,2.0,2048.0,1.0,1.0,1.0,1.0,4.0,128.0,1.0,5.0,1.0,4.0,4.0,6.0,1.0,2.0,1.0,4.0,2.0,5.0,3.0,2.0,3.0,5.0,4.0,3.0,3.0,128.0,32.0,1.0,128.0,2.0,1.0,1.0,1.0,1.0,32.0,64.0,1.0,24427626505.0,293701080.0,8638880.0,0.0914837,20.0,10.0,10.0,7.174420286355125e+18,1.0,1.277817777777778,10.0,10.0
8192.0,128000.0,256.0,64.0,1.0,2.0,36.0,48.0,3.0,2.0,2.0,6.0,1.0,2.0,3.0,4.0,4.0,4.0,5.0,3.0,6.0,5.0,2.0,2.0,2.0,1.0,3.0,5.0,4.0,3.0,2.0,4.0,8.0,256.0,1.0,8.0,1024.0,1.0,1.0,1.0,1.0,16.0,8.0,1.0,5.0,1.0,1.0,6.0,2.0,1.0,1.0,5.0,2.0,5.0,2.0,4.0,2.0,4.0,2.0,4.0,5.0,1.0,4096.0,4.0,1.0,256.0,3072.0,1.0,1.0,1.0,1.0,8.0,10.0,1.0,637534217.0,258079300.0,20377200.0,0.212802,48.0,10.0,386.0,1.645343844494081e+17,36.44444444444444,36.83323333333333,10.0,386.0
8192.0,512000.0,256.0,64.0,1.0,36.0,16.0,2.0,2.0,3.0,4.0,2.0,5.0,4.0,2.0,5.0,4.0,4.0,5.0,2.0,2.0,5.0,2.0,5.0,3.0,1.0,2.0,5.0,2.0,5.0,5.0,5.0,2048.0,4096.0,1.0,32.0,4.0,1.0,1.0,1.0,1.0,2.0,8.0,1.0,3.0,3.0,1.0,3.0,4.0,2.0,6.0,5.0,1.0,3.0,2.0,4.0,3.0,5.0,4.0,6.0,3.0,3.0,256.0,4.0,1.0,3.0,16.0,1.0,1.0,1.0,1.0,5.0,4.0,1.0,24427626505.0,313732200.0,1518110.0,0.0148114,2.0,10.0,10.0,7.663733004191961e+18,1.0,1.49988,10.0,10.0
8192.0,128000.0,256.0,64.0,2.0,14.0,24.0,44.0,5.0,5.0,2.0,5.0,4.0,1.0,1.0,3.0,4.0,5.0,1.0,4.0,3.0,6.0,6.0,4.0,1.0,2.0,5.0,5.0,3.0,2.0,5.0,4.0,4.0,4096.0,1.0,4.0,1024.0,1.0,1.0,1.0,1.0,32.0,2.0,1.0,5.0,6.0,3.0,2.0,6.0,5.0,5.0,5.0,1.0,6.0,5.0,5.0,1.0,6.0,3.0,2.0,5.0,3.0,64.0,512.0,1.0,128.0,3.0,1.0,1.0,1.0,1.0,4.0,20.0,1.0,366526686.0,70158610.0,975134000.0,5.037647777777778,1056.0,10.0,21528.0,2.571500281766646e+16,77.89146666666666,36.64901111111111,10.0,12479.111111111111
128.0,128000.0,256.0,64.0,1.0,32.0,6.0,26.0,2.0,1.0,2.0,2.0,1.0,5.0,5.0,1.0,2.0,4.0,3.0,2.0,5.0,3.0,6.0,3.0,5.0,2.0,4.0,5.0,6.0,5.0,5.0,4.0,64.0,16.0,1.0,128.0,32.0,1.0,1.0,1.0,1.0,1.0,2.0,1.0,2.0,4.0,1.0,6.0,3.0,6.0,1.0,1.0,5.0,6.0,5.0,2.0,2.0,3.0,6.0,5.0,6.0,1.0,4096.0,2048.0,1.0,16.0,384.0,1.0,1.0,1.0,1.0,20.0,16.0,1.0,24427626505.0,313732200.0,11087000.0,0.11704099999999999,26.0,10.0,10.0,7.663733004191961e+18,1.0,1.49988,10.0,10.0
8192.0,8192000.0,256.0,64.0,3.0,16.0,16.0,14.0,5.0,6.0,2.0,2.0,4.0,6.0,1.0,3.0,2.0,5.0,3.0,3.0,3.0,6.0,6.0,6.0,3.0,1.0,4.0,2.0,3.0,5.0,3.0,3.0,1024.0,4096.0,1.0,128.0,128.0,1.0,1.0,1.0,1.0,2.0,2.0,1.0,5.0,1.0,6.0,3.0,6.0,4.0,1.0,3.0,6.0,4.0,6.0,5.0,5.0,1.0,5.0,6.0,4.0,2.0,1024.0,4096.0,1.0,1024.0,6.0,1.0,1.0,1.0,1.0,4.0,32.0,1.0,519077520.0,32485581.8,7927630000.0,95.6574,3584.0,10.0,25559040.0,1.6862535236501136e+16,121.46527777777777,0.8611111111111112,10.0,21666929.777777776
1024000.0,16000.0,256.0,64.0,1.0,48.0,20.0,42.0,4.0,3.0,6.0,4.0,3.0,3.0,4.0,3.0,6.0,3.0,1.0,1.0,1.0,5.0,3.0,5.0,4.0,6.0,5.0,5.0,1.0,5.0,3.0,6.0,16.0,1024.0,1.0,128.0,16.0,1.0,1.0,1.0,1.0,8.0,16.0,1.0,3.0,2.0,1.0,1.0,6.0,4.0,1.0,5.0,2.0,6.0,4.0,5.0,4.0,3.0,2.0,1.0,3.0,5.0,128.0,64.0,1.0,6.0,192.0,1.0,1.0,1.0,1.0,32.0,8.0,1.0,24427626505.0,256309600.0,17794600.0,0.185699,42.0,10.0,10.0,6.261035178445948e+18,1.0,1.0,10.0,10.0
8192.0,4096000.0,256.0,64.0,1.0,38.0,26.0,10.0,2.0,6.0,1.0,1.0,2.0,6.0,4.0,6.0,4.0,1.0,1.0,4.0,4.0,2.0,3.0,6.0,4.0,5.0,4.0,2.0,3.0,5.0,5.0,3.0,8.0,8.0,1.0,1.0,2048.0,1.0,1.0,1.0,1.0,128.0,32.0,1.0,1.0,6.0,5.0,4.0,4.0,1.0,3.0,5.0,2.0,5.0,3.0,1.0,5.0,4.0,5.0,4.0,5.0,1.0,2048.0,128.0,1.0,2.0,8.0,1.0,1.0,1.0,1.0,32.0,16.0,1.0,2448424969.0,162449080.0,4640290.0,0.0490743,10.0,10.0,64.0,3.977443836630785e+17,9.981234444444445,9.981234444444445,10.0,64.0
2048.0,128000.0,256.0,64.0,1.0,30.0,30.0,16.0,4.0,1.0,5.0,6.0,5.0,6.0,4.0,5.0,3.0,6.0,2.0,6.0,5.0,3.0,6.0,5.0,2.0,2.0,2.0,3.0,6.0,6.0,5.0,5.0,16.0,4.0,1.0,4.0,8.0,1.0,1.0,1.0,1.0,4.0,16.0,1.0,2.0,5.0,3.0,2.0,2.0,5.0,4.0,4.0,1.0,4.0,2.0,6.0,3.0,4.0,6.0,1.0,4.0,5.0,256.0,512.0,1.0,16.0,2.0,1.0,1.0,1.0,1.0,2.0,80.0,1.0,1526726665.0,257672100.0,7027220.0,0.07485939999999999,16.0,10.0,130.0,3.933948658965465e+17,16.0,16.24995555555556,10.0,130.0
64000.0,64000.0,256.0,64.0,1.0,34.0,28.0,22.0,4.0,3.0,5.0,4.0,1.0,4.0,5.0,2.0,2.0,1.0,2.0,4.0,6.0,6.0,4.0,2.0,4.0,5.0,5.0,1.0,5.0,3.0,6.0,4.0,64.0,2048.0,1.0,64.0,128.0,1.0,1.0,1.0,1.0,128.0,4.0,1.0,3.0,4.0,1.0,4.0,4.0,3.0,3.0,4.0,4.0,6.0,1.0,1.0,4.0,5.0,4.0,6.0,4.0,4.0,64.0,1024.0,1.0,3072.0,3.0,1.0,1.0,1.0,1.0,8.0,40.0,1.0,24427626505.0,293696280.0,9450830.0,0.100003,22.0,10.0,10.0,7.174303033747901e+18,1.0,1.2777111111111112,10.0,10.0
512000.0,2048000.0,256.0,64.0,2.0,40.0,30.0,32.0,6.0,4.0,1.0,4.0,2.0,5.0,4.0,2.0,6.0,4.0,5.0,3.0,2.0,5.0,3.0,1.0,4.0,5.0,3.0,1.0,3.0,3.0,4.0,2.0,16.0,1024.0,1.0,8.0,1.0,1.0,1.0,1.0,1.0,32.0,1.0,1.0,4.0,1.0,4.0,5.0,5.0,6.0,6.0,6.0,1.0,1.0,4.0,1.0,5.0,6.0,4.0,6.0,1.0,6.0,4096.0,4096.0,1.0,48.0,96.0,1.0,1.0,1.0,1.0,16.0,5.0,1.0,20288397480.0,54390630.0,839631000.0,5.338211111111112,960.0,10.0,434656.0,1.1034987206276124e+18,13.197511111111112,12.345107444444444,10.0,242757.33333333334
128.0,128000.0,256.0,64.0,1.0,46.0,20.0,36.0,3.0,6.0,1.0,4.0,4.0,1.0,2.0,5.0,6.0,1.0,4.0,4.0,5.0,1.0,3.0,3.0,6.0,3.0,6.0,4.0,4.0,4.0,5.0,4.0,256.0,64.0,1.0,64.0,32.0,1.0,1.0,1.0,1.0,16.0,4.0,1.0,1.0,3.0,6.0,6.0,2.0,3.0,3.0,4.0,5.0,5.0,2.0,3.0,1.0,1.0,2.0,5.0,3.0,3.0,1024.0,4.0,1.0,512.0,192.0,1.0,1.0,1.0,1.0,20.0,1.0,1.0,683147273.0,190475520.0,15248700.0,0.16065000000000002,36.0,10.0,220.0,1.3012283206125696e+17,35.813744444444445,35.813744444444445,10.0,220.0
256.0,4096000.0,256.0,64.0,1.0,32.0,28.0,2.0,1.0,6.0,5.0,4.0,4.0,4.0,3.0,1.0,2.0,4.0,6.0,3.0,1.0,2.0,6.0,4.0,2.0,2.0,6.0,2.0,3.0,3.0,1.0,4.0,2.0,256.0,1.0,256.0,4.0,1.0,1.0,1.0,1.0,8.0,4.0,1.0,3.0,5.0,4.0,3.0,4.0,1.0,2.0,4.0,3.0,5.0,2.0,2.0,4.0,4.0,6.0,2.0,5.0,5.0,1024.0,2.0,1.0,12.0,3072.0,1.0,1.0,1.0,1.0,160.0,8.0,1.0,12213813257.0,199761480.0,1518110.0,0.0148321,2.0,10.0,16.0,2.43984941266194e+18,2.0,2.0,10.0,16.0
4096.0,16000.0,256.0,64.0,2.0,2.0,28.0,48.0,2.0,4.0,1.0,5.0,1.0,6.0,2.0,3.0,4.0,4.0,3.0,3.0,4.0,4.0,6.0,1.0,3.0,1.0,6.0,5.0,1.0,3.0,1.0,4.0,4096.0,2048.0,1.0,256.0,64.0,1.0,1.0,1.0,1.0,4.0,64.0,1.0,2.0,6.0,2.0,1.0,2.0,6.0,1.0,2.0,3.0,6.0,5.0,3.0,1.0,3.0,2.0,3.0,6.0,2.0,4.0,128.0,1.0,384.0,1536.0,1.0,1.0,1.0,1.0,80.0,160.0,1.0,2650974376.0,55389797.0,1438160000.0,7.07747,1344.0,10.0,279040.0,1.4683693253884166e+17,23.11111111111111,5.5731868,10.0,160213.33333333334
32000.0,2048000.0,256.0,64.0,2.0,10.0,8.0,40.0,6.0,4.0,6.0,5.0,6.0,2.0,2.0,1.0,1.0,2.0,1.0,6.0,6.0,5.0,5.0,5.0,4.0,4.0,4.0,6.0,4.0,5.0,4.0,6.0,2.0,8.0,1.0,2048.0,128.0,1.0,1.0,1.0,1.0,2.0,1.0,1.0,1.0,5.0,2.0,6.0,6.0,1.0,5.0,5.0,6.0,4.0,2.0,6.0,6.0,2.0,5.0,5.0,4.0,4.0,4.0,128.0,1.0,3072.0,1.0,1.0,1.0,1.0,1.0,20.0,40.0,1.0,3085959219.0,123047851.0,175991000.0,1.4242599999999999,320.0,10.0,4672.0,3.7972065017158835e+17,8.0,4.3751,10.0,2845.3333333333335
1024.0,16000000.0,256.0,64.0,3.0,20.0,8.0,24.0,5.0,3.0,1.0,3.0,2.0,5.0,2.0,1.0,5.0,5.0,3.0,3.0,3.0,2.0,4.0,5.0,5.0,5.0,2.0,1.0,1.0,6.0,3.0,5.0,2.0,1024.0,1.0,16.0,1024.0,1.0,1.0,1.0,1.0,128.0,1.0,1.0,3.0,6.0,3.0,2.0,3.0,1.0,2.0,3.0,6.0,1.0,2.0,2.0,1.0,6.0,3.0,5.0,6.0,1.0,1024.0,128.0,1.0,48.0,64.0,1.0,1.0,1.0,1.0,2.0,80.0,1.0,320539336.0,33482121.8,8992960000.0,39.98332222222223,3840.0,10.0,9699328.0,1.0732337089643126e+16,56.22222222222222,0.6626166666666666,10.0,4971861.333333333
2048.0,128000.0,256.0,64.0,1.0,32.0,30.0,48.0,4.0,2.0,4.0,3.0,6.0,5.0,3.0,4.0,4.0,1.0,3.0,6.0,4.0,1.0,1.0,3.0,6.0,3.0,5.0,3.0,5.0,4.0,1.0,3.0,4096.0,256.0,1.0,64.0,2.0,1.0,1.0,1.0,1.0,2.0,128.0,1.0,5.0,4.0,3.0,2.0,6.0,2.0,3.0,2.0,5.0,3.0,6.0,3.0,5.0,1.0,1.0,3.0,5.0,6.0,8.0,4096.0,1.0,512.0,192.0,1.0,1.0,1.0,1.0,2.0,1.0,1.0,24427626505.0,199781280.0,20377200.0,0.211504,48.0,10.0,10.0,4.880182490530826e+18,1.0,1.0,10.0,10.0
64000.0,64000.0,256.0,64.0,1.0,12.0,20.0,46.0,2.0,2.0,6.0,2.0,4.0,1.0,1.0,5.0,2.0,4.0,6.0,3.0,1.0,6.0,3.0,5.0,4.0,5.0,5.0,1.0,3.0,3.0,4.0,2.0,4096.0,8.0,1.0,4.0,2.0,1.0,1.0,1.0,1.0,16.0,128.0,1.0,4.0,2.0,6.0,3.0,6.0,5.0,6.0,4.0,2.0,3.0,5.0,4.0,3.0,5.0,4.0,2.0,3.0,5.0,128.0,16.0,1.0,48.0,3.0,1.0,1.0,1.0,1.0,8.0,80.0,1.0,24427626505.0,247035780.0,19512200.0,0.202899,46.0,10.0,10.0,6.034497767211349e+18,1.0,1.0017333333333331,10.0,10.0
1024.0,64000.0,256.0,64.0,2.0,48.0,8.0,44.0,2.0,3.0,1.0,5.0,5.0,5.0,5.0,1.0,1.0,2.0,4.0,4.0,6.0,1.0,4.0,1.0,2.0,5.0,4.0,3.0,5.0,2.0,5.0,5.0,16.0,256.0,1.0,4.0,1024.0,1.0,1.0,1.0,1.0,64.0,4.0,1.0,4.0,3.0,4.0,2.0,1.0,4.0,2.0,6.0,1.0,4.0,4.0,1.0,4.0,4.0,1.0,6.0,2.0,6.0,1.0,2.0,1.0,1024.0,2.0,1.0,1.0,1.0,1.0,1.0,32.0,1.0,3684696081.0,175193460.0,199255000.0,1.5625844444444446,352.0,10.0,1408.0,6.455346554788302e+17,8.0,4.275342222222222,10.0,681.3333333333334
64000.0,16000000.0,256.0,64.0,1.0,36.0,40.0,6.0,5.0,1.0,6.0,5.0,1.0,3.0,1.0,3.0,5.0,3.0,5.0,4.0,4.0,2.0,6.0,6.0,6.0,1.0,6.0,6.0,1.0,3.0,5.0,6.0,1024.0,1024.0,1.0,8.0,1024.0,1.0,1.0,1.0,1.0,4.0,2.0,1.0,2.0,2.0,4.0,1.0,6.0,6.0,5.0,4.0,1.0,1.0,2.0,6.0,1.0,1.0,2.0,3.0,5.0,2.0,64.0,512.0,1.0,512.0,96.0,1.0,1.0,1.0,1.0,10.0,320.0,1.0,24427626505.0,209657100.0,3069380.0,0.0318497,6.0,10.0,10.0,5.121425332921435e+18,1.0,1.0000888888888888,10.0,10.0
4096.0,4096000.0,256.0,64.0,1.0,14.0,30.0,16.0,5.0,3.0,6.0,1.0,3.0,4.0,3.0,4.0,1.0,1.0,6.0,4.0,2.0,6.0,4.0,6.0,5.0,6.0,5.0,2.0,1.0,1.0,3.0,4.0,512.0,2.0,1.0,1.0,256.0,1.0,1.0,1.0,1.0,16.0,32.0,1.0,6.0,3.0,2.0,4.0,6.0,4.0,2.0,3.0,3.0,6.0,1.0,2.0,4.0,3.0,4.0,4.0,5.0,4.0,4.0,512.0,1.0,512.0,64.0,1.0,1.0,1.0,1.0,8.0,2.0,1.0,24427626505.0,209641600.0,7027210.0,0.07444540000000001,16.0,10.0,10.0,5.121046704710608e+18,1.0,1.0,10.0,10.0
512000.0,1024000.0,256.0,64.0,3.0,4.0,42.0,4.0,5.0,6.0,3.0,2.0,3.0,6.0,5.0,1.0,4.0,3.0,3.0,4.0,3.0,3.0,4.0,4.0,3.0,6.0,3.0,2.0,1.0,3.0,6.0,2.0,512.0,2.0,1.0,512.0,4.0,1.0,1.0,1.0,1.0,128.0,2.0,1.0,4.0,2.0,1.0,5.0,1.0,1.0,5.0,4.0,3.0,1.0,5.0,2.0,5.0,3.0,5.0,3.0,4.0,5.0,2.0,2.0,1.0,2.0,12.0,1.0,1.0,1.0,1.0,320.0,64.0,1.0,3140895791.0,75589826.2,489592000.0,7.349672222222223,672.0,10.0,2752512.0,2.3741976695400154e+17,8.0,2.2044111111111113,10.0,1241223.111111111
512000.0,2048000.0,256.0,64.0,3.0,14.0,8.0,12.0,2.0,1.0,1.0,5.0,3.0,2.0,2.0,5.0,4.0,6.0,4.0,6.0,2.0,1.0,5.0,6.0,6.0,1.0,4.0,5.0,6.0,2.0,4.0,4.0,4096.0,1.0,1.0,2.0,16.0,1.0,1.0,1.0,1.0,4.0,128.0,1.0,1.0,3.0,5.0,2.0,4.0,4.0,5.0,4.0,5.0,2.0,5.0,4.0,4.0,6.0,4.0,3.0,6.0,3.0,128.0,2048.0,1.0,3.0,12.0,1.0,1.0,1.0,1.0,64.0,64.0,1.0,5178142176.0,36348461.8,1438270000.0,10.960933333333335,1344.0,10.0,1367552.0,1.8821750307930486e+17,32.76766666666666,1.450738888888889,10.0,1285859.5555555555
512000.0,32000.0,256.0,64.0,2.0,12.0,46.0,16.0,5.0,5.0,2.0,1.0,5.0,1.0,3.0,5.0,4.0,2.0,5.0,4.0,5.0,6.0,5.0,6.0,1.0,4.0,2.0,1.0,1.0,4.0,1.0,3.0,1024.0,4.0,1.0,256.0,2.0,1.0,1.0,1.0,1.0,1.0,128.0,1.0,2.0,6.0,2.0,1.0,3.0,4.0,1.0,4.0,3.0,1.0,5.0,1.0,1.0,6.0,3.0,4.0,6.0,4.0,32.0,4096.0,1.0,96.0,4.0,1.0,1.0,1.0,1.0,2.0,160.0,1.0,320684036.0,75077470.0,559842000.0,3.4158399999999998,736.0,10.0,17680.0,2.407614609226892e+16,134.3898888888889,57.96594444444444,10.0,10480.0
2048000.0,512000.0,256.0,64.0,2.0,46.0,24.0,14.0,5.0,1.0,1.0,1.0,6.0,1.0,1.0,4.0,6.0,3.0,1.0,3.0,4.0,4.0,2.0,4.0,2.0,2.0,1.0,6.0,1.0,1.0,6.0,2.0,4.0,512.0,1.0,64.0,4.0,1.0,1.0,1.0,1.0,1.0,4.0,1.0,1.0,1.0,5.0,1.0,6.0,4.0,2.0,1.0,5.0,6.0,6.0,6.0,6.0,2.0,4.0,4.0,3.0,4.0,32.0,4.0,1.0,16.0,512.0,1.0,1.0,1.0,1.0,16.0,64.0,1.0,6260785161.0,69015450.0,187492000.0,1.4888000000000001,336.0,10.0,768.0,4.320909052397375e+17,4.0,0.9546399999999999,10.0,455.1111111111111
2048.0,8192000.0,256.0,64.0,2.0,36.0,6.0,26.0,2.0,1.0,4.0,1.0,2.0,5.0,3.0,1.0,3.0,6.0,6.0,2.0,1.0,2.0,1.0,5.0,2.0,4.0,1.0,1.0,2.0,6.0,2.0,3.0,4096.0,64.0,1.0,1.0,1024.0,1.0,1.0,1.0,1.0,32.0,4.0,1.0,6.0,2.0,1.0,6.0,3.0,5.0,3.0,5.0,1.0,4.0,3.0,5.0,3.0,2.0,6.0,1.0,5.0,5.0,64.0,4.0,1.0,32.0,12.0,1.0,1.0,1.0,1.0,16.0,1.0,1.0,24654118925.0,132407020.0,73138600.0,0.6826624444444445,156.0,10.0,648.0,3.2643784175848535e+18,1.0,0.867035,10.0,376.8888888888889
256000.0,32000000.0,256.0,64.0,3.0,8.0,6.0,36.0,5.0,6.0,6.0,6.0,1.0,1.0,6.0,3.0,4.0,2.0,2.0,5.0,6.0,6.0,1.0,1.0,6.0,4.0,1.0,3.0,5.0,6.0,4.0,3.0,1024.0,256.0,1.0,2.0,1024.0,1.0,1.0,1.0,1.0,4.0,2.0,1.0,2.0,2.0,1.0,2.0,3.0,1.0,2.0,3.0,4.0,6.0,3.0,5.0,3.0,6.0,5.0,5.0,4.0,3.0,512.0,1.0,1.0,192.0,3072.0,1.0,1.0,1.0,1.0,8.0,64.0,1.0,7195919240.0,32585639.2,2187400000.0,22.04291111111111,1728.0,10.0,4210688.0,2.344836280669782e+17,3.111111111111111,0.0,10.0,3873905.777777778
8192.0,1024000.0,256.0,64.0,2.0,10.0,6.0,44.0,5.0,2.0,3.0,3.0,3.0,6.0,6.0,4.0,3.0,3.0,5.0,4.0,5.0,1.0,6.0,4.0,1.0,2.0,3.0,1.0,5.0,3.0,1.0,2.0,32.0,1.0,1.0,32.0,8.0,1.0,1.0,1.0,1.0,32.0,4.0,1.0,4.0,5.0,3.0,5.0,1.0,5.0,6.0,1.0,5.0,1.0,5.0,1.0,3.0,6.0,5.0,5.0,5.0,6.0,16.0,1.0,1.0,1024.0,1536.0,1.0,1.0,1.0,1.0,8.0,40.0,1.0,24564301853.0,141918630.0,137790000.0,1.1969688888888885,264.0,10.0,18448.0,3.4861320658842214e+18,1.0,0.9864586666666667,10.0,10288.0
512000.0,128000.0,256.0,64.0,3.0,8.0,40.0,30.0,1.0,5.0,2.0,2.0,1.0,3.0,5.0,6.0,1.0,2.0,6.0,6.0,4.0,1.0,4.0,5.0,6.0,5.0,6.0,6.0,5.0,2.0,3.0,2.0,64.0,2048.0,1.0,1.0,64.0,1.0,1.0,1.0,1.0,8.0,2.0,1.0,3.0,3.0,6.0,2.0,4.0,5.0,4.0,2.0,4.0,2.0,3.0,3.0,6.0,5.0,5.0,6.0,1.0,5.0,256.0,64.0,1.0,512.0,4.0,1.0,1.0,1.0,1.0,80.0,2.0,1.0,3903095568.0,32739865.8,50658200000.0,88.45026666666666,9600.0,10.0,2138112.0,1.2778682510089478e+17,6.888888888888889,0.024305555555555556,10.0,2074396.4444444445
64000.0,8192000.0,256.0,64.0,2.0,20.0,34.0,46.0,2.0,1.0,1.0,2.0,4.0,4.0,5.0,6.0,6.0,1.0,6.0,6.0,4.0,2.0,3.0,2.0,6.0,1.0,5.0,1.0,5.0,1.0,3.0,5.0,2048.0,128.0,1.0,256.0,256.0,1.0,1.0,1.0,1.0,1.0,8.0,1.0,6.0,6.0,1.0,4.0,4.0,2.0,1.0,6.0,1.0,6.0,3.0,2.0,1.0,1.0,1.0,3.0,6.0,2.0,1.0,16.0,1.0,192.0,12.0,1.0,1.0,1.0,1.0,64.0,8.0,1.0,24637407753.0,137779799.0,1848770000.0,7.845838888888889,1564.0,10.0,67072.0,3.394537088089382e+18,1.0,0.5566100222222221,10.0,29938.666666666668
256.0,16000.0,256.0,64.0,1.0,24.0,22.0,24.0,3.0,1.0,6.0,5.0,4.0,3.0,3.0,2.0,5.0,3.0,4.0,5.0,4.0,2.0,1.0,6.0,3.0,3.0,5.0,3.0,6.0,6.0,6.0,5.0,512.0,64.0,1.0,1024.0,1024.0,1.0,1.0,1.0,1.0,32.0,1.0,1.0,2.0,3.0,2.0,3.0,1.0,5.0,4.0,2.0,6.0,5.0,4.0,1.0,1.0,1.0,4.0,2.0,1.0,3.0,256.0,4.0,1.0,32.0,1.0,1.0,1.0,1.0,1.0,40.0,80.0,1.0,24427626505.0,199801580.0,10266900.0,0.10852200000000001,24.0,10.0,10.0,4.880678371348878e+18,1.0,1.0001955555555555,10.0,10.0
128.0,512000.0,256.0,64.0,2.0,48.0,42.0,38.0,2.0,6.0,3.0,5.0,6.0,6.0,5.0,4.0,5.0,5.0,5.0,2.0,2.0,5.0,4.0,5.0,4.0,4.0,5.0,6.0,4.0,1.0,1.0,4.0,4.0,32.0,1.0,1024.0,1024.0,1.0,1.0,1.0,1.0,1.0,2.0,1.0,3.0,4.0,1.0,6.0,4.0,4.0,2.0,2.0,3.0,2.0,5.0,2.0,5.0,1.0,5.0,6.0,3.0,3.0,4096.0,1024.0,1.0,8.0,16.0,1.0,1.0,1.0,1.0,40.0,5.0,1.0,2672053544.0,44971120.0,1912670000.0,9.299635555555556,1596.0,10.0,701728.0,1.2016524057364928e+17,22.22222222222222,0.5779566666666667,10.0,398958.22222222225
64000.0,8192000.0,256.0,64.0,3.0,28.0,14.0,46.0,6.0,3.0,3.0,3.0,4.0,2.0,5.0,4.0,3.0,5.0,3.0,2.0,6.0,6.0,4.0,6.0,2.0,2.0,2.0,5.0,1.0,3.0,2.0,3.0,64.0,2048.0,1.0,16.0,4.0,1.0,1.0,1.0,1.0,8.0,1.0,1.0,2.0,3.0,4.0,4.0,4.0,3.0,3.0,1.0,6.0,5.0,5.0,5.0,1.0,2.0,1.0,1.0,4.0,6.0,4096.0,64.0,1.0,128.0,192.0,1.0,1.0,1.0,1.0,320.0,16.0,1.0,1065619776.0,34823080.0,172636000000.0,227.88222222222223,18032.0,10.0,4317184.0,3.710816270923008e+16,26.796277777777778,0.4739582222222222,10.0,2485930.6666666665
2048.0,1024000.0,256.0,64.0,3.0,34.0,32.0,28.0,4.0,1.0,2.0,4.0,5.0,1.0,3.0,5.0,3.0,6.0,3.0,6.0,5.0,6.0,5.0,4.0,6.0,3.0,6.0,3.0,5.0,6.0,4.0,1.0,4.0,128.0,1.0,256.0,64.0,1.0,1.0,1.0,1.0,16.0,32.0,1.0,1.0,6.0,3.0,5.0,3.0,4.0,3.0,3.0,4.0,6.0,4.0,4.0,2.0,3.0,5.0,5.0,5.0,6.0,4096.0,32.0,1.0,24.0,3.0,1.0,1.0,1.0,1.0,5.0,40.0,1.0,270112320.0,36508360.0,484659000000.0,537.5775555555555,30464.0,10.0,526208.0,9861357818995200.0,167.11111111111111,5.681207777777778,10.0,332387.55555555556
512000.0,16000.0,256.0,64.0,2.0,6.0,28.0,12.0,5.0,3.0,4.0,1.0,5.0,2.0,1.0,1.0,2.0,4.0,5.0,6.0,4.0,6.0,3.0,2.0,6.0,5.0,2.0,5.0,6.0,6.0,1.0,4.0,256.0,128.0,1.0,128.0,1.0,1.0,1.0,1.0,1.0,128.0,128.0,1.0,2.0,6.0,5.0,5.0,2.0,3.0,6.0,1.0,4.0,3.0,1.0,5.0,4.0,2.0,6.0,2.0,5.0,4.0,512.0,4096.0,1.0,6.0,192.0,1.0,1.0,1.0,1.0,4.0,5.0,1.0,2785247064.0,57767295.0,187588000.0,3.062557777777778,336.0,10.0,924928.0,1.6089618879397187e+17,11.555555555555555,2.0575666666666663,10.0,456616.8888888889
1024000.0,16000.0,256.0,64.0,1.0,44.0,32.0,38.0,2.0,1.0,5.0,6.0,2.0,2.0,3.0,1.0,5.0,3.0,4.0,6.0,4.0,3.0,2.0,3.0,1.0,4.0,3.0,2.0,1.0,2.0,6.0,2.0,4096.0,2.0,1.0,2048.0,256.0,1.0,1.0,1.0,1.0,32.0,32.0,1.0,5.0,5.0,2.0,4.0,1.0,1.0,6.0,1.0,4.0,1.0,4.0,4.0,5.0,6.0,5.0,6.0,1.0,2.0,1024.0,8.0,1.0,64.0,64.0,1.0,1.0,1.0,1.0,16.0,40.0,1.0,763363337.0,246483140.0,16093200.0,0.169534,38.0,10.0,306.0,1.8815619226463818e+17,32.0,32.27776666666667,10.0,306.0
256.0,512000.0,256.0,64.0,2.0,16.0,46.0,34.0,2.0,6.0,1.0,6.0,6.0,5.0,4.0,4.0,6.0,5.0,6.0,5.0,1.0,4.0,2.0,5.0,5.0,4.0,6.0,2.0,5.0,3.0,5.0,2.0,8.0,8.0,1.0,16.0,1024.0,1.0,1.0,1.0,1.0,64.0,32.0,1.0,5.0,5.0,3.0,1.0,2.0,2.0,5.0,5.0,3.0,3.0,6.0,6.0,6.0,4.0,6.0,3.0,4.0,5.0,512.0,4096.0,1.0,384.0,12.0,1.0,1.0,1.0,1.0,40.0,10.0,1.0,103429108.0,35567993.0,1848820000.0,8.957794444444444,1564.0,10.0,586528.0,3678765789340244.0,421.9258888888889,38.38482777777777,10.0,352245.3333333333
8192.0,16000.0,256.0,64.0,1.0,16.0,14.0,42.0,3.0,4.0,5.0,6.0,3.0,1.0,2.0,2.0,4.0,4.0,6.0,5.0,1.0,5.0,6.0,5.0,1.0,4.0,5.0,5.0,6.0,1.0,5.0,6.0,4096.0,2048.0,1.0,1.0,4.0,1.0,1.0,1.0,1.0,64.0,1.0,1.0,6.0,5.0,2.0,6.0,5.0,5.0,6.0,3.0,2.0,5.0,5.0,4.0,6.0,4.0,2.0,2.0,1.0,2.0,8.0,2.0,1.0,192.0,1024.0,1.0,1.0,1.0,1.0,1.0,40.0,1.0,637534217.0,219407560.0,17794600.0,0.186831,42.0,10.0,338.0,1.3987982696848051e+17,36.44444444444444,36.44448888888889,10.0,338.0
16000.0,512000.0,256.0,64.0,1.0,48.0,18.0,34.0,2.0,4.0,1.0,1.0,2.0,2.0,3.0,6.0,1.0,1.0,3.0,4.0,3.0,3.0,5.0,1.0,3.0,4.0,2.0,5.0,4.0,5.0,3.0,1.0,256.0,512.0,1.0,8.0,512.0,1.0,1.0,1.0,1.0,32.0,32.0,1.0,3.0,6.0,6.0,5.0,1.0,1.0,6.0,5.0,2.0,2.0,5.0,2.0,6.0,3.0,4.0,2.0,4.0,5.0,32.0,128.0,1.0,96.0,256.0,1.0,1.0,1.0,1.0,5.0,8.0,1.0,724303881.0,156438380.0,14408200.0,0.152024,34.0,10.0,208.0,1.1330892577135278e+17,33.67624444444444,33.67624444444444,10.0,208.0
1024.0,128000.0,256.0,64.0,3.0,36.0,26.0,24.0,4.0,6.0,5.0,1.0,4.0,5.0,4.0,2.0,3.0,6.0,1.0,2.0,1.0,5.0,6.0,2.0,6.0,2.0,6.0,6.0,4.0,3.0,6.0,4.0,4.0,2.0,1.0,16.0,256.0,1.0,1.0,1.0,1.0,8.0,4.0,1.0,1.0,6.0,5.0,3.0,1.0,4.0,6.0,1.0,6.0,4.0,1.0,4.0,1.0,1.0,4.0,5.0,6.0,5.0,16.0,512.0,1.0,4.0,6.0,1.0,1.0,1.0,1.0,5.0,64.0,1.0,1133456684.0,40111640.0,265803000000.0,317.49811111111114,22464.0,10.0,314368.0,4.546480646420176e+16,22.5185,1.123473888888889,10.0,194702.22222222222
512.0,256000.0,256.0,64.0,2.0,10.0,6.0,10.0,6.0,5.0,5.0,3.0,4.0,4.0,4.0,2.0,1.0,5.0,2.0,1.0,1.0,1.0,2.0,3.0,3.0,5.0,6.0,2.0,2.0,5.0,2.0,2.0,256.0,64.0,1.0,256.0,2048.0,1.0,1.0,1.0,1.0,16.0,32.0,1.0,5.0,1.0,6.0,5.0,1.0,2.0,1.0,3.0,4.0,6.0,5.0,6.0,5.0,4.0,5.0,4.0,5.0,4.0,512.0,1024.0,1.0,384.0,6.0,1.0,1.0,1.0,1.0,40.0,16.0,1.0,913942152.0,42962197.0,25675100.0,0.8554838888888889,60.0,10.0,217088.0,3.9264962780827944e+16,38.794088888888886,2.9740388888888893,10.0,171683.55555555556
512000.0,2048000.0,256.0,64.0,3.0,12.0,26.0,28.0,3.0,3.0,3.0,5.0,4.0,4.0,3.0,2.0,3.0,4.0,3.0,6.0,4.0,3.0,3.0,5.0,2.0,4.0,2.0,1.0,5.0,1.0,4.0,6.0,1024.0,16.0,1.0,32.0,64.0,1.0,1.0,1.0,1.0,16.0,1.0,1.0,5.0,5.0,5.0,5.0,1.0,5.0,1.0,5.0,4.0,5.0,4.0,6.0,5.0,2.0,5.0,3.0,6.0,3.0,64.0,256.0,1.0,128.0,512.0,1.0,1.0,1.0,1.0,32.0,8.0,1.0,2550716928.0,32818808.0,42252400000.0,72.74334444444445,8736.0,10.0,753664.0,8.371148912238182e+16,9.11111111111111,0.03240738888888889,10.0,600746.6666666666
1024.0,2048000.0,256.0,64.0,2.0,46.0,34.0,2.0,2.0,1.0,3.0,6.0,5.0,1.0,4.0,1.0,2.0,5.0,5.0,3.0,4.0,1.0,6.0,4.0,2.0,6.0,3.0,2.0,2.0,1.0,1.0,2.0,1.0,4096.0,1.0,4.0,8.0,1.0,1.0,1.0,1.0,128.0,8.0,1.0,3.0,3.0,2.0,3.0,3.0,5.0,1.0,3.0,5.0,4.0,4.0,6.0,5.0,4.0,5.0,2.0,4.0,2.0,128.0,32.0,1.0,4.0,48.0,1.0,1.0,1.0,1.0,5.0,10.0,1.0,906952818.0,76720900.0,29252200.0,0.3236412222222222,68.0,10.0,12496.0,6.95822364544962e+16,24.88888888888889,11.412922222222223,10.0,7514.666666666667
256.0,1024000.0,256.0,64.0,1.0,42.0,22.0,36.0,5.0,3.0,4.0,1.0,6.0,5.0,4.0,5.0,2.0,1.0,1.0,2.0,5.0,6.0,3.0,3.0,5.0,1.0,1.0,2.0,6.0,2.0,2.0,4.0,64.0,4.0,1.0,2048.0,1.0,1.0,1.0,1.0,1.0,64.0,2.0,1.0,2.0,6.0,6.0,1.0,2.0,5.0,1.0,2.0,5.0,5.0,2.0,4.0,4.0,3.0,2.0,2.0,6.0,1.0,8.0,16.0,1.0,6.0,128.0,1.0,1.0,1.0,1.0,4.0,320.0,1.0,24427626505.0,266485200.0,15248600.0,0.159925,36.0,10.0,10.0,6.509600934710226e+18,1.0,1.2221688888888889,10.0,10.0
32000.0,32000000.0,256.0,64.0,1.0,14.0,2.0,10.0,5.0,3.0,3.0,1.0,2.0,5.0,5.0,6.0,3.0,4.0,2.0,3.0,6.0,6.0,2.0,4.0,6.0,4.0,1.0,4.0,2.0,5.0,4.0,6.0,16.0,1024.0,1.0,4.0,64.0,1.0,1.0,1.0,1.0,128.0,2.0,1.0,6.0,4.0,3.0,6.0,1.0,6.0,1.0,2.0,3.0,4.0,1.0,2.0,4.0,4.0,5.0,6.0,4.0,1.0,2048.0,128.0,1.0,24.0,1.0,1.0,1.0,1.0,1.0,160.0,1.0,1.0,2445148169.0,125694620.0,4640290.0,0.0490743,10.0,10.0,64.0,3.073419699461508e+17,9.99024,9.426205555555555,10.0,64.0
2048000.0,256000.0,256.0,64.0,1.0,18.0,8.0,10.0,2.0,3.0,5.0,3.0,1.0,6.0,1.0,6.0,1.0,3.0,2.0,4.0,6.0,6.0,5.0,5.0,1.0,4.0,5.0,1.0,6.0,3.0,6.0,2.0,128.0,2048.0,1.0,8.0,64.0,1.0,1.0,1.0,1.0,16.0,32.0,1.0,4.0,2.0,5.0,4.0,6.0,5.0,3.0,5.0,4.0,5.0,2.0,6.0,1.0,1.0,3.0,2.0,1.0,4.0,4096.0,16.0,1.0,16.0,6.0,1.0,1.0,1.0,1.0,64.0,5.0,1.0,24427626505.0,199796780.0,4640280.0,0.048888,10.0,10.0,10.0,4.880561118741654e+18,1.0,1.0000888888888888,10.0,10.0
128.0,64000.0,256.0,64.0,2.0,8.0,30.0,46.0,1.0,1.0,3.0,2.0,4.0,3.0,4.0,4.0,5.0,6.0,4.0,2.0,6.0,3.0,4.0,2.0,1.0,6.0,4.0,1.0,1.0,1.0,1.0,5.0,2.0,1024.0,1.0,8.0,32.0,1.0,1.0,1.0,1.0,1.0,128.0,1.0,3.0,4.0,1.0,5.0,5.0,2.0,2.0,2.0,5.0,4.0,5.0,4.0,3.0,5.0,1.0,4.0,4.0,4.0,8.0,4096.0,1.0,12.0,12.0,1.0,1.0,1.0,1.0,1.0,16.0,1.0,24666701833.0,100796880.0,1501950000.0,6.721743333333333,1380.0,10.0,272.0,2.486326584656681e+18,1.0,0.4920076666666666,10.0,183.11111111111111
16000.0,16000.0,256.0,64.0,3.0,30.0,30.0,32.0,4.0,2.0,3.0,2.0,2.0,4.0,4.0,2.0,1.0,4.0,1.0,2.0,3.0,4.0,2.0,4.0,3.0,6.0,2.0,2.0,3.0,3.0,1.0,4.0,4096.0,512.0,1.0,4.0,8.0,1.0,1.0,1.0,1.0,32.0,64.0,1.0,3.0,2.0,6.0,4.0,2.0,1.0,3.0,5.0,2.0,5.0,1.0,5.0,6.0,5.0,4.0,1.0,2.0,3.0,8.0,512.0,1.0,1536.0,256.0,1.0,1.0,1.0,1.0,4.0,5.0,1.0,7315704336.0,41740237.0,433766000000.0,511.26477777777774,28800.0,10.0,12639232.0,3.053592328065676e+17,4.888888888888889,0.37413168888888887,10.0,7284394.666666667
8192.0,128000.0,256.0,64.0,1.0,48.0,42.0,40.0,4.0,6.0,1.0,2.0,5.0,6.0,2.0,2.0,2.0,2.0,2.0,1.0,2.0,1.0,3.0,4.0,5.0,3.0,3.0,1.0,2.0,1.0,5.0,3.0,16.0,128.0,1.0,32.0,32.0,1.0,1.0,1.0,1.0,4.0,8.0,1.0,3.0,4.0,1.0,2.0,1.0,2.0,5.0,6.0,3.0,5.0,2.0,3.0,6.0,1.0,5.0,2.0,4.0,4.0,256.0,1.0,1.0,16.0,3072.0,1.0,1.0,1.0,1.0,320.0,8.0,1.0,613679113.0,189819860.0,16941900.0,0.177911,40.0,10.0,244.0,1.1648848331458418e+17,39.66876666666666,39.66876666666666,10.0,244.0
8192.0,16000.0,256.0,64.0,1.0,48.0,44.0,48.0,2.0,4.0,1.0,1.0,6.0,3.0,2.0,6.0,3.0,4.0,5.0,4.0,6.0,3.0,1.0,4.0,3.0,2.0,2.0,5.0,4.0,6.0,5.0,2.0,1024.0,128.0,1.0,4.0,1024.0,1.0,1.0,1.0,1.0,64.0,32.0,1.0,5.0,5.0,6.0,2.0,5.0,2.0,2.0,2.0,1.0,4.0,4.0,2.0,1.0,5.0,1.0,4.0,1.0,3.0,32.0,256.0,1.0,3072.0,12.0,1.0,1.0,1.0,1.0,160.0,8.0,1.0,24427626505.0,313741300.0,20377200.0,0.211504,48.0,10.0,10.0,7.663955295593157e+18,1.0,1.49988,10.0,10.0
32000.0,128000.0,256.0,64.0,2.0,28.0,36.0,46.0,2.0,4.0,5.0,6.0,2.0,5.0,3.0,4.0,1.0,2.0,1.0,3.0,3.0,6.0,6.0,5.0,1.0,1.0,5.0,3.0,6.0,4.0,5.0,3.0,1024.0,256.0,1.0,32.0,32.0,1.0,1.0,1.0,1.0,16.0,16.0,1.0,3.0,5.0,6.0,4.0,3.0,4.0,6.0,5.0,3.0,4.0,1.0,2.0,6.0,3.0,6.0,2.0,1.0,4.0,32.0,256.0,1.0,2.0,1536.0,1.0,1.0,1.0,1.0,40.0,64.0,1.0,3054441293.0,35806105.0,2035120000.0,8.44451888888889,1656.0,10.0,90112.0,1.0936764565349376e+17,8.0,0.2710925555555555,10.0,52209.77777777778
2048.0,256000.0,256.0,64.0,3.0,38.0,26.0,48.0,3.0,5.0,5.0,5.0,1.0,6.0,2.0,4.0,4.0,4.0,4.0,4.0,4.0,3.0,5.0,4.0,1.0,4.0,2.0,4.0,2.0,6.0,2.0,5.0,16.0,8.0,1.0,256.0,512.0,1.0,1.0,1.0,1.0,8.0,16.0,1.0,6.0,3.0,6.0,3.0,6.0,3.0,2.0,4.0,1.0,4.0,1.0,4.0,5.0,4.0,2.0,5.0,1.0,2.0,4.0,32.0,1.0,4.0,768.0,1.0,1.0,1.0,1.0,10.0,20.0,1.0,2992358003.0,37514743.0,1164360000000.0,1187.6644444444446,47424.0,10.0,81152.0,1.1225754144653822e+17,14.222222222222221,0.4866941111111111,10.0,59875.555555555555
256.0,64000.0,256.0,64.0,3.0,14.0,44.0,14.0,4.0,4.0,3.0,6.0,1.0,6.0,6.0,5.0,2.0,6.0,1.0,6.0,2.0,5.0,2.0,5.0,2.0,6.0,5.0,6.0,5.0,4.0,4.0,2.0,2048.0,8.0,1.0,8.0,256.0,1.0,1.0,1.0,1.0,8.0,4.0,1.0,3.0,3.0,3.0,2.0,6.0,2.0,4.0,6.0,2.0,4.0,4.0,3.0,4.0,3.0,6.0,6.0,1.0,1.0,4.0,4096.0,1.0,6.0,1.0,1.0,1.0,1.0,1.0,1.0,64.0,1.0,1579196000.0,32634101.0,41218700000.0,76.8668,8624.0,10.0,2674432.0,5.1535641762796e+16,39.55555555555556,0.3860677222222222,10.0,2181205.3333333335
512000.0,8192000.0,256.0,64.0,1.0,18.0,40.0,30.0,1.0,5.0,6.0,5.0,1.0,6.0,3.0,6.0,5.0,2.0,3.0,6.0,4.0,1.0,3.0,2.0,2.0,4.0,4.0,3.0,6.0,2.0,3.0,6.0,64.0,32.0,1.0,2048.0,64.0,1.0,1.0,1.0,1.0,8.0,4.0,1.0,6.0,4.0,3.0,3.0,4.0,4.0,4.0,4.0,3.0,1.0,1.0,6.0,5.0,2.0,2.0,5.0,2.0,6.0,2.0,64.0,1.0,192.0,32.0,1.0,1.0,1.0,1.0,320.0,64.0,1.0,24427626505.0,209641600.0,12739400.0,0.134183,30.0,10.0,10.0,5.121046704710608e+18,1.0,1.0,10.0,10.0
32000.0,128000.0,256.0,64.0,1.0,24.0,10.0,36.0,2.0,5.0,3.0,2.0,2.0,1.0,2.0,2.0,5.0,2.0,6.0,1.0,3.0,3.0,4.0,4.0,5.0,2.0,1.0,6.0,3.0,6.0,3.0,4.0,8.0,8.0,1.0,1.0,1024.0,1.0,1.0,1.0,1.0,4.0,128.0,1.0,6.0,4.0,5.0,6.0,3.0,1.0,1.0,6.0,1.0,6.0,4.0,3.0,6.0,4.0,3.0,2.0,5.0,6.0,16.0,256.0,1.0,48.0,8.0,1.0,1.0,1.0,1.0,160.0,160.0,1.0,683147273.0,156247760.0,15248700.0,0.16065000000000002,36.0,10.0,220.0,1.0674023115635848e+17,35.813744444444445,35.813744444444445,10.0,220.0
2048.0,4096000.0,256.0,64.0,1.0,8.0,36.0,8.0,1.0,4.0,4.0,1.0,5.0,6.0,5.0,2.0,2.0,5.0,6.0,6.0,5.0,3.0,5.0,4.0,1.0,2.0,2.0,5.0,3.0,5.0,5.0,3.0,4096.0,2048.0,1.0,64.0,2048.0,1.0,1.0,1.0,1.0,32.0,128.0,1.0,6.0,2.0,3.0,5.0,2.0,3.0,2.0,6.0,5.0,4.0,2.0,6.0,5.0,5.0,2.0,3.0,5.0,6.0,32.0,8.0,1.0,8.0,128.0,1.0,1.0,1.0,1.0,5.0,40.0,1.0,24427626505.0,266485200.0,3852790.0,0.0403688,8.0,10.0,10.0,6.509600934710226e+18,1.0,1.2221688888888889,10.0,10.0
8192.0,512000.0,256.0,64.0,1.0,10.0,8.0,32.0,5.0,3.0,4.0,4.0,4.0,3.0,2.0,2.0,4.0,4.0,3.0,4.0,6.0,6.0,5.0,4.0,5.0,3.0,6.0,1.0,1.0,1.0,1.0,5.0,2.0,1.0,1.0,8.0,32.0,1.0,1.0,1.0,1.0,1.0,64.0,1.0,6.0,6.0,5.0,5.0,6.0,1.0,3.0,1.0,3.0,3.0,4.0,1.0,1.0,3.0,2.0,4.0,6.0,5.0,4096.0,2.0,1.0,3072.0,32.0,1.0,1.0,1.0,1.0,8.0,16.0,1.0,763363337.0,201555280.0,13571700.0,0.14340199999999997,32.0,10.0,196.0,1.5385991113076934e+17,32.0,40.63897777777778,10.0,196.0
512000.0,32000.0,256.0,64.0,1.0,28.0,28.0,22.0,5.0,4.0,4.0,1.0,6.0,3.0,1.0,6.0,1.0,3.0,4.0,3.0,2.0,4.0,2.0,5.0,6.0,3.0,4.0,6.0,4.0,3.0,4.0,2.0,16.0,64.0,1.0,4.0,4.0,1.0,1.0,1.0,1.0,4.0,64.0,1.0,2.0,4.0,5.0,6.0,1.0,3.0,3.0,4.0,1.0,6.0,2.0,5.0,4.0,1.0,1.0,6.0,4.0,5.0,512.0,16.0,1.0,48.0,1536.0,1.0,1.0,1.0,1.0,20.0,40.0,1.0,24427626505.0,209969900.0,9450830.0,0.100003,22.0,10.0,10.0,5.1290662944922e+18,1.0,1.00356,10.0,10.0
8192.0,16000.0,256.0,64.0,2.0,46.0,8.0,48.0,1.0,2.0,6.0,2.0,4.0,2.0,1.0,4.0,5.0,4.0,5.0,4.0,4.0,3.0,2.0,4.0,1.0,6.0,1.0,5.0,1.0,5.0,4.0,6.0,8.0,32.0,1.0,2048.0,16.0,1.0,1.0,1.0,1.0,128.0,64.0,1.0,2.0,1.0,3.0,2.0,5.0,4.0,5.0,4.0,6.0,1.0,2.0,3.0,4.0,6.0,6.0,6.0,3.0,2.0,4096.0,1024.0,1.0,8.0,6.0,1.0,1.0,1.0,1.0,160.0,1.0,1.0,24429789356.0,50277957.0,223565000.0,1.7434722222222223,384.0,10.0,16408.0,1.2282798987600256e+18,1.0,0.14927177777777778,10.0,10594.666666666666
8192.0,4096000.0,256.0,64.0,1.0,20.0,2.0,28.0,4.0,2.0,5.0,4.0,2.0,1.0,1.0,3.0,1.0,2.0,6.0,1.0,5.0,3.0,5.0,3.0,6.0,6.0,1.0,6.0,2.0,1.0,3.0,1.0,64.0,1.0,1.0,2.0,1024.0,1.0,1.0,1.0,1.0,16.0,2.0,1.0,5.0,4.0,6.0,6.0,5.0,4.0,6.0,5.0,5.0,6.0,2.0,2.0,4.0,4.0,5.0,2.0,2.0,4.0,4.0,16.0,1.0,128.0,1.0,1.0,1.0,1.0,1.0,1.0,16.0,1.0,24427626505.0,256622400.0,11911100.0,0.125609,28.0,10.0,10.0,6.268676140016712e+18,1.0,1.0034711111111112,10.0,10.0
8192.0,16000000.0,256.0,64.0,3.0,16.0,38.0,30.0,2.0,6.0,4.0,5.0,3.0,6.0,2.0,4.0,6.0,2.0,2.0,1.0,4.0,3.0,2.0,4.0,3.0,5.0,5.0,5.0,5.0,4.0,4.0,3.0,256.0,2.0,1.0,64.0,8.0,1.0,1.0,1.0,1.0,4.0,64.0,1.0,3.0,3.0,4.0,1.0,1.0,6.0,1.0,3.0,3.0,2.0,4.0,5.0,4.0,4.0,1.0,2.0,6.0,4.0,256.0,128.0,1.0,64.0,6.0,1.0,1.0,1.0,1.0,16.0,40.0,1.0,327313480.0,32937596.6,176560000000.0,225.7542222222222,18240.0,10.0,688128.0,1.0780919365982168e+16,85.33333333333333,0.4930555555555556,10.0,653994.6666666666
64000.0,64000.0,256.0,64.0,1.0,34.0,12.0,26.0,2.0,3.0,1.0,6.0,4.0,1.0,3.0,1.0,1.0,2.0,1.0,5.0,1.0,2.0,2.0,2.0,1.0,1.0,3.0,4.0,2.0,6.0,2.0,6.0,4096.0,8.0,1.0,4.0,1024.0,1.0,1.0,1.0,1.0,1.0,16.0,1.0,1.0,3.0,1.0,2.0,2.0,5.0,4.0,4.0,4.0,2.0,4.0,2.0,2.0,6.0,2.0,1.0,4.0,6.0,1.0,2.0,1.0,256.0,6.0,1.0,1.0,1.0,1.0,80.0,1.0,1.0,1082130441.0,257513800.0,11087000.0,0.11773099999999999,26.0,10.0,210.0,2.786635219575858e+17,22.179855555555555,22.441755555555556,10.0,210.0
2048000.0,512000.0,256.0,64.0,3.0,26.0,6.0,24.0,5.0,2.0,4.0,2.0,4.0,6.0,3.0,1.0,6.0,4.0,6.0,5.0,1.0,4.0,6.0,3.0,4.0,2.0,6.0,6.0,1.0,2.0,3.0,1.0,64.0,1024.0,1.0,4.0,4.0,1.0,1.0,1.0,1.0,4.0,8.0,1.0,4.0,6.0,5.0,6.0,5.0,3.0,2.0,3.0,1.0,6.0,1.0,1.0,1.0,3.0,5.0,6.0,3.0,3.0,128.0,16.0,1.0,32.0,2.0,1.0,1.0,1.0,1.0,5.0,4.0,1.0,6913327391.0,55984241.0,8584010000.0,22.158855555555554,3744.0,10.0,24640.0,3.8703738676964525e+17,4.592591111111111,0.7086961111111111,10.0,16391.11111111111
8192.0,4096000.0,256.0,64.0,3.0,28.0,10.0,14.0,1.0,5.0,2.0,5.0,1.0,3.0,4.0,5.0,5.0,5.0,1.0,5.0,5.0,5.0,4.0,6.0,4.0,4.0,4.0,2.0,6.0,6.0,5.0,6.0,256.0,512.0,1.0,256.0,256.0,1.0,1.0,1.0,1.0,1.0,2.0,1.0,2.0,2.0,1.0,4.0,3.0,1.0,4.0,2.0,1.0,6.0,4.0,5.0,3.0,3.0,4.0,6.0,6.0,6.0,32.0,1.0,1.0,384.0,1.0,1.0,1.0,1.0,1.0,16.0,20.0,1.0,2676527007.0,47211050.0,9339300000.0,27.25841111111111,3920.0,10.0,2106368.0,1.2636165035382734e+17,12.444444444444445,1.7856433333333332,10.0,1105834.6666666667
256000.0,4096000.0,256.0,64.0,3.0,40.0,8.0,32.0,1.0,2.0,1.0,4.0,3.0,4.0,1.0,2.0,4.0,6.0,3.0,5.0,4.0,3.0,3.0,5.0,4.0,6.0,5.0,1.0,1.0,6.0,6.0,3.0,32.0,4096.0,1.0,1.0,64.0,1.0,1.0,1.0,1.0,4.0,64.0,1.0,2.0,2.0,2.0,3.0,5.0,3.0,4.0,5.0,2.0,2.0,4.0,1.0,1.0,6.0,2.0,3.0,2.0,3.0,1024.0,512.0,1.0,3072.0,1024.0,1.0,1.0,1.0,1.0,320.0,8.0,1.0,22297046400.0,32555701.8,57375800000.0,109.10422222222222,10240.0,10.0,8912896.0,7.258959936191635e+17,1.4444444444444444,0.0,10.0,5657941.333333333
2048.0,32000000.0,256.0,64.0,3.0,10.0,44.0,6.0,3.0,4.0,4.0,2.0,4.0,2.0,2.0,1.0,6.0,6.0,1.0,2.0,4.0,6.0,4.0,2.0,2.0,2.0,4.0,5.0,1.0,3.0,2.0,4.0,8.0,4096.0,1.0,1024.0,1024.0,1.0,1.0,1.0,1.0,4.0,32.0,1.0,6.0,2.0,3.0,1.0,3.0,1.0,6.0,2.0,6.0,5.0,4.0,5.0,5.0,3.0,1.0,2.0,2.0,3.0,128.0,2.0,1.0,64.0,48.0,1.0,1.0,1.0,1.0,32.0,40.0,1.0,4246481332.0,33247820.8,4569540000.0,40.96904444444444,2640.0,10.0,17104896.0,1.4118625035688131e+17,6.222222222222222,0.05078122222222223,10.0,7727331.555555556
1024.0,64000.0,256.0,64.0,1.0,28.0,10.0,14.0,1.0,1.0,6.0,4.0,3.0,4.0,4.0,3.0,3.0,5.0,2.0,3.0,2.0,6.0,5.0,3.0,1.0,1.0,3.0,3.0,5.0,4.0,1.0,4.0,2048.0,4.0,1.0,2.0,256.0,1.0,1.0,1.0,1.0,32.0,8.0,1.0,1.0,3.0,4.0,5.0,3.0,5.0,4.0,6.0,4.0,6.0,6.0,5.0,5.0,3.0,3.0,6.0,1.0,2.0,16.0,8.0,1.0,1.0,1.0,1.0,1.0,1.0,1.0,10.0,64.0,1.0,24427626505.0,199801580.0,6227490.0,0.0659263,14.0,10.0,10.0,4.880678371348878e+18,1.0,1.0001955555555555,10.0,10.0
32000.0,1024000.0,256.0,64.0,3.0,6.0,12.0,24.0,5.0,3.0,6.0,1.0,3.0,1.0,5.0,4.0,5.0,6.0,4.0,1.0,4.0,6.0,2.0,1.0,6.0,6.0,5.0,5.0,3.0,3.0,6.0,3.0,4096.0,64.0,1.0,4.0,8.0,1.0,1.0,1.0,1.0,16.0,1.0,1.0,6.0,4.0,6.0,3.0,4.0,4.0,6.0,5.0,6.0,6.0,5.0,3.0,5.0,3.0,6.0,2.0,1.0,1.0,2048.0,256.0,1.0,256.0,128.0,1.0,1.0,1.0,1.0,64.0,40.0,1.0,220385120.0,33870150.0,2187100000.0,11.554844444444445,1728.0,10.0,1343488.0,7464477072168000.0,113.77797777777778,1.7621511111111114,10.0,833877.3333333334
2048.0,16000.0,256.0,64.0,3.0,20.0,30.0,18.0,4.0,4.0,3.0,5.0,5.0,1.0,5.0,1.0,5.0,3.0,4.0,4.0,1.0,1.0,6.0,4.0,2.0,1.0,6.0,5.0,5.0,5.0,6.0,4.0,128.0,1024.0,1.0,1.0,8.0,1.0,1.0,1.0,1.0,128.0,1.0,1.0,6.0,5.0,5.0,5.0,3.0,6.0,5.0,4.0,1.0,6.0,2.0,4.0,1.0,3.0,3.0,2.0,1.0,3.0,64.0,512.0,1.0,4.0,1.0,1.0,1.0,1.0,1.0,1.0,40.0,1.0,462204200.0,32650068.0,63594700000.0,98.20365555555556,10800.0,10.0,334336.0,1.50909985598856e+16,78.22222222222223,0.2693867777777778,10.0,310442.6666666667
64000.0,128000.0,256.0,64.0,2.0,2.0,28.0,44.0,5.0,3.0,2.0,2.0,6.0,2.0,5.0,4.0,2.0,6.0,4.0,4.0,5.0,4.0,6.0,1.0,5.0,5.0,2.0,1.0,5.0,1.0,6.0,3.0,4096.0,4.0,1.0,1024.0,64.0,1.0,1.0,1.0,1.0,64.0,128.0,1.0,4.0,3.0,2.0,5.0,5.0,1.0,5.0,1.0,4.0,6.0,6.0,6.0,3.0,1.0,5.0,1.0,3.0,2.0,4096.0,64.0,1.0,3.0,96.0,1.0,1.0,1.0,1.0,4.0,320.0,1.0,1729363986.0,61371490.0,1248030000.0,5.936940000000001,1232.0,10.0,9216.0,1.0613364457315914e+17,19.555555555555557,4.716450666666667,10.0,4607.111111111111
16000.0,16000000.0,256.0,64.0,1.0,34.0,4.0,16.0,6.0,6.0,3.0,4.0,2.0,1.0,3.0,6.0,6.0,4.0,2.0,4.0,6.0,6.0,5.0,3.0,6.0,2.0,2.0,2.0,1.0,6.0,3.0,6.0,2.0,16.0,1.0,1024.0,16.0,1.0,1.0,1.0,1.0,8.0,128.0,1.0,5.0,5.0,5.0,2.0,1.0,3.0,4.0,5.0,6.0,2.0,4.0,2.0,5.0,6.0,3.0,6.0,6.0,5.0,8.0,32.0,1.0,2.0,2.0,1.0,1.0,1.0,1.0,64.0,40.0,1.0,1526726665.0,195516320.0,7027220.0,0.0747559,16.0,10.0,100.0,2.984999791866728e+17,16.0,16.87491111111111,10.0,100.0
1024.0,512000.0,256.0,64.0,1.0,8.0,16.0,42.0,4.0,3.0,4.0,2.0,3.0,2.0,4.0,1.0,2.0,5.0,3.0,5.0,2.0,5.0,5.0,3.0,2.0,5.0,6.0,3.0,5.0,6.0,4.0,5.0,2.0,2.0,1.0,8.0,2.0,1.0,1.0,1.0,1.0,4.0,64.0,1.0,2.0,3.0,1.0,1.0,3.0,2.0,6.0,6.0,2.0,5.0,3.0,2.0,1.0,3.0,2.0,3.0,4.0,3.0,128.0,2048.0,1.0,6.0,3.0,1.0,1.0,1.0,1.0,320.0,64.0,1.0,584450057.0,191178360.0,17794600.0,0.186548,42.0,10.0,256.0,1.1173420339916653e+17,41.7959,44.002744444444446,10.0,256.0
1024000.0,32000.0,256.0,64.0,1.0,40.0,8.0,14.0,5.0,2.0,4.0,5.0,1.0,6.0,3.0,4.0,4.0,4.0,6.0,2.0,1.0,1.0,5.0,2.0,2.0,3.0,2.0,3.0,6.0,2.0,3.0,1.0,4.0,8.0,1.0,512.0,2048.0,1.0,1.0,1.0,1.0,32.0,4.0,1.0,2.0,3.0,4.0,3.0,3.0,5.0,1.0,4.0,5.0,3.0,3.0,5.0,4.0,4.0,4.0,6.0,4.0,6.0,4.0,8.0,1.0,3072.0,3072.0,1.0,1.0,1.0,1.0,40.0,5.0,1.0,24427626505.0,209969900.0,6227490.0,0.0659263,14.0,10.0,10.0,5.1290662944922e+18,1.0,1.00356,10.0,10.0
1024000.0,32000.0,256.0,64.0,1.0,2.0,36.0,24.0,4.0,4.0,1.0,4.0,4.0,5.0,2.0,4.0,2.0,1.0,1.0,3.0,4.0,1.0,1.0,5.0,1.0,5.0,6.0,5.0,4.0,4.0,2.0,5.0,8.0,4.0,1.0,1024.0,8.0,1.0,1.0,1.0,1.0,4.0,2.0,1.0,3.0,3.0,4.0,6.0,3.0,2.0,2.0,5.0,1.0,1.0,3.0,5.0,1.0,6.0,3.0,4.0,5.0,4.0,256.0,2048.0,1.0,512.0,512.0,1.0,1.0,1.0,1.0,10.0,16.0,1.0,24427626505.0,303568100.0,10266900.0,0.10852200000000001,24.0,10.0,10.0,7.41544816563249e+18,1.0,1.2777111111111112,10.0,10.0
1024.0,128000.0,256.0,64.0,1.0,26.0,18.0,48.0,2.0,6.0,5.0,3.0,2.0,2.0,2.0,3.0,2.0,1.0,5.0,5.0,4.0,3.0,2.0,5.0,2.0,4.0,3.0,3.0,4.0,1.0,3.0,5.0,2.0,256.0,1.0,32.0,2.0,1.0,1.0,1.0,1.0,4.0,16.0,1.0,4.0,5.0,4.0,3.0,4.0,5.0,5.0,2.0,2.0,3.0,3.0,2.0,1.0,4.0,6.0,4.0,5.0,5.0,256.0,1024.0,1.0,2.0,4.0,1.0,1.0,1.0,1.0,4.0,40.0,1.0,509607945.0,192256140.0,20377200.0,0.212477,48.0,10.0,292.0,9.79752564190323e+16,47.83462222222222,47.83462222222222,10.0,292.0
128.0,256000.0,256.0,64.0,1.0,18.0,40.0,40.0,6.0,2.0,2.0,6.0,6.0,5.0,6.0,3.0,5.0,4.0,1.0,3.0,4.0,3.0,3.0,3.0,3.0,5.0,4.0,1.0,1.0,3.0,4.0,1.0,256.0,256.0,1.0,8.0,32.0,1.0,1.0,1.0,1.0,128.0,2.0,1.0,6.0,6.0,3.0,3.0,4.0,5.0,3.0,2.0,3.0,4.0,5.0,4.0,4.0,1.0,6.0,3.0,5.0,2.0,8.0,512.0,1.0,96.0,6.0,1.0,1.0,1.0,1.0,8.0,320.0,1.0,614268937.0,97853300.0,16941900.0,0.177911,40.0,10.0,244.0,6.01082425729421e+16,39.767,19.89151111111111,10.0,244.0
2048000.0,64000.0,256.0,64.0,2.0,40.0,36.0,24.0,3.0,2.0,3.0,6.0,1.0,4.0,3.0,3.0,6.0,1.0,2.0,1.0,2.0,3.0,4.0,4.0,2.0,1.0,3.0,5.0,6.0,2.0,5.0,3.0,1024.0,4096.0,1.0,4.0,512.0,1.0,1.0,1.0,1.0,128.0,8.0,1.0,1.0,2.0,2.0,1.0,6.0,6.0,4.0,3.0,3.0,2.0,1.0,1.0,6.0,5.0,6.0,2.0,3.0,3.0,1.0,1024.0,1.0,1536.0,12.0,1.0,1.0,1.0,1.0,64.0,2.0,1.0,923805765.0,128353653.0,713461000.0,4.434597777777777,864.0,10.0,271360.0,1.1857384460020955e+17,24.88888888888889,18.45599111111111,10.0,121657.77777777778
4096.0,1024000.0,256.0,64.0,2.0,48.0,16.0,4.0,4.0,4.0,2.0,1.0,4.0,1.0,5.0,4.0,2.0,4.0,3.0,6.0,6.0,1.0,3.0,1.0,3.0,2.0,6.0,3.0,2.0,4.0,4.0,2.0,1.0,256.0,1.0,4.0,32.0,1.0,1.0,1.0,1.0,128.0,4.0,1.0,5.0,2.0,4.0,4.0,2.0,1.0,6.0,1.0,6.0,5.0,3.0,2.0,3.0,5.0,1.0,4.0,2.0,2.0,256.0,2048.0,1.0,64.0,768.0,1.0,1.0,1.0,1.0,160.0,5.0,1.0,398479764.0,56293590.0,27502400.0,1.3654975555555555,64.0,10.0,565888.0,2.243185645791276e+16,64.0,12.665133333333333,10.0,314510.22222222225
2048000.0,256000.0,256.0,64.0,1.0,28.0,44.0,16.0,1.0,5.0,4.0,3.0,1.0,3.0,4.0,6.0,1.0,4.0,6.0,6.0,4.0,1.0,6.0,3.0,6.0,6.0,6.0,4.0,4.0,6.0,3.0,1.0,1.0,1.0,1.0,16.0,32.0,1.0,1.0,1.0,1.0,1.0,8.0,1.0,1.0,2.0,5.0,4.0,4.0,5.0,4.0,5.0,3.0,3.0,4.0,3.0,2.0,4.0,2.0,4.0,3.0,6.0,16.0,512.0,1.0,3072.0,32.0,1.0,1.0,1.0,1.0,40.0,20.0,1.0,1526726665.0,205554540.0,7027220.0,0.0747559,16.0,10.0,100.0,3.138255973298091e+17,16.0,16.0,10.0,100.0
32000.0,16000000.0,256.0,64.0,2.0,4.0,16.0,18.0,4.0,3.0,4.0,4.0,2.0,6.0,3.0,4.0,3.0,3.0,2.0,2.0,4.0,6.0,2.0,1.0,1.0,6.0,4.0,5.0,1.0,1.0,3.0,4.0,2.0,1.0,1.0,2.0,2048.0,1.0,1.0,1.0,1.0,2.0,32.0,1.0,4.0,1.0,1.0,2.0,3.0,4.0,3.0,5.0,2.0,4.0,2.0,1.0,5.0,6.0,1.0,5.0,3.0,6.0,64.0,4.0,1.0,128.0,768.0,1.0,1.0,1.0,1.0,16.0,16.0,1.0,10404331539.0,88578670.0,153770000.0,1.2796377777777777,288.0,10.0,5248.0,9.216018499636731e+17,2.6666666666666665,0.9108333333333333,10.0,2922.6666666666665
1024000.0,64000.0,256.0,64.0,2.0,30.0,46.0,28.0,5.0,3.0,2.0,1.0,3.0,6.0,6.0,2.0,6.0,5.0,6.0,3.0,3.0,2.0,4.0,6.0,4.0,1.0,6.0,3.0,4.0,4.0,2.0,4.0,128.0,256.0,1.0,16.0,16.0,1.0,1.0,1.0,1.0,4.0,2.0,1.0,6.0,6.0,3.0,5.0,6.0,6.0,4.0,6.0,4.0,2.0,2.0,2.0,2.0,1.0,1.0,3.0,4.0,5.0,512.0,256.0,1.0,1024.0,1024.0,1.0,1.0,1.0,1.0,160.0,2.0,1.0,955296302.0,42870110.0,1341540000.0,7.243374444444445,1288.0,10.0,529408.0,4.095365754933322e+16,25.6,5.757008888888889,10.0,296192.0
4096.0,256000.0,256.0,64.0,1.0,44.0,18.0,26.0,3.0,1.0,1.0,3.0,3.0,5.0,6.0,4.0,3.0,6.0,4.0,3.0,2.0,4.0,6.0,5.0,4.0,3.0,2.0,1.0,1.0,3.0,2.0,5.0,2.0,2.0,1.0,512.0,2.0,1.0,1.0,1.0,1.0,1.0,1.0,1.0,4.0,2.0,3.0,2.0,3.0,4.0,3.0,5.0,5.0,6.0,1.0,3.0,5.0,1.0,1.0,2.0,3.0,3.0,4.0,2048.0,1.0,32.0,2.0,1.0,1.0,1.0,1.0,10.0,2.0,1.0,24427626505.0,199786080.0,11087000.0,0.11704099999999999,26.0,10.0,10.0,4.88029974313805e+18,1.0,1.0001066666666665,10.0,10.0
1024000.0,256000.0,256.0,64.0,1.0,46.0,16.0,40.0,1.0,3.0,2.0,6.0,5.0,2.0,3.0,1.0,6.0,6.0,5.0,3.0,5.0,4.0,5.0,6.0,4.0,5.0,4.0,6.0,4.0,2.0,1.0,1.0,64.0,128.0,1.0,128.0,2.0,1.0,1.0,1.0,1.0,2.0,16.0,1.0,3.0,3.0,6.0,6.0,4.0,4.0,1.0,1.0,2.0,5.0,4.0,6.0,2.0,2.0,4.0,4.0,5.0,1.0,64.0,4096.0,1.0,48.0,3.0,1.0,1.0,1.0,1.0,4.0,320.0,1.0,637534217.0,164164600.0,16941900.0,0.178181,40.0,10.0,322.0,1.046605497201182e+17,36.44444444444444,36.555622222222226,10.0,322.0
128000.0,128000.0,256.0,64.0,1.0,38.0,10.0,38.0,3.0,1.0,5.0,3.0,5.0,5.0,2.0,2.0,4.0,2.0,1.0,2.0,4.0,2.0,1.0,4.0,6.0,5.0,3.0,4.0,6.0,3.0,1.0,4.0,32.0,8.0,1.0,8.0,256.0,1.0,1.0,1.0,1.0,128.0,64.0,1.0,6.0,3.0,6.0,2.0,3.0,6.0,1.0,6.0,1.0,6.0,1.0,5.0,6.0,6.0,3.0,6.0,3.0,4.0,8.0,1024.0,1.0,512.0,48.0,1.0,1.0,1.0,1.0,64.0,5.0,1.0,24427626505.0,256622400.0,16093200.0,0.168513,38.0,10.0,10.0,6.268676140016712e+18,1.0,1.0034711111111112,10.0,10.0
128000.0,64000.0,256.0,64.0,2.0,14.0,22.0,14.0,3.0,2.0,6.0,2.0,2.0,3.0,3.0,4.0,6.0,3.0,3.0,5.0,3.0,2.0,3.0,1.0,5.0,2.0,3.0,2.0,3.0,1.0,5.0,2.0,256.0,4.0,1.0,8.0,512.0,1.0,1.0,1.0,1.0,4.0,4.0,1.0,3.0,5.0,2.0,2.0,1.0,3.0,5.0,6.0,6.0,3.0,4.0,1.0,4.0,6.0,4.0,2.0,4.0,5.0,1.0,16.0,1.0,64.0,12.0,1.0,1.0,1.0,1.0,160.0,160.0,1.0,21250441225.0,133323330.0,167535000.0,1.3682711111111112,308.0,10.0,4184.0,2.833179588086279e+18,2.3333333333333335,0.986267111111111,10.0,2395.5555555555557
64000.0,512000.0,256.0,64.0,3.0,20.0,22.0,38.0,3.0,4.0,6.0,3.0,2.0,5.0,1.0,2.0,4.0,3.0,5.0,6.0,5.0,4.0,5.0,4.0,4.0,1.0,3.0,6.0,5.0,6.0,1.0,4.0,16.0,16.0,1.0,8.0,2048.0,1.0,1.0,1.0,1.0,64.0,4.0,1.0,3.0,1.0,2.0,5.0,1.0,2.0,5.0,6.0,4.0,5.0,1.0,3.0,4.0,4.0,6.0,5.0,5.0,2.0,8.0,16.0,1.0,384.0,1024.0,1.0,1.0,1.0,1.0,80.0,4.0,1.0,1117468521.0,40022981.0,148896000000.0,194.62644444444445,16720.0,10.0,329728.0,4.47244213840811e+16,22.622388888888892,1.4380804444444444,10.0,257194.66666666666
256.0,128000.0,256.0,64.0,2.0,36.0,24.0,44.0,6.0,4.0,2.0,1.0,4.0,5.0,5.0,6.0,1.0,3.0,5.0,1.0,6.0,2.0,6.0,6.0,1.0,6.0,3.0,6.0,6.0,2.0,1.0,2.0,128.0,16.0,1.0,2048.0,1024.0,1.0,1.0,1.0,1.0,16.0,4.0,1.0,1.0,3.0,4.0,5.0,1.0,6.0,6.0,1.0,6.0,4.0,3.0,3.0,2.0,4.0,1.0,5.0,5.0,5.0,1.0,2.0,1.0,3.0,8.0,1.0,1.0,1.0,1.0,40.0,1.0,1.0,1165140765.0,84406232.0,975215000.0,6.218211111111112,1056.0,10.0,797696.0,9.834514172324749e+16,23.650755555555556,7.042875555555556,10.0,354671.55555555556
512000.0,32000.0,256.0,64.0,3.0,6.0,24.0,2.0,4.0,2.0,1.0,6.0,2.0,3.0,3.0,3.0,4.0,4.0,4.0,4.0,1.0,5.0,1.0,2.0,1.0,2.0,4.0,4.0,4.0,6.0,3.0,5.0,32.0,1024.0,1.0,2048.0,1024.0,1.0,1.0,1.0,1.0,2.0,8.0,1.0,6.0,5.0,3.0,6.0,2.0,3.0,2.0,5.0,5.0,1.0,4.0,5.0,4.0,3.0,6.0,5.0,4.0,6.0,1024.0,2.0,1.0,96.0,24.0,1.0,1.0,1.0,1.0,4.0,32.0,1.0,224443296.0,33083787.0,154236000.0,9.35415,288.0,10.0,4489216.0,7425434198441952.0,102.57257777777778,1.1487283333333334,10.0,2343367.111111111
8192.0,4096000.0,256.0,64.0,1.0,24.0,14.0,28.0,3.0,6.0,3.0,2.0,4.0,3.0,6.0,3.0,5.0,3.0,4.0,3.0,1.0,2.0,6.0,5.0,2.0,1.0,5.0,1.0,4.0,6.0,1.0,3.0,32.0,4096.0,1.0,16.0,512.0,1.0,1.0,1.0,1.0,1.0,2.0,1.0,4.0,2.0,2.0,6.0,2.0,5.0,5.0,4.0,1.0,1.0,1.0,5.0,5.0,2.0,5.0,3.0,5.0,6.0,128.0,128.0,1.0,32.0,384.0,1.0,1.0,1.0,1.0,4.0,5.0,1.0,876085257.0,199376080.0,11911200.0,0.12616800000000003,28.0,10.0,172.0,1.7467044428645254e+17,27.815477777777776,27.815477777777776,10.0,172.0
4096.0,128000.0,256.0,64.0,2.0,4.0,42.0,48.0,4.0,5.0,1.0,6.0,4.0,3.0,6.0,6.0,5.0,1.0,3.0,2.0,5.0,5.0,1.0,2.0,3.0,2.0,3.0,5.0,2.0,2.0,3.0,4.0,1.0,256.0,1.0,128.0,32.0,1.0,1.0,1.0,1.0,8.0,2.0,1.0,5.0,4.0,6.0,2.0,5.0,1.0,2.0,5.0,6.0,5.0,1.0,2.0,1.0,2.0,2.0,5.0,2.0,4.0,64.0,2.0,1.0,4.0,12.0,1.0,1.0,1.0,1.0,5.0,4.0,1.0,245366789.0,117501420.0,2847210000.0,10.390166666666666,2016.0,10.0,5608.0,2.883094612834038e+16,544.0,342.91372222222225,10.0,3621.3333333333335
512.0,4096000.0,256.0,64.0,1.0,42.0,6.0,30.0,1.0,4.0,6.0,6.0,3.0,3.0,5.0,4.0,3.0,6.0,3.0,6.0,1.0,4.0,5.0,1.0,5.0,5.0,4.0,2.0,4.0,4.0,1.0,4.0,32.0,512.0,1.0,1.0,1.0,1.0,1.0,1.0,1.0,1.0,2.0,1.0,6.0,6.0,5.0,1.0,5.0,1.0,5.0,5.0,2.0,6.0,5.0,3.0,3.0,1.0,1.0,2.0,4.0,3.0,2.0,32.0,1.0,128.0,768.0,1.0,1.0,1.0,1.0,40.0,2.0,1.0,24427626505.0,199781280.0,12739400.0,0.134183,30.0,10.0,10.0,4.880182490530826e+18,1.0,1.0,10.0,10.0
256000.0,1024000.0,256.0,64.0,3.0,46.0,6.0,40.0,2.0,5.0,2.0,3.0,4.0,2.0,4.0,1.0,1.0,5.0,1.0,4.0,6.0,4.0,2.0,5.0,5.0,3.0,3.0,1.0,3.0,4.0,2.0,5.0,2.0,128.0,1.0,2.0,512.0,1.0,1.0,1.0,1.0,32.0,2.0,1.0,3.0,3.0,2.0,2.0,5.0,3.0,5.0,4.0,4.0,1.0,5.0,5.0,5.0,2.0,3.0,2.0,3.0,4.0,32.0,512.0,1.0,512.0,1024.0,1.0,1.0,1.0,1.0,160.0,320.0,1.0,1375776224.0,32906176.0,66358600000.0,110.58855555555556,11040.0,10.0,4784128.0,4.527153456355942e+16,68.44444444444444,0.1701388888888889,10.0,2938197.3333333335
128000.0,256000.0,256.0,64.0,1.0,44.0,6.0,24.0,3.0,2.0,3.0,6.0,1.0,6.0,6.0,2.0,2.0,6.0,4.0,6.0,3.0,3.0,5.0,3.0,3.0,2.0,2.0,1.0,4.0,4.0,4.0,2.0,1.0,128.0,1.0,16.0,256.0,1.0,1.0,1.0,1.0,16.0,4.0,1.0,1.0,5.0,5.0,1.0,1.0,4.0,5.0,1.0,5.0,5.0,6.0,1.0,5.0,4.0,5.0,4.0,1.0,3.0,32.0,2048.0,1.0,8.0,32.0,1.0,1.0,1.0,1.0,10.0,160.0,1.0,1082130441.0,223400700.0,10266900.0,0.10915699999999999,24.0,10.0,194.0,2.417486980107087e+17,22.179855555555555,22.180044444444444,10.0,194.0
256.0,512000.0,256.0,64.0,2.0,46.0,2.0,38.0,4.0,3.0,5.0,1.0,3.0,3.0,1.0,1.0,1.0,3.0,1.0,6.0,1.0,1.0,2.0,6.0,4.0,4.0,5.0,3.0,2.0,5.0,5.0,5.0,128.0,2048.0,1.0,32.0,2.0,1.0,1.0,1.0,1.0,1.0,1.0,1.0,2.0,3.0,1.0,2.0,6.0,6.0,4.0,4.0,4.0,5.0,2.0,1.0,4.0,2.0,6.0,3.0,2.0,2.0,64.0,2048.0,1.0,64.0,8.0,1.0,1.0,1.0,1.0,1.0,4.0,1.0,791412759.0,89729850.0,32914700.0,0.33640966666666666,76.0,10.0,1312.0,7.101334815315615e+16,32.0,15.323933333333335,10.0,1187.5555555555557
2048000.0,16000000.0,256.0,64.0,2.0,40.0,4.0,26.0,6.0,6.0,5.0,2.0,6.0,2.0,6.0,3.0,4.0,4.0,5.0,3.0,3.0,3.0,2.0,6.0,6.0,4.0,5.0,4.0,4.0,6.0,1.0,1.0,2048.0,8.0,1.0,1024.0,128.0,1.0,1.0,1.0,1.0,32.0,128.0,1.0,4.0,1.0,3.0,3.0,1.0,2.0,4.0,4.0,4.0,1.0,1.0,4.0,6.0,5.0,1.0,3.0,3.0,5.0,2048.0,4096.0,1.0,1536.0,256.0,1.0,1.0,1.0,1.0,64.0,4.0,1.0,435217488.0,33858857.0,46472700.0,4.568375333333333,104.0,10.0,2131968.0,1.4735966690091216e+16,73.95555555555558,1.6396305555555555,10.0,1192618.6666666667
4096.0,2048000.0,256.0,64.0,1.0,28.0,30.0,42.0,3.0,3.0,2.0,6.0,6.0,5.0,2.0,4.0,1.0,1.0,1.0,5.0,1.0,4.0,6.0,5.0,6.0,1.0,1.0,5.0,4.0,1.0,6.0,6.0,64.0,2048.0,1.0,2.0,128.0,1.0,1.0,1.0,1.0,64.0,4.0,1.0,3.0,3.0,3.0,1.0,4.0,3.0,3.0,3.0,4.0,3.0,1.0,2.0,1.0,2.0,4.0,4.0,1.0,2.0,128.0,512.0,1.0,768.0,3072.0,1.0,1.0,1.0,1.0,40.0,32.0,1.0,637534217.0,258064200.0,17794600.0,0.186831,42.0,10.0,338.0,1.645247576827314e+17,36.44444444444444,36.83323333333333,10.0,338.0
1024000.0,2048000.0,256.0,64.0,1.0,48.0,46.0,26.0,6.0,3.0,3.0,3.0,4.0,1.0,1.0,3.0,5.0,3.0,6.0,2.0,2.0,1.0,6.0,2.0,1.0,6.0,6.0,1.0,5.0,1.0,1.0,5.0,4096.0,1.0,1.0,2048.0,1.0,1.0,1.0,1.0,1.0,2.0,1.0,1.0,3.0,2.0,6.0,1.0,1.0,6.0,1.0,3.0,6.0,5.0,1.0,4.0,4.0,2.0,4.0,3.0,4.0,6.0,512.0,4.0,1.0,32.0,6.0,1.0,1.0,1.0,1.0,20.0,2.0,1.0,942276617.0,109117420.0,11087000.0,0.117559,26.0,10.0,160.0,1.0281879337336814e+17,25.9241,18.635366666666666,10.0,160.0
2048.0,8192000.0,256.0,64.0,3.0,30.0,10.0,26.0,1.0,4.0,1.0,3.0,2.0,3.0,4.0,6.0,6.0,4.0,3.0,2.0,1.0,1.0,5.0,3.0,2.0,5.0,5.0,2.0,2.0,5.0,3.0,3.0,512.0,1024.0,1.0,256.0,512.0,1.0,1.0,1.0,1.0,128.0,4.0,1.0,3.0,6.0,6.0,2.0,3.0,4.0,4.0,6.0,3.0,2.0,3.0,1.0,6.0,4.0,1.0,6.0,5.0,5.0,4.0,4.0,1.0,1024.0,768.0,1.0,1.0,1.0,1.0,2.0,2.0,1.0,6857436917.0,46842835.9,34005400000.0,67.39986666666667,7800.0,10.0,4849664.0,3.212217921976329e+17,15.88888888888889,0.2807311111111111,10.0,2173619.5555555555
512.0,8192000.0,256.0,64.0,1.0,30.0,14.0,38.0,6.0,2.0,2.0,6.0,6.0,2.0,1.0,2.0,2.0,2.0,5.0,4.0,5.0,6.0,4.0,4.0,3.0,5.0,2.0,4.0,4.0,5.0,6.0,5.0,256.0,2.0,1.0,2048.0,1.0,1.0,1.0,1.0,1.0,16.0,128.0,1.0,4.0,1.0,5.0,3.0,4.0,3.0,6.0,2.0,3.0,6.0,3.0,3.0,3.0,5.0,3.0,5.0,3.0,5.0,2048.0,64.0,1.0,24.0,2.0,1.0,1.0,1.0,1.0,320.0,320.0,1.0,644087817.0,211332220.0,16093200.0,0.16927899999999999,38.0,10.0,232.0,1.3611650824156374e+17,37.9259,56.634211111111114,10.0,232.0
256000.0,8192000.0,256.0,64.0,3.0,44.0,32.0,2.0,6.0,3.0,4.0,1.0,6.0,6.0,2.0,6.0,5.0,5.0,1.0,4.0,2.0,3.0,6.0,6.0,4.0,1.0,5.0,3.0,6.0,5.0,4.0,4.0,4096.0,512.0,1.0,256.0,16.0,1.0,1.0,1.0,1.0,32.0,1.0,1.0,3.0,1.0,1.0,5.0,3.0,1.0,5.0,2.0,3.0,2.0,2.0,1.0,3.0,3.0,4.0,1.0,6.0,3.0,8.0,64.0,1.0,1024.0,1536.0,1.0,1.0,1.0,1.0,5.0,40.0,1.0,4924510520.0,33891433.4,5125740000.0,36.3711,2816.0,10.0,8998912.0,1.6689872031617936e+17,18.22222222222222,0.2604166666666667,10.0,6055253.333333333
64000.0,128000.0,256.0,64.0,2.0,10.0,46.0,40.0,3.0,5.0,1.0,3.0,6.0,2.0,1.0,1.0,5.0,4.0,2.0,4.0,6.0,3.0,6.0,3.0,4.0,4.0,4.0,3.0,2.0,2.0,3.0,4.0,4096.0,2.0,1.0,1.0,16.0,1.0,1.0,1.0,1.0,32.0,4.0,1.0,2.0,4.0,5.0,2.0,4.0,4.0,1.0,5.0,4.0,1.0,5.0,1.0,6.0,4.0,2.0,5.0,6.0,1.0,32.0,32.0,1.0,2.0,1536.0,1.0,1.0,1.0,1.0,160.0,40.0,1.0,14906032162.0,109882630.0,2433680000.0,9.335835555555555,1840.0,10.0,2848.0,1.637914016825146e+18,1.5555555555555556,0.9469488888888888,10.0,1594.6666666666667
256000.0,128000.0,256.0,64.0,2.0,40.0,12.0,40.0,6.0,4.0,3.0,6.0,5.0,2.0,6.0,6.0,1.0,3.0,6.0,4.0,4.0,2.0,5.0,3.0,3.0,3.0,1.0,4.0,5.0,2.0,4.0,5.0,64.0,1.0,1.0,4.0,1024.0,1.0,1.0,1.0,1.0,2.0,16.0,1.0,3.0,6.0,5.0,2.0,2.0,5.0,2.0,2.0,2.0,4.0,2.0,6.0,4.0,1.0,3.0,6.0,1.0,5.0,16.0,4096.0,1.0,1.0,192.0,1.0,1.0,1.0,1.0,320.0,1.0,1.0,2187657235.0,90219730.0,302751000.0,2.154821111111111,480.0,10.0,1156.0,1.9736984507424656e+17,11.7876,5.499877777777778,10.0,713.3333333333334
2048000.0,32000.0,256.0,64.0,1.0,16.0,4.0,4.0,4.0,6.0,6.0,4.0,1.0,1.0,2.0,6.0,6.0,3.0,5.0,2.0,2.0,3.0,6.0,4.0,3.0,6.0,1.0,6.0,6.0,6.0,6.0,5.0,1.0,4096.0,1.0,64.0,1024.0,1.0,1.0,1.0,1.0,16.0,64.0,1.0,1.0,3.0,3.0,3.0,2.0,2.0,2.0,2.0,1.0,3.0,4.0,4.0,2.0,2.0,3.0,4.0,6.0,4.0,256.0,512.0,1.0,16.0,1.0,1.0,1.0,1.0,1.0,5.0,10.0,1.0,6106906633.0,204800300.0,2290050.0,0.023392600000000003,4.0,10.0,28.0,1.25069631051039e+18,4.0,4.0,10.0,28.0
128.0,64000.0,256.0,64.0,2.0,26.0,10.0,8.0,5.0,4.0,2.0,4.0,6.0,6.0,3.0,5.0,3.0,1.0,1.0,2.0,3.0,2.0,1.0,2.0,2.0,2.0,1.0,3.0,3.0,6.0,3.0,6.0,256.0,4.0,1.0,32.0,1024.0,1.0,1.0,1.0,1.0,2.0,64.0,1.0,1.0,5.0,2.0,3.0,3.0,6.0,6.0,2.0,5.0,6.0,5.0,3.0,1.0,1.0,1.0,5.0,5.0,2.0,4096.0,16.0,1.0,6.0,1536.0,1.0,1.0,1.0,1.0,4.0,5.0,1.0,24496832521.0,65821950.0,34770800.0,0.3509503333333333,80.0,10.0,400.0,1.612429285355636e+18,1.0,0.25085222222222225,10.0,382.22222222222223
512.0,2048000.0,256.0,64.0,2.0,24.0,44.0,48.0,3.0,3.0,4.0,6.0,2.0,6.0,3.0,3.0,1.0,4.0,4.0,4.0,6.0,1.0,5.0,6.0,6.0,4.0,6.0,6.0,1.0,1.0,5.0,1.0,4096.0,128.0,1.0,2048.0,128.0,1.0,1.0,1.0,1.0,1.0,32.0,1.0,2.0,4.0,5.0,2.0,4.0,3.0,1.0,4.0,3.0,2.0,2.0,3.0,4.0,3.0,2.0,1.0,3.0,6.0,512.0,1.0,1.0,1.0,1.0,1.0,1.0,1.0,1.0,8.0,2.0,1.0,889196981.0,212158197.0,3086090000.0,11.080400000000001,2112.0,10.0,77824.0,1.8865042826680326e+17,36.44444444444444,15.220430666666667,10.0,34785.11111111111
512000.0,1024000.0,256.0,64.0,1.0,32.0,10.0,20.0,6.0,6.0,3.0,4.0,5.0,1.0,3.0,1.0,4.0,6.0,6.0,2.0,1.0,1.0,1.0,5.0,1.0,6.0,5.0,5.0,3.0,4.0,3.0,2.0,64.0,1.0,1.0,256.0,32.0,1.0,1.0,1.0,1.0,4.0,8.0,1.0,3.0,6.0,3.0,4.0,1.0,1.0,2.0,4.0,1.0,4.0,6.0,1.0,6.0,3.0,4.0,3.0,3.0,3.0,16.0,32.0,1.0,384.0,2.0,1.0,1.0,1.0,1.0,320.0,16.0,1.0,1222574089.0,156984880.0,8638890.0,0.091877,20.0,10.0,124.0,1.9192564665277434e+17,19.9805,19.8765,10.0,124.0
1024.0,8192000.0,256.0,64.0,1.0,36.0,46.0,18.0,1.0,1.0,6.0,2.0,5.0,4.0,1.0,2.0,2.0,3.0,2.0,1.0,4.0,5.0,3.0,3.0,2.0,5.0,6.0,6.0,5.0,2.0,3.0,5.0,2.0,128.0,1.0,128.0,512.0,1.0,1.0,1.0,1.0,64.0,64.0,1.0,2.0,5.0,6.0,2.0,1.0,5.0,3.0,4.0,4.0,5.0,6.0,1.0,3.0,3.0,6.0,2.0,6.0,5.0,4096.0,4.0,1.0,64.0,256.0,1.0,1.0,1.0,1.0,5.0,40.0,1.0,24427626505.0,256309600.0,7831000.0,0.0829646,18.0,10.0,10.0,6.261035178445948e+18,1.0,1.0,10.0,10.0
1024000.0,4096000.0,256.0,64.0,3.0,48.0,16.0,22.0,5.0,1.0,4.0,1.0,3.0,1.0,4.0,1.0,4.0,2.0,5.0,5.0,5.0,4.0,2.0,4.0,2.0,6.0,4.0,2.0,1.0,5.0,6.0,6.0,1.0,16.0,1.0,1024.0,2048.0,1.0,1.0,1.0,1.0,1.0,64.0,1.0,6.0,4.0,6.0,2.0,2.0,3.0,1.0,2.0,5.0,2.0,2.0,4.0,2.0,6.0,4.0,3.0,4.0,5.0,512.0,1.0,1.0,4.0,8.0,1.0,1.0,1.0,1.0,8.0,80.0,1.0,2695978352.0,41154712.1,151979000000.0,203.84144444444445,16896.0,10.0,3506176.0,1.1095221290439246e+17,23.407422222222223,0.5285011111111111,10.0,1959509.3333333333
256000.0,8192000.0,256.0,64.0,1.0,24.0,46.0,44.0,3.0,5.0,3.0,4.0,6.0,1.0,1.0,4.0,1.0,1.0,1.0,5.0,5.0,3.0,6.0,3.0,3.0,3.0,6.0,6.0,1.0,4.0,4.0,6.0,4096.0,4.0,1.0,256.0,16.0,1.0,1.0,1.0,1.0,16.0,64.0,1.0,4.0,5.0,6.0,3.0,4.0,6.0,4.0,2.0,5.0,5.0,5.0,4.0,4.0,4.0,6.0,3.0,2.0,5.0,256.0,1024.0,1.0,12.0,768.0,1.0,1.0,1.0,1.0,4.0,32.0,1.0,24427626505.0,256309600.0,18651300.0,0.194297,44.0,10.0,10.0,6.261035178445948e+18,1.0,1.0,10.0,10.0
128000.0,512000.0,256.0,64.0,2.0,10.0,26.0,20.0,4.0,2.0,1.0,2.0,5.0,6.0,5.0,3.0,1.0,6.0,6.0,4.0,4.0,1.0,6.0,1.0,4.0,3.0,2.0,1.0,4.0,1.0,2.0,4.0,32.0,128.0,1.0,4.0,128.0,1.0,1.0,1.0,1.0,8.0,2.0,1.0,5.0,6.0,5.0,5.0,5.0,5.0,5.0,2.0,5.0,5.0,4.0,4.0,6.0,6.0,2.0,1.0,6.0,5.0,4.0,64.0,1.0,768.0,16.0,1.0,1.0,1.0,1.0,2.0,40.0,1.0,24601690121.0,105178850.0,338518000.0,2.3413577777777776,520.0,10.0,400.0,2.587577474983141e+18,1.0,0.3873233333333334,10.0,293.3333333333333
1024000.0,16000000.0,256.0,64.0,3.0,30.0,8.0,42.0,1.0,4.0,2.0,5.0,1.0,1.0,1.0,5.0,6.0,1.0,2.0,5.0,5.0,2.0,4.0,4.0,4.0,4.0,5.0,1.0,3.0,2.0,3.0,2.0,16.0,2.0,1.0,8.0,1.0,1.0,1.0,1.0,1.0,16.0,8.0,1.0,4.0,3.0,3.0,4.0,3.0,4.0,3.0,1.0,6.0,4.0,2.0,6.0,6.0,6.0,5.0,6.0,6.0,1.0,4096.0,1.0,1.0,16.0,1536.0,1.0,1.0,1.0,1.0,64.0,8.0,1.0,578962478.0,35811007.0,55658200000.0,118.5132888888889,10080.0,10.0,16187392.0,2.0733229352395344e+16,50.666666666666664,3.1200755555555557,10.0,8995840.0
256000.0,64000.0,256.0,64.0,3.0,42.0,30.0,32.0,3.0,1.0,3.0,2.0,3.0,4.0,4.0,1.0,2.0,4.0,2.0,4.0,6.0,5.0,5.0,4.0,4.0,4.0,6.0,2.0,5.0,2.0,6.0,1.0,8.0,2048.0,1.0,8.0,8.0,1.0,1.0,1.0,1.0,128.0,8.0,1.0,2.0,3.0,1.0,3.0,5.0,1.0,1.0,6.0,5.0,6.0,3.0,6.0,3.0,3.0,2.0,6.0,1.0,6.0,256.0,4.0,1.0,48.0,4.0,1.0,1.0,1.0,1.0,4.0,40.0,1.0,1109953208.0,36587583.8,843975000000.0,885.0392222222223,40320.0,10.0,559104.0,4.0610506011778824e+16,24.49378888888889,0.6191273333333334,10.0,275655.1111111111
256000.0,32000000.0,256.0,64.0,1.0,20.0,28.0,16.0,3.0,1.0,3.0,1.0,6.0,5.0,3.0,5.0,2.0,1.0,4.0,4.0,6.0,4.0,1.0,3.0,6.0,5.0,1.0,2.0,2.0,2.0,6.0,3.0,2048.0,128.0,1.0,512.0,512.0,1.0,1.0,1.0,1.0,4.0,16.0,1.0,3.0,3.0,5.0,5.0,1.0,5.0,2.0,1.0,1.0,2.0,5.0,5.0,1.0,3.0,2.0,6.0,3.0,5.0,2.0,1024.0,1.0,48.0,48.0,1.0,1.0,1.0,1.0,160.0,10.0,1.0,24427626505.0,313732200.0,7027210.0,0.07444540000000001,16.0,10.0,10.0,7.663733004191961e+18,1.0,1.49988,10.0,10.0
2048.0,16000.0,256.0,64.0,2.0,48.0,48.0,2.0,6.0,6.0,3.0,1.0,3.0,3.0,1.0,4.0,5.0,2.0,3.0,1.0,3.0,2.0,2.0,5.0,6.0,3.0,4.0,6.0,5.0,3.0,4.0,5.0,4096.0,32.0,1.0,128.0,1.0,1.0,1.0,1.0,1.0,128.0,16.0,1.0,6.0,6.0,4.0,6.0,2.0,5.0,1.0,5.0,4.0,4.0,5.0,5.0,5.0,1.0,1.0,6.0,5.0,6.0,2048.0,16.0,1.0,384.0,48.0,1.0,1.0,1.0,1.0,4.0,4.0,1.0,336944292.0,54126550.0,42367300.0,0.6529986666666667,96.0,10.0,80256.0,1.82376320681526e+16,66.37036666666667,11.827606666666668,10.0,67811.55555555556
512000.0,16000000.0,256.0,64.0,3.0,34.0,34.0,36.0,1.0,5.0,3.0,1.0,3.0,3.0,1.0,1.0,3.0,5.0,4.0,3.0,1.0,1.0,5.0,2.0,2.0,6.0,4.0,1.0,2.0,3.0,3.0,3.0,2048.0,1024.0,1.0,256.0,128.0,1.0,1.0,1.0,1.0,1.0,2.0,1.0,3.0,2.0,3.0,2.0,5.0,2.0,2.0,6.0,2.0,4.0,3.0,3.0,1.0,3.0,2.0,6.0,4.0,6.0,8.0,256.0,1.0,2.0,512.0,1.0,1.0,1.0,1.0,80.0,160.0,1.0,3895286080.0,37016500.0,898589000000.0,953.7624444444444,41616.0,10.0,8403968.0,1.4418985718032e+17,6.888888888888889,0.7881955555555555,10.0,5109532.444444444
64000.0,16000.0,256.0,64.0,2.0,24.0,46.0,4.0,4.0,3.0,4.0,4.0,6.0,5.0,4.0,2.0,1.0,5.0,3.0,1.0,5.0,4.0,1.0,4.0,6.0,4.0,6.0,5.0,4.0,4.0,3.0,2.0,128.0,1024.0,1.0,256.0,2.0,1.0,1.0,1.0,1.0,2.0,16.0,1.0,1.0,2.0,2.0,4.0,2.0,4.0,3.0,6.0,4.0,2.0,1.0,6.0,3.0,6.0,6.0,3.0,6.0,2.0,256.0,1024.0,1.0,512.0,32.0,1.0,1.0,1.0,1.0,40.0,40.0,1.0,24436076912.0,45637760.0,88762100.0,0.8819994444444444,184.0,10.0,39424.0,1.1152078134513971e+18,1.0,0.24059944444444442,10.0,22360.88888888889
256000.0,4096000.0,256.0,64.0,1.0,28.0,26.0,38.0,4.0,3.0,1.0,1.0,2.0,5.0,2.0,4.0,4.0,2.0,5.0,6.0,3.0,3.0,2.0,3.0,6.0,4.0,3.0,4.0,6.0,5.0,2.0,1.0,128.0,8.0,1.0,512.0,64.0,1.0,1.0,1.0,1.0,16.0,32.0,1.0,3.0,2.0,5.0,5.0,5.0,4.0,4.0,3.0,5.0,1.0,2.0,4.0,4.0,1.0,1.0,6.0,4.0,6.0,2048.0,64.0,1.0,1536.0,128.0,1.0,1.0,1.0,1.0,40.0,40.0,1.0,24427626505.0,219830300.0,16093200.0,0.168513,38.0,10.0,10.0,5.369932462882101e+18,1.0,1.2222577777777779,10.0,10.0
512000.0,2048000.0,256.0,64.0,2.0,16.0,32.0,16.0,1.0,6.0,6.0,4.0,4.0,6.0,3.0,6.0,5.0,4.0,1.0,1.0,3.0,1.0,1.0,6.0,1.0,1.0,1.0,2.0,6.0,5.0,3.0,2.0,4.0,1.0,1.0,1024.0,128.0,1.0,1.0,1.0,1.0,32.0,8.0,1.0,5.0,4.0,3.0,3.0,3.0,4.0,3.0,4.0,2.0,1.0,3.0,6.0,3.0,2.0,1.0,1.0,5.0,4.0,2.0,2.0,1.0,1024.0,3072.0,1.0,1.0,1.0,1.0,32.0,8.0,1.0,6979993761.0,80618030.0,331239000.0,2.4424655555555557,512.0,10.0,45088.0,5.6271334642411085e+17,8.777777777777779,7.215634444444445,10.0,40529.77777777778
256000.0,1024000.0,256.0,64.0,3.0,4.0,14.0,30.0,1.0,6.0,4.0,1.0,4.0,6.0,2.0,3.0,1.0,5.0,2.0,1.0,5.0,1.0,3.0,3.0,1.0,5.0,2.0,2.0,4.0,1.0,3.0,6.0,256.0,128.0,1.0,16.0,64.0,1.0,1.0,1.0,1.0,1.0,64.0,1.0,4.0,3.0,1.0,1.0,2.0,6.0,6.0,6.0,3.0,3.0,3.0,5.0,3.0,3.0,3.0,6.0,4.0,6.0,4096.0,4.0,1.0,16.0,16.0,1.0,1.0,1.0,1.0,80.0,16.0,1.0,6112106944.0,33839735.0,2085260000.0,10.983855555555554,1680.0,10.0,1189888.0,2.0683207927661984e+17,4.0,0.06018516666666667,10.0,748430.2222222222
256000.0,2048000.0,256.0,64.0,2.0,16.0,14.0,32.0,2.0,1.0,3.0,1.0,2.0,1.0,1.0,4.0,5.0,2.0,5.0,2.0,5.0,2.0,4.0,1.0,4.0,4.0,5.0,4.0,1.0,4.0,4.0,2.0,16.0,64.0,1.0,256.0,1.0,1.0,1.0,1.0,1.0,16.0,8.0,1.0,3.0,3.0,1.0,6.0,6.0,1.0,4.0,1.0,5.0,3.0,2.0,4.0,3.0,3.0,2.0,1.0,3.0,5.0,128.0,8.0,1.0,3.0,768.0,1.0,1.0,1.0,1.0,1.0,5.0,1.0,3238002697.0,109034090.0,275312000.0,2.003624444444444,448.0,10.0,304.0,3.5305267748494074e+17,11.555555555555555,7.879666666666667,10.0,186.22222222222223
256000.0,256000.0,256.0,64.0,3.0,2.0,40.0,32.0,3.0,3.0,4.0,3.0,6.0,2.0,3.0,5.0,5.0,4.0,6.0,1.0,5.0,4.0,2.0,2.0,6.0,6.0,2.0,3.0,5.0,4.0,1.0,6.0,2048.0,512.0,1.0,16.0,128.0,1.0,1.0,1.0,1.0,1.0,16.0,1.0,5.0,3.0,6.0,5.0,6.0,2.0,3.0,5.0,1.0,1.0,3.0,1.0,6.0,6.0,3.0,2.0,1.0,3.0,64.0,8.0,1.0,3072.0,96.0,1.0,1.0,1.0,1.0,80.0,40.0,1.0,2651769444.0,34508192.0,4325100000.0,16.4126,2560.0,10.0,894976.0,9.150776911328525e+16,18.666666666666668,0.6605888888888888,10.0,761173.3333333334
256.0,32000.0,256.0,64.0,3.0,34.0,22.0,12.0,3.0,4.0,3.0,4.0,4.0,2.0,3.0,1.0,5.0,4.0,3.0,4.0,4.0,3.0,5.0,6.0,3.0,6.0,1.0,3.0,3.0,6.0,5.0,4.0,1024.0,128.0,1.0,512.0,32.0,1.0,1.0,1.0,1.0,32.0,2.0,1.0,6.0,6.0,6.0,3.0,5.0,6.0,4.0,1.0,6.0,2.0,3.0,1.0,5.0,2.0,3.0,6.0,6.0,1.0,2048.0,8.0,1.0,32.0,1.0,1.0,1.0,1.0,1.0,2.0,32.0,1.0,108976984.0,32811635.0,44511400000.0,89.16461111111111,8976.0,10.0,4657152.0,3575713022408840.0,312.8888888888889,1.5648166666666665,10.0,4524259.555555556
256.0,2048000.0,256.0,64.0,2.0,10.0,30.0,48.0,6.0,1.0,2.0,4.0,6.0,6.0,5.0,3.0,1.0,6.0,1.0,2.0,3.0,6.0,1.0,5.0,1.0,4.0,1.0,5.0,1.0,6.0,1.0,5.0,512.0,16.0,1.0,1.0,128.0,1.0,1.0,1.0,1.0,2.0,64.0,1.0,3.0,2.0,5.0,2.0,5.0,5.0,2.0,1.0,4.0,1.0,4.0,6.0,6.0,3.0,6.0,5.0,3.0,4.0,2048.0,16.0,1.0,96.0,256.0,1.0,1.0,1.0,1.0,320.0,4.0,1.0,863618500.0,62323370.0,1611260000.0,7.240824444444445,1440.0,10.0,96768.0,5.3823615314345e+16,28.4444,17.870629444444447,10.0,55041.77777777778
1024.0,4096000.0,256.0,64.0,2.0,14.0,40.0,18.0,2.0,1.0,1.0,3.0,4.0,4.0,4.0,5.0,1.0,1.0,4.0,1.0,4.0,1.0,2.0,5.0,5.0,5.0,4.0,5.0,6.0,2.0,4.0,1.0,64.0,64.0,1.0,4.0,2048.0,1.0,1.0,1.0,1.0,4.0,2.0,1.0,5.0,1.0,5.0,6.0,3.0,4.0,6.0,5.0,5.0,5.0,5.0,1.0,2.0,5.0,6.0,6.0,5.0,2.0,32.0,2.0,1.0,48.0,1024.0,1.0,1.0,1.0,1.0,64.0,4.0,1.0,24488443917.0,87577140.0,541815000.0,3.3036333333333334,720.0,10.0,784.0,2.1446278813012575e+18,1.0,0.49905433333333327,10.0,677.3333333333334
1024.0,2048000.0,256.0,64.0,3.0,24.0,42.0,34.0,1.0,3.0,6.0,1.0,6.0,5.0,6.0,3.0,4.0,6.0,3.0,4.0,5.0,2.0,4.0,4.0,1.0,4.0,2.0,6.0,2.0,6.0,1.0,5.0,512.0,512.0,1.0,8.0,256.0,1.0,1.0,1.0,1.0,32.0,32.0,1.0,3.0,4.0,5.0,4.0,4.0,4.0,5.0,3.0,3.0,3.0,4.0,5.0,5.0,6.0,4.0,1.0,5.0,1.0,128.0,2.0,1.0,48.0,4.0,1.0,1.0,1.0,1.0,1.0,32.0,1.0,25686137288.0,37993669.0,611749000000.0,661.1848888888888,34272.0,10.0,311296.0,9.759105980088297e+17,1.0,0.03531897777777778,10.0,151438.22222222222
512.0,2048000.0,256.0,64.0,3.0,4.0,14.0,10.0,3.0,3.0,6.0,6.0,4.0,5.0,5.0,2.0,5.0,3.0,4.0,4.0,5.0,2.0,2.0,6.0,2.0,2.0,1.0,3.0,6.0,5.0,3.0,3.0,1.0,32.0,1.0,64.0,64.0,1.0,1.0,1.0,1.0,128.0,1.0,1.0,3.0,3.0,4.0,4.0,4.0,4.0,1.0,4.0,4.0,4.0,1.0,5.0,3.0,4.0,6.0,1.0,6.0,3.0,4.0,8.0,1.0,2.0,128.0,1.0,1.0,1.0,1.0,20.0,40.0,1.0,10467917950.0,45834303.0,375919000.0,2.598472222222222,560.0,10.0,28672.0,4.7978972309943885e+17,6.800000000000001,0.31420566666666666,10.0,19925.333333333332
1024000.0,2048000.0,256.0,64.0,3.0,22.0,20.0,26.0,6.0,1.0,2.0,6.0,4.0,3.0,1.0,3.0,6.0,1.0,4.0,6.0,1.0,2.0,4.0,4.0,4.0,3.0,2.0,5.0,2.0,5.0,5.0,1.0,128.0,4096.0,1.0,128.0,2048.0,1.0,1.0,1.0,1.0,64.0,128.0,1.0,4.0,2.0,3.0,2.0,2.0,1.0,2.0,5.0,4.0,1.0,2.0,5.0,2.0,5.0,3.0,3.0,5.0,3.0,4096.0,512.0,1.0,1536.0,512.0,1.0,1.0,1.0,1.0,4.0,4.0,1.0,22281252672.0,32522281.8,71096200000.0,158.4367777777778,11440.0,10.0,18350080.0,7.24637178255787e+17,1.4444444444444444,0.0,10.0,15171128.888888888
16000.0,64000.0,256.0,64.0,3.0,34.0,26.0,14.0,5.0,5.0,6.0,2.0,3.0,6.0,4.0,3.0,1.0,2.0,3.0,4.0,2.0,2.0,3.0,3.0,4.0,3.0,6.0,2.0,6.0,3.0,3.0,6.0,8.0,256.0,1.0,16.0,2048.0,1.0,1.0,1.0,1.0,32.0,8.0,1.0,4.0,1.0,3.0,3.0,5.0,5.0,4.0,1.0,1.0,5.0,1.0,6.0,6.0,2.0,1.0,4.0,6.0,3.0,2048.0,4096.0,1.0,1.0,64.0,1.0,1.0,1.0,1.0,4.0,1.0,1.0,1991524032.0,54895222.6,82814400000.0,122.75411111111111,12376.0,10.0,1196032.0,1.0932515504988952e+17,11.295555555555557,1.9182555555555554,10.0,841329.7777777778
128.0,2048000.0,256.0,64.0,3.0,32.0,40.0,4.0,3.0,3.0,3.0,6.0,5.0,1.0,1.0,2.0,1.0,2.0,2.0,2.0,4.0,3.0,3.0,6.0,6.0,5.0,5.0,1.0,4.0,6.0,1.0,5.0,16.0,128.0,1.0,1.0,256.0,1.0,1.0,1.0,1.0,4.0,64.0,1.0,1.0,5.0,4.0,5.0,6.0,4.0,5.0,4.0,2.0,6.0,6.0,6.0,3.0,3.0,5.0,1.0,4.0,1.0,1.0,2048.0,1.0,96.0,1.0,1.0,1.0,1.0,1.0,4.0,16.0,1.0,1828735296.0,33185353.0,15329000000.0,36.94471111111112,5120.0,10.0,1765376.0,6.068722634131949e+16,14.666666666666666,0.0972222,10.0,1053582.2222222222
256000.0,256000.0,256.0,64.0,1.0,38.0,40.0,16.0,3.0,2.0,1.0,3.0,3.0,3.0,6.0,6.0,1.0,6.0,2.0,2.0,2.0,4.0,5.0,4.0,1.0,2.0,6.0,6.0,2.0,3.0,4.0,3.0,1.0,16.0,1.0,1.0,1024.0,1.0,1.0,1.0,1.0,32.0,4.0,1.0,2.0,3.0,2.0,4.0,4.0,1.0,4.0,2.0,5.0,1.0,2.0,3.0,5.0,2.0,3.0,4.0,3.0,5.0,2.0,256.0,1.0,12.0,768.0,1.0,1.0,1.0,1.0,80.0,16.0,1.0,1526726665.0,111618760.0,7027220.0,0.0747559,16.0,10.0,100.0,1.704113372062354e+17,16.0,11.5015,10.0,100.0
128000.0,16000.0,256.0,64.0,1.0,16.0,40.0,38.0,4.0,2.0,1.0,1.0,2.0,1.0,5.0,5.0,6.0,1.0,6.0,2.0,2.0,2.0,6.0,2.0,2.0,3.0,1.0,3.0,5.0,6.0,2.0,3.0,128.0,512.0,1.0,4.0,8.0,1.0,1.0,1.0,1.0,8.0,8.0,1.0,4.0,1.0,2.0,2.0,1.0,1.0,1.0,5.0,3.0,6.0,3.0,1.0,1.0,5.0,3.0,1.0,5.0,6.0,2.0,1.0,1.0,16.0,768.0,1.0,1.0,1.0,1.0,2.0,320.0,1.0,644087817.0,165082720.0,16093200.0,0.16927899999999999,38.0,10.0,232.0,1.0632776874922224e+17,37.9259,46.26215555555555,10.0,232.0
512000.0,2048000.0,256.0,64.0,3.0,40.0,40.0,18.0,5.0,3.0,1.0,3.0,5.0,6.0,1.0,2.0,2.0,6.0,3.0,2.0,4.0,3.0,6.0,2.0,5.0,3.0,5.0,4.0,4.0,3.0,5.0,5.0,16.0,4.0,1.0,1024.0,1.0,1.0,1.0,1.0,1.0,16.0,2.0,1.0,3.0,5.0,3.0,2.0,3.0,1.0,2.0,4.0,2.0,1.0,1.0,6.0,2.0,3.0,2.0,3.0,4.0,6.0,2048.0,2.0,1.0,8.0,3072.0,1.0,1.0,1.0,1.0,16.0,320.0,1.0,1721289556.0,34761871.0,433766000000.0,516.6331111111111,28800.0,10.0,15859712.0,5.983524549931928e+16,23.65811111111111,0.09982622222222222,10.0,8840305.777777778
128000.0,256000.0,256.0,64.0,3.0,48.0,32.0,34.0,6.0,1.0,1.0,1.0,3.0,4.0,1.0,3.0,6.0,4.0,1.0,5.0,6.0,1.0,1.0,5.0,6.0,4.0,1.0,5.0,3.0,4.0,4.0,1.0,1.0,16.0,1.0,128.0,64.0,1.0,1.0,1.0,1.0,4.0,2.0,1.0,3.0,2.0,1.0,3.0,4.0,3.0,5.0,3.0,2.0,3.0,6.0,2.0,6.0,2.0,4.0,2.0,1.0,3.0,2.0,16.0,1.0,384.0,32.0,1.0,1.0,1.0,1.0,16.0,1.0,1.0,577020000.0,42337190.0,1409960000000.0,1418.991111111111,52224.0,10.0,626688.0,2.44294053738e+16,42.6667,6.0703,10.0,438727.1111111111
64000.0,64000.0,256.0,64.0,3.0,36.0,30.0,32.0,4.0,1.0,1.0,6.0,5.0,5.0,1.0,3.0,4.0,1.0,5.0,5.0,5.0,1.0,4.0,6.0,2.0,4.0,3.0,4.0,6.0,5.0,6.0,6.0,128.0,64.0,1.0,1.0,128.0,1.0,1.0,1.0,1.0,2.0,128.0,1.0,3.0,4.0,3.0,6.0,5.0,6.0,5.0,2.0,3.0,4.0,4.0,6.0,5.0,1.0,5.0,3.0,1.0,6.0,64.0,2.0,1.0,1.0,256.0,1.0,1.0,1.0,1.0,1.0,1.0,1.0,5114975898.0,35578535.0,621962000000.0,670.8767777777778,34560.0,10.0,98304.0,1.8198334901114944e+17,18.22222222222222,0.2824075111111111,10.0,87495.11111111111
2048000.0,16000000.0,256.0,64.0,1.0,10.0,2.0,14.0,1.0,5.0,4.0,6.0,1.0,2.0,5.0,2.0,6.0,6.0,6.0,6.0,2.0,2.0,5.0,1.0,4.0,3.0,5.0,5.0,1.0,4.0,5.0,4.0,32.0,1024.0,1.0,512.0,1024.0,1.0,1.0,1.0,1.0,4.0,16.0,1.0,6.0,6.0,6.0,3.0,2.0,1.0,3.0,3.0,2.0,2.0,1.0,3.0,4.0,6.0,1.0,3.0,5.0,2.0,2.0,32.0,1.0,192.0,6.0,1.0,1.0,1.0,1.0,32.0,1.0,1.0,1845493769.0,252825400.0,6227500.0,0.0662851,14.0,10.0,114.0,4.665877003449326e+17,13.096277777777777,13.119444444444445,10.0,114.0
64000.0,256000.0,256.0,64.0,3.0,14.0,40.0,42.0,4.0,4.0,3.0,3.0,5.0,6.0,5.0,4.0,6.0,4.0,2.0,5.0,4.0,6.0,6.0,3.0,3.0,2.0,4.0,6.0,5.0,4.0,1.0,4.0,4096.0,256.0,1.0,4.0,2048.0,1.0,1.0,1.0,1.0,64.0,2.0,1.0,4.0,3.0,1.0,5.0,4.0,4.0,4.0,5.0,1.0,1.0,4.0,6.0,6.0,6.0,1.0,6.0,1.0,1.0,1024.0,16.0,1.0,32.0,8.0,1.0,1.0,1.0,1.0,4.0,32.0,1.0,1417306160.0,35147591.8,290957000000.0,369.78766666666667,23520.0,10.0,17563648.0,4.981489836730548e+16,25.142844444444442,0.27097777777777776,10.0,7880021.333333333
2048000.0,8192000.0,256.0,64.0,1.0,44.0,16.0,32.0,4.0,4.0,2.0,1.0,2.0,6.0,4.0,1.0,1.0,5.0,2.0,3.0,5.0,5.0,4.0,1.0,6.0,5.0,2.0,2.0,1.0,1.0,2.0,3.0,1024.0,1.0,1.0,32.0,32.0,1.0,1.0,1.0,1.0,4.0,128.0,1.0,1.0,3.0,5.0,1.0,4.0,5.0,4.0,2.0,6.0,5.0,2.0,2.0,1.0,3.0,4.0,5.0,3.0,1.0,2048.0,2048.0,1.0,12.0,24.0,1.0,1.0,1.0,1.0,2.0,160.0,1.0,24427626505.0,303556600.0,13571700.0,0.14276,32.0,10.0,10.0,7.415167247927683e+18,1.0,1.2777111111111112,10.0,10.0
512.0,16000000.0,256.0,64.0,1.0,10.0,30.0,4.0,2.0,3.0,4.0,4.0,2.0,6.0,5.0,4.0,5.0,5.0,4.0,1.0,2.0,5.0,6.0,2.0,4.0,5.0,6.0,2.0,2.0,6.0,5.0,4.0,1024.0,128.0,1.0,1.0,32.0,1.0,1.0,1.0,1.0,128.0,8.0,1.0,4.0,4.0,6.0,1.0,3.0,3.0,5.0,5.0,1.0,2.0,4.0,3.0,4.0,2.0,2.0,5.0,3.0,2.0,256.0,256.0,1.0,8.0,16.0,1.0,1.0,1.0,1.0,320.0,8.0,1.0,24427626505.0,199796780.0,2290040.0,0.0233305,4.0,10.0,10.0,4.880561118741654e+18,1.0,1.0000888888888888,10.0,10.0
32000.0,4096000.0,256.0,64.0,3.0,10.0,30.0,10.0,2.0,3.0,3.0,2.0,2.0,2.0,2.0,1.0,3.0,4.0,2.0,3.0,4.0,6.0,3.0,3.0,5.0,3.0,3.0,3.0,3.0,6.0,6.0,1.0,4.0,4096.0,1.0,32.0,2.0,1.0,1.0,1.0,1.0,2.0,128.0,1.0,5.0,5.0,6.0,5.0,1.0,4.0,6.0,2.0,6.0,3.0,3.0,2.0,4.0,5.0,1.0,2.0,5.0,1.0,32.0,16.0,1.0,1536.0,16.0,1.0,1.0,1.0,1.0,1.0,80.0,1.0,1424788430.0,33674791.8,5741310000.0,23.344099999999994,3000.0,10.0,3751936.0,4.797945373929887e+16,25.142844444444442,0.19804088888888888,10.0,1916131.5555555555
8192.0,2048000.0,256.0,64.0,2.0,26.0,24.0,2.0,1.0,5.0,6.0,4.0,1.0,4.0,1.0,3.0,5.0,3.0,6.0,5.0,2.0,2.0,1.0,1.0,6.0,5.0,1.0,6.0,5.0,4.0,3.0,4.0,1024.0,16.0,1.0,1.0,16.0,1.0,1.0,1.0,1.0,64.0,8.0,1.0,1.0,3.0,4.0,2.0,6.0,6.0,1.0,3.0,6.0,5.0,1.0,1.0,5.0,4.0,2.0,3.0,1.0,6.0,1024.0,32.0,1.0,192.0,3072.0,1.0,1.0,1.0,1.0,20.0,20.0,1.0,14395015307.0,59867020.0,20379400.0,0.2526612222222222,48.0,10.0,21248.0,8.617866692844751e+17,1.5555555555555556,0.4781334444444445,10.0,11939.555555555555
2048.0,16000000.0,256.0,64.0,1.0,44.0,36.0,44.0,2.0,1.0,6.0,5.0,6.0,1.0,5.0,5.0,6.0,2.0,4.0,6.0,4.0,4.0,3.0,6.0,5.0,6.0,5.0,1.0,2.0,2.0,4.0,1.0,16.0,2.0,1.0,64.0,1024.0,1.0,1.0,1.0,1.0,1.0,64.0,1.0,2.0,5.0,4.0,2.0,3.0,4.0,3.0,5.0,3.0,1.0,3.0,3.0,5.0,4.0,2.0,5.0,4.0,1.0,1024.0,64.0,1.0,512.0,96.0,1.0,1.0,1.0,1.0,80.0,5.0,1.0,24427626505.0,199781280.0,18651300.0,0.194297,44.0,10.0,10.0,4.880182490530826e+18,1.0,1.0,10.0,10.0
256000.0,4096000.0,256.0,64.0,1.0,36.0,6.0,14.0,3.0,1.0,4.0,5.0,6.0,1.0,6.0,6.0,1.0,4.0,6.0,4.0,6.0,5.0,2.0,1.0,5.0,4.0,5.0,6.0,3.0,6.0,3.0,6.0,2.0,128.0,1.0,1.0,2048.0,1.0,1.0,1.0,1.0,4.0,32.0,1.0,1.0,1.0,6.0,2.0,1.0,2.0,6.0,6.0,1.0,1.0,2.0,5.0,6.0,3.0,3.0,4.0,6.0,3.0,64.0,128.0,1.0,2.0,2.0,1.0,1.0,1.0,1.0,1.0,160.0,1.0,24427626505.0,219817200.0,6227490.0,0.0659263,14.0,10.0,10.0,5.369612460974886e+18,1.0,1.2221688888888889,10.0,10.0
2048000.0,256000.0,256.0,64.0,3.0,24.0,26.0,36.0,4.0,1.0,5.0,4.0,6.0,2.0,1.0,1.0,6.0,3.0,4.0,2.0,6.0,5.0,4.0,3.0,5.0,1.0,2.0,6.0,2.0,4.0,4.0,6.0,1024.0,4.0,1.0,256.0,1024.0,1.0,1.0,1.0,1.0,4.0,8.0,1.0,5.0,6.0,3.0,3.0,1.0,3.0,6.0,6.0,5.0,4.0,1.0,2.0,1.0,2.0,6.0,1.0,6.0,6.0,256.0,512.0,1.0,128.0,3072.0,1.0,1.0,1.0,1.0,160.0,40.0,1.0,1704016192.0,34708561.0,265804000000.0,328.32,22464.0,10.0,4292608.0,5.914394994501971e+16,19.555555555555557,0.21874977777777777,10.0,3331413.3333333335
1024000.0,8192000.0,256.0,64.0,1.0,12.0,28.0,42.0,3.0,1.0,5.0,5.0,2.0,5.0,5.0,4.0,5.0,1.0,4.0,3.0,3.0,6.0,5.0,4.0,4.0,2.0,2.0,1.0,5.0,6.0,6.0,6.0,64.0,4096.0,1.0,512.0,8.0,1.0,1.0,1.0,1.0,16.0,32.0,1.0,1.0,5.0,3.0,3.0,1.0,1.0,5.0,5.0,3.0,6.0,2.0,1.0,5.0,5.0,1.0,1.0,2.0,2.0,1.0,512.0,1.0,3.0,48.0,1.0,1.0,1.0,1.0,16.0,160.0,1.0,24427626505.0,246454080.0,17794600.0,0.185699,42.0,10.0,10.0,6.02028821687339e+18,1.0,1.0001066666666665,10.0,10.0
1024.0,4096000.0,256.0,64.0,2.0,12.0,24.0,30.0,3.0,2.0,4.0,6.0,1.0,1.0,2.0,4.0,3.0,5.0,5.0,3.0,4.0,5.0,4.0,5.0,4.0,5.0,1.0,5.0,1.0,1.0,1.0,1.0,1024.0,32.0,1.0,4.0,256.0,1.0,1.0,1.0,1.0,64.0,32.0,1.0,2.0,3.0,3.0,3.0,6.0,5.0,1.0,2.0,1.0,6.0,4.0,3.0,1.0,4.0,3.0,1.0,1.0,1.0,2.0,2.0,1.0,8.0,12.0,1.0,1.0,1.0,1.0,80.0,160.0,1.0,6111101011.0,92604440.0,541816000.0,3.3281477777777773,720.0,10.0,9472.0,5.6591508690708883e+17,4.0,1.5653055555555555,10.0,7783.111111111111
256000.0,64000.0,256.0,64.0,2.0,6.0,8.0,48.0,5.0,1.0,5.0,5.0,3.0,5.0,2.0,3.0,2.0,5.0,4.0,4.0,4.0,6.0,3.0,4.0,1.0,5.0,1.0,4.0,6.0,5.0,1.0,4.0,512.0,64.0,1.0,8.0,1024.0,1.0,1.0,1.0,1.0,16.0,32.0,1.0,6.0,1.0,3.0,2.0,2.0,1.0,5.0,2.0,6.0,4.0,2.0,6.0,6.0,1.0,3.0,2.0,5.0,3.0,256.0,2.0,1.0,96.0,24.0,1.0,1.0,1.0,1.0,16.0,160.0,1.0,3056795855.0,45788683.0,223566000.0,1.7489233333333332,384.0,10.0,24832.0,1.3996665640030896e+17,8.0,0.7426011111111112,10.0,12174.222222222223
32000.0,128000.0,256.0,64.0,2.0,10.0,14.0,14.0,4.0,1.0,2.0,4.0,5.0,4.0,4.0,5.0,6.0,6.0,1.0,4.0,2.0,3.0,5.0,2.0,2.0,2.0,6.0,4.0,1.0,4.0,2.0,3.0,2.0,2.0,1.0,64.0,64.0,1.0,1.0,1.0,1.0,1.0,128.0,1.0,4.0,1.0,3.0,6.0,6.0,1.0,2.0,3.0,6.0,2.0,2.0,5.0,2.0,2.0,5.0,6.0,6.0,3.0,4096.0,512.0,1.0,3.0,768.0,1.0,1.0,1.0,1.0,80.0,32.0,1.0,3619570018.0,72515090.0,95700400.0,0.9278484444444444,196.0,10.0,36032.0,2.6247344561657162e+17,8.576555555555554,2.995058222222222,10.0,20248.88888888889
1024000.0,512000.0,256.0,64.0,2.0,32.0,8.0,46.0,2.0,2.0,5.0,1.0,2.0,1.0,1.0,2.0,5.0,6.0,3.0,5.0,2.0,1.0,3.0,5.0,1.0,5.0,4.0,1.0,5.0,6.0,1.0,5.0,4096.0,8.0,1.0,2048.0,2.0,1.0,1.0,1.0,1.0,16.0,1.0,1.0,3.0,4.0,4.0,6.0,6.0,3.0,6.0,4.0,3.0,5.0,4.0,5.0,1.0,2.0,3.0,4.0,1.0,5.0,128.0,4.0,1.0,6.0,1024.0,1.0,1.0,1.0,1.0,16.0,20.0,1.0,5756682249.0,71648850.0,211279000.0,1.6342766666666666,368.0,10.0,368.0,4.124596629562637e+17,5.777777777777778,1.9734366666666665,10.0,236.44444444444446
64000.0,16000000.0,256.0,64.0,1.0,34.0,6.0,14.0,5.0,2.0,5.0,3.0,1.0,2.0,4.0,1.0,3.0,6.0,1.0,4.0,2.0,2.0,3.0,6.0,3.0,3.0,4.0,6.0,5.0,6.0,6.0,4.0,8.0,512.0,1.0,512.0,1024.0,1.0,1.0,1.0,1.0,2.0,32.0,1.0,2.0,1.0,3.0,6.0,1.0,6.0,4.0,5.0,6.0,3.0,5.0,1.0,1.0,6.0,3.0,1.0,2.0,3.0,16.0,2.0,1.0,384.0,2.0,1.0,1.0,1.0,1.0,20.0,80.0,1.0,1747386377.0,169959660.0,6227500.0,0.0661954,14.0,10.0,88.0,2.969851945235518e+17,13.9795,17.09938888888889,10.0,88.0
2048.0,64000.0,256.0,64.0,2.0,40.0,26.0,12.0,4.0,1.0,4.0,6.0,6.0,6.0,4.0,5.0,6.0,4.0,6.0,6.0,5.0,2.0,5.0,6.0,2.0,1.0,4.0,3.0,2.0,5.0,5.0,1.0,256.0,1.0,1.0,1024.0,64.0,1.0,1.0,1.0,1.0,32.0,8.0,1.0,1.0,2.0,1.0,3.0,4.0,5.0,3.0,1.0,1.0,5.0,3.0,2.0,3.0,2.0,5.0,3.0,3.0,4.0,64.0,256.0,1.0,128.0,6.0,1.0,1.0,1.0,1.0,80.0,16.0,1.0,1275756958.0,52197290.0,170342000.0,1.49119,312.0,10.0,45568.0,6.659105590624382e+16,18.22222222222222,7.274127777777776,10.0,32768.0
4096.0,16000.0,256.0,64.0,3.0,44.0,46.0,32.0,2.0,1.0,4.0,5.0,3.0,5.0,3.0,1.0,2.0,4.0,6.0,5.0,2.0,5.0,5.0,6.0,4.0,2.0,2.0,1.0,4.0,5.0,4.0,5.0,8.0,2048.0,1.0,2048.0,32.0,1.0,1.0,1.0,1.0,4.0,4.0,1.0,5.0,3.0,4.0,1.0,6.0,1.0,2.0,5.0,2.0,2.0,4.0,4.0,4.0,6.0,6.0,4.0,2.0,6.0,4.0,2.0,1.0,12.0,256.0,1.0,1.0,1.0,1.0,320.0,8.0,1.0,20375273533.0,54019483.8,2162650000000.0,2128.6933333333336,64768.0,10.0,9437184.0,1.1006617585364622e+18,14.777777777777779,0.138075,10.0,4287886.222222222
512.0,16000.0,256.0,64.0,3.0,42.0,48.0,16.0,2.0,4.0,1.0,4.0,4.0,2.0,4.0,2.0,2.0,5.0,6.0,1.0,6.0,4.0,1.0,1.0,2.0,6.0,5.0,3.0,4.0,6.0,2.0,3.0,512.0,4.0,1.0,4.0,2.0,1.0,1.0,1.0,1.0,16.0,4.0,1.0,1.0,4.0,6.0,6.0,3.0,3.0,5.0,5.0,4.0,4.0,5.0,1.0,4.0,6.0,6.0,4.0,1.0,5.0,2.0,256.0,1.0,12.0,384.0,1.0,1.0,1.0,1.0,32.0,80.0,1.0,1036079504.0,34694479.0,542626000000.0,597.5245555555555,32256.0,10.0,2043904.0,3.5946238593858416e+16,83.35022222222223,4.356034444444444,10.0,1221632.0
256000.0,2048000.0,256.0,64.0,2.0,8.0,8.0,22.0,4.0,1.0,1.0,3.0,1.0,6.0,6.0,6.0,5.0,4.0,4.0,2.0,3.0,5.0,1.0,6.0,6.0,3.0,2.0,6.0,5.0,2.0,4.0,5.0,4096.0,2048.0,1.0,32.0,1.0,1.0,1.0,1.0,1.0,128.0,64.0,1.0,1.0,3.0,5.0,1.0,6.0,3.0,6.0,6.0,2.0,4.0,5.0,6.0,6.0,5.0,5.0,1.0,4.0,2.0,4.0,2.0,1.0,128.0,64.0,1.0,1.0,1.0,1.0,40.0,16.0,1.0,10273327141.0,87079150.0,84241500.0,1.1824700000000001,176.0,10.0,266368.0,8.945925951102102e+17,10.79431111111111,5.549189999999999,10.0,119701.33333333333
4096.0,32000.0,256.0,64.0,2.0,4.0,4.0,22.0,3.0,2.0,3.0,6.0,1.0,6.0,5.0,4.0,1.0,5.0,4.0,6.0,6.0,6.0,3.0,2.0,5.0,4.0,5.0,2.0,3.0,1.0,6.0,6.0,8.0,4.0,1.0,4.0,4.0,1.0,1.0,1.0,1.0,8.0,32.0,1.0,4.0,1.0,2.0,6.0,4.0,6.0,2.0,4.0,2.0,5.0,5.0,4.0,1.0,4.0,3.0,5.0,4.0,4.0,16.0,128.0,1.0,768.0,8.0,1.0,1.0,1.0,1.0,80.0,80.0,1.0,6115786861.0,57674240.0,38533900.0,0.41507677777777774,88.0,10.0,15616.0,3.5272335921016064e+17,4.0,0.7251381111111113,10.0,8917.333333333334
256.0,8192000.0,256.0,64.0,1.0,4.0,10.0,30.0,3.0,2.0,2.0,1.0,6.0,1.0,5.0,6.0,5.0,1.0,1.0,5.0,2.0,3.0,5.0,6.0,4.0,6.0,3.0,1.0,6.0,4.0,4.0,1.0,1.0,4.0,1.0,256.0,256.0,1.0,1.0,1.0,1.0,32.0,4.0,1.0,2.0,1.0,1.0,1.0,1.0,1.0,5.0,6.0,3.0,3.0,1.0,5.0,4.0,5.0,1.0,5.0,4.0,3.0,32.0,2048.0,1.0,24.0,192.0,1.0,1.0,1.0,1.0,40.0,10.0,1.0,24427626505.0,293712580.0,12739400.0,0.134183,30.0,10.0,10.0,7.174701204059933e+18,1.0,1.277817777777778,10.0,10.0
8192.0,32000000.0,256.0,64.0,3.0,36.0,26.0,28.0,6.0,5.0,1.0,2.0,5.0,5.0,4.0,5.0,6.0,6.0,3.0,1.0,6.0,2.0,3.0,2.0,4.0,3.0,2.0,5.0,1.0,4.0,1.0,1.0,512.0,4.0,1.0,256.0,64.0,1.0,1.0,1.0,1.0,2.0,128.0,1.0,6.0,6.0,1.0,6.0,6.0,5.0,1.0,3.0,4.0,5.0,1.0,4.0,6.0,2.0,6.0,3.0,4.0,2.0,1.0,2.0,1.0,4.0,1536.0,1.0,1.0,1.0,1.0,320.0,1.0,1.0,159131788.0,33653614.6,360108000000.0,419.9406666666667,26208.0,10.0,3211264.0,5355359863960905.0,525.2244444444444,6.36161111111111,10.0,2121841.777777778
1024.0,1024000.0,256.0,64.0,2.0,28.0,12.0,24.0,6.0,6.0,4.0,3.0,6.0,1.0,6.0,2.0,6.0,5.0,4.0,6.0,5.0,5.0,1.0,3.0,4.0,6.0,3.0,6.0,1.0,6.0,5.0,6.0,1.0,2.0,1.0,1024.0,128.0,1.0,1.0,1.0,1.0,4.0,2.0,1.0,4.0,3.0,1.0,6.0,3.0,5.0,5.0,1.0,3.0,2.0,5.0,1.0,3.0,6.0,3.0,1.0,2.0,1.0,2.0,64.0,1.0,1536.0,6.0,1.0,1.0,1.0,1.0,5.0,1.0,1.0,383827973.0,83564468.0,153769000.0,1.275902222222222,288.0,10.0,3632.0,3.2074380367263364e+16,153.47799999999998,25.383333333333333,10.0,1840.888888888889
8192.0,256000.0,256.0,64.0,1.0,24.0,40.0,32.0,3.0,6.0,4.0,1.0,3.0,1.0,3.0,5.0,6.0,1.0,4.0,6.0,5.0,5.0,2.0,6.0,3.0,3.0,4.0,3.0,1.0,6.0,4.0,2.0,8.0,1024.0,1.0,2048.0,512.0,1.0,1.0,1.0,1.0,4.0,128.0,1.0,1.0,1.0,4.0,5.0,5.0,3.0,5.0,6.0,4.0,5.0,2.0,6.0,6.0,1.0,6.0,2.0,2.0,3.0,32.0,2048.0,1.0,32.0,3072.0,1.0,1.0,1.0,1.0,40.0,32.0,1.0,763363337.0,199315080.0,13571700.0,0.14340199999999997,32.0,10.0,196.0,1.5214982458322195e+17,32.0,32.0,10.0,196.0
128000.0,4096000.0,256.0,64.0,3.0,48.0,30.0,14.0,1.0,5.0,4.0,1.0,6.0,4.0,4.0,2.0,6.0,5.0,2.0,2.0,2.0,5.0,6.0,4.0,1.0,1.0,2.0,1.0,4.0,1.0,5.0,3.0,32.0,1.0,1.0,2.0,2048.0,1.0,1.0,1.0,1.0,1.0,8.0,1.0,1.0,6.0,5.0,4.0,3.0,2.0,3.0,5.0,5.0,6.0,6.0,5.0,5.0,5.0,4.0,4.0,4.0,2.0,512.0,32.0,1.0,2.0,48.0,1.0,1.0,1.0,1.0,64.0,160.0,1.0,1022690340.0,37569431.0,214871000000.0,264.6717777777778,20160.0,10.0,228352.0,3.842189416299654e+16,26.33648888888889,1.6341138888888886,10.0,199907.55555555556
64000.0,128000.0,256.0,64.0,3.0,48.0,28.0,22.0,1.0,4.0,5.0,5.0,5.0,3.0,3.0,4.0,4.0,3.0,2.0,4.0,2.0,4.0,1.0,3.0,3.0,4.0,6.0,2.0,1.0,5.0,3.0,5.0,2048.0,512.0,1.0,8.0,128.0,1.0,1.0,1.0,1.0,1.0,32.0,1.0,6.0,5.0,5.0,6.0,6.0,5.0,4.0,3.0,5.0,4.0,2.0,3.0,2.0,6.0,6.0,3.0,2.0,5.0,128.0,16.0,1.0,128.0,512.0,1.0,1.0,1.0,1.0,10.0,16.0,1.0,12852214824.0,37849458.0,456904000000.0,510.35433333333333,29568.0,10.0,663552.0,4.864493651879654e+17,8.222222222222221,0.1377315,10.0,379107.55555555556
512.0,2048000.0,256.0,64.0,1.0,12.0,26.0,48.0,2.0,6.0,4.0,4.0,1.0,5.0,5.0,6.0,2.0,6.0,4.0,3.0,2.0,5.0,3.0,2.0,6.0,5.0,1.0,3.0,6.0,1.0,2.0,1.0,1.0,1024.0,1.0,8.0,16.0,1.0,1.0,1.0,1.0,1.0,1.0,1.0,4.0,5.0,6.0,6.0,2.0,5.0,3.0,5.0,6.0,5.0,6.0,5.0,2.0,1.0,4.0,6.0,2.0,2.0,64.0,128.0,1.0,4.0,768.0,1.0,1.0,1.0,1.0,8.0,5.0,1.0,509607945.0,190347080.0,20377200.0,0.212477,48.0,10.0,292.0,9.70023842755506e+16,47.83462222222222,47.83462222222222,10.0,292.0
4096.0,32000000.0,256.0,64.0,2.0,18.0,46.0,38.0,1.0,3.0,6.0,5.0,2.0,4.0,1.0,1.0,5.0,1.0,1.0,5.0,1.0,4.0,1.0,3.0,4.0,6.0,3.0,5.0,4.0,6.0,3.0,2.0,256.0,1.0,1.0,2.0,32.0,1.0,1.0,1.0,1.0,32.0,64.0,1.0,5.0,5.0,3.0,1.0,1.0,3.0,4.0,3.0,2.0,1.0,4.0,2.0,5.0,4.0,4.0,1.0,6.0,5.0,16.0,8.0,1.0,256.0,1024.0,1.0,1.0,1.0,1.0,5.0,16.0,1.0,8390574129.0,72429140.0,2230080000.0,8.806868888888888,1748.0,10.0,6736.0,6.07722068269719e+17,8.777777777777779,5.864085,10.0,3829.3333333333335
512.0,32000000.0,256.0,64.0,1.0,26.0,24.0,28.0,1.0,2.0,3.0,1.0,5.0,5.0,1.0,2.0,2.0,4.0,2.0,4.0,1.0,2.0,5.0,2.0,1.0,5.0,4.0,3.0,2.0,6.0,5.0,5.0,1024.0,256.0,1.0,512.0,1.0,1.0,1.0,1.0,1.0,1.0,8.0,1.0,6.0,3.0,4.0,5.0,2.0,2.0,3.0,2.0,6.0,1.0,1.0,1.0,5.0,4.0,1.0,4.0,6.0,5.0,4.0,1024.0,1.0,12.0,1536.0,1.0,1.0,1.0,1.0,64.0,5.0,1.0,24427626505.0,246454080.0,11911100.0,0.125609,28.0,10.0,10.0,6.02028821687339e+18,1.0,1.0001066666666665,10.0,10.0
2048.0,16000000.0,256.0,64.0,3.0,10.0,28.0,44.0,6.0,6.0,4.0,2.0,2.0,1.0,5.0,2.0,6.0,3.0,2.0,5.0,6.0,5.0,6.0,6.0,4.0,6.0,6.0,5.0,5.0,2.0,4.0,5.0,8.0,128.0,1.0,1024.0,16.0,1.0,1.0,1.0,1.0,2.0,1.0,1.0,5.0,6.0,5.0,3.0,5.0,1.0,3.0,1.0,1.0,1.0,2.0,4.0,5.0,5.0,6.0,5.0,2.0,4.0,1.0,16.0,1.0,8.0,12.0,1.0,1.0,1.0,1.0,1.0,5.0,1.0,1782169655.0,45629570.0,82088200000.0,123.05133333333333,12320.0,10.0,2630656.0,8.131963502469835e+16,86.79216666666667,19.75675722222222,10.0,1172269.3333333333
256.0,16000.0,256.0,64.0,2.0,4.0,26.0,24.0,3.0,1.0,4.0,5.0,4.0,6.0,4.0,5.0,4.0,2.0,6.0,5.0,4.0,6.0,1.0,3.0,1.0,2.0,6.0,2.0,3.0,1.0,6.0,6.0,8.0,4096.0,1.0,512.0,64.0,1.0,1.0,1.0,1.0,32.0,128.0,1.0,6.0,4.0,1.0,6.0,2.0,2.0,5.0,4.0,5.0,4.0,2.0,1.0,3.0,5.0,1.0,6.0,3.0,5.0,1024.0,256.0,1.0,1536.0,8.0,1.0,1.0,1.0,1.0,4.0,4.0,1.0,10337484872.0,46780455.0,439145000.0,2.8562000000000003,624.0,10.0,6208.0,4.835922458677768e+17,8.222222222222221,1.0285866666666665,10.0,5952.0
256.0,4096000.0,256.0,64.0,2.0,36.0,26.0,32.0,5.0,1.0,2.0,4.0,1.0,4.0,5.0,6.0,2.0,6.0,2.0,6.0,6.0,5.0,6.0,3.0,1.0,4.0,5.0,2.0,2.0,3.0,5.0,3.0,1024.0,4096.0,1.0,16.0,128.0,1.0,1.0,1.0,1.0,16.0,32.0,1.0,3.0,3.0,1.0,4.0,3.0,6.0,4.0,1.0,4.0,3.0,1.0,3.0,1.0,4.0,1.0,2.0,1.0,6.0,512.0,4.0,1.0,48.0,192.0,1.0,1.0,1.0,1.0,64.0,320.0,1.0,158864102.0,35537569.0,673496000.0,4.313905555555555,832.0,10.0,262656.0,5645643986448038.0,469.3333333333333,8.080577777777778,10.0,133091.55555555556
128000.0,512000.0,256.0,64.0,2.0,18.0,40.0,10.0,3.0,5.0,6.0,5.0,5.0,3.0,1.0,4.0,1.0,1.0,1.0,4.0,5.0,1.0,4.0,2.0,3.0,5.0,5.0,3.0,2.0,3.0,1.0,2.0,4096.0,4.0,1.0,16.0,16.0,1.0,1.0,1.0,1.0,4.0,2.0,1.0,6.0,2.0,3.0,2.0,1.0,6.0,3.0,1.0,1.0,4.0,3.0,2.0,6.0,3.0,4.0,6.0,2.0,1.0,4.0,1024.0,1.0,256.0,768.0,1.0,1.0,1.0,1.0,16.0,64.0,1.0,2616377373.0,73880070.0,236110000.0,1.800792222222222,400.0,10.0,10368.0,1.932981434636561e+17,9.025638888888889,3.03349,10.0,5852.444444444444
512000.0,128000.0,256.0,64.0,3.0,6.0,42.0,14.0,6.0,3.0,4.0,4.0,2.0,3.0,3.0,6.0,3.0,1.0,4.0,6.0,5.0,5.0,3.0,1.0,5.0,6.0,3.0,1.0,5.0,3.0,6.0,1.0,256.0,64.0,1.0,16.0,256.0,1.0,1.0,1.0,1.0,8.0,32.0,1.0,2.0,6.0,6.0,3.0,4.0,1.0,2.0,6.0,3.0,3.0,1.0,2.0,1.0,2.0,6.0,5.0,3.0,5.0,512.0,2.0,1.0,3072.0,8.0,1.0,1.0,1.0,1.0,2.0,40.0,1.0,5392072112.0,33090002.0,7702490000.0,58.993277777777784,3528.0,10.0,19365888.0,1.7842367697022422e+17,11.70368888888889,0.07407422222222222,10.0,11159324.444444444
16000.0,2048000.0,256.0,64.0,1.0,38.0,36.0,16.0,1.0,2.0,1.0,3.0,4.0,6.0,3.0,1.0,6.0,1.0,4.0,3.0,2.0,6.0,1.0,3.0,6.0,4.0,6.0,4.0,4.0,6.0,4.0,6.0,16.0,32.0,1.0,1024.0,1.0,1.0,1.0,1.0,1.0,128.0,1.0,1.0,4.0,6.0,3.0,6.0,5.0,5.0,3.0,1.0,3.0,1.0,4.0,4.0,6.0,3.0,6.0,5.0,5.0,2.0,64.0,128.0,1.0,3.0,6.0,1.0,1.0,1.0,1.0,160.0,32.0,1.0,24427626505.0,199781280.0,7027210.0,0.07444540000000001,16.0,10.0,10.0,4.880182490530826e+18,1.0,1.0,10.0,10.0
256.0,32000.0,256.0,64.0,2.0,10.0,22.0,34.0,5.0,2.0,6.0,6.0,4.0,3.0,5.0,4.0,3.0,6.0,1.0,2.0,1.0,6.0,2.0,6.0,3.0,5.0,6.0,5.0,6.0,6.0,3.0,1.0,4.0,512.0,1.0,128.0,8.0,1.0,1.0,1.0,1.0,4.0,4.0,1.0,1.0,1.0,1.0,1.0,5.0,6.0,3.0,5.0,1.0,1.0,4.0,6.0,3.0,5.0,6.0,2.0,2.0,4.0,4.0,64.0,1.0,16.0,32.0,1.0,1.0,1.0,1.0,320.0,1.0,1.0,22470983689.0,71696270.0,573530000.0,3.4392688888888894,748.0,10.0,208.0,1.61108571373214e+18,1.4444444444444444,0.46698655555555557,10.0,186.66666666666666
128000.0,1024000.0,256.0,64.0,3.0,20.0,34.0,46.0,1.0,1.0,1.0,5.0,3.0,5.0,4.0,3.0,2.0,1.0,3.0,2.0,1.0,2.0,3.0,6.0,5.0,4.0,3.0,5.0,5.0,3.0,1.0,6.0,2.0,1.0,1.0,2.0,16.0,1.0,1.0,1.0,1.0,16.0,2.0,1.0,5.0,3.0,3.0,5.0,3.0,5.0,2.0,6.0,6.0,5.0,2.0,2.0,1.0,2.0,4.0,6.0,4.0,6.0,64.0,2.0,1.0,64.0,512.0,1.0,1.0,1.0,1.0,80.0,1.0,1.0,5724965784.0,42996770.0,510649000000.0,562.8213333333334,31280.0,10.0,434176.0,2.461550370725177e+17,5.777777777777778,1.4518287222222221,10.0,243285.33333333334
2048.0,64000.0,256.0,64.0,3.0,18.0,44.0,22.0,1.0,2.0,6.0,1.0,4.0,6.0,5.0,2.0,5.0,6.0,4.0,5.0,5.0,5.0,6.0,5.0,3.0,4.0,5.0,5.0,5.0,2.0,3.0,6.0,256.0,256.0,1.0,8.0,1024.0,1.0,1.0,1.0,1.0,1.0,64.0,1.0,3.0,6.0,5.0,1.0,5.0,6.0,2.0,6.0,5.0,6.0,4.0,2.0,4.0,6.0,4.0,5.0,1.0,2.0,8.0,2048.0,1.0,1536.0,4.0,1.0,1.0,1.0,1.0,80.0,10.0,1.0,24491661264.0,32758976.0,161417000000.0,221.48288888888888,17424.0,10.0,6864896.0,8.023217435475057e+17,1.0,0.0,10.0,4119665.777777778
2048000.0,64000.0,256.0,64.0,1.0,18.0,2.0,40.0,3.0,3.0,1.0,1.0,4.0,1.0,6.0,5.0,4.0,3.0,3.0,2.0,1.0,1.0,3.0,5.0,1.0,6.0,2.0,5.0,2.0,3.0,6.0,3.0,128.0,2048.0,1.0,256.0,64.0,1.0,1.0,1.0,1.0,8.0,64.0,1.0,3.0,4.0,3.0,1.0,5.0,1.0,3.0,6.0,3.0,6.0,6.0,6.0,5.0,2.0,1.0,6.0,6.0,4.0,32.0,4096.0,1.0,32.0,512.0,1.0,1.0,1.0,1.0,20.0,5.0,1.0,24427626505.0,219832700.0,16941800.0,0.177104,40.0,10.0,10.0,5.369991089185713e+18,1.0,1.2222577777777779,10.0,10.0
512.0,64000.0,256.0,64.0,2.0,48.0,24.0,20.0,4.0,2.0,3.0,4.0,2.0,1.0,4.0,4.0,2.0,1.0,6.0,2.0,6.0,1.0,3.0,1.0,1.0,6.0,5.0,2.0,3.0,5.0,3.0,5.0,4096.0,4096.0,1.0,32.0,256.0,1.0,1.0,1.0,1.0,4.0,64.0,1.0,2.0,5.0,4.0,3.0,3.0,1.0,1.0,6.0,4.0,6.0,4.0,3.0,5.0,4.0,6.0,4.0,6.0,6.0,512.0,512.0,1.0,2.0,128.0,1.0,1.0,1.0,1.0,1.0,10.0,1.0,4665305664.0,73195023.0,302782000.0,2.667773333333333,480.0,10.0,295168.0,3.414771553785103e+17,5.333333333333333,1.9769201333333335,10.0,149394.66666666666
2048.0,1024000.0,256.0,64.0,1.0,40.0,44.0,22.0,3.0,3.0,6.0,6.0,5.0,1.0,2.0,5.0,5.0,6.0,3.0,2.0,3.0,2.0,1.0,6.0,2.0,3.0,4.0,5.0,1.0,1.0,6.0,6.0,32.0,8.0,1.0,2.0,16.0,1.0,1.0,1.0,1.0,64.0,16.0,1.0,4.0,4.0,2.0,4.0,5.0,5.0,1.0,2.0,5.0,3.0,6.0,3.0,4.0,3.0,4.0,1.0,3.0,1.0,16.0,2.0,1.0,384.0,1.0,1.0,1.0,1.0,1.0,160.0,40.0,1.0,24427626505.0,256622400.0,9450830.0,0.100003,22.0,10.0,10.0,6.268676140016712e+18,1.0,1.0034711111111112,10.0,10.0
128000.0,4096000.0,256.0,64.0,2.0,26.0,2.0,12.0,6.0,2.0,5.0,3.0,6.0,1.0,3.0,3.0,6.0,2.0,2.0,3.0,2.0,2.0,1.0,1.0,1.0,2.0,3.0,4.0,3.0,5.0,6.0,5.0,32.0,2048.0,1.0,1.0,32.0,1.0,1.0,1.0,1.0,1.0,32.0,1.0,2.0,6.0,3.0,3.0,5.0,3.0,2.0,6.0,6.0,4.0,3.0,5.0,3.0,5.0,5.0,4.0,1.0,1.0,4.0,1.0,1.0,64.0,16.0,1.0,1.0,1.0,1.0,80.0,10.0,1.0,12310282249.0,110252950.0,10266900.0,0.1098948888888889,24.0,10.0,424.0,1.3572449332848845e+18,2.0,1.4204866666666667,10.0,408.0
64000.0,32000.0,256.0,64.0,1.0,34.0,14.0,46.0,4.0,5.0,6.0,2.0,3.0,1.0,3.0,4.0,2.0,5.0,4.0,3.0,2.0,5.0,3.0,1.0,1.0,1.0,5.0,1.0,1.0,4.0,3.0,4.0,128.0,1.0,1.0,512.0,16.0,1.0,1.0,1.0,1.0,1.0,2.0,1.0,1.0,1.0,5.0,2.0,6.0,5.0,6.0,2.0,1.0,4.0,6.0,6.0,3.0,1.0,6.0,4.0,2.0,1.0,64.0,64.0,1.0,4.0,3.0,1.0,1.0,1.0,1.0,1.0,64.0,1.0,24427626505.0,199796780.0,19512200.0,0.202899,46.0,10.0,10.0,4.880561118741654e+18,1.0,1.0000888888888888,10.0,10.0
16000.0,64000.0,256.0,64.0,1.0,6.0,34.0,38.0,6.0,2.0,6.0,4.0,3.0,1.0,5.0,5.0,1.0,5.0,1.0,3.0,5.0,6.0,1.0,6.0,3.0,4.0,5.0,6.0,6.0,2.0,4.0,2.0,64.0,32.0,1.0,32.0,8.0,1.0,1.0,1.0,1.0,4.0,1.0,1.0,1.0,2.0,4.0,2.0,4.0,6.0,2.0,3.0,5.0,3.0,2.0,5.0,3.0,2.0,4.0,6.0,3.0,2.0,128.0,1.0,1.0,8.0,128.0,1.0,1.0,1.0,1.0,20.0,4.0,1.0,644087817.0,108166140.0,16093200.0,0.16927899999999999,38.0,10.0,232.0,6.966849298591638e+16,37.9259,27.527033333333335,10.0,232.0
16000.0,64000.0,256.0,64.0,2.0,22.0,32.0,24.0,2.0,1.0,2.0,1.0,5.0,6.0,5.0,1.0,4.0,6.0,3.0,5.0,1.0,2.0,4.0,4.0,1.0,6.0,4.0,1.0,3.0,5.0,5.0,2.0,256.0,4096.0,1.0,16.0,16.0,1.0,1.0,1.0,1.0,2.0,32.0,1.0,4.0,3.0,6.0,1.0,2.0,3.0,5.0,1.0,2.0,3.0,2.0,3.0,6.0,3.0,2.0,3.0,2.0,1.0,1.0,512.0,1.0,1536.0,96.0,1.0,1.0,1.0,1.0,2.0,16.0,1.0,24533008461.0,174213480.0,596674000.0,3.552477777777778,768.0,10.0,9280.0,4.273980778860254e+18,1.0,0.8008051111111111,10.0,4446.666666666667
1024000.0,4096000.0,256.0,64.0,1.0,16.0,34.0,12.0,4.0,1.0,6.0,4.0,6.0,6.0,5.0,6.0,1.0,2.0,5.0,1.0,2.0,3.0,5.0,5.0,2.0,6.0,1.0,1.0,3.0,1.0,4.0,5.0,4096.0,8.0,1.0,128.0,128.0,1.0,1.0,1.0,1.0,8.0,32.0,1.0,3.0,6.0,5.0,6.0,3.0,4.0,4.0,3.0,2.0,6.0,1.0,6.0,5.0,3.0,5.0,3.0,6.0,3.0,4096.0,128.0,1.0,32.0,192.0,1.0,1.0,1.0,1.0,32.0,80.0,1.0,24427626505.0,256309600.0,5431850.0,0.0574071,12.0,10.0,10.0,6.261035178445948e+18,1.0,1.0,10.0,10.0
32000.0,1024000.0,256.0,64.0,3.0,14.0,32.0,24.0,1.0,1.0,4.0,1.0,6.0,2.0,3.0,3.0,2.0,5.0,6.0,3.0,4.0,6.0,4.0,3.0,2.0,4.0,1.0,5.0,5.0,3.0,3.0,4.0,8.0,1024.0,1.0,4.0,256.0,1.0,1.0,1.0,1.0,64.0,8.0,1.0,2.0,2.0,6.0,1.0,2.0,6.0,6.0,3.0,1.0,1.0,3.0,6.0,5.0,5.0,4.0,1.0,4.0,2.0,16.0,1024.0,1.0,2.0,512.0,1.0,1.0,1.0,1.0,160.0,8.0,1.0,24523065968.0,32796062.0,63049100000.0,100.48173333333334,10752.0,10.0,1540096.0,8.04259991916618e+17,1.0,0.0,10.0,1161443.5555555555
256000.0,16000000.0,256.0,64.0,2.0,26.0,4.0,26.0,3.0,2.0,4.0,5.0,6.0,1.0,4.0,1.0,1.0,4.0,4.0,4.0,6.0,4.0,3.0,3.0,1.0,1.0,2.0,4.0,2.0,2.0,3.0,4.0,16.0,1024.0,1.0,2.0,2048.0,1.0,1.0,1.0,1.0,8.0,1.0,1.0,4.0,1.0,2.0,4.0,5.0,4.0,5.0,6.0,5.0,5.0,6.0,5.0,1.0,4.0,5.0,5.0,2.0,3.0,2048.0,2.0,1.0,1.0,1.0,1.0,1.0,1.0,1.0,160.0,32.0,1.0,5934940169.0,178921160.0,46251000.0,0.454426,104.0,10.0,196.0,1.061886379568076e+18,9.333333333333334,7.3519733333333335,10.0,169.33333333333334
32000.0,4096000.0,256.0,64.0,3.0,38.0,46.0,48.0,6.0,5.0,3.0,1.0,6.0,2.0,1.0,1.0,5.0,1.0,1.0,1.0,6.0,4.0,1.0,4.0,2.0,1.0,2.0,1.0,3.0,3.0,5.0,1.0,2048.0,256.0,1.0,8.0,32.0,1.0,1.0,1.0,1.0,16.0,32.0,1.0,3.0,6.0,4.0,4.0,3.0,1.0,5.0,6.0,1.0,3.0,4.0,6.0,4.0,4.0,3.0,5.0,6.0,1.0,2048.0,64.0,1.0,768.0,384.0,1.0,1.0,1.0,1.0,1.0,1.0,1.0,478821664.0,32876646.0,3619840000000.0,3454.8033333333333,83904.0,10.0,6310912.0,1.5742050344458944e+16,60.44444444444444,0.3550346666666667,10.0,3739989.3333333335
128000.0,128000.0,256.0,64.0,3.0,16.0,46.0,10.0,2.0,6.0,6.0,4.0,1.0,6.0,6.0,1.0,1.0,4.0,6.0,5.0,3.0,4.0,3.0,6.0,1.0,1.0,6.0,6.0,3.0,5.0,2.0,1.0,256.0,8.0,1.0,8.0,8.0,1.0,1.0,1.0,1.0,64.0,128.0,1.0,2.0,5.0,4.0,6.0,1.0,2.0,2.0,6.0,6.0,2.0,6.0,6.0,6.0,1.0,4.0,6.0,1.0,1.0,128.0,512.0,1.0,64.0,192.0,1.0,1.0,1.0,1.0,320.0,20.0,1.0,1526839568.0,32707202.6,30436900000.0,65.78026666666666,7360.0,10.0,5439488.0,4.993865108827248e+16,16.0,0.05555555555555555,10.0,3094755.5555555555
128.0,1024000.0,256.0,64.0,3.0,16.0,10.0,30.0,5.0,1.0,3.0,3.0,3.0,1.0,6.0,2.0,1.0,3.0,1.0,5.0,3.0,3.0,1.0,4.0,3.0,2.0,1.0,2.0,5.0,1.0,5.0,4.0,128.0,8.0,1.0,2048.0,256.0,1.0,1.0,1.0,1.0,1.0,1.0,1.0,4.0,4.0,3.0,2.0,1.0,6.0,5.0,2.0,2.0,1.0,4.0,5.0,2.0,4.0,2.0,6.0,5.0,4.0,2.0,256.0,1.0,32.0,3.0,1.0,1.0,1.0,1.0,320.0,64.0,1.0,350622240.0,32497063.8,13588900000.0,49.00915555555556,4800.0,10.0,8404992.0,1.1394193302978912e+16,149.33333333333334,0.5185183333333333,10.0,5348920.888888889
256.0,4096000.0,256.0,64.0,1.0,10.0,26.0,26.0,4.0,3.0,3.0,1.0,3.0,1.0,4.0,2.0,1.0,4.0,5.0,5.0,1.0,4.0,3.0,3.0,4.0,5.0,3.0,5.0,1.0,4.0,2.0,5.0,128.0,16.0,1.0,1024.0,32.0,1.0,1.0,1.0,1.0,4.0,128.0,1.0,1.0,6.0,1.0,1.0,3.0,5.0,2.0,5.0,4.0,6.0,4.0,6.0,2.0,5.0,2.0,4.0,5.0,1.0,1.0,512.0,1.0,1024.0,8.0,1.0,1.0,1.0,1.0,10.0,8.0,1.0,942276617.0,212868400.0,11087000.0,0.117559,26.0,10.0,160.0,2.005809158182028e+17,25.9241,38.80294444444444,10.0,160.0
256000.0,256000.0,256.0,64.0,2.0,28.0,18.0,20.0,3.0,4.0,3.0,6.0,4.0,4.0,3.0,5.0,4.0,4.0,2.0,4.0,1.0,6.0,4.0,1.0,2.0,3.0,4.0,6.0,5.0,3.0,2.0,2.0,64.0,8.0,1.0,2048.0,1.0,1.0,1.0,1.0,1.0,1.0,64.0,1.0,3.0,4.0,5.0,4.0,2.0,4.0,3.0,3.0,4.0,5.0,6.0,5.0,1.0,4.0,3.0,2.0,1.0,3.0,1024.0,2048.0,1.0,1536.0,8.0,1.0,1.0,1.0,1.0,2.0,20.0,1.0,426840440.0,57180120.0,205244000.0,1.77166,360.0,10.0,90688.0,2.44067875800528e+16,86.12333333333333,8.98698888888889,10.0,50677.333333333336
1024.0,2048000.0,256.0,64.0,1.0,10.0,8.0,22.0,5.0,4.0,2.0,4.0,2.0,3.0,6.0,5.0,4.0,4.0,6.0,4.0,1.0,5.0,1.0,6.0,1.0,5.0,6.0,1.0,6.0,4.0,5.0,6.0,4.0,256.0,1.0,256.0,64.0,1.0,1.0,1.0,1.0,1.0,16.0,1.0,6.0,3.0,2.0,5.0,6.0,6.0,4.0,5.0,6.0,2.0,5.0,4.0,6.0,1.0,6.0,6.0,1.0,2.0,2.0,8.0,1.0,48.0,256.0,1.0,1.0,1.0,1.0,4.0,1.0,1.0,1115226121.0,99997340.0,9450840.0,0.100438,22.0,10.0,136.0,1.1151964559851814e+17,21.9037,10.9563,10.0,136.0
128.0,32000.0,256.0,64.0,2.0,16.0,32.0,26.0,5.0,3.0,2.0,3.0,2.0,5.0,1.0,6.0,5.0,2.0,6.0,3.0,2.0,6.0,1.0,4.0,2.0,1.0,3.0,4.0,5.0,1.0,2.0,5.0,512.0,4.0,1.0,1024.0,2048.0,1.0,1.0,1.0,1.0,8.0,32.0,1.0,3.0,4.0,2.0,2.0,6.0,4.0,4.0,6.0,3.0,2.0,4.0,5.0,5.0,5.0,2.0,5.0,5.0,5.0,256.0,32.0,1.0,48.0,64.0,1.0,1.0,1.0,1.0,16.0,160.0,1.0,763396368.0,36851211.0,673498000.0,4.5391144444444445,832.0,10.0,280576.0,2.813208063380165e+16,32.0,2.160590555555556,10.0,198371.55555555556
4096.0,256000.0,256.0,64.0,3.0,30.0,44.0,14.0,2.0,1.0,3.0,2.0,2.0,2.0,1.0,2.0,6.0,1.0,5.0,1.0,4.0,1.0,3.0,2.0,5.0,3.0,3.0,3.0,6.0,6.0,1.0,4.0,32.0,512.0,1.0,128.0,8.0,1.0,1.0,1.0,1.0,2.0,8.0,1.0,4.0,5.0,4.0,5.0,2.0,1.0,6.0,3.0,3.0,6.0,6.0,6.0,2.0,1.0,1.0,4.0,3.0,2.0,512.0,256.0,1.0,4.0,192.0,1.0,1.0,1.0,1.0,1.0,80.0,1.0,10340402912.0,34011945.0,181144000000.0,229.19122222222222,18480.0,10.0,309248.0,3.516972151207839e+17,8.222222222222221,0.12478299999999999,10.0,234609.77777777778
1024000.0,16000.0,256.0,64.0,3.0,24.0,8.0,10.0,2.0,6.0,2.0,2.0,5.0,4.0,5.0,6.0,6.0,6.0,5.0,4.0,3.0,2.0,3.0,4.0,5.0,6.0,3.0,2.0,6.0,2.0,3.0,2.0,2048.0,256.0,1.0,64.0,1.0,1.0,1.0,1.0,1.0,8.0,128.0,1.0,2.0,4.0,5.0,6.0,4.0,6.0,1.0,4.0,3.0,4.0,6.0,2.0,3.0,6.0,4.0,2.0,3.0,5.0,32.0,2.0,1.0,2.0,3072.0,1.0,1.0,1.0,1.0,1.0,32.0,1.0,22917869860.0,37752265.9,2618480000.0,21.61438888888889,1920.0,10.0,7208960.0,8.652015168163158e+17,7.666666666666667,0.015191000000000001,10.0,3423573.3333333335
64000.0,1024000.0,256.0,64.0,3.0,44.0,22.0,6.0,5.0,1.0,5.0,5.0,5.0,6.0,5.0,1.0,5.0,4.0,2.0,1.0,6.0,5.0,5.0,5.0,5.0,2.0,2.0,2.0,3.0,2.0,5.0,4.0,256.0,256.0,1.0,128.0,8.0,1.0,1.0,1.0,1.0,2.0,16.0,1.0,6.0,3.0,2.0,2.0,4.0,4.0,6.0,6.0,2.0,1.0,3.0,4.0,1.0,6.0,1.0,6.0,6.0,6.0,4096.0,128.0,1.0,48.0,1024.0,1.0,1.0,1.0,1.0,1.0,4.0,1.0,5555237408.0,33646924.0,19425700000.0,55.811699999999995,5808.0,10.0,8429568.0,1.86916650868933e+17,9.333333333333334,0.05823205555555555,10.0,4717681.777777778
2048.0,64000.0,256.0,64.0,2.0,44.0,6.0,28.0,4.0,5.0,5.0,3.0,1.0,5.0,1.0,3.0,6.0,5.0,2.0,6.0,3.0,4.0,6.0,2.0,2.0,4.0,2.0,3.0,3.0,6.0,5.0,6.0,1024.0,512.0,1.0,64.0,8.0,1.0,1.0,1.0,1.0,32.0,128.0,1.0,1.0,6.0,5.0,2.0,3.0,5.0,3.0,2.0,1.0,2.0,2.0,6.0,4.0,4.0,4.0,4.0,5.0,2.0,1.0,16.0,1.0,3072.0,2.0,1.0,1.0,1.0,1.0,2.0,16.0,1.0,4915730437.0,126696683.0,79743600.0,0.8646716666666666,168.0,10.0,84992.0,6.228067408900404e+17,5.979328888888889,2.7393408888888886,10.0,37816.444444444445
64000.0,512000.0,256.0,64.0,3.0,32.0,32.0,32.0,5.0,2.0,2.0,6.0,3.0,5.0,4.0,1.0,1.0,2.0,1.0,4.0,1.0,1.0,2.0,2.0,6.0,6.0,6.0,3.0,3.0,3.0,1.0,1.0,8.0,4.0,1.0,64.0,256.0,1.0,1.0,1.0,1.0,128.0,8.0,1.0,3.0,6.0,2.0,2.0,4.0,1.0,2.0,1.0,1.0,3.0,6.0,1.0,3.0,2.0,4.0,4.0,4.0,6.0,16.0,2048.0,1.0,192.0,6.0,1.0,1.0,1.0,1.0,80.0,32.0,1.0,2305961904.0,34972532.0,559788000000.0,614.4427777777778,32768.0,10.0,2220032.0,8.064532647842093e+16,72.0,0.44064688888888887,10.0,1265208.888888889
128000.0,16000000.0,256.0,64.0,3.0,38.0,22.0,26.0,5.0,5.0,2.0,5.0,2.0,6.0,4.0,3.0,1.0,5.0,4.0,4.0,4.0,3.0,5.0,3.0,3.0,6.0,6.0,1.0,6.0,5.0,6.0,2.0,128.0,1024.0,1.0,1.0,64.0,1.0,1.0,1.0,1.0,1.0,1.0,1.0,6.0,3.0,5.0,4.0,4.0,5.0,1.0,2.0,2.0,2.0,3.0,3.0,2.0,1.0,1.0,4.0,5.0,3.0,8.0,8.0,1.0,512.0,8.0,1.0,1.0,1.0,1.0,320.0,80.0,1.0,3059923106.0,53044750.0,249125000000.0,300.4878888888889,21736.0,10.0,340992.0,1.623128561769935e+17,8.0,2.3115977777777776,10.0,249628.44444444444
512.0,1024000.0,256.0,64.0,3.0,20.0,46.0,18.0,6.0,2.0,3.0,6.0,5.0,5.0,2.0,4.0,2.0,4.0,5.0,4.0,5.0,4.0,1.0,1.0,2.0,4.0,6.0,2.0,5.0,4.0,1.0,3.0,256.0,1.0,1.0,128.0,1.0,1.0,1.0,1.0,1.0,1.0,32.0,1.0,6.0,6.0,3.0,5.0,4.0,2.0,5.0,5.0,6.0,4.0,6.0,3.0,3.0,4.0,2.0,4.0,4.0,1.0,4096.0,1024.0,1.0,768.0,1.0,1.0,1.0,1.0,1.0,16.0,40.0,1.0,8078822400.0,32665151.1,146121000000.0,205.5511111111111,16560.0,10.0,6680576.0,2.6389595440606464e+17,115.44444444444444,0.9652799999999999,10.0,4297614.222222222
128.0,16000000.0,256.0,64.0,2.0,32.0,14.0,2.0,5.0,3.0,6.0,5.0,4.0,1.0,3.0,3.0,4.0,6.0,4.0,2.0,6.0,6.0,3.0,6.0,1.0,5.0,5.0,1.0,3.0,1.0,6.0,3.0,2048.0,64.0,1.0,1.0,64.0,1.0,1.0,1.0,1.0,32.0,8.0,1.0,4.0,4.0,1.0,1.0,6.0,5.0,3.0,5.0,1.0,2.0,1.0,3.0,3.0,2.0,1.0,4.0,3.0,1.0,32.0,64.0,1.0,8.0,1.0,1.0,1.0,1.0,1.0,8.0,16.0,1.0,12300845078.0,146577680.0,11911300.0,0.1285001111111111,28.0,10.0,1168.0,1.803029333572659e+18,2.0,1.9427633333333334,10.0,848.0
2048.0,32000000.0,256.0,64.0,1.0,28.0,40.0,20.0,5.0,2.0,3.0,5.0,3.0,2.0,6.0,6.0,1.0,5.0,2.0,2.0,1.0,2.0,5.0,3.0,4.0,4.0,2.0,6.0,4.0,4.0,2.0,5.0,2.0,4.0,1.0,2048.0,128.0,1.0,1.0,1.0,1.0,64.0,64.0,1.0,5.0,5.0,5.0,1.0,4.0,3.0,1.0,6.0,5.0,3.0,3.0,3.0,6.0,5.0,6.0,4.0,6.0,2.0,8.0,16.0,1.0,512.0,6.0,1.0,1.0,1.0,1.0,20.0,4.0,1.0,1222574089.0,167113280.0,8638890.0,0.091877,20.0,10.0,124.0,2.0430836605580192e+17,19.9805,24.36392222222222,10.0,124.0
64000.0,1024000.0,256.0,64.0,2.0,34.0,14.0,4.0,4.0,1.0,4.0,5.0,6.0,6.0,2.0,2.0,5.0,1.0,1.0,3.0,1.0,4.0,5.0,5.0,6.0,3.0,4.0,5.0,1.0,6.0,2.0,5.0,256.0,1024.0,1.0,1.0,128.0,1.0,1.0,1.0,1.0,128.0,4.0,1.0,2.0,1.0,4.0,2.0,3.0,5.0,5.0,3.0,4.0,2.0,4.0,6.0,3.0,3.0,5.0,1.0,6.0,2.0,8.0,128.0,1.0,768.0,6.0,1.0,1.0,1.0,1.0,80.0,20.0,1.0,24452792345.0,81355160.0,23878000.0,0.251121,56.0,10.0,2568.0,1.9893608336742502e+18,1.0,0.6183277777777778,10.0,1505.7777777777778
1024.0,32000000.0,256.0,64.0,1.0,48.0,6.0,42.0,2.0,4.0,4.0,3.0,4.0,1.0,2.0,4.0,6.0,5.0,3.0,6.0,5.0,3.0,2.0,4.0,4.0,2.0,1.0,3.0,2.0,5.0,5.0,1.0,4096.0,128.0,1.0,256.0,4.0,1.0,1.0,1.0,1.0,16.0,64.0,1.0,6.0,6.0,6.0,4.0,3.0,4.0,4.0,1.0,3.0,1.0,6.0,3.0,4.0,6.0,6.0,3.0,6.0,3.0,4.0,64.0,1.0,3.0,512.0,1.0,1.0,1.0,1.0,160.0,32.0,1.0,587726857.0,155820680.0,17794600.0,0.186548,42.0,10.0,256.0,9.157999851200275e+16,41.63901111111112,41.63901111111112,10.0,256.0
128.0,16000000.0,256.0,64.0,2.0,42.0,6.0,26.0,4.0,5.0,2.0,4.0,5.0,2.0,3.0,6.0,6.0,3.0,4.0,3.0,2.0,5.0,2.0,3.0,2.0,4.0,2.0,3.0,5.0,1.0,4.0,2.0,32.0,16.0,1.0,512.0,8.0,1.0,1.0,1.0,1.0,2.0,1.0,1.0,3.0,2.0,4.0,4.0,1.0,5.0,6.0,2.0,4.0,5.0,3.0,1.0,2.0,5.0,5.0,3.0,6.0,3.0,2048.0,8.0,1.0,256.0,24.0,1.0,1.0,1.0,1.0,10.0,2.0,1.0,4193550377.0,98383140.0,73138800.0,0.6896906666666668,156.0,10.0,2912.0,4.125746538374438e+17,5.878317777777777,2.9241833333333336,10.0,2414.222222222222
128.0,4096000.0,256.0,64.0,1.0,2.0,8.0,4.0,4.0,3.0,4.0,2.0,2.0,1.0,3.0,4.0,2.0,4.0,1.0,1.0,3.0,4.0,3.0,3.0,3.0,5.0,5.0,5.0,2.0,5.0,5.0,3.0,4.0,2048.0,1.0,16.0,128.0,1.0,1.0,1.0,1.0,64.0,16.0,1.0,6.0,3.0,5.0,3.0,6.0,5.0,4.0,6.0,4.0,3.0,3.0,3.0,5.0,5.0,6.0,2.0,2.0,4.0,2.0,4096.0,1.0,128.0,192.0,1.0,1.0,1.0,1.0,20.0,2.0,1.0,6106906633.0,177891220.0,2290050.0,0.023392600000000003,4.0,10.0,28.0,1.0863650713704622e+18,4.0,3.979185555555555,10.0,28.0
16000.0,16000000.0,256.0,64.0,3.0,44.0,44.0,4.0,2.0,5.0,5.0,6.0,4.0,6.0,4.0,1.0,3.0,4.0,6.0,5.0,5.0,5.0,5.0,4.0,5.0,5.0,2.0,4.0,4.0,2.0,1.0,5.0,4.0,32.0,1.0,2.0,512.0,1.0,1.0,1.0,1.0,32.0,16.0,1.0,4.0,6.0,2.0,6.0,6.0,2.0,2.0,5.0,5.0,5.0,4.0,5.0,6.0,2.0,5.0,2.0,3.0,1.0,8.0,16.0,1.0,16.0,2.0,1.0,1.0,1.0,1.0,160.0,8.0,1.0,5657315753.0,44147326.0,33539700000.0,59.58490000000001,7744.0,10.0,172032.0,2.4975536283262646e+17,5.777777777777778,0.2511735555555556,10.0,88120.88888888889
256000.0,16000000.0,256.0,64.0,1.0,32.0,26.0,34.0,2.0,1.0,5.0,2.0,2.0,1.0,5.0,1.0,2.0,4.0,5.0,4.0,4.0,4.0,3.0,1.0,3.0,1.0,5.0,5.0,2.0,1.0,2.0,3.0,2.0,256.0,1.0,256.0,16.0,1.0,1.0,1.0,1.0,4.0,128.0,1.0,3.0,4.0,4.0,1.0,4.0,2.0,5.0,2.0,5.0,2.0,4.0,3.0,5.0,6.0,3.0,1.0,3.0,1.0,128.0,64.0,1.0,2.0,12.0,1.0,1.0,1.0,1.0,2.0,20.0,1.0,24427626505.0,256896100.0,14408100.0,0.151341,34.0,10.0,10.0,6.275361981391131e+18,1.0,1.0017333333333331,10.0,10.0
32000.0,512000.0,256.0,64.0,1.0,14.0,44.0,16.0,2.0,1.0,3.0,1.0,4.0,6.0,4.0,5.0,6.0,6.0,2.0,3.0,3.0,3.0,1.0,1.0,3.0,3.0,4.0,1.0,6.0,5.0,4.0,2.0,4096.0,16.0,1.0,32.0,8.0,1.0,1.0,1.0,1.0,64.0,1.0,1.0,5.0,6.0,2.0,1.0,5.0,4.0,5.0,1.0,2.0,4.0,3.0,6.0,2.0,5.0,4.0,5.0,4.0,1.0,2048.0,512.0,1.0,12.0,96.0,1.0,1.0,1.0,1.0,2.0,320.0,1.0,24427626505.0,293712580.0,7027210.0,0.07444540000000001,16.0,10.0,10.0,7.174701204059933e+18,1.0,1.277817777777778,10.0,10.0
4096.0,32000000.0,256.0,64.0,3.0,46.0,24.0,6.0,6.0,2.0,4.0,3.0,2.0,2.0,5.0,1.0,3.0,4.0,3.0,4.0,3.0,6.0,5.0,1.0,3.0,3.0,2.0,3.0,3.0,2.0,6.0,6.0,32.0,32.0,1.0,8.0,256.0,1.0,1.0,1.0,1.0,1.0,8.0,1.0,5.0,3.0,3.0,5.0,6.0,1.0,3.0,3.0,6.0,2.0,4.0,3.0,1.0,3.0,3.0,1.0,2.0,3.0,64.0,8.0,1.0,128.0,16.0,1.0,1.0,1.0,1.0,2.0,2.0,1.0,732518123.0,78574769.0,24908400000.0,50.123755555555555,6624.0,10.0,781312.0,5.7557442303038584e+16,36.74075555555555,10.582886666666667,10.0,772778.6666666666
2048000.0,128000.0,256.0,64.0,3.0,4.0,8.0,16.0,6.0,3.0,2.0,6.0,4.0,3.0,3.0,5.0,1.0,4.0,4.0,4.0,2.0,1.0,5.0,5.0,6.0,6.0,3.0,6.0,1.0,4.0,6.0,3.0,256.0,16.0,1.0,64.0,512.0,1.0,1.0,1.0,1.0,32.0,16.0,1.0,2.0,1.0,2.0,1.0,3.0,4.0,1.0,1.0,3.0,6.0,2.0,4.0,4.0,5.0,6.0,1.0,2.0,4.0,2048.0,256.0,1.0,128.0,3072.0,1.0,1.0,1.0,1.0,32.0,1.0,1.0,1795479840.0,32885907.0,333899000.0,53.17494222222222,512.0,10.0,25624576.0,5.904598303861488e+16,12.444444444444445,0.0763888888888889,10.0,14745600.0
512000.0,16000.0,256.0,64.0,1.0,2.0,12.0,28.0,1.0,6.0,5.0,4.0,3.0,6.0,2.0,3.0,2.0,4.0,5.0,6.0,5.0,5.0,3.0,5.0,2.0,6.0,6.0,2.0,3.0,6.0,2.0,3.0,1024.0,4096.0,1.0,512.0,512.0,1.0,1.0,1.0,1.0,8.0,4.0,1.0,3.0,5.0,4.0,3.0,5.0,2.0,3.0,5.0,3.0,6.0,1.0,5.0,6.0,2.0,6.0,3.0,5.0,1.0,64.0,32.0,1.0,512.0,1024.0,1.0,1.0,1.0,1.0,160.0,32.0,1.0,876085257.0,199241240.0,11911200.0,0.12616800000000003,28.0,10.0,172.0,1.745523129503987e+17,27.815477777777776,27.815477777777776,10.0,172.0
4096.0,32000000.0,256.0,64.0,2.0,26.0,30.0,20.0,3.0,1.0,1.0,1.0,4.0,1.0,1.0,5.0,1.0,2.0,6.0,1.0,4.0,6.0,3.0,5.0,4.0,6.0,4.0,5.0,2.0,6.0,1.0,6.0,4096.0,2.0,1.0,1.0,8.0,1.0,1.0,1.0,1.0,16.0,128.0,1.0,5.0,6.0,3.0,1.0,3.0,5.0,5.0,6.0,5.0,1.0,5.0,3.0,2.0,5.0,4.0,2.0,5.0,4.0,256.0,4.0,1.0,3.0,1.0,1.0,1.0,1.0,1.0,16.0,320.0,1.0,7629438985.0,176692920.0,414945000.0,2.7209933333333334,600.0,10.0,168.0,1.348067852221486e+18,3.111111111111111,2.9867955555555556,10.0,137.77777777777777
1024000.0,64000.0,256.0,64.0,3.0,20.0,34.0,24.0,2.0,1.0,5.0,4.0,2.0,4.0,4.0,4.0,1.0,1.0,6.0,3.0,5.0,4.0,6.0,3.0,2.0,6.0,4.0,3.0,3.0,4.0,6.0,6.0,2.0,128.0,1.0,1024.0,512.0,1.0,1.0,1.0,1.0,16.0,2.0,1.0,2.0,2.0,1.0,3.0,1.0,2.0,2.0,3.0,3.0,3.0,4.0,1.0,3.0,1.0,1.0,2.0,4.0,2.0,512.0,512.0,1.0,32.0,96.0,1.0,1.0,1.0,1.0,2.0,32.0,1.0,1797114656.0,35376099.0,142007000000.0,186.966,16320.0,10.0,299008.0,6.357490598500694e+16,12.444444444444445,0.32704,10.0,209123.55555555556
128.0,32000.0,256.0,64.0,1.0,4.0,12.0,2.0,3.0,3.0,5.0,4.0,4.0,5.0,2.0,6.0,4.0,1.0,6.0,6.0,5.0,5.0,1.0,1.0,6.0,6.0,1.0,1.0,1.0,3.0,5.0,2.0,2048.0,1.0,1.0,4.0,16.0,1.0,1.0,1.0,1.0,16.0,1.0,1.0,4.0,6.0,6.0,1.0,4.0,4.0,3.0,4.0,5.0,6.0,4.0,3.0,1.0,6.0,1.0,6.0,5.0,5.0,256.0,8.0,1.0,128.0,512.0,1.0,1.0,1.0,1.0,160.0,320.0,1.0,24427626505.0,293712580.0,1518110.0,0.0148114,2.0,10.0,10.0,7.174701204059933e+18,1.0,1.277817777777778,10.0,10.0
1024.0,32000000.0,256.0,64.0,2.0,8.0,34.0,16.0,4.0,6.0,1.0,4.0,3.0,2.0,2.0,5.0,3.0,1.0,4.0,2.0,5.0,2.0,2.0,1.0,5.0,2.0,2.0,2.0,3.0,3.0,3.0,1.0,4096.0,1024.0,1.0,32.0,64.0,1.0,1.0,1.0,1.0,64.0,128.0,1.0,1.0,2.0,1.0,5.0,4.0,3.0,6.0,4.0,3.0,6.0,6.0,1.0,1.0,4.0,3.0,3.0,1.0,5.0,16.0,4096.0,1.0,256.0,256.0,1.0,1.0,1.0,1.0,80.0,20.0,1.0,113286154.0,37403000.0,361021000.0,6.69045,544.0,10.0,2498560.0,4237242018062000.0,334.22222222222223,7.915055555555556,10.0,1228017.7777777778
128000.0,8192000.0,256.0,64.0,1.0,18.0,16.0,40.0,3.0,5.0,5.0,5.0,6.0,5.0,4.0,6.0,3.0,3.0,4.0,4.0,6.0,4.0,6.0,4.0,5.0,6.0,1.0,1.0,1.0,1.0,4.0,1.0,4096.0,256.0,1.0,4.0,1024.0,1.0,1.0,1.0,1.0,2.0,16.0,1.0,2.0,2.0,3.0,4.0,2.0,5.0,1.0,5.0,2.0,5.0,3.0,2.0,1.0,1.0,6.0,3.0,1.0,3.0,512.0,4096.0,1.0,3.0,12.0,1.0,1.0,1.0,1.0,320.0,8.0,1.0,24427626505.0,209657100.0,16941800.0,0.177104,40.0,10.0,10.0,5.121425332921435e+18,1.0,1.0000888888888888,10.0,10.0
4096.0,128000.0,256.0,64.0,2.0,46.0,34.0,24.0,3.0,6.0,6.0,2.0,4.0,2.0,6.0,2.0,5.0,5.0,3.0,4.0,2.0,2.0,1.0,3.0,5.0,5.0,1.0,6.0,3.0,5.0,1.0,5.0,64.0,16.0,1.0,16.0,64.0,1.0,1.0,1.0,1.0,4.0,8.0,1.0,3.0,2.0,3.0,1.0,4.0,6.0,6.0,3.0,3.0,5.0,5.0,1.0,3.0,1.0,4.0,1.0,1.0,2.0,2.0,256.0,1.0,1536.0,96.0,1.0,1.0,1.0,1.0,320.0,16.0,1.0,763699465.0,80196700.0,653890000.0,4.014765555555556,816.0,10.0,107584.0,6.12461768847655e+16,32.0,12.1645,10.0,69496.88888888889
128.0,8192000.0,256.0,64.0,2.0,42.0,46.0,22.0,2.0,2.0,4.0,3.0,2.0,2.0,3.0,4.0,2.0,3.0,3.0,6.0,4.0,4.0,1.0,3.0,6.0,2.0,4.0,2.0,4.0,6.0,3.0,3.0,512.0,4096.0,1.0,4.0,2.0,1.0,1.0,1.0,1.0,2.0,32.0,1.0,5.0,6.0,5.0,6.0,1.0,4.0,6.0,2.0,1.0,3.0,6.0,5.0,5.0,4.0,6.0,3.0,1.0,5.0,512.0,2.0,1.0,3.0,512.0,1.0,1.0,1.0,1.0,40.0,160.0,1.0,5387583525.0,87464460.0,911841000.0,4.774307777777777,1012.0,10.0,4104.0,4.712220837190215e+17,11.555555555555555,5.350318444444444,10.0,2052.8888888888887
64000.0,2048000.0,256.0,64.0,1.0,12.0,12.0,42.0,2.0,2.0,1.0,3.0,2.0,3.0,2.0,3.0,1.0,5.0,2.0,6.0,4.0,4.0,5.0,1.0,1.0,6.0,2.0,2.0,5.0,2.0,5.0,1.0,128.0,4.0,1.0,4.0,1024.0,1.0,1.0,1.0,1.0,64.0,8.0,1.0,3.0,4.0,2.0,3.0,1.0,6.0,4.0,4.0,4.0,5.0,2.0,6.0,2.0,4.0,1.0,6.0,4.0,4.0,8.0,4096.0,1.0,8.0,384.0,1.0,1.0,1.0,1.0,32.0,10.0,1.0,637534217.0,244920560.0,17794600.0,0.186831,42.0,10.0,338.0,1.5614523744680154e+17,36.44444444444444,36.722211111111115,10.0,338.0
2048.0,64000.0,256.0,64.0,1.0,12.0,24.0,14.0,1.0,1.0,2.0,3.0,6.0,5.0,6.0,2.0,5.0,3.0,1.0,2.0,6.0,6.0,3.0,4.0,3.0,6.0,3.0,1.0,5.0,5.0,5.0,5.0,16.0,8.0,1.0,1.0,16.0,1.0,1.0,1.0,1.0,128.0,2.0,1.0,2.0,3.0,6.0,1.0,3.0,4.0,5.0,6.0,6.0,3.0,2.0,4.0,4.0,1.0,2.0,4.0,2.0,6.0,16.0,1024.0,1.0,384.0,192.0,1.0,1.0,1.0,1.0,5.0,16.0,1.0,24427626505.0,199786080.0,6227490.0,0.0659263,14.0,10.0,10.0,4.88029974313805e+18,1.0,1.0001066666666665,10.0,10.0
64000.0,32000000.0,256.0,64.0,1.0,28.0,10.0,40.0,6.0,3.0,2.0,1.0,1.0,3.0,5.0,6.0,3.0,5.0,1.0,6.0,1.0,4.0,5.0,1.0,1.0,4.0,6.0,6.0,1.0,3.0,2.0,6.0,512.0,1024.0,1.0,1.0,2048.0,1.0,1.0,1.0,1.0,2.0,2.0,1.0,1.0,4.0,1.0,3.0,1.0,5.0,4.0,4.0,1.0,5.0,3.0,1.0,4.0,6.0,2.0,2.0,6.0,4.0,8.0,2048.0,1.0,4.0,192.0,1.0,1.0,1.0,1.0,8.0,40.0,1.0,614268937.0,154962580.0,16941900.0,0.177911,40.0,10.0,244.0,9.518869929137746e+16,39.767,39.696711111111114,10.0,244.0
512.0,16000.0,256.0,64.0,3.0,48.0,22.0,42.0,5.0,5.0,2.0,6.0,4.0,3.0,5.0,1.0,2.0,4.0,6.0,4.0,1.0,1.0,5.0,1.0,1.0,4.0,5.0,6.0,5.0,2.0,5.0,2.0,1.0,2048.0,1.0,64.0,32.0,1.0,1.0,1.0,1.0,32.0,4.0,1.0,5.0,6.0,5.0,6.0,6.0,1.0,6.0,6.0,3.0,1.0,4.0,1.0,4.0,4.0,5.0,2.0,6.0,4.0,512.0,256.0,1.0,8.0,6.0,1.0,1.0,1.0,1.0,1.0,10.0,1.0,80978128.0,42722783.3,1019500000000.0,1052.7266666666667,44352.0,10.0,802816.0,3459611014583662.0,1452.7866666666666,24.08423333333333,10.0,546247.1111111111
128.0,8192000.0,256.0,64.0,2.0,42.0,28.0,48.0,4.0,1.0,3.0,4.0,1.0,3.0,4.0,2.0,1.0,2.0,3.0,2.0,2.0,4.0,6.0,3.0,4.0,1.0,4.0,5.0,5.0,2.0,1.0,1.0,2.0,512.0,1.0,128.0,8.0,1.0,1.0,1.0,1.0,32.0,8.0,1.0,6.0,6.0,6.0,6.0,1.0,5.0,4.0,3.0,3.0,3.0,1.0,1.0,3.0,3.0,5.0,5.0,5.0,6.0,256.0,2.0,1.0,2.0,128.0,1.0,1.0,1.0,1.0,2.0,4.0,1.0,858390549.0,85046160.0,1438130000.0,6.528548888888889,1344.0,10.0,1920.0,7.300281997274184e+16,64.57672222222223,18.6796,10.0,1106.6666666666667
16000.0,16000.0,256.0,64.0,3.0,18.0,14.0,8.0,6.0,1.0,2.0,3.0,5.0,2.0,5.0,4.0,5.0,1.0,2.0,1.0,1.0,1.0,2.0,2.0,4.0,1.0,3.0,4.0,5.0,1.0,3.0,2.0,8.0,4.0,1.0,2.0,2048.0,1.0,1.0,1.0,1.0,8.0,4.0,1.0,4.0,5.0,6.0,4.0,6.0,6.0,1.0,6.0,5.0,3.0,3.0,2.0,4.0,5.0,5.0,3.0,3.0,1.0,256.0,1024.0,1.0,32.0,192.0,1.0,1.0,1.0,1.0,8.0,4.0,1.0,2646110676.0,32990479.0,2847380000.0,14.482044444444446,2016.0,10.0,1641472.0,8.729645868825381e+16,20.13791111111111,0.24284605555555552,10.0,1189660.4444444445
512000.0,32000000.0,256.0,64.0,3.0,48.0,14.0,46.0,6.0,4.0,6.0,1.0,6.0,2.0,4.0,3.0,4.0,6.0,5.0,3.0,1.0,4.0,4.0,5.0,1.0,5.0,6.0,1.0,4.0,6.0,6.0,5.0,256.0,8.0,1.0,2048.0,16.0,1.0,1.0,1.0,1.0,4.0,1.0,1.0,3.0,2.0,4.0,2.0,4.0,1.0,1.0,1.0,4.0,2.0,4.0,1.0,2.0,4.0,2.0,5.0,5.0,3.0,16.0,8.0,1.0,12.0,384.0,1.0,1.0,1.0,1.0,10.0,160.0,1.0,741974848.0,32702465.9,498846000000.0,578.0241111111111,30912.0,10.0,16826368.0,2.4264407165377684e+16,30.814833333333336,0.122685,10.0,8010865.777777778
128000.0,32000.0,256.0,64.0,1.0,16.0,38.0,16.0,1.0,1.0,5.0,6.0,6.0,6.0,5.0,1.0,1.0,6.0,5.0,1.0,4.0,2.0,5.0,5.0,6.0,5.0,2.0,3.0,2.0,4.0,6.0,4.0,16.0,512.0,1.0,512.0,4.0,1.0,1.0,1.0,1.0,1.0,8.0,1.0,3.0,3.0,1.0,4.0,3.0,4.0,1.0,5.0,1.0,4.0,6.0,4.0,3.0,5.0,6.0,1.0,3.0,3.0,8.0,16.0,1.0,4.0,384.0,1.0,1.0,1.0,1.0,160.0,8.0,1.0,1526726665.0,257672100.0,7027220.0,0.07485939999999999,16.0,10.0,130.0,3.933948658965465e+17,16.0,16.24995555555556,10.0,130.0
128.0,512000.0,256.0,64.0,1.0,20.0,46.0,40.0,2.0,3.0,3.0,1.0,2.0,6.0,2.0,4.0,2.0,1.0,2.0,6.0,3.0,1.0,1.0,3.0,5.0,3.0,5.0,6.0,6.0,3.0,1.0,2.0,1.0,256.0,1.0,32.0,128.0,1.0,1.0,1.0,1.0,64.0,2.0,1.0,6.0,1.0,4.0,2.0,6.0,6.0,2.0,3.0,3.0,2.0,6.0,5.0,5.0,1.0,3.0,5.0,6.0,5.0,64.0,64.0,1.0,512.0,4.0,1.0,1.0,1.0,1.0,20.0,2.0,1.0,24427626505.0,209954400.0,16941800.0,0.177104,40.0,10.0,10.0,5.128687666281372e+18,1.0,1.0034711111111112,10.0,10.0
8192.0,4096000.0,256.0,64.0,3.0,18.0,6.0,16.0,3.0,4.0,1.0,5.0,6.0,1.0,6.0,1.0,1.0,3.0,4.0,3.0,4.0,5.0,2.0,4.0,2.0,2.0,3.0,3.0,4.0,5.0,5.0,6.0,1.0,64.0,1.0,32.0,2.0,1.0,1.0,1.0,1.0,16.0,32.0,1.0,1.0,2.0,3.0,2.0,5.0,4.0,6.0,2.0,2.0,1.0,4.0,6.0,3.0,2.0,4.0,6.0,4.0,6.0,4096.0,64.0,1.0,768.0,4.0,1.0,1.0,1.0,1.0,2.0,16.0,1.0,2409102208.0,33323495.0,2187630000.0,21.050633333333334,1728.0,10.0,6447104.0,8.027970538277696e+16,10.666666666666666,0.08015955555555557,10.0,3586275.5555555555
2048.0,2048000.0,256.0,64.0,2.0,34.0,34.0,40.0,6.0,2.0,5.0,1.0,5.0,1.0,6.0,2.0,6.0,6.0,5.0,6.0,3.0,1.0,3.0,4.0,4.0,2.0,4.0,5.0,6.0,3.0,1.0,6.0,16.0,2.0,1.0,8.0,2048.0,1.0,1.0,1.0,1.0,32.0,128.0,1.0,6.0,3.0,2.0,6.0,6.0,4.0,6.0,1.0,1.0,6.0,3.0,3.0,6.0,3.0,2.0,1.0,2.0,1.0,1024.0,2048.0,1.0,48.0,32.0,1.0,1.0,1.0,1.0,10.0,64.0,1.0,5161359692.0,42089355.0,1466360000.0,7.281677777777778,1360.0,10.0,344704.0,2.1723830035927866e+17,17.14391111111111,0.6945016666666668,10.0,194147.55555555556
2048.0,8192000.0,256.0,64.0,3.0,18.0,24.0,24.0,1.0,4.0,6.0,5.0,4.0,1.0,3.0,2.0,2.0,5.0,6.0,4.0,2.0,3.0,6.0,6.0,4.0,5.0,2.0,6.0,3.0,6.0,6.0,5.0,128.0,2.0,1.0,2048.0,1.0,1.0,1.0,1.0,1.0,4.0,2.0,1.0,1.0,6.0,5.0,1.0,5.0,1.0,1.0,4.0,2.0,3.0,6.0,6.0,3.0,5.0,5.0,4.0,5.0,1.0,4096.0,4096.0,1.0,6.0,32.0,1.0,1.0,1.0,1.0,64.0,20.0,1.0,3866720840.0,39620140.0,58768400000.0,93.6309888888889,10368.0,10.0,790528.0,1.532000210217176e+17,14.222222222222221,0.437355,10.0,679936.0
2048.0,8192000.0,256.0,64.0,1.0,12.0,34.0,12.0,5.0,4.0,5.0,5.0,6.0,4.0,2.0,4.0,5.0,4.0,2.0,4.0,4.0,6.0,2.0,5.0,1.0,2.0,5.0,5.0,4.0,2.0,3.0,5.0,2048.0,16.0,1.0,32.0,8.0,1.0,1.0,1.0,1.0,4.0,16.0,1.0,5.0,4.0,4.0,1.0,4.0,1.0,5.0,2.0,1.0,2.0,6.0,5.0,5.0,3.0,5.0,4.0,5.0,6.0,128.0,256.0,1.0,64.0,1024.0,1.0,1.0,1.0,1.0,32.0,16.0,1.0,24427626505.0,209641600.0,5431850.0,0.0574071,12.0,10.0,10.0,5.121046704710608e+18,1.0,1.0,10.0,10.0
256000.0,16000000.0,256.0,64.0,1.0,46.0,36.0,22.0,5.0,2.0,4.0,1.0,2.0,5.0,4.0,5.0,2.0,1.0,6.0,6.0,5.0,6.0,5.0,1.0,4.0,2.0,3.0,3.0,4.0,2.0,3.0,5.0,1024.0,128.0,1.0,64.0,1024.0,1.0,1.0,1.0,1.0,1.0,128.0,1.0,5.0,6.0,3.0,6.0,1.0,2.0,6.0,4.0,6.0,5.0,3.0,5.0,4.0,6.0,5.0,4.0,2.0,5.0,4.0,512.0,1.0,256.0,8.0,1.0,1.0,1.0,1.0,40.0,2.0,1.0,1115226121.0,157109080.0,9450840.0,0.100438,22.0,10.0,136.0,1.752121498622787e+17,21.9037,21.86541111111111,10.0,136.0
4096.0,16000000.0,256.0,64.0,2.0,18.0,34.0,14.0,4.0,5.0,6.0,4.0,4.0,2.0,5.0,5.0,5.0,3.0,2.0,6.0,1.0,1.0,3.0,5.0,5.0,5.0,3.0,2.0,6.0,6.0,4.0,3.0,512.0,512.0,1.0,32.0,1.0,1.0,1.0,1.0,1.0,8.0,4.0,1.0,6.0,6.0,3.0,4.0,3.0,2.0,5.0,5.0,5.0,4.0,6.0,5.0,2.0,3.0,3.0,4.0,2.0,6.0,16.0,4096.0,1.0,4.0,192.0,1.0,1.0,1.0,1.0,1.0,80.0,1.0,9487515693.0,65667820.0,299265000.0,2.1419022222222224,476.0,10.0,5128.0,6.230244727750993e+17,2.6666666666666665,0.6533552222222222,10.0,2394.6666666666665
2048000.0,1024000.0,256.0,64.0,1.0,14.0,18.0,10.0,3.0,6.0,6.0,6.0,1.0,3.0,2.0,2.0,2.0,6.0,2.0,4.0,3.0,2.0,2.0,5.0,2.0,1.0,6.0,6.0,4.0,3.0,3.0,5.0,1.0,2048.0,1.0,512.0,32.0,1.0,1.0,1.0,1.0,16.0,4.0,1.0,2.0,6.0,3.0,1.0,6.0,2.0,3.0,3.0,1.0,6.0,5.0,3.0,6.0,3.0,4.0,6.0,4.0,6.0,4096.0,8.0,1.0,24.0,1024.0,1.0,1.0,1.0,1.0,160.0,160.0,1.0,2448424969.0,191749820.0,4640290.0,0.0490743,10.0,10.0,64.0,4.6948504708925555e+17,9.981234444444445,9.981234444444445,10.0,64.0
32000.0,8192000.0,256.0,64.0,3.0,28.0,34.0,36.0,6.0,1.0,5.0,3.0,1.0,2.0,4.0,6.0,4.0,1.0,6.0,4.0,4.0,6.0,1.0,6.0,3.0,4.0,3.0,2.0,3.0,4.0,6.0,6.0,256.0,4096.0,1.0,2.0,32.0,1.0,1.0,1.0,1.0,1.0,128.0,1.0,3.0,2.0,3.0,1.0,6.0,1.0,5.0,1.0,3.0,6.0,4.0,6.0,5.0,6.0,1.0,6.0,2.0,3.0,4.0,4096.0,1.0,24.0,3.0,1.0,1.0,1.0,1.0,1.0,40.0,1.0,25270703104.0,35834921.8,611749000000.0,663.6935555555555,34272.0,10.0,1318912.0,9.055736695628572e+17,1.0,0.020616333333333334,10.0,878520.8888888889
4096.0,32000000.0,256.0,64.0,2.0,40.0,10.0,2.0,4.0,2.0,6.0,4.0,4.0,3.0,3.0,4.0,1.0,6.0,2.0,3.0,3.0,3.0,1.0,4.0,5.0,5.0,2.0,4.0,1.0,2.0,2.0,3.0,8.0,1.0,1.0,8.0,4.0,1.0,1.0,1.0,1.0,64.0,16.0,1.0,2.0,1.0,4.0,2.0,5.0,4.0,4.0,3.0,1.0,3.0,3.0,5.0,6.0,6.0,4.0,5.0,5.0,5.0,512.0,4.0,1.0,6.0,768.0,1.0,1.0,1.0,1.0,1.0,320.0,1.0,14847836169.0,88763700.0,8638890.0,0.09187546666666667,20.0,10.0,168.0,1.3179488753542653e+18,1.5555555555555556,0.7059422222222222,10.0,123.55555555555556
1024.0,1024000.0,256.0,64.0,2.0,24.0,36.0,8.0,6.0,3.0,1.0,1.0,5.0,1.0,1.0,1.0,4.0,3.0,2.0,5.0,5.0,4.0,3.0,2.0,1.0,2.0,3.0,3.0,2.0,4.0,5.0,6.0,1.0,64.0,1.0,8.0,16.0,1.0,1.0,1.0,1.0,2.0,4.0,1.0,3.0,5.0,5.0,1.0,1.0,5.0,6.0,2.0,1.0,1.0,1.0,1.0,3.0,6.0,3.0,5.0,5.0,1.0,64.0,2.0,1.0,96.0,1.0,1.0,1.0,1.0,1.0,16.0,64.0,1.0,704852001.0,124383171.0,153769000.0,1.2754611111111112,288.0,10.0,2480.0,8.767172697007517e+16,35.9298,20.415973333333326,10.0,1712.0
256.0,4096000.0,256.0,64.0,1.0,12.0,48.0,34.0,6.0,3.0,6.0,2.0,4.0,2.0,4.0,6.0,2.0,2.0,5.0,6.0,2.0,4.0,2.0,5.0,5.0,6.0,4.0,3.0,4.0,6.0,6.0,2.0,64.0,1024.0,1.0,8.0,32.0,1.0,1.0,1.0,1.0,2.0,1.0,1.0,3.0,1.0,3.0,2.0,5.0,4.0,2.0,4.0,3.0,3.0,6.0,5.0,5.0,5.0,3.0,5.0,3.0,4.0,1024.0,4.0,1.0,16.0,12.0,1.0,1.0,1.0,1.0,16.0,40.0,1.0,721616905.0,144984900.0,14408200.0,0.152024,34.0,10.0,208.0,1.046235548097345e+17,33.8512,26.277322222222224,10.0,208.0
2048000.0,16000000.0,256.0,64.0,1.0,14.0,30.0,34.0,4.0,5.0,2.0,4.0,5.0,2.0,1.0,1.0,5.0,2.0,3.0,4.0,6.0,3.0,5.0,2.0,5.0,6.0,5.0,3.0,5.0,3.0,2.0,5.0,128.0,2.0,1.0,8.0,2.0,1.0,1.0,1.0,1.0,1.0,2.0,1.0,5.0,5.0,3.0,4.0,6.0,1.0,5.0,6.0,5.0,5.0,4.0,3.0,1.0,5.0,4.0,1.0,3.0,1.0,128.0,1024.0,1.0,48.0,24.0,1.0,1.0,1.0,1.0,80.0,320.0,1.0,724303881.0,146584040.0,14408200.0,0.152024,34.0,10.0,208.0,1.0617138906465923e+17,33.67624444444444,33.67624444444444,10.0,208.0
32000.0,4096000.0,256.0,64.0,1.0,22.0,14.0,8.0,1.0,2.0,2.0,4.0,3.0,4.0,1.0,1.0,3.0,2.0,5.0,3.0,4.0,3.0,4.0,3.0,4.0,6.0,3.0,3.0,1.0,5.0,5.0,3.0,64.0,16.0,1.0,1.0,2.0,1.0,1.0,1.0,1.0,1.0,2.0,1.0,4.0,4.0,4.0,4.0,6.0,2.0,1.0,4.0,4.0,6.0,2.0,5.0,6.0,1.0,3.0,1.0,2.0,2.0,4.0,2048.0,1.0,1536.0,32.0,1.0,1.0,1.0,1.0,20.0,320.0,1.0,3053453321.0,233576160.0,3852800.0,0.040562,8.0,10.0,66.0,7.132139014584274e+17,8.0,8.000112222222223,10.0,66.0
256.0,1024000.0,256.0,64.0,1.0,36.0,14.0,12.0,4.0,6.0,1.0,3.0,6.0,2.0,5.0,4.0,4.0,4.0,1.0,3.0,1.0,4.0,4.0,4.0,2.0,3.0,4.0,3.0,5.0,5.0,1.0,2.0,4096.0,16.0,1.0,512.0,4.0,1.0,1.0,1.0,1.0,16.0,32.0,1.0,4.0,1.0,1.0,6.0,5.0,5.0,5.0,1.0,5.0,5.0,3.0,2.0,6.0,1.0,5.0,4.0,4.0,5.0,128.0,32.0,1.0,32.0,3072.0,1.0,1.0,1.0,1.0,40.0,320.0,1.0,2036334601.0,199619080.0,5431850.0,0.05763480000000001,12.0,10.0,76.0,4.064912396237871e+17,11.9896,11.9896,10.0,76.0
512.0,512000.0,256.0,64.0,3.0,12.0,32.0,6.0,3.0,2.0,6.0,5.0,3.0,2.0,1.0,6.0,4.0,2.0,1.0,6.0,1.0,2.0,2.0,6.0,1.0,4.0,1.0,4.0,2.0,5.0,5.0,6.0,64.0,128.0,1.0,128.0,128.0,1.0,1.0,1.0,1.0,4.0,1.0,1.0,4.0,4.0,1.0,5.0,5.0,3.0,5.0,1.0,6.0,5.0,6.0,2.0,5.0,4.0,5.0,6.0,4.0,5.0,2048.0,256.0,1.0,4.0,8.0,1.0,1.0,1.0,1.0,20.0,10.0,1.0,2064680296.0,41827460.0,3592010000.0,12.423922222222222,2304.0,10.0,115008.0,8.636033249372816e+16,11.786733333333332,1.6179488888888889,10.0,79367.11111111111
512.0,64000.0,256.0,64.0,1.0,16.0,42.0,18.0,1.0,1.0,5.0,4.0,3.0,6.0,1.0,2.0,4.0,4.0,2.0,4.0,5.0,4.0,3.0,4.0,1.0,5.0,6.0,6.0,6.0,5.0,6.0,5.0,2048.0,32.0,1.0,16.0,2048.0,1.0,1.0,1.0,1.0,8.0,32.0,1.0,1.0,5.0,1.0,5.0,1.0,5.0,6.0,3.0,4.0,1.0,5.0,5.0,2.0,4.0,4.0,4.0,6.0,1.0,64.0,1.0,1.0,32.0,256.0,1.0,1.0,1.0,1.0,20.0,2.0,1.0,24427626505.0,303568100.0,7831000.0,0.0829646,18.0,10.0,10.0,7.41544816563249e+18,1.0,1.2777111111111112,10.0,10.0
512.0,64000.0,256.0,64.0,3.0,40.0,34.0,10.0,4.0,1.0,5.0,6.0,2.0,5.0,3.0,2.0,3.0,6.0,6.0,3.0,5.0,3.0,6.0,2.0,1.0,3.0,1.0,4.0,2.0,4.0,5.0,2.0,4096.0,1.0,1.0,128.0,8.0,1.0,1.0,1.0,1.0,2.0,4.0,1.0,6.0,1.0,5.0,2.0,6.0,1.0,1.0,2.0,2.0,5.0,2.0,2.0,3.0,1.0,5.0,3.0,1.0,4.0,64.0,256.0,1.0,24.0,256.0,1.0,1.0,1.0,1.0,8.0,20.0,1.0,1401051264.0,32806411.8,99488000000.0,143.14266666666666,13600.0,10.0,2129920.0,4.596346471969452e+16,23.11111111111111,0.11516205555555555,10.0,1201493.3333333333
1024.0,2048000.0,256.0,64.0,1.0,24.0,34.0,22.0,1.0,2.0,4.0,1.0,2.0,6.0,1.0,3.0,1.0,2.0,1.0,6.0,5.0,2.0,6.0,5.0,5.0,3.0,3.0,3.0,5.0,6.0,3.0,3.0,256.0,128.0,1.0,2.0,128.0,1.0,1.0,1.0,1.0,32.0,2.0,1.0,4.0,6.0,6.0,5.0,3.0,2.0,6.0,4.0,5.0,3.0,4.0,2.0,1.0,1.0,6.0,3.0,1.0,3.0,4096.0,1024.0,1.0,12.0,8.0,1.0,1.0,1.0,1.0,80.0,32.0,1.0,24427626505.0,199801580.0,9450830.0,0.100003,22.0,10.0,10.0,4.880678371348878e+18,1.0,1.0001955555555555,10.0,10.0
512000.0,8192000.0,256.0,64.0,2.0,32.0,30.0,8.0,5.0,4.0,5.0,2.0,6.0,1.0,3.0,4.0,6.0,6.0,4.0,5.0,4.0,2.0,4.0,4.0,2.0,4.0,1.0,4.0,2.0,5.0,2.0,5.0,64.0,1.0,1.0,4.0,2.0,1.0,1.0,1.0,1.0,4.0,16.0,1.0,4.0,6.0,4.0,4.0,5.0,3.0,1.0,3.0,3.0,6.0,6.0,2.0,2.0,1.0,5.0,3.0,2.0,3.0,32.0,16.0,1.0,256.0,192.0,1.0,1.0,1.0,1.0,16.0,1.0,1.0,7351697477.0,107434290.0,122395000.0,1.0673166666666667,240.0,10.0,6976.0,7.898243987362863e+17,4.888888888888889,2.6369506666666664,10.0,3888.0
128000.0,32000000.0,256.0,64.0,2.0,46.0,8.0,10.0,5.0,6.0,6.0,3.0,5.0,1.0,5.0,2.0,3.0,3.0,1.0,4.0,3.0,2.0,4.0,2.0,4.0,1.0,6.0,4.0,4.0,4.0,6.0,6.0,1024.0,4.0,1.0,1024.0,8.0,1.0,1.0,1.0,1.0,16.0,128.0,1.0,5.0,2.0,2.0,6.0,4.0,4.0,5.0,3.0,1.0,6.0,3.0,5.0,2.0,5.0,2.0,4.0,6.0,5.0,512.0,8.0,1.0,64.0,8.0,1.0,1.0,1.0,1.0,80.0,8.0,1.0,3059417111.0,59360740.0,34771100.0,0.3579238888888889,80.0,10.0,2688.0,1.8160926367762214e+17,8.0,1.4430622222222222,10.0,2403.5555555555557
8192.0,2048000.0,256.0,64.0,3.0,34.0,44.0,20.0,2.0,6.0,4.0,5.0,1.0,2.0,4.0,3.0,5.0,5.0,2.0,3.0,5.0,6.0,1.0,4.0,6.0,2.0,2.0,3.0,1.0,1.0,3.0,5.0,64.0,256.0,1.0,4.0,1024.0,1.0,1.0,1.0,1.0,1.0,32.0,1.0,6.0,4.0,3.0,6.0,3.0,3.0,3.0,5.0,2.0,4.0,3.0,3.0,2.0,5.0,4.0,6.0,1.0,1.0,64.0,512.0,1.0,64.0,3072.0,1.0,1.0,1.0,1.0,320.0,40.0,1.0,2651126016.0,32818108.0,467711000000.0,531.8798888888889,29920.0,10.0,5439488.0,8.700493991469773e+16,18.666666666666668,0.2152777777777778,10.0,3524380.4444444445
1024.0,2048000.0,256.0,64.0,2.0,30.0,20.0,38.0,4.0,3.0,4.0,5.0,2.0,2.0,5.0,5.0,4.0,1.0,6.0,5.0,1.0,1.0,4.0,3.0,2.0,4.0,4.0,5.0,6.0,4.0,5.0,6.0,128.0,8.0,1.0,2.0,1.0,1.0,1.0,1.0,1.0,16.0,4.0,1.0,5.0,5.0,4.0,4.0,2.0,1.0,6.0,5.0,2.0,1.0,4.0,2.0,5.0,2.0,5.0,2.0,2.0,2.0,64.0,4096.0,1.0,1536.0,256.0,1.0,1.0,1.0,1.0,64.0,10.0,1.0,123215930.0,36392158.0,587383000.0,3.80806,760.0,10.0,160768.0,4484093592676940.0,341.3333333333333,10.149855555555554,10.0,89962.66666666667
4096.0,2048000.0,256.0,64.0,3.0,28.0,12.0,28.0,1.0,1.0,1.0,5.0,2.0,2.0,3.0,4.0,3.0,4.0,3.0,4.0,4.0,2.0,5.0,5.0,2.0,5.0,3.0,4.0,4.0,3.0,1.0,2.0,256.0,1.0,1.0,512.0,1024.0,1.0,1.0,1.0,1.0,64.0,64.0,1.0,5.0,2.0,4.0,1.0,1.0,2.0,2.0,5.0,1.0,5.0,6.0,5.0,6.0,4.0,6.0,1.0,1.0,4.0,8.0,4096.0,1.0,768.0,64.0,1.0,1.0,1.0,1.0,5.0,8.0,1.0,3154758136.0,32596176.5,48725200000.0,96.41808888888889,9408.0,10.0,8470528.0,1.02833053015867e+17,12.0,0.0,10.0,5084501.333333333
2048.0,32000.0,256.0,64.0,3.0,38.0,24.0,28.0,1.0,1.0,6.0,6.0,1.0,6.0,5.0,6.0,2.0,1.0,1.0,3.0,6.0,5.0,5.0,6.0,3.0,2.0,3.0,2.0,4.0,2.0,4.0,5.0,1024.0,128.0,1.0,512.0,1024.0,1.0,1.0,1.0,1.0,8.0,1.0,1.0,2.0,1.0,5.0,5.0,3.0,4.0,6.0,6.0,6.0,3.0,1.0,2.0,6.0,4.0,4.0,2.0,6.0,4.0,512.0,1.0,1.0,48.0,16.0,1.0,1.0,1.0,1.0,20.0,320.0,1.0,2336131808.0,32662987.0,342129000000.0,398.56888888888886,25536.0,10.0,2129920.0,7.63050428749905e+16,10.666666666666666,0.03515622222222222,10.0,1173048.888888889
256.0,16000.0,256.0,64.0,3.0,34.0,22.0,28.0,1.0,2.0,4.0,4.0,1.0,5.0,2.0,6.0,6.0,4.0,6.0,1.0,5.0,4.0,2.0,2.0,3.0,6.0,1.0,2.0,5.0,4.0,1.0,2.0,128.0,128.0,1.0,256.0,2048.0,1.0,1.0,1.0,1.0,4.0,16.0,1.0,5.0,2.0,4.0,4.0,4.0,4.0,4.0,3.0,1.0,4.0,3.0,5.0,2.0,2.0,6.0,5.0,6.0,3.0,2048.0,256.0,1.0,12.0,16.0,1.0,1.0,1.0,1.0,160.0,16.0,1.0,4664965024.0,34001851.0,231595000000.0,283.7443333333333,20944.0,10.0,726016.0,1.5861744566625942e+17,5.333333333333333,0.07812522222222223,10.0,667306.6666666666
64000.0,16000000.0,256.0,64.0,1.0,38.0,10.0,26.0,4.0,2.0,5.0,4.0,6.0,4.0,6.0,4.0,4.0,3.0,1.0,1.0,1.0,6.0,4.0,3.0,6.0,6.0,6.0,5.0,4.0,6.0,4.0,1.0,4.0,2.0,1.0,2.0,8.0,1.0,1.0,1.0,1.0,64.0,1.0,1.0,5.0,2.0,3.0,2.0,6.0,2.0,2.0,1.0,6.0,4.0,2.0,5.0,1.0,5.0,1.0,4.0,2.0,6.0,1.0,16.0,1.0,1024.0,256.0,1.0,1.0,1.0,1.0,80.0,16.0,1.0,24427626505.0,293707780.0,11087000.0,0.11704099999999999,26.0,10.0,10.0,7.174583951452709e+18,1.0,1.2777111111111112,10.0,10.0
128000.0,2048000.0,256.0,64.0,2.0,4.0,6.0,36.0,5.0,3.0,1.0,4.0,3.0,6.0,1.0,4.0,4.0,6.0,2.0,4.0,1.0,2.0,3.0,3.0,3.0,5.0,4.0,4.0,6.0,3.0,1.0,4.0,2048.0,512.0,1.0,1024.0,2.0,1.0,1.0,1.0,1.0,32.0,4.0,1.0,3.0,2.0,4.0,4.0,3.0,3.0,3.0,2.0,6.0,6.0,3.0,3.0,3.0,3.0,3.0,4.0,6.0,1.0,4.0,8.0,1.0,64.0,16.0,1.0,1.0,1.0,1.0,320.0,4.0,1.0,5238685749.0,90470950.0,107588000.0,0.9568265555555556,216.0,10.0,6160.0,4.739488764634915e+17,17.392577777777777,10.891631111111112,10.0,2897.777777777778
2048.0,256000.0,256.0,64.0,3.0,18.0,34.0,24.0,1.0,6.0,3.0,6.0,6.0,5.0,2.0,4.0,3.0,1.0,5.0,2.0,4.0,6.0,3.0,6.0,2.0,5.0,4.0,1.0,6.0,2.0,2.0,3.0,8.0,2048.0,1.0,64.0,2.0,1.0,1.0,1.0,1.0,4.0,64.0,1.0,5.0,4.0,4.0,1.0,3.0,4.0,4.0,5.0,1.0,2.0,6.0,1.0,2.0,1.0,6.0,2.0,2.0,5.0,2.0,128.0,1.0,32.0,256.0,1.0,1.0,1.0,1.0,32.0,32.0,1.0,1695628528.0,33077216.9,115591000000.0,166.84944444444443,14688.0,10.0,5128192.0,5.608667260248372e+16,120.44444444444444,0.8350694444444444,10.0,2820778.6666666665
2048000.0,512000.0,256.0,64.0,1.0,6.0,8.0,30.0,4.0,2.0,3.0,4.0,6.0,3.0,6.0,2.0,6.0,5.0,3.0,2.0,5.0,3.0,4.0,5.0,1.0,4.0,3.0,5.0,2.0,3.0,3.0,6.0,1024.0,1024.0,1.0,2.0,4.0,1.0,1.0,1.0,1.0,16.0,32.0,1.0,1.0,2.0,1.0,3.0,6.0,1.0,5.0,5.0,1.0,1.0,5.0,5.0,1.0,5.0,6.0,3.0,2.0,1.0,16.0,1024.0,1.0,6.0,256.0,1.0,1.0,1.0,1.0,5.0,10.0,1.0,24427626505.0,303880900.0,12739400.0,0.134183,30.0,10.0,10.0,7.423089127203254e+18,1.0,1.2811822222222224,10.0,10.0
8192.0,256000.0,256.0,64.0,2.0,2.0,42.0,12.0,3.0,2.0,3.0,6.0,5.0,2.0,3.0,1.0,6.0,2.0,5.0,5.0,3.0,2.0,3.0,4.0,4.0,5.0,6.0,3.0,4.0,2.0,1.0,6.0,16.0,8.0,1.0,32.0,8.0,1.0,1.0,1.0,1.0,32.0,2.0,1.0,3.0,1.0,3.0,6.0,1.0,3.0,6.0,2.0,6.0,6.0,3.0,3.0,1.0,4.0,4.0,3.0,3.0,4.0,1.0,8.0,1.0,1024.0,384.0,1.0,1.0,1.0,1.0,160.0,32.0,1.0,2148696091.0,121092537.0,324042000.0,2.7430388888888886,504.0,10.0,247168.0,2.6019106090117286e+17,19.77777777777778,7.319893333333334,10.0,138567.11111111112
128000.0,128000.0,256.0,64.0,2.0,22.0,16.0,38.0,2.0,3.0,3.0,2.0,3.0,5.0,6.0,3.0,1.0,5.0,6.0,3.0,1.0,6.0,5.0,6.0,2.0,2.0,2.0,2.0,5.0,2.0,3.0,3.0,1.0,2.0,1.0,1.0,128.0,1.0,1.0,1.0,1.0,4.0,2.0,1.0,1.0,6.0,3.0,1.0,4.0,5.0,6.0,1.0,4.0,5.0,2.0,2.0,1.0,3.0,6.0,5.0,5.0,3.0,512.0,256.0,1.0,12.0,128.0,1.0,1.0,1.0,1.0,16.0,32.0,1.0,8120582288.0,86548190.0,422948000.0,2.7870744444444444,608.0,10.0,14720.0,7.028216987724588e+17,7.111111111111111,0.8615634444444445,10.0,8182.222222222223
128.0,32000.0,256.0,64.0,3.0,6.0,4.0,34.0,5.0,3.0,3.0,4.0,6.0,1.0,1.0,2.0,3.0,5.0,6.0,4.0,2.0,5.0,4.0,5.0,1.0,6.0,3.0,5.0,3.0,5.0,2.0,4.0,16.0,128.0,1.0,256.0,128.0,1.0,1.0,1.0,1.0,64.0,32.0,1.0,3.0,4.0,3.0,3.0,6.0,1.0,4.0,5.0,4.0,6.0,1.0,3.0,1.0,5.0,6.0,3.0,4.0,6.0,2.0,512.0,1.0,8.0,192.0,1.0,1.0,1.0,1.0,10.0,16.0,1.0,1364835488.0,33449669.0,653901000.0,4.370864444444444,816.0,10.0,219136.0,4.565329531305347e+16,39.55555555555556,0.6169722222222223,10.0,172714.66666666666
128000.0,64000.0,256.0,64.0,2.0,34.0,16.0,6.0,4.0,4.0,6.0,5.0,3.0,6.0,6.0,6.0,4.0,2.0,4.0,4.0,6.0,3.0,6.0,6.0,4.0,6.0,6.0,6.0,1.0,4.0,2.0,4.0,16.0,8.0,1.0,128.0,512.0,1.0,1.0,1.0,1.0,16.0,2.0,1.0,5.0,5.0,2.0,2.0,6.0,4.0,4.0,6.0,1.0,6.0,4.0,5.0,1.0,3.0,5.0,3.0,3.0,2.0,256.0,512.0,1.0,16.0,32.0,1.0,1.0,1.0,1.0,40.0,80.0,1.0,24429846828.0,51944900.0,42362100.0,0.480431,96.0,10.0,29952.0,1.2690059504957773e+18,1.0,0.2593592777777778,10.0,17792.0
32000.0,32000000.0,256.0,64.0,3.0,44.0,26.0,30.0,4.0,5.0,1.0,5.0,2.0,3.0,3.0,5.0,4.0,1.0,6.0,2.0,3.0,2.0,2.0,5.0,5.0,1.0,2.0,1.0,2.0,6.0,1.0,3.0,256.0,8.0,1.0,8.0,1.0,1.0,1.0,1.0,1.0,4.0,128.0,1.0,2.0,5.0,3.0,2.0,4.0,2.0,1.0,2.0,2.0,3.0,4.0,6.0,2.0,4.0,5.0,1.0,5.0,1.0,128.0,1.0,1.0,24.0,12.0,1.0,1.0,1.0,1.0,160.0,160.0,1.0,473095456.0,33317202.0,613446000000.0,664.0685555555555,34320.0,10.0,649216.0,1.5762216872834112e+16,2450.9615,20.681690555555555,10.0,509952.0
1024000.0,32000.0,256.0,64.0,1.0,28.0,24.0,22.0,5.0,5.0,2.0,4.0,4.0,2.0,4.0,6.0,5.0,5.0,5.0,3.0,3.0,3.0,6.0,3.0,2.0,6.0,2.0,3.0,4.0,4.0,2.0,4.0,32.0,32.0,1.0,512.0,256.0,1.0,1.0,1.0,1.0,64.0,128.0,1.0,6.0,2.0,4.0,6.0,1.0,4.0,4.0,1.0,4.0,5.0,4.0,1.0,5.0,2.0,2.0,6.0,6.0,2.0,8.0,2048.0,1.0,256.0,3072.0,1.0,1.0,1.0,1.0,1.0,160.0,1.0,1115226121.0,119943060.0,9450840.0,0.100438,22.0,10.0,136.0,1.3376363354467026e+17,21.9037,20.638555555555556,10.0,136.0
2048000.0,128000.0,256.0,64.0,3.0,6.0,18.0,32.0,5.0,4.0,5.0,3.0,3.0,1.0,2.0,5.0,5.0,1.0,4.0,3.0,1.0,4.0,3.0,2.0,5.0,5.0,4.0,5.0,1.0,6.0,5.0,5.0,8.0,2.0,1.0,128.0,1.0,1.0,1.0,1.0,1.0,4.0,32.0,1.0,4.0,4.0,5.0,2.0,3.0,6.0,6.0,6.0,2.0,1.0,3.0,4.0,2.0,4.0,5.0,2.0,5.0,3.0,64.0,512.0,1.0,3.0,12.0,1.0,1.0,1.0,1.0,8.0,1.0,1.0,2502654760.0,40519449.0,7416540000.0,20.238477777777778,3456.0,10.0,123072.0,1.0140619191242723e+17,9.312662222222222,0.6174815555555556,10.0,78840.88888888889
1024.0,128000.0,256.0,64.0,3.0,44.0,24.0,34.0,1.0,1.0,3.0,2.0,5.0,6.0,2.0,4.0,2.0,3.0,6.0,6.0,6.0,1.0,5.0,5.0,3.0,1.0,1.0,3.0,1.0,4.0,5.0,4.0,1024.0,512.0,1.0,4.0,2048.0,1.0,1.0,1.0,1.0,128.0,1.0,1.0,1.0,6.0,5.0,4.0,4.0,3.0,6.0,6.0,6.0,5.0,3.0,4.0,5.0,1.0,5.0,5.0,2.0,5.0,16.0,32.0,1.0,96.0,8.0,1.0,1.0,1.0,1.0,16.0,80.0,1.0,24438704430.0,36967988.0,670741000000.0,725.4824444444445,35904.0,10.0,4980736.0,9.034497321037869e+17,1.0,0.01715766666666667,10.0,2228451.5555555555
64000.0,512000.0,256.0,64.0,1.0,48.0,40.0,32.0,5.0,4.0,1.0,1.0,3.0,4.0,1.0,1.0,1.0,1.0,4.0,4.0,4.0,5.0,2.0,4.0,2.0,6.0,1.0,4.0,5.0,3.0,3.0,5.0,1.0,8.0,1.0,1024.0,2048.0,1.0,1.0,1.0,1.0,1.0,4.0,1.0,4.0,2.0,3.0,4.0,4.0,1.0,1.0,4.0,1.0,2.0,1.0,5.0,2.0,3.0,5.0,4.0,4.0,1.0,8.0,2048.0,1.0,3.0,32.0,1.0,1.0,1.0,1.0,80.0,40.0,1.0,763363337.0,211653880.0,13571700.0,0.14340199999999997,32.0,10.0,196.0,1.6156881212579757e+17,32.0,47.80466666666666,10.0,196.0
1024.0,32000000.0,256.0,64.0,2.0,18.0,20.0,22.0,6.0,2.0,5.0,5.0,4.0,5.0,6.0,1.0,2.0,4.0,6.0,4.0,3.0,2.0,2.0,6.0,5.0,2.0,3.0,3.0,5.0,3.0,4.0,6.0,1024.0,4096.0,1.0,256.0,256.0,1.0,1.0,1.0,1.0,1.0,8.0,1.0,6.0,4.0,5.0,3.0,1.0,6.0,1.0,4.0,3.0,4.0,1.0,6.0,2.0,6.0,4.0,4.0,2.0,2.0,2.0,1.0,1.0,4.0,16.0,1.0,1.0,1.0,1.0,1.0,20.0,1.0,2207328389.0,114168190.0,268835000.0,5.208593333333334,440.0,10.0,2114560.0,2.5200668690774592e+17,12.878055555555555,8.153944444444445,10.0,939946.6666666666
1024.0,512000.0,256.0,64.0,3.0,24.0,4.0,12.0,3.0,6.0,4.0,2.0,5.0,3.0,3.0,1.0,5.0,5.0,4.0,6.0,4.0,4.0,4.0,3.0,5.0,4.0,2.0,2.0,5.0,6.0,1.0,3.0,32.0,4.0,1.0,4.0,2048.0,1.0,1.0,1.0,1.0,8.0,4.0,1.0,3.0,4.0,3.0,6.0,4.0,1.0,6.0,6.0,6.0,1.0,6.0,1.0,2.0,5.0,5.0,6.0,2.0,2.0,256.0,128.0,1.0,1.0,1536.0,1.0,1.0,1.0,1.0,10.0,320.0,1.0,14436296740.0,35540361.0,1120350000.0,10.961424444444443,1152.0,10.0,2719744.0,5.1307119764272314e+17,1.5555555555555556,0.054253333333333334,10.0,1584014.2222222222
256000.0,4096000.0,256.0,64.0,2.0,40.0,10.0,48.0,2.0,4.0,2.0,3.0,4.0,2.0,1.0,3.0,3.0,2.0,1.0,3.0,4.0,1.0,6.0,4.0,6.0,2.0,6.0,5.0,4.0,6.0,1.0,3.0,32.0,8.0,1.0,512.0,512.0,1.0,1.0,1.0,1.0,32.0,1.0,1.0,6.0,3.0,6.0,6.0,3.0,1.0,1.0,2.0,5.0,5.0,3.0,6.0,1.0,6.0,5.0,6.0,3.0,3.0,32.0,512.0,1.0,384.0,6.0,1.0,1.0,1.0,1.0,80.0,64.0,1.0,3118762836.0,39521150.0,302755000.0,2.242008888888888,480.0,10.0,38944.0,1.232570938559814e+17,7.247861111111111,0.35238644444444445,10.0,25984.0
2048000.0,16000000.0,256.0,64.0,1.0,48.0,28.0,2.0,1.0,6.0,1.0,6.0,5.0,5.0,4.0,1.0,1.0,5.0,5.0,6.0,6.0,6.0,4.0,4.0,2.0,5.0,1.0,4.0,3.0,6.0,2.0,1.0,128.0,2048.0,1.0,4.0,256.0,1.0,1.0,1.0,1.0,8.0,8.0,1.0,1.0,6.0,3.0,5.0,4.0,4.0,1.0,6.0,3.0,3.0,4.0,2.0,1.0,4.0,2.0,3.0,6.0,5.0,2048.0,512.0,1.0,4.0,3072.0,1.0,1.0,1.0,1.0,20.0,64.0,1.0,12213813257.0,256745600.0,1518110.0,0.0148321,2.0,10.0,16.0,3.135842812956419e+18,2.0,2.0,10.0,16.0
2048000.0,4096000.0,256.0,64.0,2.0,38.0,40.0,32.0,2.0,6.0,1.0,3.0,2.0,4.0,3.0,3.0,3.0,3.0,3.0,5.0,3.0,6.0,5.0,1.0,4.0,1.0,2.0,3.0,3.0,3.0,1.0,6.0,4.0,64.0,1.0,1024.0,256.0,1.0,1.0,1.0,1.0,4.0,8.0,1.0,4.0,4.0,2.0,1.0,2.0,1.0,1.0,3.0,3.0,1.0,4.0,2.0,2.0,3.0,3.0,6.0,4.0,1.0,4096.0,4.0,1.0,128.0,1024.0,1.0,1.0,1.0,1.0,10.0,10.0,1.0,1376027001.0,57134400.0,1327940000.0,6.385682222222223,1280.0,10.0,83536.0,7.86184770859344e+16,16.88888888888889,3.9749022222222226,10.0,60076.444444444445
1024.0,512000.0,256.0,64.0,3.0,44.0,2.0,40.0,4.0,4.0,3.0,6.0,4.0,6.0,3.0,3.0,6.0,6.0,4.0,2.0,2.0,2.0,6.0,5.0,3.0,5.0,4.0,6.0,1.0,4.0,5.0,2.0,2048.0,2048.0,1.0,1024.0,128.0,1.0,1.0,1.0,1.0,2.0,8.0,1.0,4.0,3.0,6.0,2.0,3.0,4.0,3.0,1.0,4.0,6.0,3.0,1.0,3.0,3.0,5.0,4.0,2.0,5.0,512.0,1024.0,1.0,4.0,3072.0,1.0,1.0,1.0,1.0,5.0,320.0,1.0,520084840.0,32560183.8,7669590000.0,45.155011111111115,3520.0,10.0,8912896.0,1.6934057981993592e+16,301.94877777777776,2.0,10.0,7165269.333333333
512.0,16000.0,256.0,64.0,2.0,4.0,12.0,46.0,1.0,1.0,4.0,4.0,4.0,1.0,1.0,5.0,2.0,5.0,3.0,5.0,6.0,4.0,4.0,3.0,5.0,2.0,4.0,1.0,5.0,5.0,5.0,6.0,128.0,8.0,1.0,256.0,512.0,1.0,1.0,1.0,1.0,32.0,32.0,1.0,4.0,3.0,6.0,4.0,5.0,2.0,3.0,4.0,6.0,5.0,4.0,1.0,3.0,6.0,1.0,1.0,1.0,4.0,2.0,2048.0,1.0,384.0,4.0,1.0,1.0,1.0,1.0,80.0,2.0,1.0,21659451433.0,146871073.0,368308000.0,2.524004444444445,552.0,10.0,20992.0,3.1811468725560975e+18,7.666666666666667,1.2806038888888889,10.0,9352.0
2048000.0,4096000.0,256.0,64.0,2.0,30.0,20.0,34.0,4.0,3.0,6.0,5.0,4.0,2.0,4.0,3.0,4.0,5.0,6.0,3.0,3.0,1.0,2.0,2.0,5.0,5.0,3.0,2.0,3.0,2.0,4.0,6.0,64.0,4096.0,1.0,1.0,2048.0,1.0,1.0,1.0,1.0,8.0,8.0,1.0,2.0,6.0,1.0,5.0,3.0,1.0,1.0,3.0,3.0,4.0,6.0,2.0,5.0,5.0,5.0,6.0,5.0,3.0,2.0,32.0,1.0,96.0,8.0,1.0,1.0,1.0,1.0,5.0,4.0,1.0,11463032849.0,112513325.0,497894000.0,3.108307777777778,680.0,10.0,1168.0,1.289743940425213e+18,2.888888888888889,0.7599796666666667,10.0,581.3333333333334
8192.0,32000000.0,256.0,64.0,2.0,38.0,42.0,8.0,1.0,1.0,5.0,3.0,1.0,4.0,1.0,3.0,1.0,5.0,1.0,2.0,6.0,2.0,5.0,5.0,5.0,2.0,6.0,6.0,3.0,2.0,6.0,6.0,512.0,64.0,1.0,512.0,1.0,1.0,1.0,1.0,1.0,64.0,1.0,1.0,3.0,3.0,6.0,4.0,4.0,6.0,4.0,2.0,3.0,6.0,5.0,5.0,2.0,6.0,3.0,3.0,3.0,3.0,16.0,128.0,1.0,48.0,192.0,1.0,1.0,1.0,1.0,2.0,40.0,1.0,24474288152.0,93907410.0,187492000.0,1.491258888888889,336.0,10.0,1792.0,2.2983170119480064e+18,1.0,0.49837055555555554,10.0,1168.0
64000.0,512000.0,256.0,64.0,3.0,48.0,10.0,30.0,6.0,3.0,5.0,4.0,2.0,3.0,2.0,2.0,3.0,2.0,3.0,5.0,3.0,3.0,5.0,5.0,3.0,3.0,1.0,2.0,1.0,1.0,2.0,5.0,16.0,32.0,1.0,1.0,2.0,1.0,1.0,1.0,1.0,16.0,32.0,1.0,3.0,3.0,1.0,4.0,4.0,2.0,2.0,3.0,3.0,5.0,5.0,3.0,5.0,4.0,5.0,5.0,4.0,4.0,2.0,32.0,1.0,16.0,384.0,1.0,1.0,1.0,1.0,5.0,64.0,1.0,234810072.0,41153380.0,111211000000.0,155.11266666666666,14400.0,10.0,1425408.0,9663228120843360.0,222.81466666666668,56.76029444444444,10.0,838371.5555555555
32000.0,512000.0,256.0,64.0,3.0,42.0,14.0,46.0,2.0,3.0,6.0,4.0,3.0,5.0,5.0,2.0,1.0,1.0,4.0,3.0,2.0,6.0,5.0,1.0,4.0,1.0,6.0,5.0,1.0,2.0,3.0,6.0,32.0,4.0,1.0,128.0,256.0,1.0,1.0,1.0,1.0,1.0,2.0,1.0,3.0,1.0,2.0,3.0,2.0,4.0,6.0,2.0,3.0,6.0,6.0,6.0,5.0,1.0,2.0,2.0,5.0,1.0,256.0,8.0,1.0,768.0,512.0,1.0,1.0,1.0,1.0,160.0,320.0,1.0,4803317764.0,33445626.0,383228000000.0,437.8361111111111,27048.0,10.0,1048576.0,1.6064996949390026e+17,22.666666666666668,0.09521482222222222,10.0,590336.0
512000.0,1024000.0,256.0,64.0,2.0,28.0,32.0,34.0,4.0,4.0,1.0,6.0,3.0,1.0,3.0,4.0,2.0,6.0,4.0,3.0,6.0,4.0,3.0,1.0,1.0,2.0,3.0,1.0,3.0,6.0,2.0,5.0,64.0,2048.0,1.0,2048.0,128.0,1.0,1.0,1.0,1.0,16.0,16.0,1.0,3.0,3.0,3.0,3.0,4.0,2.0,6.0,3.0,2.0,4.0,1.0,2.0,2.0,2.0,4.0,4.0,4.0,1.0,4096.0,1024.0,1.0,384.0,256.0,1.0,1.0,1.0,1.0,160.0,80.0,1.0,169164528.0,32831635.0,1022540000.0,7.836525555555555,1088.0,10.0,1343488.0,5553948038243280.0,187.18277777777777,1.9959472222222223,10.0,775509.3333333334
1024.0,64000.0,256.0,64.0,3.0,10.0,6.0,14.0,6.0,5.0,2.0,1.0,6.0,2.0,1.0,6.0,5.0,4.0,5.0,1.0,5.0,6.0,1.0,2.0,3.0,4.0,1.0,5.0,2.0,5.0,1.0,1.0,128.0,2048.0,1.0,4.0,2048.0,1.0,1.0,1.0,1.0,32.0,128.0,1.0,3.0,4.0,1.0,2.0,2.0,2.0,5.0,5.0,5.0,4.0,5.0,6.0,4.0,5.0,6.0,2.0,4.0,2.0,512.0,64.0,1.0,96.0,192.0,1.0,1.0,1.0,1.0,40.0,20.0,1.0,720699720.0,32853521.8,685270000.0,35.70366666666666,840.0,10.0,18350080.0,2.3677523962273896e+16,64.50777777777778,0.4340277777777778,10.0,9219982.222222222
2048.0,8192000.0,256.0,64.0,2.0,10.0,36.0,20.0,4.0,2.0,1.0,3.0,6.0,5.0,5.0,6.0,5.0,5.0,2.0,4.0,5.0,4.0,4.0,2.0,5.0,5.0,2.0,6.0,3.0,5.0,2.0,5.0,4.0,16.0,1.0,8.0,128.0,1.0,1.0,1.0,1.0,128.0,8.0,1.0,6.0,5.0,3.0,5.0,1.0,6.0,3.0,2.0,6.0,3.0,4.0,1.0,1.0,6.0,1.0,2.0,3.0,5.0,2.0,32.0,1.0,2.0,128.0,1.0,1.0,1.0,1.0,160.0,4.0,1.0,25702694921.0,105285200.0,541815000.0,3.301763333333333,720.0,10.0,256.0,2.706113375296469e+18,1.0,0.3721171111111111,10.0,136.0
8192.0,8192000.0,256.0,64.0,1.0,40.0,28.0,42.0,5.0,4.0,2.0,6.0,2.0,4.0,1.0,1.0,2.0,3.0,4.0,1.0,5.0,1.0,3.0,6.0,4.0,5.0,1.0,3.0,5.0,6.0,4.0,3.0,8.0,2048.0,1.0,2.0,2048.0,1.0,1.0,1.0,1.0,2.0,2.0,1.0,6.0,2.0,2.0,5.0,1.0,1.0,5.0,1.0,1.0,5.0,4.0,1.0,1.0,6.0,6.0,1.0,4.0,5.0,4.0,128.0,1.0,192.0,2.0,1.0,1.0,1.0,1.0,1.0,5.0,1.0,637534217.0,257355400.0,17794600.0,0.186831,42.0,10.0,338.0,1.640728734297218e+17,36.44444444444444,36.736066666666666,10.0,338.0
4096.0,16000.0,256.0,64.0,1.0,24.0,42.0,6.0,6.0,5.0,3.0,4.0,5.0,5.0,4.0,5.0,5.0,1.0,6.0,5.0,1.0,3.0,3.0,5.0,3.0,2.0,1.0,2.0,3.0,2.0,6.0,5.0,32.0,512.0,1.0,2.0,8.0,1.0,1.0,1.0,1.0,1.0,8.0,1.0,6.0,1.0,5.0,4.0,3.0,4.0,4.0,2.0,3.0,4.0,1.0,3.0,2.0,1.0,3.0,1.0,6.0,4.0,1024.0,2.0,1.0,12.0,1024.0,1.0,1.0,1.0,1.0,2.0,64.0,1.0,4073259017.0,179349940.0,3069380.0,0.0319532,6.0,10.0,40.0,7.30538760303409e+17,5.99707,7.3173666666666675,10.0,40.0
2048000.0,256000.0,256.0,64.0,3.0,40.0,42.0,6.0,5.0,2.0,2.0,6.0,6.0,6.0,2.0,3.0,5.0,6.0,2.0,1.0,6.0,5.0,1.0,4.0,6.0,2.0,1.0,1.0,4.0,3.0,4.0,1.0,8.0,128.0,1.0,8.0,2.0,1.0,1.0,1.0,1.0,32.0,2.0,1.0,2.0,1.0,5.0,3.0,4.0,3.0,2.0,1.0,5.0,2.0,2.0,6.0,3.0,3.0,1.0,3.0,4.0,1.0,2.0,64.0,1.0,768.0,6.0,1.0,1.0,1.0,1.0,5.0,5.0,1.0,1746964426.0,36662401.0,55656600000.0,88.36061111111111,10080.0,10.0,431104.0,6.4047910318746824e+16,19.555555555555557,0.49121100000000006,10.0,255886.22222222222
2048000.0,256000.0,256.0,64.0,1.0,34.0,40.0,12.0,3.0,5.0,6.0,1.0,5.0,5.0,3.0,6.0,1.0,2.0,1.0,4.0,4.0,3.0,2.0,2.0,3.0,4.0,4.0,6.0,6.0,5.0,2.0,2.0,4096.0,32.0,1.0,1024.0,256.0,1.0,1.0,1.0,1.0,32.0,64.0,1.0,4.0,4.0,5.0,6.0,1.0,5.0,6.0,1.0,2.0,2.0,2.0,6.0,6.0,5.0,1.0,5.0,3.0,2.0,64.0,2048.0,1.0,1.0,384.0,1.0,1.0,1.0,1.0,160.0,160.0,1.0,24427626505.0,266485200.0,5431850.0,0.0574071,12.0,10.0,10.0,6.509600934710226e+18,1.0,1.2221688888888889,10.0,10.0
128000.0,32000000.0,256.0,64.0,3.0,38.0,10.0,26.0,4.0,5.0,3.0,4.0,4.0,2.0,4.0,6.0,3.0,1.0,4.0,1.0,5.0,2.0,3.0,5.0,6.0,5.0,1.0,3.0,1.0,4.0,5.0,1.0,128.0,4.0,1.0,4.0,512.0,1.0,1.0,1.0,1.0,2.0,8.0,1.0,5.0,5.0,4.0,3.0,2.0,5.0,5.0,1.0,5.0,1.0,6.0,2.0,4.0,5.0,5.0,6.0,1.0,6.0,2048.0,8.0,1.0,512.0,768.0,1.0,1.0,1.0,1.0,20.0,16.0,1.0,240821072.0,32570279.0,53546600000.0,110.17204444444444,9880.0,10.0,12756992.0,7843609504119088.0,189.265,0.4939235555555555,10.0,7332067.555555556
128000.0,32000.0,256.0,64.0,2.0,18.0,28.0,46.0,4.0,3.0,1.0,6.0,1.0,2.0,3.0,6.0,2.0,3.0,5.0,2.0,6.0,1.0,3.0,2.0,6.0,5.0,1.0,2.0,3.0,1.0,1.0,2.0,16.0,512.0,1.0,1024.0,2048.0,1.0,1.0,1.0,1.0,32.0,1.0,1.0,1.0,5.0,5.0,3.0,4.0,1.0,3.0,6.0,4.0,1.0,1.0,6.0,3.0,5.0,6.0,4.0,3.0,1.0,16.0,128.0,1.0,3072.0,512.0,1.0,1.0,1.0,1.0,20.0,2.0,1.0,59821508.0,39308782.0,1341500000.0,6.5951088888888885,1288.0,10.0,149248.0,2351510616883256.0,388.7407777777778,24.274533333333334,10.0,108288.0
32000.0,64000.0,256.0,64.0,1.0,44.0,20.0,32.0,4.0,3.0,2.0,1.0,3.0,2.0,4.0,5.0,6.0,1.0,5.0,4.0,3.0,1.0,4.0,3.0,5.0,1.0,2.0,4.0,6.0,5.0,5.0,5.0,8.0,4.0,1.0,2048.0,256.0,1.0,1.0,1.0,1.0,16.0,128.0,1.0,2.0,6.0,4.0,3.0,5.0,1.0,1.0,4.0,5.0,6.0,6.0,3.0,6.0,4.0,4.0,3.0,6.0,1.0,2.0,8.0,1.0,96.0,2.0,1.0,1.0,1.0,1.0,5.0,8.0,1.0,763363337.0,165040840.0,13571700.0,0.14340199999999997,32.0,10.0,196.0,1.2598612636368307e+17,32.0,38.944544444444446,10.0,196.0
512000.0,16000.0,256.0,64.0,1.0,12.0,18.0,48.0,3.0,4.0,1.0,3.0,4.0,1.0,6.0,1.0,5.0,6.0,1.0,4.0,5.0,5.0,5.0,5.0,1.0,6.0,3.0,6.0,2.0,4.0,4.0,2.0,128.0,512.0,1.0,512.0,512.0,1.0,1.0,1.0,1.0,1.0,32.0,1.0,6.0,6.0,3.0,2.0,3.0,6.0,5.0,2.0,5.0,4.0,3.0,1.0,4.0,4.0,6.0,5.0,3.0,2.0,16.0,2048.0,1.0,2.0,24.0,1.0,1.0,1.0,1.0,320.0,8.0,1.0,509607945.0,200209720.0,20377200.0,0.212477,48.0,10.0,292.0,1.020284639782254e+17,47.83462222222222,47.83462222222222,10.0,292.0
128.0,1024000.0,256.0,64.0,2.0,18.0,48.0,14.0,4.0,3.0,3.0,1.0,3.0,3.0,3.0,4.0,5.0,4.0,1.0,3.0,3.0,5.0,4.0,3.0,6.0,3.0,3.0,1.0,5.0,3.0,2.0,2.0,256.0,32.0,1.0,8.0,4.0,1.0,1.0,1.0,1.0,2.0,8.0,1.0,6.0,6.0,6.0,1.0,6.0,5.0,4.0,5.0,4.0,5.0,2.0,6.0,1.0,2.0,4.0,6.0,4.0,6.0,512.0,1024.0,1.0,64.0,32.0,1.0,1.0,1.0,1.0,10.0,4.0,1.0,292593984.0,39902800.0,489337000.0,3.661497777777778,672.0,10.0,295168.0,1.16753192247552e+16,123.25938888888888,20.55518888888889,10.0,172181.33333333334
128000.0,512000.0,256.0,64.0,3.0,6.0,8.0,32.0,3.0,5.0,3.0,1.0,6.0,3.0,1.0,4.0,2.0,3.0,6.0,3.0,3.0,5.0,5.0,4.0,4.0,6.0,4.0,4.0,5.0,3.0,5.0,1.0,1024.0,8.0,1.0,4.0,8.0,1.0,1.0,1.0,1.0,8.0,4.0,1.0,2.0,3.0,2.0,4.0,5.0,6.0,1.0,4.0,2.0,2.0,4.0,6.0,2.0,1.0,6.0,5.0,2.0,3.0,8.0,512.0,1.0,3.0,1.0,1.0,1.0,1.0,1.0,80.0,320.0,1.0,1134751134.0,63794390.0,1793790000.0,8.273262222222222,1536.0,10.0,332672.0,7.239075639533826e+16,20.444444444444443,5.345442222222222,10.0,199438.22222222222
1024.0,256000.0,256.0,64.0,1.0,4.0,38.0,48.0,6.0,5.0,2.0,5.0,3.0,6.0,5.0,4.0,3.0,3.0,5.0,5.0,5.0,1.0,6.0,3.0,3.0,4.0,6.0,2.0,1.0,2.0,5.0,4.0,4096.0,2.0,1.0,2048.0,2.0,1.0,1.0,1.0,1.0,32.0,128.0,1.0,5.0,4.0,2.0,1.0,2.0,1.0,3.0,4.0,2.0,3.0,2.0,4.0,5.0,5.0,1.0,6.0,4.0,6.0,32.0,4096.0,1.0,4.0,6.0,1.0,1.0,1.0,1.0,4.0,4.0,1.0,512884745.0,107294260.0,20377200.0,0.212477,48.0,10.0,292.0,5.50295891800637e+16,47.6279,34.241311111111116,10.0,292.0
128.0,1024000.0,256.0,64.0,2.0,4.0,40.0,26.0,3.0,1.0,2.0,1.0,6.0,5.0,1.0,3.0,1.0,5.0,4.0,5.0,2.0,1.0,3.0,3.0,3.0,4.0,1.0,6.0,5.0,6.0,2.0,6.0,128.0,32.0,1.0,1.0,4.0,1.0,1.0,1.0,1.0,8.0,1.0,1.0,1.0,6.0,3.0,6.0,6.0,4.0,2.0,3.0,4.0,1.0,2.0,3.0,3.0,3.0,4.0,2.0,5.0,4.0,64.0,1.0,1.0,1536.0,3.0,1.0,1.0,1.0,1.0,32.0,160.0,1.0,24704450569.0,159848530.0,951888000.0,4.912522222222223,1040.0,10.0,262.0,3.9489701079123133e+18,1.0,0.7688443333333334,10.0,232.66666666666666
4096.0,32000.0,256.0,64.0,3.0,2.0,48.0,48.0,3.0,1.0,4.0,2.0,2.0,6.0,2.0,5.0,1.0,2.0,2.0,4.0,5.0,4.0,2.0,1.0,6.0,2.0,1.0,4.0,2.0,1.0,5.0,2.0,128.0,1.0,1.0,128.0,16.0,1.0,1.0,1.0,1.0,32.0,16.0,1.0,6.0,3.0,6.0,5.0,3.0,4.0,1.0,1.0,2.0,2.0,3.0,6.0,6.0,3.0,4.0,5.0,6.0,3.0,2.0,512.0,1.0,256.0,1024.0,1.0,1.0,1.0,1.0,10.0,320.0,1.0,14382028584.0,32924664.0,12593900000.0,32.91502222222222,4608.0,10.0,2031616.0,4.735234587665958e+17,1.5555555555555556,0.006293422222222222,10.0,1150520.888888889
8192.0,128000.0,256.0,64.0,1.0,10.0,36.0,42.0,1.0,2.0,2.0,6.0,3.0,1.0,1.0,1.0,5.0,6.0,3.0,4.0,1.0,5.0,2.0,6.0,6.0,1.0,1.0,6.0,6.0,6.0,2.0,4.0,2048.0,8.0,1.0,8.0,64.0,1.0,1.0,1.0,1.0,128.0,16.0,1.0,5.0,1.0,6.0,5.0,3.0,4.0,1.0,1.0,3.0,4.0,1.0,4.0,5.0,6.0,1.0,5.0,4.0,2.0,8.0,4096.0,1.0,1536.0,3.0,1.0,1.0,1.0,1.0,40.0,40.0,1.0,637534217.0,257357000.0,17794600.0,0.186831,42.0,10.0,338.0,1.64073893484469e+17,36.44444444444444,36.736066666666666,10.0,338.0
16000.0,8192000.0,256.0,64.0,2.0,26.0,44.0,34.0,6.0,3.0,6.0,3.0,3.0,3.0,1.0,1.0,2.0,1.0,1.0,4.0,5.0,5.0,5.0,3.0,6.0,2.0,3.0,3.0,2.0,5.0,3.0,5.0,128.0,16.0,1.0,2048.0,512.0,1.0,1.0,1.0,1.0,64.0,128.0,1.0,5.0,2.0,1.0,3.0,4.0,6.0,2.0,1.0,2.0,4.0,4.0,2.0,4.0,1.0,6.0,2.0,2.0,4.0,1.0,16.0,1.0,24.0,32.0,1.0,1.0,1.0,1.0,40.0,10.0,1.0,564623774.0,43436528.2,1716660000.0,8.712299999999999,1496.0,10.0,876544.0,2.4525296481741428e+16,43.17103333333333,2.560811111111111,10.0,391504.0
128000.0,128000.0,256.0,64.0,1.0,18.0,28.0,34.0,2.0,5.0,4.0,2.0,2.0,3.0,6.0,2.0,5.0,4.0,3.0,4.0,6.0,6.0,4.0,4.0,2.0,4.0,1.0,3.0,6.0,2.0,1.0,2.0,32.0,2.0,1.0,128.0,1024.0,1.0,1.0,1.0,1.0,16.0,16.0,1.0,2.0,2.0,2.0,3.0,1.0,6.0,4.0,3.0,3.0,5.0,4.0,3.0,1.0,2.0,2.0,2.0,4.0,4.0,4096.0,1024.0,1.0,32.0,192.0,1.0,1.0,1.0,1.0,80.0,10.0,1.0,724303881.0,203127380.0,14408200.0,0.152024,34.0,10.0,208.0,1.471259496713618e+17,33.67624444444444,33.67624444444444,10.0,208.0
128000.0,2048000.0,256.0,64.0,3.0,12.0,36.0,46.0,5.0,1.0,2.0,5.0,3.0,1.0,3.0,5.0,2.0,3.0,4.0,5.0,4.0,5.0,4.0,6.0,1.0,4.0,1.0,1.0,1.0,4.0,2.0,1.0,1024.0,4096.0,1.0,128.0,512.0,1.0,1.0,1.0,1.0,64.0,32.0,1.0,4.0,6.0,4.0,6.0,6.0,5.0,3.0,6.0,2.0,2.0,5.0,5.0,5.0,2.0,4.0,4.0,6.0,6.0,32.0,2.0,1.0,3.0,3072.0,1.0,1.0,1.0,1.0,64.0,32.0,1.0,3017150195.0,33764338.0,208885000000.0,270.409,19872.0,10.0,4784128.0,1.018720789807459e+17,13.818166666666666,0.17171722222222222,10.0,3682759.111111111
2048.0,64000.0,256.0,64.0,1.0,44.0,8.0,40.0,3.0,4.0,5.0,5.0,4.0,6.0,4.0,3.0,6.0,3.0,3.0,1.0,5.0,5.0,1.0,1.0,4.0,2.0,2.0,2.0,1.0,6.0,4.0,4.0,2048.0,8.0,1.0,1024.0,16.0,1.0,1.0,1.0,1.0,64.0,32.0,1.0,6.0,3.0,3.0,3.0,5.0,3.0,1.0,4.0,2.0,2.0,1.0,3.0,1.0,5.0,5.0,1.0,2.0,6.0,128.0,256.0,1.0,768.0,384.0,1.0,1.0,1.0,1.0,10.0,40.0,1.0,24427626505.0,247040580.0,16941800.0,0.177104,40.0,10.0,10.0,6.034615019818573e+18,1.0,1.0018399999999998,10.0,10.0
32000.0,512000.0,256.0,64.0,1.0,12.0,32.0,48.0,3.0,2.0,4.0,6.0,6.0,4.0,4.0,3.0,2.0,2.0,3.0,3.0,4.0,4.0,1.0,4.0,3.0,6.0,4.0,5.0,6.0,5.0,5.0,3.0,128.0,32.0,1.0,16.0,1.0,1.0,1.0,1.0,1.0,8.0,128.0,1.0,6.0,1.0,2.0,1.0,6.0,3.0,6.0,3.0,2.0,3.0,3.0,2.0,2.0,2.0,3.0,6.0,6.0,2.0,4.0,4.0,1.0,96.0,512.0,1.0,1.0,1.0,1.0,5.0,8.0,1.0,637534217.0,164320600.0,20377200.0,0.212802,48.0,10.0,386.0,1.047600050579702e+17,36.44444444444444,36.66673333333333,10.0,386.0
128000.0,256000.0,256.0,64.0,1.0,34.0,4.0,26.0,2.0,4.0,2.0,1.0,5.0,4.0,5.0,4.0,3.0,1.0,2.0,4.0,4.0,5.0,5.0,5.0,4.0,6.0,4.0,2.0,1.0,3.0,2.0,5.0,1.0,64.0,1.0,8.0,2.0,1.0,1.0,1.0,1.0,2.0,64.0,1.0,2.0,1.0,4.0,3.0,3.0,2.0,1.0,5.0,4.0,4.0,3.0,5.0,2.0,2.0,2.0,6.0,2.0,2.0,4.0,16.0,1.0,384.0,1.0,1.0,1.0,1.0,1.0,1.0,4.0,1.0,24427626505.0,199796780.0,11087000.0,0.11704099999999999,26.0,10.0,10.0,4.880561118741654e+18,1.0,1.0000888888888888,10.0,10.0
512.0,256000.0,256.0,64.0,1.0,42.0,48.0,30.0,4.0,3.0,5.0,3.0,3.0,5.0,3.0,6.0,1.0,3.0,5.0,3.0,2.0,5.0,2.0,1.0,6.0,4.0,2.0,6.0,2.0,5.0,1.0,4.0,1024.0,2.0,1.0,2048.0,2.0,1.0,1.0,1.0,1.0,32.0,1.0,1.0,5.0,6.0,5.0,1.0,2.0,2.0,1.0,1.0,5.0,5.0,6.0,6.0,4.0,5.0,1.0,2.0,6.0,4.0,4.0,4096.0,1.0,512.0,512.0,1.0,1.0,1.0,1.0,40.0,16.0,1.0,24427626505.0,267071700.0,12739400.0,0.134183,30.0,10.0,10.0,6.523927737655409e+18,1.0,1.2239022222222222,10.0,10.0
16000.0,16000000.0,256.0,64.0,1.0,28.0,42.0,36.0,6.0,5.0,2.0,6.0,5.0,6.0,5.0,6.0,6.0,6.0,1.0,6.0,1.0,6.0,2.0,5.0,3.0,2.0,3.0,3.0,5.0,4.0,5.0,3.0,128.0,1024.0,1.0,1024.0,2.0,1.0,1.0,1.0,1.0,64.0,2.0,1.0,4.0,5.0,3.0,4.0,3.0,5.0,5.0,2.0,4.0,5.0,4.0,3.0,3.0,2.0,6.0,1.0,1.0,2.0,4.0,128.0,1.0,48.0,4.0,1.0,1.0,1.0,1.0,4.0,320.0,1.0,679870473.0,144806460.0,15248700.0,0.16065000000000002,36.0,10.0,220.0,9.844963645365558e+16,35.9298,27.890844444444443,10.0,220.0
256000.0,2048000.0,256.0,64.0,1.0,24.0,36.0,28.0,3.0,5.0,1.0,2.0,3.0,6.0,4.0,2.0,2.0,6.0,3.0,4.0,1.0,1.0,2.0,1.0,4.0,6.0,4.0,4.0,5.0,1.0,4.0,6.0,512.0,32.0,1.0,4.0,1024.0,1.0,1.0,1.0,1.0,8.0,128.0,1.0,2.0,3.0,4.0,6.0,4.0,3.0,3.0,1.0,5.0,6.0,6.0,1.0,2.0,4.0,5.0,4.0,1.0,1.0,4096.0,1.0,1.0,3072.0,32.0,1.0,1.0,1.0,1.0,2.0,16.0,1.0,24427626505.0,303568100.0,11911100.0,0.125609,28.0,10.0,10.0,7.41544816563249e+18,1.0,1.2777111111111112,10.0,10.0
128.0,4096000.0,256.0,64.0,1.0,22.0,40.0,30.0,2.0,1.0,4.0,5.0,1.0,5.0,3.0,2.0,4.0,5.0,4.0,5.0,3.0,6.0,1.0,4.0,2.0,2.0,4.0,3.0,5.0,3.0,2.0,1.0,4.0,128.0,1.0,64.0,8.0,1.0,1.0,1.0,1.0,2.0,16.0,1.0,1.0,5.0,4.0,3.0,3.0,4.0,2.0,5.0,3.0,2.0,4.0,4.0,1.0,5.0,2.0,1.0,1.0,3.0,64.0,512.0,1.0,192.0,384.0,1.0,1.0,1.0,1.0,8.0,1.0,1.0,956301321.0,247814340.0,12739400.0,0.134983,30.0,10.0,242.0,2.3698518070474314e+17,24.2963,24.34262222222222,10.0,242.0
2048.0,16000000.0,256.0,64.0,3.0,26.0,26.0,8.0,4.0,4.0,6.0,3.0,2.0,3.0,1.0,5.0,4.0,3.0,4.0,2.0,2.0,6.0,6.0,3.0,5.0,2.0,4.0,3.0,6.0,2.0,6.0,1.0,512.0,16.0,1.0,8.0,16.0,1.0,1.0,1.0,1.0,4.0,32.0,1.0,4.0,4.0,6.0,5.0,5.0,2.0,3.0,6.0,4.0,5.0,4.0,1.0,3.0,5.0,2.0,5.0,1.0,5.0,32.0,32.0,1.0,8.0,3072.0,1.0,1.0,1.0,1.0,8.0,40.0,1.0,2560831769.0,38816424.0,16984700000.0,36.79525555555555,5408.0,10.0,444928.0,9.940233173817405e+16,61.333333333333336,5.067927777777777,10.0,269482.6666666667
2048.0,128000.0,256.0,64.0,1.0,24.0,20.0,26.0,6.0,5.0,2.0,1.0,2.0,2.0,2.0,4.0,6.0,6.0,6.0,1.0,5.0,2.0,6.0,6.0,5.0,1.0,6.0,1.0,2.0,3.0,4.0,5.0,1.0,2.0,1.0,8.0,32.0,1.0,1.0,1.0,1.0,1.0,128.0,1.0,6.0,6.0,6.0,2.0,1.0,6.0,3.0,5.0,6.0,1.0,1.0,4.0,3.0,1.0,3.0,4.0,2.0,4.0,32.0,1.0,1.0,96.0,384.0,1.0,1.0,1.0,1.0,40.0,8.0,1.0,942276617.0,99272180.0,11087000.0,0.117559,26.0,10.0,160.0,9.354185393261506e+16,25.9241,12.969555555555555,10.0,160.0
1024000.0,16000.0,256.0,64.0,1.0,4.0,14.0,40.0,1.0,6.0,3.0,4.0,5.0,4.0,6.0,5.0,1.0,1.0,4.0,4.0,6.0,3.0,2.0,6.0,1.0,3.0,2.0,2.0,4.0,3.0,1.0,3.0,256.0,128.0,1.0,128.0,32.0,1.0,1.0,1.0,1.0,2.0,1.0,1.0,3.0,3.0,3.0,1.0,6.0,3.0,2.0,3.0,6.0,3.0,4.0,2.0,6.0,3.0,5.0,6.0,2.0,1.0,512.0,128.0,1.0,48.0,512.0,1.0,1.0,1.0,1.0,40.0,2.0,1.0,613679113.0,199193540.0,16941900.0,0.177911,40.0,10.0,244.0,1.2224091494253002e+17,39.66876666666666,39.66876666666666,10.0,244.0
256.0,1024000.0,256.0,64.0,1.0,40.0,48.0,22.0,4.0,5.0,3.0,2.0,5.0,3.0,6.0,1.0,5.0,5.0,2.0,6.0,5.0,2.0,6.0,5.0,3.0,5.0,5.0,3.0,4.0,3.0,6.0,3.0,512.0,16.0,1.0,256.0,2048.0,1.0,1.0,1.0,1.0,32.0,4.0,1.0,2.0,2.0,2.0,6.0,4.0,5.0,1.0,4.0,3.0,5.0,5.0,1.0,4.0,6.0,4.0,5.0,5.0,6.0,1.0,4.0,1.0,6.0,32.0,1.0,1.0,1.0,1.0,40.0,32.0,1.0,1114636297.0,195071960.0,9450840.0,0.100438,22.0,10.0,136.0,2.1743428714293213e+17,21.8737,21.8737,10.0,136.0
8192.0,256000.0,256.0,64.0,3.0,34.0,14.0,26.0,2.0,1.0,2.0,2.0,1.0,4.0,5.0,1.0,2.0,6.0,3.0,5.0,6.0,3.0,1.0,4.0,1.0,6.0,1.0,3.0,6.0,3.0,4.0,5.0,128.0,4096.0,1.0,256.0,4.0,1.0,1.0,1.0,1.0,16.0,128.0,1.0,5.0,2.0,6.0,1.0,2.0,1.0,6.0,1.0,3.0,2.0,1.0,2.0,6.0,2.0,6.0,1.0,5.0,2.0,256.0,512.0,1.0,64.0,96.0,1.0,1.0,1.0,1.0,80.0,8.0,1.0,10469902432.0,33339161.8,82814600000.0,125.15,12376.0,10.0,3211264.0,3.490577712106615e+17,5.851866666666667,0.010308166666666667,10.0,1535886.2222222222
512.0,32000000.0,256.0,64.0,3.0,30.0,48.0,46.0,4.0,5.0,6.0,1.0,3.0,6.0,6.0,6.0,3.0,6.0,1.0,1.0,1.0,1.0,4.0,5.0,6.0,6.0,1.0,5.0,2.0,1.0,1.0,2.0,512.0,8.0,1.0,256.0,128.0,1.0,1.0,1.0,1.0,64.0,128.0,1.0,2.0,2.0,3.0,2.0,3.0,3.0,3.0,4.0,2.0,1.0,3.0,3.0,5.0,2.0,1.0,3.0,1.0,3.0,128.0,256.0,1.0,768.0,256.0,1.0,1.0,1.0,1.0,20.0,80.0,1.0,572804240.0,32907266.2,2261490000000.0,2206.428888888889,66240.0,10.0,557056.0,1.884942160616869e+16,42.6667,0.28038222222222225,10.0,513365.3333333333
8192.0,16000.0,256.0,64.0,1.0,44.0,22.0,4.0,2.0,1.0,5.0,1.0,5.0,1.0,6.0,6.0,5.0,1.0,2.0,2.0,2.0,3.0,3.0,1.0,6.0,3.0,3.0,5.0,4.0,1.0,2.0,6.0,1.0,128.0,1.0,4.0,64.0,1.0,1.0,1.0,1.0,8.0,8.0,1.0,6.0,2.0,4.0,4.0,2.0,2.0,6.0,2.0,3.0,1.0,6.0,6.0,2.0,3.0,4.0,2.0,6.0,5.0,1024.0,2048.0,1.0,3072.0,192.0,1.0,1.0,1.0,1.0,16.0,1.0,1.0,24427626505.0,257208900.0,2290040.0,0.0233305,4.0,10.0,10.0,6.283002942961894e+18,1.0,1.0052044444444443,10.0,10.0
64000.0,256000.0,256.0,64.0,3.0,32.0,6.0,26.0,5.0,3.0,2.0,5.0,6.0,1.0,4.0,6.0,1.0,1.0,5.0,4.0,6.0,5.0,4.0,4.0,3.0,5.0,5.0,5.0,2.0,1.0,2.0,6.0,128.0,16.0,1.0,128.0,2.0,1.0,1.0,1.0,1.0,1.0,1.0,1.0,4.0,2.0,3.0,2.0,1.0,4.0,5.0,2.0,2.0,3.0,4.0,4.0,4.0,6.0,6.0,6.0,2.0,4.0,1.0,1.0,1.0,256.0,8.0,1.0,1.0,1.0,1.0,320.0,5.0,1.0,9647407379.0,118931401.0,14620000000.0,32.56534444444444,4992.0,10.0,164992.0,1.147379675602208e+18,3.4444444444444446,1.3344092444444446,10.0,106680.88888888889
256000.0,16000000.0,256.0,64.0,1.0,10.0,44.0,8.0,3.0,5.0,3.0,2.0,1.0,1.0,2.0,2.0,2.0,4.0,4.0,6.0,2.0,4.0,2.0,2.0,3.0,4.0,1.0,6.0,5.0,1.0,1.0,3.0,256.0,64.0,1.0,64.0,64.0,1.0,1.0,1.0,1.0,128.0,64.0,1.0,1.0,5.0,5.0,2.0,5.0,2.0,4.0,5.0,4.0,1.0,4.0,4.0,1.0,1.0,4.0,5.0,5.0,5.0,1.0,2.0,1.0,192.0,96.0,1.0,1.0,1.0,1.0,20.0,10.0,1.0,3053453321.0,192432140.0,3852800.0,0.0405137,8.0,10.0,52.0,5.87582556950137e+17,8.0,8.0,10.0,52.0
256.0,8192000.0,256.0,64.0,1.0,28.0,32.0,2.0,4.0,3.0,3.0,1.0,4.0,3.0,2.0,4.0,6.0,6.0,6.0,5.0,2.0,6.0,6.0,6.0,5.0,2.0,2.0,5.0,3.0,5.0,1.0,3.0,128.0,128.0,1.0,1.0,2048.0,1.0,1.0,1.0,1.0,32.0,128.0,1.0,2.0,4.0,4.0,4.0,3.0,4.0,5.0,4.0,3.0,3.0,5.0,4.0,3.0,4.0,6.0,4.0,6.0,2.0,1.0,4096.0,1.0,12.0,1024.0,1.0,1.0,1.0,1.0,64.0,10.0,1.0,12213813257.0,261450800.0,1518110.0,0.0148321,2.0,10.0,16.0,3.1933112470932557e+18,2.0,2.999505555555556,10.0,16.0
512.0,2048000.0,256.0,64.0,1.0,4.0,28.0,46.0,4.0,1.0,2.0,3.0,1.0,2.0,1.0,1.0,3.0,5.0,4.0,2.0,6.0,1.0,1.0,1.0,1.0,1.0,1.0,2.0,3.0,1.0,3.0,3.0,16.0,512.0,1.0,4.0,2.0,1.0,1.0,1.0,1.0,128.0,32.0,1.0,1.0,4.0,5.0,5.0,6.0,1.0,5.0,2.0,3.0,4.0,6.0,3.0,4.0,2.0,5.0,6.0,4.0,5.0,32.0,32.0,1.0,256.0,1536.0,1.0,1.0,1.0,1.0,10.0,80.0,1.0,536739849.0,107706240.0,19512200.0,0.20383099999999998,46.0,10.0,280.0,5.781023099395776e+16,45.5111,33.03181111111111,10.0,280.0
4096.0,32000000.0,256.0,64.0,1.0,38.0,28.0,30.0,4.0,2.0,3.0,2.0,4.0,1.0,3.0,4.0,3.0,5.0,3.0,3.0,4.0,6.0,1.0,4.0,6.0,1.0,6.0,5.0,6.0,6.0,5.0,6.0,128.0,64.0,1.0,512.0,64.0,1.0,1.0,1.0,1.0,8.0,64.0,1.0,5.0,1.0,6.0,4.0,2.0,3.0,6.0,3.0,4.0,2.0,4.0,4.0,6.0,6.0,2.0,3.0,4.0,1.0,128.0,32.0,1.0,32.0,2.0,1.0,1.0,1.0,1.0,5.0,32.0,1.0,817037321.0,145388900.0,12739400.0,0.134783,30.0,10.0,184.0,1.187881573591369e+17,29.8978,23.205244444444443,10.0,184.0
2048000.0,1024000.0,256.0,64.0,3.0,32.0,6.0,46.0,3.0,1.0,3.0,5.0,5.0,3.0,1.0,2.0,6.0,4.0,2.0,1.0,4.0,3.0,3.0,4.0,5.0,1.0,1.0,6.0,6.0,5.0,5.0,5.0,128.0,16.0,1.0,4.0,32.0,1.0,1.0,1.0,1.0,128.0,8.0,1.0,2.0,2.0,3.0,2.0,5.0,4.0,2.0,2.0,5.0,5.0,3.0,1.0,4.0,3.0,5.0,6.0,1.0,4.0,256.0,2.0,1.0,8.0,128.0,1.0,1.0,1.0,1.0,20.0,1.0,1.0,945303936.0,33542856.0,43148800000.0,72.49084444444446,8832.0,10.0,311296.0,3.1708193801481216e+16,24.88888888888889,0.328704,10.0,194787.55555555556
4096.0,512000.0,256.0,64.0,3.0,4.0,28.0,8.0,2.0,3.0,2.0,4.0,6.0,3.0,5.0,3.0,4.0,4.0,3.0,6.0,2.0,4.0,1.0,3.0,1.0,2.0,6.0,2.0,3.0,5.0,6.0,4.0,4096.0,4.0,1.0,256.0,256.0,1.0,1.0,1.0,1.0,8.0,16.0,1.0,2.0,3.0,3.0,3.0,3.0,6.0,4.0,1.0,3.0,1.0,6.0,1.0,2.0,4.0,5.0,3.0,4.0,3.0,256.0,4096.0,1.0,96.0,12.0,1.0,1.0,1.0,1.0,40.0,2.0,1.0,436729728.0,34267565.0,754673000.0,9.755216666666668,896.0,10.0,2236416.0,1.496566434167232e+16,73.77777777777777,1.1935777777777778,10.0,1617180.4444444445
256.0,128000.0,256.0,64.0,3.0,12.0,44.0,10.0,6.0,4.0,3.0,3.0,4.0,4.0,6.0,4.0,6.0,6.0,4.0,4.0,6.0,2.0,5.0,4.0,3.0,6.0,6.0,1.0,5.0,5.0,3.0,1.0,64.0,2048.0,1.0,2.0,64.0,1.0,1.0,1.0,1.0,1.0,128.0,1.0,6.0,4.0,6.0,5.0,6.0,5.0,6.0,4.0,4.0,4.0,1.0,5.0,1.0,4.0,4.0,5.0,3.0,6.0,4.0,512.0,1.0,24.0,8.0,1.0,1.0,1.0,1.0,8.0,8.0,1.0,909551232.0,43665541.8,16238500000.0,37.66071111111111,5280.0,10.0,1589248.0,3.9716047340137496e+16,41.77777777777778,1.8737,10.0,852181.3333333334
256.0,4096000.0,256.0,64.0,3.0,10.0,38.0,18.0,2.0,4.0,4.0,6.0,3.0,1.0,5.0,4.0,2.0,4.0,3.0,4.0,3.0,4.0,2.0,6.0,4.0,4.0,4.0,5.0,3.0,2.0,1.0,3.0,16.0,2048.0,1.0,256.0,16.0,1.0,1.0,1.0,1.0,16.0,1.0,1.0,1.0,2.0,2.0,4.0,3.0,2.0,3.0,2.0,2.0,1.0,3.0,1.0,5.0,2.0,5.0,6.0,3.0,3.0,8.0,64.0,1.0,4.0,24.0,1.0,1.0,1.0,1.0,5.0,80.0,1.0,877778414.0,37582013.6,26473600000.0,52.27835555555556,6840.0,10.0,1638400.0,3.298868029273443e+16,70.22222222222223,0.9763166666666666,10.0,761173.3333333334
4096.0,32000.0,256.0,64.0,3.0,18.0,8.0,22.0,1.0,1.0,1.0,3.0,4.0,3.0,1.0,3.0,2.0,1.0,4.0,2.0,6.0,4.0,2.0,1.0,5.0,4.0,5.0,6.0,1.0,4.0,2.0,3.0,1024.0,512.0,1.0,1024.0,256.0,1.0,1.0,1.0,1.0,2.0,2.0,1.0,2.0,1.0,2.0,6.0,6.0,4.0,4.0,6.0,1.0,6.0,2.0,2.0,5.0,3.0,1.0,5.0,4.0,3.0,64.0,4.0,1.0,2.0,1.0,1.0,1.0,1.0,1.0,1.0,8.0,1.0,9978028079.0,45102033.3,6333810000.0,21.134077777777776,3168.0,10.0,2105344.0,4.50029354687393e+17,2.6666666666666665,0.24843333333333334,10.0,936437.3333333334
8192.0,16000000.0,256.0,64.0,3.0,6.0,8.0,10.0,6.0,5.0,3.0,4.0,6.0,5.0,1.0,2.0,3.0,1.0,1.0,4.0,3.0,6.0,1.0,2.0,3.0,5.0,2.0,6.0,4.0,5.0,2.0,2.0,256.0,2048.0,1.0,512.0,1024.0,1.0,1.0,1.0,1.0,128.0,128.0,1.0,6.0,4.0,1.0,4.0,5.0,1.0,1.0,2.0,2.0,6.0,2.0,2.0,2.0,1.0,4.0,4.0,4.0,3.0,1024.0,4096.0,1.0,12.0,8.0,1.0,1.0,1.0,1.0,32.0,64.0,1.0,3574758464.0,38589205.4,303760000.0,18.22088888888889,480.0,10.0,9699328.0,1.379470886226845e+17,13.196577777777778,0.23133666666666666,10.0,4657550.222222222
8192.0,1024000.0,256.0,64.0,2.0,18.0,8.0,46.0,2.0,5.0,5.0,2.0,1.0,2.0,3.0,6.0,4.0,1.0,5.0,1.0,2.0,1.0,4.0,3.0,3.0,3.0,6.0,6.0,6.0,3.0,4.0,5.0,256.0,1.0,1.0,4.0,8.0,1.0,1.0,1.0,1.0,1.0,1.0,1.0,3.0,3.0,3.0,1.0,1.0,3.0,3.0,5.0,2.0,1.0,2.0,1.0,1.0,3.0,1.0,2.0,6.0,4.0,64.0,2.0,1.0,512.0,96.0,1.0,1.0,1.0,1.0,2.0,320.0,1.0,3127115815.0,103892930.0,211280000.0,1.6455566666666666,368.0,10.0,6152.0,3.2488522446968794e+17,8.0,5.376976666666667,10.0,3504.8888888888887
128.0,16000.0,256.0,64.0,3.0,16.0,12.0,18.0,3.0,3.0,6.0,2.0,5.0,5.0,1.0,5.0,5.0,4.0,4.0,5.0,2.0,3.0,2.0,5.0,3.0,5.0,5.0,3.0,6.0,2.0,4.0,4.0,4.0,8.0,1.0,16.0,2.0,1.0,1.0,1.0,1.0,2.0,64.0,1.0,4.0,5.0,3.0,3.0,6.0,6.0,5.0,4.0,2.0,4.0,1.0,3.0,2.0,3.0,6.0,2.0,1.0,4.0,1024.0,64.0,1.0,96.0,6.0,1.0,1.0,1.0,1.0,16.0,8.0,1.0,24703193292.0,37167911.0,7416550000.0,20.417111111111108,3456.0,10.0,232448.0,9.18166089692853e+17,1.0,0.05900077777777779,10.0,130616.88888888889
32000.0,256000.0,256.0,64.0,2.0,40.0,4.0,10.0,4.0,5.0,5.0,3.0,1.0,6.0,4.0,6.0,2.0,5.0,4.0,1.0,1.0,4.0,4.0,1.0,6.0,6.0,5.0,4.0,6.0,3.0,2.0,5.0,8.0,32.0,1.0,1.0,2048.0,1.0,1.0,1.0,1.0,64.0,1.0,1.0,6.0,1.0,2.0,5.0,2.0,5.0,5.0,6.0,6.0,4.0,1.0,5.0,4.0,4.0,1.0,6.0,4.0,6.0,512.0,512.0,1.0,512.0,1.0,1.0,1.0,1.0,1.0,5.0,32.0,1.0,24703926336.0,147153020.0,16942500.0,0.18894455555555553,40.0,10.0,6154.0,3.635257366199935e+18,1.0,0.977544888888889,10.0,3442.0
256.0,4096000.0,256.0,64.0,2.0,28.0,18.0,46.0,5.0,1.0,1.0,1.0,2.0,4.0,4.0,6.0,2.0,5.0,3.0,3.0,4.0,4.0,3.0,6.0,3.0,2.0,3.0,6.0,6.0,4.0,6.0,1.0,32.0,4096.0,1.0,512.0,2.0,1.0,1.0,1.0,1.0,32.0,8.0,1.0,3.0,3.0,3.0,6.0,2.0,2.0,2.0,5.0,4.0,2.0,6.0,4.0,4.0,4.0,1.0,1.0,1.0,4.0,2048.0,1024.0,1.0,384.0,1024.0,1.0,1.0,1.0,1.0,1.0,5.0,1.0,5302161916.0,35018579.0,668876000.0,9.916173333333333,828.0,10.0,3163648.0,1.8567417592623738e+17,9.333333333333334,0.9009011111111112,10.0,1762716.4444444445
2048000.0,128000.0,256.0,64.0,1.0,36.0,42.0,44.0,2.0,2.0,4.0,3.0,4.0,4.0,4.0,4.0,6.0,1.0,1.0,3.0,4.0,1.0,2.0,3.0,6.0,4.0,5.0,5.0,6.0,3.0,6.0,4.0,1024.0,8.0,1.0,2.0,256.0,1.0,1.0,1.0,1.0,32.0,4.0,1.0,3.0,6.0,2.0,2.0,6.0,3.0,2.0,1.0,1.0,2.0,6.0,1.0,2.0,5.0,4.0,4.0,2.0,4.0,2.0,4096.0,1.0,96.0,16.0,1.0,1.0,1.0,1.0,16.0,5.0,1.0,24427626505.0,303568100.0,18651300.0,0.194297,44.0,10.0,10.0,7.41544816563249e+18,1.0,1.2777111111111112,10.0,10.0
2048000.0,256000.0,256.0,64.0,3.0,22.0,2.0,38.0,1.0,2.0,5.0,3.0,4.0,2.0,1.0,4.0,1.0,4.0,6.0,3.0,4.0,6.0,1.0,6.0,5.0,1.0,4.0,5.0,5.0,5.0,4.0,5.0,1024.0,16.0,1.0,2048.0,2.0,1.0,1.0,1.0,1.0,8.0,2.0,1.0,5.0,6.0,3.0,5.0,2.0,3.0,3.0,5.0,6.0,2.0,6.0,6.0,3.0,6.0,1.0,1.0,3.0,3.0,1024.0,8.0,1.0,3072.0,128.0,1.0,1.0,1.0,1.0,10.0,64.0,1.0,8768342132.0,34330768.0,2069100000.0,27.926022222222223,1672.0,10.0,6815744.0,3.010239194783174e+17,3.2222222222222223,0.034722222222222224,10.0,5672504.888888889
1024.0,256000.0,256.0,64.0,3.0,32.0,8.0,46.0,1.0,5.0,4.0,3.0,4.0,3.0,6.0,1.0,1.0,4.0,6.0,1.0,6.0,3.0,1.0,1.0,5.0,1.0,5.0,6.0,3.0,6.0,2.0,6.0,2.0,2.0,1.0,16.0,32.0,1.0,1.0,1.0,1.0,1.0,4.0,1.0,2.0,6.0,1.0,5.0,6.0,2.0,4.0,5.0,3.0,3.0,1.0,5.0,3.0,5.0,3.0,5.0,2.0,1.0,8.0,32.0,1.0,4.0,12.0,1.0,1.0,1.0,1.0,4.0,20.0,1.0,770982179.0,51286750.0,75198700000.0,111.04355555555556,11776.0,10.0,41216.0,3.954117026882825e+16,32.0,7.899811111111112,10.0,28366.222222222223
8192.0,4096000.0,256.0,64.0,1.0,18.0,6.0,8.0,4.0,3.0,1.0,1.0,6.0,5.0,1.0,5.0,6.0,3.0,3.0,4.0,3.0,5.0,1.0,5.0,4.0,1.0,6.0,4.0,6.0,2.0,6.0,1.0,4096.0,256.0,1.0,2048.0,64.0,1.0,1.0,1.0,1.0,2.0,1.0,1.0,6.0,1.0,4.0,3.0,1.0,2.0,5.0,2.0,6.0,6.0,4.0,1.0,3.0,2.0,5.0,6.0,4.0,6.0,4096.0,64.0,1.0,12.0,256.0,1.0,1.0,1.0,1.0,8.0,160.0,1.0,24427626505.0,209657100.0,3852790.0,0.0403688,8.0,10.0,10.0,5.121425332921435e+18,1.0,1.0000888888888888,10.0,10.0
512000.0,8192000.0,256.0,64.0,2.0,30.0,14.0,6.0,2.0,3.0,3.0,3.0,4.0,6.0,1.0,3.0,4.0,4.0,6.0,6.0,2.0,1.0,3.0,5.0,1.0,4.0,4.0,6.0,6.0,3.0,2.0,2.0,2.0,4096.0,1.0,1.0,2.0,1.0,1.0,1.0,1.0,1.0,1.0,1.0,3.0,3.0,3.0,2.0,5.0,2.0,6.0,3.0,3.0,3.0,1.0,2.0,2.0,1.0,4.0,3.0,1.0,6.0,128.0,128.0,1.0,192.0,3072.0,1.0,1.0,1.0,1.0,8.0,320.0,1.0,25501471224.0,52637130.0,36649000.0,0.4710105555555555,84.0,10.0,54272.0,1.3423242560089472e+18,1.0,0.18383805555555555,10.0,30158.222222222223
64000.0,1024000.0,256.0,64.0,2.0,26.0,44.0,24.0,1.0,6.0,2.0,3.0,4.0,1.0,2.0,6.0,3.0,6.0,1.0,4.0,2.0,2.0,4.0,1.0,1.0,2.0,2.0,4.0,6.0,6.0,1.0,2.0,4096.0,2.0,1.0,32.0,64.0,1.0,1.0,1.0,1.0,1.0,32.0,1.0,2.0,1.0,4.0,2.0,4.0,2.0,3.0,1.0,4.0,1.0,6.0,2.0,4.0,1.0,6.0,6.0,2.0,2.0,16.0,32.0,1.0,2.0,3072.0,1.0,1.0,1.0,1.0,20.0,8.0,1.0,595810382.0,48051520.0,975133000.0,5.020463333333333,1056.0,10.0,11272.0,2.862959448688064e+16,38.60316666666667,8.612105555555557,10.0,7498.666666666667
2048.0,16000000.0,256.0,64.0,1.0,48.0,20.0,36.0,5.0,5.0,4.0,4.0,1.0,3.0,6.0,4.0,5.0,1.0,2.0,4.0,2.0,5.0,4.0,1.0,5.0,2.0,2.0,3.0,2.0,1.0,3.0,6.0,4.0,32.0,1.0,32.0,64.0,1.0,1.0,1.0,1.0,1.0,128.0,1.0,2.0,1.0,2.0,6.0,6.0,3.0,6.0,5.0,3.0,2.0,4.0,1.0,4.0,6.0,2.0,1.0,6.0,4.0,256.0,8.0,1.0,8.0,1024.0,1.0,1.0,1.0,1.0,10.0,40.0,1.0,679870473.0,155554220.0,15248700.0,0.16065000000000002,36.0,10.0,220.0,1.0575672112854606e+17,35.9298,36.11365555555555,10.0,220.0
512.0,512000.0,256.0,64.0,1.0,48.0,34.0,36.0,1.0,1.0,4.0,2.0,4.0,3.0,5.0,1.0,4.0,1.0,4.0,6.0,2.0,1.0,1.0,1.0,3.0,5.0,5.0,5.0,2.0,1.0,5.0,4.0,2048.0,1024.0,1.0,256.0,4.0,1.0,1.0,1.0,1.0,2.0,2.0,1.0,6.0,5.0,3.0,5.0,3.0,5.0,4.0,6.0,1.0,5.0,2.0,3.0,1.0,4.0,4.0,2.0,2.0,5.0,2048.0,2048.0,1.0,768.0,1536.0,1.0,1.0,1.0,1.0,32.0,20.0,1.0,24427626505.0,303568100.0,15248600.0,0.159925,36.0,10.0,10.0,7.41544816563249e+18,1.0,1.2777111111111112,10.0,10.0
32000.0,1024000.0,256.0,64.0,1.0,28.0,40.0,48.0,5.0,3.0,3.0,1.0,4.0,5.0,3.0,3.0,5.0,2.0,5.0,1.0,3.0,4.0,2.0,3.0,2.0,3.0,5.0,2.0,5.0,1.0,4.0,4.0,32.0,4.0,1.0,64.0,4.0,1.0,1.0,1.0,1.0,64.0,8.0,1.0,4.0,1.0,5.0,6.0,6.0,4.0,5.0,6.0,1.0,5.0,5.0,1.0,3.0,3.0,2.0,6.0,2.0,5.0,1.0,2.0,1.0,256.0,6.0,1.0,1.0,1.0,1.0,160.0,2.0,1.0,512884745.0,107294260.0,20377200.0,0.212477,48.0,10.0,292.0,5.50295891800637e+16,47.6279,34.241311111111116,10.0,292.0
16000.0,32000000.0,256.0,64.0,2.0,48.0,2.0,46.0,5.0,3.0,1.0,6.0,3.0,5.0,1.0,2.0,3.0,4.0,2.0,6.0,5.0,4.0,3.0,6.0,6.0,5.0,2.0,2.0,6.0,1.0,3.0,4.0,1.0,1024.0,1.0,128.0,8.0,1.0,1.0,1.0,1.0,16.0,16.0,1.0,6.0,5.0,1.0,2.0,3.0,4.0,1.0,5.0,3.0,2.0,5.0,5.0,3.0,2.0,4.0,4.0,1.0,3.0,8.0,256.0,1.0,1.0,1.0,1.0,1.0,1.0,1.0,160.0,4.0,1.0,3737124873.0,165693850.0,40437600.0,0.4028882222222222,92.0,10.0,592.0,6.192186081381311e+17,9.777777777777779,8.879944444444444,10.0,352.0
4096.0,32000.0,256.0,64.0,1.0,20.0,46.0,6.0,1.0,3.0,4.0,1.0,5.0,4.0,2.0,3.0,6.0,3.0,4.0,2.0,1.0,6.0,3.0,4.0,3.0,3.0,5.0,5.0,4.0,3.0,3.0,5.0,128.0,4.0,1.0,16.0,4.0,1.0,1.0,1.0,1.0,32.0,128.0,1.0,6.0,1.0,1.0,5.0,2.0,2.0,1.0,6.0,2.0,4.0,1.0,1.0,5.0,2.0,6.0,6.0,5.0,3.0,1.0,8.0,1.0,12.0,1536.0,1.0,1.0,1.0,1.0,1.0,10.0,1.0,24427626505.0,209657100.0,3069380.0,0.0318497,6.0,10.0,10.0,5.121425332921435e+18,1.0,1.0000888888888888,10.0,10.0
512000.0,4096000.0,256.0,64.0,1.0,34.0,18.0,16.0,6.0,4.0,1.0,4.0,2.0,5.0,4.0,1.0,2.0,3.0,5.0,1.0,1.0,6.0,1.0,6.0,6.0,1.0,2.0,1.0,6.0,1.0,4.0,2.0,256.0,2.0,1.0,32.0,64.0,1.0,1.0,1.0,1.0,64.0,2.0,1.0,2.0,5.0,6.0,4.0,6.0,2.0,2.0,6.0,5.0,3.0,3.0,3.0,6.0,2.0,6.0,4.0,1.0,1.0,2.0,2.0,1.0,384.0,256.0,1.0,1.0,1.0,1.0,64.0,32.0,1.0,1526726665.0,111618760.0,7027220.0,0.0747559,16.0,10.0,100.0,1.704113372062354e+17,16.0,11.5015,10.0,100.0
256.0,8192000.0,256.0,64.0,1.0,4.0,38.0,18.0,2.0,5.0,3.0,5.0,6.0,4.0,1.0,4.0,4.0,6.0,4.0,5.0,3.0,3.0,3.0,6.0,6.0,2.0,6.0,4.0,2.0,1.0,1.0,4.0,1.0,1.0,1.0,512.0,1.0,1.0,1.0,1.0,1.0,2.0,64.0,1.0,3.0,4.0,5.0,1.0,2.0,3.0,4.0,1.0,6.0,5.0,3.0,6.0,5.0,5.0,1.0,4.0,5.0,4.0,128.0,128.0,1.0,48.0,1024.0,1.0,1.0,1.0,1.0,64.0,10.0,1.0,24427626505.0,256309600.0,7831000.0,0.0829646,18.0,10.0,10.0,6.261035178445948e+18,1.0,1.0,10.0,10.0
64000.0,32000.0,256.0,64.0,1.0,8.0,10.0,42.0,5.0,5.0,3.0,6.0,1.0,6.0,5.0,1.0,3.0,6.0,4.0,1.0,6.0,1.0,4.0,2.0,4.0,4.0,4.0,3.0,1.0,2.0,5.0,4.0,2048.0,4096.0,1.0,64.0,4.0,1.0,1.0,1.0,1.0,4.0,8.0,1.0,5.0,2.0,1.0,5.0,4.0,6.0,5.0,5.0,6.0,4.0,6.0,1.0,6.0,4.0,6.0,1.0,2.0,6.0,1024.0,512.0,1.0,24.0,32.0,1.0,1.0,1.0,1.0,32.0,1.0,1.0,637534217.0,219407560.0,17794600.0,0.186831,42.0,10.0,338.0,1.3987982696848051e+17,36.44444444444444,36.44448888888889,10.0,338.0
512000.0,64000.0,256.0,64.0,3.0,14.0,48.0,12.0,3.0,3.0,2.0,6.0,1.0,1.0,6.0,2.0,1.0,3.0,2.0,6.0,4.0,1.0,5.0,3.0,2.0,2.0,5.0,2.0,2.0,1.0,6.0,1.0,512.0,16.0,1.0,16.0,16.0,1.0,1.0,1.0,1.0,2.0,8.0,1.0,5.0,5.0,4.0,4.0,6.0,2.0,3.0,4.0,6.0,2.0,1.0,5.0,6.0,5.0,1.0,3.0,3.0,2.0,4096.0,2048.0,1.0,128.0,12.0,1.0,1.0,1.0,1.0,20.0,1.0,1.0,116635808.0,32765861.0,36241000000.0,69.61084444444445,8064.0,10.0,3414016.0,3821672672550688.0,1016.8888888888889,13.063662777777777,10.0,1956522.6666666667
32000.0,512000.0,256.0,64.0,3.0,8.0,12.0,48.0,2.0,5.0,2.0,3.0,3.0,6.0,5.0,3.0,6.0,2.0,2.0,5.0,3.0,3.0,5.0,5.0,1.0,3.0,6.0,2.0,5.0,4.0,2.0,6.0,1.0,128.0,1.0,8.0,4.0,1.0,1.0,1.0,1.0,16.0,1.0,1.0,5.0,1.0,2.0,3.0,3.0,3.0,4.0,4.0,2.0,3.0,5.0,5.0,6.0,4.0,3.0,5.0,3.0,6.0,1024.0,128.0,1.0,12.0,512.0,1.0,1.0,1.0,1.0,5.0,32.0,1.0,3242304576.0,37044073.0,12593800000.0,31.153744444444445,4608.0,10.0,1146880.0,1.2010816740157805e+17,18.38888888888889,0.44677733333333325,10.0,640000.0
1024.0,256000.0,256.0,64.0,1.0,18.0,30.0,6.0,4.0,1.0,3.0,6.0,4.0,1.0,1.0,5.0,3.0,5.0,2.0,5.0,3.0,6.0,3.0,3.0,6.0,3.0,6.0,4.0,6.0,6.0,1.0,2.0,1024.0,1.0,1.0,2.0,512.0,1.0,1.0,1.0,1.0,1.0,4.0,1.0,6.0,2.0,2.0,6.0,4.0,3.0,5.0,6.0,4.0,3.0,4.0,4.0,3.0,5.0,2.0,3.0,1.0,1.0,1024.0,64.0,1.0,768.0,384.0,1.0,1.0,1.0,1.0,80.0,40.0,1.0,4135583753.0,238740160.0,3069380.0,0.0319877,6.0,10.0,50.0,9.873299268846205e+17,5.878041111111111,5.888333333333334,10.0,50.0
256.0,8192000.0,256.0,64.0,3.0,6.0,28.0,2.0,3.0,4.0,6.0,6.0,4.0,1.0,3.0,2.0,5.0,3.0,6.0,6.0,5.0,2.0,6.0,2.0,5.0,6.0,5.0,5.0,2.0,3.0,3.0,5.0,8.0,32.0,1.0,4.0,256.0,1.0,1.0,1.0,1.0,16.0,1.0,1.0,3.0,6.0,2.0,1.0,5.0,5.0,2.0,3.0,6.0,6.0,5.0,6.0,6.0,3.0,4.0,6.0,3.0,1.0,2.0,4.0,1.0,1024.0,24.0,1.0,1.0,1.0,1.0,4.0,320.0,1.0,658338033.0,55604136.0,187561000.0,2.8031944444444443,336.0,10.0,666112.0,3.660631752090449e+16,36.740722222222225,7.737164444444444,10.0,381440.0
256.0,32000000.0,256.0,64.0,1.0,10.0,46.0,18.0,3.0,3.0,2.0,5.0,3.0,2.0,2.0,4.0,3.0,4.0,6.0,2.0,3.0,5.0,6.0,6.0,6.0,1.0,5.0,1.0,2.0,5.0,4.0,5.0,2048.0,4.0,1.0,2048.0,32.0,1.0,1.0,1.0,1.0,16.0,32.0,1.0,6.0,6.0,2.0,6.0,3.0,5.0,2.0,5.0,6.0,1.0,3.0,1.0,6.0,1.0,2.0,4.0,4.0,5.0,4.0,1024.0,1.0,384.0,96.0,1.0,1.0,1.0,1.0,20.0,16.0,1.0,1400897545.0,146071060.0,7831020.0,0.0834338,18.0,10.0,146.0,2.046305893495477e+17,16.98766666666667,16.987711111111114,10.0,146.0
64000.0,32000.0,256.0,64.0,1.0,40.0,44.0,16.0,2.0,2.0,1.0,4.0,4.0,2.0,5.0,3.0,1.0,5.0,2.0,1.0,1.0,3.0,2.0,5.0,3.0,6.0,4.0,1.0,6.0,1.0,6.0,1.0,1024.0,16.0,1.0,128.0,64.0,1.0,1.0,1.0,1.0,8.0,32.0,1.0,3.0,4.0,2.0,2.0,6.0,2.0,5.0,3.0,4.0,3.0,2.0,6.0,6.0,2.0,2.0,1.0,5.0,6.0,512.0,1024.0,1.0,1024.0,6.0,1.0,1.0,1.0,1.0,1.0,160.0,1.0,1526726665.0,242808500.0,7027220.0,0.07485939999999999,16.0,10.0,130.0,3.707022114386525e+17,16.0,16.000044444444445,10.0,130.0
256.0,8192000.0,256.0,64.0,3.0,18.0,28.0,34.0,5.0,5.0,2.0,2.0,3.0,5.0,3.0,6.0,5.0,6.0,2.0,2.0,4.0,5.0,5.0,1.0,5.0,4.0,1.0,1.0,2.0,6.0,5.0,1.0,1024.0,8.0,1.0,1024.0,1024.0,1.0,1.0,1.0,1.0,8.0,64.0,1.0,5.0,4.0,2.0,6.0,6.0,2.0,1.0,5.0,6.0,5.0,2.0,5.0,4.0,3.0,4.0,5.0,4.0,3.0,16.0,512.0,1.0,1536.0,1536.0,1.0,1.0,1.0,1.0,32.0,10.0,1.0,3590558708.0,33771424.6,156234000000.0,240.35788888888888,17136.0,10.0,12943360.0,1.2125828267909542e+17,6.222222222222222,0.05555555555555555,10.0,11210296.888888888
128000.0,8192000.0,256.0,64.0,2.0,32.0,30.0,40.0,4.0,1.0,6.0,6.0,4.0,1.0,4.0,4.0,3.0,6.0,6.0,5.0,5.0,3.0,5.0,1.0,1.0,1.0,6.0,5.0,4.0,2.0,5.0,1.0,8.0,1024.0,1.0,16.0,32.0,1.0,1.0,1.0,1.0,16.0,4.0,1.0,6.0,2.0,1.0,1.0,3.0,3.0,4.0,5.0,3.0,5.0,4.0,3.0,5.0,3.0,1.0,5.0,5.0,6.0,4096.0,2048.0,1.0,3072.0,256.0,1.0,1.0,1.0,1.0,16.0,40.0,1.0,4672467940.0,39076808.0,1196180000.0,7.902347777777778,1200.0,10.0,1122304.0,1.8258513257753552e+17,5.333333333333333,0.27271522222222216,10.0,623701.3333333334
2048.0,4096000.0,256.0,64.0,3.0,4.0,2.0,30.0,3.0,2.0,3.0,2.0,6.0,4.0,4.0,3.0,1.0,3.0,2.0,4.0,4.0,3.0,6.0,2.0,5.0,6.0,1.0,2.0,6.0,1.0,5.0,4.0,128.0,4.0,1.0,4.0,128.0,1.0,1.0,1.0,1.0,2.0,16.0,1.0,6.0,3.0,3.0,1.0,5.0,1.0,2.0,5.0,5.0,2.0,5.0,6.0,3.0,4.0,1.0,4.0,5.0,6.0,4.0,256.0,1.0,128.0,1536.0,1.0,1.0,1.0,1.0,10.0,20.0,1.0,6245088644.0,33103959.0,122483000.0,2.7614211111111113,240.0,10.0,858112.0,2.067371584223416e+17,4.0,0.034830755555555565,10.0,494933.3333333333
1024000.0,8192000.0,256.0,64.0,2.0,26.0,4.0,22.0,6.0,4.0,6.0,2.0,3.0,3.0,1.0,4.0,5.0,1.0,5.0,4.0,3.0,6.0,5.0,4.0,4.0,1.0,4.0,2.0,3.0,5.0,4.0,3.0,512.0,128.0,1.0,256.0,1.0,1.0,1.0,1.0,1.0,64.0,16.0,1.0,4.0,4.0,1.0,4.0,5.0,3.0,5.0,3.0,6.0,3.0,5.0,3.0,6.0,5.0,2.0,4.0,4.0,3.0,1024.0,2048.0,1.0,8.0,512.0,1.0,1.0,1.0,1.0,5.0,4.0,1.0,6107585608.0,64579190.0,38542500.0,0.5995922222222222,88.0,10.0,98368.0,3.9442293142029754e+17,4.0,2.1292716666666665,10.0,62400.0
256.0,8192000.0,256.0,64.0,1.0,22.0,24.0,46.0,4.0,6.0,6.0,3.0,1.0,5.0,4.0,3.0,1.0,5.0,5.0,1.0,5.0,6.0,6.0,1.0,3.0,3.0,4.0,1.0,5.0,4.0,4.0,1.0,1024.0,2048.0,1.0,4.0,64.0,1.0,1.0,1.0,1.0,64.0,2.0,1.0,6.0,1.0,6.0,3.0,1.0,3.0,3.0,5.0,6.0,1.0,3.0,2.0,1.0,6.0,6.0,1.0,5.0,3.0,2.0,512.0,1.0,384.0,96.0,1.0,1.0,1.0,1.0,320.0,4.0,1.0,533463049.0,154915520.0,19512200.0,0.20383099999999998,46.0,10.0,280.0,8.264170563662048e+16,45.69976666666667,45.69976666666667,10.0,280.0
4096.0,256000.0,256.0,64.0,1.0,16.0,32.0,18.0,3.0,1.0,1.0,6.0,6.0,3.0,5.0,2.0,1.0,5.0,1.0,3.0,3.0,3.0,2.0,6.0,3.0,4.0,2.0,2.0,6.0,4.0,2.0,5.0,2048.0,256.0,1.0,2048.0,16.0,1.0,1.0,1.0,1.0,32.0,1.0,1.0,3.0,6.0,6.0,5.0,2.0,6.0,6.0,1.0,5.0,4.0,2.0,6.0,4.0,5.0,2.0,6.0,2.0,6.0,32.0,128.0,1.0,128.0,2.0,1.0,1.0,1.0,1.0,80.0,40.0,1.0,1400897545.0,239971800.0,7831020.0,0.0834338,18.0,10.0,146.0,3.36175905489231e+17,16.98766666666667,17.26547777777778,10.0,146.0
128.0,16000.0,256.0,64.0,2.0,40.0,20.0,2.0,1.0,5.0,6.0,4.0,3.0,1.0,2.0,3.0,3.0,5.0,2.0,5.0,5.0,3.0,3.0,4.0,3.0,4.0,2.0,6.0,5.0,3.0,6.0,1.0,16.0,2048.0,1.0,1.0,512.0,1.0,1.0,1.0,1.0,16.0,4.0,1.0,6.0,5.0,6.0,2.0,3.0,5.0,2.0,5.0,3.0,5.0,3.0,5.0,3.0,1.0,2.0,3.0,1.0,5.0,8.0,16.0,1.0,12.0,1.0,1.0,1.0,1.0,1.0,1.0,40.0,1.0,25753026569.0,187425940.0,16941900.0,0.1774267777777778,40.0,10.0,168.0,4.8267852125398e+18,1.0,0.8933635555555556,10.0,103.55555555555556
2048.0,32000000.0,256.0,64.0,3.0,20.0,34.0,20.0,1.0,6.0,3.0,1.0,4.0,4.0,5.0,5.0,1.0,3.0,6.0,3.0,3.0,6.0,2.0,6.0,4.0,3.0,6.0,4.0,4.0,5.0,6.0,1.0,256.0,4096.0,1.0,128.0,1024.0,1.0,1.0,1.0,1.0,4.0,1.0,1.0,3.0,4.0,6.0,3.0,3.0,5.0,6.0,6.0,2.0,4.0,2.0,4.0,5.0,3.0,2.0,1.0,3.0,2.0,8.0,32.0,1.0,1024.0,1024.0,1.0,1.0,1.0,1.0,32.0,10.0,1.0,8858866324.0,34264590.8,99489500000.0,165.41722222222222,13600.0,10.0,16818176.0,3.035454295437602e+17,2.5555555555555554,0.03602433333333333,10.0,7657927.111111111
8192.0,512000.0,256.0,64.0,1.0,8.0,18.0,36.0,2.0,2.0,3.0,1.0,2.0,6.0,5.0,5.0,1.0,4.0,5.0,4.0,1.0,6.0,3.0,4.0,5.0,6.0,3.0,2.0,5.0,3.0,1.0,1.0,2048.0,64.0,1.0,1.0,2048.0,1.0,1.0,1.0,1.0,8.0,32.0,1.0,5.0,2.0,4.0,6.0,2.0,1.0,1.0,5.0,3.0,3.0,4.0,6.0,5.0,6.0,2.0,6.0,3.0,4.0,1.0,32.0,1.0,128.0,32.0,1.0,1.0,1.0,1.0,16.0,20.0,1.0,24427626505.0,293707780.0,15248600.0,0.159925,36.0,10.0,10.0,7.174583951452709e+18,1.0,1.2777111111111112,10.0,10.0
512.0,256000.0,256.0,64.0,3.0,34.0,2.0,26.0,4.0,2.0,6.0,5.0,3.0,2.0,5.0,4.0,5.0,2.0,1.0,4.0,2.0,2.0,3.0,6.0,1.0,6.0,4.0,1.0,6.0,6.0,1.0,3.0,2048.0,2.0,1.0,32.0,1.0,1.0,1.0,1.0,1.0,2.0,64.0,1.0,6.0,5.0,6.0,2.0,2.0,6.0,6.0,2.0,3.0,2.0,2.0,5.0,4.0,6.0,3.0,2.0,5.0,2.0,64.0,2048.0,1.0,6.0,192.0,1.0,1.0,1.0,1.0,20.0,320.0,1.0,2083809152.0,32826393.0,2273840000.0,13.773955555555554,1768.0,10.0,2220032.0,6.840393816054874e+16,25.481499999999997,0.059027777777777776,10.0,1409934.2222222222
128000.0,4096000.0,256.0,64.0,3.0,4.0,12.0,34.0,1.0,1.0,6.0,2.0,3.0,5.0,5.0,5.0,6.0,3.0,3.0,5.0,2.0,1.0,2.0,1.0,2.0,3.0,2.0,2.0,6.0,4.0,4.0,4.0,2.0,128.0,1.0,4.0,2.0,1.0,1.0,1.0,1.0,16.0,4.0,1.0,2.0,6.0,4.0,6.0,6.0,2.0,4.0,3.0,2.0,6.0,2.0,3.0,2.0,4.0,3.0,4.0,3.0,5.0,128.0,2048.0,1.0,4.0,64.0,1.0,1.0,1.0,1.0,4.0,2.0,1.0,24716365000.0,49838750.0,1985690000.0,8.670422222222223,1632.0,10.0,279040.0,1.23183273614375e+18,1.0,0.17333622222222222,10.0,157354.66666666666
64000.0,2048000.0,256.0,64.0,2.0,10.0,12.0,12.0,5.0,1.0,6.0,2.0,6.0,3.0,5.0,4.0,3.0,1.0,5.0,1.0,5.0,2.0,2.0,1.0,6.0,1.0,4.0,6.0,2.0,6.0,6.0,2.0,64.0,32.0,1.0,4.0,32.0,1.0,1.0,1.0,1.0,16.0,16.0,1.0,1.0,2.0,3.0,4.0,5.0,2.0,6.0,3.0,6.0,1.0,6.0,2.0,6.0,2.0,5.0,6.0,3.0,1.0,128.0,512.0,1.0,64.0,12.0,1.0,1.0,1.0,1.0,160.0,5.0,1.0,24432345145.0,45640570.0,66689600.0,0.6393772222222222,144.0,10.0,4472.0,1.1151061588545326e+18,1.0,0.147969,10.0,3110.222222222222
4096.0,2048000.0,256.0,64.0,1.0,8.0,34.0,32.0,1.0,3.0,6.0,5.0,5.0,6.0,4.0,6.0,2.0,5.0,4.0,4.0,1.0,6.0,3.0,3.0,4.0,4.0,1.0,1.0,5.0,3.0,2.0,4.0,512.0,4.0,1.0,2048.0,32.0,1.0,1.0,1.0,1.0,32.0,128.0,1.0,2.0,2.0,2.0,2.0,2.0,3.0,5.0,3.0,3.0,3.0,1.0,5.0,3.0,5.0,6.0,6.0,1.0,6.0,512.0,4096.0,1.0,32.0,4.0,1.0,1.0,1.0,1.0,40.0,8.0,1.0,24427626505.0,293701080.0,13571700.0,0.14276,32.0,10.0,10.0,7.174420286355125e+18,1.0,1.277817777777778,10.0,10.0
2048.0,16000.0,256.0,64.0,1.0,4.0,16.0,6.0,2.0,4.0,6.0,3.0,6.0,3.0,2.0,4.0,5.0,1.0,6.0,2.0,6.0,5.0,2.0,6.0,5.0,6.0,3.0,5.0,1.0,2.0,3.0,5.0,8.0,8.0,1.0,2.0,512.0,1.0,1.0,1.0,1.0,4.0,32.0,1.0,1.0,4.0,1.0,6.0,1.0,2.0,5.0,2.0,4.0,6.0,4.0,6.0,4.0,3.0,4.0,3.0,3.0,4.0,4.0,512.0,1.0,1536.0,4.0,1.0,1.0,1.0,1.0,5.0,1.0,1.0,24427626505.0,256622400.0,3069380.0,0.0318497,6.0,10.0,10.0,6.268676140016712e+18,1.0,1.0034711111111112,10.0,10.0
4096.0,128000.0,256.0,64.0,1.0,12.0,48.0,44.0,5.0,2.0,6.0,1.0,5.0,6.0,6.0,2.0,2.0,6.0,3.0,3.0,2.0,2.0,4.0,3.0,3.0,5.0,2.0,2.0,6.0,3.0,2.0,1.0,512.0,64.0,1.0,2.0,2048.0,1.0,1.0,1.0,1.0,128.0,16.0,1.0,1.0,1.0,6.0,1.0,3.0,3.0,5.0,1.0,4.0,4.0,4.0,6.0,4.0,4.0,1.0,6.0,3.0,1.0,16.0,64.0,1.0,1536.0,2.0,1.0,1.0,1.0,1.0,80.0,64.0,1.0,24427626505.0,199801580.0,18651300.0,0.194297,44.0,10.0,10.0,4.880678371348878e+18,1.0,1.0001955555555555,10.0,10.0
1024000.0,32000000.0,256.0,64.0,3.0,30.0,4.0,36.0,1.0,1.0,2.0,5.0,4.0,2.0,5.0,3.0,6.0,2.0,1.0,2.0,5.0,4.0,5.0,2.0,2.0,1.0,2.0,6.0,2.0,1.0,5.0,5.0,256.0,2048.0,1.0,32.0,8.0,1.0,1.0,1.0,1.0,64.0,8.0,1.0,4.0,5.0,1.0,3.0,2.0,4.0,6.0,3.0,4.0,3.0,3.0,2.0,5.0,4.0,6.0,4.0,2.0,1.0,512.0,2048.0,1.0,8.0,3072.0,1.0,1.0,1.0,1.0,10.0,64.0,1.0,6174403432.0,32512672.8,11174200000.0,58.007144444444435,4320.0,10.0,15859712.0,2.0074635851981306e+17,3.6666666666666665,0.0,10.0,9105863.111111112
2048000.0,8192000.0,256.0,64.0,3.0,2.0,26.0,46.0,5.0,6.0,3.0,5.0,2.0,5.0,4.0,3.0,4.0,3.0,3.0,6.0,4.0,4.0,2.0,3.0,5.0,4.0,3.0,1.0,1.0,4.0,1.0,4.0,128.0,512.0,1.0,4.0,2.0,1.0,1.0,1.0,1.0,128.0,128.0,1.0,3.0,6.0,4.0,2.0,5.0,1.0,3.0,4.0,6.0,5.0,3.0,4.0,3.0,4.0,3.0,4.0,5.0,1.0,32.0,32.0,1.0,4.0,512.0,1.0,1.0,1.0,1.0,20.0,80.0,1.0,1029513458.0,35255946.2,3836460000.0,13.372311111111111,2392.0,10.0,234496.0,3.629647108742396e+16,124.88888888888889,1.1819305555555557,10.0,193080.88888888888
128000.0,64000.0,256.0,64.0,2.0,34.0,6.0,20.0,5.0,6.0,6.0,6.0,1.0,2.0,4.0,5.0,1.0,4.0,5.0,2.0,6.0,5.0,5.0,4.0,3.0,1.0,4.0,1.0,2.0,6.0,5.0,1.0,1.0,1024.0,1.0,64.0,2048.0,1.0,1.0,1.0,1.0,1.0,128.0,1.0,4.0,5.0,2.0,6.0,5.0,3.0,2.0,3.0,3.0,1.0,3.0,3.0,6.0,3.0,3.0,2.0,3.0,2.0,32.0,32.0,1.0,24.0,12.0,1.0,1.0,1.0,1.0,16.0,160.0,1.0,4193805887.0,54854640.0,54231300.0,0.5423452222222223,120.0,10.0,7936.0,2.3004971216126566e+17,5.677863333333334,2.4627788888888893,10.0,5434.666666666667
128000.0,8192000.0,256.0,64.0,3.0,38.0,18.0,20.0,6.0,6.0,4.0,5.0,6.0,4.0,6.0,5.0,6.0,3.0,1.0,4.0,5.0,6.0,1.0,3.0,5.0,2.0,2.0,5.0,4.0,5.0,5.0,6.0,4096.0,8.0,1.0,4.0,32.0,1.0,1.0,1.0,1.0,4.0,1.0,1.0,3.0,4.0,2.0,1.0,4.0,4.0,2.0,2.0,3.0,2.0,5.0,1.0,1.0,2.0,6.0,5.0,4.0,6.0,2048.0,1.0,1.0,768.0,192.0,1.0,1.0,1.0,1.0,80.0,80.0,1.0,3062092608.0,33049283.0,100631000000.0,154.29744444444444,13680.0,10.0,7069696.0,1.0119996517400006e+17,8.0,0.13302933333333333,10.0,4058794.6666666665
4096.0,8192000.0,256.0,64.0,1.0,44.0,44.0,2.0,6.0,2.0,1.0,6.0,6.0,3.0,6.0,4.0,1.0,1.0,4.0,6.0,3.0,5.0,5.0,2.0,4.0,5.0,6.0,6.0,2.0,6.0,3.0,4.0,8.0,1024.0,1.0,2.0,1.0,1.0,1.0,1.0,1.0,32.0,16.0,1.0,4.0,6.0,4.0,6.0,6.0,6.0,5.0,3.0,5.0,5.0,4.0,3.0,6.0,2.0,3.0,6.0,3.0,3.0,16.0,512.0,1.0,32.0,96.0,1.0,1.0,1.0,1.0,32.0,160.0,1.0,12213813257.0,157362680.0,1518110.0,0.0148321,2.0,10.0,16.0,1.9219983871410488e+18,2.0,1.4376900000000001,10.0,16.0
64000.0,64000.0,256.0,64.0,3.0,30.0,12.0,8.0,6.0,5.0,3.0,2.0,2.0,1.0,3.0,2.0,4.0,6.0,5.0,5.0,2.0,1.0,4.0,4.0,3.0,6.0,1.0,5.0,2.0,5.0,1.0,2.0,16.0,512.0,1.0,1.0,16.0,1.0,1.0,1.0,1.0,2.0,32.0,1.0,5.0,3.0,2.0,4.0,4.0,2.0,1.0,6.0,6.0,5.0,2.0,6.0,3.0,4.0,3.0,3.0,5.0,1.0,4096.0,256.0,1.0,1.0,1.0,1.0,1.0,1.0,1.0,80.0,4.0,1.0,20221844816.0,33823737.0,5335260000.0,17.78954444444445,2880.0,10.0,663712.0,6.839783607111974e+17,29.0,0.8742396111111111,10.0,543946.6666666666
512000.0,256000.0,256.0,64.0,2.0,4.0,40.0,24.0,1.0,4.0,6.0,3.0,6.0,4.0,3.0,6.0,4.0,5.0,5.0,1.0,1.0,6.0,3.0,2.0,1.0,2.0,4.0,6.0,1.0,2.0,3.0,1.0,8.0,4.0,1.0,8.0,64.0,1.0,1.0,1.0,1.0,64.0,32.0,1.0,5.0,2.0,5.0,2.0,4.0,1.0,5.0,6.0,5.0,1.0,6.0,1.0,3.0,4.0,3.0,2.0,1.0,5.0,2048.0,4096.0,1.0,3.0,3.0,1.0,1.0,1.0,1.0,10.0,80.0,1.0,24432149004.0,70357700.0,839591000.0,4.604147777777778,960.0,10.0,53308.0,1.7189898099787308e+18,1.0,0.29499644444444445,10.0,29985.333333333332
8192.0,2048000.0,256.0,64.0,2.0,36.0,8.0,40.0,1.0,4.0,2.0,6.0,3.0,6.0,5.0,5.0,3.0,3.0,6.0,2.0,2.0,6.0,2.0,2.0,6.0,5.0,3.0,5.0,1.0,3.0,6.0,2.0,256.0,1024.0,1.0,4.0,512.0,1.0,1.0,1.0,1.0,1.0,1.0,1.0,6.0,2.0,6.0,1.0,1.0,2.0,4.0,6.0,2.0,2.0,2.0,4.0,2.0,2.0,6.0,6.0,6.0,1.0,2.0,4096.0,1.0,1.0,16.0,1.0,1.0,1.0,1.0,20.0,16.0,1.0,3651403866.0,172936720.0,175991000.0,1.4318255555555557,320.0,10.0,10368.0,6.314618079813595e+17,7.259261111111111,4.51160111111111,10.0,5036.888888888889
1024.0,16000.0,256.0,64.0,1.0,32.0,12.0,18.0,3.0,6.0,3.0,6.0,2.0,4.0,5.0,5.0,6.0,2.0,3.0,6.0,5.0,5.0,4.0,1.0,5.0,1.0,5.0,4.0,5.0,4.0,4.0,3.0,4096.0,128.0,1.0,1024.0,4.0,1.0,1.0,1.0,1.0,16.0,64.0,1.0,6.0,6.0,1.0,5.0,1.0,5.0,1.0,4.0,3.0,2.0,5.0,2.0,5.0,1.0,6.0,6.0,1.0,4.0,128.0,16.0,1.0,8.0,256.0,1.0,1.0,1.0,1.0,4.0,2.0,1.0,1359740937.0,191025140.0,7831020.0,0.0833165,18.0,10.0,112.0,2.597447028541562e+17,17.9649,17.9649,10.0,112.0
512000.0,16000.0,256.0,64.0,1.0,48.0,34.0,36.0,4.0,6.0,4.0,5.0,6.0,2.0,2.0,2.0,6.0,4.0,5.0,2.0,3.0,1.0,6.0,3.0,5.0,3.0,2.0,5.0,6.0,3.0,2.0,4.0,512.0,256.0,1.0,2.0,8.0,1.0,1.0,1.0,1.0,16.0,16.0,1.0,3.0,1.0,5.0,6.0,5.0,2.0,2.0,6.0,6.0,6.0,2.0,5.0,1.0,5.0,5.0,2.0,3.0,5.0,512.0,256.0,1.0,768.0,16.0,1.0,1.0,1.0,1.0,2.0,80.0,1.0,683147273.0,202935260.0,15248700.0,0.16065000000000002,36.0,10.0,220.0,1.3863466946454598e+17,35.813744444444445,35.813744444444445,10.0,220.0
8192.0,1024000.0,256.0,64.0,3.0,4.0,26.0,10.0,6.0,3.0,3.0,4.0,1.0,1.0,2.0,5.0,3.0,2.0,1.0,5.0,3.0,5.0,1.0,3.0,1.0,1.0,3.0,2.0,2.0,1.0,6.0,4.0,2.0,2.0,1.0,128.0,2.0,1.0,1.0,1.0,1.0,4.0,8.0,1.0,3.0,1.0,2.0,2.0,5.0,5.0,3.0,5.0,2.0,5.0,1.0,6.0,1.0,5.0,6.0,4.0,3.0,4.0,1.0,1.0,1.0,96.0,32.0,1.0,1.0,1.0,1.0,40.0,160.0,1.0,461111336.0,56735029.0,951892000.0,4.981001111111112,1040.0,10.0,32768.0,2.6161165020188744e+16,78.22222222222223,18.422651111111108,10.0,20081.777777777777
32000.0,32000.0,256.0,64.0,3.0,38.0,36.0,30.0,6.0,2.0,6.0,4.0,2.0,5.0,2.0,5.0,3.0,6.0,5.0,6.0,1.0,1.0,3.0,1.0,2.0,6.0,5.0,5.0,2.0,6.0,1.0,3.0,32.0,128.0,1.0,32.0,2048.0,1.0,1.0,1.0,1.0,2.0,2.0,1.0,3.0,4.0,1.0,5.0,4.0,1.0,6.0,1.0,5.0,4.0,3.0,5.0,3.0,2.0,1.0,5.0,1.0,1.0,4.0,4.0,1.0,24.0,3072.0,1.0,1.0,1.0,1.0,1.0,1.0,1.0,668052874.0,77245392.8,874106000000.0,940.3981111111111,41040.0,10.0,16801792.0,5.1604006663298904e+16,35.29216666666667,10.215666666666666,10.0,7993454.222222222
128.0,8192000.0,256.0,64.0,1.0,2.0,46.0,46.0,2.0,2.0,5.0,4.0,5.0,4.0,6.0,3.0,5.0,4.0,6.0,6.0,4.0,2.0,2.0,6.0,1.0,6.0,3.0,1.0,3.0,5.0,1.0,4.0,256.0,64.0,1.0,256.0,1024.0,1.0,1.0,1.0,1.0,128.0,8.0,1.0,2.0,6.0,2.0,4.0,6.0,3.0,1.0,2.0,5.0,4.0,5.0,1.0,2.0,4.0,2.0,4.0,1.0,6.0,1024.0,4.0,1.0,3.0,3072.0,1.0,1.0,1.0,1.0,8.0,40.0,1.0,24427626505.0,293712580.0,19512200.0,0.202899,46.0,10.0,10.0,7.174701204059933e+18,1.0,1.277817777777778,10.0,10.0
64000.0,4096000.0,256.0,64.0,1.0,30.0,38.0,48.0,1.0,4.0,1.0,3.0,4.0,4.0,6.0,1.0,4.0,4.0,1.0,2.0,6.0,5.0,1.0,6.0,1.0,2.0,1.0,1.0,6.0,5.0,3.0,1.0,64.0,8.0,1.0,2048.0,16.0,1.0,1.0,1.0,1.0,1.0,1.0,1.0,4.0,1.0,3.0,3.0,1.0,1.0,6.0,3.0,4.0,4.0,3.0,4.0,4.0,2.0,4.0,1.0,4.0,5.0,1.0,256.0,1.0,8.0,192.0,1.0,1.0,1.0,1.0,160.0,4.0,1.0,509607945.0,155033040.0,20377200.0,0.212477,48.0,10.0,292.0,7.90060689215028e+16,47.83462222222222,47.83462222222222,10.0,292.0
512000.0,512000.0,256.0,64.0,3.0,32.0,46.0,14.0,5.0,3.0,4.0,2.0,5.0,2.0,1.0,4.0,2.0,1.0,1.0,1.0,5.0,4.0,6.0,3.0,6.0,3.0,6.0,1.0,2.0,5.0,1.0,1.0,16.0,2.0,1.0,64.0,8.0,1.0,1.0,1.0,1.0,64.0,128.0,1.0,3.0,6.0,2.0,4.0,6.0,5.0,6.0,2.0,2.0,5.0,6.0,5.0,4.0,3.0,1.0,2.0,5.0,2.0,2.0,128.0,1.0,12.0,24.0,1.0,1.0,1.0,1.0,4.0,32.0,1.0,770061440.0,36227278.0,224351000000.0,275.1018888888889,20608.0,10.0,460288.0,2.789722986396032e+16,32.0,1.0164946666666668,10.0,350378.6666666667
8192.0,8192000.0,256.0,64.0,3.0,36.0,6.0,38.0,5.0,5.0,6.0,4.0,3.0,3.0,5.0,4.0,1.0,4.0,6.0,6.0,2.0,5.0,5.0,6.0,5.0,3.0,3.0,6.0,3.0,2.0,3.0,4.0,1024.0,256.0,1.0,512.0,1024.0,1.0,1.0,1.0,1.0,2.0,1.0,1.0,2.0,4.0,5.0,4.0,5.0,1.0,2.0,2.0,3.0,5.0,3.0,4.0,2.0,6.0,1.0,5.0,5.0,3.0,256.0,256.0,1.0,2.0,8.0,1.0,1.0,1.0,1.0,160.0,20.0,1.0,10103284496.0,44261567.0,37490400000.0,67.89905555555556,8208.0,10.0,2105344.0,4.4718720363976525e+17,66.1271111111111,0.635805,10.0,984917.3333333334
2048000.0,8192000.0,256.0,64.0,3.0,16.0,34.0,46.0,4.0,4.0,5.0,4.0,4.0,6.0,5.0,6.0,2.0,5.0,2.0,4.0,5.0,4.0,2.0,3.0,4.0,2.0,5.0,6.0,1.0,3.0,1.0,6.0,128.0,256.0,1.0,4.0,4.0,1.0,1.0,1.0,1.0,4.0,4.0,1.0,4.0,6.0,3.0,3.0,5.0,2.0,6.0,4.0,1.0,4.0,5.0,1.0,3.0,5.0,4.0,2.0,5.0,2.0,1.0,2048.0,1.0,3072.0,3072.0,1.0,1.0,1.0,1.0,80.0,40.0,1.0,20239904424.0,37572230.0,328742000000.0,406.69244444444445,25024.0,10.0,13402112.0,7.604583441965455e+17,19.518533333333334,4.5926222222222215,10.0,7447452.444444444
32000.0,4096000.0,256.0,64.0,2.0,20.0,22.0,38.0,3.0,3.0,1.0,3.0,3.0,2.0,1.0,5.0,1.0,1.0,6.0,2.0,1.0,1.0,5.0,1.0,2.0,2.0,6.0,5.0,3.0,2.0,2.0,3.0,1.0,32.0,1.0,256.0,4.0,1.0,1.0,1.0,1.0,32.0,16.0,1.0,6.0,3.0,6.0,1.0,4.0,5.0,2.0,3.0,6.0,4.0,5.0,3.0,6.0,5.0,1.0,5.0,5.0,1.0,4.0,128.0,1.0,6.0,8.0,1.0,1.0,1.0,1.0,64.0,20.0,1.0,208019509.0,58041130.0,678408000.0,3.88548,836.0,10.0,4816.0,1.207368736440517e+16,111.5638888888889,23.590944444444446,10.0,3123.5555555555557
256000.0,16000000.0,256.0,64.0,3.0,4.0,34.0,6.0,1.0,6.0,4.0,4.0,4.0,2.0,3.0,1.0,3.0,1.0,1.0,5.0,3.0,1.0,3.0,3.0,6.0,5.0,2.0,6.0,5.0,3.0,5.0,3.0,1.0,512.0,1.0,4.0,64.0,1.0,1.0,1.0,1.0,64.0,1.0,1.0,1.0,6.0,4.0,5.0,2.0,3.0,5.0,4.0,4.0,3.0,6.0,4.0,4.0,2.0,6.0,5.0,4.0,3.0,8.0,128.0,1.0,256.0,3072.0,1.0,1.0,1.0,1.0,64.0,2.0,1.0,21345552064.0,34329320.6,654003000.0,6.620083333333333,816.0,10.0,1196032.0,7.327783001890478e+17,2.3333333333333335,0.010416666666666666,10.0,824661.3333333334
64000.0,512000.0,256.0,64.0,2.0,34.0,40.0,16.0,6.0,3.0,2.0,2.0,5.0,5.0,6.0,5.0,2.0,3.0,1.0,1.0,1.0,6.0,1.0,4.0,2.0,3.0,2.0,4.0,5.0,4.0,3.0,1.0,2.0,4096.0,1.0,1024.0,128.0,1.0,1.0,1.0,1.0,32.0,64.0,1.0,1.0,2.0,2.0,2.0,2.0,1.0,6.0,4.0,1.0,2.0,1.0,1.0,6.0,6.0,1.0,6.0,1.0,6.0,64.0,4.0,1.0,384.0,768.0,1.0,1.0,1.0,1.0,80.0,2.0,1.0,620413826.0,34063337.0,455617000.0,3.2042122222222225,640.0,10.0,125056.0,2.113336523449736e+16,39.3846,0.8833477777777777,10.0,84494.22222222222
16000.0,16000.0,256.0,64.0,1.0,20.0,46.0,34.0,1.0,6.0,4.0,4.0,6.0,5.0,2.0,4.0,3.0,2.0,4.0,6.0,6.0,4.0,2.0,2.0,2.0,1.0,4.0,5.0,5.0,5.0,1.0,3.0,8.0,2.0,1.0,4.0,2048.0,1.0,1.0,1.0,1.0,1.0,4.0,1.0,1.0,3.0,5.0,3.0,2.0,1.0,1.0,6.0,1.0,4.0,5.0,1.0,3.0,2.0,1.0,4.0,5.0,3.0,64.0,512.0,1.0,128.0,512.0,1.0,1.0,1.0,1.0,8.0,40.0,1.0,724303881.0,200385880.0,14408200.0,0.152024,34.0,10.0,208.0,1.451402705816003e+17,33.67624444444444,33.67624444444444,10.0,208.0
2048.0,8192000.0,256.0,64.0,2.0,46.0,40.0,44.0,6.0,2.0,5.0,4.0,6.0,4.0,3.0,2.0,5.0,4.0,3.0,2.0,5.0,4.0,3.0,6.0,6.0,6.0,3.0,3.0,1.0,5.0,1.0,5.0,2048.0,512.0,1.0,2.0,32.0,1.0,1.0,1.0,1.0,2.0,1.0,1.0,6.0,2.0,3.0,6.0,1.0,4.0,4.0,3.0,3.0,1.0,1.0,2.0,6.0,5.0,2.0,1.0,1.0,4.0,256.0,4096.0,1.0,2.0,768.0,1.0,1.0,1.0,1.0,320.0,1.0,1.0,1796653632.0,88226740.0,2256150000.0,8.97632,1760.0,10.0,32776.0,1.5851289286051968e+17,12.444444444444445,6.216833333333333,10.0,32776.0
128000.0,2048000.0,256.0,64.0,3.0,40.0,44.0,30.0,6.0,6.0,6.0,5.0,2.0,4.0,4.0,5.0,6.0,3.0,6.0,6.0,2.0,5.0,3.0,5.0,3.0,5.0,2.0,6.0,5.0,3.0,1.0,3.0,8.0,128.0,1.0,16.0,8.0,1.0,1.0,1.0,1.0,8.0,64.0,1.0,1.0,5.0,5.0,3.0,6.0,5.0,2.0,5.0,1.0,6.0,2.0,1.0,3.0,2.0,6.0,1.0,2.0,2.0,2.0,512.0,1.0,1.0,12.0,1.0,1.0,1.0,1.0,10.0,80.0,1.0,287459520.0,38103649.0,1441010000000.0,1448.888888888889,52800.0,10.0,755584.0,1.095325665178848e+16,81.77777777777777,4.023007777777778,10.0,711950.2222222222
1024.0,2048000.0,256.0,64.0,2.0,20.0,6.0,38.0,4.0,6.0,5.0,2.0,3.0,3.0,6.0,3.0,6.0,3.0,1.0,2.0,1.0,5.0,4.0,3.0,6.0,6.0,6.0,1.0,4.0,2.0,5.0,4.0,256.0,4.0,1.0,8.0,16.0,1.0,1.0,1.0,1.0,128.0,16.0,1.0,5.0,5.0,6.0,1.0,1.0,4.0,4.0,3.0,6.0,2.0,1.0,6.0,2.0,4.0,4.0,4.0,6.0,4.0,4.0,2048.0,1.0,12.0,16.0,1.0,1.0,1.0,1.0,20.0,40.0,1.0,4108009486.0,61296940.0,114918000.0,1.0103755555555558,228.0,10.0,3616.0,2.5180841098277283e+17,5.95349,1.4862055555555556,10.0,2919.1111111111113
16000.0,8192000.0,256.0,64.0,2.0,46.0,30.0,8.0,1.0,4.0,4.0,6.0,1.0,3.0,4.0,5.0,6.0,1.0,4.0,1.0,2.0,3.0,2.0,5.0,5.0,1.0,5.0,4.0,3.0,6.0,4.0,4.0,16.0,4096.0,1.0,1024.0,32.0,1.0,1.0,1.0,1.0,2.0,1.0,1.0,6.0,1.0,4.0,6.0,3.0,6.0,2.0,5.0,6.0,5.0,5.0,6.0,3.0,5.0,4.0,1.0,4.0,1.0,4096.0,512.0,1.0,1536.0,24.0,1.0,1.0,1.0,1.0,32.0,64.0,1.0,277029256.0,38054020.0,122432000.0,1.7688944444444445,240.0,10.0,367616.0,1.054207684840912e+16,120.29644444444446,6.904294444444444,10.0,207246.22222222222
16000.0,64000.0,256.0,64.0,3.0,48.0,2.0,44.0,2.0,3.0,4.0,4.0,6.0,6.0,6.0,3.0,6.0,5.0,4.0,3.0,1.0,1.0,1.0,6.0,3.0,2.0,4.0,2.0,4.0,6.0,3.0,5.0,2048.0,4.0,1.0,512.0,128.0,1.0,1.0,1.0,1.0,8.0,2.0,1.0,4.0,4.0,6.0,2.0,5.0,1.0,5.0,1.0,4.0,3.0,4.0,2.0,2.0,5.0,4.0,4.0,4.0,4.0,4096.0,64.0,1.0,3.0,96.0,1.0,1.0,1.0,1.0,4.0,5.0,1.0,28500342416.0,35176534.0,10717900000.0,30.68961111111111,4224.0,10.0,2138112.0,1.0025432640080662e+18,1.0,0.04041883333333333,10.0,1410467.5555555555
1024000.0,2048000.0,256.0,64.0,1.0,2.0,36.0,4.0,3.0,3.0,1.0,6.0,3.0,3.0,4.0,2.0,3.0,1.0,5.0,1.0,6.0,2.0,6.0,4.0,2.0,6.0,2.0,4.0,5.0,1.0,1.0,1.0,2.0,64.0,1.0,1024.0,1.0,1.0,1.0,1.0,1.0,32.0,2.0,1.0,6.0,6.0,5.0,3.0,5.0,3.0,5.0,3.0,5.0,4.0,4.0,1.0,1.0,2.0,2.0,5.0,4.0,3.0,256.0,1.0,1.0,192.0,4.0,1.0,1.0,1.0,1.0,320.0,5.0,1.0,6106906633.0,268636900.0,2290050.0,0.023413299999999998,4.0,10.0,34.0,1.6405404664785577e+18,4.0,4.291595555555556,10.0,34.0
1024.0,1024000.0,256.0,64.0,2.0,24.0,6.0,8.0,6.0,1.0,4.0,6.0,6.0,2.0,6.0,6.0,5.0,3.0,1.0,6.0,1.0,4.0,5.0,3.0,3.0,4.0,6.0,1.0,5.0,1.0,3.0,1.0,8.0,512.0,1.0,64.0,8.0,1.0,1.0,1.0,1.0,128.0,32.0,1.0,1.0,6.0,1.0,2.0,4.0,4.0,1.0,6.0,6.0,5.0,2.0,6.0,1.0,6.0,4.0,1.0,5.0,6.0,2048.0,2048.0,1.0,384.0,16.0,1.0,1.0,1.0,1.0,320.0,64.0,1.0,1348832224.0,37968923.0,20445500.0,1.4781762222222223,48.0,10.0,657408.0,5.121370685297475e+16,30.056844444444444,3.5160694444444442,10.0,367160.8888888889
1024.0,32000.0,256.0,64.0,2.0,30.0,8.0,32.0,3.0,2.0,3.0,3.0,2.0,6.0,2.0,4.0,1.0,2.0,2.0,3.0,5.0,6.0,4.0,2.0,3.0,6.0,5.0,3.0,5.0,3.0,5.0,5.0,8.0,4.0,1.0,256.0,256.0,1.0,1.0,1.0,1.0,1.0,1.0,1.0,1.0,1.0,5.0,1.0,3.0,1.0,5.0,5.0,2.0,2.0,6.0,4.0,5.0,4.0,4.0,2.0,1.0,3.0,512.0,2048.0,1.0,128.0,384.0,1.0,1.0,1.0,1.0,8.0,80.0,1.0,1705024356.0,37974300.0,132606000.0,1.4011433333333334,256.0,10.0,141312.0,6.47471064020508e+16,19.555555555555557,0.6413683333333333,10.0,79879.11111111111
128000.0,256000.0,256.0,64.0,1.0,38.0,6.0,6.0,2.0,2.0,6.0,5.0,2.0,3.0,4.0,3.0,3.0,4.0,5.0,5.0,3.0,1.0,3.0,1.0,1.0,1.0,6.0,6.0,3.0,1.0,3.0,3.0,256.0,4096.0,1.0,64.0,1024.0,1.0,1.0,1.0,1.0,2.0,64.0,1.0,6.0,3.0,5.0,2.0,3.0,4.0,5.0,1.0,5.0,3.0,6.0,4.0,3.0,1.0,1.0,3.0,2.0,6.0,4.0,16.0,1.0,48.0,2.0,1.0,1.0,1.0,1.0,40.0,1.0,1.0,24427626505.0,209641600.0,3069380.0,0.0318497,6.0,10.0,10.0,5.121046704710608e+18,1.0,1.0,10.0,10.0
256000.0,32000.0,256.0,64.0,3.0,18.0,40.0,4.0,3.0,4.0,3.0,5.0,5.0,2.0,5.0,6.0,3.0,6.0,2.0,4.0,2.0,1.0,3.0,1.0,4.0,6.0,4.0,5.0,3.0,4.0,6.0,1.0,8.0,1.0,1.0,1024.0,4.0,1.0,1.0,1.0,1.0,16.0,4.0,1.0,5.0,2.0,4.0,5.0,2.0,5.0,3.0,3.0,3.0,3.0,1.0,4.0,4.0,3.0,4.0,3.0,2.0,6.0,256.0,4096.0,1.0,12.0,128.0,1.0,1.0,1.0,1.0,320.0,320.0,1.0,5201038000.0,34795842.0,5335580000.0,23.534344444444447,2880.0,10.0,3751936.0,1.80974496483996e+17,16.444444444444443,1.4218755555555556,10.0,2209109.3333333335
64000.0,16000000.0,256.0,64.0,3.0,48.0,38.0,16.0,1.0,4.0,6.0,5.0,4.0,6.0,2.0,1.0,2.0,5.0,3.0,1.0,5.0,4.0,5.0,5.0,5.0,3.0,3.0,2.0,6.0,6.0,5.0,1.0,16.0,8.0,1.0,512.0,1024.0,1.0,1.0,1.0,1.0,4.0,128.0,1.0,6.0,5.0,4.0,3.0,3.0,3.0,3.0,4.0,3.0,3.0,1.0,2.0,1.0,5.0,5.0,4.0,4.0,6.0,8.0,512.0,1.0,2.0,12.0,1.0,1.0,1.0,1.0,160.0,64.0,1.0,3429728216.0,37619226.0,445259000000.0,498.32866666666666,29184.0,10.0,299008.0,1.2902372087628082e+17,9.777777777777779,0.4456651111111111,10.0,232874.66666666666
64000.0,16000.0,256.0,64.0,1.0,36.0,46.0,14.0,5.0,3.0,4.0,5.0,4.0,1.0,6.0,6.0,5.0,5.0,5.0,6.0,3.0,6.0,4.0,6.0,1.0,4.0,1.0,6.0,2.0,3.0,2.0,4.0,64.0,16.0,1.0,32.0,512.0,1.0,1.0,1.0,1.0,4.0,8.0,1.0,4.0,4.0,1.0,3.0,1.0,2.0,1.0,3.0,3.0,5.0,1.0,3.0,1.0,6.0,2.0,2.0,5.0,4.0,512.0,4096.0,1.0,4.0,2.0,1.0,1.0,1.0,1.0,8.0,320.0,1.0,1747386377.0,216482660.0,6227500.0,0.0661954,14.0,10.0,88.0,3.782788509407228e+17,13.9795,20.94511111111111,10.0,88.0
256.0,16000.0,256.0,64.0,2.0,38.0,16.0,20.0,6.0,5.0,3.0,5.0,1.0,5.0,5.0,4.0,4.0,2.0,3.0,5.0,6.0,5.0,4.0,6.0,6.0,1.0,3.0,3.0,2.0,2.0,1.0,6.0,512.0,16.0,1.0,2048.0,4.0,1.0,1.0,1.0,1.0,128.0,16.0,1.0,6.0,1.0,5.0,2.0,3.0,5.0,1.0,5.0,1.0,1.0,5.0,5.0,3.0,4.0,5.0,1.0,1.0,5.0,128.0,512.0,1.0,256.0,1.0,1.0,1.0,1.0,1.0,32.0,64.0,1.0,1325970808.0,121423702.0,176004000.0,1.6895422222222223,320.0,10.0,135232.0,1.610042842512912e+17,37.333333333333336,10.251913333333333,10.0,79736.88888888889
1024000.0,16000000.0,256.0,64.0,3.0,40.0,44.0,40.0,1.0,6.0,2.0,6.0,3.0,6.0,4.0,3.0,6.0,3.0,6.0,2.0,3.0,6.0,4.0,3.0,6.0,5.0,2.0,4.0,1.0,4.0,3.0,3.0,4096.0,32.0,1.0,128.0,32.0,1.0,1.0,1.0,1.0,2.0,1.0,1.0,5.0,1.0,3.0,5.0,2.0,5.0,4.0,5.0,2.0,5.0,5.0,6.0,6.0,4.0,6.0,6.0,5.0,4.0,32.0,16.0,1.0,8.0,1024.0,1.0,1.0,1.0,1.0,64.0,64.0,1.0,6980422568.0,34171061.7,2552770000000.0,2498.0733333333333,70400.0,10.0,16801280.0,2.3852845026320048e+17,8.777777777777779,0.08854166666666667,10.0,7724373.333333333
32000.0,256000.0,256.0,64.0,2.0,18.0,8.0,14.0,3.0,5.0,2.0,5.0,1.0,6.0,2.0,3.0,1.0,1.0,4.0,5.0,5.0,4.0,5.0,5.0,3.0,5.0,4.0,3.0,1.0,1.0,4.0,5.0,1024.0,512.0,1.0,64.0,1.0,1.0,1.0,1.0,1.0,8.0,128.0,1.0,6.0,1.0,2.0,4.0,3.0,6.0,4.0,5.0,5.0,1.0,2.0,5.0,1.0,1.0,3.0,2.0,1.0,2.0,16.0,1.0,1.0,48.0,3072.0,1.0,1.0,1.0,1.0,64.0,160.0,1.0,5980291149.0,122919120.0,50209100.0,0.5150515555555555,112.0,10.0,9232.0,7.350921253788689e+17,7.111111111111111,6.696447111111111,10.0,7640.888888888889
512000.0,4096000.0,256.0,64.0,2.0,48.0,32.0,44.0,1.0,1.0,4.0,2.0,2.0,2.0,2.0,2.0,4.0,2.0,2.0,4.0,5.0,1.0,4.0,2.0,4.0,3.0,6.0,1.0,3.0,1.0,3.0,2.0,512.0,2.0,1.0,1024.0,4.0,1.0,1.0,1.0,1.0,1.0,32.0,1.0,6.0,3.0,2.0,6.0,1.0,6.0,1.0,6.0,5.0,6.0,6.0,3.0,1.0,3.0,6.0,5.0,3.0,2.0,2.0,1.0,1.0,768.0,512.0,1.0,1.0,1.0,1.0,5.0,64.0,1.0,12624330771.0,156015290.0,1552500000.0,6.886486666666667,1408.0,10.0,6154.0,1.9695886262934886e+18,2.111111111111111,1.5966866666666666,10.0,3436.6666666666665
1024000.0,16000.0,256.0,64.0,3.0,6.0,22.0,28.0,6.0,1.0,5.0,6.0,5.0,1.0,4.0,4.0,4.0,6.0,5.0,5.0,5.0,3.0,3.0,3.0,6.0,4.0,4.0,1.0,4.0,6.0,3.0,1.0,1024.0,8.0,1.0,256.0,32.0,1.0,1.0,1.0,1.0,64.0,1.0,1.0,4.0,3.0,5.0,6.0,4.0,3.0,6.0,2.0,1.0,6.0,2.0,1.0,2.0,1.0,1.0,3.0,3.0,1.0,2048.0,128.0,1.0,12.0,32.0,1.0,1.0,1.0,1.0,5.0,320.0,1.0,539246368.0,32628389.0,8383860000.0,31.377188888888888,3696.0,10.0,2904064.0,1.7594740261941152e+16,52.14816666666666,0.43634277777777775,10.0,2793016.888888889
64000.0,2048000.0,256.0,64.0,3.0,24.0,12.0,10.0,6.0,4.0,5.0,1.0,2.0,5.0,3.0,1.0,4.0,4.0,1.0,4.0,3.0,2.0,5.0,2.0,4.0,6.0,1.0,1.0,5.0,3.0,1.0,2.0,2048.0,1.0,1.0,4.0,1.0,1.0,1.0,1.0,1.0,1.0,16.0,1.0,1.0,6.0,1.0,2.0,2.0,1.0,6.0,3.0,4.0,1.0,6.0,3.0,2.0,5.0,4.0,5.0,3.0,1.0,128.0,4096.0,1.0,1536.0,24.0,1.0,1.0,1.0,1.0,16.0,4.0,1.0,23355667696.0,33610869.0,5336520000.0,40.627044444444444,2880.0,10.0,12763136.0,7.850042873377878e+17,1.4444444444444444,0.03700088888888889,10.0,7163505.777777778
2048000.0,16000.0,256.0,64.0,3.0,30.0,14.0,28.0,2.0,3.0,6.0,4.0,4.0,3.0,2.0,2.0,6.0,4.0,5.0,2.0,3.0,2.0,6.0,2.0,1.0,2.0,1.0,3.0,3.0,1.0,6.0,1.0,1024.0,16.0,1.0,16.0,64.0,1.0,1.0,1.0,1.0,16.0,2.0,1.0,5.0,4.0,3.0,6.0,4.0,4.0,6.0,2.0,3.0,5.0,1.0,6.0,3.0,3.0,4.0,5.0,4.0,2.0,4.0,128.0,1.0,256.0,1536.0,1.0,1.0,1.0,1.0,1.0,20.0,1.0,2552207410.0,38509265.0,75000700000.0,111.84833333333333,11760.0,10.0,459776.0,9.828363148665365e+16,9.11111111111111,0.494032,10.0,329159.1111111111
1024.0,8192000.0,256.0,64.0,2.0,48.0,4.0,18.0,3.0,1.0,2.0,5.0,2.0,4.0,3.0,2.0,6.0,1.0,2.0,3.0,4.0,1.0,2.0,4.0,6.0,4.0,5.0,3.0,3.0,5.0,1.0,2.0,2.0,4096.0,1.0,2.0,2048.0,1.0,1.0,1.0,1.0,2.0,4.0,1.0,3.0,2.0,3.0,5.0,2.0,1.0,6.0,1.0,6.0,6.0,3.0,1.0,5.0,6.0,6.0,6.0,1.0,2.0,32.0,4096.0,1.0,16.0,96.0,1.0,1.0,1.0,1.0,10.0,320.0,1.0,6242107431.0,48709050.0,31075100.0,0.32444,72.0,10.0,4864.0,3.040471229619505e+17,4.0,0.8599505555555556,10.0,2734.222222222222
256.0,32000.0,256.0,64.0,1.0,44.0,34.0,26.0,6.0,5.0,5.0,5.0,4.0,4.0,1.0,6.0,3.0,6.0,5.0,1.0,3.0,2.0,1.0,3.0,3.0,2.0,6.0,2.0,4.0,3.0,3.0,4.0,1024.0,2048.0,1.0,16.0,2048.0,1.0,1.0,1.0,1.0,8.0,8.0,1.0,1.0,3.0,3.0,3.0,5.0,6.0,2.0,3.0,2.0,2.0,3.0,3.0,5.0,5.0,1.0,1.0,4.0,3.0,16.0,2048.0,1.0,32.0,1024.0,1.0,1.0,1.0,1.0,20.0,160.0,1.0,942276617.0,145924680.0,11087000.0,0.117559,26.0,10.0,160.0,1.3750141380720755e+17,25.9241,20.121055555555554,10.0,160.0
1024000.0,16000.0,256.0,64.0,2.0,42.0,12.0,26.0,5.0,6.0,4.0,6.0,6.0,6.0,2.0,1.0,1.0,5.0,6.0,5.0,4.0,2.0,5.0,5.0,1.0,4.0,6.0,2.0,6.0,2.0,6.0,3.0,4096.0,16.0,1.0,256.0,32.0,1.0,1.0,1.0,1.0,4.0,64.0,1.0,1.0,3.0,4.0,3.0,6.0,3.0,2.0,1.0,1.0,3.0,6.0,3.0,5.0,6.0,1.0,4.0,2.0,4.0,512.0,256.0,1.0,24.0,1536.0,1.0,1.0,1.0,1.0,16.0,32.0,1.0,417811220.0,44257300.0,170354000.0,1.7178755555555554,312.0,10.0,164864.0,1.8491196506906e+16,61.19863333333333,5.60083,10.0,98474.66666666667
256000.0,4096000.0,256.0,64.0,3.0,36.0,44.0,2.0,4.0,5.0,1.0,3.0,1.0,5.0,5.0,1.0,3.0,2.0,5.0,1.0,2.0,5.0,4.0,1.0,4.0,3.0,4.0,4.0,3.0,5.0,4.0,6.0,64.0,4.0,1.0,64.0,2.0,1.0,1.0,1.0,1.0,1.0,8.0,1.0,4.0,1.0,6.0,4.0,6.0,3.0,5.0,4.0,6.0,2.0,1.0,6.0,3.0,4.0,5.0,6.0,4.0,4.0,256.0,8.0,1.0,96.0,2.0,1.0,1.0,1.0,1.0,16.0,8.0,1.0,395008664.0,33058153.0,6333770000.0,21.568466666666662,3168.0,10.0,1676288.0,1.3058256850837592e+16,64.0,0.7773416666666667,10.0,1062343.111111111
512000.0,4096000.0,256.0,64.0,1.0,20.0,34.0,44.0,2.0,4.0,2.0,6.0,3.0,2.0,5.0,4.0,5.0,6.0,2.0,4.0,2.0,3.0,4.0,5.0,2.0,2.0,3.0,4.0,2.0,6.0,5.0,5.0,1024.0,256.0,1.0,2.0,128.0,1.0,1.0,1.0,1.0,4.0,128.0,1.0,3.0,3.0,6.0,3.0,2.0,1.0,4.0,1.0,3.0,2.0,5.0,3.0,1.0,4.0,2.0,2.0,3.0,3.0,16.0,64.0,1.0,12.0,16.0,1.0,1.0,1.0,1.0,320.0,32.0,1.0,637534217.0,258235400.0,18651400.0,0.19548400000000002,44.0,10.0,354.0,1.646339035406818e+17,36.44444444444444,36.94434444444445,10.0,354.0
64000.0,4096000.0,256.0,64.0,3.0,48.0,24.0,28.0,1.0,3.0,4.0,6.0,6.0,2.0,6.0,4.0,3.0,2.0,1.0,1.0,4.0,2.0,3.0,3.0,2.0,4.0,2.0,2.0,2.0,5.0,2.0,1.0,16.0,2048.0,1.0,256.0,128.0,1.0,1.0,1.0,1.0,16.0,2.0,1.0,1.0,1.0,4.0,6.0,1.0,3.0,2.0,4.0,4.0,4.0,4.0,3.0,6.0,6.0,2.0,6.0,5.0,5.0,8.0,32.0,1.0,1536.0,512.0,1.0,1.0,1.0,1.0,2.0,4.0,1.0,1040437368.0,35455973.6,542626000000.0,597.1642222222223,32256.0,10.0,1638400.0,3.688971985226149e+16,25.77777777777778,0.6879333333333333,10.0,1117297.7777777778
512000.0,16000000.0,256.0,64.0,2.0,26.0,24.0,22.0,6.0,1.0,5.0,1.0,2.0,6.0,1.0,1.0,5.0,3.0,1.0,3.0,6.0,3.0,6.0,4.0,4.0,2.0,1.0,1.0,4.0,3.0,4.0,2.0,512.0,4.0,1.0,8.0,1024.0,1.0,1.0,1.0,1.0,64.0,2.0,1.0,4.0,6.0,2.0,5.0,4.0,6.0,2.0,4.0,6.0,5.0,6.0,2.0,3.0,4.0,6.0,4.0,4.0,4.0,8.0,2.0,1.0,64.0,12.0,1.0,1.0,1.0,1.0,64.0,5.0,1.0,1035632676.0,70065590.0,345868000.0,2.384456666666667,528.0,10.0,1952.0,7.256221446721885e+16,23.814,8.900272222222222,10.0,1840.888888888889
256.0,4096000.0,256.0,64.0,3.0,18.0,24.0,34.0,6.0,6.0,1.0,2.0,1.0,5.0,4.0,4.0,5.0,2.0,4.0,1.0,2.0,1.0,1.0,5.0,3.0,2.0,1.0,5.0,5.0,2.0,2.0,5.0,256.0,1024.0,1.0,64.0,32.0,1.0,1.0,1.0,1.0,8.0,128.0,1.0,3.0,6.0,2.0,4.0,5.0,4.0,6.0,1.0,1.0,6.0,4.0,2.0,6.0,6.0,4.0,6.0,3.0,4.0,512.0,1.0,1.0,4.0,64.0,1.0,1.0,1.0,1.0,2.0,4.0,1.0,713872448.0,33675021.8,115591000000.0,160.62377777777778,14688.0,10.0,1589248.0,2.4039670248819364e+16,74.66666666666667,1.040511111111111,10.0,1016092.4444444445
128.0,64000.0,256.0,64.0,3.0,30.0,20.0,2.0,5.0,6.0,5.0,2.0,1.0,3.0,5.0,2.0,5.0,5.0,2.0,5.0,4.0,4.0,5.0,3.0,2.0,6.0,5.0,4.0,3.0,6.0,6.0,5.0,4096.0,32.0,1.0,8.0,8.0,1.0,1.0,1.0,1.0,4.0,1.0,1.0,4.0,2.0,6.0,5.0,4.0,2.0,2.0,2.0,3.0,5.0,6.0,1.0,5.0,5.0,2.0,5.0,6.0,5.0,2048.0,64.0,1.0,8.0,768.0,1.0,1.0,1.0,1.0,16.0,20.0,1.0,332766752.0,38376590.0,1197390000.0,33.26931111111111,1200.0,10.0,12756992.0,1.277045320713568e+16,266.7231111111111,51.77180555555556,10.0,7976448.0
2048000.0,4096000.0,256.0,64.0,3.0,42.0,14.0,36.0,2.0,1.0,6.0,1.0,2.0,2.0,1.0,4.0,2.0,3.0,4.0,5.0,3.0,6.0,4.0,4.0,2.0,4.0,4.0,3.0,1.0,2.0,4.0,5.0,8.0,2.0,1.0,1024.0,16.0,1.0,1.0,1.0,1.0,128.0,64.0,1.0,5.0,2.0,6.0,4.0,5.0,6.0,3.0,2.0,5.0,6.0,6.0,1.0,2.0,6.0,4.0,3.0,1.0,1.0,64.0,256.0,1.0,512.0,512.0,1.0,1.0,1.0,1.0,5.0,20.0,1.0,6111447284.0,38720702.0,236488000000.0,287.52088888888886,21168.0,10.0,292864.0,2.3663952907247338e+17,4.0,0.31467033333333333,10.0,287402.6666666667
32000.0,16000000.0,256.0,64.0,2.0,8.0,38.0,30.0,4.0,1.0,3.0,5.0,4.0,1.0,3.0,1.0,2.0,3.0,6.0,5.0,2.0,6.0,6.0,2.0,3.0,6.0,3.0,5.0,6.0,5.0,5.0,5.0,16.0,16.0,1.0,64.0,2048.0,1.0,1.0,1.0,1.0,64.0,8.0,1.0,3.0,5.0,3.0,6.0,5.0,5.0,2.0,6.0,2.0,3.0,2.0,5.0,6.0,1.0,6.0,2.0,5.0,1.0,1.0,8.0,1.0,768.0,192.0,1.0,1.0,1.0,1.0,32.0,80.0,1.0,2030403642.0,120523591.0,1101450000.0,5.705405555555556,1140.0,10.0,123904.0,2.4471153811331843e+17,119.33333333333333,12.65178888888889,10.0,78848.0
32000.0,16000000.0,256.0,64.0,1.0,8.0,10.0,48.0,5.0,4.0,5.0,4.0,1.0,4.0,6.0,4.0,3.0,5.0,5.0,4.0,3.0,6.0,6.0,5.0,6.0,6.0,1.0,4.0,4.0,6.0,6.0,2.0,1.0,1024.0,1.0,2048.0,2048.0,1.0,1.0,1.0,1.0,16.0,2.0,1.0,6.0,4.0,2.0,2.0,1.0,6.0,4.0,3.0,5.0,4.0,3.0,4.0,5.0,5.0,3.0,4.0,3.0,1.0,2048.0,16.0,1.0,256.0,4.0,1.0,1.0,1.0,1.0,2.0,20.0,1.0,512884745.0,163890540.0,20377200.0,0.212477,48.0,10.0,292.0,8.40569578158123e+16,47.6279,57.88128888888889,10.0,292.0
256000.0,512000.0,256.0,64.0,2.0,4.0,24.0,10.0,1.0,5.0,2.0,3.0,6.0,5.0,2.0,2.0,2.0,6.0,4.0,3.0,2.0,6.0,6.0,2.0,2.0,6.0,1.0,1.0,5.0,2.0,6.0,4.0,4.0,16.0,1.0,2048.0,2.0,1.0,1.0,1.0,1.0,16.0,64.0,1.0,3.0,4.0,4.0,2.0,1.0,4.0,2.0,2.0,6.0,6.0,3.0,5.0,5.0,2.0,6.0,2.0,6.0,4.0,4096.0,256.0,1.0,32.0,32.0,1.0,1.0,1.0,1.0,20.0,2.0,1.0,4698849454.0,93290070.0,122396000.0,1.0878311111111112,240.0,10.0,17536.0,4.383559944831218e+17,5.333333333333333,2.6655495555555557,10.0,9834.666666666666
16000.0,16000000.0,256.0,64.0,2.0,8.0,48.0,4.0,3.0,1.0,1.0,3.0,3.0,6.0,3.0,5.0,6.0,2.0,5.0,2.0,4.0,2.0,1.0,3.0,3.0,2.0,5.0,4.0,2.0,4.0,6.0,3.0,32.0,128.0,1.0,64.0,8.0,1.0,1.0,1.0,1.0,1.0,128.0,1.0,3.0,3.0,2.0,1.0,6.0,4.0,2.0,3.0,5.0,5.0,2.0,5.0,4.0,1.0,5.0,2.0,3.0,5.0,512.0,64.0,1.0,1.0,96.0,1.0,1.0,1.0,1.0,320.0,1.0,1.0,6272581645.0,181048010.0,93367500.0,0.8420375555555555,192.0,10.0,672.0,1.1356384243897765e+18,4.0,4.078127777777778,10.0,514.2222222222222
32000.0,128000.0,256.0,64.0,1.0,10.0,40.0,22.0,6.0,1.0,3.0,3.0,5.0,3.0,3.0,4.0,6.0,5.0,2.0,6.0,2.0,6.0,2.0,4.0,1.0,3.0,3.0,2.0,5.0,6.0,3.0,1.0,64.0,64.0,1.0,16.0,128.0,1.0,1.0,1.0,1.0,16.0,2.0,1.0,2.0,4.0,6.0,2.0,6.0,3.0,6.0,3.0,4.0,2.0,4.0,1.0,4.0,6.0,4.0,5.0,6.0,2.0,1024.0,4096.0,1.0,1536.0,24.0,1.0,1.0,1.0,1.0,4.0,64.0,1.0,1115226121.0,193686140.0,9450840.0,0.100438,22.0,10.0,136.0,2.1600384260366294e+17,21.9037,23.092444444444443,10.0,136.0
16000.0,32000000.0,256.0,64.0,2.0,20.0,46.0,2.0,5.0,2.0,4.0,3.0,2.0,1.0,3.0,4.0,4.0,5.0,3.0,1.0,3.0,6.0,2.0,6.0,5.0,6.0,3.0,6.0,2.0,5.0,6.0,1.0,1024.0,16.0,1.0,128.0,16.0,1.0,1.0,1.0,1.0,32.0,32.0,1.0,6.0,1.0,1.0,2.0,4.0,2.0,6.0,3.0,3.0,1.0,5.0,5.0,4.0,6.0,3.0,4.0,1.0,2.0,2.0,2048.0,1.0,1536.0,192.0,1.0,1.0,1.0,1.0,160.0,16.0,1.0,543116511.0,35441763.0,40444900.0,0.5967138888888889,92.0,10.0,71680.0,1.9249006664248892e+16,44.24692222222222,1.9871533333333333,10.0,56533.333333333336
64000.0,512000.0,256.0,64.0,1.0,42.0,38.0,4.0,6.0,3.0,2.0,2.0,6.0,2.0,4.0,4.0,6.0,6.0,5.0,1.0,1.0,3.0,1.0,4.0,6.0,6.0,5.0,6.0,6.0,3.0,2.0,6.0,2.0,4096.0,1.0,8.0,2.0,1.0,1.0,1.0,1.0,2.0,2.0,1.0,1.0,6.0,6.0,3.0,2.0,3.0,3.0,1.0,1.0,4.0,1.0,1.0,1.0,1.0,4.0,6.0,5.0,5.0,4.0,2048.0,1.0,1024.0,32.0,1.0,1.0,1.0,1.0,160.0,80.0,1.0,6106906633.0,131551440.0,2290050.0,0.023392600000000003,4.0,10.0,28.0,8.033723615167016e+17,4.0,2.903473333333333,10.0,28.0
2048000.0,32000.0,256.0,64.0,2.0,2.0,22.0,40.0,5.0,4.0,5.0,2.0,4.0,3.0,2.0,5.0,2.0,6.0,6.0,5.0,5.0,1.0,2.0,4.0,4.0,2.0,1.0,1.0,4.0,2.0,1.0,4.0,1024.0,8.0,1.0,1024.0,1024.0,1.0,1.0,1.0,1.0,1.0,2.0,1.0,2.0,1.0,5.0,5.0,4.0,5.0,4.0,1.0,2.0,6.0,4.0,5.0,2.0,3.0,3.0,2.0,3.0,2.0,512.0,4096.0,1.0,3.0,32.0,1.0,1.0,1.0,1.0,80.0,10.0,1.0,2718088984.0,46466950.0,733844000.0,4.859572222222221,880.0,10.0,365248.0,1.263013049150788e+17,13.925911111111112,2.87883,10.0,221530.22222222222
2048000.0,8192000.0,256.0,64.0,3.0,48.0,24.0,4.0,1.0,1.0,6.0,2.0,5.0,5.0,5.0,1.0,2.0,1.0,2.0,4.0,4.0,6.0,3.0,2.0,5.0,6.0,6.0,1.0,1.0,6.0,6.0,4.0,1024.0,64.0,1.0,2.0,512.0,1.0,1.0,1.0,1.0,1.0,1.0,1.0,6.0,1.0,5.0,4.0,1.0,1.0,5.0,5.0,1.0,6.0,6.0,6.0,1.0,4.0,5.0,1.0,3.0,6.0,4.0,32.0,1.0,128.0,4.0,1.0,1.0,1.0,1.0,5.0,16.0,1.0,24759296122.0,40464365.1,12593800000.0,30.5885,4608.0,10.0,1054720.0,1.0018691978996221e+18,1.0,0.03652164,10.0,476160.0
64000.0,16000.0,256.0,64.0,2.0,48.0,48.0,12.0,4.0,6.0,2.0,6.0,5.0,3.0,4.0,4.0,6.0,2.0,4.0,4.0,5.0,6.0,3.0,1.0,6.0,6.0,6.0,6.0,4.0,6.0,2.0,2.0,1.0,4.0,1.0,1.0,32.0,1.0,1.0,1.0,1.0,4.0,32.0,1.0,3.0,2.0,3.0,1.0,5.0,4.0,3.0,5.0,1.0,1.0,2.0,6.0,3.0,3.0,3.0,1.0,2.0,2.0,4.0,4096.0,1.0,1.0,1536.0,1.0,1.0,1.0,1.0,20.0,20.0,1.0,146276356.0,74699990.0,391332000.0,2.611348888888889,576.0,10.0,2464.0,1.092684233043644e+16,309.00257777777773,87.48340000000002,10.0,1585.7777777777778
4096.0,64000.0,256.0,64.0,3.0,22.0,26.0,26.0,1.0,6.0,4.0,1.0,3.0,4.0,5.0,4.0,5.0,6.0,1.0,4.0,1.0,5.0,5.0,6.0,4.0,6.0,3.0,5.0,2.0,3.0,5.0,3.0,4.0,128.0,1.0,2.0,64.0,1.0,1.0,1.0,1.0,8.0,4.0,1.0,6.0,6.0,3.0,5.0,2.0,5.0,3.0,5.0,3.0,1.0,1.0,6.0,6.0,6.0,1.0,3.0,6.0,2.0,2.0,64.0,1.0,1536.0,24.0,1.0,1.0,1.0,1.0,2.0,4.0,1.0,10448047637.0,35440181.0,118433000000.0,161.654,14872.0,10.0,406016.0,3.702806993519023e+17,8.222222222222221,0.8576403888888888,10.0,396686.22222222225
128000.0,32000.0,256.0,64.0,2.0,10.0,48.0,14.0,4.0,1.0,4.0,2.0,4.0,4.0,3.0,2.0,6.0,4.0,3.0,1.0,2.0,2.0,6.0,1.0,1.0,1.0,1.0,5.0,3.0,3.0,6.0,3.0,512.0,1024.0,1.0,32.0,128.0,1.0,1.0,1.0,1.0,1.0,1.0,1.0,3.0,6.0,4.0,5.0,2.0,4.0,1.0,6.0,4.0,6.0,2.0,6.0,1.0,2.0,5.0,3.0,6.0,4.0,32.0,32.0,1.0,8.0,384.0,1.0,1.0,1.0,1.0,16.0,64.0,1.0,1008864592.0,47873982.0,489335000.0,3.636546666666667,672.0,10.0,278656.0,4.829836531784534e+16,27.259277777777775,3.997057777777778,10.0,164949.33333333334
256000.0,128000.0,256.0,64.0,3.0,6.0,30.0,20.0,6.0,1.0,3.0,3.0,3.0,5.0,4.0,4.0,4.0,5.0,5.0,3.0,3.0,1.0,4.0,4.0,4.0,4.0,4.0,1.0,2.0,6.0,2.0,4.0,1.0,128.0,1.0,2.0,128.0,1.0,1.0,1.0,1.0,64.0,1.0,1.0,6.0,6.0,1.0,4.0,1.0,2.0,5.0,4.0,5.0,5.0,2.0,6.0,6.0,6.0,6.0,3.0,6.0,1.0,128.0,2048.0,1.0,32.0,768.0,1.0,1.0,1.0,1.0,8.0,40.0,1.0,11073340672.0,32748757.0,7990400000.0,34.30707777777778,3600.0,10.0,6680576.0,3.626381428455447e+17,3.48148,0.023148133333333334,10.0,3849784.888888889
512000.0,4096000.0,256.0,64.0,3.0,14.0,30.0,28.0,1.0,6.0,6.0,1.0,2.0,2.0,2.0,4.0,5.0,3.0,3.0,6.0,6.0,5.0,5.0,2.0,4.0,1.0,2.0,2.0,4.0,3.0,4.0,4.0,2.0,16.0,1.0,64.0,8.0,1.0,1.0,1.0,1.0,64.0,8.0,1.0,3.0,1.0,3.0,4.0,5.0,1.0,6.0,3.0,5.0,2.0,3.0,1.0,4.0,1.0,5.0,4.0,2.0,5.0,8.0,128.0,1.0,4.0,4.0,1.0,1.0,1.0,1.0,64.0,32.0,1.0,1849093596.0,35619101.0,75000700000.0,111.00788888888889,11760.0,10.0,145408.0,6.58630515543772e+16,12.49831111111111,0.41547755555555554,10.0,85674.66666666667
256000.0,1024000.0,256.0,64.0,2.0,28.0,20.0,24.0,1.0,4.0,1.0,6.0,6.0,6.0,4.0,3.0,6.0,4.0,4.0,1.0,5.0,1.0,3.0,1.0,1.0,1.0,1.0,6.0,4.0,3.0,4.0,1.0,256.0,16.0,1.0,1.0,32.0,1.0,1.0,1.0,1.0,16.0,128.0,1.0,2.0,3.0,1.0,6.0,3.0,2.0,5.0,6.0,2.0,4.0,4.0,4.0,5.0,4.0,1.0,6.0,3.0,3.0,256.0,128.0,1.0,32.0,96.0,1.0,1.0,1.0,1.0,16.0,4.0,1.0,1545662780.0,37123076.0,302755000.0,2.2238511111111112,480.0,10.0,33792.0,5.737975685231128e+16,14.666666666666666,0.6018262222222224,10.0,20721.777777777777
512000.0,16000000.0,256.0,64.0,2.0,36.0,38.0,6.0,6.0,3.0,5.0,3.0,1.0,3.0,1.0,6.0,6.0,2.0,2.0,1.0,4.0,1.0,3.0,2.0,5.0,4.0,6.0,6.0,2.0,6.0,4.0,2.0,32.0,1024.0,1.0,32.0,1024.0,1.0,1.0,1.0,1.0,16.0,128.0,1.0,5.0,6.0,2.0,5.0,3.0,6.0,3.0,3.0,3.0,5.0,2.0,6.0,6.0,1.0,3.0,5.0,3.0,1.0,2.0,4.0,1.0,12.0,8.0,1.0,1.0,1.0,1.0,4.0,5.0,1.0,673362852.0,57509461.0,114930000.0,1.1844866666666667,228.0,10.0,117760.0,3.872473467594277e+16,35.29216666666667,6.0755511111111105,10.0,53386.666666666664
8192.0,32000000.0,256.0,64.0,2.0,42.0,6.0,20.0,1.0,1.0,5.0,4.0,4.0,1.0,6.0,4.0,1.0,5.0,3.0,4.0,1.0,5.0,3.0,4.0,5.0,1.0,6.0,2.0,3.0,5.0,3.0,3.0,2.0,1024.0,1.0,256.0,32.0,1.0,1.0,1.0,1.0,32.0,16.0,1.0,3.0,2.0,3.0,3.0,1.0,6.0,1.0,3.0,2.0,4.0,6.0,1.0,6.0,3.0,4.0,2.0,1.0,4.0,4096.0,256.0,1.0,64.0,768.0,1.0,1.0,1.0,1.0,64.0,2.0,1.0,20674339150.0,90883110.0,54234100.0,0.5907187777777777,120.0,10.0,34048.0,1.8789482391467566e+18,4.111111111111111,2.0495361111111112,10.0,19456.0
32000.0,128000.0,256.0,64.0,3.0,40.0,12.0,14.0,1.0,4.0,6.0,1.0,4.0,2.0,5.0,6.0,4.0,2.0,1.0,2.0,1.0,3.0,2.0,2.0,6.0,6.0,5.0,1.0,2.0,4.0,6.0,5.0,32.0,32.0,1.0,2.0,64.0,1.0,1.0,1.0,1.0,2.0,64.0,1.0,3.0,2.0,2.0,2.0,5.0,3.0,5.0,4.0,4.0,5.0,4.0,5.0,6.0,6.0,2.0,3.0,1.0,2.0,32.0,256.0,1.0,384.0,128.0,1.0,1.0,1.0,1.0,4.0,20.0,1.0,7117729828.0,33877758.0,25598100000.0,48.879,6720.0,10.0,222208.0,2.4113272862236563e+17,6.407422222222222,0.15728077777777777,10.0,130730.66666666667
64000.0,32000000.0,256.0,64.0,2.0,28.0,12.0,8.0,2.0,1.0,1.0,3.0,2.0,6.0,2.0,6.0,2.0,5.0,2.0,1.0,6.0,3.0,1.0,6.0,4.0,2.0,2.0,6.0,5.0,6.0,6.0,4.0,2.0,512.0,1.0,4.0,8.0,1.0,1.0,1.0,1.0,4.0,1.0,1.0,6.0,2.0,4.0,5.0,4.0,3.0,3.0,6.0,4.0,5.0,2.0,3.0,1.0,3.0,1.0,6.0,2.0,4.0,32.0,2048.0,1.0,64.0,48.0,1.0,1.0,1.0,1.0,32.0,4.0,1.0,14633009191.0,78724690.0,42359400.0,0.4262247777777778,96.0,10.0,3712.0,1.1519791123286258e+18,1.5555555555555556,0.507921111111111,10.0,2080.0
4096.0,256000.0,256.0,64.0,3.0,6.0,44.0,40.0,2.0,1.0,2.0,6.0,1.0,1.0,1.0,2.0,2.0,5.0,4.0,2.0,6.0,4.0,1.0,2.0,6.0,4.0,6.0,6.0,6.0,1.0,5.0,5.0,2.0,1024.0,1.0,1024.0,1.0,1.0,1.0,1.0,1.0,1.0,16.0,1.0,1.0,5.0,4.0,4.0,6.0,4.0,1.0,3.0,3.0,2.0,2.0,5.0,4.0,6.0,6.0,4.0,5.0,6.0,4096.0,32.0,1.0,16.0,3.0,1.0,1.0,1.0,1.0,80.0,4.0,1.0,149850048.0,32650409.0,60890200000.0,102.97766666666668,10560.0,10.0,2762752.0,4892665355869632.0,170.667,1.157407222222222,10.0,2641692.4444444445
512000.0,2048000.0,256.0,64.0,2.0,38.0,30.0,32.0,6.0,5.0,1.0,2.0,3.0,5.0,4.0,2.0,2.0,1.0,2.0,2.0,5.0,6.0,3.0,2.0,5.0,6.0,2.0,5.0,3.0,5.0,2.0,4.0,64.0,16.0,1.0,512.0,512.0,1.0,1.0,1.0,1.0,32.0,4.0,1.0,5.0,6.0,4.0,5.0,6.0,4.0,5.0,1.0,1.0,1.0,6.0,1.0,5.0,6.0,5.0,2.0,5.0,3.0,4.0,16.0,1.0,128.0,384.0,1.0,1.0,1.0,1.0,4.0,40.0,1.0,100824960.0,33956205.9,839638000.0,5.329214444444444,960.0,10.0,499456.0,3423633101619264.0,924.6703333333332,9.960813333333334,10.0,240149.33333333334
8192.0,128000.0,256.0,64.0,1.0,38.0,12.0,40.0,1.0,2.0,1.0,3.0,2.0,6.0,2.0,4.0,2.0,5.0,5.0,5.0,4.0,2.0,3.0,5.0,6.0,2.0,5.0,6.0,1.0,2.0,4.0,4.0,4096.0,2048.0,1.0,256.0,2048.0,1.0,1.0,1.0,1.0,64.0,4.0,1.0,1.0,2.0,6.0,5.0,2.0,5.0,5.0,2.0,2.0,6.0,5.0,2.0,5.0,5.0,3.0,2.0,1.0,6.0,16.0,256.0,1.0,384.0,256.0,1.0,1.0,1.0,1.0,64.0,20.0,1.0,24427626505.0,256622400.0,16941800.0,0.177104,40.0,10.0,10.0,6.268676140016712e+18,1.0,1.0034711111111112,10.0,10.0
512000.0,2048000.0,256.0,64.0,1.0,12.0,36.0,36.0,1.0,4.0,4.0,3.0,2.0,1.0,4.0,6.0,3.0,5.0,6.0,2.0,5.0,1.0,3.0,6.0,2.0,5.0,4.0,5.0,1.0,6.0,3.0,3.0,512.0,4096.0,1.0,16.0,16.0,1.0,1.0,1.0,1.0,64.0,4.0,1.0,5.0,5.0,1.0,4.0,1.0,2.0,5.0,6.0,6.0,6.0,1.0,5.0,6.0,2.0,3.0,1.0,3.0,4.0,2048.0,2.0,1.0,96.0,1536.0,1.0,1.0,1.0,1.0,1.0,4.0,1.0,683147273.0,156250000.0,15248700.0,0.16065000000000002,36.0,10.0,220.0,1.0674176140625e+17,35.813744444444445,35.813744444444445,10.0,220.0
64000.0,2048000.0,256.0,64.0,3.0,16.0,34.0,34.0,2.0,1.0,3.0,6.0,2.0,4.0,3.0,3.0,2.0,3.0,2.0,4.0,1.0,3.0,4.0,2.0,5.0,4.0,6.0,1.0,4.0,4.0,2.0,1.0,4.0,2048.0,1.0,32.0,2.0,1.0,1.0,1.0,1.0,1.0,1.0,1.0,2.0,5.0,2.0,1.0,1.0,6.0,5.0,1.0,2.0,4.0,1.0,4.0,6.0,3.0,5.0,1.0,5.0,3.0,32.0,64.0,1.0,4.0,3.0,1.0,1.0,1.0,1.0,4.0,5.0,1.0,1804013673.0,57263988.0,181451000000.0,229.13655555555556,18496.0,10.0,264192.0,1.0330501732250792e+17,16.0,2.0618335555555554,10.0,123747.55555555556
2048000.0,32000.0,256.0,64.0,2.0,30.0,24.0,22.0,6.0,6.0,3.0,3.0,3.0,2.0,6.0,2.0,2.0,1.0,1.0,3.0,6.0,6.0,3.0,6.0,1.0,6.0,5.0,3.0,1.0,1.0,3.0,1.0,8.0,1024.0,1.0,64.0,1024.0,1.0,1.0,1.0,1.0,16.0,1.0,1.0,6.0,3.0,4.0,3.0,4.0,1.0,6.0,3.0,6.0,5.0,4.0,5.0,4.0,4.0,5.0,2.0,1.0,2.0,1024.0,1024.0,1.0,512.0,1536.0,1.0,1.0,1.0,1.0,16.0,320.0,1.0,271656792.0,37457255.0,346319000.0,10.73908,528.0,10.0,4341760.0,1.017551773042596e+16,268.0673888888889,7.514977777777777,10.0,2423466.6666666665
512000.0,4096000.0,256.0,64.0,1.0,36.0,48.0,32.0,4.0,3.0,1.0,6.0,4.0,4.0,2.0,1.0,3.0,2.0,1.0,4.0,4.0,6.0,2.0,5.0,1.0,3.0,1.0,4.0,4.0,1.0,4.0,1.0,1.0,128.0,1.0,4.0,1.0,1.0,1.0,1.0,1.0,128.0,2.0,1.0,2.0,1.0,3.0,3.0,1.0,2.0,5.0,2.0,5.0,2.0,4.0,1.0,2.0,1.0,6.0,2.0,2.0,5.0,2048.0,2.0,1.0,2.0,192.0,1.0,1.0,1.0,1.0,5.0,80.0,1.0,763363337.0,164458500.0,13571800.0,0.14361600000000002,32.0,10.0,258.0,1.255415893580145e+17,32.0,32.111066666666666,10.0,258.0
128000.0,4096000.0,256.0,64.0,3.0,34.0,38.0,16.0,5.0,2.0,2.0,2.0,4.0,5.0,2.0,2.0,3.0,1.0,1.0,3.0,3.0,3.0,3.0,2.0,6.0,1.0,3.0,3.0,5.0,2.0,5.0,6.0,32.0,128.0,1.0,1.0,8.0,1.0,1.0,1.0,1.0,64.0,32.0,1.0,6.0,1.0,3.0,3.0,4.0,3.0,4.0,4.0,4.0,2.0,2.0,1.0,6.0,3.0,3.0,6.0,3.0,5.0,1.0,4096.0,1.0,16.0,3.0,1.0,1.0,1.0,1.0,16.0,320.0,1.0,20738909888.0,33740386.0,225722000000.0,281.52477777777773,20672.0,10.0,2762752.0,6.997388248403368e+17,14.777777777777779,1.0,10.0,1797461.3333333333
2048.0,4096000.0,256.0,64.0,1.0,30.0,38.0,42.0,5.0,6.0,3.0,4.0,6.0,3.0,2.0,6.0,5.0,1.0,1.0,3.0,5.0,3.0,2.0,2.0,1.0,1.0,3.0,1.0,5.0,6.0,5.0,3.0,4096.0,8.0,1.0,32.0,64.0,1.0,1.0,1.0,1.0,128.0,8.0,1.0,1.0,6.0,3.0,3.0,1.0,1.0,3.0,3.0,2.0,4.0,1.0,2.0,5.0,3.0,1.0,3.0,6.0,5.0,8.0,32.0,1.0,3072.0,768.0,1.0,1.0,1.0,1.0,160.0,320.0,1.0,587726857.0,155337040.0,17794600.0,0.186548,42.0,10.0,256.0,9.129575029488328e+16,41.63901111111112,41.63901111111112,10.0,256.0
1024.0,128000.0,256.0,64.0,3.0,2.0,22.0,34.0,5.0,6.0,6.0,2.0,4.0,1.0,2.0,3.0,5.0,2.0,1.0,6.0,1.0,5.0,1.0,1.0,3.0,5.0,3.0,5.0,1.0,2.0,2.0,2.0,4096.0,128.0,1.0,128.0,32.0,1.0,1.0,1.0,1.0,4.0,2.0,1.0,4.0,2.0,5.0,6.0,1.0,4.0,6.0,1.0,1.0,1.0,6.0,6.0,3.0,3.0,4.0,6.0,5.0,2.0,4096.0,64.0,1.0,1.0,2.0,1.0,1.0,1.0,1.0,16.0,160.0,1.0,391859776.0,32847339.7,1716790000.0,13.208122222222222,1496.0,10.0,2131968.0,1.2871551177037906e+16,64.0,0.5520833333333334,10.0,1694634.6666666667
1024.0,512000.0,256.0,64.0,3.0,48.0,10.0,4.0,4.0,6.0,1.0,5.0,2.0,2.0,1.0,6.0,1.0,4.0,2.0,2.0,6.0,5.0,2.0,1.0,4.0,3.0,1.0,3.0,4.0,5.0,4.0,2.0,1024.0,2.0,1.0,4.0,256.0,1.0,1.0,1.0,1.0,128.0,128.0,1.0,4.0,2.0,1.0,1.0,4.0,5.0,6.0,4.0,2.0,5.0,1.0,4.0,2.0,6.0,2.0,2.0,5.0,6.0,128.0,1.0,1.0,256.0,48.0,1.0,1.0,1.0,1.0,1.0,80.0,1.0,438741352.0,33076616.9,2618250000.0,19.74983333333333,1920.0,10.0,4915200.0,1.4512079618292048e+16,73.77777777777777,0.5381944444444444,10.0,2883128.888888889
128000.0,4096000.0,256.0,64.0,2.0,8.0,26.0,8.0,5.0,6.0,2.0,5.0,3.0,3.0,4.0,2.0,2.0,4.0,5.0,5.0,3.0,3.0,3.0,3.0,1.0,3.0,5.0,2.0,5.0,6.0,6.0,2.0,32.0,16.0,1.0,2.0,512.0,1.0,1.0,1.0,1.0,4.0,8.0,1.0,5.0,4.0,1.0,4.0,1.0,6.0,6.0,3.0,2.0,2.0,6.0,1.0,6.0,6.0,4.0,3.0,5.0,2.0,64.0,32.0,1.0,256.0,48.0,1.0,1.0,1.0,1.0,32.0,160.0,1.0,140267056.0,36732881.0,102799000.0,1.2247362222222222,208.0,10.0,161792.0,5152413076268336.0,185.8372222222222,8.822066666666666,10.0,90865.77777777778
16000.0,32000.0,256.0,64.0,1.0,46.0,40.0,18.0,6.0,3.0,2.0,1.0,6.0,2.0,2.0,6.0,5.0,6.0,4.0,6.0,6.0,1.0,6.0,6.0,2.0,5.0,1.0,5.0,3.0,1.0,6.0,6.0,256.0,256.0,1.0,512.0,1024.0,1.0,1.0,1.0,1.0,1.0,2.0,1.0,2.0,5.0,6.0,1.0,2.0,2.0,3.0,6.0,4.0,1.0,1.0,5.0,5.0,4.0,1.0,5.0,5.0,2.0,256.0,16.0,1.0,3.0,64.0,1.0,1.0,1.0,1.0,16.0,64.0,1.0,1359740937.0,111215760.0,7831020.0,0.0833165,18.0,10.0,112.0,1.512246217115671e+17,17.9649,13.03811111111111,10.0,112.0
4096.0,16000.0,256.0,64.0,3.0,32.0,38.0,20.0,1.0,2.0,5.0,2.0,6.0,1.0,3.0,1.0,4.0,4.0,4.0,5.0,3.0,1.0,3.0,1.0,4.0,6.0,1.0,4.0,4.0,3.0,2.0,6.0,2048.0,2.0,1.0,8.0,1.0,1.0,1.0,1.0,1.0,8.0,1.0,1.0,3.0,2.0,6.0,2.0,3.0,4.0,5.0,1.0,4.0,6.0,5.0,2.0,4.0,1.0,6.0,2.0,3.0,6.0,32.0,128.0,1.0,6.0,24.0,1.0,1.0,1.0,1.0,160.0,64.0,1.0,8726520780.0,37403398.0,310767000000.0,362.9844444444444,24320.0,10.0,65664.0,3.2640152988961043e+17,3.7777777777777777,0.1269261777777778,10.0,59619.555555555555
1024.0,64000.0,256.0,64.0,3.0,14.0,12.0,10.0,6.0,2.0,6.0,5.0,4.0,2.0,5.0,3.0,4.0,3.0,3.0,3.0,3.0,5.0,4.0,5.0,3.0,4.0,1.0,3.0,2.0,5.0,6.0,1.0,512.0,1.0,1.0,64.0,8.0,1.0,1.0,1.0,1.0,128.0,8.0,1.0,2.0,5.0,4.0,5.0,6.0,4.0,2.0,3.0,2.0,1.0,4.0,3.0,5.0,3.0,3.0,5.0,6.0,3.0,128.0,128.0,1.0,64.0,384.0,1.0,1.0,1.0,1.0,160.0,8.0,1.0,614534432.0,32861581.8,2085350000.0,14.811033333333334,1680.0,10.0,2072576.0,2.019457350608454e+16,37.92594444444444,0.2013888888888889,10.0,1857763.5555555555
256000.0,32000000.0,256.0,64.0,1.0,14.0,44.0,4.0,6.0,6.0,1.0,1.0,4.0,4.0,1.0,6.0,4.0,6.0,6.0,2.0,4.0,2.0,1.0,2.0,6.0,1.0,3.0,4.0,6.0,5.0,5.0,1.0,32.0,4.0,1.0,8.0,2048.0,1.0,1.0,1.0,1.0,4.0,128.0,1.0,4.0,3.0,3.0,1.0,5.0,5.0,6.0,5.0,6.0,4.0,5.0,1.0,3.0,4.0,1.0,1.0,1.0,6.0,1024.0,256.0,1.0,192.0,128.0,1.0,1.0,1.0,1.0,40.0,80.0,1.0,6106906633.0,188636400.0,2290050.0,0.023392600000000003,4.0,10.0,28.0,1.1519848823852412e+18,4.0,4.894084444444443,10.0,28.0
4096.0,128000.0,256.0,64.0,1.0,4.0,28.0,42.0,4.0,4.0,1.0,4.0,2.0,1.0,2.0,3.0,2.0,6.0,2.0,4.0,6.0,6.0,2.0,5.0,3.0,3.0,6.0,3.0,6.0,1.0,3.0,3.0,8.0,1024.0,1.0,64.0,32.0,1.0,1.0,1.0,1.0,32.0,2.0,1.0,4.0,6.0,3.0,5.0,4.0,2.0,6.0,6.0,6.0,5.0,3.0,2.0,6.0,3.0,2.0,1.0,4.0,2.0,8.0,128.0,1.0,24.0,16.0,1.0,1.0,1.0,1.0,64.0,5.0,1.0,584450057.0,154253640.0,17794600.0,0.186548,42.0,10.0,256.0,9.015354869045747e+16,41.7959,41.578422222222216,10.0,256.0
256.0,16000.0,256.0,64.0,1.0,6.0,22.0,18.0,1.0,2.0,6.0,1.0,5.0,6.0,2.0,6.0,6.0,3.0,1.0,5.0,5.0,4.0,6.0,6.0,1.0,5.0,5.0,5.0,3.0,4.0,5.0,6.0,2.0,2048.0,1.0,2.0,1.0,1.0,1.0,1.0,1.0,4.0,4.0,1.0,3.0,2.0,3.0,5.0,1.0,1.0,5.0,6.0,1.0,1.0,5.0,3.0,1.0,5.0,6.0,5.0,4.0,4.0,4.0,2048.0,1.0,6.0,1.0,1.0,1.0,1.0,1.0,80.0,80.0,1.0,24427626505.0,303568100.0,7831000.0,0.0829646,18.0,10.0,10.0,7.41544816563249e+18,1.0,1.2777111111111112,10.0,10.0
64000.0,512000.0,256.0,64.0,2.0,14.0,38.0,6.0,4.0,2.0,6.0,6.0,5.0,1.0,6.0,5.0,3.0,6.0,6.0,5.0,1.0,4.0,4.0,5.0,2.0,5.0,2.0,3.0,1.0,4.0,2.0,1.0,256.0,1024.0,1.0,16.0,32.0,1.0,1.0,1.0,1.0,8.0,16.0,1.0,1.0,4.0,2.0,1.0,1.0,6.0,5.0,1.0,5.0,5.0,1.0,2.0,3.0,5.0,4.0,2.0,6.0,3.0,1024.0,32.0,1.0,32.0,3.0,1.0,1.0,1.0,1.0,5.0,8.0,1.0,9168879717.0,56917695.0,114919000.0,1.0205744444444445,228.0,10.0,12544.0,5.218714992238923e+17,3.4444444444444446,0.6027617777777778,10.0,5876.222222222223
1024.0,128000.0,256.0,64.0,2.0,4.0,36.0,2.0,3.0,1.0,6.0,2.0,3.0,3.0,3.0,5.0,3.0,1.0,4.0,4.0,1.0,2.0,5.0,2.0,6.0,6.0,3.0,1.0,5.0,3.0,5.0,3.0,16.0,8.0,1.0,512.0,1.0,1.0,1.0,1.0,1.0,8.0,16.0,1.0,1.0,2.0,1.0,6.0,5.0,2.0,1.0,3.0,2.0,2.0,1.0,6.0,3.0,6.0,2.0,4.0,2.0,5.0,512.0,128.0,1.0,1.0,3072.0,1.0,1.0,1.0,1.0,1.0,32.0,1.0,12359565326.0,194637940.0,31074600.0,0.3167317777777778,72.0,10.0,772.0,2.4056403343480684e+18,2.0,2.605806666666667,10.0,500.0
1024.0,32000000.0,256.0,64.0,2.0,44.0,10.0,20.0,6.0,1.0,2.0,5.0,1.0,4.0,6.0,1.0,6.0,4.0,2.0,2.0,2.0,5.0,2.0,3.0,6.0,4.0,1.0,1.0,2.0,1.0,2.0,1.0,2048.0,4096.0,1.0,256.0,32.0,1.0,1.0,1.0,1.0,128.0,1.0,1.0,4.0,4.0,3.0,1.0,3.0,3.0,1.0,3.0,5.0,6.0,3.0,5.0,5.0,2.0,1.0,6.0,4.0,6.0,4.0,32.0,1.0,3.0,8.0,1.0,1.0,1.0,1.0,64.0,5.0,1.0,2991278218.0,83519270.0,98071100.0,1.304285,200.0,10.0,278656.0,2.4982937313426086e+17,17.458444444444446,7.043591155555556,10.0,124219.33333333333
32000.0,128000.0,256.0,64.0,3.0,14.0,6.0,10.0,4.0,1.0,1.0,1.0,4.0,2.0,3.0,1.0,3.0,4.0,2.0,1.0,2.0,4.0,4.0,2.0,6.0,3.0,4.0,2.0,3.0,2.0,5.0,4.0,64.0,512.0,1.0,8.0,64.0,1.0,1.0,1.0,1.0,32.0,32.0,1.0,5.0,5.0,1.0,2.0,2.0,3.0,3.0,6.0,3.0,5.0,1.0,4.0,5.0,1.0,2.0,5.0,5.0,3.0,4.0,2.0,1.0,384.0,24.0,1.0,1.0,1.0,1.0,64.0,8.0,1.0,1995618234.0,34651013.0,683444000.0,5.297210000000001,840.0,10.0,790528.0,6.915019336937104e+16,11.243222222222222,0.2411788888888889,10.0,406528.0
1024.0,8192000.0,256.0,64.0,2.0,24.0,46.0,26.0,5.0,6.0,3.0,1.0,2.0,2.0,6.0,6.0,3.0,5.0,1.0,5.0,1.0,5.0,5.0,4.0,6.0,3.0,1.0,5.0,5.0,6.0,2.0,1.0,1024.0,128.0,1.0,1024.0,1.0,1.0,1.0,1.0,1.0,32.0,64.0,1.0,6.0,6.0,4.0,5.0,2.0,3.0,2.0,1.0,4.0,4.0,3.0,1.0,6.0,6.0,4.0,3.0,1.0,5.0,2.0,128.0,1.0,1536.0,256.0,1.0,1.0,1.0,1.0,80.0,80.0,1.0,842611481.0,73758986.0,1189690000.0,6.652202222222222,1196.0,10.0,463168.0,6.2150168430518264e+16,531.1466666666666,33.03526666666667,10.0,267498.6666666667
128.0,256000.0,256.0,64.0,3.0,38.0,10.0,26.0,6.0,6.0,2.0,5.0,6.0,2.0,1.0,5.0,1.0,5.0,6.0,2.0,4.0,3.0,4.0,5.0,1.0,4.0,3.0,2.0,6.0,2.0,5.0,5.0,4096.0,2.0,1.0,128.0,64.0,1.0,1.0,1.0,1.0,4.0,32.0,1.0,6.0,1.0,1.0,4.0,4.0,6.0,4.0,5.0,2.0,2.0,4.0,4.0,6.0,6.0,2.0,2.0,3.0,5.0,128.0,256.0,1.0,4.0,1536.0,1.0,1.0,1.0,1.0,40.0,320.0,1.0,2279639024.0,32602688.0,53546900000.0,117.92464444444445,9880.0,10.0,16187392.0,7.432235985209651e+16,88.41000000000001,0.0,10.0,9579178.666666666
128000.0,32000.0,256.0,64.0,3.0,40.0,6.0,34.0,4.0,2.0,6.0,2.0,2.0,3.0,6.0,6.0,3.0,3.0,1.0,4.0,1.0,4.0,2.0,5.0,1.0,2.0,2.0,4.0,3.0,6.0,3.0,4.0,8.0,256.0,1.0,16.0,2048.0,1.0,1.0,1.0,1.0,32.0,64.0,1.0,2.0,4.0,6.0,5.0,2.0,2.0,2.0,6.0,6.0,5.0,4.0,6.0,1.0,3.0,5.0,2.0,4.0,5.0,4096.0,1.0,1.0,16.0,512.0,1.0,1.0,1.0,1.0,1.0,5.0,1.0,4959944336.0,47718842.6,37071700000.0,74.1396888888889,8160.0,10.0,4240384.0,2.3668280307434554e+17,5.702074444444445,0.4609377777777778,10.0,2952874.6666666665
512.0,4096000.0,256.0,64.0,1.0,36.0,46.0,38.0,2.0,6.0,3.0,4.0,2.0,6.0,5.0,2.0,5.0,4.0,5.0,6.0,1.0,3.0,4.0,4.0,1.0,4.0,5.0,6.0,5.0,2.0,5.0,4.0,32.0,2048.0,1.0,16.0,8.0,1.0,1.0,1.0,1.0,64.0,128.0,1.0,1.0,6.0,6.0,2.0,1.0,6.0,1.0,5.0,2.0,2.0,1.0,3.0,6.0,2.0,3.0,6.0,6.0,2.0,64.0,128.0,1.0,2.0,512.0,1.0,1.0,1.0,1.0,10.0,320.0,1.0,644087817.0,189877720.0,16093200.0,0.16927899999999999,38.0,10.0,232.0,1.2229792617173725e+17,37.9259,37.9259,10.0,232.0
16000.0,2048000.0,256.0,64.0,1.0,48.0,38.0,6.0,4.0,5.0,6.0,3.0,6.0,1.0,3.0,2.0,1.0,5.0,2.0,2.0,4.0,2.0,4.0,6.0,4.0,6.0,3.0,6.0,5.0,4.0,5.0,4.0,2.0,256.0,1.0,128.0,128.0,1.0,1.0,1.0,1.0,1.0,2.0,1.0,4.0,3.0,2.0,2.0,5.0,5.0,1.0,4.0,4.0,3.0,6.0,4.0,3.0,5.0,3.0,4.0,3.0,5.0,32.0,64.0,1.0,256.0,384.0,1.0,1.0,1.0,1.0,10.0,40.0,1.0,24427626505.0,313743700.0,3069380.0,0.0318497,6.0,10.0,10.0,7.664013921896769e+18,1.0,1.49988,10.0,10.0
1024.0,128000.0,256.0,64.0,3.0,22.0,26.0,32.0,6.0,2.0,3.0,3.0,6.0,3.0,2.0,4.0,6.0,1.0,4.0,1.0,3.0,2.0,1.0,1.0,5.0,6.0,2.0,6.0,6.0,2.0,2.0,4.0,256.0,4096.0,1.0,4.0,512.0,1.0,1.0,1.0,1.0,4.0,32.0,1.0,6.0,1.0,4.0,2.0,2.0,4.0,6.0,2.0,4.0,5.0,5.0,4.0,5.0,6.0,4.0,5.0,5.0,2.0,4.0,512.0,1.0,6.0,12.0,1.0,1.0,1.0,1.0,4.0,160.0,1.0,6838864320.0,32802231.0,177777000000.0,234.38688888888888,18304.0,10.0,4489216.0,2.2433000720229792e+17,4.888888888888889,0.026041666666666668,10.0,2780131.5555555555
512000.0,8192000.0,256.0,64.0,1.0,24.0,44.0,2.0,1.0,1.0,5.0,6.0,5.0,1.0,4.0,4.0,6.0,6.0,1.0,5.0,2.0,3.0,1.0,1.0,3.0,1.0,6.0,2.0,6.0,4.0,6.0,1.0,32.0,128.0,1.0,512.0,16.0,1.0,1.0,1.0,1.0,32.0,2.0,1.0,5.0,1.0,6.0,2.0,1.0,6.0,4.0,4.0,4.0,6.0,5.0,6.0,5.0,3.0,2.0,3.0,4.0,3.0,1024.0,1024.0,1.0,3072.0,128.0,1.0,1.0,1.0,1.0,10.0,1.0,1.0,12213813257.0,240853880.0,1518110.0,0.014839000000000001,2.0,10.0,18.0,2.9417443125438874e+18,2.0,2.0000044444444445,10.0,18.0
256.0,4096000.0,256.0,64.0,2.0,34.0,42.0,20.0,5.0,2.0,3.0,4.0,1.0,1.0,4.0,3.0,3.0,1.0,2.0,2.0,4.0,1.0,1.0,1.0,4.0,4.0,1.0,3.0,1.0,1.0,3.0,6.0,128.0,16.0,1.0,64.0,4.0,1.0,1.0,1.0,1.0,16.0,1.0,1.0,2.0,5.0,3.0,1.0,1.0,2.0,1.0,2.0,1.0,2.0,1.0,1.0,4.0,4.0,4.0,2.0,5.0,3.0,512.0,4096.0,1.0,1024.0,2.0,1.0,1.0,1.0,1.0,5.0,10.0,1.0,1125483120.0,77168900.0,683368000.0,4.017025555555555,840.0,10.0,57364.0,8.6852294338968e+16,29.58728888888889,8.90833,10.0,35460.0
512000.0,16000000.0,256.0,64.0,3.0,28.0,26.0,14.0,6.0,3.0,5.0,1.0,3.0,6.0,1.0,1.0,4.0,6.0,4.0,4.0,2.0,2.0,4.0,2.0,3.0,1.0,2.0,2.0,1.0,4.0,4.0,5.0,1.0,4.0,1.0,4.0,512.0,1.0,1.0,1.0,1.0,2.0,32.0,1.0,5.0,3.0,2.0,5.0,6.0,6.0,4.0,4.0,3.0,6.0,3.0,1.0,2.0,5.0,2.0,5.0,5.0,5.0,512.0,2048.0,1.0,384.0,128.0,1.0,1.0,1.0,1.0,20.0,160.0,1.0,10240995704.0,33373367.0,56857100000.0,97.96368888888888,10192.0,10.0,4579328.0,3.4177650807501536e+17,13.411422222222221,0.33933955555555556,10.0,2612792.888888889
16000.0,16000000.0,256.0,64.0,3.0,18.0,14.0,44.0,1.0,6.0,2.0,6.0,5.0,3.0,3.0,1.0,5.0,3.0,4.0,2.0,6.0,5.0,2.0,1.0,2.0,2.0,4.0,6.0,2.0,4.0,1.0,3.0,4.0,1024.0,1.0,64.0,1024.0,1.0,1.0,1.0,1.0,64.0,32.0,1.0,4.0,6.0,1.0,4.0,6.0,2.0,1.0,2.0,3.0,1.0,2.0,1.0,1.0,2.0,3.0,5.0,4.0,1.0,4.0,1024.0,1.0,12.0,512.0,1.0,1.0,1.0,1.0,8.0,40.0,1.0,1746819072.0,32487459.2,66918500000.0,120.56266666666667,11088.0,10.0,6578176.0,5.6749713331381864e+16,18.444444444444443,0.034722222222222224,10.0,5635185.777777778
2048.0,4096000.0,256.0,64.0,1.0,6.0,2.0,28.0,2.0,1.0,6.0,4.0,6.0,4.0,1.0,6.0,3.0,4.0,6.0,3.0,3.0,4.0,2.0,1.0,3.0,5.0,3.0,2.0,5.0,3.0,3.0,5.0,64.0,64.0,1.0,1024.0,4.0,1.0,1.0,1.0,1.0,1.0,64.0,1.0,5.0,5.0,2.0,2.0,3.0,3.0,4.0,4.0,6.0,6.0,1.0,6.0,2.0,3.0,5.0,2.0,2.0,2.0,32.0,2048.0,1.0,384.0,12.0,1.0,1.0,1.0,1.0,80.0,80.0,1.0,24427626505.0,247035780.0,11911100.0,0.125609,28.0,10.0,10.0,6.034497767211349e+18,1.0,1.0017333333333331,10.0,10.0
16000.0,1024000.0,256.0,64.0,2.0,40.0,16.0,26.0,1.0,6.0,2.0,3.0,4.0,5.0,6.0,4.0,1.0,6.0,6.0,3.0,1.0,6.0,3.0,3.0,5.0,4.0,2.0,6.0,2.0,3.0,6.0,1.0,8.0,4096.0,1.0,4.0,32.0,1.0,1.0,1.0,1.0,128.0,2.0,1.0,3.0,1.0,2.0,4.0,6.0,4.0,3.0,3.0,5.0,3.0,1.0,1.0,4.0,2.0,6.0,4.0,6.0,4.0,2.0,1024.0,1.0,1536.0,2.0,1.0,1.0,1.0,1.0,10.0,20.0,1.0,1562378257.0,90769010.0,248916000.0,1.8580633333333332,416.0,10.0,1312.0,1.4181552763341557e+17,16.0,7.941035555555555,10.0,1032.0
512000.0,4096000.0,256.0,64.0,2.0,6.0,48.0,26.0,6.0,4.0,4.0,1.0,4.0,4.0,2.0,2.0,6.0,4.0,1.0,2.0,1.0,6.0,6.0,5.0,6.0,5.0,6.0,3.0,2.0,6.0,6.0,5.0,2.0,128.0,1.0,256.0,128.0,1.0,1.0,1.0,1.0,1.0,2.0,1.0,2.0,4.0,6.0,1.0,3.0,2.0,3.0,1.0,1.0,6.0,2.0,3.0,2.0,3.0,1.0,4.0,3.0,4.0,256.0,4096.0,1.0,1.0,384.0,1.0,1.0,1.0,1.0,1.0,64.0,1.0,1295094000.0,88354780.0,1274410000.0,6.092778888888888,1248.0,10.0,25472.0,1.1442774544932e+17,550.7866666666666,260.59260555555556,10.0,24976.444444444445
1024000.0,256000.0,256.0,64.0,1.0,22.0,42.0,30.0,4.0,3.0,3.0,6.0,3.0,4.0,5.0,5.0,3.0,5.0,3.0,6.0,4.0,1.0,5.0,1.0,6.0,1.0,3.0,1.0,2.0,4.0,5.0,5.0,512.0,1024.0,1.0,4.0,1.0,1.0,1.0,1.0,1.0,16.0,128.0,1.0,4.0,6.0,6.0,1.0,2.0,4.0,6.0,5.0,6.0,3.0,2.0,5.0,6.0,3.0,5.0,3.0,1.0,3.0,2048.0,32.0,1.0,12.0,1.0,1.0,1.0,1.0,1.0,2.0,80.0,1.0,956301321.0,219878700.0,12739400.0,0.134983,30.0,10.0,242.0,2.102702912697627e+17,24.2963,24.29643333333333,10.0,242.0
1024.0,32000000.0,256.0,64.0,1.0,26.0,30.0,14.0,4.0,4.0,2.0,3.0,5.0,4.0,4.0,4.0,1.0,2.0,6.0,6.0,3.0,1.0,1.0,6.0,5.0,5.0,5.0,4.0,1.0,1.0,3.0,1.0,32.0,4096.0,1.0,32.0,1024.0,1.0,1.0,1.0,1.0,128.0,1.0,1.0,2.0,1.0,4.0,3.0,6.0,1.0,1.0,6.0,5.0,5.0,5.0,3.0,6.0,4.0,4.0,2.0,3.0,3.0,64.0,512.0,1.0,8.0,512.0,1.0,1.0,1.0,1.0,20.0,320.0,1.0,24427626505.0,256309600.0,6227490.0,0.0659263,14.0,10.0,10.0,6.261035178445948e+18,1.0,1.0,10.0,10.0
512.0,64000.0,256.0,64.0,2.0,10.0,30.0,40.0,2.0,5.0,5.0,5.0,1.0,2.0,5.0,4.0,5.0,4.0,2.0,2.0,6.0,6.0,3.0,5.0,2.0,4.0,1.0,5.0,5.0,4.0,3.0,4.0,32.0,8.0,1.0,32.0,128.0,1.0,1.0,1.0,1.0,4.0,4.0,1.0,4.0,2.0,6.0,5.0,5.0,2.0,4.0,6.0,6.0,6.0,6.0,2.0,5.0,1.0,2.0,3.0,2.0,3.0,1.0,16.0,1.0,768.0,32.0,1.0,1.0,1.0,1.0,4.0,40.0,1.0,1046937744.0,143852880.0,1196070000.0,5.804423333333333,1200.0,10.0,23104.0,1.5060500965510272e+17,22.8148,14.451055555555554,10.0,15606.222222222223
4096.0,128000.0,256.0,64.0,1.0,4.0,24.0,12.0,4.0,2.0,3.0,2.0,3.0,1.0,2.0,2.0,1.0,2.0,5.0,6.0,3.0,6.0,4.0,3.0,4.0,4.0,6.0,4.0,1.0,1.0,4.0,4.0,2048.0,2.0,1.0,64.0,2.0,1.0,1.0,1.0,1.0,128.0,128.0,1.0,4.0,3.0,1.0,5.0,5.0,4.0,3.0,6.0,2.0,2.0,1.0,5.0,3.0,3.0,2.0,4.0,4.0,6.0,32.0,2.0,1.0,3072.0,768.0,1.0,1.0,1.0,1.0,20.0,5.0,1.0,2039611401.0,113829260.0,5431850.0,0.05763480000000001,12.0,10.0,76.0,2.3216745646339325e+17,11.9766,8.610377777777778,10.0,76.0
2048.0,16000.0,256.0,64.0,2.0,8.0,36.0,6.0,5.0,4.0,2.0,5.0,2.0,5.0,1.0,4.0,6.0,4.0,2.0,1.0,6.0,1.0,3.0,3.0,5.0,4.0,5.0,3.0,6.0,5.0,5.0,6.0,256.0,2.0,1.0,512.0,4.0,1.0,1.0,1.0,1.0,4.0,16.0,1.0,3.0,3.0,1.0,4.0,3.0,5.0,6.0,1.0,6.0,1.0,5.0,5.0,4.0,3.0,2.0,6.0,1.0,3.0,16.0,4096.0,1.0,16.0,12.0,1.0,1.0,1.0,1.0,320.0,5.0,1.0,315818191.0,45285820.0,107589000.0,0.9864117777777779,216.0,10.0,19704.0,1.430208575035162e+16,85.27093333333333,11.290294444444443,10.0,11472.888888888889
128000.0,1024000.0,256.0,64.0,2.0,44.0,20.0,48.0,6.0,3.0,3.0,3.0,4.0,1.0,2.0,4.0,4.0,5.0,2.0,5.0,2.0,3.0,2.0,6.0,6.0,3.0,3.0,3.0,2.0,1.0,1.0,4.0,1024.0,4.0,1.0,32.0,256.0,1.0,1.0,1.0,1.0,128.0,1.0,1.0,4.0,6.0,1.0,1.0,1.0,5.0,3.0,4.0,4.0,2.0,6.0,1.0,2.0,5.0,2.0,2.0,3.0,6.0,128.0,1024.0,1.0,6.0,3.0,1.0,1.0,1.0,1.0,40.0,16.0,1.0,1477452770.0,73016570.0,839596000.0,4.695876666666667,960.0,10.0,97376.0,1.078785336023989e+17,17.641022222222222,7.522622222222221,10.0,56572.444444444445
512.0,512000.0,256.0,64.0,2.0,6.0,10.0,32.0,3.0,6.0,4.0,6.0,3.0,2.0,4.0,6.0,6.0,1.0,2.0,2.0,3.0,4.0,6.0,3.0,3.0,3.0,4.0,6.0,6.0,4.0,3.0,4.0,512.0,1024.0,1.0,16.0,128.0,1.0,1.0,1.0,1.0,16.0,1.0,1.0,4.0,3.0,3.0,2.0,3.0,4.0,2.0,5.0,5.0,6.0,6.0,2.0,2.0,6.0,3.0,1.0,5.0,1.0,32.0,32.0,1.0,24.0,256.0,1.0,1.0,1.0,1.0,320.0,1.0,1.0,2482290091.0,81553103.0,176008000.0,1.7013144444444444,320.0,10.0,166528.0,2.0243845946720237e+17,9.84615,2.816076,10.0,83150.22222222222
8192.0,32000.0,256.0,64.0,1.0,14.0,38.0,26.0,4.0,5.0,3.0,6.0,5.0,3.0,2.0,4.0,1.0,4.0,3.0,2.0,3.0,3.0,4.0,4.0,2.0,3.0,6.0,4.0,6.0,6.0,5.0,2.0,2.0,1024.0,1.0,8.0,256.0,1.0,1.0,1.0,1.0,2.0,4.0,1.0,2.0,5.0,4.0,1.0,5.0,4.0,4.0,4.0,6.0,5.0,2.0,4.0,5.0,5.0,5.0,2.0,5.0,6.0,8.0,512.0,1.0,3072.0,8.0,1.0,1.0,1.0,1.0,1.0,64.0,1.0,1082130441.0,222226540.0,11087000.0,0.11773099999999999,26.0,10.0,210.0,2.4047810373210413e+17,22.179855555555555,22.17995555555556,10.0,210.0
4096.0,4096000.0,256.0,64.0,1.0,34.0,30.0,48.0,3.0,5.0,2.0,3.0,6.0,2.0,6.0,6.0,2.0,1.0,6.0,5.0,6.0,1.0,2.0,6.0,6.0,5.0,5.0,1.0,2.0,3.0,2.0,4.0,1.0,64.0,1.0,128.0,1.0,1.0,1.0,1.0,1.0,16.0,16.0,1.0,5.0,6.0,1.0,4.0,4.0,1.0,6.0,6.0,3.0,1.0,1.0,5.0,4.0,1.0,2.0,1.0,4.0,6.0,1.0,1024.0,1.0,512.0,8.0,1.0,1.0,1.0,1.0,160.0,320.0,1.0,24427626505.0,246449280.0,20377200.0,0.211504,48.0,10.0,10.0,6.020170964266166e+18,1.0,1.0,10.0,10.0
256.0,256000.0,256.0,64.0,1.0,42.0,32.0,42.0,6.0,3.0,1.0,3.0,6.0,6.0,6.0,6.0,2.0,1.0,5.0,6.0,6.0,2.0,6.0,6.0,1.0,1.0,1.0,5.0,1.0,1.0,5.0,5.0,4.0,256.0,1.0,64.0,2048.0,1.0,1.0,1.0,1.0,2.0,32.0,1.0,6.0,1.0,4.0,5.0,4.0,5.0,2.0,1.0,5.0,6.0,6.0,1.0,3.0,6.0,6.0,1.0,4.0,6.0,2.0,2.0,1.0,32.0,32.0,1.0,1.0,1.0,1.0,1.0,2.0,1.0,584450057.0,155144440.0,17794600.0,0.186548,42.0,10.0,256.0,9.067417680123309e+16,41.7959,42.00918888888889,10.0,256.0
256000.0,32000.0,256.0,64.0,2.0,22.0,38.0,34.0,3.0,2.0,6.0,4.0,5.0,1.0,4.0,5.0,4.0,5.0,6.0,6.0,6.0,2.0,4.0,6.0,4.0,6.0,5.0,2.0,6.0,4.0,2.0,4.0,128.0,16.0,1.0,128.0,1.0,1.0,1.0,1.0,1.0,32.0,2.0,1.0,1.0,4.0,2.0,5.0,3.0,1.0,6.0,4.0,2.0,6.0,3.0,2.0,3.0,1.0,1.0,6.0,1.0,2.0,1.0,128.0,1.0,6.0,1536.0,1.0,1.0,1.0,1.0,10.0,160.0,1.0,24897388553.0,138583770.0,1348280000.0,6.243524444444445,1292.0,10.0,152.0,3.450373968829585e+18,1.0,0.7620428888888888,10.0,128.88888888888889
256.0,512000.0,256.0,64.0,1.0,14.0,12.0,46.0,4.0,6.0,4.0,4.0,5.0,3.0,1.0,2.0,3.0,2.0,4.0,4.0,2.0,1.0,2.0,6.0,4.0,1.0,3.0,4.0,4.0,5.0,5.0,3.0,128.0,128.0,1.0,16.0,64.0,1.0,1.0,1.0,1.0,64.0,2.0,1.0,1.0,1.0,1.0,2.0,1.0,5.0,2.0,4.0,4.0,1.0,3.0,1.0,2.0,1.0,1.0,2.0,3.0,6.0,32.0,1.0,1.0,3072.0,64.0,1.0,1.0,1.0,1.0,5.0,10.0,1.0,533463049.0,199533060.0,19512200.0,0.20383099999999998,46.0,10.0,280.0,1.0644351456389994e+17,45.69976666666667,45.69976666666667,10.0,280.0
64000.0,1024000.0,256.0,64.0,1.0,20.0,14.0,4.0,1.0,5.0,1.0,4.0,6.0,3.0,1.0,1.0,1.0,1.0,1.0,5.0,3.0,2.0,5.0,1.0,3.0,2.0,5.0,6.0,5.0,4.0,4.0,6.0,64.0,32.0,1.0,4.0,64.0,1.0,1.0,1.0,1.0,16.0,128.0,1.0,6.0,5.0,6.0,2.0,1.0,4.0,4.0,1.0,2.0,2.0,4.0,3.0,4.0,6.0,2.0,6.0,4.0,4.0,16.0,32.0,1.0,2.0,1024.0,1.0,1.0,1.0,1.0,20.0,10.0,1.0,24427626505.0,303880900.0,2290040.0,0.0233305,4.0,10.0,10.0,7.423089127203254e+18,1.0,1.2811822222222224,10.0,10.0
64000.0,8192000.0,256.0,64.0,3.0,46.0,34.0,18.0,1.0,2.0,2.0,4.0,5.0,3.0,3.0,5.0,1.0,2.0,6.0,5.0,1.0,2.0,4.0,1.0,5.0,5.0,6.0,3.0,1.0,5.0,3.0,4.0,16.0,256.0,1.0,16.0,512.0,1.0,1.0,1.0,1.0,16.0,4.0,1.0,6.0,3.0,5.0,4.0,6.0,5.0,6.0,1.0,6.0,4.0,5.0,1.0,4.0,5.0,2.0,1.0,6.0,2.0,1024.0,4.0,1.0,6.0,1536.0,1.0,1.0,1.0,1.0,20.0,320.0,1.0,2335746608.0,32652142.0,414709000000.0,476.813,28152.0,10.0,4784128.0,7.626712992043434e+16,10.666666666666666,0.016493066666666667,10.0,2785280.0
256.0,128000.0,256.0,64.0,2.0,44.0,18.0,40.0,4.0,4.0,5.0,5.0,2.0,6.0,2.0,2.0,1.0,3.0,4.0,1.0,2.0,6.0,1.0,6.0,3.0,6.0,2.0,6.0,6.0,1.0,1.0,6.0,32.0,1024.0,1.0,512.0,16.0,1.0,1.0,1.0,1.0,2.0,1.0,1.0,2.0,4.0,1.0,2.0,5.0,2.0,4.0,5.0,3.0,6.0,5.0,3.0,2.0,5.0,4.0,4.0,6.0,4.0,1024.0,1.0,1.0,192.0,4.0,1.0,1.0,1.0,1.0,40.0,80.0,1.0,24557649937.0,155330910.0,541815000.0,3.30394,720.0,10.0,1216.0,3.814562112175653e+18,1.0,0.8001485555555556,10.0,767.1111111111111
64000.0,16000.0,256.0,64.0,1.0,38.0,18.0,16.0,5.0,4.0,5.0,2.0,4.0,5.0,4.0,2.0,5.0,1.0,3.0,3.0,1.0,1.0,2.0,2.0,3.0,6.0,4.0,5.0,3.0,2.0,1.0,1.0,1.0,32.0,1.0,1.0,128.0,1.0,1.0,1.0,1.0,16.0,32.0,1.0,6.0,2.0,5.0,5.0,2.0,2.0,6.0,1.0,4.0,6.0,5.0,1.0,3.0,1.0,3.0,2.0,1.0,3.0,32.0,32.0,1.0,8.0,64.0,1.0,1.0,1.0,1.0,8.0,5.0,1.0,1526726665.0,111930560.0,7027220.0,0.0747559,16.0,10.0,100.0,1.708873705803824e+17,16.0,11.61212222222222,10.0,100.0
8192.0,64000.0,256.0,64.0,2.0,30.0,6.0,24.0,2.0,5.0,2.0,3.0,5.0,5.0,1.0,3.0,1.0,2.0,2.0,4.0,1.0,3.0,6.0,5.0,4.0,6.0,2.0,5.0,4.0,5.0,1.0,5.0,256.0,256.0,1.0,32.0,32.0,1.0,1.0,1.0,1.0,2.0,8.0,1.0,5.0,5.0,3.0,3.0,5.0,5.0,2.0,6.0,3.0,3.0,4.0,3.0,3.0,1.0,6.0,1.0,2.0,3.0,256.0,256.0,1.0,48.0,128.0,1.0,1.0,1.0,1.0,20.0,4.0,1.0,4198615996.0,64460090.0,66704900.0,1.0730902222222223,144.0,10.0,151808.0,2.7064316497759965e+17,5.81818,2.06779,10.0,128824.88888888889
32000.0,16000000.0,256.0,64.0,3.0,14.0,44.0,38.0,5.0,6.0,1.0,1.0,1.0,6.0,4.0,6.0,4.0,3.0,4.0,5.0,3.0,1.0,5.0,6.0,4.0,1.0,1.0,2.0,3.0,4.0,6.0,4.0,128.0,1024.0,1.0,256.0,256.0,1.0,1.0,1.0,1.0,16.0,16.0,1.0,2.0,2.0,4.0,2.0,1.0,4.0,6.0,5.0,2.0,2.0,3.0,2.0,1.0,2.0,5.0,4.0,4.0,3.0,4096.0,1024.0,1.0,128.0,3.0,1.0,1.0,1.0,1.0,10.0,32.0,1.0,61285392.0,32530896.9,288235000000.0,375.25022222222225,23408.0,10.0,15056896.0,1993668768628084.8,366.6172222222222,1.8194444444444444,10.0,10269127.111111112
8192.0,32000000.0,256.0,64.0,2.0,22.0,38.0,14.0,6.0,2.0,1.0,5.0,5.0,5.0,2.0,5.0,2.0,1.0,4.0,6.0,5.0,5.0,3.0,5.0,6.0,1.0,1.0,1.0,5.0,4.0,6.0,2.0,512.0,2048.0,1.0,1.0,8.0,1.0,1.0,1.0,1.0,64.0,16.0,1.0,2.0,4.0,2.0,4.0,4.0,2.0,6.0,4.0,2.0,2.0,2.0,5.0,6.0,6.0,6.0,3.0,2.0,4.0,4.0,2048.0,1.0,1.0,6.0,1.0,1.0,1.0,1.0,10.0,8.0,1.0,419668804.0,140626760.0,349581000.0,2.6158788888888895,532.0,10.0,139296.0,5.901666417959504e+16,112.72444444444444,98.36553333333333,10.0,63438.22222222222
512.0,8192000.0,256.0,64.0,2.0,36.0,28.0,38.0,1.0,3.0,3.0,5.0,3.0,2.0,4.0,4.0,5.0,3.0,2.0,2.0,5.0,3.0,5.0,6.0,3.0,2.0,4.0,6.0,4.0,1.0,5.0,1.0,256.0,1024.0,1.0,32.0,256.0,1.0,1.0,1.0,1.0,1.0,8.0,1.0,2.0,4.0,1.0,1.0,4.0,6.0,1.0,1.0,4.0,1.0,4.0,1.0,3.0,2.0,2.0,2.0,3.0,4.0,32.0,256.0,1.0,64.0,32.0,1.0,1.0,1.0,1.0,20.0,1.0,1.0,30265751.0,37901994.0,986856000.0,5.128363333333334,1064.0,10.0,48640.0,1147132312807494.0,777.4814444444444,21.84165555555556,10.0,26737.777777777777
2048000.0,128000.0,256.0,64.0,2.0,36.0,28.0,8.0,5.0,5.0,3.0,6.0,4.0,5.0,6.0,5.0,6.0,6.0,5.0,6.0,5.0,4.0,4.0,3.0,1.0,6.0,3.0,2.0,5.0,3.0,5.0,5.0,128.0,2.0,1.0,64.0,128.0,1.0,1.0,1.0,1.0,128.0,64.0,1.0,4.0,3.0,5.0,3.0,6.0,6.0,6.0,6.0,4.0,1.0,3.0,3.0,1.0,6.0,5.0,3.0,4.0,6.0,1.0,128.0,1.0,1024.0,768.0,1.0,1.0,1.0,1.0,320.0,64.0,1.0,5100617761.0,127821990.0,112509000.0,1.9550122222222224,224.0,10.0,493696.0,6.519711124403644e+17,4.555555555555555,3.666263333333333,10.0,281898.6666666667
128000.0,1024000.0,256.0,64.0,2.0,36.0,32.0,16.0,2.0,4.0,2.0,1.0,4.0,2.0,3.0,1.0,3.0,1.0,5.0,3.0,5.0,1.0,5.0,1.0,2.0,1.0,5.0,1.0,2.0,1.0,2.0,4.0,16.0,2.0,1.0,1024.0,32.0,1.0,1.0,1.0,1.0,4.0,8.0,1.0,6.0,2.0,4.0,5.0,6.0,2.0,3.0,3.0,1.0,6.0,2.0,6.0,4.0,6.0,6.0,1.0,5.0,6.0,64.0,2048.0,1.0,128.0,64.0,1.0,1.0,1.0,1.0,80.0,20.0,1.0,973615677.0,47300890.0,331271000.0,2.9858677777777776,512.0,10.0,346624.0,4.605288804005253e+16,27.555555555555557,7.7483,10.0,198037.33333333334
128000.0,32000000.0,256.0,64.0,3.0,28.0,46.0,18.0,4.0,1.0,2.0,5.0,3.0,5.0,3.0,2.0,5.0,1.0,4.0,4.0,3.0,6.0,6.0,1.0,6.0,5.0,4.0,6.0,5.0,5.0,6.0,5.0,2048.0,4.0,1.0,2.0,1024.0,1.0,1.0,1.0,1.0,64.0,4.0,1.0,5.0,1.0,5.0,2.0,3.0,5.0,3.0,1.0,4.0,2.0,1.0,3.0,1.0,3.0,3.0,4.0,3.0,2.0,32.0,1024.0,1.0,24.0,2.0,1.0,1.0,1.0,1.0,5.0,5.0,1.0,665959136.0,33130722.8,282830000000.0,342.58855555555556,23184.0,10.0,4980736.0,2.20637075309435e+16,193.18500000000003,1.7397277777777778,10.0,2403989.3333333335
2048.0,32000000.0,256.0,64.0,1.0,12.0,22.0,36.0,3.0,2.0,6.0,5.0,1.0,3.0,4.0,1.0,2.0,6.0,2.0,5.0,5.0,1.0,6.0,6.0,3.0,3.0,1.0,2.0,2.0,1.0,5.0,3.0,2.0,32.0,1.0,1.0,256.0,1.0,1.0,1.0,1.0,2.0,2.0,1.0,4.0,5.0,5.0,2.0,3.0,5.0,1.0,1.0,5.0,4.0,2.0,3.0,6.0,3.0,4.0,6.0,6.0,4.0,8.0,64.0,1.0,96.0,192.0,1.0,1.0,1.0,1.0,10.0,16.0,1.0,24427626505.0,209954400.0,15248600.0,0.159925,36.0,10.0,10.0,5.128687666281372e+18,1.0,1.0034711111111112,10.0,10.0
256.0,2048000.0,256.0,64.0,2.0,14.0,6.0,30.0,5.0,2.0,6.0,3.0,4.0,3.0,1.0,6.0,6.0,4.0,1.0,6.0,4.0,2.0,2.0,2.0,4.0,2.0,2.0,4.0,4.0,3.0,3.0,3.0,16.0,8.0,1.0,8.0,256.0,1.0,1.0,1.0,1.0,128.0,64.0,1.0,2.0,5.0,5.0,3.0,1.0,5.0,5.0,6.0,2.0,5.0,3.0,3.0,6.0,3.0,3.0,2.0,6.0,4.0,1024.0,4096.0,1.0,24.0,384.0,1.0,1.0,1.0,1.0,5.0,5.0,1.0,1226211920.0,39901896.0,86483900.0,0.9048018888888888,180.0,10.0,59632.0,4.892818050580032e+16,19.8095,1.1688615555555557,10.0,34096.0
4096.0,8192000.0,256.0,64.0,1.0,38.0,44.0,46.0,5.0,3.0,6.0,3.0,1.0,6.0,4.0,5.0,3.0,4.0,5.0,4.0,2.0,6.0,4.0,1.0,5.0,6.0,3.0,2.0,6.0,4.0,6.0,2.0,16.0,16.0,1.0,512.0,2048.0,1.0,1.0,1.0,1.0,64.0,64.0,1.0,6.0,5.0,3.0,2.0,2.0,2.0,1.0,3.0,4.0,2.0,6.0,5.0,2.0,2.0,2.0,6.0,6.0,3.0,2.0,32.0,1.0,384.0,16.0,1.0,1.0,1.0,1.0,32.0,320.0,1.0,24427626505.0,199801580.0,19512200.0,0.202899,46.0,10.0,10.0,4.880678371348878e+18,1.0,1.0001955555555555,10.0,10.0
512000.0,32000.0,256.0,64.0,1.0,4.0,34.0,34.0,4.0,5.0,1.0,6.0,5.0,6.0,2.0,5.0,6.0,1.0,4.0,3.0,4.0,2.0,6.0,2.0,2.0,5.0,1.0,4.0,1.0,6.0,4.0,5.0,4.0,8.0,1.0,4.0,256.0,1.0,1.0,1.0,1.0,128.0,16.0,1.0,3.0,4.0,5.0,3.0,5.0,5.0,6.0,3.0,2.0,3.0,3.0,3.0,5.0,5.0,4.0,4.0,2.0,3.0,1024.0,2.0,1.0,384.0,128.0,1.0,1.0,1.0,1.0,4.0,16.0,1.0,763363337.0,237402900.0,14408200.0,0.152252,34.0,10.0,274.0,1.812246699574773e+17,32.0,32.22217777777777,10.0,274.0
32000.0,8192000.0,256.0,64.0,2.0,6.0,6.0,36.0,2.0,2.0,6.0,3.0,5.0,6.0,1.0,4.0,2.0,3.0,1.0,6.0,2.0,3.0,4.0,2.0,1.0,6.0,2.0,1.0,5.0,5.0,5.0,2.0,4.0,2.0,1.0,2.0,32.0,1.0,1.0,1.0,1.0,128.0,64.0,1.0,1.0,3.0,1.0,2.0,4.0,6.0,6.0,4.0,1.0,4.0,6.0,3.0,4.0,2.0,3.0,3.0,4.0,6.0,512.0,4096.0,1.0,3072.0,1536.0,1.0,1.0,1.0,1.0,2.0,5.0,1.0,24444431896.0,51866560.0,107752000.0,3.9779824444444447,216.0,10.0,1581056.0,1.2678485935997978e+18,1.0,0.2269843611111111,10.0,878595.5555555555
128.0,512000.0,256.0,64.0,3.0,38.0,34.0,12.0,2.0,4.0,5.0,2.0,6.0,4.0,3.0,4.0,2.0,3.0,6.0,6.0,2.0,5.0,6.0,5.0,3.0,5.0,4.0,2.0,6.0,6.0,1.0,2.0,32.0,128.0,1.0,64.0,4.0,1.0,1.0,1.0,1.0,4.0,16.0,1.0,3.0,6.0,4.0,6.0,3.0,1.0,3.0,3.0,3.0,1.0,2.0,4.0,1.0,2.0,5.0,6.0,1.0,1.0,1024.0,128.0,1.0,1.0,768.0,1.0,1.0,1.0,1.0,10.0,32.0,1.0,21234504160.0,35034041.0,128459000000.0,174.65866666666665,15504.0,10.0,1687552.0,7.439304893561106e+17,2.3333333333333335,0.04796008888888889,10.0,947541.3333333334
128000.0,256000.0,256.0,64.0,1.0,34.0,32.0,48.0,6.0,4.0,2.0,4.0,6.0,6.0,3.0,1.0,4.0,3.0,1.0,2.0,4.0,6.0,3.0,5.0,5.0,5.0,1.0,2.0,2.0,6.0,5.0,5.0,16.0,4.0,1.0,4.0,1024.0,1.0,1.0,1.0,1.0,16.0,128.0,1.0,4.0,1.0,4.0,1.0,2.0,3.0,6.0,6.0,3.0,2.0,4.0,1.0,1.0,5.0,2.0,3.0,2.0,6.0,4.0,4096.0,1.0,48.0,96.0,1.0,1.0,1.0,1.0,8.0,320.0,1.0,512884745.0,210606540.0,20377200.0,0.212477,48.0,10.0,292.0,1.080168815632323e+17,47.6279,71.03784444444445,10.0,292.0
1024.0,32000.0,256.0,64.0,3.0,2.0,8.0,42.0,3.0,1.0,1.0,2.0,4.0,4.0,1.0,5.0,6.0,2.0,4.0,5.0,2.0,2.0,1.0,5.0,5.0,6.0,5.0,6.0,6.0,2.0,6.0,4.0,16.0,512.0,1.0,512.0,512.0,1.0,1.0,1.0,1.0,8.0,4.0,1.0,6.0,5.0,1.0,3.0,2.0,1.0,4.0,1.0,1.0,5.0,3.0,2.0,5.0,5.0,4.0,5.0,2.0,3.0,32.0,2048.0,1.0,2.0,768.0,1.0,1.0,1.0,1.0,320.0,40.0,1.0,905691952.0,34629409.0,489820000.0,13.380128888888889,672.0,10.0,4947968.0,3.136357703381637e+16,24.88888888888889,0.7951377777777778,10.0,2989169.777777778
256.0,256000.0,256.0,64.0,1.0,48.0,14.0,4.0,2.0,4.0,2.0,6.0,3.0,5.0,1.0,2.0,6.0,6.0,3.0,6.0,4.0,5.0,6.0,2.0,4.0,5.0,3.0,2.0,2.0,2.0,3.0,2.0,1.0,16.0,1.0,256.0,2.0,1.0,1.0,1.0,1.0,2.0,1.0,1.0,2.0,1.0,5.0,6.0,5.0,6.0,4.0,6.0,1.0,1.0,5.0,1.0,1.0,1.0,6.0,2.0,1.0,6.0,16.0,64.0,1.0,64.0,128.0,1.0,1.0,1.0,1.0,1.0,80.0,1.0,6106906633.0,173485400.0,2290050.0,0.023413299999999998,4.0,10.0,34.0,1.0594591399886582e+18,4.0,4.000097777777778,10.0,34.0
2048000.0,512000.0,256.0,64.0,2.0,42.0,44.0,4.0,1.0,2.0,1.0,1.0,6.0,3.0,3.0,5.0,5.0,5.0,3.0,3.0,6.0,6.0,2.0,4.0,6.0,4.0,5.0,4.0,3.0,6.0,4.0,6.0,8.0,4.0,1.0,64.0,1024.0,1.0,1.0,1.0,1.0,32.0,2.0,1.0,2.0,4.0,1.0,1.0,4.0,3.0,2.0,3.0,2.0,4.0,1.0,3.0,3.0,4.0,4.0,4.0,1.0,6.0,256.0,2.0,1.0,12.0,4.0,1.0,1.0,1.0,1.0,40.0,32.0,1.0,24514658317.0,106105070.0,84213800.0,0.7714694444444444,176.0,10.0,784.0,2.601129536751367e+18,1.0,0.3893264444444444,10.0,570.6666666666666
4096.0,32000.0,256.0,64.0,2.0,4.0,22.0,38.0,1.0,4.0,2.0,5.0,2.0,4.0,5.0,3.0,5.0,2.0,1.0,4.0,3.0,5.0,5.0,2.0,3.0,2.0,1.0,6.0,1.0,4.0,5.0,3.0,4096.0,32.0,1.0,32.0,2.0,1.0,1.0,1.0,1.0,2.0,4.0,1.0,6.0,6.0,4.0,6.0,2.0,3.0,1.0,6.0,1.0,4.0,5.0,5.0,2.0,5.0,4.0,4.0,1.0,6.0,256.0,1024.0,1.0,1024.0,128.0,1.0,1.0,1.0,1.0,40.0,2.0,1.0,133709684.0,45943860.0,678418000.0,4.069870000000001,836.0,10.0,99328.0,6143139002340240.0,374.5185333333333,20.6079,10.0,56568.88888888889
512000.0,256000.0,256.0,64.0,1.0,42.0,34.0,26.0,4.0,1.0,6.0,1.0,6.0,2.0,3.0,3.0,2.0,3.0,3.0,1.0,6.0,5.0,2.0,2.0,3.0,3.0,6.0,3.0,5.0,5.0,2.0,2.0,2048.0,1024.0,1.0,2.0,2.0,1.0,1.0,1.0,1.0,1.0,8.0,1.0,1.0,4.0,2.0,3.0,4.0,3.0,5.0,6.0,2.0,4.0,4.0,5.0,6.0,6.0,3.0,3.0,2.0,3.0,1024.0,32.0,1.0,12.0,16.0,1.0,1.0,1.0,1.0,5.0,320.0,1.0,24427626505.0,246449280.0,11087000.0,0.11704099999999999,26.0,10.0,10.0,6.020170964266166e+18,1.0,1.0,10.0,10.0
512.0,32000000.0,256.0,64.0,2.0,20.0,12.0,44.0,2.0,3.0,5.0,3.0,6.0,5.0,4.0,1.0,5.0,1.0,3.0,6.0,3.0,6.0,3.0,4.0,1.0,1.0,1.0,5.0,1.0,6.0,4.0,6.0,16.0,2.0,1.0,32.0,2048.0,1.0,1.0,1.0,1.0,1.0,1.0,1.0,1.0,1.0,2.0,6.0,6.0,6.0,2.0,6.0,2.0,5.0,2.0,6.0,1.0,1.0,3.0,2.0,2.0,6.0,8.0,128.0,1.0,1.0,12.0,1.0,1.0,1.0,1.0,16.0,10.0,1.0,24712839177.0,164202480.0,345868000.0,2.3788922222222224,528.0,10.0,264.0,4.057909480704559e+18,1.0,0.8377015555555556,10.0,226.22222222222223
4096.0,4096000.0,256.0,64.0,2.0,16.0,6.0,20.0,2.0,4.0,4.0,4.0,1.0,5.0,6.0,3.0,3.0,3.0,2.0,4.0,6.0,6.0,4.0,2.0,1.0,1.0,1.0,5.0,5.0,6.0,3.0,4.0,4096.0,8.0,1.0,256.0,4.0,1.0,1.0,1.0,1.0,2.0,128.0,1.0,2.0,6.0,2.0,2.0,4.0,6.0,1.0,1.0,6.0,6.0,1.0,1.0,3.0,2.0,4.0,5.0,6.0,5.0,64.0,2.0,1.0,3072.0,192.0,1.0,1.0,1.0,1.0,64.0,32.0,1.0,2191065102.0,85373640.0,54231900.0,0.5490364444444444,120.0,10.0,13184.0,1.870592032347113e+17,12.444444444444445,5.749854888888889,10.0,7374.222222222223
256.0,256000.0,256.0,64.0,1.0,4.0,8.0,32.0,1.0,1.0,3.0,5.0,3.0,6.0,5.0,6.0,1.0,5.0,5.0,1.0,5.0,3.0,2.0,1.0,6.0,3.0,3.0,1.0,5.0,2.0,3.0,2.0,1024.0,2048.0,1.0,1024.0,1024.0,1.0,1.0,1.0,1.0,8.0,8.0,1.0,2.0,2.0,4.0,2.0,6.0,4.0,1.0,2.0,2.0,5.0,6.0,3.0,2.0,3.0,3.0,3.0,5.0,1.0,2048.0,2048.0,1.0,12.0,3072.0,1.0,1.0,1.0,1.0,1.0,16.0,1.0,24427626505.0,293707780.0,13571700.0,0.14276,32.0,10.0,10.0,7.174583951452709e+18,1.0,1.2777111111111112,10.0,10.0
256.0,4096000.0,256.0,64.0,2.0,14.0,40.0,2.0,2.0,4.0,6.0,2.0,2.0,1.0,4.0,1.0,5.0,3.0,3.0,2.0,6.0,6.0,4.0,1.0,2.0,4.0,3.0,2.0,2.0,4.0,5.0,6.0,4.0,256.0,1.0,128.0,512.0,1.0,1.0,1.0,1.0,4.0,128.0,1.0,5.0,2.0,3.0,6.0,5.0,4.0,6.0,1.0,2.0,2.0,1.0,3.0,3.0,1.0,4.0,1.0,3.0,2.0,512.0,1024.0,1.0,2.0,96.0,1.0,1.0,1.0,1.0,5.0,80.0,1.0,12219842642.0,55552490.0,34771600.0,0.36659800000000003,80.0,10.0,7188.0,6.788426861712786e+17,2.0,0.44436755555555557,10.0,4917.777777777777
512000.0,8192000.0,256.0,64.0,1.0,36.0,32.0,28.0,1.0,1.0,6.0,4.0,3.0,4.0,4.0,5.0,1.0,2.0,4.0,2.0,6.0,4.0,5.0,3.0,5.0,1.0,3.0,6.0,2.0,1.0,6.0,1.0,2.0,512.0,1.0,32.0,64.0,1.0,1.0,1.0,1.0,32.0,64.0,1.0,5.0,2.0,3.0,1.0,4.0,1.0,5.0,3.0,5.0,5.0,4.0,5.0,3.0,1.0,3.0,4.0,1.0,6.0,2.0,1024.0,1.0,1.0,384.0,1.0,1.0,1.0,1.0,160.0,2.0,1.0,24427626505.0,209969900.0,11911100.0,0.125609,28.0,10.0,10.0,5.1290662944922e+18,1.0,1.00356,10.0,10.0
16000.0,8192000.0,256.0,64.0,1.0,20.0,36.0,26.0,2.0,6.0,2.0,6.0,1.0,2.0,1.0,6.0,2.0,4.0,3.0,4.0,1.0,4.0,5.0,4.0,6.0,1.0,1.0,3.0,6.0,4.0,3.0,1.0,512.0,8.0,1.0,4.0,2048.0,1.0,1.0,1.0,1.0,4.0,32.0,1.0,4.0,6.0,2.0,5.0,5.0,3.0,2.0,4.0,1.0,6.0,4.0,2.0,4.0,3.0,1.0,3.0,1.0,2.0,4096.0,2.0,1.0,128.0,48.0,1.0,1.0,1.0,1.0,4.0,1.0,1.0,945553417.0,157467740.0,11087000.0,0.117559,26.0,10.0,160.0,1.488941596242676e+17,25.863544444444443,25.863544444444443,10.0,160.0
128000.0,512000.0,256.0,64.0,2.0,6.0,4.0,26.0,3.0,2.0,2.0,4.0,3.0,6.0,4.0,4.0,6.0,2.0,6.0,3.0,2.0,6.0,4.0,4.0,1.0,1.0,2.0,6.0,5.0,5.0,5.0,1.0,4.0,256.0,1.0,64.0,1024.0,1.0,1.0,1.0,1.0,2.0,16.0,1.0,3.0,3.0,5.0,2.0,3.0,5.0,1.0,2.0,4.0,4.0,5.0,3.0,6.0,3.0,3.0,4.0,4.0,4.0,32.0,256.0,1.0,12.0,1.0,1.0,1.0,1.0,1.0,1.0,320.0,1.0,24750587917.0,187470020.0,46251000.0,0.4554197777777778,104.0,10.0,784.0,4.639993211811748e+18,1.0,1.0448446666666666,10.0,457.3333333333333
32000.0,16000000.0,256.0,64.0,1.0,24.0,26.0,44.0,6.0,1.0,2.0,2.0,6.0,6.0,1.0,1.0,1.0,2.0,6.0,1.0,4.0,6.0,5.0,1.0,3.0,6.0,6.0,6.0,4.0,4.0,5.0,6.0,128.0,4096.0,1.0,8.0,1.0,1.0,1.0,1.0,1.0,4.0,128.0,1.0,6.0,5.0,2.0,2.0,5.0,3.0,6.0,6.0,3.0,2.0,4.0,4.0,4.0,2.0,6.0,6.0,3.0,2.0,4096.0,512.0,1.0,384.0,12.0,1.0,1.0,1.0,1.0,5.0,32.0,1.0,560594953.0,107498680.0,18651400.0,0.195187,44.0,10.0,268.0,6.026321746216204e+16,43.5745,31.32712222222223,10.0,268.0
256.0,32000.0,256.0,64.0,3.0,46.0,32.0,14.0,6.0,3.0,1.0,4.0,4.0,6.0,5.0,3.0,4.0,5.0,3.0,4.0,6.0,4.0,5.0,1.0,4.0,1.0,3.0,6.0,3.0,5.0,6.0,3.0,512.0,512.0,1.0,512.0,128.0,1.0,1.0,1.0,1.0,2.0,16.0,1.0,3.0,1.0,4.0,5.0,1.0,6.0,1.0,6.0,3.0,6.0,5.0,1.0,5.0,4.0,5.0,3.0,1.0,6.0,2048.0,128.0,1.0,6.0,512.0,1.0,1.0,1.0,1.0,320.0,32.0,1.0,1795713210.0,33314667.0,224351000000.0,294.242,20608.0,10.0,7143424.0,5.982358761865107e+16,12.444444444444445,0.1527777777777778,10.0,5898240.0
16000.0,16000000.0,256.0,64.0,1.0,32.0,38.0,16.0,2.0,3.0,5.0,2.0,5.0,5.0,3.0,5.0,4.0,1.0,3.0,5.0,1.0,1.0,6.0,1.0,1.0,1.0,6.0,2.0,5.0,2.0,4.0,3.0,4096.0,1.0,1.0,2.0,16.0,1.0,1.0,1.0,1.0,32.0,2.0,1.0,4.0,4.0,1.0,3.0,3.0,3.0,3.0,4.0,1.0,1.0,1.0,4.0,2.0,2.0,3.0,3.0,3.0,3.0,256.0,2.0,1.0,128.0,32.0,1.0,1.0,1.0,1.0,10.0,160.0,1.0,24427626505.0,209657100.0,7027210.0,0.07444540000000001,16.0,10.0,10.0,5.121425332921435e+18,1.0,1.0000888888888888,10.0,10.0
32000.0,32000.0,256.0,64.0,3.0,22.0,32.0,36.0,1.0,2.0,3.0,6.0,5.0,4.0,6.0,5.0,6.0,6.0,3.0,2.0,1.0,6.0,3.0,4.0,4.0,3.0,6.0,2.0,5.0,4.0,4.0,2.0,128.0,8.0,1.0,16.0,256.0,1.0,1.0,1.0,1.0,16.0,1.0,1.0,3.0,3.0,6.0,6.0,2.0,3.0,6.0,2.0,6.0,2.0,4.0,2.0,1.0,2.0,2.0,3.0,2.0,3.0,4.0,2048.0,1.0,192.0,256.0,1.0,1.0,1.0,1.0,64.0,64.0,1.0,4565648096.0,32651594.0,337077000000.0,394.5112222222223,25344.0,10.0,2523136.0,1.4907568797746502e+17,6.333333333333333,0.02604168888888889,10.0,1474560.0
64000.0,1024000.0,256.0,64.0,1.0,42.0,6.0,42.0,5.0,5.0,3.0,2.0,2.0,2.0,6.0,3.0,2.0,4.0,5.0,1.0,5.0,4.0,4.0,4.0,6.0,2.0,2.0,5.0,4.0,1.0,5.0,1.0,1.0,1.0,1.0,128.0,64.0,1.0,1.0,1.0,1.0,8.0,4.0,1.0,6.0,4.0,1.0,3.0,3.0,5.0,4.0,1.0,2.0,4.0,4.0,3.0,4.0,6.0,4.0,4.0,1.0,6.0,1.0,4096.0,1.0,1536.0,64.0,1.0,1.0,1.0,1.0,160.0,20.0,1.0,584450057.0,155144440.0,17794600.0,0.186548,42.0,10.0,256.0,9.067417680123309e+16,41.7959,42.00918888888889,10.0,256.0
256.0,32000.0,256.0,64.0,1.0,32.0,22.0,6.0,5.0,2.0,4.0,4.0,3.0,4.0,1.0,1.0,1.0,3.0,2.0,4.0,5.0,2.0,5.0,1.0,1.0,5.0,3.0,5.0,3.0,3.0,3.0,4.0,2048.0,4.0,1.0,32.0,64.0,1.0,1.0,1.0,1.0,2.0,2.0,1.0,1.0,6.0,3.0,5.0,2.0,5.0,3.0,4.0,5.0,1.0,3.0,5.0,1.0,1.0,1.0,1.0,3.0,4.0,256.0,1.0,1.0,256.0,32.0,1.0,1.0,1.0,1.0,16.0,10.0,1.0,4073259017.0,169499300.0,3069380.0,0.0319532,6.0,10.0,40.0,6.904145521001882e+17,5.99707,6.00742888888889,10.0,40.0
256000.0,16000000.0,256.0,64.0,1.0,6.0,30.0,28.0,4.0,3.0,3.0,2.0,2.0,2.0,1.0,4.0,3.0,3.0,2.0,2.0,4.0,5.0,4.0,2.0,3.0,5.0,2.0,4.0,6.0,3.0,6.0,6.0,2048.0,4096.0,1.0,2048.0,4.0,1.0,1.0,1.0,1.0,16.0,32.0,1.0,2.0,1.0,4.0,2.0,1.0,1.0,5.0,1.0,2.0,1.0,6.0,1.0,3.0,2.0,2.0,3.0,5.0,4.0,2048.0,2048.0,1.0,16.0,256.0,1.0,1.0,1.0,1.0,8.0,320.0,1.0,876675081.0,118945080.0,11911200.0,0.12616800000000003,28.0,10.0,172.0,1.0427618764355149e+17,27.8639,26.275477777777777,10.0,172.0
32000.0,64000.0,256.0,64.0,2.0,26.0,14.0,44.0,6.0,4.0,3.0,3.0,2.0,2.0,1.0,2.0,5.0,5.0,6.0,1.0,2.0,4.0,4.0,4.0,1.0,5.0,3.0,2.0,6.0,5.0,2.0,6.0,2048.0,2.0,1.0,2.0,2048.0,1.0,1.0,1.0,1.0,2.0,128.0,1.0,5.0,1.0,3.0,4.0,5.0,4.0,3.0,1.0,6.0,3.0,2.0,1.0,6.0,4.0,4.0,1.0,3.0,6.0,2048.0,4.0,1.0,384.0,3072.0,1.0,1.0,1.0,1.0,16.0,40.0,1.0,226834684.0,59292440.0,431019000.0,2.9070022222222223,616.0,10.0,57088.0,1.344958189098896e+16,340.3917333333333,28.650833333333335,10.0,31818.666666666668
128.0,4096000.0,256.0,64.0,1.0,40.0,6.0,8.0,3.0,3.0,4.0,1.0,5.0,4.0,5.0,1.0,2.0,2.0,1.0,3.0,1.0,3.0,6.0,1.0,1.0,4.0,5.0,6.0,1.0,1.0,3.0,6.0,128.0,64.0,1.0,512.0,128.0,1.0,1.0,1.0,1.0,8.0,16.0,1.0,2.0,3.0,3.0,3.0,2.0,2.0,2.0,2.0,5.0,1.0,4.0,6.0,4.0,6.0,5.0,3.0,5.0,5.0,1024.0,64.0,1.0,12.0,2.0,1.0,1.0,1.0,1.0,16.0,2.0,1.0,24427626505.0,257208900.0,3852790.0,0.0403688,8.0,10.0,10.0,6.283002942961894e+18,1.0,1.0052044444444443,10.0,10.0
4096.0,8192000.0,256.0,64.0,3.0,18.0,16.0,32.0,2.0,4.0,1.0,2.0,1.0,6.0,5.0,1.0,5.0,2.0,4.0,2.0,6.0,5.0,1.0,3.0,1.0,5.0,6.0,4.0,4.0,1.0,4.0,4.0,16.0,4.0,1.0,512.0,4.0,1.0,1.0,1.0,1.0,2.0,4.0,1.0,3.0,5.0,2.0,5.0,6.0,5.0,5.0,3.0,1.0,4.0,2.0,1.0,2.0,5.0,3.0,3.0,3.0,3.0,8.0,64.0,1.0,1024.0,24.0,1.0,1.0,1.0,1.0,4.0,32.0,1.0,254676268.0,41221340.0,46828200000.0,76.90786666666666,9216.0,10.0,200704.0,1.049809703315912e+16,90.66666666666667,7.154133333333332,10.0,120661.33333333333
1024000.0,16000000.0,256.0,64.0,2.0,30.0,48.0,36.0,5.0,1.0,6.0,4.0,3.0,1.0,6.0,5.0,3.0,4.0,1.0,6.0,3.0,5.0,5.0,5.0,3.0,2.0,5.0,1.0,6.0,6.0,5.0,1.0,1.0,512.0,1.0,4.0,32.0,1.0,1.0,1.0,1.0,8.0,64.0,1.0,4.0,3.0,1.0,2.0,4.0,6.0,4.0,1.0,6.0,4.0,6.0,2.0,6.0,3.0,4.0,2.0,4.0,6.0,2.0,128.0,1.0,768.0,16.0,1.0,1.0,1.0,1.0,32.0,16.0,1.0,14534836233.0,106744630.0,2186960000.0,8.679331111111113,1728.0,10.0,640.0,1.5515157158021788e+18,1.5555555555555556,0.9843697777777778,10.0,394.6666666666667
8192.0,256000.0,256.0,64.0,1.0,14.0,36.0,32.0,1.0,4.0,4.0,5.0,2.0,1.0,4.0,2.0,6.0,2.0,4.0,5.0,6.0,5.0,6.0,2.0,1.0,6.0,1.0,4.0,1.0,6.0,6.0,1.0,128.0,2048.0,1.0,128.0,2048.0,1.0,1.0,1.0,1.0,32.0,64.0,1.0,2.0,3.0,4.0,3.0,2.0,5.0,4.0,4.0,5.0,6.0,6.0,4.0,2.0,5.0,1.0,6.0,5.0,1.0,4.0,16.0,1.0,96.0,192.0,1.0,1.0,1.0,1.0,160.0,40.0,1.0,763363337.0,258512900.0,13571800.0,0.14361600000000002,32.0,10.0,258.0,1.973392700015473e+17,32.0,32.4999,10.0,258.0
32000.0,1024000.0,256.0,64.0,3.0,20.0,26.0,28.0,5.0,1.0,1.0,5.0,4.0,5.0,2.0,1.0,3.0,5.0,5.0,3.0,6.0,4.0,2.0,6.0,3.0,2.0,2.0,5.0,5.0,6.0,1.0,5.0,32.0,128.0,1.0,512.0,128.0,1.0,1.0,1.0,1.0,8.0,128.0,1.0,6.0,4.0,1.0,1.0,4.0,3.0,4.0,2.0,2.0,1.0,2.0,4.0,4.0,6.0,3.0,3.0,6.0,4.0,4.0,1024.0,1.0,768.0,48.0,1.0,1.0,1.0,1.0,2.0,16.0,1.0,647651472.0,32582773.8,113634000000.0,172.515,14560.0,10.0,6447104.0,2.1102281413413036e+16,131.55555555555554,0.8958333333333334,10.0,5096334.222222222
32000.0,16000000.0,256.0,64.0,2.0,12.0,36.0,22.0,6.0,6.0,1.0,5.0,1.0,3.0,2.0,2.0,4.0,3.0,1.0,3.0,4.0,3.0,2.0,6.0,5.0,5.0,6.0,1.0,6.0,3.0,6.0,2.0,1024.0,512.0,1.0,1.0,16.0,1.0,1.0,1.0,1.0,2.0,4.0,1.0,5.0,1.0,1.0,2.0,3.0,2.0,4.0,3.0,1.0,5.0,1.0,5.0,1.0,1.0,4.0,4.0,1.0,4.0,64.0,4.0,1.0,384.0,24.0,1.0,1.0,1.0,1.0,1.0,64.0,1.0,709632192.0,88838030.0,624985000.0,3.7080422222222227,792.0,10.0,24580.0,6.304232596186176e+16,238.95777777777778,112.59614666666667,10.0,15137.777777777777
128.0,1024000.0,256.0,64.0,1.0,44.0,14.0,20.0,4.0,3.0,6.0,4.0,3.0,5.0,6.0,1.0,1.0,2.0,6.0,6.0,6.0,3.0,3.0,2.0,3.0,5.0,4.0,5.0,3.0,5.0,6.0,6.0,8.0,64.0,1.0,1.0,16.0,1.0,1.0,1.0,1.0,32.0,128.0,1.0,4.0,6.0,3.0,5.0,1.0,3.0,4.0,1.0,1.0,1.0,2.0,2.0,3.0,1.0,1.0,6.0,5.0,6.0,4096.0,2.0,1.0,2.0,1536.0,1.0,1.0,1.0,1.0,40.0,64.0,1.0,24427626505.0,219832700.0,8638880.0,0.0914837,20.0,10.0,10.0,5.369991089185713e+18,1.0,1.2222577777777779,10.0,10.0
64000.0,16000.0,256.0,64.0,1.0,16.0,14.0,4.0,6.0,2.0,3.0,3.0,2.0,5.0,2.0,3.0,4.0,6.0,4.0,3.0,1.0,4.0,2.0,3.0,6.0,6.0,4.0,6.0,1.0,6.0,3.0,4.0,1.0,128.0,1.0,1.0,2048.0,1.0,1.0,1.0,1.0,128.0,8.0,1.0,4.0,3.0,5.0,5.0,5.0,3.0,4.0,4.0,3.0,4.0,4.0,1.0,6.0,4.0,5.0,4.0,2.0,2.0,4.0,64.0,1.0,6.0,96.0,1.0,1.0,1.0,1.0,80.0,160.0,1.0,6106906633.0,188059500.0,2290050.0,0.023392600000000003,4.0,10.0,28.0,1.1484618079486636e+18,4.0,4.88107,10.0,28.0
1024000.0,128000.0,256.0,64.0,3.0,30.0,6.0,16.0,5.0,4.0,2.0,3.0,4.0,4.0,4.0,4.0,4.0,6.0,4.0,5.0,2.0,1.0,6.0,3.0,6.0,4.0,2.0,5.0,5.0,1.0,4.0,3.0,512.0,64.0,1.0,128.0,256.0,1.0,1.0,1.0,1.0,16.0,4.0,1.0,3.0,6.0,3.0,4.0,2.0,6.0,1.0,6.0,1.0,4.0,6.0,3.0,2.0,2.0,6.0,5.0,5.0,1.0,1.0,4096.0,1.0,256.0,192.0,1.0,1.0,1.0,1.0,32.0,320.0,1.0,15370475896.0,33450639.0,5335700000.0,28.700099999999996,2880.0,10.0,4882432.0,5.1415224045529754e+17,8.222222222222221,0.3819444444444444,10.0,3706424.888888889
128.0,32000.0,256.0,64.0,2.0,42.0,48.0,32.0,5.0,1.0,2.0,3.0,6.0,4.0,6.0,3.0,6.0,1.0,3.0,2.0,2.0,1.0,6.0,6.0,1.0,3.0,6.0,1.0,5.0,6.0,5.0,1.0,2.0,2.0,1.0,1.0,32.0,1.0,1.0,1.0,1.0,128.0,2.0,1.0,5.0,2.0,3.0,5.0,1.0,6.0,1.0,2.0,2.0,5.0,2.0,1.0,4.0,3.0,2.0,2.0,4.0,6.0,512.0,1.0,1.0,2.0,2.0,1.0,1.0,1.0,1.0,80.0,160.0,1.0,23479713801.0,184721250.0,1793760000.0,7.586154444444444,1536.0,10.0,484.0,4.337202082962971e+18,1.4444444444444444,0.8486907777777777,10.0,276.0
64000.0,256000.0,256.0,64.0,2.0,22.0,8.0,22.0,4.0,1.0,6.0,1.0,5.0,3.0,1.0,2.0,6.0,3.0,5.0,2.0,3.0,1.0,6.0,6.0,1.0,5.0,1.0,3.0,4.0,6.0,2.0,5.0,4096.0,32.0,1.0,2.0,2048.0,1.0,1.0,1.0,1.0,2.0,4.0,1.0,6.0,5.0,1.0,2.0,1.0,6.0,6.0,1.0,3.0,6.0,5.0,4.0,1.0,6.0,2.0,3.0,2.0,5.0,2.0,4096.0,1.0,48.0,256.0,1.0,1.0,1.0,1.0,4.0,320.0,1.0,24513609737.0,108447490.0,84213800.0,0.7710398888888889,176.0,10.0,592.0,2.6584394468172104e+18,1.0,0.497769,10.0,446.22222222222223
512.0,1024000.0,256.0,64.0,2.0,36.0,42.0,36.0,2.0,1.0,2.0,5.0,4.0,3.0,2.0,2.0,4.0,4.0,1.0,6.0,6.0,5.0,2.0,1.0,5.0,4.0,3.0,1.0,3.0,1.0,1.0,1.0,256.0,16.0,1.0,8.0,128.0,1.0,1.0,1.0,1.0,4.0,32.0,1.0,6.0,4.0,6.0,2.0,4.0,3.0,6.0,5.0,6.0,1.0,2.0,4.0,5.0,4.0,1.0,2.0,4.0,1.0,4096.0,256.0,1.0,64.0,2.0,1.0,1.0,1.0,1.0,64.0,10.0,1.0,763749998.0,33951496.0,1747270000.0,7.779127777777777,1512.0,10.0,166144.0,2.593045500209701e+16,32.0,0.9658094444444445,10.0,95146.66666666667
2048.0,32000000.0,256.0,64.0,2.0,42.0,48.0,30.0,4.0,6.0,1.0,3.0,3.0,6.0,4.0,1.0,2.0,5.0,3.0,5.0,6.0,4.0,3.0,3.0,3.0,3.0,3.0,4.0,2.0,5.0,5.0,6.0,1.0,512.0,1.0,2048.0,32.0,1.0,1.0,1.0,1.0,16.0,16.0,1.0,1.0,6.0,2.0,5.0,3.0,1.0,4.0,5.0,4.0,1.0,4.0,4.0,5.0,2.0,1.0,2.0,4.0,6.0,128.0,8.0,1.0,256.0,1024.0,1.0,1.0,1.0,1.0,5.0,5.0,1.0,1812365825.0,60733490.0,1611250000.0,7.279387777777778,1440.0,10.0,77392.0,1.1007130170897925e+17,20.88888888888889,14.967166666666666,10.0,66220.44444444444
4096.0,8192000.0,256.0,64.0,1.0,18.0,26.0,48.0,1.0,3.0,3.0,6.0,1.0,3.0,3.0,3.0,2.0,1.0,5.0,6.0,3.0,1.0,3.0,4.0,3.0,3.0,6.0,2.0,1.0,4.0,5.0,2.0,64.0,64.0,1.0,32.0,32.0,1.0,1.0,1.0,1.0,16.0,4.0,1.0,3.0,6.0,4.0,4.0,4.0,6.0,1.0,4.0,1.0,2.0,3.0,5.0,5.0,5.0,6.0,1.0,1.0,3.0,16.0,2.0,1.0,1536.0,64.0,1.0,1.0,1.0,1.0,4.0,16.0,1.0,637534217.0,209155520.0,20377200.0,0.212802,48.0,10.0,386.0,1.3334380067442784e+17,36.44444444444444,36.44448888888889,10.0,386.0
8192.0,4096000.0,256.0,64.0,2.0,32.0,44.0,34.0,6.0,1.0,3.0,6.0,3.0,1.0,5.0,1.0,2.0,2.0,1.0,1.0,6.0,2.0,3.0,3.0,6.0,4.0,6.0,3.0,1.0,1.0,3.0,4.0,2.0,1.0,1.0,32.0,32.0,1.0,1.0,1.0,1.0,2.0,32.0,1.0,5.0,3.0,5.0,4.0,6.0,5.0,5.0,1.0,6.0,6.0,3.0,5.0,5.0,3.0,2.0,1.0,1.0,3.0,4.0,64.0,1.0,256.0,8.0,1.0,1.0,1.0,1.0,5.0,1.0,1.0,579338299.0,89009390.0,1716570000.0,7.3731977777777775,1496.0,10.0,3552.0,5.156654859762761e+16,43.070166666666665,21.07281111111111,10.0,3360.0
128000.0,512000.0,256.0,64.0,1.0,8.0,38.0,16.0,4.0,5.0,6.0,3.0,1.0,3.0,3.0,1.0,1.0,1.0,3.0,1.0,4.0,1.0,6.0,2.0,1.0,2.0,5.0,4.0,6.0,2.0,4.0,6.0,64.0,4.0,1.0,4.0,512.0,1.0,1.0,1.0,1.0,2.0,64.0,1.0,5.0,3.0,2.0,4.0,3.0,4.0,4.0,6.0,1.0,1.0,1.0,6.0,5.0,3.0,5.0,3.0,3.0,5.0,64.0,4.0,1.0,4.0,256.0,1.0,1.0,1.0,1.0,40.0,320.0,1.0,24427626505.0,256309600.0,7027210.0,0.07444540000000001,16.0,10.0,10.0,6.261035178445948e+18,1.0,1.0,10.0,10.0
256000.0,1024000.0,256.0,64.0,1.0,22.0,22.0,2.0,1.0,2.0,1.0,4.0,1.0,4.0,5.0,3.0,1.0,3.0,5.0,3.0,3.0,1.0,1.0,2.0,1.0,1.0,2.0,2.0,4.0,6.0,1.0,1.0,128.0,256.0,1.0,256.0,2048.0,1.0,1.0,1.0,1.0,8.0,128.0,1.0,1.0,5.0,6.0,4.0,5.0,6.0,3.0,3.0,5.0,2.0,6.0,5.0,3.0,5.0,5.0,6.0,4.0,3.0,1.0,64.0,1.0,12.0,4.0,1.0,1.0,1.0,1.0,8.0,160.0,1.0,12213813257.0,265201780.0,1518110.0,0.014839000000000001,2.0,10.0,18.0,3.2391250163439974e+18,2.0,2.277817777777778,10.0,18.0
128000.0,16000000.0,256.0,64.0,3.0,28.0,18.0,34.0,3.0,2.0,6.0,4.0,5.0,1.0,3.0,3.0,5.0,3.0,1.0,5.0,1.0,4.0,1.0,5.0,4.0,5.0,4.0,4.0,2.0,5.0,3.0,5.0,1024.0,4096.0,1.0,16.0,64.0,1.0,1.0,1.0,1.0,8.0,16.0,1.0,3.0,4.0,6.0,1.0,2.0,3.0,1.0,4.0,4.0,6.0,3.0,2.0,1.0,4.0,4.0,1.0,4.0,3.0,4.0,8.0,1.0,96.0,512.0,1.0,1.0,1.0,1.0,40.0,8.0,1.0,6114661466.0,43659113.0,156233000000.0,202.78555555555556,17136.0,10.0,657408.0,2.6696069590083965e+17,4.0,0.31198,10.0,319843.55555555556
64000.0,128000.0,256.0,64.0,1.0,2.0,4.0,8.0,5.0,3.0,5.0,4.0,3.0,1.0,1.0,1.0,6.0,2.0,5.0,3.0,6.0,5.0,1.0,5.0,2.0,3.0,6.0,3.0,1.0,4.0,2.0,6.0,1.0,32.0,1.0,512.0,8.0,1.0,1.0,1.0,1.0,8.0,128.0,1.0,3.0,5.0,5.0,4.0,5.0,3.0,1.0,1.0,3.0,4.0,5.0,4.0,2.0,6.0,1.0,3.0,1.0,6.0,128.0,64.0,1.0,3.0,24.0,1.0,1.0,1.0,1.0,4.0,320.0,1.0,3053453321.0,202139020.0,3852800.0,0.0405137,8.0,10.0,52.0,6.172220619226854e+17,8.0,8.440935555555557,10.0,52.0
128000.0,16000000.0,256.0,64.0,1.0,16.0,42.0,8.0,1.0,2.0,4.0,1.0,4.0,2.0,1.0,1.0,4.0,2.0,1.0,2.0,2.0,2.0,6.0,6.0,4.0,2.0,4.0,2.0,1.0,5.0,5.0,2.0,1024.0,64.0,1.0,512.0,32.0,1.0,1.0,1.0,1.0,128.0,1.0,1.0,4.0,5.0,4.0,5.0,5.0,5.0,5.0,6.0,5.0,6.0,1.0,6.0,6.0,6.0,4.0,3.0,5.0,5.0,1024.0,128.0,1.0,3072.0,192.0,1.0,1.0,1.0,1.0,64.0,4.0,1.0,24427626505.0,246454080.0,3852790.0,0.0403688,8.0,10.0,10.0,6.02028821687339e+18,1.0,1.0001066666666665,10.0,10.0
128000.0,128000.0,256.0,64.0,1.0,8.0,14.0,16.0,3.0,5.0,5.0,6.0,3.0,2.0,3.0,6.0,6.0,2.0,3.0,4.0,5.0,4.0,2.0,5.0,5.0,5.0,6.0,1.0,2.0,3.0,4.0,1.0,64.0,1024.0,1.0,1024.0,512.0,1.0,1.0,1.0,1.0,16.0,2.0,1.0,1.0,2.0,3.0,1.0,6.0,4.0,6.0,2.0,4.0,2.0,2.0,2.0,1.0,2.0,5.0,6.0,3.0,2.0,1024.0,256.0,1.0,3.0,192.0,1.0,1.0,1.0,1.0,160.0,1.0,1.0,1526726665.0,240265060.0,7027220.0,0.07485939999999999,16.0,10.0,130.0,3.668190737698249e+17,16.0,16.277766666666665,10.0,130.0
512.0,1024000.0,256.0,64.0,2.0,38.0,26.0,40.0,4.0,2.0,6.0,6.0,4.0,6.0,2.0,3.0,5.0,3.0,6.0,1.0,2.0,5.0,6.0,3.0,6.0,5.0,5.0,3.0,1.0,4.0,6.0,3.0,16.0,32.0,1.0,1024.0,2.0,1.0,1.0,1.0,1.0,8.0,32.0,1.0,2.0,1.0,1.0,6.0,5.0,6.0,3.0,5.0,2.0,6.0,2.0,6.0,2.0,1.0,1.0,6.0,3.0,1.0,64.0,4.0,1.0,256.0,192.0,1.0,1.0,1.0,1.0,16.0,5.0,1.0,9148825624.0,86148780.0,951889000.0,4.918957777777778,1040.0,10.0,3496.0,7.881601659403387e+17,3.4444444444444446,1.4399944444444444,10.0,2098.6666666666665
64000.0,1024000.0,256.0,64.0,2.0,12.0,26.0,26.0,6.0,3.0,4.0,6.0,3.0,6.0,5.0,5.0,5.0,1.0,5.0,2.0,1.0,4.0,5.0,5.0,6.0,1.0,3.0,2.0,1.0,6.0,6.0,6.0,8.0,32.0,1.0,1024.0,64.0,1.0,1.0,1.0,1.0,8.0,4.0,1.0,6.0,2.0,2.0,4.0,1.0,4.0,2.0,5.0,1.0,3.0,1.0,2.0,2.0,6.0,3.0,5.0,2.0,5.0,512.0,8.0,1.0,512.0,256.0,1.0,1.0,1.0,1.0,2.0,10.0,1.0,870593274.0,82021310.0,493603000.0,3.3387122222222225,676.0,10.0,108352.0,7.140720081066894e+16,36.97777777777779,12.818844444444444,10.0,72995.55555555556
32000.0,1024000.0,256.0,64.0,1.0,6.0,6.0,24.0,4.0,1.0,2.0,4.0,2.0,4.0,4.0,6.0,6.0,6.0,5.0,4.0,1.0,2.0,5.0,5.0,3.0,6.0,4.0,1.0,5.0,6.0,6.0,4.0,64.0,128.0,1.0,64.0,1024.0,1.0,1.0,1.0,1.0,4.0,2.0,1.0,4.0,3.0,1.0,1.0,3.0,3.0,3.0,4.0,1.0,2.0,4.0,4.0,3.0,3.0,5.0,3.0,4.0,3.0,4.0,4.0,1.0,8.0,3.0,1.0,1.0,1.0,1.0,5.0,16.0,1.0,1019805705.0,146261300.0,10266900.0,0.10899800000000001,24.0,10.0,148.0,1.491581081607165e+17,23.9532,18.59391111111111,10.0,148.0
1024000.0,256000.0,256.0,64.0,1.0,26.0,10.0,10.0,2.0,5.0,1.0,4.0,6.0,6.0,2.0,6.0,1.0,3.0,6.0,4.0,3.0,2.0,4.0,1.0,2.0,1.0,3.0,2.0,3.0,3.0,1.0,1.0,256.0,2048.0,1.0,256.0,64.0,1.0,1.0,1.0,1.0,128.0,128.0,1.0,4.0,5.0,1.0,5.0,2.0,2.0,2.0,2.0,2.0,4.0,6.0,3.0,5.0,1.0,5.0,4.0,1.0,6.0,128.0,2048.0,1.0,48.0,24.0,1.0,1.0,1.0,1.0,80.0,1.0,1.0,24427626505.0,199781280.0,4640280.0,0.048888,10.0,10.0,10.0,4.880182490530826e+18,1.0,1.0,10.0,10.0
256.0,16000.0,256.0,64.0,3.0,4.0,40.0,18.0,6.0,4.0,6.0,1.0,1.0,6.0,3.0,5.0,1.0,6.0,4.0,3.0,3.0,4.0,2.0,1.0,4.0,6.0,3.0,6.0,2.0,1.0,4.0,1.0,1.0,64.0,1.0,512.0,1024.0,1.0,1.0,1.0,1.0,64.0,1.0,1.0,4.0,6.0,2.0,4.0,5.0,3.0,1.0,5.0,4.0,2.0,3.0,4.0,2.0,2.0,6.0,4.0,3.0,1.0,1.0,256.0,1.0,6.0,128.0,1.0,1.0,1.0,1.0,32.0,2.0,1.0,6540505920.0,33458380.0,5335260000.0,17.611833333333333,2880.0,10.0,688128.0,2.188347324636096e+17,4.0,0.019097222222222224,10.0,492430.22222222225
256.0,32000.0,256.0,64.0,2.0,6.0,8.0,32.0,2.0,1.0,1.0,2.0,4.0,1.0,4.0,1.0,3.0,3.0,1.0,6.0,6.0,3.0,5.0,5.0,2.0,3.0,2.0,2.0,5.0,1.0,4.0,6.0,1.0,128.0,1.0,8.0,128.0,1.0,1.0,1.0,1.0,16.0,2.0,1.0,6.0,1.0,4.0,3.0,3.0,5.0,2.0,3.0,6.0,1.0,6.0,6.0,2.0,2.0,5.0,6.0,1.0,5.0,1.0,8.0,1.0,4.0,12.0,1.0,1.0,1.0,1.0,320.0,32.0,1.0,24853348361.0,169919840.0,132592000.0,1.126267777777778,256.0,10.0,328.0,4.223076976965382e+18,1.0,0.9695493333333334,10.0,205.33333333333334
64000.0,32000000.0,256.0,64.0,1.0,42.0,28.0,20.0,6.0,2.0,6.0,6.0,6.0,3.0,6.0,2.0,3.0,3.0,6.0,4.0,1.0,1.0,5.0,2.0,5.0,6.0,2.0,4.0,2.0,1.0,3.0,1.0,16.0,512.0,1.0,2048.0,64.0,1.0,1.0,1.0,1.0,1.0,64.0,1.0,2.0,3.0,5.0,6.0,5.0,1.0,4.0,2.0,5.0,1.0,5.0,5.0,2.0,1.0,2.0,1.0,4.0,2.0,4.0,32.0,1.0,512.0,16.0,1.0,1.0,1.0,1.0,64.0,320.0,1.0,1222574089.0,157296360.0,8638890.0,0.091877,20.0,10.0,124.0,1.9230645403001603e+17,19.9805,20.014544444444446,10.0,124.0
8192.0,256000.0,256.0,64.0,3.0,4.0,4.0,30.0,2.0,3.0,2.0,5.0,3.0,5.0,4.0,5.0,6.0,4.0,4.0,1.0,2.0,4.0,6.0,1.0,2.0,5.0,4.0,1.0,5.0,1.0,4.0,5.0,2.0,512.0,1.0,16.0,128.0,1.0,1.0,1.0,1.0,2.0,128.0,1.0,6.0,3.0,2.0,4.0,1.0,3.0,5.0,3.0,1.0,1.0,1.0,3.0,6.0,4.0,1.0,4.0,6.0,3.0,2048.0,8.0,1.0,512.0,64.0,1.0,1.0,1.0,1.0,1.0,320.0,1.0,1298959540.0,32673510.0,303140000.0,9.764359999999998,480.0,10.0,3735552.0,4.24415675197854e+16,18.962944444444446,0.0763888888888889,10.0,2206378.6666666665
1024.0,16000.0,256.0,64.0,3.0,4.0,26.0,28.0,1.0,1.0,4.0,2.0,4.0,3.0,3.0,4.0,3.0,4.0,6.0,6.0,6.0,1.0,4.0,4.0,4.0,3.0,6.0,5.0,5.0,4.0,1.0,3.0,4.0,128.0,1.0,4.0,8.0,1.0,1.0,1.0,1.0,64.0,1.0,1.0,6.0,3.0,6.0,4.0,4.0,1.0,2.0,2.0,4.0,5.0,6.0,3.0,1.0,3.0,6.0,3.0,1.0,2.0,512.0,1024.0,1.0,64.0,48.0,1.0,1.0,1.0,1.0,160.0,32.0,1.0,24562259984.0,35585906.0,5442000000.0,17.078877777777777,2912.0,10.0,479232.0,8.740702749381855e+17,1.0,0.059543111111111116,10.0,274887.1111111111
4096.0,32000000.0,256.0,64.0,2.0,6.0,22.0,36.0,1.0,2.0,2.0,3.0,4.0,4.0,3.0,2.0,1.0,5.0,1.0,6.0,4.0,4.0,6.0,5.0,2.0,5.0,4.0,2.0,3.0,5.0,3.0,4.0,4096.0,1.0,1.0,128.0,16.0,1.0,1.0,1.0,1.0,8.0,128.0,1.0,1.0,2.0,1.0,3.0,4.0,5.0,3.0,5.0,1.0,6.0,6.0,2.0,1.0,4.0,5.0,2.0,1.0,5.0,256.0,8.0,1.0,1536.0,8.0,1.0,1.0,1.0,1.0,5.0,40.0,1.0,24524095497.0,93659120.0,624982000.0,3.6568366666666665,792.0,10.0,304.0,2.2969052030449825e+18,1.0,0.6208568888888889,10.0,295.1111111111111
1024000.0,16000000.0,256.0,64.0,2.0,34.0,48.0,40.0,1.0,4.0,3.0,5.0,2.0,5.0,4.0,4.0,4.0,4.0,3.0,4.0,1.0,4.0,2.0,2.0,3.0,3.0,4.0,1.0,4.0,3.0,3.0,6.0,4.0,1.0,1.0,1.0,256.0,1.0,1.0,1.0,1.0,1.0,1.0,1.0,6.0,2.0,5.0,3.0,6.0,5.0,2.0,2.0,2.0,4.0,6.0,1.0,6.0,6.0,3.0,2.0,6.0,4.0,1.0,4096.0,1.0,1024.0,192.0,1.0,1.0,1.0,1.0,2.0,16.0,1.0,705953806.0,158077290.0,2617740000.0,9.875392222222223,1920.0,10.0,37440.0,1.1159526451766574e+17,36.44444444444444,31.794099999999997,10.0,20971.555555555555
512000.0,2048000.0,256.0,64.0,2.0,38.0,36.0,20.0,1.0,2.0,1.0,5.0,2.0,1.0,4.0,1.0,1.0,1.0,6.0,6.0,2.0,1.0,3.0,4.0,2.0,3.0,2.0,1.0,2.0,1.0,1.0,5.0,1024.0,8.0,1.0,32.0,1.0,1.0,1.0,1.0,1.0,4.0,1.0,1.0,5.0,6.0,3.0,5.0,4.0,5.0,6.0,1.0,3.0,3.0,6.0,2.0,3.0,2.0,2.0,3.0,3.0,6.0,256.0,1.0,1.0,48.0,96.0,1.0,1.0,1.0,1.0,320.0,5.0,1.0,496500748.0,121379778.0,541817000.0,3.3372977777777777,720.0,10.0,17736.0,6.0265150569073944e+16,298.6666666666667,268.3456888888889,10.0,10436.444444444445
2048.0,2048000.0,256.0,64.0,2.0,40.0,6.0,4.0,3.0,5.0,6.0,5.0,4.0,3.0,2.0,5.0,4.0,5.0,5.0,2.0,1.0,4.0,2.0,5.0,6.0,5.0,3.0,3.0,6.0,2.0,6.0,1.0,64.0,4.0,1.0,2048.0,256.0,1.0,1.0,1.0,1.0,128.0,4.0,1.0,2.0,1.0,2.0,1.0,3.0,5.0,2.0,6.0,4.0,4.0,2.0,6.0,3.0,5.0,2.0,2.0,5.0,4.0,4.0,1024.0,1.0,8.0,1.0,1.0,1.0,1.0,1.0,80.0,32.0,1.0,21364736025.0,158482780.0,10267300.0,0.11544566666666667,24.0,10.0,4128.0,3.3859427592081495e+18,2.3333333333333335,1.01935,10.0,2016.888888888889
8192.0,2048000.0,256.0,64.0,2.0,26.0,4.0,36.0,5.0,5.0,5.0,6.0,4.0,2.0,6.0,2.0,1.0,1.0,4.0,1.0,1.0,3.0,3.0,4.0,5.0,4.0,6.0,5.0,5.0,2.0,2.0,4.0,2.0,4096.0,1.0,1024.0,128.0,1.0,1.0,1.0,1.0,64.0,64.0,1.0,2.0,6.0,6.0,2.0,1.0,6.0,5.0,3.0,5.0,4.0,1.0,6.0,4.0,5.0,3.0,5.0,6.0,3.0,2.0,4096.0,1.0,512.0,256.0,1.0,1.0,1.0,1.0,8.0,10.0,1.0,3591684119.0,87274550.0,66692600.0,0.7140717777777777,144.0,10.0,33792.0,3.134626152278714e+17,6.222222222222222,3.109865555555556,10.0,24760.88888888889
4096.0,32000.0,256.0,64.0,1.0,8.0,16.0,6.0,6.0,2.0,2.0,4.0,1.0,2.0,3.0,5.0,4.0,2.0,1.0,2.0,6.0,5.0,3.0,2.0,2.0,1.0,6.0,6.0,4.0,2.0,1.0,5.0,8.0,4096.0,1.0,4.0,64.0,1.0,1.0,1.0,1.0,2.0,2.0,1.0,3.0,6.0,3.0,3.0,3.0,1.0,5.0,2.0,1.0,3.0,3.0,3.0,1.0,1.0,6.0,4.0,4.0,1.0,64.0,256.0,1.0,16.0,6.0,1.0,1.0,1.0,1.0,8.0,80.0,1.0,4073259017.0,122534240.0,3069380.0,0.0319532,6.0,10.0,40.0,4.991136979712421e+17,5.99707,4.311503333333333,10.0,40.0
256.0,512000.0,256.0,64.0,2.0,34.0,6.0,40.0,3.0,4.0,4.0,5.0,1.0,3.0,5.0,2.0,1.0,6.0,2.0,3.0,5.0,1.0,3.0,4.0,4.0,4.0,1.0,4.0,5.0,3.0,3.0,2.0,32.0,1.0,1.0,1.0,256.0,1.0,1.0,1.0,1.0,128.0,4.0,1.0,4.0,6.0,2.0,4.0,6.0,2.0,2.0,5.0,2.0,5.0,1.0,4.0,6.0,5.0,6.0,6.0,6.0,4.0,4.0,128.0,1.0,48.0,128.0,1.0,1.0,1.0,1.0,64.0,2.0,1.0,1157038089.0,82571560.0,122394000.0,1.057178888888889,240.0,10.0,1632.0,9.553843998814883e+16,81.38259111111111,20.487413333333333,10.0,950.2222222222222
512.0,16000.0,256.0,64.0,2.0,10.0,16.0,10.0,1.0,2.0,6.0,4.0,5.0,5.0,2.0,3.0,1.0,5.0,6.0,1.0,4.0,4.0,3.0,6.0,3.0,3.0,3.0,5.0,3.0,5.0,6.0,6.0,64.0,256.0,1.0,2048.0,8.0,1.0,1.0,1.0,1.0,32.0,1.0,1.0,6.0,5.0,2.0,4.0,5.0,4.0,2.0,1.0,3.0,3.0,1.0,3.0,4.0,6.0,5.0,4.0,2.0,3.0,32.0,4.0,1.0,1536.0,16.0,1.0,1.0,1.0,1.0,8.0,8.0,1.0,24471142417.0,75423110.0,75321100.0,0.7018318888888888,160.0,10.0,1312.0,1.845689666343057e+18,1.0,0.360824888888889,10.0,832.0
2048.0,64000.0,256.0,64.0,3.0,38.0,36.0,10.0,5.0,4.0,2.0,6.0,1.0,5.0,3.0,3.0,5.0,4.0,4.0,2.0,4.0,2.0,4.0,2.0,3.0,6.0,4.0,4.0,3.0,4.0,4.0,6.0,2048.0,1024.0,1.0,1024.0,128.0,1.0,1.0,1.0,1.0,32.0,4.0,1.0,4.0,2.0,1.0,6.0,1.0,5.0,4.0,3.0,2.0,6.0,4.0,4.0,4.0,4.0,5.0,2.0,2.0,2.0,512.0,8.0,1.0,24.0,1024.0,1.0,1.0,1.0,1.0,80.0,5.0,1.0,694394616.0,32644363.8,100631000000.0,151.82577777777777,13680.0,10.0,4980736.0,2.26680704654653e+16,74.66666666666667,0.18518500000000002,10.0,3342336.0
64000.0,512000.0,256.0,64.0,2.0,38.0,20.0,26.0,4.0,4.0,5.0,3.0,4.0,6.0,5.0,3.0,5.0,2.0,3.0,4.0,3.0,1.0,5.0,3.0,2.0,4.0,2.0,2.0,4.0,5.0,1.0,3.0,4.0,16.0,1.0,1024.0,2048.0,1.0,1.0,1.0,1.0,1.0,64.0,1.0,5.0,3.0,4.0,1.0,6.0,3.0,1.0,5.0,1.0,2.0,5.0,1.0,6.0,1.0,1.0,4.0,6.0,4.0,1024.0,32.0,1.0,768.0,1024.0,1.0,1.0,1.0,1.0,40.0,8.0,1.0,24428253737.0,55951630.0,338525000.0,2.477951111111111,520.0,10.0,61952.0,1.3668006146387412e+18,1.0,0.23719233333333337,10.0,39886.22222222222
4096.0,32000000.0,256.0,64.0,2.0,24.0,22.0,40.0,6.0,1.0,2.0,2.0,5.0,5.0,6.0,6.0,1.0,5.0,5.0,5.0,5.0,3.0,2.0,4.0,1.0,5.0,2.0,6.0,6.0,1.0,5.0,4.0,16.0,1024.0,1.0,16.0,64.0,1.0,1.0,1.0,1.0,1.0,8.0,1.0,2.0,3.0,3.0,3.0,5.0,6.0,5.0,5.0,3.0,4.0,6.0,1.0,4.0,1.0,1.0,1.0,2.0,2.0,16.0,4.0,1.0,24.0,6.0,1.0,1.0,1.0,1.0,64.0,32.0,1.0,1126980778.0,57130220.0,733807000.0,4.128374444444444,880.0,10.0,12736.0,6.438465978291116e+16,21.58546666666667,6.551088888888889,10.0,9589.333333333334
4096.0,16000.0,256.0,64.0,3.0,20.0,28.0,24.0,1.0,3.0,4.0,4.0,4.0,5.0,1.0,3.0,1.0,6.0,1.0,6.0,1.0,3.0,3.0,6.0,5.0,1.0,1.0,6.0,5.0,4.0,5.0,1.0,1024.0,4096.0,1.0,32.0,1024.0,1.0,1.0,1.0,1.0,8.0,4.0,1.0,2.0,4.0,5.0,1.0,4.0,5.0,4.0,3.0,5.0,2.0,6.0,6.0,4.0,1.0,2.0,3.0,3.0,1.0,512.0,2.0,1.0,8.0,32.0,1.0,1.0,1.0,1.0,20.0,320.0,1.0,4223788736.0,36314435.0,97222300000.0,150.138,13440.0,10.0,8470528.0,1.5338450150720416e+17,6.444444444444445,0.2044272222222222,10.0,3976305.777777778
256000.0,512000.0,256.0,64.0,3.0,10.0,4.0,16.0,2.0,6.0,3.0,4.0,2.0,2.0,4.0,1.0,1.0,2.0,1.0,1.0,5.0,6.0,2.0,4.0,4.0,2.0,4.0,4.0,1.0,2.0,1.0,4.0,256.0,512.0,1.0,8.0,2.0,1.0,1.0,1.0,1.0,16.0,1.0,1.0,1.0,1.0,6.0,4.0,4.0,5.0,2.0,4.0,2.0,1.0,2.0,4.0,2.0,4.0,2.0,3.0,6.0,3.0,256.0,8.0,1.0,64.0,96.0,1.0,1.0,1.0,1.0,4.0,80.0,1.0,738789968.0,34742199.0,455676000.0,4.3823566666666665,640.0,10.0,686080.0,2.566718808745963e+16,35.282044444444445,1.2722011111111111,10.0,425984.0
2048000.0,2048000.0,256.0,64.0,1.0,8.0,4.0,16.0,2.0,4.0,1.0,2.0,6.0,6.0,4.0,6.0,4.0,2.0,3.0,5.0,6.0,4.0,6.0,3.0,6.0,6.0,3.0,2.0,3.0,2.0,2.0,3.0,16.0,128.0,1.0,32.0,8.0,1.0,1.0,1.0,1.0,4.0,2.0,1.0,1.0,6.0,2.0,2.0,4.0,4.0,5.0,2.0,5.0,3.0,5.0,2.0,6.0,5.0,6.0,2.0,6.0,6.0,16.0,1024.0,1.0,384.0,6.0,1.0,1.0,1.0,1.0,1.0,8.0,1.0,24427626505.0,256309600.0,7027210.0,0.07444540000000001,16.0,10.0,10.0,6.261035178445948e+18,1.0,1.0,10.0,10.0
128.0,16000.0,256.0,64.0,2.0,44.0,20.0,8.0,4.0,2.0,3.0,6.0,2.0,5.0,6.0,5.0,2.0,4.0,1.0,4.0,4.0,4.0,1.0,2.0,6.0,4.0,6.0,1.0,5.0,6.0,4.0,6.0,1.0,4096.0,1.0,4.0,32.0,1.0,1.0,1.0,1.0,1.0,128.0,1.0,3.0,4.0,2.0,1.0,3.0,6.0,4.0,1.0,2.0,3.0,5.0,5.0,5.0,5.0,2.0,2.0,4.0,3.0,8.0,2048.0,1.0,1.0,24.0,1.0,1.0,1.0,1.0,32.0,320.0,1.0,2323120187.0,65057710.0,75321600.0,0.7106578888888889,160.0,10.0,5776.0,1.5113687942099178e+17,12.666666666666666,7.014122222222223,10.0,3390.222222222222
512000.0,32000.0,256.0,64.0,1.0,18.0,44.0,22.0,2.0,1.0,4.0,6.0,2.0,5.0,5.0,1.0,5.0,5.0,4.0,1.0,5.0,6.0,1.0,5.0,5.0,2.0,6.0,5.0,2.0,2.0,3.0,4.0,128.0,64.0,1.0,1024.0,256.0,1.0,1.0,1.0,1.0,2.0,1.0,1.0,6.0,5.0,1.0,1.0,3.0,6.0,6.0,6.0,3.0,2.0,4.0,1.0,4.0,4.0,1.0,1.0,4.0,1.0,1.0,64.0,1.0,192.0,12.0,1.0,1.0,1.0,1.0,40.0,5.0,1.0,1207959561.0,237408540.0,9450850.0,0.10058299999999999,22.0,10.0,178.0,2.8677991575605094e+17,20.592577777777777,20.59262222222222,10.0,178.0
256000.0,1024000.0,256.0,64.0,3.0,48.0,20.0,22.0,1.0,1.0,5.0,2.0,2.0,1.0,1.0,1.0,2.0,6.0,1.0,6.0,6.0,6.0,2.0,5.0,1.0,2.0,6.0,2.0,1.0,5.0,2.0,1.0,1.0,512.0,1.0,1.0,1.0,1.0,1.0,1.0,1.0,32.0,32.0,1.0,3.0,1.0,4.0,3.0,5.0,5.0,2.0,4.0,1.0,3.0,3.0,1.0,3.0,3.0,1.0,5.0,6.0,3.0,4.0,2.0,1.0,32.0,1024.0,1.0,1.0,1.0,1.0,160.0,5.0,1.0,5691732327.0,54708807.0,235435000000.0,286.13366666666667,21120.0,10.0,337152.0,3.113878853735039e+17,9.333333333333334,2.228450311111111,10.0,202353.77777777778
16000.0,2048000.0,256.0,64.0,2.0,40.0,24.0,40.0,4.0,3.0,1.0,3.0,6.0,2.0,5.0,1.0,6.0,5.0,2.0,4.0,4.0,4.0,2.0,3.0,4.0,4.0,6.0,3.0,3.0,2.0,4.0,2.0,512.0,32.0,1.0,32.0,256.0,1.0,1.0,1.0,1.0,8.0,8.0,1.0,1.0,4.0,1.0,4.0,2.0,2.0,2.0,5.0,5.0,2.0,3.0,5.0,1.0,1.0,3.0,2.0,3.0,6.0,64.0,64.0,1.0,24.0,384.0,1.0,1.0,1.0,1.0,32.0,20.0,1.0,764543051.0,38782116.0,839586000.0,4.5180444444444445,960.0,10.0,6592.0,2.9650597290875916e+16,32.0,1.32087,10.0,5027.555555555556
64000.0,32000.0,256.0,64.0,3.0,2.0,6.0,26.0,1.0,6.0,1.0,2.0,4.0,4.0,6.0,2.0,1.0,2.0,1.0,1.0,6.0,2.0,3.0,4.0,1.0,3.0,2.0,1.0,2.0,5.0,3.0,3.0,32.0,2.0,1.0,512.0,2.0,1.0,1.0,1.0,1.0,4.0,1.0,1.0,1.0,6.0,4.0,5.0,6.0,2.0,6.0,5.0,6.0,5.0,5.0,1.0,3.0,2.0,5.0,1.0,2.0,3.0,4.0,1024.0,1.0,3072.0,256.0,1.0,1.0,1.0,1.0,5.0,8.0,1.0,22553592388.0,41580867.0,170998000.0,13.675835555555555,312.0,10.0,6356992.0,9.377979254576404e+17,1.4444444444444444,0.07845053333333334,10.0,3564544.0
256.0,32000000.0,256.0,64.0,3.0,8.0,46.0,36.0,1.0,4.0,6.0,3.0,1.0,6.0,6.0,4.0,6.0,6.0,4.0,3.0,5.0,2.0,6.0,1.0,6.0,4.0,1.0,6.0,4.0,3.0,1.0,3.0,2.0,16.0,1.0,8.0,64.0,1.0,1.0,1.0,1.0,1.0,4.0,1.0,2.0,6.0,3.0,2.0,3.0,2.0,2.0,1.0,4.0,3.0,2.0,5.0,4.0,6.0,5.0,5.0,2.0,1.0,4096.0,512.0,1.0,6.0,48.0,1.0,1.0,1.0,1.0,8.0,4.0,1.0,4029479316.0,40187130.0,94536400000.0,134.24155555555555,13248.0,10.0,459520.0,1.6193320910440307e+17,6.888888888888889,0.7713938888888889,10.0,256483.55555555556
8192.0,2048000.0,256.0,64.0,3.0,46.0,48.0,28.0,2.0,5.0,6.0,4.0,4.0,4.0,1.0,6.0,4.0,4.0,1.0,5.0,2.0,2.0,6.0,2.0,3.0,2.0,1.0,4.0,4.0,3.0,3.0,4.0,2048.0,2048.0,1.0,4.0,256.0,1.0,1.0,1.0,1.0,32.0,1.0,1.0,4.0,5.0,2.0,1.0,5.0,6.0,1.0,4.0,2.0,6.0,5.0,4.0,6.0,4.0,6.0,5.0,1.0,2.0,64.0,1024.0,1.0,512.0,6.0,1.0,1.0,1.0,1.0,64.0,16.0,1.0,193748768.0,32997898.0,1971600000000.0,1942.2844444444445,61824.0,10.0,1245184.0,6393302084089664.0,203.11111111111111,1.2152777777777777,10.0,1223338.6666666667
4096.0,8192000.0,256.0,64.0,2.0,14.0,34.0,18.0,1.0,2.0,4.0,3.0,5.0,5.0,6.0,2.0,4.0,4.0,4.0,1.0,3.0,2.0,6.0,2.0,2.0,3.0,3.0,1.0,3.0,6.0,2.0,2.0,256.0,256.0,1.0,64.0,4.0,1.0,1.0,1.0,1.0,64.0,4.0,1.0,4.0,4.0,1.0,2.0,2.0,4.0,4.0,5.0,4.0,3.0,4.0,6.0,1.0,5.0,6.0,5.0,5.0,1.0,8.0,4096.0,1.0,1.0,3072.0,1.0,1.0,1.0,1.0,320.0,20.0,1.0,24554504229.0,140511270.0,426972000.0,2.785081111111112,612.0,10.0,4128.0,3.450184573437161e+18,1.0,0.6648517777777777,10.0,2043.5555555555557
16000.0,16000000.0,256.0,64.0,2.0,32.0,8.0,46.0,1.0,6.0,5.0,5.0,5.0,6.0,1.0,3.0,6.0,3.0,1.0,6.0,6.0,2.0,3.0,4.0,5.0,6.0,1.0,5.0,1.0,3.0,6.0,3.0,16.0,2.0,1.0,8.0,2.0,1.0,1.0,1.0,1.0,1.0,128.0,1.0,2.0,2.0,6.0,2.0,4.0,6.0,1.0,6.0,4.0,5.0,1.0,1.0,3.0,1.0,2.0,6.0,3.0,5.0,16.0,512.0,1.0,24.0,32.0,1.0,1.0,1.0,1.0,5.0,8.0,1.0,3121872965.0,75403600.0,211280000.0,1.6494355555555555,368.0,10.0,8224.0,2.35400460303674e+17,8.0,2.489387777777778,10.0,4629.333333333333
256.0,8192000.0,256.0,64.0,3.0,18.0,20.0,18.0,5.0,1.0,3.0,4.0,4.0,2.0,6.0,3.0,6.0,6.0,5.0,2.0,3.0,5.0,2.0,1.0,1.0,3.0,2.0,5.0,6.0,5.0,3.0,5.0,16.0,64.0,1.0,2048.0,512.0,1.0,1.0,1.0,1.0,32.0,128.0,1.0,3.0,2.0,5.0,6.0,2.0,6.0,3.0,2.0,5.0,4.0,2.0,3.0,1.0,3.0,4.0,4.0,2.0,6.0,512.0,2048.0,1.0,768.0,1.0,1.0,1.0,1.0,1.0,64.0,16.0,1.0,2584118088.0,33360278.0,23892100000.0,67.76047777777777,6480.0,10.0,6914048.0,8.620689780050846e+16,32.888888888888886,0.13888888888888892,10.0,6302378.666666667
1024.0,64000.0,256.0,64.0,2.0,30.0,2.0,2.0,1.0,2.0,6.0,3.0,2.0,5.0,4.0,2.0,5.0,5.0,5.0,4.0,4.0,2.0,1.0,5.0,6.0,4.0,1.0,2.0,3.0,6.0,3.0,3.0,2048.0,1024.0,1.0,8.0,2.0,1.0,1.0,1.0,1.0,8.0,2.0,1.0,6.0,2.0,2.0,6.0,5.0,2.0,5.0,2.0,5.0,4.0,3.0,1.0,4.0,2.0,3.0,4.0,5.0,2.0,128.0,2048.0,1.0,12.0,3.0,1.0,1.0,1.0,1.0,10.0,32.0,1.0,24433918051.0,51963150.0,2290900.0,0.042363,4.0,10.0,8200.0,1.2696633487718205e+18,1.0,0.27799,10.0,5526.666666666667
128000.0,32000.0,256.0,64.0,2.0,34.0,42.0,18.0,6.0,3.0,4.0,6.0,1.0,5.0,3.0,2.0,4.0,4.0,6.0,3.0,2.0,5.0,4.0,3.0,6.0,2.0,3.0,1.0,1.0,1.0,4.0,5.0,128.0,16.0,1.0,128.0,2.0,1.0,1.0,1.0,1.0,8.0,32.0,1.0,3.0,1.0,5.0,5.0,3.0,4.0,5.0,1.0,1.0,3.0,2.0,6.0,6.0,3.0,5.0,5.0,4.0,2.0,2.0,2048.0,1.0,1024.0,32.0,1.0,1.0,1.0,1.0,80.0,2.0,1.0,533621820.0,90833610.0,582740000.0,3.509842222222222,756.0,10.0,13472.0,4.84707962853702e+16,88.23594444444444,49.85928888888889,10.0,9232.0
32000.0,512000.0,256.0,64.0,3.0,42.0,30.0,30.0,6.0,3.0,3.0,3.0,1.0,5.0,4.0,6.0,2.0,2.0,2.0,6.0,3.0,3.0,3.0,2.0,4.0,3.0,1.0,2.0,2.0,1.0,4.0,3.0,4.0,4.0,1.0,1.0,64.0,1.0,1.0,1.0,1.0,4.0,64.0,1.0,6.0,2.0,5.0,3.0,2.0,2.0,2.0,5.0,5.0,2.0,1.0,5.0,5.0,5.0,6.0,1.0,4.0,5.0,4.0,1.0,1.0,256.0,256.0,1.0,1.0,1.0,1.0,2.0,32.0,1.0,129688881.0,35784502.0,742684000000.0,787.3938888888889,37800.0,10.0,113152.0,4640852021522262.0,665.4711111111111,18.39016666666667,10.0,85617.77777777778
1024000.0,128000.0,256.0,64.0,3.0,44.0,38.0,18.0,4.0,2.0,1.0,1.0,6.0,4.0,1.0,3.0,6.0,5.0,3.0,1.0,1.0,5.0,6.0,6.0,6.0,4.0,5.0,4.0,3.0,6.0,4.0,2.0,512.0,128.0,1.0,64.0,1.0,1.0,1.0,1.0,1.0,1.0,1.0,1.0,5.0,6.0,5.0,4.0,4.0,4.0,3.0,3.0,2.0,5.0,3.0,3.0,1.0,6.0,3.0,2.0,1.0,5.0,16.0,1.0,1.0,128.0,4.0,1.0,1.0,1.0,1.0,20.0,160.0,1.0,2352472682.0,48671290.0,473161000000.0,525.2991111111111,30096.0,10.0,67840.0,1.1449788012269978e+17,10.666666666666666,1.45431,10.0,58026.666666666664
512.0,32000000.0,256.0,64.0,1.0,12.0,48.0,28.0,6.0,5.0,4.0,5.0,4.0,4.0,5.0,3.0,2.0,6.0,4.0,6.0,1.0,3.0,4.0,2.0,4.0,1.0,2.0,4.0,3.0,4.0,5.0,1.0,32.0,512.0,1.0,1.0,2.0,1.0,1.0,1.0,1.0,128.0,8.0,1.0,4.0,5.0,1.0,3.0,6.0,6.0,5.0,1.0,2.0,5.0,5.0,6.0,2.0,4.0,3.0,2.0,6.0,6.0,4.0,32.0,1.0,1.0,32.0,1.0,1.0,1.0,1.0,40.0,1.0,1.0,876675081.0,166195580.0,11911200.0,0.12616800000000003,28.0,10.0,172.0,1.4569952355834198e+17,27.8639,34.06064444444444,10.0,172.0
4096.0,32000000.0,256.0,64.0,1.0,8.0,8.0,16.0,4.0,4.0,2.0,3.0,6.0,2.0,3.0,5.0,2.0,5.0,2.0,6.0,2.0,6.0,1.0,4.0,6.0,4.0,4.0,6.0,5.0,2.0,6.0,3.0,128.0,128.0,1.0,32.0,16.0,1.0,1.0,1.0,1.0,32.0,64.0,1.0,1.0,2.0,5.0,2.0,3.0,6.0,4.0,2.0,3.0,6.0,2.0,1.0,4.0,5.0,5.0,4.0,5.0,5.0,2.0,1.0,1.0,64.0,384.0,1.0,1.0,1.0,1.0,40.0,160.0,1.0,24427626505.0,257208900.0,7027210.0,0.07444540000000001,16.0,10.0,10.0,6.283002942961894e+18,1.0,1.0052044444444443,10.0,10.0
16000.0,16000000.0,256.0,64.0,1.0,4.0,10.0,24.0,6.0,4.0,1.0,5.0,2.0,2.0,2.0,2.0,3.0,2.0,6.0,3.0,4.0,4.0,5.0,2.0,3.0,5.0,1.0,6.0,2.0,1.0,4.0,3.0,2.0,1024.0,1.0,2048.0,1024.0,1.0,1.0,1.0,1.0,128.0,32.0,1.0,6.0,2.0,1.0,3.0,4.0,2.0,6.0,3.0,5.0,4.0,1.0,5.0,2.0,3.0,6.0,4.0,1.0,1.0,4.0,64.0,1.0,12.0,192.0,1.0,1.0,1.0,1.0,1.0,64.0,1.0,1019805705.0,203147480.0,10266900.0,0.10899800000000001,24.0,10.0,148.0,2.071709590603734e+17,23.9532,30.61114444444444,10.0,148.0
32000.0,16000000.0,256.0,64.0,3.0,46.0,16.0,42.0,6.0,4.0,3.0,1.0,5.0,5.0,1.0,3.0,6.0,4.0,3.0,1.0,3.0,6.0,6.0,5.0,1.0,2.0,4.0,3.0,6.0,6.0,1.0,2.0,128.0,4.0,1.0,4.0,1024.0,1.0,1.0,1.0,1.0,128.0,1.0,1.0,6.0,3.0,2.0,1.0,3.0,4.0,4.0,4.0,3.0,2.0,5.0,3.0,1.0,2.0,1.0,4.0,5.0,3.0,16.0,2048.0,1.0,24.0,32.0,1.0,1.0,1.0,1.0,5.0,160.0,1.0,10212696968.0,33918820.8,498845000000.0,568.2928888888889,30912.0,10.0,9699328.0,3.464026383422953e+17,15.333333333333334,0.017361111111111112,10.0,5190314.666666667
256.0,4096000.0,256.0,64.0,2.0,10.0,8.0,48.0,5.0,4.0,6.0,6.0,6.0,5.0,3.0,6.0,5.0,4.0,1.0,2.0,1.0,5.0,2.0,1.0,1.0,5.0,2.0,4.0,3.0,2.0,1.0,4.0,512.0,32.0,1.0,8.0,2.0,1.0,1.0,1.0,1.0,4.0,32.0,1.0,3.0,3.0,5.0,1.0,1.0,1.0,4.0,6.0,4.0,3.0,1.0,6.0,6.0,2.0,6.0,4.0,3.0,2.0,8.0,4096.0,1.0,1.0,96.0,1.0,1.0,1.0,1.0,80.0,320.0,1.0,2699034643.0,146144690.0,223564000.0,1.710322222222222,384.0,10.0,1456.0,3.944495812004957e+17,23.11111111111111,21.419115555555557,10.0,986.6666666666666
32000.0,1024000.0,256.0,64.0,1.0,2.0,30.0,28.0,3.0,1.0,4.0,4.0,1.0,6.0,5.0,1.0,2.0,2.0,3.0,2.0,3.0,1.0,6.0,5.0,5.0,1.0,6.0,4.0,3.0,6.0,2.0,5.0,128.0,64.0,1.0,8.0,16.0,1.0,1.0,1.0,1.0,32.0,2.0,1.0,1.0,1.0,2.0,3.0,6.0,5.0,3.0,1.0,3.0,2.0,2.0,1.0,5.0,1.0,3.0,4.0,3.0,4.0,4.0,1.0,1.0,384.0,24.0,1.0,1.0,1.0,1.0,80.0,8.0,1.0,24427626505.0,199781280.0,11911100.0,0.125609,28.0,10.0,10.0,4.880182490530826e+18,1.0,1.0,10.0,10.0
512.0,32000.0,256.0,64.0,1.0,42.0,32.0,28.0,4.0,5.0,3.0,6.0,1.0,6.0,6.0,5.0,3.0,5.0,4.0,2.0,6.0,6.0,4.0,5.0,6.0,3.0,1.0,3.0,4.0,1.0,2.0,4.0,64.0,2.0,1.0,4.0,32.0,1.0,1.0,1.0,1.0,2.0,32.0,1.0,3.0,4.0,1.0,4.0,5.0,5.0,1.0,4.0,6.0,5.0,2.0,4.0,4.0,3.0,5.0,3.0,1.0,6.0,4.0,256.0,1.0,64.0,96.0,1.0,1.0,1.0,1.0,10.0,1.0,1.0,956301321.0,240770900.0,11911200.0,0.126354,28.0,10.0,226.0,2.302495297283589e+17,24.2963,24.370388888888886,10.0,226.0
2048.0,2048000.0,256.0,64.0,3.0,40.0,26.0,16.0,6.0,6.0,4.0,5.0,3.0,1.0,2.0,3.0,3.0,4.0,5.0,5.0,6.0,2.0,2.0,1.0,6.0,3.0,1.0,1.0,5.0,6.0,2.0,1.0,32.0,512.0,1.0,1.0,2.0,1.0,1.0,1.0,1.0,64.0,8.0,1.0,6.0,2.0,6.0,2.0,5.0,1.0,4.0,1.0,5.0,3.0,6.0,1.0,5.0,6.0,4.0,3.0,4.0,6.0,1.0,16.0,1.0,128.0,768.0,1.0,1.0,1.0,1.0,160.0,32.0,1.0,73947568.0,32780645.0,147505000000.0,195.80611111111114,16640.0,10.0,1433600.0,2424048975221360.0,1978.9222222222222,8.351515555555556,10.0,1036856.8888888889
4096.0,32000000.0,256.0,64.0,3.0,24.0,4.0,18.0,3.0,4.0,5.0,4.0,2.0,1.0,4.0,6.0,2.0,4.0,2.0,4.0,4.0,5.0,1.0,5.0,2.0,3.0,1.0,4.0,4.0,5.0,5.0,6.0,1.0,512.0,1.0,256.0,8.0,1.0,1.0,1.0,1.0,128.0,16.0,1.0,2.0,2.0,5.0,5.0,6.0,2.0,4.0,4.0,2.0,4.0,5.0,6.0,5.0,6.0,5.0,1.0,3.0,1.0,2.0,4.0,1.0,64.0,192.0,1.0,1.0,1.0,1.0,5.0,16.0,1.0,3514436884.0,59592031.4,2187010000.0,9.396372222222222,1728.0,10.0,458752.0,2.0943243314464614e+17,19.22222222222222,0.9681666666666666,10.0,208227.55555555556
1024000.0,32000000.0,256.0,64.0,3.0,40.0,42.0,44.0,1.0,4.0,6.0,5.0,3.0,2.0,2.0,2.0,3.0,4.0,3.0,4.0,4.0,2.0,2.0,6.0,5.0,6.0,5.0,1.0,4.0,3.0,4.0,5.0,2.0,32.0,1.0,512.0,1.0,1.0,1.0,1.0,1.0,64.0,128.0,1.0,3.0,3.0,3.0,3.0,3.0,4.0,2.0,4.0,1.0,2.0,4.0,3.0,5.0,6.0,4.0,5.0,4.0,4.0,1.0,2.0,1.0,32.0,3072.0,1.0,1.0,1.0,1.0,20.0,32.0,1.0,2577244605.0,76128403.0,2813000000000.0,2709.662222222222,73920.0,10.0,209024.0,1.962015159190158e+17,36.44444444444444,13.567597244444446,10.0,192583.11111111112
128000.0,2048000.0,256.0,64.0,3.0,48.0,28.0,20.0,6.0,1.0,1.0,4.0,3.0,1.0,5.0,2.0,6.0,3.0,5.0,4.0,1.0,1.0,5.0,5.0,2.0,2.0,1.0,5.0,2.0,3.0,6.0,1.0,1024.0,2048.0,1.0,128.0,1024.0,1.0,1.0,1.0,1.0,4.0,4.0,1.0,2.0,6.0,3.0,3.0,1.0,3.0,2.0,6.0,3.0,3.0,4.0,6.0,2.0,4.0,6.0,5.0,1.0,3.0,2048.0,16.0,1.0,1024.0,4.0,1.0,1.0,1.0,1.0,1.0,4.0,1.0,7220258544.0,34838321.0,378547000000.0,460.196,26880.0,10.0,8429568.0,2.5154168485886464e+17,3.111111111111111,0.10416666666666667,10.0,8429568.0
32000.0,64000.0,256.0,64.0,2.0,12.0,12.0,2.0,2.0,3.0,2.0,4.0,4.0,5.0,5.0,1.0,6.0,6.0,6.0,1.0,5.0,5.0,1.0,1.0,4.0,1.0,5.0,6.0,1.0,2.0,2.0,4.0,8.0,1.0,1.0,128.0,1.0,1.0,1.0,1.0,1.0,8.0,32.0,1.0,4.0,3.0,3.0,1.0,3.0,4.0,2.0,6.0,3.0,6.0,5.0,6.0,4.0,1.0,1.0,4.0,6.0,1.0,1024.0,1024.0,1.0,192.0,12.0,1.0,1.0,1.0,1.0,160.0,1.0,1.0,22817833244.0,111806420.0,10269800.0,0.1635866666666667,24.0,10.0,28720.0,2.5511802471686267e+18,1.4444444444444444,0.9660833333333334,10.0,15970.666666666666
256.0,512000.0,256.0,64.0,3.0,6.0,10.0,32.0,4.0,1.0,4.0,1.0,6.0,1.0,6.0,3.0,1.0,6.0,2.0,2.0,4.0,2.0,2.0,4.0,1.0,3.0,5.0,6.0,3.0,1.0,6.0,2.0,128.0,16.0,1.0,32.0,1024.0,1.0,1.0,1.0,1.0,4.0,2.0,1.0,1.0,2.0,4.0,2.0,4.0,2.0,5.0,5.0,2.0,6.0,4.0,1.0,6.0,6.0,2.0,3.0,3.0,1.0,1.0,1.0,1.0,2.0,192.0,1.0,1.0,1.0,1.0,320.0,5.0,1.0,22683789330.0,121662685.0,2617760000.0,10.45658888888889,1920.0,10.0,271360.0,2.759770715862151e+18,4.111111111111111,0.9750766666666666,10.0,189440.0
4096.0,512000.0,256.0,64.0,1.0,48.0,14.0,46.0,2.0,4.0,5.0,5.0,5.0,5.0,3.0,2.0,1.0,5.0,1.0,5.0,4.0,5.0,5.0,1.0,3.0,2.0,2.0,1.0,6.0,4.0,6.0,6.0,512.0,4096.0,1.0,2.0,128.0,1.0,1.0,1.0,1.0,8.0,8.0,1.0,1.0,4.0,4.0,4.0,3.0,4.0,6.0,6.0,5.0,2.0,4.0,6.0,6.0,1.0,6.0,2.0,6.0,2.0,8.0,256.0,1.0,6.0,256.0,1.0,1.0,1.0,1.0,2.0,4.0,1.0,24427626505.0,199786080.0,19512200.0,0.202899,46.0,10.0,10.0,4.88029974313805e+18,1.0,1.0001066666666665,10.0,10.0
512000.0,256000.0,256.0,64.0,2.0,30.0,4.0,16.0,4.0,5.0,3.0,3.0,6.0,4.0,1.0,4.0,6.0,5.0,3.0,5.0,6.0,3.0,6.0,2.0,6.0,6.0,4.0,2.0,1.0,4.0,6.0,2.0,16.0,2048.0,1.0,64.0,64.0,1.0,1.0,1.0,1.0,1.0,4.0,1.0,3.0,4.0,2.0,1.0,1.0,5.0,5.0,1.0,2.0,5.0,6.0,2.0,2.0,3.0,2.0,6.0,3.0,1.0,8.0,2.0,1.0,3072.0,3072.0,1.0,1.0,1.0,1.0,8.0,5.0,1.0,1529479313.0,77001586.0,27448000.0,0.36653966666666665,64.0,10.0,43028.0,1.1777233285519042e+17,16.0,4.931401111111111,10.0,24956.88888888889
2048000.0,32000000.0,256.0,64.0,2.0,36.0,26.0,44.0,3.0,2.0,5.0,2.0,5.0,5.0,3.0,4.0,4.0,4.0,4.0,3.0,2.0,3.0,6.0,3.0,4.0,3.0,1.0,6.0,2.0,5.0,2.0,5.0,16.0,128.0,1.0,8.0,128.0,1.0,1.0,1.0,1.0,2.0,16.0,1.0,5.0,3.0,6.0,6.0,6.0,2.0,6.0,5.0,5.0,1.0,3.0,5.0,3.0,4.0,3.0,2.0,6.0,5.0,16.0,256.0,1.0,768.0,16.0,1.0,1.0,1.0,1.0,2.0,40.0,1.0,24483725326.0,57032780.0,1107630000.0,5.456189999999999,1144.0,10.0,640.0,1.3963749200981862e+18,1.0,0.31201338888888885,10.0,512.0
512.0,16000.0,256.0,64.0,2.0,36.0,48.0,2.0,2.0,2.0,5.0,1.0,5.0,5.0,5.0,6.0,6.0,4.0,5.0,5.0,6.0,2.0,3.0,5.0,1.0,1.0,3.0,5.0,3.0,6.0,2.0,4.0,256.0,4096.0,1.0,1.0,2.0,1.0,1.0,1.0,1.0,64.0,4.0,1.0,6.0,4.0,3.0,5.0,5.0,5.0,4.0,3.0,1.0,5.0,5.0,2.0,1.0,3.0,4.0,2.0,2.0,1.0,128.0,2.0,1.0,12.0,4.0,1.0,1.0,1.0,1.0,8.0,1.0,1.0,25690112025.0,126387600.0,42359300.0,0.42306344444444444,96.0,10.0,2568.0,3.24691160257089e+18,1.0,0.37277266666666664,10.0,1163.5555555555557
64000.0,32000.0,256.0,64.0,3.0,42.0,32.0,16.0,2.0,1.0,5.0,5.0,6.0,4.0,4.0,4.0,3.0,4.0,3.0,4.0,3.0,6.0,1.0,1.0,4.0,6.0,3.0,3.0,1.0,2.0,2.0,3.0,2048.0,512.0,1.0,1024.0,2.0,1.0,1.0,1.0,1.0,4.0,16.0,1.0,5.0,4.0,5.0,5.0,5.0,6.0,2.0,5.0,3.0,2.0,1.0,1.0,4.0,5.0,6.0,2.0,6.0,5.0,4096.0,1024.0,1.0,4.0,3072.0,1.0,1.0,1.0,1.0,320.0,160.0,1.0,3407163600.0,32505627.4,243927000000.0,357.852,21504.0,10.0,29753344.0,1.1075199047244264e+17,9.777777777777779,0.0,10.0,18437461.333333332
256000.0,64000.0,256.0,64.0,1.0,28.0,22.0,2.0,2.0,2.0,3.0,6.0,5.0,1.0,3.0,5.0,2.0,2.0,5.0,1.0,5.0,2.0,6.0,3.0,2.0,1.0,4.0,6.0,1.0,2.0,1.0,6.0,128.0,4.0,1.0,1024.0,32.0,1.0,1.0,1.0,1.0,128.0,1.0,1.0,3.0,2.0,4.0,6.0,6.0,6.0,5.0,5.0,4.0,1.0,5.0,6.0,5.0,6.0,6.0,5.0,6.0,1.0,32.0,512.0,1.0,3.0,6.0,1.0,1.0,1.0,1.0,5.0,160.0,1.0,12213813257.0,257208900.0,1518110.0,0.014839000000000001,2.0,10.0,18.0,3.141501472638387e+18,2.0,2.0104144444444447,10.0,18.0
256000.0,32000.0,256.0,64.0,2.0,36.0,42.0,48.0,1.0,1.0,6.0,1.0,1.0,6.0,2.0,6.0,3.0,5.0,3.0,3.0,4.0,2.0,4.0,1.0,4.0,5.0,6.0,4.0,6.0,1.0,2.0,4.0,32.0,128.0,1.0,2048.0,64.0,1.0,1.0,1.0,1.0,4.0,128.0,1.0,1.0,1.0,4.0,5.0,4.0,6.0,2.0,5.0,6.0,3.0,2.0,5.0,3.0,3.0,5.0,5.0,1.0,2.0,4096.0,2.0,1.0,96.0,16.0,1.0,1.0,1.0,1.0,10.0,1.0,1.0,24742723625.0,128054466.0,2847210000.0,10.385444444444445,2016.0,10.0,4864.0,3.1684162611849595e+18,1.0,0.3245958666666666,10.0,2237.3333333333335
32000.0,16000000.0,256.0,64.0,3.0,28.0,8.0,46.0,6.0,2.0,2.0,5.0,4.0,4.0,1.0,2.0,6.0,4.0,3.0,6.0,5.0,5.0,1.0,3.0,5.0,2.0,5.0,5.0,5.0,1.0,1.0,5.0,4.0,16.0,1.0,32.0,16.0,1.0,1.0,1.0,1.0,2.0,32.0,1.0,5.0,1.0,4.0,6.0,1.0,3.0,5.0,5.0,4.0,6.0,3.0,3.0,6.0,5.0,1.0,3.0,2.0,6.0,16.0,4.0,1.0,4.0,256.0,1.0,1.0,1.0,1.0,1.0,320.0,1.0,122527688.0,33740429.0,58069600000.0,91.82708888888888,10304.0,10.0,679936.0,4134136757498152.0,204.8,5.722222222222223,10.0,404138.6666666667
8192.0,32000.0,256.0,64.0,1.0,28.0,32.0,16.0,5.0,3.0,2.0,1.0,5.0,4.0,2.0,3.0,6.0,1.0,2.0,6.0,5.0,6.0,3.0,1.0,6.0,3.0,6.0,2.0,6.0,6.0,3.0,1.0,16.0,512.0,1.0,4.0,1.0,1.0,1.0,1.0,1.0,64.0,8.0,1.0,2.0,5.0,6.0,5.0,1.0,6.0,5.0,6.0,1.0,4.0,1.0,6.0,4.0,2.0,4.0,3.0,2.0,5.0,128.0,16.0,1.0,48.0,1.0,1.0,1.0,1.0,1.0,2.0,10.0,1.0,1526726665.0,101758520.0,7027220.0,0.0747559,16.0,10.0,100.0,1.553574458749358e+17,16.0,8.003220000000002,10.0,100.0
8192.0,64000.0,256.0,64.0,1.0,12.0,8.0,22.0,3.0,4.0,5.0,1.0,3.0,2.0,6.0,2.0,3.0,3.0,6.0,4.0,3.0,5.0,3.0,4.0,4.0,6.0,2.0,5.0,6.0,3.0,4.0,2.0,64.0,128.0,1.0,32.0,16.0,1.0,1.0,1.0,1.0,16.0,128.0,1.0,1.0,3.0,5.0,6.0,5.0,6.0,3.0,3.0,2.0,2.0,4.0,4.0,4.0,4.0,6.0,5.0,5.0,1.0,1024.0,64.0,1.0,3072.0,3.0,1.0,1.0,1.0,1.0,1.0,8.0,1.0,24427626505.0,219832700.0,9450830.0,0.100003,22.0,10.0,10.0,5.369991089185713e+18,1.0,1.2222577777777779,10.0,10.0
512000.0,1024000.0,256.0,64.0,1.0,14.0,28.0,26.0,5.0,6.0,3.0,5.0,6.0,5.0,3.0,3.0,6.0,6.0,2.0,5.0,1.0,3.0,2.0,5.0,6.0,2.0,4.0,5.0,4.0,4.0,2.0,3.0,128.0,64.0,1.0,2048.0,32.0,1.0,1.0,1.0,1.0,64.0,4.0,1.0,5.0,3.0,5.0,2.0,5.0,3.0,2.0,1.0,4.0,1.0,2.0,6.0,3.0,6.0,5.0,3.0,1.0,3.0,8.0,256.0,1.0,1.0,3072.0,1.0,1.0,1.0,1.0,1.0,64.0,1.0,945553417.0,147625900.0,11087000.0,0.117559,26.0,10.0,160.0,1.395881741827003e+17,25.863544444444443,25.863544444444443,10.0,160.0
64000.0,2048000.0,256.0,64.0,2.0,30.0,36.0,4.0,6.0,3.0,4.0,6.0,1.0,1.0,2.0,1.0,1.0,6.0,6.0,6.0,3.0,6.0,3.0,2.0,2.0,4.0,5.0,2.0,6.0,1.0,3.0,5.0,8.0,32.0,1.0,1.0,1024.0,1.0,1.0,1.0,1.0,1.0,16.0,1.0,4.0,2.0,4.0,6.0,1.0,1.0,5.0,4.0,6.0,3.0,3.0,2.0,3.0,4.0,5.0,4.0,2.0,3.0,4.0,4.0,1.0,192.0,8.0,1.0,1.0,1.0,1.0,4.0,320.0,1.0,423229491.0,64531600.0,66689500.0,0.6380492222222223,144.0,10.0,3520.0,2.73116762214156e+16,54.40407777777777,19.263144444444446,10.0,2725.3333333333335
256000.0,64000.0,256.0,64.0,2.0,18.0,42.0,48.0,1.0,5.0,3.0,6.0,2.0,3.0,3.0,6.0,2.0,5.0,5.0,2.0,6.0,1.0,6.0,4.0,1.0,4.0,1.0,4.0,4.0,1.0,1.0,2.0,64.0,128.0,1.0,1024.0,512.0,1.0,1.0,1.0,1.0,4.0,128.0,1.0,3.0,5.0,5.0,5.0,1.0,1.0,2.0,5.0,6.0,1.0,4.0,2.0,5.0,2.0,4.0,2.0,2.0,1.0,16.0,2048.0,1.0,96.0,1024.0,1.0,1.0,1.0,1.0,5.0,320.0,1.0,28690048.0,39069902.0,2847230000.0,10.800333333333334,2016.0,10.0,212992.0,1120917363735296.0,1515.3111111111111,63.33701111111111,10.0,122503.11111111111
2048.0,2048000.0,256.0,64.0,2.0,6.0,4.0,36.0,3.0,4.0,2.0,5.0,1.0,2.0,2.0,6.0,5.0,5.0,5.0,1.0,4.0,5.0,1.0,5.0,3.0,3.0,3.0,6.0,5.0,5.0,1.0,4.0,16.0,4096.0,1.0,8.0,1.0,1.0,1.0,1.0,1.0,4.0,128.0,1.0,4.0,6.0,4.0,2.0,4.0,2.0,4.0,4.0,5.0,6.0,5.0,6.0,2.0,2.0,4.0,2.0,5.0,1.0,128.0,128.0,1.0,24.0,3.0,1.0,1.0,1.0,1.0,160.0,4.0,1.0,2771517498.0,60890790.0,66689600.0,0.6390367777777779,144.0,10.0,4960.0,1.6875988995204342e+17,8.444444444444445,2.276604444444444,10.0,3011.5555555555557
2048.0,32000.0,256.0,64.0,3.0,34.0,30.0,26.0,3.0,6.0,2.0,4.0,4.0,5.0,3.0,3.0,2.0,4.0,2.0,6.0,1.0,1.0,1.0,6.0,3.0,4.0,6.0,2.0,5.0,3.0,4.0,5.0,8.0,256.0,1.0,2048.0,32.0,1.0,1.0,1.0,1.0,64.0,8.0,1.0,3.0,6.0,4.0,5.0,2.0,1.0,2.0,1.0,6.0,2.0,2.0,6.0,4.0,2.0,3.0,3.0,2.0,6.0,1024.0,32.0,1.0,1024.0,4.0,1.0,1.0,1.0,1.0,64.0,80.0,1.0,1580538640.0,33391464.0,368612000000.0,436.2181111111111,26520.0,10.0,6782976.0,5.277649909816896e+16,20.11111111111111,0.1736111111111111,10.0,4365425.777777778
16000.0,2048000.0,256.0,64.0,1.0,20.0,6.0,10.0,4.0,3.0,2.0,3.0,6.0,4.0,1.0,1.0,3.0,3.0,2.0,4.0,3.0,6.0,6.0,5.0,3.0,6.0,5.0,4.0,6.0,6.0,6.0,5.0,16.0,256.0,1.0,1024.0,64.0,1.0,1.0,1.0,1.0,8.0,64.0,1.0,2.0,2.0,2.0,3.0,3.0,3.0,3.0,6.0,3.0,5.0,6.0,1.0,3.0,1.0,3.0,1.0,6.0,5.0,1024.0,4.0,1.0,2.0,384.0,1.0,1.0,1.0,1.0,8.0,160.0,1.0,24427626505.0,246454080.0,4640280.0,0.048888,10.0,10.0,10.0,6.02028821687339e+18,1.0,1.0001066666666665,10.0,10.0
256000.0,512000.0,256.0,64.0,2.0,26.0,30.0,2.0,1.0,6.0,3.0,2.0,1.0,3.0,6.0,2.0,4.0,4.0,6.0,5.0,3.0,4.0,6.0,1.0,6.0,4.0,4.0,3.0,4.0,3.0,1.0,2.0,4096.0,64.0,1.0,32.0,2.0,1.0,1.0,1.0,1.0,16.0,64.0,1.0,4.0,4.0,2.0,1.0,2.0,3.0,6.0,6.0,3.0,1.0,1.0,2.0,6.0,4.0,2.0,5.0,6.0,2.0,256.0,4096.0,1.0,8.0,16.0,1.0,1.0,1.0,1.0,32.0,320.0,1.0,828458556.0,33747892.0,25668600.0,0.5773982222222223,60.0,10.0,154624.0,2.795872987436395e+16,29.413433333333337,0.4358041111111111,10.0,91079.11111111111
128.0,512000.0,256.0,64.0,3.0,38.0,46.0,44.0,5.0,5.0,1.0,2.0,6.0,2.0,6.0,3.0,5.0,1.0,6.0,5.0,1.0,1.0,6.0,3.0,3.0,1.0,3.0,5.0,6.0,6.0,2.0,6.0,8.0,1.0,1.0,256.0,16.0,1.0,1.0,1.0,1.0,32.0,2.0,1.0,1.0,1.0,4.0,2.0,1.0,5.0,3.0,3.0,5.0,3.0,3.0,1.0,5.0,1.0,2.0,1.0,3.0,3.0,4.0,2048.0,1.0,1024.0,384.0,1.0,1.0,1.0,1.0,2.0,64.0,1.0,62731440.0,35820953.0,3044130000000.0,2928.29,76912.0,10.0,4587520.0,2247099963862320.0,1062.9777777777776,17.29,10.0,2557952.0
16000.0,2048000.0,256.0,64.0,2.0,28.0,2.0,32.0,6.0,6.0,1.0,3.0,1.0,6.0,5.0,1.0,4.0,3.0,2.0,5.0,2.0,3.0,2.0,1.0,1.0,1.0,4.0,5.0,6.0,3.0,3.0,1.0,1024.0,2.0,1.0,16.0,2.0,1.0,1.0,1.0,1.0,32.0,4.0,1.0,2.0,5.0,2.0,6.0,3.0,2.0,2.0,3.0,3.0,2.0,6.0,1.0,1.0,4.0,4.0,3.0,4.0,6.0,128.0,8.0,1.0,384.0,3.0,1.0,1.0,1.0,1.0,4.0,160.0,1.0,4668260361.0,83227940.0,27443600.0,0.28101177777777775,64.0,10.0,248.0,3.8852969322968634e+17,5.111111111111111,1.8899333333333332,10.0,166.22222222222223
256000.0,64000.0,256.0,64.0,2.0,42.0,14.0,22.0,3.0,1.0,1.0,5.0,4.0,3.0,3.0,6.0,2.0,3.0,4.0,5.0,3.0,1.0,4.0,1.0,6.0,2.0,6.0,4.0,4.0,1.0,3.0,6.0,128.0,4.0,1.0,1.0,8.0,1.0,1.0,1.0,1.0,64.0,32.0,1.0,5.0,4.0,2.0,3.0,6.0,6.0,5.0,1.0,3.0,3.0,2.0,4.0,2.0,5.0,5.0,6.0,6.0,4.0,1.0,1.0,1.0,3.0,128.0,1.0,1.0,1.0,1.0,4.0,20.0,1.0,2717909009.0,124676690.0,167535000.0,1.36285,308.0,10.0,1288.0,3.388598989633002e+17,9.185166666666667,7.2790475555555565,10.0,824.6666666666666
256000.0,4096000.0,256.0,64.0,3.0,36.0,48.0,38.0,3.0,4.0,2.0,6.0,1.0,6.0,2.0,5.0,2.0,2.0,6.0,1.0,5.0,6.0,4.0,6.0,3.0,4.0,1.0,3.0,2.0,6.0,2.0,2.0,1.0,8.0,1.0,2048.0,256.0,1.0,1.0,1.0,1.0,1.0,8.0,1.0,6.0,2.0,6.0,2.0,6.0,3.0,6.0,2.0,4.0,4.0,2.0,6.0,6.0,1.0,5.0,5.0,6.0,2.0,2.0,32.0,1.0,48.0,3072.0,1.0,1.0,1.0,1.0,2.0,10.0,1.0,37882568.0,37456432.0,2222550000000.0,2173.961111111111,65664.0,10.0,2183168.0,1418945832277376.0,686.7302222222222,42.173611111111114,10.0,1461361.7777777778
64000.0,128000.0,256.0,64.0,1.0,4.0,20.0,42.0,3.0,3.0,5.0,2.0,1.0,4.0,4.0,2.0,2.0,3.0,4.0,2.0,6.0,3.0,6.0,3.0,5.0,3.0,2.0,4.0,2.0,1.0,3.0,3.0,2.0,256.0,1.0,4.0,4.0,1.0,1.0,1.0,1.0,16.0,64.0,1.0,2.0,1.0,5.0,5.0,1.0,4.0,5.0,5.0,6.0,1.0,3.0,3.0,6.0,3.0,5.0,5.0,6.0,2.0,8.0,8.0,1.0,1536.0,1024.0,1.0,1.0,1.0,1.0,10.0,10.0,1.0,24427626505.0,209954400.0,17794600.0,0.185699,42.0,10.0,10.0,5.128687666281372e+18,1.0,1.0034711111111112,10.0,10.0
4096.0,2048000.0,256.0,64.0,2.0,6.0,20.0,30.0,4.0,4.0,6.0,1.0,6.0,6.0,2.0,3.0,5.0,5.0,2.0,4.0,1.0,2.0,1.0,5.0,6.0,3.0,2.0,5.0,4.0,3.0,6.0,3.0,256.0,2.0,1.0,512.0,2.0,1.0,1.0,1.0,1.0,2.0,32.0,1.0,5.0,3.0,3.0,5.0,5.0,6.0,4.0,1.0,1.0,2.0,3.0,2.0,6.0,5.0,5.0,3.0,2.0,2.0,64.0,128.0,1.0,96.0,16.0,1.0,1.0,1.0,1.0,4.0,40.0,1.0,24969412637.0,85569270.0,414945000.0,2.7257055555555554,600.0,10.0,2688.0,2.136614411676865e+18,1.0,0.5332842222222222,10.0,1504.0
16000.0,1024000.0,256.0,64.0,3.0,14.0,24.0,24.0,1.0,4.0,4.0,2.0,2.0,1.0,6.0,2.0,4.0,5.0,3.0,5.0,3.0,4.0,2.0,2.0,5.0,6.0,2.0,1.0,5.0,2.0,2.0,3.0,256.0,2.0,1.0,16.0,128.0,1.0,1.0,1.0,1.0,64.0,128.0,1.0,3.0,6.0,4.0,4.0,5.0,5.0,1.0,5.0,4.0,5.0,6.0,6.0,2.0,3.0,2.0,5.0,3.0,5.0,256.0,64.0,1.0,3.0,192.0,1.0,1.0,1.0,1.0,160.0,5.0,1.0,1043093664.0,33175322.6,36240900000.0,69.51505555555556,8064.0,10.0,2318336.0,3.460496880521601e+16,70.22222222222223,0.4826388888888889,10.0,1928760.888888889
32000.0,4096000.0,256.0,64.0,1.0,48.0,22.0,44.0,2.0,6.0,6.0,4.0,2.0,4.0,1.0,2.0,1.0,3.0,2.0,4.0,3.0,3.0,1.0,5.0,2.0,6.0,4.0,6.0,6.0,5.0,1.0,5.0,8.0,2.0,1.0,8.0,8.0,1.0,1.0,1.0,1.0,16.0,32.0,1.0,5.0,5.0,1.0,4.0,3.0,3.0,6.0,6.0,5.0,1.0,4.0,4.0,4.0,5.0,6.0,6.0,4.0,5.0,1024.0,128.0,1.0,32.0,32.0,1.0,1.0,1.0,1.0,8.0,1.0,1.0,557318153.0,202358880.0,18651400.0,0.195187,44.0,10.0,268.0,1.1277827724474864e+17,43.747388888888885,43.747388888888885,10.0,268.0
64000.0,32000.0,256.0,64.0,3.0,30.0,34.0,40.0,2.0,1.0,6.0,1.0,2.0,4.0,1.0,1.0,3.0,6.0,2.0,1.0,6.0,2.0,2.0,5.0,4.0,4.0,2.0,6.0,1.0,5.0,6.0,4.0,64.0,128.0,1.0,32.0,1.0,1.0,1.0,1.0,1.0,8.0,2.0,1.0,6.0,5.0,5.0,5.0,3.0,3.0,5.0,1.0,1.0,5.0,3.0,2.0,5.0,5.0,1.0,6.0,6.0,4.0,1.0,64.0,1.0,128.0,128.0,1.0,1.0,1.0,1.0,64.0,1.0,1.0,20379244352.0,36858269.0,864003000000.0,903.2877777777777,40800.0,10.0,40960.0,7.511436703427466e+17,14.777777777777779,1.4343924444444445,10.0,27534.222222222223
2048000.0,16000000.0,256.0,64.0,3.0,36.0,6.0,44.0,1.0,2.0,6.0,6.0,1.0,4.0,6.0,1.0,4.0,1.0,4.0,6.0,3.0,1.0,6.0,4.0,6.0,3.0,1.0,4.0,3.0,2.0,5.0,6.0,128.0,2048.0,1.0,1024.0,512.0,1.0,1.0,1.0,1.0,128.0,1.0,1.0,5.0,5.0,5.0,5.0,5.0,3.0,4.0,4.0,4.0,6.0,6.0,6.0,1.0,2.0,5.0,2.0,3.0,6.0,32.0,2.0,1.0,16.0,192.0,1.0,1.0,1.0,1.0,8.0,64.0,1.0,5791121152.0,35529903.8,49687000000.0,87.7966111111111,9504.0,10.0,4980736.0,2.0575797742470515e+17,4.80808,0.0689561111111111,10.0,2236416.0
8192.0,4096000.0,256.0,64.0,2.0,4.0,6.0,44.0,5.0,3.0,5.0,3.0,2.0,2.0,4.0,3.0,1.0,2.0,5.0,5.0,6.0,6.0,6.0,2.0,2.0,3.0,4.0,6.0,2.0,6.0,4.0,1.0,16.0,2.0,1.0,16.0,256.0,1.0,1.0,1.0,1.0,32.0,8.0,1.0,2.0,6.0,1.0,6.0,4.0,5.0,3.0,2.0,3.0,3.0,1.0,4.0,2.0,4.0,3.0,2.0,3.0,5.0,2048.0,512.0,1.0,2.0,3.0,1.0,1.0,1.0,1.0,160.0,80.0,1.0,5753258816.0,36075012.0,137840000.0,2.128995555555555,264.0,10.0,504128.0,2.075488808263058e+17,4.883688888888888,0.256679,10.0,280440.8888888889
8192.0,4096000.0,256.0,64.0,1.0,26.0,26.0,46.0,1.0,6.0,4.0,4.0,2.0,4.0,1.0,1.0,1.0,1.0,3.0,1.0,6.0,4.0,3.0,6.0,2.0,3.0,3.0,5.0,2.0,3.0,2.0,4.0,2.0,256.0,1.0,8.0,8.0,1.0,1.0,1.0,1.0,8.0,128.0,1.0,6.0,4.0,1.0,4.0,4.0,2.0,2.0,5.0,2.0,6.0,1.0,6.0,3.0,2.0,5.0,1.0,5.0,1.0,8.0,64.0,1.0,768.0,256.0,1.0,1.0,1.0,1.0,320.0,10.0,1.0,533463049.0,145690140.0,19512200.0,0.20383099999999998,46.0,10.0,280.0,7.772030629363686e+16,45.69976666666667,45.69976666666667,10.0,280.0
128.0,16000.0,256.0,64.0,2.0,10.0,42.0,36.0,5.0,1.0,3.0,1.0,4.0,5.0,3.0,1.0,6.0,6.0,5.0,6.0,4.0,6.0,1.0,3.0,2.0,5.0,5.0,5.0,4.0,3.0,5.0,3.0,32.0,4.0,1.0,2.0,32.0,1.0,1.0,1.0,1.0,2.0,16.0,1.0,6.0,4.0,1.0,6.0,2.0,6.0,5.0,5.0,5.0,6.0,3.0,2.0,6.0,2.0,3.0,6.0,6.0,1.0,64.0,2.0,1.0,512.0,12.0,1.0,1.0,1.0,1.0,16.0,8.0,1.0,595609647.0,54875610.0,1747250000.0,7.459756666666666,1512.0,10.0,3552.0,3.268444270100967e+16,41.42438888888889,11.589894444444447,10.0,2574.222222222222
8192.0,1024000.0,256.0,64.0,3.0,36.0,32.0,14.0,1.0,6.0,6.0,6.0,6.0,5.0,5.0,6.0,2.0,1.0,5.0,1.0,5.0,2.0,3.0,4.0,3.0,3.0,6.0,1.0,5.0,5.0,4.0,2.0,4.0,1024.0,1.0,256.0,256.0,1.0,1.0,1.0,1.0,1.0,64.0,1.0,1.0,6.0,4.0,1.0,6.0,1.0,3.0,1.0,6.0,6.0,4.0,4.0,3.0,3.0,3.0,3.0,3.0,6.0,8.0,64.0,1.0,128.0,24.0,1.0,1.0,1.0,1.0,20.0,10.0,1.0,705444793.0,33773156.9,138759000000.0,190.66444444444443,16128.0,10.0,4554752.0,2.382509767827702e+16,70.22222222222223,1.1409500000000001,10.0,2309632.0
256.0,32000.0,256.0,64.0,1.0,32.0,4.0,44.0,1.0,1.0,3.0,5.0,4.0,2.0,5.0,6.0,4.0,4.0,4.0,6.0,2.0,4.0,3.0,4.0,1.0,4.0,5.0,4.0,5.0,4.0,6.0,2.0,4.0,1.0,1.0,256.0,16.0,1.0,1.0,1.0,1.0,64.0,16.0,1.0,6.0,1.0,5.0,1.0,5.0,4.0,5.0,5.0,3.0,4.0,2.0,4.0,5.0,5.0,3.0,4.0,6.0,6.0,4.0,256.0,1.0,1.0,48.0,1.0,1.0,1.0,1.0,8.0,20.0,1.0,637534217.0,217607520.0,18651400.0,0.19548400000000002,44.0,10.0,354.0,1.3873223987651184e+17,36.44444444444444,36.44448888888889,10.0,354.0
2048.0,256000.0,256.0,64.0,1.0,20.0,26.0,12.0,3.0,6.0,3.0,5.0,4.0,5.0,1.0,4.0,4.0,3.0,1.0,2.0,6.0,1.0,5.0,1.0,1.0,1.0,2.0,5.0,5.0,6.0,5.0,6.0,8.0,2048.0,1.0,16.0,1.0,1.0,1.0,1.0,1.0,8.0,16.0,1.0,6.0,1.0,5.0,2.0,1.0,3.0,4.0,1.0,4.0,5.0,6.0,3.0,6.0,2.0,1.0,4.0,1.0,3.0,512.0,1024.0,1.0,1.0,3.0,1.0,1.0,1.0,1.0,2.0,320.0,1.0,2036334601.0,201282440.0,5431850.0,0.05763480000000001,12.0,10.0,76.0,4.0987839714570643e+17,11.9896,11.9896,10.0,76.0
16000.0,16000000.0,256.0,64.0,1.0,32.0,16.0,4.0,1.0,4.0,1.0,5.0,3.0,1.0,2.0,4.0,2.0,2.0,3.0,3.0,1.0,3.0,5.0,4.0,6.0,4.0,6.0,5.0,2.0,6.0,2.0,2.0,256.0,16.0,1.0,128.0,8.0,1.0,1.0,1.0,1.0,32.0,4.0,1.0,1.0,3.0,3.0,1.0,4.0,2.0,5.0,5.0,6.0,2.0,1.0,4.0,3.0,6.0,3.0,6.0,3.0,2.0,64.0,128.0,1.0,64.0,1536.0,1.0,1.0,1.0,1.0,40.0,16.0,1.0,6106906633.0,250970720.0,2290050.0,0.023413299999999998,4.0,10.0,34.0,1.5326547546567857e+18,4.0,4.2777199999999995,10.0,34.0
16000.0,4096000.0,256.0,64.0,1.0,10.0,38.0,8.0,2.0,3.0,2.0,3.0,5.0,5.0,1.0,3.0,1.0,6.0,5.0,6.0,2.0,4.0,2.0,3.0,6.0,1.0,1.0,5.0,3.0,4.0,2.0,2.0,16.0,2.0,1.0,1.0,512.0,1.0,1.0,1.0,1.0,2.0,32.0,1.0,4.0,4.0,5.0,3.0,3.0,2.0,1.0,5.0,6.0,6.0,1.0,1.0,2.0,4.0,5.0,5.0,1.0,5.0,16.0,64.0,1.0,128.0,768.0,1.0,1.0,1.0,1.0,2.0,8.0,1.0,24427626505.0,313732200.0,3852790.0,0.0403688,8.0,10.0,10.0,7.663733004191961e+18,1.0,1.49988,10.0,10.0
16000.0,32000.0,256.0,64.0,2.0,8.0,38.0,26.0,2.0,2.0,5.0,1.0,6.0,6.0,6.0,3.0,1.0,5.0,2.0,4.0,1.0,4.0,2.0,5.0,1.0,1.0,6.0,5.0,5.0,3.0,2.0,1.0,128.0,2048.0,1.0,1.0,1.0,1.0,1.0,1.0,1.0,16.0,2.0,1.0,6.0,2.0,4.0,4.0,2.0,4.0,4.0,5.0,2.0,4.0,5.0,5.0,6.0,1.0,1.0,4.0,1.0,3.0,4.0,4096.0,1.0,3.0,16.0,1.0,1.0,1.0,1.0,160.0,32.0,1.0,24496832525.0,114192430.0,878150000.0,4.646007777777779,988.0,10.0,772.0,2.7973528333327857e+18,1.0,0.8366694444444445,10.0,605.3333333333334
1024000.0,32000000.0,256.0,64.0,2.0,44.0,44.0,34.0,1.0,1.0,2.0,4.0,2.0,6.0,5.0,5.0,1.0,6.0,5.0,6.0,3.0,6.0,1.0,4.0,6.0,3.0,1.0,5.0,6.0,4.0,4.0,5.0,1024.0,512.0,1.0,2.0,4.0,1.0,1.0,1.0,1.0,32.0,64.0,1.0,2.0,4.0,6.0,6.0,1.0,5.0,6.0,1.0,2.0,5.0,3.0,1.0,6.0,3.0,5.0,2.0,2.0,5.0,2048.0,128.0,1.0,6.0,128.0,1.0,1.0,1.0,1.0,4.0,80.0,1.0,10341450025.0,66052170.0,1716570000.0,7.420182222222222,1496.0,10.0,34944.0,6.830752150978043e+17,8.222222222222221,3.9215322222222224,10.0,16979.555555555555
4096.0,1024000.0,256.0,64.0,2.0,16.0,16.0,16.0,3.0,4.0,4.0,3.0,2.0,3.0,1.0,6.0,2.0,1.0,6.0,2.0,5.0,3.0,4.0,6.0,6.0,4.0,3.0,4.0,1.0,3.0,6.0,3.0,1024.0,8.0,1.0,1.0,4.0,1.0,1.0,1.0,1.0,64.0,1.0,1.0,4.0,2.0,2.0,4.0,3.0,4.0,3.0,1.0,1.0,3.0,1.0,1.0,6.0,5.0,6.0,4.0,4.0,3.0,4096.0,128.0,1.0,8.0,96.0,1.0,1.0,1.0,1.0,8.0,4.0,1.0,1543811406.0,67163290.0,132595000.0,1.1928311111111112,256.0,10.0,34816.0,1.0368745316648574e+17,16.0,5.482754444444445,10.0,19498.666666666668
1024000.0,16000.0,256.0,64.0,3.0,22.0,16.0,28.0,5.0,6.0,3.0,3.0,3.0,6.0,3.0,2.0,3.0,6.0,2.0,6.0,3.0,5.0,6.0,2.0,1.0,5.0,6.0,6.0,5.0,2.0,1.0,6.0,512.0,4096.0,1.0,32.0,64.0,1.0,1.0,1.0,1.0,8.0,64.0,1.0,2.0,5.0,2.0,2.0,1.0,3.0,4.0,2.0,4.0,4.0,5.0,5.0,5.0,1.0,3.0,5.0,3.0,3.0,256.0,512.0,1.0,1024.0,2.0,1.0,1.0,1.0,1.0,4.0,16.0,1.0,275515488.0,32632702.3,53295900000.0,109.51938888888888,9856.0,10.0,12238848.0,8990814898943223.0,234.29244444444444,2.0659722222222223,10.0,7232625.777777778
2048.0,4096000.0,256.0,64.0,2.0,20.0,6.0,26.0,1.0,1.0,3.0,2.0,1.0,2.0,2.0,5.0,6.0,4.0,1.0,6.0,1.0,6.0,2.0,5.0,3.0,6.0,1.0,4.0,6.0,1.0,5.0,5.0,2048.0,2.0,1.0,2.0,1024.0,1.0,1.0,1.0,1.0,1.0,2.0,1.0,5.0,3.0,1.0,3.0,6.0,4.0,4.0,3.0,3.0,3.0,1.0,1.0,2.0,4.0,5.0,2.0,6.0,1.0,16.0,256.0,1.0,48.0,2.0,1.0,1.0,1.0,1.0,320.0,64.0,1.0,6099959837.0,103851530.0,73138800.0,0.6859377777777778,156.0,10.0,2368.0,6.334901620110006e+17,9.333333333333334,4.0337264444444445,10.0,1326.2222222222222
64000.0,128000.0,256.0,64.0,1.0,22.0,18.0,24.0,4.0,3.0,3.0,1.0,5.0,6.0,2.0,6.0,4.0,2.0,2.0,3.0,1.0,3.0,5.0,5.0,3.0,5.0,3.0,6.0,2.0,2.0,3.0,1.0,4.0,2048.0,1.0,1024.0,32.0,1.0,1.0,1.0,1.0,16.0,8.0,1.0,2.0,2.0,3.0,4.0,6.0,3.0,5.0,3.0,2.0,6.0,2.0,6.0,2.0,2.0,1.0,5.0,5.0,5.0,256.0,64.0,1.0,768.0,64.0,1.0,1.0,1.0,1.0,5.0,2.0,1.0,24427626505.0,209969900.0,10266900.0,0.10852200000000001,24.0,10.0,10.0,5.1290662944922e+18,1.0,1.00356,10.0,10.0
256000.0,64000.0,256.0,64.0,2.0,2.0,16.0,46.0,3.0,3.0,5.0,1.0,4.0,6.0,6.0,6.0,6.0,6.0,2.0,1.0,2.0,1.0,5.0,3.0,6.0,6.0,3.0,4.0,5.0,5.0,1.0,3.0,32.0,2048.0,1.0,64.0,8.0,1.0,1.0,1.0,1.0,16.0,64.0,1.0,2.0,4.0,2.0,6.0,4.0,4.0,5.0,6.0,3.0,6.0,4.0,2.0,2.0,3.0,6.0,4.0,6.0,2.0,1024.0,4.0,1.0,24.0,192.0,1.0,1.0,1.0,1.0,5.0,160.0,1.0,24470618129.0,77673735.0,559840000.0,3.383336666666667,736.0,10.0,1792.0,1.9007243078381417e+18,1.0,0.1665778222222222,10.0,1058.6666666666667
16000.0,32000.0,256.0,64.0,1.0,40.0,36.0,22.0,5.0,5.0,2.0,6.0,2.0,5.0,3.0,4.0,5.0,1.0,6.0,4.0,4.0,6.0,5.0,6.0,6.0,3.0,6.0,5.0,5.0,1.0,6.0,5.0,32.0,256.0,1.0,8.0,64.0,1.0,1.0,1.0,1.0,16.0,128.0,1.0,3.0,3.0,2.0,3.0,4.0,4.0,6.0,2.0,4.0,3.0,2.0,5.0,5.0,5.0,6.0,6.0,4.0,3.0,16.0,2.0,1.0,2.0,2.0,1.0,1.0,1.0,1.0,80.0,64.0,1.0,1207959561.0,158455540.0,9450850.0,0.10058299999999999,22.0,10.0,178.0,1.9140788453641795e+17,20.592577777777777,20.592733333333335,10.0,178.0
16000.0,32000000.0,256.0,64.0,3.0,20.0,24.0,36.0,5.0,1.0,2.0,1.0,5.0,5.0,3.0,5.0,4.0,5.0,3.0,2.0,5.0,1.0,2.0,6.0,4.0,2.0,1.0,4.0,3.0,6.0,6.0,3.0,4.0,2.0,1.0,16.0,2.0,1.0,1.0,1.0,1.0,2.0,2.0,1.0,6.0,2.0,1.0,4.0,3.0,5.0,4.0,4.0,6.0,5.0,4.0,4.0,3.0,5.0,5.0,2.0,1.0,2.0,64.0,32.0,1.0,3.0,192.0,1.0,1.0,1.0,1.0,160.0,10.0,1.0,1506682744.0,43970260.0,158814000000.0,206.31644444444444,17280.0,10.0,962560.0,6.624923199119344e+16,17.641022222222222,4.306188888888888,10.0,536064.0
8192.0,1024000.0,256.0,64.0,2.0,32.0,12.0,38.0,6.0,1.0,5.0,6.0,1.0,5.0,3.0,2.0,2.0,1.0,1.0,1.0,2.0,3.0,5.0,4.0,1.0,6.0,6.0,4.0,4.0,2.0,2.0,6.0,512.0,512.0,1.0,1.0,2048.0,1.0,1.0,1.0,1.0,1.0,128.0,1.0,5.0,2.0,1.0,5.0,2.0,4.0,5.0,3.0,5.0,6.0,1.0,1.0,3.0,4.0,2.0,3.0,1.0,1.0,1.0,256.0,1.0,128.0,256.0,1.0,1.0,1.0,1.0,160.0,80.0,1.0,621609522.0,49139810.0,282076000.0,2.1267555555555555,456.0,10.0,25472.0,3.054577380527082e+16,136.6288888888889,12.644137777777777,10.0,25075.555555555555
4096.0,16000000.0,256.0,64.0,1.0,40.0,4.0,34.0,1.0,3.0,4.0,4.0,4.0,5.0,6.0,1.0,5.0,5.0,4.0,6.0,1.0,3.0,4.0,6.0,3.0,6.0,3.0,6.0,5.0,3.0,1.0,1.0,32.0,2048.0,1.0,8.0,2.0,1.0,1.0,1.0,1.0,8.0,8.0,1.0,2.0,4.0,5.0,2.0,4.0,1.0,5.0,4.0,2.0,6.0,3.0,3.0,1.0,5.0,4.0,3.0,6.0,2.0,32.0,16.0,1.0,16.0,3.0,1.0,1.0,1.0,1.0,1.0,64.0,1.0,24427626505.0,303880900.0,14408100.0,0.151341,34.0,10.0,10.0,7.423089127203254e+18,1.0,1.2811822222222224,10.0,10.0
8192.0,32000.0,256.0,64.0,2.0,32.0,24.0,2.0,4.0,6.0,4.0,1.0,2.0,4.0,3.0,4.0,5.0,4.0,1.0,5.0,6.0,6.0,1.0,2.0,2.0,1.0,1.0,3.0,1.0,3.0,5.0,2.0,16.0,512.0,1.0,32.0,16.0,1.0,1.0,1.0,1.0,128.0,64.0,1.0,5.0,6.0,6.0,6.0,5.0,5.0,4.0,5.0,4.0,3.0,3.0,1.0,6.0,3.0,4.0,3.0,3.0,5.0,16.0,16.0,1.0,48.0,16.0,1.0,1.0,1.0,1.0,160.0,40.0,1.0,520188151.0,39236816.0,20383800.0,0.39370299999999997,48.0,10.0,63488.0,2.0410526766167216e+16,45.62964444444444,2.849537777777778,10.0,52821.333333333336
512.0,32000.0,256.0,64.0,1.0,14.0,30.0,36.0,4.0,2.0,3.0,4.0,4.0,1.0,5.0,4.0,6.0,1.0,5.0,1.0,3.0,3.0,6.0,4.0,3.0,2.0,2.0,2.0,1.0,2.0,5.0,5.0,64.0,256.0,1.0,128.0,128.0,1.0,1.0,1.0,1.0,32.0,4.0,1.0,5.0,6.0,6.0,2.0,2.0,2.0,2.0,3.0,6.0,5.0,5.0,2.0,4.0,1.0,5.0,4.0,4.0,6.0,16.0,64.0,1.0,384.0,4.0,1.0,1.0,1.0,1.0,10.0,4.0,1.0,679870473.0,107993940.0,15248700.0,0.16065000000000002,36.0,10.0,220.0,7.342189106893362e+16,35.9298,25.827955555555555,10.0,220.0
512000.0,2048000.0,256.0,64.0,3.0,32.0,44.0,46.0,4.0,1.0,1.0,3.0,4.0,4.0,1.0,1.0,1.0,5.0,5.0,3.0,2.0,5.0,4.0,4.0,1.0,6.0,2.0,1.0,1.0,6.0,3.0,2.0,128.0,2048.0,1.0,128.0,512.0,1.0,1.0,1.0,1.0,16.0,64.0,1.0,2.0,5.0,4.0,5.0,5.0,6.0,6.0,5.0,2.0,4.0,6.0,3.0,4.0,3.0,3.0,6.0,3.0,1.0,16.0,32.0,1.0,1.0,1024.0,1.0,1.0,1.0,1.0,80.0,80.0,1.0,2777191648.0,33376790.0,2162650000000.0,2125.877777777778,64768.0,10.0,4784128.0,9.269374242504992e+16,18.666666666666668,0.15046277777777778,10.0,3473408.0
64000.0,256000.0,256.0,64.0,1.0,24.0,14.0,36.0,4.0,3.0,4.0,2.0,2.0,1.0,5.0,1.0,1.0,1.0,4.0,2.0,4.0,2.0,4.0,3.0,3.0,1.0,2.0,1.0,5.0,2.0,5.0,2.0,512.0,8.0,1.0,256.0,1.0,1.0,1.0,1.0,1.0,1.0,4.0,1.0,1.0,6.0,5.0,4.0,4.0,2.0,2.0,5.0,3.0,2.0,6.0,1.0,1.0,4.0,3.0,1.0,1.0,5.0,256.0,2048.0,1.0,1024.0,96.0,1.0,1.0,1.0,1.0,10.0,1.0,1.0,679870473.0,145383700.0,15248700.0,0.16065000000000002,36.0,10.0,220.0,9.88420848854901e+16,35.9298,28.010633333333335,10.0,220.0
128000.0,16000.0,256.0,64.0,1.0,6.0,16.0,22.0,6.0,6.0,3.0,3.0,6.0,2.0,1.0,5.0,4.0,2.0,6.0,1.0,4.0,2.0,3.0,2.0,6.0,6.0,1.0,5.0,1.0,6.0,6.0,5.0,4.0,32.0,1.0,2.0,16.0,1.0,1.0,1.0,1.0,1.0,64.0,1.0,2.0,5.0,3.0,2.0,3.0,2.0,5.0,1.0,2.0,2.0,4.0,2.0,1.0,3.0,4.0,5.0,4.0,6.0,64.0,1024.0,1.0,192.0,384.0,1.0,1.0,1.0,1.0,5.0,20.0,1.0,1115226121.0,213361060.0,9450840.0,0.100438,22.0,10.0,136.0,2.3794582731624826e+17,21.9037,32.738,10.0,136.0
256.0,32000.0,256.0,64.0,3.0,36.0,34.0,42.0,5.0,3.0,6.0,3.0,1.0,2.0,1.0,3.0,1.0,5.0,4.0,1.0,6.0,6.0,5.0,4.0,2.0,4.0,6.0,2.0,5.0,1.0,3.0,1.0,16.0,512.0,1.0,1.0,4.0,1.0,1.0,1.0,1.0,4.0,2.0,1.0,3.0,6.0,2.0,4.0,5.0,3.0,4.0,6.0,2.0,5.0,5.0,4.0,3.0,4.0,3.0,2.0,4.0,1.0,1.0,16.0,1.0,128.0,24.0,1.0,1.0,1.0,1.0,5.0,20.0,1.0,213319794.0,52123640.0,1366550000000.0,1376.9755555555555,51408.0,10.0,9856.0,1.111900414733016e+16,227.55555555555554,16.062244444444445,10.0,9130.666666666666
128.0,4096000.0,256.0,64.0,3.0,40.0,40.0,30.0,5.0,6.0,5.0,2.0,4.0,1.0,3.0,3.0,1.0,2.0,3.0,6.0,5.0,4.0,4.0,4.0,6.0,6.0,1.0,3.0,6.0,3.0,1.0,1.0,4096.0,8.0,1.0,64.0,16.0,1.0,1.0,1.0,1.0,16.0,8.0,1.0,5.0,3.0,5.0,4.0,6.0,4.0,4.0,5.0,1.0,6.0,3.0,2.0,5.0,6.0,6.0,4.0,3.0,5.0,64.0,512.0,1.0,256.0,2.0,1.0,1.0,1.0,1.0,2.0,16.0,1.0,214828984.0,32604666.7,1192600000000.0,1246.25,48000.0,10.0,16971776.0,7004427420819633.0,613.4711111111111,4.850694444444445,10.0,9349802.666666666
2048.0,4096000.0,256.0,64.0,2.0,32.0,38.0,4.0,2.0,2.0,5.0,4.0,3.0,6.0,4.0,6.0,6.0,6.0,4.0,3.0,6.0,4.0,6.0,1.0,6.0,1.0,1.0,3.0,3.0,4.0,4.0,4.0,4.0,2048.0,1.0,64.0,64.0,1.0,1.0,1.0,1.0,2.0,2.0,1.0,2.0,2.0,3.0,2.0,6.0,1.0,1.0,5.0,5.0,1.0,1.0,3.0,3.0,5.0,2.0,3.0,4.0,6.0,8.0,4096.0,1.0,2.0,1.0,1.0,1.0,1.0,1.0,40.0,2.0,1.0,25694306317.0,140499270.0,70972500.0,0.6650782222222221,152.0,10.0,784.0,3.6100312806948884e+18,1.0,0.637133111111111,10.0,377.3333333333333
4096.0,16000000.0,256.0,64.0,1.0,38.0,30.0,2.0,4.0,6.0,3.0,5.0,2.0,5.0,6.0,6.0,1.0,3.0,4.0,4.0,4.0,3.0,5.0,2.0,6.0,3.0,2.0,4.0,5.0,1.0,3.0,1.0,16.0,64.0,1.0,512.0,256.0,1.0,1.0,1.0,1.0,8.0,128.0,1.0,3.0,5.0,5.0,6.0,6.0,4.0,3.0,4.0,4.0,3.0,5.0,2.0,5.0,3.0,3.0,2.0,3.0,3.0,4096.0,256.0,1.0,512.0,2.0,1.0,1.0,1.0,1.0,32.0,20.0,1.0,12213813257.0,199917880.0,1518110.0,0.0148321,2.0,10.0,16.0,2.441759653055335e+18,2.0,2.0,10.0,16.0
256000.0,32000000.0,256.0,64.0,1.0,30.0,10.0,48.0,5.0,2.0,2.0,1.0,6.0,4.0,2.0,5.0,1.0,3.0,2.0,1.0,4.0,3.0,3.0,3.0,1.0,5.0,2.0,2.0,2.0,3.0,1.0,3.0,16.0,2048.0,1.0,32.0,64.0,1.0,1.0,1.0,1.0,64.0,128.0,1.0,2.0,5.0,4.0,2.0,1.0,1.0,1.0,6.0,2.0,4.0,4.0,2.0,6.0,5.0,1.0,3.0,2.0,2.0,64.0,128.0,1.0,48.0,2.0,1.0,1.0,1.0,1.0,1.0,64.0,1.0,24427626505.0,246454080.0,20377200.0,0.211504,48.0,10.0,10.0,6.02028821687339e+18,1.0,1.0001066666666665,10.0,10.0
32000.0,8192000.0,256.0,64.0,3.0,12.0,28.0,24.0,1.0,4.0,6.0,6.0,3.0,5.0,4.0,3.0,3.0,5.0,3.0,6.0,4.0,4.0,5.0,3.0,6.0,2.0,2.0,2.0,2.0,3.0,2.0,1.0,1024.0,16.0,1.0,512.0,16.0,1.0,1.0,1.0,1.0,64.0,8.0,1.0,2.0,5.0,6.0,1.0,6.0,3.0,3.0,1.0,5.0,4.0,5.0,2.0,1.0,4.0,2.0,3.0,6.0,3.0,128.0,2048.0,1.0,16.0,128.0,1.0,1.0,1.0,1.0,80.0,10.0,1.0,3053902592.0,33279220.0,36240800000.0,66.44231111111112,8064.0,10.0,1245184.0,1.0163149621773824e+17,8.0,0.06539350000000001,10.0,1038108.4444444445
64000.0,16000.0,256.0,64.0,3.0,12.0,18.0,18.0,6.0,2.0,5.0,1.0,1.0,3.0,3.0,4.0,6.0,6.0,2.0,4.0,2.0,5.0,6.0,5.0,5.0,1.0,3.0,4.0,2.0,6.0,6.0,4.0,128.0,2.0,1.0,16.0,1.0,1.0,1.0,1.0,1.0,2.0,2.0,1.0,1.0,5.0,2.0,2.0,1.0,2.0,1.0,1.0,2.0,5.0,3.0,4.0,3.0,1.0,2.0,5.0,4.0,4.0,1024.0,2.0,1.0,256.0,3072.0,1.0,1.0,1.0,1.0,64.0,320.0,1.0,5537004991.0,43114550.0,9202540000.0,80.3092888888889,3888.0,10.0,29753344.0,2.3872547853471904e+17,6.962977777777778,2.0391511111111114,10.0,16554240.0
2048.0,128000.0,256.0,64.0,2.0,6.0,44.0,6.0,6.0,2.0,3.0,2.0,4.0,5.0,5.0,2.0,2.0,2.0,1.0,6.0,1.0,6.0,5.0,5.0,4.0,3.0,5.0,1.0,3.0,5.0,2.0,6.0,1.0,64.0,1.0,256.0,256.0,1.0,1.0,1.0,1.0,32.0,16.0,1.0,2.0,5.0,1.0,6.0,6.0,3.0,4.0,2.0,5.0,2.0,5.0,1.0,4.0,2.0,6.0,3.0,5.0,6.0,4096.0,4.0,1.0,192.0,1536.0,1.0,1.0,1.0,1.0,8.0,320.0,1.0,570527086.0,34986521.0,137796000.0,1.351558888888889,264.0,10.0,73472.0,1.996075787540781e+16,43.070166666666665,1.4899294444444446,10.0,55096.88888888889
256000.0,32000.0,256.0,64.0,2.0,36.0,42.0,12.0,5.0,1.0,6.0,3.0,4.0,1.0,2.0,5.0,6.0,5.0,3.0,3.0,3.0,3.0,6.0,5.0,3.0,2.0,2.0,1.0,1.0,6.0,5.0,4.0,32.0,8.0,1.0,4.0,512.0,1.0,1.0,1.0,1.0,8.0,128.0,1.0,4.0,1.0,6.0,4.0,3.0,2.0,6.0,1.0,4.0,2.0,4.0,4.0,5.0,4.0,1.0,6.0,3.0,2.0,4096.0,256.0,1.0,48.0,24.0,1.0,1.0,1.0,1.0,160.0,20.0,1.0,2283962592.0,41747780.0,324018000.0,2.3103977777777778,504.0,10.0,23488.0,9.535036781904576e+16,10.020222222222223,0.755533888888889,10.0,13162.666666666666
512000.0,32000000.0,256.0,64.0,2.0,38.0,44.0,40.0,2.0,1.0,2.0,6.0,3.0,1.0,6.0,4.0,1.0,1.0,1.0,5.0,5.0,2.0,6.0,5.0,5.0,2.0,1.0,2.0,4.0,1.0,2.0,2.0,64.0,64.0,1.0,256.0,128.0,1.0,1.0,1.0,1.0,4.0,128.0,1.0,5.0,3.0,5.0,3.0,1.0,6.0,5.0,6.0,2.0,1.0,4.0,5.0,3.0,3.0,1.0,1.0,1.0,4.0,1.0,4.0,1.0,48.0,2.0,1.0,1.0,1.0,1.0,2.0,2.0,1.0,763367685.0,165093152.0,2256150000.0,8.964745555555556,1760.0,10.0,65536.0,1.2602677725159312e+17,36.44444444444444,17.999132,10.0,29422.666666666668
512.0,32000.0,256.0,64.0,1.0,46.0,36.0,6.0,3.0,5.0,2.0,5.0,3.0,5.0,6.0,2.0,3.0,6.0,4.0,1.0,3.0,6.0,4.0,6.0,3.0,4.0,4.0,3.0,2.0,3.0,3.0,3.0,64.0,2.0,1.0,512.0,32.0,1.0,1.0,1.0,1.0,16.0,128.0,1.0,1.0,2.0,2.0,1.0,4.0,6.0,5.0,2.0,6.0,4.0,1.0,2.0,4.0,2.0,6.0,3.0,2.0,2.0,512.0,128.0,1.0,1.0,24.0,1.0,1.0,1.0,1.0,64.0,320.0,1.0,4072669193.0,193130160.0,3069380.0,0.0319532,6.0,10.0,40.0,7.865552528711608e+17,5.9948,5.9948,10.0,40.0
512000.0,32000.0,256.0,64.0,1.0,22.0,46.0,16.0,3.0,3.0,6.0,6.0,4.0,4.0,4.0,6.0,6.0,1.0,4.0,4.0,5.0,3.0,3.0,2.0,1.0,6.0,3.0,1.0,2.0,3.0,6.0,1.0,32.0,1024.0,1.0,2048.0,512.0,1.0,1.0,1.0,1.0,32.0,4.0,1.0,1.0,4.0,4.0,2.0,3.0,5.0,2.0,5.0,4.0,6.0,4.0,4.0,1.0,2.0,1.0,3.0,2.0,5.0,128.0,128.0,1.0,2.0,256.0,1.0,1.0,1.0,1.0,64.0,10.0,1.0,24427626505.0,293696280.0,7027210.0,0.07444540000000001,16.0,10.0,10.0,7.174303033747901e+18,1.0,1.2777111111111112,10.0,10.0
256.0,1024000.0,256.0,64.0,1.0,44.0,12.0,22.0,4.0,1.0,2.0,6.0,4.0,1.0,4.0,6.0,2.0,3.0,5.0,4.0,2.0,5.0,4.0,1.0,2.0,2.0,3.0,4.0,1.0,4.0,6.0,3.0,512.0,4.0,1.0,1024.0,4.0,1.0,1.0,1.0,1.0,128.0,1.0,1.0,1.0,5.0,2.0,4.0,4.0,1.0,3.0,1.0,6.0,5.0,5.0,1.0,2.0,2.0,2.0,4.0,6.0,5.0,128.0,4096.0,1.0,64.0,96.0,1.0,1.0,1.0,1.0,5.0,40.0,1.0,1207959561.0,165653500.0,9450850.0,0.10058299999999999,22.0,10.0,178.0,2.001027291381135e+17,20.592577777777777,20.814866666666667,10.0,178.0
128.0,32000000.0,256.0,64.0,2.0,34.0,12.0,16.0,3.0,2.0,6.0,4.0,6.0,4.0,1.0,1.0,2.0,4.0,3.0,6.0,5.0,4.0,5.0,5.0,3.0,5.0,5.0,3.0,5.0,1.0,5.0,5.0,4096.0,128.0,1.0,128.0,8.0,1.0,1.0,1.0,1.0,2.0,32.0,1.0,3.0,4.0,6.0,2.0,1.0,6.0,4.0,4.0,5.0,3.0,4.0,3.0,3.0,4.0,6.0,5.0,5.0,3.0,1.0,128.0,1.0,512.0,1536.0,1.0,1.0,1.0,1.0,2.0,80.0,1.0,24449384483.0,128760570.0,93367800.0,0.8501337777777777,192.0,10.0,3076.0,3.1481166821802353e+18,1.0,0.7764856666666666,10.0,2860.8888888888887
512.0,256000.0,256.0,64.0,1.0,26.0,44.0,20.0,3.0,3.0,6.0,1.0,2.0,3.0,1.0,1.0,1.0,5.0,2.0,1.0,4.0,3.0,1.0,3.0,3.0,1.0,4.0,1.0,1.0,6.0,5.0,3.0,2.0,1.0,1.0,1024.0,128.0,1.0,1.0,1.0,1.0,32.0,1.0,1.0,5.0,5.0,3.0,5.0,2.0,4.0,4.0,5.0,5.0,5.0,2.0,4.0,6.0,2.0,5.0,3.0,5.0,1.0,16.0,32.0,1.0,24.0,512.0,1.0,1.0,1.0,1.0,80.0,64.0,1.0,24427626505.0,199786080.0,8638880.0,0.0914837,20.0,10.0,10.0,4.88029974313805e+18,1.0,1.0001066666666665,10.0,10.0
16000.0,64000.0,256.0,64.0,2.0,38.0,32.0,32.0,4.0,6.0,6.0,2.0,2.0,1.0,1.0,6.0,3.0,1.0,2.0,1.0,2.0,4.0,2.0,1.0,2.0,5.0,2.0,5.0,6.0,2.0,5.0,4.0,4.0,4.0,1.0,1.0,64.0,1.0,1.0,1.0,1.0,16.0,4.0,1.0,5.0,2.0,6.0,6.0,4.0,6.0,2.0,4.0,3.0,4.0,2.0,5.0,5.0,2.0,6.0,5.0,4.0,3.0,512.0,512.0,1.0,32.0,24.0,1.0,1.0,1.0,1.0,5.0,160.0,1.0,771769910.0,53854800.0,928989000.0,6.3617622222222225,1024.0,10.0,799232.0,4.1563514149068e+16,32.0,6.501012222222222,10.0,444259.55555555556
2048.0,2048000.0,256.0,64.0,2.0,20.0,4.0,22.0,2.0,6.0,1.0,6.0,3.0,4.0,2.0,5.0,2.0,6.0,3.0,5.0,5.0,5.0,3.0,2.0,2.0,1.0,2.0,5.0,3.0,6.0,1.0,2.0,512.0,512.0,1.0,256.0,32.0,1.0,1.0,1.0,1.0,16.0,16.0,1.0,2.0,5.0,1.0,1.0,3.0,6.0,2.0,1.0,5.0,1.0,2.0,5.0,4.0,4.0,6.0,3.0,5.0,1.0,4.0,2048.0,1.0,384.0,768.0,1.0,1.0,1.0,1.0,8.0,320.0,1.0,1392923901.0,54204310.0,38548100.0,0.6874708888888889,88.0,10.0,151552.0,7.550247893621331e+16,23.11111111111111,2.4284922222222223,10.0,87872.0
8192.0,128000.0,256.0,64.0,2.0,8.0,4.0,44.0,1.0,5.0,1.0,1.0,1.0,2.0,1.0,6.0,2.0,5.0,4.0,1.0,3.0,6.0,2.0,3.0,2.0,5.0,2.0,4.0,2.0,3.0,1.0,2.0,16.0,8.0,1.0,2.0,4.0,1.0,1.0,1.0,1.0,1.0,64.0,1.0,3.0,1.0,3.0,5.0,5.0,3.0,3.0,1.0,4.0,3.0,2.0,2.0,3.0,2.0,1.0,4.0,3.0,2.0,64.0,2.0,1.0,16.0,64.0,1.0,1.0,1.0,1.0,32.0,64.0,1.0,6145376265.0,82892070.0,84214200.0,0.7783818888888888,176.0,10.0,4480.0,5.094029595347185e+17,4.0,1.3389715555555555,10.0,2574.222222222222
4096.0,1024000.0,256.0,64.0,1.0,6.0,22.0,20.0,6.0,2.0,2.0,3.0,2.0,3.0,2.0,4.0,2.0,6.0,6.0,4.0,6.0,5.0,1.0,2.0,1.0,6.0,3.0,2.0,1.0,3.0,5.0,1.0,128.0,2.0,1.0,1.0,16.0,1.0,1.0,1.0,1.0,16.0,8.0,1.0,4.0,6.0,1.0,6.0,1.0,5.0,3.0,6.0,6.0,6.0,6.0,5.0,3.0,1.0,1.0,2.0,1.0,6.0,1.0,256.0,1.0,128.0,128.0,1.0,1.0,1.0,1.0,64.0,80.0,1.0,1222574089.0,100456600.0,8638890.0,0.091877,20.0,10.0,124.0,1.228156362290374e+17,19.9805,9.994266666666668,10.0,124.0
16000.0,8192000.0,256.0,64.0,3.0,34.0,20.0,6.0,5.0,6.0,5.0,3.0,3.0,1.0,2.0,2.0,1.0,1.0,3.0,4.0,5.0,2.0,4.0,1.0,3.0,3.0,3.0,6.0,6.0,3.0,6.0,4.0,1024.0,64.0,1.0,256.0,256.0,1.0,1.0,1.0,1.0,8.0,32.0,1.0,5.0,5.0,1.0,5.0,3.0,2.0,5.0,2.0,1.0,4.0,5.0,2.0,1.0,6.0,5.0,6.0,3.0,5.0,2.0,16.0,1.0,768.0,1536.0,1.0,1.0,1.0,1.0,4.0,40.0,1.0,1292654287.0,35017230.8,10053400000.0,31.81988888888889,4080.0,10.0,4374528.0,4.526517351248843e+16,65.77777777777777,0.6658527777777778,10.0,2067825.7777777778
2048000.0,32000.0,256.0,64.0,2.0,32.0,32.0,22.0,2.0,6.0,2.0,5.0,4.0,2.0,6.0,5.0,6.0,4.0,1.0,6.0,3.0,1.0,5.0,5.0,5.0,1.0,6.0,4.0,2.0,1.0,4.0,3.0,2048.0,2048.0,1.0,32.0,4.0,1.0,1.0,1.0,1.0,16.0,64.0,1.0,6.0,6.0,4.0,4.0,1.0,3.0,6.0,1.0,4.0,3.0,4.0,6.0,6.0,6.0,4.0,1.0,4.0,2.0,512.0,64.0,1.0,192.0,16.0,1.0,1.0,1.0,1.0,40.0,20.0,1.0,79728793.0,38493650.0,524113000.0,4.303577777777778,704.0,10.0,593920.0,3069052252664450.0,291.55555555555554,14.89158888888889,10.0,313173.3333333333
32000.0,16000000.0,256.0,64.0,2.0,36.0,12.0,30.0,5.0,6.0,3.0,3.0,2.0,4.0,6.0,4.0,2.0,2.0,4.0,3.0,3.0,3.0,4.0,6.0,2.0,2.0,3.0,6.0,2.0,2.0,4.0,3.0,512.0,256.0,1.0,16.0,2048.0,1.0,1.0,1.0,1.0,64.0,64.0,1.0,2.0,4.0,6.0,2.0,2.0,4.0,3.0,4.0,5.0,5.0,4.0,4.0,4.0,1.0,3.0,1.0,1.0,3.0,1024.0,128.0,1.0,3.0,64.0,1.0,1.0,1.0,1.0,2.0,1.0,1.0,180300160.0,81737538.0,205251000.0,1.8544044444444443,360.0,10.0,155648.0,1.473729117940608e+16,316.4505555555555,88.7102,10.0,74661.33333333333
32000.0,16000000.0,256.0,64.0,3.0,16.0,48.0,28.0,6.0,5.0,5.0,1.0,4.0,4.0,4.0,1.0,2.0,2.0,6.0,6.0,6.0,2.0,5.0,6.0,5.0,4.0,2.0,4.0,1.0,2.0,4.0,1.0,1024.0,128.0,1.0,1024.0,32.0,1.0,1.0,1.0,1.0,64.0,4.0,1.0,5.0,5.0,4.0,1.0,6.0,5.0,4.0,6.0,6.0,2.0,2.0,2.0,5.0,3.0,2.0,1.0,6.0,5.0,4.0,2.0,1.0,96.0,32.0,1.0,1.0,1.0,1.0,2.0,80.0,1.0,456382716.0,34595604.7,243925000000.0,308.18333333333334,21504.0,10.0,9043968.0,1.5788836034648366e+16,83.55555555555556,0.8591444444444444,10.0,4040590.222222222
16000.0,512000.0,256.0,64.0,2.0,36.0,30.0,4.0,2.0,1.0,1.0,4.0,2.0,6.0,1.0,5.0,6.0,1.0,4.0,2.0,5.0,5.0,6.0,4.0,1.0,6.0,6.0,5.0,2.0,2.0,1.0,6.0,2048.0,8.0,1.0,64.0,32.0,1.0,1.0,1.0,1.0,64.0,2.0,1.0,1.0,4.0,6.0,1.0,4.0,5.0,4.0,2.0,2.0,6.0,5.0,1.0,5.0,6.0,5.0,4.0,6.0,5.0,1.0,2.0,1.0,2.0,3.0,1.0,1.0,1.0,1.0,8.0,32.0,1.0,10594811917.0,132806802.0,54230600.0,0.5247256666666666,120.0,10.0,672.0,1.4070630884882593e+18,2.6666666666666665,1.8358266666666667,10.0,327.55555555555554
4096.0,32000.0,256.0,64.0,2.0,10.0,32.0,12.0,4.0,1.0,6.0,2.0,3.0,3.0,3.0,6.0,6.0,1.0,1.0,4.0,6.0,3.0,5.0,2.0,2.0,4.0,4.0,1.0,6.0,6.0,4.0,6.0,128.0,1.0,1.0,1.0,8.0,1.0,1.0,1.0,1.0,1.0,4.0,1.0,5.0,3.0,2.0,2.0,4.0,4.0,1.0,1.0,2.0,5.0,2.0,1.0,1.0,2.0,5.0,4.0,4.0,4.0,16.0,1024.0,1.0,12.0,384.0,1.0,1.0,1.0,1.0,2.0,20.0,1.0,9011462153.0,121866250.0,223564000.0,1.7078833333333334,384.0,10.0,496.0,1.0981930996030363e+18,4.888888888888889,2.474552888888889,10.0,280.0
1024000.0,1024000.0,256.0,64.0,2.0,48.0,14.0,28.0,5.0,6.0,6.0,4.0,4.0,2.0,3.0,6.0,2.0,5.0,3.0,2.0,6.0,6.0,2.0,4.0,6.0,1.0,5.0,1.0,6.0,6.0,2.0,1.0,4.0,2048.0,1.0,4.0,512.0,1.0,1.0,1.0,1.0,4.0,32.0,1.0,1.0,5.0,5.0,4.0,5.0,5.0,2.0,1.0,5.0,1.0,3.0,2.0,3.0,1.0,4.0,6.0,6.0,5.0,2.0,32.0,1.0,512.0,8.0,1.0,1.0,1.0,1.0,1.0,5.0,1.0,1829109769.0,81298120.0,229804000.0,1.7468855555555556,392.0,10.0,928.0,1.4870318549333427e+17,13.769188888888888,5.208073333333334,10.0,914.6666666666666
512.0,16000000.0,256.0,64.0,3.0,10.0,32.0,22.0,5.0,5.0,6.0,4.0,3.0,2.0,1.0,2.0,4.0,2.0,5.0,1.0,5.0,1.0,6.0,6.0,3.0,5.0,2.0,4.0,5.0,3.0,2.0,1.0,1024.0,32.0,1.0,64.0,4.0,1.0,1.0,1.0,1.0,8.0,4.0,1.0,5.0,4.0,1.0,5.0,4.0,6.0,6.0,6.0,4.0,1.0,5.0,6.0,4.0,4.0,2.0,4.0,6.0,4.0,128.0,4096.0,1.0,3.0,96.0,1.0,1.0,1.0,1.0,16.0,80.0,1.0,244106112.0,35405478.0,27965200000.0,54.74137777777778,7040.0,10.0,1457152.0,8642693578081536.0,110.22222222222223,6.8815,10.0,875520.0
512.0,16000.0,256.0,64.0,2.0,28.0,6.0,38.0,4.0,5.0,5.0,3.0,5.0,1.0,1.0,5.0,5.0,2.0,2.0,3.0,5.0,1.0,4.0,5.0,3.0,1.0,2.0,5.0,4.0,6.0,6.0,1.0,512.0,8.0,1.0,128.0,256.0,1.0,1.0,1.0,1.0,8.0,1.0,1.0,5.0,5.0,6.0,5.0,1.0,4.0,5.0,3.0,2.0,3.0,3.0,6.0,5.0,2.0,1.0,3.0,4.0,5.0,64.0,8.0,1.0,1536.0,256.0,1.0,1.0,1.0,1.0,64.0,5.0,1.0,4161470809.0,51732040.0,114921000.0,1.1006000000000002,228.0,10.0,40016.0,2.1528137435002035e+17,5.703702222222223,1.277158888888889,10.0,29072.0
256000.0,4096000.0,256.0,64.0,2.0,34.0,18.0,2.0,2.0,3.0,4.0,6.0,1.0,6.0,3.0,5.0,6.0,5.0,1.0,4.0,2.0,4.0,4.0,3.0,2.0,4.0,3.0,2.0,1.0,5.0,5.0,6.0,2.0,4096.0,1.0,128.0,16.0,1.0,1.0,1.0,1.0,1.0,8.0,1.0,1.0,3.0,3.0,3.0,4.0,6.0,4.0,3.0,1.0,5.0,2.0,2.0,2.0,3.0,2.0,2.0,3.0,3.0,2048.0,64.0,1.0,256.0,1024.0,1.0,1.0,1.0,1.0,40.0,1.0,1.0,1405126769.0,47024620.0,15254400.0,0.2689413333333333,36.0,10.0,55808.0,6.607555236405278e+16,16.98766666666667,3.7811227777777785,10.0,31608.88888888889
2048.0,256000.0,256.0,64.0,3.0,40.0,8.0,22.0,6.0,4.0,4.0,2.0,1.0,6.0,5.0,5.0,3.0,6.0,2.0,5.0,3.0,5.0,3.0,5.0,3.0,2.0,6.0,1.0,3.0,5.0,2.0,1.0,32.0,16.0,1.0,128.0,8.0,1.0,1.0,1.0,1.0,8.0,16.0,1.0,5.0,3.0,2.0,5.0,4.0,1.0,5.0,2.0,5.0,1.0,1.0,3.0,3.0,2.0,2.0,6.0,2.0,4.0,128.0,2048.0,1.0,1.0,512.0,1.0,1.0,1.0,1.0,1.0,20.0,1.0,10122607936.0,37190019.0,27965500000.0,60.684744444444455,7040.0,10.0,4378624.0,3.764599814693908e+17,114.88888888888889,7.024864833333334,10.0,2598229.3333333335
1024.0,512000.0,256.0,64.0,2.0,22.0,6.0,18.0,4.0,1.0,2.0,6.0,5.0,3.0,1.0,3.0,3.0,4.0,1.0,4.0,3.0,4.0,2.0,2.0,2.0,5.0,2.0,4.0,4.0,4.0,5.0,2.0,1024.0,2.0,1.0,128.0,1024.0,1.0,1.0,1.0,1.0,32.0,128.0,1.0,4.0,5.0,3.0,4.0,3.0,4.0,2.0,3.0,1.0,2.0,4.0,3.0,1.0,2.0,6.0,1.0,3.0,6.0,256.0,1.0,1.0,3.0,64.0,1.0,1.0,1.0,1.0,320.0,20.0,1.0,4911661069.0,158706400.0,48224900.0,0.5249253333333332,108.0,10.0,33792.0,7.795120462811416e+17,4.740738888888889,3.803126666666666,10.0,15555.333333333334
256000.0,128000.0,256.0,64.0,1.0,36.0,14.0,36.0,2.0,4.0,2.0,6.0,1.0,6.0,4.0,1.0,5.0,1.0,6.0,6.0,2.0,5.0,4.0,3.0,2.0,5.0,1.0,1.0,5.0,3.0,1.0,6.0,32.0,512.0,1.0,4.0,1024.0,1.0,1.0,1.0,1.0,8.0,4.0,1.0,2.0,5.0,2.0,6.0,4.0,6.0,3.0,5.0,3.0,4.0,4.0,3.0,1.0,5.0,5.0,6.0,3.0,1.0,512.0,256.0,1.0,96.0,6.0,1.0,1.0,1.0,1.0,160.0,8.0,1.0,763363337.0,238484100.0,15248700.0,0.16089099999999998,36.0,10.0,290.0,1.820500183974417e+17,32.0,32.27781111111111,10.0,290.0
64000.0,16000000.0,256.0,64.0,2.0,8.0,32.0,24.0,3.0,3.0,5.0,5.0,2.0,1.0,5.0,3.0,2.0,4.0,1.0,5.0,3.0,2.0,4.0,4.0,3.0,2.0,5.0,6.0,6.0,3.0,3.0,5.0,2.0,2.0,1.0,4.0,2048.0,1.0,1.0,1.0,1.0,128.0,4.0,1.0,1.0,1.0,5.0,4.0,5.0,2.0,3.0,5.0,1.0,3.0,5.0,4.0,6.0,4.0,5.0,2.0,2.0,3.0,16.0,512.0,1.0,24.0,6.0,1.0,1.0,1.0,1.0,1.0,8.0,1.0,22519218185.0,67268250.0,596673000.0,3.537771111111111,768.0,10.0,280.0,1.5148283986731261e+18,1.4444444444444444,0.5121382222222223,10.0,184.0
64000.0,4096000.0,256.0,64.0,1.0,2.0,18.0,48.0,6.0,6.0,4.0,4.0,1.0,4.0,1.0,5.0,4.0,6.0,5.0,1.0,3.0,2.0,5.0,5.0,4.0,6.0,6.0,5.0,6.0,4.0,2.0,6.0,1024.0,4.0,1.0,32.0,256.0,1.0,1.0,1.0,1.0,1.0,16.0,1.0,2.0,3.0,5.0,1.0,3.0,3.0,3.0,3.0,4.0,6.0,1.0,4.0,3.0,3.0,1.0,2.0,5.0,1.0,4.0,2.0,1.0,1024.0,96.0,1.0,1.0,1.0,1.0,16.0,2.0,1.0,512884745.0,153947260.0,20377200.0,0.212477,48.0,10.0,292.0,7.89572011885487e+16,47.6279,47.380088888888885,10.0,292.0
512.0,1024000.0,256.0,64.0,3.0,22.0,26.0,38.0,5.0,4.0,4.0,4.0,4.0,1.0,4.0,3.0,1.0,2.0,1.0,4.0,5.0,5.0,3.0,5.0,5.0,5.0,4.0,3.0,5.0,1.0,4.0,3.0,2048.0,2.0,1.0,256.0,128.0,1.0,1.0,1.0,1.0,8.0,8.0,1.0,5.0,6.0,3.0,6.0,4.0,5.0,4.0,5.0,5.0,4.0,2.0,5.0,4.0,2.0,1.0,4.0,1.0,3.0,8.0,16.0,1.0,3.0,1024.0,1.0,1.0,1.0,1.0,10.0,80.0,1.0,1113162774.0,33638898.8,249125000000.0,304.75255555555555,21736.0,10.0,2166784.0,3.744556990251326e+16,290.45500000000004,3.663577777777778,10.0,1485824.0
128.0,8192000.0,256.0,64.0,1.0,26.0,10.0,48.0,6.0,4.0,4.0,4.0,2.0,4.0,1.0,3.0,1.0,6.0,6.0,6.0,6.0,3.0,4.0,6.0,6.0,5.0,6.0,4.0,3.0,3.0,6.0,5.0,2.0,512.0,1.0,2048.0,512.0,1.0,1.0,1.0,1.0,8.0,16.0,1.0,6.0,2.0,1.0,6.0,4.0,5.0,3.0,4.0,5.0,3.0,6.0,2.0,4.0,5.0,2.0,5.0,6.0,3.0,8.0,32.0,1.0,1.0,96.0,1.0,1.0,1.0,1.0,1.0,64.0,1.0,512884745.0,200663260.0,20377200.0,0.212477,48.0,10.0,292.0,1.029171249359687e+17,47.6279,60.53664444444444,10.0,292.0
256000.0,32000.0,256.0,64.0,2.0,44.0,26.0,20.0,5.0,1.0,4.0,3.0,6.0,2.0,2.0,1.0,5.0,3.0,6.0,3.0,5.0,2.0,5.0,1.0,1.0,6.0,4.0,3.0,5.0,1.0,4.0,6.0,128.0,16.0,1.0,256.0,32.0,1.0,1.0,1.0,1.0,8.0,64.0,1.0,2.0,4.0,6.0,2.0,1.0,4.0,6.0,1.0,1.0,3.0,5.0,6.0,3.0,3.0,4.0,2.0,5.0,1.0,4.0,16.0,1.0,48.0,6.0,1.0,1.0,1.0,1.0,64.0,8.0,1.0,5407506449.0,66976339.0,338519000.0,2.3434911111111116,520.0,10.0,1792.0,3.621749850729102e+17,9.333333333333334,1.0148177777777778,10.0,912.0
8192.0,4096000.0,256.0,64.0,2.0,20.0,44.0,34.0,6.0,5.0,1.0,1.0,1.0,2.0,3.0,5.0,2.0,5.0,2.0,6.0,3.0,3.0,6.0,1.0,6.0,3.0,6.0,3.0,1.0,2.0,6.0,4.0,2.0,256.0,1.0,128.0,8.0,1.0,1.0,1.0,1.0,2.0,1.0,1.0,1.0,1.0,3.0,5.0,6.0,2.0,5.0,2.0,5.0,2.0,1.0,2.0,3.0,4.0,1.0,6.0,3.0,6.0,1024.0,128.0,1.0,768.0,6.0,1.0,1.0,1.0,1.0,2.0,5.0,1.0,249757696.0,50429083.0,1716580000.0,7.490012222222223,1496.0,10.0,65560.0,1.2595051581472768e+16,261.5982222222222,34.15047777777777,10.0,37218.666666666664
512000.0,128000.0,256.0,64.0,3.0,2.0,40.0,4.0,3.0,2.0,6.0,6.0,3.0,2.0,5.0,6.0,2.0,3.0,6.0,5.0,4.0,5.0,1.0,6.0,5.0,3.0,3.0,3.0,1.0,3.0,1.0,6.0,64.0,4.0,1.0,2048.0,1.0,1.0,1.0,1.0,1.0,4.0,8.0,1.0,2.0,2.0,2.0,4.0,3.0,5.0,4.0,3.0,6.0,6.0,6.0,2.0,1.0,4.0,4.0,5.0,1.0,2.0,256.0,2048.0,1.0,192.0,192.0,1.0,1.0,1.0,1.0,64.0,1.0,1.0,828602632.0,33915251.0,176102000.0,3.9250866666666666,320.0,10.0,1073152.0,2.810226624354063e+16,74.66666666666667,1.1462675555555555,10.0,727722.6666666666
512000.0,64000.0,256.0,64.0,1.0,4.0,28.0,18.0,6.0,1.0,1.0,2.0,3.0,5.0,4.0,4.0,6.0,2.0,5.0,3.0,4.0,3.0,6.0,3.0,6.0,4.0,6.0,5.0,6.0,1.0,6.0,6.0,2048.0,4.0,1.0,2.0,256.0,1.0,1.0,1.0,1.0,1.0,32.0,1.0,1.0,2.0,1.0,1.0,3.0,1.0,6.0,4.0,2.0,2.0,6.0,5.0,2.0,5.0,5.0,3.0,4.0,6.0,256.0,2.0,1.0,1024.0,6.0,1.0,1.0,1.0,1.0,80.0,80.0,1.0,1359740937.0,204634120.0,7831020.0,0.0833165,18.0,10.0,112.0,2.7824939007097043e+17,17.9649,22.870755555555554,10.0,112.0
1024.0,1024000.0,256.0,64.0,2.0,16.0,4.0,4.0,4.0,5.0,2.0,6.0,5.0,6.0,5.0,4.0,2.0,5.0,3.0,5.0,5.0,1.0,5.0,6.0,3.0,1.0,2.0,2.0,5.0,3.0,2.0,5.0,8.0,256.0,1.0,128.0,8.0,1.0,1.0,1.0,1.0,1.0,1.0,1.0,4.0,2.0,2.0,1.0,3.0,6.0,3.0,1.0,1.0,1.0,3.0,2.0,3.0,2.0,1.0,6.0,3.0,4.0,1.0,32.0,1.0,12.0,4.0,1.0,1.0,1.0,1.0,8.0,16.0,1.0,6272581641.0,144050050.0,7027250.0,0.07562836666666667,16.0,10.0,384.0,9.03565699015132e+17,4.0,2.376241555555555,10.0,352.8888888888889
1024000.0,32000.0,256.0,64.0,2.0,36.0,26.0,48.0,5.0,3.0,5.0,2.0,2.0,2.0,3.0,2.0,1.0,2.0,5.0,5.0,5.0,6.0,2.0,1.0,4.0,5.0,2.0,5.0,6.0,5.0,2.0,3.0,1024.0,64.0,1.0,1024.0,32.0,1.0,1.0,1.0,1.0,32.0,2.0,1.0,6.0,4.0,3.0,6.0,4.0,5.0,6.0,5.0,6.0,1.0,4.0,3.0,1.0,4.0,2.0,4.0,3.0,5.0,1024.0,32.0,1.0,6.0,12.0,1.0,1.0,1.0,1.0,32.0,80.0,1.0,987937248.0,47030897.0,1274410000.0,6.30224111111111,1248.0,10.0,113280.0,4.646357495315146e+16,23.70368888888889,2.545992,10.0,85688.88888888889
128000.0,64000.0,256.0,64.0,1.0,42.0,44.0,14.0,6.0,2.0,4.0,4.0,1.0,1.0,6.0,6.0,3.0,5.0,3.0,1.0,6.0,2.0,6.0,6.0,5.0,2.0,1.0,5.0,2.0,3.0,4.0,1.0,4096.0,1.0,1.0,1024.0,16.0,1.0,1.0,1.0,1.0,128.0,32.0,1.0,5.0,4.0,6.0,3.0,3.0,4.0,2.0,1.0,3.0,2.0,2.0,3.0,3.0,5.0,6.0,5.0,5.0,2.0,2048.0,256.0,1.0,192.0,1.0,1.0,1.0,1.0,1.0,16.0,40.0,1.0,1747386377.0,216482660.0,6227500.0,0.0661954,14.0,10.0,88.0,3.782788509407228e+17,13.9795,20.94511111111111,10.0,88.0
32000.0,32000.0,256.0,64.0,2.0,12.0,32.0,40.0,2.0,5.0,1.0,6.0,5.0,4.0,4.0,6.0,6.0,2.0,6.0,2.0,6.0,5.0,6.0,2.0,4.0,3.0,5.0,1.0,6.0,5.0,5.0,3.0,2.0,2048.0,1.0,2048.0,16.0,1.0,1.0,1.0,1.0,64.0,64.0,1.0,4.0,6.0,4.0,2.0,2.0,5.0,5.0,2.0,6.0,1.0,1.0,1.0,6.0,1.0,6.0,2.0,3.0,4.0,256.0,1.0,1.0,1.0,6.0,1.0,1.0,1.0,1.0,80.0,320.0,1.0,5231345682.0,127820170.0,1327930000.0,6.18804,1280.0,10.0,4672.0,6.686714944020059e+17,16.444444444444443,9.250788888888888,10.0,2788.6666666666665
128.0,128000.0,256.0,64.0,1.0,24.0,34.0,22.0,6.0,4.0,5.0,4.0,5.0,1.0,4.0,2.0,5.0,4.0,5.0,6.0,2.0,6.0,3.0,6.0,3.0,6.0,2.0,1.0,5.0,3.0,1.0,4.0,256.0,16.0,1.0,512.0,1.0,1.0,1.0,1.0,1.0,128.0,16.0,1.0,1.0,4.0,2.0,3.0,5.0,4.0,6.0,6.0,1.0,1.0,6.0,1.0,3.0,4.0,6.0,5.0,6.0,3.0,16.0,4.0,1.0,128.0,16.0,1.0,1.0,1.0,1.0,4.0,80.0,1.0,1115226121.0,193435140.0,9450840.0,0.100438,22.0,10.0,136.0,2.1572392084729194e+17,21.9037,23.060000000000002,10.0,136.0
128.0,256000.0,256.0,64.0,1.0,24.0,2.0,26.0,3.0,5.0,6.0,1.0,2.0,1.0,1.0,4.0,3.0,1.0,1.0,6.0,4.0,5.0,5.0,2.0,4.0,5.0,3.0,5.0,1.0,2.0,5.0,5.0,512.0,4096.0,1.0,1024.0,256.0,1.0,1.0,1.0,1.0,128.0,2.0,1.0,2.0,6.0,4.0,4.0,1.0,1.0,6.0,2.0,5.0,4.0,3.0,4.0,6.0,5.0,6.0,5.0,2.0,6.0,1024.0,4096.0,1.0,384.0,1.0,1.0,1.0,1.0,1.0,2.0,10.0,1.0,24427626505.0,256622400.0,11087000.0,0.11704099999999999,26.0,10.0,10.0,6.268676140016712e+18,1.0,1.0034711111111112,10.0,10.0
8192.0,16000000.0,256.0,64.0,2.0,44.0,22.0,8.0,5.0,1.0,6.0,3.0,5.0,5.0,5.0,2.0,6.0,3.0,5.0,3.0,5.0,5.0,6.0,4.0,3.0,1.0,4.0,5.0,6.0,6.0,1.0,6.0,1024.0,4096.0,1.0,64.0,128.0,1.0,1.0,1.0,1.0,16.0,128.0,1.0,2.0,1.0,5.0,4.0,3.0,3.0,1.0,6.0,1.0,5.0,1.0,5.0,2.0,2.0,3.0,3.0,5.0,1.0,512.0,1024.0,1.0,24.0,32.0,1.0,1.0,1.0,1.0,10.0,64.0,1.0,3053622868.0,44555799.0,84231000.0,1.091511111111111,176.0,10.0,165888.0,1.3605660672841154e+17,8.0,0.6496362222222223,10.0,93336.88888888889
1024000.0,16000.0,256.0,64.0,1.0,4.0,36.0,6.0,4.0,1.0,1.0,1.0,3.0,6.0,1.0,5.0,3.0,3.0,1.0,5.0,6.0,4.0,6.0,2.0,2.0,1.0,4.0,2.0,4.0,1.0,4.0,5.0,64.0,2.0,1.0,64.0,128.0,1.0,1.0,1.0,1.0,64.0,128.0,1.0,5.0,3.0,3.0,6.0,5.0,3.0,6.0,6.0,1.0,2.0,1.0,1.0,6.0,2.0,6.0,2.0,6.0,3.0,512.0,16.0,1.0,768.0,2.0,1.0,1.0,1.0,1.0,8.0,4.0,1.0,24427626505.0,256309600.0,3069380.0,0.0318497,6.0,10.0,10.0,6.261035178445948e+18,1.0,1.0,10.0,10.0
16000.0,128000.0,256.0,64.0,1.0,8.0,30.0,14.0,5.0,6.0,6.0,3.0,6.0,1.0,1.0,6.0,1.0,5.0,1.0,4.0,4.0,6.0,3.0,3.0,1.0,3.0,3.0,5.0,6.0,2.0,2.0,6.0,8.0,1024.0,1.0,4.0,1024.0,1.0,1.0,1.0,1.0,1.0,2.0,1.0,4.0,5.0,4.0,6.0,1.0,3.0,4.0,1.0,5.0,1.0,4.0,5.0,3.0,2.0,5.0,3.0,3.0,2.0,128.0,1024.0,1.0,8.0,512.0,1.0,1.0,1.0,1.0,5.0,5.0,1.0,1750073353.0,191152380.0,6227500.0,0.0661954,14.0,10.0,88.0,3.345306866005301e+17,13.949555555555555,13.949555555555555,10.0,88.0
16000.0,32000000.0,256.0,64.0,2.0,22.0,20.0,48.0,5.0,4.0,1.0,5.0,3.0,3.0,1.0,4.0,4.0,1.0,4.0,5.0,1.0,2.0,2.0,2.0,3.0,1.0,5.0,2.0,6.0,5.0,6.0,6.0,512.0,512.0,1.0,64.0,4.0,1.0,1.0,1.0,1.0,8.0,16.0,1.0,1.0,3.0,3.0,1.0,5.0,6.0,2.0,3.0,6.0,6.0,2.0,5.0,2.0,1.0,2.0,2.0,4.0,4.0,1024.0,128.0,1.0,192.0,4.0,1.0,1.0,1.0,1.0,10.0,4.0,1.0,764011664.0,68038300.0,839596000.0,4.730097777777777,960.0,10.0,98368.0,5.19820547987312e+16,32.0,9.11862,10.0,66492.44444444444
256.0,16000.0,256.0,64.0,3.0,16.0,14.0,14.0,1.0,6.0,4.0,5.0,1.0,6.0,4.0,4.0,1.0,2.0,2.0,3.0,4.0,6.0,6.0,5.0,6.0,4.0,4.0,1.0,1.0,5.0,3.0,6.0,4096.0,32.0,1.0,128.0,512.0,1.0,1.0,1.0,1.0,16.0,16.0,1.0,2.0,2.0,1.0,4.0,4.0,3.0,5.0,3.0,4.0,6.0,4.0,3.0,2.0,3.0,4.0,5.0,4.0,1.0,16.0,128.0,1.0,12.0,32.0,1.0,1.0,1.0,1.0,32.0,16.0,1.0,292134544.0,35728801.3,6220250000.0,44.00974444444444,3136.0,10.0,16957440.0,1.0437617075442106e+16,85.33333333333333,2.3402777777777777,10.0,7632213.333333333
64000.0,64000.0,256.0,64.0,1.0,44.0,34.0,44.0,5.0,1.0,4.0,4.0,5.0,2.0,5.0,1.0,6.0,1.0,3.0,5.0,6.0,5.0,4.0,4.0,6.0,3.0,5.0,5.0,3.0,6.0,2.0,3.0,1.0,2048.0,1.0,2.0,1024.0,1.0,1.0,1.0,1.0,8.0,8.0,1.0,4.0,6.0,2.0,5.0,4.0,1.0,3.0,1.0,3.0,6.0,4.0,6.0,4.0,6.0,5.0,1.0,3.0,6.0,256.0,128.0,1.0,16.0,16.0,1.0,1.0,1.0,1.0,4.0,160.0,1.0,560594953.0,144876700.0,18651400.0,0.195187,44.0,10.0,268.0,8.12171468272951e+16,43.5745,33.97467777777777,10.0,268.0
32000.0,4096000.0,256.0,64.0,1.0,4.0,34.0,2.0,1.0,4.0,3.0,1.0,5.0,6.0,4.0,4.0,2.0,1.0,2.0,2.0,2.0,1.0,2.0,6.0,5.0,2.0,1.0,5.0,5.0,5.0,6.0,4.0,16.0,512.0,1.0,32.0,512.0,1.0,1.0,1.0,1.0,8.0,32.0,1.0,6.0,3.0,1.0,6.0,2.0,5.0,3.0,2.0,3.0,5.0,4.0,3.0,5.0,3.0,3.0,4.0,3.0,6.0,128.0,32.0,1.0,12.0,256.0,1.0,1.0,1.0,1.0,20.0,20.0,1.0,24427626505.0,219817200.0,1518110.0,0.0148114,2.0,10.0,10.0,5.369612460974886e+18,1.0,1.2221688888888889,10.0,10.0
128.0,32000000.0,256.0,64.0,3.0,32.0,12.0,4.0,5.0,3.0,4.0,5.0,5.0,4.0,3.0,4.0,3.0,6.0,5.0,6.0,1.0,2.0,2.0,6.0,4.0,4.0,3.0,5.0,5.0,2.0,5.0,4.0,2.0,1024.0,1.0,1024.0,256.0,1.0,1.0,1.0,1.0,64.0,64.0,1.0,4.0,3.0,4.0,4.0,6.0,2.0,1.0,2.0,2.0,2.0,4.0,3.0,4.0,4.0,1.0,1.0,3.0,3.0,4096.0,128.0,1.0,3.0,128.0,1.0,1.0,1.0,1.0,10.0,160.0,1.0,3591125072.0,32807227.7,1794700000.0,26.053122222222225,1536.0,10.0,9043968.0,1.178148579362829e+17,6.222222222222222,0.023148166666666668,10.0,5353016.888888889
2048.0,32000000.0,256.0,64.0,3.0,36.0,24.0,6.0,3.0,3.0,1.0,1.0,2.0,6.0,3.0,1.0,5.0,2.0,1.0,1.0,3.0,2.0,5.0,6.0,4.0,1.0,4.0,6.0,4.0,5.0,2.0,2.0,16.0,1.0,1.0,8.0,1024.0,1.0,1.0,1.0,1.0,2.0,16.0,1.0,3.0,5.0,2.0,3.0,1.0,6.0,4.0,5.0,3.0,2.0,1.0,2.0,1.0,6.0,4.0,3.0,6.0,4.0,8.0,32.0,1.0,12.0,96.0,1.0,1.0,1.0,1.0,80.0,32.0,1.0,925221234.0,37787626.0,15689500000.0,34.023744444444446,5184.0,10.0,66048.0,3.4961913957650484e+16,41.77777777777778,1.838163888888889,10.0,44145.77777777778
2048.0,8192000.0,256.0,64.0,2.0,46.0,48.0,14.0,5.0,2.0,3.0,4.0,3.0,3.0,6.0,3.0,6.0,2.0,5.0,3.0,3.0,4.0,6.0,5.0,1.0,1.0,1.0,4.0,6.0,1.0,4.0,2.0,16.0,4096.0,1.0,256.0,4.0,1.0,1.0,1.0,1.0,8.0,2.0,1.0,3.0,5.0,5.0,6.0,6.0,2.0,3.0,1.0,1.0,3.0,6.0,3.0,6.0,3.0,2.0,5.0,3.0,5.0,64.0,256.0,1.0,3.0,512.0,1.0,1.0,1.0,1.0,2.0,32.0,1.0,732234100.0,92325990.0,489309000.0,3.1405311111111107,672.0,10.0,30732.0,6.7604238194259e+16,36.74075555555555,22.091255555555556,10.0,21176.444444444445
64000.0,1024000.0,256.0,64.0,3.0,44.0,18.0,14.0,1.0,2.0,1.0,6.0,2.0,5.0,2.0,6.0,6.0,6.0,5.0,5.0,5.0,1.0,4.0,6.0,6.0,4.0,1.0,6.0,6.0,1.0,3.0,1.0,1.0,256.0,1.0,1024.0,16.0,1.0,1.0,1.0,1.0,8.0,4.0,1.0,2.0,4.0,6.0,4.0,1.0,4.0,5.0,2.0,1.0,5.0,3.0,4.0,4.0,1.0,6.0,2.0,4.0,3.0,1024.0,32.0,1.0,1024.0,1536.0,1.0,1.0,1.0,1.0,32.0,20.0,1.0,183290872.0,32654776.5,66918300000.0,111.59766666666667,11088.0,10.0,4784128.0,5985322459650108.0,133.31555555555553,0.5277777777777778,10.0,3036501.3333333335
512.0,32000000.0,256.0,64.0,2.0,44.0,16.0,48.0,6.0,6.0,2.0,3.0,6.0,5.0,3.0,1.0,1.0,4.0,4.0,4.0,1.0,2.0,5.0,1.0,1.0,2.0,2.0,3.0,5.0,4.0,1.0,4.0,1.0,1024.0,1.0,64.0,2048.0,1.0,1.0,1.0,1.0,8.0,8.0,1.0,4.0,3.0,2.0,3.0,3.0,4.0,5.0,6.0,1.0,6.0,1.0,3.0,5.0,4.0,3.0,4.0,4.0,1.0,1.0,256.0,1.0,512.0,768.0,1.0,1.0,1.0,1.0,20.0,8.0,1.0,49373200.0,50672526.0,596675000.0,3.5898366666666672,768.0,10.0,24832.0,2501864760703200.0,641.2927777777777,66.26513333333334,10.0,15274.666666666666
512.0,8192000.0,256.0,64.0,2.0,40.0,10.0,32.0,5.0,1.0,6.0,3.0,6.0,1.0,5.0,6.0,2.0,1.0,6.0,5.0,4.0,2.0,6.0,4.0,4.0,6.0,1.0,4.0,5.0,3.0,1.0,4.0,2048.0,512.0,1.0,64.0,16.0,1.0,1.0,1.0,1.0,8.0,8.0,1.0,3.0,1.0,5.0,3.0,1.0,3.0,5.0,1.0,4.0,6.0,2.0,1.0,1.0,5.0,5.0,1.0,5.0,4.0,4.0,1024.0,1.0,384.0,384.0,1.0,1.0,1.0,1.0,320.0,80.0,1.0,24427856104.0,57242875.0,175997000.0,1.5773977777777777,320.0,10.0,65152.0,1.398320713479259e+18,1.0,0.19407844444444444,10.0,47232.0
512.0,16000.0,256.0,64.0,2.0,36.0,24.0,22.0,5.0,5.0,2.0,3.0,2.0,1.0,3.0,4.0,5.0,3.0,3.0,1.0,1.0,3.0,6.0,6.0,2.0,6.0,1.0,5.0,2.0,1.0,3.0,6.0,512.0,4.0,1.0,16.0,8.0,1.0,1.0,1.0,1.0,1.0,16.0,1.0,5.0,3.0,1.0,1.0,1.0,3.0,4.0,4.0,3.0,5.0,2.0,6.0,4.0,1.0,2.0,6.0,1.0,4.0,2.0,8.0,1.0,16.0,3.0,1.0,1.0,1.0,1.0,10.0,1.0,1.0,394526725.0,92680190.0,345868000.0,2.3820455555555555,528.0,10.0,1952.0,3.656481183307775e+16,124.36194444444443,62.703,10.0,1140.888888888889
4096.0,256000.0,256.0,64.0,1.0,10.0,30.0,12.0,1.0,6.0,5.0,4.0,3.0,1.0,5.0,1.0,4.0,2.0,6.0,1.0,4.0,2.0,6.0,3.0,1.0,5.0,2.0,4.0,2.0,6.0,6.0,2.0,64.0,2.0,1.0,2048.0,256.0,1.0,1.0,1.0,1.0,128.0,64.0,1.0,1.0,3.0,3.0,5.0,3.0,2.0,6.0,6.0,6.0,6.0,4.0,3.0,4.0,2.0,3.0,1.0,5.0,1.0,1.0,4096.0,1.0,1536.0,256.0,1.0,1.0,1.0,1.0,5.0,8.0,1.0,2036334601.0,162531940.0,5431850.0,0.05763480000000001,12.0,10.0,76.0,3.3096941318965594e+17,11.9896,11.9896,10.0,76.0
8192.0,32000.0,256.0,64.0,1.0,36.0,20.0,42.0,5.0,5.0,5.0,5.0,1.0,6.0,4.0,5.0,4.0,4.0,6.0,6.0,6.0,1.0,6.0,5.0,2.0,3.0,3.0,5.0,1.0,4.0,5.0,4.0,16.0,4096.0,1.0,2.0,1024.0,1.0,1.0,1.0,1.0,2.0,4.0,1.0,3.0,2.0,5.0,6.0,4.0,3.0,4.0,2.0,1.0,4.0,4.0,1.0,4.0,2.0,5.0,2.0,1.0,1.0,4096.0,1024.0,1.0,32.0,24.0,1.0,1.0,1.0,1.0,5.0,1.0,1.0,24427626505.0,266485200.0,17794600.0,0.185699,42.0,10.0,10.0,6.509600934710226e+18,1.0,1.2221688888888889,10.0,10.0
128000.0,16000.0,256.0,64.0,1.0,2.0,8.0,38.0,3.0,4.0,1.0,2.0,6.0,5.0,2.0,6.0,4.0,3.0,2.0,5.0,5.0,6.0,4.0,5.0,5.0,6.0,4.0,5.0,2.0,1.0,5.0,3.0,512.0,8.0,1.0,8.0,64.0,1.0,1.0,1.0,1.0,16.0,8.0,1.0,2.0,1.0,1.0,3.0,1.0,1.0,5.0,5.0,6.0,3.0,3.0,2.0,5.0,2.0,1.0,6.0,4.0,2.0,2048.0,64.0,1.0,256.0,768.0,1.0,1.0,1.0,1.0,40.0,4.0,1.0,24427626505.0,209969900.0,16093200.0,0.168513,38.0,10.0,10.0,5.1290662944922e+18,1.0,1.00356,10.0,10.0
1024.0,256000.0,256.0,64.0,2.0,28.0,8.0,12.0,3.0,3.0,3.0,2.0,5.0,6.0,4.0,2.0,1.0,6.0,2.0,2.0,5.0,3.0,6.0,4.0,6.0,2.0,2.0,3.0,4.0,4.0,3.0,5.0,4096.0,256.0,1.0,8.0,64.0,1.0,1.0,1.0,1.0,2.0,32.0,1.0,1.0,1.0,5.0,2.0,5.0,6.0,4.0,1.0,6.0,2.0,6.0,1.0,4.0,1.0,3.0,2.0,6.0,2.0,4.0,32.0,1.0,1536.0,256.0,1.0,1.0,1.0,1.0,5.0,80.0,1.0,24432607297.0,80583620.0,42359500.0,0.4358574444444444,96.0,10.0,5152.0,1.9688679420306752e+18,1.0,0.3603847777777778,10.0,4872.0
128000.0,4096000.0,256.0,64.0,2.0,20.0,30.0,12.0,4.0,5.0,6.0,5.0,3.0,5.0,5.0,2.0,2.0,6.0,5.0,5.0,3.0,4.0,1.0,2.0,5.0,4.0,6.0,2.0,5.0,2.0,6.0,6.0,4.0,1.0,1.0,16.0,2048.0,1.0,1.0,1.0,1.0,16.0,32.0,1.0,2.0,4.0,2.0,3.0,3.0,1.0,6.0,3.0,1.0,6.0,6.0,1.0,5.0,6.0,5.0,4.0,6.0,5.0,2048.0,256.0,1.0,6.0,96.0,1.0,1.0,1.0,1.0,40.0,16.0,1.0,3909910642.0,57905680.0,205236000.0,1.6196599999999999,360.0,10.0,11456.0,2.2640603446424656e+17,6.888888888888889,3.6567694444444445,10.0,6620.444444444444
2048.0,4096000.0,256.0,64.0,2.0,4.0,34.0,8.0,1.0,3.0,2.0,6.0,6.0,5.0,5.0,1.0,1.0,1.0,3.0,3.0,2.0,5.0,5.0,6.0,4.0,2.0,5.0,1.0,1.0,1.0,6.0,5.0,4096.0,4096.0,1.0,64.0,2048.0,1.0,1.0,1.0,1.0,2.0,2.0,1.0,4.0,1.0,4.0,6.0,3.0,5.0,1.0,6.0,5.0,4.0,1.0,2.0,3.0,3.0,2.0,1.0,6.0,4.0,128.0,128.0,1.0,64.0,16.0,1.0,1.0,1.0,1.0,2.0,16.0,1.0,763525842.0,40121935.0,143163000.0,2.9142377777777777,272.0,10.0,1090048.0,3.063413420354427e+16,32.0,1.5894444444444444,10.0,497621.3333333333
128000.0,16000.0,256.0,64.0,2.0,32.0,12.0,26.0,1.0,1.0,1.0,5.0,6.0,4.0,3.0,3.0,2.0,6.0,3.0,2.0,1.0,4.0,1.0,5.0,5.0,5.0,1.0,1.0,5.0,6.0,2.0,5.0,8.0,512.0,1.0,16.0,2.0,1.0,1.0,1.0,1.0,1.0,8.0,1.0,6.0,4.0,1.0,3.0,1.0,1.0,3.0,4.0,5.0,5.0,4.0,5.0,3.0,6.0,4.0,4.0,6.0,2.0,2.0,32.0,1.0,8.0,512.0,1.0,1.0,1.0,1.0,16.0,80.0,1.0,7024410633.0,114709510.0,170337000.0,1.3789233333333333,312.0,10.0,352.0,8.057667017502198e+17,4.888888888888889,2.585438888888889,10.0,227.55555555555554
512000.0,128000.0,256.0,64.0,2.0,30.0,2.0,38.0,1.0,6.0,3.0,2.0,5.0,6.0,2.0,3.0,5.0,4.0,3.0,6.0,4.0,6.0,2.0,5.0,4.0,2.0,2.0,1.0,5.0,4.0,2.0,2.0,2048.0,4096.0,1.0,32.0,32.0,1.0,1.0,1.0,1.0,8.0,32.0,1.0,1.0,3.0,4.0,1.0,4.0,1.0,6.0,4.0,3.0,5.0,1.0,2.0,6.0,1.0,1.0,2.0,4.0,2.0,256.0,4.0,1.0,4.0,96.0,1.0,1.0,1.0,1.0,160.0,2.0,1.0,12528392453.0,101278270.0,32945300.0,0.786295,76.0,10.0,295936.0,1.2688539135208963e+18,2.0,0.6087722222222223,10.0,131589.33333333334
512.0,1024000.0,256.0,64.0,2.0,24.0,28.0,24.0,5.0,6.0,6.0,4.0,3.0,6.0,3.0,2.0,4.0,2.0,6.0,4.0,6.0,3.0,5.0,5.0,5.0,5.0,4.0,4.0,1.0,1.0,5.0,2.0,2048.0,2048.0,1.0,8.0,512.0,1.0,1.0,1.0,1.0,4.0,1.0,1.0,1.0,6.0,6.0,2.0,5.0,2.0,3.0,4.0,1.0,5.0,4.0,2.0,6.0,6.0,5.0,5.0,5.0,6.0,512.0,4096.0,1.0,384.0,12.0,1.0,1.0,1.0,1.0,20.0,2.0,1.0,954283892.0,86949500.0,489402000.0,5.154198888888889,672.0,10.0,926592.0,8.2974507267454e+16,25.6,12.133155555555554,10.0,604849.7777777778
4096.0,32000.0,256.0,64.0,3.0,18.0,22.0,44.0,1.0,5.0,5.0,6.0,4.0,6.0,6.0,4.0,6.0,5.0,1.0,1.0,6.0,4.0,5.0,3.0,5.0,5.0,2.0,6.0,4.0,2.0,2.0,3.0,512.0,4.0,1.0,2048.0,16.0,1.0,1.0,1.0,1.0,2.0,2.0,1.0,5.0,6.0,5.0,1.0,2.0,1.0,5.0,4.0,2.0,1.0,1.0,3.0,6.0,3.0,5.0,3.0,1.0,3.0,1.0,16.0,1.0,48.0,2.0,1.0,1.0,1.0,1.0,16.0,160.0,1.0,5366710803.0,38817586.2,161416000000.0,210.85033333333334,17424.0,10.0,2281472.0,2.0832275920592374e+17,116.0,1.019503888888889,10.0,1037596.4444444445
128000.0,2048000.0,256.0,64.0,1.0,30.0,36.0,32.0,6.0,5.0,5.0,3.0,3.0,5.0,1.0,1.0,2.0,3.0,6.0,5.0,6.0,3.0,4.0,4.0,4.0,4.0,2.0,6.0,4.0,2.0,4.0,4.0,2048.0,4.0,1.0,16.0,512.0,1.0,1.0,1.0,1.0,4.0,8.0,1.0,1.0,4.0,1.0,1.0,6.0,5.0,4.0,1.0,5.0,6.0,3.0,1.0,3.0,5.0,2.0,5.0,4.0,5.0,16.0,64.0,1.0,128.0,4.0,1.0,1.0,1.0,1.0,5.0,160.0,1.0,763363337.0,202230340.0,13571700.0,0.14340199999999997,32.0,10.0,196.0,1.5437522718504458e+17,32.0,40.92837777777778,10.0,196.0
64000.0,2048000.0,256.0,64.0,3.0,20.0,22.0,42.0,5.0,3.0,6.0,6.0,6.0,4.0,6.0,4.0,6.0,6.0,5.0,6.0,1.0,1.0,1.0,2.0,1.0,1.0,3.0,2.0,4.0,5.0,1.0,1.0,1024.0,4.0,1.0,64.0,1024.0,1.0,1.0,1.0,1.0,4.0,8.0,1.0,1.0,1.0,1.0,5.0,2.0,3.0,5.0,5.0,5.0,5.0,3.0,4.0,6.0,6.0,1.0,6.0,3.0,3.0,1024.0,16.0,1.0,1536.0,6.0,1.0,1.0,1.0,1.0,10.0,160.0,1.0,3409235056.0,33996241.0,181144000000.0,239.2472222222222,18480.0,10.0,3964928.0,1.159011765894245e+17,9.777777777777779,0.04861111111111111,10.0,3149368.888888889
2048.0,32000000.0,256.0,64.0,1.0,20.0,26.0,44.0,6.0,3.0,1.0,5.0,4.0,5.0,2.0,6.0,2.0,1.0,1.0,5.0,1.0,2.0,1.0,5.0,4.0,1.0,5.0,2.0,5.0,2.0,5.0,1.0,4096.0,2048.0,1.0,1.0,2048.0,1.0,1.0,1.0,1.0,1.0,16.0,1.0,4.0,4.0,5.0,1.0,6.0,4.0,2.0,2.0,4.0,2.0,2.0,2.0,6.0,4.0,1.0,4.0,6.0,3.0,4.0,128.0,1.0,1.0,384.0,1.0,1.0,1.0,1.0,20.0,32.0,1.0,560594953.0,154151180.0,18651400.0,0.195187,44.0,10.0,268.0,8.641637350699454e+16,43.5745,43.34773333333333,10.0,268.0
512.0,32000000.0,256.0,64.0,2.0,40.0,10.0,18.0,5.0,6.0,3.0,2.0,3.0,3.0,6.0,4.0,1.0,6.0,6.0,2.0,1.0,5.0,2.0,6.0,1.0,1.0,4.0,6.0,1.0,1.0,1.0,5.0,128.0,4096.0,1.0,32.0,512.0,1.0,1.0,1.0,1.0,4.0,64.0,1.0,6.0,4.0,3.0,1.0,2.0,5.0,4.0,1.0,3.0,2.0,6.0,6.0,5.0,4.0,4.0,5.0,4.0,6.0,256.0,2.0,1.0,1536.0,1536.0,1.0,1.0,1.0,1.0,2.0,2.0,1.0,5064192773.0,58897390.0,86486600.0,0.95362,180.0,10.0,85504.0,2.982677367865625e+17,67.23822222222222,16.933777777777777,10.0,48246.22222222222
4096.0,64000.0,256.0,64.0,1.0,14.0,22.0,18.0,3.0,6.0,5.0,3.0,3.0,2.0,4.0,3.0,1.0,2.0,2.0,3.0,2.0,6.0,5.0,5.0,5.0,2.0,6.0,2.0,3.0,6.0,4.0,4.0,32.0,1.0,1.0,1.0,256.0,1.0,1.0,1.0,1.0,1.0,16.0,1.0,2.0,3.0,6.0,3.0,4.0,1.0,5.0,1.0,1.0,6.0,1.0,3.0,5.0,5.0,2.0,5.0,4.0,5.0,2.0,256.0,1.0,3.0,64.0,1.0,1.0,1.0,1.0,160.0,20.0,1.0,1359740937.0,158198400.0,7831020.0,0.0833165,18.0,10.0,112.0,2.151088406479008e+17,17.9649,17.9649,10.0,112.0
256.0,2048000.0,256.0,64.0,1.0,18.0,28.0,36.0,3.0,3.0,1.0,3.0,3.0,5.0,4.0,1.0,2.0,3.0,6.0,2.0,2.0,4.0,5.0,5.0,2.0,1.0,3.0,2.0,5.0,5.0,2.0,4.0,4096.0,4.0,1.0,64.0,8.0,1.0,1.0,1.0,1.0,1.0,4.0,1.0,4.0,6.0,2.0,3.0,4.0,3.0,6.0,1.0,3.0,1.0,3.0,3.0,4.0,2.0,1.0,3.0,2.0,3.0,4096.0,4096.0,1.0,32.0,3.0,1.0,1.0,1.0,1.0,8.0,20.0,1.0,24427626505.0,199786080.0,15248600.0,0.159925,36.0,10.0,10.0,4.88029974313805e+18,1.0,1.0001066666666665,10.0,10.0
512000.0,4096000.0,256.0,64.0,1.0,14.0,34.0,24.0,3.0,5.0,1.0,5.0,4.0,5.0,4.0,6.0,2.0,2.0,3.0,6.0,6.0,1.0,4.0,3.0,2.0,5.0,3.0,3.0,2.0,2.0,6.0,1.0,2048.0,16.0,1.0,512.0,128.0,1.0,1.0,1.0,1.0,128.0,128.0,1.0,1.0,2.0,5.0,5.0,2.0,5.0,5.0,2.0,3.0,2.0,1.0,3.0,5.0,4.0,1.0,5.0,2.0,1.0,32.0,4.0,1.0,256.0,96.0,1.0,1.0,1.0,1.0,5.0,32.0,1.0,1019215881.0,190390420.0,10266900.0,0.10899800000000001,24.0,10.0,148.0,1.9404893965426003e+17,23.917333333333332,23.917333333333332,10.0,148.0
16000.0,2048000.0,256.0,64.0,3.0,34.0,28.0,40.0,5.0,2.0,1.0,1.0,4.0,4.0,4.0,4.0,3.0,3.0,1.0,5.0,3.0,1.0,1.0,1.0,1.0,5.0,6.0,1.0,4.0,1.0,2.0,2.0,512.0,4096.0,1.0,64.0,512.0,1.0,1.0,1.0,1.0,64.0,32.0,1.0,2.0,1.0,6.0,2.0,6.0,5.0,1.0,4.0,3.0,3.0,2.0,4.0,1.0,1.0,2.0,1.0,2.0,6.0,4096.0,64.0,1.0,1024.0,128.0,1.0,1.0,1.0,1.0,5.0,80.0,1.0,24428255480.0,33084758.0,753620000000.0,822.5843333333333,38080.0,10.0,9207808.0,8.082029209179739e+17,1.0,0.0,10.0,7241728.0
256000.0,1024000.0,256.0,64.0,1.0,38.0,14.0,10.0,5.0,4.0,2.0,1.0,5.0,2.0,6.0,6.0,1.0,5.0,6.0,1.0,3.0,4.0,1.0,3.0,2.0,5.0,2.0,2.0,6.0,4.0,4.0,4.0,128.0,2.0,1.0,2048.0,1024.0,1.0,1.0,1.0,1.0,16.0,16.0,1.0,6.0,6.0,3.0,3.0,1.0,1.0,2.0,5.0,1.0,1.0,5.0,3.0,5.0,4.0,1.0,5.0,1.0,5.0,1024.0,1.0,1.0,1536.0,48.0,1.0,1.0,1.0,1.0,10.0,32.0,1.0,2445148169.0,105694520.0,4640290.0,0.0490743,10.0,10.0,64.0,2.584387620513339e+17,9.99024,4.998195555555556,10.0,64.0
1024000.0,4096000.0,256.0,64.0,3.0,14.0,46.0,2.0,2.0,3.0,6.0,6.0,4.0,4.0,2.0,1.0,4.0,2.0,3.0,1.0,5.0,5.0,2.0,5.0,4.0,4.0,2.0,2.0,2.0,1.0,4.0,6.0,1024.0,8.0,1.0,64.0,2048.0,1.0,1.0,1.0,1.0,64.0,64.0,1.0,1.0,3.0,6.0,3.0,4.0,6.0,6.0,6.0,4.0,3.0,4.0,3.0,2.0,2.0,6.0,6.0,3.0,1.0,2048.0,4096.0,1.0,6.0,128.0,1.0,1.0,1.0,1.0,4.0,40.0,1.0,6308807168.0,33111368.0,1341960000.0,15.913166666666664,1288.0,10.0,4587520.0,2.0889323578068582e+17,6.0,0.049189833333333335,10.0,2809173.3333333335
128.0,4096000.0,256.0,64.0,2.0,20.0,44.0,48.0,3.0,2.0,3.0,3.0,1.0,1.0,1.0,5.0,3.0,5.0,4.0,6.0,5.0,5.0,6.0,4.0,4.0,3.0,5.0,3.0,2.0,2.0,5.0,6.0,2048.0,16.0,1.0,128.0,1.0,1.0,1.0,1.0,1.0,1.0,4.0,1.0,6.0,2.0,2.0,5.0,5.0,4.0,6.0,6.0,3.0,4.0,4.0,3.0,1.0,5.0,3.0,5.0,2.0,1.0,1024.0,64.0,1.0,768.0,384.0,1.0,1.0,1.0,1.0,4.0,160.0,1.0,732982400.0,52464480.0,3086310000.0,15.161111111111111,2112.0,10.0,2188288.0,3.8455540465152e+16,36.74075555555555,18.344626666666667,10.0,1217594.6666666667
1024000.0,512000.0,256.0,64.0,2.0,10.0,2.0,22.0,4.0,5.0,5.0,4.0,2.0,4.0,5.0,6.0,1.0,4.0,6.0,3.0,3.0,6.0,3.0,1.0,1.0,4.0,5.0,1.0,3.0,1.0,5.0,4.0,1024.0,64.0,1.0,512.0,256.0,1.0,1.0,1.0,1.0,1.0,16.0,1.0,1.0,3.0,4.0,2.0,4.0,2.0,5.0,6.0,4.0,1.0,2.0,3.0,4.0,2.0,1.0,1.0,5.0,5.0,1024.0,512.0,1.0,16.0,2.0,1.0,1.0,1.0,1.0,160.0,80.0,1.0,12214003020.0,55300302.0,18660400.0,0.46437488888888884,44.0,10.0,86656.0,6.75438055634912e+17,2.0,0.29302326666666667,10.0,78293.33333333333
512.0,64000.0,256.0,64.0,1.0,16.0,24.0,12.0,2.0,3.0,1.0,6.0,6.0,5.0,4.0,3.0,1.0,2.0,6.0,1.0,4.0,6.0,6.0,3.0,3.0,5.0,6.0,1.0,3.0,3.0,2.0,2.0,256.0,2048.0,1.0,16.0,2.0,1.0,1.0,1.0,1.0,1.0,4.0,1.0,3.0,6.0,3.0,1.0,3.0,5.0,6.0,5.0,2.0,6.0,2.0,1.0,3.0,3.0,2.0,2.0,4.0,3.0,16.0,16.0,1.0,8.0,3.0,1.0,1.0,1.0,1.0,40.0,64.0,1.0,2164260873.0,230914100.0,5431860.0,0.057710700000000004,12.0,10.0,98.0,4.997583516540093e+17,11.08997777777778,11.08997777777778,10.0,98.0
512000.0,512000.0,256.0,64.0,2.0,8.0,10.0,36.0,6.0,6.0,5.0,1.0,6.0,5.0,5.0,2.0,1.0,1.0,1.0,5.0,2.0,5.0,5.0,4.0,4.0,3.0,6.0,3.0,2.0,3.0,4.0,1.0,32.0,2.0,1.0,4.0,1.0,1.0,1.0,1.0,1.0,8.0,128.0,1.0,6.0,6.0,3.0,2.0,1.0,4.0,3.0,4.0,2.0,3.0,6.0,4.0,2.0,1.0,1.0,1.0,3.0,6.0,2.0,1.0,1.0,3072.0,24.0,1.0,1.0,1.0,1.0,40.0,80.0,1.0,542853139.0,68196330.0,205235000.0,1.603531111111111,360.0,10.0,3200.0,3.702059180877987e+16,137.64344,17.70575555555556,10.0,1944.888888888889
16000.0,32000.0,256.0,64.0,3.0,38.0,46.0,26.0,3.0,3.0,4.0,6.0,1.0,3.0,4.0,1.0,3.0,6.0,4.0,6.0,1.0,1.0,1.0,2.0,3.0,3.0,5.0,1.0,6.0,4.0,4.0,5.0,128.0,8.0,1.0,16.0,64.0,1.0,1.0,1.0,1.0,2.0,2.0,1.0,3.0,4.0,5.0,3.0,6.0,2.0,1.0,4.0,1.0,5.0,4.0,2.0,5.0,3.0,4.0,6.0,2.0,6.0,8.0,1024.0,1.0,3072.0,256.0,1.0,1.0,1.0,1.0,80.0,2.0,1.0,647752396.0,32845636.0,1070080000000.0,1115.79,45448.0,10.0,8912896.0,2.1275839417143856e+16,131.55555555555554,1.7751733333333333,10.0,4971861.333333333
512000.0,32000.0,256.0,64.0,2.0,46.0,36.0,8.0,3.0,3.0,4.0,5.0,5.0,2.0,3.0,3.0,1.0,2.0,6.0,6.0,3.0,3.0,1.0,2.0,2.0,1.0,2.0,1.0,4.0,6.0,5.0,6.0,128.0,8.0,1.0,1.0,32.0,1.0,1.0,1.0,1.0,4.0,2.0,1.0,6.0,6.0,4.0,5.0,4.0,6.0,1.0,1.0,5.0,5.0,6.0,2.0,2.0,1.0,2.0,1.0,1.0,2.0,2.0,1.0,1.0,1024.0,64.0,1.0,1.0,1.0,1.0,40.0,8.0,1.0,1151205398.0,129992260.0,153773000.0,1.3435688888888888,288.0,10.0,37568.0,1.496477914102195e+17,25.333333333333332,17.890111111111114,10.0,21454.222222222223
512000.0,4096000.0,256.0,64.0,2.0,38.0,8.0,4.0,4.0,1.0,2.0,2.0,5.0,2.0,6.0,3.0,1.0,3.0,3.0,6.0,2.0,1.0,6.0,2.0,2.0,4.0,4.0,5.0,1.0,6.0,4.0,1.0,1.0,1024.0,1.0,1024.0,1024.0,1.0,1.0,1.0,1.0,64.0,32.0,1.0,1.0,6.0,3.0,4.0,3.0,5.0,2.0,3.0,3.0,3.0,5.0,4.0,6.0,3.0,1.0,4.0,2.0,2.0,4096.0,4.0,1.0,64.0,768.0,1.0,1.0,1.0,1.0,320.0,16.0,1.0,9333178398.0,79523560.0,13578800.0,0.25160433333333326,32.0,10.0,67648.0,7.422075723240568e+17,2.6666666666666665,0.9993471111111111,10.0,31559.11111111111
128.0,16000.0,256.0,64.0,1.0,38.0,38.0,44.0,6.0,3.0,6.0,1.0,5.0,3.0,2.0,5.0,4.0,6.0,3.0,1.0,6.0,5.0,2.0,5.0,6.0,2.0,3.0,4.0,2.0,4.0,5.0,1.0,4.0,32.0,1.0,256.0,16.0,1.0,1.0,1.0,1.0,16.0,128.0,1.0,3.0,4.0,6.0,4.0,1.0,5.0,6.0,3.0,3.0,2.0,2.0,1.0,1.0,4.0,3.0,5.0,3.0,4.0,512.0,256.0,1.0,24.0,8.0,1.0,1.0,1.0,1.0,4.0,160.0,1.0,560594953.0,210480940.0,18651400.0,0.195187,44.0,10.0,268.0,1.1799455266669582e+17,43.5745,64.99605555555554,10.0,268.0
2048000.0,16000000.0,256.0,64.0,1.0,26.0,14.0,20.0,6.0,5.0,1.0,5.0,1.0,5.0,4.0,4.0,2.0,2.0,6.0,3.0,3.0,6.0,1.0,5.0,6.0,4.0,2.0,4.0,1.0,1.0,5.0,2.0,512.0,2.0,1.0,4.0,8.0,1.0,1.0,1.0,1.0,16.0,2.0,1.0,4.0,1.0,1.0,6.0,5.0,5.0,5.0,1.0,6.0,4.0,6.0,5.0,3.0,3.0,1.0,1.0,4.0,5.0,128.0,64.0,1.0,1.0,64.0,1.0,1.0,1.0,1.0,16.0,64.0,1.0,1222574089.0,157296360.0,8638890.0,0.091877,20.0,10.0,124.0,1.9230645403001603e+17,19.9805,20.014544444444446,10.0,124.0
8192.0,32000.0,256.0,64.0,1.0,16.0,22.0,6.0,6.0,1.0,1.0,5.0,5.0,2.0,4.0,4.0,4.0,1.0,3.0,1.0,3.0,3.0,2.0,1.0,3.0,6.0,2.0,5.0,6.0,6.0,6.0,1.0,4096.0,16.0,1.0,256.0,1024.0,1.0,1.0,1.0,1.0,32.0,4.0,1.0,3.0,2.0,6.0,2.0,3.0,6.0,6.0,2.0,1.0,4.0,3.0,5.0,5.0,5.0,5.0,1.0,6.0,1.0,32.0,8.0,1.0,12.0,128.0,1.0,1.0,1.0,1.0,4.0,2.0,1.0,4073259017.0,179335500.0,3069380.0,0.0319532,6.0,10.0,40.0,7.304799424432035e+17,5.99707,7.3154466666666655,10.0,40.0
8192.0,32000.0,256.0,64.0,3.0,34.0,44.0,40.0,6.0,6.0,4.0,1.0,6.0,2.0,5.0,4.0,1.0,2.0,5.0,6.0,1.0,1.0,5.0,1.0,4.0,6.0,5.0,4.0,5.0,5.0,2.0,2.0,8.0,512.0,1.0,16.0,32.0,1.0,1.0,1.0,1.0,16.0,4.0,1.0,3.0,3.0,1.0,1.0,6.0,3.0,1.0,1.0,2.0,6.0,6.0,5.0,1.0,1.0,5.0,4.0,6.0,4.0,4.0,128.0,1.0,24.0,512.0,1.0,1.0,1.0,1.0,5.0,160.0,1.0,298573852.0,33107288.0,1847830000000.0,1835.331111111111,59840.0,10.0,5668864.0,9884970507433376.0,398.22222222222223,1.7760417777777777,10.0,3324586.6666666665
512.0,512000.0,256.0,64.0,2.0,8.0,42.0,32.0,4.0,1.0,5.0,4.0,1.0,6.0,4.0,2.0,1.0,3.0,3.0,2.0,1.0,4.0,5.0,1.0,6.0,3.0,1.0,2.0,6.0,1.0,2.0,3.0,8.0,64.0,1.0,8.0,128.0,1.0,1.0,1.0,1.0,16.0,8.0,1.0,2.0,1.0,5.0,5.0,3.0,2.0,4.0,2.0,4.0,4.0,1.0,2.0,1.0,3.0,2.0,6.0,3.0,5.0,1.0,64.0,1.0,1024.0,12.0,1.0,1.0,1.0,1.0,32.0,320.0,1.0,24488443913.0,126022680.0,1438130000.0,6.526960000000001,1344.0,10.0,856.0,3.0860993309459466e+18,1.0,0.6130171111111111,10.0,646.2222222222222
512000.0,512000.0,256.0,64.0,2.0,12.0,8.0,24.0,2.0,2.0,1.0,6.0,5.0,5.0,2.0,1.0,4.0,2.0,3.0,5.0,4.0,4.0,6.0,1.0,6.0,5.0,3.0,5.0,6.0,4.0,1.0,3.0,8.0,2048.0,1.0,2.0,512.0,1.0,1.0,1.0,1.0,1.0,32.0,1.0,5.0,4.0,1.0,3.0,1.0,3.0,3.0,2.0,2.0,5.0,1.0,4.0,2.0,4.0,5.0,6.0,3.0,3.0,4.0,1.0,1.0,8.0,4.0,1.0,1.0,1.0,1.0,5.0,5.0,1.0,3196059657.0,131720430.0,93367500.0,0.8415852222222222,192.0,10.0,408.0,4.209863523256925e+17,8.0,5.7952811111111115,10.0,383.1111111111111
16000.0,16000.0,256.0,64.0,1.0,8.0,12.0,4.0,2.0,3.0,4.0,1.0,4.0,2.0,4.0,2.0,3.0,3.0,4.0,4.0,5.0,1.0,3.0,4.0,5.0,6.0,1.0,6.0,2.0,2.0,4.0,1.0,1.0,1024.0,1.0,32.0,2.0,1.0,1.0,1.0,1.0,2.0,2.0,1.0,3.0,4.0,1.0,2.0,5.0,5.0,4.0,2.0,5.0,5.0,1.0,6.0,1.0,6.0,2.0,4.0,5.0,3.0,4096.0,16.0,1.0,1024.0,1536.0,1.0,1.0,1.0,1.0,16.0,10.0,1.0,24427626505.0,313743700.0,2290040.0,0.0233305,4.0,10.0,10.0,7.664013921896769e+18,1.0,1.49988,10.0,10.0
64000.0,16000.0,256.0,64.0,2.0,20.0,12.0,44.0,6.0,1.0,1.0,1.0,4.0,4.0,5.0,1.0,6.0,4.0,1.0,5.0,6.0,5.0,4.0,1.0,1.0,6.0,2.0,4.0,6.0,2.0,4.0,3.0,64.0,512.0,1.0,1024.0,2048.0,1.0,1.0,1.0,1.0,32.0,16.0,1.0,4.0,6.0,2.0,1.0,2.0,4.0,6.0,1.0,4.0,1.0,3.0,6.0,3.0,3.0,6.0,4.0,3.0,1.0,32.0,512.0,1.0,64.0,3072.0,1.0,1.0,1.0,1.0,10.0,1.0,1.0,2133239343.0,34138775.7,346037000.0,4.975407777777779,528.0,10.0,1630208.0,7.282617944509237e+16,11.205422222222222,0.14366313333333336,10.0,752839.1111111111
8192.0,16000000.0,256.0,64.0,1.0,6.0,24.0,26.0,6.0,6.0,3.0,3.0,6.0,6.0,6.0,2.0,6.0,4.0,5.0,2.0,1.0,4.0,3.0,4.0,4.0,1.0,4.0,1.0,2.0,3.0,4.0,6.0,4096.0,512.0,1.0,32.0,8.0,1.0,1.0,1.0,1.0,8.0,32.0,1.0,2.0,6.0,4.0,5.0,5.0,4.0,5.0,6.0,4.0,3.0,5.0,6.0,6.0,3.0,2.0,3.0,2.0,2.0,2048.0,4096.0,1.0,3072.0,32.0,1.0,1.0,1.0,1.0,5.0,80.0,1.0,942276617.0,145924680.0,11087000.0,0.117559,26.0,10.0,160.0,1.3750141380720755e+17,25.9241,20.121055555555554,10.0,160.0
64000.0,16000000.0,256.0,64.0,1.0,46.0,20.0,32.0,6.0,2.0,2.0,2.0,4.0,4.0,6.0,2.0,4.0,2.0,3.0,3.0,4.0,4.0,4.0,3.0,4.0,3.0,1.0,3.0,4.0,1.0,5.0,6.0,8.0,4.0,1.0,16.0,2048.0,1.0,1.0,1.0,1.0,16.0,1.0,1.0,1.0,2.0,4.0,5.0,4.0,4.0,5.0,4.0,3.0,6.0,6.0,4.0,2.0,6.0,2.0,1.0,2.0,1.0,16.0,4.0,1.0,256.0,32.0,1.0,1.0,1.0,1.0,16.0,20.0,1.0,763363337.0,155912340.0,13571700.0,0.14340199999999997,32.0,10.0,196.0,1.1901776414187858e+17,32.0,32.16404444444444,10.0,196.0
256.0,8192000.0,256.0,64.0,1.0,36.0,42.0,38.0,5.0,2.0,2.0,3.0,3.0,2.0,6.0,4.0,2.0,6.0,4.0,6.0,2.0,5.0,1.0,4.0,6.0,5.0,2.0,1.0,3.0,6.0,2.0,5.0,16.0,1.0,1.0,4.0,2.0,1.0,1.0,1.0,1.0,64.0,8.0,1.0,4.0,2.0,2.0,2.0,1.0,2.0,5.0,4.0,4.0,4.0,2.0,3.0,5.0,4.0,5.0,4.0,5.0,5.0,4.0,8.0,1.0,48.0,48.0,1.0,1.0,1.0,1.0,40.0,320.0,1.0,644087817.0,144653040.0,16093200.0,0.16927899999999999,38.0,10.0,232.0,9.316926075601368e+16,37.9259,29.440344444444445,10.0,232.0
128000.0,16000.0,256.0,64.0,3.0,32.0,34.0,16.0,1.0,1.0,2.0,5.0,3.0,5.0,2.0,3.0,6.0,3.0,6.0,6.0,2.0,3.0,4.0,5.0,3.0,3.0,5.0,2.0,6.0,5.0,6.0,6.0,2.0,64.0,1.0,8.0,1024.0,1.0,1.0,1.0,1.0,1.0,16.0,1.0,1.0,6.0,5.0,4.0,4.0,1.0,1.0,4.0,3.0,6.0,1.0,3.0,4.0,4.0,5.0,2.0,5.0,5.0,8.0,8.0,1.0,32.0,768.0,1.0,1.0,1.0,1.0,80.0,2.0,1.0,5596665642.0,43625720.0,161126000000.0,208.56155555555557,17408.0,10.0,508928.0,2.4415856823151226e+17,5.777777777777778,0.32557499999999995,10.0,464782.22222222225
64000.0,128000.0,256.0,64.0,1.0,24.0,24.0,20.0,5.0,4.0,2.0,3.0,2.0,6.0,6.0,6.0,5.0,3.0,4.0,1.0,3.0,6.0,1.0,3.0,4.0,5.0,5.0,2.0,3.0,6.0,6.0,4.0,2048.0,256.0,1.0,2048.0,512.0,1.0,1.0,1.0,1.0,2.0,1.0,1.0,6.0,4.0,4.0,3.0,5.0,2.0,6.0,5.0,1.0,1.0,5.0,3.0,3.0,3.0,3.0,5.0,2.0,4.0,2.0,1024.0,1.0,48.0,1.0,1.0,1.0,1.0,1.0,32.0,20.0,1.0,24427626505.0,199801580.0,8638880.0,0.0914837,20.0,10.0,10.0,4.880678371348878e+18,1.0,1.0001955555555555,10.0,10.0
256000.0,128000.0,256.0,64.0,2.0,6.0,4.0,40.0,2.0,3.0,6.0,3.0,2.0,6.0,6.0,6.0,3.0,5.0,2.0,4.0,4.0,3.0,4.0,4.0,6.0,5.0,5.0,2.0,5.0,2.0,1.0,3.0,2.0,64.0,1.0,16.0,128.0,1.0,1.0,1.0,1.0,64.0,64.0,1.0,1.0,2.0,3.0,2.0,2.0,2.0,5.0,6.0,1.0,1.0,2.0,5.0,3.0,4.0,3.0,1.0,6.0,1.0,2.0,1.0,1.0,384.0,12.0,1.0,1.0,1.0,1.0,32.0,20.0,1.0,24513609737.0,135657570.0,75321200.0,0.7036348888888889,160.0,10.0,2368.0,3.325456728849759e+18,1.0,0.7753619999999999,10.0,1354.6666666666667
8192.0,64000.0,256.0,64.0,3.0,28.0,18.0,34.0,2.0,3.0,1.0,6.0,5.0,4.0,2.0,3.0,1.0,5.0,4.0,4.0,5.0,3.0,2.0,3.0,1.0,1.0,1.0,1.0,4.0,4.0,5.0,1.0,4.0,2048.0,1.0,1.0,4.0,1.0,1.0,1.0,1.0,2.0,1.0,1.0,2.0,6.0,3.0,6.0,1.0,5.0,6.0,2.0,1.0,1.0,4.0,1.0,1.0,1.0,6.0,3.0,4.0,2.0,2048.0,8.0,1.0,96.0,3072.0,1.0,1.0,1.0,1.0,4.0,160.0,1.0,10296248744.0,35331515.0,156235000000.0,232.45755555555556,17136.0,10.0,15859712.0,3.6378206694236717e+17,10.592577777777779,1.2521688888888889,10.0,8920376.888888888
8192.0,8192000.0,256.0,64.0,1.0,22.0,48.0,2.0,5.0,1.0,2.0,2.0,2.0,6.0,2.0,6.0,3.0,6.0,2.0,4.0,2.0,2.0,1.0,4.0,6.0,5.0,5.0,6.0,4.0,1.0,6.0,5.0,256.0,32.0,1.0,4.0,32.0,1.0,1.0,1.0,1.0,8.0,16.0,1.0,4.0,3.0,1.0,4.0,1.0,6.0,6.0,3.0,3.0,4.0,2.0,2.0,5.0,2.0,6.0,3.0,5.0,1.0,512.0,16.0,1.0,128.0,1024.0,1.0,1.0,1.0,1.0,5.0,10.0,1.0,24427626505.0,209954400.0,1518110.0,0.0148114,2.0,10.0,10.0,5.128687666281372e+18,1.0,1.0034711111111112,10.0,10.0
1024.0,16000000.0,256.0,64.0,2.0,40.0,22.0,6.0,1.0,3.0,6.0,3.0,5.0,4.0,3.0,6.0,2.0,4.0,4.0,4.0,3.0,4.0,5.0,2.0,6.0,3.0,5.0,2.0,6.0,6.0,5.0,6.0,2048.0,32.0,1.0,64.0,1.0,1.0,1.0,1.0,1.0,64.0,2.0,1.0,1.0,6.0,5.0,6.0,3.0,1.0,2.0,6.0,4.0,3.0,5.0,6.0,4.0,3.0,4.0,4.0,6.0,4.0,32.0,4.0,1.0,6.0,2.0,1.0,1.0,1.0,1.0,160.0,2.0,1.0,25753026569.0,166649480.0,60386400.0,0.5764351111111111,132.0,10.0,196.0,4.291728486150034e+18,1.0,0.9635925555555556,10.0,109.33333333333333
256000.0,512000.0,256.0,64.0,3.0,6.0,26.0,40.0,4.0,2.0,1.0,1.0,1.0,5.0,3.0,3.0,3.0,6.0,1.0,5.0,3.0,1.0,1.0,1.0,3.0,6.0,6.0,2.0,6.0,1.0,3.0,1.0,32.0,512.0,1.0,32.0,128.0,1.0,1.0,1.0,1.0,32.0,128.0,1.0,5.0,6.0,1.0,2.0,3.0,1.0,5.0,6.0,2.0,6.0,6.0,5.0,1.0,3.0,2.0,1.0,5.0,3.0,32.0,1.0,1.0,64.0,2.0,1.0,1.0,1.0,1.0,20.0,64.0,1.0,677392464.0,36607336.2,22243400000.0,44.14061111111111,6240.0,10.0,294912.0,2.47975336689944e+16,245.33333333333334,2.387025,10.0,140174.22222222222
256000.0,32000000.0,256.0,64.0,2.0,26.0,34.0,4.0,6.0,3.0,4.0,2.0,6.0,1.0,2.0,4.0,5.0,4.0,3.0,6.0,5.0,5.0,2.0,5.0,4.0,5.0,4.0,2.0,4.0,3.0,4.0,5.0,1024.0,128.0,1.0,2.0,2.0,1.0,1.0,1.0,1.0,8.0,4.0,1.0,4.0,5.0,4.0,2.0,6.0,1.0,4.0,2.0,4.0,3.0,4.0,6.0,5.0,3.0,6.0,2.0,1.0,4.0,32.0,2.0,1.0,1536.0,3072.0,1.0,1.0,1.0,1.0,1.0,8.0,1.0,734103229.0,66408910.0,62493400.0,1.0816457777777777,136.0,10.0,215312.0,4.875099526537039e+16,32.87433333333334,11.822594444444443,10.0,141470.22222222222
4096.0,8192000.0,256.0,64.0,2.0,22.0,14.0,48.0,5.0,4.0,6.0,6.0,5.0,4.0,2.0,5.0,2.0,1.0,4.0,6.0,4.0,4.0,5.0,6.0,6.0,2.0,2.0,4.0,2.0,6.0,3.0,1.0,32.0,32.0,1.0,64.0,8.0,1.0,1.0,1.0,1.0,32.0,32.0,1.0,3.0,1.0,3.0,1.0,6.0,4.0,6.0,6.0,2.0,4.0,1.0,4.0,1.0,5.0,3.0,3.0,6.0,5.0,256.0,2048.0,1.0,3072.0,48.0,1.0,1.0,1.0,1.0,320.0,10.0,1.0,4295655734.0,35683587.0,489309000.0,3.1309366666666665,672.0,10.0,30656.0,1.5328440510623786e+17,9.88888888888889,0.28994422222222227,10.0,18396.444444444445
1024.0,4096000.0,256.0,64.0,2.0,16.0,4.0,24.0,3.0,5.0,6.0,6.0,1.0,2.0,1.0,1.0,5.0,5.0,4.0,1.0,5.0,6.0,1.0,2.0,1.0,2.0,6.0,1.0,1.0,4.0,3.0,6.0,4.0,512.0,1.0,2048.0,2048.0,1.0,1.0,1.0,1.0,16.0,128.0,1.0,4.0,2.0,1.0,1.0,1.0,5.0,4.0,5.0,4.0,2.0,1.0,2.0,5.0,4.0,3.0,4.0,4.0,4.0,2048.0,4096.0,1.0,16.0,12.0,1.0,1.0,1.0,1.0,160.0,160.0,1.0,1543548772.0,42857360.0,42432700.0,1.9025288888888887,96.0,10.0,708352.0,6.615242539916192e+16,14.666666666666666,1.6151266666666666,10.0,429994.6666666667
512.0,256000.0,256.0,64.0,3.0,38.0,44.0,16.0,5.0,3.0,3.0,5.0,1.0,5.0,2.0,5.0,5.0,2.0,6.0,6.0,4.0,3.0,4.0,3.0,1.0,4.0,4.0,2.0,4.0,4.0,1.0,5.0,1.0,4.0,1.0,8.0,1.0,1.0,1.0,1.0,1.0,4.0,64.0,1.0,2.0,6.0,4.0,5.0,1.0,4.0,6.0,6.0,1.0,3.0,4.0,5.0,1.0,5.0,4.0,4.0,6.0,1.0,16.0,8.0,1.0,192.0,1.0,1.0,1.0,1.0,1.0,64.0,5.0,1.0,53550388.0,36606125.0,374999000000.0,428.24,26752.0,10.0,335872.0,1960272196926500.0,533.8227777777779,32.75342777777777,10.0,196778.66666666666
16000.0,16000.0,256.0,64.0,1.0,36.0,26.0,4.0,1.0,2.0,4.0,5.0,4.0,3.0,4.0,4.0,4.0,3.0,1.0,1.0,5.0,1.0,3.0,6.0,4.0,6.0,1.0,5.0,4.0,2.0,4.0,6.0,128.0,64.0,1.0,1.0,512.0,1.0,1.0,1.0,1.0,1.0,64.0,1.0,3.0,3.0,6.0,3.0,2.0,4.0,6.0,5.0,4.0,2.0,5.0,3.0,4.0,2.0,6.0,6.0,1.0,6.0,1.0,256.0,1.0,64.0,4.0,1.0,1.0,1.0,1.0,20.0,4.0,1.0,6106906633.0,177085400.0,2290050.0,0.023413299999999998,4.0,10.0,34.0,1.0814440038674582e+18,4.0,4.222257777777778,10.0,34.0
256000.0,8192000.0,256.0,64.0,2.0,28.0,16.0,18.0,5.0,4.0,3.0,4.0,5.0,1.0,2.0,5.0,1.0,2.0,3.0,4.0,3.0,4.0,1.0,3.0,4.0,1.0,5.0,6.0,2.0,6.0,6.0,1.0,1024.0,4.0,1.0,4.0,16.0,1.0,1.0,1.0,1.0,1.0,128.0,1.0,6.0,6.0,2.0,5.0,6.0,2.0,4.0,3.0,2.0,2.0,2.0,5.0,3.0,4.0,2.0,2.0,4.0,3.0,4096.0,8.0,1.0,512.0,3072.0,1.0,1.0,1.0,1.0,8.0,32.0,1.0,1535154972.0,38574010.0,153784000.0,1.5416044444444443,288.0,10.0,141312.0,5.921708324147772e+16,16.0,1.8725522222222222,10.0,78855.11111111111
1024.0,16000000.0,256.0,64.0,3.0,10.0,22.0,30.0,5.0,6.0,5.0,5.0,3.0,2.0,3.0,5.0,2.0,6.0,5.0,4.0,4.0,4.0,2.0,6.0,6.0,4.0,4.0,5.0,2.0,3.0,4.0,3.0,1024.0,256.0,1.0,2.0,256.0,1.0,1.0,1.0,1.0,1.0,8.0,1.0,2.0,2.0,4.0,5.0,4.0,2.0,6.0,6.0,3.0,2.0,6.0,6.0,5.0,3.0,2.0,5.0,1.0,2.0,512.0,16.0,1.0,1024.0,48.0,1.0,1.0,1.0,1.0,40.0,1.0,1.0,554150992.0,35451407.0,24737800000.0,60.13848888888889,6600.0,10.0,4239360.0,1.9645432356845744e+16,40.888888888888886,1.7517361111111112,10.0,3745564.4444444445
512000.0,32000.0,256.0,64.0,3.0,26.0,40.0,16.0,5.0,4.0,3.0,6.0,4.0,2.0,4.0,2.0,5.0,2.0,3.0,1.0,4.0,5.0,1.0,2.0,6.0,2.0,6.0,4.0,6.0,4.0,2.0,5.0,128.0,8.0,1.0,16.0,2048.0,1.0,1.0,1.0,1.0,1.0,64.0,1.0,5.0,1.0,3.0,6.0,2.0,3.0,5.0,1.0,6.0,5.0,1.0,2.0,4.0,4.0,4.0,2.0,2.0,6.0,32.0,128.0,1.0,1024.0,8.0,1.0,1.0,1.0,1.0,160.0,20.0,1.0,323992800.0,33279189.0,147505000000.0,195.80233333333334,16640.0,10.0,1081344.0,1.07822176258392e+16,263.1111111111111,1.96875,10.0,1035832.8888888889
64000.0,64000.0,256.0,64.0,1.0,8.0,26.0,48.0,1.0,5.0,1.0,5.0,5.0,1.0,4.0,1.0,5.0,3.0,5.0,2.0,1.0,1.0,3.0,2.0,1.0,5.0,1.0,4.0,6.0,1.0,6.0,3.0,16.0,256.0,1.0,256.0,2.0,1.0,1.0,1.0,1.0,1.0,128.0,1.0,3.0,6.0,5.0,2.0,1.0,6.0,3.0,3.0,2.0,5.0,2.0,4.0,5.0,1.0,2.0,1.0,1.0,5.0,1024.0,4096.0,1.0,1024.0,96.0,1.0,1.0,1.0,1.0,320.0,80.0,1.0,509607945.0,145579080.0,20377200.0,0.212477,48.0,10.0,292.0,7.41882557937906e+16,47.83462222222222,47.83462222222222,10.0,292.0
1024.0,1024000.0,256.0,64.0,3.0,10.0,24.0,40.0,2.0,6.0,1.0,5.0,4.0,3.0,4.0,4.0,3.0,4.0,1.0,1.0,1.0,3.0,5.0,3.0,1.0,6.0,4.0,4.0,1.0,5.0,4.0,2.0,64.0,1024.0,1.0,16.0,2048.0,1.0,1.0,1.0,1.0,16.0,16.0,1.0,2.0,4.0,2.0,5.0,5.0,1.0,6.0,4.0,2.0,4.0,6.0,5.0,1.0,5.0,6.0,4.0,6.0,5.0,4.0,16.0,1.0,768.0,64.0,1.0,1.0,1.0,1.0,320.0,64.0,1.0,5301966628.0,36524418.0,50658400000.0,90.90987777777778,9600.0,10.0,4292608.0,1.936512453431225e+17,11.555555555555555,0.5186633333333334,10.0,2787328.0
32000.0,32000.0,256.0,64.0,1.0,36.0,6.0,22.0,5.0,6.0,2.0,2.0,2.0,3.0,6.0,6.0,4.0,1.0,3.0,2.0,2.0,2.0,1.0,5.0,6.0,5.0,4.0,5.0,3.0,6.0,2.0,3.0,256.0,4096.0,1.0,2048.0,512.0,1.0,1.0,1.0,1.0,2.0,32.0,1.0,3.0,6.0,1.0,1.0,6.0,1.0,6.0,4.0,5.0,3.0,4.0,5.0,3.0,6.0,6.0,4.0,3.0,6.0,8.0,4096.0,1.0,128.0,128.0,1.0,1.0,1.0,1.0,320.0,5.0,1.0,1114636297.0,204951040.0,9450840.0,0.100438,22.0,10.0,136.0,2.2844586829189888e+17,21.8737,21.8737,10.0,136.0
4096.0,8192000.0,256.0,64.0,3.0,36.0,34.0,20.0,6.0,1.0,6.0,3.0,2.0,5.0,4.0,5.0,5.0,5.0,1.0,3.0,1.0,2.0,1.0,2.0,2.0,5.0,3.0,5.0,2.0,5.0,6.0,4.0,8.0,512.0,1.0,512.0,128.0,1.0,1.0,1.0,1.0,4.0,4.0,1.0,1.0,4.0,2.0,4.0,6.0,4.0,6.0,1.0,6.0,2.0,1.0,2.0,2.0,2.0,4.0,4.0,6.0,5.0,64.0,4.0,1.0,512.0,192.0,1.0,1.0,1.0,1.0,10.0,5.0,1.0,1166398658.0,36586460.6,314808000000.0,377.999,24480.0,10.0,4231168.0,4.267439854480988e+16,21.333333333333332,0.8640055555555555,10.0,3222528.0
512000.0,4096000.0,256.0,64.0,2.0,18.0,34.0,40.0,6.0,2.0,1.0,5.0,4.0,3.0,1.0,2.0,6.0,5.0,1.0,3.0,4.0,6.0,5.0,4.0,1.0,6.0,3.0,2.0,5.0,5.0,3.0,2.0,256.0,2.0,1.0,64.0,256.0,1.0,1.0,1.0,1.0,128.0,64.0,1.0,1.0,6.0,1.0,2.0,4.0,3.0,3.0,5.0,4.0,5.0,2.0,5.0,5.0,5.0,3.0,2.0,2.0,4.0,4.0,4.0,1.0,32.0,1536.0,1.0,1.0,1.0,1.0,64.0,320.0,1.0,23134503.0,37648895.0,1466330000.0,6.709023333333333,1360.0,10.0,30208.0,870988474324185.0,1064.7322222222222,38.25215555555556,10.0,28160.0
1024000.0,32000000.0,256.0,64.0,2.0,44.0,12.0,8.0,1.0,2.0,2.0,3.0,5.0,3.0,1.0,6.0,2.0,2.0,3.0,3.0,6.0,2.0,5.0,6.0,2.0,3.0,1.0,2.0,5.0,1.0,5.0,4.0,8.0,1.0,1.0,8.0,2.0,1.0,1.0,1.0,1.0,64.0,1.0,1.0,4.0,4.0,5.0,5.0,1.0,3.0,5.0,1.0,5.0,6.0,3.0,6.0,1.0,4.0,3.0,3.0,6.0,1.0,2048.0,16.0,1.0,512.0,8.0,1.0,1.0,1.0,1.0,320.0,80.0,1.0,7887257634.0,66958400.0,42359400.0,0.42692399999999997,96.0,10.0,4096.0,5.281181515604256e+17,4.888888888888889,0.633978888888889,10.0,2282.6666666666665
2048.0,512000.0,256.0,64.0,2.0,16.0,12.0,6.0,2.0,1.0,5.0,2.0,2.0,6.0,5.0,6.0,1.0,6.0,2.0,6.0,1.0,1.0,3.0,4.0,4.0,6.0,6.0,2.0,4.0,5.0,5.0,5.0,16.0,256.0,1.0,4.0,4.0,1.0,1.0,1.0,1.0,8.0,4.0,1.0,1.0,1.0,5.0,1.0,6.0,2.0,2.0,2.0,6.0,5.0,4.0,1.0,6.0,1.0,1.0,2.0,4.0,6.0,256.0,2048.0,1.0,192.0,1536.0,1.0,1.0,1.0,1.0,4.0,5.0,1.0,24444507096.0,61528190.0,31085100.0,0.5107343333333333,72.0,10.0,101888.0,1.5040262770590362e+18,1.0,0.24932155555555557,10.0,56732.444444444445
2048.0,32000.0,256.0,64.0,3.0,12.0,40.0,14.0,1.0,3.0,6.0,2.0,2.0,5.0,6.0,5.0,4.0,5.0,1.0,3.0,5.0,1.0,3.0,4.0,1.0,5.0,5.0,6.0,1.0,6.0,1.0,2.0,4096.0,4096.0,1.0,256.0,1024.0,1.0,1.0,1.0,1.0,64.0,4.0,1.0,6.0,4.0,6.0,2.0,1.0,3.0,4.0,2.0,1.0,5.0,6.0,4.0,4.0,3.0,5.0,2.0,1.0,5.0,64.0,1024.0,1.0,3.0,24.0,1.0,1.0,1.0,1.0,160.0,2.0,1.0,7082233440.0,34470503.8,25599000000.0,63.032422222222216,6720.0,10.0,9043968.0,2.4412815470600704e+17,7.654977777777778,0.03851994444444445,10.0,4233159.111111111
256.0,32000000.0,256.0,64.0,2.0,42.0,44.0,24.0,6.0,1.0,5.0,3.0,6.0,6.0,1.0,5.0,4.0,4.0,2.0,4.0,5.0,1.0,5.0,4.0,5.0,1.0,6.0,6.0,6.0,2.0,5.0,2.0,32.0,4.0,1.0,256.0,2.0,1.0,1.0,1.0,1.0,64.0,128.0,1.0,3.0,3.0,3.0,5.0,5.0,1.0,1.0,3.0,1.0,6.0,5.0,4.0,6.0,3.0,3.0,3.0,4.0,6.0,1.0,64.0,1.0,3072.0,3072.0,1.0,1.0,1.0,1.0,40.0,32.0,1.0,562896258.0,37279610.0,975181000.0,5.930985555555557,1056.0,10.0,469760.0,2.098455296869938e+16,43.17103333333333,1.0706857777777778,10.0,271416.8888888889
2048.0,32000000.0,256.0,64.0,1.0,18.0,20.0,14.0,2.0,5.0,1.0,3.0,4.0,5.0,6.0,4.0,3.0,2.0,5.0,1.0,4.0,5.0,5.0,2.0,3.0,4.0,5.0,5.0,6.0,3.0,6.0,3.0,8.0,4.0,1.0,4.0,8.0,1.0,1.0,1.0,1.0,1.0,16.0,1.0,6.0,5.0,3.0,2.0,3.0,3.0,4.0,4.0,3.0,5.0,3.0,1.0,2.0,5.0,1.0,5.0,3.0,5.0,2048.0,32.0,1.0,96.0,256.0,1.0,1.0,1.0,1.0,5.0,64.0,1.0,1750073353.0,198029060.0,6227500.0,0.0661954,14.0,10.0,88.0,3.465653810256382e+17,13.949555555555555,13.949555555555555,10.0,88.0
4096.0,512000.0,256.0,64.0,3.0,46.0,44.0,18.0,3.0,6.0,2.0,4.0,2.0,4.0,1.0,4.0,5.0,5.0,6.0,1.0,2.0,6.0,1.0,4.0,1.0,2.0,6.0,5.0,4.0,1.0,6.0,3.0,1.0,32.0,1.0,1.0,4.0,1.0,1.0,1.0,1.0,2.0,4.0,1.0,2.0,5.0,5.0,5.0,5.0,2.0,3.0,1.0,3.0,5.0,4.0,6.0,2.0,4.0,1.0,6.0,1.0,5.0,128.0,256.0,1.0,256.0,6.0,1.0,1.0,1.0,1.0,32.0,20.0,1.0,1124369696.0,40744020.0,690408000000.0,740.1901111111112,36432.0,10.0,1769472.0,4.581134138121792e+16,51.25924444444444,6.759877777777778,10.0,989041.7777777778
1024.0,1024000.0,256.0,64.0,3.0,28.0,8.0,4.0,5.0,3.0,3.0,2.0,1.0,3.0,5.0,5.0,4.0,5.0,3.0,3.0,3.0,6.0,5.0,5.0,4.0,3.0,5.0,6.0,2.0,5.0,3.0,5.0,512.0,2048.0,1.0,32.0,8.0,1.0,1.0,1.0,1.0,2.0,8.0,1.0,1.0,3.0,1.0,5.0,6.0,5.0,1.0,5.0,4.0,2.0,4.0,2.0,1.0,5.0,2.0,6.0,1.0,2.0,4096.0,256.0,1.0,32.0,64.0,1.0,1.0,1.0,1.0,40.0,32.0,1.0,10603801216.0,35049715.0,754529000.0,6.321906666666666,896.0,10.0,857088.0,3.7166021053745344e+17,4.666666666666667,0.15711811111111113,10.0,622023.1111111111
128000.0,16000000.0,256.0,64.0,3.0,12.0,28.0,24.0,5.0,5.0,5.0,5.0,5.0,6.0,2.0,5.0,2.0,2.0,2.0,1.0,2.0,3.0,1.0,1.0,3.0,1.0,2.0,6.0,1.0,4.0,5.0,4.0,128.0,32.0,1.0,128.0,4.0,1.0,1.0,1.0,1.0,2.0,32.0,1.0,1.0,3.0,6.0,5.0,1.0,3.0,3.0,2.0,5.0,4.0,3.0,1.0,6.0,3.0,3.0,1.0,4.0,2.0,32.0,64.0,1.0,768.0,2.0,1.0,1.0,1.0,1.0,4.0,1.0,1.0,5384566021.0,56913164.0,36240700000.0,63.13734444444444,8064.0,10.0,104960.0,3.0645268902200045e+17,9.333333333333334,0.6559786666666666,10.0,80156.44444444444
128000.0,1024000.0,256.0,64.0,2.0,4.0,2.0,26.0,1.0,1.0,1.0,2.0,1.0,1.0,4.0,6.0,2.0,2.0,6.0,3.0,1.0,6.0,5.0,3.0,3.0,6.0,1.0,2.0,5.0,6.0,5.0,3.0,2.0,2048.0,1.0,32.0,1024.0,1.0,1.0,1.0,1.0,16.0,16.0,1.0,4.0,6.0,4.0,4.0,2.0,6.0,2.0,6.0,6.0,2.0,1.0,1.0,4.0,5.0,1.0,5.0,1.0,5.0,1.0,128.0,1.0,32.0,4.0,1.0,1.0,1.0,1.0,20.0,80.0,1.0,11267997705.0,151987490.0,22119500.0,0.2330061111111111,52.0,10.0,2304.0,1.7125946885087104e+18,2.888888888888889,1.9845455555555556,10.0,1250.6666666666667
1024000.0,32000000.0,256.0,64.0,1.0,48.0,40.0,6.0,5.0,1.0,1.0,1.0,4.0,3.0,5.0,6.0,2.0,6.0,2.0,1.0,3.0,2.0,3.0,1.0,3.0,1.0,5.0,2.0,1.0,3.0,3.0,1.0,1024.0,4.0,1.0,512.0,16.0,1.0,1.0,1.0,1.0,8.0,128.0,1.0,3.0,3.0,1.0,3.0,3.0,1.0,3.0,2.0,3.0,6.0,6.0,6.0,5.0,5.0,2.0,5.0,1.0,6.0,4096.0,128.0,1.0,512.0,3072.0,1.0,1.0,1.0,1.0,2.0,16.0,1.0,4073259017.0,159326500.0,3069380.0,0.0319532,6.0,10.0,40.0,6.489781027720506e+17,5.99707,4.654642222222223,10.0,40.0
128.0,4096000.0,256.0,64.0,3.0,42.0,28.0,2.0,1.0,4.0,1.0,2.0,6.0,2.0,2.0,1.0,2.0,6.0,2.0,4.0,2.0,4.0,3.0,5.0,5.0,5.0,5.0,1.0,6.0,5.0,4.0,5.0,2.0,2048.0,1.0,2.0,2.0,1.0,1.0,1.0,1.0,2.0,8.0,1.0,2.0,6.0,4.0,6.0,6.0,3.0,6.0,6.0,2.0,3.0,5.0,1.0,5.0,3.0,5.0,1.0,2.0,3.0,128.0,1024.0,1.0,96.0,3072.0,1.0,1.0,1.0,1.0,8.0,16.0,1.0,5461728960.0,39022427.0,3725020000.0,24.825277777777778,2352.0,10.0,6422528.0,2.1312991963538592e+17,18.22222222222222,0.8967013333333332,10.0,3586289.777777778
2048000.0,16000000.0,256.0,64.0,1.0,8.0,38.0,34.0,1.0,5.0,5.0,6.0,5.0,2.0,1.0,1.0,4.0,3.0,1.0,4.0,2.0,2.0,4.0,2.0,4.0,6.0,4.0,4.0,2.0,2.0,6.0,1.0,1.0,16.0,1.0,4.0,16.0,1.0,1.0,1.0,1.0,2.0,32.0,1.0,1.0,3.0,6.0,1.0,3.0,4.0,5.0,6.0,2.0,3.0,6.0,1.0,6.0,4.0,1.0,2.0,1.0,5.0,256.0,8.0,1.0,768.0,1.0,1.0,1.0,1.0,1.0,20.0,2.0,1.0,763363337.0,226608260.0,14408200.0,0.152252,34.0,10.0,274.0,1.7298443754536362e+17,32.0,32.00004444444445,10.0,274.0
1024000.0,32000.0,256.0,64.0,2.0,42.0,26.0,32.0,3.0,3.0,2.0,5.0,4.0,3.0,5.0,4.0,3.0,4.0,5.0,1.0,1.0,1.0,4.0,2.0,5.0,6.0,3.0,5.0,6.0,1.0,6.0,3.0,32.0,2048.0,1.0,1024.0,1.0,1.0,1.0,1.0,1.0,16.0,1.0,1.0,1.0,6.0,5.0,6.0,1.0,2.0,1.0,4.0,4.0,4.0,1.0,6.0,2.0,4.0,2.0,6.0,1.0,2.0,512.0,256.0,1.0,8.0,48.0,1.0,1.0,1.0,1.0,20.0,16.0,1.0,1211137668.0,44490964.0,673487000.0,4.191788888888889,832.0,10.0,173056.0,5.388468238603195e+16,20.592577777777777,1.6518313333333332,10.0,97696.0
512.0,256000.0,256.0,64.0,1.0,22.0,44.0,34.0,3.0,1.0,2.0,4.0,6.0,5.0,1.0,4.0,6.0,2.0,3.0,6.0,2.0,4.0,4.0,4.0,4.0,3.0,2.0,1.0,1.0,3.0,5.0,2.0,1024.0,256.0,1.0,1024.0,1.0,1.0,1.0,1.0,1.0,32.0,16.0,1.0,4.0,4.0,6.0,2.0,3.0,4.0,2.0,4.0,3.0,2.0,1.0,5.0,1.0,2.0,5.0,2.0,6.0,3.0,8.0,2048.0,1.0,1.0,1536.0,1.0,1.0,1.0,1.0,1.0,16.0,1.0,24427626505.0,293712580.0,14408100.0,0.151341,34.0,10.0,10.0,7.174701204059933e+18,1.0,1.277817777777778,10.0,10.0
2048.0,128000.0,256.0,64.0,1.0,36.0,26.0,18.0,5.0,6.0,1.0,1.0,4.0,6.0,5.0,6.0,1.0,3.0,5.0,6.0,5.0,4.0,2.0,2.0,3.0,6.0,6.0,1.0,4.0,2.0,1.0,6.0,8.0,1024.0,1.0,2048.0,1.0,1.0,1.0,1.0,1.0,128.0,16.0,1.0,5.0,3.0,5.0,3.0,2.0,6.0,6.0,3.0,4.0,2.0,5.0,2.0,6.0,5.0,2.0,2.0,3.0,3.0,1.0,1.0,1.0,6.0,1536.0,1.0,1.0,1.0,1.0,64.0,16.0,1.0,1359740937.0,158198400.0,7831020.0,0.0833165,18.0,10.0,112.0,2.151088406479008e+17,17.9649,17.9649,10.0,112.0
128000.0,16000.0,256.0,64.0,1.0,30.0,18.0,28.0,4.0,6.0,2.0,4.0,3.0,2.0,6.0,3.0,1.0,3.0,1.0,5.0,4.0,6.0,4.0,6.0,4.0,3.0,2.0,6.0,2.0,1.0,2.0,1.0,256.0,1024.0,1.0,4.0,8.0,1.0,1.0,1.0,1.0,32.0,2.0,1.0,2.0,2.0,5.0,3.0,5.0,1.0,3.0,5.0,2.0,6.0,6.0,6.0,5.0,5.0,6.0,3.0,5.0,5.0,16.0,1.0,1.0,4.0,48.0,1.0,1.0,1.0,1.0,4.0,64.0,1.0,876085257.0,147280440.0,11911200.0,0.12616800000000003,28.0,10.0,172.0,1.2903022212847309e+17,27.815477777777776,27.815477777777776,10.0,172.0
256.0,8192000.0,256.0,64.0,1.0,46.0,12.0,38.0,4.0,6.0,4.0,4.0,6.0,6.0,4.0,4.0,1.0,5.0,3.0,2.0,1.0,1.0,1.0,5.0,2.0,1.0,3.0,4.0,5.0,3.0,1.0,1.0,64.0,64.0,1.0,512.0,2048.0,1.0,1.0,1.0,1.0,4.0,64.0,1.0,4.0,4.0,3.0,6.0,5.0,1.0,4.0,2.0,5.0,4.0,4.0,1.0,3.0,5.0,4.0,4.0,5.0,3.0,128.0,16.0,1.0,32.0,4.0,1.0,1.0,1.0,1.0,5.0,5.0,1.0,644087817.0,192890220.0,16093200.0,0.16927899999999999,38.0,10.0,232.0,1.2423824072044974e+17,37.9259,37.9259,10.0,232.0
16000.0,8192000.0,256.0,64.0,3.0,16.0,10.0,8.0,1.0,1.0,6.0,1.0,2.0,3.0,3.0,2.0,4.0,1.0,5.0,1.0,3.0,5.0,3.0,6.0,1.0,4.0,3.0,2.0,4.0,4.0,5.0,1.0,16.0,2.0,1.0,2.0,4.0,1.0,1.0,1.0,1.0,64.0,1.0,1.0,2.0,3.0,5.0,3.0,6.0,1.0,1.0,4.0,4.0,5.0,2.0,3.0,4.0,3.0,1.0,6.0,6.0,4.0,1.0,2048.0,1.0,1.0,64.0,1.0,1.0,1.0,1.0,160.0,4.0,1.0,29998720724.0,37363236.0,1328030000.0,7.980345555555556,1280.0,10.0,937984.0,1.1208492821089029e+18,1.0,0.061788,10.0,522296.8888888889
1024.0,8192000.0,256.0,64.0,2.0,8.0,12.0,48.0,5.0,5.0,6.0,3.0,6.0,3.0,2.0,5.0,3.0,6.0,3.0,1.0,3.0,6.0,5.0,1.0,1.0,3.0,2.0,2.0,1.0,1.0,5.0,1.0,4096.0,16.0,1.0,2.0,32.0,1.0,1.0,1.0,1.0,8.0,4.0,1.0,2.0,3.0,6.0,2.0,1.0,1.0,6.0,4.0,6.0,1.0,2.0,4.0,4.0,2.0,1.0,2.0,1.0,4.0,64.0,8.0,1.0,96.0,96.0,1.0,1.0,1.0,1.0,4.0,160.0,1.0,24467734552.0,55319190.0,391332000.0,2.6107388888888887,576.0,10.0,2368.0,1.3535352565516529e+18,1.0,0.2942077777777778,10.0,1408.0
512000.0,512000.0,256.0,64.0,1.0,32.0,46.0,28.0,5.0,2.0,3.0,5.0,5.0,1.0,1.0,6.0,6.0,4.0,4.0,3.0,3.0,1.0,6.0,4.0,4.0,2.0,1.0,1.0,1.0,1.0,6.0,2.0,1.0,16.0,1.0,2048.0,16.0,1.0,1.0,1.0,1.0,2.0,1.0,1.0,1.0,2.0,3.0,2.0,2.0,4.0,2.0,6.0,3.0,4.0,2.0,3.0,2.0,1.0,5.0,4.0,6.0,6.0,4096.0,16.0,1.0,384.0,24.0,1.0,1.0,1.0,1.0,8.0,80.0,1.0,876675081.0,108851560.0,11911200.0,0.12616800000000003,28.0,10.0,172.0,9.542745017997635e+16,27.8639,20.032333333333334,10.0,172.0
8192.0,4096000.0,256.0,64.0,2.0,2.0,18.0,28.0,4.0,1.0,5.0,2.0,3.0,1.0,5.0,1.0,4.0,6.0,5.0,2.0,5.0,3.0,2.0,4.0,3.0,1.0,2.0,2.0,4.0,4.0,3.0,3.0,2048.0,2.0,1.0,512.0,1.0,1.0,1.0,1.0,1.0,32.0,128.0,1.0,6.0,5.0,5.0,3.0,1.0,2.0,1.0,1.0,6.0,3.0,6.0,3.0,4.0,4.0,2.0,4.0,4.0,1.0,512.0,32.0,1.0,384.0,3072.0,1.0,1.0,1.0,1.0,40.0,80.0,1.0,3472924941.0,46840620.0,324022000.0,2.376176666666667,504.0,10.0,57856.0,1.6267395744990342e+17,9.777777777777779,0.7086968888888889,10.0,32229.333333333332
128000.0,256000.0,256.0,64.0,2.0,32.0,28.0,22.0,6.0,5.0,5.0,1.0,1.0,1.0,2.0,3.0,3.0,3.0,5.0,5.0,6.0,4.0,3.0,1.0,2.0,1.0,1.0,1.0,2.0,2.0,5.0,5.0,64.0,2.0,1.0,64.0,32.0,1.0,1.0,1.0,1.0,4.0,4.0,1.0,3.0,6.0,6.0,4.0,3.0,3.0,5.0,3.0,4.0,4.0,3.0,2.0,3.0,4.0,2.0,2.0,2.0,5.0,128.0,16.0,1.0,1.0,12.0,1.0,1.0,1.0,1.0,20.0,320.0,1.0,807682233.0,37936583.0,431015000.0,2.839942222222222,616.0,10.0,18856.0,3.064070406982984e+16,211.02711111111108,7.80351111111111,10.0,12381.333333333334
128000.0,128000.0,256.0,64.0,2.0,8.0,38.0,16.0,6.0,2.0,4.0,6.0,4.0,1.0,1.0,4.0,1.0,4.0,5.0,4.0,2.0,3.0,2.0,2.0,1.0,4.0,1.0,3.0,3.0,4.0,5.0,6.0,2.0,64.0,1.0,256.0,4.0,1.0,1.0,1.0,1.0,32.0,32.0,1.0,2.0,6.0,3.0,5.0,5.0,3.0,3.0,4.0,5.0,6.0,2.0,2.0,6.0,5.0,6.0,5.0,6.0,1.0,2.0,1.0,1.0,8.0,64.0,1.0,1.0,1.0,1.0,2.0,1.0,1.0,582598666.0,97280860.0,422947000.0,2.7691488888888895,608.0,10.0,5728.0,5.667569926333276e+16,290.76550000000003,77.51805555555555,10.0,2985.777777777778
32000.0,16000.0,256.0,64.0,3.0,24.0,34.0,38.0,5.0,5.0,1.0,5.0,4.0,3.0,6.0,2.0,1.0,2.0,1.0,5.0,3.0,3.0,3.0,1.0,6.0,6.0,2.0,6.0,6.0,6.0,1.0,6.0,1.0,16.0,1.0,64.0,256.0,1.0,1.0,1.0,1.0,1.0,16.0,1.0,5.0,5.0,2.0,6.0,5.0,5.0,2.0,5.0,1.0,4.0,4.0,5.0,3.0,3.0,2.0,2.0,6.0,4.0,8.0,8.0,1.0,32.0,2.0,1.0,1.0,1.0,1.0,32.0,40.0,1.0,64752736.0,35059438.0,501910000000.0,553.7906666666667,31008.0,10.0,217088.0,2270194533122368.0,3351.2737333333334,49.74800444444445,10.0,113265.77777777778
128000.0,8192000.0,256.0,64.0,2.0,30.0,34.0,16.0,3.0,1.0,6.0,3.0,2.0,1.0,6.0,5.0,6.0,2.0,6.0,2.0,6.0,5.0,3.0,6.0,3.0,5.0,6.0,4.0,3.0,1.0,1.0,4.0,64.0,32.0,1.0,1024.0,16.0,1.0,1.0,1.0,1.0,8.0,8.0,1.0,2.0,1.0,2.0,3.0,1.0,5.0,5.0,3.0,5.0,2.0,4.0,6.0,5.0,4.0,1.0,4.0,1.0,4.0,1024.0,1.0,1.0,3072.0,3.0,1.0,1.0,1.0,1.0,1.0,8.0,1.0,23757586449.0,152122571.0,360762000.0,2.4565955555555554,544.0,10.0,1792.0,3.6140651313766405e+18,7.666666666666667,1.3585861111111113,10.0,808.6666666666666
2048.0,4096000.0,256.0,64.0,2.0,16.0,44.0,18.0,1.0,1.0,2.0,5.0,4.0,4.0,1.0,4.0,5.0,2.0,4.0,2.0,6.0,1.0,5.0,1.0,6.0,3.0,4.0,1.0,5.0,4.0,2.0,3.0,1.0,64.0,1.0,2048.0,8.0,1.0,1.0,1.0,1.0,32.0,64.0,1.0,5.0,3.0,4.0,1.0,4.0,3.0,6.0,6.0,5.0,3.0,6.0,4.0,3.0,4.0,4.0,3.0,4.0,1.0,64.0,4.0,1.0,1.0,64.0,1.0,1.0,1.0,1.0,8.0,20.0,1.0,1596981282.0,72391180.0,624982000.0,3.665525555555556,792.0,10.0,3208.0,1.1560735944189277e+17,24.0,7.1631688888888885,10.0,2813.3333333333335
1024.0,128000.0,256.0,64.0,2.0,4.0,36.0,48.0,3.0,5.0,5.0,1.0,6.0,2.0,4.0,4.0,2.0,2.0,3.0,1.0,6.0,2.0,2.0,4.0,4.0,5.0,5.0,5.0,2.0,2.0,5.0,1.0,512.0,64.0,1.0,4.0,4.0,1.0,1.0,1.0,1.0,32.0,2.0,1.0,1.0,4.0,2.0,1.0,4.0,3.0,6.0,5.0,5.0,4.0,3.0,4.0,3.0,1.0,1.0,3.0,4.0,4.0,1.0,4096.0,1.0,8.0,3072.0,1.0,1.0,1.0,1.0,16.0,160.0,1.0,3755999245.0,139717630.0,2186960000.0,8.679753333333334,1728.0,10.0,784.0,5.247793127931894e+17,6.222222222222222,5.06417,10.0,517.3333333333334
256.0,4096000.0,256.0,64.0,3.0,46.0,46.0,38.0,3.0,4.0,2.0,2.0,3.0,1.0,5.0,4.0,3.0,1.0,5.0,2.0,1.0,5.0,3.0,3.0,6.0,6.0,5.0,4.0,6.0,4.0,4.0,5.0,1.0,1024.0,1.0,1024.0,64.0,1.0,1.0,1.0,1.0,128.0,1.0,1.0,3.0,4.0,2.0,6.0,2.0,6.0,4.0,6.0,2.0,3.0,6.0,4.0,6.0,4.0,5.0,5.0,4.0,4.0,2.0,512.0,1.0,768.0,48.0,1.0,1.0,1.0,1.0,5.0,40.0,1.0,166894416.0,34312079.2,3325760000000.0,3189.0266666666666,80408.0,10.0,4718592.0,5726494419829748.0,134.3898888888889,2.2465277777777777,10.0,3969934.222222222
128.0,512000.0,256.0,64.0,1.0,38.0,30.0,26.0,3.0,4.0,5.0,1.0,4.0,1.0,3.0,4.0,6.0,3.0,3.0,3.0,2.0,2.0,6.0,5.0,1.0,1.0,4.0,6.0,6.0,4.0,6.0,6.0,64.0,4.0,1.0,128.0,2048.0,1.0,1.0,1.0,1.0,8.0,16.0,1.0,5.0,2.0,2.0,6.0,2.0,1.0,3.0,3.0,4.0,1.0,5.0,2.0,2.0,5.0,5.0,6.0,6.0,5.0,512.0,2048.0,1.0,24.0,128.0,1.0,1.0,1.0,1.0,16.0,160.0,1.0,24427626505.0,303869400.0,11087000.0,0.11704099999999999,26.0,10.0,10.0,7.422808209498447e+18,1.0,1.2811822222222224,10.0,10.0
512000.0,128000.0,256.0,64.0,3.0,6.0,14.0,22.0,6.0,2.0,3.0,6.0,3.0,6.0,2.0,6.0,3.0,4.0,3.0,6.0,6.0,5.0,5.0,5.0,2.0,3.0,2.0,6.0,2.0,6.0,6.0,3.0,64.0,512.0,1.0,256.0,2.0,1.0,1.0,1.0,1.0,1.0,32.0,1.0,1.0,3.0,1.0,6.0,1.0,3.0,6.0,4.0,4.0,5.0,2.0,5.0,2.0,3.0,5.0,3.0,1.0,1.0,4.0,4.0,1.0,96.0,24.0,1.0,1.0,1.0,1.0,8.0,16.0,1.0,1818492343.0,42658747.0,2451980000.0,12.131877777777778,1848.0,10.0,1785856.0,7.757460478147422e+16,20.875888888888888,0.6853122222222222,10.0,798407.1111111111
256.0,8192000.0,256.0,64.0,2.0,20.0,6.0,24.0,5.0,3.0,2.0,3.0,6.0,5.0,2.0,4.0,6.0,5.0,2.0,3.0,6.0,2.0,4.0,4.0,1.0,6.0,4.0,3.0,1.0,3.0,5.0,5.0,4.0,4.0,1.0,32.0,2048.0,1.0,1.0,1.0,1.0,4.0,32.0,1.0,6.0,3.0,6.0,2.0,1.0,4.0,4.0,4.0,6.0,4.0,2.0,6.0,4.0,2.0,5.0,3.0,1.0,1.0,64.0,256.0,1.0,1024.0,8.0,1.0,1.0,1.0,1.0,80.0,5.0,1.0,2033713176.0,54527430.0,66689300.0,0.632824,144.0,10.0,1744.0,1.1089315284441768e+17,13.629611111111112,1.924097555555556,10.0,1210.6666666666667
512.0,8192000.0,256.0,64.0,2.0,38.0,40.0,6.0,2.0,1.0,6.0,1.0,4.0,5.0,1.0,3.0,4.0,6.0,1.0,5.0,6.0,5.0,5.0,6.0,5.0,1.0,5.0,1.0,5.0,6.0,1.0,3.0,16.0,8.0,1.0,2048.0,32.0,1.0,1.0,1.0,1.0,32.0,8.0,1.0,4.0,6.0,5.0,6.0,6.0,5.0,4.0,6.0,3.0,5.0,1.0,4.0,3.0,4.0,2.0,1.0,4.0,4.0,4096.0,1.0,1.0,256.0,128.0,1.0,1.0,1.0,1.0,64.0,80.0,1.0,24432181261.0,125097470.0,122396000.0,1.0878033333333332,240.0,10.0,16768.0,3.0564040623325097e+18,1.0,0.611020888888889,10.0,9827.555555555555
256.0,16000000.0,256.0,64.0,3.0,4.0,44.0,6.0,1.0,1.0,4.0,1.0,6.0,6.0,6.0,3.0,4.0,5.0,6.0,6.0,6.0,3.0,2.0,3.0,2.0,3.0,6.0,2.0,4.0,3.0,3.0,6.0,128.0,1.0,1.0,256.0,2.0,1.0,1.0,1.0,1.0,8.0,1.0,1.0,5.0,3.0,5.0,2.0,4.0,4.0,1.0,5.0,5.0,2.0,1.0,3.0,1.0,4.0,3.0,2.0,3.0,5.0,128.0,1.0,1.0,64.0,512.0,1.0,1.0,1.0,1.0,320.0,40.0,1.0,25509252592.0,35339149.0,975188000.0,6.14079,1056.0,10.0,540672.0,9.014752782273242e+17,1.0,0.042064538888888885,10.0,332231.1111111111
1024000.0,16000000.0,256.0,64.0,3.0,42.0,2.0,14.0,5.0,5.0,2.0,4.0,1.0,5.0,6.0,2.0,6.0,6.0,2.0,3.0,4.0,6.0,1.0,1.0,2.0,4.0,2.0,6.0,2.0,2.0,4.0,3.0,1.0,128.0,1.0,1024.0,512.0,1.0,1.0,1.0,1.0,16.0,2.0,1.0,6.0,6.0,3.0,2.0,3.0,5.0,6.0,3.0,3.0,2.0,6.0,1.0,2.0,5.0,3.0,3.0,5.0,1.0,8.0,2048.0,1.0,32.0,1024.0,1.0,1.0,1.0,1.0,10.0,160.0,1.0,5102466970.0,33070742.0,1158820000.0,37.95552222222222,1176.0,10.0,10027008.0,1.6874236872839174e+17,30.666666666666668,0.9444444444444444,10.0,9371648.0
512000.0,2048000.0,256.0,64.0,3.0,20.0,32.0,10.0,3.0,6.0,5.0,1.0,4.0,4.0,2.0,6.0,3.0,6.0,6.0,3.0,4.0,1.0,3.0,6.0,1.0,3.0,6.0,4.0,2.0,3.0,6.0,5.0,4.0,128.0,1.0,512.0,256.0,1.0,1.0,1.0,1.0,2.0,32.0,1.0,6.0,1.0,6.0,5.0,4.0,1.0,3.0,6.0,3.0,5.0,2.0,3.0,6.0,1.0,5.0,4.0,3.0,1.0,256.0,4096.0,1.0,3.0,32.0,1.0,1.0,1.0,1.0,40.0,5.0,1.0,2123186432.0,34651010.0,23336100000.0,56.96715555555556,6400.0,10.0,5621760.0,7.357055428709632e+16,12.444444444444445,0.22916666666666666,10.0,3403548.4444444445
16000.0,16000000.0,256.0,64.0,3.0,26.0,24.0,2.0,2.0,5.0,3.0,5.0,1.0,1.0,6.0,5.0,1.0,5.0,4.0,5.0,2.0,5.0,3.0,6.0,4.0,3.0,6.0,3.0,2.0,5.0,3.0,2.0,1.0,2048.0,1.0,128.0,128.0,1.0,1.0,1.0,1.0,16.0,1.0,1.0,5.0,5.0,2.0,6.0,2.0,3.0,6.0,6.0,5.0,6.0,6.0,6.0,6.0,4.0,5.0,1.0,5.0,4.0,2.0,256.0,1.0,1024.0,1.0,1.0,1.0,1.0,1.0,5.0,16.0,1.0,2340635856.0,36033561.5,1275290000.0,22.219844444444448,1248.0,10.0,8515584.0,8.434144606628115e+16,63.55555555555556,0.6059027777777779,10.0,4699477.333333333
64000.0,32000.0,256.0,64.0,2.0,32.0,18.0,4.0,5.0,4.0,2.0,1.0,6.0,1.0,4.0,2.0,5.0,5.0,2.0,5.0,2.0,5.0,6.0,5.0,4.0,1.0,2.0,1.0,1.0,4.0,3.0,5.0,8.0,1024.0,1.0,512.0,16.0,1.0,1.0,1.0,1.0,8.0,8.0,1.0,3.0,4.0,3.0,5.0,4.0,5.0,6.0,1.0,3.0,2.0,1.0,2.0,6.0,3.0,4.0,5.0,5.0,3.0,8.0,1.0,1.0,6.0,32.0,1.0,1.0,1.0,1.0,8.0,20.0,1.0,21630025737.0,135764830.0,31074600.0,0.3162261111111111,72.0,10.0,640.0,2.9365967670794296e+18,2.3333333333333335,0.8760364444444444,10.0,353.3333333333333
128000.0,32000000.0,256.0,64.0,1.0,16.0,42.0,32.0,4.0,3.0,6.0,6.0,1.0,6.0,6.0,3.0,6.0,1.0,4.0,2.0,1.0,4.0,6.0,5.0,1.0,3.0,2.0,5.0,1.0,1.0,3.0,2.0,4096.0,1.0,1.0,2048.0,32.0,1.0,1.0,1.0,1.0,4.0,4.0,1.0,3.0,4.0,1.0,2.0,6.0,2.0,5.0,4.0,4.0,5.0,6.0,3.0,5.0,5.0,5.0,1.0,2.0,6.0,32.0,2.0,1.0,1024.0,32.0,1.0,1.0,1.0,1.0,8.0,80.0,1.0,24427626505.0,256622400.0,13571700.0,0.14276,32.0,10.0,10.0,6.268676140016712e+18,1.0,1.0034711111111112,10.0,10.0
512.0,128000.0,256.0,64.0,2.0,4.0,20.0,42.0,5.0,6.0,4.0,3.0,5.0,3.0,1.0,6.0,6.0,5.0,5.0,2.0,1.0,4.0,1.0,2.0,6.0,2.0,5.0,3.0,1.0,4.0,4.0,1.0,1024.0,4.0,1.0,8.0,512.0,1.0,1.0,1.0,1.0,8.0,16.0,1.0,6.0,3.0,3.0,4.0,4.0,3.0,3.0,5.0,2.0,2.0,3.0,6.0,5.0,3.0,5.0,3.0,1.0,5.0,4.0,16.0,1.0,16.0,1024.0,1.0,1.0,1.0,1.0,80.0,80.0,1.0,317726767.0,61340940.0,683368000.0,4.004943333333333,840.0,10.0,54400.0,1.948965855094098e+16,77.67519999999999,19.27568888888889,10.0,31957.333333333332
64000.0,128000.0,256.0,64.0,3.0,4.0,34.0,8.0,3.0,1.0,1.0,4.0,2.0,1.0,2.0,3.0,3.0,3.0,3.0,5.0,5.0,4.0,1.0,3.0,4.0,3.0,3.0,3.0,5.0,4.0,1.0,2.0,16.0,4.0,1.0,1024.0,128.0,1.0,1.0,1.0,1.0,128.0,4.0,1.0,6.0,4.0,4.0,5.0,3.0,3.0,5.0,5.0,6.0,5.0,4.0,1.0,6.0,1.0,2.0,4.0,6.0,4.0,4096.0,32.0,1.0,2.0,64.0,1.0,1.0,1.0,1.0,8.0,4.0,1.0,1232255712.0,36191381.0,1022480000.0,7.134677777777779,1088.0,10.0,790528.0,4.459703596241827e+16,72.88888888888889,2.3003473333333333,10.0,572074.6666666666
256000.0,512000.0,256.0,64.0,1.0,8.0,32.0,30.0,6.0,4.0,1.0,5.0,2.0,1.0,4.0,4.0,6.0,4.0,3.0,2.0,6.0,4.0,4.0,2.0,6.0,6.0,3.0,4.0,2.0,4.0,6.0,1.0,256.0,4096.0,1.0,2.0,32.0,1.0,1.0,1.0,1.0,1.0,8.0,1.0,3.0,5.0,1.0,5.0,2.0,5.0,6.0,3.0,2.0,5.0,3.0,6.0,3.0,6.0,6.0,1.0,3.0,2.0,128.0,1.0,1.0,64.0,2.0,1.0,1.0,1.0,1.0,5.0,10.0,1.0,817037321.0,165935240.0,12739400.0,0.134783,30.0,10.0,184.0,1.3557528394909203e+17,29.8978,36.5435,10.0,184.0
256.0,512000.0,256.0,64.0,2.0,12.0,42.0,32.0,3.0,4.0,2.0,2.0,1.0,4.0,1.0,5.0,4.0,1.0,4.0,5.0,6.0,3.0,2.0,1.0,1.0,2.0,1.0,3.0,5.0,6.0,1.0,4.0,256.0,4096.0,1.0,16.0,8.0,1.0,1.0,1.0,1.0,32.0,4.0,1.0,6.0,3.0,4.0,1.0,3.0,6.0,5.0,6.0,1.0,2.0,5.0,5.0,4.0,1.0,6.0,3.0,3.0,1.0,32.0,1.0,1.0,1536.0,24.0,1.0,1.0,1.0,1.0,5.0,40.0,1.0,751844708.0,118859667.0,1438150000.0,6.81898,1344.0,10.0,176768.0,8.936401162859224e+16,34.031733333333335,17.825525777777777,10.0,85289.11111111111
512000.0,32000000.0,256.0,64.0,1.0,46.0,10.0,40.0,6.0,5.0,1.0,6.0,5.0,3.0,5.0,3.0,5.0,2.0,4.0,5.0,5.0,1.0,3.0,3.0,2.0,3.0,6.0,5.0,3.0,6.0,6.0,1.0,2048.0,256.0,1.0,256.0,4.0,1.0,1.0,1.0,1.0,4.0,64.0,1.0,4.0,3.0,2.0,6.0,2.0,3.0,4.0,4.0,1.0,3.0,5.0,4.0,4.0,2.0,2.0,6.0,2.0,5.0,4096.0,2.0,1.0,192.0,384.0,1.0,1.0,1.0,1.0,4.0,8.0,1.0,614268937.0,97868300.0,16941900.0,0.177911,40.0,10.0,244.0,6.01174566069971e+16,39.767,19.895066666666665,10.0,244.0
512000.0,16000000.0,256.0,64.0,1.0,46.0,34.0,40.0,5.0,5.0,1.0,1.0,3.0,3.0,2.0,4.0,1.0,5.0,6.0,6.0,4.0,6.0,4.0,2.0,1.0,6.0,6.0,3.0,1.0,3.0,4.0,1.0,2048.0,128.0,1.0,2048.0,32.0,1.0,1.0,1.0,1.0,2.0,32.0,1.0,6.0,4.0,4.0,1.0,3.0,2.0,6.0,6.0,1.0,4.0,5.0,1.0,5.0,3.0,3.0,3.0,4.0,4.0,2048.0,8.0,1.0,96.0,24.0,1.0,1.0,1.0,1.0,5.0,5.0,1.0,614268937.0,154381080.0,16941900.0,0.177911,40.0,10.0,244.0,9.483150190451197e+16,39.767,39.56004444444445,10.0,244.0
512.0,128000.0,256.0,64.0,2.0,4.0,42.0,4.0,1.0,5.0,5.0,3.0,6.0,5.0,3.0,1.0,6.0,3.0,5.0,3.0,6.0,5.0,6.0,1.0,4.0,1.0,5.0,4.0,1.0,3.0,6.0,4.0,2048.0,4096.0,1.0,2048.0,512.0,1.0,1.0,1.0,1.0,2.0,4.0,1.0,5.0,5.0,2.0,5.0,3.0,4.0,3.0,5.0,5.0,1.0,2.0,3.0,6.0,1.0,6.0,6.0,4.0,1.0,4096.0,1.0,1.0,6.0,3072.0,1.0,1.0,1.0,1.0,1.0,16.0,1.0,9462368325.0,134048201.0,79953900.0,3.965616111111111,168.0,10.0,2107392.0,1.2684134511656333e+18,3.4444444444444446,1.3472222222222223,10.0,936640.8888888889
512.0,64000.0,256.0,64.0,2.0,14.0,28.0,20.0,4.0,4.0,3.0,6.0,5.0,1.0,1.0,5.0,3.0,5.0,2.0,6.0,6.0,6.0,5.0,2.0,2.0,4.0,4.0,1.0,2.0,5.0,4.0,6.0,512.0,128.0,1.0,2.0,1024.0,1.0,1.0,1.0,1.0,2.0,64.0,1.0,3.0,6.0,4.0,1.0,6.0,4.0,2.0,2.0,5.0,4.0,4.0,6.0,6.0,5.0,2.0,3.0,2.0,1.0,1.0,8.0,1.0,192.0,8.0,1.0,1.0,1.0,1.0,5.0,160.0,1.0,1169031289.0,124993580.0,375918000.0,2.5577022222222223,560.0,10.0,15072.0,1.461214059441246e+17,21.3333,14.300168888888887,10.0,8107.555555555556
128000.0,256000.0,256.0,64.0,1.0,6.0,4.0,28.0,3.0,3.0,1.0,5.0,5.0,4.0,1.0,4.0,6.0,3.0,2.0,5.0,6.0,1.0,6.0,6.0,4.0,2.0,1.0,6.0,4.0,3.0,4.0,6.0,128.0,4.0,1.0,1.0,128.0,1.0,1.0,1.0,1.0,8.0,1.0,1.0,3.0,4.0,5.0,6.0,6.0,4.0,4.0,1.0,5.0,3.0,1.0,3.0,5.0,1.0,2.0,6.0,6.0,1.0,128.0,1.0,1.0,48.0,12.0,1.0,1.0,1.0,1.0,160.0,2.0,1.0,956301321.0,165066100.0,11911200.0,0.126354,28.0,10.0,226.0,1.578529294823181e+17,24.2963,24.518533333333334,10.0,226.0
32000.0,512000.0,256.0,64.0,3.0,12.0,44.0,30.0,1.0,3.0,2.0,5.0,4.0,6.0,3.0,3.0,6.0,4.0,5.0,1.0,5.0,3.0,4.0,5.0,5.0,2.0,6.0,3.0,2.0,4.0,2.0,6.0,32.0,1.0,1.0,64.0,1024.0,1.0,1.0,1.0,1.0,128.0,32.0,1.0,1.0,4.0,1.0,3.0,2.0,6.0,2.0,4.0,3.0,2.0,6.0,6.0,1.0,2.0,4.0,2.0,3.0,3.0,2.0,32.0,1.0,32.0,4.0,1.0,1.0,1.0,1.0,80.0,5.0,1.0,2364262022.0,39445693.0,133956000000.0,177.974,15840.0,10.0,335872.0,9.325995389137125e+16,10.666666666666666,0.430513,10.0,156103.11111111112
1024.0,128000.0,256.0,64.0,1.0,40.0,12.0,42.0,1.0,4.0,5.0,2.0,1.0,6.0,2.0,4.0,6.0,4.0,1.0,3.0,4.0,4.0,4.0,2.0,2.0,6.0,2.0,6.0,6.0,4.0,3.0,1.0,16.0,4.0,1.0,1.0,8.0,1.0,1.0,1.0,1.0,1.0,32.0,1.0,3.0,6.0,2.0,4.0,1.0,5.0,5.0,3.0,6.0,5.0,5.0,6.0,3.0,3.0,4.0,2.0,5.0,5.0,8.0,2.0,1.0,24.0,256.0,1.0,1.0,1.0,1.0,32.0,1.0,1.0,24427626505.0,266485200.0,17794600.0,0.185699,42.0,10.0,10.0,6.509600934710226e+18,1.0,1.2221688888888889,10.0,10.0
256000.0,16000.0,256.0,64.0,3.0,32.0,36.0,4.0,3.0,1.0,2.0,2.0,6.0,1.0,2.0,6.0,3.0,2.0,1.0,4.0,5.0,2.0,4.0,5.0,3.0,5.0,4.0,1.0,4.0,5.0,4.0,6.0,16.0,32.0,1.0,128.0,128.0,1.0,1.0,1.0,1.0,1.0,1.0,1.0,5.0,5.0,5.0,4.0,3.0,4.0,1.0,3.0,3.0,2.0,4.0,2.0,5.0,6.0,1.0,3.0,1.0,6.0,2048.0,32.0,1.0,16.0,6.0,1.0,1.0,1.0,1.0,160.0,10.0,1.0,2786718660.0,36102800.0,12593700000.0,30.35081111111111,4608.0,10.0,726016.0,1.00608346438248e+17,18.666666666666668,0.6447638666666666,10.0,407267.55555555556
128000.0,256000.0,256.0,64.0,2.0,14.0,8.0,2.0,3.0,3.0,6.0,2.0,3.0,3.0,2.0,1.0,4.0,1.0,6.0,1.0,4.0,4.0,6.0,6.0,2.0,2.0,3.0,4.0,6.0,2.0,2.0,6.0,1024.0,1024.0,1.0,2048.0,2.0,1.0,1.0,1.0,1.0,2.0,8.0,1.0,2.0,4.0,2.0,1.0,4.0,6.0,3.0,1.0,3.0,2.0,5.0,1.0,3.0,1.0,3.0,6.0,1.0,3.0,512.0,128.0,1.0,1024.0,8.0,1.0,1.0,1.0,1.0,20.0,20.0,1.0,12215844998.0,47340780.0,7028060.0,0.10133655555555555,16.0,10.0,8200.0,5.783076305644184e+17,2.0,0.5003116666666666,10.0,7804.444444444444
512000.0,32000.0,256.0,64.0,1.0,6.0,10.0,14.0,4.0,4.0,6.0,1.0,2.0,2.0,5.0,3.0,3.0,2.0,5.0,1.0,6.0,5.0,6.0,3.0,3.0,4.0,5.0,1.0,3.0,6.0,5.0,3.0,2.0,8.0,1.0,16.0,1.0,1.0,1.0,1.0,1.0,1.0,8.0,1.0,4.0,3.0,6.0,4.0,3.0,4.0,1.0,6.0,1.0,1.0,1.0,2.0,5.0,2.0,2.0,2.0,2.0,4.0,16.0,256.0,1.0,3072.0,384.0,1.0,1.0,1.0,1.0,64.0,40.0,1.0,24427626505.0,246454080.0,6227490.0,0.0659263,14.0,10.0,10.0,6.02028821687339e+18,1.0,1.0001066666666665,10.0,10.0
512.0,16000000.0,256.0,64.0,3.0,26.0,32.0,2.0,6.0,2.0,1.0,3.0,5.0,4.0,2.0,4.0,6.0,1.0,2.0,2.0,4.0,6.0,3.0,5.0,6.0,1.0,2.0,5.0,3.0,2.0,6.0,5.0,4.0,128.0,1.0,64.0,4.0,1.0,1.0,1.0,1.0,32.0,4.0,1.0,1.0,2.0,1.0,3.0,4.0,2.0,3.0,3.0,2.0,5.0,3.0,6.0,4.0,4.0,5.0,1.0,3.0,1.0,4096.0,1024.0,1.0,1.0,384.0,1.0,1.0,1.0,1.0,8.0,5.0,1.0,20410279936.0,42592130.0,2052050000.0,15.462866666666669,1664.0,10.0,3217408.0,8.693172963705037e+17,7.666666666666667,0.19618066666666667,10.0,2073258.6666666667
1024000.0,32000000.0,256.0,64.0,2.0,26.0,12.0,36.0,1.0,5.0,3.0,2.0,2.0,2.0,6.0,6.0,2.0,2.0,3.0,2.0,2.0,5.0,5.0,2.0,4.0,2.0,4.0,1.0,4.0,3.0,6.0,3.0,32.0,2.0,1.0,256.0,16.0,1.0,1.0,1.0,1.0,32.0,32.0,1.0,4.0,3.0,4.0,4.0,6.0,6.0,1.0,1.0,3.0,1.0,4.0,3.0,3.0,4.0,1.0,1.0,1.0,5.0,16.0,4.0,1.0,384.0,32.0,1.0,1.0,1.0,1.0,5.0,64.0,1.0,2049802283.0,63507640.0,261985000.0,1.9621755555555553,432.0,10.0,13184.0,1.3017810545994211e+17,11.8384,4.247363333333333,10.0,9721.777777777777
4096.0,1024000.0,256.0,64.0,1.0,28.0,2.0,40.0,5.0,1.0,4.0,4.0,5.0,6.0,1.0,6.0,6.0,5.0,1.0,4.0,2.0,3.0,3.0,3.0,6.0,6.0,3.0,1.0,4.0,2.0,1.0,1.0,2.0,1024.0,1.0,2048.0,512.0,1.0,1.0,1.0,1.0,1.0,32.0,1.0,2.0,2.0,1.0,2.0,4.0,3.0,6.0,2.0,5.0,6.0,6.0,1.0,3.0,1.0,4.0,2.0,5.0,6.0,256.0,2.0,1.0,384.0,2.0,1.0,1.0,1.0,1.0,4.0,2.0,1.0,24427626505.0,199781280.0,16941800.0,0.177104,40.0,10.0,10.0,4.880182490530826e+18,1.0,1.0,10.0,10.0
128000.0,16000.0,256.0,64.0,2.0,46.0,4.0,2.0,5.0,4.0,6.0,2.0,4.0,3.0,6.0,6.0,3.0,4.0,6.0,4.0,1.0,3.0,2.0,2.0,6.0,1.0,3.0,3.0,5.0,5.0,4.0,5.0,4096.0,512.0,1.0,2048.0,32.0,1.0,1.0,1.0,1.0,32.0,2.0,1.0,6.0,2.0,6.0,3.0,3.0,2.0,3.0,1.0,5.0,6.0,4.0,3.0,1.0,5.0,1.0,6.0,5.0,5.0,2048.0,16.0,1.0,128.0,64.0,1.0,1.0,1.0,1.0,160.0,1.0,1.0,12223775017.0,93042280.0,3856420.0,0.0984537222222222,8.0,10.0,34944.0,1.1373278977887187e+18,2.0,0.972731888888889,10.0,16846.222222222223
512.0,16000.0,256.0,64.0,3.0,30.0,12.0,8.0,4.0,6.0,1.0,4.0,1.0,6.0,2.0,3.0,3.0,6.0,5.0,6.0,2.0,1.0,5.0,3.0,3.0,3.0,5.0,3.0,3.0,3.0,1.0,1.0,32.0,128.0,1.0,8.0,1.0,1.0,1.0,1.0,1.0,4.0,1.0,1.0,6.0,4.0,2.0,6.0,4.0,2.0,4.0,3.0,2.0,6.0,6.0,4.0,2.0,2.0,4.0,4.0,5.0,1.0,32.0,32.0,1.0,16.0,1536.0,1.0,1.0,1.0,1.0,320.0,320.0,1.0,1279652656.0,38726240.0,5335310000.0,18.311933333333336,2880.0,10.0,1200128.0,4.955613587289344e+16,110.0248888888889,22.874904444444443,10.0,695352.8888888889
8192.0,4096000.0,256.0,64.0,3.0,26.0,8.0,44.0,6.0,6.0,6.0,5.0,3.0,5.0,2.0,4.0,5.0,5.0,2.0,2.0,4.0,5.0,5.0,6.0,4.0,5.0,2.0,4.0,1.0,5.0,6.0,1.0,2048.0,4096.0,1.0,128.0,512.0,1.0,1.0,1.0,1.0,32.0,1.0,1.0,6.0,4.0,4.0,6.0,5.0,5.0,6.0,5.0,1.0,5.0,1.0,2.0,5.0,4.0,4.0,2.0,1.0,6.0,512.0,1.0,1.0,96.0,1536.0,1.0,1.0,1.0,1.0,16.0,80.0,1.0,1388948896.0,33278030.0,46205900000.0,108.43182222222222,9152.0,10.0,13484032.0,4.622148302955488e+16,37.333333333333336,0.16666666666666666,10.0,9486336.0
4096.0,64000.0,256.0,64.0,3.0,12.0,46.0,26.0,6.0,5.0,6.0,2.0,5.0,6.0,1.0,4.0,4.0,5.0,3.0,6.0,5.0,2.0,3.0,2.0,1.0,4.0,4.0,3.0,1.0,6.0,3.0,1.0,128.0,32.0,1.0,64.0,2.0,1.0,1.0,1.0,1.0,128.0,128.0,1.0,3.0,6.0,4.0,5.0,5.0,2.0,6.0,4.0,3.0,2.0,4.0,1.0,2.0,2.0,2.0,3.0,4.0,1.0,512.0,32.0,1.0,96.0,6.0,1.0,1.0,1.0,1.0,160.0,16.0,1.0,2920136512.0,33062286.0,110489000000.0,156.41966666666664,14352.0,10.0,2127872.0,9.654638851878643e+16,9.1852,0.0954861111111111,10.0,1451576.888888889
128.0,16000000.0,256.0,64.0,2.0,24.0,24.0,10.0,5.0,6.0,1.0,4.0,2.0,6.0,5.0,2.0,6.0,5.0,1.0,5.0,1.0,2.0,6.0,4.0,4.0,6.0,3.0,4.0,1.0,5.0,4.0,3.0,16.0,4096.0,1.0,64.0,16.0,1.0,1.0,1.0,1.0,2.0,16.0,1.0,1.0,4.0,4.0,3.0,2.0,4.0,2.0,6.0,6.0,3.0,6.0,4.0,2.0,6.0,1.0,4.0,5.0,4.0,64.0,256.0,1.0,24.0,1024.0,1.0,1.0,1.0,1.0,160.0,5.0,1.0,1145561918.0,62925990.0,122402000.0,1.228771111111111,240.0,10.0,80128.0,7.208561779644882e+16,21.3333,7.115166666666667,10.0,50688.0
512000.0,4096000.0,256.0,64.0,2.0,20.0,10.0,22.0,1.0,1.0,2.0,4.0,5.0,6.0,5.0,6.0,5.0,3.0,1.0,6.0,5.0,5.0,2.0,3.0,3.0,4.0,6.0,6.0,4.0,4.0,5.0,4.0,64.0,512.0,1.0,256.0,4.0,1.0,1.0,1.0,1.0,1.0,32.0,1.0,2.0,2.0,3.0,6.0,6.0,1.0,3.0,4.0,3.0,6.0,6.0,1.0,5.0,3.0,6.0,5.0,2.0,1.0,4096.0,128.0,1.0,1024.0,1536.0,1.0,1.0,1.0,1.0,5.0,320.0,1.0,24436048407.0,56410020.0,110043000.0,1.490364,220.0,10.0,273664.0,1.3784379793598382e+18,1.0,0.2229453333333333,10.0,152384.0
512.0,128000.0,256.0,64.0,2.0,36.0,20.0,2.0,4.0,4.0,6.0,3.0,6.0,5.0,6.0,2.0,2.0,2.0,3.0,4.0,1.0,4.0,2.0,6.0,3.0,5.0,3.0,1.0,1.0,3.0,6.0,5.0,512.0,2.0,1.0,16.0,4.0,1.0,1.0,1.0,1.0,8.0,16.0,1.0,5.0,2.0,5.0,5.0,6.0,1.0,1.0,6.0,5.0,1.0,6.0,1.0,2.0,5.0,3.0,1.0,2.0,3.0,128.0,32.0,1.0,768.0,1.0,1.0,1.0,1.0,1.0,160.0,20.0,1.0,24526192659.0,144021310.0,16942000.0,0.17989377777777776,40.0,10.0,1384.0,3.5322943960615634e+18,1.0,0.774953111111111,10.0,818.6666666666666
1024000.0,16000.0,256.0,64.0,1.0,46.0,18.0,34.0,2.0,6.0,3.0,3.0,4.0,1.0,2.0,3.0,5.0,1.0,3.0,3.0,3.0,4.0,6.0,1.0,6.0,4.0,2.0,5.0,5.0,4.0,6.0,1.0,128.0,4.0,1.0,2048.0,128.0,1.0,1.0,1.0,1.0,32.0,128.0,1.0,1.0,6.0,3.0,3.0,2.0,2.0,2.0,4.0,6.0,6.0,6.0,2.0,2.0,1.0,1.0,1.0,6.0,2.0,16.0,1024.0,1.0,3.0,1.0,1.0,1.0,1.0,1.0,1.0,80.0,1.0,724303881.0,156438380.0,14408200.0,0.152024,34.0,10.0,208.0,1.1330892577135278e+17,33.67624444444444,33.67624444444444,10.0,208.0
4096.0,8192000.0,256.0,64.0,2.0,10.0,20.0,14.0,5.0,2.0,1.0,5.0,3.0,3.0,6.0,4.0,4.0,2.0,2.0,4.0,6.0,1.0,2.0,1.0,4.0,4.0,2.0,1.0,5.0,3.0,3.0,5.0,4.0,4.0,1.0,64.0,256.0,1.0,1.0,1.0,1.0,32.0,64.0,1.0,3.0,6.0,5.0,4.0,3.0,5.0,1.0,6.0,4.0,2.0,5.0,1.0,5.0,6.0,1.0,1.0,1.0,6.0,4.0,2048.0,1.0,3072.0,1.0,1.0,1.0,1.0,1.0,16.0,160.0,1.0,362752120.0,131677922.0,148379000.0,1.2685788888888887,280.0,10.0,19456.0,4.776644536269464e+16,157.538,83.8786622222222,10.0,10176.0
1024000.0,8192000.0,256.0,64.0,3.0,2.0,4.0,32.0,6.0,6.0,1.0,3.0,6.0,4.0,5.0,6.0,2.0,2.0,5.0,3.0,4.0,4.0,3.0,4.0,2.0,3.0,5.0,5.0,5.0,4.0,5.0,1.0,128.0,512.0,1.0,8.0,64.0,1.0,1.0,1.0,1.0,8.0,128.0,1.0,1.0,3.0,5.0,4.0,3.0,1.0,4.0,4.0,1.0,4.0,6.0,3.0,4.0,5.0,5.0,3.0,2.0,5.0,512.0,4096.0,1.0,512.0,96.0,1.0,1.0,1.0,1.0,4.0,4.0,1.0,5572056640.0,51742404.0,133032000.0,9.863357777777777,256.0,10.0,4231168.0,2.8831160577776256e+17,4.944444444444445,0.5243055555555556,10.0,2532693.3333333335
256000.0,32000000.0,256.0,64.0,1.0,22.0,2.0,20.0,4.0,3.0,3.0,1.0,5.0,1.0,3.0,6.0,2.0,4.0,3.0,2.0,2.0,1.0,1.0,4.0,6.0,5.0,2.0,3.0,4.0,3.0,4.0,4.0,2.0,256.0,1.0,16.0,1.0,1.0,1.0,1.0,1.0,4.0,64.0,1.0,3.0,3.0,2.0,2.0,3.0,5.0,5.0,6.0,1.0,4.0,3.0,4.0,4.0,6.0,3.0,4.0,3.0,5.0,4.0,256.0,1.0,1.0,8.0,1.0,1.0,1.0,1.0,8.0,1.0,1.0,24427626505.0,267071700.0,8638880.0,0.0914837,20.0,10.0,10.0,6.523927737655409e+18,1.0,1.2239022222222222,10.0,10.0
128.0,8192000.0,256.0,64.0,3.0,14.0,2.0,12.0,4.0,2.0,1.0,4.0,5.0,2.0,5.0,2.0,4.0,4.0,2.0,3.0,2.0,1.0,5.0,6.0,2.0,2.0,1.0,4.0,4.0,2.0,1.0,2.0,64.0,16.0,1.0,1.0,2.0,1.0,1.0,1.0,1.0,32.0,64.0,1.0,3.0,2.0,2.0,5.0,3.0,5.0,1.0,2.0,1.0,6.0,2.0,6.0,5.0,2.0,4.0,2.0,6.0,1.0,4096.0,1024.0,1.0,8.0,6.0,1.0,1.0,1.0,1.0,40.0,4.0,1.0,5310263108.0,34947722.0,187533000.0,2.2554655555555554,336.0,10.0,393856.0,1.8558159884523997e+17,9.333333333333334,0.16756200000000002,10.0,222677.33333333334
512.0,256000.0,256.0,64.0,3.0,6.0,4.0,10.0,3.0,2.0,1.0,5.0,5.0,5.0,2.0,4.0,5.0,6.0,4.0,2.0,3.0,3.0,2.0,1.0,1.0,4.0,3.0,6.0,1.0,1.0,5.0,4.0,256.0,16.0,1.0,512.0,8.0,1.0,1.0,1.0,1.0,4.0,1.0,1.0,1.0,6.0,3.0,4.0,3.0,6.0,1.0,2.0,6.0,5.0,2.0,2.0,3.0,4.0,3.0,2.0,1.0,4.0,1.0,4096.0,1.0,256.0,8.0,1.0,1.0,1.0,1.0,8.0,20.0,1.0,4654138516.0,33564928.0,122721000.0,7.533824444444445,240.0,10.0,3141632.0,1.5621582419156685e+17,5.33333,0.105324,10.0,1878243.5555555555
512.0,32000.0,256.0,64.0,3.0,10.0,30.0,24.0,1.0,4.0,5.0,1.0,5.0,6.0,3.0,4.0,4.0,5.0,1.0,6.0,4.0,1.0,5.0,3.0,6.0,6.0,2.0,4.0,6.0,6.0,1.0,6.0,32.0,8.0,1.0,1024.0,1.0,1.0,1.0,1.0,1.0,4.0,16.0,1.0,5.0,4.0,1.0,1.0,6.0,3.0,4.0,2.0,4.0,3.0,6.0,2.0,1.0,1.0,4.0,4.0,3.0,2.0,4.0,256.0,1.0,4.0,192.0,1.0,1.0,1.0,1.0,20.0,40.0,1.0,24624778896.0,34874498.0,29187700000.0,53.81032222222222,7200.0,10.0,134144.0,8.587768023589942e+17,1.0,0.030002166666666663,10.0,118670.22222222222
128.0,8192000.0,256.0,64.0,2.0,28.0,48.0,24.0,3.0,6.0,4.0,4.0,5.0,2.0,6.0,1.0,3.0,4.0,1.0,6.0,2.0,6.0,4.0,5.0,3.0,1.0,5.0,6.0,4.0,1.0,1.0,6.0,8.0,1.0,1.0,2.0,8.0,1.0,1.0,1.0,1.0,16.0,32.0,1.0,1.0,6.0,2.0,6.0,5.0,4.0,1.0,3.0,1.0,2.0,1.0,5.0,5.0,4.0,1.0,2.0,1.0,2.0,4096.0,8.0,1.0,512.0,16.0,1.0,1.0,1.0,1.0,1.0,80.0,1.0,516227201.0,108834540.0,1120070000.0,5.531123333333333,1152.0,10.0,15392.0,5.618334995632254e+16,47.35355555555556,33.35661111111111,10.0,10016.0
2048000.0,16000.0,256.0,64.0,3.0,22.0,18.0,2.0,3.0,2.0,4.0,3.0,4.0,6.0,1.0,4.0,3.0,2.0,3.0,6.0,3.0,5.0,5.0,2.0,5.0,2.0,1.0,1.0,5.0,3.0,3.0,6.0,64.0,2.0,1.0,2048.0,2048.0,1.0,1.0,1.0,1.0,8.0,8.0,1.0,4.0,3.0,1.0,5.0,1.0,5.0,1.0,1.0,4.0,2.0,2.0,5.0,6.0,4.0,4.0,1.0,4.0,1.0,16.0,32.0,1.0,2.0,256.0,1.0,1.0,1.0,1.0,1.0,40.0,1.0,24742463681.0,39779252.0,625013000.0,4.18515,792.0,10.0,295936.0,9.842366978673466e+17,1.0,0.07116233333333334,10.0,153429.33333333334
2048000.0,4096000.0,256.0,64.0,3.0,22.0,4.0,30.0,6.0,2.0,4.0,3.0,5.0,2.0,2.0,2.0,5.0,6.0,1.0,6.0,5.0,5.0,1.0,3.0,4.0,5.0,4.0,1.0,5.0,6.0,4.0,5.0,256.0,1024.0,1.0,512.0,2.0,1.0,1.0,1.0,1.0,128.0,128.0,1.0,6.0,5.0,2.0,4.0,5.0,5.0,2.0,6.0,1.0,3.0,6.0,6.0,4.0,5.0,4.0,5.0,5.0,2.0,2048.0,2048.0,1.0,512.0,384.0,1.0,1.0,1.0,1.0,32.0,4.0,1.0,11141110368.0,32627951.8,4568320000.0,31.15412222222222,2640.0,10.0,5373952.0,3.6351161208558426e+17,2.888888888888889,0.0,10.0,4882432.0
4096.0,32000.0,256.0,64.0,2.0,10.0,48.0,32.0,3.0,6.0,3.0,2.0,4.0,5.0,6.0,1.0,2.0,6.0,2.0,1.0,4.0,3.0,2.0,2.0,5.0,5.0,4.0,4.0,6.0,1.0,4.0,1.0,4.0,128.0,1.0,32.0,1024.0,1.0,1.0,1.0,1.0,16.0,64.0,1.0,3.0,3.0,3.0,3.0,1.0,3.0,2.0,4.0,1.0,1.0,4.0,2.0,1.0,2.0,2.0,2.0,1.0,3.0,2048.0,2048.0,1.0,12.0,1024.0,1.0,1.0,1.0,1.0,80.0,5.0,1.0,606169644.0,37262840.0,1794010000.0,12.251882222222221,1536.0,10.0,2385536.0,2.258760245722896e+16,37.92594444444444,3.6694516666666672,10.0,1352661.3333333333
32000.0,32000000.0,256.0,64.0,3.0,36.0,30.0,16.0,6.0,4.0,5.0,5.0,3.0,1.0,3.0,1.0,2.0,6.0,2.0,3.0,6.0,2.0,1.0,4.0,4.0,1.0,4.0,6.0,2.0,2.0,1.0,5.0,2.0,8.0,1.0,16.0,16.0,1.0,1.0,1.0,1.0,32.0,4.0,1.0,2.0,2.0,5.0,3.0,2.0,1.0,1.0,5.0,4.0,4.0,3.0,5.0,6.0,4.0,4.0,5.0,4.0,6.0,128.0,4096.0,1.0,192.0,128.0,1.0,1.0,1.0,1.0,160.0,5.0,1.0,8117358776.0,33295639.0,158814000000.0,210.156,17280.0,10.0,2945024.0,2.7027264743917786e+17,32.007422222222225,0.946991111111111,10.0,1648867.5555555555
64000.0,1024000.0,256.0,64.0,3.0,44.0,18.0,12.0,1.0,4.0,4.0,2.0,2.0,5.0,6.0,1.0,2.0,6.0,2.0,5.0,1.0,5.0,3.0,1.0,1.0,5.0,2.0,3.0,4.0,3.0,5.0,3.0,128.0,512.0,1.0,64.0,512.0,1.0,1.0,1.0,1.0,128.0,2.0,1.0,1.0,6.0,1.0,2.0,3.0,2.0,5.0,5.0,5.0,5.0,5.0,2.0,6.0,4.0,3.0,6.0,3.0,4.0,256.0,16.0,1.0,32.0,32.0,1.0,1.0,1.0,1.0,1.0,320.0,1.0,20689286496.0,35518366.2,49686500000.0,81.67153333333333,9504.0,10.0,786432.0,7.348496541816429e+17,4.111111111111111,0.03125,10.0,461027.55555555556
512000.0,16000.0,256.0,64.0,2.0,30.0,32.0,48.0,3.0,2.0,3.0,6.0,1.0,2.0,4.0,2.0,2.0,5.0,1.0,5.0,5.0,2.0,5.0,3.0,6.0,4.0,6.0,3.0,2.0,2.0,4.0,3.0,4096.0,256.0,1.0,2048.0,128.0,1.0,1.0,1.0,1.0,1.0,1.0,1.0,2.0,5.0,5.0,3.0,6.0,4.0,2.0,5.0,2.0,4.0,1.0,1.0,3.0,1.0,3.0,6.0,5.0,2.0,2048.0,4.0,1.0,384.0,2.0,1.0,1.0,1.0,1.0,10.0,16.0,1.0,168299294.0,100352404.0,1793770000.0,7.768442222222222,1536.0,10.0,114688.0,1.6889238744402776e+16,677.9244444444444,43.52693333333333,10.0,53114.666666666664
128000.0,8192000.0,256.0,64.0,2.0,44.0,26.0,2.0,5.0,6.0,6.0,1.0,2.0,4.0,3.0,3.0,6.0,1.0,5.0,1.0,3.0,3.0,1.0,6.0,3.0,2.0,6.0,5.0,4.0,1.0,2.0,4.0,4096.0,1024.0,1.0,8.0,128.0,1.0,1.0,1.0,1.0,16.0,64.0,1.0,6.0,4.0,5.0,6.0,4.0,1.0,5.0,6.0,3.0,1.0,6.0,4.0,4.0,2.0,4.0,6.0,4.0,3.0,2.0,128.0,1.0,4.0,96.0,1.0,1.0,1.0,1.0,32.0,5.0,1.0,973869829.0,77512417.0,22167700.0,0.9451461111111109,52.0,10.0,465408.0,7.548700428916669e+16,25.6,7.626555555555557,10.0,207668.0
128.0,32000.0,256.0,64.0,3.0,36.0,4.0,46.0,3.0,6.0,4.0,5.0,4.0,3.0,5.0,4.0,4.0,1.0,6.0,5.0,3.0,4.0,2.0,1.0,2.0,4.0,1.0,2.0,1.0,4.0,3.0,1.0,64.0,128.0,1.0,1024.0,256.0,1.0,1.0,1.0,1.0,64.0,2.0,1.0,1.0,3.0,4.0,2.0,6.0,1.0,5.0,4.0,5.0,5.0,4.0,2.0,1.0,5.0,6.0,4.0,3.0,2.0,1.0,8.0,1.0,4.0,2.0,1.0,1.0,1.0,1.0,2.0,16.0,1.0,718258841.0,49341680.8,24908400000.0,48.50142222222223,6624.0,10.0,671744.0,3.544009846439995e+16,81.13111111111111,7.723277777777778,10.0,302535.1111111111
128.0,16000.0,256.0,64.0,1.0,28.0,20.0,36.0,5.0,1.0,6.0,6.0,1.0,6.0,4.0,3.0,2.0,5.0,4.0,6.0,6.0,5.0,5.0,2.0,4.0,5.0,1.0,5.0,1.0,1.0,5.0,1.0,1024.0,8.0,1.0,1.0,16.0,1.0,1.0,1.0,1.0,8.0,16.0,1.0,1.0,6.0,1.0,6.0,2.0,1.0,2.0,5.0,4.0,1.0,6.0,4.0,6.0,4.0,2.0,5.0,4.0,6.0,128.0,256.0,1.0,3.0,6.0,1.0,1.0,1.0,1.0,16.0,20.0,1.0,24427626505.0,209954400.0,15248600.0,0.159925,36.0,10.0,10.0,5.128687666281372e+18,1.0,1.0034711111111112,10.0,10.0
2048000.0,32000.0,256.0,64.0,3.0,28.0,28.0,8.0,2.0,1.0,5.0,1.0,5.0,4.0,1.0,1.0,4.0,4.0,4.0,4.0,6.0,2.0,5.0,3.0,3.0,4.0,6.0,3.0,1.0,3.0,1.0,2.0,16.0,512.0,1.0,32.0,8.0,1.0,1.0,1.0,1.0,1.0,4.0,1.0,6.0,3.0,5.0,2.0,2.0,2.0,5.0,5.0,2.0,5.0,2.0,6.0,3.0,1.0,1.0,2.0,1.0,2.0,4.0,512.0,1.0,2.0,12.0,1.0,1.0,1.0,1.0,32.0,32.0,1.0,24523215576.0,44418780.0,22459700000.0,44.11356666666667,6272.0,10.0,45824.0,1.0892913175629172e+18,1.0,0.15367283333333334,10.0,41955.555555555555
64000.0,32000000.0,256.0,64.0,1.0,24.0,28.0,28.0,2.0,2.0,4.0,5.0,6.0,2.0,6.0,2.0,3.0,6.0,5.0,5.0,6.0,6.0,4.0,2.0,3.0,6.0,4.0,6.0,5.0,3.0,1.0,5.0,32.0,4096.0,1.0,512.0,8.0,1.0,1.0,1.0,1.0,2.0,64.0,1.0,3.0,1.0,5.0,6.0,2.0,5.0,2.0,1.0,1.0,6.0,1.0,4.0,4.0,4.0,5.0,6.0,5.0,4.0,16.0,2.0,1.0,32.0,384.0,1.0,1.0,1.0,1.0,10.0,32.0,1.0,24427626505.0,209969900.0,11911100.0,0.125609,28.0,10.0,10.0,5.1290662944922e+18,1.0,1.00356,10.0,10.0
128.0,1024000.0,256.0,64.0,3.0,36.0,32.0,16.0,1.0,2.0,1.0,6.0,5.0,3.0,6.0,5.0,1.0,2.0,6.0,4.0,4.0,2.0,4.0,2.0,1.0,4.0,1.0,1.0,4.0,5.0,5.0,6.0,1.0,256.0,1.0,1024.0,16.0,1.0,1.0,1.0,1.0,64.0,64.0,1.0,2.0,1.0,5.0,3.0,3.0,5.0,6.0,4.0,6.0,1.0,2.0,4.0,5.0,1.0,3.0,3.0,6.0,6.0,2.0,256.0,1.0,1.0,1024.0,1.0,1.0,1.0,1.0,64.0,2.0,1.0,7182757296.0,32870940.7,180222000000.0,231.28222222222223,18432.0,10.0,1343488.0,2.3610398913930835e+17,3.6666666666666665,0.0,10.0,1125034.6666666667
32000.0,4096000.0,256.0,64.0,2.0,12.0,10.0,8.0,4.0,6.0,1.0,5.0,5.0,4.0,1.0,2.0,2.0,2.0,3.0,3.0,4.0,5.0,6.0,6.0,3.0,1.0,1.0,4.0,1.0,3.0,2.0,6.0,4.0,256.0,1.0,128.0,8.0,1.0,1.0,1.0,1.0,64.0,2.0,1.0,6.0,4.0,5.0,1.0,3.0,3.0,5.0,6.0,6.0,5.0,4.0,3.0,6.0,2.0,2.0,2.0,1.0,2.0,1.0,4096.0,1.0,32.0,3.0,1.0,1.0,1.0,1.0,8.0,16.0,1.0,1033666573.0,136413830.0,34770900.0,0.352194,80.0,10.0,976.0,1.4100641616590459e+17,26.468844444444446,21.145644444444443,10.0,742.6666666666666
16000.0,32000.0,256.0,64.0,2.0,26.0,46.0,36.0,2.0,1.0,3.0,3.0,2.0,6.0,4.0,3.0,5.0,6.0,3.0,4.0,1.0,5.0,4.0,4.0,1.0,3.0,5.0,6.0,6.0,6.0,2.0,3.0,4.0,1.0,1.0,2.0,256.0,1.0,1.0,1.0,1.0,128.0,1.0,1.0,5.0,1.0,6.0,5.0,4.0,3.0,3.0,1.0,4.0,6.0,4.0,1.0,3.0,2.0,1.0,2.0,5.0,6.0,1.0,1024.0,1.0,16.0,4.0,1.0,1.0,1.0,1.0,40.0,20.0,1.0,25753026569.0,161230360.0,2035110000.0,8.264816666666668,1656.0,10.0,208.0,4.1521697448094346e+18,1.0,0.9042522222222222,10.0,122.66666666666667
2048.0,8192000.0,256.0,64.0,1.0,4.0,20.0,10.0,3.0,6.0,6.0,2.0,3.0,3.0,6.0,5.0,3.0,4.0,3.0,1.0,2.0,5.0,4.0,2.0,3.0,3.0,1.0,2.0,6.0,5.0,6.0,6.0,4.0,1.0,1.0,128.0,32.0,1.0,1.0,1.0,1.0,4.0,64.0,1.0,5.0,5.0,2.0,6.0,2.0,1.0,6.0,1.0,1.0,2.0,2.0,3.0,1.0,2.0,2.0,5.0,2.0,4.0,64.0,2048.0,1.0,768.0,4.0,1.0,1.0,1.0,1.0,40.0,4.0,1.0,2448424969.0,211184120.0,4640290.0,0.0490743,10.0,10.0,64.0,5.170684724642923e+17,9.981234444444445,9.981234444444445,10.0,64.0
16000.0,256000.0,256.0,64.0,1.0,46.0,28.0,48.0,2.0,2.0,2.0,5.0,5.0,4.0,4.0,4.0,2.0,1.0,1.0,1.0,6.0,3.0,4.0,6.0,5.0,1.0,5.0,3.0,4.0,2.0,3.0,3.0,2.0,256.0,1.0,16.0,4.0,1.0,1.0,1.0,1.0,4.0,8.0,1.0,2.0,6.0,4.0,1.0,3.0,6.0,3.0,6.0,4.0,1.0,5.0,6.0,2.0,1.0,3.0,6.0,4.0,4.0,4.0,4096.0,1.0,64.0,1024.0,1.0,1.0,1.0,1.0,8.0,80.0,1.0,637534217.0,149142400.0,20377200.0,0.212802,48.0,10.0,386.0,9.50833832055008e+16,36.44444444444444,36.44460000000001,10.0,386.0
32000.0,1024000.0,256.0,64.0,3.0,6.0,4.0,4.0,2.0,3.0,3.0,1.0,5.0,6.0,2.0,4.0,1.0,1.0,1.0,1.0,1.0,6.0,3.0,1.0,5.0,2.0,2.0,1.0,3.0,1.0,5.0,1.0,64.0,16.0,1.0,32.0,32.0,1.0,1.0,1.0,1.0,64.0,4.0,1.0,6.0,1.0,1.0,1.0,5.0,2.0,3.0,5.0,5.0,3.0,4.0,2.0,6.0,1.0,2.0,6.0,2.0,4.0,4096.0,2048.0,1.0,24.0,24.0,1.0,1.0,1.0,1.0,20.0,16.0,1.0,6112423456.0,36968186.0,42396600.0,1.1368717777777777,96.0,10.0,361408.0,2.259652072321708e+17,4.0,0.16194677777777777,10.0,208064.0
512000.0,4096000.0,256.0,64.0,2.0,16.0,38.0,46.0,6.0,5.0,5.0,4.0,5.0,3.0,5.0,2.0,4.0,4.0,6.0,1.0,5.0,4.0,4.0,1.0,3.0,4.0,6.0,2.0,4.0,5.0,4.0,5.0,2.0,512.0,1.0,4.0,1.0,1.0,1.0,1.0,1.0,32.0,16.0,1.0,6.0,3.0,4.0,5.0,5.0,5.0,1.0,4.0,2.0,5.0,5.0,3.0,5.0,4.0,3.0,1.0,4.0,1.0,8.0,4096.0,1.0,3072.0,512.0,1.0,1.0,1.0,1.0,2.0,10.0,1.0,280820376.0,96014470.0,2230110000.0,9.400574444444445,1748.0,10.0,314560.0,2.696281956684072e+16,883.7337333333334,441.9179333333333,10.0,175918.22222222222
64000.0,32000000.0,256.0,64.0,3.0,38.0,40.0,10.0,5.0,1.0,3.0,4.0,1.0,1.0,4.0,1.0,2.0,1.0,3.0,3.0,6.0,4.0,1.0,1.0,3.0,3.0,3.0,6.0,6.0,6.0,6.0,6.0,4096.0,64.0,1.0,64.0,64.0,1.0,1.0,1.0,1.0,128.0,2.0,1.0,1.0,3.0,2.0,1.0,6.0,2.0,1.0,3.0,2.0,6.0,3.0,4.0,5.0,6.0,4.0,5.0,2.0,4.0,4096.0,2.0,1.0,6.0,16.0,1.0,1.0,1.0,1.0,40.0,40.0,1.0,20314108288.0,37519241.8,123586000000.0,169.32311111111113,15200.0,10.0,1589248.0,7.621699408088559e+17,14.777777777777779,0.1286892222222222,10.0,961905.7777777778
128000.0,256000.0,256.0,64.0,2.0,12.0,24.0,14.0,2.0,4.0,2.0,1.0,6.0,3.0,1.0,4.0,2.0,6.0,6.0,5.0,3.0,2.0,5.0,6.0,6.0,4.0,5.0,1.0,6.0,5.0,6.0,5.0,512.0,1024.0,1.0,1024.0,2048.0,1.0,1.0,1.0,1.0,8.0,64.0,1.0,5.0,1.0,4.0,3.0,4.0,2.0,4.0,3.0,5.0,2.0,2.0,2.0,5.0,6.0,3.0,3.0,5.0,4.0,8.0,8.0,1.0,768.0,3072.0,1.0,1.0,1.0,1.0,16.0,64.0,1.0,1752384701.0,45562431.0,187604000.0,3.2038722222222225,336.0,10.0,1073152.0,7.984290702476813e+16,13.90768888888889,1.6899955555555555,10.0,497578.6666666667
256.0,32000000.0,256.0,64.0,1.0,24.0,44.0,28.0,4.0,5.0,1.0,1.0,6.0,5.0,3.0,5.0,1.0,1.0,1.0,1.0,2.0,6.0,4.0,4.0,6.0,4.0,4.0,6.0,5.0,3.0,1.0,4.0,8.0,512.0,1.0,256.0,128.0,1.0,1.0,1.0,1.0,16.0,32.0,1.0,2.0,6.0,1.0,3.0,6.0,6.0,3.0,4.0,3.0,3.0,5.0,1.0,2.0,2.0,2.0,4.0,1.0,1.0,1024.0,256.0,1.0,24.0,48.0,1.0,1.0,1.0,1.0,320.0,2.0,1.0,24427626505.0,209969900.0,11911100.0,0.125609,28.0,10.0,10.0,5.1290662944922e+18,1.0,1.00356,10.0,10.0
128000.0,8192000.0,256.0,64.0,2.0,6.0,48.0,34.0,6.0,3.0,4.0,6.0,5.0,3.0,4.0,5.0,6.0,6.0,6.0,1.0,4.0,6.0,1.0,6.0,2.0,4.0,2.0,6.0,2.0,1.0,1.0,1.0,32.0,32.0,1.0,1024.0,1.0,1.0,1.0,1.0,1.0,8.0,32.0,1.0,4.0,5.0,6.0,3.0,5.0,3.0,5.0,6.0,5.0,4.0,6.0,2.0,4.0,4.0,6.0,4.0,5.0,2.0,16.0,8.0,1.0,512.0,96.0,1.0,1.0,1.0,1.0,1.0,320.0,1.0,517754591.0,54675860.0,1985670000.0,8.314956666666667,1632.0,10.0,75648.0,2.830867753187326e+16,101.7106111111111,79.33862666666667,10.0,54321.77777777778
512.0,128000.0,256.0,64.0,3.0,8.0,40.0,42.0,1.0,1.0,2.0,2.0,2.0,2.0,6.0,6.0,6.0,6.0,2.0,4.0,1.0,6.0,4.0,4.0,3.0,6.0,5.0,3.0,2.0,5.0,2.0,1.0,4.0,4096.0,1.0,32.0,8.0,1.0,1.0,1.0,1.0,128.0,8.0,1.0,2.0,4.0,6.0,4.0,6.0,1.0,3.0,2.0,3.0,3.0,5.0,1.0,6.0,1.0,1.0,6.0,3.0,2.0,256.0,8.0,1.0,24.0,8.0,1.0,1.0,1.0,1.0,8.0,1.0,1.0,5342391200.0,47179111.8,97221600000.0,138.47444444444443,13440.0,10.0,1318912.0,2.5204927170413616e+17,9.333333333333334,0.39912222222222227,10.0,595498.6666666666
8192.0,8192000.0,256.0,64.0,1.0,32.0,16.0,10.0,6.0,5.0,1.0,2.0,1.0,6.0,4.0,6.0,2.0,2.0,3.0,5.0,5.0,5.0,4.0,3.0,5.0,5.0,5.0,5.0,6.0,4.0,4.0,3.0,8.0,1024.0,1.0,64.0,1024.0,1.0,1.0,1.0,1.0,16.0,16.0,1.0,6.0,6.0,1.0,3.0,2.0,5.0,6.0,4.0,4.0,3.0,3.0,4.0,3.0,2.0,3.0,4.0,2.0,4.0,1024.0,1024.0,1.0,64.0,1.0,1.0,1.0,1.0,1.0,10.0,40.0,1.0,2445148169.0,115565460.0,4640290.0,0.0490743,10.0,10.0,64.0,2.8257467291864275e+17,9.99024,7.182325555555555,10.0,64.0
32000.0,16000.0,256.0,64.0,2.0,12.0,20.0,48.0,1.0,3.0,3.0,5.0,3.0,6.0,5.0,2.0,1.0,4.0,5.0,6.0,6.0,1.0,5.0,2.0,1.0,3.0,3.0,3.0,1.0,4.0,4.0,3.0,1024.0,4096.0,1.0,1024.0,2.0,1.0,1.0,1.0,1.0,4.0,8.0,1.0,2.0,3.0,5.0,1.0,2.0,4.0,4.0,3.0,4.0,1.0,3.0,3.0,1.0,5.0,3.0,2.0,5.0,1.0,1024.0,64.0,1.0,16.0,256.0,1.0,1.0,1.0,1.0,1.0,1.0,1.0,22290497657.0,44389830.0,839587000.0,4.524105555555556,960.0,10.0,12304.0,9.894714016096283e+17,1.4444444444444444,0.2585981666666667,10.0,6784.0
512000.0,1024000.0,256.0,64.0,1.0,20.0,40.0,48.0,3.0,1.0,3.0,6.0,3.0,4.0,6.0,5.0,1.0,3.0,4.0,4.0,6.0,2.0,6.0,4.0,2.0,6.0,5.0,4.0,3.0,1.0,2.0,5.0,256.0,32.0,1.0,32.0,32.0,1.0,1.0,1.0,1.0,8.0,2.0,1.0,5.0,3.0,3.0,6.0,2.0,2.0,6.0,3.0,2.0,4.0,3.0,3.0,6.0,5.0,2.0,1.0,3.0,2.0,1024.0,8.0,1.0,1536.0,12.0,1.0,1.0,1.0,1.0,4.0,20.0,1.0,637534217.0,214007400.0,20377200.0,0.212802,48.0,10.0,386.0,1.364370401912058e+17,36.44444444444444,36.44448888888889,10.0,386.0
16000.0,64000.0,256.0,64.0,2.0,6.0,14.0,30.0,6.0,3.0,3.0,1.0,4.0,5.0,1.0,5.0,4.0,5.0,1.0,4.0,5.0,3.0,1.0,2.0,6.0,6.0,2.0,1.0,5.0,2.0,4.0,4.0,1.0,32.0,1.0,512.0,32.0,1.0,1.0,1.0,1.0,8.0,1.0,1.0,6.0,3.0,3.0,2.0,2.0,6.0,2.0,6.0,2.0,1.0,6.0,6.0,4.0,6.0,4.0,6.0,5.0,4.0,4.0,4.0,1.0,6.0,32.0,1.0,1.0,1.0,1.0,160.0,320.0,1.0,1767311553.0,51210282.0,252160000.0,1.9139844444444445,420.0,10.0,20512.0,9.050452301098795e+16,13.900777777777778,1.7754088888888888,10.0,11875.555555555555
512000.0,32000.0,256.0,64.0,1.0,20.0,32.0,48.0,3.0,1.0,2.0,2.0,6.0,5.0,2.0,2.0,1.0,3.0,1.0,1.0,6.0,3.0,6.0,1.0,2.0,5.0,5.0,5.0,6.0,5.0,1.0,5.0,4.0,8.0,1.0,256.0,16.0,1.0,1.0,1.0,1.0,32.0,128.0,1.0,5.0,1.0,3.0,1.0,1.0,2.0,1.0,2.0,3.0,5.0,2.0,3.0,2.0,6.0,6.0,6.0,2.0,1.0,16.0,2.0,1.0,48.0,3.0,1.0,1.0,1.0,1.0,2.0,10.0,1.0,24427626505.0,303568100.0,20377200.0,0.211504,48.0,10.0,10.0,7.41544816563249e+18,1.0,1.2777111111111112,10.0,10.0
128000.0,32000.0,256.0,64.0,2.0,22.0,20.0,8.0,3.0,6.0,3.0,3.0,2.0,2.0,6.0,5.0,4.0,4.0,2.0,2.0,5.0,3.0,1.0,5.0,2.0,1.0,1.0,4.0,2.0,2.0,2.0,5.0,32.0,4.0,1.0,4.0,128.0,1.0,1.0,1.0,1.0,1.0,64.0,1.0,2.0,6.0,3.0,5.0,5.0,3.0,5.0,6.0,3.0,3.0,5.0,6.0,5.0,3.0,3.0,5.0,3.0,1.0,2048.0,512.0,1.0,384.0,12.0,1.0,1.0,1.0,1.0,1.0,32.0,1.0,222417329.0,47071670.0,75346800.0,1.1772628888888887,160.0,10.0,248768.0,1.046955511296943e+16,122.52964444444443,15.903405555555556,10.0,138638.22222222222
128.0,8192000.0,256.0,64.0,1.0,30.0,44.0,12.0,4.0,2.0,2.0,5.0,3.0,6.0,2.0,1.0,6.0,1.0,6.0,6.0,5.0,6.0,3.0,4.0,6.0,4.0,5.0,1.0,2.0,3.0,6.0,4.0,256.0,1024.0,1.0,2.0,8.0,1.0,1.0,1.0,1.0,4.0,32.0,1.0,6.0,6.0,4.0,4.0,1.0,1.0,4.0,3.0,5.0,3.0,2.0,2.0,1.0,6.0,2.0,1.0,5.0,4.0,1024.0,16.0,1.0,96.0,768.0,1.0,1.0,1.0,1.0,2.0,80.0,1.0,24427626505.0,247035780.0,5431850.0,0.0574071,12.0,10.0,10.0,6.034497767211349e+18,1.0,1.0017333333333331,10.0,10.0
16000.0,1024000.0,256.0,64.0,2.0,4.0,38.0,20.0,6.0,4.0,5.0,5.0,1.0,6.0,3.0,6.0,2.0,5.0,5.0,2.0,2.0,1.0,6.0,6.0,4.0,6.0,1.0,1.0,5.0,4.0,2.0,6.0,2.0,64.0,1.0,1024.0,256.0,1.0,1.0,1.0,1.0,4.0,1.0,1.0,6.0,4.0,2.0,3.0,5.0,3.0,6.0,6.0,4.0,6.0,1.0,6.0,5.0,3.0,6.0,4.0,3.0,2.0,1.0,4096.0,1.0,64.0,48.0,1.0,1.0,1.0,1.0,16.0,2.0,1.0,649728348.0,46706810.0,587371000.0,3.567042222222222,760.0,10.0,40240.0,3.034673850164988e+16,37.9259,9.020616666666667,10.0,20102.222222222223
128.0,128000.0,256.0,64.0,1.0,8.0,22.0,18.0,3.0,2.0,3.0,6.0,4.0,4.0,3.0,1.0,2.0,3.0,4.0,3.0,1.0,6.0,2.0,5.0,5.0,1.0,1.0,1.0,4.0,4.0,2.0,3.0,4096.0,32.0,1.0,512.0,32.0,1.0,1.0,1.0,1.0,16.0,1.0,1.0,1.0,4.0,4.0,4.0,1.0,5.0,3.0,1.0,6.0,6.0,1.0,2.0,6.0,4.0,4.0,1.0,3.0,1.0,32.0,512.0,1.0,1.0,2.0,1.0,1.0,1.0,1.0,40.0,160.0,1.0,1400897545.0,227079300.0,7831020.0,0.0834338,18.0,10.0,146.0,3.181148338903185e+17,16.98766666666667,16.98775555555555,10.0,146.0
4096.0,4096000.0,256.0,64.0,1.0,22.0,2.0,14.0,3.0,2.0,4.0,5.0,6.0,1.0,1.0,2.0,6.0,5.0,1.0,5.0,2.0,3.0,6.0,3.0,2.0,4.0,2.0,6.0,1.0,2.0,3.0,3.0,512.0,32.0,1.0,2048.0,64.0,1.0,1.0,1.0,1.0,8.0,1.0,1.0,5.0,6.0,6.0,3.0,3.0,5.0,2.0,2.0,1.0,1.0,1.0,5.0,4.0,1.0,2.0,3.0,5.0,4.0,8.0,2048.0,1.0,32.0,24.0,1.0,1.0,1.0,1.0,320.0,160.0,1.0,24427626505.0,209954400.0,6227490.0,0.0659263,14.0,10.0,10.0,5.128687666281372e+18,1.0,1.0034711111111112,10.0,10.0
1024000.0,4096000.0,256.0,64.0,2.0,36.0,16.0,10.0,4.0,6.0,4.0,3.0,4.0,3.0,1.0,5.0,6.0,5.0,4.0,3.0,6.0,3.0,5.0,1.0,2.0,4.0,4.0,2.0,3.0,5.0,1.0,1.0,2048.0,1.0,1.0,32.0,4.0,1.0,1.0,1.0,1.0,4.0,128.0,1.0,5.0,5.0,1.0,2.0,1.0,4.0,5.0,1.0,3.0,5.0,1.0,3.0,3.0,2.0,6.0,5.0,5.0,6.0,4096.0,4096.0,1.0,192.0,6.0,1.0,1.0,1.0,1.0,2.0,1.0,1.0,445776961.0,95640890.0,75404500.0,2.2394208888888887,160.0,10.0,803200.0,4.263450529153529e+16,95.91333333333334,49.73502222222223,10.0,446510.22222222225
32000.0,8192000.0,256.0,64.0,1.0,44.0,2.0,16.0,2.0,1.0,2.0,1.0,5.0,5.0,4.0,5.0,2.0,4.0,6.0,4.0,2.0,6.0,1.0,1.0,6.0,6.0,1.0,5.0,2.0,5.0,3.0,6.0,2048.0,4096.0,1.0,2048.0,2.0,1.0,1.0,1.0,1.0,32.0,1.0,1.0,3.0,6.0,1.0,4.0,6.0,5.0,3.0,4.0,4.0,5.0,2.0,6.0,4.0,6.0,4.0,1.0,5.0,4.0,2.0,16.0,1.0,1536.0,24.0,1.0,1.0,1.0,1.0,20.0,2.0,1.0,24427626505.0,267071700.0,7027210.0,0.07444540000000001,16.0,10.0,10.0,6.523927737655409e+18,1.0,1.2239022222222222,10.0,10.0
4096.0,32000.0,256.0,64.0,1.0,42.0,40.0,28.0,5.0,5.0,5.0,1.0,4.0,3.0,4.0,3.0,1.0,1.0,6.0,5.0,6.0,5.0,3.0,2.0,5.0,5.0,5.0,3.0,5.0,2.0,2.0,4.0,64.0,4.0,1.0,16.0,128.0,1.0,1.0,1.0,1.0,8.0,8.0,1.0,5.0,2.0,3.0,3.0,6.0,2.0,6.0,2.0,5.0,1.0,4.0,4.0,5.0,4.0,3.0,1.0,3.0,6.0,4096.0,4.0,1.0,64.0,1.0,1.0,1.0,1.0,1.0,1.0,8.0,1.0,876675081.0,155504060.0,11911200.0,0.12616800000000003,28.0,10.0,172.0,1.3632653439632886e+17,27.8639,27.718944444444446,10.0,172.0
64000.0,512000.0,256.0,64.0,3.0,4.0,22.0,12.0,2.0,6.0,2.0,4.0,5.0,3.0,6.0,3.0,6.0,6.0,2.0,3.0,3.0,3.0,5.0,3.0,4.0,5.0,5.0,6.0,2.0,1.0,5.0,3.0,64.0,4096.0,1.0,64.0,2048.0,1.0,1.0,1.0,1.0,4.0,128.0,1.0,2.0,6.0,1.0,5.0,3.0,4.0,4.0,6.0,3.0,1.0,2.0,1.0,5.0,6.0,4.0,1.0,5.0,3.0,128.0,1024.0,1.0,384.0,6.0,1.0,1.0,1.0,1.0,160.0,40.0,1.0,2651401204.0,32798591.8,977040000.0,40.730844444444436,1056.0,10.0,18350080.0,8.696222578802453e+16,23.11111111111111,0.0,10.0,10358328.888888888
32000.0,16000000.0,256.0,64.0,3.0,42.0,32.0,46.0,1.0,4.0,6.0,1.0,5.0,2.0,3.0,6.0,5.0,2.0,3.0,4.0,3.0,5.0,2.0,2.0,3.0,3.0,4.0,2.0,1.0,4.0,5.0,3.0,1.0,512.0,1.0,2.0,8.0,1.0,1.0,1.0,1.0,8.0,64.0,1.0,3.0,3.0,2.0,1.0,2.0,4.0,1.0,2.0,4.0,4.0,2.0,5.0,6.0,5.0,6.0,6.0,5.0,4.0,512.0,4.0,1.0,128.0,3.0,1.0,1.0,1.0,1.0,160.0,5.0,1.0,9517421824.0,35356839.0,1971600000000.0,1938.83,61824.0,10.0,335872.0,3.3650595112625434e+17,2.5555555555555554,0.10564977777777779,10.0,219818.66666666666
4096.0,32000000.0,256.0,64.0,3.0,4.0,48.0,28.0,5.0,2.0,1.0,1.0,6.0,3.0,6.0,4.0,4.0,6.0,5.0,3.0,3.0,2.0,3.0,1.0,2.0,5.0,2.0,1.0,5.0,3.0,3.0,1.0,4.0,1.0,1.0,256.0,2048.0,1.0,1.0,1.0,1.0,2.0,64.0,1.0,3.0,3.0,2.0,3.0,2.0,3.0,5.0,6.0,3.0,1.0,4.0,3.0,4.0,3.0,2.0,5.0,3.0,3.0,16.0,8.0,1.0,384.0,384.0,1.0,1.0,1.0,1.0,32.0,8.0,1.0,11145179398.0,42638330.0,16796600000.0,36.07847777777778,5376.0,10.0,279040.0,4.752118370811253e+17,2.888888888888889,0.5120173333333333,10.0,145066.66666666666
256000.0,4096000.0,256.0,64.0,2.0,12.0,34.0,30.0,4.0,5.0,2.0,2.0,6.0,6.0,5.0,3.0,4.0,6.0,4.0,2.0,5.0,4.0,4.0,4.0,6.0,5.0,3.0,4.0,3.0,4.0,2.0,3.0,2.0,128.0,1.0,1.0,256.0,1.0,1.0,1.0,1.0,8.0,4.0,1.0,2.0,3.0,3.0,3.0,4.0,3.0,5.0,5.0,3.0,3.0,3.0,5.0,1.0,4.0,6.0,5.0,3.0,2.0,32.0,1024.0,1.0,4.0,1.0,1.0,1.0,1.0,1.0,1.0,2.0,1.0,25279070217.0,155549130.0,923201000.0,4.808856666666666,1020.0,10.0,196.0,3.932137379463261e+18,1.0,0.9341933333333334,10.0,121.33333333333333
512000.0,64000.0,256.0,64.0,2.0,16.0,44.0,20.0,4.0,1.0,3.0,4.0,2.0,6.0,1.0,2.0,4.0,5.0,3.0,2.0,5.0,3.0,5.0,6.0,5.0,2.0,3.0,4.0,2.0,3.0,3.0,3.0,1024.0,8.0,1.0,512.0,16.0,1.0,1.0,1.0,1.0,4.0,64.0,1.0,3.0,6.0,6.0,1.0,3.0,4.0,1.0,6.0,1.0,2.0,3.0,5.0,6.0,6.0,4.0,3.0,4.0,4.0,256.0,2.0,1.0,12.0,16.0,1.0,1.0,1.0,1.0,64.0,64.0,1.0,10624696329.0,91529450.0,733806000.0,4.099506666666667,880.0,10.0,1840.0,9.72472611410389e+17,4.666666666666667,1.4317433333333331,10.0,1221.3333333333333
256000.0,256000.0,256.0,64.0,1.0,40.0,8.0,46.0,5.0,6.0,5.0,3.0,6.0,5.0,5.0,2.0,4.0,5.0,3.0,2.0,4.0,4.0,4.0,5.0,4.0,5.0,6.0,6.0,1.0,3.0,5.0,4.0,512.0,4.0,1.0,16.0,64.0,1.0,1.0,1.0,1.0,2.0,8.0,1.0,6.0,3.0,1.0,2.0,5.0,1.0,1.0,6.0,1.0,1.0,3.0,3.0,4.0,5.0,5.0,6.0,4.0,4.0,4.0,2.0,1.0,1536.0,2.0,1.0,1.0,1.0,1.0,320.0,80.0,1.0,533463049.0,192377920.0,19512200.0,0.20383099999999998,46.0,10.0,280.0,1.0262651176347808e+17,45.69976666666667,45.69976666666667,10.0,280.0
256.0,512000.0,256.0,64.0,3.0,32.0,44.0,38.0,1.0,1.0,3.0,2.0,2.0,6.0,4.0,3.0,4.0,6.0,6.0,4.0,3.0,1.0,5.0,5.0,2.0,2.0,2.0,4.0,4.0,2.0,5.0,3.0,1024.0,4096.0,1.0,4.0,256.0,1.0,1.0,1.0,1.0,2.0,32.0,1.0,1.0,2.0,3.0,3.0,4.0,2.0,5.0,4.0,4.0,4.0,5.0,6.0,3.0,6.0,4.0,3.0,6.0,5.0,1024.0,512.0,1.0,12.0,64.0,1.0,1.0,1.0,1.0,8.0,40.0,1.0,9329447968.0,36037634.0,1479420000000.0,1486.281111111111,53504.0,10.0,2375680.0,3.362112312928277e+17,2.6666666666666665,0.07993333333333334,10.0,1177031.111111111
512.0,128000.0,256.0,64.0,3.0,26.0,40.0,18.0,6.0,3.0,2.0,6.0,4.0,4.0,6.0,5.0,3.0,1.0,6.0,2.0,3.0,2.0,2.0,2.0,6.0,5.0,3.0,2.0,6.0,4.0,4.0,3.0,1.0,128.0,1.0,64.0,2.0,1.0,1.0,1.0,1.0,64.0,8.0,1.0,5.0,1.0,5.0,2.0,5.0,3.0,3.0,3.0,3.0,1.0,2.0,6.0,1.0,1.0,3.0,6.0,4.0,2.0,256.0,128.0,1.0,768.0,128.0,1.0,1.0,1.0,1.0,40.0,1.0,1.0,98653312.0,34164688.0,185786000000.0,247.43955555555556,18720.0,10.0,6680576.0,3370459624646656.0,234.66666666666666,4.305555555555555,10.0,4093724.4444444445
4096.0,32000.0,256.0,64.0,2.0,40.0,42.0,26.0,4.0,1.0,5.0,3.0,1.0,1.0,3.0,2.0,3.0,3.0,3.0,5.0,1.0,5.0,2.0,4.0,6.0,1.0,5.0,5.0,3.0,4.0,4.0,1.0,128.0,1.0,1.0,8.0,2048.0,1.0,1.0,1.0,1.0,8.0,2.0,1.0,5.0,5.0,3.0,3.0,1.0,2.0,2.0,4.0,4.0,1.0,5.0,2.0,4.0,6.0,6.0,1.0,3.0,4.0,1024.0,32.0,1.0,768.0,1.0,1.0,1.0,1.0,1.0,40.0,80.0,1.0,5837422626.0,158179150.0,1028380000.0,5.187153333333334,1092.0,10.0,2704.0,9.233585491714479e+17,9.333333333333334,9.216356,10.0,1525.3333333333333
8192.0,64000.0,256.0,64.0,1.0,6.0,46.0,20.0,2.0,2.0,3.0,1.0,4.0,4.0,6.0,1.0,1.0,4.0,6.0,4.0,3.0,1.0,2.0,2.0,3.0,2.0,1.0,3.0,2.0,2.0,6.0,1.0,2048.0,512.0,1.0,1024.0,8.0,1.0,1.0,1.0,1.0,8.0,64.0,1.0,5.0,4.0,3.0,1.0,4.0,3.0,4.0,6.0,6.0,1.0,4.0,6.0,1.0,1.0,3.0,6.0,6.0,6.0,2.0,64.0,1.0,384.0,4.0,1.0,1.0,1.0,1.0,20.0,20.0,1.0,24427626505.0,219832700.0,8638880.0,0.0914837,20.0,10.0,10.0,5.369991089185713e+18,1.0,1.2222577777777779,10.0,10.0
4096.0,2048000.0,256.0,64.0,1.0,4.0,6.0,46.0,4.0,3.0,1.0,4.0,5.0,1.0,4.0,2.0,4.0,1.0,1.0,1.0,5.0,2.0,5.0,6.0,3.0,1.0,6.0,1.0,4.0,2.0,6.0,1.0,32.0,256.0,1.0,64.0,2048.0,1.0,1.0,1.0,1.0,8.0,2.0,1.0,3.0,6.0,5.0,5.0,4.0,5.0,5.0,5.0,4.0,3.0,2.0,2.0,3.0,3.0,3.0,3.0,3.0,6.0,8.0,2048.0,1.0,1024.0,96.0,1.0,1.0,1.0,1.0,80.0,160.0,1.0,24427626505.0,246449280.0,19512200.0,0.202899,46.0,10.0,10.0,6.020170964266166e+18,1.0,1.0,10.0,10.0
2048.0,128000.0,256.0,64.0,1.0,38.0,20.0,36.0,2.0,5.0,3.0,3.0,3.0,5.0,2.0,2.0,2.0,2.0,6.0,2.0,2.0,3.0,4.0,6.0,2.0,2.0,1.0,4.0,1.0,5.0,6.0,4.0,4096.0,8.0,1.0,2.0,64.0,1.0,1.0,1.0,1.0,64.0,4.0,1.0,6.0,2.0,4.0,2.0,3.0,4.0,5.0,6.0,2.0,6.0,5.0,2.0,3.0,5.0,3.0,2.0,6.0,2.0,32.0,64.0,1.0,1536.0,32.0,1.0,1.0,1.0,1.0,4.0,4.0,1.0,683147273.0,156266000.0,15248700.0,0.16065000000000002,36.0,10.0,220.0,1.06752691762618e+17,35.813744444444445,35.813744444444445,10.0,220.0
4096.0,256000.0,256.0,64.0,1.0,22.0,30.0,36.0,6.0,3.0,6.0,3.0,6.0,4.0,2.0,5.0,5.0,6.0,1.0,1.0,6.0,3.0,2.0,5.0,2.0,2.0,1.0,5.0,5.0,3.0,4.0,6.0,1024.0,16.0,1.0,2.0,2048.0,1.0,1.0,1.0,1.0,8.0,16.0,1.0,3.0,6.0,4.0,4.0,4.0,3.0,5.0,6.0,3.0,4.0,3.0,1.0,1.0,2.0,1.0,5.0,4.0,1.0,64.0,1.0,1.0,128.0,32.0,1.0,1.0,1.0,1.0,160.0,1.0,1.0,679870473.0,211195080.0,15248700.0,0.16065000000000002,36.0,10.0,220.0,1.4358529893487283e+17,35.9298,53.648066666666665,10.0,220.0
64000.0,32000000.0,256.0,64.0,3.0,44.0,28.0,40.0,1.0,5.0,4.0,2.0,3.0,3.0,1.0,1.0,6.0,5.0,1.0,2.0,1.0,5.0,4.0,1.0,4.0,5.0,3.0,5.0,4.0,2.0,4.0,6.0,256.0,4.0,1.0,128.0,16.0,1.0,1.0,1.0,1.0,32.0,1.0,1.0,2.0,1.0,5.0,4.0,3.0,2.0,2.0,4.0,3.0,4.0,4.0,6.0,5.0,1.0,1.0,3.0,6.0,2.0,4096.0,4.0,1.0,24.0,8.0,1.0,1.0,1.0,1.0,4.0,1.0,1.0,749859184.0,47928580.0,1256540000000.0,1292.4833333333333,49280.0,10.0,8691968.0,3.593968588907872e+16,30.814833333333336,4.046294444444444,10.0,5356800.0
16000.0,16000.0,256.0,64.0,3.0,36.0,44.0,48.0,5.0,5.0,6.0,1.0,6.0,5.0,1.0,6.0,3.0,1.0,3.0,3.0,4.0,1.0,6.0,4.0,4.0,4.0,1.0,4.0,3.0,5.0,4.0,3.0,4.0,1024.0,1.0,256.0,2048.0,1.0,1.0,1.0,1.0,8.0,8.0,1.0,3.0,3.0,4.0,1.0,3.0,4.0,4.0,3.0,3.0,5.0,2.0,2.0,4.0,4.0,2.0,6.0,1.0,6.0,4.0,64.0,1.0,6.0,3.0,1.0,1.0,1.0,1.0,1.0,32.0,1.0,6947964338.0,47664008.0,2975210000000.0,2863.267777777778,76032.0,10.0,4243456.0,3.311678277901467e+17,4.0,0.2985838888888888,10.0,1888896.0
4096.0,8192000.0,256.0,64.0,2.0,36.0,30.0,14.0,2.0,4.0,6.0,2.0,6.0,5.0,5.0,6.0,3.0,5.0,2.0,6.0,1.0,5.0,5.0,5.0,4.0,1.0,5.0,5.0,5.0,4.0,4.0,1.0,16.0,16.0,1.0,2048.0,4.0,1.0,1.0,1.0,1.0,4.0,16.0,1.0,5.0,1.0,4.0,6.0,5.0,1.0,4.0,3.0,1.0,5.0,5.0,1.0,6.0,5.0,4.0,3.0,5.0,5.0,32.0,32.0,1.0,48.0,256.0,1.0,1.0,1.0,1.0,80.0,10.0,1.0,24445714476.0,55094600.0,252159000.0,1.8824100000000004,420.0,10.0,4672.0,1.3468268607694295e+18,1.0,0.27664488888888894,10.0,2723.5555555555557
4096.0,64000.0,256.0,64.0,1.0,6.0,30.0,14.0,4.0,2.0,3.0,5.0,4.0,1.0,5.0,2.0,4.0,4.0,4.0,4.0,5.0,1.0,4.0,3.0,3.0,3.0,3.0,5.0,3.0,3.0,3.0,5.0,4.0,128.0,1.0,1.0,16.0,1.0,1.0,1.0,1.0,4.0,1.0,1.0,5.0,4.0,3.0,1.0,6.0,1.0,5.0,4.0,6.0,3.0,1.0,3.0,3.0,3.0,1.0,6.0,5.0,3.0,2.0,1.0,1.0,768.0,768.0,1.0,1.0,1.0,1.0,8.0,4.0,1.0,1845493769.0,166515600.0,6227500.0,0.0662851,14.0,10.0,114.0,3.073035022412964e+17,13.096277777777777,13.140833333333333,10.0,114.0
2048.0,512000.0,256.0,64.0,1.0,32.0,32.0,24.0,3.0,2.0,5.0,5.0,5.0,6.0,1.0,2.0,1.0,2.0,5.0,4.0,4.0,2.0,5.0,6.0,6.0,6.0,5.0,5.0,6.0,2.0,3.0,4.0,512.0,1024.0,1.0,16.0,16.0,1.0,1.0,1.0,1.0,64.0,32.0,1.0,2.0,5.0,5.0,6.0,3.0,1.0,3.0,1.0,3.0,5.0,3.0,4.0,5.0,3.0,5.0,5.0,3.0,4.0,2.0,32.0,1.0,1024.0,4.0,1.0,1.0,1.0,1.0,40.0,320.0,1.0,24427626505.0,209641600.0,10266900.0,0.10852200000000001,24.0,10.0,10.0,5.121046704710608e+18,1.0,1.0,10.0,10.0
2048000.0,128000.0,256.0,64.0,1.0,38.0,20.0,32.0,5.0,2.0,2.0,1.0,5.0,4.0,6.0,5.0,6.0,6.0,4.0,5.0,4.0,2.0,2.0,6.0,2.0,2.0,5.0,1.0,1.0,5.0,3.0,1.0,16.0,512.0,1.0,512.0,32.0,1.0,1.0,1.0,1.0,16.0,128.0,1.0,5.0,1.0,1.0,4.0,4.0,3.0,5.0,5.0,5.0,1.0,2.0,6.0,2.0,1.0,2.0,2.0,6.0,2.0,16.0,8.0,1.0,96.0,512.0,1.0,1.0,1.0,1.0,80.0,20.0,1.0,763363337.0,98491040.0,13571700.0,0.14340199999999997,32.0,10.0,196.0,7.518444895900048e+16,32.0,16.0064,10.0,196.0
1024000.0,1024000.0,256.0,64.0,2.0,10.0,2.0,38.0,2.0,3.0,6.0,4.0,2.0,5.0,2.0,6.0,3.0,1.0,4.0,5.0,1.0,1.0,2.0,6.0,5.0,3.0,1.0,3.0,4.0,4.0,3.0,2.0,32.0,8.0,1.0,2048.0,64.0,1.0,1.0,1.0,1.0,8.0,2.0,1.0,4.0,3.0,3.0,3.0,4.0,4.0,6.0,2.0,4.0,1.0,5.0,6.0,5.0,2.0,2.0,1.0,3.0,4.0,256.0,32.0,1.0,64.0,768.0,1.0,1.0,1.0,1.0,40.0,40.0,1.0,24432066637.0,48559370.0,32915800.0,0.3568951111111111,76.0,10.0,11776.0,1.1864057636907387e+18,1.0,0.23954827777777782,10.0,7125.333333333333
8192.0,512000.0,256.0,64.0,3.0,8.0,32.0,6.0,5.0,2.0,6.0,3.0,5.0,3.0,5.0,5.0,5.0,5.0,1.0,1.0,3.0,2.0,6.0,1.0,5.0,5.0,3.0,1.0,2.0,2.0,4.0,4.0,1.0,128.0,1.0,64.0,4.0,1.0,1.0,1.0,1.0,2.0,16.0,1.0,4.0,4.0,3.0,2.0,1.0,4.0,4.0,3.0,3.0,5.0,3.0,3.0,5.0,5.0,6.0,2.0,5.0,4.0,32.0,2048.0,1.0,64.0,32.0,1.0,1.0,1.0,1.0,40.0,4.0,1.0,780884192.0,34155157.0,1793800000.0,8.446025555555556,1536.0,10.0,431104.0,2.6671222176578144e+16,32.0,0.5687753333333334,10.0,249514.66666666666
128000.0,128000.0,256.0,64.0,2.0,12.0,34.0,14.0,2.0,5.0,3.0,2.0,5.0,6.0,4.0,4.0,3.0,2.0,6.0,4.0,4.0,3.0,2.0,4.0,6.0,4.0,3.0,4.0,1.0,1.0,3.0,3.0,2048.0,4.0,1.0,2048.0,256.0,1.0,1.0,1.0,1.0,128.0,4.0,1.0,4.0,1.0,6.0,2.0,2.0,4.0,6.0,5.0,2.0,6.0,5.0,2.0,5.0,4.0,1.0,5.0,6.0,4.0,256.0,2048.0,1.0,384.0,32.0,1.0,1.0,1.0,1.0,32.0,16.0,1.0,2207406340.0,47076040.0,299267000.0,2.189035555555556,476.0,10.0,25600.0,1.039159491580936e+17,11.914255555555556,1.8607611111111113,10.0,16056.888888888889
32000.0,4096000.0,256.0,64.0,2.0,26.0,4.0,24.0,3.0,5.0,3.0,2.0,5.0,3.0,1.0,2.0,3.0,4.0,3.0,5.0,2.0,5.0,2.0,6.0,4.0,3.0,6.0,5.0,1.0,2.0,5.0,1.0,1024.0,2048.0,1.0,4.0,1024.0,1.0,1.0,1.0,1.0,8.0,64.0,1.0,6.0,6.0,5.0,3.0,4.0,4.0,3.0,4.0,1.0,6.0,4.0,6.0,3.0,6.0,6.0,2.0,4.0,4.0,32.0,128.0,1.0,96.0,192.0,1.0,1.0,1.0,1.0,160.0,16.0,1.0,6107042426.0,44144024.0,42364100.0,0.567427,96.0,10.0,49408.0,2.6958942742236224e+17,4.0,0.4495985555555555,10.0,43008.0
16000.0,8192000.0,256.0,64.0,2.0,46.0,20.0,24.0,4.0,6.0,2.0,1.0,3.0,1.0,4.0,6.0,5.0,5.0,6.0,1.0,3.0,4.0,6.0,1.0,4.0,1.0,6.0,2.0,4.0,5.0,3.0,3.0,32.0,1.0,1.0,4.0,512.0,1.0,1.0,1.0,1.0,8.0,1.0,1.0,5.0,3.0,3.0,5.0,5.0,5.0,5.0,4.0,4.0,5.0,2.0,5.0,6.0,5.0,2.0,1.0,4.0,3.0,2048.0,128.0,1.0,256.0,3072.0,1.0,1.0,1.0,1.0,64.0,16.0,1.0,324020908.0,51689280.0,302843000.0,3.840996666666667,480.0,10.0,880640.0,1.674840743946624e+16,150.97435555555555,9.156422222222224,10.0,489459.55555555556
256.0,1024000.0,256.0,64.0,2.0,30.0,14.0,22.0,3.0,5.0,4.0,6.0,6.0,1.0,6.0,6.0,3.0,6.0,5.0,1.0,1.0,2.0,6.0,1.0,3.0,3.0,5.0,3.0,1.0,5.0,1.0,3.0,512.0,16.0,1.0,128.0,128.0,1.0,1.0,1.0,1.0,2.0,32.0,1.0,3.0,6.0,6.0,4.0,4.0,2.0,3.0,3.0,1.0,6.0,3.0,6.0,2.0,4.0,5.0,5.0,4.0,6.0,32.0,1.0,1.0,192.0,128.0,1.0,1.0,1.0,1.0,160.0,4.0,1.0,1848524845.0,121380199.0,167536000.0,1.4068377777777779,308.0,10.0,14704.0,2.2437431354254416e+17,13.096277777777777,7.7483262222222224,10.0,13573.333333333334
512000.0,2048000.0,256.0,64.0,2.0,36.0,10.0,4.0,4.0,6.0,3.0,1.0,1.0,1.0,5.0,6.0,5.0,1.0,4.0,4.0,3.0,1.0,3.0,2.0,2.0,3.0,3.0,5.0,2.0,6.0,3.0,3.0,4096.0,128.0,1.0,64.0,2048.0,1.0,1.0,1.0,1.0,4.0,16.0,1.0,6.0,2.0,4.0,6.0,1.0,1.0,4.0,4.0,4.0,1.0,2.0,2.0,3.0,1.0,4.0,6.0,2.0,5.0,128.0,256.0,1.0,1.0,1536.0,1.0,1.0,1.0,1.0,10.0,80.0,1.0,640439610.0,45566397.0,16959500.0,0.44790844444444444,40.0,10.0,169984.0,2.918252552378517e+16,36.38672222222222,4.727053333333334,10.0,78504.0
8192.0,256000.0,256.0,64.0,2.0,6.0,46.0,46.0,4.0,6.0,4.0,3.0,5.0,2.0,6.0,4.0,5.0,5.0,2.0,3.0,4.0,2.0,6.0,2.0,6.0,1.0,4.0,3.0,3.0,6.0,2.0,3.0,64.0,4096.0,1.0,64.0,16.0,1.0,1.0,1.0,1.0,128.0,1.0,1.0,2.0,4.0,2.0,2.0,6.0,2.0,1.0,3.0,2.0,5.0,1.0,2.0,2.0,4.0,3.0,1.0,6.0,5.0,16.0,2048.0,1.0,32.0,48.0,1.0,1.0,1.0,1.0,320.0,320.0,1.0,729863188.0,38219369.0,3096340000.0,13.049788888888889,2116.0,10.0,999424.0,2.7894910501688372e+16,36.74075555555555,1.5485006666666665,10.0,598528.0
8192.0,512000.0,256.0,64.0,3.0,38.0,42.0,44.0,6.0,1.0,1.0,1.0,2.0,1.0,2.0,6.0,4.0,6.0,4.0,3.0,1.0,5.0,5.0,6.0,2.0,6.0,6.0,6.0,6.0,4.0,6.0,2.0,2048.0,1.0,1.0,16.0,256.0,1.0,1.0,1.0,1.0,128.0,16.0,1.0,3.0,3.0,3.0,2.0,1.0,1.0,2.0,6.0,6.0,1.0,5.0,3.0,1.0,1.0,3.0,1.0,6.0,1.0,2.0,2.0,1.0,3072.0,12.0,1.0,1.0,1.0,1.0,64.0,4.0,1.0,192403349.0,33539133.0,2540090000000.0,2466.421111111111,70224.0,10.0,3211264.0,6453041511756417.0,267.06166666666667,3.082305555555555,10.0,1910499.5555555555
256000.0,32000.0,256.0,64.0,2.0,46.0,38.0,36.0,2.0,5.0,3.0,1.0,2.0,1.0,5.0,2.0,4.0,5.0,4.0,5.0,2.0,1.0,1.0,6.0,2.0,2.0,6.0,4.0,2.0,1.0,6.0,3.0,8.0,512.0,1.0,2048.0,1024.0,1.0,1.0,1.0,1.0,1.0,4.0,1.0,6.0,6.0,2.0,3.0,6.0,1.0,4.0,6.0,6.0,1.0,5.0,3.0,1.0,5.0,1.0,2.0,4.0,3.0,32.0,8.0,1.0,768.0,256.0,1.0,1.0,1.0,1.0,160.0,64.0,1.0,3825349870.0,48334910.0,1480570000.0,7.499126666666668,1368.0,10.0,410624.0,1.848979416849617e+17,7.555555555555555,0.9857457777777776,10.0,244522.66666666666
16000.0,2048000.0,256.0,64.0,2.0,44.0,4.0,44.0,3.0,4.0,1.0,6.0,1.0,5.0,2.0,3.0,5.0,6.0,3.0,3.0,5.0,4.0,6.0,4.0,4.0,6.0,3.0,3.0,3.0,6.0,3.0,4.0,4096.0,2048.0,1.0,256.0,32.0,1.0,1.0,1.0,1.0,128.0,8.0,1.0,3.0,6.0,5.0,4.0,1.0,5.0,2.0,5.0,5.0,2.0,3.0,2.0,6.0,4.0,5.0,6.0,2.0,3.0,1.0,4096.0,1.0,1024.0,32.0,1.0,1.0,1.0,1.0,32.0,10.0,1.0,6122639365.0,121969788.0,84241200.0,1.1797761111111111,176.0,10.0,264192.0,7.467770253495046e+17,4.0,2.2673835555555555,10.0,118920.88888888889
128000.0,16000.0,256.0,64.0,1.0,16.0,46.0,48.0,4.0,5.0,2.0,5.0,1.0,1.0,1.0,5.0,3.0,5.0,4.0,3.0,6.0,3.0,1.0,4.0,5.0,6.0,4.0,3.0,5.0,4.0,1.0,2.0,1.0,16.0,1.0,8.0,32.0,1.0,1.0,1.0,1.0,2.0,128.0,1.0,1.0,4.0,2.0,2.0,3.0,3.0,3.0,6.0,3.0,2.0,1.0,4.0,1.0,4.0,4.0,3.0,1.0,3.0,1.0,4096.0,1.0,512.0,24.0,1.0,1.0,1.0,1.0,4.0,2.0,1.0,509607945.0,201485380.0,20377200.0,0.212477,48.0,10.0,292.0,1.026785504493441e+17,47.83462222222222,47.83462222222222,10.0,292.0
256.0,16000.0,256.0,64.0,2.0,42.0,38.0,8.0,1.0,5.0,2.0,4.0,4.0,1.0,3.0,2.0,6.0,2.0,1.0,2.0,5.0,3.0,5.0,3.0,6.0,6.0,5.0,6.0,1.0,5.0,2.0,3.0,512.0,128.0,1.0,16.0,64.0,1.0,1.0,1.0,1.0,16.0,128.0,1.0,2.0,2.0,1.0,1.0,2.0,3.0,5.0,1.0,2.0,2.0,5.0,4.0,3.0,3.0,1.0,1.0,3.0,1.0,16.0,2.0,1.0,1536.0,32.0,1.0,1.0,1.0,1.0,32.0,20.0,1.0,203560160.0,78340226.0,164768000.0,1.7193633333333334,304.0,10.0,179200.0,1.594694893899616e+16,202.66666666666666,45.941582222222216,10.0,109413.33333333333
2048.0,32000.0,256.0,64.0,3.0,32.0,36.0,16.0,1.0,2.0,1.0,6.0,2.0,2.0,3.0,2.0,5.0,6.0,1.0,4.0,2.0,1.0,6.0,6.0,1.0,6.0,1.0,5.0,2.0,4.0,1.0,4.0,1.0,2048.0,1.0,512.0,128.0,1.0,1.0,1.0,1.0,128.0,16.0,1.0,4.0,2.0,3.0,4.0,2.0,6.0,3.0,3.0,2.0,3.0,4.0,5.0,1.0,1.0,4.0,2.0,3.0,2.0,256.0,4.0,1.0,1536.0,24.0,1.0,1.0,1.0,1.0,320.0,80.0,1.0,1703525888.0,32812663.8,180222000000.0,235.327,18432.0,10.0,2752512.0,5.5897222237540456e+16,19.555555555555557,0.034722222222222224,10.0,2297400.888888889
1024.0,8192000.0,256.0,64.0,3.0,18.0,18.0,28.0,3.0,1.0,3.0,6.0,6.0,3.0,2.0,2.0,5.0,6.0,2.0,6.0,5.0,1.0,5.0,5.0,3.0,1.0,3.0,2.0,4.0,5.0,2.0,1.0,4096.0,16.0,1.0,8.0,128.0,1.0,1.0,1.0,1.0,32.0,64.0,1.0,6.0,1.0,5.0,1.0,3.0,6.0,1.0,5.0,5.0,6.0,5.0,2.0,6.0,4.0,3.0,4.0,6.0,1.0,2048.0,4.0,1.0,768.0,192.0,1.0,1.0,1.0,1.0,160.0,16.0,1.0,2652203872.0,32506111.8,45431300000.0,87.47362222222222,9072.0,10.0,4947968.0,8.62128355796249e+16,18.666666666666668,0.08333333333333333,10.0,3695502.222222222
256.0,32000000.0,256.0,64.0,1.0,38.0,26.0,16.0,1.0,1.0,5.0,4.0,4.0,2.0,6.0,3.0,4.0,3.0,2.0,4.0,4.0,3.0,4.0,3.0,1.0,5.0,6.0,1.0,1.0,5.0,2.0,4.0,64.0,32.0,1.0,2.0,64.0,1.0,1.0,1.0,1.0,32.0,4.0,1.0,2.0,2.0,5.0,3.0,2.0,6.0,1.0,1.0,2.0,1.0,3.0,3.0,4.0,5.0,6.0,2.0,3.0,6.0,128.0,64.0,1.0,3072.0,3072.0,1.0,1.0,1.0,1.0,64.0,64.0,1.0,24427626505.0,247035780.0,7027210.0,0.07444540000000001,16.0,10.0,10.0,6.034497767211349e+18,1.0,1.0017333333333331,10.0,10.0
8192.0,8192000.0,256.0,64.0,1.0,48.0,46.0,48.0,3.0,5.0,3.0,4.0,6.0,6.0,2.0,5.0,5.0,4.0,1.0,4.0,5.0,4.0,6.0,6.0,3.0,1.0,4.0,6.0,2.0,4.0,2.0,4.0,512.0,8.0,1.0,16.0,8.0,1.0,1.0,1.0,1.0,2.0,32.0,1.0,3.0,4.0,2.0,1.0,5.0,6.0,3.0,5.0,5.0,5.0,2.0,1.0,4.0,4.0,2.0,4.0,5.0,1.0,1024.0,512.0,1.0,1.0,12.0,1.0,1.0,1.0,1.0,320.0,20.0,1.0,24427626505.0,256622400.0,20377200.0,0.211504,48.0,10.0,10.0,6.268676140016712e+18,1.0,1.0034711111111112,10.0,10.0
512000.0,512000.0,256.0,64.0,1.0,12.0,34.0,14.0,6.0,4.0,4.0,4.0,4.0,6.0,3.0,1.0,6.0,5.0,1.0,4.0,2.0,4.0,3.0,6.0,4.0,6.0,3.0,1.0,2.0,1.0,2.0,3.0,1.0,256.0,1.0,128.0,8.0,1.0,1.0,1.0,1.0,64.0,1.0,1.0,2.0,5.0,6.0,6.0,1.0,2.0,5.0,2.0,3.0,3.0,5.0,2.0,5.0,3.0,1.0,3.0,4.0,1.0,1.0,2048.0,1.0,32.0,32.0,1.0,1.0,1.0,1.0,5.0,40.0,1.0,1747386377.0,159231340.0,6227500.0,0.0661954,14.0,10.0,88.0,2.7823867430745517e+17,13.9795,13.90678888888889,10.0,88.0
1024.0,32000000.0,256.0,64.0,3.0,20.0,4.0,14.0,3.0,2.0,2.0,6.0,2.0,6.0,3.0,3.0,3.0,2.0,3.0,1.0,5.0,4.0,2.0,5.0,1.0,4.0,3.0,6.0,5.0,1.0,2.0,2.0,2048.0,8.0,1.0,4.0,2048.0,1.0,1.0,1.0,1.0,4.0,16.0,1.0,5.0,6.0,4.0,5.0,3.0,5.0,2.0,2.0,5.0,2.0,4.0,1.0,6.0,5.0,2.0,4.0,4.0,1.0,512.0,256.0,1.0,48.0,48.0,1.0,1.0,1.0,1.0,2.0,320.0,1.0,1566544488.0,34301743.6,1071700000.0,20.579822222222223,1120.0,10.0,9437184.0,5.373520736536928e+16,35.929833333333335,0.15842,10.0,4420721.777777778
32000.0,64000.0,256.0,64.0,3.0,6.0,6.0,6.0,2.0,3.0,6.0,3.0,4.0,4.0,1.0,1.0,1.0,2.0,5.0,4.0,3.0,2.0,5.0,2.0,1.0,6.0,3.0,4.0,6.0,4.0,4.0,4.0,128.0,64.0,1.0,16.0,64.0,1.0,1.0,1.0,1.0,1.0,32.0,1.0,2.0,1.0,2.0,4.0,6.0,1.0,2.0,5.0,6.0,4.0,2.0,5.0,5.0,1.0,3.0,5.0,6.0,1.0,1024.0,512.0,1.0,96.0,1536.0,1.0,1.0,1.0,1.0,1.0,32.0,1.0,24430120320.0,35437988.0,107931000.0,7.3341111111111115,216.0,10.0,3309568.0,8.657543107387162e+17,1.0,0.0137804,10.0,1851392.0
32000.0,8192000.0,256.0,64.0,2.0,28.0,22.0,22.0,2.0,1.0,5.0,4.0,6.0,5.0,4.0,6.0,6.0,1.0,1.0,4.0,6.0,1.0,1.0,2.0,5.0,6.0,5.0,5.0,5.0,1.0,3.0,3.0,4.0,8.0,1.0,2.0,512.0,1.0,1.0,1.0,1.0,4.0,8.0,1.0,2.0,1.0,3.0,3.0,1.0,3.0,3.0,5.0,5.0,3.0,3.0,6.0,4.0,5.0,2.0,6.0,2.0,6.0,16.0,2048.0,1.0,6.0,768.0,1.0,1.0,1.0,1.0,8.0,16.0,1.0,24588058633.0,62666230.0,306255000.0,2.1722366666666666,484.0,10.0,544.0,1.5408409375490637e+18,1.0,0.2020491111111111,10.0,330.6666666666667
4096.0,4096000.0,256.0,64.0,1.0,34.0,12.0,32.0,2.0,3.0,3.0,3.0,1.0,5.0,1.0,5.0,1.0,6.0,4.0,4.0,2.0,5.0,6.0,5.0,3.0,6.0,3.0,4.0,1.0,5.0,3.0,3.0,32.0,4096.0,1.0,1.0,256.0,1.0,1.0,1.0,1.0,2.0,16.0,1.0,5.0,5.0,3.0,6.0,3.0,6.0,6.0,5.0,3.0,1.0,6.0,1.0,6.0,1.0,5.0,5.0,4.0,4.0,64.0,32.0,1.0,1.0,8.0,1.0,1.0,1.0,1.0,8.0,5.0,1.0,24427626505.0,219814800.0,13571700.0,0.14276,32.0,10.0,10.0,5.369553834671274e+18,1.0,1.2221688888888889,10.0,10.0
8192.0,1024000.0,256.0,64.0,1.0,40.0,22.0,10.0,1.0,6.0,6.0,5.0,6.0,1.0,5.0,1.0,5.0,4.0,4.0,3.0,3.0,2.0,4.0,5.0,4.0,6.0,4.0,1.0,5.0,2.0,1.0,1.0,128.0,16.0,1.0,1.0,512.0,1.0,1.0,1.0,1.0,1.0,128.0,1.0,6.0,4.0,5.0,1.0,3.0,3.0,6.0,2.0,1.0,3.0,3.0,6.0,6.0,4.0,4.0,3.0,1.0,3.0,64.0,4096.0,1.0,512.0,1024.0,1.0,1.0,1.0,1.0,8.0,64.0,1.0,2448424969.0,162400920.0,4640290.0,0.0490743,10.0,10.0,64.0,3.9762646751657146e+17,9.981234444444445,9.981234444444445,10.0,64.0
128.0,1024000.0,256.0,64.0,2.0,44.0,22.0,30.0,5.0,1.0,6.0,3.0,1.0,3.0,1.0,2.0,4.0,3.0,2.0,2.0,1.0,1.0,3.0,1.0,3.0,1.0,2.0,5.0,4.0,4.0,5.0,5.0,2048.0,128.0,1.0,1.0,1.0,1.0,1.0,1.0,1.0,4.0,2.0,1.0,5.0,4.0,1.0,6.0,1.0,5.0,4.0,3.0,3.0,2.0,3.0,4.0,4.0,5.0,2.0,2.0,1.0,3.0,2048.0,64.0,1.0,1536.0,8.0,1.0,1.0,1.0,1.0,4.0,80.0,1.0,1138098199.0,65053190.0,476546000.0,3.0135788888888886,660.0,10.0,1600.0,7.403691837820482e+16,23.22961111111111,11.747294444444444,10.0,1232.0
256000.0,2048000.0,256.0,64.0,2.0,10.0,36.0,14.0,5.0,3.0,2.0,1.0,2.0,5.0,1.0,2.0,6.0,3.0,5.0,2.0,4.0,2.0,6.0,3.0,5.0,5.0,5.0,1.0,1.0,3.0,5.0,5.0,2048.0,256.0,1.0,128.0,16.0,1.0,1.0,1.0,1.0,8.0,2.0,1.0,4.0,1.0,4.0,5.0,4.0,2.0,3.0,5.0,2.0,3.0,4.0,6.0,6.0,2.0,1.0,4.0,6.0,3.0,2.0,32.0,1.0,512.0,384.0,1.0,1.0,1.0,1.0,64.0,2.0,1.0,829167521.0,43669270.0,324031000.0,2.600663333333333,504.0,10.0,147520.0,3.620914034977967e+16,27.072111111111113,3.869569444444445,10.0,97297.77777777778
128000.0,2048000.0,256.0,64.0,1.0,30.0,12.0,16.0,3.0,3.0,3.0,2.0,3.0,3.0,1.0,1.0,6.0,6.0,5.0,4.0,3.0,3.0,2.0,2.0,6.0,6.0,3.0,6.0,3.0,1.0,1.0,1.0,16.0,512.0,1.0,8.0,16.0,1.0,1.0,1.0,1.0,16.0,8.0,1.0,1.0,3.0,5.0,2.0,6.0,2.0,6.0,3.0,1.0,2.0,1.0,3.0,2.0,6.0,2.0,2.0,1.0,6.0,16.0,8.0,1.0,96.0,4.0,1.0,1.0,1.0,1.0,4.0,80.0,1.0,1526726665.0,159183060.0,7027220.0,0.0747559,16.0,10.0,100.0,2.430290223182949e+17,16.0,16.082666666666668,10.0,100.0
8192.0,128000.0,256.0,64.0,2.0,26.0,32.0,44.0,2.0,2.0,3.0,6.0,6.0,6.0,6.0,3.0,1.0,1.0,6.0,6.0,4.0,1.0,4.0,5.0,2.0,1.0,5.0,5.0,4.0,1.0,3.0,2.0,1.0,32.0,1.0,128.0,128.0,1.0,1.0,1.0,1.0,16.0,64.0,1.0,3.0,6.0,3.0,5.0,6.0,6.0,3.0,3.0,1.0,6.0,4.0,6.0,5.0,6.0,4.0,4.0,3.0,6.0,256.0,8.0,1.0,512.0,384.0,1.0,1.0,1.0,1.0,10.0,1.0,1.0,1166381130.0,62777260.0,1552500000.0,7.033611111111111,1408.0,10.0,56320.0,7.32222114571038e+16,21.333333333333332,5.775482222222222,10.0,46080.0
64000.0,256000.0,256.0,64.0,3.0,10.0,18.0,28.0,5.0,4.0,3.0,6.0,6.0,5.0,4.0,1.0,2.0,1.0,1.0,6.0,3.0,1.0,4.0,6.0,3.0,2.0,5.0,2.0,1.0,2.0,5.0,6.0,2048.0,256.0,1.0,8.0,2.0,1.0,1.0,1.0,1.0,128.0,32.0,1.0,5.0,5.0,4.0,3.0,2.0,1.0,5.0,6.0,2.0,4.0,2.0,6.0,4.0,5.0,6.0,6.0,5.0,5.0,2048.0,2.0,1.0,1024.0,16.0,1.0,1.0,1.0,1.0,80.0,160.0,1.0,5205259038.0,32510593.8,14884400000.0,45.27747777777777,5040.0,10.0,6160384.0,1.6922606220819677e+17,13.600000000000001,0.09201377777777778,10.0,3670926.222222222
128000.0,32000000.0,256.0,64.0,3.0,22.0,6.0,34.0,6.0,2.0,5.0,1.0,2.0,1.0,1.0,3.0,2.0,1.0,3.0,3.0,1.0,3.0,1.0,1.0,5.0,4.0,6.0,2.0,6.0,2.0,1.0,1.0,128.0,8.0,1.0,1.0,512.0,1.0,1.0,1.0,1.0,16.0,32.0,1.0,4.0,4.0,4.0,3.0,4.0,2.0,1.0,1.0,1.0,6.0,6.0,2.0,4.0,2.0,4.0,4.0,5.0,3.0,8.0,2048.0,1.0,16.0,1536.0,1.0,1.0,1.0,1.0,80.0,64.0,1.0,901797752.0,32543969.1,11992700000.0,58.548677777777776,4488.0,10.0,13484032.0,2.9348078175537464e+16,24.88888888888889,0.027777777777777776,10.0,8867384.888888888
32000.0,1024000.0,256.0,64.0,3.0,12.0,12.0,30.0,1.0,5.0,3.0,3.0,1.0,3.0,6.0,4.0,1.0,5.0,4.0,2.0,3.0,1.0,3.0,6.0,5.0,3.0,1.0,3.0,1.0,2.0,4.0,1.0,8.0,1024.0,1.0,1024.0,1.0,1.0,1.0,1.0,1.0,1.0,64.0,1.0,5.0,2.0,5.0,3.0,1.0,4.0,6.0,6.0,4.0,3.0,1.0,2.0,4.0,4.0,3.0,5.0,6.0,3.0,4.0,512.0,1.0,3072.0,96.0,1.0,1.0,1.0,1.0,20.0,320.0,1.0,4297656560.0,32585639.2,11173100000.0,43.85086666666667,4320.0,10.0,5439488.0,1.4004188606967315e+17,6.444444444444445,0.0,10.0,5002581.333333333
2048000.0,16000.0,256.0,64.0,3.0,48.0,44.0,20.0,6.0,1.0,4.0,3.0,2.0,2.0,6.0,5.0,5.0,2.0,6.0,1.0,4.0,3.0,6.0,1.0,4.0,2.0,3.0,5.0,6.0,3.0,4.0,3.0,512.0,256.0,1.0,4.0,512.0,1.0,1.0,1.0,1.0,64.0,2.0,1.0,2.0,5.0,2.0,6.0,4.0,6.0,6.0,2.0,1.0,5.0,2.0,4.0,2.0,4.0,1.0,5.0,2.0,6.0,1.0,32.0,1.0,512.0,32.0,1.0,1.0,1.0,1.0,160.0,5.0,1.0,728883252.0,32914028.0,925494000000.0,973.3256666666666,42240.0,10.0,4784128.0,2.3990483765059056e+16,74.66666666666667,0.30864222222222226,10.0,3364181.3333333335
1024.0,64000.0,256.0,64.0,3.0,40.0,32.0,6.0,1.0,3.0,2.0,5.0,3.0,1.0,2.0,2.0,5.0,5.0,2.0,6.0,3.0,4.0,3.0,4.0,6.0,3.0,2.0,1.0,6.0,1.0,5.0,1.0,128.0,16.0,1.0,2048.0,512.0,1.0,1.0,1.0,1.0,8.0,4.0,1.0,4.0,4.0,2.0,2.0,4.0,1.0,6.0,2.0,1.0,4.0,2.0,5.0,6.0,5.0,5.0,2.0,6.0,3.0,2.0,16.0,1.0,24.0,16.0,1.0,1.0,1.0,1.0,40.0,320.0,1.0,13499554286.0,37996555.0,33012200000.0,60.28424444444444,7680.0,10.0,1081344.0,5.1293655690348474e+17,29.555555555555557,0.27422077777777776,10.0,495246.22222222225
4096.0,256000.0,256.0,64.0,1.0,18.0,2.0,8.0,4.0,4.0,1.0,3.0,6.0,2.0,3.0,3.0,4.0,3.0,3.0,3.0,3.0,4.0,1.0,2.0,4.0,6.0,2.0,1.0,1.0,5.0,6.0,3.0,1.0,1024.0,1.0,64.0,2048.0,1.0,1.0,1.0,1.0,1.0,16.0,1.0,2.0,6.0,6.0,1.0,4.0,4.0,3.0,3.0,4.0,2.0,1.0,3.0,5.0,3.0,1.0,6.0,4.0,1.0,2.0,128.0,1.0,16.0,96.0,1.0,1.0,1.0,1.0,5.0,40.0,1.0,24427626505.0,199801580.0,3852790.0,0.0403688,8.0,10.0,10.0,4.880678371348878e+18,1.0,1.0001955555555555,10.0,10.0
512.0,2048000.0,256.0,64.0,1.0,46.0,4.0,14.0,5.0,6.0,1.0,5.0,4.0,3.0,5.0,4.0,2.0,4.0,5.0,4.0,6.0,6.0,6.0,5.0,3.0,6.0,6.0,6.0,5.0,5.0,3.0,6.0,32.0,1.0,1.0,128.0,1024.0,1.0,1.0,1.0,1.0,8.0,8.0,1.0,6.0,4.0,2.0,1.0,3.0,2.0,5.0,5.0,6.0,2.0,2.0,6.0,4.0,1.0,2.0,3.0,3.0,5.0,16.0,2048.0,1.0,48.0,1.0,1.0,1.0,1.0,1.0,10.0,1.0,1.0,1750073353.0,191130060.0,6227500.0,0.0661954,14.0,10.0,88.0,3.344916249632912e+17,13.949555555555555,13.949555555555555,10.0,88.0
16000.0,32000000.0,256.0,64.0,2.0,16.0,8.0,2.0,1.0,6.0,5.0,5.0,1.0,6.0,2.0,1.0,6.0,4.0,3.0,2.0,5.0,2.0,4.0,6.0,4.0,1.0,1.0,1.0,4.0,1.0,1.0,1.0,2.0,32.0,1.0,1024.0,1024.0,1.0,1.0,1.0,1.0,1.0,16.0,1.0,1.0,4.0,2.0,6.0,2.0,2.0,5.0,5.0,3.0,6.0,6.0,4.0,3.0,6.0,1.0,2.0,5.0,2.0,2048.0,1024.0,1.0,16.0,3.0,1.0,1.0,1.0,1.0,16.0,5.0,1.0,4664754824.0,60154150.0,7033410.0,0.20755922222222226,16.0,10.0,59632.0,2.806043613961196e+17,5.333333333333333,1.1110820000000001,10.0,38593.77777777778
2048000.0,256000.0,256.0,64.0,1.0,34.0,12.0,10.0,5.0,5.0,3.0,3.0,5.0,1.0,3.0,2.0,5.0,5.0,2.0,3.0,4.0,2.0,6.0,2.0,4.0,2.0,2.0,6.0,4.0,3.0,1.0,4.0,64.0,256.0,1.0,8.0,8.0,1.0,1.0,1.0,1.0,1.0,2.0,1.0,3.0,4.0,4.0,3.0,5.0,1.0,6.0,5.0,5.0,5.0,5.0,2.0,5.0,4.0,5.0,3.0,6.0,2.0,128.0,4096.0,1.0,192.0,256.0,1.0,1.0,1.0,1.0,1.0,10.0,1.0,2445148169.0,172371200.0,4640290.0,0.0490743,10.0,10.0,64.0,4.214731240683328e+17,9.99024,12.187466666666667,10.0,64.0
256000.0,512000.0,256.0,64.0,1.0,44.0,28.0,30.0,4.0,5.0,1.0,5.0,2.0,2.0,2.0,6.0,6.0,1.0,1.0,1.0,2.0,2.0,3.0,6.0,6.0,4.0,4.0,4.0,5.0,3.0,3.0,1.0,512.0,32.0,1.0,1.0,1024.0,1.0,1.0,1.0,1.0,32.0,32.0,1.0,1.0,5.0,2.0,5.0,2.0,3.0,3.0,5.0,4.0,4.0,5.0,1.0,2.0,3.0,6.0,1.0,1.0,6.0,256.0,8.0,1.0,128.0,3072.0,1.0,1.0,1.0,1.0,5.0,8.0,1.0,819724297.0,147028120.0,12739400.0,0.134783,30.0,10.0,184.0,1.2052252230623165e+17,29.7612,29.7612,10.0,184.0
4096.0,2048000.0,256.0,64.0,1.0,16.0,2.0,4.0,6.0,5.0,5.0,5.0,3.0,3.0,6.0,2.0,2.0,5.0,4.0,3.0,6.0,4.0,1.0,4.0,2.0,2.0,6.0,5.0,3.0,6.0,4.0,2.0,16.0,2048.0,1.0,2.0,8.0,1.0,1.0,1.0,1.0,64.0,8.0,1.0,3.0,6.0,3.0,4.0,6.0,2.0,1.0,3.0,4.0,2.0,3.0,2.0,1.0,6.0,3.0,5.0,2.0,2.0,32.0,1024.0,1.0,128.0,4.0,1.0,1.0,1.0,1.0,64.0,320.0,1.0,6106906633.0,215254980.0,2290050.0,0.023392600000000003,4.0,10.0,28.0,1.3145420651482824e+18,4.0,4.221567777777778,10.0,28.0
512000.0,32000.0,256.0,64.0,2.0,30.0,32.0,24.0,2.0,4.0,2.0,6.0,4.0,6.0,5.0,3.0,2.0,5.0,1.0,2.0,1.0,1.0,3.0,2.0,3.0,4.0,4.0,1.0,3.0,4.0,4.0,4.0,4.0,1.0,1.0,1.0,16.0,1.0,1.0,1.0,1.0,32.0,4.0,1.0,1.0,5.0,6.0,2.0,6.0,3.0,3.0,1.0,2.0,4.0,6.0,2.0,4.0,6.0,2.0,3.0,2.0,1.0,4.0,2048.0,1.0,8.0,1536.0,1.0,1.0,1.0,1.0,20.0,8.0,1.0,1178337309.0,72682980.0,596673000.0,3.5498266666666662,768.0,10.0,6208.0,8.564506706330082e+16,25.333333333333332,14.14478888888889,10.0,3677.3333333333335
128.0,8192000.0,256.0,64.0,2.0,42.0,34.0,18.0,5.0,2.0,1.0,2.0,3.0,2.0,2.0,2.0,2.0,2.0,1.0,4.0,2.0,1.0,1.0,6.0,3.0,4.0,4.0,6.0,3.0,4.0,5.0,2.0,1.0,4096.0,1.0,2048.0,4.0,1.0,1.0,1.0,1.0,32.0,2.0,1.0,4.0,5.0,3.0,4.0,2.0,4.0,4.0,3.0,3.0,4.0,4.0,3.0,5.0,4.0,2.0,2.0,5.0,5.0,2048.0,32.0,1.0,32.0,32.0,1.0,1.0,1.0,1.0,160.0,5.0,1.0,772006682.0,60960400.0,426980000.0,2.9336066666666665,612.0,10.0,80832.0,4.70618361373928e+16,32.82275555555556,10.2171,10.0,45095.11111111111
256000.0,2048000.0,256.0,64.0,3.0,12.0,10.0,8.0,5.0,4.0,2.0,1.0,1.0,4.0,4.0,4.0,4.0,5.0,4.0,4.0,5.0,1.0,6.0,2.0,4.0,3.0,5.0,5.0,6.0,2.0,1.0,5.0,2048.0,16.0,1.0,2048.0,2.0,1.0,1.0,1.0,1.0,2.0,1.0,1.0,3.0,2.0,5.0,1.0,1.0,4.0,4.0,5.0,3.0,3.0,1.0,1.0,3.0,4.0,5.0,5.0,4.0,2.0,2.0,2.0,1.0,48.0,256.0,1.0,1.0,1.0,1.0,320.0,20.0,1.0,534895882.0,36064337.3,841333000.0,30.630472222222224,960.0,10.0,16801792.0,1.9290665508828996e+16,48.75911111111111,1.5423555555555557,10.0,7573845.333333333
64000.0,1024000.0,256.0,64.0,2.0,4.0,16.0,10.0,6.0,1.0,6.0,2.0,2.0,1.0,2.0,5.0,6.0,3.0,2.0,4.0,2.0,2.0,2.0,6.0,6.0,4.0,6.0,4.0,5.0,1.0,6.0,1.0,256.0,2.0,1.0,128.0,512.0,1.0,1.0,1.0,1.0,32.0,32.0,1.0,6.0,1.0,2.0,1.0,2.0,1.0,2.0,1.0,1.0,2.0,5.0,4.0,6.0,2.0,1.0,4.0,1.0,2.0,64.0,512.0,1.0,512.0,96.0,1.0,1.0,1.0,1.0,80.0,5.0,1.0,1526802484.0,51217507.0,75342600.0,1.125523111111111,160.0,10.0,207808.0,7.81990169118874e+16,16.0,1.9512106666666666,10.0,123640.88888888889
64000.0,16000.0,256.0,64.0,3.0,16.0,6.0,24.0,6.0,3.0,5.0,5.0,3.0,1.0,5.0,2.0,2.0,6.0,6.0,1.0,5.0,2.0,6.0,5.0,3.0,6.0,6.0,2.0,6.0,4.0,4.0,5.0,32.0,128.0,1.0,64.0,1.0,1.0,1.0,1.0,1.0,64.0,128.0,1.0,3.0,4.0,5.0,1.0,1.0,1.0,2.0,5.0,5.0,1.0,6.0,3.0,5.0,6.0,6.0,5.0,4.0,4.0,2.0,512.0,1.0,6.0,6.0,1.0,1.0,1.0,1.0,40.0,8.0,1.0,672300896.0,45909333.8,3592080000.0,14.104244444444445,2304.0,10.0,802816.0,3.0864886248503084e+16,131.55555555555554,3.452472222222222,10.0,566424.8888888889
4096.0,256000.0,256.0,64.0,3.0,22.0,28.0,4.0,3.0,2.0,6.0,1.0,6.0,6.0,3.0,2.0,4.0,5.0,2.0,4.0,6.0,5.0,2.0,5.0,3.0,4.0,4.0,5.0,5.0,2.0,1.0,1.0,2.0,128.0,1.0,4.0,32.0,1.0,1.0,1.0,1.0,1.0,1.0,1.0,1.0,6.0,2.0,4.0,3.0,3.0,2.0,3.0,3.0,3.0,3.0,5.0,3.0,6.0,4.0,1.0,4.0,5.0,1024.0,512.0,1.0,3072.0,4.0,1.0,1.0,1.0,1.0,40.0,80.0,1.0,24696902148.0,43204790.0,4043020000.0,26.49443333333333,2464.0,10.0,6946816.0,1.067024470954889e+18,1.0,0.2092151111111111,10.0,3863267.5555555555
8192.0,512000.0,256.0,64.0,1.0,42.0,4.0,34.0,3.0,5.0,2.0,1.0,6.0,4.0,5.0,1.0,6.0,3.0,2.0,2.0,5.0,1.0,5.0,1.0,4.0,3.0,2.0,2.0,3.0,5.0,6.0,2.0,16.0,256.0,1.0,8.0,2048.0,1.0,1.0,1.0,1.0,32.0,16.0,1.0,2.0,2.0,3.0,3.0,2.0,5.0,6.0,6.0,4.0,3.0,5.0,5.0,3.0,5.0,4.0,2.0,1.0,4.0,4096.0,8.0,1.0,1536.0,2.0,1.0,1.0,1.0,1.0,5.0,20.0,1.0,24427626505.0,247040580.0,14408100.0,0.151341,34.0,10.0,10.0,6.034615019818573e+18,1.0,1.0018399999999998,10.0,10.0
64000.0,64000.0,256.0,64.0,3.0,30.0,12.0,38.0,3.0,1.0,1.0,6.0,1.0,1.0,3.0,5.0,4.0,5.0,4.0,2.0,2.0,4.0,3.0,5.0,5.0,6.0,5.0,2.0,5.0,2.0,2.0,6.0,64.0,512.0,1.0,128.0,1.0,1.0,1.0,1.0,1.0,64.0,8.0,1.0,3.0,2.0,4.0,6.0,2.0,4.0,6.0,1.0,3.0,3.0,2.0,5.0,4.0,2.0,4.0,2.0,6.0,4.0,128.0,2048.0,1.0,1536.0,192.0,1.0,1.0,1.0,1.0,1.0,10.0,1.0,274009408.0,32890070.0,100632000000.0,156.927,13680.0,10.0,8441856.0,9012188609778560.0,2282.6666666666665,12.944444444444445,10.0,4820992.0
32000.0,256000.0,256.0,64.0,1.0,14.0,28.0,12.0,2.0,5.0,6.0,4.0,6.0,1.0,1.0,2.0,5.0,3.0,4.0,1.0,6.0,2.0,3.0,5.0,2.0,4.0,1.0,3.0,5.0,5.0,4.0,1.0,4096.0,1024.0,1.0,8.0,256.0,1.0,1.0,1.0,1.0,1.0,32.0,1.0,4.0,2.0,6.0,6.0,1.0,2.0,4.0,1.0,3.0,5.0,5.0,4.0,3.0,2.0,4.0,3.0,4.0,2.0,4.0,2.0,1.0,12.0,24.0,1.0,1.0,1.0,1.0,40.0,16.0,1.0,24427626505.0,219814800.0,5431850.0,0.0574071,12.0,10.0,10.0,5.369553834671274e+18,1.0,1.2221688888888889,10.0,10.0
128.0,32000.0,256.0,64.0,2.0,48.0,24.0,6.0,4.0,4.0,1.0,6.0,6.0,5.0,3.0,1.0,6.0,2.0,1.0,3.0,2.0,6.0,3.0,3.0,1.0,5.0,3.0,4.0,4.0,1.0,4.0,4.0,64.0,16.0,1.0,16.0,256.0,1.0,1.0,1.0,1.0,32.0,8.0,1.0,1.0,4.0,3.0,1.0,4.0,4.0,6.0,2.0,3.0,5.0,2.0,2.0,6.0,4.0,3.0,3.0,2.0,1.0,8.0,32.0,1.0,2.0,2.0,1.0,1.0,1.0,1.0,64.0,160.0,1.0,4299030619.0,45619844.0,66690000.0,0.6543209999999999,144.0,10.0,8704.0,1.9612110619000342e+17,9.88888888888889,0.8468955555555555,10.0,7441.777777777777
64000.0,32000.0,256.0,64.0,3.0,38.0,38.0,16.0,2.0,1.0,1.0,3.0,2.0,2.0,3.0,1.0,3.0,1.0,2.0,6.0,1.0,1.0,4.0,2.0,5.0,2.0,2.0,1.0,4.0,2.0,1.0,1.0,64.0,1.0,1.0,512.0,16.0,1.0,1.0,1.0,1.0,128.0,4.0,1.0,3.0,4.0,5.0,1.0,2.0,4.0,3.0,6.0,1.0,3.0,2.0,6.0,2.0,5.0,6.0,2.0,1.0,2.0,2048.0,8.0,1.0,48.0,32.0,1.0,1.0,1.0,1.0,32.0,16.0,1.0,191437952.0,33647561.0,280911000000.0,335.606,23104.0,10.0,1538048.0,6441420167635072.0,217.39666666666665,2.773436,10.0,949134.2222222222
2048000.0,32000000.0,256.0,64.0,2.0,42.0,34.0,24.0,3.0,1.0,2.0,3.0,4.0,2.0,3.0,5.0,3.0,3.0,1.0,5.0,6.0,1.0,5.0,1.0,6.0,2.0,5.0,1.0,1.0,2.0,5.0,4.0,8.0,4.0,1.0,256.0,32.0,1.0,1.0,1.0,1.0,16.0,2.0,1.0,2.0,5.0,3.0,5.0,5.0,1.0,2.0,2.0,4.0,1.0,5.0,1.0,1.0,3.0,2.0,4.0,6.0,2.0,64.0,1.0,1.0,12.0,6.0,1.0,1.0,1.0,1.0,8.0,2.0,1.0,22900899849.0,139117140.0,653879000.0,3.775691111111111,816.0,10.0,400.0,3.1859076904193116e+18,2.3333333333333335,0.9572783333333332,10.0,200.0
128.0,64000.0,256.0,64.0,1.0,14.0,12.0,20.0,3.0,5.0,1.0,3.0,3.0,6.0,1.0,6.0,3.0,1.0,6.0,4.0,2.0,1.0,2.0,4.0,1.0,3.0,4.0,5.0,4.0,4.0,2.0,6.0,512.0,128.0,1.0,4.0,2.0,1.0,1.0,1.0,1.0,4.0,32.0,1.0,3.0,4.0,6.0,2.0,2.0,1.0,3.0,6.0,1.0,6.0,4.0,6.0,6.0,5.0,1.0,5.0,3.0,6.0,4.0,64.0,1.0,256.0,1536.0,1.0,1.0,1.0,1.0,32.0,80.0,1.0,24427626505.0,256622400.0,8638880.0,0.0914837,20.0,10.0,10.0,6.268676140016712e+18,1.0,1.0034711111111112,10.0,10.0
512000.0,64000.0,256.0,64.0,3.0,10.0,42.0,24.0,6.0,5.0,6.0,3.0,5.0,6.0,1.0,2.0,5.0,1.0,5.0,1.0,4.0,5.0,1.0,4.0,1.0,6.0,4.0,3.0,2.0,4.0,6.0,1.0,128.0,128.0,1.0,2048.0,128.0,1.0,1.0,1.0,1.0,2.0,128.0,1.0,6.0,3.0,5.0,5.0,2.0,5.0,1.0,5.0,1.0,1.0,2.0,6.0,2.0,2.0,5.0,5.0,3.0,1.0,64.0,128.0,1.0,24.0,1536.0,1.0,1.0,1.0,1.0,1.0,80.0,1.0,3054374976.0,33002318.0,55657100000.0,105.22333333333333,10080.0,10.0,6094848.0,1.0080145424919437e+17,8.0,0.0,10.0,5143665.777777778
256000.0,64000.0,256.0,64.0,1.0,46.0,26.0,42.0,5.0,4.0,1.0,3.0,2.0,6.0,1.0,6.0,6.0,6.0,5.0,5.0,5.0,4.0,1.0,5.0,1.0,4.0,1.0,5.0,6.0,2.0,2.0,5.0,1024.0,8.0,1.0,64.0,1024.0,1.0,1.0,1.0,1.0,8.0,2.0,1.0,3.0,4.0,4.0,6.0,5.0,2.0,4.0,4.0,5.0,4.0,6.0,3.0,3.0,6.0,2.0,6.0,3.0,2.0,64.0,256.0,1.0,192.0,48.0,1.0,1.0,1.0,1.0,5.0,1.0,1.0,24427626505.0,313743700.0,17794600.0,0.185699,42.0,10.0,10.0,7.664013921896769e+18,1.0,1.49988,10.0,10.0
1024000.0,128000.0,256.0,64.0,2.0,12.0,28.0,46.0,2.0,2.0,3.0,3.0,5.0,4.0,3.0,2.0,1.0,1.0,4.0,2.0,6.0,6.0,1.0,6.0,6.0,1.0,6.0,5.0,6.0,1.0,2.0,5.0,4.0,4.0,1.0,4.0,256.0,1.0,1.0,1.0,1.0,16.0,32.0,1.0,3.0,1.0,3.0,6.0,6.0,2.0,3.0,4.0,3.0,1.0,6.0,6.0,3.0,2.0,3.0,2.0,6.0,5.0,128.0,512.0,1.0,32.0,768.0,1.0,1.0,1.0,1.0,160.0,40.0,1.0,24444526776.0,44958320.0,1341480000.0,6.262193333333333,1288.0,10.0,20992.0,1.0989848570439763e+18,1.0,0.12962883333333333,10.0,11790.222222222223
8192.0,1024000.0,256.0,64.0,2.0,18.0,28.0,46.0,1.0,5.0,6.0,2.0,2.0,1.0,4.0,3.0,4.0,4.0,5.0,3.0,4.0,6.0,1.0,3.0,2.0,4.0,3.0,4.0,1.0,4.0,3.0,6.0,4096.0,512.0,1.0,128.0,32.0,1.0,1.0,1.0,1.0,128.0,64.0,1.0,1.0,5.0,1.0,3.0,1.0,4.0,4.0,6.0,1.0,2.0,3.0,3.0,5.0,2.0,3.0,1.0,3.0,3.0,4.0,1.0,1.0,3.0,4.0,1.0,1.0,1.0,1.0,80.0,8.0,1.0,7683969797.0,150023819.0,1341490000.0,6.378656666666667,1288.0,10.0,102400.0,1.1527784940265947e+18,15.88888888888889,2.007092222222222,10.0,45550.0
512000.0,1024000.0,256.0,64.0,1.0,34.0,44.0,36.0,2.0,3.0,3.0,5.0,4.0,5.0,5.0,3.0,3.0,4.0,5.0,5.0,5.0,6.0,6.0,5.0,1.0,2.0,2.0,6.0,5.0,2.0,6.0,1.0,64.0,1.0,1.0,8.0,1024.0,1.0,1.0,1.0,1.0,16.0,32.0,1.0,2.0,5.0,5.0,6.0,3.0,6.0,3.0,1.0,1.0,4.0,5.0,6.0,3.0,4.0,4.0,3.0,1.0,5.0,1024.0,64.0,1.0,768.0,96.0,1.0,1.0,1.0,1.0,320.0,80.0,1.0,763363337.0,257201500.0,15248700.0,0.16089099999999998,36.0,10.0,290.0,1.963381953214055e+17,32.0,32.16662222222222,10.0,290.0
16000.0,2048000.0,256.0,64.0,1.0,10.0,36.0,24.0,2.0,6.0,3.0,6.0,4.0,1.0,1.0,5.0,2.0,3.0,5.0,5.0,5.0,4.0,5.0,5.0,1.0,6.0,6.0,5.0,1.0,2.0,2.0,6.0,4096.0,32.0,1.0,512.0,8.0,1.0,1.0,1.0,1.0,64.0,1.0,1.0,5.0,3.0,6.0,4.0,4.0,1.0,5.0,6.0,1.0,2.0,3.0,1.0,2.0,2.0,2.0,5.0,4.0,1.0,1.0,32.0,1.0,12.0,1536.0,1.0,1.0,1.0,1.0,4.0,40.0,1.0,1019215881.0,190754920.0,10266900.0,0.10899800000000001,24.0,10.0,148.0,1.944204438428845e+17,23.917333333333332,23.917333333333332,10.0,148.0
256.0,256000.0,256.0,64.0,3.0,40.0,20.0,38.0,4.0,6.0,2.0,2.0,6.0,5.0,5.0,4.0,5.0,1.0,2.0,3.0,3.0,3.0,1.0,4.0,1.0,2.0,4.0,5.0,5.0,3.0,1.0,2.0,256.0,512.0,1.0,32.0,512.0,1.0,1.0,1.0,1.0,64.0,128.0,1.0,5.0,2.0,5.0,4.0,4.0,6.0,6.0,4.0,2.0,4.0,6.0,6.0,2.0,1.0,4.0,6.0,6.0,2.0,1.0,4096.0,1.0,3072.0,6.0,1.0,1.0,1.0,1.0,4.0,5.0,1.0,26575379152.0,32480787.7,482652000000.0,586.8427777777778,30400.0,10.0,25237504.0,8.63189248283118e+17,2.3333333333333335,0.0,10.0,15185920.0
32000.0,512000.0,256.0,64.0,2.0,24.0,24.0,48.0,6.0,6.0,1.0,1.0,5.0,5.0,3.0,5.0,6.0,3.0,4.0,3.0,5.0,2.0,5.0,5.0,3.0,6.0,3.0,5.0,4.0,3.0,1.0,2.0,4096.0,1024.0,1.0,1.0,256.0,1.0,1.0,1.0,1.0,128.0,16.0,1.0,2.0,5.0,4.0,4.0,1.0,3.0,3.0,6.0,1.0,6.0,6.0,5.0,5.0,1.0,4.0,1.0,2.0,1.0,512.0,64.0,1.0,4.0,96.0,1.0,1.0,1.0,1.0,320.0,160.0,1.0,1309766008.0,52554439.0,1120120000.0,6.678240000000001,1152.0,10.0,505088.0,6.883401777170951e+16,49.18516666666667,9.983481777777778,10.0,342513.77777777775
256000.0,64000.0,256.0,64.0,2.0,48.0,48.0,20.0,1.0,4.0,4.0,6.0,4.0,6.0,2.0,1.0,1.0,2.0,5.0,6.0,4.0,1.0,3.0,6.0,4.0,3.0,3.0,3.0,2.0,1.0,4.0,3.0,128.0,128.0,1.0,2048.0,16.0,1.0,1.0,1.0,1.0,128.0,16.0,1.0,3.0,3.0,2.0,6.0,4.0,5.0,3.0,4.0,6.0,2.0,2.0,5.0,6.0,6.0,4.0,3.0,1.0,5.0,1024.0,4096.0,1.0,128.0,3.0,1.0,1.0,1.0,1.0,4.0,8.0,1.0,1040248924.0,58848625.0,839627000.0,5.3311544444444445,960.0,10.0,400512.0,6.12172188351295e+16,25.77777777777778,6.395352444444445,10.0,240711.11111111112
512.0,32000000.0,256.0,64.0,3.0,2.0,4.0,18.0,6.0,1.0,3.0,6.0,3.0,2.0,3.0,3.0,2.0,5.0,6.0,2.0,6.0,1.0,2.0,2.0,3.0,5.0,6.0,2.0,6.0,3.0,2.0,4.0,2.0,32.0,1.0,128.0,4.0,1.0,1.0,1.0,1.0,64.0,8.0,1.0,2.0,5.0,3.0,3.0,6.0,3.0,5.0,5.0,5.0,1.0,5.0,2.0,2.0,2.0,6.0,3.0,4.0,6.0,128.0,512.0,1.0,6.0,1024.0,1.0,1.0,1.0,1.0,32.0,4.0,1.0,3062698824.0,35002562.0,66920800.0,4.962215111111112,144.0,10.0,2228224.0,1.0720230547438709e+17,8.0,0.14814833333333333,10.0,1256106.6666666667
64000.0,2048000.0,256.0,64.0,3.0,6.0,8.0,16.0,1.0,1.0,5.0,5.0,3.0,2.0,5.0,1.0,3.0,4.0,5.0,2.0,1.0,5.0,1.0,3.0,4.0,5.0,3.0,6.0,2.0,4.0,3.0,1.0,16.0,2.0,1.0,1.0,1024.0,1.0,1.0,1.0,1.0,1.0,8.0,1.0,2.0,2.0,3.0,6.0,4.0,6.0,6.0,2.0,6.0,2.0,1.0,5.0,2.0,5.0,1.0,3.0,4.0,1.0,2048.0,32.0,1.0,24.0,1.0,1.0,1.0,1.0,1.0,320.0,2.0,1.0,3898131908.0,34832549.0,596821000.0,6.342966666666667,768.0,10.0,1424384.0,1.3578187069387349e+17,6.222222222222222,0.14881727777777776,10.0,813283.5555555555
1024000.0,1024000.0,256.0,64.0,2.0,6.0,42.0,16.0,3.0,2.0,1.0,1.0,3.0,3.0,2.0,3.0,2.0,4.0,4.0,6.0,1.0,4.0,4.0,1.0,6.0,6.0,6.0,3.0,6.0,4.0,1.0,3.0,512.0,2048.0,1.0,2048.0,2.0,1.0,1.0,1.0,1.0,32.0,8.0,1.0,1.0,5.0,4.0,1.0,3.0,2.0,1.0,4.0,2.0,5.0,1.0,4.0,4.0,4.0,4.0,6.0,4.0,5.0,64.0,16.0,1.0,384.0,32.0,1.0,1.0,1.0,1.0,64.0,5.0,1.0,1087655018.0,62533580.0,489314000.0,3.28906,672.0,10.0,81952.0,6.801496208050444e+16,23.872999999999998,6.277425555555556,10.0,64227.555555555555
1024000.0,16000000.0,256.0,64.0,2.0,12.0,28.0,12.0,6.0,1.0,2.0,5.0,5.0,2.0,4.0,3.0,2.0,2.0,1.0,6.0,1.0,2.0,1.0,1.0,1.0,2.0,6.0,5.0,2.0,5.0,4.0,6.0,32.0,2.0,1.0,1024.0,32.0,1.0,1.0,1.0,1.0,128.0,128.0,1.0,4.0,2.0,1.0,4.0,3.0,5.0,4.0,4.0,1.0,5.0,6.0,6.0,2.0,1.0,3.0,6.0,3.0,5.0,8.0,64.0,1.0,2.0,48.0,1.0,1.0,1.0,1.0,320.0,32.0,1.0,188212876.0,36405658.0,187495000.0,1.5567044444444442,336.0,10.0,26112.0,6852013594852408.0,250.96922222222221,8.826122222222223,10.0,20138.666666666668
32000.0,16000.0,256.0,64.0,2.0,16.0,48.0,8.0,1.0,4.0,1.0,6.0,3.0,6.0,3.0,4.0,6.0,6.0,3.0,5.0,4.0,6.0,4.0,1.0,3.0,6.0,1.0,1.0,5.0,2.0,6.0,6.0,4096.0,4096.0,1.0,1.0,8.0,1.0,1.0,1.0,1.0,1.0,1.0,1.0,2.0,4.0,4.0,4.0,2.0,4.0,1.0,4.0,3.0,2.0,6.0,4.0,5.0,6.0,6.0,6.0,5.0,1.0,32.0,4096.0,1.0,32.0,1024.0,1.0,1.0,1.0,1.0,8.0,16.0,1.0,637618460.0,43007900.0,223646000.0,3.0080733333333334,384.0,10.0,794816.0,2.7422630965834e+16,36.44444444444444,4.434388888888888,10.0,377144.8888888889
2048000.0,8192000.0,256.0,64.0,2.0,30.0,42.0,18.0,6.0,2.0,4.0,2.0,5.0,2.0,3.0,1.0,4.0,1.0,3.0,6.0,3.0,6.0,1.0,6.0,3.0,6.0,2.0,4.0,1.0,1.0,1.0,4.0,4.0,4096.0,1.0,2048.0,16.0,1.0,1.0,1.0,1.0,128.0,2.0,1.0,6.0,6.0,5.0,2.0,4.0,5.0,2.0,1.0,5.0,1.0,1.0,2.0,1.0,5.0,3.0,4.0,5.0,5.0,2.0,512.0,1.0,1024.0,6.0,1.0,1.0,1.0,1.0,8.0,10.0,1.0,592384073.0,59297950.0,582739000.0,3.4920477777777776,756.0,10.0,6112.0,3.512716114155035e+16,41.42438888888889,13.601583333333334,10.0,4076.4444444444443
2048000.0,4096000.0,256.0,64.0,1.0,28.0,8.0,46.0,6.0,3.0,6.0,3.0,2.0,3.0,1.0,1.0,1.0,1.0,3.0,2.0,6.0,2.0,5.0,5.0,5.0,6.0,2.0,1.0,1.0,6.0,5.0,3.0,16.0,32.0,1.0,512.0,32.0,1.0,1.0,1.0,1.0,64.0,2.0,1.0,1.0,6.0,4.0,4.0,5.0,4.0,1.0,4.0,2.0,2.0,1.0,6.0,3.0,6.0,3.0,5.0,2.0,5.0,4096.0,4096.0,1.0,512.0,4.0,1.0,1.0,1.0,1.0,8.0,80.0,1.0,536739849.0,190932740.0,19512200.0,0.20383099999999998,46.0,10.0,280.0,1.0248121003675626e+17,45.5111,47.90647777777778,10.0,280.0
8192.0,16000000.0,256.0,64.0,1.0,32.0,44.0,14.0,3.0,2.0,3.0,6.0,1.0,2.0,5.0,1.0,2.0,6.0,5.0,3.0,5.0,1.0,3.0,2.0,5.0,2.0,5.0,6.0,3.0,5.0,1.0,4.0,1024.0,4.0,1.0,64.0,2048.0,1.0,1.0,1.0,1.0,32.0,2.0,1.0,4.0,5.0,3.0,2.0,1.0,6.0,6.0,5.0,3.0,6.0,3.0,2.0,6.0,5.0,1.0,4.0,5.0,3.0,64.0,4.0,1.0,192.0,64.0,1.0,1.0,1.0,1.0,20.0,2.0,1.0,1845493769.0,248990100.0,6227500.0,0.0662851,14.0,10.0,114.0,4.595096780926869e+17,13.096277777777777,13.140722222222221,10.0,114.0
128000.0,128000.0,256.0,64.0,3.0,4.0,20.0,42.0,6.0,4.0,4.0,4.0,6.0,6.0,5.0,4.0,5.0,5.0,1.0,4.0,6.0,2.0,4.0,4.0,4.0,3.0,5.0,1.0,3.0,2.0,2.0,5.0,32.0,64.0,1.0,2048.0,256.0,1.0,1.0,1.0,1.0,2.0,4.0,1.0,5.0,4.0,1.0,5.0,5.0,5.0,5.0,3.0,6.0,4.0,6.0,6.0,4.0,3.0,3.0,6.0,4.0,4.0,4096.0,64.0,1.0,32.0,1024.0,1.0,1.0,1.0,1.0,40.0,40.0,1.0,21206875392.0,33907382.6,7047070000.0,37.77001111111111,3360.0,10.0,8798208.0,7.19069637667069e+17,2.3333333333333335,0.01996528888888889,10.0,5362119.111111111
