l1_size,l2_size,noc_bw,offchip_bw,dim_num,dim_out,dim_mid,dim_in,p_c,p_k,p_x,p_y,p_r,p_s,o_c_out_0,o_k_out_0,o_x_out_0,o_y_out_0,o_r_out_0,o_s_out_0,o_c_mid_0,o_k_mid_0,o_x_mid_0,o_y_mid_0,o_r_mid_0,o_s_mid_0,o_c_in_0,o_k_in_0,o_x_in_0,o_y_in_0,o_r_in_0,o_s_in_0,t_c_d1_0,t_c_d2_0,t_c_d3_0,t_k_d1_0,t_k_d2_0,t_k_d3_0,t_x_d1_0,t_x_d2_0,t_x_d3_0,t_y_d1_0,t_y_d2_0,t_y_d3_0,o_c_out_1,o_k_out_1,o_x_out_1,o_y_out_1,o_r_out_1,o_s_out_1,o_c_mid_1,o_k_mid_1,o_x_mid_1,o_y_mid_1,o_r_mid_1,o_s_mid_1,o_c_in_1,o_k_in_1,o_x_in_1,o_y_in_1,o_r_in_1,o_s_in_1,t_c_d1_1,t_c_d2_1,t_c_d3_1,t_k_d1_1,t_k_d2_1,t_k_d3_1,t_x_d1_1,t_x_d2_1,t_x_d3_1,t_y_d1_1,t_y_d2_1,t_y_d3_1,o_c_out_2,o_k_out_2,o_x_out_2,o_y_out_2,o_r_out_2,o_s_out_2,o_c_mid_2,o_k_mid_2,o_x_mid_2,o_y_mid_2,o_r_mid_2,o_s_mid_2,o_c_in_2,o_k_in_2,o_x_in_2,o_y_in_2,o_r_in_2,o_s_in_2,t_c_d1_2,t_c_d2_2,t_c_d3_2,t_k_d1_2,t_k_d2_2,t_k_d3_2,t_x_d1_2,t_x_d2_2,t_x_d3_2,t_y_d1_2,t_y_d2_2,t_y_d3_2,o_c_out_3,o_k_out_3,o_x_out_3,o_y_out_3,o_r_out_3,o_s_out_3,o_c_mid_3,o_k_mid_3,o_x_mid_3,o_y_mid_3,o_r_mid_3,o_s_mid_3,o_c_in_3,o_k_in_3,o_x_in_3,o_y_in_3,o_r_in_3,o_s_in_3,t_c_d1_3,t_c_d2_3,t_c_d3_3,t_k_d1_3,t_k_d2_3,t_k_d3_3,t_x_d1_3,t_x_d2_3,t_x_d3_3,t_y_d1_3,t_y_d2_3,t_y_d3_3,o_c_out_4,o_k_out_4,o_x_out_4,o_y_out_4,o_r_out_4,o_s_out_4,o_c_mid_4,o_k_mid_4,o_x_mid_4,o_y_mid_4,o_r_mid_4,o_s_mid_4,o_c_in_4,o_k_in_4,o_x_in_4,o_y_in_4,o_r_in_4,o_s_in_4,t_c_d1_4,t_c_d2_4,t_c_d3_4,t_k_d1_4,t_k_d2_4,t_k_d3_4,t_x_d1_4,t_x_d2_4,t_x_d3_4,t_y_d1_4,t_y_d2_4,t_y_d3_4,o_c_out_5,o_k_out_5,o_x_out_5,o_y_out_5,o_r_out_5,o_s_out_5,o_c_mid_5,o_k_mid_5,o_x_mid_5,o_y_mid_5,o_r_mid_5,o_s_mid_5,o_c_in_5,o_k_in_5,o_x_in_5,o_y_in_5,o_r_in_5,o_s_in_5,t_c_d1_5,t_c_d2_5,t_c_d3_5,t_k_d1_5,t_k_d2_5,t_k_d3_5,t_x_d1_5,t_x_d2_5,t_x_d3_5,t_y_d1_5,t_y_d2_5,t_y_d3_5,latency,energy,area,power,cnt_pes,l1_mem,l2_mem,edp,pe_util,noc_bw_req,l1_mem_req,l2_mem_req
2048.0,4096000.0,256.0,64.0,1.0,6.0,32.0,16.0,1.0,4.0,1.0,6.0,2.0,1.0,1.0,5.0,6.0,2.0,3.0,1.0,3.0,4.0,2.0,2.0,2.0,4.0,4.0,5.0,1.0,3.0,5.0,4.0,32.0,1.0,1.0,96.0,128.0,1.0,1.0,1.0,1.0,1.0,1.0,1.0,5.0,5.0,2.0,2.0,4.0,6.0,3.0,2.0,1.0,1.0,1.0,1.0,6.0,2.0,2.0,4.0,4.0,2.0,64.0,8.0,1.0,128.0,64.0,1.0,1.0,64.0,1.0,1.0,1.0,1.0,1.0,5.0,5.0,4.0,1.0,4.0,1.0,2.0,3.0,5.0,1.0,5.0,6.0,1.0,2.0,1.0,4.0,4.0,32.0,8.0,1.0,4.0,1.0,1.0,4.0,1.0,1.0,1.0,1.0,1.0,3.0,5.0,1.0,1.0,4.0,3.0,4.0,3.0,3.0,5.0,5.0,6.0,3.0,2.0,3.0,2.0,4.0,2.0,4.0,32.0,1.0,512.0,128.0,1.0,1.0,1.0,1.0,1.0,1.0,1.0,3.0,6.0,3.0,3.0,5.0,6.0,5.0,5.0,2.0,1.0,6.0,4.0,3.0,1.0,4.0,4.0,3.0,3.0,64.0,512.0,1.0,2048.0,2.0,1.0,1.0,1.0,1.0,1.0,1.0,1.0,5.0,5.0,6.0,6.0,2.0,2.0,4.0,2.0,1.0,3.0,1.0,1.0,3.0,4.0,3.0,1.0,2.0,3.0,4.0,128.0,1.0,512.0,128.0,1.0,1.0,1.0,1.0,1.0,1.0,1.0,2516582520.0,21893282.400000002,7028100.0,0.08016964000000001,16.0,514.0,514.0,5.5096251793263656e+16,1.0,1.0008529999999995,107.6,107.6
16000.0,2048000.0,256.0,64.0,3.0,36.0,42.0,10.0,4.0,3.0,6.0,5.0,3.0,3.0,5.0,4.0,4.0,4.0,5.0,3.0,6.0,2.0,3.0,6.0,5.0,4.0,4.0,6.0,4.0,5.0,4.0,2.0,16.0,4.0,1.0,1.0,1536.0,1.0,1.0,1.0,1.0,1.0,1.0,1.0,3.0,6.0,1.0,1.0,3.0,5.0,6.0,3.0,5.0,6.0,1.0,4.0,4.0,4.0,4.0,1.0,3.0,5.0,64.0,16.0,1.0,4.0,128.0,1.0,64.0,4.0,1.0,1.0,1.0,1.0,3.0,3.0,2.0,1.0,5.0,5.0,4.0,6.0,2.0,3.0,5.0,5.0,5.0,1.0,1.0,4.0,2.0,2.0,128.0,1.0,1.0,32.0,32.0,1.0,16.0,4.0,1.0,1.0,1.0,1.0,5.0,5.0,1.0,1.0,6.0,6.0,2.0,2.0,1.0,3.0,6.0,5.0,1.0,1.0,2.0,3.0,1.0,3.0,1.0,8.0,1.0,512.0,1.0,1.0,1.0,1.0,1.0,1.0,1.0,1.0,4.0,1.0,5.0,2.0,1.0,1.0,1.0,5.0,3.0,3.0,2.0,6.0,1.0,2.0,6.0,5.0,3.0,6.0,512.0,32.0,1.0,256.0,128.0,1.0,1.0,1.0,1.0,1.0,1.0,1.0,3.0,5.0,6.0,2.0,2.0,1.0,1.0,6.0,1.0,4.0,2.0,3.0,1.0,5.0,4.0,6.0,5.0,4.0,16.0,1.0,1.0,512.0,128.0,1.0,1.0,1.0,1.0,1.0,1.0,1.0,1279401096.0,4389274.9,122320000000.0,170.02855,15120.0,514.0,458752.0,5615643117705291.0,8.7,0.019140625,107.6,97587.2
2048000.0,32000000.0,256.0,64.0,3.0,46.0,26.0,6.0,2.0,4.0,3.0,2.0,6.0,3.0,2.0,6.0,3.0,2.0,1.0,4.0,2.0,4.0,5.0,3.0,1.0,2.0,5.0,4.0,3.0,3.0,5.0,5.0,16.0,2.0,1.0,8.0,384.0,1.0,1.0,1.0,1.0,1.0,1.0,1.0,5.0,2.0,2.0,5.0,2.0,5.0,3.0,3.0,3.0,1.0,6.0,3.0,4.0,2.0,4.0,5.0,2.0,2.0,4.0,64.0,1.0,128.0,64.0,1.0,32.0,4.0,1.0,1.0,1.0,1.0,6.0,5.0,1.0,5.0,6.0,5.0,5.0,1.0,1.0,3.0,2.0,1.0,5.0,1.0,4.0,4.0,2.0,1.0,8.0,4.0,1.0,64.0,8.0,1.0,16.0,4.0,1.0,1.0,1.0,1.0,4.0,3.0,6.0,4.0,1.0,5.0,6.0,4.0,4.0,5.0,6.0,6.0,3.0,5.0,5.0,1.0,3.0,6.0,16.0,8.0,1.0,2.0,128.0,1.0,1.0,1.0,1.0,1.0,1.0,1.0,1.0,1.0,2.0,3.0,5.0,3.0,6.0,1.0,2.0,4.0,1.0,2.0,5.0,5.0,4.0,1.0,2.0,2.0,128.0,2.0,1.0,256.0,128.0,1.0,1.0,1.0,1.0,1.0,1.0,1.0,2.0,4.0,4.0,3.0,6.0,2.0,6.0,6.0,1.0,5.0,5.0,1.0,3.0,4.0,6.0,3.0,4.0,5.0,2.0,256.0,1.0,4.0,128.0,1.0,1.0,1.0,1.0,1.0,1.0,1.0,495630000.0,4204591.119999999,29003000000.0,55.69126500000001,7176.0,514.0,163840.0,2083921496805599.5,19.166665000000002,1.6742190000000001,107.6,36966.4
512.0,128000.0,256.0,64.0,2.0,10.0,8.0,48.0,2.0,2.0,2.0,6.0,2.0,6.0,2.0,2.0,6.0,1.0,1.0,5.0,3.0,2.0,3.0,2.0,6.0,5.0,3.0,5.0,3.0,6.0,3.0,6.0,32.0,2.0,1.0,8.0,384.0,1.0,1.0,1.0,1.0,1.0,1.0,1.0,6.0,2.0,2.0,3.0,5.0,4.0,6.0,5.0,4.0,3.0,4.0,3.0,2.0,1.0,1.0,2.0,1.0,6.0,8.0,16.0,1.0,8.0,64.0,1.0,128.0,64.0,1.0,1.0,1.0,1.0,3.0,1.0,6.0,2.0,2.0,6.0,2.0,6.0,6.0,2.0,3.0,2.0,1.0,3.0,5.0,2.0,3.0,5.0,64.0,8.0,1.0,1.0,1.0,1.0,32.0,2.0,1.0,1.0,1.0,1.0,2.0,2.0,6.0,1.0,6.0,3.0,1.0,6.0,5.0,2.0,5.0,2.0,3.0,1.0,3.0,3.0,3.0,6.0,16.0,64.0,1.0,256.0,512.0,1.0,1.0,1.0,1.0,1.0,1.0,1.0,5.0,4.0,3.0,2.0,2.0,3.0,6.0,3.0,2.0,3.0,4.0,5.0,4.0,6.0,5.0,1.0,3.0,6.0,8.0,8.0,1.0,1.0,4.0,1.0,1.0,1.0,1.0,1.0,1.0,1.0,4.0,1.0,2.0,3.0,4.0,5.0,1.0,5.0,2.0,5.0,5.0,6.0,2.0,4.0,6.0,5.0,6.0,1.0,1.0,512.0,1.0,256.0,16.0,1.0,1.0,1.0,1.0,1.0,1.0,1.0,2521215744.0,9750000.54,223592000.0,1.8543235,384.0,514.0,77824.0,2.45818548654565e+16,1.0,0.6790932000000001,107.6,5247.2
32000.0,64000.0,256.0,64.0,1.0,30.0,34.0,20.0,3.0,5.0,3.0,6.0,5.0,6.0,2.0,1.0,5.0,2.0,2.0,5.0,1.0,5.0,5.0,3.0,2.0,1.0,6.0,4.0,5.0,1.0,5.0,3.0,256.0,128.0,1.0,32.0,1536.0,1.0,1.0,1.0,1.0,1.0,1.0,1.0,1.0,1.0,3.0,1.0,1.0,2.0,5.0,2.0,3.0,5.0,1.0,6.0,4.0,6.0,6.0,1.0,3.0,3.0,4.0,1.0,1.0,1.0,2.0,1.0,16.0,4.0,1.0,1.0,1.0,1.0,5.0,3.0,3.0,1.0,3.0,2.0,6.0,1.0,5.0,6.0,6.0,4.0,4.0,6.0,6.0,2.0,1.0,1.0,8.0,8.0,1.0,32.0,8.0,1.0,2.0,8.0,1.0,1.0,1.0,1.0,4.0,6.0,1.0,1.0,5.0,3.0,6.0,4.0,3.0,6.0,1.0,6.0,5.0,4.0,4.0,1.0,2.0,1.0,1.0,1.0,1.0,8.0,32.0,1.0,1.0,1.0,1.0,1.0,1.0,1.0,1.0,5.0,1.0,5.0,2.0,4.0,6.0,1.0,3.0,4.0,6.0,1.0,4.0,2.0,1.0,3.0,5.0,5.0,32.0,8.0,1.0,2.0,32.0,1.0,1.0,1.0,1.0,1.0,1.0,1.0,1.0,1.0,1.0,2.0,2.0,6.0,4.0,5.0,6.0,3.0,1.0,4.0,3.0,3.0,5.0,4.0,1.0,4.0,128.0,64.0,1.0,64.0,256.0,1.0,1.0,1.0,1.0,1.0,1.0,1.0,2516582520.0,15797298.0,8639980.0,0.09855491999999999,20.0,514.0,514.0,3.975520401003096e+16,1.0,1.7906290000000002,107.6,107.6
512.0,8192000.0,256.0,64.0,3.0,6.0,18.0,42.0,6.0,6.0,1.0,3.0,5.0,3.0,1.0,4.0,5.0,3.0,6.0,3.0,1.0,4.0,5.0,3.0,3.0,1.0,4.0,6.0,3.0,3.0,6.0,6.0,1.0,1.0,1.0,1.0,24.0,1.0,1.0,1.0,1.0,1.0,1.0,1.0,1.0,1.0,2.0,3.0,1.0,2.0,5.0,1.0,6.0,5.0,5.0,4.0,5.0,3.0,6.0,1.0,5.0,5.0,4.0,4.0,1.0,8.0,8.0,1.0,16.0,2.0,1.0,1.0,1.0,1.0,5.0,1.0,3.0,3.0,2.0,2.0,3.0,4.0,3.0,5.0,5.0,5.0,2.0,2.0,5.0,2.0,1.0,4.0,8.0,1.0,1.0,4.0,128.0,1.0,1.0,32.0,1.0,1.0,1.0,1.0,6.0,1.0,5.0,3.0,5.0,4.0,2.0,6.0,2.0,6.0,5.0,6.0,1.0,5.0,1.0,6.0,3.0,4.0,2.0,16.0,1.0,4.0,16.0,1.0,1.0,1.0,1.0,1.0,1.0,1.0,1.0,1.0,3.0,3.0,5.0,1.0,2.0,5.0,5.0,5.0,5.0,2.0,1.0,4.0,1.0,1.0,6.0,6.0,16.0,256.0,1.0,1024.0,4.0,1.0,1.0,1.0,1.0,1.0,1.0,1.0,2.0,3.0,4.0,2.0,5.0,4.0,1.0,4.0,6.0,6.0,6.0,6.0,4.0,3.0,6.0,4.0,4.0,5.0,2048.0,8.0,1.0,32.0,16.0,1.0,1.0,1.0,1.0,1.0,1.0,1.0,454640232.0,4487452.46,12230900000.0,30.28236,4536.0,514.0,1441792.0,2040176427503370.8,42.712077,1.2781798499999997,107.6,117236.8
512.0,16000.0,256.0,64.0,3.0,30.0,44.0,20.0,5.0,6.0,2.0,2.0,6.0,3.0,1.0,1.0,5.0,1.0,2.0,6.0,1.0,2.0,6.0,2.0,2.0,6.0,4.0,6.0,1.0,6.0,3.0,6.0,128.0,512.0,1.0,64.0,24.0,1.0,1.0,1.0,1.0,1.0,1.0,1.0,1.0,1.0,6.0,4.0,5.0,2.0,4.0,1.0,4.0,2.0,6.0,3.0,4.0,3.0,2.0,6.0,6.0,3.0,32.0,32.0,1.0,1.0,64.0,1.0,128.0,2.0,1.0,1.0,1.0,1.0,6.0,5.0,3.0,4.0,3.0,6.0,4.0,2.0,1.0,6.0,2.0,4.0,3.0,1.0,6.0,1.0,3.0,3.0,32.0,4.0,1.0,1.0,4.0,1.0,64.0,64.0,1.0,1.0,1.0,1.0,6.0,6.0,6.0,4.0,1.0,5.0,1.0,2.0,5.0,4.0,4.0,1.0,1.0,6.0,4.0,3.0,6.0,2.0,16.0,4.0,1.0,256.0,512.0,1.0,1.0,1.0,1.0,1.0,1.0,1.0,1.0,1.0,4.0,1.0,6.0,1.0,1.0,2.0,4.0,6.0,6.0,1.0,1.0,1.0,3.0,4.0,4.0,6.0,2.0,1.0,1.0,4.0,4.0,1.0,1.0,1.0,1.0,1.0,1.0,1.0,3.0,2.0,5.0,2.0,1.0,6.0,2.0,4.0,5.0,4.0,3.0,6.0,4.0,6.0,4.0,1.0,3.0,1.0,2048.0,1.0,1.0,8.0,128.0,1.0,1.0,1.0,1.0,1.0,1.0,1.0,284451858.0,5685836.09,365330000000.0,427.6953,26400.0,514.0,2719744.0,1617346640083955.2,62.16507,1.5699325,107.6,273150.4
256.0,32000000.0,256.0,64.0,3.0,34.0,10.0,18.0,3.0,5.0,2.0,1.0,1.0,6.0,6.0,5.0,3.0,1.0,1.0,4.0,3.0,4.0,3.0,2.0,6.0,1.0,5.0,6.0,3.0,5.0,5.0,5.0,1.0,4.0,1.0,256.0,12.0,1.0,1.0,1.0,1.0,1.0,1.0,1.0,4.0,6.0,1.0,5.0,6.0,3.0,5.0,6.0,5.0,2.0,1.0,3.0,1.0,4.0,1.0,5.0,5.0,3.0,1.0,16.0,1.0,64.0,4.0,1.0,16.0,2.0,1.0,1.0,1.0,1.0,1.0,4.0,5.0,3.0,4.0,6.0,1.0,3.0,1.0,1.0,2.0,1.0,2.0,6.0,5.0,4.0,3.0,6.0,16.0,8.0,1.0,1.0,64.0,1.0,16.0,4.0,1.0,1.0,1.0,1.0,6.0,1.0,1.0,2.0,1.0,2.0,3.0,4.0,1.0,6.0,4.0,5.0,5.0,6.0,5.0,1.0,1.0,3.0,1.0,4.0,1.0,64.0,4.0,1.0,1.0,1.0,1.0,1.0,1.0,1.0,1.0,2.0,1.0,2.0,6.0,6.0,2.0,1.0,1.0,1.0,5.0,4.0,1.0,4.0,5.0,4.0,3.0,3.0,64.0,512.0,1.0,2048.0,512.0,1.0,1.0,1.0,1.0,1.0,1.0,1.0,1.0,3.0,1.0,4.0,2.0,6.0,1.0,5.0,1.0,1.0,2.0,6.0,4.0,6.0,5.0,6.0,5.0,4.0,8.0,1.0,1.0,64.0,32.0,1.0,1.0,1.0,1.0,1.0,1.0,1.0,514662618.0,5283207.300000001,21441900000.0,45.062385000000006,6120.0,514.0,2752512.0,2719069300454712.0,36.507160000000006,2.1324886500000004,107.6,146611.2
32000.0,64000.0,256.0,64.0,1.0,6.0,2.0,22.0,5.0,5.0,5.0,6.0,5.0,4.0,1.0,6.0,3.0,5.0,4.0,1.0,2.0,5.0,2.0,6.0,1.0,6.0,6.0,4.0,6.0,6.0,6.0,5.0,8.0,16.0,1.0,2.0,1536.0,1.0,1.0,1.0,1.0,1.0,1.0,1.0,6.0,5.0,5.0,1.0,3.0,2.0,6.0,1.0,4.0,5.0,2.0,6.0,2.0,1.0,3.0,3.0,3.0,1.0,16.0,2.0,1.0,2.0,2.0,1.0,1.0,8.0,1.0,1.0,1.0,1.0,3.0,2.0,2.0,6.0,1.0,3.0,6.0,1.0,5.0,1.0,2.0,4.0,2.0,6.0,1.0,1.0,4.0,6.0,8.0,128.0,1.0,16.0,64.0,1.0,64.0,1.0,1.0,1.0,1.0,1.0,2.0,5.0,3.0,1.0,2.0,1.0,1.0,4.0,3.0,5.0,1.0,2.0,4.0,4.0,5.0,1.0,6.0,2.0,4.0,2.0,1.0,512.0,512.0,1.0,1.0,1.0,1.0,1.0,1.0,1.0,1.0,1.0,4.0,2.0,5.0,6.0,6.0,3.0,2.0,3.0,5.0,2.0,5.0,3.0,1.0,1.0,1.0,5.0,256.0,32.0,1.0,256.0,8.0,1.0,1.0,1.0,1.0,1.0,1.0,1.0,1.0,6.0,2.0,2.0,6.0,3.0,5.0,2.0,4.0,4.0,2.0,2.0,1.0,3.0,3.0,2.0,2.0,1.0,4.0,16.0,1.0,32.0,1.0,1.0,1.0,1.0,1.0,1.0,1.0,1.0,2516582520.0,19087429.200000003,9452030.0,0.10774740000000001,22.0,514.0,514.0,4.803509067645759e+16,1.0,1.0096669999999999,107.6,107.6
512000.0,2048000.0,256.0,64.0,2.0,12.0,44.0,40.0,1.0,4.0,1.0,2.0,5.0,3.0,1.0,3.0,4.0,1.0,5.0,3.0,2.0,5.0,6.0,2.0,5.0,3.0,5.0,3.0,2.0,2.0,1.0,5.0,8.0,16.0,1.0,16.0,12.0,1.0,1.0,1.0,1.0,1.0,1.0,1.0,1.0,6.0,4.0,2.0,2.0,1.0,1.0,3.0,1.0,1.0,6.0,3.0,4.0,3.0,2.0,4.0,3.0,2.0,64.0,64.0,1.0,16.0,8.0,1.0,4.0,2.0,1.0,1.0,1.0,1.0,6.0,2.0,2.0,2.0,5.0,3.0,5.0,4.0,6.0,4.0,1.0,6.0,3.0,5.0,2.0,1.0,1.0,1.0,64.0,2.0,1.0,1.0,64.0,1.0,8.0,32.0,1.0,1.0,1.0,1.0,4.0,5.0,6.0,2.0,1.0,6.0,3.0,4.0,2.0,3.0,1.0,4.0,4.0,4.0,6.0,4.0,1.0,3.0,128.0,128.0,1.0,2.0,1.0,1.0,1.0,1.0,1.0,1.0,1.0,1.0,2.0,2.0,6.0,4.0,4.0,5.0,5.0,1.0,3.0,3.0,3.0,2.0,5.0,6.0,2.0,1.0,1.0,3.0,128.0,16.0,1.0,512.0,512.0,1.0,1.0,1.0,1.0,1.0,1.0,1.0,4.0,2.0,3.0,4.0,4.0,1.0,1.0,5.0,2.0,4.0,2.0,5.0,1.0,4.0,6.0,3.0,1.0,2.0,1024.0,32.0,1.0,256.0,8.0,1.0,1.0,1.0,1.0,1.0,1.0,1.0,432674490.0,6091266.4799999995,2256250000.0,9.492404,1760.0,514.0,151552.0,2635535617688095.0,6.61923,0.8924014000000001,107.6,10590.4
256000.0,32000.0,256.0,64.0,3.0,26.0,30.0,14.0,2.0,1.0,6.0,4.0,5.0,4.0,2.0,6.0,4.0,3.0,4.0,3.0,3.0,5.0,1.0,1.0,6.0,3.0,1.0,3.0,2.0,2.0,5.0,3.0,4.0,64.0,1.0,12.0,384.0,1.0,1.0,1.0,1.0,1.0,1.0,1.0,3.0,1.0,2.0,4.0,2.0,5.0,6.0,2.0,1.0,3.0,6.0,6.0,4.0,5.0,5.0,4.0,5.0,2.0,1.0,16.0,1.0,128.0,8.0,1.0,128.0,128.0,1.0,1.0,1.0,1.0,3.0,2.0,4.0,5.0,6.0,2.0,6.0,6.0,4.0,5.0,1.0,2.0,3.0,5.0,6.0,2.0,6.0,6.0,4.0,2.0,1.0,2.0,8.0,1.0,64.0,64.0,1.0,1.0,1.0,1.0,1.0,3.0,1.0,2.0,4.0,5.0,2.0,5.0,2.0,3.0,2.0,2.0,2.0,3.0,1.0,5.0,5.0,6.0,8.0,8.0,1.0,256.0,16.0,1.0,1.0,1.0,1.0,1.0,1.0,1.0,3.0,4.0,1.0,5.0,1.0,2.0,4.0,2.0,5.0,2.0,5.0,5.0,6.0,3.0,1.0,4.0,4.0,2.0,128.0,512.0,1.0,64.0,128.0,1.0,1.0,1.0,1.0,1.0,1.0,1.0,5.0,6.0,4.0,2.0,6.0,6.0,4.0,1.0,5.0,3.0,3.0,6.0,2.0,5.0,3.0,4.0,6.0,2.0,2048.0,2.0,1.0,512.0,16.0,1.0,1.0,1.0,1.0,1.0,1.0,1.0,2517210036.0,4123233.1000000006,64969900000.0,103.08797000000001,10920.0,514.0,2752512.0,1.0379043740087394e+16,1.0,0.10312514999999998,107.6,181171.2
2048.0,128000.0,256.0,64.0,1.0,12.0,20.0,44.0,1.0,3.0,3.0,2.0,3.0,3.0,4.0,5.0,4.0,1.0,6.0,2.0,6.0,6.0,6.0,5.0,6.0,5.0,1.0,4.0,5.0,4.0,1.0,2.0,1.0,4.0,1.0,1.0,128.0,1.0,1.0,1.0,1.0,1.0,1.0,1.0,6.0,5.0,5.0,6.0,4.0,2.0,4.0,4.0,3.0,2.0,2.0,6.0,3.0,1.0,2.0,5.0,3.0,2.0,32.0,4.0,1.0,16.0,8.0,1.0,1.0,1.0,1.0,1.0,1.0,1.0,5.0,6.0,4.0,2.0,5.0,1.0,5.0,6.0,4.0,2.0,3.0,4.0,2.0,2.0,5.0,4.0,2.0,3.0,64.0,128.0,1.0,2.0,128.0,1.0,1.0,4.0,1.0,1.0,1.0,1.0,5.0,3.0,1.0,5.0,5.0,4.0,1.0,6.0,4.0,6.0,5.0,4.0,2.0,4.0,4.0,1.0,3.0,4.0,1.0,4.0,1.0,2.0,4.0,1.0,1.0,1.0,1.0,1.0,1.0,1.0,2.0,2.0,1.0,1.0,4.0,4.0,6.0,3.0,6.0,6.0,5.0,1.0,6.0,5.0,1.0,1.0,2.0,6.0,4.0,64.0,1.0,64.0,32.0,1.0,1.0,1.0,1.0,1.0,1.0,1.0,2.0,2.0,4.0,3.0,4.0,6.0,3.0,6.0,1.0,1.0,4.0,5.0,6.0,5.0,4.0,6.0,1.0,5.0,2.0,1.0,1.0,64.0,4.0,1.0,1.0,1.0,1.0,1.0,1.0,1.0,58196088.0,15338387.52,18654900.0,0.2175796,44.0,514.0,11608.0,892634149892021.8,42.77304,42.90636,107.6,2464.0
512.0,512000.0,256.0,64.0,1.0,2.0,16.0,26.0,1.0,4.0,1.0,1.0,1.0,5.0,2.0,1.0,4.0,3.0,5.0,6.0,1.0,5.0,5.0,5.0,2.0,3.0,3.0,5.0,1.0,3.0,5.0,6.0,32.0,4.0,1.0,2.0,32.0,1.0,1.0,1.0,1.0,1.0,1.0,1.0,6.0,1.0,5.0,2.0,1.0,5.0,1.0,5.0,4.0,4.0,1.0,2.0,4.0,1.0,5.0,2.0,5.0,3.0,8.0,64.0,1.0,8.0,16.0,1.0,32.0,2.0,1.0,1.0,1.0,1.0,3.0,4.0,3.0,4.0,2.0,5.0,4.0,6.0,3.0,3.0,2.0,5.0,6.0,1.0,4.0,2.0,2.0,5.0,4.0,128.0,1.0,128.0,4.0,1.0,2.0,64.0,1.0,1.0,1.0,1.0,5.0,6.0,3.0,3.0,3.0,3.0,6.0,2.0,3.0,3.0,1.0,1.0,6.0,5.0,5.0,4.0,6.0,2.0,1.0,512.0,1.0,128.0,64.0,1.0,1.0,1.0,1.0,1.0,1.0,1.0,5.0,6.0,6.0,2.0,3.0,6.0,2.0,2.0,1.0,3.0,1.0,5.0,5.0,2.0,1.0,3.0,2.0,4.0,8.0,16.0,1.0,16.0,1.0,1.0,1.0,1.0,1.0,1.0,1.0,1.0,2.0,3.0,3.0,4.0,1.0,4.0,4.0,3.0,1.0,4.0,3.0,1.0,1.0,6.0,1.0,3.0,3.0,3.0,1024.0,8.0,1.0,1.0,4.0,1.0,1.0,1.0,1.0,1.0,1.0,1.0,2516582520.0,21895077.6,11088400.0,0.12613300000000002,26.0,514.0,514.0,5.510076956220355e+16,1.0,1.0039049999999998,107.6,107.6
4096.0,128000.0,256.0,64.0,1.0,24.0,20.0,46.0,5.0,1.0,4.0,6.0,1.0,4.0,1.0,4.0,6.0,3.0,2.0,4.0,6.0,3.0,2.0,6.0,6.0,4.0,4.0,4.0,4.0,5.0,3.0,6.0,16.0,1.0,1.0,2.0,3.0,1.0,1.0,1.0,1.0,1.0,1.0,1.0,6.0,6.0,2.0,2.0,1.0,1.0,3.0,5.0,2.0,1.0,1.0,5.0,2.0,5.0,4.0,3.0,1.0,3.0,16.0,64.0,1.0,1.0,32.0,1.0,4.0,16.0,1.0,1.0,1.0,1.0,5.0,6.0,4.0,6.0,3.0,1.0,3.0,4.0,6.0,4.0,6.0,6.0,5.0,6.0,3.0,1.0,2.0,5.0,8.0,64.0,1.0,32.0,2.0,1.0,16.0,16.0,1.0,1.0,1.0,1.0,5.0,3.0,1.0,4.0,5.0,1.0,6.0,4.0,2.0,5.0,2.0,6.0,4.0,1.0,2.0,4.0,3.0,4.0,128.0,16.0,1.0,2.0,64.0,1.0,1.0,1.0,1.0,1.0,1.0,1.0,4.0,2.0,4.0,1.0,1.0,6.0,3.0,1.0,4.0,3.0,1.0,5.0,2.0,5.0,6.0,2.0,4.0,5.0,32.0,32.0,1.0,8.0,512.0,1.0,1.0,1.0,1.0,1.0,1.0,1.0,6.0,3.0,1.0,3.0,4.0,4.0,1.0,1.0,6.0,4.0,6.0,5.0,2.0,6.0,1.0,1.0,6.0,2.0,32.0,2048.0,1.0,256.0,1.0,1.0,1.0,1.0,1.0,1.0,1.0,1.0,2516582520.0,23065773.599999998,19514700.0,0.21872460000000002,46.0,514.0,514.0,5.8046922652037464e+16,1.0,1.400733,107.6,107.6
2048000.0,16000.0,256.0,64.0,3.0,6.0,38.0,12.0,4.0,5.0,2.0,4.0,5.0,2.0,2.0,6.0,6.0,1.0,1.0,1.0,2.0,2.0,6.0,4.0,4.0,4.0,1.0,5.0,5.0,5.0,2.0,4.0,16.0,4.0,1.0,6.0,64.0,1.0,1.0,1.0,1.0,1.0,1.0,1.0,2.0,2.0,6.0,4.0,4.0,3.0,2.0,5.0,5.0,4.0,4.0,2.0,2.0,1.0,3.0,2.0,5.0,5.0,2.0,16.0,1.0,128.0,8.0,1.0,4.0,8.0,1.0,1.0,1.0,1.0,1.0,5.0,4.0,3.0,4.0,1.0,5.0,5.0,4.0,3.0,1.0,5.0,4.0,6.0,5.0,6.0,2.0,2.0,4.0,4.0,1.0,1.0,32.0,1.0,2.0,8.0,1.0,1.0,1.0,1.0,2.0,3.0,3.0,3.0,2.0,1.0,5.0,1.0,1.0,6.0,6.0,4.0,6.0,5.0,6.0,1.0,1.0,4.0,8.0,256.0,1.0,512.0,8.0,1.0,1.0,1.0,1.0,1.0,1.0,1.0,2.0,3.0,5.0,6.0,1.0,4.0,1.0,2.0,6.0,5.0,6.0,5.0,4.0,5.0,4.0,4.0,6.0,2.0,128.0,64.0,1.0,8.0,2.0,1.0,1.0,1.0,1.0,1.0,1.0,1.0,1.0,6.0,6.0,2.0,1.0,6.0,3.0,2.0,5.0,3.0,4.0,4.0,2.0,4.0,5.0,5.0,4.0,5.0,1024.0,1024.0,1.0,64.0,4.0,1.0,1.0,1.0,1.0,1.0,1.0,1.0,110958612.0,4254146.699999999,4867950000.0,16.185354999999998,2736.0,514.0,1146880.0,472034213076380.3,14.356589999999999,1.0145625,107.6,92492.8
128000.0,1024000.0,256.0,64.0,3.0,48.0,48.0,40.0,6.0,2.0,1.0,2.0,3.0,2.0,5.0,4.0,6.0,6.0,6.0,4.0,1.0,4.0,5.0,1.0,5.0,6.0,6.0,4.0,4.0,5.0,2.0,4.0,512.0,4.0,1.0,192.0,24.0,1.0,1.0,1.0,1.0,1.0,1.0,1.0,1.0,5.0,3.0,3.0,1.0,4.0,5.0,4.0,2.0,3.0,5.0,4.0,2.0,2.0,2.0,3.0,5.0,3.0,32.0,8.0,1.0,2.0,1.0,1.0,8.0,64.0,1.0,1.0,1.0,1.0,6.0,4.0,2.0,2.0,6.0,1.0,2.0,6.0,1.0,3.0,5.0,6.0,2.0,4.0,3.0,5.0,5.0,5.0,2.0,4.0,1.0,128.0,8.0,1.0,32.0,64.0,1.0,1.0,1.0,1.0,6.0,5.0,2.0,6.0,5.0,6.0,4.0,1.0,2.0,3.0,4.0,6.0,2.0,4.0,2.0,3.0,2.0,4.0,256.0,128.0,1.0,4.0,256.0,1.0,1.0,1.0,1.0,1.0,1.0,1.0,5.0,1.0,6.0,4.0,2.0,5.0,6.0,2.0,1.0,2.0,1.0,5.0,1.0,5.0,1.0,1.0,4.0,5.0,64.0,4.0,1.0,4.0,2.0,1.0,1.0,1.0,1.0,1.0,1.0,1.0,2.0,5.0,5.0,2.0,6.0,3.0,3.0,1.0,6.0,3.0,5.0,3.0,1.0,4.0,5.0,2.0,2.0,3.0,2.0,512.0,1.0,256.0,8.0,1.0,1.0,1.0,1.0,1.0,1.0,1.0,151885392.0,3936878.96,4363770000000.0,4145.5185,92160.0,514.0,1638400.0,597954404096152.4,107.2,2.11591775,107.6,160204.8
32000.0,16000.0,256.0,64.0,2.0,32.0,10.0,40.0,3.0,2.0,3.0,2.0,6.0,6.0,3.0,3.0,5.0,4.0,3.0,3.0,5.0,2.0,3.0,4.0,6.0,4.0,6.0,6.0,3.0,1.0,1.0,2.0,128.0,128.0,1.0,6.0,16.0,1.0,1.0,1.0,1.0,1.0,1.0,1.0,5.0,3.0,1.0,1.0,3.0,6.0,1.0,5.0,4.0,3.0,6.0,1.0,3.0,3.0,2.0,2.0,4.0,1.0,16.0,32.0,1.0,4.0,8.0,1.0,1.0,128.0,1.0,1.0,1.0,1.0,2.0,3.0,3.0,3.0,2.0,3.0,5.0,6.0,1.0,1.0,3.0,4.0,2.0,2.0,2.0,5.0,2.0,4.0,1.0,64.0,1.0,16.0,4.0,1.0,64.0,32.0,1.0,1.0,1.0,1.0,2.0,4.0,2.0,5.0,3.0,4.0,1.0,5.0,5.0,1.0,6.0,6.0,4.0,4.0,1.0,2.0,5.0,5.0,16.0,2.0,1.0,1.0,128.0,1.0,1.0,1.0,1.0,1.0,1.0,1.0,2.0,5.0,1.0,2.0,6.0,4.0,6.0,3.0,2.0,5.0,4.0,4.0,5.0,5.0,4.0,4.0,3.0,3.0,1.0,64.0,1.0,1.0,256.0,1.0,1.0,1.0,1.0,1.0,1.0,1.0,2.0,4.0,3.0,4.0,6.0,2.0,3.0,4.0,4.0,5.0,4.0,3.0,1.0,5.0,4.0,2.0,5.0,4.0,2048.0,16.0,1.0,16.0,1.0,1.0,1.0,1.0,1.0,1.0,1.0,1.0,2525239866.0,13127496.540000003,236134000.0,1.9231319999999998,400.0,514.0,35840.0,3.315007760358507e+16,1.0,0.9410128189999999,107.6,2273.9
256.0,8192000.0,256.0,64.0,3.0,14.0,12.0,10.0,2.0,6.0,4.0,4.0,2.0,1.0,3.0,3.0,6.0,2.0,5.0,2.0,3.0,2.0,3.0,3.0,2.0,1.0,3.0,3.0,3.0,6.0,6.0,6.0,16.0,64.0,1.0,128.0,1.0,1.0,1.0,1.0,1.0,1.0,1.0,1.0,6.0,3.0,2.0,1.0,5.0,5.0,5.0,1.0,5.0,3.0,3.0,2.0,2.0,4.0,3.0,5.0,4.0,2.0,1.0,8.0,1.0,128.0,2.0,1.0,8.0,2.0,1.0,1.0,1.0,1.0,2.0,4.0,2.0,4.0,4.0,1.0,5.0,5.0,6.0,5.0,4.0,4.0,6.0,5.0,5.0,1.0,2.0,4.0,16.0,16.0,1.0,1.0,16.0,1.0,32.0,4.0,1.0,1.0,1.0,1.0,4.0,1.0,2.0,3.0,6.0,2.0,3.0,2.0,3.0,2.0,6.0,5.0,6.0,1.0,4.0,4.0,6.0,3.0,32.0,512.0,1.0,256.0,2.0,1.0,1.0,1.0,1.0,1.0,1.0,1.0,4.0,6.0,6.0,6.0,3.0,6.0,3.0,2.0,6.0,1.0,2.0,5.0,2.0,1.0,1.0,1.0,4.0,6.0,1.0,512.0,1.0,128.0,512.0,1.0,1.0,1.0,1.0,1.0,1.0,1.0,1.0,5.0,6.0,4.0,2.0,5.0,2.0,3.0,3.0,6.0,5.0,3.0,5.0,1.0,3.0,5.0,6.0,4.0,2.0,64.0,1.0,8.0,2.0,1.0,1.0,1.0,1.0,1.0,1.0,1.0,431983764.0,4054695.6600000006,2085500000.0,9.675939999999999,1680.0,514.0,2621440.0,1751562693081264.5,28.740000000000002,1.5165625,107.6,205363.2
2048.0,128000.0,256.0,64.0,2.0,6.0,10.0,2.0,1.0,6.0,4.0,1.0,6.0,2.0,1.0,1.0,2.0,3.0,1.0,3.0,3.0,6.0,5.0,3.0,2.0,2.0,2.0,4.0,6.0,4.0,1.0,2.0,16.0,1.0,1.0,64.0,384.0,1.0,1.0,1.0,1.0,1.0,1.0,1.0,1.0,5.0,2.0,3.0,3.0,4.0,2.0,1.0,6.0,1.0,1.0,6.0,1.0,2.0,4.0,6.0,2.0,4.0,1.0,16.0,1.0,64.0,4.0,1.0,1.0,16.0,1.0,1.0,1.0,1.0,1.0,3.0,4.0,1.0,6.0,4.0,5.0,4.0,5.0,1.0,4.0,5.0,1.0,3.0,6.0,2.0,2.0,2.0,16.0,8.0,1.0,2.0,64.0,1.0,32.0,32.0,1.0,1.0,1.0,1.0,2.0,3.0,4.0,2.0,5.0,6.0,4.0,2.0,5.0,6.0,1.0,1.0,5.0,6.0,6.0,1.0,1.0,5.0,64.0,4.0,1.0,256.0,1.0,1.0,1.0,1.0,1.0,1.0,1.0,1.0,6.0,1.0,3.0,1.0,4.0,1.0,2.0,2.0,2.0,6.0,2.0,1.0,5.0,2.0,1.0,1.0,1.0,5.0,32.0,256.0,1.0,256.0,1024.0,1.0,1.0,1.0,1.0,1.0,1.0,1.0,1.0,3.0,1.0,4.0,4.0,6.0,2.0,1.0,3.0,1.0,4.0,1.0,1.0,1.0,2.0,5.0,5.0,5.0,1024.0,4.0,1.0,8.0,2.0,1.0,1.0,1.0,1.0,1.0,1.0,1.0,291907974.0,8126999.039999999,8702120.0,0.23472628000000004,20.0,514.0,598016.0,2372335824466344.5,8.641758999999999,3.6810189999999996,107.6,39577.6
8192.0,8192000.0,256.0,64.0,3.0,38.0,46.0,8.0,6.0,3.0,3.0,1.0,2.0,5.0,3.0,4.0,4.0,4.0,5.0,3.0,3.0,3.0,5.0,2.0,3.0,5.0,5.0,6.0,3.0,2.0,5.0,6.0,512.0,4.0,1.0,1536.0,4.0,1.0,1.0,1.0,1.0,1.0,1.0,1.0,2.0,6.0,4.0,5.0,1.0,6.0,6.0,4.0,2.0,3.0,2.0,3.0,2.0,1.0,4.0,6.0,1.0,4.0,2.0,4.0,1.0,8.0,64.0,1.0,8.0,8.0,1.0,1.0,1.0,1.0,5.0,2.0,2.0,3.0,3.0,4.0,6.0,3.0,5.0,5.0,1.0,6.0,2.0,2.0,3.0,1.0,3.0,4.0,1.0,16.0,1.0,64.0,32.0,1.0,8.0,4.0,1.0,1.0,1.0,1.0,1.0,6.0,6.0,4.0,3.0,5.0,4.0,6.0,2.0,3.0,1.0,6.0,1.0,6.0,5.0,2.0,4.0,1.0,8.0,128.0,1.0,4.0,64.0,1.0,1.0,1.0,1.0,1.0,1.0,1.0,4.0,3.0,1.0,4.0,6.0,5.0,4.0,4.0,2.0,1.0,3.0,3.0,5.0,6.0,5.0,6.0,5.0,6.0,1.0,4.0,1.0,128.0,1.0,1.0,1.0,1.0,1.0,1.0,1.0,1.0,2.0,4.0,5.0,4.0,1.0,4.0,4.0,4.0,1.0,6.0,6.0,6.0,3.0,4.0,6.0,2.0,4.0,3.0,256.0,8.0,1.0,512.0,2.0,1.0,1.0,1.0,1.0,1.0,1.0,1.0,240941136.0,3934597.9200000004,105034000000.0,150.91675,13984.0,514.0,2752512.0,948006492548037.2,80.2,1.7625,107.6,270540.8
2048.0,32000000.0,256.0,64.0,1.0,42.0,6.0,44.0,3.0,5.0,2.0,6.0,6.0,6.0,4.0,5.0,6.0,6.0,5.0,5.0,4.0,4.0,5.0,3.0,4.0,1.0,2.0,1.0,6.0,2.0,5.0,4.0,16.0,128.0,1.0,6.0,4.0,1.0,1.0,1.0,1.0,1.0,1.0,1.0,5.0,3.0,2.0,3.0,6.0,1.0,1.0,6.0,4.0,3.0,5.0,4.0,2.0,5.0,4.0,5.0,5.0,5.0,16.0,1.0,1.0,4.0,32.0,1.0,64.0,1.0,1.0,1.0,1.0,1.0,4.0,2.0,5.0,3.0,3.0,6.0,6.0,1.0,5.0,1.0,6.0,1.0,3.0,4.0,5.0,6.0,2.0,4.0,64.0,128.0,1.0,1.0,16.0,1.0,64.0,16.0,1.0,1.0,1.0,1.0,6.0,5.0,4.0,1.0,2.0,2.0,4.0,5.0,2.0,2.0,3.0,4.0,1.0,1.0,6.0,1.0,5.0,5.0,8.0,512.0,1.0,4.0,64.0,1.0,1.0,1.0,1.0,1.0,1.0,1.0,2.0,4.0,6.0,3.0,2.0,3.0,2.0,6.0,6.0,6.0,5.0,4.0,2.0,6.0,2.0,6.0,5.0,1.0,8.0,128.0,1.0,1024.0,1.0,1.0,1.0,1.0,1.0,1.0,1.0,1.0,4.0,5.0,3.0,2.0,3.0,4.0,6.0,1.0,6.0,6.0,6.0,6.0,4.0,2.0,5.0,5.0,4.0,3.0,1.0,64.0,1.0,2.0,2.0,1.0,1.0,1.0,1.0,1.0,1.0,1.0,2516582520.0,19546236.0,18653700.0,0.20944939999999998,44.0,514.0,514.0,4.918971584939472e+16,1.0,1.7910190000000006,107.6,107.6
8192.0,2048000.0,256.0,64.0,3.0,4.0,44.0,36.0,6.0,1.0,6.0,2.0,5.0,5.0,1.0,1.0,4.0,1.0,2.0,6.0,2.0,1.0,4.0,6.0,6.0,5.0,1.0,4.0,6.0,6.0,5.0,4.0,2.0,32.0,1.0,512.0,512.0,1.0,1.0,1.0,1.0,1.0,1.0,1.0,1.0,5.0,5.0,2.0,3.0,3.0,5.0,3.0,3.0,5.0,5.0,3.0,6.0,2.0,5.0,6.0,4.0,1.0,2.0,4.0,1.0,2.0,1.0,1.0,16.0,64.0,1.0,1.0,1.0,1.0,1.0,6.0,1.0,2.0,3.0,5.0,4.0,1.0,5.0,5.0,2.0,2.0,1.0,2.0,6.0,2.0,5.0,4.0,1.0,128.0,1.0,8.0,128.0,1.0,2.0,32.0,1.0,1.0,1.0,1.0,3.0,1.0,6.0,3.0,6.0,3.0,5.0,4.0,1.0,5.0,2.0,6.0,1.0,6.0,3.0,5.0,5.0,3.0,128.0,2.0,1.0,256.0,256.0,1.0,1.0,1.0,1.0,1.0,1.0,1.0,3.0,3.0,6.0,3.0,5.0,6.0,3.0,4.0,3.0,2.0,6.0,2.0,3.0,5.0,6.0,5.0,3.0,1.0,32.0,16.0,1.0,1.0,4.0,1.0,1.0,1.0,1.0,1.0,1.0,1.0,2.0,1.0,6.0,2.0,2.0,1.0,1.0,3.0,3.0,5.0,3.0,3.0,1.0,5.0,6.0,6.0,1.0,1.0,1024.0,2048.0,1.0,64.0,2.0,1.0,1.0,1.0,1.0,1.0,1.0,1.0,1214830056.0,4060930.039999999,22895900000.0,47.074115,6336.0,514.0,802816.0,4933339867905281.0,13.45,2.8180193300000007,107.6,100172.8
2048000.0,128000.0,256.0,64.0,2.0,36.0,34.0,34.0,1.0,6.0,4.0,3.0,1.0,2.0,6.0,4.0,3.0,3.0,2.0,6.0,1.0,1.0,1.0,4.0,4.0,1.0,1.0,3.0,1.0,3.0,2.0,3.0,64.0,128.0,1.0,8.0,8.0,1.0,1.0,1.0,1.0,1.0,1.0,1.0,4.0,3.0,5.0,2.0,4.0,6.0,3.0,1.0,4.0,4.0,4.0,2.0,3.0,4.0,5.0,6.0,5.0,3.0,16.0,32.0,1.0,1.0,64.0,1.0,4.0,2.0,1.0,1.0,1.0,1.0,2.0,5.0,3.0,3.0,5.0,2.0,4.0,1.0,2.0,3.0,2.0,4.0,5.0,6.0,3.0,2.0,3.0,6.0,32.0,64.0,1.0,32.0,2.0,1.0,2.0,1.0,1.0,1.0,1.0,1.0,2.0,4.0,6.0,2.0,4.0,1.0,4.0,6.0,6.0,3.0,5.0,4.0,2.0,3.0,1.0,1.0,5.0,3.0,8.0,4.0,1.0,512.0,16.0,1.0,1.0,1.0,1.0,1.0,1.0,1.0,1.0,6.0,6.0,2.0,5.0,2.0,4.0,5.0,5.0,6.0,3.0,3.0,4.0,6.0,6.0,6.0,1.0,4.0,32.0,64.0,1.0,1024.0,1.0,1.0,1.0,1.0,1.0,1.0,1.0,1.0,2.0,4.0,4.0,3.0,5.0,4.0,4.0,2.0,2.0,5.0,3.0,1.0,6.0,5.0,1.0,2.0,6.0,1.0,256.0,256.0,1.0,16.0,1.0,1.0,1.0,1.0,1.0,1.0,1.0,1.0,76760862.0,4602767.68,1126390000.0,5.977695000000001,1156.0,514.0,132096.0,353312414702540.1,44.87869,18.19895225,107.6,20518.4
128000.0,256000.0,256.0,64.0,2.0,6.0,44.0,40.0,4.0,5.0,6.0,4.0,3.0,5.0,4.0,4.0,1.0,4.0,3.0,4.0,6.0,1.0,3.0,6.0,1.0,6.0,3.0,6.0,4.0,2.0,1.0,4.0,16.0,4.0,1.0,128.0,512.0,1.0,1.0,1.0,1.0,1.0,1.0,1.0,5.0,3.0,3.0,5.0,2.0,1.0,2.0,3.0,4.0,1.0,2.0,5.0,1.0,3.0,3.0,1.0,3.0,4.0,32.0,8.0,1.0,32.0,4.0,1.0,2.0,16.0,1.0,1.0,1.0,1.0,5.0,2.0,4.0,3.0,5.0,6.0,1.0,6.0,4.0,6.0,6.0,1.0,1.0,5.0,4.0,1.0,5.0,1.0,64.0,32.0,1.0,2.0,16.0,1.0,16.0,1.0,1.0,1.0,1.0,1.0,3.0,4.0,2.0,1.0,4.0,5.0,2.0,4.0,3.0,1.0,1.0,6.0,6.0,4.0,3.0,3.0,5.0,5.0,2.0,8.0,1.0,1.0,16.0,1.0,1.0,1.0,1.0,1.0,1.0,1.0,3.0,3.0,2.0,4.0,2.0,3.0,2.0,1.0,2.0,3.0,2.0,5.0,1.0,3.0,4.0,4.0,6.0,6.0,8.0,1.0,1.0,2.0,4.0,1.0,1.0,1.0,1.0,1.0,1.0,1.0,1.0,3.0,3.0,3.0,6.0,1.0,3.0,5.0,2.0,1.0,5.0,2.0,1.0,2.0,3.0,6.0,4.0,3.0,64.0,1.0,1.0,4.0,128.0,1.0,1.0,1.0,1.0,1.0,1.0,1.0,830924256.0,13900512.04,2256240000.0,9.469671999999997,1760.0,514.0,34816.0,1.1550272624856042e+16,78.75,23.745875999999996,107.6,4000.8
256000.0,8192000.0,256.0,64.0,3.0,44.0,38.0,2.0,5.0,4.0,6.0,6.0,4.0,1.0,3.0,6.0,6.0,1.0,2.0,1.0,1.0,6.0,2.0,1.0,6.0,1.0,3.0,3.0,6.0,6.0,2.0,4.0,8.0,2.0,1.0,12.0,64.0,1.0,1.0,1.0,1.0,1.0,1.0,1.0,5.0,5.0,1.0,6.0,3.0,2.0,5.0,6.0,6.0,2.0,2.0,1.0,4.0,3.0,3.0,1.0,6.0,4.0,32.0,16.0,1.0,8.0,16.0,1.0,128.0,2.0,1.0,1.0,1.0,1.0,6.0,1.0,5.0,6.0,5.0,2.0,1.0,2.0,4.0,2.0,4.0,5.0,6.0,3.0,6.0,3.0,3.0,5.0,8.0,2.0,1.0,128.0,2.0,1.0,2.0,32.0,1.0,1.0,1.0,1.0,2.0,2.0,2.0,5.0,6.0,2.0,6.0,6.0,1.0,1.0,3.0,5.0,4.0,1.0,5.0,2.0,2.0,6.0,256.0,128.0,1.0,128.0,2.0,1.0,1.0,1.0,1.0,1.0,1.0,1.0,5.0,2.0,2.0,3.0,2.0,2.0,1.0,3.0,2.0,3.0,1.0,4.0,1.0,5.0,6.0,3.0,2.0,1.0,2.0,8.0,1.0,4.0,8.0,1.0,1.0,1.0,1.0,1.0,1.0,1.0,1.0,3.0,6.0,4.0,6.0,2.0,1.0,6.0,3.0,3.0,4.0,2.0,2.0,5.0,5.0,5.0,1.0,4.0,64.0,64.0,1.0,32.0,128.0,1.0,1.0,1.0,1.0,1.0,1.0,1.0,1251337842.0,4799389.5,6985530000.0,20.37039,3344.0,514.0,163840.0,6005657699847459.0,2.8,0.15062560000000003,107.6,25760.0
512000.0,128000.0,256.0,64.0,3.0,16.0,42.0,30.0,4.0,2.0,3.0,3.0,1.0,3.0,4.0,5.0,6.0,3.0,6.0,2.0,2.0,3.0,5.0,5.0,5.0,3.0,1.0,3.0,5.0,1.0,1.0,5.0,32.0,128.0,1.0,16.0,32.0,1.0,1.0,1.0,1.0,1.0,1.0,1.0,3.0,4.0,4.0,4.0,6.0,2.0,1.0,4.0,6.0,2.0,2.0,3.0,1.0,6.0,6.0,6.0,1.0,2.0,16.0,64.0,1.0,32.0,128.0,1.0,16.0,1.0,1.0,1.0,1.0,1.0,1.0,1.0,2.0,3.0,3.0,6.0,3.0,2.0,2.0,5.0,5.0,3.0,4.0,1.0,1.0,6.0,4.0,3.0,16.0,128.0,1.0,128.0,64.0,1.0,1.0,4.0,1.0,1.0,1.0,1.0,5.0,1.0,2.0,6.0,6.0,6.0,1.0,6.0,4.0,4.0,6.0,2.0,1.0,6.0,6.0,3.0,2.0,5.0,4.0,32.0,1.0,4.0,512.0,1.0,1.0,1.0,1.0,1.0,1.0,1.0,2.0,2.0,2.0,4.0,1.0,2.0,1.0,2.0,2.0,2.0,5.0,2.0,3.0,3.0,4.0,4.0,4.0,2.0,256.0,128.0,1.0,16.0,16.0,1.0,1.0,1.0,1.0,1.0,1.0,1.0,5.0,5.0,6.0,6.0,5.0,4.0,4.0,5.0,6.0,3.0,1.0,4.0,6.0,5.0,5.0,6.0,5.0,3.0,2.0,64.0,1.0,8.0,1.0,1.0,1.0,1.0,1.0,1.0,1.0,1.0,632602866.0,3909248.87,214872000000.0,271.0895,20160.0,514.0,786432.0,2473002039069261.5,9.9,0.13346354,107.6,92467.2
128000.0,16000000.0,256.0,64.0,2.0,38.0,8.0,38.0,4.0,6.0,6.0,1.0,1.0,1.0,5.0,3.0,4.0,1.0,4.0,1.0,2.0,6.0,1.0,1.0,6.0,2.0,5.0,3.0,1.0,4.0,1.0,2.0,1.0,32.0,1.0,2.0,24.0,1.0,1.0,1.0,1.0,1.0,1.0,1.0,1.0,2.0,4.0,6.0,1.0,1.0,4.0,1.0,2.0,3.0,3.0,3.0,3.0,4.0,3.0,1.0,5.0,3.0,4.0,16.0,1.0,4.0,32.0,1.0,1.0,1.0,1.0,1.0,1.0,1.0,6.0,3.0,3.0,2.0,1.0,1.0,6.0,3.0,3.0,1.0,3.0,2.0,2.0,3.0,2.0,3.0,2.0,4.0,4.0,128.0,1.0,16.0,2.0,1.0,2.0,32.0,1.0,1.0,1.0,1.0,4.0,6.0,5.0,6.0,2.0,1.0,5.0,1.0,6.0,5.0,3.0,1.0,6.0,1.0,4.0,4.0,2.0,3.0,64.0,64.0,1.0,2.0,64.0,1.0,1.0,1.0,1.0,1.0,1.0,1.0,3.0,1.0,6.0,3.0,6.0,4.0,4.0,5.0,3.0,2.0,6.0,2.0,2.0,3.0,3.0,4.0,2.0,6.0,1.0,256.0,1.0,32.0,64.0,1.0,1.0,1.0,1.0,1.0,1.0,1.0,3.0,3.0,4.0,1.0,2.0,1.0,3.0,2.0,2.0,4.0,4.0,1.0,5.0,2.0,6.0,3.0,5.0,2.0,128.0,64.0,1.0,64.0,512.0,1.0,1.0,1.0,1.0,1.0,1.0,1.0,312536010.0,10474010.819999998,164787000.0,1.4978095,304.0,514.0,212992.0,3273505550379627.5,11.2,4.728788300000001,107.6,15524.8
256.0,8192000.0,256.0,64.0,2.0,24.0,36.0,48.0,6.0,6.0,3.0,3.0,3.0,5.0,2.0,3.0,3.0,4.0,4.0,3.0,3.0,6.0,6.0,3.0,5.0,2.0,2.0,4.0,6.0,6.0,4.0,3.0,256.0,16.0,1.0,2.0,768.0,1.0,1.0,1.0,1.0,1.0,1.0,1.0,5.0,6.0,2.0,6.0,3.0,5.0,2.0,2.0,3.0,1.0,4.0,1.0,6.0,2.0,3.0,5.0,1.0,3.0,2.0,64.0,1.0,128.0,8.0,1.0,64.0,8.0,1.0,1.0,1.0,1.0,6.0,1.0,1.0,5.0,3.0,3.0,4.0,5.0,5.0,2.0,2.0,1.0,1.0,6.0,1.0,6.0,1.0,4.0,4.0,64.0,1.0,16.0,64.0,1.0,4.0,8.0,1.0,1.0,1.0,1.0,2.0,4.0,3.0,2.0,6.0,1.0,6.0,1.0,2.0,1.0,3.0,4.0,3.0,1.0,2.0,5.0,2.0,4.0,2.0,16.0,1.0,2.0,1.0,1.0,1.0,1.0,1.0,1.0,1.0,1.0,6.0,5.0,2.0,4.0,4.0,4.0,6.0,3.0,6.0,2.0,4.0,4.0,5.0,4.0,4.0,3.0,1.0,2.0,32.0,128.0,1.0,2.0,2048.0,1.0,1.0,1.0,1.0,1.0,1.0,1.0,5.0,1.0,3.0,2.0,2.0,1.0,1.0,5.0,1.0,2.0,1.0,5.0,4.0,3.0,5.0,2.0,2.0,2.0,512.0,512.0,1.0,2.0,32.0,1.0,1.0,1.0,1.0,1.0,1.0,1.0,142059054.0,3954103.88,2187110000.0,9.411354,1728.0,514.0,532992.0,561716256610529.5,314.0,26.095365389999998,107.6,43924.0
1024.0,32000.0,256.0,64.0,3.0,12.0,2.0,12.0,6.0,2.0,2.0,1.0,1.0,4.0,1.0,3.0,4.0,1.0,3.0,5.0,4.0,2.0,5.0,4.0,4.0,2.0,5.0,1.0,6.0,1.0,5.0,3.0,16.0,32.0,1.0,64.0,48.0,1.0,1.0,1.0,1.0,1.0,1.0,1.0,3.0,5.0,1.0,6.0,5.0,5.0,1.0,4.0,6.0,5.0,4.0,1.0,5.0,6.0,6.0,3.0,1.0,6.0,64.0,32.0,1.0,1.0,8.0,1.0,16.0,64.0,1.0,1.0,1.0,1.0,4.0,1.0,3.0,3.0,2.0,5.0,3.0,2.0,1.0,5.0,3.0,4.0,3.0,4.0,5.0,1.0,2.0,6.0,1.0,1.0,1.0,64.0,128.0,1.0,32.0,1.0,1.0,1.0,1.0,1.0,6.0,3.0,5.0,3.0,6.0,4.0,2.0,1.0,2.0,4.0,2.0,5.0,6.0,5.0,2.0,2.0,6.0,4.0,2.0,128.0,1.0,512.0,256.0,1.0,1.0,1.0,1.0,1.0,1.0,1.0,6.0,5.0,3.0,5.0,2.0,3.0,1.0,6.0,4.0,6.0,5.0,4.0,3.0,6.0,3.0,1.0,3.0,2.0,2.0,32.0,1.0,1.0,2.0,1.0,1.0,1.0,1.0,1.0,1.0,1.0,2.0,5.0,4.0,4.0,1.0,5.0,4.0,5.0,1.0,5.0,3.0,2.0,5.0,3.0,1.0,4.0,4.0,6.0,8.0,256.0,1.0,16.0,128.0,1.0,1.0,1.0,1.0,1.0,1.0,1.0,176011452.0,3963171.7800000003,153897000.0,1.7650305000000002,288.0,514.0,1081344.0,697563619523224.6,59.675675000000005,3.712552134999999,107.6,115507.2
2048000.0,4096000.0,256.0,64.0,3.0,6.0,44.0,30.0,2.0,6.0,5.0,1.0,5.0,3.0,2.0,2.0,1.0,1.0,5.0,2.0,6.0,5.0,2.0,2.0,4.0,6.0,2.0,6.0,6.0,2.0,2.0,2.0,256.0,32.0,1.0,768.0,16.0,1.0,1.0,1.0,1.0,1.0,1.0,1.0,3.0,3.0,2.0,6.0,6.0,3.0,5.0,3.0,2.0,1.0,1.0,6.0,3.0,2.0,3.0,1.0,3.0,5.0,16.0,16.0,1.0,32.0,4.0,1.0,16.0,64.0,1.0,1.0,1.0,1.0,4.0,2.0,2.0,1.0,2.0,6.0,6.0,2.0,6.0,2.0,5.0,5.0,4.0,1.0,3.0,5.0,3.0,4.0,32.0,8.0,1.0,4.0,8.0,1.0,1.0,1.0,1.0,1.0,1.0,1.0,6.0,3.0,5.0,6.0,1.0,4.0,2.0,2.0,2.0,1.0,2.0,4.0,2.0,6.0,1.0,4.0,3.0,2.0,16.0,8.0,1.0,16.0,1.0,1.0,1.0,1.0,1.0,1.0,1.0,1.0,3.0,4.0,4.0,1.0,3.0,4.0,5.0,3.0,6.0,5.0,5.0,2.0,1.0,5.0,1.0,3.0,5.0,5.0,128.0,8.0,1.0,1.0,1.0,1.0,1.0,1.0,1.0,1.0,1.0,1.0,4.0,3.0,1.0,3.0,2.0,2.0,2.0,5.0,4.0,2.0,2.0,1.0,2.0,3.0,2.0,4.0,5.0,2.0,8.0,128.0,1.0,128.0,1.0,1.0,1.0,1.0,1.0,1.0,1.0,1.0,688894974.0,4475909.42,35012900000.0,64.1732,7920.0,514.0,1048576.0,3083431503517255.0,9.399413500000001,0.34783909999999996,107.6,77580.8
2048000.0,1024000.0,256.0,64.0,3.0,46.0,20.0,16.0,1.0,4.0,3.0,3.0,6.0,2.0,2.0,4.0,4.0,1.0,3.0,2.0,6.0,6.0,1.0,6.0,4.0,1.0,4.0,5.0,5.0,3.0,4.0,1.0,4.0,64.0,1.0,128.0,2.0,1.0,1.0,1.0,1.0,1.0,1.0,1.0,3.0,6.0,1.0,3.0,2.0,5.0,1.0,4.0,6.0,3.0,1.0,6.0,4.0,5.0,6.0,1.0,2.0,2.0,16.0,2.0,1.0,1.0,8.0,1.0,32.0,1.0,1.0,1.0,1.0,1.0,2.0,4.0,3.0,1.0,1.0,3.0,6.0,4.0,4.0,4.0,5.0,1.0,1.0,6.0,1.0,3.0,6.0,5.0,64.0,64.0,1.0,32.0,1.0,1.0,2.0,8.0,1.0,1.0,1.0,1.0,3.0,3.0,2.0,2.0,4.0,6.0,3.0,5.0,1.0,6.0,3.0,2.0,4.0,1.0,5.0,4.0,5.0,6.0,4.0,2.0,1.0,1.0,1.0,1.0,1.0,1.0,1.0,1.0,1.0,1.0,2.0,1.0,1.0,1.0,3.0,6.0,4.0,1.0,2.0,1.0,5.0,5.0,6.0,6.0,2.0,2.0,3.0,2.0,32.0,128.0,1.0,8.0,1.0,1.0,1.0,1.0,1.0,1.0,1.0,1.0,4.0,3.0,5.0,6.0,6.0,2.0,6.0,6.0,5.0,4.0,2.0,2.0,4.0,4.0,2.0,5.0,2.0,6.0,8.0,4.0,1.0,4.0,64.0,1.0,1.0,1.0,1.0,1.0,1.0,1.0,402939006.0,4684690.199999999,116083000000.0,162.6548,14720.0,514.0,65536.0,1887644412605941.0,18.05,1.6066507050000003,107.6,9126.8
128000.0,4096000.0,256.0,64.0,2.0,38.0,2.0,46.0,5.0,6.0,4.0,5.0,5.0,4.0,1.0,4.0,3.0,2.0,3.0,5.0,4.0,2.0,3.0,1.0,5.0,3.0,2.0,1.0,2.0,3.0,2.0,1.0,512.0,2.0,1.0,8.0,16.0,1.0,1.0,1.0,1.0,1.0,1.0,1.0,3.0,6.0,3.0,2.0,2.0,3.0,2.0,6.0,4.0,3.0,3.0,5.0,6.0,4.0,1.0,4.0,4.0,6.0,2.0,64.0,1.0,32.0,2.0,1.0,64.0,32.0,1.0,1.0,1.0,1.0,1.0,3.0,4.0,1.0,4.0,4.0,3.0,6.0,5.0,4.0,3.0,2.0,3.0,6.0,1.0,2.0,2.0,5.0,4.0,2.0,1.0,32.0,64.0,1.0,64.0,2.0,1.0,1.0,1.0,1.0,3.0,5.0,1.0,4.0,4.0,2.0,2.0,3.0,1.0,3.0,2.0,3.0,1.0,3.0,2.0,3.0,4.0,2.0,512.0,16.0,1.0,128.0,128.0,1.0,1.0,1.0,1.0,1.0,1.0,1.0,1.0,2.0,4.0,5.0,3.0,4.0,3.0,1.0,5.0,6.0,6.0,3.0,2.0,6.0,5.0,5.0,1.0,5.0,512.0,32.0,1.0,2048.0,16.0,1.0,1.0,1.0,1.0,1.0,1.0,1.0,2.0,4.0,2.0,5.0,6.0,6.0,4.0,1.0,4.0,6.0,3.0,1.0,5.0,4.0,1.0,3.0,1.0,3.0,16.0,4.0,1.0,1.0,8.0,1.0,1.0,1.0,1.0,1.0,1.0,1.0,298854150.0,6601496.4399999995,40450400.0,0.4515993,92.0,514.0,77824.0,1972884607304225.8,8.6,1.9932649999999996,107.6,5492.0
32000.0,128000.0,256.0,64.0,2.0,16.0,12.0,46.0,4.0,5.0,6.0,3.0,1.0,6.0,6.0,6.0,4.0,1.0,4.0,3.0,2.0,5.0,6.0,5.0,2.0,1.0,6.0,4.0,6.0,2.0,5.0,3.0,256.0,8.0,1.0,128.0,64.0,1.0,1.0,1.0,1.0,1.0,1.0,1.0,4.0,1.0,4.0,2.0,4.0,1.0,4.0,6.0,2.0,1.0,3.0,2.0,2.0,5.0,1.0,4.0,1.0,5.0,16.0,4.0,1.0,128.0,16.0,1.0,128.0,4.0,1.0,1.0,1.0,1.0,5.0,6.0,4.0,5.0,4.0,4.0,4.0,5.0,5.0,5.0,3.0,6.0,4.0,4.0,2.0,6.0,4.0,2.0,16.0,16.0,1.0,128.0,64.0,1.0,8.0,1.0,1.0,1.0,1.0,1.0,2.0,3.0,1.0,2.0,2.0,3.0,4.0,2.0,3.0,3.0,1.0,5.0,6.0,4.0,4.0,4.0,4.0,2.0,32.0,256.0,1.0,4.0,128.0,1.0,1.0,1.0,1.0,1.0,1.0,1.0,6.0,6.0,5.0,1.0,4.0,4.0,3.0,1.0,4.0,1.0,3.0,6.0,4.0,1.0,3.0,5.0,3.0,2.0,4.0,512.0,1.0,2048.0,128.0,1.0,1.0,1.0,1.0,1.0,1.0,1.0,5.0,6.0,2.0,2.0,1.0,4.0,3.0,2.0,1.0,6.0,1.0,1.0,1.0,6.0,2.0,6.0,2.0,5.0,512.0,32.0,1.0,32.0,8.0,1.0,1.0,1.0,1.0,1.0,1.0,1.0,2425438248.0,5351562.459999999,368339000.0,2.698762,552.0,514.0,34816.0,1.2979884277044968e+16,8.733360000000003,1.4947624999999998,107.6,6131.2
4096.0,16000.0,256.0,64.0,1.0,26.0,4.0,20.0,4.0,3.0,1.0,6.0,1.0,5.0,1.0,6.0,5.0,4.0,1.0,3.0,5.0,5.0,1.0,3.0,5.0,6.0,4.0,1.0,3.0,6.0,6.0,4.0,16.0,2.0,1.0,384.0,8.0,1.0,1.0,1.0,1.0,1.0,1.0,1.0,4.0,5.0,1.0,3.0,3.0,5.0,3.0,4.0,1.0,3.0,3.0,3.0,6.0,4.0,3.0,2.0,2.0,6.0,8.0,64.0,1.0,4.0,8.0,1.0,128.0,8.0,1.0,1.0,1.0,1.0,3.0,3.0,4.0,5.0,2.0,4.0,1.0,6.0,1.0,4.0,4.0,2.0,5.0,2.0,6.0,1.0,1.0,1.0,2.0,2.0,1.0,4.0,4.0,1.0,2.0,1.0,1.0,1.0,1.0,1.0,1.0,4.0,5.0,6.0,5.0,4.0,6.0,1.0,6.0,5.0,2.0,4.0,2.0,4.0,5.0,5.0,1.0,1.0,8.0,256.0,1.0,8.0,32.0,1.0,1.0,1.0,1.0,1.0,1.0,1.0,1.0,5.0,4.0,6.0,2.0,3.0,1.0,2.0,3.0,6.0,4.0,6.0,4.0,6.0,4.0,2.0,4.0,3.0,16.0,1.0,1.0,32.0,1.0,1.0,1.0,1.0,1.0,1.0,1.0,1.0,2.0,5.0,3.0,1.0,4.0,3.0,6.0,2.0,2.0,2.0,1.0,5.0,5.0,2.0,5.0,2.0,2.0,4.0,128.0,512.0,1.0,8.0,1.0,1.0,1.0,1.0,1.0,1.0,1.0,1.0,2516582520.0,20019670.799999997,8639980.0,0.09855491999999999,20.0,514.0,514.0,5.038115359143441e+16,1.0,1.0039039999999997,107.6,107.6
32000.0,256000.0,256.0,64.0,3.0,28.0,42.0,34.0,1.0,3.0,3.0,6.0,3.0,4.0,1.0,6.0,1.0,6.0,2.0,3.0,3.0,1.0,6.0,3.0,5.0,1.0,2.0,2.0,1.0,5.0,6.0,2.0,2.0,16.0,1.0,3.0,2.0,1.0,1.0,1.0,1.0,1.0,1.0,1.0,1.0,4.0,6.0,6.0,1.0,1.0,5.0,4.0,5.0,6.0,2.0,1.0,3.0,4.0,6.0,3.0,4.0,2.0,2.0,32.0,1.0,16.0,2.0,1.0,2.0,1.0,1.0,1.0,1.0,1.0,5.0,4.0,3.0,1.0,5.0,2.0,3.0,3.0,6.0,2.0,3.0,2.0,5.0,3.0,2.0,2.0,2.0,3.0,16.0,32.0,1.0,32.0,64.0,1.0,4.0,1.0,1.0,1.0,1.0,1.0,2.0,3.0,6.0,6.0,2.0,1.0,1.0,2.0,6.0,4.0,1.0,5.0,5.0,2.0,4.0,3.0,2.0,1.0,64.0,4.0,1.0,256.0,1.0,1.0,1.0,1.0,1.0,1.0,1.0,1.0,5.0,3.0,3.0,1.0,6.0,5.0,5.0,5.0,5.0,5.0,5.0,4.0,5.0,2.0,5.0,6.0,3.0,2.0,128.0,256.0,1.0,1.0,32.0,1.0,1.0,1.0,1.0,1.0,1.0,1.0,6.0,4.0,5.0,4.0,4.0,1.0,1.0,6.0,4.0,5.0,5.0,2.0,4.0,1.0,5.0,4.0,1.0,4.0,1.0,64.0,1.0,4.0,4.0,1.0,1.0,1.0,1.0,1.0,1.0,1.0,1653962076.0,5175108.640000001,830098000000.0,884.3454,39984.0,514.0,114688.0,8559433429739938.0,14.0,0.81733509,107.6,13816.0
512000.0,64000.0,256.0,64.0,2.0,16.0,4.0,12.0,3.0,3.0,5.0,1.0,6.0,1.0,1.0,1.0,4.0,5.0,1.0,2.0,5.0,1.0,3.0,1.0,5.0,5.0,1.0,6.0,2.0,2.0,6.0,1.0,128.0,128.0,1.0,6.0,1536.0,1.0,1.0,1.0,1.0,1.0,1.0,1.0,6.0,4.0,4.0,1.0,2.0,1.0,4.0,1.0,3.0,2.0,2.0,2.0,1.0,5.0,4.0,3.0,5.0,1.0,2.0,4.0,1.0,2.0,2.0,1.0,8.0,4.0,1.0,1.0,1.0,1.0,3.0,2.0,2.0,6.0,5.0,2.0,6.0,5.0,1.0,5.0,6.0,6.0,2.0,5.0,5.0,2.0,2.0,4.0,16.0,32.0,1.0,64.0,128.0,1.0,8.0,8.0,1.0,1.0,1.0,1.0,5.0,2.0,4.0,4.0,5.0,6.0,3.0,3.0,2.0,2.0,2.0,6.0,1.0,5.0,5.0,4.0,3.0,3.0,128.0,512.0,1.0,64.0,8.0,1.0,1.0,1.0,1.0,1.0,1.0,1.0,2.0,1.0,1.0,3.0,4.0,3.0,1.0,3.0,5.0,5.0,2.0,1.0,5.0,5.0,3.0,5.0,1.0,6.0,64.0,8.0,1.0,2048.0,512.0,1.0,1.0,1.0,1.0,1.0,1.0,1.0,5.0,1.0,2.0,4.0,2.0,6.0,6.0,6.0,3.0,5.0,4.0,2.0,1.0,4.0,3.0,6.0,5.0,4.0,4.0,16.0,1.0,32.0,256.0,1.0,1.0,1.0,1.0,1.0,1.0,1.0,2438004948.0,5396507.42,20394400.0,0.27083175,48.0,514.0,141312.0,1.3156711791878714e+16,5.0,0.8714594815000001,107.6,12521.6
256000.0,8192000.0,256.0,64.0,3.0,18.0,6.0,12.0,3.0,6.0,3.0,1.0,4.0,6.0,3.0,5.0,2.0,2.0,5.0,2.0,6.0,3.0,2.0,3.0,1.0,1.0,3.0,4.0,2.0,3.0,1.0,5.0,16.0,128.0,1.0,128.0,384.0,1.0,1.0,1.0,1.0,1.0,1.0,1.0,1.0,6.0,3.0,1.0,5.0,3.0,4.0,6.0,5.0,4.0,2.0,5.0,6.0,5.0,2.0,3.0,2.0,3.0,16.0,32.0,1.0,2.0,8.0,1.0,64.0,8.0,1.0,1.0,1.0,1.0,1.0,3.0,5.0,4.0,3.0,3.0,2.0,2.0,2.0,5.0,3.0,4.0,1.0,2.0,5.0,3.0,3.0,1.0,8.0,8.0,1.0,2.0,2.0,1.0,2.0,32.0,1.0,1.0,1.0,1.0,5.0,2.0,5.0,1.0,5.0,4.0,3.0,6.0,4.0,2.0,2.0,5.0,4.0,4.0,2.0,2.0,1.0,3.0,128.0,64.0,1.0,8.0,32.0,1.0,1.0,1.0,1.0,1.0,1.0,1.0,5.0,3.0,4.0,4.0,2.0,2.0,4.0,1.0,4.0,2.0,2.0,2.0,4.0,3.0,5.0,2.0,5.0,4.0,512.0,512.0,1.0,1.0,64.0,1.0,1.0,1.0,1.0,1.0,1.0,1.0,1.0,4.0,6.0,3.0,4.0,4.0,4.0,2.0,1.0,5.0,6.0,6.0,6.0,6.0,2.0,6.0,1.0,6.0,4.0,4.0,1.0,2.0,512.0,1.0,1.0,1.0,1.0,1.0,1.0,1.0,1026449364.0,4825273.460000001,1355330000.0,7.2181630000000006,1296.0,514.0,1605632.0,4952898874143080.0,14.65,0.77490235,107.6,149888.0
128000.0,256000.0,256.0,64.0,3.0,34.0,12.0,32.0,6.0,1.0,1.0,2.0,2.0,6.0,5.0,4.0,4.0,5.0,5.0,2.0,2.0,4.0,1.0,5.0,6.0,3.0,6.0,2.0,5.0,1.0,4.0,3.0,64.0,64.0,1.0,12.0,8.0,1.0,1.0,1.0,1.0,1.0,1.0,1.0,1.0,5.0,4.0,6.0,1.0,4.0,1.0,2.0,4.0,1.0,2.0,5.0,2.0,5.0,6.0,4.0,4.0,6.0,16.0,32.0,1.0,32.0,4.0,1.0,2.0,16.0,1.0,1.0,1.0,1.0,1.0,5.0,5.0,3.0,6.0,1.0,1.0,3.0,4.0,6.0,4.0,5.0,4.0,2.0,3.0,6.0,3.0,5.0,64.0,1.0,1.0,1.0,64.0,1.0,8.0,16.0,1.0,1.0,1.0,1.0,1.0,5.0,4.0,3.0,1.0,4.0,2.0,6.0,3.0,3.0,1.0,6.0,4.0,5.0,6.0,5.0,6.0,1.0,32.0,8.0,1.0,16.0,1.0,1.0,1.0,1.0,1.0,1.0,1.0,1.0,6.0,4.0,2.0,4.0,1.0,3.0,5.0,6.0,6.0,1.0,4.0,4.0,6.0,3.0,6.0,3.0,3.0,5.0,1.0,32.0,1.0,256.0,128.0,1.0,1.0,1.0,1.0,1.0,1.0,1.0,2.0,4.0,6.0,4.0,3.0,2.0,5.0,4.0,5.0,6.0,3.0,6.0,1.0,5.0,6.0,2.0,3.0,5.0,128.0,2.0,1.0,32.0,4.0,1.0,1.0,1.0,1.0,1.0,1.0,1.0,242531136.0,3910815.8600000003,91889500000.0,135.00854999999999,13056.0,514.0,663552.0,948494613212617.0,4.4,0.012109375,107.6,82892.8
256000.0,32000.0,256.0,64.0,2.0,24.0,12.0,22.0,3.0,3.0,3.0,4.0,1.0,4.0,5.0,3.0,4.0,2.0,6.0,5.0,2.0,2.0,5.0,3.0,4.0,1.0,1.0,5.0,1.0,3.0,2.0,4.0,16.0,512.0,1.0,768.0,6.0,1.0,1.0,1.0,1.0,1.0,1.0,1.0,5.0,6.0,6.0,1.0,2.0,1.0,1.0,1.0,6.0,4.0,6.0,1.0,2.0,4.0,5.0,5.0,3.0,5.0,8.0,8.0,1.0,1.0,64.0,1.0,32.0,32.0,1.0,1.0,1.0,1.0,4.0,1.0,6.0,2.0,5.0,4.0,4.0,5.0,1.0,5.0,4.0,2.0,1.0,4.0,5.0,4.0,3.0,5.0,64.0,8.0,1.0,32.0,2.0,1.0,64.0,4.0,1.0,1.0,1.0,1.0,2.0,4.0,2.0,3.0,5.0,1.0,2.0,6.0,6.0,1.0,1.0,2.0,5.0,3.0,6.0,2.0,3.0,4.0,8.0,32.0,1.0,8.0,32.0,1.0,1.0,1.0,1.0,1.0,1.0,1.0,5.0,1.0,2.0,3.0,3.0,1.0,1.0,6.0,6.0,1.0,4.0,2.0,3.0,3.0,4.0,2.0,4.0,1.0,32.0,32.0,1.0,2.0,4.0,1.0,1.0,1.0,1.0,1.0,1.0,1.0,5.0,1.0,6.0,5.0,2.0,4.0,6.0,1.0,6.0,3.0,5.0,2.0,5.0,1.0,1.0,2.0,6.0,4.0,8.0,1.0,1.0,1.0,4.0,1.0,1.0,1.0,1.0,1.0,1.0,1.0,2524029264.0,9764941.119999997,137803000.0,1.2546849999999998,264.0,514.0,8832.0,2.464699714811693e+16,1.0,0.337726355,107.6,1251.3
8192.0,16000.0,256.0,64.0,2.0,6.0,32.0,44.0,5.0,1.0,3.0,2.0,3.0,5.0,3.0,1.0,5.0,3.0,2.0,5.0,6.0,5.0,6.0,2.0,1.0,4.0,4.0,2.0,4.0,2.0,6.0,3.0,256.0,16.0,1.0,512.0,128.0,1.0,1.0,1.0,1.0,1.0,1.0,1.0,2.0,4.0,3.0,2.0,5.0,3.0,3.0,5.0,2.0,3.0,6.0,1.0,3.0,6.0,5.0,4.0,3.0,4.0,16.0,4.0,1.0,64.0,32.0,1.0,2.0,2.0,1.0,1.0,1.0,1.0,6.0,1.0,6.0,3.0,6.0,3.0,6.0,3.0,6.0,2.0,2.0,2.0,2.0,3.0,6.0,3.0,6.0,2.0,1.0,2.0,1.0,2.0,32.0,1.0,1.0,8.0,1.0,1.0,1.0,1.0,1.0,3.0,2.0,6.0,4.0,2.0,2.0,1.0,1.0,3.0,4.0,3.0,6.0,6.0,4.0,3.0,1.0,1.0,128.0,2.0,1.0,256.0,2.0,1.0,1.0,1.0,1.0,1.0,1.0,1.0,4.0,3.0,5.0,1.0,1.0,6.0,5.0,1.0,2.0,1.0,2.0,6.0,2.0,2.0,6.0,4.0,6.0,6.0,8.0,16.0,1.0,64.0,128.0,1.0,1.0,1.0,1.0,1.0,1.0,1.0,2.0,6.0,4.0,2.0,5.0,6.0,6.0,1.0,6.0,3.0,6.0,6.0,1.0,2.0,4.0,4.0,6.0,5.0,1.0,2048.0,1.0,32.0,64.0,1.0,1.0,1.0,1.0,1.0,1.0,1.0,81038694.0,4275491.100000001,1552600000.0,7.431982500000001,1408.0,514.0,294912.0,346480214952623.44,25.6,8.808831949999997,107.6,24129.6
1024000.0,16000000.0,256.0,64.0,3.0,38.0,32.0,38.0,2.0,6.0,3.0,4.0,2.0,4.0,4.0,3.0,3.0,6.0,3.0,3.0,2.0,1.0,1.0,4.0,5.0,6.0,3.0,3.0,5.0,1.0,1.0,5.0,16.0,1.0,1.0,6.0,1.0,1.0,1.0,1.0,1.0,1.0,1.0,1.0,5.0,4.0,3.0,4.0,1.0,3.0,3.0,4.0,1.0,4.0,5.0,1.0,6.0,3.0,1.0,5.0,4.0,5.0,2.0,32.0,1.0,4.0,2.0,1.0,8.0,64.0,1.0,1.0,1.0,1.0,2.0,2.0,4.0,6.0,5.0,6.0,5.0,2.0,4.0,5.0,1.0,4.0,6.0,3.0,2.0,4.0,1.0,1.0,2.0,16.0,1.0,8.0,8.0,1.0,1.0,32.0,1.0,1.0,1.0,1.0,3.0,2.0,2.0,4.0,6.0,6.0,4.0,3.0,2.0,5.0,1.0,3.0,3.0,1.0,5.0,4.0,3.0,3.0,2.0,8.0,1.0,8.0,64.0,1.0,1.0,1.0,1.0,1.0,1.0,1.0,2.0,3.0,2.0,1.0,6.0,1.0,4.0,3.0,1.0,1.0,5.0,1.0,2.0,2.0,6.0,4.0,2.0,2.0,16.0,1.0,1.0,8.0,128.0,1.0,1.0,1.0,1.0,1.0,1.0,1.0,1.0,5.0,4.0,5.0,6.0,6.0,1.0,6.0,2.0,4.0,1.0,3.0,5.0,2.0,3.0,3.0,4.0,6.0,16.0,8.0,1.0,256.0,64.0,1.0,1.0,1.0,1.0,1.0,1.0,1.0,499837506.0,4479302.68,1105870000000.0,1148.1535,46208.0,514.0,561152.0,2238923480190316.0,22.32857,0.503738625,107.6,58476.8
512000.0,32000000.0,256.0,64.0,1.0,34.0,20.0,6.0,5.0,3.0,1.0,2.0,2.0,3.0,4.0,6.0,5.0,3.0,1.0,2.0,2.0,6.0,4.0,1.0,3.0,6.0,3.0,5.0,3.0,5.0,2.0,6.0,32.0,64.0,1.0,16.0,768.0,1.0,1.0,1.0,1.0,1.0,1.0,1.0,6.0,3.0,4.0,4.0,4.0,5.0,4.0,4.0,4.0,1.0,3.0,1.0,5.0,6.0,5.0,2.0,3.0,3.0,16.0,64.0,1.0,4.0,8.0,1.0,32.0,2.0,1.0,1.0,1.0,1.0,1.0,6.0,6.0,4.0,1.0,4.0,3.0,3.0,5.0,1.0,3.0,4.0,2.0,5.0,3.0,3.0,2.0,5.0,1.0,1.0,1.0,64.0,8.0,1.0,2.0,64.0,1.0,1.0,1.0,1.0,1.0,4.0,1.0,1.0,1.0,5.0,3.0,4.0,1.0,2.0,5.0,6.0,5.0,2.0,3.0,6.0,3.0,4.0,32.0,256.0,1.0,512.0,512.0,1.0,1.0,1.0,1.0,1.0,1.0,1.0,4.0,1.0,6.0,3.0,1.0,5.0,1.0,3.0,4.0,3.0,3.0,1.0,6.0,6.0,6.0,3.0,2.0,2.0,512.0,4.0,1.0,2.0,32.0,1.0,1.0,1.0,1.0,1.0,1.0,1.0,6.0,5.0,4.0,6.0,2.0,1.0,1.0,4.0,1.0,6.0,3.0,2.0,4.0,6.0,3.0,6.0,5.0,5.0,1.0,32.0,1.0,256.0,8.0,1.0,1.0,1.0,1.0,1.0,1.0,1.0,422314176.0,13118019.24,3069880.0,0.03515203999999999,6.0,514.0,1804.0,5539925486092746.0,5.846982499999999,7.587937499999998,107.6,381.6
16000.0,16000.0,256.0,64.0,1.0,14.0,32.0,28.0,3.0,6.0,5.0,1.0,3.0,4.0,4.0,6.0,6.0,4.0,6.0,1.0,3.0,2.0,1.0,5.0,4.0,1.0,1.0,6.0,6.0,5.0,1.0,4.0,8.0,512.0,1.0,4.0,3.0,1.0,1.0,1.0,1.0,1.0,1.0,1.0,1.0,5.0,5.0,6.0,5.0,2.0,5.0,3.0,5.0,4.0,1.0,3.0,1.0,6.0,4.0,2.0,3.0,5.0,2.0,4.0,1.0,16.0,1.0,1.0,32.0,1.0,1.0,1.0,1.0,1.0,4.0,5.0,6.0,2.0,5.0,2.0,2.0,4.0,3.0,6.0,2.0,5.0,1.0,4.0,4.0,2.0,5.0,1.0,128.0,128.0,1.0,8.0,128.0,1.0,4.0,64.0,1.0,1.0,1.0,1.0,2.0,1.0,1.0,5.0,5.0,6.0,1.0,1.0,1.0,1.0,2.0,4.0,6.0,4.0,3.0,6.0,6.0,6.0,128.0,4.0,1.0,8.0,4.0,1.0,1.0,1.0,1.0,1.0,1.0,1.0,5.0,1.0,5.0,2.0,1.0,1.0,6.0,2.0,1.0,4.0,3.0,6.0,6.0,4.0,6.0,3.0,4.0,2.0,1.0,128.0,1.0,8.0,16.0,1.0,1.0,1.0,1.0,1.0,1.0,1.0,5.0,1.0,2.0,2.0,3.0,2.0,3.0,4.0,2.0,5.0,3.0,5.0,6.0,1.0,3.0,4.0,2.0,2.0,2.0,4.0,1.0,8.0,2.0,1.0,1.0,1.0,1.0,1.0,1.0,1.0,92012664.0,15444837.6,11913400.0,0.1404782,28.0,514.0,7480.0,1421120652623366.2,25.95489000000001,26.74553,107.6,1587.2
256.0,16000.0,256.0,64.0,3.0,28.0,22.0,34.0,3.0,4.0,6.0,6.0,6.0,1.0,3.0,4.0,3.0,6.0,6.0,6.0,1.0,4.0,2.0,6.0,1.0,5.0,1.0,5.0,5.0,6.0,4.0,3.0,8.0,16.0,1.0,32.0,6.0,1.0,1.0,1.0,1.0,1.0,1.0,1.0,3.0,4.0,2.0,6.0,2.0,4.0,1.0,2.0,6.0,4.0,3.0,2.0,3.0,5.0,1.0,2.0,6.0,1.0,1.0,16.0,1.0,64.0,64.0,1.0,64.0,4.0,1.0,1.0,1.0,1.0,2.0,2.0,3.0,6.0,4.0,3.0,4.0,3.0,2.0,6.0,4.0,1.0,2.0,5.0,4.0,6.0,2.0,5.0,1.0,2.0,1.0,1.0,64.0,1.0,16.0,64.0,1.0,1.0,1.0,1.0,2.0,4.0,6.0,2.0,4.0,3.0,3.0,1.0,3.0,5.0,3.0,3.0,3.0,1.0,5.0,1.0,6.0,2.0,128.0,1.0,1.0,32.0,1.0,1.0,1.0,1.0,1.0,1.0,1.0,1.0,2.0,2.0,5.0,3.0,2.0,4.0,1.0,3.0,1.0,2.0,4.0,1.0,6.0,4.0,5.0,4.0,1.0,5.0,256.0,4.0,1.0,512.0,64.0,1.0,1.0,1.0,1.0,1.0,1.0,1.0,4.0,4.0,5.0,4.0,3.0,2.0,5.0,5.0,6.0,6.0,6.0,6.0,4.0,1.0,2.0,1.0,3.0,4.0,1.0,256.0,1.0,16.0,128.0,1.0,1.0,1.0,1.0,1.0,1.0,1.0,2496821724.0,4313374.880000001,231596000000.0,288.65565000000004,20944.0,514.0,458752.0,1.0769728104139896e+16,1.4,0.18509114499999998,107.6,46745.6
512.0,16000.0,256.0,64.0,3.0,12.0,34.0,2.0,3.0,4.0,6.0,5.0,6.0,6.0,1.0,3.0,6.0,1.0,3.0,3.0,6.0,4.0,6.0,3.0,1.0,1.0,5.0,2.0,6.0,3.0,6.0,2.0,32.0,8.0,1.0,384.0,12.0,1.0,1.0,1.0,1.0,1.0,1.0,1.0,6.0,1.0,1.0,6.0,1.0,1.0,6.0,5.0,2.0,5.0,4.0,2.0,1.0,6.0,6.0,1.0,6.0,3.0,1.0,1.0,1.0,8.0,32.0,1.0,128.0,128.0,1.0,1.0,1.0,1.0,6.0,6.0,1.0,4.0,1.0,4.0,5.0,3.0,1.0,6.0,2.0,2.0,6.0,4.0,5.0,2.0,2.0,3.0,16.0,2.0,1.0,1.0,2.0,1.0,2.0,8.0,1.0,1.0,1.0,1.0,3.0,3.0,6.0,1.0,1.0,2.0,4.0,2.0,3.0,5.0,3.0,2.0,3.0,4.0,4.0,5.0,3.0,5.0,4.0,512.0,1.0,256.0,32.0,1.0,1.0,1.0,1.0,1.0,1.0,1.0,1.0,3.0,1.0,6.0,1.0,1.0,3.0,4.0,1.0,1.0,1.0,1.0,2.0,2.0,5.0,1.0,5.0,1.0,8.0,1.0,1.0,2.0,64.0,1.0,1.0,1.0,1.0,1.0,1.0,1.0,5.0,3.0,3.0,4.0,1.0,3.0,6.0,6.0,1.0,6.0,3.0,3.0,2.0,2.0,5.0,1.0,3.0,2.0,32.0,8.0,1.0,64.0,512.0,1.0,1.0,1.0,1.0,1.0,1.0,1.0,2477442888.0,4803674.260000001,653969000.0,4.199556500000001,816.0,514.0,458752.0,1.1900828631705664e+16,3.8,0.57570805,107.6,43417.6
512.0,64000.0,256.0,64.0,3.0,48.0,4.0,48.0,2.0,5.0,5.0,6.0,1.0,6.0,5.0,6.0,1.0,3.0,4.0,2.0,4.0,2.0,2.0,2.0,1.0,1.0,6.0,4.0,1.0,2.0,5.0,3.0,128.0,256.0,1.0,128.0,24.0,1.0,1.0,1.0,1.0,1.0,1.0,1.0,4.0,4.0,4.0,4.0,4.0,6.0,1.0,5.0,2.0,3.0,4.0,1.0,6.0,5.0,3.0,4.0,2.0,2.0,1.0,64.0,1.0,4.0,1.0,1.0,1.0,64.0,1.0,1.0,1.0,1.0,1.0,6.0,3.0,1.0,5.0,3.0,2.0,1.0,3.0,4.0,4.0,3.0,5.0,6.0,1.0,1.0,1.0,3.0,4.0,1.0,1.0,8.0,128.0,1.0,2.0,8.0,1.0,1.0,1.0,1.0,5.0,2.0,1.0,3.0,1.0,4.0,1.0,6.0,1.0,6.0,4.0,2.0,1.0,5.0,5.0,2.0,2.0,5.0,4.0,64.0,1.0,2.0,2.0,1.0,1.0,1.0,1.0,1.0,1.0,1.0,1.0,3.0,4.0,3.0,1.0,4.0,2.0,1.0,2.0,2.0,6.0,1.0,3.0,3.0,5.0,4.0,1.0,4.0,16.0,16.0,1.0,512.0,32.0,1.0,1.0,1.0,1.0,1.0,1.0,1.0,5.0,4.0,3.0,4.0,2.0,2.0,6.0,4.0,2.0,6.0,2.0,4.0,2.0,6.0,3.0,2.0,4.0,1.0,256.0,256.0,1.0,2.0,32.0,1.0,1.0,1.0,1.0,1.0,1.0,1.0,667291830.0,4271212.14,46828700000.0,79.684735,9216.0,514.0,163840.0,2850144965218816.0,6.6,0.6573084600000001,107.6,26073.6
128000.0,64000.0,256.0,64.0,2.0,32.0,42.0,32.0,3.0,3.0,4.0,3.0,1.0,4.0,3.0,3.0,6.0,3.0,6.0,2.0,5.0,5.0,6.0,3.0,3.0,3.0,5.0,6.0,2.0,3.0,1.0,5.0,1.0,1.0,1.0,12.0,384.0,1.0,1.0,1.0,1.0,1.0,1.0,1.0,1.0,3.0,1.0,6.0,2.0,5.0,6.0,3.0,5.0,1.0,6.0,6.0,4.0,1.0,2.0,1.0,6.0,4.0,64.0,16.0,1.0,32.0,16.0,1.0,32.0,4.0,1.0,1.0,1.0,1.0,2.0,3.0,2.0,6.0,5.0,5.0,5.0,5.0,1.0,4.0,3.0,5.0,4.0,1.0,1.0,6.0,4.0,1.0,128.0,4.0,1.0,8.0,16.0,1.0,32.0,4.0,1.0,1.0,1.0,1.0,2.0,4.0,1.0,3.0,2.0,5.0,1.0,2.0,4.0,1.0,5.0,4.0,6.0,6.0,4.0,6.0,2.0,4.0,16.0,16.0,1.0,256.0,128.0,1.0,1.0,1.0,1.0,1.0,1.0,1.0,5.0,3.0,4.0,4.0,1.0,2.0,3.0,4.0,1.0,2.0,2.0,6.0,4.0,3.0,2.0,4.0,4.0,4.0,1.0,8.0,1.0,1.0,128.0,1.0,1.0,1.0,1.0,1.0,1.0,1.0,2.0,3.0,1.0,3.0,6.0,5.0,5.0,1.0,2.0,6.0,4.0,1.0,1.0,4.0,2.0,4.0,5.0,2.0,8.0,8.0,1.0,32.0,256.0,1.0,1.0,1.0,1.0,1.0,1.0,1.0,2427374490.0,14231101.86,1438200000.0,7.001086500000001,1344.0,514.0,40960.0,3.4544213619555548e+16,19.4,2.4694695000000007,107.6,6900.5
2048.0,32000000.0,256.0,64.0,3.0,30.0,36.0,16.0,3.0,1.0,1.0,2.0,5.0,3.0,3.0,6.0,1.0,3.0,6.0,2.0,3.0,4.0,5.0,4.0,2.0,1.0,1.0,6.0,6.0,4.0,6.0,3.0,32.0,64.0,1.0,32.0,32.0,1.0,1.0,1.0,1.0,1.0,1.0,1.0,4.0,1.0,5.0,5.0,2.0,6.0,4.0,6.0,4.0,5.0,1.0,3.0,6.0,5.0,6.0,6.0,2.0,3.0,2.0,1.0,1.0,2.0,64.0,1.0,4.0,128.0,1.0,1.0,1.0,1.0,2.0,3.0,2.0,1.0,2.0,5.0,3.0,2.0,2.0,5.0,5.0,3.0,4.0,2.0,5.0,1.0,5.0,6.0,32.0,32.0,1.0,32.0,4.0,1.0,2.0,1.0,1.0,1.0,1.0,1.0,6.0,6.0,5.0,3.0,4.0,3.0,5.0,2.0,1.0,6.0,6.0,5.0,4.0,3.0,6.0,3.0,2.0,6.0,1.0,16.0,1.0,256.0,16.0,1.0,1.0,1.0,1.0,1.0,1.0,1.0,4.0,3.0,6.0,6.0,5.0,2.0,3.0,6.0,6.0,4.0,5.0,4.0,6.0,1.0,2.0,3.0,2.0,1.0,2.0,4.0,1.0,256.0,2.0,1.0,1.0,1.0,1.0,1.0,1.0,1.0,2.0,6.0,3.0,5.0,6.0,4.0,5.0,4.0,6.0,3.0,5.0,1.0,5.0,4.0,3.0,1.0,3.0,1.0,2048.0,2.0,1.0,512.0,2.0,1.0,1.0,1.0,1.0,1.0,1.0,1.0,820081746.0,5045809.28,158815000000.0,210.81775,17280.0,514.0,2752512.0,4137976084325403.0,3.9655150000000003,0.42667639500000004,107.6,154163.2
2048000.0,64000.0,256.0,64.0,1.0,16.0,40.0,32.0,6.0,6.0,5.0,3.0,1.0,2.0,5.0,2.0,5.0,4.0,2.0,2.0,6.0,3.0,4.0,1.0,1.0,6.0,6.0,3.0,1.0,1.0,2.0,3.0,2.0,256.0,1.0,1536.0,2.0,1.0,1.0,1.0,1.0,1.0,1.0,1.0,1.0,3.0,6.0,5.0,5.0,1.0,2.0,4.0,6.0,3.0,1.0,2.0,5.0,6.0,3.0,5.0,6.0,2.0,1.0,8.0,1.0,64.0,4.0,1.0,16.0,16.0,1.0,1.0,1.0,1.0,5.0,5.0,1.0,2.0,6.0,6.0,1.0,1.0,4.0,3.0,4.0,2.0,4.0,3.0,3.0,1.0,3.0,3.0,2.0,16.0,1.0,2.0,32.0,1.0,16.0,32.0,1.0,1.0,1.0,1.0,4.0,5.0,5.0,6.0,4.0,1.0,2.0,5.0,6.0,2.0,2.0,2.0,2.0,3.0,1.0,2.0,2.0,2.0,512.0,512.0,1.0,4.0,512.0,1.0,1.0,1.0,1.0,1.0,1.0,1.0,1.0,3.0,1.0,2.0,1.0,5.0,3.0,1.0,6.0,2.0,2.0,2.0,5.0,6.0,4.0,5.0,6.0,1.0,128.0,1.0,1.0,4.0,256.0,1.0,1.0,1.0,1.0,1.0,1.0,1.0,4.0,3.0,5.0,6.0,2.0,1.0,2.0,1.0,1.0,6.0,6.0,4.0,1.0,3.0,3.0,6.0,5.0,1.0,4.0,16.0,1.0,8.0,2.0,1.0,1.0,1.0,1.0,1.0,1.0,1.0,78643704.0,12991666.32,13574300.0,0.15973220000000002,32.0,514.0,8512.0,1021712760536849.2,32.0,30.32101999999999,107.6,1806.4
256000.0,32000000.0,256.0,64.0,1.0,28.0,10.0,22.0,1.0,1.0,3.0,4.0,3.0,4.0,5.0,4.0,5.0,3.0,2.0,1.0,4.0,3.0,1.0,2.0,2.0,1.0,4.0,1.0,4.0,2.0,1.0,2.0,64.0,128.0,1.0,1.0,2.0,1.0,1.0,1.0,1.0,1.0,1.0,1.0,4.0,4.0,1.0,1.0,4.0,4.0,6.0,6.0,3.0,1.0,6.0,2.0,1.0,2.0,6.0,1.0,1.0,4.0,64.0,64.0,1.0,128.0,8.0,1.0,4.0,32.0,1.0,1.0,1.0,1.0,4.0,2.0,6.0,6.0,2.0,5.0,6.0,2.0,6.0,5.0,1.0,4.0,5.0,3.0,4.0,3.0,6.0,1.0,16.0,64.0,1.0,16.0,8.0,1.0,1.0,2.0,1.0,1.0,1.0,1.0,3.0,6.0,2.0,5.0,2.0,4.0,3.0,5.0,1.0,1.0,3.0,2.0,2.0,1.0,5.0,3.0,5.0,3.0,8.0,64.0,1.0,8.0,128.0,1.0,1.0,1.0,1.0,1.0,1.0,1.0,1.0,2.0,6.0,6.0,4.0,5.0,2.0,1.0,2.0,3.0,3.0,2.0,6.0,5.0,6.0,5.0,4.0,6.0,128.0,512.0,1.0,64.0,128.0,1.0,1.0,1.0,1.0,1.0,1.0,1.0,2.0,6.0,6.0,3.0,4.0,3.0,5.0,6.0,3.0,1.0,4.0,2.0,2.0,2.0,1.0,5.0,1.0,5.0,64.0,2048.0,1.0,1.0,128.0,1.0,1.0,1.0,1.0,1.0,1.0,1.0,2516582520.0,15564282.0,9452030.0,0.10774740000000001,22.0,514.0,514.0,3.916880001755064e+16,1.0,1.393801,107.6,107.6
512000.0,4096000.0,256.0,64.0,1.0,6.0,36.0,26.0,5.0,1.0,3.0,1.0,3.0,1.0,5.0,6.0,2.0,1.0,6.0,4.0,2.0,5.0,6.0,4.0,2.0,1.0,2.0,1.0,4.0,6.0,5.0,1.0,512.0,256.0,1.0,1.0,16.0,1.0,1.0,1.0,1.0,1.0,1.0,1.0,5.0,5.0,3.0,3.0,4.0,6.0,5.0,6.0,2.0,5.0,5.0,2.0,1.0,4.0,5.0,6.0,6.0,6.0,2.0,32.0,1.0,4.0,1.0,1.0,2.0,8.0,1.0,1.0,1.0,1.0,1.0,5.0,2.0,5.0,3.0,3.0,5.0,5.0,4.0,6.0,5.0,5.0,2.0,6.0,4.0,3.0,4.0,5.0,4.0,2.0,1.0,1.0,32.0,1.0,8.0,64.0,1.0,1.0,1.0,1.0,1.0,6.0,2.0,6.0,5.0,6.0,1.0,4.0,3.0,4.0,3.0,3.0,2.0,2.0,4.0,3.0,5.0,3.0,4.0,32.0,1.0,1.0,512.0,1.0,1.0,1.0,1.0,1.0,1.0,1.0,6.0,2.0,5.0,4.0,6.0,5.0,5.0,2.0,1.0,2.0,3.0,2.0,6.0,6.0,1.0,2.0,5.0,4.0,1.0,1.0,1.0,1.0,1.0,1.0,1.0,1.0,1.0,1.0,1.0,1.0,6.0,3.0,5.0,6.0,6.0,6.0,1.0,4.0,5.0,1.0,3.0,6.0,6.0,3.0,2.0,3.0,6.0,4.0,1.0,256.0,1.0,256.0,512.0,1.0,1.0,1.0,1.0,1.0,1.0,1.0,98304432.0,5308726.8,11089000.0,0.13085939999999996,26.0,514.0,6964.0,521871372717177.56,23.90952500000001,32.206719,107.6,1477.6
1024000.0,16000000.0,256.0,64.0,1.0,38.0,22.0,24.0,6.0,6.0,4.0,3.0,5.0,4.0,6.0,5.0,1.0,2.0,6.0,1.0,6.0,1.0,5.0,2.0,4.0,3.0,1.0,1.0,1.0,1.0,3.0,2.0,4.0,512.0,1.0,512.0,128.0,1.0,1.0,1.0,1.0,1.0,1.0,1.0,6.0,5.0,6.0,2.0,5.0,3.0,6.0,5.0,4.0,2.0,4.0,2.0,4.0,2.0,6.0,3.0,2.0,5.0,32.0,16.0,1.0,4.0,128.0,1.0,16.0,32.0,1.0,1.0,1.0,1.0,2.0,6.0,3.0,3.0,4.0,2.0,3.0,1.0,5.0,2.0,2.0,5.0,6.0,6.0,5.0,6.0,2.0,4.0,1.0,32.0,1.0,128.0,1.0,1.0,8.0,4.0,1.0,1.0,1.0,1.0,2.0,5.0,5.0,6.0,2.0,2.0,2.0,3.0,2.0,3.0,4.0,3.0,4.0,2.0,3.0,6.0,5.0,4.0,16.0,128.0,1.0,512.0,128.0,1.0,1.0,1.0,1.0,1.0,1.0,1.0,6.0,6.0,3.0,3.0,3.0,2.0,4.0,6.0,4.0,4.0,4.0,3.0,3.0,3.0,4.0,2.0,4.0,4.0,8.0,128.0,1.0,32.0,2048.0,1.0,1.0,1.0,1.0,1.0,1.0,1.0,2.0,5.0,4.0,2.0,5.0,3.0,2.0,3.0,1.0,3.0,4.0,3.0,3.0,5.0,6.0,4.0,2.0,1.0,8.0,16.0,1.0,2.0,32.0,1.0,1.0,1.0,1.0,1.0,1.0,1.0,107741592.0,8730482.64,10268800.0,0.12128799999999998,24.0,514.0,6448.0,940636098561963.0,21.748245000000004,18.44957,107.6,1368.0
1024000.0,16000.0,256.0,64.0,1.0,2.0,30.0,38.0,2.0,2.0,5.0,5.0,4.0,6.0,2.0,3.0,1.0,3.0,1.0,5.0,3.0,3.0,6.0,2.0,3.0,6.0,2.0,3.0,4.0,3.0,2.0,3.0,16.0,512.0,1.0,32.0,8.0,1.0,1.0,1.0,1.0,1.0,1.0,1.0,3.0,4.0,5.0,6.0,3.0,4.0,5.0,1.0,2.0,2.0,2.0,1.0,1.0,2.0,2.0,6.0,6.0,2.0,8.0,1.0,1.0,32.0,2.0,1.0,2.0,128.0,1.0,1.0,1.0,1.0,4.0,5.0,3.0,5.0,5.0,4.0,4.0,3.0,6.0,2.0,1.0,2.0,3.0,3.0,2.0,6.0,4.0,1.0,128.0,128.0,1.0,2.0,64.0,1.0,1.0,1.0,1.0,1.0,1.0,1.0,4.0,4.0,6.0,1.0,3.0,6.0,3.0,6.0,5.0,4.0,4.0,2.0,6.0,6.0,1.0,5.0,1.0,5.0,8.0,64.0,1.0,8.0,256.0,1.0,1.0,1.0,1.0,1.0,1.0,1.0,3.0,5.0,5.0,1.0,1.0,1.0,1.0,2.0,5.0,5.0,2.0,6.0,1.0,3.0,1.0,2.0,2.0,6.0,4.0,64.0,1.0,2.0,1.0,1.0,1.0,1.0,1.0,1.0,1.0,1.0,1.0,5.0,6.0,4.0,2.0,2.0,6.0,3.0,5.0,4.0,5.0,3.0,5.0,3.0,2.0,3.0,1.0,5.0,1.0,8.0,1.0,256.0,64.0,1.0,1.0,1.0,1.0,1.0,1.0,1.0,2516582520.0,22124478.000000004,16095200.0,0.18164519999999992,38.0,514.0,514.0,5.567807459892457e+16,1.0,1.3945809999999998,107.6,107.6
256000.0,16000000.0,256.0,64.0,1.0,2.0,46.0,30.0,5.0,3.0,6.0,2.0,4.0,3.0,3.0,1.0,2.0,3.0,5.0,1.0,5.0,4.0,4.0,3.0,1.0,1.0,3.0,1.0,5.0,3.0,1.0,4.0,1.0,16.0,1.0,256.0,192.0,1.0,1.0,1.0,1.0,1.0,1.0,1.0,6.0,5.0,3.0,4.0,2.0,5.0,3.0,4.0,4.0,1.0,2.0,4.0,5.0,5.0,3.0,6.0,6.0,6.0,32.0,2.0,1.0,128.0,2.0,1.0,2.0,8.0,1.0,1.0,1.0,1.0,3.0,1.0,5.0,3.0,6.0,4.0,2.0,6.0,1.0,3.0,2.0,3.0,3.0,5.0,1.0,1.0,1.0,3.0,2.0,2.0,1.0,8.0,16.0,1.0,2.0,8.0,1.0,1.0,1.0,1.0,4.0,2.0,3.0,1.0,6.0,3.0,5.0,5.0,6.0,1.0,1.0,2.0,4.0,6.0,1.0,5.0,5.0,4.0,1.0,64.0,1.0,16.0,4.0,1.0,1.0,1.0,1.0,1.0,1.0,1.0,6.0,5.0,3.0,3.0,3.0,1.0,4.0,6.0,6.0,2.0,1.0,6.0,5.0,4.0,6.0,4.0,6.0,1.0,128.0,8.0,1.0,128.0,32.0,1.0,1.0,1.0,1.0,1.0,1.0,1.0,4.0,1.0,2.0,3.0,6.0,2.0,6.0,6.0,5.0,2.0,2.0,1.0,3.0,5.0,2.0,5.0,4.0,3.0,1024.0,64.0,1.0,2.0,256.0,1.0,1.0,1.0,1.0,1.0,1.0,1.0,2420244600.0,19967876.159999996,12741000.0,0.14494120000000002,30.0,514.0,514.0,4.832714444970873e+16,18.973320000000005,19.107059999999997,107.6,200.4
32000.0,256000.0,256.0,64.0,2.0,16.0,14.0,26.0,3.0,4.0,1.0,3.0,2.0,6.0,1.0,5.0,2.0,2.0,3.0,3.0,1.0,5.0,6.0,6.0,5.0,5.0,2.0,5.0,4.0,1.0,2.0,3.0,128.0,64.0,1.0,8.0,1.0,1.0,1.0,1.0,1.0,1.0,1.0,1.0,2.0,2.0,6.0,3.0,3.0,4.0,6.0,3.0,2.0,6.0,1.0,2.0,5.0,5.0,1.0,2.0,2.0,5.0,64.0,16.0,1.0,1.0,4.0,1.0,1.0,128.0,1.0,1.0,1.0,1.0,5.0,6.0,3.0,3.0,3.0,3.0,3.0,6.0,2.0,6.0,3.0,1.0,6.0,1.0,6.0,1.0,3.0,1.0,32.0,1.0,1.0,16.0,128.0,1.0,32.0,1.0,1.0,1.0,1.0,1.0,6.0,5.0,5.0,6.0,5.0,2.0,5.0,6.0,5.0,4.0,2.0,6.0,3.0,3.0,6.0,1.0,1.0,4.0,4.0,32.0,1.0,1.0,8.0,1.0,1.0,1.0,1.0,1.0,1.0,1.0,6.0,3.0,3.0,1.0,1.0,1.0,2.0,5.0,1.0,6.0,1.0,1.0,1.0,3.0,4.0,2.0,4.0,4.0,1.0,4.0,1.0,16.0,512.0,1.0,1.0,1.0,1.0,1.0,1.0,1.0,5.0,2.0,6.0,4.0,4.0,6.0,1.0,5.0,4.0,5.0,1.0,3.0,5.0,1.0,2.0,5.0,1.0,3.0,16.0,128.0,1.0,8.0,1.0,1.0,1.0,1.0,1.0,1.0,1.0,1.0,1721966964.0,15581701.939999998,208269000.0,1.7425105,364.0,514.0,16768.0,2.6831175983574708e+16,7.75,4.5175295,107.6,1394.0
4096.0,64000.0,256.0,64.0,3.0,2.0,6.0,38.0,2.0,2.0,6.0,6.0,1.0,6.0,3.0,4.0,2.0,2.0,5.0,2.0,2.0,5.0,6.0,6.0,1.0,3.0,5.0,5.0,5.0,1.0,4.0,1.0,512.0,128.0,1.0,128.0,4.0,1.0,1.0,1.0,1.0,1.0,1.0,1.0,5.0,1.0,2.0,6.0,4.0,4.0,6.0,5.0,6.0,5.0,3.0,4.0,1.0,4.0,1.0,1.0,3.0,4.0,16.0,64.0,1.0,64.0,32.0,1.0,8.0,32.0,1.0,1.0,1.0,1.0,4.0,3.0,3.0,3.0,3.0,3.0,1.0,5.0,1.0,1.0,1.0,1.0,5.0,6.0,4.0,6.0,5.0,3.0,4.0,2.0,1.0,1.0,1.0,1.0,32.0,32.0,1.0,1.0,1.0,1.0,6.0,4.0,5.0,3.0,5.0,2.0,4.0,6.0,1.0,1.0,1.0,6.0,3.0,6.0,1.0,2.0,4.0,6.0,1.0,1.0,1.0,256.0,16.0,1.0,1.0,1.0,1.0,1.0,1.0,1.0,2.0,3.0,1.0,3.0,5.0,2.0,1.0,4.0,1.0,4.0,6.0,4.0,6.0,4.0,3.0,1.0,3.0,1.0,32.0,4.0,1.0,128.0,4.0,1.0,1.0,1.0,1.0,1.0,1.0,1.0,1.0,4.0,4.0,5.0,3.0,2.0,1.0,2.0,4.0,3.0,1.0,3.0,1.0,4.0,2.0,1.0,1.0,4.0,256.0,256.0,1.0,4.0,64.0,1.0,1.0,1.0,1.0,1.0,1.0,1.0,2467426428.0,5009015.52,282128000.0,2.3191714999999995,456.0,514.0,294912.0,1.2359377272310162e+16,1.8,0.25185554,107.6,36342.4
1024000.0,1024000.0,256.0,64.0,1.0,46.0,14.0,24.0,2.0,2.0,4.0,4.0,1.0,6.0,1.0,3.0,1.0,1.0,3.0,5.0,2.0,2.0,6.0,6.0,6.0,2.0,1.0,4.0,6.0,5.0,2.0,2.0,1.0,4.0,1.0,32.0,32.0,1.0,1.0,1.0,1.0,1.0,1.0,1.0,6.0,6.0,4.0,6.0,3.0,3.0,6.0,2.0,6.0,1.0,5.0,5.0,3.0,2.0,5.0,4.0,1.0,6.0,1.0,1.0,1.0,1.0,2.0,1.0,16.0,128.0,1.0,1.0,1.0,1.0,1.0,3.0,6.0,6.0,3.0,3.0,2.0,5.0,4.0,4.0,4.0,5.0,4.0,5.0,6.0,2.0,5.0,5.0,32.0,128.0,1.0,16.0,4.0,1.0,32.0,2.0,1.0,1.0,1.0,1.0,6.0,3.0,1.0,6.0,1.0,3.0,1.0,4.0,3.0,1.0,2.0,6.0,3.0,5.0,3.0,4.0,3.0,6.0,1.0,256.0,1.0,16.0,256.0,1.0,1.0,1.0,1.0,1.0,1.0,1.0,6.0,4.0,2.0,4.0,4.0,6.0,1.0,2.0,2.0,4.0,1.0,5.0,3.0,1.0,3.0,1.0,1.0,2.0,512.0,256.0,1.0,256.0,1024.0,1.0,1.0,1.0,1.0,1.0,1.0,1.0,4.0,5.0,5.0,5.0,2.0,1.0,3.0,3.0,4.0,5.0,3.0,2.0,1.0,3.0,3.0,1.0,4.0,3.0,1024.0,1.0,1.0,64.0,256.0,1.0,1.0,1.0,1.0,1.0,1.0,1.0,2516582520.0,23063955.6,10268200.0,0.11693999999999997,24.0,514.0,514.0,5.804234750501611e+16,1.0,1.4011220000000002,107.6,107.6
4096.0,128000.0,256.0,64.0,1.0,8.0,2.0,30.0,5.0,6.0,3.0,5.0,2.0,3.0,2.0,3.0,1.0,5.0,1.0,6.0,1.0,1.0,2.0,3.0,4.0,3.0,6.0,4.0,1.0,5.0,6.0,3.0,16.0,1.0,1.0,32.0,96.0,1.0,1.0,1.0,1.0,1.0,1.0,1.0,5.0,5.0,5.0,5.0,1.0,3.0,3.0,4.0,5.0,5.0,5.0,1.0,4.0,6.0,2.0,5.0,5.0,4.0,8.0,1.0,1.0,16.0,8.0,1.0,128.0,16.0,1.0,1.0,1.0,1.0,1.0,1.0,5.0,5.0,2.0,2.0,1.0,2.0,4.0,2.0,3.0,4.0,5.0,2.0,3.0,3.0,1.0,1.0,8.0,4.0,1.0,1.0,4.0,1.0,1.0,8.0,1.0,1.0,1.0,1.0,4.0,1.0,2.0,3.0,2.0,5.0,4.0,3.0,6.0,3.0,2.0,4.0,3.0,4.0,5.0,4.0,2.0,2.0,8.0,32.0,1.0,256.0,512.0,1.0,1.0,1.0,1.0,1.0,1.0,1.0,6.0,3.0,5.0,2.0,3.0,4.0,6.0,4.0,1.0,2.0,6.0,6.0,6.0,6.0,3.0,5.0,5.0,5.0,256.0,4.0,1.0,512.0,256.0,1.0,1.0,1.0,1.0,1.0,1.0,1.0,2.0,3.0,6.0,5.0,1.0,6.0,5.0,3.0,3.0,3.0,2.0,2.0,3.0,1.0,2.0,4.0,4.0,3.0,2048.0,1.0,1.0,8.0,64.0,1.0,1.0,1.0,1.0,1.0,1.0,1.0,86900856.0,15087940.319999998,12741800.0,0.1501036,30.0,514.0,7996.0,1311154929084913.8,26.285425000000007,26.289745,107.6,1696.8
2048.0,64000.0,256.0,64.0,1.0,16.0,26.0,6.0,1.0,5.0,3.0,4.0,2.0,6.0,6.0,2.0,3.0,1.0,3.0,4.0,2.0,1.0,4.0,2.0,1.0,2.0,5.0,1.0,1.0,5.0,5.0,5.0,2.0,64.0,1.0,2.0,768.0,1.0,1.0,1.0,1.0,1.0,1.0,1.0,6.0,5.0,4.0,6.0,6.0,6.0,3.0,6.0,1.0,3.0,5.0,2.0,3.0,2.0,4.0,1.0,3.0,3.0,16.0,1.0,1.0,1.0,2.0,1.0,64.0,1.0,1.0,1.0,1.0,1.0,5.0,3.0,1.0,4.0,3.0,2.0,4.0,3.0,1.0,6.0,4.0,3.0,2.0,4.0,2.0,6.0,2.0,5.0,16.0,8.0,1.0,1.0,4.0,1.0,64.0,16.0,1.0,1.0,1.0,1.0,5.0,5.0,3.0,1.0,4.0,6.0,3.0,4.0,5.0,5.0,4.0,5.0,2.0,1.0,1.0,4.0,5.0,2.0,16.0,64.0,1.0,1.0,16.0,1.0,1.0,1.0,1.0,1.0,1.0,1.0,5.0,6.0,1.0,1.0,3.0,5.0,1.0,2.0,6.0,3.0,2.0,5.0,4.0,6.0,3.0,6.0,3.0,3.0,16.0,4.0,1.0,64.0,128.0,1.0,1.0,1.0,1.0,1.0,1.0,1.0,1.0,2.0,2.0,2.0,2.0,5.0,1.0,2.0,6.0,1.0,2.0,3.0,6.0,2.0,2.0,6.0,3.0,2.0,2.0,2048.0,1.0,512.0,2.0,1.0,1.0,1.0,1.0,1.0,1.0,1.0,2516582520.0,19087423.200000003,3069750.0,0.034206740000000006,6.0,514.0,514.0,4.803507557696247e+16,1.0,1.0096669999999999,107.6,107.6
512000.0,1024000.0,256.0,64.0,1.0,24.0,26.0,18.0,2.0,6.0,4.0,3.0,5.0,4.0,2.0,6.0,1.0,3.0,3.0,6.0,1.0,5.0,2.0,5.0,1.0,6.0,3.0,4.0,2.0,3.0,6.0,4.0,512.0,8.0,1.0,128.0,12.0,1.0,1.0,1.0,1.0,1.0,1.0,1.0,6.0,2.0,6.0,2.0,2.0,1.0,4.0,2.0,6.0,4.0,6.0,3.0,3.0,5.0,2.0,6.0,4.0,3.0,2.0,4.0,1.0,4.0,64.0,1.0,16.0,32.0,1.0,1.0,1.0,1.0,4.0,3.0,3.0,1.0,4.0,5.0,2.0,6.0,6.0,5.0,4.0,2.0,3.0,5.0,3.0,3.0,3.0,4.0,4.0,2.0,1.0,1.0,128.0,1.0,32.0,32.0,1.0,1.0,1.0,1.0,1.0,4.0,3.0,1.0,1.0,5.0,4.0,6.0,3.0,3.0,6.0,6.0,2.0,3.0,3.0,6.0,3.0,6.0,16.0,1.0,1.0,8.0,512.0,1.0,1.0,1.0,1.0,1.0,1.0,1.0,6.0,6.0,5.0,1.0,6.0,1.0,2.0,3.0,2.0,4.0,1.0,2.0,4.0,2.0,3.0,5.0,2.0,3.0,32.0,1.0,1.0,8.0,32.0,1.0,1.0,1.0,1.0,1.0,1.0,1.0,2.0,3.0,3.0,6.0,2.0,6.0,1.0,2.0,3.0,3.0,3.0,3.0,4.0,1.0,3.0,6.0,4.0,5.0,2.0,4.0,1.0,8.0,4.0,1.0,1.0,1.0,1.0,1.0,1.0,1.0,141951096.0,15105079.680000003,7832460.0,0.09257619999999997,18.0,514.0,4900.0,2144182615743329.8,16.35679,16.36607,107.6,1039.2
256.0,256000.0,256.0,64.0,3.0,48.0,24.0,28.0,5.0,2.0,2.0,3.0,2.0,5.0,2.0,2.0,3.0,2.0,4.0,3.0,2.0,6.0,4.0,3.0,4.0,6.0,4.0,6.0,2.0,3.0,2.0,3.0,1.0,64.0,1.0,1.0,1.0,1.0,1.0,1.0,1.0,1.0,1.0,1.0,4.0,5.0,3.0,6.0,3.0,4.0,4.0,1.0,4.0,4.0,5.0,5.0,3.0,5.0,6.0,6.0,5.0,4.0,1.0,2.0,1.0,2.0,64.0,1.0,4.0,4.0,1.0,1.0,1.0,1.0,3.0,1.0,1.0,6.0,2.0,1.0,6.0,6.0,4.0,2.0,1.0,2.0,3.0,3.0,2.0,6.0,3.0,5.0,2.0,128.0,1.0,32.0,2.0,1.0,16.0,8.0,1.0,1.0,1.0,1.0,1.0,2.0,6.0,3.0,3.0,5.0,4.0,2.0,2.0,5.0,2.0,2.0,6.0,3.0,2.0,2.0,4.0,2.0,512.0,512.0,1.0,512.0,4.0,1.0,1.0,1.0,1.0,1.0,1.0,1.0,5.0,4.0,5.0,1.0,4.0,4.0,3.0,2.0,6.0,3.0,5.0,1.0,6.0,5.0,5.0,6.0,6.0,3.0,512.0,8.0,1.0,4.0,1024.0,1.0,1.0,1.0,1.0,1.0,1.0,1.0,6.0,1.0,3.0,2.0,1.0,5.0,2.0,2.0,3.0,3.0,1.0,3.0,4.0,4.0,5.0,3.0,1.0,2.0,2.0,2048.0,1.0,128.0,256.0,1.0,1.0,1.0,1.0,1.0,1.0,1.0,1941980736.0,3918831.9599999995,542627000000.0,604.89235,32256.0,514.0,1638400.0,7610296173941122.0,13.75,0.24707031,107.6,208960.0
512.0,128000.0,256.0,64.0,1.0,44.0,40.0,32.0,4.0,4.0,1.0,5.0,6.0,5.0,1.0,1.0,3.0,2.0,2.0,1.0,4.0,3.0,3.0,5.0,3.0,4.0,3.0,5.0,4.0,1.0,3.0,3.0,512.0,128.0,1.0,4.0,128.0,1.0,1.0,1.0,1.0,1.0,1.0,1.0,3.0,6.0,3.0,3.0,6.0,1.0,1.0,6.0,3.0,2.0,2.0,6.0,6.0,3.0,1.0,2.0,4.0,4.0,16.0,1.0,1.0,8.0,1.0,1.0,128.0,128.0,1.0,1.0,1.0,1.0,1.0,4.0,5.0,2.0,6.0,2.0,3.0,1.0,4.0,1.0,1.0,6.0,6.0,1.0,2.0,6.0,3.0,1.0,128.0,16.0,1.0,128.0,64.0,1.0,2.0,16.0,1.0,1.0,1.0,1.0,1.0,6.0,2.0,2.0,1.0,2.0,6.0,3.0,2.0,2.0,4.0,1.0,3.0,2.0,6.0,5.0,6.0,1.0,128.0,2.0,1.0,64.0,4.0,1.0,1.0,1.0,1.0,1.0,1.0,1.0,2.0,3.0,3.0,6.0,3.0,6.0,5.0,5.0,5.0,4.0,2.0,2.0,1.0,5.0,4.0,2.0,6.0,3.0,16.0,64.0,1.0,2.0,128.0,1.0,1.0,1.0,1.0,1.0,1.0,1.0,6.0,1.0,2.0,1.0,1.0,1.0,3.0,2.0,5.0,2.0,1.0,6.0,5.0,1.0,4.0,5.0,6.0,1.0,8.0,64.0,1.0,2.0,128.0,1.0,1.0,1.0,1.0,1.0,1.0,1.0,2516582520.0,21893276.400000002,13573500.0,0.15387199999999998,32.0,514.0,514.0,5.5096236693768536e+16,1.0,1.0008529999999995,107.6,107.6
4096.0,512000.0,256.0,64.0,2.0,14.0,16.0,4.0,5.0,3.0,6.0,6.0,1.0,2.0,1.0,3.0,6.0,4.0,1.0,2.0,3.0,4.0,1.0,2.0,4.0,3.0,3.0,4.0,6.0,4.0,5.0,2.0,128.0,8.0,1.0,768.0,192.0,1.0,1.0,1.0,1.0,1.0,1.0,1.0,2.0,1.0,3.0,5.0,3.0,4.0,2.0,3.0,1.0,6.0,6.0,6.0,6.0,1.0,5.0,4.0,4.0,5.0,64.0,2.0,1.0,8.0,8.0,1.0,1.0,64.0,1.0,1.0,1.0,1.0,2.0,3.0,6.0,1.0,5.0,6.0,2.0,3.0,3.0,4.0,5.0,6.0,1.0,1.0,1.0,5.0,1.0,4.0,16.0,2.0,1.0,1.0,4.0,1.0,4.0,16.0,1.0,1.0,1.0,1.0,3.0,6.0,3.0,6.0,1.0,4.0,1.0,2.0,1.0,4.0,4.0,5.0,4.0,1.0,2.0,6.0,2.0,5.0,64.0,64.0,1.0,128.0,4.0,1.0,1.0,1.0,1.0,1.0,1.0,1.0,4.0,3.0,5.0,3.0,4.0,5.0,1.0,6.0,1.0,6.0,5.0,4.0,5.0,6.0,1.0,3.0,2.0,4.0,512.0,256.0,1.0,4.0,8.0,1.0,1.0,1.0,1.0,1.0,1.0,1.0,4.0,5.0,2.0,6.0,6.0,2.0,5.0,4.0,2.0,4.0,1.0,6.0,5.0,2.0,6.0,3.0,2.0,3.0,1024.0,16.0,1.0,4.0,128.0,1.0,1.0,1.0,1.0,1.0,1.0,1.0,2422915248.0,5615943.48,27454000.0,0.32820320000000003,64.0,514.0,68608.0,1.3606955089598184e+16,13.0,8.77067709,107.6,7598.4
512.0,16000.0,256.0,64.0,3.0,34.0,26.0,38.0,2.0,2.0,3.0,4.0,4.0,4.0,6.0,5.0,2.0,5.0,5.0,1.0,4.0,2.0,5.0,3.0,2.0,1.0,2.0,1.0,1.0,6.0,4.0,5.0,512.0,128.0,1.0,1536.0,12.0,1.0,1.0,1.0,1.0,1.0,1.0,1.0,3.0,3.0,1.0,1.0,3.0,6.0,2.0,3.0,1.0,5.0,1.0,2.0,6.0,3.0,2.0,4.0,4.0,6.0,2.0,1.0,1.0,32.0,4.0,1.0,128.0,128.0,1.0,1.0,1.0,1.0,6.0,1.0,3.0,2.0,6.0,1.0,6.0,6.0,4.0,5.0,3.0,1.0,2.0,6.0,2.0,5.0,1.0,5.0,2.0,128.0,1.0,1.0,64.0,1.0,8.0,32.0,1.0,1.0,1.0,1.0,1.0,4.0,1.0,6.0,6.0,5.0,5.0,2.0,2.0,6.0,2.0,6.0,1.0,4.0,5.0,6.0,1.0,5.0,2.0,16.0,1.0,128.0,2.0,1.0,1.0,1.0,1.0,1.0,1.0,1.0,3.0,1.0,1.0,3.0,1.0,2.0,6.0,1.0,6.0,6.0,4.0,5.0,2.0,6.0,4.0,3.0,4.0,4.0,256.0,32.0,1.0,512.0,2.0,1.0,1.0,1.0,1.0,1.0,1.0,1.0,2.0,6.0,6.0,4.0,3.0,3.0,2.0,6.0,2.0,2.0,5.0,4.0,3.0,5.0,1.0,6.0,4.0,3.0,16.0,8.0,1.0,256.0,4.0,1.0,1.0,1.0,1.0,1.0,1.0,1.0,2520560868.0,4304322.88,587973000000.0,649.3706,33592.0,514.0,2097152.0,1.084930781456506e+16,1.0,0.198828125,107.6,148736.0
128000.0,8192000.0,256.0,64.0,3.0,26.0,40.0,10.0,1.0,3.0,3.0,3.0,3.0,1.0,3.0,1.0,5.0,2.0,6.0,3.0,4.0,5.0,5.0,2.0,3.0,4.0,3.0,4.0,4.0,6.0,1.0,6.0,1.0,256.0,1.0,1.0,12.0,1.0,1.0,1.0,1.0,1.0,1.0,1.0,4.0,4.0,6.0,5.0,6.0,3.0,5.0,6.0,2.0,5.0,6.0,4.0,3.0,1.0,1.0,5.0,2.0,5.0,16.0,16.0,1.0,32.0,32.0,1.0,1.0,16.0,1.0,1.0,1.0,1.0,2.0,1.0,5.0,5.0,1.0,1.0,4.0,3.0,4.0,4.0,4.0,2.0,1.0,4.0,1.0,3.0,3.0,1.0,32.0,8.0,1.0,4.0,8.0,1.0,2.0,2.0,1.0,1.0,1.0,1.0,3.0,2.0,5.0,3.0,2.0,3.0,4.0,4.0,4.0,3.0,3.0,5.0,1.0,2.0,6.0,1.0,3.0,3.0,64.0,4.0,1.0,128.0,32.0,1.0,1.0,1.0,1.0,1.0,1.0,1.0,1.0,4.0,5.0,2.0,3.0,6.0,4.0,1.0,2.0,6.0,4.0,3.0,1.0,6.0,3.0,1.0,3.0,5.0,64.0,4.0,1.0,2048.0,1024.0,1.0,1.0,1.0,1.0,1.0,1.0,1.0,2.0,5.0,2.0,6.0,3.0,5.0,4.0,3.0,6.0,6.0,3.0,6.0,4.0,5.0,1.0,6.0,2.0,5.0,32.0,32.0,1.0,8.0,256.0,1.0,1.0,1.0,1.0,1.0,1.0,1.0,1286095164.0,4122187.28,59120000000.0,95.47796999999998,10400.0,514.0,802816.0,5301525125910314.0,33.63,3.63515725,107.6,76326.4
16000.0,32000.0,256.0,64.0,2.0,30.0,12.0,42.0,1.0,6.0,5.0,3.0,1.0,6.0,5.0,3.0,3.0,2.0,6.0,5.0,4.0,5.0,1.0,6.0,6.0,1.0,2.0,5.0,1.0,2.0,1.0,3.0,128.0,128.0,1.0,384.0,768.0,1.0,1.0,1.0,1.0,1.0,1.0,1.0,4.0,6.0,5.0,4.0,3.0,1.0,5.0,2.0,2.0,2.0,2.0,1.0,4.0,2.0,2.0,6.0,3.0,2.0,2.0,64.0,1.0,16.0,8.0,1.0,128.0,8.0,1.0,1.0,1.0,1.0,6.0,3.0,2.0,1.0,4.0,4.0,2.0,3.0,6.0,6.0,6.0,4.0,5.0,4.0,4.0,2.0,6.0,5.0,128.0,2.0,1.0,128.0,16.0,1.0,8.0,1.0,1.0,1.0,1.0,1.0,2.0,1.0,1.0,1.0,3.0,4.0,3.0,1.0,5.0,6.0,4.0,3.0,2.0,4.0,2.0,6.0,1.0,5.0,512.0,32.0,1.0,4.0,2.0,1.0,1.0,1.0,1.0,1.0,1.0,1.0,4.0,3.0,5.0,3.0,6.0,2.0,6.0,3.0,6.0,4.0,4.0,6.0,1.0,6.0,5.0,2.0,6.0,5.0,16.0,4.0,1.0,128.0,8.0,1.0,1.0,1.0,1.0,1.0,1.0,1.0,1.0,3.0,3.0,5.0,5.0,4.0,1.0,5.0,3.0,4.0,4.0,1.0,2.0,1.0,6.0,5.0,2.0,4.0,4.0,32.0,1.0,2.0,2.0,1.0,1.0,1.0,1.0,1.0,1.0,1.0,319629060.0,6241324.620000001,324117000.0,2.571314500000001,504.0,514.0,720896.0,1994908721445457.5,8.34546,4.9941588,107.6,39601.6
32000.0,512000.0,256.0,64.0,2.0,20.0,38.0,6.0,5.0,6.0,1.0,4.0,4.0,4.0,5.0,1.0,6.0,3.0,1.0,2.0,6.0,3.0,1.0,4.0,5.0,4.0,2.0,6.0,3.0,5.0,2.0,4.0,512.0,1.0,1.0,1.0,1.0,1.0,1.0,1.0,1.0,1.0,1.0,1.0,4.0,1.0,6.0,5.0,1.0,2.0,1.0,3.0,1.0,3.0,6.0,4.0,3.0,6.0,1.0,2.0,1.0,4.0,32.0,4.0,1.0,4.0,2.0,1.0,32.0,32.0,1.0,1.0,1.0,1.0,4.0,5.0,2.0,5.0,1.0,6.0,6.0,1.0,3.0,3.0,1.0,4.0,1.0,4.0,4.0,5.0,5.0,1.0,32.0,64.0,1.0,128.0,4.0,1.0,32.0,32.0,1.0,1.0,1.0,1.0,2.0,1.0,3.0,4.0,5.0,1.0,4.0,6.0,3.0,3.0,3.0,3.0,2.0,6.0,5.0,3.0,4.0,5.0,2.0,16.0,1.0,128.0,64.0,1.0,1.0,1.0,1.0,1.0,1.0,1.0,2.0,4.0,6.0,5.0,4.0,6.0,4.0,6.0,2.0,3.0,2.0,6.0,1.0,4.0,3.0,1.0,5.0,5.0,128.0,8.0,1.0,2048.0,16.0,1.0,1.0,1.0,1.0,1.0,1.0,1.0,5.0,4.0,3.0,5.0,6.0,5.0,2.0,6.0,4.0,3.0,3.0,4.0,2.0,1.0,6.0,6.0,2.0,6.0,8.0,2048.0,1.0,4.0,128.0,1.0,1.0,1.0,1.0,1.0,1.0,1.0,42143364.0,7805877.839999999,114947000.0,1.1683875000000001,228.0,514.0,167424.0,328965951150653.7,134.93997,18.646979499999997,107.6,26467.8
512.0,16000000.0,256.0,64.0,1.0,16.0,14.0,22.0,6.0,2.0,5.0,4.0,5.0,6.0,3.0,6.0,6.0,1.0,4.0,4.0,6.0,2.0,3.0,4.0,2.0,1.0,3.0,6.0,1.0,4.0,2.0,6.0,16.0,4.0,1.0,4.0,64.0,1.0,1.0,1.0,1.0,1.0,1.0,1.0,3.0,3.0,3.0,1.0,5.0,3.0,1.0,4.0,2.0,6.0,3.0,4.0,2.0,1.0,3.0,4.0,5.0,2.0,2.0,2.0,1.0,2.0,16.0,1.0,1.0,2.0,1.0,1.0,1.0,1.0,6.0,3.0,5.0,2.0,3.0,3.0,4.0,2.0,5.0,5.0,3.0,6.0,4.0,1.0,6.0,4.0,6.0,1.0,2.0,1.0,1.0,4.0,1.0,1.0,64.0,32.0,1.0,1.0,1.0,1.0,4.0,2.0,1.0,3.0,3.0,6.0,1.0,2.0,1.0,2.0,3.0,4.0,4.0,2.0,6.0,5.0,5.0,1.0,32.0,64.0,1.0,128.0,32.0,1.0,1.0,1.0,1.0,1.0,1.0,1.0,6.0,6.0,1.0,1.0,3.0,3.0,3.0,3.0,2.0,1.0,6.0,1.0,5.0,2.0,6.0,4.0,1.0,4.0,64.0,512.0,1.0,64.0,8.0,1.0,1.0,1.0,1.0,1.0,1.0,1.0,5.0,4.0,3.0,4.0,5.0,3.0,1.0,3.0,5.0,6.0,5.0,3.0,4.0,1.0,3.0,5.0,6.0,4.0,1.0,1.0,1.0,4.0,64.0,1.0,1.0,1.0,1.0,1.0,1.0,1.0,117178752.0,7761319.4399999995,9452600.0,0.11171764000000003,22.0,514.0,5932.0,909461725852538.9,21.355995000000007,18.351463,107.6,1258.4
1024000.0,64000.0,256.0,64.0,2.0,6.0,18.0,18.0,5.0,6.0,4.0,1.0,2.0,4.0,4.0,6.0,1.0,5.0,3.0,1.0,1.0,4.0,1.0,2.0,5.0,1.0,6.0,5.0,4.0,1.0,3.0,3.0,512.0,2.0,1.0,48.0,6.0,1.0,1.0,1.0,1.0,1.0,1.0,1.0,1.0,3.0,6.0,3.0,4.0,1.0,4.0,5.0,4.0,5.0,1.0,1.0,4.0,6.0,4.0,6.0,3.0,5.0,1.0,16.0,1.0,1.0,4.0,1.0,8.0,16.0,1.0,1.0,1.0,1.0,6.0,5.0,2.0,6.0,4.0,4.0,2.0,1.0,1.0,1.0,4.0,3.0,5.0,6.0,6.0,1.0,2.0,3.0,32.0,2.0,1.0,32.0,8.0,1.0,4.0,8.0,1.0,1.0,1.0,1.0,5.0,4.0,2.0,2.0,1.0,3.0,5.0,5.0,6.0,4.0,1.0,3.0,6.0,2.0,1.0,1.0,6.0,5.0,64.0,8.0,1.0,1.0,2.0,1.0,1.0,1.0,1.0,1.0,1.0,1.0,6.0,4.0,4.0,6.0,1.0,5.0,4.0,3.0,2.0,2.0,5.0,1.0,4.0,4.0,3.0,3.0,1.0,2.0,2.0,64.0,1.0,128.0,1.0,1.0,1.0,1.0,1.0,1.0,1.0,1.0,5.0,5.0,4.0,4.0,3.0,1.0,1.0,1.0,6.0,4.0,5.0,5.0,5.0,2.0,6.0,6.0,6.0,2.0,1.0,256.0,1.0,16.0,1.0,1.0,1.0,1.0,1.0,1.0,1.0,1.0,93115980.0,10818130.899999999,178861000.0,1.5521090000000002,324.0,514.0,28592.0,1007340860521781.9,30.647965,14.967265000000005,107.6,3012.6
1024.0,64000.0,256.0,64.0,2.0,20.0,20.0,42.0,4.0,1.0,1.0,4.0,2.0,4.0,1.0,3.0,5.0,4.0,1.0,5.0,2.0,6.0,6.0,1.0,5.0,4.0,1.0,4.0,1.0,2.0,1.0,5.0,64.0,8.0,1.0,96.0,192.0,1.0,1.0,1.0,1.0,1.0,1.0,1.0,1.0,5.0,2.0,6.0,2.0,6.0,3.0,1.0,6.0,6.0,1.0,5.0,2.0,3.0,3.0,3.0,6.0,5.0,1.0,4.0,1.0,128.0,1.0,1.0,64.0,32.0,1.0,1.0,1.0,1.0,1.0,6.0,5.0,6.0,1.0,5.0,5.0,4.0,3.0,6.0,3.0,6.0,1.0,6.0,6.0,5.0,4.0,4.0,32.0,128.0,1.0,4.0,128.0,1.0,8.0,64.0,1.0,1.0,1.0,1.0,3.0,4.0,1.0,6.0,4.0,4.0,5.0,2.0,2.0,6.0,2.0,6.0,2.0,1.0,3.0,5.0,4.0,2.0,16.0,4.0,1.0,64.0,1.0,1.0,1.0,1.0,1.0,1.0,1.0,1.0,1.0,4.0,2.0,4.0,2.0,1.0,5.0,5.0,6.0,2.0,2.0,6.0,6.0,6.0,3.0,1.0,2.0,6.0,32.0,32.0,1.0,16.0,1024.0,1.0,1.0,1.0,1.0,1.0,1.0,1.0,2.0,4.0,2.0,2.0,6.0,4.0,1.0,4.0,1.0,5.0,3.0,6.0,2.0,2.0,1.0,2.0,4.0,1.0,16.0,1024.0,1.0,256.0,2.0,1.0,1.0,1.0,1.0,1.0,1.0,1.0,159007488.0,5590062.8,683422000.0,4.244564,840.0,514.0,151552.0,888861843590246.4,11.428569999999999,1.2294504,107.6,19428.8
64000.0,128000.0,256.0,64.0,3.0,34.0,14.0,12.0,4.0,5.0,4.0,6.0,5.0,6.0,2.0,3.0,1.0,3.0,1.0,6.0,2.0,5.0,1.0,2.0,3.0,4.0,2.0,4.0,3.0,1.0,5.0,4.0,1.0,128.0,1.0,3.0,6.0,1.0,1.0,1.0,1.0,1.0,1.0,1.0,4.0,6.0,4.0,4.0,6.0,3.0,3.0,4.0,4.0,4.0,4.0,2.0,2.0,1.0,5.0,6.0,6.0,3.0,4.0,32.0,1.0,1.0,1.0,1.0,32.0,2.0,1.0,1.0,1.0,1.0,3.0,1.0,4.0,5.0,5.0,3.0,1.0,3.0,4.0,3.0,4.0,4.0,6.0,2.0,3.0,4.0,6.0,2.0,4.0,128.0,1.0,16.0,64.0,1.0,4.0,8.0,1.0,1.0,1.0,1.0,2.0,1.0,1.0,1.0,4.0,4.0,1.0,6.0,4.0,5.0,1.0,1.0,5.0,1.0,3.0,4.0,5.0,6.0,512.0,256.0,1.0,128.0,4.0,1.0,1.0,1.0,1.0,1.0,1.0,1.0,4.0,4.0,4.0,3.0,6.0,2.0,3.0,2.0,3.0,5.0,2.0,2.0,4.0,6.0,2.0,1.0,5.0,2.0,64.0,32.0,1.0,64.0,4.0,1.0,1.0,1.0,1.0,1.0,1.0,1.0,6.0,1.0,1.0,2.0,5.0,5.0,4.0,5.0,2.0,6.0,2.0,4.0,6.0,6.0,4.0,3.0,4.0,5.0,8.0,128.0,1.0,8.0,256.0,1.0,1.0,1.0,1.0,1.0,1.0,1.0,618574338.0,4571551.28,18824600000.0,40.68769000000001,5712.0,514.0,294912.0,2827844306659053.0,4.55,0.511083825,107.6,35430.4
2048.0,4096000.0,256.0,64.0,3.0,2.0,38.0,18.0,2.0,5.0,6.0,2.0,3.0,5.0,2.0,4.0,5.0,5.0,1.0,6.0,6.0,4.0,6.0,4.0,1.0,5.0,5.0,2.0,6.0,5.0,3.0,3.0,128.0,512.0,1.0,64.0,768.0,1.0,1.0,1.0,1.0,1.0,1.0,1.0,6.0,1.0,3.0,4.0,2.0,2.0,4.0,2.0,1.0,6.0,6.0,5.0,2.0,5.0,1.0,6.0,6.0,4.0,64.0,8.0,1.0,64.0,128.0,1.0,2.0,32.0,1.0,1.0,1.0,1.0,2.0,2.0,1.0,1.0,6.0,4.0,5.0,5.0,5.0,1.0,1.0,1.0,5.0,5.0,5.0,1.0,4.0,6.0,1.0,2.0,1.0,1.0,64.0,1.0,32.0,32.0,1.0,1.0,1.0,1.0,4.0,2.0,3.0,3.0,5.0,1.0,4.0,6.0,2.0,1.0,2.0,6.0,6.0,4.0,5.0,1.0,3.0,3.0,64.0,32.0,1.0,2.0,2.0,1.0,1.0,1.0,1.0,1.0,1.0,1.0,1.0,4.0,5.0,2.0,2.0,5.0,4.0,1.0,3.0,5.0,2.0,5.0,2.0,2.0,3.0,6.0,3.0,1.0,1.0,128.0,1.0,2048.0,128.0,1.0,1.0,1.0,1.0,1.0,1.0,1.0,2.0,1.0,6.0,5.0,6.0,3.0,1.0,6.0,1.0,1.0,2.0,4.0,4.0,4.0,5.0,2.0,5.0,5.0,2048.0,64.0,1.0,512.0,256.0,1.0,1.0,1.0,1.0,1.0,1.0,1.0,718349790.0,4050969.42,1480890000.0,8.041176000000002,1368.0,514.0,2752512.0,2910013032153421.5,28.75,12.313285665000002,107.6,268121.6
64000.0,64000.0,256.0,64.0,3.0,24.0,38.0,8.0,3.0,5.0,5.0,5.0,5.0,1.0,1.0,5.0,6.0,4.0,5.0,2.0,3.0,1.0,1.0,3.0,5.0,1.0,1.0,6.0,6.0,4.0,6.0,3.0,16.0,256.0,1.0,4.0,128.0,1.0,1.0,1.0,1.0,1.0,1.0,1.0,4.0,5.0,2.0,6.0,1.0,5.0,5.0,3.0,3.0,5.0,6.0,2.0,1.0,1.0,3.0,3.0,6.0,4.0,32.0,1.0,1.0,4.0,64.0,1.0,2.0,1.0,1.0,1.0,1.0,1.0,3.0,6.0,4.0,6.0,6.0,4.0,4.0,3.0,2.0,2.0,4.0,5.0,2.0,3.0,6.0,3.0,1.0,6.0,1.0,128.0,1.0,8.0,4.0,1.0,16.0,8.0,1.0,1.0,1.0,1.0,1.0,6.0,6.0,4.0,2.0,2.0,4.0,2.0,1.0,3.0,6.0,6.0,5.0,4.0,1.0,3.0,4.0,6.0,4.0,1.0,1.0,32.0,1.0,1.0,1.0,1.0,1.0,1.0,1.0,1.0,3.0,6.0,4.0,3.0,3.0,4.0,5.0,6.0,3.0,1.0,5.0,4.0,6.0,6.0,6.0,6.0,1.0,2.0,32.0,128.0,1.0,128.0,512.0,1.0,1.0,1.0,1.0,1.0,1.0,1.0,3.0,1.0,5.0,5.0,6.0,1.0,2.0,6.0,5.0,6.0,4.0,6.0,6.0,2.0,5.0,3.0,3.0,6.0,1.0,16.0,1.0,2.0,16.0,1.0,1.0,1.0,1.0,1.0,1.0,1.0,332255448.0,4344570.66,29934300000.0,57.35932,7296.0,514.0,1212416.0,1443507271005955.8,16.8,0.4599610499999999,107.6,139980.8
32000.0,512000.0,256.0,64.0,3.0,30.0,48.0,28.0,4.0,1.0,3.0,2.0,3.0,1.0,6.0,2.0,3.0,5.0,1.0,6.0,1.0,4.0,4.0,5.0,4.0,4.0,2.0,5.0,1.0,2.0,5.0,3.0,64.0,32.0,1.0,256.0,16.0,1.0,1.0,1.0,1.0,1.0,1.0,1.0,4.0,6.0,4.0,4.0,6.0,1.0,6.0,4.0,2.0,6.0,3.0,3.0,1.0,2.0,4.0,5.0,3.0,5.0,64.0,32.0,1.0,128.0,4.0,1.0,1.0,2.0,1.0,1.0,1.0,1.0,3.0,3.0,6.0,3.0,4.0,2.0,1.0,6.0,2.0,6.0,3.0,4.0,5.0,5.0,5.0,1.0,2.0,2.0,8.0,2.0,1.0,16.0,8.0,1.0,1.0,64.0,1.0,1.0,1.0,1.0,1.0,1.0,6.0,4.0,5.0,5.0,5.0,1.0,3.0,6.0,6.0,3.0,3.0,1.0,2.0,3.0,3.0,3.0,4.0,8.0,1.0,128.0,32.0,1.0,1.0,1.0,1.0,1.0,1.0,1.0,4.0,1.0,5.0,2.0,6.0,3.0,3.0,2.0,6.0,4.0,1.0,6.0,5.0,4.0,3.0,2.0,2.0,2.0,256.0,512.0,1.0,8.0,512.0,1.0,1.0,1.0,1.0,1.0,1.0,1.0,6.0,2.0,3.0,3.0,4.0,1.0,5.0,5.0,6.0,1.0,1.0,5.0,6.0,2.0,5.0,5.0,1.0,2.0,1024.0,32.0,1.0,8.0,1.0,1.0,1.0,1.0,1.0,1.0,1.0,1.0,1318502064.0,3916323.0,843977000000.0,898.0573,40320.0,514.0,786432.0,5163679958790672.0,207.21666499999998,4.4625,107.6,113868.8
512000.0,512000.0,256.0,64.0,1.0,32.0,16.0,12.0,2.0,2.0,4.0,6.0,3.0,4.0,5.0,5.0,5.0,6.0,4.0,1.0,1.0,6.0,3.0,6.0,6.0,1.0,6.0,5.0,5.0,4.0,5.0,4.0,1.0,32.0,1.0,16.0,128.0,1.0,1.0,1.0,1.0,1.0,1.0,1.0,3.0,4.0,5.0,1.0,2.0,3.0,5.0,5.0,5.0,1.0,4.0,6.0,1.0,4.0,6.0,2.0,4.0,6.0,32.0,1.0,1.0,2.0,16.0,1.0,32.0,8.0,1.0,1.0,1.0,1.0,4.0,1.0,4.0,3.0,6.0,6.0,5.0,3.0,2.0,2.0,2.0,1.0,4.0,4.0,1.0,1.0,1.0,6.0,1.0,8.0,1.0,2.0,2.0,1.0,32.0,32.0,1.0,1.0,1.0,1.0,2.0,2.0,2.0,6.0,6.0,2.0,5.0,6.0,1.0,2.0,6.0,6.0,4.0,6.0,3.0,6.0,2.0,3.0,64.0,256.0,1.0,64.0,1.0,1.0,1.0,1.0,1.0,1.0,1.0,1.0,2.0,4.0,6.0,3.0,5.0,3.0,3.0,3.0,1.0,6.0,1.0,4.0,6.0,3.0,2.0,6.0,3.0,6.0,128.0,8.0,1.0,1.0,256.0,1.0,1.0,1.0,1.0,1.0,1.0,1.0,1.0,2.0,3.0,2.0,3.0,5.0,1.0,5.0,2.0,1.0,6.0,6.0,6.0,4.0,2.0,2.0,2.0,4.0,8.0,128.0,1.0,16.0,4.0,1.0,1.0,1.0,1.0,1.0,1.0,1.0,2516582520.0,16500144.000000002,5432530.0,0.06178446,12.0,514.0,514.0,4.152397396788289e+16,1.0,1.3941899999999998,107.6,107.6
32000.0,256000.0,256.0,64.0,3.0,38.0,2.0,12.0,3.0,6.0,6.0,6.0,6.0,5.0,2.0,5.0,6.0,1.0,4.0,4.0,5.0,1.0,4.0,4.0,3.0,5.0,3.0,4.0,3.0,3.0,5.0,1.0,8.0,16.0,1.0,1.0,1.0,1.0,1.0,1.0,1.0,1.0,1.0,1.0,1.0,2.0,1.0,3.0,1.0,4.0,6.0,5.0,6.0,3.0,2.0,3.0,2.0,2.0,3.0,2.0,1.0,5.0,16.0,8.0,1.0,64.0,64.0,1.0,64.0,8.0,1.0,1.0,1.0,1.0,3.0,2.0,2.0,4.0,6.0,3.0,4.0,3.0,2.0,3.0,3.0,5.0,1.0,4.0,2.0,2.0,4.0,5.0,4.0,4.0,1.0,128.0,2.0,1.0,16.0,4.0,1.0,1.0,1.0,1.0,3.0,5.0,1.0,3.0,3.0,4.0,4.0,4.0,3.0,1.0,2.0,5.0,1.0,3.0,1.0,1.0,4.0,6.0,8.0,32.0,1.0,4.0,16.0,1.0,1.0,1.0,1.0,1.0,1.0,1.0,5.0,1.0,2.0,3.0,6.0,6.0,6.0,4.0,2.0,3.0,3.0,6.0,4.0,6.0,5.0,2.0,6.0,1.0,8.0,2.0,1.0,2.0,256.0,1.0,1.0,1.0,1.0,1.0,1.0,1.0,6.0,2.0,3.0,6.0,2.0,3.0,5.0,6.0,6.0,6.0,6.0,4.0,6.0,4.0,1.0,6.0,2.0,2.0,128.0,1.0,1.0,256.0,128.0,1.0,1.0,1.0,1.0,1.0,1.0,1.0,564558090.0,4585412.859999999,775434000.0,4.7471689999999995,912.0,514.0,493568.0,2588731926103037.0,6.37317,0.39403555,107.6,53129.6
512.0,128000.0,256.0,64.0,1.0,28.0,24.0,22.0,2.0,2.0,1.0,2.0,5.0,1.0,1.0,6.0,2.0,5.0,4.0,6.0,2.0,6.0,3.0,2.0,1.0,2.0,3.0,6.0,3.0,6.0,6.0,6.0,32.0,8.0,1.0,768.0,1536.0,1.0,1.0,1.0,1.0,1.0,1.0,1.0,5.0,5.0,5.0,3.0,2.0,5.0,1.0,2.0,3.0,4.0,6.0,2.0,3.0,1.0,1.0,1.0,1.0,2.0,1.0,16.0,1.0,1.0,32.0,1.0,8.0,32.0,1.0,1.0,1.0,1.0,2.0,3.0,1.0,1.0,6.0,5.0,4.0,4.0,2.0,6.0,6.0,4.0,6.0,2.0,3.0,6.0,1.0,3.0,1.0,1.0,1.0,128.0,16.0,1.0,16.0,32.0,1.0,1.0,1.0,1.0,1.0,5.0,1.0,6.0,1.0,1.0,5.0,2.0,1.0,4.0,2.0,1.0,5.0,5.0,2.0,6.0,3.0,4.0,1.0,4.0,1.0,64.0,512.0,1.0,1.0,1.0,1.0,1.0,1.0,1.0,2.0,1.0,5.0,2.0,6.0,2.0,3.0,5.0,4.0,3.0,4.0,1.0,2.0,3.0,5.0,2.0,6.0,6.0,32.0,8.0,1.0,2048.0,2.0,1.0,1.0,1.0,1.0,1.0,1.0,1.0,2.0,1.0,3.0,1.0,3.0,2.0,4.0,1.0,6.0,3.0,3.0,1.0,5.0,3.0,3.0,6.0,3.0,2.0,256.0,16.0,1.0,128.0,32.0,1.0,1.0,1.0,1.0,1.0,1.0,1.0,2516582520.0,21893276.400000002,9452030.0,0.10774740000000001,22.0,514.0,514.0,5.5096236693768536e+16,1.0,1.0008529999999995,107.6,107.6
1024000.0,16000.0,256.0,64.0,1.0,10.0,2.0,32.0,5.0,4.0,3.0,6.0,6.0,1.0,4.0,1.0,2.0,5.0,1.0,1.0,4.0,1.0,2.0,5.0,6.0,1.0,3.0,6.0,2.0,3.0,1.0,3.0,32.0,1.0,1.0,256.0,384.0,1.0,1.0,1.0,1.0,1.0,1.0,1.0,1.0,6.0,6.0,3.0,3.0,1.0,1.0,2.0,1.0,5.0,4.0,3.0,3.0,5.0,6.0,5.0,3.0,6.0,32.0,4.0,1.0,16.0,32.0,1.0,32.0,8.0,1.0,1.0,1.0,1.0,5.0,5.0,4.0,5.0,3.0,6.0,5.0,6.0,6.0,1.0,2.0,4.0,3.0,2.0,4.0,1.0,5.0,3.0,16.0,8.0,1.0,128.0,4.0,1.0,2.0,2.0,1.0,1.0,1.0,1.0,3.0,2.0,3.0,4.0,5.0,4.0,2.0,3.0,5.0,1.0,6.0,3.0,6.0,3.0,5.0,4.0,5.0,3.0,256.0,1.0,1.0,1.0,128.0,1.0,1.0,1.0,1.0,1.0,1.0,1.0,6.0,2.0,5.0,6.0,2.0,5.0,5.0,3.0,1.0,6.0,2.0,2.0,2.0,6.0,3.0,1.0,3.0,5.0,32.0,8.0,1.0,1.0,8.0,1.0,1.0,1.0,1.0,1.0,1.0,1.0,1.0,2.0,2.0,6.0,5.0,2.0,4.0,3.0,1.0,5.0,6.0,4.0,6.0,4.0,4.0,2.0,1.0,2.0,32.0,128.0,1.0,8.0,8.0,1.0,1.0,1.0,1.0,1.0,1.0,1.0,2516582520.0,22126268.4,13573500.0,0.15387199999999998,32.0,514.0,514.0,5.568258028826837e+16,1.0,1.3976330000000001,107.6,107.6
16000.0,512000.0,256.0,64.0,3.0,26.0,38.0,48.0,4.0,1.0,6.0,3.0,6.0,2.0,3.0,6.0,4.0,3.0,1.0,6.0,5.0,1.0,1.0,6.0,3.0,5.0,5.0,2.0,1.0,1.0,6.0,5.0,1.0,32.0,1.0,3.0,64.0,1.0,1.0,1.0,1.0,1.0,1.0,1.0,5.0,6.0,5.0,4.0,3.0,1.0,2.0,2.0,3.0,5.0,1.0,5.0,5.0,6.0,5.0,4.0,2.0,3.0,1.0,2.0,1.0,4.0,4.0,1.0,128.0,32.0,1.0,1.0,1.0,1.0,5.0,4.0,1.0,3.0,3.0,3.0,1.0,2.0,1.0,3.0,2.0,2.0,2.0,3.0,4.0,5.0,3.0,6.0,8.0,8.0,1.0,16.0,2.0,1.0,32.0,8.0,1.0,1.0,1.0,1.0,2.0,4.0,6.0,1.0,1.0,6.0,2.0,4.0,3.0,1.0,3.0,2.0,3.0,6.0,2.0,3.0,5.0,1.0,16.0,256.0,1.0,2.0,16.0,1.0,1.0,1.0,1.0,1.0,1.0,1.0,5.0,6.0,6.0,1.0,2.0,6.0,2.0,5.0,6.0,4.0,1.0,1.0,5.0,3.0,5.0,6.0,6.0,6.0,8.0,64.0,1.0,128.0,1024.0,1.0,1.0,1.0,1.0,1.0,1.0,1.0,5.0,1.0,5.0,6.0,3.0,3.0,5.0,6.0,6.0,4.0,1.0,3.0,3.0,6.0,6.0,3.0,1.0,6.0,128.0,16.0,1.0,512.0,2.0,1.0,1.0,1.0,1.0,1.0,1.0,1.0,825556992.0,4316214.4799999995,1164360000000.0,1203.576,47424.0,514.0,409600.0,3563281042935644.0,8.85,0.9817719850000001,107.6,42502.4
256.0,4096000.0,256.0,64.0,2.0,2.0,38.0,40.0,2.0,1.0,6.0,2.0,1.0,6.0,2.0,4.0,4.0,1.0,6.0,5.0,3.0,6.0,4.0,6.0,4.0,5.0,6.0,4.0,1.0,4.0,6.0,4.0,256.0,32.0,1.0,32.0,96.0,1.0,1.0,1.0,1.0,1.0,1.0,1.0,6.0,3.0,2.0,6.0,1.0,2.0,1.0,1.0,6.0,1.0,6.0,1.0,6.0,6.0,5.0,2.0,2.0,5.0,2.0,64.0,1.0,2.0,128.0,1.0,16.0,1.0,1.0,1.0,1.0,1.0,2.0,1.0,5.0,1.0,6.0,2.0,1.0,3.0,3.0,5.0,2.0,4.0,2.0,4.0,1.0,5.0,4.0,3.0,128.0,8.0,1.0,8.0,64.0,1.0,64.0,8.0,1.0,1.0,1.0,1.0,3.0,6.0,4.0,3.0,2.0,4.0,4.0,6.0,5.0,6.0,6.0,3.0,5.0,2.0,2.0,6.0,3.0,6.0,4.0,16.0,1.0,2.0,256.0,1.0,1.0,1.0,1.0,1.0,1.0,1.0,6.0,1.0,5.0,1.0,4.0,6.0,1.0,1.0,5.0,5.0,3.0,1.0,2.0,6.0,2.0,1.0,6.0,1.0,4.0,128.0,1.0,2048.0,16.0,1.0,1.0,1.0,1.0,1.0,1.0,1.0,4.0,3.0,4.0,1.0,5.0,4.0,2.0,6.0,6.0,3.0,6.0,4.0,1.0,4.0,5.0,4.0,2.0,3.0,2048.0,2.0,1.0,128.0,2.0,1.0,1.0,1.0,1.0,1.0,1.0,1.0,2426061672.0,9329380.599999998,1762770000.0,8.015369,1520.0,514.0,18432.0,2.2633652697160356e+16,16.2,5.631744665,107.6,2308.4
512.0,4096000.0,256.0,64.0,3.0,6.0,10.0,12.0,4.0,1.0,2.0,6.0,4.0,5.0,1.0,4.0,1.0,2.0,3.0,3.0,3.0,2.0,6.0,2.0,4.0,5.0,5.0,1.0,3.0,2.0,4.0,4.0,512.0,64.0,1.0,512.0,48.0,1.0,1.0,1.0,1.0,1.0,1.0,1.0,5.0,2.0,1.0,2.0,3.0,2.0,1.0,6.0,5.0,2.0,2.0,6.0,5.0,1.0,2.0,1.0,1.0,6.0,4.0,4.0,1.0,1.0,128.0,1.0,32.0,64.0,1.0,1.0,1.0,1.0,4.0,6.0,1.0,5.0,6.0,2.0,2.0,2.0,6.0,6.0,6.0,4.0,2.0,4.0,3.0,4.0,4.0,6.0,4.0,4.0,1.0,16.0,4.0,1.0,64.0,16.0,1.0,1.0,1.0,1.0,2.0,5.0,3.0,4.0,2.0,3.0,6.0,2.0,5.0,5.0,3.0,1.0,2.0,3.0,6.0,6.0,2.0,2.0,1.0,128.0,1.0,64.0,1.0,1.0,1.0,1.0,1.0,1.0,1.0,1.0,3.0,5.0,3.0,3.0,3.0,1.0,3.0,2.0,5.0,6.0,4.0,3.0,5.0,2.0,3.0,6.0,3.0,6.0,512.0,8.0,1.0,2.0,128.0,1.0,1.0,1.0,1.0,1.0,1.0,1.0,1.0,4.0,6.0,5.0,5.0,1.0,6.0,3.0,3.0,3.0,5.0,1.0,4.0,6.0,1.0,1.0,1.0,3.0,256.0,8.0,1.0,64.0,64.0,1.0,1.0,1.0,1.0,1.0,1.0,1.0,488673720.0,4098878.8200000003,541935000.0,3.7897905,720.0,514.0,786432.0,2003014360798610.5,4.583335,0.7468749,107.6,71321.6
128.0,2048000.0,256.0,64.0,1.0,34.0,44.0,42.0,2.0,1.0,5.0,1.0,1.0,4.0,5.0,6.0,2.0,2.0,2.0,1.0,4.0,6.0,6.0,4.0,6.0,5.0,2.0,5.0,3.0,4.0,2.0,4.0,64.0,1.0,1.0,512.0,384.0,1.0,1.0,1.0,1.0,1.0,1.0,1.0,6.0,4.0,4.0,6.0,1.0,2.0,4.0,4.0,4.0,1.0,6.0,2.0,2.0,2.0,3.0,4.0,2.0,6.0,1.0,1.0,1.0,128.0,8.0,1.0,4.0,2.0,1.0,1.0,1.0,1.0,6.0,1.0,6.0,6.0,2.0,6.0,2.0,2.0,1.0,1.0,3.0,3.0,4.0,5.0,3.0,6.0,5.0,4.0,8.0,8.0,1.0,128.0,32.0,1.0,8.0,2.0,1.0,1.0,1.0,1.0,6.0,1.0,1.0,4.0,6.0,5.0,3.0,4.0,3.0,2.0,3.0,2.0,5.0,5.0,1.0,5.0,5.0,1.0,64.0,64.0,1.0,8.0,64.0,1.0,1.0,1.0,1.0,1.0,1.0,1.0,3.0,5.0,4.0,2.0,3.0,2.0,6.0,2.0,4.0,2.0,6.0,2.0,5.0,4.0,6.0,6.0,3.0,4.0,1.0,512.0,1.0,512.0,2.0,1.0,1.0,1.0,1.0,1.0,1.0,1.0,4.0,4.0,4.0,4.0,3.0,4.0,2.0,2.0,3.0,4.0,1.0,3.0,5.0,5.0,1.0,2.0,6.0,1.0,4.0,2048.0,1.0,64.0,256.0,1.0,1.0,1.0,1.0,1.0,1.0,1.0,2419064952.0,17921059.68,17796800.0,0.20063019999999998,42.0,514.0,514.0,4.335220737458834e+16,25.8,26.001911000000003,107.6,238.8
256.0,256000.0,256.0,64.0,1.0,24.0,28.0,30.0,6.0,4.0,5.0,5.0,1.0,4.0,6.0,4.0,2.0,6.0,1.0,4.0,4.0,1.0,6.0,1.0,3.0,1.0,4.0,3.0,6.0,5.0,1.0,5.0,2.0,4.0,1.0,96.0,8.0,1.0,1.0,1.0,1.0,1.0,1.0,1.0,1.0,5.0,2.0,3.0,3.0,1.0,3.0,5.0,3.0,4.0,3.0,2.0,2.0,4.0,5.0,6.0,2.0,2.0,64.0,64.0,1.0,4.0,2.0,1.0,16.0,16.0,1.0,1.0,1.0,1.0,4.0,5.0,6.0,5.0,1.0,4.0,4.0,4.0,2.0,6.0,1.0,6.0,4.0,5.0,2.0,2.0,6.0,2.0,2.0,32.0,1.0,1.0,4.0,1.0,8.0,8.0,1.0,1.0,1.0,1.0,4.0,2.0,4.0,6.0,5.0,3.0,5.0,5.0,1.0,2.0,2.0,4.0,6.0,3.0,4.0,4.0,2.0,3.0,2.0,2.0,1.0,256.0,1.0,1.0,1.0,1.0,1.0,1.0,1.0,1.0,5.0,3.0,6.0,2.0,3.0,5.0,1.0,4.0,5.0,5.0,4.0,1.0,5.0,6.0,2.0,3.0,1.0,2.0,16.0,128.0,1.0,32.0,1.0,1.0,1.0,1.0,1.0,1.0,1.0,1.0,2.0,2.0,5.0,1.0,2.0,3.0,1.0,5.0,6.0,1.0,3.0,3.0,6.0,5.0,3.0,1.0,2.0,3.0,128.0,8.0,1.0,16.0,256.0,1.0,1.0,1.0,1.0,1.0,1.0,1.0,88080864.0,8602107.0,12741800.0,0.1501036,30.0,514.0,7996.0,757681016780448.0,24.524040000000007,24.938302500000002,107.6,1696.8
256.0,16000000.0,256.0,64.0,1.0,10.0,42.0,32.0,4.0,5.0,4.0,4.0,5.0,6.0,1.0,1.0,3.0,4.0,2.0,1.0,6.0,1.0,5.0,4.0,3.0,5.0,3.0,5.0,4.0,4.0,2.0,6.0,512.0,64.0,1.0,12.0,32.0,1.0,1.0,1.0,1.0,1.0,1.0,1.0,2.0,2.0,3.0,2.0,5.0,6.0,4.0,1.0,3.0,3.0,3.0,3.0,1.0,5.0,1.0,2.0,6.0,6.0,32.0,1.0,1.0,128.0,64.0,1.0,16.0,128.0,1.0,1.0,1.0,1.0,5.0,2.0,2.0,5.0,3.0,6.0,3.0,4.0,3.0,6.0,6.0,5.0,5.0,3.0,2.0,3.0,5.0,5.0,32.0,8.0,1.0,16.0,2.0,1.0,8.0,8.0,1.0,1.0,1.0,1.0,4.0,5.0,5.0,5.0,1.0,2.0,3.0,4.0,2.0,6.0,4.0,5.0,3.0,6.0,5.0,1.0,5.0,1.0,8.0,512.0,1.0,256.0,256.0,1.0,1.0,1.0,1.0,1.0,1.0,1.0,1.0,5.0,5.0,2.0,4.0,6.0,5.0,5.0,1.0,1.0,5.0,6.0,3.0,6.0,4.0,1.0,3.0,5.0,32.0,4.0,1.0,1024.0,256.0,1.0,1.0,1.0,1.0,1.0,1.0,1.0,5.0,1.0,1.0,4.0,2.0,1.0,6.0,5.0,5.0,3.0,5.0,1.0,2.0,1.0,1.0,4.0,1.0,4.0,128.0,2.0,1.0,1.0,64.0,1.0,1.0,1.0,1.0,1.0,1.0,1.0,2516582520.0,22830933.6,13573500.0,0.15387199999999998,32.0,514.0,514.0,5.745592841304067e+16,1.0,1.004294,107.6,107.6
32000.0,8192000.0,256.0,64.0,3.0,2.0,44.0,2.0,1.0,2.0,4.0,1.0,5.0,6.0,2.0,2.0,3.0,2.0,4.0,3.0,3.0,4.0,3.0,2.0,3.0,3.0,1.0,6.0,5.0,2.0,2.0,4.0,2.0,8.0,1.0,384.0,32.0,1.0,1.0,1.0,1.0,1.0,1.0,1.0,4.0,1.0,3.0,2.0,5.0,6.0,5.0,3.0,1.0,3.0,3.0,6.0,1.0,3.0,5.0,4.0,5.0,4.0,2.0,16.0,1.0,2.0,16.0,1.0,8.0,64.0,1.0,1.0,1.0,1.0,2.0,2.0,3.0,4.0,6.0,4.0,1.0,5.0,6.0,3.0,3.0,5.0,2.0,2.0,2.0,6.0,5.0,2.0,1.0,1.0,1.0,128.0,64.0,1.0,1.0,1.0,1.0,1.0,1.0,1.0,2.0,2.0,6.0,1.0,5.0,1.0,4.0,6.0,5.0,5.0,3.0,2.0,3.0,5.0,4.0,3.0,4.0,6.0,8.0,32.0,1.0,16.0,32.0,1.0,1.0,1.0,1.0,1.0,1.0,1.0,6.0,1.0,3.0,1.0,2.0,2.0,3.0,1.0,1.0,4.0,3.0,4.0,3.0,3.0,3.0,5.0,6.0,6.0,32.0,16.0,1.0,32.0,512.0,1.0,1.0,1.0,1.0,1.0,1.0,1.0,2.0,4.0,2.0,5.0,6.0,3.0,1.0,6.0,1.0,5.0,1.0,5.0,2.0,5.0,1.0,4.0,4.0,4.0,4.0,16.0,1.0,32.0,64.0,1.0,1.0,1.0,1.0,1.0,1.0,1.0,2494353696.0,5076187.459999999,84240900.0,0.8909431,176.0,514.0,172032.0,1.266180695243985e+16,1.4,0.429785185,107.6,18023.2
1024000.0,4096000.0,256.0,64.0,2.0,48.0,32.0,34.0,1.0,6.0,3.0,5.0,6.0,6.0,5.0,3.0,5.0,1.0,3.0,2.0,4.0,1.0,1.0,5.0,3.0,4.0,2.0,2.0,3.0,6.0,6.0,4.0,16.0,128.0,1.0,4.0,384.0,1.0,1.0,1.0,1.0,1.0,1.0,1.0,3.0,4.0,2.0,2.0,1.0,3.0,2.0,6.0,4.0,5.0,2.0,5.0,5.0,1.0,4.0,3.0,2.0,2.0,16.0,4.0,1.0,1.0,128.0,1.0,4.0,8.0,1.0,1.0,1.0,1.0,4.0,4.0,4.0,5.0,5.0,2.0,4.0,2.0,4.0,2.0,6.0,2.0,3.0,3.0,1.0,1.0,4.0,6.0,1.0,2.0,1.0,1.0,2.0,1.0,1.0,1.0,1.0,1.0,1.0,1.0,4.0,5.0,5.0,1.0,2.0,3.0,6.0,5.0,4.0,3.0,3.0,4.0,4.0,2.0,5.0,3.0,5.0,2.0,8.0,512.0,1.0,2.0,2.0,1.0,1.0,1.0,1.0,1.0,1.0,1.0,1.0,4.0,6.0,1.0,3.0,6.0,4.0,6.0,1.0,3.0,3.0,4.0,3.0,6.0,5.0,6.0,2.0,3.0,16.0,16.0,1.0,64.0,512.0,1.0,1.0,1.0,1.0,1.0,1.0,1.0,6.0,1.0,1.0,2.0,6.0,3.0,6.0,6.0,5.0,1.0,4.0,4.0,3.0,5.0,6.0,4.0,2.0,2.0,256.0,512.0,1.0,1.0,128.0,1.0,1.0,1.0,1.0,1.0,1.0,1.0,80322708.0,4892483.5,1022520000.0,5.6567205,1088.0,514.0,593920.0,392977523565318.0,32.0,10.175823250000002,107.6,37492.0
512000.0,32000.0,256.0,64.0,1.0,16.0,32.0,42.0,4.0,5.0,2.0,6.0,2.0,4.0,5.0,4.0,5.0,3.0,2.0,5.0,2.0,5.0,3.0,5.0,1.0,3.0,6.0,1.0,1.0,3.0,1.0,2.0,128.0,4.0,1.0,12.0,24.0,1.0,1.0,1.0,1.0,1.0,1.0,1.0,4.0,6.0,6.0,3.0,4.0,4.0,6.0,6.0,5.0,6.0,3.0,4.0,4.0,1.0,5.0,5.0,5.0,2.0,16.0,16.0,1.0,64.0,64.0,1.0,128.0,1.0,1.0,1.0,1.0,1.0,5.0,4.0,6.0,4.0,2.0,5.0,1.0,5.0,3.0,2.0,2.0,2.0,1.0,6.0,4.0,5.0,4.0,2.0,64.0,32.0,1.0,8.0,128.0,1.0,8.0,8.0,1.0,1.0,1.0,1.0,6.0,5.0,1.0,6.0,6.0,6.0,5.0,4.0,1.0,6.0,1.0,5.0,6.0,3.0,6.0,1.0,2.0,3.0,8.0,256.0,1.0,128.0,2.0,1.0,1.0,1.0,1.0,1.0,1.0,1.0,6.0,1.0,2.0,5.0,1.0,2.0,4.0,4.0,1.0,3.0,4.0,5.0,6.0,6.0,2.0,4.0,4.0,3.0,1.0,8.0,1.0,16.0,16.0,1.0,1.0,1.0,1.0,1.0,1.0,1.0,4.0,5.0,4.0,6.0,2.0,1.0,3.0,4.0,5.0,2.0,1.0,5.0,3.0,1.0,6.0,4.0,5.0,6.0,8.0,1.0,1.0,8.0,128.0,1.0,1.0,1.0,1.0,1.0,1.0,1.0,2516582520.0,15567891.600000001,17796800.0,0.20017819999999997,42.0,514.0,514.0,3.917788387381483e+16,1.0,1.3999530000000002,107.6,107.6
128.0,128000.0,256.0,64.0,1.0,26.0,26.0,12.0,6.0,2.0,4.0,6.0,2.0,6.0,3.0,4.0,6.0,5.0,3.0,6.0,5.0,1.0,4.0,5.0,1.0,1.0,2.0,2.0,1.0,5.0,3.0,1.0,4.0,256.0,1.0,4.0,1.0,1.0,1.0,1.0,1.0,1.0,1.0,1.0,2.0,1.0,1.0,5.0,3.0,5.0,3.0,5.0,3.0,3.0,5.0,6.0,1.0,2.0,1.0,3.0,2.0,2.0,1.0,1.0,1.0,64.0,128.0,1.0,16.0,128.0,1.0,1.0,1.0,1.0,3.0,3.0,1.0,4.0,6.0,4.0,1.0,5.0,5.0,5.0,2.0,6.0,1.0,3.0,6.0,5.0,4.0,6.0,8.0,1.0,1.0,64.0,32.0,1.0,1.0,16.0,1.0,1.0,1.0,1.0,3.0,1.0,6.0,2.0,1.0,3.0,5.0,4.0,2.0,3.0,6.0,6.0,3.0,1.0,1.0,4.0,4.0,6.0,32.0,4.0,1.0,4.0,8.0,1.0,1.0,1.0,1.0,1.0,1.0,1.0,1.0,6.0,2.0,4.0,5.0,6.0,6.0,4.0,4.0,3.0,5.0,5.0,5.0,2.0,2.0,6.0,1.0,6.0,512.0,512.0,1.0,2048.0,16.0,1.0,1.0,1.0,1.0,1.0,1.0,1.0,5.0,1.0,3.0,4.0,2.0,2.0,5.0,6.0,5.0,6.0,4.0,3.0,6.0,5.0,6.0,6.0,3.0,3.0,4.0,4.0,1.0,8.0,256.0,1.0,1.0,1.0,1.0,1.0,1.0,1.0,211550472.0,5681165.52,5432820.0,0.06386412,12.0,514.0,3352.0,1201853247266125.2,11.30612,13.369378,107.6,710.4
32000.0,8192000.0,256.0,64.0,3.0,34.0,34.0,8.0,1.0,4.0,3.0,6.0,2.0,5.0,6.0,1.0,6.0,5.0,1.0,5.0,4.0,4.0,2.0,3.0,5.0,3.0,3.0,4.0,6.0,3.0,4.0,6.0,1.0,256.0,1.0,24.0,48.0,1.0,1.0,1.0,1.0,1.0,1.0,1.0,5.0,4.0,2.0,4.0,5.0,3.0,5.0,2.0,6.0,5.0,2.0,1.0,3.0,2.0,1.0,5.0,6.0,3.0,32.0,64.0,1.0,32.0,128.0,1.0,2.0,2.0,1.0,1.0,1.0,1.0,4.0,3.0,6.0,3.0,5.0,1.0,5.0,1.0,1.0,3.0,3.0,6.0,6.0,4.0,1.0,6.0,4.0,6.0,8.0,32.0,1.0,64.0,2.0,1.0,16.0,32.0,1.0,1.0,1.0,1.0,3.0,1.0,5.0,2.0,3.0,6.0,4.0,3.0,3.0,2.0,6.0,1.0,4.0,5.0,1.0,5.0,2.0,3.0,8.0,8.0,1.0,256.0,1.0,1.0,1.0,1.0,1.0,1.0,1.0,1.0,2.0,2.0,3.0,1.0,2.0,3.0,6.0,6.0,4.0,4.0,6.0,5.0,6.0,4.0,4.0,6.0,2.0,4.0,2.0,1.0,1.0,2048.0,1.0,1.0,1.0,1.0,1.0,1.0,1.0,1.0,2.0,5.0,3.0,1.0,2.0,4.0,6.0,4.0,2.0,1.0,1.0,3.0,1.0,4.0,3.0,6.0,1.0,3.0,16.0,2.0,1.0,512.0,32.0,1.0,1.0,1.0,1.0,1.0,1.0,1.0,1221282222.0,5962803.32,47142200000.0,80.18671999999998,9248.0,514.0,532992.0,7282265687998577.0,4.9,0.12500005,107.6,53888.0
512000.0,4096000.0,256.0,64.0,3.0,26.0,22.0,10.0,5.0,3.0,4.0,6.0,5.0,4.0,1.0,4.0,4.0,6.0,3.0,1.0,3.0,4.0,5.0,1.0,6.0,5.0,1.0,3.0,2.0,2.0,3.0,5.0,512.0,128.0,1.0,192.0,48.0,1.0,1.0,1.0,1.0,1.0,1.0,1.0,2.0,6.0,5.0,5.0,1.0,5.0,6.0,2.0,6.0,1.0,5.0,5.0,3.0,1.0,6.0,4.0,6.0,4.0,16.0,2.0,1.0,4.0,128.0,1.0,4.0,64.0,1.0,1.0,1.0,1.0,3.0,2.0,3.0,3.0,4.0,4.0,1.0,2.0,3.0,2.0,5.0,4.0,1.0,2.0,3.0,4.0,2.0,6.0,64.0,128.0,1.0,64.0,128.0,1.0,4.0,4.0,1.0,1.0,1.0,1.0,4.0,5.0,3.0,1.0,5.0,3.0,2.0,6.0,4.0,1.0,3.0,6.0,3.0,1.0,3.0,5.0,1.0,5.0,4.0,256.0,1.0,128.0,8.0,1.0,1.0,1.0,1.0,1.0,1.0,1.0,3.0,4.0,3.0,5.0,3.0,3.0,3.0,2.0,3.0,5.0,1.0,3.0,5.0,1.0,6.0,3.0,2.0,5.0,64.0,32.0,1.0,1024.0,8.0,1.0,1.0,1.0,1.0,1.0,1.0,1.0,4.0,1.0,6.0,2.0,4.0,5.0,1.0,6.0,1.0,3.0,4.0,1.0,2.0,2.0,4.0,3.0,4.0,3.0,32.0,256.0,1.0,128.0,32.0,1.0,1.0,1.0,1.0,1.0,1.0,1.0,695511600.0,3989377.6799999992,18874300000.0,40.91362,5720.0,514.0,409600.0,2774658453221087.5,5.766665000000001,0.1015625,107.6,78643.2
128.0,256000.0,256.0,64.0,3.0,36.0,18.0,14.0,1.0,2.0,2.0,5.0,6.0,3.0,4.0,2.0,1.0,6.0,6.0,1.0,6.0,1.0,5.0,1.0,3.0,5.0,2.0,1.0,5.0,1.0,5.0,2.0,64.0,1.0,1.0,4.0,384.0,1.0,1.0,1.0,1.0,1.0,1.0,1.0,5.0,1.0,2.0,1.0,6.0,5.0,5.0,2.0,2.0,5.0,6.0,5.0,4.0,5.0,3.0,6.0,2.0,2.0,2.0,32.0,1.0,16.0,1.0,1.0,1.0,1.0,1.0,1.0,1.0,1.0,3.0,6.0,5.0,4.0,2.0,2.0,2.0,4.0,6.0,6.0,3.0,3.0,6.0,3.0,6.0,3.0,5.0,1.0,4.0,32.0,1.0,16.0,128.0,1.0,32.0,16.0,1.0,1.0,1.0,1.0,1.0,2.0,4.0,4.0,4.0,6.0,3.0,4.0,5.0,6.0,6.0,2.0,5.0,3.0,5.0,1.0,2.0,3.0,64.0,4.0,1.0,16.0,4.0,1.0,1.0,1.0,1.0,1.0,1.0,1.0,6.0,1.0,1.0,3.0,4.0,6.0,5.0,5.0,3.0,4.0,4.0,2.0,6.0,3.0,3.0,4.0,3.0,1.0,64.0,128.0,1.0,512.0,32.0,1.0,1.0,1.0,1.0,1.0,1.0,1.0,4.0,2.0,1.0,3.0,3.0,5.0,1.0,2.0,1.0,6.0,6.0,4.0,2.0,3.0,1.0,2.0,6.0,5.0,16.0,1.0,1.0,128.0,32.0,1.0,1.0,1.0,1.0,1.0,1.0,1.0,2543389512.0,4458892.6,45431300000.0,77.895915,9072.0,514.0,294912.0,1.134070067397441e+16,1.0,0.24023457999999992,107.6,33932.8
32000.0,128000.0,256.0,64.0,2.0,8.0,4.0,12.0,6.0,2.0,5.0,3.0,1.0,2.0,4.0,2.0,1.0,1.0,1.0,2.0,2.0,4.0,3.0,6.0,3.0,2.0,1.0,3.0,3.0,3.0,1.0,1.0,32.0,256.0,1.0,96.0,128.0,1.0,1.0,1.0,1.0,1.0,1.0,1.0,6.0,6.0,3.0,2.0,3.0,6.0,6.0,2.0,2.0,1.0,6.0,5.0,6.0,6.0,6.0,1.0,5.0,1.0,8.0,4.0,1.0,2.0,8.0,1.0,128.0,2.0,1.0,1.0,1.0,1.0,5.0,1.0,4.0,5.0,6.0,6.0,6.0,2.0,1.0,1.0,3.0,5.0,2.0,6.0,2.0,6.0,1.0,2.0,64.0,16.0,1.0,2.0,128.0,1.0,4.0,2.0,1.0,1.0,1.0,1.0,5.0,4.0,4.0,4.0,2.0,3.0,1.0,4.0,4.0,1.0,4.0,5.0,5.0,6.0,3.0,3.0,1.0,5.0,64.0,16.0,1.0,2.0,4.0,1.0,1.0,1.0,1.0,1.0,1.0,1.0,3.0,4.0,6.0,4.0,1.0,2.0,4.0,6.0,4.0,4.0,1.0,3.0,1.0,1.0,2.0,2.0,4.0,5.0,2.0,8.0,1.0,1.0,256.0,1.0,1.0,1.0,1.0,1.0,1.0,1.0,4.0,5.0,3.0,4.0,6.0,4.0,5.0,6.0,6.0,4.0,6.0,4.0,5.0,3.0,6.0,5.0,1.0,3.0,512.0,64.0,1.0,128.0,256.0,1.0,1.0,1.0,1.0,1.0,1.0,1.0,618347556.0,8760067.54,20396700.0,0.27429015000000007,48.0,514.0,163840.0,5416766353753932.0,7.2,3.265682749999999,107.6,13524.0
64000.0,2048000.0,256.0,64.0,1.0,14.0,12.0,14.0,4.0,5.0,2.0,3.0,4.0,3.0,1.0,1.0,4.0,5.0,6.0,5.0,4.0,2.0,2.0,2.0,3.0,6.0,3.0,6.0,5.0,4.0,3.0,6.0,2.0,16.0,1.0,512.0,64.0,1.0,1.0,1.0,1.0,1.0,1.0,1.0,3.0,6.0,4.0,3.0,6.0,3.0,5.0,4.0,2.0,4.0,3.0,1.0,4.0,6.0,5.0,6.0,6.0,3.0,1.0,32.0,1.0,128.0,16.0,1.0,32.0,1.0,1.0,1.0,1.0,1.0,6.0,2.0,4.0,1.0,2.0,5.0,4.0,5.0,3.0,1.0,5.0,5.0,2.0,2.0,4.0,4.0,4.0,5.0,4.0,8.0,1.0,128.0,4.0,1.0,64.0,64.0,1.0,1.0,1.0,1.0,3.0,6.0,4.0,1.0,4.0,3.0,2.0,5.0,4.0,1.0,4.0,6.0,2.0,3.0,4.0,1.0,4.0,2.0,1.0,2.0,1.0,256.0,64.0,1.0,1.0,1.0,1.0,1.0,1.0,1.0,4.0,6.0,4.0,3.0,5.0,2.0,4.0,6.0,5.0,2.0,6.0,4.0,6.0,6.0,3.0,3.0,1.0,3.0,16.0,64.0,1.0,32.0,1.0,1.0,1.0,1.0,1.0,1.0,1.0,1.0,1.0,5.0,4.0,2.0,4.0,4.0,1.0,2.0,6.0,6.0,5.0,1.0,1.0,6.0,5.0,4.0,3.0,6.0,4.0,1.0,1.0,32.0,64.0,1.0,1.0,1.0,1.0,1.0,1.0,1.0,181665912.0,15879049.200000003,6228620.0,0.07343496,14.0,514.0,3868.0,2884681954610871.0,13.018560000000003,13.452000000000002,107.6,820.0
64000.0,16000.0,256.0,64.0,3.0,40.0,44.0,6.0,5.0,2.0,1.0,3.0,1.0,4.0,5.0,2.0,4.0,3.0,2.0,5.0,1.0,4.0,1.0,2.0,1.0,3.0,4.0,4.0,4.0,2.0,1.0,1.0,4.0,32.0,1.0,192.0,16.0,1.0,1.0,1.0,1.0,1.0,1.0,1.0,4.0,5.0,4.0,5.0,4.0,2.0,4.0,5.0,6.0,6.0,1.0,2.0,6.0,5.0,1.0,3.0,2.0,4.0,64.0,1.0,1.0,4.0,1.0,1.0,16.0,1.0,1.0,1.0,1.0,1.0,3.0,6.0,1.0,5.0,2.0,1.0,2.0,3.0,4.0,3.0,3.0,2.0,6.0,6.0,3.0,3.0,3.0,4.0,128.0,64.0,1.0,16.0,4.0,1.0,16.0,32.0,1.0,1.0,1.0,1.0,1.0,1.0,3.0,4.0,3.0,3.0,6.0,4.0,4.0,1.0,3.0,1.0,2.0,3.0,6.0,2.0,2.0,3.0,128.0,8.0,1.0,2.0,2.0,1.0,1.0,1.0,1.0,1.0,1.0,1.0,2.0,5.0,2.0,1.0,4.0,3.0,6.0,4.0,6.0,3.0,5.0,6.0,5.0,5.0,6.0,4.0,2.0,4.0,32.0,512.0,1.0,256.0,32.0,1.0,1.0,1.0,1.0,1.0,1.0,1.0,2.0,6.0,2.0,2.0,2.0,3.0,6.0,6.0,4.0,3.0,2.0,4.0,3.0,5.0,3.0,1.0,1.0,3.0,512.0,8.0,1.0,32.0,16.0,1.0,1.0,1.0,1.0,1.0,1.0,1.0,1245812664.0,3962373.08,60890500000.0,97.7234,10560.0,514.0,663552.0,4936374562556685.0,2.05,0.043945410000000004,107.6,88038.4
2048000.0,16000000.0,256.0,64.0,2.0,40.0,20.0,40.0,5.0,2.0,3.0,3.0,6.0,3.0,1.0,4.0,3.0,5.0,5.0,1.0,6.0,2.0,1.0,6.0,6.0,6.0,4.0,3.0,5.0,6.0,3.0,1.0,1.0,32.0,1.0,256.0,2.0,1.0,1.0,1.0,1.0,1.0,1.0,1.0,5.0,2.0,2.0,2.0,6.0,4.0,2.0,2.0,3.0,4.0,4.0,6.0,5.0,1.0,4.0,5.0,4.0,4.0,32.0,8.0,1.0,8.0,4.0,1.0,2.0,64.0,1.0,1.0,1.0,1.0,1.0,3.0,6.0,3.0,5.0,4.0,5.0,5.0,5.0,2.0,4.0,3.0,3.0,5.0,2.0,3.0,4.0,1.0,64.0,8.0,1.0,1.0,8.0,1.0,64.0,2.0,1.0,1.0,1.0,1.0,6.0,3.0,5.0,1.0,4.0,1.0,3.0,2.0,5.0,3.0,2.0,4.0,6.0,5.0,2.0,6.0,4.0,1.0,128.0,8.0,1.0,32.0,1.0,1.0,1.0,1.0,1.0,1.0,1.0,1.0,4.0,6.0,6.0,6.0,4.0,6.0,2.0,6.0,3.0,2.0,3.0,4.0,3.0,5.0,2.0,4.0,5.0,1.0,8.0,1.0,1.0,2.0,512.0,1.0,1.0,1.0,1.0,1.0,1.0,1.0,3.0,3.0,2.0,3.0,5.0,3.0,3.0,4.0,4.0,4.0,2.0,2.0,4.0,4.0,6.0,6.0,5.0,3.0,1024.0,1.0,1.0,1.0,256.0,1.0,1.0,1.0,1.0,1.0,1.0,1.0,2269053072.0,19445182.92,634591000.0,3.9658484999999994,800.0,514.0,2320.0,4.412215204022794e+16,6.95,3.7378415499999997,107.6,284.5
1024000.0,128000.0,256.0,64.0,3.0,28.0,8.0,16.0,1.0,2.0,6.0,3.0,2.0,4.0,5.0,1.0,2.0,5.0,2.0,4.0,4.0,6.0,1.0,6.0,3.0,2.0,6.0,1.0,4.0,2.0,2.0,4.0,256.0,4.0,1.0,128.0,128.0,1.0,1.0,1.0,1.0,1.0,1.0,1.0,6.0,2.0,6.0,5.0,3.0,6.0,2.0,3.0,1.0,1.0,2.0,6.0,3.0,3.0,4.0,6.0,4.0,1.0,64.0,64.0,1.0,8.0,2.0,1.0,2.0,1.0,1.0,1.0,1.0,1.0,2.0,6.0,5.0,5.0,6.0,2.0,2.0,3.0,3.0,3.0,5.0,5.0,5.0,6.0,6.0,5.0,4.0,3.0,16.0,128.0,1.0,128.0,8.0,1.0,64.0,2.0,1.0,1.0,1.0,1.0,1.0,6.0,1.0,1.0,6.0,6.0,6.0,2.0,2.0,3.0,1.0,1.0,1.0,6.0,3.0,2.0,5.0,3.0,512.0,128.0,1.0,256.0,128.0,1.0,1.0,1.0,1.0,1.0,1.0,1.0,1.0,4.0,1.0,1.0,3.0,3.0,4.0,1.0,6.0,3.0,2.0,4.0,4.0,2.0,1.0,3.0,2.0,1.0,4.0,8.0,1.0,16.0,256.0,1.0,1.0,1.0,1.0,1.0,1.0,1.0,3.0,1.0,1.0,5.0,1.0,4.0,3.0,4.0,5.0,3.0,2.0,2.0,2.0,2.0,6.0,4.0,3.0,3.0,16.0,256.0,1.0,1.0,128.0,1.0,1.0,1.0,1.0,1.0,1.0,1.0,2469354456.0,4370017.160000001,7925210000.0,22.364590000000003,3584.0,514.0,458752.0,1.0791121346842468e+16,9.133320000000001,0.2310547,107.6,72755.2
128000.0,4096000.0,256.0,64.0,2.0,18.0,8.0,6.0,5.0,6.0,5.0,2.0,5.0,6.0,1.0,1.0,3.0,6.0,2.0,5.0,6.0,6.0,6.0,2.0,1.0,4.0,4.0,3.0,3.0,4.0,1.0,1.0,2.0,512.0,1.0,96.0,12.0,1.0,1.0,1.0,1.0,1.0,1.0,1.0,6.0,4.0,5.0,2.0,2.0,3.0,3.0,1.0,3.0,4.0,5.0,2.0,4.0,5.0,5.0,4.0,6.0,4.0,64.0,16.0,1.0,64.0,32.0,1.0,8.0,8.0,1.0,1.0,1.0,1.0,2.0,6.0,1.0,5.0,2.0,5.0,3.0,2.0,2.0,2.0,2.0,1.0,4.0,2.0,5.0,6.0,6.0,4.0,2.0,1.0,1.0,1.0,4.0,1.0,2.0,16.0,1.0,1.0,1.0,1.0,3.0,5.0,2.0,2.0,6.0,5.0,5.0,6.0,3.0,5.0,3.0,4.0,1.0,4.0,2.0,4.0,6.0,5.0,64.0,32.0,1.0,64.0,128.0,1.0,1.0,1.0,1.0,1.0,1.0,1.0,1.0,3.0,6.0,5.0,6.0,1.0,3.0,6.0,6.0,4.0,5.0,1.0,3.0,2.0,2.0,1.0,5.0,4.0,16.0,32.0,1.0,64.0,1024.0,1.0,1.0,1.0,1.0,1.0,1.0,1.0,5.0,2.0,6.0,5.0,1.0,6.0,4.0,4.0,5.0,4.0,5.0,5.0,5.0,5.0,4.0,6.0,3.0,5.0,4.0,4.0,1.0,32.0,8.0,1.0,1.0,1.0,1.0,1.0,1.0,1.0,324064302.0,6546657.460000001,20397600.0,0.29913305,48.0,514.0,172032.0,2121537980207993.2,6.4,2.535509249999999,107.6,20724.8
1024000.0,512000.0,256.0,64.0,2.0,6.0,10.0,38.0,6.0,3.0,6.0,5.0,2.0,2.0,5.0,2.0,3.0,2.0,2.0,6.0,4.0,5.0,6.0,6.0,3.0,5.0,1.0,1.0,5.0,6.0,1.0,5.0,128.0,16.0,1.0,1.0,48.0,1.0,1.0,1.0,1.0,1.0,1.0,1.0,6.0,1.0,6.0,6.0,1.0,2.0,2.0,1.0,1.0,4.0,1.0,4.0,4.0,1.0,3.0,6.0,6.0,4.0,8.0,8.0,1.0,64.0,4.0,1.0,8.0,1.0,1.0,1.0,1.0,1.0,2.0,2.0,4.0,6.0,4.0,4.0,5.0,2.0,3.0,2.0,6.0,4.0,6.0,4.0,3.0,2.0,6.0,2.0,128.0,8.0,1.0,1.0,128.0,1.0,8.0,2.0,1.0,1.0,1.0,1.0,5.0,6.0,2.0,3.0,6.0,2.0,2.0,6.0,6.0,1.0,4.0,5.0,2.0,3.0,3.0,5.0,3.0,6.0,1.0,1.0,1.0,1.0,128.0,1.0,1.0,1.0,1.0,1.0,1.0,1.0,2.0,2.0,6.0,2.0,5.0,3.0,4.0,1.0,6.0,3.0,4.0,5.0,1.0,4.0,2.0,2.0,1.0,4.0,16.0,2.0,1.0,2048.0,32.0,1.0,1.0,1.0,1.0,1.0,1.0,1.0,4.0,2.0,4.0,2.0,1.0,3.0,1.0,5.0,1.0,3.0,5.0,4.0,6.0,1.0,5.0,6.0,2.0,2.0,8.0,256.0,1.0,128.0,8.0,1.0,1.0,1.0,1.0,1.0,1.0,1.0,269767146.0,7689471.0,220492000.0,1.8323299999999998,380.0,514.0,41536.0,2074366645919766.0,11.4769225,4.5107078000000005,107.6,4591.4
256000.0,16000.0,256.0,64.0,2.0,8.0,40.0,6.0,1.0,2.0,6.0,1.0,1.0,5.0,5.0,6.0,6.0,6.0,5.0,2.0,3.0,5.0,4.0,3.0,2.0,6.0,6.0,5.0,5.0,3.0,4.0,3.0,4.0,1.0,1.0,96.0,1536.0,1.0,1.0,1.0,1.0,1.0,1.0,1.0,1.0,1.0,1.0,2.0,2.0,1.0,6.0,1.0,1.0,5.0,4.0,1.0,6.0,3.0,4.0,3.0,6.0,2.0,16.0,4.0,1.0,2.0,2.0,1.0,32.0,2.0,1.0,1.0,1.0,1.0,1.0,2.0,1.0,1.0,6.0,5.0,3.0,1.0,4.0,5.0,2.0,1.0,1.0,6.0,3.0,5.0,5.0,4.0,2.0,4.0,1.0,128.0,64.0,1.0,16.0,64.0,1.0,1.0,1.0,1.0,1.0,4.0,4.0,4.0,1.0,6.0,6.0,5.0,3.0,2.0,5.0,4.0,5.0,1.0,4.0,1.0,5.0,3.0,1.0,32.0,1.0,2.0,16.0,1.0,1.0,1.0,1.0,1.0,1.0,1.0,1.0,4.0,4.0,3.0,2.0,1.0,1.0,2.0,4.0,6.0,2.0,6.0,6.0,4.0,6.0,4.0,3.0,2.0,256.0,128.0,1.0,128.0,64.0,1.0,1.0,1.0,1.0,1.0,1.0,1.0,3.0,5.0,6.0,4.0,6.0,4.0,4.0,5.0,2.0,1.0,4.0,3.0,5.0,5.0,6.0,2.0,2.0,4.0,1.0,64.0,1.0,32.0,16.0,1.0,1.0,1.0,1.0,1.0,1.0,1.0,2431409634.0,11312954.879999999,122413000.0,1.1645814999999997,240.0,514.0,65536.0,2.750642748423931e+16,14.6,5.1093156,107.6,8657.8
2048.0,64000.0,256.0,64.0,2.0,36.0,4.0,30.0,3.0,5.0,6.0,1.0,1.0,1.0,5.0,3.0,6.0,1.0,4.0,5.0,6.0,3.0,5.0,3.0,2.0,1.0,1.0,5.0,1.0,6.0,1.0,5.0,16.0,1.0,1.0,512.0,6.0,1.0,1.0,1.0,1.0,1.0,1.0,1.0,2.0,3.0,4.0,2.0,1.0,6.0,3.0,2.0,4.0,1.0,4.0,3.0,4.0,2.0,4.0,5.0,6.0,3.0,16.0,16.0,1.0,32.0,8.0,1.0,4.0,2.0,1.0,1.0,1.0,1.0,4.0,1.0,1.0,1.0,1.0,2.0,4.0,2.0,2.0,2.0,5.0,3.0,5.0,4.0,5.0,3.0,4.0,4.0,128.0,128.0,1.0,1.0,2.0,1.0,16.0,64.0,1.0,1.0,1.0,1.0,1.0,4.0,3.0,6.0,3.0,5.0,4.0,5.0,6.0,1.0,4.0,6.0,1.0,2.0,3.0,3.0,6.0,6.0,2.0,512.0,1.0,128.0,512.0,1.0,1.0,1.0,1.0,1.0,1.0,1.0,4.0,4.0,3.0,2.0,3.0,6.0,6.0,3.0,6.0,5.0,5.0,2.0,3.0,6.0,1.0,3.0,6.0,1.0,256.0,1.0,1.0,128.0,2.0,1.0,1.0,1.0,1.0,1.0,1.0,1.0,6.0,1.0,6.0,2.0,2.0,5.0,3.0,5.0,5.0,5.0,5.0,2.0,3.0,6.0,1.0,5.0,3.0,2.0,32.0,4.0,1.0,32.0,4.0,1.0,1.0,1.0,1.0,1.0,1.0,1.0,731051658.0,12182800.179999998,54240300.0,0.5946574,120.0,514.0,33792.0,8906256270671697.0,16.279999999999998,2.7467435000000004,107.6,8885.6
512000.0,512000.0,256.0,64.0,2.0,10.0,42.0,20.0,2.0,6.0,2.0,6.0,4.0,5.0,4.0,5.0,4.0,3.0,4.0,6.0,6.0,3.0,3.0,5.0,4.0,1.0,4.0,6.0,4.0,4.0,6.0,4.0,2.0,8.0,1.0,192.0,64.0,1.0,1.0,1.0,1.0,1.0,1.0,1.0,3.0,3.0,1.0,3.0,3.0,5.0,1.0,4.0,1.0,5.0,4.0,2.0,6.0,5.0,4.0,3.0,6.0,5.0,64.0,8.0,1.0,8.0,16.0,1.0,128.0,8.0,1.0,1.0,1.0,1.0,6.0,3.0,4.0,4.0,3.0,3.0,3.0,3.0,3.0,5.0,4.0,6.0,1.0,5.0,3.0,1.0,6.0,2.0,2.0,8.0,1.0,2.0,8.0,1.0,16.0,2.0,1.0,1.0,1.0,1.0,1.0,5.0,1.0,4.0,4.0,6.0,2.0,6.0,2.0,5.0,2.0,1.0,3.0,1.0,3.0,3.0,4.0,4.0,512.0,64.0,1.0,1.0,512.0,1.0,1.0,1.0,1.0,1.0,1.0,1.0,6.0,2.0,4.0,6.0,5.0,2.0,3.0,2.0,4.0,3.0,6.0,5.0,5.0,6.0,4.0,6.0,2.0,5.0,256.0,512.0,1.0,2.0,2.0,1.0,1.0,1.0,1.0,1.0,1.0,1.0,1.0,5.0,2.0,3.0,3.0,4.0,6.0,4.0,5.0,1.0,4.0,3.0,5.0,3.0,4.0,1.0,4.0,4.0,1.0,512.0,1.0,4.0,64.0,1.0,1.0,1.0,1.0,1.0,1.0,1.0,80079120.0,8758486.959999999,683446000.0,4.2858385000000006,840.0,514.0,383488.0,701371928288275.1,26.01723,8.687757000000003,107.6,31392.8
1024.0,16000000.0,256.0,64.0,2.0,40.0,22.0,24.0,5.0,5.0,3.0,4.0,5.0,5.0,2.0,2.0,4.0,1.0,2.0,5.0,2.0,2.0,5.0,1.0,3.0,5.0,5.0,2.0,1.0,6.0,6.0,4.0,2.0,256.0,1.0,64.0,8.0,1.0,1.0,1.0,1.0,1.0,1.0,1.0,5.0,1.0,5.0,4.0,4.0,3.0,6.0,6.0,5.0,5.0,3.0,5.0,2.0,2.0,6.0,2.0,3.0,6.0,4.0,8.0,1.0,4.0,64.0,1.0,4.0,128.0,1.0,1.0,1.0,1.0,1.0,5.0,6.0,5.0,4.0,4.0,3.0,3.0,5.0,4.0,5.0,5.0,4.0,3.0,6.0,2.0,6.0,6.0,128.0,32.0,1.0,64.0,128.0,1.0,1.0,4.0,1.0,1.0,1.0,1.0,1.0,2.0,5.0,5.0,4.0,4.0,4.0,4.0,4.0,4.0,6.0,2.0,6.0,4.0,2.0,4.0,5.0,2.0,64.0,128.0,1.0,1.0,64.0,1.0,1.0,1.0,1.0,1.0,1.0,1.0,3.0,1.0,5.0,5.0,1.0,5.0,5.0,6.0,4.0,1.0,3.0,4.0,1.0,5.0,3.0,6.0,3.0,2.0,64.0,16.0,1.0,2.0,2.0,1.0,1.0,1.0,1.0,1.0,1.0,1.0,3.0,1.0,1.0,2.0,4.0,5.0,3.0,6.0,6.0,2.0,6.0,6.0,6.0,6.0,2.0,1.0,3.0,2.0,16.0,2048.0,1.0,128.0,32.0,1.0,1.0,1.0,1.0,1.0,1.0,1.0,57898134.0,4830468.08,345909000.0,2.6424629999999993,528.0,514.0,132352.0,279675088178562.72,87.33332,24.424734595000004,107.6,25091.2
1024000.0,32000.0,256.0,64.0,1.0,46.0,34.0,8.0,5.0,6.0,6.0,3.0,1.0,3.0,3.0,4.0,2.0,4.0,2.0,2.0,5.0,3.0,3.0,1.0,4.0,1.0,3.0,6.0,4.0,5.0,1.0,4.0,512.0,64.0,1.0,32.0,128.0,1.0,1.0,1.0,1.0,1.0,1.0,1.0,1.0,2.0,1.0,5.0,5.0,1.0,5.0,4.0,2.0,5.0,6.0,3.0,4.0,5.0,6.0,4.0,5.0,5.0,2.0,32.0,1.0,1.0,16.0,1.0,2.0,8.0,1.0,1.0,1.0,1.0,5.0,4.0,1.0,1.0,2.0,5.0,1.0,1.0,6.0,4.0,4.0,5.0,1.0,5.0,2.0,5.0,4.0,3.0,16.0,4.0,1.0,64.0,4.0,1.0,4.0,16.0,1.0,1.0,1.0,1.0,4.0,4.0,1.0,2.0,2.0,1.0,4.0,6.0,1.0,4.0,2.0,6.0,2.0,3.0,6.0,1.0,1.0,2.0,8.0,256.0,1.0,256.0,512.0,1.0,1.0,1.0,1.0,1.0,1.0,1.0,5.0,6.0,5.0,3.0,3.0,3.0,6.0,6.0,5.0,5.0,6.0,4.0,4.0,4.0,6.0,3.0,2.0,1.0,32.0,32.0,1.0,1.0,64.0,1.0,1.0,1.0,1.0,1.0,1.0,1.0,5.0,1.0,3.0,5.0,2.0,2.0,2.0,1.0,5.0,6.0,1.0,3.0,2.0,4.0,2.0,3.0,6.0,5.0,8.0,256.0,1.0,512.0,16.0,1.0,1.0,1.0,1.0,1.0,1.0,1.0,314572920.0,16316677.2,3853450.0,0.044722700000000004,8.0,514.0,2320.0,5132784791501424.0,8.0,8.790632,107.6,491.2
256.0,16000000.0,256.0,64.0,3.0,26.0,36.0,44.0,2.0,1.0,1.0,1.0,3.0,3.0,1.0,1.0,5.0,2.0,3.0,5.0,1.0,5.0,6.0,1.0,2.0,1.0,6.0,3.0,4.0,4.0,2.0,3.0,256.0,32.0,1.0,2.0,16.0,1.0,1.0,1.0,1.0,1.0,1.0,1.0,2.0,6.0,4.0,5.0,1.0,1.0,4.0,6.0,6.0,5.0,2.0,4.0,1.0,4.0,2.0,6.0,3.0,5.0,8.0,1.0,1.0,4.0,2.0,1.0,64.0,16.0,1.0,1.0,1.0,1.0,4.0,6.0,1.0,3.0,6.0,6.0,2.0,5.0,5.0,4.0,3.0,2.0,5.0,4.0,4.0,3.0,1.0,1.0,2.0,64.0,1.0,1.0,64.0,1.0,64.0,8.0,1.0,1.0,1.0,1.0,2.0,1.0,2.0,3.0,3.0,3.0,2.0,4.0,4.0,3.0,6.0,2.0,5.0,1.0,3.0,3.0,4.0,6.0,8.0,512.0,1.0,4.0,2.0,1.0,1.0,1.0,1.0,1.0,1.0,1.0,1.0,5.0,5.0,5.0,6.0,1.0,6.0,2.0,2.0,5.0,6.0,4.0,5.0,5.0,6.0,3.0,4.0,6.0,1.0,2.0,1.0,128.0,32.0,1.0,1.0,1.0,1.0,1.0,1.0,1.0,5.0,3.0,1.0,1.0,4.0,1.0,4.0,2.0,3.0,1.0,2.0,4.0,3.0,4.0,5.0,4.0,5.0,1.0,256.0,8.0,1.0,8.0,32.0,1.0,1.0,1.0,1.0,1.0,1.0,1.0,1032740652.0,5755047.02,880196000000.0,932.5840999999999,41184.0,514.0,136192.0,5943471011725457.0,3.65,0.139416425,107.6,27366.4
256.0,128000.0,256.0,64.0,3.0,28.0,20.0,2.0,1.0,1.0,3.0,3.0,2.0,2.0,3.0,1.0,4.0,3.0,6.0,6.0,4.0,1.0,2.0,1.0,3.0,5.0,2.0,6.0,1.0,2.0,3.0,1.0,8.0,2.0,1.0,64.0,96.0,1.0,1.0,1.0,1.0,1.0,1.0,1.0,2.0,2.0,5.0,1.0,3.0,4.0,5.0,6.0,6.0,1.0,6.0,4.0,2.0,4.0,5.0,3.0,5.0,2.0,2.0,64.0,1.0,1.0,8.0,1.0,4.0,1.0,1.0,1.0,1.0,1.0,4.0,5.0,6.0,4.0,2.0,2.0,2.0,4.0,3.0,1.0,3.0,6.0,6.0,1.0,3.0,2.0,1.0,2.0,64.0,32.0,1.0,128.0,64.0,1.0,1.0,8.0,1.0,1.0,1.0,1.0,2.0,2.0,4.0,1.0,3.0,5.0,3.0,1.0,5.0,6.0,3.0,4.0,2.0,4.0,6.0,2.0,4.0,3.0,512.0,8.0,1.0,32.0,32.0,1.0,1.0,1.0,1.0,1.0,1.0,1.0,3.0,2.0,3.0,6.0,1.0,5.0,3.0,4.0,1.0,3.0,4.0,1.0,5.0,3.0,3.0,1.0,5.0,6.0,128.0,4.0,1.0,512.0,2.0,1.0,1.0,1.0,1.0,1.0,1.0,1.0,5.0,5.0,6.0,4.0,3.0,6.0,3.0,6.0,6.0,1.0,6.0,4.0,3.0,1.0,4.0,3.0,3.0,6.0,32.0,512.0,1.0,16.0,8.0,1.0,1.0,1.0,1.0,1.0,1.0,1.0,2427836394.0,4259711.56,1070800000.0,5.897212499999998,1120.0,514.0,294912.0,1.0341882753310514e+16,9.8,0.10615234999999999,107.6,55577.6
512.0,16000.0,256.0,64.0,3.0,12.0,22.0,26.0,4.0,1.0,2.0,3.0,2.0,3.0,3.0,3.0,4.0,2.0,2.0,2.0,4.0,4.0,2.0,3.0,6.0,3.0,4.0,1.0,3.0,1.0,2.0,1.0,16.0,2.0,1.0,512.0,768.0,1.0,1.0,1.0,1.0,1.0,1.0,1.0,1.0,2.0,1.0,1.0,1.0,1.0,6.0,1.0,1.0,1.0,2.0,2.0,5.0,4.0,6.0,6.0,5.0,6.0,2.0,1.0,1.0,1.0,4.0,1.0,32.0,128.0,1.0,1.0,1.0,1.0,4.0,4.0,2.0,1.0,6.0,6.0,1.0,1.0,4.0,2.0,3.0,6.0,5.0,6.0,6.0,6.0,5.0,1.0,32.0,1.0,1.0,2.0,32.0,1.0,2.0,1.0,1.0,1.0,1.0,1.0,4.0,6.0,6.0,4.0,5.0,1.0,2.0,1.0,2.0,4.0,3.0,2.0,5.0,1.0,3.0,6.0,6.0,4.0,128.0,512.0,1.0,128.0,2.0,1.0,1.0,1.0,1.0,1.0,1.0,1.0,5.0,5.0,3.0,4.0,4.0,6.0,2.0,5.0,1.0,5.0,6.0,6.0,5.0,4.0,4.0,3.0,6.0,6.0,512.0,64.0,1.0,128.0,32.0,1.0,1.0,1.0,1.0,1.0,1.0,1.0,6.0,1.0,4.0,4.0,5.0,3.0,5.0,2.0,6.0,1.0,5.0,1.0,1.0,1.0,5.0,2.0,5.0,4.0,32.0,1.0,1.0,256.0,4.0,1.0,1.0,1.0,1.0,1.0,1.0,1.0,1162682676.0,3979088.0600000005,26650700000.0,52.48942000000001,6864.0,514.0,540672.0,4626416753640449.0,7.033350000000001,0.7614567999999999,107.6,81024.0
16000.0,8192000.0,256.0,64.0,2.0,44.0,42.0,44.0,5.0,3.0,3.0,4.0,5.0,5.0,2.0,4.0,4.0,4.0,3.0,5.0,5.0,4.0,3.0,5.0,6.0,4.0,1.0,4.0,3.0,2.0,5.0,5.0,1.0,512.0,1.0,8.0,512.0,1.0,1.0,1.0,1.0,1.0,1.0,1.0,2.0,4.0,1.0,5.0,3.0,3.0,1.0,3.0,3.0,3.0,2.0,5.0,6.0,6.0,3.0,1.0,1.0,2.0,32.0,16.0,1.0,16.0,16.0,1.0,128.0,32.0,1.0,1.0,1.0,1.0,6.0,3.0,4.0,5.0,6.0,3.0,6.0,4.0,3.0,3.0,5.0,3.0,5.0,3.0,2.0,5.0,5.0,5.0,2.0,4.0,1.0,2.0,1.0,1.0,16.0,8.0,1.0,1.0,1.0,1.0,3.0,2.0,1.0,4.0,5.0,2.0,3.0,3.0,5.0,2.0,1.0,1.0,1.0,5.0,2.0,5.0,2.0,4.0,256.0,8.0,1.0,8.0,4.0,1.0,1.0,1.0,1.0,1.0,1.0,1.0,3.0,3.0,5.0,6.0,1.0,5.0,1.0,1.0,6.0,6.0,1.0,6.0,4.0,2.0,1.0,2.0,1.0,5.0,64.0,16.0,1.0,4.0,128.0,1.0,1.0,1.0,1.0,1.0,1.0,1.0,5.0,5.0,2.0,6.0,1.0,5.0,2.0,4.0,3.0,3.0,4.0,2.0,5.0,3.0,4.0,4.0,1.0,6.0,2048.0,1024.0,1.0,64.0,128.0,1.0,1.0,1.0,1.0,1.0,1.0,1.0,463733838.0,4174650.8800000004,2451970000.0,10.191389999999998,1848.0,514.0,802816.0,1935926874892477.5,19.669230000000002,10.856944149999997,107.6,55588.8
128.0,64000.0,256.0,64.0,2.0,30.0,32.0,26.0,4.0,4.0,2.0,6.0,6.0,3.0,2.0,3.0,4.0,3.0,5.0,1.0,2.0,4.0,3.0,1.0,1.0,5.0,6.0,1.0,2.0,5.0,1.0,1.0,16.0,32.0,1.0,64.0,256.0,1.0,1.0,1.0,1.0,1.0,1.0,1.0,6.0,5.0,6.0,4.0,6.0,4.0,1.0,2.0,2.0,4.0,1.0,1.0,1.0,2.0,1.0,6.0,1.0,2.0,16.0,4.0,1.0,64.0,32.0,1.0,16.0,8.0,1.0,1.0,1.0,1.0,3.0,4.0,4.0,2.0,1.0,6.0,4.0,2.0,1.0,4.0,3.0,5.0,3.0,6.0,3.0,3.0,6.0,3.0,2.0,64.0,1.0,1.0,128.0,1.0,16.0,8.0,1.0,1.0,1.0,1.0,2.0,6.0,4.0,5.0,1.0,5.0,3.0,1.0,5.0,1.0,5.0,1.0,2.0,4.0,3.0,3.0,4.0,4.0,128.0,256.0,1.0,64.0,512.0,1.0,1.0,1.0,1.0,1.0,1.0,1.0,6.0,2.0,4.0,1.0,3.0,2.0,3.0,1.0,2.0,3.0,1.0,2.0,6.0,4.0,1.0,4.0,6.0,5.0,2.0,8.0,1.0,64.0,2048.0,1.0,1.0,1.0,1.0,1.0,1.0,1.0,5.0,1.0,2.0,1.0,5.0,1.0,4.0,6.0,1.0,3.0,2.0,5.0,4.0,4.0,1.0,2.0,5.0,6.0,16.0,128.0,1.0,8.0,2.0,1.0,1.0,1.0,1.0,1.0,1.0,1.0,2520028650.0,8269119.76,673519000.0,4.1550635,832.0,514.0,65536.0,2.0838418705481124e+16,1.0,0.5047772899999999,107.6,5848.0
128000.0,256000.0,256.0,64.0,3.0,14.0,10.0,24.0,4.0,2.0,1.0,2.0,1.0,3.0,3.0,3.0,3.0,1.0,4.0,5.0,2.0,6.0,2.0,6.0,4.0,5.0,4.0,4.0,3.0,6.0,5.0,1.0,4.0,32.0,1.0,12.0,1.0,1.0,1.0,1.0,1.0,1.0,1.0,1.0,1.0,6.0,6.0,2.0,5.0,4.0,4.0,3.0,2.0,4.0,1.0,4.0,1.0,3.0,1.0,3.0,6.0,2.0,1.0,1.0,1.0,4.0,128.0,1.0,64.0,4.0,1.0,1.0,1.0,1.0,6.0,4.0,3.0,6.0,2.0,2.0,1.0,1.0,6.0,5.0,3.0,3.0,1.0,1.0,5.0,2.0,2.0,3.0,128.0,128.0,1.0,128.0,4.0,1.0,16.0,16.0,1.0,1.0,1.0,1.0,1.0,6.0,1.0,1.0,5.0,5.0,6.0,2.0,3.0,4.0,4.0,4.0,1.0,4.0,5.0,1.0,2.0,1.0,32.0,16.0,1.0,2.0,16.0,1.0,1.0,1.0,1.0,1.0,1.0,1.0,4.0,5.0,3.0,6.0,5.0,6.0,2.0,5.0,4.0,1.0,3.0,6.0,1.0,6.0,3.0,5.0,4.0,1.0,16.0,16.0,1.0,1024.0,1024.0,1.0,1.0,1.0,1.0,1.0,1.0,1.0,4.0,2.0,5.0,3.0,5.0,3.0,5.0,4.0,5.0,3.0,4.0,4.0,1.0,6.0,6.0,2.0,5.0,4.0,8.0,256.0,1.0,256.0,256.0,1.0,1.0,1.0,1.0,1.0,1.0,1.0,109592586.0,3956202.1999999993,7046500000.0,20.950655,3360.0,514.0,1638400.0,433570429836889.1,45.2899,1.37337256,107.6,159001.6
2048000.0,2048000.0,256.0,64.0,3.0,30.0,16.0,10.0,4.0,2.0,4.0,3.0,6.0,6.0,1.0,6.0,4.0,3.0,2.0,6.0,6.0,4.0,6.0,1.0,4.0,6.0,1.0,2.0,4.0,5.0,1.0,5.0,256.0,128.0,1.0,96.0,3.0,1.0,1.0,1.0,1.0,1.0,1.0,1.0,1.0,6.0,5.0,1.0,6.0,3.0,1.0,3.0,6.0,3.0,1.0,5.0,6.0,3.0,2.0,5.0,4.0,1.0,64.0,32.0,1.0,4.0,128.0,1.0,64.0,32.0,1.0,1.0,1.0,1.0,4.0,5.0,3.0,2.0,2.0,5.0,4.0,1.0,4.0,1.0,5.0,2.0,2.0,1.0,3.0,4.0,1.0,4.0,16.0,32.0,1.0,2.0,4.0,1.0,4.0,4.0,1.0,1.0,1.0,1.0,6.0,3.0,6.0,6.0,6.0,5.0,5.0,6.0,5.0,6.0,2.0,5.0,2.0,6.0,1.0,5.0,2.0,4.0,4.0,512.0,1.0,1.0,512.0,1.0,1.0,1.0,1.0,1.0,1.0,1.0,4.0,2.0,1.0,2.0,4.0,5.0,5.0,5.0,6.0,5.0,2.0,4.0,2.0,4.0,5.0,2.0,4.0,6.0,16.0,512.0,1.0,64.0,4.0,1.0,1.0,1.0,1.0,1.0,1.0,1.0,6.0,1.0,5.0,5.0,6.0,3.0,5.0,5.0,4.0,4.0,1.0,2.0,1.0,5.0,1.0,6.0,5.0,5.0,1024.0,32.0,1.0,256.0,64.0,1.0,1.0,1.0,1.0,1.0,1.0,1.0,327986658.0,3994504.2,13588400000.0,32.57227,4800.0,514.0,851968.0,1310144082924963.8,7.8923075,0.7826179999999998,107.6,116134.4
4096.0,32000.0,256.0,64.0,3.0,10.0,38.0,32.0,6.0,3.0,3.0,3.0,4.0,6.0,5.0,6.0,6.0,3.0,4.0,5.0,2.0,6.0,3.0,5.0,3.0,3.0,1.0,1.0,2.0,6.0,2.0,4.0,1.0,8.0,1.0,128.0,3.0,1.0,1.0,1.0,1.0,1.0,1.0,1.0,5.0,6.0,4.0,1.0,3.0,4.0,3.0,2.0,4.0,4.0,5.0,4.0,4.0,2.0,5.0,1.0,2.0,4.0,16.0,32.0,1.0,8.0,16.0,1.0,64.0,128.0,1.0,1.0,1.0,1.0,1.0,1.0,5.0,2.0,3.0,3.0,1.0,2.0,4.0,2.0,2.0,4.0,4.0,4.0,4.0,5.0,1.0,4.0,8.0,64.0,1.0,64.0,16.0,1.0,1.0,2.0,1.0,1.0,1.0,1.0,1.0,4.0,3.0,6.0,6.0,3.0,6.0,2.0,2.0,3.0,3.0,4.0,2.0,6.0,6.0,5.0,2.0,1.0,2.0,8.0,1.0,8.0,256.0,1.0,1.0,1.0,1.0,1.0,1.0,1.0,6.0,4.0,4.0,1.0,3.0,5.0,6.0,1.0,3.0,6.0,6.0,5.0,5.0,6.0,6.0,3.0,5.0,4.0,8.0,8.0,1.0,32.0,2.0,1.0,1.0,1.0,1.0,1.0,1.0,1.0,1.0,5.0,1.0,3.0,3.0,5.0,2.0,3.0,1.0,2.0,1.0,3.0,1.0,6.0,4.0,4.0,6.0,1.0,1024.0,1024.0,1.0,512.0,4.0,1.0,1.0,1.0,1.0,1.0,1.0,1.0,629630988.0,4067515.3,80031300000.0,121.2734,12160.0,514.0,2752512.0,2561033677044116.5,3.0714289999999997,0.20572920000000003,107.6,165222.4
16000.0,256000.0,256.0,64.0,1.0,38.0,36.0,42.0,1.0,5.0,2.0,2.0,1.0,2.0,3.0,6.0,5.0,4.0,4.0,4.0,4.0,3.0,2.0,2.0,4.0,3.0,4.0,6.0,1.0,5.0,2.0,1.0,1.0,32.0,1.0,6.0,192.0,1.0,1.0,1.0,1.0,1.0,1.0,1.0,5.0,3.0,4.0,1.0,1.0,1.0,1.0,1.0,1.0,1.0,1.0,3.0,2.0,1.0,5.0,3.0,4.0,6.0,64.0,16.0,1.0,1.0,2.0,1.0,128.0,2.0,1.0,1.0,1.0,1.0,4.0,4.0,3.0,5.0,5.0,5.0,2.0,1.0,1.0,6.0,5.0,2.0,5.0,5.0,2.0,1.0,6.0,4.0,2.0,4.0,1.0,1.0,16.0,1.0,8.0,64.0,1.0,1.0,1.0,1.0,2.0,5.0,1.0,4.0,2.0,5.0,2.0,5.0,6.0,6.0,1.0,6.0,6.0,1.0,3.0,3.0,3.0,4.0,8.0,256.0,1.0,512.0,8.0,1.0,1.0,1.0,1.0,1.0,1.0,1.0,1.0,2.0,3.0,1.0,4.0,1.0,5.0,6.0,3.0,4.0,5.0,2.0,2.0,4.0,2.0,2.0,2.0,5.0,16.0,64.0,1.0,8.0,32.0,1.0,1.0,1.0,1.0,1.0,1.0,1.0,1.0,6.0,5.0,2.0,2.0,1.0,4.0,3.0,6.0,1.0,2.0,1.0,6.0,3.0,6.0,6.0,2.0,1.0,512.0,16.0,1.0,64.0,128.0,1.0,1.0,1.0,1.0,1.0,1.0,1.0,62521464.0,15263561.04,17797900.0,0.20792899999999997,42.0,514.0,11092.0,954300182074162.5,33.70393,33.80393,107.6,2354.4
2048.0,1024000.0,256.0,64.0,2.0,8.0,34.0,46.0,4.0,1.0,2.0,5.0,5.0,4.0,2.0,4.0,5.0,2.0,6.0,2.0,6.0,1.0,2.0,3.0,1.0,4.0,1.0,4.0,3.0,4.0,5.0,4.0,64.0,512.0,1.0,1.0,8.0,1.0,1.0,1.0,1.0,1.0,1.0,1.0,6.0,1.0,6.0,3.0,4.0,1.0,5.0,4.0,1.0,4.0,6.0,5.0,3.0,1.0,1.0,1.0,6.0,4.0,1.0,2.0,1.0,64.0,64.0,1.0,8.0,64.0,1.0,1.0,1.0,1.0,5.0,3.0,5.0,4.0,5.0,1.0,5.0,6.0,3.0,2.0,5.0,1.0,2.0,4.0,5.0,6.0,1.0,5.0,2.0,1.0,1.0,64.0,8.0,1.0,16.0,64.0,1.0,1.0,1.0,1.0,1.0,2.0,3.0,2.0,5.0,6.0,2.0,4.0,4.0,4.0,6.0,5.0,6.0,6.0,4.0,4.0,2.0,2.0,32.0,8.0,1.0,2.0,256.0,1.0,1.0,1.0,1.0,1.0,1.0,1.0,1.0,4.0,5.0,4.0,2.0,2.0,4.0,4.0,2.0,4.0,4.0,4.0,1.0,4.0,3.0,3.0,6.0,5.0,8.0,1.0,1.0,2048.0,2048.0,1.0,1.0,1.0,1.0,1.0,1.0,1.0,6.0,6.0,3.0,4.0,2.0,1.0,2.0,1.0,1.0,1.0,6.0,6.0,3.0,3.0,2.0,1.0,6.0,2.0,32.0,2.0,1.0,128.0,32.0,1.0,1.0,1.0,1.0,1.0,1.0,1.0,2517347718.0,10131981.280000001,1848900000.0,8.367268000000001,1564.0,514.0,528640.0,2.5505719954026724e+16,1.0,0.8954008650000002,107.6,28430.4
2048000.0,16000.0,256.0,64.0,1.0,12.0,34.0,24.0,5.0,5.0,6.0,5.0,5.0,1.0,2.0,4.0,3.0,1.0,6.0,1.0,6.0,1.0,2.0,5.0,6.0,6.0,3.0,3.0,4.0,6.0,6.0,4.0,1.0,4.0,1.0,1.0,3.0,1.0,1.0,1.0,1.0,1.0,1.0,1.0,1.0,6.0,6.0,5.0,5.0,1.0,6.0,2.0,4.0,2.0,6.0,1.0,2.0,6.0,4.0,4.0,3.0,4.0,8.0,1.0,1.0,4.0,16.0,1.0,2.0,2.0,1.0,1.0,1.0,1.0,6.0,1.0,2.0,1.0,2.0,1.0,5.0,6.0,2.0,4.0,3.0,3.0,5.0,3.0,6.0,1.0,2.0,3.0,128.0,64.0,1.0,32.0,8.0,1.0,1.0,1.0,1.0,1.0,1.0,1.0,2.0,5.0,3.0,5.0,5.0,4.0,1.0,1.0,4.0,3.0,4.0,2.0,1.0,5.0,2.0,6.0,4.0,3.0,16.0,256.0,1.0,512.0,1.0,1.0,1.0,1.0,1.0,1.0,1.0,1.0,4.0,1.0,1.0,3.0,1.0,2.0,6.0,6.0,1.0,2.0,6.0,5.0,3.0,5.0,3.0,2.0,6.0,3.0,4.0,16.0,1.0,128.0,2.0,1.0,1.0,1.0,1.0,1.0,1.0,1.0,4.0,1.0,1.0,1.0,1.0,5.0,3.0,3.0,4.0,2.0,4.0,4.0,1.0,5.0,3.0,1.0,5.0,2.0,32.0,256.0,1.0,32.0,4.0,1.0,1.0,1.0,1.0,1.0,1.0,1.0,2420637816.0,23554927.92,10268200.0,0.11719359999999998,24.0,514.0,514.0,5.701794927630622e+16,17.266640000000002,17.664690000000004,107.6,181.2
1024.0,64000.0,256.0,64.0,2.0,14.0,4.0,18.0,6.0,3.0,1.0,1.0,4.0,2.0,1.0,5.0,1.0,2.0,1.0,1.0,1.0,6.0,4.0,3.0,4.0,5.0,2.0,6.0,3.0,1.0,3.0,2.0,128.0,2.0,1.0,48.0,4.0,1.0,1.0,1.0,1.0,1.0,1.0,1.0,1.0,4.0,3.0,3.0,3.0,4.0,3.0,4.0,4.0,6.0,2.0,3.0,6.0,2.0,4.0,5.0,6.0,3.0,16.0,16.0,1.0,2.0,8.0,1.0,4.0,16.0,1.0,1.0,1.0,1.0,6.0,5.0,5.0,5.0,5.0,6.0,4.0,6.0,2.0,1.0,2.0,2.0,5.0,5.0,6.0,2.0,1.0,2.0,128.0,2.0,1.0,128.0,4.0,1.0,32.0,32.0,1.0,1.0,1.0,1.0,1.0,1.0,6.0,5.0,1.0,5.0,4.0,6.0,5.0,2.0,2.0,2.0,1.0,6.0,3.0,5.0,1.0,3.0,4.0,4.0,1.0,64.0,8.0,1.0,1.0,1.0,1.0,1.0,1.0,1.0,6.0,6.0,6.0,3.0,6.0,5.0,3.0,1.0,4.0,4.0,1.0,5.0,3.0,1.0,1.0,6.0,5.0,3.0,4.0,64.0,1.0,16.0,512.0,1.0,1.0,1.0,1.0,1.0,1.0,1.0,6.0,3.0,4.0,1.0,5.0,5.0,4.0,5.0,6.0,6.0,4.0,5.0,3.0,1.0,2.0,5.0,2.0,2.0,1.0,2048.0,1.0,128.0,256.0,1.0,1.0,1.0,1.0,1.0,1.0,1.0,629490018.0,6369845.7,31081900.0,0.3506331,72.0,514.0,34816.0,4009754284350222.5,4.0,1.33487085,107.6,3299.2
256000.0,4096000.0,256.0,64.0,3.0,48.0,44.0,42.0,2.0,6.0,2.0,3.0,6.0,2.0,5.0,5.0,5.0,6.0,2.0,5.0,6.0,1.0,4.0,3.0,4.0,1.0,5.0,5.0,5.0,5.0,4.0,1.0,4.0,256.0,1.0,6.0,256.0,1.0,1.0,1.0,1.0,1.0,1.0,1.0,1.0,6.0,4.0,4.0,6.0,4.0,6.0,6.0,4.0,2.0,1.0,4.0,1.0,3.0,3.0,3.0,2.0,6.0,2.0,64.0,1.0,8.0,8.0,1.0,128.0,128.0,1.0,1.0,1.0,1.0,1.0,2.0,2.0,5.0,5.0,3.0,6.0,4.0,5.0,3.0,4.0,1.0,2.0,4.0,6.0,6.0,3.0,2.0,4.0,16.0,1.0,16.0,4.0,1.0,16.0,64.0,1.0,1.0,1.0,1.0,6.0,6.0,2.0,3.0,4.0,4.0,5.0,1.0,5.0,5.0,4.0,5.0,2.0,2.0,6.0,3.0,4.0,5.0,256.0,2.0,1.0,64.0,16.0,1.0,1.0,1.0,1.0,1.0,1.0,1.0,4.0,6.0,1.0,5.0,5.0,3.0,5.0,4.0,5.0,6.0,1.0,6.0,3.0,3.0,2.0,2.0,2.0,5.0,128.0,1.0,1.0,512.0,512.0,1.0,1.0,1.0,1.0,1.0,1.0,1.0,3.0,1.0,6.0,4.0,2.0,3.0,1.0,3.0,5.0,1.0,3.0,2.0,5.0,5.0,4.0,4.0,5.0,2.0,2048.0,2048.0,1.0,64.0,32.0,1.0,1.0,1.0,1.0,1.0,1.0,1.0,437387568.0,3938434.37,4043910000000.0,3856.254,88704.0,514.0,2736128.0,1722622230821912.2,10.9,0.15,107.6,299008.0
4096.0,2048000.0,256.0,64.0,1.0,22.0,12.0,14.0,5.0,2.0,4.0,2.0,5.0,3.0,5.0,1.0,2.0,3.0,2.0,4.0,3.0,1.0,5.0,4.0,1.0,4.0,1.0,4.0,5.0,3.0,5.0,4.0,2.0,256.0,1.0,6.0,128.0,1.0,1.0,1.0,1.0,1.0,1.0,1.0,6.0,3.0,4.0,6.0,1.0,2.0,1.0,6.0,3.0,4.0,5.0,2.0,5.0,4.0,2.0,3.0,6.0,2.0,32.0,8.0,1.0,64.0,16.0,1.0,128.0,8.0,1.0,1.0,1.0,1.0,2.0,2.0,5.0,1.0,6.0,3.0,4.0,4.0,2.0,3.0,3.0,3.0,2.0,4.0,6.0,5.0,4.0,6.0,64.0,1.0,1.0,8.0,8.0,1.0,8.0,1.0,1.0,1.0,1.0,1.0,5.0,5.0,3.0,1.0,1.0,5.0,2.0,2.0,6.0,3.0,2.0,4.0,4.0,5.0,5.0,1.0,3.0,4.0,8.0,512.0,1.0,32.0,32.0,1.0,1.0,1.0,1.0,1.0,1.0,1.0,2.0,6.0,6.0,4.0,1.0,4.0,6.0,1.0,3.0,6.0,6.0,5.0,2.0,3.0,2.0,3.0,6.0,5.0,512.0,4.0,1.0,64.0,4.0,1.0,1.0,1.0,1.0,1.0,1.0,1.0,5.0,6.0,1.0,3.0,1.0,6.0,5.0,1.0,4.0,5.0,5.0,6.0,2.0,4.0,5.0,6.0,5.0,5.0,4.0,256.0,1.0,1.0,2.0,1.0,1.0,1.0,1.0,1.0,1.0,1.0,182059296.0,16580297.520000001,6228620.0,0.07343496,14.0,514.0,3868.0,3018597293961746.0,13.012270000000001,17.53678,107.6,820.0
32000.0,32000000.0,256.0,64.0,2.0,36.0,38.0,22.0,2.0,4.0,3.0,6.0,1.0,2.0,5.0,2.0,3.0,3.0,2.0,4.0,3.0,5.0,4.0,6.0,6.0,5.0,2.0,4.0,4.0,5.0,5.0,2.0,256.0,64.0,1.0,16.0,1.0,1.0,1.0,1.0,1.0,1.0,1.0,1.0,5.0,3.0,2.0,2.0,4.0,1.0,4.0,5.0,1.0,3.0,5.0,5.0,4.0,4.0,3.0,4.0,2.0,2.0,64.0,32.0,1.0,64.0,4.0,1.0,16.0,64.0,1.0,1.0,1.0,1.0,6.0,3.0,2.0,6.0,4.0,6.0,4.0,6.0,4.0,2.0,1.0,6.0,6.0,6.0,2.0,4.0,2.0,1.0,1.0,128.0,1.0,4.0,64.0,1.0,1.0,2.0,1.0,1.0,1.0,1.0,1.0,1.0,3.0,6.0,1.0,1.0,3.0,5.0,1.0,5.0,1.0,2.0,1.0,1.0,6.0,2.0,5.0,3.0,128.0,256.0,1.0,16.0,64.0,1.0,1.0,1.0,1.0,1.0,1.0,1.0,6.0,1.0,1.0,6.0,4.0,1.0,4.0,2.0,2.0,6.0,5.0,3.0,2.0,1.0,5.0,5.0,3.0,1.0,8.0,512.0,1.0,8.0,1024.0,1.0,1.0,1.0,1.0,1.0,1.0,1.0,6.0,4.0,3.0,1.0,6.0,1.0,1.0,1.0,2.0,2.0,2.0,2.0,2.0,3.0,5.0,1.0,4.0,1.0,64.0,2.0,1.0,512.0,8.0,1.0,1.0,1.0,1.0,1.0,1.0,1.0,856229472.0,8933936.079999998,678455000.0,4.1693065,836.0,514.0,40960.0,7649499372660148.0,4.85,1.5234121000000003,107.6,3797.6
32000.0,4096000.0,256.0,64.0,2.0,44.0,6.0,2.0,3.0,1.0,2.0,2.0,6.0,2.0,6.0,5.0,2.0,2.0,6.0,6.0,4.0,6.0,5.0,4.0,3.0,4.0,6.0,4.0,5.0,5.0,5.0,2.0,32.0,32.0,1.0,12.0,64.0,1.0,1.0,1.0,1.0,1.0,1.0,1.0,2.0,4.0,3.0,6.0,6.0,5.0,5.0,2.0,2.0,5.0,1.0,1.0,4.0,3.0,1.0,6.0,5.0,4.0,1.0,8.0,1.0,1.0,32.0,1.0,128.0,64.0,1.0,1.0,1.0,1.0,4.0,1.0,3.0,5.0,5.0,2.0,1.0,4.0,2.0,3.0,3.0,5.0,2.0,6.0,3.0,3.0,6.0,4.0,128.0,64.0,1.0,16.0,64.0,1.0,32.0,1.0,1.0,1.0,1.0,1.0,5.0,2.0,6.0,6.0,3.0,1.0,6.0,3.0,5.0,4.0,4.0,1.0,6.0,6.0,2.0,3.0,6.0,5.0,256.0,256.0,1.0,2.0,2.0,1.0,1.0,1.0,1.0,1.0,1.0,1.0,3.0,4.0,2.0,2.0,1.0,3.0,6.0,1.0,1.0,5.0,3.0,5.0,2.0,1.0,2.0,1.0,5.0,2.0,512.0,1.0,1.0,2048.0,16.0,1.0,1.0,1.0,1.0,1.0,1.0,1.0,3.0,2.0,4.0,1.0,6.0,5.0,1.0,2.0,4.0,5.0,6.0,5.0,5.0,4.0,1.0,2.0,5.0,3.0,512.0,8.0,1.0,1.0,4.0,1.0,1.0,1.0,1.0,1.0,1.0,1.0,1688943804.0,12221466.399999999,5439450.0,0.07961824,12.0,514.0,67072.0,2.0641369952074184e+16,1.55,1.00680675,107.6,5276.8
256000.0,16000.0,256.0,64.0,1.0,18.0,42.0,28.0,1.0,4.0,3.0,1.0,1.0,4.0,4.0,1.0,2.0,6.0,4.0,2.0,4.0,5.0,6.0,2.0,5.0,2.0,2.0,4.0,6.0,4.0,3.0,3.0,256.0,512.0,1.0,384.0,64.0,1.0,1.0,1.0,1.0,1.0,1.0,1.0,2.0,3.0,1.0,5.0,2.0,1.0,6.0,6.0,6.0,5.0,1.0,4.0,5.0,6.0,2.0,3.0,3.0,5.0,8.0,4.0,1.0,1.0,32.0,1.0,16.0,16.0,1.0,1.0,1.0,1.0,3.0,1.0,4.0,4.0,1.0,5.0,6.0,5.0,5.0,4.0,5.0,4.0,4.0,1.0,6.0,6.0,6.0,2.0,32.0,64.0,1.0,128.0,8.0,1.0,64.0,32.0,1.0,1.0,1.0,1.0,1.0,3.0,6.0,5.0,5.0,5.0,4.0,5.0,3.0,4.0,1.0,4.0,2.0,3.0,3.0,5.0,6.0,1.0,1.0,512.0,1.0,128.0,1.0,1.0,1.0,1.0,1.0,1.0,1.0,1.0,4.0,4.0,6.0,6.0,1.0,6.0,1.0,4.0,5.0,3.0,5.0,6.0,3.0,3.0,6.0,3.0,2.0,6.0,64.0,1.0,1.0,64.0,64.0,1.0,1.0,1.0,1.0,1.0,1.0,1.0,2.0,5.0,2.0,6.0,6.0,1.0,4.0,3.0,1.0,4.0,3.0,4.0,1.0,4.0,5.0,6.0,5.0,6.0,4.0,1.0,1.0,1.0,64.0,1.0,1.0,1.0,1.0,1.0,1.0,1.0,92012664.0,15374526.719999999,11913400.0,0.1404782,28.0,514.0,7480.0,1414651161246382.0,25.95489000000001,26.037370000000003,107.6,1587.2
128000.0,16000.0,256.0,64.0,1.0,26.0,48.0,46.0,2.0,1.0,1.0,2.0,5.0,1.0,2.0,6.0,3.0,4.0,3.0,2.0,4.0,6.0,5.0,3.0,5.0,3.0,2.0,6.0,3.0,4.0,2.0,1.0,512.0,32.0,1.0,1536.0,3.0,1.0,1.0,1.0,1.0,1.0,1.0,1.0,3.0,5.0,3.0,5.0,2.0,6.0,5.0,1.0,3.0,2.0,1.0,6.0,4.0,6.0,4.0,5.0,1.0,6.0,16.0,8.0,1.0,4.0,64.0,1.0,32.0,1.0,1.0,1.0,1.0,1.0,5.0,2.0,1.0,6.0,6.0,5.0,2.0,6.0,3.0,4.0,4.0,4.0,3.0,3.0,1.0,3.0,3.0,4.0,16.0,128.0,1.0,2.0,2.0,1.0,4.0,64.0,1.0,1.0,1.0,1.0,2.0,1.0,3.0,5.0,3.0,3.0,4.0,4.0,6.0,4.0,6.0,1.0,5.0,6.0,6.0,5.0,3.0,2.0,32.0,4.0,1.0,16.0,64.0,1.0,1.0,1.0,1.0,1.0,1.0,1.0,4.0,2.0,6.0,3.0,2.0,4.0,6.0,4.0,3.0,6.0,3.0,6.0,3.0,5.0,2.0,4.0,6.0,1.0,16.0,4.0,1.0,16.0,32.0,1.0,1.0,1.0,1.0,1.0,1.0,1.0,5.0,6.0,2.0,3.0,3.0,2.0,5.0,2.0,4.0,4.0,3.0,3.0,1.0,4.0,2.0,2.0,3.0,2.0,64.0,2048.0,1.0,32.0,32.0,1.0,1.0,1.0,1.0,1.0,1.0,1.0,2516582520.0,26579877.6,19514700.0,0.21872460000000002,46.0,514.0,514.0,6.689045535189955e+16,1.0,1.004684,107.6,107.6
16000.0,32000.0,256.0,64.0,1.0,24.0,48.0,2.0,3.0,6.0,6.0,5.0,2.0,4.0,2.0,2.0,6.0,1.0,5.0,6.0,2.0,3.0,2.0,5.0,5.0,4.0,1.0,4.0,1.0,4.0,6.0,2.0,1.0,32.0,1.0,768.0,16.0,1.0,1.0,1.0,1.0,1.0,1.0,1.0,5.0,4.0,5.0,1.0,2.0,6.0,3.0,4.0,6.0,3.0,6.0,5.0,3.0,1.0,5.0,5.0,3.0,5.0,8.0,64.0,1.0,64.0,2.0,1.0,32.0,8.0,1.0,1.0,1.0,1.0,1.0,4.0,5.0,3.0,2.0,6.0,3.0,5.0,3.0,5.0,1.0,2.0,4.0,2.0,1.0,6.0,3.0,5.0,64.0,8.0,1.0,32.0,4.0,1.0,1.0,32.0,1.0,1.0,1.0,1.0,5.0,2.0,1.0,3.0,3.0,4.0,2.0,5.0,3.0,3.0,5.0,2.0,2.0,5.0,6.0,1.0,6.0,2.0,512.0,16.0,1.0,16.0,16.0,1.0,1.0,1.0,1.0,1.0,1.0,1.0,2.0,1.0,2.0,4.0,1.0,5.0,1.0,4.0,5.0,5.0,6.0,2.0,2.0,1.0,4.0,5.0,5.0,2.0,4.0,256.0,1.0,1024.0,2.0,1.0,1.0,1.0,1.0,1.0,1.0,1.0,2.0,1.0,5.0,4.0,5.0,3.0,2.0,6.0,3.0,2.0,2.0,3.0,2.0,4.0,3.0,6.0,6.0,4.0,512.0,16.0,1.0,128.0,64.0,1.0,1.0,1.0,1.0,1.0,1.0,1.0,1258291320.0,18961793.28,1518290.0,0.01601062,2.0,514.0,772.0,2.3859459895858332e+16,2.0,2.006248,107.6,162.4
32000.0,8192000.0,256.0,64.0,3.0,4.0,8.0,6.0,5.0,2.0,2.0,1.0,4.0,6.0,6.0,1.0,6.0,5.0,5.0,5.0,6.0,3.0,3.0,6.0,2.0,3.0,2.0,1.0,4.0,6.0,4.0,3.0,512.0,1.0,1.0,2.0,12.0,1.0,1.0,1.0,1.0,1.0,1.0,1.0,5.0,1.0,4.0,2.0,6.0,1.0,6.0,6.0,1.0,1.0,1.0,2.0,1.0,3.0,1.0,5.0,2.0,4.0,4.0,1.0,1.0,64.0,128.0,1.0,32.0,64.0,1.0,1.0,1.0,1.0,4.0,1.0,5.0,3.0,5.0,6.0,6.0,4.0,3.0,4.0,4.0,2.0,3.0,6.0,3.0,6.0,6.0,3.0,1.0,2.0,1.0,8.0,64.0,1.0,1.0,1.0,1.0,1.0,1.0,1.0,5.0,6.0,6.0,3.0,6.0,4.0,4.0,3.0,5.0,3.0,6.0,1.0,5.0,3.0,6.0,4.0,3.0,5.0,4.0,256.0,1.0,128.0,1.0,1.0,1.0,1.0,1.0,1.0,1.0,1.0,4.0,1.0,3.0,2.0,5.0,5.0,2.0,3.0,5.0,3.0,2.0,6.0,5.0,4.0,5.0,5.0,2.0,4.0,512.0,16.0,1.0,1.0,32.0,1.0,1.0,1.0,1.0,1.0,1.0,1.0,2.0,5.0,2.0,6.0,1.0,6.0,2.0,6.0,6.0,5.0,5.0,2.0,3.0,5.0,3.0,3.0,2.0,1.0,256.0,1024.0,1.0,256.0,2.0,1.0,1.0,1.0,1.0,1.0,1.0,1.0,444403008.0,4308632.94,93466100.0,1.1603404,192.0,514.0,851968.0,1914769438903883.8,3.8,1.058986125,107.6,74036.8
256.0,2048000.0,256.0,64.0,3.0,36.0,42.0,42.0,5.0,6.0,6.0,1.0,1.0,4.0,5.0,2.0,6.0,1.0,4.0,5.0,6.0,3.0,4.0,4.0,4.0,1.0,6.0,2.0,5.0,6.0,1.0,4.0,256.0,64.0,1.0,24.0,16.0,1.0,1.0,1.0,1.0,1.0,1.0,1.0,1.0,4.0,5.0,5.0,3.0,4.0,1.0,4.0,4.0,4.0,5.0,1.0,3.0,5.0,2.0,1.0,5.0,3.0,4.0,8.0,1.0,2.0,64.0,1.0,32.0,128.0,1.0,1.0,1.0,1.0,3.0,1.0,6.0,6.0,3.0,5.0,1.0,5.0,4.0,5.0,5.0,3.0,1.0,6.0,5.0,5.0,6.0,6.0,128.0,4.0,1.0,128.0,64.0,1.0,16.0,1.0,1.0,1.0,1.0,1.0,3.0,5.0,6.0,4.0,6.0,6.0,6.0,1.0,6.0,4.0,4.0,5.0,1.0,6.0,6.0,1.0,2.0,4.0,16.0,256.0,1.0,16.0,64.0,1.0,1.0,1.0,1.0,1.0,1.0,1.0,2.0,4.0,5.0,3.0,5.0,6.0,4.0,4.0,5.0,1.0,5.0,4.0,6.0,6.0,5.0,2.0,4.0,1.0,64.0,128.0,1.0,64.0,64.0,1.0,1.0,1.0,1.0,1.0,1.0,1.0,6.0,5.0,2.0,1.0,1.0,1.0,3.0,3.0,5.0,3.0,1.0,6.0,1.0,4.0,6.0,6.0,1.0,5.0,2.0,2048.0,1.0,64.0,256.0,1.0,1.0,1.0,1.0,1.0,1.0,1.0,206787768.0,3947882.4800000004,2079550000000.0,2059.7925,63504.0,514.0,2686976.0,816373806365504.8,147.4,2.0625,107.6,270745.6
8192.0,8192000.0,256.0,64.0,2.0,26.0,44.0,34.0,4.0,5.0,5.0,6.0,6.0,5.0,3.0,5.0,6.0,5.0,2.0,4.0,4.0,2.0,6.0,2.0,2.0,2.0,5.0,3.0,3.0,4.0,3.0,6.0,256.0,16.0,1.0,384.0,192.0,1.0,1.0,1.0,1.0,1.0,1.0,1.0,5.0,1.0,6.0,6.0,4.0,1.0,4.0,2.0,4.0,1.0,4.0,1.0,6.0,2.0,6.0,1.0,1.0,6.0,64.0,1.0,1.0,2.0,16.0,1.0,1.0,16.0,1.0,1.0,1.0,1.0,2.0,6.0,4.0,2.0,3.0,4.0,2.0,1.0,2.0,6.0,3.0,1.0,5.0,6.0,5.0,5.0,2.0,2.0,16.0,8.0,1.0,64.0,128.0,1.0,1.0,2.0,1.0,1.0,1.0,1.0,4.0,3.0,4.0,1.0,1.0,1.0,1.0,6.0,6.0,1.0,4.0,5.0,6.0,4.0,3.0,2.0,6.0,1.0,1.0,4.0,1.0,512.0,4.0,1.0,1.0,1.0,1.0,1.0,1.0,1.0,6.0,1.0,1.0,6.0,2.0,1.0,4.0,1.0,3.0,6.0,2.0,6.0,4.0,2.0,6.0,5.0,5.0,3.0,128.0,4.0,1.0,32.0,64.0,1.0,1.0,1.0,1.0,1.0,1.0,1.0,1.0,6.0,2.0,3.0,4.0,2.0,2.0,1.0,2.0,4.0,1.0,2.0,3.0,6.0,4.0,3.0,4.0,1.0,8.0,32.0,1.0,8.0,8.0,1.0,1.0,1.0,1.0,1.0,1.0,1.0,2542389102.0,7028645.02,1716650000.0,7.879794000000002,1496.0,514.0,59392.0,1.786955050067457e+16,1.0,0.5644195249999999,107.6,4190.0
512000.0,512000.0,256.0,64.0,1.0,34.0,42.0,48.0,2.0,2.0,1.0,6.0,4.0,6.0,1.0,6.0,5.0,2.0,2.0,1.0,4.0,1.0,2.0,5.0,3.0,5.0,4.0,4.0,1.0,4.0,2.0,6.0,1.0,2.0,1.0,3.0,1.0,1.0,1.0,1.0,1.0,1.0,1.0,1.0,5.0,1.0,6.0,2.0,6.0,1.0,1.0,4.0,3.0,5.0,5.0,2.0,2.0,6.0,4.0,4.0,6.0,1.0,4.0,2.0,1.0,2.0,8.0,1.0,1.0,128.0,1.0,1.0,1.0,1.0,5.0,5.0,2.0,5.0,2.0,4.0,2.0,3.0,1.0,5.0,2.0,6.0,5.0,1.0,5.0,5.0,2.0,4.0,128.0,1.0,1.0,2.0,1.0,1.0,16.0,32.0,1.0,1.0,1.0,1.0,1.0,6.0,2.0,2.0,2.0,6.0,6.0,5.0,6.0,1.0,6.0,6.0,5.0,5.0,5.0,4.0,2.0,5.0,64.0,8.0,1.0,16.0,256.0,1.0,1.0,1.0,1.0,1.0,1.0,1.0,2.0,5.0,4.0,1.0,5.0,4.0,5.0,5.0,6.0,3.0,3.0,3.0,6.0,2.0,3.0,6.0,4.0,2.0,256.0,2.0,1.0,2048.0,1.0,1.0,1.0,1.0,1.0,1.0,1.0,1.0,4.0,5.0,3.0,5.0,2.0,2.0,2.0,4.0,3.0,6.0,2.0,3.0,5.0,3.0,6.0,5.0,5.0,6.0,512.0,1.0,1.0,128.0,1.0,1.0,1.0,1.0,1.0,1.0,1.0,1.0,2516582520.0,15564282.0,20379700.0,0.2280036,48.0,514.0,514.0,3.916880001755064e+16,1.0,1.393801,107.6,107.6
128000.0,16000000.0,256.0,64.0,3.0,48.0,26.0,16.0,5.0,2.0,2.0,2.0,4.0,2.0,1.0,6.0,3.0,3.0,3.0,5.0,6.0,1.0,6.0,5.0,1.0,2.0,5.0,2.0,6.0,6.0,2.0,5.0,16.0,2.0,1.0,32.0,384.0,1.0,1.0,1.0,1.0,1.0,1.0,1.0,5.0,5.0,5.0,2.0,1.0,4.0,3.0,5.0,5.0,4.0,2.0,3.0,4.0,3.0,6.0,5.0,4.0,6.0,16.0,16.0,1.0,64.0,2.0,1.0,32.0,64.0,1.0,1.0,1.0,1.0,3.0,4.0,2.0,6.0,2.0,4.0,4.0,1.0,4.0,2.0,3.0,6.0,1.0,1.0,2.0,4.0,3.0,1.0,2.0,1.0,1.0,2.0,2.0,1.0,8.0,16.0,1.0,1.0,1.0,1.0,1.0,4.0,6.0,3.0,1.0,4.0,2.0,2.0,5.0,5.0,6.0,2.0,2.0,2.0,2.0,1.0,5.0,2.0,4.0,4.0,1.0,4.0,512.0,1.0,1.0,1.0,1.0,1.0,1.0,1.0,5.0,2.0,2.0,1.0,2.0,1.0,1.0,4.0,1.0,5.0,1.0,2.0,6.0,3.0,4.0,4.0,6.0,3.0,512.0,32.0,1.0,1.0,2048.0,1.0,1.0,1.0,1.0,1.0,1.0,1.0,2.0,4.0,4.0,4.0,5.0,6.0,4.0,6.0,2.0,5.0,1.0,4.0,3.0,1.0,5.0,6.0,2.0,3.0,1.0,1024.0,1.0,256.0,16.0,1.0,1.0,1.0,1.0,1.0,1.0,1.0,840498600.0,4005097.8,210872000000.0,267.4808,19968.0,514.0,2752512.0,3366279093763080.0,64.58335000000001,9.61952,107.6,280755.2
8192.0,32000.0,256.0,64.0,3.0,20.0,32.0,32.0,5.0,2.0,3.0,5.0,4.0,5.0,4.0,6.0,5.0,2.0,1.0,5.0,2.0,3.0,5.0,4.0,4.0,6.0,2.0,5.0,4.0,6.0,6.0,1.0,4.0,32.0,1.0,256.0,512.0,1.0,1.0,1.0,1.0,1.0,1.0,1.0,3.0,3.0,5.0,5.0,6.0,6.0,4.0,4.0,4.0,4.0,1.0,5.0,3.0,3.0,4.0,5.0,2.0,4.0,8.0,8.0,1.0,16.0,16.0,1.0,1.0,16.0,1.0,1.0,1.0,1.0,2.0,5.0,4.0,1.0,6.0,2.0,1.0,1.0,4.0,3.0,2.0,3.0,5.0,5.0,3.0,3.0,6.0,5.0,4.0,64.0,1.0,8.0,64.0,1.0,8.0,8.0,1.0,1.0,1.0,1.0,4.0,4.0,2.0,3.0,6.0,5.0,4.0,2.0,3.0,6.0,4.0,6.0,4.0,4.0,2.0,4.0,4.0,6.0,2.0,64.0,1.0,8.0,128.0,1.0,1.0,1.0,1.0,1.0,1.0,1.0,4.0,5.0,3.0,3.0,5.0,6.0,6.0,4.0,5.0,6.0,4.0,6.0,4.0,3.0,2.0,3.0,6.0,3.0,64.0,256.0,1.0,2.0,8.0,1.0,1.0,1.0,1.0,1.0,1.0,1.0,5.0,2.0,6.0,6.0,5.0,5.0,4.0,6.0,2.0,1.0,4.0,1.0,3.0,3.0,3.0,4.0,4.0,4.0,8.0,256.0,1.0,512.0,8.0,1.0,1.0,1.0,1.0,1.0,1.0,1.0,597985146.0,3907541.8599999994,221623000000.0,278.65855,20480.0,514.0,2752512.0,2336651989653211.0,5.7,0.1876953125,107.6,208384.0
4096.0,16000.0,256.0,64.0,2.0,40.0,40.0,18.0,5.0,4.0,3.0,4.0,3.0,4.0,6.0,2.0,6.0,1.0,5.0,1.0,3.0,5.0,6.0,4.0,5.0,3.0,2.0,4.0,2.0,4.0,2.0,6.0,32.0,4.0,1.0,4.0,3.0,1.0,1.0,1.0,1.0,1.0,1.0,1.0,3.0,5.0,2.0,1.0,3.0,2.0,3.0,1.0,2.0,5.0,4.0,6.0,5.0,1.0,1.0,3.0,2.0,1.0,8.0,64.0,1.0,128.0,2.0,1.0,32.0,64.0,1.0,1.0,1.0,1.0,4.0,3.0,6.0,6.0,4.0,2.0,2.0,2.0,3.0,4.0,3.0,2.0,6.0,3.0,2.0,3.0,1.0,3.0,8.0,64.0,1.0,32.0,2.0,1.0,4.0,1.0,1.0,1.0,1.0,1.0,3.0,2.0,6.0,5.0,5.0,1.0,6.0,2.0,1.0,6.0,3.0,5.0,2.0,5.0,2.0,2.0,4.0,5.0,512.0,8.0,1.0,512.0,16.0,1.0,1.0,1.0,1.0,1.0,1.0,1.0,4.0,4.0,4.0,6.0,4.0,4.0,5.0,6.0,4.0,1.0,4.0,6.0,3.0,3.0,1.0,5.0,5.0,1.0,2.0,2.0,1.0,16.0,64.0,1.0,1.0,1.0,1.0,1.0,1.0,1.0,4.0,1.0,6.0,3.0,2.0,4.0,3.0,5.0,6.0,5.0,3.0,4.0,6.0,6.0,2.0,4.0,3.0,4.0,128.0,2.0,1.0,4.0,128.0,1.0,1.0,1.0,1.0,1.0,1.0,1.0,18140862.0,5969885.42,541863000.0,3.5834504999999996,720.0,514.0,96256.0,108298867560032.03,86.73405,16.648945000000005,107.6,11512.0
2048000.0,512000.0,256.0,64.0,1.0,32.0,26.0,34.0,1.0,5.0,5.0,1.0,6.0,3.0,1.0,6.0,4.0,3.0,6.0,1.0,5.0,5.0,3.0,5.0,4.0,3.0,3.0,2.0,1.0,3.0,4.0,5.0,1.0,128.0,1.0,256.0,8.0,1.0,1.0,1.0,1.0,1.0,1.0,1.0,6.0,4.0,2.0,4.0,5.0,6.0,1.0,1.0,2.0,4.0,6.0,6.0,3.0,2.0,2.0,3.0,3.0,2.0,16.0,2.0,1.0,2.0,32.0,1.0,8.0,16.0,1.0,1.0,1.0,1.0,3.0,3.0,5.0,3.0,1.0,2.0,5.0,6.0,6.0,1.0,5.0,6.0,3.0,4.0,6.0,4.0,3.0,5.0,128.0,32.0,1.0,16.0,2.0,1.0,1.0,64.0,1.0,1.0,1.0,1.0,2.0,5.0,4.0,5.0,4.0,2.0,6.0,5.0,2.0,5.0,5.0,4.0,3.0,4.0,6.0,3.0,2.0,6.0,8.0,8.0,1.0,64.0,1.0,1.0,1.0,1.0,1.0,1.0,1.0,1.0,3.0,1.0,2.0,5.0,5.0,3.0,6.0,5.0,6.0,6.0,2.0,4.0,4.0,2.0,6.0,6.0,1.0,2.0,8.0,32.0,1.0,16.0,1024.0,1.0,1.0,1.0,1.0,1.0,1.0,1.0,5.0,3.0,2.0,1.0,6.0,5.0,2.0,1.0,2.0,6.0,3.0,2.0,6.0,1.0,6.0,3.0,2.0,2.0,1024.0,2.0,1.0,256.0,512.0,1.0,1.0,1.0,1.0,1.0,1.0,1.0,2516582520.0,16501958.4,14410000.0,0.1631262,34.0,514.0,514.0,4.152854005520717e+16,1.0,1.3972900000000001,107.6,107.6
8192.0,16000000.0,256.0,64.0,3.0,24.0,8.0,12.0,1.0,5.0,6.0,2.0,6.0,3.0,3.0,1.0,2.0,4.0,2.0,2.0,3.0,5.0,1.0,4.0,5.0,1.0,3.0,5.0,4.0,6.0,1.0,4.0,512.0,2.0,1.0,48.0,192.0,1.0,1.0,1.0,1.0,1.0,1.0,1.0,1.0,6.0,3.0,3.0,1.0,1.0,1.0,5.0,3.0,1.0,6.0,3.0,2.0,4.0,5.0,2.0,1.0,1.0,8.0,64.0,1.0,16.0,8.0,1.0,1.0,64.0,1.0,1.0,1.0,1.0,5.0,1.0,1.0,4.0,5.0,1.0,5.0,6.0,2.0,4.0,2.0,2.0,3.0,1.0,4.0,6.0,3.0,4.0,8.0,64.0,1.0,8.0,1.0,1.0,8.0,2.0,1.0,1.0,1.0,1.0,2.0,2.0,4.0,6.0,3.0,4.0,1.0,1.0,4.0,4.0,3.0,6.0,1.0,4.0,3.0,6.0,3.0,2.0,2.0,32.0,1.0,512.0,128.0,1.0,1.0,1.0,1.0,1.0,1.0,1.0,2.0,3.0,6.0,6.0,4.0,4.0,2.0,5.0,4.0,3.0,1.0,4.0,6.0,2.0,4.0,3.0,5.0,1.0,1.0,1.0,1.0,1.0,128.0,1.0,1.0,1.0,1.0,1.0,1.0,1.0,3.0,1.0,4.0,2.0,6.0,2.0,2.0,3.0,2.0,2.0,2.0,6.0,4.0,4.0,6.0,2.0,2.0,1.0,1.0,1024.0,1.0,128.0,512.0,1.0,1.0,1.0,1.0,1.0,1.0,1.0,958838706.0,7409145.84,3592270000.0,13.320230000000002,2304.0,514.0,1441792.0,7104175809790883.0,11.413640000000003,0.15272215000000003,107.6,114304.0
16000.0,128000.0,256.0,64.0,3.0,16.0,38.0,32.0,2.0,5.0,4.0,5.0,3.0,2.0,3.0,3.0,5.0,6.0,4.0,4.0,4.0,5.0,3.0,5.0,4.0,2.0,2.0,1.0,1.0,6.0,2.0,1.0,32.0,256.0,1.0,2.0,16.0,1.0,1.0,1.0,1.0,1.0,1.0,1.0,3.0,1.0,4.0,2.0,3.0,3.0,2.0,4.0,4.0,6.0,4.0,2.0,2.0,5.0,5.0,1.0,4.0,1.0,64.0,8.0,1.0,1.0,2.0,1.0,4.0,4.0,1.0,1.0,1.0,1.0,1.0,6.0,4.0,2.0,3.0,5.0,4.0,1.0,3.0,6.0,5.0,2.0,1.0,4.0,3.0,6.0,2.0,5.0,2.0,16.0,1.0,1.0,64.0,1.0,1.0,1.0,1.0,1.0,1.0,1.0,3.0,2.0,5.0,2.0,4.0,6.0,1.0,3.0,4.0,6.0,2.0,2.0,4.0,2.0,3.0,6.0,2.0,3.0,128.0,32.0,1.0,16.0,16.0,1.0,1.0,1.0,1.0,1.0,1.0,1.0,1.0,4.0,3.0,4.0,4.0,2.0,5.0,1.0,5.0,4.0,2.0,5.0,2.0,1.0,2.0,2.0,5.0,3.0,128.0,16.0,1.0,2.0,2048.0,1.0,1.0,1.0,1.0,1.0,1.0,1.0,2.0,6.0,4.0,2.0,5.0,5.0,3.0,6.0,4.0,4.0,5.0,2.0,2.0,4.0,5.0,6.0,1.0,2.0,8.0,1.0,1.0,32.0,128.0,1.0,1.0,1.0,1.0,1.0,1.0,1.0,1095894168.0,4514751.56,200388000000.0,255.6053,19456.0,514.0,1081344.0,4947689904572902.0,28.25,4.940430699999999,107.6,84441.6
4096.0,16000000.0,256.0,64.0,2.0,36.0,42.0,22.0,6.0,1.0,3.0,6.0,6.0,6.0,3.0,1.0,3.0,4.0,6.0,2.0,4.0,2.0,3.0,6.0,5.0,1.0,1.0,5.0,1.0,4.0,2.0,1.0,128.0,256.0,1.0,128.0,32.0,1.0,1.0,1.0,1.0,1.0,1.0,1.0,5.0,6.0,6.0,4.0,6.0,6.0,1.0,1.0,1.0,6.0,3.0,1.0,3.0,1.0,4.0,5.0,3.0,1.0,8.0,32.0,1.0,2.0,128.0,1.0,1.0,16.0,1.0,1.0,1.0,1.0,4.0,5.0,5.0,6.0,1.0,4.0,6.0,1.0,6.0,2.0,5.0,3.0,6.0,4.0,2.0,5.0,2.0,4.0,128.0,1.0,1.0,4.0,64.0,1.0,64.0,16.0,1.0,1.0,1.0,1.0,2.0,6.0,6.0,3.0,4.0,4.0,4.0,2.0,4.0,3.0,2.0,1.0,4.0,6.0,6.0,4.0,3.0,2.0,16.0,16.0,1.0,256.0,32.0,1.0,1.0,1.0,1.0,1.0,1.0,1.0,1.0,5.0,6.0,6.0,3.0,6.0,1.0,5.0,6.0,4.0,5.0,5.0,6.0,6.0,1.0,1.0,1.0,2.0,16.0,128.0,1.0,512.0,32.0,1.0,1.0,1.0,1.0,1.0,1.0,1.0,3.0,2.0,2.0,4.0,2.0,3.0,2.0,2.0,3.0,5.0,3.0,2.0,2.0,5.0,4.0,6.0,3.0,6.0,2.0,1024.0,1.0,64.0,1.0,1.0,1.0,1.0,1.0,1.0,1.0,1.0,210478962.0,4082867.9399999995,791244000.0,4.7245415,924.0,514.0,172032.0,859357805994278.1,21.448,2.5203290149999997,107.6,27779.6
32000.0,8192000.0,256.0,64.0,1.0,44.0,4.0,24.0,5.0,2.0,2.0,5.0,1.0,1.0,6.0,3.0,2.0,2.0,3.0,3.0,2.0,1.0,2.0,3.0,3.0,1.0,3.0,6.0,1.0,2.0,2.0,3.0,8.0,1.0,1.0,16.0,512.0,1.0,1.0,1.0,1.0,1.0,1.0,1.0,5.0,4.0,4.0,3.0,4.0,4.0,5.0,6.0,4.0,3.0,5.0,3.0,1.0,6.0,5.0,4.0,5.0,1.0,8.0,4.0,1.0,4.0,2.0,1.0,32.0,128.0,1.0,1.0,1.0,1.0,5.0,4.0,4.0,2.0,1.0,1.0,1.0,2.0,2.0,4.0,1.0,5.0,3.0,1.0,4.0,2.0,1.0,1.0,64.0,1.0,1.0,8.0,16.0,1.0,4.0,8.0,1.0,1.0,1.0,1.0,6.0,5.0,6.0,4.0,3.0,1.0,5.0,4.0,5.0,6.0,1.0,1.0,5.0,1.0,5.0,4.0,2.0,5.0,256.0,1.0,1.0,1.0,4.0,1.0,1.0,1.0,1.0,1.0,1.0,1.0,1.0,1.0,5.0,4.0,5.0,4.0,2.0,5.0,3.0,3.0,2.0,3.0,1.0,3.0,6.0,1.0,6.0,1.0,512.0,32.0,1.0,512.0,1.0,1.0,1.0,1.0,1.0,1.0,1.0,1.0,5.0,2.0,1.0,4.0,5.0,3.0,1.0,3.0,4.0,6.0,1.0,1.0,2.0,3.0,1.0,1.0,1.0,4.0,256.0,256.0,1.0,256.0,2.0,1.0,1.0,1.0,1.0,1.0,1.0,1.0,107741592.0,15142535.040000003,10268800.0,0.12128799999999998,24.0,514.0,6448.0,1631480832125384.0,21.748245000000004,25.9334035,107.6,1368.0
2048.0,16000.0,256.0,64.0,2.0,36.0,16.0,22.0,1.0,6.0,1.0,4.0,1.0,2.0,5.0,2.0,4.0,6.0,6.0,3.0,3.0,6.0,1.0,4.0,6.0,3.0,3.0,3.0,4.0,4.0,2.0,5.0,256.0,2.0,1.0,384.0,24.0,1.0,1.0,1.0,1.0,1.0,1.0,1.0,5.0,2.0,1.0,4.0,6.0,4.0,2.0,1.0,2.0,5.0,2.0,3.0,1.0,3.0,1.0,5.0,2.0,4.0,16.0,8.0,1.0,8.0,16.0,1.0,1.0,16.0,1.0,1.0,1.0,1.0,4.0,5.0,2.0,2.0,1.0,1.0,2.0,6.0,3.0,5.0,6.0,3.0,1.0,2.0,2.0,6.0,5.0,1.0,2.0,1.0,1.0,8.0,128.0,1.0,4.0,16.0,1.0,1.0,1.0,1.0,3.0,4.0,3.0,5.0,2.0,4.0,1.0,3.0,6.0,4.0,2.0,2.0,3.0,4.0,5.0,2.0,1.0,3.0,128.0,8.0,1.0,512.0,1.0,1.0,1.0,1.0,1.0,1.0,1.0,1.0,2.0,5.0,3.0,6.0,1.0,5.0,1.0,4.0,2.0,6.0,1.0,6.0,3.0,5.0,5.0,6.0,4.0,1.0,256.0,4.0,1.0,8.0,32.0,1.0,1.0,1.0,1.0,1.0,1.0,1.0,5.0,2.0,4.0,3.0,5.0,4.0,6.0,5.0,2.0,6.0,5.0,2.0,6.0,1.0,5.0,2.0,4.0,4.0,2.0,2048.0,1.0,1.0,256.0,1.0,1.0,1.0,1.0,1.0,1.0,1.0,157661562.0,8264074.92,199284000.0,1.7089649999999998,352.0,514.0,100352.0,1302926960372225.0,16.0,8.134099999999998,107.6,8755.2
8192.0,16000000.0,256.0,64.0,1.0,46.0,32.0,4.0,5.0,6.0,4.0,1.0,1.0,5.0,2.0,2.0,6.0,5.0,1.0,4.0,3.0,1.0,4.0,4.0,4.0,5.0,6.0,4.0,6.0,5.0,2.0,6.0,64.0,16.0,1.0,2.0,384.0,1.0,1.0,1.0,1.0,1.0,1.0,1.0,3.0,3.0,6.0,1.0,5.0,5.0,5.0,5.0,6.0,2.0,6.0,3.0,4.0,2.0,6.0,4.0,4.0,2.0,64.0,8.0,1.0,2.0,16.0,1.0,8.0,2.0,1.0,1.0,1.0,1.0,3.0,2.0,5.0,1.0,3.0,4.0,1.0,1.0,5.0,6.0,4.0,4.0,5.0,3.0,6.0,5.0,4.0,5.0,16.0,32.0,1.0,32.0,64.0,1.0,64.0,64.0,1.0,1.0,1.0,1.0,1.0,4.0,4.0,3.0,6.0,4.0,6.0,1.0,4.0,6.0,4.0,2.0,5.0,6.0,3.0,3.0,6.0,1.0,16.0,32.0,1.0,128.0,512.0,1.0,1.0,1.0,1.0,1.0,1.0,1.0,5.0,5.0,6.0,6.0,5.0,5.0,1.0,2.0,3.0,4.0,1.0,6.0,4.0,2.0,2.0,1.0,6.0,2.0,1.0,8.0,1.0,128.0,256.0,1.0,1.0,1.0,1.0,1.0,1.0,1.0,6.0,2.0,6.0,5.0,6.0,5.0,4.0,5.0,1.0,6.0,1.0,5.0,3.0,1.0,3.0,1.0,2.0,3.0,512.0,512.0,1.0,16.0,1.0,1.0,1.0,1.0,1.0,1.0,1.0,1.0,629145720.0,15569126.400000002,2290390.0,0.025581280000000005,4.0,514.0,1288.0,9795249238699010.0,4.0,4.024712000000002,107.6,272.0
512000.0,64000.0,256.0,64.0,1.0,38.0,6.0,28.0,4.0,1.0,1.0,5.0,5.0,5.0,4.0,2.0,4.0,4.0,2.0,5.0,2.0,3.0,6.0,6.0,3.0,5.0,4.0,6.0,2.0,4.0,3.0,2.0,128.0,128.0,1.0,24.0,12.0,1.0,1.0,1.0,1.0,1.0,1.0,1.0,5.0,4.0,1.0,4.0,2.0,6.0,6.0,2.0,3.0,5.0,6.0,5.0,4.0,3.0,6.0,6.0,2.0,2.0,4.0,64.0,1.0,64.0,128.0,1.0,32.0,8.0,1.0,1.0,1.0,1.0,6.0,5.0,3.0,3.0,4.0,4.0,1.0,1.0,3.0,6.0,1.0,5.0,1.0,1.0,3.0,5.0,4.0,3.0,2.0,128.0,1.0,32.0,4.0,1.0,32.0,1.0,1.0,1.0,1.0,1.0,6.0,3.0,3.0,5.0,2.0,2.0,1.0,6.0,6.0,3.0,3.0,3.0,6.0,4.0,6.0,3.0,3.0,3.0,32.0,16.0,1.0,256.0,512.0,1.0,1.0,1.0,1.0,1.0,1.0,1.0,5.0,1.0,3.0,2.0,1.0,2.0,2.0,4.0,5.0,4.0,2.0,5.0,5.0,4.0,3.0,5.0,1.0,2.0,256.0,32.0,1.0,64.0,2.0,1.0,1.0,1.0,1.0,1.0,1.0,1.0,2.0,1.0,2.0,2.0,2.0,5.0,4.0,4.0,2.0,5.0,6.0,2.0,1.0,1.0,2.0,5.0,3.0,4.0,16.0,8.0,1.0,64.0,256.0,1.0,1.0,1.0,1.0,1.0,1.0,1.0,2516582520.0,18147924.0,11912700.0,0.13537400000000005,28.0,514.0,514.0,4.567074831268848e+16,1.0,1.006567,107.6,107.6
2048.0,8192000.0,256.0,64.0,3.0,2.0,48.0,44.0,5.0,4.0,4.0,6.0,1.0,4.0,5.0,2.0,6.0,6.0,1.0,4.0,3.0,1.0,1.0,6.0,2.0,1.0,4.0,1.0,2.0,5.0,5.0,4.0,256.0,8.0,1.0,4.0,256.0,1.0,1.0,1.0,1.0,1.0,1.0,1.0,2.0,6.0,6.0,2.0,3.0,6.0,6.0,3.0,1.0,5.0,6.0,5.0,2.0,5.0,1.0,4.0,6.0,3.0,8.0,32.0,1.0,32.0,128.0,1.0,64.0,8.0,1.0,1.0,1.0,1.0,5.0,1.0,4.0,2.0,6.0,3.0,3.0,1.0,5.0,2.0,4.0,6.0,2.0,2.0,4.0,2.0,3.0,5.0,16.0,128.0,1.0,16.0,32.0,1.0,2.0,4.0,1.0,1.0,1.0,1.0,5.0,5.0,2.0,6.0,6.0,5.0,5.0,6.0,6.0,6.0,2.0,1.0,6.0,2.0,3.0,3.0,2.0,1.0,512.0,32.0,1.0,32.0,64.0,1.0,1.0,1.0,1.0,1.0,1.0,1.0,3.0,5.0,6.0,2.0,1.0,4.0,3.0,6.0,5.0,1.0,2.0,1.0,5.0,4.0,4.0,4.0,3.0,1.0,128.0,256.0,1.0,64.0,2048.0,1.0,1.0,1.0,1.0,1.0,1.0,1.0,3.0,1.0,2.0,5.0,6.0,4.0,3.0,5.0,1.0,6.0,1.0,3.0,6.0,2.0,1.0,3.0,6.0,1.0,8.0,1024.0,1.0,2.0,1.0,1.0,1.0,1.0,1.0,1.0,1.0,1.0,38072016.0,3971994.1399999997,10718100000.0,27.709035,4224.0,514.0,1638400.0,151221824449986.22,139.733335,10.742838549999998,107.6,134272.0
256.0,2048000.0,256.0,64.0,1.0,44.0,18.0,16.0,6.0,1.0,6.0,3.0,2.0,6.0,4.0,5.0,6.0,2.0,4.0,3.0,6.0,1.0,3.0,6.0,4.0,5.0,6.0,5.0,6.0,1.0,3.0,3.0,1.0,256.0,1.0,32.0,1.0,1.0,1.0,1.0,1.0,1.0,1.0,1.0,5.0,6.0,3.0,5.0,1.0,2.0,4.0,5.0,2.0,5.0,5.0,5.0,3.0,5.0,6.0,2.0,6.0,2.0,32.0,4.0,1.0,4.0,4.0,1.0,32.0,16.0,1.0,1.0,1.0,1.0,2.0,6.0,1.0,2.0,1.0,1.0,6.0,3.0,3.0,3.0,4.0,2.0,1.0,2.0,3.0,4.0,1.0,4.0,4.0,32.0,1.0,64.0,2.0,1.0,2.0,8.0,1.0,1.0,1.0,1.0,1.0,1.0,6.0,2.0,2.0,1.0,1.0,4.0,6.0,3.0,6.0,4.0,2.0,2.0,3.0,4.0,1.0,2.0,256.0,128.0,1.0,4.0,8.0,1.0,1.0,1.0,1.0,1.0,1.0,1.0,1.0,2.0,5.0,5.0,3.0,5.0,5.0,1.0,5.0,3.0,4.0,2.0,6.0,4.0,6.0,6.0,5.0,2.0,8.0,16.0,1.0,4.0,64.0,1.0,1.0,1.0,1.0,1.0,1.0,1.0,3.0,6.0,5.0,3.0,2.0,4.0,6.0,3.0,3.0,6.0,5.0,4.0,2.0,4.0,3.0,1.0,1.0,3.0,1024.0,128.0,1.0,128.0,16.0,1.0,1.0,1.0,1.0,1.0,1.0,1.0,157286712.0,9337710.6,7028500.0,0.08300563999999999,16.0,514.0,4384.0,1468697797881547.2,16.0,24.152844,107.6,929.6
512000.0,512000.0,256.0,64.0,2.0,30.0,24.0,8.0,4.0,2.0,2.0,4.0,1.0,4.0,6.0,2.0,1.0,5.0,5.0,4.0,1.0,5.0,5.0,3.0,6.0,1.0,3.0,3.0,1.0,6.0,5.0,1.0,1.0,64.0,1.0,96.0,4.0,1.0,1.0,1.0,1.0,1.0,1.0,1.0,5.0,6.0,1.0,4.0,2.0,3.0,6.0,5.0,6.0,4.0,6.0,4.0,3.0,2.0,1.0,2.0,4.0,3.0,2.0,2.0,1.0,128.0,64.0,1.0,128.0,64.0,1.0,1.0,1.0,1.0,5.0,5.0,5.0,3.0,5.0,3.0,6.0,2.0,5.0,3.0,5.0,5.0,2.0,6.0,2.0,2.0,4.0,3.0,32.0,2.0,1.0,16.0,1.0,1.0,64.0,1.0,1.0,1.0,1.0,1.0,2.0,2.0,5.0,1.0,1.0,1.0,6.0,4.0,4.0,3.0,2.0,3.0,5.0,1.0,4.0,4.0,5.0,5.0,8.0,512.0,1.0,128.0,256.0,1.0,1.0,1.0,1.0,1.0,1.0,1.0,1.0,6.0,6.0,4.0,5.0,6.0,3.0,2.0,1.0,3.0,1.0,4.0,5.0,5.0,5.0,2.0,4.0,6.0,512.0,1.0,1.0,64.0,256.0,1.0,1.0,1.0,1.0,1.0,1.0,1.0,1.0,2.0,1.0,4.0,2.0,5.0,1.0,6.0,3.0,4.0,6.0,1.0,4.0,6.0,1.0,2.0,6.0,4.0,4.0,128.0,1.0,512.0,4.0,1.0,1.0,1.0,1.0,1.0,1.0,1.0,111355230.0,5982244.959999999,93391200.0,0.9662881,192.0,514.0,131072.0,666154263437140.8,19.49089,6.313216350000003,107.6,17789.6
1024000.0,64000.0,256.0,64.0,3.0,38.0,8.0,14.0,6.0,2.0,1.0,1.0,4.0,1.0,4.0,2.0,2.0,2.0,4.0,4.0,4.0,4.0,2.0,3.0,4.0,2.0,2.0,5.0,5.0,6.0,3.0,5.0,8.0,32.0,1.0,32.0,32.0,1.0,1.0,1.0,1.0,1.0,1.0,1.0,6.0,3.0,3.0,1.0,6.0,6.0,2.0,4.0,6.0,4.0,1.0,4.0,4.0,5.0,1.0,3.0,2.0,5.0,32.0,1.0,1.0,16.0,4.0,1.0,4.0,16.0,1.0,1.0,1.0,1.0,3.0,6.0,5.0,6.0,3.0,6.0,6.0,1.0,4.0,3.0,3.0,6.0,2.0,5.0,5.0,2.0,1.0,3.0,16.0,8.0,1.0,2.0,32.0,1.0,4.0,16.0,1.0,1.0,1.0,1.0,1.0,4.0,1.0,4.0,1.0,3.0,6.0,2.0,3.0,2.0,4.0,4.0,1.0,6.0,5.0,5.0,6.0,5.0,64.0,16.0,1.0,8.0,32.0,1.0,1.0,1.0,1.0,1.0,1.0,1.0,3.0,5.0,4.0,4.0,4.0,2.0,2.0,2.0,4.0,1.0,6.0,6.0,6.0,4.0,5.0,2.0,6.0,1.0,64.0,512.0,1.0,8.0,2.0,1.0,1.0,1.0,1.0,1.0,1.0,1.0,5.0,6.0,6.0,3.0,3.0,4.0,3.0,2.0,1.0,2.0,4.0,3.0,2.0,4.0,5.0,1.0,3.0,3.0,1024.0,16.0,1.0,32.0,1.0,1.0,1.0,1.0,1.0,1.0,1.0,1.0,823420224.0,3912866.08,10868500000.0,27.734724999999997,4256.0,514.0,663552.0,3221933064075602.0,21.533350000000002,0.41516944,107.6,64614.4
16000.0,16000000.0,256.0,64.0,2.0,20.0,42.0,32.0,1.0,4.0,4.0,4.0,6.0,6.0,3.0,2.0,3.0,6.0,3.0,4.0,6.0,6.0,3.0,4.0,3.0,4.0,6.0,5.0,6.0,1.0,1.0,2.0,512.0,128.0,1.0,512.0,3.0,1.0,1.0,1.0,1.0,1.0,1.0,1.0,4.0,5.0,3.0,2.0,5.0,6.0,1.0,3.0,3.0,3.0,1.0,5.0,4.0,6.0,5.0,1.0,3.0,2.0,4.0,16.0,1.0,2.0,4.0,1.0,8.0,16.0,1.0,1.0,1.0,1.0,6.0,3.0,4.0,4.0,5.0,1.0,6.0,6.0,1.0,1.0,2.0,1.0,5.0,5.0,4.0,4.0,6.0,6.0,4.0,4.0,1.0,16.0,32.0,1.0,64.0,1.0,1.0,1.0,1.0,1.0,6.0,4.0,2.0,1.0,4.0,1.0,1.0,6.0,2.0,4.0,5.0,5.0,1.0,3.0,1.0,4.0,3.0,2.0,1.0,4.0,1.0,8.0,4.0,1.0,1.0,1.0,1.0,1.0,1.0,1.0,1.0,5.0,6.0,2.0,2.0,2.0,2.0,2.0,5.0,3.0,2.0,2.0,3.0,2.0,1.0,6.0,6.0,2.0,32.0,4.0,1.0,32.0,64.0,1.0,1.0,1.0,1.0,1.0,1.0,1.0,6.0,2.0,6.0,5.0,5.0,1.0,2.0,1.0,3.0,3.0,4.0,3.0,4.0,2.0,1.0,3.0,2.0,5.0,512.0,1.0,1.0,2.0,4.0,1.0,1.0,1.0,1.0,1.0,1.0,1.0,2521756170.0,9577305.080000002,1438200000.0,6.985574499999999,1344.0,514.0,34304.0,2.4151628177462348e+16,1.0,0.45821406099999995,107.6,2403.8
64000.0,128000.0,256.0,64.0,3.0,24.0,26.0,14.0,4.0,2.0,1.0,2.0,5.0,6.0,6.0,6.0,4.0,1.0,6.0,6.0,1.0,6.0,1.0,1.0,1.0,2.0,5.0,3.0,6.0,2.0,6.0,2.0,128.0,16.0,1.0,3.0,32.0,1.0,1.0,1.0,1.0,1.0,1.0,1.0,1.0,6.0,3.0,6.0,1.0,4.0,5.0,3.0,2.0,5.0,5.0,3.0,2.0,6.0,2.0,5.0,2.0,6.0,32.0,32.0,1.0,8.0,1.0,1.0,128.0,1.0,1.0,1.0,1.0,1.0,1.0,1.0,1.0,1.0,6.0,3.0,5.0,4.0,3.0,2.0,6.0,3.0,6.0,3.0,1.0,3.0,3.0,1.0,2.0,128.0,1.0,2.0,16.0,1.0,32.0,1.0,1.0,1.0,1.0,1.0,6.0,5.0,2.0,3.0,1.0,3.0,2.0,1.0,6.0,5.0,4.0,1.0,6.0,4.0,1.0,3.0,5.0,3.0,128.0,64.0,1.0,16.0,512.0,1.0,1.0,1.0,1.0,1.0,1.0,1.0,1.0,6.0,4.0,6.0,4.0,1.0,6.0,1.0,5.0,3.0,5.0,3.0,3.0,6.0,5.0,1.0,5.0,4.0,256.0,16.0,1.0,2.0,2.0,1.0,1.0,1.0,1.0,1.0,1.0,1.0,4.0,5.0,3.0,1.0,6.0,2.0,3.0,5.0,3.0,2.0,5.0,2.0,4.0,3.0,6.0,4.0,1.0,1.0,256.0,512.0,1.0,64.0,1.0,1.0,1.0,1.0,1.0,1.0,1.0,1.0,298447548.0,4945112.86,42252800000.0,73.75321,8736.0,514.0,294912.0,1475856807650267.5,7.180365,0.363419665,107.6,40832.0
32000.0,128000.0,256.0,64.0,1.0,42.0,38.0,44.0,5.0,2.0,2.0,5.0,1.0,6.0,4.0,2.0,4.0,4.0,1.0,3.0,2.0,6.0,6.0,4.0,3.0,3.0,6.0,4.0,5.0,1.0,3.0,1.0,64.0,2.0,1.0,64.0,8.0,1.0,1.0,1.0,1.0,1.0,1.0,1.0,2.0,1.0,6.0,5.0,1.0,1.0,4.0,2.0,2.0,1.0,1.0,3.0,4.0,3.0,5.0,3.0,5.0,5.0,16.0,4.0,1.0,32.0,8.0,1.0,8.0,1.0,1.0,1.0,1.0,1.0,3.0,4.0,2.0,4.0,1.0,2.0,6.0,6.0,5.0,3.0,3.0,1.0,6.0,6.0,1.0,4.0,4.0,4.0,2.0,2.0,1.0,1.0,32.0,1.0,16.0,2.0,1.0,1.0,1.0,1.0,3.0,4.0,1.0,1.0,1.0,5.0,3.0,2.0,6.0,4.0,3.0,5.0,6.0,2.0,5.0,3.0,2.0,5.0,1.0,128.0,1.0,16.0,8.0,1.0,1.0,1.0,1.0,1.0,1.0,1.0,3.0,2.0,6.0,3.0,3.0,6.0,6.0,2.0,1.0,5.0,5.0,6.0,6.0,3.0,6.0,6.0,4.0,2.0,8.0,64.0,1.0,512.0,2.0,1.0,1.0,1.0,1.0,1.0,1.0,1.0,5.0,4.0,6.0,6.0,6.0,4.0,5.0,4.0,4.0,2.0,1.0,3.0,3.0,1.0,4.0,1.0,3.0,3.0,2048.0,16.0,1.0,128.0,512.0,1.0,1.0,1.0,1.0,1.0,1.0,1.0,2516582520.0,15334875.600000001,18653700.0,0.20944939999999998,44.0,514.0,514.0,3.859147988133451e+16,1.0,1.0031249999999998,107.6,107.6
128000.0,128000.0,256.0,64.0,1.0,34.0,36.0,18.0,3.0,5.0,5.0,1.0,5.0,1.0,3.0,1.0,3.0,2.0,3.0,6.0,4.0,6.0,1.0,2.0,4.0,3.0,1.0,5.0,4.0,4.0,6.0,4.0,64.0,2.0,1.0,192.0,1.0,1.0,1.0,1.0,1.0,1.0,1.0,1.0,5.0,5.0,3.0,5.0,5.0,5.0,6.0,4.0,2.0,6.0,5.0,5.0,6.0,6.0,2.0,4.0,2.0,4.0,32.0,64.0,1.0,8.0,8.0,1.0,32.0,8.0,1.0,1.0,1.0,1.0,4.0,4.0,5.0,6.0,3.0,1.0,2.0,2.0,1.0,6.0,5.0,2.0,2.0,2.0,1.0,1.0,3.0,4.0,4.0,1.0,1.0,128.0,16.0,1.0,16.0,8.0,1.0,1.0,1.0,1.0,6.0,4.0,1.0,4.0,5.0,3.0,5.0,2.0,2.0,3.0,6.0,4.0,5.0,4.0,5.0,3.0,5.0,1.0,32.0,128.0,1.0,16.0,128.0,1.0,1.0,1.0,1.0,1.0,1.0,1.0,4.0,3.0,6.0,1.0,1.0,6.0,6.0,2.0,1.0,4.0,2.0,4.0,2.0,5.0,1.0,6.0,2.0,3.0,256.0,256.0,1.0,256.0,4.0,1.0,1.0,1.0,1.0,1.0,1.0,1.0,2.0,2.0,1.0,5.0,1.0,3.0,4.0,1.0,5.0,6.0,6.0,6.0,1.0,1.0,4.0,6.0,3.0,2.0,1024.0,512.0,1.0,128.0,64.0,1.0,1.0,1.0,1.0,1.0,1.0,1.0,141951096.0,15260458.079999998,7832460.0,0.09257619999999997,18.0,514.0,4900.0,2166238749918055.5,16.35679,16.357990000000004,107.6,1039.2
128.0,256000.0,256.0,64.0,1.0,6.0,12.0,4.0,6.0,3.0,6.0,6.0,4.0,5.0,4.0,5.0,5.0,2.0,6.0,1.0,4.0,4.0,2.0,3.0,1.0,3.0,4.0,5.0,4.0,6.0,4.0,4.0,1.0,1.0,1.0,1536.0,2.0,1.0,1.0,1.0,1.0,1.0,1.0,1.0,6.0,4.0,6.0,4.0,1.0,1.0,4.0,6.0,2.0,5.0,3.0,4.0,5.0,4.0,5.0,2.0,2.0,3.0,4.0,64.0,1.0,64.0,32.0,1.0,32.0,16.0,1.0,1.0,1.0,1.0,6.0,1.0,4.0,6.0,3.0,1.0,3.0,6.0,3.0,1.0,6.0,4.0,1.0,4.0,3.0,5.0,5.0,2.0,2.0,2.0,1.0,1.0,8.0,1.0,4.0,2.0,1.0,1.0,1.0,1.0,4.0,5.0,2.0,4.0,5.0,1.0,2.0,1.0,5.0,1.0,1.0,1.0,5.0,4.0,3.0,3.0,5.0,1.0,128.0,8.0,1.0,256.0,16.0,1.0,1.0,1.0,1.0,1.0,1.0,1.0,6.0,1.0,1.0,5.0,5.0,6.0,1.0,5.0,1.0,6.0,2.0,3.0,3.0,4.0,4.0,5.0,2.0,4.0,128.0,8.0,1.0,32.0,512.0,1.0,1.0,1.0,1.0,1.0,1.0,1.0,2.0,2.0,5.0,2.0,5.0,3.0,6.0,4.0,1.0,5.0,3.0,4.0,3.0,6.0,3.0,2.0,4.0,6.0,256.0,4.0,1.0,64.0,64.0,1.0,1.0,1.0,1.0,1.0,1.0,1.0,629145768.0,17746950.0,2290390.0,0.025581280000000005,4.0,514.0,1288.0,1.11654184874076e+16,4.0,5.4024245,107.6,272.0
32000.0,2048000.0,256.0,64.0,1.0,24.0,34.0,20.0,2.0,2.0,4.0,1.0,1.0,4.0,4.0,3.0,2.0,5.0,4.0,6.0,3.0,2.0,6.0,5.0,6.0,3.0,6.0,1.0,4.0,4.0,1.0,1.0,32.0,512.0,1.0,192.0,16.0,1.0,1.0,1.0,1.0,1.0,1.0,1.0,6.0,3.0,4.0,2.0,6.0,2.0,3.0,2.0,5.0,6.0,3.0,5.0,1.0,6.0,4.0,1.0,6.0,4.0,4.0,1.0,1.0,1.0,64.0,1.0,16.0,128.0,1.0,1.0,1.0,1.0,1.0,3.0,5.0,6.0,2.0,4.0,6.0,1.0,2.0,5.0,2.0,3.0,5.0,4.0,4.0,2.0,5.0,5.0,4.0,4.0,1.0,16.0,16.0,1.0,64.0,8.0,1.0,1.0,1.0,1.0,2.0,3.0,1.0,3.0,6.0,3.0,3.0,4.0,6.0,2.0,2.0,6.0,6.0,6.0,3.0,4.0,3.0,4.0,8.0,16.0,1.0,128.0,16.0,1.0,1.0,1.0,1.0,1.0,1.0,1.0,6.0,2.0,4.0,2.0,5.0,3.0,5.0,5.0,3.0,6.0,6.0,5.0,4.0,1.0,1.0,4.0,2.0,1.0,16.0,4.0,1.0,128.0,1.0,1.0,1.0,1.0,1.0,1.0,1.0,1.0,3.0,3.0,3.0,4.0,3.0,3.0,2.0,1.0,1.0,1.0,1.0,4.0,1.0,1.0,6.0,1.0,3.0,4.0,4.0,8.0,1.0,32.0,32.0,1.0,1.0,1.0,1.0,1.0,1.0,1.0,2421817464.0,15275984.399999999,8639980.0,0.09876468000000002,20.0,514.0,514.0,3.699564579971156e+16,13.914279999999996,14.308841000000003,107.6,168.4
8192.0,2048000.0,256.0,64.0,2.0,4.0,8.0,28.0,1.0,1.0,1.0,6.0,5.0,6.0,5.0,1.0,6.0,5.0,1.0,2.0,5.0,2.0,2.0,5.0,5.0,2.0,6.0,4.0,1.0,2.0,3.0,6.0,64.0,4.0,1.0,16.0,3.0,1.0,1.0,1.0,1.0,1.0,1.0,1.0,1.0,5.0,4.0,5.0,1.0,6.0,4.0,3.0,6.0,5.0,1.0,5.0,6.0,6.0,2.0,5.0,6.0,1.0,32.0,8.0,1.0,2.0,128.0,1.0,1.0,1.0,1.0,1.0,1.0,1.0,5.0,5.0,3.0,3.0,4.0,5.0,3.0,3.0,1.0,6.0,3.0,3.0,4.0,6.0,1.0,6.0,6.0,5.0,32.0,4.0,1.0,128.0,4.0,1.0,4.0,1.0,1.0,1.0,1.0,1.0,4.0,6.0,3.0,1.0,1.0,6.0,1.0,3.0,5.0,4.0,2.0,3.0,2.0,4.0,3.0,4.0,1.0,1.0,128.0,1.0,1.0,16.0,256.0,1.0,1.0,1.0,1.0,1.0,1.0,1.0,4.0,1.0,6.0,1.0,2.0,2.0,6.0,4.0,2.0,5.0,2.0,6.0,4.0,4.0,6.0,3.0,2.0,1.0,64.0,32.0,1.0,2.0,16.0,1.0,1.0,1.0,1.0,1.0,1.0,1.0,3.0,1.0,5.0,5.0,1.0,5.0,5.0,2.0,1.0,3.0,1.0,6.0,2.0,5.0,1.0,2.0,5.0,2.0,2.0,2048.0,1.0,64.0,128.0,1.0,1.0,1.0,1.0,1.0,1.0,1.0,2523513066.0,7658150.260000002,112471000.0,1.0635790000000003,224.0,514.0,17152.0,1.93254422425013e+16,1.0,0.5662468599999999,107.6,1649.2
8192.0,32000.0,256.0,64.0,2.0,8.0,16.0,46.0,6.0,2.0,5.0,2.0,1.0,5.0,5.0,4.0,1.0,1.0,5.0,2.0,2.0,6.0,2.0,3.0,1.0,4.0,5.0,3.0,3.0,4.0,1.0,2.0,2.0,256.0,1.0,4.0,64.0,1.0,1.0,1.0,1.0,1.0,1.0,1.0,6.0,4.0,6.0,2.0,4.0,5.0,5.0,4.0,5.0,1.0,2.0,6.0,2.0,1.0,3.0,4.0,5.0,5.0,2.0,64.0,1.0,1.0,4.0,1.0,32.0,128.0,1.0,1.0,1.0,1.0,1.0,5.0,2.0,2.0,4.0,4.0,6.0,5.0,4.0,3.0,3.0,6.0,5.0,1.0,5.0,3.0,2.0,4.0,8.0,2.0,1.0,8.0,32.0,1.0,4.0,4.0,1.0,1.0,1.0,1.0,2.0,1.0,3.0,3.0,5.0,5.0,4.0,4.0,3.0,6.0,5.0,3.0,3.0,2.0,2.0,2.0,4.0,3.0,4.0,1.0,1.0,2.0,16.0,1.0,1.0,1.0,1.0,1.0,1.0,1.0,1.0,4.0,2.0,3.0,3.0,1.0,2.0,5.0,6.0,3.0,6.0,1.0,2.0,1.0,4.0,5.0,3.0,4.0,1.0,128.0,1.0,256.0,128.0,1.0,1.0,1.0,1.0,1.0,1.0,1.0,5.0,5.0,6.0,4.0,6.0,4.0,1.0,5.0,2.0,5.0,6.0,6.0,1.0,2.0,3.0,2.0,5.0,2.0,512.0,1.0,1.0,32.0,1.0,1.0,1.0,1.0,1.0,1.0,1.0,1.0,153099666.0,8858684.42,559883000.0,3.641926,736.0,514.0,40960.0,1356261625901403.8,233.6,9.607258400000001,107.6,4177.6
256000.0,64000.0,256.0,64.0,3.0,10.0,46.0,24.0,1.0,4.0,6.0,3.0,1.0,5.0,5.0,1.0,4.0,5.0,4.0,3.0,3.0,4.0,5.0,2.0,5.0,6.0,4.0,4.0,1.0,5.0,5.0,2.0,4.0,2.0,1.0,256.0,8.0,1.0,1.0,1.0,1.0,1.0,1.0,1.0,6.0,2.0,4.0,3.0,2.0,6.0,2.0,3.0,6.0,3.0,5.0,5.0,1.0,6.0,4.0,3.0,5.0,4.0,32.0,1.0,1.0,1.0,8.0,1.0,16.0,128.0,1.0,1.0,1.0,1.0,2.0,4.0,1.0,3.0,6.0,6.0,1.0,6.0,4.0,4.0,2.0,1.0,3.0,4.0,1.0,3.0,1.0,5.0,32.0,128.0,1.0,2.0,1.0,1.0,32.0,64.0,1.0,1.0,1.0,1.0,2.0,2.0,5.0,4.0,4.0,2.0,3.0,4.0,2.0,1.0,2.0,4.0,3.0,5.0,1.0,5.0,1.0,5.0,16.0,256.0,1.0,16.0,1.0,1.0,1.0,1.0,1.0,1.0,1.0,1.0,1.0,2.0,6.0,4.0,5.0,5.0,1.0,2.0,1.0,1.0,3.0,5.0,6.0,5.0,1.0,6.0,5.0,1.0,32.0,16.0,1.0,256.0,16.0,1.0,1.0,1.0,1.0,1.0,1.0,1.0,6.0,1.0,5.0,5.0,6.0,4.0,5.0,2.0,4.0,6.0,6.0,6.0,6.0,6.0,6.0,6.0,6.0,6.0,32.0,1024.0,1.0,256.0,32.0,1.0,1.0,1.0,1.0,1.0,1.0,1.0,481819236.0,4673973.7,66358700000.0,104.39580000000001,11040.0,514.0,851968.0,2252010437218093.5,2.85,0.12356775,107.6,65587.2
128.0,32000000.0,256.0,64.0,1.0,48.0,28.0,26.0,3.0,5.0,6.0,4.0,3.0,2.0,4.0,4.0,5.0,3.0,1.0,1.0,1.0,2.0,3.0,1.0,5.0,5.0,4.0,4.0,1.0,5.0,3.0,4.0,256.0,2.0,1.0,512.0,2.0,1.0,1.0,1.0,1.0,1.0,1.0,1.0,6.0,1.0,2.0,2.0,2.0,4.0,3.0,1.0,2.0,3.0,5.0,4.0,6.0,3.0,1.0,2.0,4.0,3.0,1.0,4.0,1.0,64.0,128.0,1.0,4.0,128.0,1.0,1.0,1.0,1.0,5.0,6.0,3.0,4.0,4.0,6.0,6.0,5.0,1.0,6.0,1.0,3.0,3.0,3.0,5.0,4.0,6.0,6.0,32.0,8.0,1.0,8.0,8.0,1.0,32.0,4.0,1.0,1.0,1.0,1.0,1.0,3.0,2.0,6.0,1.0,6.0,6.0,4.0,2.0,1.0,6.0,4.0,3.0,3.0,1.0,5.0,6.0,4.0,128.0,16.0,1.0,256.0,512.0,1.0,1.0,1.0,1.0,1.0,1.0,1.0,2.0,4.0,1.0,2.0,3.0,4.0,6.0,5.0,1.0,6.0,3.0,6.0,6.0,4.0,2.0,3.0,4.0,1.0,256.0,2.0,1.0,16.0,32.0,1.0,1.0,1.0,1.0,1.0,1.0,1.0,3.0,4.0,3.0,2.0,4.0,5.0,5.0,4.0,6.0,4.0,4.0,3.0,6.0,2.0,4.0,4.0,5.0,1.0,128.0,8.0,1.0,2.0,4.0,1.0,1.0,1.0,1.0,1.0,1.0,1.0,2420244600.0,15065494.319999997,11088400.0,0.12640899999999994,26.0,514.0,514.0,3.6462181274310664e+16,18.973320000000005,18.977081000000002,107.6,187.6
256.0,1024000.0,256.0,64.0,1.0,18.0,42.0,44.0,1.0,2.0,6.0,5.0,6.0,2.0,2.0,2.0,1.0,1.0,3.0,1.0,1.0,2.0,6.0,5.0,1.0,5.0,1.0,2.0,4.0,1.0,2.0,1.0,32.0,4.0,1.0,6.0,384.0,1.0,1.0,1.0,1.0,1.0,1.0,1.0,4.0,6.0,3.0,3.0,6.0,3.0,5.0,1.0,6.0,4.0,6.0,4.0,4.0,1.0,1.0,5.0,6.0,5.0,64.0,16.0,1.0,4.0,64.0,1.0,4.0,1.0,1.0,1.0,1.0,1.0,6.0,4.0,2.0,6.0,3.0,2.0,5.0,4.0,5.0,4.0,6.0,4.0,1.0,4.0,3.0,3.0,3.0,4.0,8.0,8.0,1.0,16.0,8.0,1.0,1.0,4.0,1.0,1.0,1.0,1.0,3.0,4.0,4.0,2.0,4.0,5.0,6.0,1.0,4.0,5.0,6.0,6.0,2.0,1.0,2.0,4.0,4.0,1.0,2.0,4.0,1.0,128.0,16.0,1.0,1.0,1.0,1.0,1.0,1.0,1.0,1.0,1.0,1.0,5.0,4.0,2.0,2.0,1.0,2.0,5.0,1.0,6.0,6.0,4.0,4.0,2.0,4.0,1.0,4.0,16.0,1.0,2.0,128.0,1.0,1.0,1.0,1.0,1.0,1.0,1.0,1.0,4.0,2.0,6.0,3.0,1.0,5.0,4.0,5.0,1.0,5.0,3.0,6.0,3.0,1.0,5.0,4.0,3.0,128.0,1024.0,1.0,16.0,8.0,1.0,1.0,1.0,1.0,1.0,1.0,1.0,2418671736.0,18072078.72,18653700.0,0.2099246,44.0,514.0,514.0,4.371042601083106e+16,30.06668,30.464991,107.6,245.2
256.0,32000.0,256.0,64.0,3.0,22.0,2.0,36.0,3.0,4.0,6.0,5.0,1.0,3.0,3.0,4.0,3.0,1.0,2.0,5.0,4.0,5.0,4.0,5.0,4.0,3.0,2.0,1.0,6.0,4.0,4.0,5.0,8.0,128.0,1.0,3.0,768.0,1.0,1.0,1.0,1.0,1.0,1.0,1.0,4.0,6.0,3.0,5.0,2.0,1.0,6.0,2.0,6.0,6.0,2.0,4.0,2.0,4.0,2.0,4.0,3.0,2.0,2.0,4.0,1.0,64.0,1.0,1.0,1.0,1.0,1.0,1.0,1.0,1.0,4.0,2.0,5.0,3.0,4.0,1.0,6.0,3.0,4.0,2.0,3.0,1.0,5.0,3.0,4.0,4.0,5.0,5.0,128.0,8.0,1.0,128.0,64.0,1.0,32.0,2.0,1.0,1.0,1.0,1.0,3.0,1.0,3.0,3.0,2.0,5.0,1.0,4.0,2.0,3.0,5.0,2.0,2.0,2.0,2.0,1.0,1.0,3.0,1.0,1.0,1.0,1.0,1.0,1.0,1.0,1.0,1.0,1.0,1.0,1.0,6.0,4.0,1.0,3.0,6.0,3.0,3.0,5.0,3.0,3.0,5.0,5.0,1.0,5.0,6.0,6.0,3.0,1.0,32.0,512.0,1.0,1.0,4.0,1.0,1.0,1.0,1.0,1.0,1.0,1.0,1.0,6.0,4.0,1.0,2.0,5.0,3.0,6.0,5.0,4.0,2.0,4.0,2.0,2.0,2.0,5.0,4.0,3.0,16.0,64.0,1.0,512.0,4.0,1.0,1.0,1.0,1.0,1.0,1.0,1.0,1417346838.0,4894013.760000001,1888660000.0,8.617806,1584.0,514.0,425984.0,6936514927864492.0,34.58332,1.851086619,107.6,66400.1
128.0,32000.0,256.0,64.0,1.0,40.0,28.0,26.0,2.0,6.0,4.0,1.0,1.0,5.0,1.0,2.0,1.0,3.0,5.0,5.0,4.0,1.0,1.0,6.0,4.0,5.0,3.0,5.0,4.0,4.0,2.0,1.0,512.0,64.0,1.0,2.0,768.0,1.0,1.0,1.0,1.0,1.0,1.0,1.0,3.0,2.0,5.0,4.0,6.0,4.0,6.0,5.0,4.0,1.0,5.0,2.0,2.0,4.0,3.0,5.0,6.0,1.0,16.0,1.0,1.0,1.0,2.0,1.0,8.0,2.0,1.0,1.0,1.0,1.0,4.0,6.0,2.0,3.0,5.0,1.0,6.0,2.0,5.0,2.0,5.0,2.0,4.0,5.0,3.0,5.0,5.0,4.0,16.0,32.0,1.0,1.0,4.0,1.0,2.0,1.0,1.0,1.0,1.0,1.0,1.0,2.0,4.0,3.0,4.0,2.0,1.0,2.0,4.0,1.0,5.0,4.0,1.0,6.0,5.0,6.0,6.0,6.0,4.0,16.0,1.0,256.0,1.0,1.0,1.0,1.0,1.0,1.0,1.0,1.0,1.0,1.0,3.0,5.0,4.0,1.0,5.0,1.0,6.0,4.0,4.0,4.0,1.0,4.0,5.0,2.0,5.0,2.0,32.0,4.0,1.0,4.0,16.0,1.0,1.0,1.0,1.0,1.0,1.0,1.0,3.0,3.0,3.0,2.0,6.0,1.0,3.0,3.0,4.0,3.0,6.0,1.0,2.0,2.0,3.0,4.0,1.0,6.0,512.0,4.0,1.0,16.0,1.0,1.0,1.0,1.0,1.0,1.0,1.0,1.0,97910904.0,15402234.239999998,11089000.0,0.13085939999999996,26.0,514.0,6964.0,1508046678058152.8,25.616205000000004,26.016165,107.6,1477.6
32000.0,128000.0,256.0,64.0,3.0,10.0,34.0,20.0,1.0,3.0,5.0,2.0,2.0,2.0,6.0,2.0,5.0,1.0,4.0,1.0,4.0,3.0,1.0,3.0,2.0,6.0,3.0,1.0,6.0,3.0,4.0,2.0,256.0,64.0,1.0,32.0,256.0,1.0,1.0,1.0,1.0,1.0,1.0,1.0,6.0,4.0,5.0,1.0,2.0,2.0,3.0,1.0,4.0,2.0,3.0,1.0,2.0,2.0,4.0,2.0,3.0,5.0,4.0,16.0,1.0,4.0,8.0,1.0,2.0,16.0,1.0,1.0,1.0,1.0,4.0,4.0,4.0,3.0,2.0,1.0,5.0,1.0,4.0,3.0,6.0,5.0,5.0,1.0,6.0,4.0,2.0,5.0,8.0,128.0,1.0,1.0,1.0,1.0,4.0,1.0,1.0,1.0,1.0,1.0,1.0,1.0,2.0,1.0,2.0,1.0,4.0,3.0,4.0,6.0,5.0,4.0,6.0,5.0,2.0,4.0,1.0,6.0,8.0,16.0,1.0,8.0,2.0,1.0,1.0,1.0,1.0,1.0,1.0,1.0,1.0,5.0,2.0,5.0,2.0,4.0,4.0,6.0,4.0,6.0,4.0,6.0,5.0,5.0,3.0,1.0,6.0,2.0,4.0,16.0,1.0,1024.0,64.0,1.0,1.0,1.0,1.0,1.0,1.0,1.0,5.0,2.0,3.0,5.0,4.0,3.0,3.0,3.0,4.0,2.0,2.0,3.0,3.0,6.0,1.0,4.0,1.0,6.0,16.0,16.0,1.0,16.0,16.0,1.0,1.0,1.0,1.0,1.0,1.0,1.0,992156124.0,4491735.26,26180400000.0,51.65529000000001,6800.0,514.0,299008.0,4456502645595732.0,11.05,1.584498085,107.6,35603.2
4096.0,128000.0,256.0,64.0,2.0,8.0,14.0,6.0,2.0,1.0,1.0,3.0,2.0,1.0,3.0,2.0,6.0,4.0,6.0,6.0,2.0,1.0,5.0,1.0,4.0,3.0,1.0,6.0,4.0,6.0,2.0,2.0,256.0,16.0,1.0,4.0,512.0,1.0,1.0,1.0,1.0,1.0,1.0,1.0,5.0,5.0,6.0,5.0,1.0,4.0,3.0,3.0,2.0,5.0,3.0,1.0,3.0,5.0,3.0,5.0,4.0,2.0,1.0,32.0,1.0,64.0,16.0,1.0,4.0,32.0,1.0,1.0,1.0,1.0,5.0,6.0,1.0,1.0,2.0,1.0,5.0,5.0,2.0,3.0,2.0,1.0,2.0,4.0,4.0,6.0,6.0,6.0,128.0,128.0,1.0,1.0,16.0,1.0,64.0,4.0,1.0,1.0,1.0,1.0,5.0,2.0,4.0,2.0,1.0,3.0,1.0,2.0,4.0,6.0,5.0,6.0,2.0,6.0,6.0,1.0,2.0,2.0,1.0,2.0,1.0,1.0,64.0,1.0,1.0,1.0,1.0,1.0,1.0,1.0,2.0,5.0,3.0,2.0,5.0,5.0,6.0,2.0,5.0,3.0,1.0,2.0,6.0,3.0,2.0,6.0,3.0,6.0,4.0,128.0,1.0,2048.0,2048.0,1.0,1.0,1.0,1.0,1.0,1.0,1.0,5.0,2.0,5.0,2.0,4.0,6.0,1.0,2.0,2.0,2.0,5.0,1.0,4.0,6.0,6.0,6.0,3.0,2.0,1024.0,8.0,1.0,1.0,4.0,1.0,1.0,1.0,1.0,1.0,1.0,1.0,782109414.0,11277170.200000003,36704100.0,0.49209535,84.0,514.0,541696.0,8819980976700265.0,3.4439385,2.9016186999999993,107.6,28071.3
256.0,256000.0,256.0,64.0,2.0,16.0,36.0,38.0,2.0,6.0,1.0,5.0,4.0,5.0,3.0,2.0,4.0,6.0,2.0,6.0,6.0,6.0,6.0,4.0,1.0,3.0,6.0,5.0,2.0,2.0,2.0,3.0,512.0,2.0,1.0,256.0,1536.0,1.0,1.0,1.0,1.0,1.0,1.0,1.0,3.0,3.0,2.0,4.0,2.0,1.0,6.0,1.0,6.0,4.0,4.0,3.0,1.0,4.0,1.0,3.0,2.0,2.0,64.0,32.0,1.0,8.0,16.0,1.0,1.0,16.0,1.0,1.0,1.0,1.0,6.0,5.0,1.0,3.0,1.0,2.0,6.0,3.0,3.0,5.0,4.0,6.0,1.0,3.0,1.0,5.0,5.0,6.0,8.0,32.0,1.0,64.0,1.0,1.0,4.0,64.0,1.0,1.0,1.0,1.0,1.0,1.0,4.0,3.0,5.0,4.0,1.0,6.0,6.0,4.0,2.0,3.0,3.0,4.0,2.0,4.0,6.0,2.0,2.0,64.0,1.0,512.0,2.0,1.0,1.0,1.0,1.0,1.0,1.0,1.0,2.0,4.0,4.0,3.0,2.0,5.0,4.0,6.0,4.0,6.0,3.0,3.0,1.0,2.0,1.0,3.0,4.0,2.0,128.0,512.0,1.0,128.0,2048.0,1.0,1.0,1.0,1.0,1.0,1.0,1.0,2.0,2.0,2.0,5.0,5.0,4.0,5.0,4.0,4.0,1.0,5.0,3.0,2.0,3.0,1.0,4.0,4.0,2.0,256.0,4.0,1.0,8.0,1.0,1.0,1.0,1.0,1.0,1.0,1.0,1.0,185726868.0,6335276.579999998,1480710000.0,7.372852500000002,1368.0,514.0,1048576.0,1176631077117151.0,23.606665,3.2333598999999995,107.6,74403.2
16000.0,4096000.0,256.0,64.0,2.0,26.0,30.0,26.0,1.0,6.0,5.0,3.0,6.0,2.0,1.0,2.0,3.0,6.0,2.0,4.0,5.0,1.0,1.0,1.0,1.0,3.0,2.0,3.0,1.0,6.0,2.0,3.0,8.0,512.0,1.0,64.0,8.0,1.0,1.0,1.0,1.0,1.0,1.0,1.0,4.0,6.0,6.0,3.0,2.0,4.0,2.0,6.0,4.0,5.0,3.0,6.0,5.0,1.0,2.0,5.0,6.0,3.0,4.0,32.0,1.0,16.0,128.0,1.0,32.0,64.0,1.0,1.0,1.0,1.0,4.0,1.0,6.0,1.0,2.0,3.0,3.0,4.0,4.0,4.0,6.0,5.0,4.0,4.0,2.0,3.0,6.0,6.0,32.0,128.0,1.0,4.0,16.0,1.0,32.0,16.0,1.0,1.0,1.0,1.0,3.0,5.0,5.0,4.0,4.0,1.0,4.0,3.0,4.0,3.0,6.0,1.0,6.0,2.0,5.0,6.0,5.0,5.0,256.0,4.0,1.0,512.0,4.0,1.0,1.0,1.0,1.0,1.0,1.0,1.0,4.0,4.0,3.0,4.0,5.0,4.0,2.0,5.0,2.0,1.0,1.0,5.0,6.0,1.0,1.0,3.0,1.0,4.0,32.0,128.0,1.0,64.0,1.0,1.0,1.0,1.0,1.0,1.0,1.0,1.0,6.0,4.0,2.0,4.0,5.0,3.0,6.0,4.0,6.0,3.0,3.0,2.0,2.0,5.0,5.0,2.0,6.0,2.0,8.0,8.0,1.0,64.0,32.0,1.0,1.0,1.0,1.0,1.0,1.0,1.0,116805744.0,5127181.28,610809000.0,3.9313155,780.0,514.0,133120.0,598884224033272.4,14.53549,1.7447650000000001,107.6,20944.0
1024.0,32000000.0,256.0,64.0,1.0,34.0,30.0,24.0,2.0,6.0,4.0,3.0,4.0,5.0,2.0,4.0,2.0,2.0,1.0,1.0,4.0,1.0,6.0,1.0,2.0,3.0,4.0,2.0,3.0,2.0,3.0,6.0,8.0,128.0,1.0,3.0,96.0,1.0,1.0,1.0,1.0,1.0,1.0,1.0,3.0,5.0,2.0,4.0,3.0,6.0,5.0,6.0,6.0,2.0,2.0,4.0,2.0,3.0,1.0,4.0,5.0,3.0,2.0,2.0,1.0,1.0,32.0,1.0,1.0,2.0,1.0,1.0,1.0,1.0,2.0,3.0,2.0,2.0,1.0,3.0,3.0,2.0,5.0,5.0,1.0,3.0,4.0,1.0,1.0,3.0,3.0,3.0,64.0,128.0,1.0,16.0,128.0,1.0,64.0,2.0,1.0,1.0,1.0,1.0,4.0,5.0,3.0,1.0,4.0,6.0,1.0,2.0,3.0,1.0,6.0,4.0,1.0,5.0,6.0,4.0,2.0,3.0,32.0,1.0,1.0,256.0,512.0,1.0,1.0,1.0,1.0,1.0,1.0,1.0,3.0,4.0,5.0,4.0,3.0,2.0,3.0,4.0,4.0,6.0,2.0,4.0,3.0,6.0,5.0,2.0,5.0,3.0,32.0,2.0,1.0,128.0,16.0,1.0,1.0,1.0,1.0,1.0,1.0,1.0,1.0,5.0,6.0,4.0,1.0,3.0,6.0,3.0,1.0,6.0,2.0,3.0,1.0,3.0,2.0,2.0,6.0,1.0,1.0,2.0,1.0,1.0,128.0,1.0,1.0,1.0,1.0,1.0,1.0,1.0,106954872.0,15238850.399999999,10268800.0,0.12128799999999998,24.0,514.0,6448.0,1629869293959148.8,21.784610000000004,21.78873,107.6,1368.0
2048.0,32000000.0,256.0,64.0,2.0,46.0,24.0,28.0,6.0,3.0,3.0,2.0,1.0,2.0,1.0,6.0,4.0,3.0,4.0,6.0,6.0,2.0,2.0,2.0,2.0,1.0,4.0,1.0,6.0,4.0,2.0,2.0,64.0,2.0,1.0,256.0,48.0,1.0,1.0,1.0,1.0,1.0,1.0,1.0,6.0,5.0,5.0,6.0,3.0,6.0,6.0,6.0,3.0,1.0,1.0,1.0,2.0,3.0,4.0,1.0,1.0,2.0,8.0,64.0,1.0,128.0,8.0,1.0,32.0,8.0,1.0,1.0,1.0,1.0,4.0,2.0,1.0,5.0,4.0,5.0,6.0,1.0,4.0,5.0,4.0,6.0,4.0,3.0,4.0,6.0,6.0,2.0,2.0,4.0,1.0,32.0,8.0,1.0,8.0,2.0,1.0,1.0,1.0,1.0,3.0,5.0,3.0,3.0,4.0,4.0,3.0,1.0,4.0,5.0,5.0,1.0,4.0,1.0,1.0,3.0,2.0,1.0,1.0,128.0,1.0,64.0,16.0,1.0,1.0,1.0,1.0,1.0,1.0,1.0,2.0,1.0,4.0,2.0,3.0,4.0,4.0,6.0,2.0,2.0,2.0,4.0,2.0,5.0,2.0,1.0,2.0,4.0,1.0,8.0,1.0,512.0,64.0,1.0,1.0,1.0,1.0,1.0,1.0,1.0,4.0,1.0,1.0,2.0,4.0,1.0,3.0,3.0,6.0,6.0,5.0,2.0,1.0,3.0,2.0,3.0,4.0,5.0,32.0,16.0,1.0,32.0,32.0,1.0,1.0,1.0,1.0,1.0,1.0,1.0,6931302.0,4338642.66,489355000.0,3.3320754999999997,672.0,514.0,131072.0,30072442546543.32,182.30315,31.882562500000002,107.6,11110.4
64000.0,32000.0,256.0,64.0,2.0,18.0,24.0,10.0,6.0,4.0,5.0,2.0,3.0,3.0,6.0,5.0,3.0,2.0,6.0,6.0,3.0,5.0,6.0,4.0,5.0,4.0,3.0,5.0,2.0,5.0,1.0,6.0,512.0,256.0,1.0,24.0,1.0,1.0,1.0,1.0,1.0,1.0,1.0,1.0,3.0,1.0,1.0,4.0,1.0,1.0,4.0,4.0,3.0,2.0,3.0,5.0,6.0,6.0,3.0,2.0,6.0,1.0,32.0,16.0,1.0,4.0,2.0,1.0,32.0,128.0,1.0,1.0,1.0,1.0,4.0,3.0,3.0,5.0,1.0,4.0,1.0,6.0,2.0,5.0,2.0,4.0,1.0,2.0,4.0,3.0,6.0,6.0,32.0,32.0,1.0,2.0,4.0,1.0,32.0,1.0,1.0,1.0,1.0,1.0,3.0,5.0,3.0,3.0,6.0,3.0,1.0,3.0,2.0,2.0,6.0,6.0,3.0,6.0,5.0,3.0,6.0,4.0,512.0,4.0,1.0,16.0,8.0,1.0,1.0,1.0,1.0,1.0,1.0,1.0,5.0,4.0,6.0,5.0,3.0,4.0,5.0,4.0,3.0,2.0,5.0,6.0,3.0,1.0,2.0,4.0,3.0,1.0,8.0,4.0,1.0,256.0,256.0,1.0,1.0,1.0,1.0,1.0,1.0,1.0,3.0,1.0,5.0,1.0,5.0,3.0,4.0,2.0,6.0,6.0,6.0,6.0,3.0,6.0,3.0,2.0,4.0,6.0,16.0,2.0,1.0,64.0,4.0,1.0,1.0,1.0,1.0,1.0,1.0,1.0,397405284.0,4279353.43,122421000.0,1.1960320000000002,240.0,514.0,139264.0,1700637665185524.0,17.82403,5.637034676999999,107.6,17774.4
1024000.0,32000.0,256.0,64.0,1.0,4.0,16.0,48.0,3.0,5.0,6.0,1.0,4.0,2.0,1.0,2.0,3.0,2.0,6.0,3.0,5.0,3.0,5.0,1.0,1.0,1.0,3.0,3.0,5.0,5.0,3.0,6.0,64.0,64.0,1.0,16.0,48.0,1.0,1.0,1.0,1.0,1.0,1.0,1.0,1.0,1.0,2.0,5.0,5.0,3.0,1.0,4.0,3.0,6.0,4.0,5.0,6.0,3.0,5.0,6.0,5.0,2.0,32.0,4.0,1.0,4.0,2.0,1.0,64.0,1.0,1.0,1.0,1.0,1.0,2.0,6.0,1.0,6.0,5.0,3.0,3.0,1.0,5.0,5.0,1.0,5.0,4.0,1.0,4.0,2.0,3.0,4.0,2.0,4.0,1.0,16.0,32.0,1.0,8.0,1.0,1.0,1.0,1.0,1.0,3.0,3.0,3.0,1.0,5.0,1.0,4.0,1.0,6.0,2.0,4.0,3.0,6.0,2.0,2.0,3.0,2.0,6.0,64.0,64.0,1.0,16.0,8.0,1.0,1.0,1.0,1.0,1.0,1.0,1.0,4.0,4.0,4.0,6.0,6.0,3.0,1.0,2.0,2.0,4.0,1.0,4.0,4.0,5.0,3.0,2.0,1.0,2.0,1.0,16.0,1.0,256.0,1.0,1.0,1.0,1.0,1.0,1.0,1.0,1.0,1.0,1.0,6.0,2.0,6.0,5.0,6.0,1.0,2.0,2.0,3.0,1.0,5.0,1.0,1.0,2.0,1.0,4.0,64.0,256.0,1.0,8.0,32.0,1.0,1.0,1.0,1.0,1.0,1.0,1.0,2418671736.0,18628667.519999996,20379700.0,0.2285228,48.0,514.0,514.0,4.505663160996521e+16,30.06668,30.069671000000003,107.6,258.0
256000.0,16000.0,256.0,64.0,1.0,10.0,14.0,16.0,3.0,5.0,6.0,4.0,3.0,6.0,5.0,3.0,6.0,3.0,2.0,1.0,1.0,2.0,1.0,5.0,4.0,6.0,6.0,2.0,4.0,1.0,3.0,2.0,128.0,16.0,1.0,6.0,3.0,1.0,1.0,1.0,1.0,1.0,1.0,1.0,5.0,2.0,5.0,5.0,1.0,4.0,5.0,3.0,1.0,5.0,5.0,1.0,1.0,2.0,1.0,4.0,4.0,1.0,32.0,4.0,1.0,32.0,32.0,1.0,1.0,128.0,1.0,1.0,1.0,1.0,4.0,4.0,4.0,5.0,6.0,5.0,6.0,1.0,6.0,3.0,4.0,6.0,1.0,6.0,3.0,3.0,6.0,6.0,32.0,128.0,1.0,128.0,2.0,1.0,1.0,64.0,1.0,1.0,1.0,1.0,3.0,2.0,3.0,4.0,5.0,5.0,2.0,3.0,4.0,3.0,1.0,6.0,3.0,1.0,4.0,4.0,2.0,4.0,32.0,256.0,1.0,2.0,4.0,1.0,1.0,1.0,1.0,1.0,1.0,1.0,4.0,4.0,4.0,4.0,4.0,2.0,1.0,1.0,5.0,3.0,5.0,5.0,2.0,2.0,1.0,5.0,2.0,1.0,8.0,16.0,1.0,256.0,1024.0,1.0,1.0,1.0,1.0,1.0,1.0,1.0,2.0,5.0,6.0,1.0,2.0,5.0,3.0,2.0,1.0,6.0,2.0,4.0,5.0,3.0,2.0,1.0,4.0,6.0,2.0,2048.0,1.0,256.0,16.0,1.0,1.0,1.0,1.0,1.0,1.0,1.0,2422210680.0,15348555.6,7028100.0,0.08033523999999997,16.0,514.0,514.0,3.717743529689381e+16,13.0,13.446120999999998,107.6,155.6
512000.0,128000.0,256.0,64.0,2.0,24.0,26.0,14.0,5.0,6.0,3.0,1.0,2.0,2.0,2.0,2.0,6.0,4.0,6.0,4.0,2.0,2.0,5.0,5.0,5.0,3.0,3.0,6.0,3.0,2.0,1.0,1.0,32.0,512.0,1.0,768.0,16.0,1.0,1.0,1.0,1.0,1.0,1.0,1.0,6.0,1.0,2.0,2.0,1.0,3.0,2.0,4.0,4.0,4.0,5.0,4.0,2.0,6.0,6.0,1.0,6.0,3.0,64.0,1.0,1.0,32.0,128.0,1.0,4.0,64.0,1.0,1.0,1.0,1.0,5.0,1.0,6.0,2.0,1.0,4.0,2.0,1.0,1.0,5.0,4.0,4.0,2.0,4.0,4.0,2.0,3.0,3.0,4.0,32.0,1.0,1.0,64.0,1.0,32.0,32.0,1.0,1.0,1.0,1.0,2.0,5.0,5.0,4.0,2.0,2.0,4.0,5.0,1.0,2.0,3.0,6.0,4.0,6.0,2.0,4.0,5.0,2.0,2.0,1.0,1.0,512.0,4.0,1.0,1.0,1.0,1.0,1.0,1.0,1.0,4.0,3.0,2.0,4.0,5.0,6.0,3.0,6.0,1.0,1.0,4.0,2.0,3.0,4.0,1.0,3.0,3.0,6.0,16.0,16.0,1.0,2048.0,32.0,1.0,1.0,1.0,1.0,1.0,1.0,1.0,2.0,3.0,4.0,4.0,3.0,2.0,4.0,1.0,3.0,4.0,5.0,4.0,2.0,5.0,5.0,3.0,2.0,2.0,4.0,2048.0,1.0,128.0,16.0,1.0,1.0,1.0,1.0,1.0,1.0,1.0,40755612.0,6198445.420000001,208293000.0,1.8322710000000002,364.0,514.0,243712.0,252621436540697.06,68.37335000000002,14.115139999999997,107.6,27412.0
128.0,128000.0,256.0,64.0,1.0,40.0,8.0,16.0,1.0,6.0,1.0,3.0,2.0,2.0,6.0,4.0,4.0,2.0,2.0,5.0,6.0,5.0,4.0,4.0,5.0,2.0,2.0,2.0,4.0,5.0,4.0,1.0,64.0,512.0,1.0,24.0,2.0,1.0,1.0,1.0,1.0,1.0,1.0,1.0,6.0,2.0,6.0,1.0,5.0,2.0,4.0,2.0,3.0,3.0,2.0,5.0,1.0,5.0,2.0,2.0,5.0,6.0,1.0,4.0,1.0,64.0,4.0,1.0,32.0,64.0,1.0,1.0,1.0,1.0,2.0,3.0,4.0,6.0,5.0,6.0,3.0,3.0,4.0,5.0,4.0,4.0,2.0,3.0,5.0,1.0,4.0,5.0,1.0,2.0,1.0,4.0,32.0,1.0,8.0,4.0,1.0,1.0,1.0,1.0,5.0,4.0,6.0,1.0,3.0,5.0,4.0,6.0,6.0,3.0,1.0,5.0,4.0,6.0,2.0,4.0,5.0,4.0,32.0,8.0,1.0,512.0,512.0,1.0,1.0,1.0,1.0,1.0,1.0,1.0,1.0,6.0,6.0,1.0,6.0,3.0,1.0,2.0,5.0,2.0,1.0,6.0,3.0,2.0,3.0,3.0,6.0,2.0,256.0,16.0,1.0,2048.0,2048.0,1.0,1.0,1.0,1.0,1.0,1.0,1.0,1.0,3.0,6.0,4.0,1.0,3.0,3.0,4.0,4.0,4.0,6.0,3.0,6.0,2.0,4.0,2.0,1.0,1.0,256.0,16.0,1.0,16.0,2.0,1.0,1.0,1.0,1.0,1.0,1.0,1.0,157286520.0,15415201.2,7028500.0,0.08300563999999999,16.0,514.0,4384.0,2424603351847824.0,16.0,16.790639999999996,107.6,929.6
2048.0,32000.0,256.0,64.0,3.0,18.0,4.0,40.0,6.0,6.0,5.0,5.0,4.0,6.0,6.0,6.0,5.0,1.0,2.0,3.0,5.0,5.0,6.0,2.0,2.0,1.0,6.0,2.0,2.0,4.0,5.0,3.0,512.0,256.0,1.0,8.0,192.0,1.0,1.0,1.0,1.0,1.0,1.0,1.0,3.0,3.0,1.0,4.0,5.0,4.0,6.0,6.0,5.0,3.0,5.0,2.0,1.0,5.0,5.0,4.0,6.0,6.0,2.0,4.0,1.0,32.0,16.0,1.0,1.0,2.0,1.0,1.0,1.0,1.0,4.0,6.0,4.0,1.0,5.0,4.0,2.0,3.0,3.0,4.0,2.0,2.0,6.0,2.0,5.0,4.0,6.0,2.0,16.0,4.0,1.0,8.0,4.0,1.0,8.0,4.0,1.0,1.0,1.0,1.0,5.0,6.0,2.0,2.0,2.0,6.0,4.0,2.0,3.0,2.0,6.0,2.0,4.0,6.0,1.0,3.0,3.0,5.0,64.0,256.0,1.0,64.0,256.0,1.0,1.0,1.0,1.0,1.0,1.0,1.0,6.0,6.0,3.0,6.0,1.0,5.0,3.0,5.0,6.0,2.0,4.0,4.0,3.0,6.0,2.0,3.0,6.0,5.0,16.0,8.0,1.0,2.0,16.0,1.0,1.0,1.0,1.0,1.0,1.0,1.0,5.0,3.0,3.0,5.0,5.0,6.0,3.0,1.0,2.0,1.0,1.0,2.0,2.0,3.0,3.0,6.0,6.0,1.0,8.0,4.0,1.0,1.0,64.0,1.0,1.0,1.0,1.0,1.0,1.0,1.0,205434852.0,3970492.32,5335390000.0,17.066215,2880.0,514.0,458752.0,815677502126336.6,26.413335,1.3044005500000002,107.6,53196.8
256.0,2048000.0,256.0,64.0,1.0,36.0,16.0,30.0,1.0,3.0,6.0,3.0,2.0,1.0,6.0,3.0,5.0,2.0,6.0,5.0,5.0,2.0,6.0,2.0,4.0,3.0,6.0,1.0,5.0,1.0,4.0,2.0,512.0,1.0,1.0,32.0,1.0,1.0,1.0,1.0,1.0,1.0,1.0,1.0,5.0,1.0,3.0,2.0,5.0,2.0,4.0,3.0,5.0,5.0,6.0,3.0,3.0,2.0,2.0,2.0,1.0,2.0,2.0,64.0,1.0,1.0,4.0,1.0,1.0,4.0,1.0,1.0,1.0,1.0,1.0,2.0,3.0,6.0,2.0,2.0,6.0,3.0,6.0,3.0,2.0,3.0,3.0,3.0,1.0,6.0,5.0,3.0,128.0,16.0,1.0,32.0,1.0,1.0,64.0,4.0,1.0,1.0,1.0,1.0,5.0,3.0,2.0,6.0,5.0,3.0,2.0,5.0,4.0,3.0,6.0,5.0,1.0,2.0,3.0,2.0,2.0,2.0,4.0,64.0,1.0,16.0,4.0,1.0,1.0,1.0,1.0,1.0,1.0,1.0,4.0,2.0,5.0,6.0,6.0,2.0,5.0,3.0,2.0,2.0,1.0,5.0,2.0,5.0,2.0,3.0,1.0,5.0,128.0,2.0,1.0,64.0,128.0,1.0,1.0,1.0,1.0,1.0,1.0,1.0,4.0,1.0,5.0,1.0,3.0,3.0,1.0,2.0,5.0,4.0,1.0,5.0,2.0,2.0,5.0,2.0,6.0,1.0,1.0,8.0,1.0,256.0,1.0,1.0,1.0,1.0,1.0,1.0,1.0,1.0,2420244600.0,19859480.400000002,12741000.0,0.14494120000000002,30.0,514.0,514.0,4.806480019690585e+16,18.973320000000005,18.97578,107.6,200.4
2048000.0,256000.0,256.0,64.0,1.0,46.0,42.0,44.0,4.0,3.0,6.0,5.0,4.0,1.0,1.0,1.0,3.0,6.0,2.0,2.0,1.0,2.0,2.0,2.0,4.0,2.0,1.0,3.0,5.0,2.0,5.0,6.0,1.0,4.0,1.0,24.0,96.0,1.0,1.0,1.0,1.0,1.0,1.0,1.0,6.0,5.0,2.0,4.0,5.0,1.0,6.0,2.0,4.0,1.0,6.0,3.0,3.0,1.0,5.0,1.0,1.0,5.0,4.0,32.0,1.0,1.0,4.0,1.0,1.0,2.0,1.0,1.0,1.0,1.0,5.0,5.0,6.0,6.0,3.0,2.0,6.0,6.0,6.0,3.0,2.0,1.0,3.0,5.0,5.0,6.0,1.0,3.0,2.0,16.0,1.0,1.0,8.0,1.0,8.0,64.0,1.0,1.0,1.0,1.0,6.0,4.0,1.0,3.0,1.0,1.0,4.0,2.0,1.0,2.0,4.0,4.0,2.0,6.0,2.0,3.0,3.0,4.0,8.0,1.0,1.0,128.0,4.0,1.0,1.0,1.0,1.0,1.0,1.0,1.0,5.0,5.0,3.0,1.0,1.0,6.0,6.0,1.0,3.0,3.0,2.0,4.0,5.0,4.0,6.0,6.0,3.0,3.0,1.0,4.0,1.0,128.0,1024.0,1.0,1.0,1.0,1.0,1.0,1.0,1.0,3.0,1.0,3.0,6.0,1.0,2.0,3.0,1.0,6.0,6.0,5.0,1.0,5.0,2.0,2.0,4.0,1.0,5.0,256.0,8.0,1.0,256.0,1.0,1.0,1.0,1.0,1.0,1.0,1.0,1.0,2418671736.0,18858672.72,18653700.0,0.2099246,44.0,514.0,514.0,4.561293868633824e+16,30.06668,30.46742,107.6,245.2
2048.0,4096000.0,256.0,64.0,2.0,46.0,8.0,8.0,6.0,6.0,2.0,1.0,6.0,6.0,5.0,5.0,6.0,1.0,2.0,3.0,2.0,2.0,3.0,3.0,6.0,1.0,5.0,6.0,5.0,4.0,2.0,2.0,2.0,32.0,1.0,192.0,1536.0,1.0,1.0,1.0,1.0,1.0,1.0,1.0,3.0,4.0,5.0,3.0,2.0,3.0,1.0,6.0,5.0,6.0,3.0,3.0,2.0,1.0,5.0,5.0,1.0,3.0,32.0,32.0,1.0,32.0,64.0,1.0,2.0,4.0,1.0,1.0,1.0,1.0,6.0,3.0,1.0,3.0,3.0,4.0,5.0,1.0,1.0,2.0,1.0,5.0,4.0,1.0,4.0,3.0,4.0,4.0,32.0,128.0,1.0,1.0,4.0,1.0,16.0,4.0,1.0,1.0,1.0,1.0,3.0,6.0,4.0,1.0,3.0,6.0,2.0,4.0,2.0,5.0,4.0,2.0,5.0,4.0,1.0,5.0,1.0,2.0,256.0,64.0,1.0,128.0,32.0,1.0,1.0,1.0,1.0,1.0,1.0,1.0,2.0,6.0,4.0,4.0,4.0,1.0,2.0,5.0,6.0,3.0,4.0,1.0,6.0,2.0,2.0,6.0,6.0,2.0,8.0,32.0,1.0,2.0,512.0,1.0,1.0,1.0,1.0,1.0,1.0,1.0,2.0,1.0,6.0,1.0,2.0,4.0,4.0,6.0,3.0,4.0,3.0,6.0,1.0,6.0,1.0,1.0,6.0,6.0,256.0,2048.0,1.0,256.0,32.0,1.0,1.0,1.0,1.0,1.0,1.0,1.0,91398078.0,5978785.539999999,27515900.0,0.46729060000000006,64.0,514.0,663552.0,546449507130192.06,18.4,2.2522274,107.6,47913.6
128.0,4096000.0,256.0,64.0,1.0,36.0,36.0,26.0,6.0,1.0,6.0,1.0,5.0,5.0,3.0,5.0,3.0,4.0,6.0,5.0,6.0,2.0,1.0,2.0,2.0,4.0,3.0,3.0,6.0,2.0,6.0,1.0,64.0,4.0,1.0,3.0,16.0,1.0,1.0,1.0,1.0,1.0,1.0,1.0,5.0,2.0,6.0,1.0,1.0,5.0,2.0,1.0,1.0,4.0,5.0,3.0,4.0,6.0,1.0,5.0,2.0,2.0,8.0,16.0,1.0,2.0,1.0,1.0,8.0,8.0,1.0,1.0,1.0,1.0,1.0,3.0,5.0,6.0,4.0,6.0,3.0,4.0,2.0,2.0,3.0,5.0,2.0,5.0,3.0,4.0,1.0,1.0,64.0,2.0,1.0,1.0,128.0,1.0,8.0,4.0,1.0,1.0,1.0,1.0,1.0,4.0,3.0,2.0,5.0,4.0,3.0,5.0,1.0,3.0,5.0,4.0,6.0,5.0,2.0,6.0,3.0,2.0,32.0,1.0,1.0,32.0,16.0,1.0,1.0,1.0,1.0,1.0,1.0,1.0,1.0,2.0,2.0,6.0,1.0,4.0,3.0,2.0,1.0,3.0,3.0,4.0,4.0,2.0,5.0,2.0,2.0,5.0,2.0,512.0,1.0,16.0,1.0,1.0,1.0,1.0,1.0,1.0,1.0,1.0,6.0,5.0,3.0,6.0,4.0,1.0,1.0,5.0,2.0,4.0,4.0,2.0,2.0,4.0,2.0,3.0,4.0,2.0,2048.0,2048.0,1.0,8.0,512.0,1.0,1.0,1.0,1.0,1.0,1.0,1.0,98304432.0,8873518.799999999,11089000.0,0.13085939999999996,26.0,514.0,6964.0,872306225475321.5,23.90952500000001,28.417591500000004,107.6,1477.6
32000.0,2048000.0,256.0,64.0,3.0,36.0,8.0,34.0,2.0,5.0,4.0,3.0,4.0,6.0,1.0,1.0,5.0,4.0,3.0,2.0,6.0,6.0,4.0,1.0,1.0,4.0,3.0,6.0,1.0,5.0,3.0,3.0,2.0,512.0,1.0,256.0,2.0,1.0,1.0,1.0,1.0,1.0,1.0,1.0,5.0,2.0,3.0,6.0,2.0,6.0,1.0,1.0,4.0,1.0,3.0,4.0,4.0,3.0,3.0,5.0,2.0,5.0,1.0,16.0,1.0,32.0,32.0,1.0,16.0,16.0,1.0,1.0,1.0,1.0,4.0,5.0,4.0,2.0,2.0,4.0,1.0,6.0,2.0,5.0,6.0,3.0,4.0,1.0,5.0,1.0,6.0,4.0,4.0,32.0,1.0,8.0,32.0,1.0,2.0,16.0,1.0,1.0,1.0,1.0,4.0,2.0,3.0,4.0,1.0,6.0,3.0,1.0,5.0,5.0,3.0,5.0,6.0,3.0,3.0,5.0,4.0,2.0,4.0,4.0,1.0,128.0,512.0,1.0,1.0,1.0,1.0,1.0,1.0,1.0,5.0,1.0,3.0,1.0,3.0,2.0,1.0,5.0,6.0,1.0,5.0,3.0,1.0,3.0,1.0,3.0,2.0,2.0,8.0,32.0,1.0,512.0,64.0,1.0,1.0,1.0,1.0,1.0,1.0,1.0,6.0,5.0,3.0,4.0,5.0,5.0,2.0,6.0,5.0,4.0,5.0,3.0,3.0,4.0,3.0,6.0,2.0,5.0,128.0,1.0,1.0,128.0,8.0,1.0,1.0,1.0,1.0,1.0,1.0,1.0,337167252.0,4282881.300000001,52629800000.0,87.19862999999998,9792.0,514.0,458752.0,1444047318563187.8,11.0,0.5593748000000001,107.6,45926.4
2048.0,128000.0,256.0,64.0,2.0,12.0,24.0,38.0,5.0,1.0,5.0,5.0,3.0,2.0,4.0,5.0,5.0,3.0,4.0,4.0,6.0,2.0,3.0,6.0,5.0,6.0,6.0,5.0,1.0,1.0,6.0,5.0,4.0,512.0,1.0,192.0,768.0,1.0,1.0,1.0,1.0,1.0,1.0,1.0,2.0,2.0,3.0,3.0,1.0,6.0,6.0,1.0,3.0,1.0,3.0,1.0,1.0,5.0,5.0,4.0,2.0,4.0,8.0,16.0,1.0,2.0,1.0,1.0,4.0,2.0,1.0,1.0,1.0,1.0,6.0,4.0,1.0,3.0,5.0,1.0,2.0,2.0,5.0,4.0,1.0,4.0,5.0,1.0,6.0,2.0,2.0,5.0,8.0,8.0,1.0,8.0,4.0,1.0,4.0,1.0,1.0,1.0,1.0,1.0,4.0,6.0,1.0,3.0,5.0,5.0,3.0,4.0,2.0,4.0,3.0,3.0,2.0,4.0,2.0,5.0,2.0,2.0,2.0,2.0,1.0,1.0,512.0,1.0,1.0,1.0,1.0,1.0,1.0,1.0,1.0,2.0,3.0,4.0,3.0,1.0,2.0,4.0,2.0,1.0,3.0,4.0,2.0,2.0,6.0,4.0,4.0,4.0,16.0,1.0,1.0,4.0,8.0,1.0,1.0,1.0,1.0,1.0,1.0,1.0,5.0,1.0,1.0,3.0,1.0,6.0,4.0,1.0,4.0,2.0,6.0,5.0,3.0,4.0,2.0,1.0,6.0,3.0,16.0,4.0,1.0,16.0,4.0,1.0,1.0,1.0,1.0,1.0,1.0,1.0,113071296.0,6213865.98,775394000.0,4.5932615,912.0,514.0,110592.0,702609879528910.1,17.357570000000003,10.300165950000002,107.6,8518.4
1024000.0,16000.0,256.0,64.0,3.0,30.0,16.0,20.0,4.0,4.0,3.0,3.0,2.0,1.0,1.0,6.0,1.0,2.0,1.0,2.0,3.0,3.0,3.0,6.0,3.0,1.0,1.0,5.0,5.0,4.0,3.0,2.0,4.0,4.0,1.0,1536.0,16.0,1.0,1.0,1.0,1.0,1.0,1.0,1.0,5.0,6.0,2.0,1.0,4.0,5.0,5.0,1.0,1.0,1.0,6.0,6.0,3.0,4.0,6.0,5.0,4.0,4.0,16.0,4.0,1.0,16.0,128.0,1.0,16.0,64.0,1.0,1.0,1.0,1.0,5.0,1.0,4.0,6.0,5.0,4.0,6.0,6.0,5.0,2.0,2.0,2.0,2.0,2.0,6.0,5.0,1.0,1.0,4.0,128.0,1.0,64.0,1.0,1.0,64.0,1.0,1.0,1.0,1.0,1.0,4.0,6.0,5.0,2.0,1.0,2.0,3.0,1.0,1.0,3.0,3.0,3.0,6.0,1.0,3.0,3.0,6.0,6.0,4.0,32.0,1.0,128.0,64.0,1.0,1.0,1.0,1.0,1.0,1.0,1.0,6.0,5.0,1.0,3.0,5.0,5.0,2.0,2.0,4.0,5.0,5.0,4.0,4.0,1.0,2.0,2.0,4.0,4.0,32.0,32.0,1.0,16.0,512.0,1.0,1.0,1.0,1.0,1.0,1.0,1.0,1.0,5.0,1.0,2.0,2.0,6.0,1.0,1.0,1.0,2.0,2.0,2.0,4.0,1.0,1.0,2.0,4.0,4.0,32.0,4.0,1.0,2.0,32.0,1.0,1.0,1.0,1.0,1.0,1.0,1.0,17332848.0,3993866.68,50658600000.0,85.01675499999997,9600.0,514.0,792576.0,69225084096704.64,263.14664999999997,4.305625,107.6,142233.6
4096.0,1024000.0,256.0,64.0,2.0,40.0,8.0,34.0,6.0,3.0,5.0,5.0,3.0,3.0,5.0,3.0,5.0,2.0,6.0,1.0,5.0,4.0,6.0,6.0,1.0,6.0,6.0,2.0,5.0,3.0,5.0,2.0,1.0,64.0,1.0,2.0,24.0,1.0,1.0,1.0,1.0,1.0,1.0,1.0,5.0,5.0,4.0,2.0,6.0,5.0,4.0,3.0,2.0,3.0,1.0,6.0,6.0,5.0,2.0,6.0,2.0,2.0,16.0,8.0,1.0,128.0,1.0,1.0,8.0,16.0,1.0,1.0,1.0,1.0,2.0,5.0,4.0,6.0,5.0,6.0,3.0,5.0,5.0,4.0,6.0,6.0,6.0,2.0,6.0,3.0,1.0,4.0,32.0,8.0,1.0,1.0,8.0,1.0,1.0,1.0,1.0,1.0,1.0,1.0,1.0,1.0,6.0,5.0,4.0,5.0,4.0,3.0,4.0,2.0,5.0,3.0,6.0,5.0,1.0,4.0,6.0,5.0,1.0,512.0,1.0,64.0,256.0,1.0,1.0,1.0,1.0,1.0,1.0,1.0,3.0,6.0,2.0,1.0,2.0,3.0,4.0,4.0,3.0,1.0,1.0,4.0,1.0,4.0,3.0,6.0,5.0,2.0,16.0,8.0,1.0,2048.0,512.0,1.0,1.0,1.0,1.0,1.0,1.0,1.0,2.0,1.0,1.0,4.0,2.0,2.0,5.0,6.0,5.0,5.0,5.0,1.0,3.0,1.0,2.0,4.0,5.0,1.0,512.0,2048.0,1.0,4.0,1.0,1.0,1.0,1.0,1.0,1.0,1.0,1.0,410924466.0,4944000.24,143119000.0,1.4227345,272.0,514.0,528640.0,2031610658525872.0,30.2,25.893121245000007,107.6,38754.4
128000.0,256000.0,256.0,64.0,2.0,12.0,48.0,8.0,4.0,1.0,2.0,6.0,2.0,2.0,4.0,2.0,3.0,1.0,2.0,1.0,2.0,6.0,2.0,1.0,2.0,1.0,1.0,4.0,5.0,3.0,6.0,3.0,1.0,8.0,1.0,8.0,4.0,1.0,1.0,1.0,1.0,1.0,1.0,1.0,2.0,6.0,3.0,6.0,2.0,3.0,6.0,4.0,3.0,4.0,4.0,3.0,1.0,6.0,2.0,4.0,1.0,3.0,16.0,8.0,1.0,16.0,64.0,1.0,1.0,32.0,1.0,1.0,1.0,1.0,5.0,1.0,6.0,5.0,4.0,5.0,3.0,6.0,1.0,5.0,6.0,4.0,2.0,6.0,4.0,3.0,2.0,1.0,128.0,16.0,1.0,32.0,1.0,1.0,32.0,32.0,1.0,1.0,1.0,1.0,1.0,3.0,5.0,2.0,5.0,5.0,2.0,1.0,5.0,2.0,1.0,5.0,2.0,2.0,4.0,1.0,3.0,1.0,512.0,4.0,1.0,8.0,1.0,1.0,1.0,1.0,1.0,1.0,1.0,1.0,5.0,4.0,2.0,2.0,6.0,4.0,1.0,3.0,6.0,1.0,5.0,1.0,6.0,3.0,1.0,3.0,3.0,2.0,64.0,32.0,1.0,1024.0,64.0,1.0,1.0,1.0,1.0,1.0,1.0,1.0,3.0,6.0,1.0,1.0,1.0,3.0,3.0,3.0,6.0,5.0,4.0,4.0,1.0,6.0,3.0,4.0,1.0,1.0,4.0,256.0,1.0,4.0,64.0,1.0,1.0,1.0,1.0,1.0,1.0,1.0,972930426.0,8689260.18,223587000.0,1.8439329999999998,384.0,514.0,28672.0,8454045608552236.0,7.25,3.5680501000000002,107.6,2236.0
4096.0,32000.0,256.0,64.0,1.0,46.0,48.0,20.0,6.0,5.0,6.0,3.0,4.0,1.0,3.0,2.0,2.0,6.0,2.0,4.0,3.0,5.0,6.0,3.0,3.0,5.0,3.0,1.0,6.0,4.0,3.0,4.0,16.0,256.0,1.0,1.0,96.0,1.0,1.0,1.0,1.0,1.0,1.0,1.0,2.0,1.0,6.0,6.0,3.0,4.0,3.0,5.0,5.0,6.0,6.0,1.0,5.0,6.0,3.0,6.0,5.0,4.0,64.0,32.0,1.0,64.0,128.0,1.0,64.0,64.0,1.0,1.0,1.0,1.0,6.0,2.0,3.0,3.0,5.0,1.0,6.0,2.0,6.0,6.0,1.0,1.0,6.0,3.0,3.0,4.0,1.0,1.0,4.0,2.0,1.0,128.0,128.0,1.0,16.0,8.0,1.0,1.0,1.0,1.0,3.0,6.0,2.0,5.0,2.0,6.0,1.0,5.0,6.0,6.0,5.0,6.0,5.0,4.0,2.0,1.0,6.0,2.0,2.0,64.0,1.0,256.0,512.0,1.0,1.0,1.0,1.0,1.0,1.0,1.0,1.0,3.0,5.0,3.0,2.0,3.0,2.0,1.0,3.0,1.0,5.0,6.0,2.0,4.0,1.0,6.0,5.0,1.0,2.0,64.0,1.0,1.0,1024.0,1.0,1.0,1.0,1.0,1.0,1.0,1.0,2.0,6.0,4.0,3.0,4.0,5.0,5.0,1.0,4.0,3.0,2.0,3.0,1.0,4.0,2.0,3.0,1.0,1.0,64.0,256.0,1.0,32.0,128.0,1.0,1.0,1.0,1.0,1.0,1.0,1.0,128188776.0,12435000.000000002,8640490.0,0.10214688000000002,20.0,514.0,5416.0,1594027429560000.2,17.6623,15.8002335,107.6,1148.8
256000.0,16000000.0,256.0,64.0,1.0,26.0,22.0,20.0,2.0,1.0,2.0,1.0,5.0,6.0,6.0,2.0,2.0,5.0,3.0,3.0,2.0,3.0,3.0,6.0,5.0,3.0,6.0,1.0,3.0,3.0,6.0,5.0,1.0,64.0,1.0,8.0,192.0,1.0,1.0,1.0,1.0,1.0,1.0,1.0,5.0,4.0,4.0,2.0,6.0,5.0,4.0,3.0,6.0,1.0,5.0,4.0,6.0,5.0,2.0,6.0,3.0,2.0,1.0,32.0,1.0,64.0,64.0,1.0,8.0,64.0,1.0,1.0,1.0,1.0,1.0,3.0,4.0,2.0,2.0,4.0,1.0,3.0,5.0,1.0,5.0,4.0,4.0,3.0,5.0,3.0,1.0,1.0,64.0,32.0,1.0,4.0,128.0,1.0,8.0,64.0,1.0,1.0,1.0,1.0,3.0,6.0,2.0,5.0,4.0,5.0,2.0,2.0,2.0,2.0,5.0,1.0,3.0,1.0,6.0,2.0,3.0,5.0,2.0,8.0,1.0,2.0,4.0,1.0,1.0,1.0,1.0,1.0,1.0,1.0,4.0,2.0,5.0,5.0,6.0,3.0,1.0,4.0,4.0,4.0,2.0,1.0,2.0,4.0,6.0,4.0,3.0,1.0,64.0,128.0,1.0,64.0,2048.0,1.0,1.0,1.0,1.0,1.0,1.0,1.0,5.0,4.0,6.0,2.0,2.0,3.0,6.0,1.0,6.0,2.0,4.0,5.0,3.0,1.0,1.0,1.0,4.0,4.0,4.0,4.0,1.0,128.0,64.0,1.0,1.0,1.0,1.0,1.0,1.0,1.0,2516582520.0,19083808.799999997,8639980.0,0.09855491999999999,20.0,514.0,514.0,4.802597964110217e+16,1.0,1.0035149999999997,107.6,107.6
16000.0,32000.0,256.0,64.0,1.0,28.0,32.0,10.0,1.0,3.0,5.0,4.0,5.0,5.0,6.0,3.0,5.0,5.0,6.0,5.0,1.0,2.0,3.0,1.0,4.0,3.0,4.0,3.0,1.0,6.0,3.0,3.0,1.0,8.0,1.0,768.0,1536.0,1.0,1.0,1.0,1.0,1.0,1.0,1.0,6.0,1.0,1.0,1.0,6.0,5.0,2.0,6.0,3.0,2.0,1.0,2.0,5.0,5.0,4.0,2.0,5.0,5.0,1.0,32.0,1.0,64.0,32.0,1.0,16.0,32.0,1.0,1.0,1.0,1.0,2.0,2.0,6.0,3.0,6.0,1.0,3.0,5.0,3.0,4.0,1.0,5.0,6.0,3.0,5.0,2.0,5.0,6.0,2.0,1.0,1.0,4.0,4.0,1.0,8.0,1.0,1.0,1.0,1.0,1.0,3.0,2.0,4.0,3.0,5.0,1.0,3.0,4.0,1.0,2.0,5.0,4.0,1.0,6.0,6.0,1.0,1.0,3.0,2.0,4.0,1.0,2.0,512.0,1.0,1.0,1.0,1.0,1.0,1.0,1.0,4.0,6.0,3.0,3.0,1.0,2.0,2.0,3.0,2.0,5.0,2.0,6.0,4.0,6.0,1.0,2.0,2.0,2.0,64.0,32.0,1.0,1024.0,2048.0,1.0,1.0,1.0,1.0,1.0,1.0,1.0,2.0,1.0,2.0,4.0,4.0,5.0,3.0,5.0,4.0,3.0,5.0,1.0,1.0,5.0,6.0,5.0,1.0,6.0,4.0,128.0,1.0,32.0,256.0,1.0,1.0,1.0,1.0,1.0,1.0,1.0,2426536056.0,23542878.0,4640860.0,0.05269128000000001,10.0,514.0,514.0,5.712764232900917e+16,7.795603999999999,7.797457999999998,107.6,136.4
128.0,32000000.0,256.0,64.0,1.0,18.0,2.0,14.0,6.0,4.0,5.0,4.0,3.0,2.0,2.0,2.0,6.0,4.0,6.0,1.0,1.0,6.0,5.0,3.0,2.0,5.0,4.0,2.0,3.0,1.0,1.0,3.0,32.0,32.0,1.0,1536.0,2.0,1.0,1.0,1.0,1.0,1.0,1.0,1.0,1.0,2.0,3.0,2.0,3.0,3.0,3.0,5.0,1.0,6.0,2.0,3.0,6.0,1.0,1.0,6.0,2.0,3.0,64.0,8.0,1.0,32.0,32.0,1.0,128.0,128.0,1.0,1.0,1.0,1.0,2.0,6.0,4.0,5.0,1.0,3.0,1.0,6.0,4.0,2.0,1.0,3.0,2.0,3.0,6.0,5.0,2.0,4.0,32.0,4.0,1.0,2.0,2.0,1.0,8.0,8.0,1.0,1.0,1.0,1.0,3.0,1.0,6.0,4.0,6.0,1.0,1.0,2.0,3.0,2.0,4.0,5.0,6.0,1.0,1.0,2.0,6.0,4.0,2.0,4.0,1.0,32.0,8.0,1.0,1.0,1.0,1.0,1.0,1.0,1.0,5.0,4.0,3.0,1.0,2.0,5.0,3.0,5.0,4.0,4.0,5.0,3.0,2.0,6.0,1.0,3.0,2.0,5.0,4.0,512.0,1.0,32.0,64.0,1.0,1.0,1.0,1.0,1.0,1.0,1.0,1.0,5.0,4.0,1.0,4.0,5.0,4.0,4.0,6.0,2.0,6.0,3.0,5.0,4.0,4.0,6.0,5.0,6.0,64.0,1.0,1.0,2.0,2.0,1.0,1.0,1.0,1.0,1.0,1.0,1.0,182059296.0,9203354.52,6228620.0,0.07343496,14.0,514.0,3868.0,1675556244749617.8,13.012270000000001,15.632944999999998,107.6,820.0
2048000.0,16000000.0,256.0,64.0,1.0,12.0,28.0,22.0,4.0,5.0,3.0,1.0,6.0,4.0,6.0,3.0,6.0,4.0,6.0,4.0,2.0,3.0,4.0,5.0,2.0,5.0,6.0,5.0,1.0,5.0,2.0,3.0,128.0,256.0,1.0,192.0,256.0,1.0,1.0,1.0,1.0,1.0,1.0,1.0,1.0,6.0,3.0,1.0,6.0,4.0,1.0,6.0,3.0,5.0,3.0,3.0,2.0,5.0,5.0,4.0,6.0,6.0,32.0,8.0,1.0,2.0,32.0,1.0,32.0,4.0,1.0,1.0,1.0,1.0,5.0,6.0,1.0,6.0,1.0,2.0,3.0,6.0,4.0,6.0,1.0,5.0,1.0,3.0,6.0,1.0,2.0,5.0,64.0,64.0,1.0,128.0,128.0,1.0,2.0,16.0,1.0,1.0,1.0,1.0,5.0,6.0,4.0,6.0,5.0,2.0,5.0,1.0,2.0,5.0,3.0,1.0,6.0,4.0,1.0,5.0,2.0,3.0,16.0,512.0,1.0,32.0,16.0,1.0,1.0,1.0,1.0,1.0,1.0,1.0,1.0,5.0,2.0,5.0,6.0,6.0,1.0,3.0,6.0,1.0,6.0,2.0,4.0,1.0,5.0,1.0,2.0,3.0,128.0,64.0,1.0,2.0,32.0,1.0,1.0,1.0,1.0,1.0,1.0,1.0,3.0,6.0,2.0,5.0,3.0,5.0,3.0,4.0,4.0,1.0,1.0,6.0,4.0,5.0,2.0,4.0,2.0,3.0,2.0,512.0,1.0,128.0,4.0,1.0,1.0,1.0,1.0,1.0,1.0,1.0,2516582520.0,19546242.0,9452030.0,0.10774740000000001,22.0,514.0,514.0,4.918973094888984e+16,1.0,1.7910190000000006,107.6,107.6
2048000.0,4096000.0,256.0,64.0,3.0,18.0,24.0,18.0,1.0,2.0,2.0,1.0,2.0,4.0,4.0,4.0,3.0,5.0,6.0,3.0,2.0,2.0,6.0,5.0,5.0,4.0,3.0,5.0,6.0,3.0,1.0,6.0,64.0,16.0,1.0,24.0,64.0,1.0,1.0,1.0,1.0,1.0,1.0,1.0,2.0,4.0,3.0,4.0,5.0,2.0,4.0,1.0,2.0,5.0,1.0,1.0,5.0,5.0,1.0,4.0,5.0,6.0,32.0,16.0,1.0,32.0,2.0,1.0,1.0,128.0,1.0,1.0,1.0,1.0,2.0,6.0,2.0,2.0,2.0,5.0,4.0,3.0,1.0,6.0,2.0,4.0,6.0,5.0,1.0,2.0,5.0,2.0,32.0,2.0,1.0,4.0,16.0,1.0,32.0,8.0,1.0,1.0,1.0,1.0,4.0,4.0,4.0,3.0,2.0,4.0,3.0,3.0,2.0,1.0,6.0,6.0,5.0,3.0,2.0,6.0,6.0,1.0,1.0,128.0,1.0,64.0,256.0,1.0,1.0,1.0,1.0,1.0,1.0,1.0,6.0,2.0,1.0,5.0,6.0,6.0,2.0,2.0,1.0,3.0,6.0,4.0,5.0,6.0,2.0,2.0,5.0,1.0,256.0,64.0,1.0,256.0,16.0,1.0,1.0,1.0,1.0,1.0,1.0,1.0,6.0,6.0,2.0,2.0,5.0,1.0,6.0,6.0,3.0,4.0,6.0,2.0,1.0,4.0,3.0,5.0,4.0,6.0,64.0,32.0,1.0,8.0,4.0,1.0,1.0,1.0,1.0,1.0,1.0,1.0,735099564.0,4034668.96,33805600000.0,62.36812999999998,7776.0,514.0,262144.0,2965883393380333.5,20.45,0.8844950699999998,107.6,33331.2
16000.0,8192000.0,256.0,64.0,1.0,8.0,14.0,4.0,2.0,1.0,6.0,2.0,5.0,1.0,2.0,5.0,6.0,3.0,6.0,5.0,3.0,3.0,5.0,2.0,1.0,6.0,1.0,4.0,3.0,5.0,3.0,3.0,64.0,128.0,1.0,24.0,8.0,1.0,1.0,1.0,1.0,1.0,1.0,1.0,1.0,1.0,4.0,1.0,3.0,4.0,2.0,3.0,3.0,6.0,6.0,6.0,2.0,3.0,5.0,2.0,2.0,3.0,32.0,32.0,1.0,128.0,8.0,1.0,2.0,16.0,1.0,1.0,1.0,1.0,5.0,1.0,5.0,2.0,1.0,2.0,3.0,2.0,3.0,4.0,4.0,5.0,3.0,4.0,3.0,4.0,1.0,1.0,32.0,128.0,1.0,32.0,8.0,1.0,1.0,16.0,1.0,1.0,1.0,1.0,5.0,5.0,2.0,5.0,1.0,2.0,6.0,4.0,5.0,2.0,4.0,6.0,2.0,6.0,1.0,2.0,3.0,2.0,32.0,16.0,1.0,4.0,16.0,1.0,1.0,1.0,1.0,1.0,1.0,1.0,1.0,3.0,5.0,4.0,2.0,4.0,2.0,2.0,2.0,5.0,1.0,5.0,2.0,6.0,6.0,2.0,1.0,1.0,64.0,256.0,1.0,1024.0,8.0,1.0,1.0,1.0,1.0,1.0,1.0,1.0,6.0,4.0,5.0,2.0,2.0,1.0,5.0,6.0,1.0,5.0,5.0,4.0,6.0,5.0,4.0,5.0,2.0,2.0,16.0,128.0,1.0,16.0,16.0,1.0,1.0,1.0,1.0,1.0,1.0,1.0,2441085048.0,22887727.200000003,2290310.0,0.025047220000000002,4.0,514.0,514.0,5.587088865062291e+16,3.4,3.819730000000001,107.6,117.2
512.0,2048000.0,256.0,64.0,1.0,10.0,36.0,48.0,1.0,4.0,5.0,3.0,3.0,1.0,3.0,5.0,4.0,3.0,4.0,1.0,3.0,1.0,5.0,2.0,5.0,4.0,5.0,2.0,3.0,4.0,4.0,1.0,512.0,32.0,1.0,1536.0,384.0,1.0,1.0,1.0,1.0,1.0,1.0,1.0,5.0,5.0,6.0,1.0,4.0,6.0,5.0,4.0,6.0,4.0,6.0,4.0,1.0,1.0,5.0,6.0,1.0,6.0,2.0,1.0,1.0,32.0,2.0,1.0,1.0,64.0,1.0,1.0,1.0,1.0,6.0,3.0,4.0,2.0,1.0,1.0,4.0,2.0,5.0,4.0,5.0,3.0,6.0,5.0,1.0,5.0,3.0,1.0,128.0,4.0,1.0,1.0,1.0,1.0,8.0,32.0,1.0,1.0,1.0,1.0,5.0,3.0,5.0,1.0,4.0,4.0,3.0,3.0,6.0,2.0,4.0,2.0,1.0,5.0,5.0,5.0,2.0,1.0,2.0,1.0,1.0,8.0,32.0,1.0,1.0,1.0,1.0,1.0,1.0,1.0,4.0,3.0,4.0,6.0,2.0,3.0,5.0,4.0,5.0,6.0,6.0,4.0,3.0,3.0,1.0,6.0,5.0,3.0,128.0,4.0,1.0,1024.0,2.0,1.0,1.0,1.0,1.0,1.0,1.0,1.0,1.0,6.0,3.0,3.0,1.0,3.0,4.0,1.0,5.0,3.0,5.0,1.0,3.0,5.0,4.0,2.0,2.0,5.0,32.0,8.0,1.0,4.0,4.0,1.0,1.0,1.0,1.0,1.0,1.0,1.0,2418671736.0,19619184.479999997,20379700.0,0.2285228,48.0,514.0,514.0,4.745236698514585e+16,30.06668,30.072099999999995,107.6,258.0
512000.0,2048000.0,256.0,64.0,1.0,20.0,16.0,36.0,2.0,6.0,5.0,6.0,5.0,5.0,3.0,3.0,2.0,6.0,6.0,4.0,5.0,5.0,1.0,3.0,4.0,5.0,2.0,1.0,4.0,4.0,6.0,1.0,2.0,8.0,1.0,8.0,96.0,1.0,1.0,1.0,1.0,1.0,1.0,1.0,4.0,4.0,2.0,4.0,4.0,4.0,2.0,1.0,4.0,3.0,5.0,6.0,6.0,6.0,1.0,4.0,6.0,2.0,64.0,8.0,1.0,64.0,1.0,1.0,32.0,64.0,1.0,1.0,1.0,1.0,2.0,6.0,2.0,1.0,1.0,1.0,5.0,1.0,5.0,6.0,3.0,6.0,3.0,4.0,6.0,3.0,1.0,6.0,32.0,64.0,1.0,2.0,64.0,1.0,32.0,16.0,1.0,1.0,1.0,1.0,2.0,6.0,2.0,1.0,5.0,2.0,6.0,4.0,4.0,4.0,4.0,4.0,2.0,2.0,1.0,3.0,6.0,3.0,512.0,512.0,1.0,8.0,8.0,1.0,1.0,1.0,1.0,1.0,1.0,1.0,2.0,1.0,4.0,3.0,4.0,5.0,4.0,4.0,6.0,5.0,4.0,2.0,3.0,1.0,1.0,2.0,3.0,2.0,4.0,4.0,1.0,1024.0,4.0,1.0,1.0,1.0,1.0,1.0,1.0,1.0,3.0,1.0,5.0,5.0,4.0,1.0,4.0,1.0,4.0,5.0,5.0,1.0,4.0,2.0,1.0,2.0,6.0,4.0,1024.0,64.0,1.0,4.0,2.0,1.0,1.0,1.0,1.0,1.0,1.0,1.0,71958648.0,15114074.64,15251500.0,0.17900039999999995,36.0,514.0,9544.0,1087588376865486.8,32.595864999999996,32.99354500000001,107.6,2025.6
128000.0,16000000.0,256.0,64.0,1.0,36.0,46.0,38.0,5.0,6.0,4.0,5.0,6.0,1.0,1.0,2.0,4.0,6.0,1.0,4.0,4.0,4.0,5.0,2.0,6.0,3.0,1.0,4.0,1.0,1.0,6.0,6.0,16.0,64.0,1.0,384.0,128.0,1.0,1.0,1.0,1.0,1.0,1.0,1.0,6.0,1.0,5.0,5.0,6.0,6.0,2.0,3.0,1.0,1.0,4.0,2.0,4.0,6.0,4.0,3.0,1.0,1.0,2.0,64.0,1.0,2.0,128.0,1.0,16.0,16.0,1.0,1.0,1.0,1.0,6.0,4.0,5.0,2.0,6.0,4.0,5.0,4.0,3.0,1.0,4.0,4.0,2.0,1.0,2.0,5.0,1.0,2.0,8.0,4.0,1.0,32.0,32.0,1.0,4.0,32.0,1.0,1.0,1.0,1.0,6.0,1.0,3.0,1.0,5.0,5.0,4.0,1.0,3.0,6.0,2.0,2.0,5.0,4.0,3.0,3.0,1.0,2.0,16.0,1.0,1.0,8.0,512.0,1.0,1.0,1.0,1.0,1.0,1.0,1.0,5.0,6.0,6.0,4.0,1.0,1.0,5.0,1.0,1.0,4.0,6.0,2.0,4.0,2.0,2.0,1.0,4.0,4.0,128.0,8.0,1.0,1024.0,4.0,1.0,1.0,1.0,1.0,1.0,1.0,1.0,4.0,4.0,2.0,2.0,3.0,4.0,2.0,4.0,1.0,5.0,5.0,3.0,4.0,3.0,4.0,3.0,2.0,3.0,2048.0,32.0,1.0,32.0,128.0,1.0,1.0,1.0,1.0,1.0,1.0,1.0,68026488.0,15113776.32,16096200.0,0.18864,38.0,514.0,10060.0,1028137123467164.1,33.026604999999996,33.03124499999999,107.6,2135.2
1024.0,128000.0,256.0,64.0,2.0,14.0,22.0,48.0,6.0,5.0,6.0,6.0,5.0,3.0,4.0,4.0,5.0,5.0,2.0,6.0,5.0,2.0,6.0,6.0,2.0,5.0,4.0,1.0,1.0,1.0,3.0,4.0,128.0,32.0,1.0,6.0,12.0,1.0,1.0,1.0,1.0,1.0,1.0,1.0,5.0,1.0,4.0,6.0,4.0,5.0,5.0,3.0,3.0,4.0,1.0,2.0,2.0,6.0,1.0,1.0,1.0,1.0,32.0,16.0,1.0,1.0,2.0,1.0,32.0,32.0,1.0,1.0,1.0,1.0,5.0,2.0,1.0,4.0,6.0,5.0,3.0,3.0,6.0,6.0,1.0,3.0,4.0,6.0,5.0,6.0,1.0,3.0,16.0,8.0,1.0,64.0,4.0,1.0,1.0,16.0,1.0,1.0,1.0,1.0,2.0,2.0,4.0,6.0,4.0,5.0,3.0,4.0,3.0,3.0,1.0,4.0,5.0,1.0,6.0,1.0,4.0,4.0,4.0,1.0,1.0,1.0,2.0,1.0,1.0,1.0,1.0,1.0,1.0,1.0,3.0,6.0,1.0,6.0,1.0,5.0,4.0,6.0,5.0,6.0,5.0,1.0,6.0,6.0,2.0,5.0,2.0,2.0,8.0,2.0,1.0,1024.0,1024.0,1.0,1.0,1.0,1.0,1.0,1.0,1.0,2.0,1.0,1.0,1.0,1.0,6.0,1.0,4.0,3.0,3.0,5.0,6.0,5.0,1.0,1.0,2.0,2.0,6.0,1024.0,2048.0,1.0,64.0,4.0,1.0,1.0,1.0,1.0,1.0,1.0,1.0,491728404.0,5309103.359999999,975243000.0,5.538977,1056.0,514.0,541696.0,2610636921883837.0,60.63333,43.71737695,107.6,54725.4
256.0,128000.0,256.0,64.0,1.0,22.0,40.0,24.0,5.0,2.0,5.0,3.0,4.0,4.0,1.0,1.0,2.0,4.0,2.0,2.0,2.0,3.0,3.0,1.0,5.0,1.0,1.0,2.0,2.0,6.0,5.0,3.0,256.0,256.0,1.0,2.0,96.0,1.0,1.0,1.0,1.0,1.0,1.0,1.0,1.0,3.0,4.0,5.0,3.0,4.0,5.0,5.0,5.0,3.0,6.0,2.0,3.0,3.0,3.0,4.0,1.0,2.0,64.0,32.0,1.0,4.0,32.0,1.0,16.0,8.0,1.0,1.0,1.0,1.0,4.0,2.0,4.0,4.0,6.0,2.0,6.0,2.0,1.0,4.0,6.0,4.0,4.0,5.0,4.0,5.0,5.0,5.0,8.0,2.0,1.0,2.0,32.0,1.0,4.0,1.0,1.0,1.0,1.0,1.0,1.0,4.0,2.0,5.0,5.0,5.0,1.0,1.0,2.0,1.0,5.0,3.0,6.0,4.0,3.0,3.0,1.0,1.0,4.0,512.0,1.0,32.0,4.0,1.0,1.0,1.0,1.0,1.0,1.0,1.0,6.0,6.0,5.0,5.0,6.0,4.0,1.0,5.0,6.0,5.0,4.0,4.0,2.0,2.0,5.0,6.0,3.0,5.0,8.0,4.0,1.0,1.0,2048.0,1.0,1.0,1.0,1.0,1.0,1.0,1.0,2.0,3.0,1.0,6.0,3.0,2.0,5.0,2.0,3.0,6.0,6.0,4.0,4.0,4.0,5.0,1.0,4.0,4.0,4.0,4.0,1.0,32.0,128.0,1.0,1.0,1.0,1.0,1.0,1.0,1.0,107741592.0,7710191.279999999,10268800.0,0.12128799999999998,24.0,514.0,6448.0,830708283131717.8,21.748245000000004,18.4507605,107.6,1368.0
8192.0,8192000.0,256.0,64.0,1.0,22.0,34.0,36.0,3.0,3.0,3.0,1.0,3.0,6.0,2.0,3.0,3.0,3.0,5.0,6.0,3.0,6.0,5.0,3.0,3.0,3.0,5.0,6.0,3.0,1.0,6.0,1.0,8.0,512.0,1.0,96.0,12.0,1.0,1.0,1.0,1.0,1.0,1.0,1.0,6.0,6.0,1.0,6.0,2.0,1.0,6.0,4.0,3.0,2.0,4.0,1.0,2.0,1.0,5.0,2.0,3.0,5.0,8.0,2.0,1.0,8.0,8.0,1.0,8.0,4.0,1.0,1.0,1.0,1.0,1.0,2.0,1.0,2.0,4.0,2.0,3.0,4.0,3.0,6.0,2.0,4.0,4.0,4.0,6.0,6.0,6.0,3.0,128.0,2.0,1.0,1.0,128.0,1.0,32.0,64.0,1.0,1.0,1.0,1.0,6.0,5.0,5.0,5.0,6.0,4.0,4.0,2.0,3.0,1.0,1.0,1.0,1.0,4.0,1.0,2.0,4.0,5.0,128.0,512.0,1.0,4.0,128.0,1.0,1.0,1.0,1.0,1.0,1.0,1.0,6.0,1.0,2.0,2.0,1.0,2.0,3.0,4.0,6.0,6.0,5.0,3.0,2.0,5.0,4.0,5.0,6.0,3.0,128.0,32.0,1.0,1024.0,2.0,1.0,1.0,1.0,1.0,1.0,1.0,1.0,5.0,2.0,4.0,2.0,3.0,5.0,3.0,1.0,6.0,6.0,6.0,6.0,1.0,2.0,3.0,6.0,3.0,3.0,1024.0,256.0,1.0,64.0,512.0,1.0,1.0,1.0,1.0,1.0,1.0,1.0,2516582520.0,26581668.0,15250600.0,0.17238339999999996,36.0,514.0,514.0,6.689496104124336e+16,1.0,1.007736,107.6,107.6
64000.0,32000000.0,256.0,64.0,3.0,20.0,42.0,20.0,6.0,1.0,3.0,6.0,4.0,5.0,5.0,1.0,2.0,5.0,4.0,6.0,3.0,1.0,6.0,5.0,5.0,6.0,3.0,1.0,5.0,5.0,3.0,6.0,32.0,4.0,1.0,512.0,2.0,1.0,1.0,1.0,1.0,1.0,1.0,1.0,2.0,2.0,5.0,4.0,4.0,2.0,5.0,3.0,1.0,6.0,2.0,6.0,3.0,5.0,4.0,4.0,5.0,6.0,4.0,32.0,1.0,4.0,128.0,1.0,8.0,2.0,1.0,1.0,1.0,1.0,3.0,5.0,4.0,2.0,3.0,2.0,6.0,3.0,2.0,2.0,2.0,2.0,2.0,5.0,6.0,3.0,6.0,3.0,8.0,128.0,1.0,8.0,4.0,1.0,64.0,64.0,1.0,1.0,1.0,1.0,6.0,2.0,1.0,3.0,3.0,4.0,2.0,4.0,5.0,1.0,2.0,3.0,3.0,6.0,1.0,6.0,5.0,6.0,2.0,4.0,1.0,64.0,16.0,1.0,1.0,1.0,1.0,1.0,1.0,1.0,5.0,2.0,6.0,5.0,2.0,1.0,4.0,3.0,4.0,4.0,4.0,5.0,5.0,6.0,2.0,6.0,3.0,1.0,64.0,64.0,1.0,64.0,32.0,1.0,1.0,1.0,1.0,1.0,1.0,1.0,6.0,2.0,4.0,1.0,3.0,3.0,2.0,2.0,1.0,1.0,5.0,1.0,4.0,5.0,6.0,3.0,5.0,1.0,2048.0,32.0,1.0,512.0,512.0,1.0,1.0,1.0,1.0,1.0,1.0,1.0,1031133630.0,3922191.84,150294000000.0,201.62064999999998,16800.0,514.0,2752512.0,4044303909535579.0,3.364285,0.012276800000000001,107.6,205516.8
8192.0,256000.0,256.0,64.0,2.0,8.0,44.0,40.0,2.0,6.0,1.0,1.0,6.0,2.0,2.0,4.0,4.0,5.0,2.0,1.0,3.0,3.0,3.0,4.0,5.0,6.0,1.0,3.0,3.0,2.0,1.0,5.0,4.0,2.0,1.0,1.0,3.0,1.0,1.0,1.0,1.0,1.0,1.0,1.0,5.0,5.0,3.0,1.0,5.0,6.0,6.0,2.0,6.0,5.0,2.0,6.0,4.0,6.0,4.0,1.0,3.0,1.0,16.0,8.0,1.0,4.0,32.0,1.0,8.0,8.0,1.0,1.0,1.0,1.0,1.0,1.0,1.0,6.0,5.0,2.0,1.0,4.0,6.0,4.0,5.0,2.0,5.0,6.0,5.0,3.0,3.0,6.0,16.0,32.0,1.0,8.0,16.0,1.0,64.0,1.0,1.0,1.0,1.0,1.0,5.0,2.0,4.0,6.0,1.0,1.0,4.0,1.0,2.0,2.0,1.0,5.0,6.0,2.0,4.0,1.0,6.0,1.0,256.0,2.0,1.0,32.0,32.0,1.0,1.0,1.0,1.0,1.0,1.0,1.0,3.0,4.0,5.0,5.0,3.0,3.0,4.0,4.0,4.0,6.0,5.0,2.0,6.0,6.0,2.0,1.0,2.0,2.0,8.0,64.0,1.0,256.0,2.0,1.0,1.0,1.0,1.0,1.0,1.0,1.0,1.0,3.0,2.0,4.0,6.0,3.0,1.0,6.0,3.0,2.0,5.0,1.0,4.0,2.0,3.0,2.0,5.0,2.0,8.0,64.0,1.0,128.0,2.0,1.0,1.0,1.0,1.0,1.0,1.0,1.0,68918046.0,6727615.859999999,2256250000.0,9.500302999999999,1760.0,514.0,125440.0,463654139309809.5,26.460955,9.2020565,107.6,12879.2
128.0,256000.0,256.0,64.0,1.0,32.0,6.0,4.0,1.0,4.0,5.0,2.0,1.0,1.0,5.0,1.0,6.0,3.0,2.0,6.0,6.0,1.0,6.0,3.0,6.0,4.0,3.0,1.0,3.0,5.0,1.0,2.0,2.0,4.0,1.0,384.0,256.0,1.0,1.0,1.0,1.0,1.0,1.0,1.0,6.0,3.0,3.0,1.0,2.0,5.0,2.0,1.0,2.0,4.0,4.0,5.0,5.0,6.0,2.0,1.0,6.0,5.0,1.0,1.0,1.0,32.0,16.0,1.0,4.0,16.0,1.0,1.0,1.0,1.0,2.0,4.0,6.0,4.0,3.0,1.0,3.0,6.0,2.0,1.0,1.0,1.0,5.0,2.0,3.0,4.0,2.0,5.0,16.0,4.0,1.0,1.0,2.0,1.0,16.0,1.0,1.0,1.0,1.0,1.0,6.0,1.0,4.0,6.0,6.0,1.0,1.0,5.0,6.0,5.0,2.0,3.0,6.0,4.0,2.0,1.0,5.0,1.0,128.0,2.0,1.0,64.0,2.0,1.0,1.0,1.0,1.0,1.0,1.0,1.0,3.0,3.0,2.0,3.0,3.0,3.0,6.0,3.0,6.0,2.0,5.0,1.0,4.0,6.0,6.0,4.0,3.0,4.0,4.0,128.0,1.0,64.0,1024.0,1.0,1.0,1.0,1.0,1.0,1.0,1.0,3.0,1.0,5.0,3.0,5.0,2.0,4.0,4.0,2.0,1.0,6.0,5.0,1.0,3.0,2.0,5.0,6.0,3.0,256.0,4.0,1.0,32.0,4.0,1.0,1.0,1.0,1.0,1.0,1.0,1.0,2441085048.0,22657884.479999997,2290310.0,0.025047220000000002,4.0,514.0,514.0,5.530982302343925e+16,3.4,3.4132850000000006,107.6,117.2
64000.0,512000.0,256.0,64.0,3.0,20.0,38.0,24.0,4.0,4.0,4.0,5.0,2.0,3.0,4.0,2.0,3.0,4.0,3.0,3.0,2.0,3.0,6.0,4.0,5.0,4.0,6.0,4.0,1.0,1.0,2.0,1.0,2.0,16.0,1.0,384.0,4.0,1.0,1.0,1.0,1.0,1.0,1.0,1.0,6.0,2.0,6.0,1.0,4.0,6.0,5.0,4.0,3.0,1.0,1.0,3.0,6.0,2.0,4.0,6.0,6.0,3.0,64.0,2.0,1.0,32.0,1.0,1.0,2.0,64.0,1.0,1.0,1.0,1.0,4.0,6.0,1.0,1.0,3.0,3.0,3.0,3.0,6.0,3.0,6.0,6.0,3.0,3.0,5.0,4.0,2.0,4.0,2.0,128.0,1.0,2.0,2.0,1.0,8.0,4.0,1.0,1.0,1.0,1.0,1.0,5.0,6.0,3.0,4.0,4.0,4.0,5.0,4.0,4.0,5.0,1.0,2.0,1.0,2.0,4.0,5.0,1.0,4.0,128.0,1.0,512.0,128.0,1.0,1.0,1.0,1.0,1.0,1.0,1.0,4.0,1.0,4.0,5.0,6.0,3.0,4.0,3.0,2.0,3.0,3.0,1.0,1.0,1.0,4.0,4.0,2.0,6.0,4.0,8.0,1.0,8.0,512.0,1.0,1.0,1.0,1.0,1.0,1.0,1.0,2.0,4.0,2.0,4.0,1.0,2.0,1.0,2.0,6.0,3.0,3.0,2.0,6.0,5.0,3.0,5.0,5.0,6.0,64.0,2048.0,1.0,1.0,1.0,1.0,1.0,1.0,1.0,1.0,1.0,1.0,100940088.0,4601198.56,176561000000.0,229.85215,18240.0,514.0,528640.0,464445387551873.25,76.53335,10.46144605,107.6,61568.0
128.0,256000.0,256.0,64.0,3.0,16.0,34.0,6.0,5.0,2.0,3.0,5.0,4.0,2.0,4.0,3.0,3.0,6.0,5.0,1.0,6.0,3.0,3.0,1.0,1.0,6.0,6.0,4.0,2.0,3.0,3.0,1.0,8.0,512.0,1.0,24.0,32.0,1.0,1.0,1.0,1.0,1.0,1.0,1.0,6.0,5.0,2.0,3.0,2.0,3.0,2.0,2.0,1.0,2.0,2.0,3.0,5.0,5.0,4.0,5.0,3.0,6.0,1.0,8.0,1.0,64.0,4.0,1.0,1.0,1.0,1.0,1.0,1.0,1.0,5.0,6.0,6.0,2.0,5.0,3.0,2.0,6.0,1.0,5.0,5.0,2.0,1.0,3.0,3.0,5.0,5.0,5.0,128.0,4.0,1.0,16.0,8.0,1.0,8.0,32.0,1.0,1.0,1.0,1.0,4.0,5.0,2.0,2.0,4.0,3.0,2.0,2.0,2.0,1.0,2.0,4.0,4.0,1.0,6.0,6.0,6.0,6.0,64.0,2.0,1.0,8.0,4.0,1.0,1.0,1.0,1.0,1.0,1.0,1.0,6.0,4.0,4.0,3.0,2.0,3.0,4.0,5.0,6.0,4.0,3.0,6.0,6.0,2.0,4.0,4.0,4.0,4.0,2.0,1.0,1.0,16.0,8.0,1.0,1.0,1.0,1.0,1.0,1.0,1.0,6.0,3.0,6.0,2.0,5.0,4.0,2.0,2.0,3.0,3.0,5.0,3.0,6.0,4.0,4.0,2.0,4.0,4.0,128.0,16.0,1.0,512.0,1.0,1.0,1.0,1.0,1.0,1.0,1.0,1.0,788400594.0,4021282.5600000005,6685640000.0,20.24325,3264.0,514.0,2752512.0,3170381558945841.0,5.65,0.0845459,107.6,162662.4
1024.0,128000.0,256.0,64.0,3.0,14.0,48.0,14.0,4.0,3.0,6.0,5.0,3.0,1.0,6.0,2.0,2.0,3.0,2.0,4.0,1.0,6.0,6.0,1.0,4.0,4.0,1.0,5.0,6.0,2.0,3.0,3.0,128.0,256.0,1.0,1536.0,1.0,1.0,1.0,1.0,1.0,1.0,1.0,1.0,4.0,2.0,5.0,6.0,3.0,4.0,3.0,6.0,1.0,6.0,6.0,6.0,4.0,2.0,5.0,5.0,1.0,4.0,16.0,64.0,1.0,128.0,128.0,1.0,128.0,4.0,1.0,1.0,1.0,1.0,6.0,3.0,1.0,3.0,6.0,5.0,3.0,2.0,4.0,4.0,1.0,5.0,6.0,1.0,6.0,1.0,3.0,5.0,32.0,16.0,1.0,128.0,32.0,1.0,4.0,8.0,1.0,1.0,1.0,1.0,4.0,2.0,6.0,6.0,1.0,6.0,3.0,3.0,1.0,6.0,2.0,4.0,3.0,6.0,6.0,2.0,2.0,1.0,1.0,8.0,1.0,256.0,64.0,1.0,1.0,1.0,1.0,1.0,1.0,1.0,4.0,4.0,6.0,6.0,6.0,1.0,1.0,4.0,4.0,2.0,3.0,3.0,6.0,3.0,3.0,1.0,6.0,4.0,2.0,64.0,1.0,2048.0,1024.0,1.0,1.0,1.0,1.0,1.0,1.0,1.0,2.0,6.0,2.0,4.0,3.0,2.0,3.0,6.0,4.0,3.0,5.0,1.0,1.0,1.0,3.0,4.0,2.0,6.0,128.0,256.0,1.0,4.0,2.0,1.0,1.0,1.0,1.0,1.0,1.0,1.0,722110284.0,4892237.84,48724900000.0,82.55177499999999,9408.0,514.0,1245184.0,3532735256037946.5,30.23,0.74916975,107.6,147097.6
512000.0,4096000.0,256.0,64.0,2.0,10.0,46.0,36.0,6.0,3.0,6.0,6.0,4.0,4.0,5.0,4.0,4.0,5.0,2.0,6.0,3.0,2.0,6.0,3.0,4.0,4.0,1.0,4.0,3.0,5.0,1.0,6.0,4.0,8.0,1.0,768.0,12.0,1.0,1.0,1.0,1.0,1.0,1.0,1.0,3.0,5.0,1.0,3.0,5.0,5.0,6.0,4.0,6.0,6.0,5.0,3.0,5.0,3.0,2.0,5.0,2.0,4.0,16.0,8.0,1.0,64.0,128.0,1.0,1.0,2.0,1.0,1.0,1.0,1.0,3.0,5.0,2.0,2.0,6.0,1.0,6.0,4.0,3.0,6.0,2.0,4.0,4.0,3.0,3.0,1.0,4.0,6.0,4.0,32.0,1.0,64.0,2.0,1.0,4.0,8.0,1.0,1.0,1.0,1.0,5.0,5.0,3.0,5.0,4.0,4.0,4.0,4.0,1.0,1.0,4.0,2.0,3.0,6.0,2.0,2.0,2.0,2.0,2.0,32.0,1.0,16.0,2.0,1.0,1.0,1.0,1.0,1.0,1.0,1.0,4.0,6.0,1.0,1.0,1.0,1.0,5.0,6.0,4.0,2.0,2.0,2.0,2.0,1.0,6.0,4.0,5.0,1.0,16.0,512.0,1.0,256.0,64.0,1.0,1.0,1.0,1.0,1.0,1.0,1.0,4.0,6.0,4.0,5.0,6.0,2.0,6.0,2.0,3.0,6.0,4.0,1.0,2.0,2.0,4.0,1.0,1.0,4.0,2048.0,4.0,1.0,128.0,16.0,1.0,1.0,1.0,1.0,1.0,1.0,1.0,69826776.0,4173999.98,2035220000.0,8.896025999999999,1656.0,514.0,212992.0,291456961627464.5,62.40000499999999,23.776684449999998,107.6,21455.2
256000.0,2048000.0,256.0,64.0,3.0,26.0,34.0,28.0,2.0,5.0,3.0,6.0,3.0,6.0,5.0,6.0,3.0,1.0,3.0,5.0,3.0,2.0,5.0,1.0,4.0,4.0,1.0,4.0,4.0,2.0,6.0,1.0,128.0,512.0,1.0,48.0,8.0,1.0,1.0,1.0,1.0,1.0,1.0,1.0,6.0,4.0,1.0,4.0,3.0,4.0,2.0,4.0,6.0,5.0,5.0,2.0,1.0,5.0,2.0,3.0,6.0,4.0,64.0,8.0,1.0,128.0,2.0,1.0,4.0,128.0,1.0,1.0,1.0,1.0,2.0,6.0,5.0,1.0,3.0,3.0,4.0,2.0,2.0,3.0,1.0,4.0,2.0,4.0,1.0,6.0,3.0,4.0,1.0,16.0,1.0,2.0,8.0,1.0,8.0,32.0,1.0,1.0,1.0,1.0,3.0,4.0,3.0,4.0,1.0,6.0,5.0,6.0,6.0,5.0,4.0,3.0,6.0,6.0,4.0,2.0,6.0,3.0,2.0,4.0,1.0,2.0,8.0,1.0,1.0,1.0,1.0,1.0,1.0,1.0,5.0,3.0,4.0,5.0,6.0,5.0,2.0,3.0,3.0,1.0,3.0,6.0,4.0,1.0,3.0,1.0,4.0,3.0,16.0,16.0,1.0,8.0,1.0,1.0,1.0,1.0,1.0,1.0,1.0,1.0,4.0,2.0,5.0,3.0,2.0,1.0,1.0,6.0,4.0,4.0,2.0,6.0,6.0,6.0,6.0,6.0,2.0,2.0,2.0,1.0,1.0,1.0,4.0,1.0,1.0,1.0,1.0,1.0,1.0,1.0,1849477716.0,6212707.199999999,321737000000.0,382.37005,24752.0,514.0,192512.0,1.1490263522432754e+16,2.2,0.15434075,107.6,37111.2
1024000.0,64000.0,256.0,64.0,3.0,10.0,34.0,4.0,3.0,3.0,5.0,4.0,4.0,3.0,6.0,3.0,3.0,3.0,1.0,2.0,5.0,5.0,3.0,6.0,5.0,3.0,4.0,3.0,3.0,3.0,6.0,5.0,32.0,64.0,1.0,128.0,96.0,1.0,1.0,1.0,1.0,1.0,1.0,1.0,4.0,5.0,3.0,2.0,1.0,4.0,1.0,2.0,4.0,4.0,3.0,6.0,4.0,4.0,2.0,6.0,4.0,5.0,32.0,64.0,1.0,16.0,64.0,1.0,1.0,1.0,1.0,1.0,1.0,1.0,4.0,1.0,3.0,2.0,2.0,1.0,5.0,6.0,4.0,6.0,4.0,2.0,1.0,3.0,1.0,4.0,2.0,5.0,4.0,2.0,1.0,4.0,32.0,1.0,4.0,32.0,1.0,1.0,1.0,1.0,1.0,6.0,5.0,3.0,4.0,4.0,3.0,3.0,1.0,5.0,1.0,6.0,4.0,2.0,2.0,2.0,4.0,5.0,8.0,256.0,1.0,16.0,4.0,1.0,1.0,1.0,1.0,1.0,1.0,1.0,5.0,5.0,6.0,5.0,2.0,2.0,5.0,6.0,4.0,2.0,4.0,2.0,4.0,5.0,2.0,4.0,4.0,4.0,1.0,128.0,1.0,256.0,4.0,1.0,1.0,1.0,1.0,1.0,1.0,1.0,5.0,4.0,1.0,4.0,1.0,1.0,6.0,3.0,3.0,1.0,4.0,3.0,4.0,3.0,5.0,3.0,3.0,3.0,512.0,2048.0,1.0,2.0,256.0,1.0,1.0,1.0,1.0,1.0,1.0,1.0,2448676704.0,4051601.2600000002,1466570000.0,7.4269750000000005,1360.0,514.0,1638400.0,9921061619259048.0,4.93846,0.23886213500000006,107.6,103526.4
1024000.0,256000.0,256.0,64.0,1.0,46.0,46.0,32.0,5.0,3.0,3.0,6.0,1.0,6.0,3.0,2.0,1.0,2.0,2.0,3.0,2.0,6.0,6.0,6.0,3.0,4.0,2.0,4.0,5.0,3.0,3.0,2.0,512.0,16.0,1.0,512.0,1536.0,1.0,1.0,1.0,1.0,1.0,1.0,1.0,4.0,3.0,6.0,6.0,4.0,6.0,5.0,5.0,4.0,2.0,6.0,5.0,4.0,6.0,3.0,6.0,5.0,6.0,4.0,64.0,1.0,2.0,4.0,1.0,16.0,128.0,1.0,1.0,1.0,1.0,5.0,6.0,1.0,6.0,3.0,4.0,6.0,3.0,5.0,2.0,2.0,6.0,2.0,1.0,6.0,5.0,6.0,1.0,2.0,64.0,1.0,64.0,2.0,1.0,16.0,1.0,1.0,1.0,1.0,1.0,2.0,1.0,2.0,4.0,1.0,6.0,3.0,6.0,1.0,6.0,6.0,6.0,3.0,5.0,3.0,4.0,4.0,3.0,1.0,32.0,1.0,32.0,32.0,1.0,1.0,1.0,1.0,1.0,1.0,1.0,6.0,5.0,5.0,3.0,4.0,4.0,1.0,6.0,5.0,4.0,2.0,4.0,3.0,4.0,6.0,2.0,5.0,3.0,64.0,32.0,1.0,1024.0,16.0,1.0,1.0,1.0,1.0,1.0,1.0,1.0,5.0,1.0,3.0,3.0,5.0,1.0,1.0,1.0,3.0,2.0,5.0,6.0,4.0,4.0,5.0,1.0,1.0,4.0,512.0,4.0,1.0,8.0,4.0,1.0,1.0,1.0,1.0,1.0,1.0,1.0,2516582520.0,22832723.999999996,13573500.0,0.15387199999999998,32.0,514.0,514.0,5.746043410238447e+16,1.0,1.0073459999999999,107.6,107.6
64000.0,256000.0,256.0,64.0,2.0,16.0,28.0,16.0,3.0,4.0,6.0,3.0,2.0,5.0,2.0,5.0,2.0,3.0,6.0,1.0,5.0,4.0,3.0,3.0,1.0,5.0,1.0,6.0,5.0,2.0,1.0,1.0,16.0,16.0,1.0,512.0,24.0,1.0,1.0,1.0,1.0,1.0,1.0,1.0,2.0,3.0,4.0,2.0,4.0,5.0,1.0,4.0,1.0,6.0,4.0,5.0,2.0,5.0,4.0,6.0,4.0,3.0,32.0,8.0,1.0,64.0,32.0,1.0,128.0,4.0,1.0,1.0,1.0,1.0,3.0,6.0,2.0,3.0,4.0,3.0,4.0,4.0,5.0,3.0,6.0,2.0,6.0,3.0,1.0,2.0,2.0,4.0,16.0,16.0,1.0,16.0,2.0,1.0,16.0,64.0,1.0,1.0,1.0,1.0,5.0,1.0,3.0,5.0,2.0,3.0,4.0,4.0,3.0,1.0,2.0,4.0,3.0,6.0,6.0,5.0,6.0,2.0,64.0,8.0,1.0,1.0,1.0,1.0,1.0,1.0,1.0,1.0,1.0,1.0,6.0,3.0,3.0,4.0,5.0,2.0,3.0,6.0,4.0,4.0,5.0,2.0,3.0,3.0,5.0,6.0,6.0,3.0,2.0,8.0,1.0,128.0,64.0,1.0,1.0,1.0,1.0,1.0,1.0,1.0,1.0,3.0,5.0,3.0,5.0,6.0,2.0,4.0,4.0,6.0,1.0,2.0,3.0,1.0,2.0,5.0,4.0,3.0,2048.0,1.0,1.0,512.0,1.0,1.0,1.0,1.0,1.0,1.0,1.0,1.0,2438225484.0,13131646.959999997,275337000.0,2.1755195000000005,448.0,514.0,17152.0,3.201791626476312e+16,8.2,0.96954797,107.6,6285.7
1024000.0,2048000.0,256.0,64.0,2.0,24.0,12.0,10.0,1.0,6.0,5.0,1.0,6.0,1.0,5.0,3.0,3.0,1.0,3.0,3.0,5.0,1.0,3.0,5.0,5.0,5.0,3.0,2.0,2.0,2.0,3.0,3.0,32.0,16.0,1.0,32.0,128.0,1.0,1.0,1.0,1.0,1.0,1.0,1.0,4.0,2.0,6.0,6.0,4.0,1.0,2.0,3.0,6.0,6.0,5.0,5.0,6.0,2.0,5.0,4.0,4.0,6.0,64.0,32.0,1.0,1.0,16.0,1.0,64.0,4.0,1.0,1.0,1.0,1.0,2.0,4.0,2.0,5.0,4.0,2.0,5.0,5.0,6.0,3.0,3.0,5.0,6.0,2.0,5.0,2.0,2.0,3.0,1.0,32.0,1.0,1.0,2.0,1.0,16.0,1.0,1.0,1.0,1.0,1.0,6.0,4.0,2.0,3.0,4.0,3.0,1.0,3.0,1.0,2.0,2.0,4.0,3.0,4.0,3.0,1.0,1.0,3.0,512.0,16.0,1.0,256.0,128.0,1.0,1.0,1.0,1.0,1.0,1.0,1.0,3.0,1.0,6.0,3.0,6.0,6.0,2.0,4.0,4.0,3.0,1.0,4.0,3.0,5.0,5.0,6.0,1.0,3.0,2.0,1.0,1.0,4.0,1.0,1.0,1.0,1.0,1.0,1.0,1.0,1.0,6.0,3.0,1.0,6.0,6.0,5.0,6.0,6.0,4.0,3.0,5.0,6.0,1.0,2.0,5.0,4.0,6.0,5.0,32.0,128.0,1.0,128.0,256.0,1.0,1.0,1.0,1.0,1.0,1.0,1.0,382767462.0,8443293.080000002,54251300.0,0.6304922000000001,120.0,514.0,139264.0,3231817863153763.5,10.90795,4.302134499999999,107.6,19272.4
2048.0,4096000.0,256.0,64.0,2.0,2.0,8.0,10.0,1.0,5.0,4.0,3.0,6.0,2.0,1.0,2.0,1.0,6.0,6.0,2.0,4.0,6.0,4.0,3.0,5.0,5.0,1.0,5.0,2.0,1.0,1.0,1.0,8.0,2.0,1.0,128.0,48.0,1.0,1.0,1.0,1.0,1.0,1.0,1.0,3.0,2.0,6.0,4.0,2.0,5.0,6.0,2.0,2.0,3.0,4.0,1.0,3.0,4.0,4.0,6.0,1.0,1.0,8.0,2.0,1.0,16.0,32.0,1.0,8.0,4.0,1.0,1.0,1.0,1.0,6.0,3.0,2.0,1.0,6.0,2.0,4.0,3.0,6.0,3.0,4.0,5.0,6.0,3.0,1.0,3.0,4.0,6.0,8.0,8.0,1.0,1.0,8.0,1.0,32.0,2.0,1.0,1.0,1.0,1.0,1.0,3.0,3.0,1.0,1.0,5.0,5.0,4.0,2.0,2.0,5.0,1.0,6.0,5.0,5.0,1.0,4.0,6.0,512.0,32.0,1.0,4.0,2.0,1.0,1.0,1.0,1.0,1.0,1.0,1.0,2.0,6.0,6.0,3.0,1.0,4.0,2.0,3.0,5.0,2.0,4.0,1.0,1.0,6.0,3.0,3.0,6.0,6.0,2.0,2.0,1.0,4.0,16.0,1.0,1.0,1.0,1.0,1.0,1.0,1.0,6.0,4.0,1.0,5.0,4.0,6.0,4.0,1.0,3.0,6.0,4.0,6.0,4.0,5.0,2.0,3.0,6.0,5.0,8.0,8.0,1.0,16.0,16.0,1.0,1.0,1.0,1.0,1.0,1.0,1.0,526639356.0,8618140.18,34776400.0,0.3820643,80.0,514.0,12992.0,4538651794312924.0,4.78,2.089344600000001,107.6,1592.8
512.0,256000.0,256.0,64.0,3.0,48.0,16.0,10.0,4.0,3.0,1.0,6.0,1.0,2.0,5.0,2.0,1.0,6.0,2.0,5.0,4.0,3.0,3.0,3.0,3.0,3.0,2.0,2.0,4.0,5.0,5.0,2.0,64.0,256.0,1.0,128.0,2.0,1.0,1.0,1.0,1.0,1.0,1.0,1.0,4.0,6.0,4.0,5.0,6.0,2.0,5.0,6.0,1.0,6.0,6.0,1.0,6.0,4.0,2.0,4.0,5.0,2.0,4.0,16.0,1.0,32.0,8.0,1.0,64.0,2.0,1.0,1.0,1.0,1.0,2.0,4.0,4.0,1.0,5.0,3.0,4.0,4.0,1.0,4.0,1.0,5.0,3.0,6.0,5.0,5.0,3.0,1.0,16.0,128.0,1.0,1.0,32.0,1.0,4.0,8.0,1.0,1.0,1.0,1.0,4.0,6.0,6.0,6.0,5.0,6.0,4.0,2.0,1.0,1.0,1.0,4.0,2.0,2.0,4.0,1.0,1.0,4.0,2.0,64.0,1.0,64.0,16.0,1.0,1.0,1.0,1.0,1.0,1.0,1.0,3.0,4.0,2.0,3.0,6.0,3.0,3.0,5.0,5.0,4.0,2.0,1.0,3.0,2.0,2.0,5.0,2.0,6.0,512.0,8.0,1.0,2.0,256.0,1.0,1.0,1.0,1.0,1.0,1.0,1.0,1.0,3.0,2.0,5.0,5.0,5.0,6.0,6.0,1.0,4.0,5.0,5.0,3.0,5.0,6.0,2.0,1.0,1.0,2.0,1.0,1.0,8.0,1.0,1.0,1.0,1.0,1.0,1.0,1.0,1.0,517060188.0,6138150.200000001,33012500000.0,61.301315000000024,7680.0,514.0,458752.0,3173793096384238.0,24.5,0.9596707500000001,107.6,40475.2
2048000.0,256000.0,256.0,64.0,2.0,6.0,6.0,6.0,3.0,5.0,4.0,6.0,6.0,2.0,4.0,4.0,3.0,1.0,2.0,6.0,2.0,1.0,1.0,3.0,1.0,1.0,4.0,1.0,2.0,3.0,6.0,5.0,2.0,8.0,1.0,3.0,2.0,1.0,1.0,1.0,1.0,1.0,1.0,1.0,1.0,2.0,5.0,4.0,1.0,6.0,1.0,4.0,1.0,1.0,6.0,6.0,3.0,4.0,4.0,3.0,6.0,2.0,2.0,1.0,1.0,4.0,16.0,1.0,1.0,32.0,1.0,1.0,1.0,1.0,2.0,2.0,3.0,5.0,4.0,4.0,2.0,5.0,3.0,3.0,4.0,5.0,3.0,6.0,6.0,1.0,5.0,2.0,128.0,64.0,1.0,2.0,128.0,1.0,1.0,2.0,1.0,1.0,1.0,1.0,4.0,4.0,4.0,5.0,2.0,6.0,3.0,1.0,4.0,4.0,1.0,2.0,4.0,1.0,2.0,5.0,4.0,4.0,32.0,1.0,1.0,8.0,256.0,1.0,1.0,1.0,1.0,1.0,1.0,1.0,6.0,3.0,3.0,3.0,6.0,1.0,3.0,5.0,5.0,3.0,3.0,4.0,5.0,6.0,1.0,6.0,4.0,2.0,256.0,64.0,1.0,1.0,32.0,1.0,1.0,1.0,1.0,1.0,1.0,1.0,1.0,3.0,3.0,5.0,4.0,6.0,2.0,6.0,4.0,4.0,3.0,2.0,6.0,6.0,4.0,3.0,2.0,6.0,256.0,4.0,1.0,128.0,16.0,1.0,1.0,1.0,1.0,1.0,1.0,1.0,2531131722.0,10979412.739999998,15252300.0,0.17694864999999996,36.0,514.0,16768.0,2.7790339875144936e+16,1.0,0.8504731499999998,107.6,1430.8
64000.0,8192000.0,256.0,64.0,2.0,6.0,46.0,20.0,2.0,3.0,1.0,4.0,3.0,4.0,1.0,5.0,6.0,2.0,6.0,1.0,6.0,3.0,6.0,2.0,6.0,2.0,6.0,1.0,1.0,4.0,6.0,1.0,16.0,64.0,1.0,32.0,4.0,1.0,1.0,1.0,1.0,1.0,1.0,1.0,1.0,4.0,5.0,5.0,3.0,6.0,6.0,3.0,5.0,4.0,3.0,6.0,5.0,1.0,5.0,2.0,6.0,4.0,1.0,32.0,1.0,32.0,128.0,1.0,16.0,4.0,1.0,1.0,1.0,1.0,1.0,1.0,3.0,2.0,6.0,5.0,3.0,4.0,3.0,3.0,2.0,2.0,5.0,3.0,4.0,6.0,3.0,3.0,2.0,4.0,1.0,64.0,32.0,1.0,32.0,4.0,1.0,1.0,1.0,1.0,2.0,6.0,5.0,4.0,4.0,2.0,3.0,2.0,3.0,6.0,1.0,2.0,1.0,3.0,4.0,5.0,1.0,1.0,512.0,1.0,1.0,2.0,2.0,1.0,1.0,1.0,1.0,1.0,1.0,1.0,2.0,4.0,2.0,5.0,4.0,2.0,1.0,4.0,1.0,4.0,4.0,3.0,2.0,5.0,2.0,6.0,4.0,6.0,64.0,512.0,1.0,512.0,128.0,1.0,1.0,1.0,1.0,1.0,1.0,1.0,1.0,4.0,3.0,4.0,6.0,3.0,5.0,6.0,5.0,3.0,5.0,6.0,3.0,5.0,1.0,5.0,4.0,1.0,2.0,8.0,1.0,16.0,32.0,1.0,1.0,1.0,1.0,1.0,1.0,1.0,2518230312.0,7312994.779999998,785935000.0,4.621231499999998,920.0,514.0,65536.0,1.841580512649377e+16,1.0,0.6737821799999999,107.6,4102.6
1024000.0,16000.0,256.0,64.0,1.0,38.0,36.0,10.0,2.0,6.0,4.0,2.0,5.0,3.0,1.0,1.0,1.0,6.0,1.0,6.0,6.0,3.0,6.0,2.0,2.0,1.0,4.0,2.0,1.0,3.0,5.0,1.0,256.0,128.0,1.0,24.0,192.0,1.0,1.0,1.0,1.0,1.0,1.0,1.0,5.0,4.0,4.0,1.0,4.0,3.0,6.0,1.0,5.0,1.0,4.0,4.0,2.0,4.0,6.0,6.0,5.0,2.0,4.0,8.0,1.0,64.0,32.0,1.0,8.0,8.0,1.0,1.0,1.0,1.0,4.0,5.0,1.0,5.0,3.0,1.0,6.0,1.0,4.0,4.0,5.0,4.0,5.0,4.0,4.0,2.0,6.0,4.0,2.0,1.0,1.0,1.0,4.0,1.0,2.0,16.0,1.0,1.0,1.0,1.0,3.0,6.0,1.0,4.0,2.0,1.0,4.0,2.0,3.0,5.0,2.0,6.0,3.0,2.0,2.0,3.0,6.0,5.0,128.0,256.0,1.0,4.0,2.0,1.0,1.0,1.0,1.0,1.0,1.0,1.0,5.0,3.0,1.0,5.0,4.0,1.0,1.0,3.0,3.0,2.0,4.0,5.0,3.0,6.0,2.0,4.0,6.0,2.0,4.0,4.0,1.0,1.0,1024.0,1.0,1.0,1.0,1.0,1.0,1.0,1.0,4.0,5.0,5.0,1.0,1.0,1.0,4.0,1.0,4.0,5.0,5.0,6.0,5.0,5.0,1.0,5.0,2.0,1.0,128.0,1024.0,1.0,2.0,64.0,1.0,1.0,1.0,1.0,1.0,1.0,1.0,253624440.0,15522176.160000004,4641100.0,0.054293460000000016,10.0,514.0,2836.0,3936803236161351.5,9.859748499999997,10.253972500000001,107.6,600.8
8192.0,16000000.0,256.0,64.0,3.0,34.0,30.0,14.0,3.0,6.0,5.0,6.0,3.0,4.0,1.0,5.0,5.0,3.0,1.0,4.0,2.0,6.0,1.0,1.0,4.0,1.0,4.0,1.0,1.0,4.0,5.0,5.0,32.0,8.0,1.0,48.0,6.0,1.0,1.0,1.0,1.0,1.0,1.0,1.0,4.0,5.0,5.0,2.0,1.0,5.0,1.0,1.0,6.0,3.0,2.0,6.0,6.0,3.0,3.0,3.0,5.0,6.0,1.0,16.0,1.0,8.0,32.0,1.0,64.0,4.0,1.0,1.0,1.0,1.0,1.0,5.0,4.0,1.0,2.0,4.0,1.0,6.0,2.0,4.0,5.0,3.0,4.0,2.0,4.0,1.0,1.0,3.0,4.0,128.0,1.0,32.0,8.0,1.0,32.0,8.0,1.0,1.0,1.0,1.0,1.0,5.0,5.0,6.0,5.0,1.0,6.0,3.0,2.0,3.0,5.0,3.0,2.0,6.0,4.0,5.0,3.0,6.0,16.0,4.0,1.0,128.0,64.0,1.0,1.0,1.0,1.0,1.0,1.0,1.0,3.0,2.0,6.0,5.0,1.0,3.0,2.0,5.0,2.0,1.0,5.0,2.0,1.0,2.0,2.0,4.0,5.0,6.0,1.0,1.0,1.0,32.0,512.0,1.0,1.0,1.0,1.0,1.0,1.0,1.0,4.0,5.0,4.0,3.0,6.0,4.0,1.0,1.0,5.0,2.0,1.0,3.0,4.0,5.0,1.0,6.0,1.0,2.0,16.0,32.0,1.0,32.0,32.0,1.0,1.0,1.0,1.0,1.0,1.0,1.0,326094630.0,6703032.199999999,109411000000.0,155.3017,14280.0,514.0,487424.0,2185822805137085.8,22.0,0.52402325,107.6,84595.2
256.0,128000.0,256.0,64.0,2.0,34.0,42.0,32.0,5.0,5.0,1.0,2.0,2.0,4.0,1.0,1.0,2.0,2.0,1.0,5.0,1.0,2.0,5.0,1.0,5.0,1.0,6.0,5.0,4.0,2.0,2.0,5.0,128.0,1.0,1.0,768.0,6.0,1.0,1.0,1.0,1.0,1.0,1.0,1.0,2.0,5.0,6.0,3.0,5.0,1.0,1.0,4.0,2.0,3.0,2.0,5.0,3.0,6.0,3.0,4.0,1.0,1.0,8.0,4.0,1.0,2.0,32.0,1.0,1.0,32.0,1.0,1.0,1.0,1.0,1.0,6.0,5.0,5.0,3.0,4.0,4.0,6.0,1.0,3.0,5.0,2.0,2.0,5.0,4.0,2.0,1.0,2.0,128.0,1.0,1.0,8.0,16.0,1.0,32.0,8.0,1.0,1.0,1.0,1.0,3.0,3.0,3.0,6.0,1.0,6.0,3.0,4.0,3.0,6.0,2.0,6.0,6.0,5.0,4.0,6.0,1.0,5.0,4.0,512.0,1.0,16.0,128.0,1.0,1.0,1.0,1.0,1.0,1.0,1.0,5.0,1.0,6.0,3.0,6.0,1.0,1.0,6.0,6.0,1.0,1.0,3.0,4.0,5.0,4.0,1.0,4.0,5.0,256.0,8.0,1.0,8.0,128.0,1.0,1.0,1.0,1.0,1.0,1.0,1.0,1.0,1.0,6.0,6.0,5.0,1.0,3.0,5.0,3.0,5.0,2.0,5.0,4.0,6.0,3.0,1.0,4.0,6.0,1.0,64.0,1.0,64.0,8.0,1.0,1.0,1.0,1.0,1.0,1.0,1.0,10759818.0,5280185.920000002,1438210000.0,7.009549500000002,1344.0,514.0,93440.0,56813839505362.58,182.13375,23.738964999999997,107.6,9353.2
512000.0,1024000.0,256.0,64.0,1.0,2.0,46.0,42.0,4.0,6.0,3.0,2.0,2.0,3.0,3.0,6.0,6.0,6.0,6.0,5.0,2.0,5.0,5.0,6.0,2.0,3.0,5.0,1.0,2.0,3.0,1.0,5.0,1.0,256.0,1.0,24.0,512.0,1.0,1.0,1.0,1.0,1.0,1.0,1.0,5.0,3.0,3.0,1.0,2.0,1.0,3.0,6.0,2.0,2.0,6.0,2.0,2.0,4.0,1.0,1.0,6.0,5.0,64.0,64.0,1.0,1.0,64.0,1.0,32.0,4.0,1.0,1.0,1.0,1.0,6.0,3.0,2.0,3.0,3.0,4.0,2.0,1.0,2.0,3.0,4.0,1.0,6.0,2.0,3.0,6.0,6.0,4.0,4.0,128.0,1.0,16.0,4.0,1.0,16.0,32.0,1.0,1.0,1.0,1.0,3.0,1.0,4.0,1.0,5.0,3.0,2.0,2.0,5.0,3.0,1.0,1.0,3.0,5.0,4.0,5.0,5.0,2.0,2.0,2.0,1.0,512.0,2.0,1.0,1.0,1.0,1.0,1.0,1.0,1.0,4.0,3.0,2.0,5.0,2.0,6.0,5.0,5.0,2.0,3.0,4.0,6.0,6.0,5.0,2.0,2.0,5.0,1.0,64.0,64.0,1.0,16.0,1024.0,1.0,1.0,1.0,1.0,1.0,1.0,1.0,3.0,6.0,6.0,5.0,4.0,3.0,6.0,3.0,2.0,1.0,4.0,4.0,2.0,4.0,3.0,2.0,5.0,5.0,512.0,2048.0,1.0,64.0,4.0,1.0,1.0,1.0,1.0,1.0,1.0,1.0,62521464.0,15143307.36,17797900.0,0.20792899999999997,42.0,514.0,11092.0,946781745949175.0,33.70393,33.708569999999995,107.6,2354.4
1024000.0,128000.0,256.0,64.0,3.0,42.0,2.0,18.0,3.0,2.0,6.0,2.0,1.0,5.0,4.0,5.0,5.0,5.0,4.0,6.0,4.0,4.0,1.0,1.0,2.0,5.0,2.0,5.0,4.0,2.0,5.0,3.0,8.0,512.0,1.0,128.0,384.0,1.0,1.0,1.0,1.0,1.0,1.0,1.0,3.0,4.0,1.0,5.0,1.0,3.0,1.0,1.0,4.0,4.0,6.0,1.0,4.0,3.0,5.0,5.0,3.0,1.0,1.0,64.0,1.0,64.0,4.0,1.0,2.0,2.0,1.0,1.0,1.0,1.0,4.0,3.0,4.0,6.0,5.0,1.0,6.0,2.0,5.0,4.0,6.0,5.0,1.0,1.0,2.0,3.0,6.0,5.0,128.0,16.0,1.0,32.0,32.0,1.0,64.0,32.0,1.0,1.0,1.0,1.0,1.0,4.0,5.0,2.0,2.0,6.0,1.0,5.0,1.0,5.0,4.0,3.0,3.0,3.0,1.0,1.0,1.0,1.0,1.0,128.0,1.0,128.0,8.0,1.0,1.0,1.0,1.0,1.0,1.0,1.0,3.0,1.0,4.0,1.0,1.0,2.0,4.0,5.0,3.0,4.0,6.0,1.0,3.0,4.0,3.0,4.0,1.0,4.0,1.0,128.0,1.0,64.0,8.0,1.0,1.0,1.0,1.0,1.0,1.0,1.0,3.0,2.0,2.0,1.0,1.0,6.0,4.0,4.0,6.0,1.0,6.0,4.0,4.0,4.0,3.0,1.0,4.0,1.0,1.0,4.0,1.0,1.0,128.0,1.0,1.0,1.0,1.0,1.0,1.0,1.0,1899678504.0,4803020.039999999,1747390000.0,8.182211,1512.0,514.0,622592.0,9124193924269218.0,19.75,0.1123535,107.6,64409.6
2048000.0,4096000.0,256.0,64.0,3.0,10.0,30.0,24.0,2.0,5.0,6.0,4.0,2.0,5.0,1.0,3.0,3.0,2.0,2.0,4.0,6.0,1.0,3.0,5.0,2.0,6.0,4.0,5.0,6.0,6.0,1.0,3.0,256.0,4.0,1.0,12.0,3.0,1.0,1.0,1.0,1.0,1.0,1.0,1.0,4.0,6.0,1.0,4.0,6.0,2.0,1.0,5.0,6.0,6.0,6.0,5.0,5.0,2.0,6.0,2.0,2.0,1.0,8.0,4.0,1.0,2.0,8.0,1.0,16.0,8.0,1.0,1.0,1.0,1.0,2.0,2.0,6.0,5.0,1.0,6.0,3.0,4.0,6.0,5.0,5.0,5.0,1.0,4.0,2.0,2.0,1.0,6.0,128.0,32.0,1.0,16.0,8.0,1.0,16.0,32.0,1.0,1.0,1.0,1.0,1.0,6.0,3.0,5.0,5.0,3.0,3.0,3.0,3.0,3.0,4.0,6.0,6.0,6.0,4.0,3.0,5.0,2.0,64.0,256.0,1.0,128.0,2.0,1.0,1.0,1.0,1.0,1.0,1.0,1.0,6.0,1.0,6.0,2.0,6.0,1.0,4.0,3.0,4.0,6.0,5.0,4.0,6.0,6.0,2.0,2.0,5.0,6.0,256.0,32.0,1.0,256.0,4.0,1.0,1.0,1.0,1.0,1.0,1.0,1.0,6.0,2.0,1.0,3.0,5.0,5.0,1.0,4.0,6.0,3.0,5.0,6.0,2.0,2.0,6.0,3.0,2.0,4.0,2048.0,4.0,1.0,128.0,4.0,1.0,1.0,1.0,1.0,1.0,1.0,1.0,262858440.0,4090135.159999999,29188100000.0,56.13507499999998,7200.0,514.0,1081344.0,1075126547546750.2,17.53333,1.5783203000000001,107.6,89804.8
512.0,32000000.0,256.0,64.0,2.0,46.0,12.0,28.0,1.0,5.0,1.0,1.0,1.0,3.0,1.0,5.0,4.0,5.0,4.0,5.0,4.0,2.0,1.0,5.0,5.0,2.0,5.0,5.0,1.0,4.0,2.0,5.0,2.0,256.0,1.0,1536.0,6.0,1.0,1.0,1.0,1.0,1.0,1.0,1.0,3.0,2.0,4.0,3.0,4.0,4.0,4.0,2.0,4.0,3.0,1.0,3.0,6.0,5.0,3.0,5.0,4.0,5.0,32.0,1.0,1.0,4.0,8.0,1.0,2.0,8.0,1.0,1.0,1.0,1.0,5.0,3.0,1.0,4.0,1.0,4.0,5.0,5.0,6.0,6.0,6.0,3.0,4.0,3.0,2.0,4.0,4.0,1.0,4.0,16.0,1.0,2.0,64.0,1.0,2.0,4.0,1.0,1.0,1.0,1.0,3.0,2.0,3.0,1.0,4.0,3.0,5.0,3.0,4.0,4.0,4.0,2.0,1.0,4.0,4.0,1.0,1.0,1.0,32.0,1.0,1.0,512.0,512.0,1.0,1.0,1.0,1.0,1.0,1.0,1.0,1.0,3.0,3.0,5.0,1.0,2.0,2.0,6.0,4.0,2.0,4.0,2.0,1.0,2.0,3.0,1.0,5.0,5.0,512.0,8.0,1.0,4.0,4.0,1.0,1.0,1.0,1.0,1.0,1.0,1.0,4.0,1.0,3.0,5.0,5.0,6.0,3.0,3.0,3.0,5.0,3.0,4.0,6.0,5.0,2.0,6.0,1.0,2.0,512.0,16.0,1.0,16.0,32.0,1.0,1.0,1.0,1.0,1.0,1.0,1.0,406739610.0,7223932.0600000005,187524000.0,1.6401874999999995,336.0,514.0,132352.0,2938259308750897.0,10.293865000000002,6.272534399999999,107.6,11542.4
256.0,2048000.0,256.0,64.0,1.0,20.0,20.0,28.0,2.0,4.0,3.0,6.0,6.0,1.0,3.0,2.0,5.0,3.0,4.0,6.0,1.0,6.0,2.0,4.0,5.0,1.0,2.0,5.0,5.0,3.0,2.0,6.0,8.0,1.0,1.0,24.0,1536.0,1.0,1.0,1.0,1.0,1.0,1.0,1.0,1.0,6.0,2.0,2.0,6.0,1.0,6.0,3.0,6.0,5.0,5.0,1.0,1.0,2.0,5.0,3.0,2.0,6.0,64.0,8.0,1.0,1.0,32.0,1.0,8.0,2.0,1.0,1.0,1.0,1.0,5.0,5.0,6.0,1.0,1.0,6.0,4.0,2.0,3.0,3.0,1.0,2.0,2.0,5.0,6.0,1.0,5.0,2.0,2.0,16.0,1.0,128.0,32.0,1.0,8.0,1.0,1.0,1.0,1.0,1.0,3.0,1.0,4.0,2.0,6.0,2.0,4.0,5.0,1.0,2.0,6.0,5.0,5.0,1.0,2.0,4.0,3.0,5.0,2.0,4.0,1.0,2.0,2.0,1.0,1.0,1.0,1.0,1.0,1.0,1.0,4.0,5.0,1.0,6.0,3.0,4.0,5.0,5.0,4.0,1.0,4.0,6.0,4.0,4.0,1.0,4.0,6.0,5.0,64.0,512.0,1.0,64.0,32.0,1.0,1.0,1.0,1.0,1.0,1.0,1.0,6.0,2.0,4.0,3.0,2.0,2.0,4.0,2.0,3.0,5.0,3.0,1.0,1.0,4.0,4.0,3.0,3.0,5.0,1024.0,16.0,1.0,512.0,32.0,1.0,1.0,1.0,1.0,1.0,1.0,1.0,2516582520.0,22357500.0,11912700.0,0.13537400000000005,28.0,514.0,514.0,5.62644936909e+16,1.0,1.7914090000000005,107.6,107.6
32000.0,128000.0,256.0,64.0,1.0,18.0,42.0,44.0,6.0,3.0,5.0,5.0,3.0,6.0,5.0,4.0,6.0,3.0,2.0,3.0,1.0,6.0,4.0,6.0,3.0,2.0,1.0,5.0,4.0,4.0,6.0,6.0,8.0,16.0,1.0,4.0,192.0,1.0,1.0,1.0,1.0,1.0,1.0,1.0,1.0,5.0,3.0,5.0,4.0,6.0,2.0,3.0,2.0,4.0,5.0,1.0,2.0,6.0,2.0,6.0,6.0,3.0,32.0,16.0,1.0,128.0,1.0,1.0,32.0,8.0,1.0,1.0,1.0,1.0,1.0,1.0,5.0,2.0,3.0,6.0,5.0,5.0,5.0,3.0,2.0,2.0,5.0,4.0,4.0,4.0,1.0,2.0,128.0,128.0,1.0,64.0,128.0,1.0,32.0,64.0,1.0,1.0,1.0,1.0,1.0,3.0,6.0,5.0,6.0,1.0,3.0,1.0,4.0,3.0,2.0,3.0,3.0,6.0,3.0,2.0,3.0,2.0,4.0,2.0,1.0,16.0,4.0,1.0,1.0,1.0,1.0,1.0,1.0,1.0,5.0,6.0,2.0,5.0,6.0,6.0,3.0,5.0,3.0,4.0,5.0,2.0,5.0,6.0,2.0,2.0,5.0,6.0,64.0,16.0,1.0,1.0,256.0,1.0,1.0,1.0,1.0,1.0,1.0,1.0,3.0,1.0,2.0,4.0,6.0,6.0,4.0,4.0,3.0,2.0,5.0,2.0,5.0,6.0,3.0,3.0,5.0,3.0,4.0,64.0,1.0,64.0,2.0,1.0,1.0,1.0,1.0,1.0,1.0,1.0,58983048.0,15349873.680000002,18654900.0,0.2175796,44.0,514.0,11608.0,905382336061376.8,38.44541,37.959010000000006,107.6,2464.0
4096.0,256000.0,256.0,64.0,3.0,10.0,32.0,6.0,3.0,4.0,2.0,5.0,5.0,2.0,5.0,6.0,1.0,3.0,3.0,6.0,2.0,5.0,5.0,6.0,3.0,5.0,5.0,3.0,1.0,5.0,6.0,2.0,1.0,32.0,1.0,256.0,768.0,1.0,1.0,1.0,1.0,1.0,1.0,1.0,1.0,6.0,5.0,5.0,6.0,6.0,5.0,5.0,3.0,4.0,3.0,6.0,2.0,2.0,3.0,4.0,3.0,1.0,16.0,32.0,1.0,2.0,16.0,1.0,2.0,64.0,1.0,1.0,1.0,1.0,4.0,3.0,6.0,2.0,1.0,3.0,3.0,2.0,5.0,1.0,5.0,4.0,6.0,4.0,1.0,3.0,2.0,3.0,4.0,2.0,1.0,4.0,16.0,1.0,2.0,64.0,1.0,1.0,1.0,1.0,6.0,4.0,3.0,1.0,5.0,5.0,3.0,3.0,1.0,2.0,4.0,5.0,2.0,6.0,4.0,2.0,2.0,6.0,512.0,32.0,1.0,1.0,1.0,1.0,1.0,1.0,1.0,1.0,1.0,1.0,3.0,1.0,5.0,5.0,1.0,5.0,5.0,4.0,4.0,5.0,6.0,2.0,2.0,2.0,5.0,1.0,2.0,5.0,128.0,2.0,1.0,512.0,128.0,1.0,1.0,1.0,1.0,1.0,1.0,1.0,2.0,4.0,3.0,2.0,3.0,2.0,3.0,5.0,6.0,5.0,5.0,6.0,4.0,4.0,5.0,2.0,4.0,3.0,1.0,512.0,1.0,1.0,1.0,1.0,1.0,1.0,1.0,1.0,1.0,1.0,1294644408.0,6856027.200000001,2617870000.0,10.603495,1920.0,514.0,294912.0,8876117275575899.0,3.0885835,0.38478982500000003,107.6,44620.8
64000.0,32000.0,256.0,64.0,1.0,8.0,8.0,22.0,4.0,1.0,1.0,4.0,5.0,2.0,3.0,2.0,4.0,4.0,5.0,6.0,6.0,5.0,4.0,5.0,3.0,5.0,1.0,6.0,6.0,1.0,4.0,1.0,1.0,8.0,1.0,48.0,1536.0,1.0,1.0,1.0,1.0,1.0,1.0,1.0,1.0,4.0,1.0,5.0,4.0,2.0,1.0,4.0,2.0,6.0,1.0,6.0,1.0,5.0,6.0,1.0,3.0,4.0,64.0,16.0,1.0,64.0,2.0,1.0,2.0,1.0,1.0,1.0,1.0,1.0,2.0,4.0,1.0,6.0,3.0,1.0,3.0,4.0,1.0,5.0,5.0,5.0,4.0,1.0,1.0,2.0,4.0,1.0,8.0,128.0,1.0,64.0,64.0,1.0,16.0,4.0,1.0,1.0,1.0,1.0,4.0,5.0,3.0,1.0,1.0,2.0,5.0,2.0,2.0,5.0,6.0,4.0,1.0,2.0,5.0,2.0,3.0,2.0,256.0,16.0,1.0,64.0,256.0,1.0,1.0,1.0,1.0,1.0,1.0,1.0,2.0,4.0,6.0,6.0,5.0,2.0,1.0,3.0,6.0,5.0,5.0,1.0,4.0,4.0,6.0,4.0,6.0,6.0,8.0,2.0,1.0,16.0,128.0,1.0,1.0,1.0,1.0,1.0,1.0,1.0,3.0,4.0,2.0,3.0,5.0,3.0,5.0,2.0,2.0,3.0,2.0,5.0,3.0,1.0,1.0,2.0,6.0,4.0,64.0,2048.0,1.0,64.0,32.0,1.0,1.0,1.0,1.0,1.0,1.0,1.0,2516582520.0,19311402.0,9452030.0,0.10774740000000001,22.0,514.0,514.0,4.859873670989304e+16,1.0,1.3945800000000002,107.6,107.6
128.0,4096000.0,256.0,64.0,1.0,36.0,4.0,2.0,1.0,2.0,5.0,1.0,2.0,6.0,5.0,2.0,4.0,4.0,5.0,1.0,4.0,1.0,5.0,4.0,1.0,6.0,5.0,5.0,1.0,1.0,4.0,5.0,64.0,512.0,1.0,384.0,24.0,1.0,1.0,1.0,1.0,1.0,1.0,1.0,1.0,2.0,6.0,4.0,6.0,1.0,5.0,2.0,3.0,3.0,5.0,3.0,1.0,4.0,6.0,4.0,2.0,2.0,4.0,32.0,1.0,2.0,2.0,1.0,64.0,64.0,1.0,1.0,1.0,1.0,6.0,5.0,2.0,4.0,6.0,4.0,6.0,6.0,5.0,5.0,5.0,5.0,5.0,2.0,6.0,1.0,3.0,6.0,2.0,2.0,1.0,128.0,64.0,1.0,1.0,16.0,1.0,1.0,1.0,1.0,1.0,2.0,2.0,2.0,2.0,5.0,6.0,1.0,3.0,4.0,1.0,3.0,4.0,5.0,3.0,6.0,1.0,2.0,32.0,8.0,1.0,4.0,2.0,1.0,1.0,1.0,1.0,1.0,1.0,1.0,3.0,2.0,4.0,3.0,3.0,2.0,6.0,1.0,6.0,4.0,6.0,1.0,3.0,3.0,6.0,4.0,5.0,5.0,128.0,32.0,1.0,1.0,8.0,1.0,1.0,1.0,1.0,1.0,1.0,1.0,3.0,6.0,5.0,3.0,4.0,4.0,1.0,6.0,3.0,3.0,6.0,4.0,2.0,3.0,1.0,6.0,6.0,6.0,1024.0,512.0,1.0,128.0,4.0,1.0,1.0,1.0,1.0,1.0,1.0,1.0,2516582520.0,20250878.4,1518260.0,0.015821560000000002,2.0,514.0,514.0,5.096300659608557e+16,1.0,1.3976320000000002,107.6,107.6
1024000.0,64000.0,256.0,64.0,2.0,32.0,44.0,20.0,3.0,6.0,1.0,1.0,1.0,4.0,2.0,2.0,1.0,5.0,6.0,5.0,1.0,4.0,1.0,5.0,3.0,1.0,2.0,2.0,6.0,6.0,2.0,3.0,4.0,512.0,1.0,96.0,3.0,1.0,1.0,1.0,1.0,1.0,1.0,1.0,4.0,1.0,2.0,6.0,1.0,2.0,1.0,2.0,1.0,2.0,3.0,2.0,1.0,1.0,6.0,2.0,6.0,4.0,64.0,4.0,1.0,1.0,8.0,1.0,32.0,16.0,1.0,1.0,1.0,1.0,5.0,4.0,5.0,1.0,6.0,5.0,4.0,5.0,3.0,6.0,2.0,4.0,1.0,5.0,2.0,6.0,3.0,5.0,64.0,16.0,1.0,2.0,4.0,1.0,16.0,1.0,1.0,1.0,1.0,1.0,1.0,2.0,6.0,4.0,2.0,6.0,2.0,1.0,2.0,1.0,1.0,5.0,1.0,1.0,3.0,3.0,5.0,3.0,128.0,1.0,1.0,16.0,128.0,1.0,1.0,1.0,1.0,1.0,1.0,1.0,1.0,6.0,4.0,2.0,4.0,3.0,6.0,3.0,5.0,2.0,1.0,3.0,2.0,4.0,3.0,4.0,3.0,5.0,32.0,32.0,1.0,128.0,32.0,1.0,1.0,1.0,1.0,1.0,1.0,1.0,1.0,3.0,1.0,5.0,6.0,6.0,5.0,2.0,4.0,5.0,6.0,1.0,2.0,5.0,6.0,1.0,5.0,2.0,4.0,128.0,1.0,4.0,4.0,1.0,1.0,1.0,1.0,1.0,1.0,1.0,67330782.0,6435927.779999999,733900000.0,4.514021500000001,880.0,514.0,458752.0,433336050322923.94,37.33335,7.814268999999998,107.6,35483.2
128.0,2048000.0,256.0,64.0,1.0,20.0,44.0,26.0,4.0,4.0,2.0,4.0,5.0,4.0,5.0,3.0,6.0,2.0,2.0,3.0,2.0,5.0,2.0,2.0,5.0,1.0,1.0,6.0,6.0,2.0,6.0,1.0,8.0,512.0,1.0,16.0,192.0,1.0,1.0,1.0,1.0,1.0,1.0,1.0,1.0,1.0,2.0,2.0,2.0,5.0,5.0,5.0,3.0,6.0,6.0,2.0,1.0,1.0,5.0,5.0,3.0,1.0,4.0,1.0,1.0,64.0,16.0,1.0,8.0,128.0,1.0,1.0,1.0,1.0,1.0,4.0,4.0,1.0,3.0,1.0,2.0,5.0,5.0,2.0,4.0,3.0,4.0,5.0,4.0,3.0,6.0,1.0,2.0,16.0,1.0,4.0,2.0,1.0,64.0,16.0,1.0,1.0,1.0,1.0,5.0,3.0,2.0,4.0,5.0,2.0,1.0,5.0,1.0,6.0,3.0,6.0,3.0,1.0,2.0,5.0,3.0,4.0,4.0,8.0,1.0,512.0,256.0,1.0,1.0,1.0,1.0,1.0,1.0,1.0,3.0,1.0,4.0,5.0,6.0,6.0,3.0,1.0,3.0,3.0,4.0,5.0,4.0,2.0,3.0,5.0,1.0,2.0,128.0,16.0,1.0,1.0,128.0,1.0,1.0,1.0,1.0,1.0,1.0,1.0,4.0,3.0,6.0,5.0,3.0,6.0,2.0,3.0,5.0,2.0,3.0,6.0,4.0,4.0,3.0,2.0,3.0,3.0,1.0,512.0,1.0,8.0,4.0,1.0,1.0,1.0,1.0,1.0,1.0,1.0,2516582520.0,18149743.2,11088400.0,0.12613300000000002,26.0,514.0,514.0,4.567532647960886e+16,1.0,1.0096669999999999,107.6,107.6
2048000.0,256000.0,256.0,64.0,2.0,30.0,14.0,34.0,3.0,1.0,6.0,3.0,3.0,1.0,1.0,1.0,5.0,6.0,2.0,5.0,4.0,3.0,3.0,1.0,4.0,5.0,6.0,5.0,2.0,3.0,5.0,2.0,256.0,8.0,1.0,8.0,768.0,1.0,1.0,1.0,1.0,1.0,1.0,1.0,1.0,3.0,4.0,1.0,2.0,3.0,1.0,1.0,3.0,6.0,5.0,4.0,2.0,4.0,4.0,4.0,6.0,4.0,32.0,64.0,1.0,4.0,64.0,1.0,8.0,1.0,1.0,1.0,1.0,1.0,1.0,5.0,3.0,6.0,3.0,1.0,5.0,1.0,1.0,1.0,5.0,5.0,3.0,2.0,1.0,1.0,4.0,5.0,64.0,64.0,1.0,64.0,1.0,1.0,8.0,32.0,1.0,1.0,1.0,1.0,4.0,5.0,4.0,3.0,4.0,1.0,3.0,6.0,5.0,5.0,4.0,4.0,5.0,4.0,2.0,3.0,6.0,6.0,8.0,4.0,1.0,32.0,16.0,1.0,1.0,1.0,1.0,1.0,1.0,1.0,5.0,6.0,6.0,1.0,1.0,5.0,3.0,1.0,6.0,3.0,5.0,2.0,6.0,2.0,5.0,4.0,1.0,1.0,512.0,4.0,1.0,8.0,8.0,1.0,1.0,1.0,1.0,1.0,1.0,1.0,6.0,3.0,5.0,6.0,4.0,2.0,3.0,2.0,4.0,3.0,2.0,5.0,3.0,6.0,4.0,5.0,3.0,1.0,1.0,32.0,1.0,32.0,256.0,1.0,1.0,1.0,1.0,1.0,1.0,1.0,1134766152.0,8822724.52,299290000.0,2.3109650000000004,476.0,514.0,8512.0,1.0011729153716446e+16,267.09000000000003,13.524507849999999,107.6,4940.8
512.0,2048000.0,256.0,64.0,2.0,30.0,12.0,32.0,3.0,4.0,6.0,6.0,4.0,4.0,2.0,2.0,5.0,4.0,5.0,6.0,4.0,5.0,5.0,1.0,2.0,4.0,5.0,6.0,5.0,4.0,3.0,3.0,256.0,2.0,1.0,2.0,24.0,1.0,1.0,1.0,1.0,1.0,1.0,1.0,2.0,4.0,5.0,6.0,1.0,4.0,3.0,1.0,3.0,1.0,5.0,5.0,2.0,5.0,1.0,2.0,6.0,2.0,16.0,1.0,1.0,64.0,1.0,1.0,4.0,32.0,1.0,1.0,1.0,1.0,1.0,4.0,2.0,5.0,2.0,6.0,4.0,4.0,6.0,3.0,4.0,4.0,3.0,5.0,1.0,3.0,1.0,4.0,128.0,16.0,1.0,2.0,128.0,1.0,8.0,4.0,1.0,1.0,1.0,1.0,4.0,6.0,5.0,4.0,3.0,4.0,1.0,5.0,4.0,2.0,6.0,5.0,6.0,2.0,3.0,4.0,2.0,5.0,256.0,32.0,1.0,256.0,32.0,1.0,1.0,1.0,1.0,1.0,1.0,1.0,3.0,5.0,4.0,2.0,3.0,3.0,1.0,1.0,2.0,1.0,1.0,4.0,3.0,3.0,5.0,5.0,2.0,2.0,256.0,8.0,1.0,512.0,1.0,1.0,1.0,1.0,1.0,1.0,1.0,1.0,1.0,6.0,1.0,5.0,6.0,5.0,4.0,5.0,6.0,3.0,1.0,6.0,4.0,5.0,6.0,2.0,5.0,2.0,128.0,16.0,1.0,32.0,64.0,1.0,1.0,1.0,1.0,1.0,1.0,1.0,2430138318.0,7630301.34,223586000.0,1.845014,384.0,514.0,18432.0,1.8542687664220744e+16,7.666680000000001,3.669608569999999,107.6,2549.2
1024.0,2048000.0,256.0,64.0,1.0,22.0,48.0,16.0,6.0,4.0,2.0,2.0,1.0,6.0,6.0,6.0,6.0,6.0,1.0,2.0,3.0,1.0,3.0,2.0,4.0,2.0,5.0,6.0,3.0,5.0,1.0,1.0,512.0,512.0,1.0,3.0,1.0,1.0,1.0,1.0,1.0,1.0,1.0,1.0,2.0,5.0,6.0,6.0,4.0,3.0,4.0,1.0,2.0,1.0,3.0,2.0,4.0,1.0,1.0,4.0,1.0,1.0,64.0,1.0,1.0,8.0,32.0,1.0,128.0,8.0,1.0,1.0,1.0,1.0,2.0,1.0,4.0,6.0,6.0,5.0,3.0,1.0,2.0,1.0,3.0,6.0,6.0,2.0,2.0,6.0,5.0,5.0,8.0,1.0,1.0,16.0,4.0,1.0,1.0,2.0,1.0,1.0,1.0,1.0,2.0,4.0,5.0,5.0,5.0,3.0,4.0,5.0,2.0,2.0,1.0,5.0,1.0,4.0,3.0,6.0,2.0,2.0,1.0,512.0,1.0,8.0,16.0,1.0,1.0,1.0,1.0,1.0,1.0,1.0,1.0,4.0,4.0,6.0,1.0,3.0,4.0,1.0,2.0,6.0,4.0,5.0,2.0,2.0,3.0,4.0,6.0,3.0,1.0,8.0,1.0,256.0,128.0,1.0,1.0,1.0,1.0,1.0,1.0,1.0,1.0,5.0,2.0,6.0,3.0,1.0,1.0,5.0,3.0,3.0,6.0,6.0,6.0,3.0,3.0,6.0,2.0,5.0,64.0,8.0,1.0,16.0,128.0,1.0,1.0,1.0,1.0,1.0,1.0,1.0,157286712.0,8871714.240000002,7028500.0,0.08300563999999999,16.0,514.0,4384.0,1395402762613179.2,16.0,14.468335000000002,107.6,929.6
256.0,32000000.0,256.0,64.0,3.0,32.0,20.0,12.0,2.0,5.0,5.0,2.0,4.0,4.0,6.0,4.0,2.0,2.0,2.0,2.0,6.0,3.0,5.0,5.0,4.0,6.0,1.0,2.0,5.0,4.0,1.0,6.0,256.0,32.0,1.0,2.0,1.0,1.0,1.0,1.0,1.0,1.0,1.0,1.0,2.0,6.0,3.0,2.0,2.0,4.0,2.0,1.0,3.0,1.0,4.0,5.0,3.0,1.0,3.0,1.0,5.0,2.0,4.0,64.0,1.0,16.0,16.0,1.0,128.0,64.0,1.0,1.0,1.0,1.0,3.0,3.0,5.0,1.0,1.0,2.0,3.0,6.0,6.0,2.0,4.0,4.0,2.0,5.0,5.0,2.0,3.0,6.0,32.0,8.0,1.0,8.0,8.0,1.0,64.0,32.0,1.0,1.0,1.0,1.0,3.0,1.0,2.0,3.0,5.0,1.0,1.0,6.0,1.0,4.0,6.0,4.0,5.0,3.0,1.0,1.0,3.0,1.0,32.0,16.0,1.0,128.0,32.0,1.0,1.0,1.0,1.0,1.0,1.0,1.0,6.0,4.0,5.0,2.0,4.0,1.0,3.0,2.0,1.0,4.0,1.0,4.0,2.0,2.0,2.0,2.0,1.0,6.0,2.0,8.0,1.0,1.0,4.0,1.0,1.0,1.0,1.0,1.0,1.0,1.0,5.0,5.0,6.0,4.0,5.0,3.0,4.0,1.0,2.0,4.0,5.0,2.0,3.0,3.0,3.0,6.0,1.0,3.0,2048.0,8.0,1.0,512.0,256.0,1.0,1.0,1.0,1.0,1.0,1.0,1.0,904560648.0,4362975.4399999995,33012800000.0,61.80954,7680.0,514.0,2752512.0,3946575891214484.5,22.65,0.41251615,107.6,187801.6
256.0,16000.0,256.0,64.0,1.0,22.0,28.0,22.0,2.0,5.0,4.0,1.0,6.0,5.0,1.0,5.0,6.0,3.0,5.0,2.0,2.0,4.0,5.0,6.0,2.0,4.0,3.0,5.0,1.0,1.0,5.0,1.0,256.0,1.0,1.0,64.0,96.0,1.0,1.0,1.0,1.0,1.0,1.0,1.0,6.0,6.0,1.0,1.0,5.0,2.0,4.0,2.0,5.0,6.0,4.0,1.0,4.0,3.0,2.0,1.0,6.0,6.0,16.0,4.0,1.0,16.0,4.0,1.0,2.0,64.0,1.0,1.0,1.0,1.0,4.0,1.0,3.0,5.0,5.0,2.0,5.0,6.0,6.0,3.0,2.0,1.0,6.0,6.0,3.0,3.0,3.0,2.0,2.0,8.0,1.0,128.0,4.0,1.0,2.0,2.0,1.0,1.0,1.0,1.0,2.0,1.0,4.0,1.0,4.0,1.0,5.0,1.0,3.0,2.0,4.0,4.0,4.0,4.0,5.0,4.0,1.0,5.0,256.0,64.0,1.0,4.0,8.0,1.0,1.0,1.0,1.0,1.0,1.0,1.0,5.0,5.0,5.0,3.0,3.0,5.0,5.0,3.0,4.0,1.0,1.0,4.0,6.0,6.0,5.0,4.0,6.0,4.0,128.0,512.0,1.0,8.0,512.0,1.0,1.0,1.0,1.0,1.0,1.0,1.0,1.0,3.0,4.0,2.0,6.0,3.0,1.0,4.0,4.0,2.0,5.0,5.0,4.0,3.0,2.0,1.0,1.0,1.0,1024.0,16.0,1.0,64.0,64.0,1.0,1.0,1.0,1.0,1.0,1.0,1.0,2516582520.0,18144338.400000002,9452030.0,0.10774740000000001,22.0,514.0,514.0,4.5661724854404776e+16,1.0,1.0004629999999997,107.6,107.6
32000.0,1024000.0,256.0,64.0,1.0,10.0,12.0,34.0,2.0,6.0,6.0,6.0,3.0,1.0,2.0,6.0,4.0,1.0,5.0,2.0,6.0,1.0,1.0,5.0,5.0,1.0,4.0,6.0,2.0,2.0,5.0,4.0,128.0,8.0,1.0,24.0,24.0,1.0,1.0,1.0,1.0,1.0,1.0,1.0,6.0,2.0,2.0,4.0,1.0,5.0,1.0,2.0,5.0,4.0,2.0,1.0,3.0,6.0,6.0,4.0,3.0,4.0,4.0,8.0,1.0,64.0,32.0,1.0,4.0,128.0,1.0,1.0,1.0,1.0,4.0,5.0,6.0,5.0,2.0,4.0,1.0,5.0,5.0,5.0,6.0,1.0,5.0,1.0,2.0,2.0,5.0,1.0,8.0,8.0,1.0,32.0,2.0,1.0,4.0,1.0,1.0,1.0,1.0,1.0,1.0,6.0,1.0,5.0,4.0,3.0,6.0,4.0,4.0,1.0,3.0,6.0,3.0,2.0,4.0,3.0,5.0,1.0,8.0,8.0,1.0,256.0,256.0,1.0,1.0,1.0,1.0,1.0,1.0,1.0,4.0,5.0,5.0,5.0,3.0,2.0,6.0,5.0,2.0,1.0,6.0,4.0,5.0,6.0,1.0,6.0,3.0,5.0,8.0,64.0,1.0,1.0,32.0,1.0,1.0,1.0,1.0,1.0,1.0,1.0,2.0,2.0,5.0,5.0,6.0,6.0,3.0,4.0,3.0,3.0,2.0,4.0,3.0,2.0,2.0,1.0,1.0,5.0,256.0,64.0,1.0,1.0,2.0,1.0,1.0,1.0,1.0,1.0,1.0,1.0,76677240.0,15469456.079999998,14410900.0,0.16936480000000004,34.0,514.0,9028.0,1186155196515619.0,32.148255,32.543575,107.6,1916.0
4096.0,8192000.0,256.0,64.0,1.0,6.0,14.0,38.0,5.0,6.0,1.0,2.0,1.0,5.0,2.0,3.0,2.0,1.0,6.0,1.0,3.0,1.0,5.0,2.0,3.0,5.0,3.0,2.0,6.0,6.0,3.0,2.0,8.0,1.0,1.0,32.0,2.0,1.0,1.0,1.0,1.0,1.0,1.0,1.0,2.0,2.0,2.0,5.0,1.0,5.0,6.0,5.0,1.0,6.0,2.0,1.0,2.0,4.0,6.0,2.0,6.0,1.0,1.0,4.0,1.0,8.0,128.0,1.0,32.0,1.0,1.0,1.0,1.0,1.0,5.0,3.0,5.0,3.0,5.0,3.0,6.0,6.0,5.0,2.0,6.0,1.0,1.0,1.0,3.0,4.0,4.0,3.0,128.0,64.0,1.0,4.0,4.0,1.0,1.0,4.0,1.0,1.0,1.0,1.0,2.0,5.0,5.0,1.0,5.0,5.0,4.0,4.0,3.0,5.0,4.0,5.0,2.0,5.0,4.0,4.0,2.0,3.0,2.0,16.0,1.0,64.0,2.0,1.0,1.0,1.0,1.0,1.0,1.0,1.0,6.0,4.0,4.0,4.0,4.0,1.0,1.0,4.0,5.0,3.0,1.0,5.0,2.0,4.0,5.0,3.0,2.0,3.0,128.0,16.0,1.0,64.0,128.0,1.0,1.0,1.0,1.0,1.0,1.0,1.0,3.0,2.0,4.0,2.0,6.0,2.0,1.0,2.0,4.0,4.0,4.0,4.0,2.0,4.0,2.0,4.0,1.0,5.0,1.0,1.0,1.0,512.0,8.0,1.0,1.0,1.0,1.0,1.0,1.0,1.0,68026488.0,15556758.0,16096200.0,0.18864,38.0,514.0,10060.0,1058271611405904.0,33.026604999999996,33.519605,107.6,2135.2
64000.0,512000.0,256.0,64.0,3.0,44.0,6.0,32.0,6.0,3.0,6.0,4.0,1.0,3.0,3.0,3.0,4.0,4.0,6.0,6.0,2.0,6.0,6.0,5.0,5.0,2.0,5.0,1.0,6.0,1.0,3.0,6.0,64.0,2.0,1.0,12.0,64.0,1.0,1.0,1.0,1.0,1.0,1.0,1.0,3.0,5.0,1.0,5.0,1.0,3.0,1.0,1.0,2.0,1.0,3.0,2.0,4.0,6.0,1.0,4.0,4.0,6.0,64.0,16.0,1.0,64.0,64.0,1.0,1.0,128.0,1.0,1.0,1.0,1.0,6.0,4.0,4.0,1.0,1.0,2.0,5.0,1.0,4.0,6.0,5.0,3.0,3.0,6.0,5.0,2.0,2.0,4.0,32.0,128.0,1.0,32.0,8.0,1.0,1.0,32.0,1.0,1.0,1.0,1.0,5.0,6.0,1.0,5.0,2.0,1.0,5.0,5.0,3.0,3.0,1.0,1.0,2.0,5.0,2.0,1.0,5.0,3.0,16.0,512.0,1.0,512.0,32.0,1.0,1.0,1.0,1.0,1.0,1.0,1.0,5.0,1.0,2.0,1.0,4.0,6.0,3.0,6.0,3.0,6.0,6.0,2.0,1.0,3.0,5.0,4.0,1.0,6.0,256.0,1.0,1.0,1024.0,2048.0,1.0,1.0,1.0,1.0,1.0,1.0,1.0,3.0,1.0,2.0,5.0,5.0,4.0,5.0,5.0,1.0,6.0,2.0,3.0,5.0,4.0,4.0,1.0,2.0,6.0,2.0,16.0,1.0,2.0,4.0,1.0,1.0,1.0,1.0,1.0,1.0,1.0,716603868.0,3919081.62,39620300000.0,70.88119999999999,8448.0,514.0,2752512.0,2808429047899706.0,7.143939000000001,0.022526035,107.6,220697.6
4096.0,32000000.0,256.0,64.0,1.0,2.0,34.0,48.0,6.0,3.0,4.0,3.0,3.0,1.0,3.0,1.0,2.0,4.0,2.0,5.0,4.0,5.0,6.0,3.0,5.0,2.0,1.0,5.0,3.0,5.0,4.0,3.0,256.0,8.0,1.0,128.0,512.0,1.0,1.0,1.0,1.0,1.0,1.0,1.0,6.0,1.0,6.0,3.0,6.0,3.0,6.0,6.0,4.0,2.0,6.0,3.0,5.0,1.0,1.0,2.0,2.0,5.0,32.0,1.0,1.0,32.0,128.0,1.0,128.0,128.0,1.0,1.0,1.0,1.0,3.0,2.0,4.0,4.0,5.0,2.0,1.0,2.0,4.0,1.0,3.0,3.0,3.0,1.0,4.0,4.0,3.0,3.0,128.0,32.0,1.0,16.0,2.0,1.0,16.0,64.0,1.0,1.0,1.0,1.0,4.0,5.0,2.0,3.0,3.0,3.0,3.0,4.0,2.0,5.0,2.0,2.0,6.0,3.0,1.0,3.0,4.0,2.0,8.0,1.0,1.0,4.0,512.0,1.0,1.0,1.0,1.0,1.0,1.0,1.0,1.0,6.0,6.0,3.0,4.0,5.0,2.0,1.0,1.0,1.0,1.0,5.0,1.0,4.0,3.0,1.0,5.0,5.0,8.0,64.0,1.0,1024.0,32.0,1.0,1.0,1.0,1.0,1.0,1.0,1.0,1.0,4.0,5.0,2.0,3.0,5.0,5.0,3.0,1.0,4.0,3.0,1.0,1.0,1.0,1.0,3.0,5.0,2.0,1.0,1.0,1.0,512.0,256.0,1.0,1.0,1.0,1.0,1.0,1.0,1.0,54264504.0,10751565.96,20381000.0,0.2368896,48.0,514.0,12640.0,583428394042683.9,39.2299,34.321121999999995,107.6,2683.2
256.0,8192000.0,256.0,64.0,3.0,34.0,46.0,4.0,2.0,1.0,6.0,2.0,1.0,5.0,1.0,6.0,4.0,6.0,2.0,5.0,2.0,5.0,4.0,6.0,6.0,2.0,5.0,4.0,1.0,3.0,4.0,3.0,16.0,4.0,1.0,4.0,128.0,1.0,1.0,1.0,1.0,1.0,1.0,1.0,2.0,5.0,2.0,4.0,5.0,1.0,2.0,1.0,3.0,2.0,5.0,6.0,2.0,2.0,3.0,3.0,5.0,2.0,64.0,32.0,1.0,1.0,8.0,1.0,16.0,4.0,1.0,1.0,1.0,1.0,6.0,2.0,6.0,6.0,4.0,6.0,3.0,1.0,1.0,4.0,4.0,1.0,6.0,4.0,4.0,4.0,3.0,6.0,8.0,32.0,1.0,4.0,1.0,1.0,16.0,16.0,1.0,1.0,1.0,1.0,6.0,4.0,6.0,2.0,1.0,1.0,6.0,5.0,4.0,3.0,2.0,2.0,6.0,3.0,3.0,5.0,2.0,5.0,64.0,8.0,1.0,512.0,128.0,1.0,1.0,1.0,1.0,1.0,1.0,1.0,1.0,6.0,4.0,5.0,2.0,1.0,2.0,4.0,1.0,2.0,2.0,1.0,1.0,1.0,4.0,6.0,6.0,6.0,8.0,1.0,1.0,16.0,128.0,1.0,1.0,1.0,1.0,1.0,1.0,1.0,2.0,6.0,5.0,1.0,3.0,6.0,6.0,5.0,4.0,1.0,4.0,1.0,6.0,3.0,5.0,5.0,2.0,1.0,2048.0,16.0,1.0,8.0,128.0,1.0,1.0,1.0,1.0,1.0,1.0,1.0,1214291640.0,4556756.459999999,22351800000.0,46.18955999999999,6256.0,514.0,1081344.0,5533231274893993.0,19.85,0.5213865500000001,107.6,78336.0
4096.0,32000000.0,256.0,64.0,2.0,44.0,10.0,16.0,4.0,5.0,1.0,3.0,4.0,1.0,1.0,2.0,2.0,2.0,2.0,6.0,5.0,2.0,5.0,6.0,5.0,6.0,5.0,2.0,3.0,1.0,4.0,6.0,8.0,2.0,1.0,512.0,2.0,1.0,1.0,1.0,1.0,1.0,1.0,1.0,5.0,2.0,1.0,3.0,4.0,3.0,5.0,3.0,2.0,3.0,6.0,1.0,5.0,1.0,2.0,5.0,2.0,1.0,4.0,8.0,1.0,32.0,32.0,1.0,1.0,64.0,1.0,1.0,1.0,1.0,4.0,2.0,2.0,3.0,4.0,6.0,2.0,1.0,4.0,6.0,1.0,5.0,6.0,1.0,5.0,2.0,3.0,4.0,64.0,64.0,1.0,2.0,16.0,1.0,1.0,32.0,1.0,1.0,1.0,1.0,6.0,1.0,6.0,6.0,1.0,4.0,2.0,3.0,5.0,3.0,5.0,5.0,4.0,2.0,6.0,3.0,6.0,3.0,16.0,8.0,1.0,512.0,256.0,1.0,1.0,1.0,1.0,1.0,1.0,1.0,2.0,2.0,2.0,3.0,2.0,4.0,4.0,2.0,3.0,3.0,4.0,3.0,4.0,6.0,2.0,4.0,2.0,4.0,32.0,256.0,1.0,64.0,1.0,1.0,1.0,1.0,1.0,1.0,1.0,1.0,6.0,5.0,3.0,2.0,2.0,1.0,6.0,6.0,4.0,3.0,2.0,4.0,4.0,3.0,4.0,6.0,1.0,6.0,4.0,2048.0,1.0,4.0,128.0,1.0,1.0,1.0,1.0,1.0,1.0,1.0,73028850.0,6465161.74,75337200.0,0.7763102000000002,160.0,514.0,75776.0,472143326936199.0,76.67323500000002,50.88636650000001,107.6,6804.0
1024.0,128000.0,256.0,64.0,2.0,20.0,46.0,18.0,5.0,5.0,4.0,3.0,5.0,2.0,1.0,6.0,3.0,4.0,4.0,2.0,2.0,2.0,2.0,1.0,2.0,4.0,5.0,6.0,4.0,3.0,3.0,6.0,16.0,8.0,1.0,12.0,768.0,1.0,1.0,1.0,1.0,1.0,1.0,1.0,1.0,6.0,3.0,1.0,5.0,2.0,4.0,1.0,3.0,5.0,6.0,3.0,4.0,1.0,6.0,2.0,2.0,6.0,1.0,64.0,1.0,64.0,8.0,1.0,8.0,2.0,1.0,1.0,1.0,1.0,1.0,2.0,2.0,1.0,6.0,4.0,2.0,2.0,4.0,3.0,3.0,2.0,4.0,4.0,4.0,4.0,2.0,4.0,128.0,8.0,1.0,2.0,128.0,1.0,4.0,1.0,1.0,1.0,1.0,1.0,5.0,2.0,4.0,3.0,3.0,1.0,3.0,5.0,2.0,1.0,1.0,1.0,2.0,4.0,2.0,6.0,6.0,3.0,128.0,512.0,1.0,64.0,256.0,1.0,1.0,1.0,1.0,1.0,1.0,1.0,6.0,5.0,1.0,6.0,1.0,2.0,6.0,6.0,2.0,1.0,6.0,3.0,3.0,5.0,3.0,6.0,2.0,4.0,64.0,64.0,1.0,8.0,1024.0,1.0,1.0,1.0,1.0,1.0,1.0,1.0,6.0,1.0,4.0,4.0,5.0,4.0,2.0,4.0,5.0,6.0,1.0,5.0,5.0,6.0,2.0,4.0,6.0,1.0,512.0,32.0,1.0,64.0,4.0,1.0,1.0,1.0,1.0,1.0,1.0,1.0,26065014.0,4515880.1,668631000.0,4.262598499999999,828.0,514.0,389632.0,117706478028821.39,147.2,44.568346700000006,107.6,43192.0
512.0,4096000.0,256.0,64.0,1.0,38.0,44.0,4.0,3.0,6.0,1.0,4.0,5.0,2.0,6.0,4.0,4.0,2.0,2.0,4.0,1.0,1.0,5.0,4.0,2.0,6.0,4.0,3.0,1.0,6.0,3.0,2.0,256.0,1.0,1.0,8.0,192.0,1.0,1.0,1.0,1.0,1.0,1.0,1.0,4.0,1.0,6.0,2.0,3.0,5.0,3.0,1.0,2.0,4.0,3.0,2.0,1.0,3.0,4.0,3.0,6.0,2.0,8.0,64.0,1.0,8.0,64.0,1.0,1.0,64.0,1.0,1.0,1.0,1.0,2.0,6.0,6.0,3.0,1.0,5.0,3.0,3.0,6.0,5.0,6.0,6.0,1.0,4.0,1.0,2.0,4.0,2.0,8.0,2.0,1.0,128.0,16.0,1.0,1.0,32.0,1.0,1.0,1.0,1.0,6.0,1.0,1.0,6.0,1.0,6.0,2.0,5.0,4.0,5.0,3.0,1.0,3.0,2.0,2.0,4.0,5.0,4.0,16.0,4.0,1.0,4.0,8.0,1.0,1.0,1.0,1.0,1.0,1.0,1.0,5.0,4.0,2.0,5.0,3.0,2.0,6.0,6.0,2.0,2.0,3.0,3.0,4.0,4.0,5.0,4.0,4.0,4.0,16.0,256.0,1.0,2.0,2.0,1.0,1.0,1.0,1.0,1.0,1.0,1.0,6.0,4.0,6.0,4.0,4.0,4.0,4.0,4.0,5.0,5.0,3.0,6.0,6.0,3.0,5.0,3.0,2.0,1.0,1.0,512.0,1.0,32.0,32.0,1.0,1.0,1.0,1.0,1.0,1.0,1.0,629145720.0,15218257.2,2290390.0,0.025581280000000005,4.0,514.0,1288.0,9574501383239184.0,4.0,4.3999559999999995,107.6,272.0
2048.0,8192000.0,256.0,64.0,1.0,32.0,8.0,16.0,5.0,3.0,1.0,3.0,2.0,5.0,5.0,6.0,1.0,3.0,1.0,2.0,6.0,4.0,4.0,3.0,5.0,3.0,4.0,1.0,2.0,4.0,6.0,2.0,32.0,64.0,1.0,64.0,768.0,1.0,1.0,1.0,1.0,1.0,1.0,1.0,1.0,5.0,1.0,2.0,2.0,4.0,3.0,4.0,4.0,1.0,1.0,5.0,1.0,4.0,3.0,3.0,2.0,1.0,4.0,32.0,1.0,128.0,4.0,1.0,2.0,1.0,1.0,1.0,1.0,1.0,4.0,5.0,3.0,1.0,5.0,4.0,1.0,6.0,1.0,6.0,1.0,3.0,2.0,6.0,2.0,3.0,4.0,6.0,32.0,2.0,1.0,2.0,32.0,1.0,4.0,32.0,1.0,1.0,1.0,1.0,5.0,3.0,5.0,2.0,4.0,3.0,3.0,2.0,2.0,2.0,2.0,4.0,4.0,2.0,6.0,3.0,1.0,6.0,1.0,32.0,1.0,16.0,32.0,1.0,1.0,1.0,1.0,1.0,1.0,1.0,4.0,6.0,1.0,5.0,3.0,6.0,5.0,5.0,4.0,4.0,2.0,5.0,6.0,4.0,2.0,4.0,5.0,5.0,1.0,2.0,1.0,2.0,256.0,1.0,1.0,1.0,1.0,1.0,1.0,1.0,1.0,6.0,1.0,1.0,6.0,3.0,6.0,6.0,5.0,3.0,3.0,2.0,6.0,2.0,6.0,5.0,5.0,5.0,1.0,64.0,1.0,64.0,16.0,1.0,1.0,1.0,1.0,1.0,1.0,1.0,157286712.0,5413921.8,7028500.0,0.08300563999999999,16.0,514.0,4384.0,851537958947121.6,16.0,17.891490499999996,107.6,929.6
512000.0,32000.0,256.0,64.0,2.0,16.0,40.0,32.0,3.0,6.0,1.0,2.0,4.0,6.0,6.0,3.0,1.0,5.0,5.0,4.0,4.0,6.0,1.0,2.0,6.0,5.0,3.0,6.0,5.0,2.0,4.0,6.0,128.0,256.0,1.0,256.0,256.0,1.0,1.0,1.0,1.0,1.0,1.0,1.0,6.0,5.0,3.0,4.0,6.0,1.0,4.0,1.0,5.0,5.0,3.0,2.0,3.0,4.0,1.0,3.0,5.0,1.0,1.0,2.0,1.0,64.0,128.0,1.0,1.0,128.0,1.0,1.0,1.0,1.0,3.0,3.0,1.0,4.0,3.0,4.0,4.0,2.0,6.0,1.0,1.0,5.0,5.0,2.0,6.0,1.0,5.0,2.0,2.0,8.0,1.0,32.0,2.0,1.0,4.0,4.0,1.0,1.0,1.0,1.0,1.0,2.0,4.0,2.0,4.0,2.0,3.0,2.0,3.0,2.0,2.0,6.0,6.0,4.0,5.0,1.0,3.0,1.0,64.0,128.0,1.0,64.0,8.0,1.0,1.0,1.0,1.0,1.0,1.0,1.0,3.0,6.0,1.0,1.0,3.0,3.0,6.0,1.0,6.0,1.0,3.0,6.0,1.0,3.0,2.0,4.0,1.0,5.0,32.0,128.0,1.0,64.0,8.0,1.0,1.0,1.0,1.0,1.0,1.0,1.0,4.0,6.0,5.0,1.0,5.0,2.0,3.0,2.0,6.0,3.0,6.0,6.0,5.0,5.0,4.0,2.0,2.0,6.0,16.0,2.0,1.0,2.0,256.0,1.0,1.0,1.0,1.0,1.0,1.0,1.0,178275060.0,6137998.16,1328080000.0,6.788083499999998,1280.0,514.0,753664.0,1094251990253889.6,19.157140000000002,7.409575900000001,107.6,51786.4
8192.0,64000.0,256.0,64.0,1.0,14.0,10.0,16.0,5.0,2.0,1.0,3.0,1.0,1.0,2.0,6.0,2.0,6.0,1.0,2.0,1.0,3.0,3.0,5.0,1.0,4.0,3.0,5.0,6.0,6.0,6.0,2.0,1.0,8.0,1.0,8.0,16.0,1.0,1.0,1.0,1.0,1.0,1.0,1.0,1.0,2.0,6.0,6.0,4.0,2.0,3.0,1.0,2.0,1.0,2.0,2.0,4.0,2.0,1.0,2.0,1.0,3.0,32.0,2.0,1.0,4.0,8.0,1.0,4.0,128.0,1.0,1.0,1.0,1.0,4.0,4.0,5.0,1.0,5.0,6.0,1.0,2.0,1.0,1.0,1.0,3.0,1.0,3.0,4.0,5.0,2.0,1.0,8.0,1.0,1.0,1.0,32.0,1.0,8.0,32.0,1.0,1.0,1.0,1.0,2.0,6.0,6.0,1.0,6.0,2.0,5.0,6.0,5.0,5.0,2.0,2.0,5.0,6.0,5.0,3.0,4.0,2.0,128.0,256.0,1.0,32.0,32.0,1.0,1.0,1.0,1.0,1.0,1.0,1.0,3.0,4.0,3.0,6.0,5.0,6.0,6.0,3.0,4.0,6.0,1.0,4.0,6.0,2.0,6.0,2.0,5.0,4.0,128.0,512.0,1.0,256.0,1024.0,1.0,1.0,1.0,1.0,1.0,1.0,1.0,3.0,3.0,4.0,5.0,2.0,4.0,5.0,2.0,5.0,4.0,4.0,2.0,4.0,1.0,2.0,2.0,1.0,6.0,4.0,2.0,1.0,4.0,1.0,1.0,1.0,1.0,1.0,1.0,1.0,1.0,157286712.0,9077213.280000001,7028500.0,0.08300563999999999,16.0,514.0,4384.0,1427725030933935.5,16.0,20.067615,107.6,929.6
256000.0,64000.0,256.0,64.0,3.0,2.0,20.0,24.0,6.0,3.0,3.0,6.0,6.0,6.0,2.0,2.0,3.0,5.0,6.0,5.0,1.0,4.0,3.0,6.0,6.0,2.0,6.0,5.0,3.0,5.0,3.0,2.0,128.0,1.0,1.0,24.0,1.0,1.0,1.0,1.0,1.0,1.0,1.0,1.0,1.0,3.0,3.0,5.0,6.0,5.0,1.0,1.0,6.0,4.0,2.0,1.0,4.0,3.0,6.0,1.0,4.0,5.0,1.0,32.0,1.0,2.0,2.0,1.0,8.0,2.0,1.0,1.0,1.0,1.0,6.0,2.0,4.0,5.0,1.0,4.0,5.0,1.0,6.0,1.0,1.0,6.0,3.0,3.0,4.0,4.0,5.0,1.0,4.0,32.0,1.0,1.0,4.0,1.0,4.0,32.0,1.0,1.0,1.0,1.0,5.0,6.0,2.0,4.0,1.0,3.0,6.0,6.0,3.0,2.0,4.0,2.0,6.0,6.0,4.0,1.0,6.0,4.0,16.0,8.0,1.0,16.0,1.0,1.0,1.0,1.0,1.0,1.0,1.0,1.0,5.0,1.0,6.0,3.0,6.0,6.0,4.0,6.0,2.0,4.0,2.0,5.0,5.0,1.0,1.0,5.0,3.0,5.0,4.0,2.0,1.0,16.0,256.0,1.0,1.0,1.0,1.0,1.0,1.0,1.0,3.0,3.0,5.0,1.0,5.0,4.0,2.0,6.0,3.0,1.0,3.0,3.0,6.0,5.0,3.0,2.0,3.0,6.0,2.0,128.0,1.0,2.0,2.0,1.0,1.0,1.0,1.0,1.0,1.0,1.0,1269602448.0,4546123.34,839645000.0,4.873189499999999,960.0,514.0,83968.0,5771769321373936.0,2.0,0.335888635,107.6,14272.0
32000.0,8192000.0,256.0,64.0,2.0,44.0,28.0,12.0,4.0,3.0,4.0,4.0,4.0,5.0,5.0,4.0,6.0,5.0,3.0,4.0,6.0,1.0,5.0,3.0,1.0,3.0,4.0,1.0,6.0,6.0,4.0,2.0,256.0,1.0,1.0,48.0,256.0,1.0,1.0,1.0,1.0,1.0,1.0,1.0,4.0,3.0,3.0,1.0,3.0,1.0,2.0,2.0,2.0,6.0,6.0,3.0,2.0,4.0,3.0,5.0,6.0,6.0,16.0,1.0,1.0,128.0,8.0,1.0,32.0,32.0,1.0,1.0,1.0,1.0,6.0,3.0,6.0,5.0,4.0,5.0,4.0,1.0,1.0,5.0,5.0,6.0,1.0,4.0,1.0,6.0,4.0,4.0,2.0,8.0,1.0,128.0,8.0,1.0,8.0,16.0,1.0,1.0,1.0,1.0,4.0,1.0,3.0,5.0,4.0,2.0,1.0,2.0,2.0,1.0,2.0,5.0,5.0,2.0,5.0,4.0,6.0,1.0,8.0,8.0,1.0,8.0,128.0,1.0,1.0,1.0,1.0,1.0,1.0,1.0,4.0,3.0,4.0,3.0,6.0,4.0,5.0,4.0,1.0,2.0,2.0,1.0,3.0,1.0,5.0,1.0,3.0,3.0,1.0,32.0,1.0,8.0,1.0,1.0,1.0,1.0,1.0,1.0,1.0,1.0,5.0,2.0,3.0,2.0,5.0,6.0,2.0,3.0,2.0,1.0,5.0,4.0,1.0,2.0,4.0,2.0,4.0,5.0,4.0,64.0,1.0,2.0,16.0,1.0,1.0,1.0,1.0,1.0,1.0,1.0,1720737948.0,13218346.98,187511000.0,1.6047105000000002,336.0,514.0,12640.0,2.2745311258317196e+16,1.9,1.04418025,107.6,1260.1
8192.0,256000.0,256.0,64.0,1.0,48.0,34.0,36.0,5.0,2.0,4.0,5.0,6.0,4.0,5.0,1.0,3.0,5.0,4.0,2.0,1.0,2.0,5.0,6.0,2.0,5.0,3.0,4.0,4.0,2.0,6.0,5.0,32.0,64.0,1.0,48.0,16.0,1.0,1.0,1.0,1.0,1.0,1.0,1.0,3.0,4.0,4.0,6.0,4.0,6.0,3.0,5.0,1.0,3.0,4.0,3.0,2.0,3.0,6.0,4.0,4.0,1.0,2.0,64.0,1.0,16.0,64.0,1.0,32.0,128.0,1.0,1.0,1.0,1.0,1.0,4.0,4.0,4.0,3.0,5.0,6.0,3.0,6.0,4.0,1.0,4.0,3.0,3.0,6.0,4.0,3.0,6.0,4.0,2.0,1.0,8.0,64.0,1.0,32.0,16.0,1.0,1.0,1.0,1.0,4.0,6.0,3.0,6.0,5.0,6.0,3.0,1.0,5.0,1.0,4.0,4.0,4.0,4.0,5.0,2.0,5.0,1.0,8.0,256.0,1.0,128.0,16.0,1.0,1.0,1.0,1.0,1.0,1.0,1.0,4.0,4.0,2.0,2.0,6.0,5.0,2.0,6.0,6.0,3.0,5.0,5.0,2.0,5.0,4.0,5.0,5.0,2.0,4.0,1.0,1.0,1024.0,4.0,1.0,1.0,1.0,1.0,1.0,1.0,1.0,4.0,6.0,1.0,1.0,4.0,2.0,6.0,4.0,3.0,4.0,4.0,2.0,4.0,4.0,4.0,5.0,6.0,4.0,64.0,1.0,1.0,16.0,16.0,1.0,1.0,1.0,1.0,1.0,1.0,1.0,2516582520.0,22126268.4,15250600.0,0.17238339999999996,36.0,514.0,514.0,5.568258028826837e+16,1.0,1.3976330000000001,107.6,107.6
64000.0,4096000.0,256.0,64.0,3.0,40.0,38.0,22.0,1.0,6.0,4.0,6.0,3.0,3.0,2.0,2.0,6.0,6.0,3.0,6.0,5.0,4.0,2.0,1.0,6.0,1.0,5.0,3.0,5.0,2.0,5.0,5.0,128.0,1.0,1.0,192.0,3.0,1.0,1.0,1.0,1.0,1.0,1.0,1.0,4.0,4.0,1.0,4.0,5.0,2.0,4.0,5.0,2.0,2.0,5.0,4.0,5.0,3.0,4.0,1.0,4.0,4.0,32.0,4.0,1.0,32.0,8.0,1.0,64.0,8.0,1.0,1.0,1.0,1.0,6.0,6.0,5.0,1.0,6.0,2.0,6.0,6.0,4.0,6.0,2.0,2.0,5.0,6.0,5.0,1.0,4.0,3.0,64.0,64.0,1.0,4.0,16.0,1.0,32.0,1.0,1.0,1.0,1.0,1.0,2.0,2.0,2.0,2.0,1.0,5.0,5.0,4.0,3.0,6.0,6.0,4.0,2.0,5.0,6.0,2.0,2.0,2.0,256.0,16.0,1.0,4.0,128.0,1.0,1.0,1.0,1.0,1.0,1.0,1.0,3.0,3.0,6.0,6.0,5.0,6.0,5.0,4.0,3.0,1.0,1.0,3.0,4.0,3.0,5.0,2.0,5.0,2.0,1.0,64.0,1.0,8.0,2048.0,1.0,1.0,1.0,1.0,1.0,1.0,1.0,4.0,3.0,1.0,3.0,5.0,1.0,2.0,2.0,1.0,2.0,6.0,5.0,3.0,3.0,5.0,6.0,5.0,4.0,1.0,8.0,1.0,32.0,1.0,1.0,1.0,1.0,1.0,1.0,1.0,1.0,990805164.0,4373509.089999999,582722000000.0,644.1346,33440.0,514.0,802816.0,4333295391172939.5,17.45,0.0927735,107.6,127488.0
16000.0,16000000.0,256.0,64.0,3.0,4.0,46.0,10.0,6.0,2.0,5.0,4.0,1.0,6.0,6.0,1.0,3.0,6.0,6.0,5.0,5.0,6.0,6.0,1.0,1.0,3.0,5.0,3.0,5.0,5.0,4.0,5.0,8.0,128.0,1.0,96.0,12.0,1.0,1.0,1.0,1.0,1.0,1.0,1.0,2.0,3.0,4.0,4.0,3.0,1.0,2.0,5.0,1.0,1.0,5.0,4.0,2.0,3.0,5.0,3.0,1.0,4.0,1.0,64.0,1.0,1.0,64.0,1.0,1.0,16.0,1.0,1.0,1.0,1.0,6.0,5.0,4.0,6.0,6.0,6.0,3.0,2.0,1.0,4.0,3.0,5.0,5.0,3.0,2.0,4.0,1.0,2.0,1.0,64.0,1.0,1.0,32.0,1.0,8.0,2.0,1.0,1.0,1.0,1.0,1.0,6.0,1.0,1.0,6.0,4.0,5.0,3.0,4.0,2.0,2.0,3.0,3.0,6.0,1.0,5.0,4.0,1.0,64.0,2.0,1.0,16.0,8.0,1.0,1.0,1.0,1.0,1.0,1.0,1.0,6.0,1.0,5.0,1.0,4.0,1.0,3.0,4.0,2.0,1.0,2.0,5.0,2.0,2.0,4.0,6.0,1.0,1.0,8.0,512.0,1.0,512.0,512.0,1.0,1.0,1.0,1.0,1.0,1.0,1.0,2.0,4.0,4.0,1.0,5.0,3.0,1.0,4.0,5.0,2.0,3.0,2.0,4.0,2.0,1.0,3.0,6.0,6.0,1.0,8.0,1.0,4.0,4.0,1.0,1.0,1.0,1.0,1.0,1.0,1.0,1334286726.0,4965320.58,2433860000.0,10.176222000000001,1840.0,514.0,786432.0,6625161340228621.0,2.65,0.06948250000000002,107.6,65600.0
256.0,1024000.0,256.0,64.0,2.0,40.0,36.0,26.0,1.0,1.0,4.0,2.0,2.0,5.0,1.0,5.0,2.0,3.0,4.0,3.0,1.0,2.0,2.0,1.0,3.0,6.0,4.0,2.0,3.0,6.0,2.0,3.0,32.0,256.0,1.0,768.0,32.0,1.0,1.0,1.0,1.0,1.0,1.0,1.0,4.0,6.0,4.0,2.0,2.0,1.0,1.0,2.0,2.0,6.0,6.0,2.0,3.0,3.0,4.0,4.0,3.0,4.0,64.0,16.0,1.0,4.0,64.0,1.0,1.0,1.0,1.0,1.0,1.0,1.0,6.0,1.0,4.0,2.0,3.0,6.0,6.0,3.0,2.0,4.0,6.0,2.0,6.0,6.0,1.0,5.0,4.0,6.0,8.0,8.0,1.0,128.0,1.0,1.0,2.0,1.0,1.0,1.0,1.0,1.0,2.0,5.0,6.0,6.0,5.0,6.0,5.0,6.0,6.0,3.0,6.0,4.0,2.0,3.0,6.0,3.0,5.0,1.0,4.0,128.0,1.0,2.0,1.0,1.0,1.0,1.0,1.0,1.0,1.0,1.0,3.0,3.0,2.0,4.0,5.0,4.0,6.0,4.0,3.0,4.0,3.0,1.0,5.0,2.0,4.0,4.0,4.0,5.0,2.0,64.0,1.0,1.0,2048.0,1.0,1.0,1.0,1.0,1.0,1.0,1.0,6.0,1.0,2.0,5.0,1.0,6.0,2.0,3.0,5.0,5.0,3.0,6.0,4.0,5.0,2.0,2.0,5.0,6.0,1.0,128.0,1.0,16.0,8.0,1.0,1.0,1.0,1.0,1.0,1.0,1.0,2527990524.0,11327822.119999997,807218000.0,4.6978725,936.0,514.0,18432.0,2.8636626976917584e+16,1.0,0.8766111649999999,107.6,1221.4
512.0,16000000.0,256.0,64.0,1.0,20.0,42.0,40.0,4.0,3.0,6.0,3.0,4.0,1.0,5.0,6.0,6.0,2.0,2.0,2.0,1.0,6.0,2.0,2.0,6.0,1.0,6.0,5.0,2.0,6.0,1.0,6.0,32.0,128.0,1.0,384.0,384.0,1.0,1.0,1.0,1.0,1.0,1.0,1.0,2.0,4.0,3.0,4.0,4.0,3.0,3.0,2.0,5.0,5.0,4.0,3.0,6.0,4.0,5.0,1.0,5.0,5.0,32.0,64.0,1.0,2.0,64.0,1.0,64.0,64.0,1.0,1.0,1.0,1.0,6.0,3.0,6.0,5.0,4.0,4.0,4.0,6.0,5.0,2.0,4.0,5.0,3.0,2.0,2.0,4.0,2.0,4.0,32.0,128.0,1.0,8.0,2.0,1.0,4.0,16.0,1.0,1.0,1.0,1.0,2.0,1.0,3.0,3.0,2.0,4.0,4.0,5.0,2.0,4.0,1.0,6.0,6.0,4.0,3.0,3.0,1.0,5.0,2.0,8.0,1.0,16.0,16.0,1.0,1.0,1.0,1.0,1.0,1.0,1.0,6.0,4.0,2.0,2.0,5.0,6.0,5.0,4.0,4.0,1.0,6.0,6.0,6.0,4.0,1.0,6.0,4.0,1.0,2.0,2.0,1.0,1.0,16.0,1.0,1.0,1.0,1.0,1.0,1.0,1.0,4.0,2.0,5.0,3.0,4.0,5.0,2.0,4.0,3.0,1.0,6.0,2.0,4.0,3.0,4.0,3.0,2.0,3.0,512.0,8.0,1.0,256.0,64.0,1.0,1.0,1.0,1.0,1.0,1.0,1.0,2419064952.0,14965302.0,16944000.0,0.19134060000000003,40.0,514.0,514.0,3.62020375642955e+16,25.8,25.802360999999998,107.6,232.4
2048000.0,64000.0,256.0,64.0,2.0,38.0,28.0,46.0,5.0,1.0,1.0,6.0,3.0,6.0,4.0,3.0,4.0,1.0,1.0,5.0,5.0,1.0,3.0,5.0,2.0,5.0,4.0,6.0,5.0,1.0,5.0,1.0,16.0,4.0,1.0,32.0,192.0,1.0,1.0,1.0,1.0,1.0,1.0,1.0,6.0,4.0,4.0,6.0,3.0,1.0,4.0,1.0,4.0,4.0,5.0,4.0,5.0,1.0,1.0,1.0,6.0,2.0,32.0,32.0,1.0,128.0,8.0,1.0,8.0,64.0,1.0,1.0,1.0,1.0,1.0,1.0,3.0,2.0,5.0,4.0,2.0,5.0,3.0,4.0,3.0,6.0,2.0,6.0,2.0,6.0,6.0,5.0,32.0,128.0,1.0,1.0,16.0,1.0,8.0,16.0,1.0,1.0,1.0,1.0,4.0,1.0,5.0,3.0,4.0,2.0,1.0,1.0,6.0,5.0,1.0,3.0,6.0,6.0,3.0,3.0,3.0,5.0,32.0,1.0,1.0,512.0,4.0,1.0,1.0,1.0,1.0,1.0,1.0,1.0,5.0,6.0,2.0,4.0,3.0,4.0,6.0,5.0,4.0,4.0,4.0,6.0,6.0,4.0,4.0,5.0,2.0,3.0,8.0,64.0,1.0,64.0,64.0,1.0,1.0,1.0,1.0,1.0,1.0,1.0,2.0,2.0,3.0,3.0,4.0,3.0,3.0,5.0,2.0,3.0,4.0,2.0,4.0,5.0,5.0,5.0,5.0,4.0,8.0,2.0,1.0,2.0,64.0,1.0,1.0,1.0,1.0,1.0,1.0,1.0,2518819080.0,9683540.159999998,1341550000.0,6.663004000000001,1288.0,514.0,19456.0,2.439108571695425e+16,1.0,0.5653132999999999,107.6,2260.0
1024.0,1024000.0,256.0,64.0,3.0,40.0,30.0,44.0,1.0,4.0,2.0,1.0,6.0,3.0,6.0,3.0,4.0,1.0,1.0,2.0,4.0,6.0,6.0,2.0,5.0,3.0,4.0,1.0,3.0,2.0,4.0,4.0,512.0,2.0,1.0,768.0,256.0,1.0,1.0,1.0,1.0,1.0,1.0,1.0,4.0,6.0,4.0,4.0,5.0,3.0,5.0,3.0,4.0,3.0,3.0,4.0,3.0,6.0,4.0,2.0,1.0,2.0,8.0,16.0,1.0,32.0,4.0,1.0,1.0,2.0,1.0,1.0,1.0,1.0,6.0,3.0,6.0,5.0,5.0,5.0,4.0,5.0,2.0,1.0,6.0,4.0,1.0,6.0,2.0,6.0,5.0,3.0,1.0,1.0,1.0,4.0,8.0,1.0,8.0,8.0,1.0,1.0,1.0,1.0,4.0,3.0,4.0,2.0,1.0,2.0,2.0,4.0,4.0,1.0,5.0,2.0,4.0,4.0,3.0,4.0,6.0,3.0,1.0,128.0,1.0,16.0,32.0,1.0,1.0,1.0,1.0,1.0,1.0,1.0,1.0,2.0,6.0,2.0,2.0,6.0,4.0,5.0,1.0,1.0,5.0,1.0,3.0,1.0,6.0,3.0,6.0,1.0,128.0,64.0,1.0,128.0,128.0,1.0,1.0,1.0,1.0,1.0,1.0,1.0,2.0,1.0,1.0,3.0,2.0,2.0,4.0,3.0,6.0,3.0,3.0,3.0,3.0,1.0,2.0,6.0,4.0,2.0,2.0,2.0,1.0,512.0,512.0,1.0,1.0,1.0,1.0,1.0,1.0,1.0,1946054802.0,5934060.42,1441010000000.0,1464.4525,52800.0,514.0,1114112.0,1.1548006775699136e+16,4.35,0.98991635,107.6,70310.4
128000.0,4096000.0,256.0,64.0,2.0,2.0,32.0,16.0,2.0,1.0,4.0,5.0,1.0,6.0,4.0,1.0,1.0,3.0,5.0,1.0,1.0,6.0,6.0,1.0,1.0,6.0,4.0,3.0,4.0,6.0,4.0,6.0,512.0,512.0,1.0,1536.0,768.0,1.0,1.0,1.0,1.0,1.0,1.0,1.0,5.0,2.0,6.0,2.0,5.0,1.0,1.0,3.0,5.0,1.0,6.0,3.0,3.0,5.0,5.0,4.0,1.0,5.0,32.0,2.0,1.0,64.0,128.0,1.0,64.0,16.0,1.0,1.0,1.0,1.0,1.0,2.0,2.0,4.0,4.0,2.0,6.0,4.0,3.0,4.0,6.0,6.0,5.0,1.0,3.0,6.0,3.0,5.0,64.0,128.0,1.0,128.0,16.0,1.0,64.0,1.0,1.0,1.0,1.0,1.0,5.0,3.0,5.0,2.0,3.0,2.0,3.0,3.0,1.0,2.0,5.0,5.0,6.0,3.0,5.0,1.0,4.0,4.0,512.0,8.0,1.0,64.0,8.0,1.0,1.0,1.0,1.0,1.0,1.0,1.0,5.0,2.0,2.0,4.0,4.0,2.0,2.0,5.0,3.0,5.0,2.0,6.0,5.0,2.0,5.0,1.0,5.0,1.0,1.0,4.0,1.0,32.0,16.0,1.0,1.0,1.0,1.0,1.0,1.0,1.0,2.0,3.0,3.0,4.0,6.0,2.0,5.0,4.0,5.0,5.0,6.0,3.0,4.0,3.0,1.0,5.0,1.0,4.0,64.0,4.0,1.0,512.0,32.0,1.0,1.0,1.0,1.0,1.0,1.0,1.0,2517134178.0,8684963.34,331377000.0,2.6766555,512.0,514.0,1114112.0,2.1861218057791036e+16,1.0,0.2944803399999999,107.6,58440.0
1024.0,128000.0,256.0,64.0,3.0,26.0,48.0,48.0,5.0,6.0,3.0,6.0,4.0,3.0,2.0,3.0,4.0,1.0,1.0,3.0,3.0,2.0,5.0,3.0,6.0,5.0,6.0,5.0,3.0,3.0,1.0,6.0,1.0,8.0,1.0,1.0,96.0,1.0,1.0,1.0,1.0,1.0,1.0,1.0,3.0,5.0,4.0,2.0,5.0,4.0,1.0,5.0,4.0,4.0,1.0,6.0,1.0,3.0,3.0,3.0,5.0,6.0,2.0,32.0,1.0,1.0,4.0,1.0,128.0,4.0,1.0,1.0,1.0,1.0,2.0,1.0,4.0,6.0,5.0,3.0,5.0,5.0,3.0,4.0,1.0,4.0,4.0,5.0,5.0,4.0,2.0,1.0,64.0,1.0,1.0,64.0,64.0,1.0,32.0,8.0,1.0,1.0,1.0,1.0,3.0,3.0,5.0,4.0,3.0,5.0,6.0,1.0,5.0,1.0,3.0,2.0,5.0,4.0,4.0,1.0,3.0,5.0,64.0,4.0,1.0,512.0,128.0,1.0,1.0,1.0,1.0,1.0,1.0,1.0,5.0,5.0,4.0,4.0,5.0,3.0,3.0,2.0,6.0,3.0,1.0,2.0,5.0,6.0,6.0,4.0,6.0,5.0,16.0,256.0,1.0,128.0,64.0,1.0,1.0,1.0,1.0,1.0,1.0,1.0,3.0,1.0,5.0,5.0,3.0,2.0,5.0,4.0,3.0,4.0,5.0,3.0,3.0,6.0,1.0,5.0,1.0,6.0,256.0,16.0,1.0,256.0,16.0,1.0,1.0,1.0,1.0,1.0,1.0,1.0,144014184.0,4224283.88,1851760000000.0,1848.1995,59904.0,514.0,1605632.0,608356795962553.9,29.0,0.3734375,107.6,156774.4
128000.0,4096000.0,256.0,64.0,1.0,26.0,32.0,36.0,6.0,3.0,6.0,4.0,3.0,6.0,5.0,1.0,3.0,6.0,2.0,3.0,2.0,5.0,3.0,6.0,1.0,4.0,3.0,3.0,4.0,6.0,6.0,4.0,64.0,512.0,1.0,32.0,256.0,1.0,1.0,1.0,1.0,1.0,1.0,1.0,2.0,6.0,3.0,4.0,6.0,3.0,4.0,5.0,3.0,4.0,3.0,5.0,4.0,6.0,4.0,4.0,6.0,3.0,8.0,32.0,1.0,1.0,2.0,1.0,128.0,2.0,1.0,1.0,1.0,1.0,4.0,6.0,1.0,1.0,4.0,4.0,6.0,2.0,6.0,4.0,1.0,2.0,6.0,5.0,6.0,6.0,1.0,2.0,2.0,128.0,1.0,1.0,4.0,1.0,2.0,8.0,1.0,1.0,1.0,1.0,3.0,5.0,2.0,6.0,1.0,4.0,5.0,5.0,1.0,6.0,6.0,5.0,3.0,6.0,5.0,1.0,3.0,2.0,2.0,2.0,1.0,8.0,32.0,1.0,1.0,1.0,1.0,1.0,1.0,1.0,3.0,2.0,5.0,5.0,4.0,3.0,2.0,4.0,3.0,1.0,6.0,3.0,2.0,6.0,6.0,4.0,1.0,4.0,32.0,32.0,1.0,32.0,256.0,1.0,1.0,1.0,1.0,1.0,1.0,1.0,1.0,3.0,4.0,5.0,4.0,3.0,3.0,5.0,6.0,6.0,5.0,2.0,3.0,4.0,5.0,2.0,1.0,4.0,32.0,512.0,1.0,2.0,4.0,1.0,1.0,1.0,1.0,1.0,1.0,1.0,72745512.0,12922306.56,15251500.0,0.17900039999999995,36.0,514.0,9544.0,940039806928158.8,32.516485,30.681539999999995,107.6,2025.6
256000.0,256000.0,256.0,64.0,3.0,14.0,14.0,20.0,3.0,5.0,3.0,1.0,4.0,4.0,5.0,5.0,1.0,4.0,3.0,5.0,5.0,2.0,1.0,2.0,2.0,4.0,2.0,6.0,1.0,2.0,2.0,1.0,8.0,32.0,1.0,16.0,32.0,1.0,1.0,1.0,1.0,1.0,1.0,1.0,4.0,6.0,3.0,6.0,6.0,3.0,1.0,5.0,3.0,3.0,5.0,1.0,5.0,5.0,3.0,5.0,3.0,3.0,16.0,8.0,1.0,8.0,16.0,1.0,16.0,2.0,1.0,1.0,1.0,1.0,6.0,5.0,4.0,5.0,2.0,5.0,1.0,3.0,3.0,2.0,1.0,5.0,2.0,4.0,6.0,5.0,5.0,2.0,8.0,4.0,1.0,16.0,64.0,1.0,8.0,64.0,1.0,1.0,1.0,1.0,3.0,1.0,1.0,4.0,5.0,2.0,3.0,6.0,1.0,1.0,2.0,3.0,1.0,5.0,6.0,4.0,1.0,2.0,8.0,32.0,1.0,512.0,32.0,1.0,1.0,1.0,1.0,1.0,1.0,1.0,4.0,1.0,5.0,6.0,3.0,1.0,6.0,5.0,6.0,5.0,6.0,6.0,5.0,4.0,5.0,4.0,1.0,1.0,256.0,1.0,1.0,1.0,32.0,1.0,1.0,1.0,1.0,1.0,1.0,1.0,3.0,3.0,4.0,5.0,4.0,1.0,2.0,5.0,4.0,6.0,6.0,1.0,2.0,1.0,1.0,3.0,4.0,3.0,8.0,32.0,1.0,2.0,128.0,1.0,1.0,1.0,1.0,1.0,1.0,1.0,548066268.0,4111132.8999999994,9339330000.0,24.940530000000006,3920.0,514.0,409600.0,2253173265755017.0,5.489999999999999,0.2078125,107.6,51404.8
32000.0,16000.0,256.0,64.0,3.0,20.0,10.0,24.0,4.0,2.0,2.0,6.0,3.0,6.0,3.0,3.0,3.0,1.0,5.0,1.0,6.0,2.0,3.0,6.0,2.0,6.0,3.0,6.0,6.0,4.0,3.0,3.0,1.0,512.0,1.0,96.0,6.0,1.0,1.0,1.0,1.0,1.0,1.0,1.0,1.0,4.0,2.0,5.0,5.0,4.0,2.0,3.0,4.0,5.0,4.0,6.0,6.0,2.0,3.0,2.0,2.0,5.0,32.0,16.0,1.0,2.0,64.0,1.0,4.0,128.0,1.0,1.0,1.0,1.0,6.0,5.0,3.0,3.0,5.0,4.0,1.0,6.0,5.0,4.0,4.0,4.0,2.0,6.0,2.0,1.0,4.0,3.0,128.0,4.0,1.0,64.0,2.0,1.0,4.0,64.0,1.0,1.0,1.0,1.0,2.0,6.0,4.0,5.0,1.0,4.0,1.0,3.0,6.0,1.0,4.0,6.0,1.0,6.0,4.0,5.0,2.0,5.0,32.0,1.0,1.0,128.0,1.0,1.0,1.0,1.0,1.0,1.0,1.0,1.0,5.0,4.0,6.0,6.0,4.0,3.0,2.0,6.0,5.0,1.0,1.0,4.0,6.0,3.0,4.0,3.0,3.0,4.0,8.0,4.0,1.0,2.0,16.0,1.0,1.0,1.0,1.0,1.0,1.0,1.0,5.0,2.0,6.0,4.0,6.0,4.0,5.0,6.0,1.0,3.0,2.0,2.0,6.0,6.0,4.0,6.0,4.0,5.0,16.0,1024.0,1.0,4.0,512.0,1.0,1.0,1.0,1.0,1.0,1.0,1.0,1080433482.0,4373468.9399999995,13588400000.0,32.56978000000001,4800.0,514.0,1441792.0,4725242275263049.0,9.1,0.02546385,107.6,115417.6
128000.0,512000.0,256.0,64.0,2.0,24.0,40.0,24.0,6.0,2.0,6.0,6.0,2.0,1.0,1.0,5.0,1.0,4.0,1.0,1.0,3.0,4.0,4.0,3.0,5.0,5.0,5.0,3.0,2.0,6.0,3.0,3.0,128.0,256.0,1.0,128.0,24.0,1.0,1.0,1.0,1.0,1.0,1.0,1.0,2.0,2.0,6.0,4.0,5.0,2.0,5.0,5.0,6.0,1.0,3.0,5.0,2.0,5.0,3.0,4.0,5.0,6.0,16.0,32.0,1.0,1.0,16.0,1.0,128.0,4.0,1.0,1.0,1.0,1.0,2.0,3.0,3.0,2.0,2.0,2.0,6.0,1.0,1.0,6.0,2.0,5.0,5.0,6.0,3.0,1.0,1.0,4.0,32.0,64.0,1.0,1.0,1.0,1.0,4.0,4.0,1.0,1.0,1.0,1.0,6.0,6.0,5.0,6.0,3.0,1.0,1.0,4.0,6.0,4.0,6.0,6.0,6.0,6.0,1.0,1.0,5.0,1.0,16.0,512.0,1.0,2.0,1.0,1.0,1.0,1.0,1.0,1.0,1.0,1.0,1.0,1.0,2.0,2.0,6.0,5.0,6.0,6.0,6.0,3.0,2.0,1.0,2.0,3.0,5.0,5.0,1.0,4.0,512.0,4.0,1.0,128.0,1.0,1.0,1.0,1.0,1.0,1.0,1.0,1.0,6.0,4.0,4.0,2.0,2.0,2.0,5.0,4.0,3.0,6.0,6.0,2.0,1.0,1.0,1.0,2.0,3.0,1.0,64.0,64.0,1.0,512.0,32.0,1.0,1.0,1.0,1.0,1.0,1.0,1.0,214268898.0,4201985.790000001,839705000.0,4.998993,960.0,514.0,663552.0,900354864634959.6,17.8,7.4917340999999995,107.6,50736.0
8192.0,256000.0,256.0,64.0,3.0,44.0,42.0,14.0,6.0,2.0,4.0,1.0,3.0,5.0,1.0,2.0,6.0,5.0,5.0,3.0,3.0,1.0,5.0,1.0,5.0,5.0,6.0,4.0,6.0,2.0,3.0,2.0,4.0,512.0,1.0,192.0,2.0,1.0,1.0,1.0,1.0,1.0,1.0,1.0,5.0,5.0,3.0,6.0,6.0,6.0,1.0,6.0,3.0,1.0,1.0,5.0,6.0,5.0,3.0,1.0,1.0,2.0,1.0,4.0,1.0,4.0,64.0,1.0,128.0,16.0,1.0,1.0,1.0,1.0,5.0,5.0,5.0,1.0,5.0,4.0,6.0,4.0,2.0,2.0,6.0,6.0,4.0,4.0,6.0,3.0,6.0,5.0,8.0,8.0,1.0,128.0,16.0,1.0,64.0,8.0,1.0,1.0,1.0,1.0,1.0,6.0,3.0,2.0,3.0,2.0,5.0,2.0,5.0,5.0,6.0,4.0,2.0,4.0,3.0,4.0,2.0,6.0,2.0,16.0,1.0,512.0,32.0,1.0,1.0,1.0,1.0,1.0,1.0,1.0,6.0,4.0,6.0,2.0,4.0,3.0,4.0,1.0,2.0,1.0,3.0,3.0,5.0,3.0,2.0,2.0,5.0,5.0,32.0,128.0,1.0,4.0,2.0,1.0,1.0,1.0,1.0,1.0,1.0,1.0,6.0,5.0,3.0,5.0,3.0,6.0,3.0,2.0,4.0,6.0,1.0,5.0,1.0,2.0,1.0,2.0,1.0,3.0,256.0,32.0,1.0,512.0,512.0,1.0,1.0,1.0,1.0,1.0,1.0,1.0,913818732.0,3912956.88,351062000000.0,413.07935,25872.0,514.0,2752512.0,3575733294452276.0,104.65,1.4015625,107.6,245196.8
2048.0,128000.0,256.0,64.0,3.0,14.0,26.0,20.0,3.0,3.0,3.0,2.0,3.0,6.0,6.0,2.0,1.0,1.0,6.0,3.0,3.0,3.0,5.0,3.0,4.0,2.0,3.0,3.0,4.0,1.0,3.0,4.0,1.0,8.0,1.0,768.0,48.0,1.0,1.0,1.0,1.0,1.0,1.0,1.0,5.0,3.0,3.0,1.0,3.0,6.0,5.0,3.0,5.0,4.0,5.0,5.0,2.0,3.0,3.0,1.0,5.0,4.0,4.0,32.0,1.0,2.0,1.0,1.0,32.0,32.0,1.0,1.0,1.0,1.0,5.0,1.0,3.0,2.0,2.0,4.0,1.0,5.0,4.0,6.0,1.0,6.0,3.0,5.0,4.0,3.0,1.0,5.0,64.0,2.0,1.0,2.0,1.0,1.0,32.0,8.0,1.0,1.0,1.0,1.0,6.0,3.0,6.0,5.0,6.0,6.0,5.0,1.0,2.0,6.0,5.0,1.0,6.0,5.0,6.0,5.0,5.0,6.0,64.0,256.0,1.0,64.0,2.0,1.0,1.0,1.0,1.0,1.0,1.0,1.0,4.0,4.0,3.0,4.0,3.0,1.0,5.0,1.0,6.0,3.0,2.0,6.0,3.0,3.0,5.0,4.0,5.0,5.0,64.0,64.0,1.0,1.0,2048.0,1.0,1.0,1.0,1.0,1.0,1.0,1.0,4.0,1.0,4.0,6.0,1.0,3.0,1.0,3.0,1.0,6.0,2.0,6.0,1.0,1.0,1.0,5.0,4.0,1.0,256.0,512.0,1.0,16.0,512.0,1.0,1.0,1.0,1.0,1.0,1.0,1.0,870339960.0,4380287.8,29809200000.0,57.04031500000001,7280.0,514.0,802816.0,3812339508640488.0,18.05,2.216407,107.6,98457.6
1024.0,128000.0,256.0,64.0,2.0,48.0,36.0,10.0,4.0,4.0,5.0,1.0,6.0,4.0,2.0,5.0,6.0,4.0,4.0,5.0,1.0,2.0,4.0,1.0,4.0,6.0,3.0,4.0,5.0,3.0,2.0,3.0,512.0,2.0,1.0,4.0,128.0,1.0,1.0,1.0,1.0,1.0,1.0,1.0,1.0,5.0,1.0,2.0,6.0,4.0,3.0,5.0,5.0,6.0,5.0,4.0,5.0,4.0,3.0,1.0,1.0,5.0,4.0,2.0,1.0,1.0,2.0,1.0,1.0,8.0,1.0,1.0,1.0,1.0,6.0,4.0,6.0,4.0,4.0,3.0,6.0,1.0,1.0,5.0,5.0,2.0,5.0,4.0,3.0,4.0,6.0,6.0,32.0,4.0,1.0,64.0,2.0,1.0,1.0,1.0,1.0,1.0,1.0,1.0,5.0,3.0,2.0,2.0,6.0,6.0,1.0,4.0,6.0,5.0,5.0,4.0,6.0,2.0,2.0,3.0,6.0,3.0,32.0,2.0,1.0,64.0,16.0,1.0,1.0,1.0,1.0,1.0,1.0,1.0,3.0,2.0,3.0,6.0,1.0,5.0,6.0,5.0,1.0,6.0,4.0,5.0,2.0,3.0,3.0,3.0,4.0,3.0,16.0,64.0,1.0,2048.0,256.0,1.0,1.0,1.0,1.0,1.0,1.0,1.0,6.0,1.0,1.0,2.0,6.0,2.0,3.0,1.0,6.0,6.0,1.0,6.0,2.0,4.0,3.0,4.0,2.0,5.0,16.0,8.0,1.0,2.0,128.0,1.0,1.0,1.0,1.0,1.0,1.0,1.0,2549073702.0,7753402.240000001,205261000.0,1.733039,360.0,514.0,77824.0,1.9763993751011896e+16,1.0,0.7646036250000001,107.6,4347.2
8192.0,2048000.0,256.0,64.0,2.0,42.0,14.0,30.0,2.0,6.0,2.0,5.0,4.0,2.0,6.0,1.0,3.0,2.0,5.0,2.0,1.0,1.0,1.0,2.0,4.0,1.0,6.0,1.0,3.0,4.0,5.0,5.0,256.0,128.0,1.0,64.0,512.0,1.0,1.0,1.0,1.0,1.0,1.0,1.0,1.0,6.0,2.0,5.0,1.0,1.0,5.0,6.0,4.0,3.0,3.0,3.0,4.0,2.0,4.0,6.0,1.0,4.0,8.0,2.0,1.0,16.0,2.0,1.0,8.0,2.0,1.0,1.0,1.0,1.0,4.0,1.0,5.0,3.0,6.0,2.0,1.0,4.0,6.0,5.0,4.0,3.0,3.0,2.0,4.0,2.0,5.0,3.0,1.0,8.0,1.0,128.0,1.0,1.0,4.0,1.0,1.0,1.0,1.0,1.0,4.0,1.0,5.0,5.0,1.0,3.0,1.0,4.0,2.0,6.0,1.0,1.0,4.0,3.0,2.0,1.0,5.0,2.0,64.0,64.0,1.0,64.0,16.0,1.0,1.0,1.0,1.0,1.0,1.0,1.0,3.0,4.0,4.0,6.0,2.0,4.0,3.0,2.0,3.0,2.0,4.0,5.0,1.0,1.0,6.0,6.0,4.0,4.0,2.0,4.0,1.0,1.0,128.0,1.0,1.0,1.0,1.0,1.0,1.0,1.0,2.0,5.0,5.0,1.0,2.0,5.0,1.0,2.0,4.0,2.0,5.0,5.0,3.0,1.0,5.0,1.0,2.0,4.0,1024.0,1.0,1.0,32.0,4.0,1.0,1.0,1.0,1.0,1.0,1.0,1.0,202563906.0,9743072.219999999,252231000.0,2.1205415,420.0,514.0,491520.0,1973594765323291.0,12.709935000000002,6.0264436649999995,107.6,30754.8
1024.0,512000.0,256.0,64.0,1.0,24.0,4.0,32.0,1.0,6.0,1.0,4.0,4.0,1.0,5.0,3.0,6.0,1.0,3.0,4.0,5.0,6.0,2.0,3.0,5.0,4.0,5.0,2.0,1.0,3.0,3.0,2.0,128.0,512.0,1.0,96.0,64.0,1.0,1.0,1.0,1.0,1.0,1.0,1.0,1.0,4.0,1.0,6.0,5.0,2.0,2.0,5.0,4.0,5.0,6.0,2.0,6.0,6.0,4.0,4.0,3.0,1.0,2.0,1.0,1.0,2.0,128.0,1.0,16.0,128.0,1.0,1.0,1.0,1.0,5.0,6.0,5.0,2.0,6.0,4.0,2.0,4.0,6.0,3.0,5.0,3.0,1.0,4.0,6.0,4.0,4.0,2.0,16.0,32.0,1.0,4.0,2.0,1.0,16.0,1.0,1.0,1.0,1.0,1.0,6.0,2.0,6.0,2.0,6.0,3.0,1.0,6.0,5.0,3.0,1.0,3.0,4.0,1.0,3.0,6.0,1.0,5.0,64.0,8.0,1.0,8.0,4.0,1.0,1.0,1.0,1.0,1.0,1.0,1.0,4.0,5.0,1.0,5.0,2.0,6.0,3.0,5.0,4.0,5.0,5.0,5.0,3.0,5.0,2.0,6.0,3.0,4.0,2.0,128.0,1.0,32.0,2.0,1.0,1.0,1.0,1.0,1.0,1.0,1.0,5.0,2.0,1.0,2.0,2.0,6.0,6.0,3.0,2.0,1.0,4.0,3.0,2.0,5.0,5.0,4.0,4.0,3.0,2048.0,8.0,1.0,64.0,128.0,1.0,1.0,1.0,1.0,1.0,1.0,1.0,78643320.0,15339558.240000002,13574300.0,0.15973220000000002,32.0,514.0,8512.0,1206353787326957.0,32.0,32.39768000000001,107.6,1806.4
32000.0,16000000.0,256.0,64.0,1.0,24.0,38.0,38.0,2.0,2.0,6.0,4.0,6.0,6.0,4.0,1.0,2.0,6.0,1.0,3.0,3.0,3.0,1.0,1.0,1.0,3.0,4.0,3.0,1.0,2.0,6.0,5.0,512.0,2.0,1.0,768.0,128.0,1.0,1.0,1.0,1.0,1.0,1.0,1.0,3.0,4.0,5.0,6.0,6.0,1.0,3.0,4.0,2.0,2.0,4.0,5.0,1.0,5.0,3.0,4.0,3.0,1.0,64.0,8.0,1.0,4.0,32.0,1.0,16.0,4.0,1.0,1.0,1.0,1.0,5.0,1.0,1.0,5.0,3.0,1.0,4.0,5.0,2.0,3.0,2.0,6.0,6.0,6.0,1.0,5.0,1.0,6.0,1.0,16.0,1.0,32.0,128.0,1.0,4.0,8.0,1.0,1.0,1.0,1.0,2.0,3.0,2.0,6.0,4.0,5.0,3.0,3.0,4.0,4.0,6.0,4.0,6.0,1.0,4.0,3.0,4.0,1.0,256.0,512.0,1.0,4.0,8.0,1.0,1.0,1.0,1.0,1.0,1.0,1.0,6.0,3.0,1.0,2.0,3.0,3.0,1.0,1.0,1.0,2.0,4.0,6.0,2.0,3.0,6.0,1.0,2.0,2.0,128.0,128.0,1.0,2.0,128.0,1.0,1.0,1.0,1.0,1.0,1.0,1.0,3.0,4.0,2.0,1.0,6.0,5.0,1.0,4.0,5.0,2.0,2.0,4.0,6.0,6.0,6.0,4.0,3.0,1.0,1.0,2048.0,1.0,16.0,128.0,1.0,1.0,1.0,1.0,1.0,1.0,1.0,2419064952.0,18953445.119999997,16095200.0,0.18205320000000008,38.0,514.0,514.0,4.584961480944742e+16,25.8,26.195710999999996,107.6,226.0
16000.0,512000.0,256.0,64.0,3.0,14.0,40.0,20.0,3.0,2.0,5.0,1.0,6.0,2.0,4.0,5.0,6.0,6.0,2.0,1.0,6.0,3.0,4.0,4.0,4.0,2.0,4.0,5.0,2.0,2.0,1.0,6.0,512.0,1.0,1.0,1.0,768.0,1.0,1.0,1.0,1.0,1.0,1.0,1.0,5.0,2.0,2.0,4.0,3.0,1.0,2.0,1.0,5.0,3.0,4.0,1.0,2.0,4.0,4.0,1.0,6.0,6.0,8.0,1.0,1.0,128.0,64.0,1.0,32.0,4.0,1.0,1.0,1.0,1.0,3.0,5.0,5.0,5.0,1.0,3.0,2.0,1.0,1.0,3.0,3.0,5.0,4.0,6.0,4.0,1.0,5.0,4.0,128.0,64.0,1.0,1.0,8.0,1.0,4.0,1.0,1.0,1.0,1.0,1.0,1.0,4.0,3.0,1.0,6.0,4.0,1.0,6.0,2.0,2.0,6.0,3.0,1.0,5.0,6.0,4.0,6.0,4.0,256.0,128.0,1.0,1.0,1.0,1.0,1.0,1.0,1.0,1.0,1.0,1.0,6.0,4.0,5.0,4.0,3.0,1.0,6.0,4.0,4.0,4.0,3.0,4.0,3.0,1.0,4.0,3.0,4.0,1.0,32.0,8.0,1.0,64.0,128.0,1.0,1.0,1.0,1.0,1.0,1.0,1.0,1.0,3.0,3.0,3.0,2.0,6.0,4.0,5.0,4.0,6.0,2.0,3.0,4.0,2.0,5.0,5.0,5.0,5.0,2.0,256.0,1.0,2.0,32.0,1.0,1.0,1.0,1.0,1.0,1.0,1.0,1134115746.0,4640636.84,68233700000.0,106.7107,11200.0,514.0,1114112.0,5263019311711682.0,30.264284999999997,3.4681163999999995,107.6,71539.2
128000.0,32000000.0,256.0,64.0,2.0,22.0,22.0,18.0,1.0,5.0,2.0,1.0,6.0,4.0,1.0,2.0,2.0,4.0,4.0,3.0,3.0,6.0,5.0,4.0,2.0,5.0,1.0,4.0,4.0,3.0,5.0,6.0,8.0,512.0,1.0,6.0,384.0,1.0,1.0,1.0,1.0,1.0,1.0,1.0,2.0,3.0,1.0,5.0,1.0,6.0,3.0,4.0,6.0,5.0,3.0,2.0,6.0,4.0,2.0,2.0,5.0,5.0,8.0,8.0,1.0,1.0,32.0,1.0,32.0,4.0,1.0,1.0,1.0,1.0,4.0,4.0,5.0,4.0,1.0,6.0,5.0,4.0,6.0,6.0,6.0,5.0,3.0,1.0,2.0,4.0,4.0,1.0,64.0,8.0,1.0,1.0,16.0,1.0,8.0,8.0,1.0,1.0,1.0,1.0,4.0,6.0,1.0,4.0,6.0,1.0,1.0,5.0,4.0,5.0,2.0,2.0,1.0,1.0,6.0,1.0,3.0,5.0,2.0,2.0,1.0,2.0,8.0,1.0,1.0,1.0,1.0,1.0,1.0,1.0,2.0,2.0,6.0,6.0,2.0,3.0,6.0,4.0,3.0,2.0,6.0,1.0,1.0,5.0,6.0,2.0,1.0,5.0,1.0,64.0,1.0,256.0,2.0,1.0,1.0,1.0,1.0,1.0,1.0,1.0,4.0,4.0,5.0,5.0,1.0,2.0,5.0,5.0,2.0,6.0,1.0,2.0,3.0,5.0,5.0,4.0,1.0,1.0,2048.0,512.0,1.0,16.0,128.0,1.0,1.0,1.0,1.0,1.0,1.0,1.0,760973904.0,9367477.740000002,232985000.0,1.9229335,396.0,514.0,151552.0,7128406106440899.0,2.1,0.6976979499999999,107.6,7951.0
16000.0,1024000.0,256.0,64.0,1.0,12.0,34.0,10.0,2.0,2.0,2.0,4.0,6.0,6.0,2.0,2.0,1.0,4.0,5.0,2.0,5.0,6.0,2.0,3.0,2.0,6.0,3.0,4.0,5.0,5.0,3.0,1.0,64.0,512.0,1.0,128.0,64.0,1.0,1.0,1.0,1.0,1.0,1.0,1.0,6.0,6.0,2.0,2.0,2.0,2.0,5.0,5.0,3.0,1.0,4.0,2.0,1.0,3.0,3.0,5.0,6.0,1.0,64.0,64.0,1.0,16.0,64.0,1.0,32.0,128.0,1.0,1.0,1.0,1.0,3.0,3.0,3.0,6.0,5.0,6.0,3.0,3.0,1.0,1.0,2.0,2.0,2.0,2.0,4.0,5.0,5.0,6.0,32.0,128.0,1.0,16.0,32.0,1.0,16.0,32.0,1.0,1.0,1.0,1.0,6.0,6.0,5.0,4.0,2.0,3.0,4.0,5.0,6.0,5.0,1.0,6.0,1.0,6.0,1.0,2.0,1.0,3.0,16.0,8.0,1.0,128.0,512.0,1.0,1.0,1.0,1.0,1.0,1.0,1.0,5.0,2.0,2.0,3.0,6.0,4.0,2.0,3.0,6.0,4.0,3.0,1.0,2.0,5.0,3.0,4.0,2.0,1.0,16.0,256.0,1.0,32.0,128.0,1.0,1.0,1.0,1.0,1.0,1.0,1.0,2.0,3.0,5.0,3.0,6.0,4.0,6.0,3.0,6.0,3.0,4.0,5.0,6.0,6.0,2.0,6.0,1.0,5.0,64.0,1024.0,1.0,64.0,16.0,1.0,1.0,1.0,1.0,1.0,1.0,1.0,2516582520.0,23062130.4,4640860.0,0.05259191999999999,10.0,514.0,514.0,5.803775423860061e+16,1.0,1.3980220000000003,107.6,107.6
16000.0,256000.0,256.0,64.0,2.0,38.0,44.0,12.0,6.0,3.0,3.0,3.0,2.0,3.0,1.0,6.0,2.0,6.0,5.0,6.0,6.0,1.0,4.0,2.0,4.0,3.0,2.0,1.0,1.0,3.0,6.0,2.0,256.0,1.0,1.0,512.0,48.0,1.0,1.0,1.0,1.0,1.0,1.0,1.0,2.0,2.0,2.0,5.0,6.0,2.0,5.0,2.0,5.0,5.0,2.0,1.0,6.0,6.0,1.0,5.0,1.0,4.0,8.0,1.0,1.0,64.0,16.0,1.0,1.0,64.0,1.0,1.0,1.0,1.0,1.0,5.0,4.0,3.0,5.0,5.0,5.0,4.0,3.0,1.0,3.0,5.0,4.0,6.0,3.0,3.0,2.0,6.0,2.0,32.0,1.0,1.0,32.0,1.0,1.0,16.0,1.0,1.0,1.0,1.0,2.0,1.0,6.0,6.0,3.0,3.0,4.0,1.0,4.0,5.0,2.0,6.0,4.0,4.0,5.0,3.0,5.0,1.0,256.0,8.0,1.0,32.0,32.0,1.0,1.0,1.0,1.0,1.0,1.0,1.0,3.0,1.0,5.0,5.0,6.0,2.0,5.0,4.0,2.0,3.0,2.0,2.0,3.0,3.0,1.0,5.0,6.0,4.0,8.0,512.0,1.0,128.0,64.0,1.0,1.0,1.0,1.0,1.0,1.0,1.0,3.0,3.0,3.0,3.0,2.0,6.0,1.0,3.0,2.0,3.0,2.0,1.0,1.0,1.0,6.0,4.0,5.0,4.0,256.0,16.0,1.0,16.0,128.0,1.0,1.0,1.0,1.0,1.0,1.0,1.0,9937674.0,4565915.100000001,345917000.0,2.645958,528.0,514.0,206848.0,45374575775477.41,191.99994999999998,70.61437749999999,107.6,26103.2
64000.0,16000.0,256.0,64.0,2.0,24.0,46.0,22.0,1.0,6.0,3.0,2.0,1.0,5.0,6.0,6.0,4.0,5.0,2.0,4.0,2.0,3.0,1.0,4.0,6.0,2.0,5.0,6.0,2.0,2.0,4.0,4.0,2.0,32.0,1.0,8.0,8.0,1.0,1.0,1.0,1.0,1.0,1.0,1.0,1.0,2.0,4.0,3.0,3.0,5.0,5.0,5.0,4.0,2.0,5.0,3.0,3.0,5.0,2.0,2.0,1.0,5.0,16.0,32.0,1.0,8.0,4.0,1.0,2.0,1.0,1.0,1.0,1.0,1.0,3.0,3.0,4.0,6.0,3.0,3.0,5.0,3.0,3.0,4.0,3.0,5.0,4.0,1.0,5.0,5.0,1.0,5.0,128.0,128.0,1.0,1.0,16.0,1.0,64.0,16.0,1.0,1.0,1.0,1.0,3.0,1.0,4.0,2.0,4.0,3.0,6.0,4.0,1.0,2.0,2.0,2.0,3.0,5.0,2.0,3.0,2.0,4.0,128.0,16.0,1.0,256.0,512.0,1.0,1.0,1.0,1.0,1.0,1.0,1.0,2.0,3.0,1.0,6.0,2.0,5.0,6.0,6.0,6.0,1.0,3.0,3.0,1.0,2.0,6.0,2.0,3.0,2.0,512.0,16.0,1.0,64.0,1.0,1.0,1.0,1.0,1.0,1.0,1.0,1.0,3.0,4.0,4.0,4.0,1.0,2.0,6.0,6.0,5.0,4.0,1.0,5.0,2.0,1.0,2.0,1.0,1.0,3.0,16.0,128.0,1.0,512.0,1.0,1.0,1.0,1.0,1.0,1.0,1.0,1.0,155766732.0,5664360.3999999985,911903000.0,5.175376999999999,1012.0,514.0,96192.0,882318908378212.6,36.29557,2.5218,107.6,19532.8
512.0,16000.0,256.0,64.0,2.0,18.0,42.0,26.0,5.0,2.0,4.0,2.0,4.0,4.0,5.0,5.0,3.0,6.0,6.0,3.0,4.0,5.0,6.0,3.0,5.0,5.0,2.0,3.0,4.0,1.0,4.0,3.0,1.0,8.0,1.0,64.0,1536.0,1.0,1.0,1.0,1.0,1.0,1.0,1.0,2.0,1.0,5.0,6.0,2.0,3.0,6.0,6.0,5.0,3.0,5.0,1.0,6.0,2.0,3.0,5.0,1.0,1.0,16.0,8.0,1.0,2.0,8.0,1.0,4.0,16.0,1.0,1.0,1.0,1.0,3.0,1.0,1.0,3.0,6.0,4.0,1.0,4.0,2.0,6.0,2.0,1.0,4.0,1.0,3.0,4.0,3.0,1.0,4.0,32.0,1.0,1.0,32.0,1.0,2.0,16.0,1.0,1.0,1.0,1.0,2.0,6.0,4.0,3.0,6.0,4.0,1.0,6.0,3.0,6.0,4.0,1.0,3.0,4.0,6.0,1.0,6.0,3.0,32.0,64.0,1.0,32.0,64.0,1.0,1.0,1.0,1.0,1.0,1.0,1.0,1.0,4.0,4.0,2.0,1.0,3.0,4.0,4.0,2.0,5.0,6.0,2.0,5.0,2.0,4.0,6.0,4.0,2.0,128.0,64.0,1.0,32.0,1.0,1.0,1.0,1.0,1.0,1.0,1.0,1.0,1.0,5.0,4.0,3.0,1.0,5.0,5.0,1.0,5.0,3.0,4.0,5.0,6.0,1.0,5.0,1.0,6.0,1.0,256.0,64.0,1.0,256.0,32.0,1.0,1.0,1.0,1.0,1.0,1.0,1.0,156624108.0,4342390.18,1028510000.0,5.7243085,1092.0,514.0,663552.0,680122988530459.4,43.16923,25.53467935,107.6,50644.8
4096.0,64000.0,256.0,64.0,2.0,32.0,22.0,18.0,3.0,1.0,3.0,1.0,1.0,6.0,4.0,2.0,3.0,4.0,1.0,1.0,3.0,4.0,6.0,5.0,6.0,5.0,3.0,4.0,3.0,2.0,2.0,4.0,16.0,32.0,1.0,256.0,24.0,1.0,1.0,1.0,1.0,1.0,1.0,1.0,5.0,2.0,3.0,3.0,2.0,1.0,4.0,4.0,2.0,5.0,1.0,3.0,1.0,2.0,6.0,2.0,5.0,5.0,4.0,32.0,1.0,128.0,16.0,1.0,128.0,4.0,1.0,1.0,1.0,1.0,6.0,2.0,5.0,1.0,5.0,4.0,5.0,1.0,4.0,2.0,3.0,2.0,4.0,1.0,5.0,2.0,5.0,4.0,1.0,128.0,1.0,32.0,4.0,1.0,64.0,4.0,1.0,1.0,1.0,1.0,4.0,1.0,6.0,3.0,6.0,6.0,2.0,5.0,6.0,6.0,2.0,1.0,3.0,5.0,6.0,5.0,6.0,3.0,32.0,256.0,1.0,32.0,256.0,1.0,1.0,1.0,1.0,1.0,1.0,1.0,6.0,3.0,4.0,4.0,1.0,3.0,4.0,2.0,6.0,1.0,2.0,1.0,3.0,4.0,2.0,4.0,3.0,6.0,64.0,2.0,1.0,32.0,8.0,1.0,1.0,1.0,1.0,1.0,1.0,1.0,4.0,4.0,2.0,6.0,1.0,2.0,3.0,1.0,6.0,5.0,3.0,5.0,6.0,2.0,2.0,2.0,1.0,4.0,128.0,1024.0,1.0,16.0,8.0,1.0,1.0,1.0,1.0,1.0,1.0,1.0,570547896.0,6304537.760000001,232973000.0,1.907849,396.0,514.0,36864.0,3597040754220553.5,4.5,0.9080121999999998,107.6,3579.2
2048.0,256000.0,256.0,64.0,3.0,16.0,28.0,4.0,3.0,6.0,6.0,2.0,6.0,4.0,5.0,1.0,3.0,2.0,3.0,1.0,6.0,3.0,4.0,1.0,3.0,4.0,2.0,6.0,5.0,4.0,6.0,4.0,8.0,32.0,1.0,2.0,16.0,1.0,1.0,1.0,1.0,1.0,1.0,1.0,6.0,4.0,6.0,4.0,4.0,5.0,1.0,6.0,1.0,1.0,2.0,4.0,6.0,1.0,6.0,2.0,6.0,1.0,32.0,64.0,1.0,32.0,4.0,1.0,2.0,128.0,1.0,1.0,1.0,1.0,2.0,4.0,6.0,3.0,2.0,2.0,4.0,4.0,5.0,3.0,5.0,1.0,2.0,4.0,1.0,3.0,2.0,6.0,4.0,4.0,1.0,8.0,128.0,1.0,8.0,64.0,1.0,1.0,1.0,1.0,1.0,4.0,1.0,3.0,5.0,4.0,5.0,5.0,3.0,3.0,1.0,2.0,3.0,3.0,6.0,4.0,3.0,1.0,4.0,2.0,1.0,512.0,16.0,1.0,1.0,1.0,1.0,1.0,1.0,1.0,3.0,5.0,3.0,3.0,5.0,4.0,3.0,2.0,2.0,2.0,2.0,5.0,4.0,1.0,3.0,6.0,6.0,4.0,2.0,256.0,1.0,2.0,32.0,1.0,1.0,1.0,1.0,1.0,1.0,1.0,4.0,1.0,3.0,3.0,4.0,6.0,2.0,3.0,4.0,1.0,3.0,1.0,4.0,1.0,1.0,2.0,4.0,1.0,128.0,256.0,1.0,128.0,8.0,1.0,1.0,1.0,1.0,1.0,1.0,1.0,497831628.0,4265348.66,2326520000.0,9.948324,1792.0,514.0,458752.0,2123425467395418.5,39.183319999999995,1.21106775,107.6,85657.6
128000.0,16000000.0,256.0,64.0,1.0,14.0,40.0,34.0,6.0,5.0,1.0,3.0,3.0,5.0,3.0,5.0,4.0,5.0,3.0,5.0,2.0,4.0,2.0,5.0,5.0,5.0,5.0,2.0,3.0,6.0,4.0,1.0,1.0,16.0,1.0,6.0,192.0,1.0,1.0,1.0,1.0,1.0,1.0,1.0,1.0,3.0,1.0,1.0,5.0,4.0,5.0,4.0,4.0,4.0,1.0,4.0,6.0,3.0,2.0,4.0,4.0,1.0,64.0,8.0,1.0,8.0,16.0,1.0,64.0,4.0,1.0,1.0,1.0,1.0,2.0,4.0,3.0,5.0,4.0,5.0,6.0,1.0,2.0,2.0,5.0,3.0,6.0,6.0,3.0,3.0,6.0,6.0,8.0,32.0,1.0,64.0,128.0,1.0,1.0,16.0,1.0,1.0,1.0,1.0,1.0,4.0,1.0,4.0,2.0,2.0,6.0,6.0,2.0,6.0,1.0,5.0,1.0,3.0,1.0,6.0,6.0,6.0,8.0,16.0,1.0,2.0,128.0,1.0,1.0,1.0,1.0,1.0,1.0,1.0,4.0,1.0,6.0,5.0,6.0,1.0,1.0,2.0,3.0,4.0,5.0,3.0,6.0,5.0,6.0,2.0,2.0,6.0,256.0,16.0,1.0,1024.0,32.0,1.0,1.0,1.0,1.0,1.0,1.0,1.0,2.0,5.0,1.0,4.0,5.0,5.0,4.0,3.0,5.0,2.0,5.0,1.0,5.0,5.0,3.0,4.0,6.0,4.0,4.0,512.0,1.0,2.0,2.0,1.0,1.0,1.0,1.0,1.0,1.0,1.0,77464080.0,5768339.76,14410900.0,0.16936480000000004,34.0,514.0,9028.0,446839132635820.8,32.07869,27.2660765,107.6,1916.0
4096.0,512000.0,256.0,64.0,1.0,22.0,14.0,48.0,6.0,5.0,5.0,2.0,1.0,1.0,1.0,3.0,1.0,6.0,5.0,5.0,4.0,5.0,1.0,3.0,6.0,5.0,1.0,6.0,1.0,5.0,6.0,4.0,32.0,8.0,1.0,2.0,2.0,1.0,1.0,1.0,1.0,1.0,1.0,1.0,5.0,2.0,6.0,6.0,1.0,2.0,5.0,3.0,6.0,4.0,5.0,5.0,6.0,5.0,4.0,2.0,5.0,1.0,1.0,8.0,1.0,64.0,4.0,1.0,2.0,4.0,1.0,1.0,1.0,1.0,1.0,6.0,6.0,5.0,3.0,5.0,6.0,5.0,3.0,2.0,1.0,4.0,1.0,2.0,4.0,4.0,4.0,4.0,2.0,8.0,1.0,1.0,8.0,1.0,1.0,4.0,1.0,1.0,1.0,1.0,2.0,1.0,2.0,4.0,1.0,4.0,2.0,6.0,4.0,5.0,6.0,3.0,4.0,6.0,4.0,1.0,2.0,4.0,256.0,32.0,1.0,4.0,64.0,1.0,1.0,1.0,1.0,1.0,1.0,1.0,4.0,1.0,6.0,3.0,3.0,6.0,2.0,5.0,6.0,3.0,4.0,1.0,1.0,5.0,2.0,2.0,2.0,1.0,256.0,256.0,1.0,1024.0,2048.0,1.0,1.0,1.0,1.0,1.0,1.0,1.0,5.0,3.0,3.0,2.0,2.0,3.0,5.0,5.0,5.0,5.0,1.0,5.0,1.0,2.0,3.0,2.0,5.0,1.0,2048.0,64.0,1.0,512.0,128.0,1.0,1.0,1.0,1.0,1.0,1.0,1.0,54264504.0,15409880.400000002,20381000.0,0.2368896,48.0,514.0,12640.0,836209516605321.8,39.2299,49.27091,107.6,2683.2
1024000.0,256000.0,256.0,64.0,2.0,34.0,44.0,36.0,1.0,6.0,4.0,1.0,3.0,4.0,3.0,2.0,5.0,2.0,3.0,6.0,5.0,6.0,4.0,2.0,5.0,3.0,1.0,6.0,6.0,6.0,4.0,5.0,512.0,32.0,1.0,48.0,32.0,1.0,1.0,1.0,1.0,1.0,1.0,1.0,4.0,6.0,2.0,4.0,6.0,1.0,6.0,6.0,2.0,2.0,1.0,1.0,3.0,6.0,5.0,1.0,3.0,6.0,8.0,4.0,1.0,64.0,4.0,1.0,2.0,64.0,1.0,1.0,1.0,1.0,3.0,4.0,3.0,1.0,5.0,6.0,1.0,5.0,6.0,6.0,6.0,2.0,5.0,5.0,6.0,3.0,2.0,1.0,128.0,128.0,1.0,32.0,32.0,1.0,32.0,64.0,1.0,1.0,1.0,1.0,4.0,2.0,4.0,3.0,5.0,1.0,1.0,4.0,3.0,4.0,1.0,4.0,6.0,6.0,3.0,1.0,5.0,5.0,32.0,128.0,1.0,8.0,16.0,1.0,1.0,1.0,1.0,1.0,1.0,1.0,5.0,6.0,2.0,6.0,1.0,5.0,4.0,2.0,3.0,5.0,4.0,2.0,3.0,2.0,6.0,1.0,3.0,5.0,2.0,2.0,1.0,128.0,8.0,1.0,1.0,1.0,1.0,1.0,1.0,1.0,6.0,5.0,3.0,6.0,4.0,3.0,6.0,3.0,1.0,1.0,3.0,1.0,4.0,4.0,4.0,3.0,3.0,5.0,2048.0,8.0,1.0,4.0,64.0,1.0,1.0,1.0,1.0,1.0,1.0,1.0,70454700.0,6211645.66,1888670000.0,8.580309000000002,1584.0,514.0,458752.0,437639631481602.0,83.86667000000001,8.142591000000003,107.6,55532.8
8192.0,4096000.0,256.0,64.0,3.0,12.0,4.0,2.0,5.0,1.0,1.0,3.0,6.0,4.0,3.0,4.0,4.0,5.0,4.0,6.0,1.0,4.0,5.0,4.0,2.0,1.0,1.0,6.0,1.0,5.0,1.0,2.0,1.0,2.0,1.0,64.0,12.0,1.0,1.0,1.0,1.0,1.0,1.0,1.0,6.0,1.0,4.0,6.0,6.0,5.0,2.0,5.0,4.0,4.0,4.0,4.0,2.0,6.0,3.0,2.0,1.0,2.0,64.0,16.0,1.0,64.0,8.0,1.0,32.0,1.0,1.0,1.0,1.0,1.0,3.0,4.0,6.0,3.0,3.0,5.0,2.0,1.0,4.0,4.0,5.0,3.0,2.0,6.0,4.0,1.0,5.0,1.0,1.0,1.0,1.0,64.0,16.0,1.0,64.0,16.0,1.0,1.0,1.0,1.0,1.0,6.0,6.0,3.0,4.0,2.0,6.0,2.0,4.0,4.0,4.0,5.0,1.0,2.0,1.0,5.0,5.0,4.0,128.0,2.0,1.0,2.0,8.0,1.0,1.0,1.0,1.0,1.0,1.0,1.0,2.0,3.0,1.0,3.0,4.0,1.0,3.0,4.0,2.0,4.0,4.0,1.0,2.0,4.0,6.0,5.0,3.0,6.0,1.0,2.0,1.0,1024.0,1024.0,1.0,1.0,1.0,1.0,1.0,1.0,1.0,5.0,5.0,4.0,5.0,4.0,5.0,2.0,2.0,2.0,2.0,1.0,5.0,3.0,2.0,3.0,6.0,3.0,2.0,2.0,128.0,1.0,4.0,512.0,1.0,1.0,1.0,1.0,1.0,1.0,1.0,1020156522.0,7296457.6,42394700.0,0.5918472499999999,96.0,514.0,294912.0,7443528808136467.0,2.6,0.51320805,107.6,40716.8
256.0,512000.0,256.0,64.0,1.0,34.0,4.0,26.0,2.0,5.0,1.0,2.0,4.0,4.0,4.0,6.0,4.0,2.0,3.0,3.0,6.0,2.0,5.0,5.0,6.0,5.0,1.0,1.0,4.0,4.0,4.0,5.0,32.0,512.0,1.0,64.0,768.0,1.0,1.0,1.0,1.0,1.0,1.0,1.0,5.0,5.0,3.0,6.0,6.0,4.0,2.0,5.0,6.0,4.0,1.0,4.0,3.0,1.0,6.0,2.0,1.0,1.0,8.0,16.0,1.0,8.0,1.0,1.0,1.0,8.0,1.0,1.0,1.0,1.0,1.0,1.0,4.0,3.0,4.0,1.0,1.0,2.0,4.0,3.0,2.0,4.0,6.0,5.0,3.0,4.0,6.0,1.0,2.0,64.0,1.0,8.0,128.0,1.0,8.0,4.0,1.0,1.0,1.0,1.0,2.0,2.0,1.0,6.0,5.0,1.0,5.0,3.0,4.0,5.0,6.0,5.0,5.0,2.0,1.0,4.0,1.0,5.0,64.0,2.0,1.0,1.0,256.0,1.0,1.0,1.0,1.0,1.0,1.0,1.0,3.0,4.0,4.0,1.0,1.0,3.0,1.0,6.0,6.0,3.0,4.0,2.0,5.0,5.0,3.0,2.0,5.0,2.0,2.0,16.0,1.0,512.0,128.0,1.0,1.0,1.0,1.0,1.0,1.0,1.0,3.0,4.0,2.0,2.0,1.0,6.0,3.0,5.0,1.0,1.0,6.0,4.0,6.0,6.0,1.0,5.0,2.0,6.0,4.0,2.0,1.0,64.0,32.0,1.0,1.0,1.0,1.0,1.0,1.0,1.0,97910904.0,15111978.480000002,11089000.0,0.13085939999999996,26.0,514.0,6964.0,1479627474205346.2,25.616205000000004,25.696205000000003,107.6,1477.6
64000.0,32000000.0,256.0,64.0,1.0,44.0,8.0,24.0,4.0,6.0,1.0,5.0,4.0,5.0,1.0,3.0,4.0,1.0,2.0,5.0,6.0,1.0,3.0,3.0,4.0,3.0,4.0,5.0,1.0,2.0,3.0,2.0,32.0,256.0,1.0,48.0,512.0,1.0,1.0,1.0,1.0,1.0,1.0,1.0,1.0,2.0,5.0,1.0,1.0,1.0,6.0,3.0,2.0,1.0,2.0,5.0,4.0,6.0,5.0,3.0,1.0,5.0,1.0,1.0,1.0,2.0,1.0,1.0,2.0,1.0,1.0,1.0,1.0,1.0,3.0,4.0,1.0,4.0,1.0,3.0,6.0,4.0,3.0,2.0,5.0,4.0,1.0,4.0,4.0,3.0,5.0,2.0,32.0,16.0,1.0,64.0,8.0,1.0,8.0,1.0,1.0,1.0,1.0,1.0,2.0,3.0,4.0,6.0,3.0,2.0,1.0,3.0,5.0,2.0,3.0,1.0,6.0,6.0,4.0,4.0,2.0,2.0,128.0,32.0,1.0,1.0,2.0,1.0,1.0,1.0,1.0,1.0,1.0,1.0,1.0,3.0,3.0,2.0,3.0,4.0,2.0,6.0,1.0,4.0,6.0,4.0,1.0,4.0,1.0,1.0,6.0,5.0,32.0,512.0,1.0,8.0,64.0,1.0,1.0,1.0,1.0,1.0,1.0,1.0,6.0,6.0,4.0,4.0,3.0,1.0,2.0,1.0,6.0,4.0,1.0,6.0,1.0,2.0,5.0,4.0,4.0,3.0,1024.0,1024.0,1.0,256.0,256.0,1.0,1.0,1.0,1.0,1.0,1.0,1.0,106954872.0,15774724.799999997,10268800.0,0.12128799999999998,24.0,514.0,6448.0,1687183671819225.2,21.784610000000004,22.575249999999997,107.6,1368.0
64000.0,32000000.0,256.0,64.0,2.0,22.0,18.0,24.0,5.0,5.0,6.0,6.0,1.0,5.0,4.0,4.0,2.0,6.0,6.0,6.0,3.0,3.0,5.0,5.0,3.0,4.0,6.0,6.0,1.0,4.0,6.0,2.0,128.0,64.0,1.0,384.0,8.0,1.0,1.0,1.0,1.0,1.0,1.0,1.0,4.0,5.0,6.0,6.0,3.0,6.0,5.0,1.0,2.0,5.0,5.0,6.0,4.0,2.0,5.0,2.0,1.0,1.0,32.0,2.0,1.0,8.0,64.0,1.0,128.0,2.0,1.0,1.0,1.0,1.0,1.0,4.0,6.0,1.0,4.0,2.0,5.0,6.0,2.0,1.0,6.0,4.0,4.0,4.0,3.0,1.0,1.0,2.0,2.0,64.0,1.0,4.0,16.0,1.0,8.0,1.0,1.0,1.0,1.0,1.0,6.0,6.0,4.0,3.0,2.0,6.0,3.0,3.0,4.0,1.0,5.0,6.0,3.0,2.0,2.0,6.0,5.0,4.0,1.0,8.0,1.0,128.0,256.0,1.0,1.0,1.0,1.0,1.0,1.0,1.0,1.0,4.0,1.0,1.0,5.0,2.0,1.0,4.0,3.0,5.0,4.0,2.0,4.0,6.0,1.0,5.0,2.0,2.0,4.0,512.0,1.0,8.0,4.0,1.0,1.0,1.0,1.0,1.0,1.0,1.0,4.0,6.0,1.0,6.0,2.0,2.0,4.0,4.0,5.0,5.0,2.0,4.0,5.0,2.0,2.0,2.0,3.0,1.0,2048.0,64.0,1.0,512.0,4.0,1.0,1.0,1.0,1.0,1.0,1.0,1.0,2423141898.0,6918090.579999999,262009000.0,2.0879980000000002,432.0,514.0,33280.0,1.6763515138557118e+16,13.0,6.01048073,107.6,4030.4
256.0,8192000.0,256.0,64.0,3.0,32.0,32.0,44.0,5.0,2.0,1.0,2.0,5.0,1.0,6.0,3.0,6.0,5.0,3.0,1.0,3.0,3.0,5.0,1.0,6.0,4.0,6.0,3.0,1.0,1.0,5.0,1.0,64.0,1.0,1.0,1.0,384.0,1.0,1.0,1.0,1.0,1.0,1.0,1.0,4.0,5.0,1.0,1.0,3.0,1.0,2.0,4.0,1.0,6.0,6.0,2.0,4.0,2.0,5.0,3.0,1.0,5.0,16.0,2.0,1.0,64.0,2.0,1.0,1.0,64.0,1.0,1.0,1.0,1.0,2.0,4.0,3.0,1.0,3.0,6.0,5.0,4.0,6.0,6.0,1.0,6.0,4.0,1.0,2.0,2.0,5.0,2.0,8.0,128.0,1.0,1.0,32.0,1.0,2.0,64.0,1.0,1.0,1.0,1.0,1.0,1.0,6.0,6.0,4.0,3.0,1.0,5.0,6.0,1.0,4.0,2.0,4.0,5.0,6.0,3.0,6.0,3.0,8.0,2.0,1.0,128.0,256.0,1.0,1.0,1.0,1.0,1.0,1.0,1.0,6.0,6.0,1.0,4.0,3.0,1.0,4.0,1.0,3.0,2.0,1.0,3.0,1.0,4.0,1.0,1.0,4.0,2.0,64.0,16.0,1.0,1024.0,256.0,1.0,1.0,1.0,1.0,1.0,1.0,1.0,5.0,6.0,2.0,2.0,4.0,3.0,2.0,6.0,1.0,1.0,5.0,6.0,5.0,6.0,6.0,3.0,6.0,1.0,512.0,512.0,1.0,64.0,2.0,1.0,1.0,1.0,1.0,1.0,1.0,1.0,242222376.0,3909001.3600000003,1051850000000.0,1097.2045,45056.0,514.0,1441792.0,946847597206431.5,89.73315,0.725,107.6,177766.4
512000.0,256000.0,256.0,64.0,1.0,40.0,38.0,44.0,5.0,4.0,2.0,2.0,3.0,4.0,5.0,2.0,4.0,1.0,4.0,3.0,3.0,2.0,1.0,6.0,1.0,4.0,6.0,4.0,2.0,1.0,2.0,3.0,512.0,8.0,1.0,1.0,1.0,1.0,1.0,1.0,1.0,1.0,1.0,1.0,2.0,1.0,2.0,3.0,6.0,4.0,1.0,3.0,2.0,3.0,1.0,6.0,3.0,4.0,5.0,6.0,4.0,1.0,16.0,32.0,1.0,8.0,32.0,1.0,16.0,32.0,1.0,1.0,1.0,1.0,2.0,6.0,6.0,4.0,2.0,3.0,4.0,1.0,4.0,4.0,2.0,1.0,4.0,4.0,3.0,3.0,6.0,6.0,8.0,4.0,1.0,4.0,4.0,1.0,32.0,16.0,1.0,1.0,1.0,1.0,5.0,2.0,2.0,1.0,2.0,1.0,2.0,1.0,4.0,1.0,3.0,2.0,3.0,2.0,6.0,5.0,1.0,1.0,512.0,512.0,1.0,2.0,8.0,1.0,1.0,1.0,1.0,1.0,1.0,1.0,2.0,1.0,3.0,2.0,4.0,2.0,3.0,1.0,6.0,3.0,4.0,2.0,5.0,3.0,2.0,1.0,4.0,2.0,512.0,4.0,1.0,1024.0,1.0,1.0,1.0,1.0,1.0,1.0,1.0,1.0,6.0,3.0,1.0,6.0,6.0,5.0,3.0,1.0,4.0,3.0,3.0,3.0,5.0,5.0,6.0,3.0,2.0,2.0,2.0,2048.0,1.0,16.0,64.0,1.0,1.0,1.0,1.0,1.0,1.0,1.0,58983048.0,4887208.32,18654900.0,0.2175796,44.0,514.0,11608.0,288262442924559.4,38.44541,34.0799505,107.6,2464.0
512.0,16000.0,256.0,64.0,3.0,20.0,22.0,38.0,1.0,1.0,6.0,3.0,6.0,4.0,4.0,3.0,2.0,5.0,5.0,6.0,2.0,5.0,5.0,4.0,6.0,1.0,6.0,2.0,3.0,3.0,2.0,5.0,128.0,1.0,1.0,96.0,4.0,1.0,1.0,1.0,1.0,1.0,1.0,1.0,2.0,3.0,3.0,2.0,3.0,4.0,1.0,1.0,5.0,6.0,6.0,5.0,2.0,5.0,6.0,5.0,3.0,2.0,16.0,4.0,1.0,128.0,4.0,1.0,4.0,2.0,1.0,1.0,1.0,1.0,2.0,1.0,2.0,5.0,4.0,6.0,2.0,2.0,6.0,1.0,5.0,6.0,3.0,4.0,6.0,2.0,5.0,6.0,8.0,64.0,1.0,128.0,4.0,1.0,8.0,32.0,1.0,1.0,1.0,1.0,2.0,5.0,1.0,5.0,1.0,2.0,3.0,3.0,5.0,6.0,3.0,1.0,1.0,2.0,2.0,4.0,6.0,1.0,32.0,1.0,1.0,16.0,1.0,1.0,1.0,1.0,1.0,1.0,1.0,1.0,3.0,3.0,1.0,5.0,1.0,1.0,2.0,3.0,6.0,6.0,6.0,1.0,4.0,4.0,5.0,2.0,2.0,6.0,512.0,4.0,1.0,128.0,64.0,1.0,1.0,1.0,1.0,1.0,1.0,1.0,3.0,5.0,1.0,2.0,2.0,1.0,6.0,2.0,1.0,6.0,2.0,4.0,1.0,1.0,4.0,2.0,3.0,6.0,16.0,128.0,1.0,64.0,2.0,1.0,1.0,1.0,1.0,1.0,1.0,1.0,2447419452.0,4092134.6400000006,148896000000.0,199.54175,16720.0,514.0,294912.0,1.0015169918139018e+16,7.4,0.30400390499999996,107.6,50022.4
2048.0,64000.0,256.0,64.0,3.0,30.0,20.0,44.0,3.0,6.0,3.0,3.0,5.0,1.0,6.0,6.0,6.0,2.0,1.0,6.0,6.0,1.0,2.0,1.0,5.0,3.0,1.0,2.0,1.0,5.0,3.0,5.0,2.0,1.0,1.0,2.0,96.0,1.0,1.0,1.0,1.0,1.0,1.0,1.0,6.0,3.0,4.0,3.0,3.0,1.0,1.0,3.0,6.0,1.0,4.0,3.0,3.0,6.0,2.0,2.0,4.0,6.0,4.0,16.0,1.0,1.0,1.0,1.0,64.0,2.0,1.0,1.0,1.0,1.0,4.0,6.0,3.0,1.0,3.0,3.0,3.0,6.0,5.0,6.0,2.0,2.0,3.0,2.0,5.0,5.0,2.0,3.0,16.0,4.0,1.0,1.0,128.0,1.0,8.0,16.0,1.0,1.0,1.0,1.0,3.0,5.0,2.0,2.0,5.0,4.0,3.0,6.0,3.0,2.0,3.0,2.0,2.0,3.0,4.0,2.0,6.0,3.0,64.0,64.0,1.0,512.0,4.0,1.0,1.0,1.0,1.0,1.0,1.0,1.0,6.0,6.0,5.0,6.0,5.0,6.0,5.0,3.0,2.0,5.0,2.0,3.0,6.0,1.0,1.0,2.0,6.0,6.0,128.0,512.0,1.0,16.0,1.0,1.0,1.0,1.0,1.0,1.0,1.0,1.0,2.0,2.0,5.0,2.0,2.0,4.0,4.0,3.0,4.0,2.0,6.0,2.0,1.0,6.0,6.0,5.0,5.0,1.0,512.0,16.0,1.0,1.0,128.0,1.0,1.0,1.0,1.0,1.0,1.0,1.0,73496580.0,5151361.9399999995,365330000000.0,427.1345,26400.0,514.0,753664.0,378607484932165.2,102.77350000000001,2.476992,107.6,110592.0
128.0,256000.0,256.0,64.0,1.0,48.0,46.0,2.0,3.0,2.0,5.0,4.0,6.0,6.0,1.0,4.0,3.0,1.0,1.0,1.0,4.0,3.0,2.0,6.0,6.0,5.0,6.0,6.0,4.0,5.0,1.0,3.0,16.0,1.0,1.0,512.0,512.0,1.0,1.0,1.0,1.0,1.0,1.0,1.0,4.0,6.0,3.0,6.0,2.0,3.0,1.0,6.0,4.0,2.0,1.0,2.0,4.0,6.0,3.0,1.0,3.0,4.0,16.0,32.0,1.0,64.0,1.0,1.0,4.0,64.0,1.0,1.0,1.0,1.0,2.0,3.0,4.0,6.0,5.0,3.0,5.0,6.0,5.0,5.0,2.0,5.0,3.0,1.0,5.0,2.0,6.0,6.0,16.0,64.0,1.0,8.0,16.0,1.0,4.0,2.0,1.0,1.0,1.0,1.0,4.0,4.0,4.0,1.0,2.0,5.0,1.0,6.0,6.0,2.0,6.0,4.0,1.0,1.0,3.0,5.0,2.0,3.0,8.0,32.0,1.0,512.0,32.0,1.0,1.0,1.0,1.0,1.0,1.0,1.0,2.0,5.0,6.0,3.0,5.0,1.0,6.0,4.0,2.0,6.0,1.0,1.0,1.0,3.0,6.0,4.0,5.0,5.0,256.0,128.0,1.0,128.0,16.0,1.0,1.0,1.0,1.0,1.0,1.0,1.0,5.0,2.0,2.0,2.0,5.0,5.0,1.0,3.0,2.0,3.0,4.0,6.0,1.0,1.0,1.0,4.0,5.0,6.0,2048.0,1.0,1.0,16.0,64.0,1.0,1.0,1.0,1.0,1.0,1.0,1.0,2516582520.0,19085604.0,1518260.0,0.015821560000000002,2.0,514.0,514.0,4.803049741004208e+16,1.0,1.006567,107.6,107.6
2048.0,16000000.0,256.0,64.0,3.0,44.0,40.0,6.0,5.0,6.0,3.0,3.0,4.0,2.0,1.0,6.0,6.0,5.0,6.0,4.0,6.0,2.0,1.0,4.0,4.0,4.0,6.0,5.0,4.0,4.0,6.0,2.0,16.0,256.0,1.0,6.0,256.0,1.0,1.0,1.0,1.0,1.0,1.0,1.0,6.0,1.0,3.0,2.0,6.0,3.0,6.0,3.0,2.0,5.0,3.0,4.0,4.0,2.0,2.0,4.0,6.0,5.0,8.0,16.0,1.0,32.0,64.0,1.0,16.0,2.0,1.0,1.0,1.0,1.0,6.0,2.0,1.0,6.0,5.0,5.0,3.0,3.0,3.0,6.0,5.0,2.0,1.0,5.0,6.0,5.0,3.0,6.0,1.0,2.0,1.0,1.0,32.0,1.0,32.0,16.0,1.0,1.0,1.0,1.0,6.0,5.0,5.0,5.0,1.0,1.0,4.0,1.0,1.0,6.0,6.0,3.0,4.0,3.0,4.0,3.0,1.0,1.0,16.0,512.0,1.0,1.0,16.0,1.0,1.0,1.0,1.0,1.0,1.0,1.0,4.0,1.0,1.0,5.0,1.0,1.0,1.0,2.0,4.0,2.0,3.0,6.0,3.0,1.0,1.0,3.0,6.0,5.0,256.0,8.0,1.0,1.0,512.0,1.0,1.0,1.0,1.0,1.0,1.0,1.0,2.0,4.0,2.0,4.0,2.0,6.0,3.0,3.0,6.0,5.0,2.0,5.0,4.0,6.0,1.0,6.0,5.0,1.0,128.0,16.0,1.0,8.0,512.0,1.0,1.0,1.0,1.0,1.0,1.0,1.0,132803028.0,4022097.9299999997,60890600000.0,98.08749,10560.0,514.0,1507328.0,534146784016532.0,67.6,1.6218770000000002,107.6,193587.2
2048.0,1024000.0,256.0,64.0,1.0,8.0,30.0,12.0,6.0,6.0,3.0,3.0,1.0,3.0,4.0,4.0,6.0,6.0,5.0,4.0,4.0,3.0,1.0,1.0,3.0,3.0,1.0,1.0,4.0,4.0,2.0,6.0,512.0,512.0,1.0,8.0,1.0,1.0,1.0,1.0,1.0,1.0,1.0,1.0,5.0,1.0,3.0,3.0,5.0,4.0,5.0,4.0,1.0,6.0,5.0,4.0,1.0,4.0,3.0,1.0,1.0,2.0,2.0,2.0,1.0,8.0,2.0,1.0,128.0,2.0,1.0,1.0,1.0,1.0,6.0,1.0,1.0,5.0,4.0,1.0,3.0,6.0,3.0,1.0,3.0,5.0,1.0,2.0,1.0,1.0,5.0,2.0,32.0,1.0,1.0,8.0,2.0,1.0,2.0,1.0,1.0,1.0,1.0,1.0,4.0,2.0,4.0,4.0,1.0,6.0,6.0,1.0,5.0,1.0,4.0,3.0,6.0,1.0,4.0,2.0,3.0,4.0,16.0,16.0,1.0,128.0,32.0,1.0,1.0,1.0,1.0,1.0,1.0,1.0,3.0,6.0,1.0,1.0,2.0,4.0,4.0,3.0,1.0,6.0,3.0,2.0,3.0,3.0,4.0,4.0,3.0,3.0,16.0,1.0,1.0,1024.0,4.0,1.0,1.0,1.0,1.0,1.0,1.0,1.0,2.0,3.0,6.0,4.0,3.0,4.0,2.0,3.0,6.0,2.0,2.0,4.0,5.0,2.0,5.0,1.0,3.0,3.0,256.0,8.0,1.0,1.0,256.0,1.0,1.0,1.0,1.0,1.0,1.0,1.0,211550472.0,5660977.680000002,5432820.0,0.06386412,12.0,514.0,3352.0,1197582500185465.2,11.30612,12.656698000000002,107.6,710.4
4096.0,32000000.0,256.0,64.0,2.0,36.0,16.0,12.0,5.0,5.0,6.0,6.0,4.0,2.0,6.0,4.0,3.0,6.0,3.0,3.0,6.0,3.0,2.0,1.0,4.0,6.0,6.0,3.0,6.0,4.0,2.0,1.0,4.0,2.0,1.0,4.0,1.0,1.0,1.0,1.0,1.0,1.0,1.0,1.0,4.0,6.0,3.0,4.0,2.0,3.0,5.0,1.0,4.0,2.0,4.0,1.0,4.0,2.0,4.0,3.0,2.0,4.0,1.0,2.0,1.0,2.0,64.0,1.0,16.0,32.0,1.0,1.0,1.0,1.0,3.0,4.0,2.0,1.0,6.0,4.0,1.0,3.0,4.0,2.0,4.0,4.0,1.0,4.0,5.0,4.0,5.0,6.0,64.0,32.0,1.0,32.0,1.0,1.0,64.0,2.0,1.0,1.0,1.0,1.0,6.0,5.0,2.0,1.0,4.0,4.0,4.0,5.0,3.0,1.0,3.0,1.0,1.0,3.0,3.0,5.0,3.0,3.0,64.0,4.0,1.0,32.0,32.0,1.0,1.0,1.0,1.0,1.0,1.0,1.0,3.0,4.0,2.0,2.0,6.0,1.0,1.0,3.0,3.0,6.0,3.0,1.0,1.0,4.0,6.0,4.0,3.0,3.0,1.0,256.0,1.0,1.0,64.0,1.0,1.0,1.0,1.0,1.0,1.0,1.0,5.0,5.0,2.0,1.0,2.0,4.0,4.0,5.0,3.0,6.0,6.0,2.0,6.0,3.0,4.0,4.0,3.0,1.0,256.0,64.0,1.0,4.0,64.0,1.0,1.0,1.0,1.0,1.0,1.0,1.0,2434290186.0,13968833.680000003,93379400.0,0.9139295999999999,192.0,514.0,17920.0,3.400419473709027e+16,9.8,8.13578085,107.6,2613.1
64000.0,8192000.0,256.0,64.0,1.0,40.0,32.0,28.0,6.0,2.0,1.0,2.0,5.0,1.0,1.0,6.0,3.0,4.0,2.0,5.0,1.0,6.0,5.0,3.0,1.0,5.0,1.0,5.0,5.0,3.0,4.0,4.0,2.0,16.0,1.0,64.0,6.0,1.0,1.0,1.0,1.0,1.0,1.0,1.0,5.0,4.0,3.0,3.0,5.0,2.0,6.0,5.0,1.0,4.0,4.0,2.0,2.0,1.0,5.0,5.0,1.0,4.0,8.0,4.0,1.0,8.0,1.0,1.0,128.0,64.0,1.0,1.0,1.0,1.0,5.0,4.0,5.0,4.0,4.0,1.0,5.0,3.0,6.0,4.0,1.0,4.0,4.0,5.0,2.0,5.0,5.0,1.0,32.0,4.0,1.0,32.0,32.0,1.0,2.0,1.0,1.0,1.0,1.0,1.0,3.0,4.0,1.0,1.0,4.0,3.0,3.0,4.0,3.0,3.0,2.0,4.0,5.0,5.0,6.0,6.0,4.0,2.0,256.0,16.0,1.0,2.0,128.0,1.0,1.0,1.0,1.0,1.0,1.0,1.0,4.0,1.0,6.0,4.0,6.0,6.0,2.0,5.0,2.0,5.0,2.0,4.0,2.0,6.0,6.0,1.0,4.0,6.0,1.0,128.0,1.0,1024.0,1.0,1.0,1.0,1.0,1.0,1.0,1.0,1.0,6.0,2.0,3.0,6.0,4.0,3.0,6.0,5.0,5.0,1.0,5.0,2.0,5.0,6.0,3.0,3.0,4.0,4.0,128.0,2.0,1.0,2.0,2.0,1.0,1.0,1.0,1.0,1.0,1.0,1.0,93192648.0,14877195.36,11913400.0,0.1404782,28.0,514.0,7480.0,1386445230411713.2,24.199215000000002,22.937754500000004,107.6,1587.2
256.0,16000.0,256.0,64.0,1.0,24.0,28.0,36.0,1.0,4.0,3.0,5.0,5.0,2.0,4.0,4.0,1.0,6.0,4.0,5.0,6.0,5.0,6.0,5.0,5.0,5.0,6.0,1.0,4.0,2.0,3.0,3.0,4.0,2.0,1.0,48.0,96.0,1.0,1.0,1.0,1.0,1.0,1.0,1.0,3.0,5.0,6.0,3.0,1.0,4.0,6.0,5.0,2.0,5.0,4.0,1.0,2.0,2.0,2.0,6.0,2.0,5.0,2.0,64.0,1.0,4.0,4.0,1.0,4.0,64.0,1.0,1.0,1.0,1.0,4.0,1.0,6.0,4.0,6.0,1.0,3.0,5.0,4.0,3.0,3.0,2.0,1.0,4.0,1.0,6.0,2.0,4.0,2.0,8.0,1.0,8.0,4.0,1.0,16.0,64.0,1.0,1.0,1.0,1.0,5.0,3.0,1.0,3.0,2.0,1.0,6.0,2.0,1.0,1.0,6.0,5.0,4.0,1.0,6.0,3.0,1.0,4.0,2.0,2.0,1.0,1.0,16.0,1.0,1.0,1.0,1.0,1.0,1.0,1.0,5.0,5.0,3.0,6.0,2.0,2.0,6.0,4.0,4.0,5.0,5.0,6.0,5.0,1.0,5.0,2.0,4.0,2.0,512.0,256.0,1.0,4.0,32.0,1.0,1.0,1.0,1.0,1.0,1.0,1.0,2.0,3.0,6.0,1.0,3.0,4.0,5.0,5.0,6.0,3.0,3.0,6.0,4.0,4.0,2.0,1.0,1.0,6.0,256.0,4.0,1.0,128.0,32.0,1.0,1.0,1.0,1.0,1.0,1.0,1.0,2516582520.0,15336690.0,15250600.0,0.17238339999999996,36.0,514.0,514.0,3.85960459686588e+16,1.0,1.0062249999999997,107.6,107.6
4096.0,4096000.0,256.0,64.0,2.0,8.0,44.0,38.0,5.0,4.0,4.0,4.0,6.0,4.0,5.0,1.0,2.0,3.0,4.0,3.0,1.0,5.0,6.0,2.0,3.0,1.0,2.0,6.0,5.0,6.0,1.0,3.0,16.0,256.0,1.0,256.0,3.0,1.0,1.0,1.0,1.0,1.0,1.0,1.0,1.0,2.0,3.0,4.0,3.0,2.0,2.0,2.0,5.0,6.0,1.0,3.0,2.0,6.0,3.0,5.0,6.0,5.0,8.0,2.0,1.0,128.0,64.0,1.0,1.0,16.0,1.0,1.0,1.0,1.0,2.0,1.0,3.0,1.0,4.0,2.0,4.0,6.0,5.0,5.0,3.0,4.0,6.0,6.0,6.0,3.0,5.0,1.0,4.0,8.0,1.0,1.0,64.0,1.0,2.0,64.0,1.0,1.0,1.0,1.0,4.0,1.0,6.0,1.0,1.0,5.0,5.0,5.0,6.0,6.0,5.0,5.0,2.0,1.0,6.0,3.0,3.0,4.0,1.0,2.0,1.0,64.0,2.0,1.0,1.0,1.0,1.0,1.0,1.0,1.0,1.0,1.0,6.0,2.0,3.0,4.0,6.0,4.0,5.0,6.0,2.0,2.0,1.0,3.0,5.0,4.0,6.0,5.0,256.0,64.0,1.0,2048.0,32.0,1.0,1.0,1.0,1.0,1.0,1.0,1.0,3.0,4.0,2.0,1.0,6.0,3.0,2.0,5.0,6.0,4.0,1.0,3.0,1.0,2.0,3.0,3.0,3.0,1.0,2.0,8.0,1.0,64.0,2.0,1.0,1.0,1.0,1.0,1.0,1.0,1.0,716206488.0,10179911.46,2068490000.0,8.925584999999998,1672.0,514.0,28672.0,7290918634917553.0,4.95,2.75562165,107.6,1938.2
16000.0,32000.0,256.0,64.0,1.0,18.0,28.0,48.0,1.0,4.0,5.0,5.0,3.0,5.0,5.0,5.0,6.0,5.0,6.0,6.0,6.0,1.0,4.0,4.0,2.0,2.0,3.0,3.0,2.0,6.0,2.0,2.0,128.0,512.0,1.0,128.0,384.0,1.0,1.0,1.0,1.0,1.0,1.0,1.0,2.0,2.0,2.0,5.0,5.0,3.0,3.0,6.0,1.0,1.0,5.0,3.0,4.0,4.0,4.0,1.0,4.0,3.0,1.0,16.0,1.0,16.0,1.0,1.0,16.0,128.0,1.0,1.0,1.0,1.0,4.0,2.0,6.0,1.0,3.0,3.0,4.0,2.0,2.0,6.0,6.0,3.0,5.0,3.0,4.0,2.0,1.0,4.0,16.0,128.0,1.0,1.0,4.0,1.0,2.0,32.0,1.0,1.0,1.0,1.0,1.0,4.0,3.0,2.0,6.0,5.0,6.0,5.0,3.0,3.0,4.0,1.0,5.0,6.0,2.0,2.0,6.0,2.0,8.0,256.0,1.0,128.0,64.0,1.0,1.0,1.0,1.0,1.0,1.0,1.0,4.0,5.0,6.0,5.0,3.0,3.0,2.0,4.0,3.0,2.0,5.0,2.0,1.0,2.0,5.0,1.0,5.0,3.0,8.0,16.0,1.0,256.0,2.0,1.0,1.0,1.0,1.0,1.0,1.0,1.0,1.0,1.0,6.0,3.0,3.0,1.0,2.0,2.0,4.0,3.0,1.0,5.0,2.0,2.0,3.0,3.0,4.0,4.0,256.0,128.0,1.0,512.0,512.0,1.0,1.0,1.0,1.0,1.0,1.0,1.0,2418671736.0,19706542.799999997,20379700.0,0.2285228,48.0,514.0,514.0,4.7663658084634296e+16,30.06668,30.070059999999998,107.6,258.0
128.0,512000.0,256.0,64.0,2.0,8.0,40.0,40.0,5.0,1.0,3.0,2.0,2.0,1.0,6.0,3.0,6.0,1.0,2.0,5.0,3.0,3.0,6.0,1.0,1.0,2.0,4.0,3.0,5.0,4.0,5.0,5.0,64.0,4.0,1.0,12.0,64.0,1.0,1.0,1.0,1.0,1.0,1.0,1.0,3.0,4.0,4.0,2.0,5.0,6.0,6.0,6.0,3.0,4.0,1.0,6.0,3.0,4.0,3.0,3.0,2.0,1.0,32.0,8.0,1.0,16.0,16.0,1.0,64.0,64.0,1.0,1.0,1.0,1.0,5.0,6.0,5.0,5.0,6.0,5.0,5.0,6.0,6.0,6.0,3.0,3.0,2.0,3.0,5.0,3.0,5.0,5.0,64.0,4.0,1.0,2.0,32.0,1.0,8.0,32.0,1.0,1.0,1.0,1.0,6.0,3.0,2.0,4.0,3.0,4.0,5.0,2.0,2.0,2.0,5.0,3.0,2.0,3.0,4.0,3.0,3.0,3.0,16.0,16.0,1.0,128.0,2.0,1.0,1.0,1.0,1.0,1.0,1.0,1.0,1.0,4.0,6.0,4.0,1.0,6.0,3.0,4.0,3.0,4.0,1.0,5.0,2.0,2.0,4.0,5.0,5.0,6.0,2.0,32.0,1.0,2.0,1024.0,1.0,1.0,1.0,1.0,1.0,1.0,1.0,3.0,3.0,6.0,5.0,4.0,5.0,5.0,1.0,2.0,3.0,4.0,1.0,5.0,2.0,6.0,3.0,4.0,1.0,32.0,256.0,1.0,256.0,4.0,1.0,1.0,1.0,1.0,1.0,1.0,1.0,73097046.0,5658350.300000001,1920770000.0,8.598608999999998,1600.0,514.0,338944.0,413608692163213.9,211.42856999999998,45.17623145000001,107.6,33040.0
128.0,8192000.0,256.0,64.0,1.0,46.0,12.0,48.0,6.0,1.0,5.0,3.0,4.0,5.0,3.0,6.0,4.0,3.0,5.0,2.0,5.0,4.0,2.0,4.0,6.0,6.0,2.0,2.0,5.0,4.0,2.0,5.0,128.0,64.0,1.0,64.0,16.0,1.0,1.0,1.0,1.0,1.0,1.0,1.0,5.0,4.0,1.0,3.0,3.0,4.0,2.0,1.0,3.0,2.0,6.0,5.0,6.0,2.0,1.0,4.0,4.0,5.0,8.0,4.0,1.0,16.0,2.0,1.0,128.0,8.0,1.0,1.0,1.0,1.0,6.0,6.0,4.0,2.0,6.0,2.0,6.0,1.0,1.0,2.0,5.0,2.0,4.0,2.0,5.0,4.0,5.0,5.0,8.0,8.0,1.0,64.0,2.0,1.0,4.0,32.0,1.0,1.0,1.0,1.0,3.0,2.0,4.0,2.0,3.0,5.0,2.0,2.0,1.0,4.0,3.0,3.0,5.0,1.0,4.0,2.0,6.0,5.0,1.0,64.0,1.0,1.0,512.0,1.0,1.0,1.0,1.0,1.0,1.0,1.0,1.0,1.0,6.0,6.0,6.0,3.0,5.0,6.0,2.0,6.0,3.0,1.0,3.0,5.0,4.0,5.0,1.0,5.0,256.0,128.0,1.0,512.0,8.0,1.0,1.0,1.0,1.0,1.0,1.0,1.0,3.0,2.0,2.0,6.0,6.0,5.0,2.0,3.0,5.0,3.0,6.0,5.0,4.0,4.0,1.0,5.0,4.0,1.0,1024.0,1024.0,1.0,4.0,8.0,1.0,1.0,1.0,1.0,1.0,1.0,1.0,54264504.0,8198883.959999999,20381000.0,0.2368896,48.0,514.0,12640.0,444908371442955.8,39.2299,32.242368500000005,107.6,2683.2
256.0,64000.0,256.0,64.0,3.0,26.0,40.0,30.0,1.0,6.0,4.0,3.0,5.0,5.0,1.0,1.0,2.0,2.0,1.0,6.0,3.0,1.0,2.0,2.0,3.0,1.0,6.0,3.0,4.0,5.0,3.0,6.0,64.0,32.0,1.0,1536.0,1.0,1.0,1.0,1.0,1.0,1.0,1.0,1.0,6.0,6.0,2.0,3.0,6.0,5.0,5.0,6.0,3.0,1.0,5.0,4.0,2.0,3.0,6.0,6.0,2.0,3.0,4.0,64.0,1.0,4.0,32.0,1.0,1.0,32.0,1.0,1.0,1.0,1.0,2.0,3.0,6.0,3.0,4.0,6.0,4.0,4.0,3.0,3.0,3.0,5.0,1.0,2.0,6.0,3.0,6.0,4.0,1.0,32.0,1.0,8.0,2.0,1.0,32.0,2.0,1.0,1.0,1.0,1.0,3.0,2.0,3.0,4.0,6.0,1.0,3.0,5.0,6.0,2.0,2.0,1.0,2.0,3.0,3.0,4.0,5.0,6.0,16.0,16.0,1.0,64.0,512.0,1.0,1.0,1.0,1.0,1.0,1.0,1.0,4.0,3.0,2.0,3.0,5.0,1.0,5.0,5.0,2.0,4.0,5.0,3.0,2.0,5.0,1.0,2.0,4.0,2.0,4.0,1.0,1.0,256.0,64.0,1.0,1.0,1.0,1.0,1.0,1.0,1.0,2.0,3.0,2.0,4.0,2.0,6.0,2.0,6.0,5.0,1.0,6.0,6.0,5.0,6.0,6.0,1.0,3.0,3.0,128.0,16.0,1.0,32.0,2.0,1.0,1.0,1.0,1.0,1.0,1.0,1.0,973789452.0,4774223.5,508072000000.0,570.2810999999999,31200.0,514.0,606208.0,4649088485790522.0,9.3,0.19492199999999998,107.6,93849.6
1024.0,1024000.0,256.0,64.0,1.0,44.0,2.0,38.0,4.0,4.0,2.0,1.0,1.0,6.0,6.0,4.0,1.0,5.0,4.0,4.0,3.0,4.0,6.0,5.0,6.0,4.0,3.0,3.0,1.0,1.0,6.0,1.0,16.0,16.0,1.0,256.0,192.0,1.0,1.0,1.0,1.0,1.0,1.0,1.0,5.0,2.0,6.0,3.0,2.0,6.0,3.0,6.0,6.0,6.0,6.0,5.0,1.0,4.0,2.0,2.0,1.0,3.0,64.0,4.0,1.0,32.0,16.0,1.0,4.0,4.0,1.0,1.0,1.0,1.0,3.0,3.0,2.0,3.0,1.0,2.0,3.0,1.0,5.0,2.0,2.0,3.0,1.0,2.0,2.0,4.0,3.0,3.0,128.0,1.0,1.0,16.0,1.0,1.0,2.0,16.0,1.0,1.0,1.0,1.0,2.0,4.0,3.0,1.0,5.0,1.0,5.0,4.0,1.0,6.0,6.0,1.0,1.0,6.0,5.0,4.0,1.0,4.0,128.0,16.0,1.0,2.0,1.0,1.0,1.0,1.0,1.0,1.0,1.0,1.0,6.0,2.0,5.0,1.0,4.0,1.0,5.0,1.0,2.0,5.0,1.0,5.0,3.0,1.0,6.0,5.0,4.0,2.0,32.0,16.0,1.0,32.0,16.0,1.0,1.0,1.0,1.0,1.0,1.0,1.0,4.0,2.0,5.0,1.0,6.0,4.0,6.0,1.0,2.0,2.0,5.0,6.0,6.0,5.0,1.0,5.0,3.0,5.0,1.0,8.0,1.0,512.0,8.0,1.0,1.0,1.0,1.0,1.0,1.0,1.0,2516582520.0,16733160.000000002,16095200.0,0.18164519999999992,38.0,514.0,514.0,4.211037796036321e+16,1.0,1.7910180000000004,107.6,107.6
32000.0,16000.0,256.0,64.0,3.0,14.0,20.0,6.0,2.0,6.0,4.0,1.0,6.0,4.0,1.0,1.0,2.0,3.0,4.0,2.0,2.0,4.0,3.0,6.0,6.0,2.0,3.0,6.0,1.0,4.0,4.0,6.0,8.0,2.0,1.0,12.0,512.0,1.0,1.0,1.0,1.0,1.0,1.0,1.0,3.0,2.0,1.0,1.0,3.0,4.0,5.0,2.0,2.0,4.0,5.0,5.0,5.0,3.0,3.0,4.0,5.0,6.0,4.0,8.0,1.0,8.0,32.0,1.0,64.0,64.0,1.0,1.0,1.0,1.0,4.0,3.0,2.0,1.0,2.0,4.0,4.0,4.0,1.0,4.0,5.0,6.0,1.0,2.0,6.0,5.0,6.0,6.0,8.0,2.0,1.0,128.0,1.0,1.0,2.0,64.0,1.0,1.0,1.0,1.0,2.0,2.0,2.0,3.0,2.0,1.0,5.0,5.0,3.0,5.0,5.0,6.0,5.0,5.0,2.0,2.0,3.0,5.0,16.0,8.0,1.0,256.0,4.0,1.0,1.0,1.0,1.0,1.0,1.0,1.0,3.0,6.0,5.0,6.0,6.0,5.0,2.0,1.0,1.0,6.0,5.0,4.0,6.0,1.0,2.0,1.0,5.0,6.0,64.0,32.0,1.0,4.0,2.0,1.0,1.0,1.0,1.0,1.0,1.0,1.0,4.0,4.0,1.0,5.0,1.0,2.0,2.0,3.0,1.0,3.0,2.0,3.0,4.0,3.0,6.0,3.0,4.0,1.0,1024.0,1.0,1.0,16.0,32.0,1.0,1.0,1.0,1.0,1.0,1.0,1.0,500963076.0,4286100.54,2085360000.0,9.309944999999999,1680.0,514.0,1294336.0,2147178110563661.0,11.45097,0.9298353,107.6,99276.8
256000.0,16000.0,256.0,64.0,1.0,26.0,12.0,42.0,2.0,1.0,6.0,2.0,1.0,3.0,2.0,4.0,5.0,5.0,5.0,5.0,3.0,4.0,3.0,6.0,6.0,3.0,2.0,3.0,5.0,2.0,3.0,1.0,512.0,1.0,1.0,32.0,768.0,1.0,1.0,1.0,1.0,1.0,1.0,1.0,6.0,4.0,1.0,2.0,2.0,4.0,5.0,6.0,4.0,6.0,3.0,4.0,6.0,6.0,5.0,3.0,2.0,1.0,8.0,2.0,1.0,1.0,8.0,1.0,64.0,128.0,1.0,1.0,1.0,1.0,5.0,1.0,5.0,3.0,2.0,5.0,1.0,2.0,2.0,2.0,3.0,5.0,6.0,1.0,1.0,2.0,2.0,3.0,128.0,16.0,1.0,64.0,1.0,1.0,8.0,8.0,1.0,1.0,1.0,1.0,5.0,3.0,6.0,6.0,3.0,3.0,6.0,5.0,3.0,1.0,5.0,5.0,6.0,1.0,3.0,2.0,4.0,1.0,256.0,512.0,1.0,256.0,16.0,1.0,1.0,1.0,1.0,1.0,1.0,1.0,6.0,4.0,3.0,1.0,1.0,3.0,5.0,1.0,1.0,3.0,2.0,6.0,2.0,4.0,2.0,4.0,5.0,4.0,256.0,256.0,1.0,512.0,32.0,1.0,1.0,1.0,1.0,1.0,1.0,1.0,5.0,4.0,6.0,1.0,4.0,2.0,1.0,5.0,5.0,5.0,3.0,1.0,6.0,6.0,5.0,1.0,5.0,5.0,128.0,512.0,1.0,256.0,32.0,1.0,1.0,1.0,1.0,1.0,1.0,1.0,2419064952.0,21669331.920000006,17796800.0,0.20063019999999998,42.0,514.0,514.0,5.241952138092688e+16,25.8,25.803140999999997,107.6,238.8
64000.0,16000.0,256.0,64.0,1.0,18.0,48.0,28.0,1.0,4.0,5.0,4.0,3.0,4.0,3.0,3.0,6.0,5.0,4.0,2.0,2.0,3.0,4.0,5.0,4.0,1.0,4.0,3.0,6.0,4.0,5.0,4.0,1.0,128.0,1.0,512.0,2.0,1.0,1.0,1.0,1.0,1.0,1.0,1.0,6.0,3.0,1.0,5.0,6.0,5.0,5.0,2.0,1.0,1.0,5.0,4.0,6.0,2.0,6.0,2.0,1.0,2.0,32.0,4.0,1.0,8.0,64.0,1.0,128.0,1.0,1.0,1.0,1.0,1.0,5.0,1.0,4.0,2.0,4.0,6.0,4.0,4.0,5.0,2.0,1.0,4.0,1.0,6.0,4.0,2.0,4.0,2.0,32.0,16.0,1.0,128.0,16.0,1.0,64.0,64.0,1.0,1.0,1.0,1.0,6.0,2.0,6.0,1.0,6.0,3.0,6.0,4.0,1.0,4.0,6.0,1.0,1.0,6.0,3.0,4.0,3.0,5.0,4.0,4.0,1.0,2.0,8.0,1.0,1.0,1.0,1.0,1.0,1.0,1.0,5.0,4.0,4.0,6.0,6.0,4.0,2.0,2.0,2.0,2.0,6.0,1.0,1.0,5.0,6.0,1.0,6.0,2.0,256.0,128.0,1.0,128.0,2048.0,1.0,1.0,1.0,1.0,1.0,1.0,1.0,4.0,6.0,5.0,4.0,4.0,4.0,2.0,2.0,1.0,6.0,4.0,3.0,3.0,2.0,2.0,2.0,3.0,3.0,2.0,16.0,1.0,16.0,256.0,1.0,1.0,1.0,1.0,1.0,1.0,1.0,2420244600.0,19804064.880000003,11912700.0,0.13567159999999998,28.0,514.0,514.0,4.7930681083869656e+16,18.973320000000005,19.37162,107.6,194.0
256000.0,8192000.0,256.0,64.0,3.0,14.0,16.0,42.0,1.0,5.0,5.0,3.0,1.0,5.0,3.0,6.0,4.0,6.0,5.0,6.0,4.0,3.0,5.0,2.0,6.0,3.0,5.0,1.0,2.0,2.0,5.0,6.0,32.0,128.0,1.0,3.0,128.0,1.0,1.0,1.0,1.0,1.0,1.0,1.0,2.0,6.0,3.0,5.0,1.0,4.0,6.0,6.0,5.0,2.0,5.0,2.0,5.0,2.0,4.0,6.0,1.0,1.0,16.0,4.0,1.0,32.0,4.0,1.0,8.0,2.0,1.0,1.0,1.0,1.0,1.0,5.0,2.0,4.0,4.0,5.0,6.0,1.0,5.0,2.0,2.0,5.0,5.0,5.0,1.0,1.0,2.0,2.0,64.0,1.0,1.0,1.0,32.0,1.0,4.0,4.0,1.0,1.0,1.0,1.0,5.0,6.0,4.0,6.0,2.0,4.0,5.0,5.0,5.0,2.0,6.0,1.0,5.0,4.0,5.0,3.0,4.0,2.0,64.0,256.0,1.0,4.0,8.0,1.0,1.0,1.0,1.0,1.0,1.0,1.0,4.0,6.0,5.0,1.0,6.0,6.0,5.0,3.0,5.0,4.0,3.0,5.0,4.0,4.0,3.0,3.0,3.0,1.0,16.0,64.0,1.0,4.0,8.0,1.0,1.0,1.0,1.0,1.0,1.0,1.0,2.0,6.0,6.0,3.0,6.0,4.0,5.0,4.0,6.0,3.0,5.0,4.0,6.0,3.0,2.0,2.0,1.0,6.0,256.0,1024.0,1.0,32.0,16.0,1.0,1.0,1.0,1.0,1.0,1.0,1.0,245518476.0,4068854.8000000003,48724900000.0,82.47209000000001,9408.0,514.0,1294336.0,998979029561284.9,10.313685000000001,0.8480263,107.6,124006.4
1024000.0,32000000.0,256.0,64.0,1.0,22.0,30.0,40.0,5.0,3.0,4.0,6.0,4.0,5.0,6.0,4.0,2.0,4.0,4.0,2.0,1.0,5.0,2.0,4.0,3.0,1.0,5.0,6.0,2.0,6.0,3.0,1.0,128.0,512.0,1.0,192.0,2.0,1.0,1.0,1.0,1.0,1.0,1.0,1.0,4.0,5.0,1.0,1.0,3.0,3.0,1.0,6.0,5.0,4.0,6.0,2.0,1.0,1.0,2.0,2.0,6.0,5.0,16.0,8.0,1.0,2.0,2.0,1.0,4.0,4.0,1.0,1.0,1.0,1.0,6.0,1.0,1.0,5.0,2.0,5.0,4.0,4.0,2.0,1.0,4.0,1.0,6.0,2.0,4.0,2.0,6.0,4.0,4.0,128.0,1.0,128.0,8.0,1.0,4.0,1.0,1.0,1.0,1.0,1.0,5.0,6.0,3.0,2.0,4.0,6.0,1.0,5.0,2.0,3.0,3.0,3.0,3.0,3.0,2.0,2.0,1.0,5.0,32.0,256.0,1.0,2.0,256.0,1.0,1.0,1.0,1.0,1.0,1.0,1.0,2.0,2.0,1.0,4.0,2.0,2.0,3.0,3.0,6.0,5.0,1.0,3.0,4.0,4.0,1.0,1.0,4.0,2.0,4.0,64.0,1.0,4.0,1.0,1.0,1.0,1.0,1.0,1.0,1.0,1.0,1.0,3.0,4.0,5.0,2.0,1.0,3.0,1.0,1.0,4.0,3.0,4.0,6.0,3.0,4.0,2.0,4.0,3.0,8.0,512.0,1.0,32.0,2.0,1.0,1.0,1.0,1.0,1.0,1.0,1.0,2516582520.0,18146133.6,16944000.0,0.1909094,40.0,514.0,514.0,4.566624262334467e+16,1.0,1.003515,107.6,107.6
16000.0,1024000.0,256.0,64.0,2.0,40.0,18.0,38.0,5.0,5.0,4.0,3.0,2.0,4.0,4.0,1.0,6.0,3.0,5.0,1.0,3.0,6.0,4.0,4.0,4.0,2.0,1.0,1.0,3.0,2.0,6.0,4.0,64.0,256.0,1.0,1.0,768.0,1.0,1.0,1.0,1.0,1.0,1.0,1.0,5.0,5.0,4.0,5.0,1.0,4.0,5.0,3.0,1.0,4.0,2.0,6.0,5.0,2.0,3.0,6.0,2.0,6.0,8.0,1.0,1.0,4.0,8.0,1.0,16.0,1.0,1.0,1.0,1.0,1.0,2.0,6.0,5.0,6.0,5.0,5.0,1.0,5.0,2.0,4.0,2.0,6.0,5.0,6.0,4.0,3.0,6.0,1.0,128.0,16.0,1.0,4.0,1.0,1.0,4.0,16.0,1.0,1.0,1.0,1.0,6.0,2.0,6.0,5.0,1.0,1.0,4.0,3.0,2.0,4.0,4.0,2.0,1.0,3.0,3.0,4.0,5.0,6.0,2.0,2.0,1.0,8.0,32.0,1.0,1.0,1.0,1.0,1.0,1.0,1.0,4.0,2.0,3.0,6.0,1.0,3.0,1.0,5.0,2.0,4.0,4.0,1.0,5.0,2.0,1.0,2.0,5.0,4.0,2.0,8.0,1.0,32.0,2.0,1.0,1.0,1.0,1.0,1.0,1.0,1.0,3.0,1.0,1.0,4.0,4.0,6.0,1.0,1.0,4.0,3.0,3.0,3.0,1.0,5.0,5.0,2.0,4.0,5.0,128.0,32.0,1.0,2.0,32.0,1.0,1.0,1.0,1.0,1.0,1.0,1.0,133810452.0,6035352.220000001,502264000.0,3.410589499999999,684.0,514.0,150272.0,807593208537403.5,39.33331499999999,6.939053740000001,107.6,15807.2
16000.0,512000.0,256.0,64.0,2.0,36.0,28.0,28.0,3.0,3.0,1.0,6.0,2.0,6.0,5.0,6.0,1.0,5.0,2.0,6.0,5.0,6.0,4.0,2.0,6.0,1.0,4.0,4.0,5.0,5.0,5.0,6.0,32.0,16.0,1.0,64.0,384.0,1.0,1.0,1.0,1.0,1.0,1.0,1.0,5.0,5.0,4.0,2.0,2.0,5.0,5.0,1.0,5.0,1.0,5.0,6.0,2.0,4.0,4.0,5.0,1.0,5.0,1.0,32.0,1.0,4.0,128.0,1.0,32.0,128.0,1.0,1.0,1.0,1.0,1.0,2.0,2.0,4.0,2.0,3.0,6.0,1.0,4.0,2.0,5.0,1.0,5.0,6.0,1.0,6.0,2.0,3.0,8.0,32.0,1.0,1.0,1.0,1.0,32.0,64.0,1.0,1.0,1.0,1.0,5.0,1.0,3.0,5.0,3.0,1.0,1.0,6.0,6.0,4.0,5.0,3.0,2.0,3.0,3.0,5.0,4.0,6.0,2.0,128.0,1.0,256.0,4.0,1.0,1.0,1.0,1.0,1.0,1.0,1.0,2.0,3.0,5.0,4.0,5.0,3.0,6.0,3.0,5.0,3.0,6.0,3.0,4.0,3.0,3.0,3.0,2.0,6.0,32.0,8.0,1.0,16.0,1.0,1.0,1.0,1.0,1.0,1.0,1.0,1.0,5.0,6.0,4.0,5.0,5.0,6.0,1.0,1.0,6.0,1.0,1.0,4.0,3.0,2.0,6.0,2.0,3.0,1.0,512.0,128.0,1.0,1.0,16.0,1.0,1.0,1.0,1.0,1.0,1.0,1.0,2518209672.0,5467365.78,615525000.0,3.8917509999999997,784.0,514.0,33280.0,1.3767973387557824e+16,1.0,0.483487514,107.6,3352.0
128.0,256000.0,256.0,64.0,3.0,48.0,46.0,28.0,1.0,6.0,1.0,4.0,1.0,1.0,4.0,1.0,6.0,5.0,1.0,3.0,2.0,6.0,5.0,2.0,6.0,3.0,4.0,2.0,3.0,1.0,2.0,4.0,64.0,4.0,1.0,16.0,4.0,1.0,1.0,1.0,1.0,1.0,1.0,1.0,3.0,3.0,3.0,1.0,2.0,6.0,2.0,2.0,5.0,5.0,4.0,2.0,4.0,1.0,1.0,5.0,1.0,6.0,2.0,64.0,1.0,16.0,64.0,1.0,16.0,1.0,1.0,1.0,1.0,1.0,1.0,5.0,4.0,1.0,4.0,6.0,2.0,1.0,2.0,1.0,2.0,1.0,6.0,1.0,1.0,2.0,5.0,5.0,1.0,64.0,1.0,32.0,2.0,1.0,64.0,8.0,1.0,1.0,1.0,1.0,6.0,6.0,4.0,5.0,4.0,6.0,4.0,3.0,2.0,1.0,5.0,5.0,3.0,1.0,4.0,2.0,4.0,3.0,8.0,16.0,1.0,64.0,16.0,1.0,1.0,1.0,1.0,1.0,1.0,1.0,6.0,3.0,4.0,6.0,2.0,1.0,3.0,5.0,4.0,6.0,6.0,2.0,5.0,2.0,5.0,2.0,5.0,4.0,256.0,64.0,1.0,8.0,8.0,1.0,1.0,1.0,1.0,1.0,1.0,1.0,4.0,4.0,3.0,5.0,2.0,5.0,2.0,4.0,6.0,5.0,3.0,6.0,5.0,1.0,6.0,4.0,4.0,5.0,256.0,64.0,1.0,2.0,64.0,1.0,1.0,1.0,1.0,1.0,1.0,1.0,38774352.0,4005686.2199999997,1971600000000.0,1959.1805,61824.0,514.0,442368.0,155317887495829.44,70.04445000000001,0.738021,107.6,85401.6
4096.0,64000.0,256.0,64.0,3.0,10.0,48.0,10.0,2.0,6.0,1.0,1.0,3.0,1.0,6.0,3.0,3.0,5.0,6.0,5.0,1.0,1.0,2.0,6.0,6.0,4.0,6.0,3.0,6.0,4.0,6.0,1.0,128.0,16.0,1.0,384.0,1.0,1.0,1.0,1.0,1.0,1.0,1.0,1.0,5.0,2.0,4.0,5.0,6.0,6.0,3.0,1.0,4.0,3.0,2.0,2.0,4.0,1.0,4.0,3.0,5.0,4.0,4.0,2.0,1.0,64.0,8.0,1.0,64.0,2.0,1.0,1.0,1.0,1.0,1.0,6.0,5.0,2.0,6.0,5.0,6.0,6.0,5.0,4.0,4.0,3.0,6.0,2.0,3.0,2.0,2.0,1.0,2.0,32.0,1.0,128.0,64.0,1.0,8.0,16.0,1.0,1.0,1.0,1.0,2.0,1.0,2.0,5.0,6.0,6.0,6.0,4.0,6.0,2.0,2.0,5.0,2.0,6.0,1.0,2.0,6.0,5.0,32.0,1.0,1.0,4.0,1.0,1.0,1.0,1.0,1.0,1.0,1.0,1.0,2.0,1.0,6.0,1.0,2.0,2.0,1.0,5.0,6.0,2.0,6.0,2.0,1.0,3.0,5.0,6.0,6.0,4.0,2.0,16.0,1.0,256.0,4.0,1.0,1.0,1.0,1.0,1.0,1.0,1.0,4.0,4.0,5.0,3.0,4.0,4.0,4.0,3.0,3.0,2.0,2.0,2.0,2.0,6.0,6.0,4.0,3.0,1.0,64.0,1.0,1.0,8.0,2.0,1.0,1.0,1.0,1.0,1.0,1.0,1.0,217473486.0,4210574.33,13588300000.0,32.430685,4800.0,514.0,720896.0,915688277607214.4,5.7494505,0.26377059999999997,107.6,75084.8
1024.0,512000.0,256.0,64.0,1.0,38.0,36.0,46.0,3.0,5.0,5.0,2.0,5.0,5.0,2.0,5.0,4.0,2.0,4.0,2.0,4.0,1.0,3.0,2.0,2.0,6.0,5.0,2.0,2.0,2.0,5.0,3.0,8.0,256.0,1.0,256.0,4.0,1.0,1.0,1.0,1.0,1.0,1.0,1.0,3.0,5.0,6.0,1.0,3.0,4.0,2.0,1.0,2.0,6.0,3.0,4.0,5.0,4.0,4.0,6.0,3.0,1.0,8.0,64.0,1.0,2.0,8.0,1.0,32.0,2.0,1.0,1.0,1.0,1.0,4.0,1.0,1.0,4.0,3.0,5.0,2.0,1.0,2.0,3.0,3.0,6.0,2.0,5.0,3.0,1.0,3.0,5.0,8.0,2.0,1.0,1.0,32.0,1.0,2.0,4.0,1.0,1.0,1.0,1.0,1.0,6.0,2.0,6.0,4.0,5.0,1.0,6.0,4.0,2.0,1.0,6.0,3.0,1.0,6.0,1.0,4.0,6.0,4.0,16.0,1.0,32.0,8.0,1.0,1.0,1.0,1.0,1.0,1.0,1.0,1.0,1.0,2.0,5.0,2.0,4.0,5.0,4.0,6.0,1.0,5.0,3.0,4.0,1.0,1.0,3.0,3.0,5.0,1.0,256.0,1.0,32.0,32.0,1.0,1.0,1.0,1.0,1.0,1.0,1.0,3.0,6.0,5.0,3.0,6.0,2.0,2.0,3.0,4.0,1.0,3.0,3.0,1.0,3.0,2.0,1.0,1.0,4.0,1.0,2.0,1.0,8.0,4.0,1.0,1.0,1.0,1.0,1.0,1.0,1.0,57016440.0,15189862.8,19515900.0,0.22723220000000005,46.0,514.0,12124.0,866071900944432.0,42.93440999999999,43.332330000000006,107.6,2573.6
512000.0,64000.0,256.0,64.0,1.0,10.0,2.0,28.0,4.0,3.0,2.0,2.0,2.0,3.0,3.0,5.0,1.0,4.0,1.0,6.0,4.0,3.0,4.0,6.0,4.0,6.0,5.0,1.0,3.0,2.0,6.0,4.0,32.0,16.0,1.0,1.0,256.0,1.0,1.0,1.0,1.0,1.0,1.0,1.0,6.0,5.0,4.0,4.0,4.0,2.0,3.0,1.0,5.0,2.0,4.0,5.0,3.0,1.0,5.0,1.0,1.0,1.0,32.0,2.0,1.0,16.0,16.0,1.0,8.0,32.0,1.0,1.0,1.0,1.0,5.0,3.0,3.0,3.0,5.0,3.0,3.0,3.0,4.0,5.0,3.0,2.0,1.0,5.0,2.0,4.0,6.0,4.0,8.0,128.0,1.0,64.0,8.0,1.0,1.0,4.0,1.0,1.0,1.0,1.0,4.0,1.0,2.0,4.0,6.0,4.0,4.0,5.0,1.0,5.0,5.0,2.0,3.0,4.0,4.0,4.0,1.0,5.0,2.0,4.0,1.0,128.0,16.0,1.0,1.0,1.0,1.0,1.0,1.0,1.0,1.0,5.0,6.0,3.0,6.0,1.0,3.0,1.0,2.0,6.0,4.0,3.0,4.0,6.0,2.0,4.0,4.0,4.0,32.0,32.0,1.0,1024.0,32.0,1.0,1.0,1.0,1.0,1.0,1.0,1.0,3.0,6.0,6.0,4.0,2.0,4.0,1.0,6.0,3.0,3.0,4.0,6.0,4.0,4.0,4.0,4.0,1.0,5.0,8.0,16.0,1.0,8.0,64.0,1.0,1.0,1.0,1.0,1.0,1.0,1.0,93192648.0,9582026.159999998,11913400.0,0.1404782,28.0,514.0,7480.0,892974391055671.5,24.199215000000002,29.487530000000007,107.6,1587.2
128.0,64000.0,256.0,64.0,3.0,38.0,4.0,28.0,1.0,4.0,1.0,4.0,4.0,1.0,3.0,5.0,5.0,5.0,3.0,2.0,1.0,2.0,4.0,2.0,4.0,6.0,3.0,5.0,3.0,4.0,3.0,4.0,8.0,128.0,1.0,2.0,24.0,1.0,1.0,1.0,1.0,1.0,1.0,1.0,2.0,2.0,3.0,4.0,5.0,6.0,2.0,6.0,5.0,2.0,2.0,2.0,3.0,5.0,4.0,3.0,5.0,2.0,4.0,1.0,1.0,1.0,1.0,1.0,128.0,64.0,1.0,1.0,1.0,1.0,4.0,6.0,3.0,6.0,6.0,5.0,1.0,4.0,2.0,6.0,3.0,6.0,4.0,5.0,3.0,1.0,2.0,3.0,32.0,2.0,1.0,2.0,16.0,1.0,4.0,64.0,1.0,1.0,1.0,1.0,6.0,6.0,5.0,2.0,4.0,6.0,3.0,4.0,1.0,6.0,1.0,4.0,4.0,1.0,1.0,4.0,2.0,5.0,256.0,4.0,1.0,1.0,2.0,1.0,1.0,1.0,1.0,1.0,1.0,1.0,3.0,2.0,6.0,2.0,5.0,1.0,6.0,4.0,2.0,3.0,5.0,6.0,4.0,4.0,2.0,6.0,1.0,2.0,2.0,8.0,1.0,32.0,128.0,1.0,1.0,1.0,1.0,1.0,1.0,1.0,3.0,2.0,4.0,2.0,4.0,2.0,4.0,1.0,2.0,3.0,5.0,1.0,3.0,4.0,6.0,2.0,1.0,4.0,2048.0,32.0,1.0,64.0,8.0,1.0,1.0,1.0,1.0,1.0,1.0,1.0,183727026.0,4381055.279999999,10868800000.0,28.234119999999994,4256.0,514.0,2736128.0,804918257335997.1,20.62857,3.23760985,107.6,209376.0
2048.0,2048000.0,256.0,64.0,3.0,16.0,12.0,6.0,6.0,5.0,6.0,3.0,5.0,3.0,6.0,2.0,2.0,3.0,6.0,1.0,4.0,6.0,4.0,6.0,4.0,3.0,4.0,4.0,6.0,1.0,2.0,5.0,16.0,64.0,1.0,512.0,12.0,1.0,1.0,1.0,1.0,1.0,1.0,1.0,1.0,4.0,1.0,2.0,4.0,6.0,1.0,2.0,2.0,6.0,4.0,5.0,2.0,6.0,3.0,6.0,4.0,4.0,32.0,8.0,1.0,2.0,16.0,1.0,4.0,128.0,1.0,1.0,1.0,1.0,4.0,3.0,1.0,3.0,5.0,2.0,1.0,3.0,1.0,2.0,2.0,1.0,4.0,2.0,4.0,5.0,3.0,1.0,32.0,32.0,1.0,8.0,1.0,1.0,32.0,64.0,1.0,1.0,1.0,1.0,5.0,2.0,1.0,4.0,3.0,5.0,5.0,2.0,2.0,3.0,3.0,3.0,4.0,3.0,1.0,1.0,4.0,3.0,4.0,64.0,1.0,128.0,256.0,1.0,1.0,1.0,1.0,1.0,1.0,1.0,3.0,5.0,3.0,5.0,4.0,2.0,6.0,5.0,4.0,1.0,1.0,5.0,6.0,2.0,6.0,3.0,2.0,4.0,1.0,512.0,1.0,16.0,8.0,1.0,1.0,1.0,1.0,1.0,1.0,1.0,4.0,4.0,6.0,1.0,5.0,2.0,6.0,6.0,1.0,2.0,6.0,6.0,6.0,2.0,2.0,1.0,4.0,6.0,1024.0,512.0,1.0,1.0,64.0,1.0,1.0,1.0,1.0,1.0,1.0,1.0,629344266.0,3912149.88,1120210000.0,6.321831,1152.0,514.0,802816.0,2462089094710588.0,25.270699999999994,0.351171875,107.6,126771.2
4096.0,16000000.0,256.0,64.0,2.0,30.0,38.0,10.0,2.0,6.0,1.0,3.0,2.0,2.0,4.0,5.0,3.0,5.0,3.0,5.0,6.0,1.0,6.0,1.0,1.0,5.0,5.0,3.0,5.0,6.0,3.0,5.0,16.0,256.0,1.0,192.0,256.0,1.0,1.0,1.0,1.0,1.0,1.0,1.0,5.0,6.0,2.0,4.0,1.0,3.0,6.0,4.0,6.0,4.0,3.0,3.0,3.0,5.0,2.0,2.0,6.0,6.0,64.0,64.0,1.0,128.0,8.0,1.0,16.0,128.0,1.0,1.0,1.0,1.0,2.0,2.0,2.0,3.0,5.0,1.0,6.0,1.0,6.0,6.0,5.0,6.0,2.0,4.0,5.0,5.0,6.0,2.0,64.0,16.0,1.0,8.0,32.0,1.0,4.0,16.0,1.0,1.0,1.0,1.0,3.0,5.0,3.0,4.0,6.0,5.0,1.0,6.0,4.0,3.0,1.0,2.0,6.0,1.0,5.0,2.0,4.0,4.0,32.0,256.0,1.0,4.0,16.0,1.0,1.0,1.0,1.0,1.0,1.0,1.0,5.0,5.0,3.0,2.0,4.0,6.0,5.0,1.0,1.0,4.0,5.0,4.0,5.0,6.0,3.0,6.0,5.0,2.0,256.0,8.0,1.0,1.0,2048.0,1.0,1.0,1.0,1.0,1.0,1.0,1.0,1.0,5.0,5.0,3.0,2.0,6.0,3.0,5.0,1.0,5.0,4.0,1.0,3.0,6.0,1.0,5.0,6.0,1.0,32.0,2048.0,1.0,8.0,2.0,1.0,1.0,1.0,1.0,1.0,1.0,1.0,131367858.0,4660491.460000001,220529000.0,1.9404645000000005,380.0,514.0,397312.0,612238780327492.8,18.524865,0.9084002500000002,107.6,35934.4
1024.0,64000.0,256.0,64.0,3.0,32.0,20.0,38.0,2.0,4.0,3.0,1.0,1.0,6.0,6.0,6.0,3.0,2.0,1.0,3.0,4.0,2.0,1.0,6.0,6.0,3.0,1.0,4.0,2.0,4.0,1.0,6.0,128.0,256.0,1.0,96.0,48.0,1.0,1.0,1.0,1.0,1.0,1.0,1.0,3.0,4.0,4.0,1.0,2.0,1.0,4.0,2.0,2.0,2.0,1.0,1.0,1.0,6.0,6.0,2.0,6.0,6.0,32.0,16.0,1.0,32.0,128.0,1.0,2.0,32.0,1.0,1.0,1.0,1.0,3.0,1.0,5.0,6.0,1.0,1.0,5.0,6.0,3.0,4.0,5.0,4.0,5.0,6.0,3.0,4.0,4.0,3.0,8.0,64.0,1.0,128.0,2.0,1.0,64.0,16.0,1.0,1.0,1.0,1.0,2.0,4.0,1.0,2.0,2.0,3.0,2.0,5.0,5.0,2.0,3.0,2.0,3.0,2.0,2.0,2.0,2.0,3.0,1.0,64.0,1.0,256.0,512.0,1.0,1.0,1.0,1.0,1.0,1.0,1.0,1.0,2.0,5.0,2.0,5.0,3.0,3.0,3.0,2.0,3.0,6.0,6.0,5.0,2.0,4.0,3.0,6.0,1.0,8.0,16.0,1.0,64.0,128.0,1.0,1.0,1.0,1.0,1.0,1.0,1.0,2.0,6.0,3.0,3.0,6.0,3.0,1.0,6.0,2.0,1.0,3.0,3.0,6.0,4.0,3.0,1.0,2.0,5.0,4.0,1.0,1.0,64.0,128.0,1.0,1.0,1.0,1.0,1.0,1.0,1.0,1214598792.0,5054695.1,310768000000.0,371.12395000000004,24320.0,514.0,212992.0,6139426562388319.0,106.0,2.03100585,107.6,45158.4
512.0,4096000.0,256.0,64.0,1.0,18.0,36.0,12.0,2.0,2.0,3.0,6.0,1.0,2.0,3.0,2.0,1.0,3.0,2.0,6.0,4.0,4.0,5.0,4.0,5.0,3.0,1.0,2.0,3.0,2.0,6.0,6.0,16.0,256.0,1.0,4.0,1536.0,1.0,1.0,1.0,1.0,1.0,1.0,1.0,2.0,5.0,5.0,6.0,2.0,6.0,2.0,3.0,1.0,2.0,5.0,6.0,6.0,4.0,3.0,6.0,1.0,6.0,16.0,8.0,1.0,2.0,1.0,1.0,2.0,128.0,1.0,1.0,1.0,1.0,1.0,4.0,2.0,6.0,6.0,5.0,4.0,3.0,3.0,4.0,6.0,6.0,6.0,1.0,3.0,5.0,2.0,5.0,8.0,4.0,1.0,1.0,32.0,1.0,1.0,4.0,1.0,1.0,1.0,1.0,2.0,3.0,2.0,3.0,4.0,3.0,6.0,6.0,6.0,1.0,2.0,3.0,1.0,1.0,2.0,6.0,6.0,3.0,256.0,32.0,1.0,64.0,4.0,1.0,1.0,1.0,1.0,1.0,1.0,1.0,6.0,2.0,3.0,4.0,2.0,4.0,3.0,5.0,6.0,3.0,6.0,5.0,1.0,2.0,1.0,5.0,1.0,3.0,4.0,64.0,1.0,128.0,2.0,1.0,1.0,1.0,1.0,1.0,1.0,1.0,4.0,3.0,1.0,1.0,1.0,4.0,3.0,1.0,3.0,4.0,5.0,1.0,1.0,3.0,2.0,6.0,5.0,4.0,1024.0,1.0,1.0,128.0,4.0,1.0,1.0,1.0,1.0,1.0,1.0,1.0,2516582520.0,25642220.400000006,5432530.0,0.06178446,12.0,514.0,514.0,6.453076363262742e+16,1.0,1.0012429999999997,107.6,107.6
1024000.0,16000000.0,256.0,64.0,1.0,40.0,38.0,16.0,4.0,6.0,5.0,5.0,2.0,5.0,5.0,4.0,4.0,4.0,1.0,2.0,5.0,4.0,3.0,3.0,4.0,5.0,6.0,3.0,6.0,2.0,1.0,4.0,16.0,512.0,1.0,3.0,512.0,1.0,1.0,1.0,1.0,1.0,1.0,1.0,5.0,1.0,2.0,2.0,1.0,5.0,5.0,6.0,3.0,6.0,3.0,3.0,1.0,5.0,5.0,4.0,2.0,5.0,64.0,32.0,1.0,64.0,128.0,1.0,64.0,16.0,1.0,1.0,1.0,1.0,6.0,2.0,4.0,1.0,2.0,5.0,3.0,2.0,4.0,1.0,5.0,5.0,3.0,5.0,4.0,3.0,3.0,2.0,8.0,4.0,1.0,2.0,1.0,1.0,32.0,16.0,1.0,1.0,1.0,1.0,4.0,4.0,6.0,4.0,6.0,6.0,2.0,5.0,6.0,3.0,2.0,5.0,5.0,3.0,2.0,5.0,5.0,1.0,16.0,1.0,1.0,32.0,2.0,1.0,1.0,1.0,1.0,1.0,1.0,1.0,3.0,5.0,1.0,2.0,3.0,2.0,3.0,5.0,6.0,4.0,2.0,4.0,5.0,3.0,4.0,3.0,4.0,2.0,512.0,256.0,1.0,64.0,2.0,1.0,1.0,1.0,1.0,1.0,1.0,1.0,1.0,3.0,2.0,2.0,3.0,2.0,1.0,4.0,1.0,1.0,5.0,6.0,3.0,6.0,3.0,2.0,5.0,5.0,8.0,512.0,1.0,1.0,4.0,1.0,1.0,1.0,1.0,1.0,1.0,1.0,157286520.0,15584380.799999997,7028500.0,0.08300563999999999,16.0,514.0,4384.0,2451213022386815.5,16.0,16.790639999999996,107.6,929.6
512.0,4096000.0,256.0,64.0,1.0,4.0,2.0,32.0,1.0,2.0,5.0,3.0,6.0,5.0,2.0,2.0,3.0,4.0,2.0,3.0,1.0,2.0,5.0,2.0,3.0,4.0,6.0,3.0,3.0,3.0,6.0,2.0,16.0,4.0,1.0,768.0,128.0,1.0,1.0,1.0,1.0,1.0,1.0,1.0,1.0,2.0,5.0,4.0,4.0,1.0,1.0,3.0,4.0,2.0,2.0,3.0,5.0,1.0,3.0,4.0,4.0,1.0,4.0,16.0,1.0,128.0,64.0,1.0,2.0,4.0,1.0,1.0,1.0,1.0,3.0,4.0,5.0,5.0,1.0,3.0,4.0,1.0,3.0,3.0,5.0,4.0,6.0,2.0,3.0,1.0,2.0,5.0,128.0,128.0,1.0,8.0,2.0,1.0,32.0,16.0,1.0,1.0,1.0,1.0,4.0,3.0,6.0,1.0,1.0,5.0,4.0,2.0,5.0,4.0,5.0,1.0,2.0,3.0,5.0,4.0,5.0,2.0,2.0,4.0,1.0,4.0,8.0,1.0,1.0,1.0,1.0,1.0,1.0,1.0,4.0,2.0,4.0,2.0,2.0,2.0,3.0,5.0,4.0,5.0,6.0,5.0,2.0,5.0,6.0,5.0,1.0,1.0,4.0,4.0,1.0,64.0,2.0,1.0,1.0,1.0,1.0,1.0,1.0,1.0,5.0,1.0,4.0,4.0,5.0,2.0,1.0,5.0,3.0,6.0,6.0,5.0,2.0,5.0,1.0,4.0,3.0,3.0,1.0,1.0,1.0,128.0,4.0,1.0,1.0,1.0,1.0,1.0,1.0,1.0,2516582520.0,23766824.400000006,13573500.0,0.15387199999999998,32.0,514.0,514.0,5.98111748409495e+16,1.0,1.0012419999999997,107.6,107.6
512.0,32000.0,256.0,64.0,1.0,20.0,36.0,28.0,4.0,3.0,2.0,1.0,4.0,2.0,4.0,3.0,3.0,1.0,3.0,5.0,5.0,6.0,3.0,4.0,1.0,6.0,5.0,2.0,6.0,3.0,4.0,2.0,256.0,1.0,1.0,64.0,8.0,1.0,1.0,1.0,1.0,1.0,1.0,1.0,2.0,6.0,6.0,4.0,4.0,3.0,3.0,1.0,2.0,1.0,3.0,2.0,1.0,3.0,1.0,6.0,4.0,5.0,16.0,16.0,1.0,4.0,16.0,1.0,32.0,1.0,1.0,1.0,1.0,1.0,1.0,5.0,1.0,1.0,4.0,4.0,1.0,6.0,1.0,5.0,1.0,4.0,4.0,5.0,3.0,6.0,4.0,3.0,16.0,32.0,1.0,2.0,2.0,1.0,1.0,32.0,1.0,1.0,1.0,1.0,1.0,3.0,3.0,4.0,3.0,3.0,1.0,5.0,1.0,4.0,3.0,4.0,2.0,3.0,1.0,2.0,1.0,5.0,256.0,128.0,1.0,512.0,8.0,1.0,1.0,1.0,1.0,1.0,1.0,1.0,4.0,5.0,5.0,4.0,5.0,6.0,2.0,2.0,1.0,6.0,1.0,3.0,3.0,5.0,4.0,4.0,4.0,1.0,256.0,2.0,1.0,64.0,4.0,1.0,1.0,1.0,1.0,1.0,1.0,1.0,3.0,3.0,5.0,2.0,6.0,5.0,3.0,5.0,2.0,6.0,2.0,1.0,5.0,5.0,6.0,4.0,6.0,1.0,64.0,2.0,1.0,2.0,8.0,1.0,1.0,1.0,1.0,1.0,1.0,1.0,93192648.0,9401390.159999998,11913400.0,0.1404782,28.0,514.0,7480.0,876140443891543.5,24.199215000000002,21.61253,107.6,1587.2
1024000.0,1024000.0,256.0,64.0,1.0,40.0,32.0,30.0,1.0,4.0,5.0,1.0,3.0,2.0,1.0,1.0,6.0,3.0,5.0,6.0,6.0,4.0,4.0,2.0,6.0,4.0,4.0,2.0,3.0,3.0,6.0,4.0,16.0,4.0,1.0,48.0,24.0,1.0,1.0,1.0,1.0,1.0,1.0,1.0,1.0,4.0,1.0,5.0,5.0,5.0,6.0,6.0,3.0,6.0,4.0,2.0,4.0,1.0,2.0,4.0,5.0,6.0,2.0,32.0,1.0,2.0,32.0,1.0,32.0,8.0,1.0,1.0,1.0,1.0,2.0,5.0,1.0,3.0,3.0,6.0,3.0,5.0,4.0,2.0,2.0,2.0,1.0,3.0,3.0,1.0,6.0,4.0,16.0,32.0,1.0,16.0,4.0,1.0,32.0,8.0,1.0,1.0,1.0,1.0,4.0,2.0,3.0,5.0,2.0,2.0,5.0,1.0,6.0,5.0,2.0,3.0,1.0,3.0,5.0,1.0,2.0,5.0,512.0,2.0,1.0,16.0,16.0,1.0,1.0,1.0,1.0,1.0,1.0,1.0,5.0,3.0,2.0,5.0,2.0,3.0,1.0,2.0,3.0,6.0,6.0,1.0,3.0,6.0,5.0,3.0,3.0,1.0,128.0,64.0,1.0,512.0,4.0,1.0,1.0,1.0,1.0,1.0,1.0,1.0,4.0,5.0,1.0,4.0,2.0,1.0,6.0,2.0,6.0,4.0,4.0,5.0,3.0,6.0,1.0,2.0,4.0,3.0,64.0,512.0,1.0,8.0,1.0,1.0,1.0,1.0,1.0,1.0,1.0,1.0,2420244600.0,23552951.279999997,12741000.0,0.14494120000000002,30.0,514.0,514.0,5.700390314948308e+16,18.973320000000005,19.37201,107.6,200.4
16000.0,256000.0,256.0,64.0,1.0,14.0,28.0,8.0,5.0,3.0,4.0,4.0,2.0,1.0,2.0,6.0,6.0,2.0,1.0,6.0,1.0,1.0,6.0,2.0,1.0,4.0,1.0,1.0,6.0,3.0,5.0,4.0,16.0,32.0,1.0,48.0,768.0,1.0,1.0,1.0,1.0,1.0,1.0,1.0,5.0,4.0,2.0,5.0,6.0,1.0,3.0,2.0,1.0,6.0,3.0,1.0,1.0,2.0,3.0,1.0,4.0,3.0,1.0,64.0,1.0,128.0,8.0,1.0,64.0,128.0,1.0,1.0,1.0,1.0,6.0,5.0,3.0,3.0,2.0,5.0,4.0,1.0,1.0,6.0,4.0,2.0,3.0,2.0,4.0,2.0,3.0,5.0,64.0,16.0,1.0,2.0,1.0,1.0,16.0,2.0,1.0,1.0,1.0,1.0,2.0,2.0,1.0,1.0,2.0,2.0,6.0,1.0,4.0,3.0,1.0,4.0,1.0,1.0,2.0,4.0,2.0,5.0,64.0,1.0,1.0,32.0,1.0,1.0,1.0,1.0,1.0,1.0,1.0,1.0,2.0,4.0,3.0,1.0,3.0,6.0,4.0,5.0,1.0,5.0,3.0,2.0,6.0,3.0,3.0,2.0,4.0,5.0,32.0,128.0,1.0,4.0,1.0,1.0,1.0,1.0,1.0,1.0,1.0,1.0,1.0,2.0,1.0,6.0,4.0,3.0,5.0,6.0,2.0,2.0,6.0,5.0,6.0,4.0,1.0,1.0,6.0,5.0,4.0,8.0,1.0,256.0,1.0,1.0,1.0,1.0,1.0,1.0,1.0,1.0,314573016.0,6115012.5600000005,3853450.0,0.044722700000000004,8.0,514.0,2320.0,1923617943877081.0,8.0,9.425279,107.6,491.2
2048.0,32000.0,256.0,64.0,2.0,8.0,28.0,26.0,4.0,5.0,5.0,5.0,4.0,1.0,4.0,6.0,1.0,1.0,1.0,5.0,3.0,2.0,2.0,6.0,2.0,3.0,6.0,4.0,6.0,4.0,5.0,1.0,1.0,64.0,1.0,24.0,128.0,1.0,1.0,1.0,1.0,1.0,1.0,1.0,6.0,4.0,2.0,4.0,4.0,3.0,3.0,2.0,1.0,5.0,4.0,1.0,6.0,5.0,3.0,1.0,4.0,2.0,64.0,1.0,1.0,4.0,1.0,1.0,128.0,8.0,1.0,1.0,1.0,1.0,2.0,5.0,2.0,5.0,2.0,3.0,6.0,3.0,4.0,2.0,1.0,6.0,4.0,3.0,2.0,4.0,6.0,2.0,8.0,128.0,1.0,2.0,8.0,1.0,64.0,8.0,1.0,1.0,1.0,1.0,6.0,1.0,5.0,2.0,5.0,2.0,2.0,5.0,3.0,4.0,2.0,4.0,5.0,1.0,4.0,6.0,3.0,4.0,256.0,2.0,1.0,8.0,1.0,1.0,1.0,1.0,1.0,1.0,1.0,1.0,1.0,6.0,3.0,5.0,3.0,3.0,4.0,1.0,2.0,1.0,2.0,5.0,6.0,2.0,1.0,1.0,4.0,1.0,256.0,8.0,1.0,64.0,1024.0,1.0,1.0,1.0,1.0,1.0,1.0,1.0,3.0,6.0,5.0,2.0,6.0,3.0,6.0,4.0,2.0,1.0,2.0,3.0,2.0,5.0,6.0,1.0,2.0,2.0,64.0,16.0,1.0,1.0,32.0,1.0,1.0,1.0,1.0,1.0,1.0,1.0,117103656.0,7851744.8999999985,550884000.0,3.706789,728.0,514.0,489472.0,919468033769354.2,154.74820499999998,50.969096500000006,107.6,35128.8
32000.0,2048000.0,256.0,64.0,2.0,12.0,18.0,12.0,2.0,1.0,3.0,4.0,5.0,2.0,4.0,4.0,1.0,5.0,3.0,2.0,3.0,5.0,4.0,3.0,6.0,2.0,3.0,5.0,6.0,1.0,1.0,1.0,16.0,64.0,1.0,12.0,96.0,1.0,1.0,1.0,1.0,1.0,1.0,1.0,1.0,6.0,5.0,3.0,5.0,6.0,1.0,4.0,6.0,6.0,1.0,1.0,6.0,5.0,5.0,6.0,4.0,4.0,4.0,1.0,1.0,1.0,2.0,1.0,1.0,64.0,1.0,1.0,1.0,1.0,1.0,4.0,3.0,2.0,5.0,1.0,2.0,6.0,4.0,4.0,5.0,6.0,2.0,5.0,2.0,4.0,5.0,1.0,8.0,8.0,1.0,1.0,8.0,1.0,1.0,1.0,1.0,1.0,1.0,1.0,4.0,6.0,3.0,6.0,4.0,1.0,3.0,3.0,4.0,1.0,2.0,3.0,5.0,6.0,6.0,1.0,1.0,5.0,32.0,32.0,1.0,4.0,4.0,1.0,1.0,1.0,1.0,1.0,1.0,1.0,3.0,4.0,4.0,2.0,6.0,1.0,5.0,5.0,2.0,6.0,2.0,3.0,6.0,5.0,4.0,5.0,2.0,1.0,16.0,32.0,1.0,32.0,16.0,1.0,1.0,1.0,1.0,1.0,1.0,1.0,4.0,4.0,1.0,3.0,4.0,2.0,5.0,1.0,4.0,6.0,6.0,6.0,3.0,3.0,3.0,3.0,4.0,6.0,2.0,4.0,1.0,2.0,8.0,1.0,1.0,1.0,1.0,1.0,1.0,1.0,2574840126.0,7400320.5600000005,107600000.0,1.0242320000000003,216.0,514.0,9472.0,1.905464232315079e+16,1.0,1.1198909899999998,107.6,1354.0
16000.0,8192000.0,256.0,64.0,2.0,12.0,46.0,4.0,4.0,2.0,4.0,6.0,5.0,4.0,2.0,2.0,5.0,2.0,4.0,5.0,6.0,5.0,6.0,3.0,2.0,3.0,2.0,3.0,6.0,4.0,5.0,4.0,64.0,256.0,1.0,16.0,384.0,1.0,1.0,1.0,1.0,1.0,1.0,1.0,1.0,3.0,6.0,4.0,2.0,3.0,4.0,4.0,6.0,2.0,1.0,3.0,3.0,4.0,3.0,4.0,6.0,6.0,4.0,16.0,1.0,128.0,64.0,1.0,1.0,8.0,1.0,1.0,1.0,1.0,3.0,2.0,5.0,1.0,5.0,1.0,2.0,4.0,3.0,1.0,5.0,5.0,4.0,3.0,4.0,4.0,5.0,1.0,1.0,64.0,1.0,1.0,64.0,1.0,32.0,1.0,1.0,1.0,1.0,1.0,5.0,4.0,4.0,1.0,6.0,3.0,4.0,1.0,2.0,5.0,4.0,4.0,6.0,5.0,6.0,3.0,4.0,2.0,4.0,16.0,1.0,256.0,4.0,1.0,1.0,1.0,1.0,1.0,1.0,1.0,5.0,3.0,1.0,5.0,6.0,5.0,2.0,1.0,3.0,6.0,3.0,4.0,6.0,1.0,3.0,2.0,4.0,4.0,256.0,1.0,1.0,512.0,16.0,1.0,1.0,1.0,1.0,1.0,1.0,1.0,1.0,1.0,5.0,6.0,6.0,2.0,5.0,6.0,5.0,6.0,1.0,6.0,3.0,2.0,2.0,6.0,4.0,4.0,512.0,1.0,1.0,512.0,64.0,1.0,1.0,1.0,1.0,1.0,1.0,1.0,2567705478.0,12050630.219999999,88770000.0,0.8756072999999999,184.0,514.0,22528.0,3.0942469229246344e+16,1.0,0.9033014450000001,107.6,2549.6
128000.0,16000.0,256.0,64.0,2.0,40.0,32.0,44.0,3.0,3.0,4.0,3.0,5.0,5.0,3.0,1.0,4.0,4.0,4.0,1.0,1.0,3.0,1.0,2.0,5.0,6.0,5.0,5.0,5.0,5.0,2.0,2.0,64.0,16.0,1.0,256.0,2.0,1.0,1.0,1.0,1.0,1.0,1.0,1.0,3.0,3.0,1.0,1.0,6.0,6.0,5.0,5.0,6.0,3.0,1.0,1.0,2.0,3.0,6.0,4.0,2.0,5.0,64.0,2.0,1.0,4.0,64.0,1.0,2.0,4.0,1.0,1.0,1.0,1.0,1.0,6.0,4.0,1.0,1.0,3.0,3.0,5.0,1.0,3.0,1.0,6.0,4.0,3.0,3.0,1.0,6.0,2.0,128.0,16.0,1.0,64.0,128.0,1.0,8.0,8.0,1.0,1.0,1.0,1.0,6.0,6.0,6.0,6.0,6.0,3.0,4.0,3.0,3.0,6.0,2.0,3.0,5.0,5.0,5.0,3.0,2.0,4.0,64.0,8.0,1.0,16.0,128.0,1.0,1.0,1.0,1.0,1.0,1.0,1.0,2.0,6.0,4.0,1.0,5.0,2.0,2.0,6.0,3.0,1.0,3.0,5.0,6.0,4.0,2.0,1.0,4.0,6.0,4.0,64.0,1.0,128.0,4.0,1.0,1.0,1.0,1.0,1.0,1.0,1.0,3.0,2.0,1.0,4.0,6.0,6.0,3.0,4.0,3.0,3.0,4.0,2.0,5.0,5.0,2.0,1.0,1.0,1.0,64.0,8.0,1.0,512.0,512.0,1.0,1.0,1.0,1.0,1.0,1.0,1.0,2520289278.0,7986998.100000001,1552590000.0,7.380025499999999,1408.0,514.0,141312.0,2.0129545674836372e+16,1.0,0.25962885,107.6,9070.4
256.0,32000000.0,256.0,64.0,2.0,16.0,42.0,44.0,3.0,6.0,1.0,4.0,6.0,1.0,2.0,4.0,4.0,4.0,2.0,5.0,2.0,5.0,6.0,4.0,5.0,4.0,6.0,5.0,6.0,6.0,5.0,1.0,32.0,4.0,1.0,1.0,8.0,1.0,1.0,1.0,1.0,1.0,1.0,1.0,6.0,5.0,5.0,2.0,4.0,4.0,3.0,1.0,6.0,5.0,2.0,4.0,4.0,6.0,1.0,6.0,6.0,3.0,32.0,4.0,1.0,16.0,2.0,1.0,16.0,4.0,1.0,1.0,1.0,1.0,2.0,4.0,5.0,6.0,2.0,2.0,4.0,4.0,6.0,4.0,5.0,2.0,6.0,4.0,2.0,5.0,1.0,4.0,128.0,8.0,1.0,16.0,8.0,1.0,1.0,4.0,1.0,1.0,1.0,1.0,4.0,5.0,1.0,1.0,2.0,1.0,1.0,2.0,4.0,5.0,1.0,4.0,5.0,6.0,6.0,5.0,2.0,5.0,128.0,4.0,1.0,512.0,2.0,1.0,1.0,1.0,1.0,1.0,1.0,1.0,2.0,5.0,2.0,5.0,1.0,4.0,3.0,4.0,5.0,1.0,2.0,3.0,6.0,3.0,5.0,2.0,6.0,5.0,32.0,16.0,1.0,1024.0,2.0,1.0,1.0,1.0,1.0,1.0,1.0,1.0,6.0,5.0,6.0,1.0,5.0,5.0,2.0,1.0,5.0,6.0,4.0,2.0,1.0,3.0,5.0,5.0,6.0,5.0,2.0,4.0,1.0,2.0,256.0,1.0,1.0,1.0,1.0,1.0,1.0,1.0,66633882.0,7149205.26,2451890000.0,10.019519999999998,1848.0,514.0,28288.0,476379299688619.3,26.980815,10.843487999999999,107.6,5769.6
16000.0,16000.0,256.0,64.0,2.0,14.0,38.0,30.0,6.0,5.0,3.0,2.0,1.0,1.0,5.0,5.0,1.0,3.0,2.0,4.0,5.0,3.0,3.0,5.0,3.0,6.0,3.0,4.0,6.0,6.0,2.0,1.0,8.0,64.0,1.0,256.0,512.0,1.0,1.0,1.0,1.0,1.0,1.0,1.0,6.0,4.0,5.0,6.0,4.0,5.0,4.0,2.0,5.0,5.0,4.0,1.0,6.0,5.0,6.0,3.0,6.0,3.0,16.0,32.0,1.0,64.0,128.0,1.0,16.0,64.0,1.0,1.0,1.0,1.0,4.0,4.0,5.0,4.0,5.0,2.0,1.0,1.0,1.0,6.0,4.0,3.0,6.0,2.0,3.0,4.0,5.0,6.0,16.0,32.0,1.0,32.0,4.0,1.0,4.0,4.0,1.0,1.0,1.0,1.0,1.0,6.0,4.0,5.0,6.0,1.0,2.0,1.0,2.0,1.0,3.0,1.0,2.0,1.0,5.0,1.0,1.0,2.0,512.0,16.0,1.0,512.0,2.0,1.0,1.0,1.0,1.0,1.0,1.0,1.0,5.0,1.0,6.0,4.0,3.0,5.0,6.0,5.0,6.0,6.0,2.0,4.0,5.0,3.0,4.0,3.0,1.0,6.0,512.0,2.0,1.0,512.0,8.0,1.0,1.0,1.0,1.0,1.0,1.0,1.0,3.0,1.0,3.0,5.0,6.0,1.0,5.0,6.0,1.0,1.0,6.0,4.0,5.0,2.0,3.0,5.0,6.0,5.0,512.0,1.0,1.0,128.0,128.0,1.0,1.0,1.0,1.0,1.0,1.0,1.0,9598842.0,4128269.3799999994,1101530000.0,5.924624000000001,1140.0,514.0,299008.0,39626605512057.95,158.81816999999998,6.469808700000001,107.6,31126.4
4096.0,4096000.0,256.0,64.0,1.0,48.0,22.0,40.0,4.0,2.0,6.0,3.0,6.0,2.0,5.0,6.0,2.0,1.0,4.0,1.0,4.0,2.0,3.0,6.0,4.0,3.0,4.0,5.0,4.0,3.0,1.0,1.0,1.0,64.0,1.0,256.0,128.0,1.0,1.0,1.0,1.0,1.0,1.0,1.0,5.0,4.0,1.0,4.0,2.0,6.0,6.0,4.0,6.0,5.0,4.0,1.0,6.0,2.0,5.0,3.0,4.0,3.0,16.0,32.0,1.0,16.0,64.0,1.0,16.0,64.0,1.0,1.0,1.0,1.0,5.0,2.0,1.0,4.0,3.0,1.0,6.0,6.0,6.0,3.0,5.0,1.0,6.0,5.0,5.0,2.0,5.0,3.0,1.0,2.0,1.0,128.0,32.0,1.0,2.0,4.0,1.0,1.0,1.0,1.0,3.0,4.0,3.0,5.0,1.0,2.0,4.0,3.0,2.0,6.0,1.0,2.0,1.0,6.0,1.0,6.0,2.0,6.0,512.0,2.0,1.0,2.0,64.0,1.0,1.0,1.0,1.0,1.0,1.0,1.0,1.0,4.0,1.0,1.0,6.0,2.0,1.0,2.0,6.0,4.0,5.0,1.0,3.0,6.0,4.0,2.0,4.0,2.0,64.0,512.0,1.0,16.0,2048.0,1.0,1.0,1.0,1.0,1.0,1.0,1.0,6.0,4.0,2.0,1.0,2.0,1.0,4.0,3.0,1.0,5.0,1.0,5.0,4.0,6.0,6.0,6.0,3.0,1.0,8.0,2.0,1.0,4.0,8.0,1.0,1.0,1.0,1.0,1.0,1.0,1.0,2419064952.0,26210304.000000004,16944000.0,0.19134060000000003,40.0,514.0,514.0,6.3404427787665416e+16,25.8,25.80392,107.6,232.4
128000.0,16000.0,256.0,64.0,1.0,22.0,8.0,18.0,1.0,4.0,5.0,4.0,5.0,6.0,3.0,1.0,3.0,6.0,6.0,3.0,2.0,2.0,5.0,6.0,2.0,1.0,3.0,1.0,3.0,5.0,3.0,3.0,4.0,2.0,1.0,24.0,128.0,1.0,1.0,1.0,1.0,1.0,1.0,1.0,4.0,6.0,1.0,2.0,5.0,2.0,2.0,4.0,3.0,3.0,6.0,1.0,4.0,6.0,6.0,4.0,2.0,3.0,1.0,8.0,1.0,32.0,1.0,1.0,16.0,32.0,1.0,1.0,1.0,1.0,6.0,2.0,1.0,5.0,5.0,1.0,2.0,2.0,6.0,3.0,5.0,3.0,1.0,6.0,6.0,3.0,2.0,4.0,1.0,128.0,1.0,1.0,64.0,1.0,4.0,4.0,1.0,1.0,1.0,1.0,2.0,4.0,6.0,2.0,1.0,4.0,3.0,1.0,2.0,6.0,4.0,3.0,6.0,2.0,4.0,6.0,1.0,6.0,32.0,4.0,1.0,64.0,1.0,1.0,1.0,1.0,1.0,1.0,1.0,1.0,2.0,2.0,1.0,4.0,2.0,4.0,6.0,3.0,2.0,3.0,1.0,1.0,3.0,6.0,4.0,5.0,3.0,4.0,2.0,4.0,1.0,4.0,1.0,1.0,1.0,1.0,1.0,1.0,1.0,1.0,2.0,1.0,5.0,2.0,3.0,5.0,6.0,4.0,3.0,6.0,1.0,1.0,4.0,3.0,1.0,6.0,1.0,5.0,1.0,512.0,1.0,2.0,16.0,1.0,1.0,1.0,1.0,1.0,1.0,1.0,2516582520.0,19546236.0,7832000.0,0.08936231999999997,18.0,514.0,514.0,4.918971584939472e+16,1.0,1.7910190000000006,107.6,107.6
1024000.0,8192000.0,256.0,64.0,2.0,22.0,46.0,14.0,6.0,6.0,1.0,5.0,5.0,5.0,1.0,1.0,4.0,4.0,2.0,6.0,4.0,6.0,4.0,5.0,3.0,6.0,6.0,2.0,1.0,5.0,4.0,6.0,16.0,256.0,1.0,32.0,12.0,1.0,1.0,1.0,1.0,1.0,1.0,1.0,4.0,1.0,1.0,6.0,4.0,4.0,3.0,3.0,3.0,5.0,3.0,4.0,3.0,1.0,5.0,4.0,5.0,3.0,16.0,16.0,1.0,16.0,1.0,1.0,64.0,4.0,1.0,1.0,1.0,1.0,1.0,3.0,4.0,4.0,4.0,4.0,1.0,1.0,2.0,6.0,2.0,4.0,3.0,2.0,6.0,2.0,1.0,5.0,64.0,128.0,1.0,32.0,1.0,1.0,1.0,4.0,1.0,1.0,1.0,1.0,4.0,1.0,1.0,4.0,1.0,4.0,6.0,1.0,4.0,6.0,2.0,4.0,3.0,4.0,3.0,2.0,2.0,1.0,4.0,128.0,1.0,8.0,32.0,1.0,1.0,1.0,1.0,1.0,1.0,1.0,6.0,4.0,2.0,4.0,3.0,6.0,2.0,6.0,6.0,6.0,5.0,1.0,4.0,3.0,5.0,6.0,5.0,6.0,32.0,16.0,1.0,1.0,1024.0,1.0,1.0,1.0,1.0,1.0,1.0,1.0,1.0,5.0,6.0,6.0,2.0,4.0,2.0,3.0,1.0,4.0,5.0,5.0,4.0,1.0,3.0,1.0,1.0,2.0,256.0,64.0,1.0,8.0,32.0,1.0,1.0,1.0,1.0,1.0,1.0,1.0,68837880.0,4368100.6499999985,459852000.0,3.303976499999999,644.0,514.0,559104.0,300690788372621.9,53.066649999999996,2.7796957,107.6,44964.0
32000.0,64000.0,256.0,64.0,2.0,44.0,22.0,18.0,3.0,5.0,1.0,3.0,5.0,6.0,5.0,2.0,6.0,5.0,2.0,1.0,5.0,2.0,6.0,2.0,2.0,3.0,1.0,2.0,3.0,2.0,2.0,3.0,256.0,8.0,1.0,4.0,32.0,1.0,1.0,1.0,1.0,1.0,1.0,1.0,4.0,4.0,6.0,4.0,3.0,4.0,5.0,1.0,2.0,5.0,4.0,2.0,2.0,3.0,3.0,6.0,1.0,5.0,4.0,1.0,1.0,16.0,64.0,1.0,32.0,64.0,1.0,1.0,1.0,1.0,6.0,2.0,1.0,6.0,3.0,2.0,5.0,5.0,2.0,2.0,1.0,6.0,5.0,2.0,5.0,1.0,3.0,2.0,1.0,2.0,1.0,2.0,4.0,1.0,16.0,16.0,1.0,1.0,1.0,1.0,6.0,5.0,6.0,2.0,3.0,3.0,4.0,2.0,6.0,2.0,6.0,3.0,4.0,4.0,4.0,6.0,5.0,3.0,32.0,1.0,1.0,1.0,4.0,1.0,1.0,1.0,1.0,1.0,1.0,1.0,3.0,6.0,4.0,6.0,6.0,1.0,1.0,5.0,2.0,3.0,5.0,3.0,4.0,1.0,4.0,5.0,4.0,4.0,1.0,4.0,1.0,32.0,8.0,1.0,1.0,1.0,1.0,1.0,1.0,1.0,1.0,6.0,6.0,6.0,6.0,2.0,6.0,1.0,3.0,5.0,3.0,5.0,5.0,2.0,4.0,6.0,5.0,4.0,1024.0,128.0,1.0,512.0,1.0,1.0,1.0,1.0,1.0,1.0,1.0,1.0,1290830352.0,9540940.0,232973000.0,1.9039555000000004,396.0,514.0,33280.0,1.231573493861088e+16,7.9,7.430200274000001,107.6,2450.5
32000.0,32000000.0,256.0,64.0,3.0,28.0,12.0,38.0,4.0,4.0,1.0,3.0,4.0,6.0,5.0,6.0,4.0,2.0,5.0,4.0,2.0,2.0,4.0,2.0,5.0,1.0,2.0,5.0,4.0,1.0,2.0,6.0,1.0,8.0,1.0,256.0,16.0,1.0,1.0,1.0,1.0,1.0,1.0,1.0,1.0,2.0,3.0,1.0,4.0,5.0,4.0,5.0,5.0,1.0,1.0,5.0,2.0,4.0,4.0,6.0,6.0,5.0,64.0,2.0,1.0,128.0,1.0,1.0,64.0,4.0,1.0,1.0,1.0,1.0,6.0,1.0,3.0,4.0,1.0,6.0,6.0,1.0,4.0,6.0,5.0,3.0,3.0,5.0,4.0,1.0,2.0,1.0,128.0,8.0,1.0,1.0,16.0,1.0,4.0,2.0,1.0,1.0,1.0,1.0,6.0,6.0,1.0,4.0,2.0,2.0,2.0,4.0,3.0,3.0,1.0,3.0,4.0,6.0,6.0,4.0,5.0,6.0,8.0,512.0,1.0,128.0,512.0,1.0,1.0,1.0,1.0,1.0,1.0,1.0,5.0,2.0,3.0,6.0,4.0,2.0,5.0,5.0,5.0,5.0,5.0,3.0,5.0,1.0,6.0,2.0,3.0,5.0,8.0,512.0,1.0,16.0,16.0,1.0,1.0,1.0,1.0,1.0,1.0,1.0,1.0,1.0,6.0,3.0,5.0,4.0,4.0,3.0,6.0,4.0,5.0,6.0,3.0,1.0,6.0,1.0,3.0,2.0,512.0,64.0,1.0,4.0,256.0,1.0,1.0,1.0,1.0,1.0,1.0,1.0,47326104.0,4293310.0200000005,87988700000.0,130.4563,12768.0,514.0,786432.0,203185636510762.1,41.06668,1.701692,107.6,91904.0
32000.0,32000000.0,256.0,64.0,3.0,26.0,26.0,24.0,4.0,5.0,2.0,3.0,6.0,3.0,6.0,3.0,3.0,3.0,6.0,3.0,4.0,3.0,6.0,5.0,5.0,2.0,2.0,2.0,1.0,4.0,6.0,5.0,4.0,1.0,1.0,16.0,48.0,1.0,1.0,1.0,1.0,1.0,1.0,1.0,3.0,3.0,1.0,2.0,4.0,6.0,5.0,4.0,4.0,4.0,6.0,6.0,5.0,3.0,5.0,5.0,2.0,3.0,8.0,64.0,1.0,4.0,16.0,1.0,4.0,1.0,1.0,1.0,1.0,1.0,1.0,2.0,1.0,1.0,6.0,2.0,4.0,4.0,6.0,1.0,1.0,5.0,2.0,6.0,1.0,6.0,5.0,3.0,32.0,8.0,1.0,4.0,16.0,1.0,16.0,64.0,1.0,1.0,1.0,1.0,4.0,3.0,1.0,1.0,6.0,2.0,5.0,1.0,3.0,4.0,1.0,5.0,2.0,6.0,1.0,2.0,1.0,1.0,16.0,1.0,1.0,128.0,512.0,1.0,1.0,1.0,1.0,1.0,1.0,1.0,1.0,4.0,1.0,2.0,2.0,2.0,5.0,4.0,4.0,1.0,1.0,1.0,1.0,4.0,2.0,5.0,6.0,6.0,32.0,1.0,1.0,1.0,64.0,1.0,1.0,1.0,1.0,1.0,1.0,1.0,2.0,3.0,4.0,1.0,3.0,3.0,5.0,6.0,1.0,4.0,1.0,6.0,3.0,1.0,6.0,1.0,4.0,6.0,64.0,512.0,1.0,512.0,64.0,1.0,1.0,1.0,1.0,1.0,1.0,1.0,298142562.0,4792883.92,140379000000.0,190.112,16224.0,514.0,786432.0,1428962691277403.0,35.550015,1.66401315,107.6,52960.0
1024.0,32000000.0,256.0,64.0,2.0,46.0,40.0,46.0,2.0,2.0,2.0,5.0,6.0,1.0,1.0,4.0,1.0,6.0,4.0,3.0,6.0,4.0,4.0,3.0,5.0,6.0,5.0,4.0,6.0,4.0,3.0,1.0,1.0,32.0,1.0,64.0,1536.0,1.0,1.0,1.0,1.0,1.0,1.0,1.0,3.0,6.0,4.0,5.0,2.0,2.0,6.0,6.0,4.0,3.0,2.0,6.0,2.0,6.0,4.0,1.0,1.0,5.0,8.0,64.0,1.0,32.0,8.0,1.0,2.0,8.0,1.0,1.0,1.0,1.0,6.0,5.0,6.0,4.0,2.0,2.0,1.0,5.0,1.0,2.0,2.0,6.0,1.0,3.0,6.0,4.0,3.0,2.0,16.0,2.0,1.0,128.0,4.0,1.0,64.0,8.0,1.0,1.0,1.0,1.0,2.0,6.0,5.0,5.0,5.0,3.0,3.0,6.0,4.0,1.0,5.0,5.0,2.0,3.0,5.0,2.0,6.0,5.0,32.0,256.0,1.0,32.0,4.0,1.0,1.0,1.0,1.0,1.0,1.0,1.0,2.0,4.0,4.0,3.0,6.0,6.0,5.0,5.0,6.0,5.0,3.0,6.0,2.0,1.0,3.0,3.0,3.0,4.0,4.0,64.0,1.0,4.0,32.0,1.0,1.0,1.0,1.0,1.0,1.0,1.0,1.0,5.0,6.0,3.0,3.0,5.0,4.0,5.0,4.0,3.0,3.0,6.0,6.0,3.0,6.0,2.0,6.0,4.0,1024.0,1.0,1.0,32.0,2.0,1.0,1.0,1.0,1.0,1.0,1.0,1.0,2521387236.0,13095558.760000002,2433780000.0,9.955340999999999,1840.0,514.0,16768.0,3.301897470575199e+16,1.0,0.3730690499999999,107.6,1576.2
4096.0,16000.0,256.0,64.0,3.0,10.0,20.0,6.0,1.0,5.0,1.0,5.0,1.0,3.0,1.0,1.0,1.0,4.0,2.0,3.0,5.0,5.0,1.0,2.0,4.0,4.0,5.0,6.0,4.0,2.0,4.0,5.0,8.0,32.0,1.0,96.0,384.0,1.0,1.0,1.0,1.0,1.0,1.0,1.0,5.0,2.0,4.0,3.0,1.0,2.0,4.0,2.0,1.0,3.0,5.0,3.0,1.0,1.0,2.0,6.0,1.0,6.0,4.0,64.0,1.0,2.0,128.0,1.0,2.0,32.0,1.0,1.0,1.0,1.0,5.0,1.0,3.0,2.0,4.0,6.0,3.0,4.0,3.0,4.0,2.0,2.0,6.0,3.0,6.0,5.0,2.0,5.0,32.0,2.0,1.0,32.0,128.0,1.0,1.0,8.0,1.0,1.0,1.0,1.0,4.0,6.0,2.0,2.0,5.0,2.0,1.0,4.0,4.0,3.0,6.0,4.0,3.0,6.0,3.0,5.0,3.0,2.0,64.0,64.0,1.0,256.0,128.0,1.0,1.0,1.0,1.0,1.0,1.0,1.0,1.0,1.0,3.0,4.0,2.0,2.0,5.0,4.0,2.0,3.0,5.0,2.0,6.0,2.0,2.0,3.0,5.0,4.0,16.0,2.0,1.0,1.0,512.0,1.0,1.0,1.0,1.0,1.0,1.0,1.0,3.0,1.0,2.0,5.0,1.0,6.0,4.0,2.0,1.0,6.0,2.0,2.0,6.0,4.0,3.0,3.0,6.0,3.0,256.0,256.0,1.0,64.0,128.0,1.0,1.0,1.0,1.0,1.0,1.0,1.0,759719712.0,4123256.4400000004,1196170000.0,6.457050000000001,1200.0,514.0,462848.0,3132519195098945.5,1.5,0.0109375,107.6,87654.4
2048000.0,64000.0,256.0,64.0,2.0,16.0,40.0,40.0,1.0,4.0,3.0,2.0,3.0,3.0,5.0,3.0,5.0,5.0,5.0,2.0,1.0,6.0,1.0,4.0,4.0,6.0,2.0,5.0,5.0,5.0,6.0,6.0,4.0,4.0,1.0,24.0,16.0,1.0,1.0,1.0,1.0,1.0,1.0,1.0,2.0,5.0,2.0,6.0,3.0,1.0,6.0,5.0,3.0,3.0,3.0,6.0,2.0,1.0,2.0,6.0,6.0,5.0,64.0,16.0,1.0,64.0,32.0,1.0,1.0,4.0,1.0,1.0,1.0,1.0,3.0,1.0,1.0,1.0,3.0,1.0,1.0,5.0,5.0,4.0,3.0,2.0,6.0,2.0,6.0,4.0,6.0,1.0,8.0,1.0,1.0,16.0,16.0,1.0,16.0,4.0,1.0,1.0,1.0,1.0,5.0,6.0,5.0,1.0,2.0,6.0,1.0,4.0,2.0,1.0,2.0,4.0,4.0,6.0,3.0,1.0,5.0,3.0,2.0,32.0,1.0,128.0,16.0,1.0,1.0,1.0,1.0,1.0,1.0,1.0,6.0,5.0,5.0,5.0,2.0,5.0,6.0,5.0,3.0,4.0,2.0,1.0,5.0,5.0,6.0,5.0,1.0,2.0,8.0,2.0,1.0,128.0,256.0,1.0,1.0,1.0,1.0,1.0,1.0,1.0,3.0,1.0,5.0,2.0,6.0,6.0,5.0,2.0,4.0,2.0,5.0,1.0,6.0,3.0,1.0,1.0,3.0,1.0,1024.0,128.0,1.0,32.0,8.0,1.0,1.0,1.0,1.0,1.0,1.0,1.0,114949548.0,6853858.319999999,1920790000.0,8.664046999999998,1600.0,514.0,500224.0,787847915940039.2,20.0,12.185567100000004,107.6,52009.6
512000.0,512000.0,256.0,64.0,3.0,32.0,36.0,8.0,1.0,6.0,5.0,2.0,3.0,6.0,3.0,5.0,1.0,6.0,4.0,4.0,4.0,6.0,4.0,2.0,4.0,4.0,3.0,1.0,3.0,1.0,2.0,4.0,16.0,4.0,1.0,8.0,32.0,1.0,1.0,1.0,1.0,1.0,1.0,1.0,6.0,3.0,2.0,1.0,4.0,4.0,3.0,5.0,4.0,2.0,3.0,1.0,1.0,4.0,4.0,1.0,2.0,6.0,1.0,32.0,1.0,1.0,8.0,1.0,32.0,8.0,1.0,1.0,1.0,1.0,1.0,2.0,3.0,6.0,2.0,4.0,1.0,6.0,6.0,5.0,2.0,3.0,2.0,3.0,2.0,4.0,2.0,4.0,2.0,8.0,1.0,1.0,64.0,1.0,1.0,2.0,1.0,1.0,1.0,1.0,1.0,6.0,2.0,1.0,4.0,3.0,5.0,3.0,4.0,2.0,1.0,5.0,1.0,5.0,5.0,1.0,1.0,4.0,32.0,256.0,1.0,8.0,64.0,1.0,1.0,1.0,1.0,1.0,1.0,1.0,2.0,3.0,2.0,6.0,4.0,4.0,2.0,1.0,5.0,5.0,1.0,6.0,3.0,3.0,4.0,6.0,2.0,1.0,16.0,128.0,1.0,128.0,128.0,1.0,1.0,1.0,1.0,1.0,1.0,1.0,5.0,2.0,2.0,4.0,5.0,5.0,4.0,1.0,5.0,1.0,2.0,3.0,6.0,6.0,5.0,5.0,2.0,3.0,1024.0,32.0,1.0,64.0,32.0,1.0,1.0,1.0,1.0,1.0,1.0,1.0,239923932.0,4211821.200000001,46828800000.0,80.17739499999999,9216.0,514.0,1425408.0,1010516703184958.6,54.8,1.0265625999999999,107.6,168870.4
256000.0,32000.0,256.0,64.0,3.0,28.0,46.0,42.0,2.0,2.0,6.0,5.0,5.0,4.0,3.0,5.0,2.0,3.0,1.0,4.0,6.0,1.0,5.0,6.0,6.0,1.0,5.0,2.0,3.0,4.0,6.0,6.0,256.0,4.0,1.0,2.0,64.0,1.0,1.0,1.0,1.0,1.0,1.0,1.0,1.0,2.0,4.0,3.0,2.0,4.0,6.0,2.0,3.0,2.0,5.0,4.0,4.0,3.0,6.0,3.0,1.0,6.0,1.0,64.0,1.0,32.0,128.0,1.0,1.0,4.0,1.0,1.0,1.0,1.0,1.0,1.0,2.0,3.0,2.0,3.0,4.0,3.0,6.0,2.0,1.0,6.0,2.0,1.0,4.0,1.0,1.0,5.0,16.0,16.0,1.0,64.0,1.0,1.0,32.0,4.0,1.0,1.0,1.0,1.0,2.0,3.0,3.0,2.0,2.0,1.0,3.0,4.0,1.0,5.0,6.0,6.0,2.0,2.0,2.0,5.0,4.0,6.0,32.0,512.0,1.0,16.0,1.0,1.0,1.0,1.0,1.0,1.0,1.0,1.0,6.0,3.0,4.0,3.0,2.0,5.0,6.0,1.0,4.0,4.0,5.0,3.0,4.0,1.0,3.0,5.0,1.0,5.0,256.0,8.0,1.0,1024.0,512.0,1.0,1.0,1.0,1.0,1.0,1.0,1.0,2.0,2.0,5.0,2.0,1.0,4.0,3.0,2.0,1.0,4.0,1.0,3.0,3.0,2.0,2.0,6.0,5.0,6.0,1024.0,16.0,1.0,256.0,256.0,1.0,1.0,1.0,1.0,1.0,1.0,1.0,2445392544.0,3959309.88,1512110000000.0,1531.3065,54096.0,514.0,851968.0,9682066859937534.0,7.4,0.0,107.6,127180.8
512000.0,64000.0,256.0,64.0,1.0,38.0,12.0,46.0,6.0,2.0,1.0,3.0,4.0,3.0,6.0,6.0,1.0,3.0,3.0,4.0,6.0,5.0,6.0,4.0,6.0,6.0,4.0,4.0,2.0,4.0,5.0,4.0,64.0,8.0,1.0,12.0,6.0,1.0,1.0,1.0,1.0,1.0,1.0,1.0,4.0,5.0,6.0,4.0,1.0,2.0,3.0,2.0,2.0,4.0,6.0,5.0,5.0,5.0,6.0,1.0,3.0,6.0,16.0,2.0,1.0,1.0,8.0,1.0,32.0,8.0,1.0,1.0,1.0,1.0,2.0,4.0,4.0,2.0,5.0,6.0,4.0,4.0,3.0,3.0,4.0,3.0,6.0,2.0,5.0,5.0,2.0,3.0,32.0,128.0,1.0,8.0,32.0,1.0,8.0,16.0,1.0,1.0,1.0,1.0,3.0,3.0,6.0,2.0,6.0,2.0,2.0,3.0,4.0,6.0,6.0,5.0,3.0,3.0,4.0,4.0,4.0,2.0,32.0,1.0,1.0,256.0,16.0,1.0,1.0,1.0,1.0,1.0,1.0,1.0,2.0,5.0,4.0,5.0,2.0,6.0,5.0,2.0,1.0,6.0,6.0,2.0,2.0,2.0,3.0,3.0,3.0,4.0,8.0,4.0,1.0,2048.0,16.0,1.0,1.0,1.0,1.0,1.0,1.0,1.0,3.0,3.0,5.0,1.0,4.0,2.0,5.0,3.0,5.0,3.0,2.0,4.0,4.0,2.0,2.0,3.0,4.0,6.0,2.0,2048.0,1.0,32.0,8.0,1.0,1.0,1.0,1.0,1.0,1.0,1.0,58196640.0,4810958.16,19515900.0,0.22723220000000005,46.0,514.0,12124.0,279981600092582.4,38.54224,30.108301,107.6,2573.6
512000.0,8192000.0,256.0,64.0,2.0,30.0,44.0,6.0,6.0,3.0,3.0,5.0,4.0,2.0,4.0,1.0,2.0,5.0,1.0,4.0,5.0,3.0,3.0,1.0,3.0,2.0,4.0,4.0,1.0,3.0,1.0,1.0,32.0,1.0,1.0,256.0,2.0,1.0,1.0,1.0,1.0,1.0,1.0,1.0,2.0,1.0,6.0,6.0,2.0,2.0,4.0,1.0,5.0,1.0,6.0,3.0,5.0,1.0,3.0,2.0,5.0,4.0,2.0,4.0,1.0,8.0,32.0,1.0,1.0,1.0,1.0,1.0,1.0,1.0,2.0,3.0,1.0,5.0,3.0,3.0,1.0,3.0,5.0,3.0,4.0,5.0,5.0,3.0,3.0,5.0,2.0,6.0,16.0,8.0,1.0,4.0,16.0,1.0,8.0,32.0,1.0,1.0,1.0,1.0,5.0,2.0,3.0,4.0,5.0,6.0,5.0,4.0,4.0,5.0,3.0,3.0,3.0,1.0,1.0,6.0,2.0,5.0,512.0,2.0,1.0,1.0,128.0,1.0,1.0,1.0,1.0,1.0,1.0,1.0,1.0,3.0,2.0,5.0,3.0,5.0,2.0,5.0,6.0,5.0,4.0,5.0,1.0,1.0,3.0,2.0,4.0,2.0,256.0,64.0,1.0,64.0,2.0,1.0,1.0,1.0,1.0,1.0,1.0,1.0,6.0,2.0,5.0,2.0,3.0,6.0,1.0,5.0,1.0,4.0,3.0,5.0,5.0,1.0,6.0,3.0,6.0,6.0,256.0,1024.0,1.0,128.0,128.0,1.0,1.0,1.0,1.0,1.0,1.0,1.0,225124728.0,4211971.52,137914000.0,1.471913,264.0,514.0,1081344.0,948218942783746.5,24.266669999999998,12.244176260000001,107.6,64216.0
512000.0,32000.0,256.0,64.0,1.0,16.0,14.0,30.0,2.0,4.0,6.0,3.0,1.0,5.0,4.0,1.0,6.0,5.0,6.0,2.0,6.0,5.0,4.0,6.0,3.0,5.0,4.0,2.0,6.0,3.0,4.0,2.0,16.0,2.0,1.0,768.0,512.0,1.0,1.0,1.0,1.0,1.0,1.0,1.0,2.0,2.0,2.0,5.0,1.0,6.0,5.0,4.0,2.0,2.0,5.0,2.0,1.0,5.0,2.0,3.0,6.0,4.0,1.0,64.0,1.0,2.0,64.0,1.0,16.0,32.0,1.0,1.0,1.0,1.0,6.0,3.0,2.0,2.0,5.0,6.0,6.0,2.0,6.0,3.0,3.0,3.0,2.0,6.0,5.0,4.0,1.0,4.0,16.0,128.0,1.0,64.0,8.0,1.0,16.0,4.0,1.0,1.0,1.0,1.0,2.0,5.0,4.0,6.0,5.0,4.0,1.0,6.0,1.0,3.0,1.0,6.0,5.0,6.0,1.0,2.0,2.0,1.0,512.0,64.0,1.0,8.0,4.0,1.0,1.0,1.0,1.0,1.0,1.0,1.0,1.0,3.0,2.0,4.0,6.0,6.0,1.0,6.0,2.0,5.0,5.0,2.0,2.0,2.0,4.0,3.0,4.0,4.0,2.0,256.0,1.0,16.0,32.0,1.0,1.0,1.0,1.0,1.0,1.0,1.0,1.0,1.0,1.0,6.0,3.0,3.0,3.0,3.0,2.0,2.0,5.0,4.0,2.0,2.0,4.0,6.0,6.0,2.0,2048.0,128.0,1.0,64.0,512.0,1.0,1.0,1.0,1.0,1.0,1.0,1.0,2420244600.0,16287206.399999999,12741000.0,0.14494120000000002,30.0,514.0,514.0,3.941902333868544e+16,18.973320000000005,19.764349999999997,107.6,200.4
128000.0,16000.0,256.0,64.0,3.0,46.0,18.0,2.0,2.0,3.0,4.0,1.0,1.0,5.0,4.0,3.0,5.0,6.0,6.0,2.0,4.0,4.0,5.0,1.0,3.0,3.0,3.0,2.0,2.0,1.0,6.0,1.0,32.0,16.0,1.0,128.0,384.0,1.0,1.0,1.0,1.0,1.0,1.0,1.0,1.0,1.0,1.0,3.0,6.0,1.0,2.0,6.0,3.0,3.0,6.0,1.0,5.0,3.0,5.0,4.0,3.0,1.0,4.0,32.0,1.0,16.0,64.0,1.0,64.0,128.0,1.0,1.0,1.0,1.0,6.0,5.0,5.0,4.0,4.0,6.0,1.0,4.0,4.0,3.0,2.0,5.0,6.0,6.0,4.0,4.0,4.0,5.0,2.0,32.0,1.0,1.0,32.0,1.0,32.0,4.0,1.0,1.0,1.0,1.0,3.0,5.0,2.0,4.0,6.0,5.0,1.0,1.0,5.0,1.0,2.0,6.0,1.0,4.0,3.0,2.0,1.0,5.0,4.0,32.0,1.0,1.0,256.0,1.0,1.0,1.0,1.0,1.0,1.0,1.0,5.0,6.0,3.0,5.0,1.0,5.0,4.0,2.0,1.0,5.0,6.0,1.0,4.0,1.0,4.0,4.0,1.0,6.0,512.0,32.0,1.0,4.0,32.0,1.0,1.0,1.0,1.0,1.0,1.0,1.0,2.0,5.0,2.0,3.0,5.0,6.0,6.0,2.0,1.0,2.0,4.0,1.0,4.0,3.0,3.0,2.0,2.0,2.0,4.0,64.0,1.0,1.0,32.0,1.0,1.0,1.0,1.0,1.0,1.0,1.0,1732989456.0,4184194.64,2035210000.0,8.942825000000001,1656.0,514.0,172032.0,7251165192971716.0,5.1,0.04091797,107.6,35020.8
2048000.0,16000000.0,256.0,64.0,3.0,46.0,32.0,28.0,1.0,6.0,5.0,4.0,3.0,6.0,5.0,1.0,2.0,2.0,4.0,6.0,4.0,5.0,1.0,5.0,1.0,5.0,2.0,6.0,1.0,6.0,5.0,1.0,16.0,32.0,1.0,2.0,32.0,1.0,1.0,1.0,1.0,1.0,1.0,1.0,6.0,6.0,2.0,4.0,3.0,4.0,3.0,6.0,5.0,3.0,6.0,5.0,4.0,3.0,6.0,4.0,4.0,5.0,64.0,2.0,1.0,1.0,128.0,1.0,4.0,128.0,1.0,1.0,1.0,1.0,3.0,5.0,4.0,5.0,6.0,6.0,4.0,2.0,1.0,2.0,3.0,3.0,3.0,1.0,3.0,1.0,2.0,6.0,64.0,128.0,1.0,2.0,32.0,1.0,2.0,1.0,1.0,1.0,1.0,1.0,2.0,2.0,6.0,6.0,5.0,4.0,1.0,5.0,1.0,6.0,3.0,2.0,2.0,3.0,5.0,5.0,6.0,3.0,64.0,4.0,1.0,2.0,1.0,1.0,1.0,1.0,1.0,1.0,1.0,1.0,4.0,2.0,1.0,4.0,4.0,3.0,6.0,1.0,5.0,6.0,1.0,4.0,3.0,6.0,6.0,4.0,6.0,2.0,128.0,8.0,1.0,4.0,512.0,1.0,1.0,1.0,1.0,1.0,1.0,1.0,1.0,3.0,4.0,4.0,1.0,2.0,2.0,4.0,1.0,3.0,3.0,6.0,1.0,1.0,5.0,2.0,3.0,4.0,32.0,512.0,1.0,512.0,512.0,1.0,1.0,1.0,1.0,1.0,1.0,1.0,1068166002.0,4013066.5599999996,881552000000.0,934.32005,41216.0,514.0,950272.0,4286621263155092.5,6.783334999999999,0.090625,107.6,153062.4
4096.0,128000.0,256.0,64.0,2.0,20.0,32.0,44.0,1.0,4.0,6.0,1.0,3.0,3.0,2.0,6.0,4.0,2.0,2.0,4.0,5.0,6.0,1.0,6.0,5.0,3.0,5.0,3.0,6.0,4.0,5.0,6.0,256.0,64.0,1.0,32.0,128.0,1.0,1.0,1.0,1.0,1.0,1.0,1.0,4.0,5.0,3.0,4.0,5.0,2.0,5.0,6.0,2.0,1.0,2.0,2.0,3.0,2.0,3.0,1.0,2.0,5.0,2.0,4.0,1.0,128.0,64.0,1.0,1.0,8.0,1.0,1.0,1.0,1.0,3.0,4.0,5.0,5.0,4.0,1.0,1.0,3.0,6.0,6.0,6.0,4.0,3.0,2.0,6.0,3.0,2.0,3.0,16.0,64.0,1.0,2.0,4.0,1.0,1.0,8.0,1.0,1.0,1.0,1.0,1.0,6.0,4.0,5.0,5.0,3.0,3.0,3.0,2.0,3.0,4.0,1.0,6.0,2.0,4.0,3.0,4.0,2.0,64.0,1.0,1.0,2.0,128.0,1.0,1.0,1.0,1.0,1.0,1.0,1.0,2.0,3.0,4.0,4.0,4.0,1.0,6.0,5.0,5.0,5.0,6.0,4.0,4.0,4.0,2.0,5.0,3.0,6.0,16.0,64.0,1.0,8.0,8.0,1.0,1.0,1.0,1.0,1.0,1.0,1.0,3.0,2.0,1.0,3.0,1.0,1.0,6.0,3.0,3.0,2.0,5.0,3.0,5.0,6.0,5.0,1.0,5.0,3.0,2.0,8.0,1.0,256.0,1.0,1.0,1.0,1.0,1.0,1.0,1.0,1.0,1030720200.0,7037090.36,1552570000.0,7.362913000000001,1408.0,514.0,28672.0,7253271183277272.0,437.35,175.44750389999996,107.6,4109.2
64000.0,128000.0,256.0,64.0,3.0,22.0,18.0,26.0,3.0,2.0,5.0,6.0,5.0,1.0,3.0,6.0,1.0,6.0,3.0,5.0,5.0,5.0,3.0,6.0,1.0,2.0,6.0,1.0,6.0,2.0,2.0,6.0,1.0,2.0,1.0,192.0,768.0,1.0,1.0,1.0,1.0,1.0,1.0,1.0,6.0,5.0,2.0,2.0,4.0,4.0,3.0,1.0,2.0,3.0,4.0,4.0,6.0,5.0,3.0,1.0,2.0,6.0,8.0,1.0,1.0,64.0,16.0,1.0,128.0,2.0,1.0,1.0,1.0,1.0,3.0,4.0,1.0,5.0,1.0,3.0,1.0,1.0,4.0,5.0,4.0,6.0,6.0,3.0,6.0,1.0,3.0,3.0,2.0,8.0,1.0,128.0,128.0,1.0,64.0,8.0,1.0,1.0,1.0,1.0,4.0,3.0,2.0,2.0,3.0,1.0,5.0,2.0,4.0,2.0,5.0,3.0,4.0,1.0,1.0,4.0,1.0,5.0,512.0,64.0,1.0,2.0,16.0,1.0,1.0,1.0,1.0,1.0,1.0,1.0,1.0,4.0,2.0,5.0,4.0,2.0,2.0,2.0,2.0,1.0,6.0,2.0,2.0,3.0,6.0,2.0,1.0,2.0,512.0,512.0,1.0,512.0,256.0,1.0,1.0,1.0,1.0,1.0,1.0,1.0,5.0,2.0,2.0,6.0,3.0,6.0,3.0,2.0,5.0,1.0,5.0,3.0,2.0,4.0,1.0,2.0,1.0,3.0,4.0,32.0,1.0,2.0,32.0,1.0,1.0,1.0,1.0,1.0,1.0,1.0,2426342802.0,5357191.86,57983100000.0,94.04663000000002,10296.0,514.0,786432.0,1.2998383908443992e+16,9.8,1.0763183699999999,107.6,73395.2
4096.0,256000.0,256.0,64.0,1.0,4.0,26.0,28.0,6.0,3.0,5.0,3.0,4.0,6.0,3.0,1.0,3.0,3.0,1.0,1.0,2.0,1.0,1.0,6.0,5.0,6.0,3.0,6.0,6.0,6.0,6.0,1.0,1.0,128.0,1.0,32.0,2.0,1.0,1.0,1.0,1.0,1.0,1.0,1.0,4.0,2.0,1.0,1.0,6.0,4.0,4.0,3.0,2.0,4.0,5.0,4.0,2.0,1.0,5.0,1.0,3.0,1.0,1.0,32.0,1.0,32.0,64.0,1.0,16.0,8.0,1.0,1.0,1.0,1.0,4.0,2.0,5.0,1.0,1.0,2.0,1.0,5.0,5.0,1.0,1.0,3.0,5.0,2.0,6.0,5.0,4.0,3.0,16.0,64.0,1.0,8.0,64.0,1.0,64.0,64.0,1.0,1.0,1.0,1.0,2.0,4.0,3.0,5.0,5.0,3.0,5.0,1.0,2.0,5.0,1.0,3.0,5.0,6.0,2.0,6.0,1.0,6.0,8.0,128.0,1.0,32.0,256.0,1.0,1.0,1.0,1.0,1.0,1.0,1.0,3.0,6.0,3.0,4.0,5.0,5.0,3.0,3.0,6.0,2.0,4.0,4.0,4.0,1.0,3.0,2.0,1.0,4.0,512.0,64.0,1.0,4.0,16.0,1.0,1.0,1.0,1.0,1.0,1.0,1.0,3.0,4.0,5.0,3.0,6.0,5.0,1.0,6.0,1.0,2.0,6.0,1.0,5.0,1.0,2.0,5.0,4.0,4.0,512.0,64.0,1.0,2.0,32.0,1.0,1.0,1.0,1.0,1.0,1.0,1.0,93192648.0,8511806.4,11913400.0,0.1404782,28.0,514.0,7480.0,793237777679347.2,24.199215000000002,21.549807500000004,107.6,1587.2
256.0,128000.0,256.0,64.0,3.0,28.0,20.0,2.0,1.0,4.0,1.0,5.0,5.0,3.0,6.0,4.0,6.0,4.0,3.0,5.0,5.0,1.0,2.0,3.0,3.0,2.0,5.0,2.0,2.0,6.0,3.0,5.0,256.0,256.0,1.0,64.0,1.0,1.0,1.0,1.0,1.0,1.0,1.0,1.0,4.0,1.0,6.0,2.0,4.0,3.0,5.0,2.0,4.0,6.0,3.0,3.0,2.0,4.0,6.0,3.0,5.0,3.0,64.0,8.0,1.0,32.0,4.0,1.0,8.0,64.0,1.0,1.0,1.0,1.0,3.0,2.0,5.0,1.0,2.0,3.0,6.0,5.0,1.0,1.0,3.0,6.0,4.0,5.0,4.0,3.0,5.0,2.0,8.0,4.0,1.0,8.0,4.0,1.0,16.0,8.0,1.0,1.0,1.0,1.0,2.0,6.0,4.0,6.0,4.0,5.0,5.0,2.0,4.0,5.0,6.0,4.0,1.0,2.0,6.0,4.0,5.0,5.0,2.0,16.0,1.0,1.0,32.0,1.0,1.0,1.0,1.0,1.0,1.0,1.0,2.0,5.0,6.0,3.0,1.0,5.0,3.0,5.0,5.0,6.0,3.0,6.0,2.0,3.0,2.0,5.0,1.0,5.0,512.0,4.0,1.0,2048.0,1.0,1.0,1.0,1.0,1.0,1.0,1.0,1.0,4.0,6.0,3.0,3.0,2.0,4.0,1.0,1.0,3.0,1.0,5.0,1.0,4.0,1.0,1.0,4.0,3.0,4.0,512.0,16.0,1.0,1.0,4.0,1.0,1.0,1.0,1.0,1.0,1.0,1.0,2469762126.0,4728984.680000001,1071060000.0,6.249347000000001,1120.0,514.0,2752512.0,1.1679467257098232e+16,1.8,0.11201153000000003,107.6,157644.8
4096.0,8192000.0,256.0,64.0,2.0,4.0,18.0,22.0,4.0,5.0,2.0,6.0,3.0,6.0,3.0,4.0,4.0,1.0,3.0,1.0,6.0,6.0,6.0,4.0,6.0,1.0,5.0,5.0,1.0,6.0,1.0,3.0,1.0,1.0,1.0,24.0,24.0,1.0,1.0,1.0,1.0,1.0,1.0,1.0,4.0,1.0,4.0,4.0,4.0,5.0,1.0,3.0,6.0,5.0,1.0,6.0,4.0,5.0,4.0,4.0,1.0,4.0,64.0,8.0,1.0,1.0,16.0,1.0,8.0,32.0,1.0,1.0,1.0,1.0,1.0,4.0,6.0,2.0,4.0,6.0,3.0,2.0,6.0,1.0,6.0,6.0,4.0,1.0,1.0,5.0,1.0,3.0,64.0,1.0,1.0,2.0,32.0,1.0,32.0,1.0,1.0,1.0,1.0,1.0,2.0,5.0,5.0,4.0,3.0,5.0,2.0,4.0,2.0,4.0,4.0,4.0,3.0,4.0,1.0,2.0,5.0,1.0,4.0,32.0,1.0,4.0,32.0,1.0,1.0,1.0,1.0,1.0,1.0,1.0,2.0,1.0,2.0,6.0,3.0,1.0,3.0,1.0,4.0,4.0,1.0,4.0,3.0,4.0,6.0,2.0,4.0,4.0,256.0,1.0,1.0,64.0,32.0,1.0,1.0,1.0,1.0,1.0,1.0,1.0,1.0,2.0,3.0,4.0,3.0,2.0,6.0,5.0,4.0,6.0,6.0,6.0,2.0,6.0,5.0,3.0,2.0,5.0,256.0,4.0,1.0,4.0,64.0,1.0,1.0,1.0,1.0,1.0,1.0,1.0,2543419536.0,11938298.819999998,232970000.0,1.899035,396.0,514.0,8512.0,3.0364102445393744e+16,1.0,0.7881581999999999,107.6,1024.0
128000.0,64000.0,256.0,64.0,1.0,46.0,26.0,16.0,3.0,3.0,3.0,6.0,2.0,5.0,6.0,3.0,6.0,4.0,6.0,2.0,1.0,2.0,2.0,3.0,5.0,2.0,2.0,1.0,1.0,5.0,2.0,2.0,2.0,64.0,1.0,3.0,8.0,1.0,1.0,1.0,1.0,1.0,1.0,1.0,3.0,2.0,5.0,6.0,1.0,1.0,5.0,5.0,1.0,1.0,2.0,6.0,2.0,2.0,1.0,3.0,6.0,3.0,8.0,32.0,1.0,32.0,128.0,1.0,4.0,128.0,1.0,1.0,1.0,1.0,1.0,2.0,3.0,2.0,5.0,2.0,1.0,2.0,5.0,1.0,2.0,1.0,5.0,5.0,5.0,2.0,1.0,6.0,32.0,128.0,1.0,8.0,64.0,1.0,4.0,8.0,1.0,1.0,1.0,1.0,4.0,5.0,5.0,3.0,3.0,5.0,4.0,6.0,6.0,1.0,6.0,2.0,5.0,1.0,6.0,2.0,6.0,5.0,128.0,4.0,1.0,32.0,16.0,1.0,1.0,1.0,1.0,1.0,1.0,1.0,4.0,1.0,3.0,2.0,5.0,1.0,5.0,4.0,4.0,2.0,3.0,4.0,1.0,1.0,5.0,2.0,5.0,1.0,4.0,256.0,1.0,2.0,8.0,1.0,1.0,1.0,1.0,1.0,1.0,1.0,2.0,5.0,3.0,2.0,6.0,4.0,1.0,6.0,3.0,2.0,6.0,5.0,3.0,6.0,4.0,5.0,4.0,1.0,1.0,8.0,1.0,16.0,1.0,1.0,1.0,1.0,1.0,1.0,1.0,1.0,2516582520.0,19082024.400000002,7028100.0,0.08016964000000001,16.0,514.0,514.0,4.8021489051253496e+16,1.0,1.0004629999999997,107.6,107.6
128000.0,8192000.0,256.0,64.0,1.0,16.0,4.0,14.0,2.0,3.0,4.0,6.0,5.0,5.0,5.0,1.0,5.0,4.0,6.0,5.0,1.0,5.0,6.0,4.0,2.0,5.0,2.0,3.0,2.0,6.0,4.0,5.0,64.0,128.0,1.0,8.0,64.0,1.0,1.0,1.0,1.0,1.0,1.0,1.0,2.0,5.0,1.0,2.0,2.0,2.0,1.0,6.0,5.0,5.0,6.0,4.0,3.0,1.0,2.0,4.0,3.0,6.0,32.0,1.0,1.0,16.0,64.0,1.0,1.0,16.0,1.0,1.0,1.0,1.0,6.0,4.0,5.0,6.0,6.0,2.0,4.0,1.0,2.0,5.0,1.0,3.0,5.0,5.0,2.0,6.0,1.0,4.0,32.0,2.0,1.0,128.0,4.0,1.0,2.0,4.0,1.0,1.0,1.0,1.0,4.0,6.0,2.0,4.0,5.0,3.0,5.0,5.0,4.0,1.0,6.0,4.0,3.0,5.0,2.0,4.0,6.0,4.0,1.0,2.0,1.0,4.0,64.0,1.0,1.0,1.0,1.0,1.0,1.0,1.0,1.0,6.0,1.0,6.0,5.0,3.0,5.0,4.0,5.0,5.0,1.0,3.0,1.0,2.0,5.0,6.0,4.0,4.0,1.0,512.0,1.0,8.0,2048.0,1.0,1.0,1.0,1.0,1.0,1.0,1.0,3.0,6.0,6.0,5.0,6.0,5.0,1.0,3.0,4.0,1.0,5.0,4.0,6.0,4.0,2.0,2.0,5.0,3.0,32.0,2.0,1.0,64.0,2.0,1.0,1.0,1.0,1.0,1.0,1.0,1.0,2516582520.0,22829138.400000006,6228280.0,0.07097709999999999,14.0,514.0,514.0,5.745141064410078e+16,1.0,1.0012419999999997,107.6,107.6
2048.0,64000.0,256.0,64.0,3.0,4.0,42.0,46.0,4.0,2.0,4.0,2.0,4.0,6.0,4.0,5.0,5.0,2.0,5.0,1.0,4.0,3.0,5.0,5.0,1.0,2.0,6.0,3.0,2.0,1.0,2.0,6.0,64.0,128.0,1.0,2.0,3.0,1.0,1.0,1.0,1.0,1.0,1.0,1.0,6.0,2.0,1.0,5.0,2.0,5.0,6.0,6.0,6.0,6.0,4.0,6.0,1.0,3.0,1.0,4.0,1.0,1.0,2.0,1.0,1.0,2.0,16.0,1.0,32.0,4.0,1.0,1.0,1.0,1.0,4.0,1.0,4.0,2.0,3.0,3.0,2.0,1.0,1.0,3.0,6.0,6.0,4.0,1.0,1.0,5.0,6.0,1.0,2.0,4.0,1.0,8.0,4.0,1.0,8.0,2.0,1.0,1.0,1.0,1.0,6.0,2.0,5.0,2.0,2.0,4.0,3.0,3.0,6.0,4.0,6.0,6.0,5.0,3.0,4.0,2.0,3.0,6.0,4.0,512.0,1.0,8.0,4.0,1.0,1.0,1.0,1.0,1.0,1.0,1.0,3.0,2.0,2.0,1.0,6.0,5.0,1.0,6.0,5.0,4.0,3.0,3.0,5.0,5.0,1.0,4.0,2.0,4.0,256.0,256.0,1.0,32.0,8.0,1.0,1.0,1.0,1.0,1.0,1.0,1.0,1.0,5.0,6.0,3.0,4.0,6.0,3.0,6.0,3.0,6.0,5.0,2.0,6.0,2.0,6.0,2.0,2.0,3.0,2048.0,16.0,1.0,64.0,512.0,1.0,1.0,1.0,1.0,1.0,1.0,1.0,1163596572.0,4828354.68,33408100000.0,62.2291,7728.0,514.0,2752512.0,5618256954048157.0,8.15,1.4502941500000002,107.6,151500.8
256000.0,64000.0,256.0,64.0,1.0,14.0,16.0,12.0,4.0,2.0,6.0,4.0,1.0,4.0,6.0,5.0,2.0,4.0,4.0,3.0,4.0,6.0,3.0,5.0,3.0,3.0,3.0,5.0,6.0,4.0,6.0,5.0,1.0,32.0,1.0,768.0,1536.0,1.0,1.0,1.0,1.0,1.0,1.0,1.0,1.0,4.0,3.0,4.0,1.0,5.0,4.0,1.0,6.0,5.0,5.0,3.0,2.0,4.0,3.0,6.0,3.0,4.0,2.0,8.0,1.0,128.0,2.0,1.0,32.0,4.0,1.0,1.0,1.0,1.0,1.0,2.0,4.0,5.0,2.0,5.0,3.0,6.0,6.0,4.0,5.0,4.0,3.0,6.0,3.0,1.0,3.0,5.0,32.0,8.0,1.0,16.0,32.0,1.0,64.0,64.0,1.0,1.0,1.0,1.0,5.0,6.0,1.0,4.0,1.0,1.0,2.0,4.0,1.0,1.0,2.0,3.0,6.0,5.0,3.0,1.0,4.0,2.0,1.0,256.0,1.0,256.0,4.0,1.0,1.0,1.0,1.0,1.0,1.0,1.0,4.0,5.0,4.0,2.0,3.0,4.0,2.0,2.0,1.0,6.0,4.0,5.0,2.0,2.0,5.0,3.0,5.0,3.0,32.0,128.0,1.0,2.0,1.0,1.0,1.0,1.0,1.0,1.0,1.0,1.0,1.0,2.0,2.0,5.0,2.0,1.0,2.0,6.0,5.0,3.0,4.0,3.0,3.0,1.0,1.0,4.0,4.0,6.0,16.0,64.0,1.0,2.0,128.0,1.0,1.0,1.0,1.0,1.0,1.0,1.0,2424963192.0,18167181.6,5432530.0,0.06190589999999999,12.0,514.0,514.0,4.405474668237967e+16,9.12124,9.581470999999999,107.6,142.8
2048000.0,128000.0,256.0,64.0,3.0,48.0,28.0,42.0,1.0,2.0,2.0,1.0,1.0,3.0,5.0,4.0,2.0,5.0,4.0,1.0,3.0,4.0,5.0,5.0,4.0,1.0,3.0,3.0,6.0,4.0,5.0,1.0,16.0,1.0,1.0,4.0,6.0,1.0,1.0,1.0,1.0,1.0,1.0,1.0,4.0,2.0,6.0,5.0,4.0,2.0,3.0,6.0,3.0,1.0,1.0,5.0,6.0,2.0,1.0,5.0,5.0,4.0,4.0,2.0,1.0,128.0,16.0,1.0,2.0,64.0,1.0,1.0,1.0,1.0,4.0,5.0,6.0,4.0,3.0,3.0,5.0,3.0,5.0,4.0,2.0,4.0,5.0,6.0,6.0,4.0,2.0,2.0,2.0,2.0,1.0,16.0,4.0,1.0,16.0,16.0,1.0,1.0,1.0,1.0,3.0,1.0,2.0,2.0,3.0,4.0,2.0,1.0,4.0,2.0,2.0,1.0,1.0,3.0,2.0,1.0,1.0,6.0,32.0,16.0,1.0,32.0,32.0,1.0,1.0,1.0,1.0,1.0,1.0,1.0,1.0,4.0,4.0,2.0,5.0,6.0,3.0,2.0,5.0,5.0,4.0,4.0,6.0,1.0,2.0,2.0,3.0,6.0,1.0,2.0,1.0,4.0,512.0,1.0,1.0,1.0,1.0,1.0,1.0,1.0,3.0,5.0,6.0,2.0,1.0,1.0,1.0,3.0,1.0,3.0,1.0,4.0,2.0,1.0,1.0,2.0,2.0,4.0,1.0,32.0,1.0,128.0,64.0,1.0,1.0,1.0,1.0,1.0,1.0,1.0,1043293260.0,6126251.840000001,1645510000000.0,1655.6555,56448.0,514.0,133632.0,6391477253734599.0,33.53,12.411456269999997,107.6,17776.0
2048000.0,8192000.0,256.0,64.0,2.0,30.0,2.0,12.0,1.0,2.0,3.0,3.0,4.0,4.0,5.0,1.0,5.0,2.0,5.0,2.0,4.0,6.0,2.0,4.0,6.0,5.0,2.0,3.0,5.0,4.0,5.0,2.0,256.0,1.0,1.0,256.0,4.0,1.0,1.0,1.0,1.0,1.0,1.0,1.0,6.0,2.0,4.0,3.0,3.0,1.0,2.0,2.0,6.0,4.0,3.0,3.0,5.0,4.0,5.0,3.0,4.0,6.0,16.0,2.0,1.0,2.0,16.0,1.0,64.0,4.0,1.0,1.0,1.0,1.0,1.0,3.0,2.0,6.0,6.0,3.0,4.0,6.0,4.0,3.0,3.0,4.0,3.0,5.0,6.0,4.0,2.0,5.0,32.0,1.0,1.0,16.0,32.0,1.0,8.0,1.0,1.0,1.0,1.0,1.0,2.0,6.0,1.0,6.0,5.0,3.0,4.0,6.0,5.0,3.0,4.0,6.0,4.0,4.0,1.0,4.0,1.0,3.0,4.0,32.0,1.0,8.0,2.0,1.0,1.0,1.0,1.0,1.0,1.0,1.0,1.0,5.0,3.0,1.0,6.0,4.0,6.0,5.0,5.0,5.0,3.0,2.0,2.0,3.0,3.0,1.0,4.0,5.0,128.0,2.0,1.0,512.0,1.0,1.0,1.0,1.0,1.0,1.0,1.0,1.0,3.0,4.0,5.0,3.0,5.0,1.0,3.0,1.0,2.0,1.0,5.0,4.0,2.0,3.0,5.0,6.0,3.0,6.0,1024.0,32.0,1.0,512.0,256.0,1.0,1.0,1.0,1.0,1.0,1.0,1.0,2527397028.0,10083174.0,10277500.0,0.1328823,24.0,514.0,90112.0,2.548418400040687e+16,1.0,0.66732185,107.6,4728.6
512000.0,4096000.0,256.0,64.0,2.0,42.0,40.0,42.0,2.0,4.0,4.0,3.0,6.0,2.0,4.0,3.0,1.0,1.0,3.0,5.0,3.0,4.0,1.0,2.0,2.0,1.0,1.0,6.0,3.0,6.0,5.0,6.0,2.0,8.0,1.0,512.0,3.0,1.0,1.0,1.0,1.0,1.0,1.0,1.0,4.0,4.0,6.0,1.0,1.0,4.0,5.0,2.0,1.0,4.0,4.0,1.0,5.0,4.0,2.0,5.0,4.0,5.0,32.0,8.0,1.0,4.0,32.0,1.0,32.0,16.0,1.0,1.0,1.0,1.0,1.0,3.0,1.0,1.0,2.0,1.0,6.0,1.0,5.0,1.0,3.0,6.0,4.0,3.0,1.0,5.0,1.0,5.0,16.0,8.0,1.0,4.0,8.0,1.0,8.0,4.0,1.0,1.0,1.0,1.0,6.0,4.0,2.0,1.0,2.0,6.0,6.0,1.0,6.0,3.0,2.0,2.0,5.0,4.0,4.0,6.0,2.0,1.0,16.0,16.0,1.0,8.0,16.0,1.0,1.0,1.0,1.0,1.0,1.0,1.0,4.0,1.0,2.0,4.0,6.0,2.0,2.0,3.0,6.0,3.0,1.0,6.0,1.0,2.0,3.0,2.0,2.0,5.0,128.0,64.0,1.0,2.0,64.0,1.0,1.0,1.0,1.0,1.0,1.0,1.0,3.0,2.0,6.0,4.0,3.0,2.0,1.0,6.0,6.0,3.0,6.0,5.0,5.0,3.0,3.0,3.0,1.0,6.0,64.0,16.0,1.0,64.0,256.0,1.0,1.0,1.0,1.0,1.0,1.0,1.0,680823216.0,8292362.46,2085230000.0,8.976451999999998,1680.0,514.0,22528.0,5645632878254871.0,5.45,1.0054138,107.6,2611.8
2048000.0,32000000.0,256.0,64.0,2.0,46.0,32.0,20.0,1.0,3.0,4.0,3.0,5.0,5.0,1.0,6.0,1.0,6.0,1.0,4.0,5.0,4.0,3.0,4.0,6.0,5.0,6.0,2.0,3.0,5.0,2.0,1.0,2.0,4.0,1.0,6.0,256.0,1.0,1.0,1.0,1.0,1.0,1.0,1.0,6.0,3.0,1.0,6.0,6.0,4.0,4.0,3.0,1.0,2.0,4.0,1.0,3.0,2.0,5.0,6.0,1.0,3.0,4.0,2.0,1.0,32.0,2.0,1.0,2.0,1.0,1.0,1.0,1.0,1.0,6.0,4.0,2.0,4.0,5.0,4.0,1.0,5.0,3.0,4.0,4.0,6.0,4.0,2.0,1.0,4.0,3.0,5.0,32.0,4.0,1.0,1.0,1.0,1.0,8.0,32.0,1.0,1.0,1.0,1.0,3.0,6.0,6.0,4.0,6.0,6.0,5.0,5.0,5.0,4.0,6.0,4.0,6.0,5.0,6.0,1.0,1.0,1.0,16.0,256.0,1.0,128.0,64.0,1.0,1.0,1.0,1.0,1.0,1.0,1.0,2.0,3.0,4.0,4.0,5.0,5.0,6.0,5.0,3.0,5.0,6.0,4.0,3.0,1.0,6.0,4.0,6.0,1.0,1.0,512.0,1.0,8.0,128.0,1.0,1.0,1.0,1.0,1.0,1.0,1.0,4.0,3.0,6.0,1.0,2.0,6.0,2.0,2.0,5.0,4.0,5.0,1.0,2.0,2.0,2.0,3.0,1.0,3.0,4.0,512.0,1.0,1.0,2.0,1.0,1.0,1.0,1.0,1.0,1.0,1.0,2533492428.0,10081224.819999997,455640000.0,3.1332185000000004,640.0,514.0,22528.0,2.5540706746435656e+16,1.0,0.6851478750000001,107.6,1452.0
2048000.0,16000000.0,256.0,64.0,3.0,36.0,12.0,16.0,1.0,1.0,3.0,4.0,3.0,1.0,4.0,6.0,1.0,3.0,5.0,3.0,2.0,2.0,1.0,1.0,2.0,1.0,5.0,6.0,3.0,2.0,3.0,6.0,16.0,1.0,1.0,96.0,96.0,1.0,1.0,1.0,1.0,1.0,1.0,1.0,4.0,3.0,5.0,2.0,5.0,5.0,2.0,6.0,6.0,3.0,6.0,3.0,1.0,4.0,1.0,3.0,5.0,4.0,64.0,8.0,1.0,128.0,128.0,1.0,4.0,4.0,1.0,1.0,1.0,1.0,6.0,6.0,4.0,1.0,5.0,2.0,2.0,2.0,2.0,4.0,1.0,3.0,1.0,6.0,4.0,3.0,2.0,6.0,2.0,64.0,1.0,128.0,128.0,1.0,1.0,8.0,1.0,1.0,1.0,1.0,5.0,5.0,5.0,2.0,6.0,4.0,4.0,3.0,2.0,4.0,6.0,3.0,3.0,2.0,6.0,1.0,2.0,5.0,1.0,16.0,1.0,4.0,64.0,1.0,1.0,1.0,1.0,1.0,1.0,1.0,5.0,5.0,5.0,4.0,1.0,6.0,1.0,1.0,2.0,4.0,1.0,1.0,4.0,2.0,2.0,5.0,1.0,4.0,16.0,512.0,1.0,256.0,4.0,1.0,1.0,1.0,1.0,1.0,1.0,1.0,2.0,2.0,2.0,1.0,5.0,6.0,4.0,4.0,2.0,3.0,4.0,6.0,2.0,2.0,3.0,4.0,4.0,1.0,32.0,4.0,1.0,8.0,2.0,1.0,1.0,1.0,1.0,1.0,1.0,1.0,2474002242.0,4256045.58,27006100000.0,52.862289999999994,6912.0,514.0,458752.0,1.052946630697419e+16,3.8,0.057275395,107.6,41139.2
32000.0,4096000.0,256.0,64.0,2.0,32.0,48.0,26.0,3.0,4.0,2.0,1.0,5.0,5.0,2.0,1.0,4.0,4.0,4.0,1.0,6.0,5.0,5.0,4.0,5.0,3.0,1.0,6.0,1.0,5.0,4.0,3.0,8.0,32.0,1.0,3.0,8.0,1.0,1.0,1.0,1.0,1.0,1.0,1.0,2.0,1.0,2.0,3.0,3.0,3.0,2.0,5.0,5.0,2.0,3.0,6.0,2.0,5.0,6.0,6.0,4.0,3.0,16.0,4.0,1.0,4.0,16.0,1.0,32.0,16.0,1.0,1.0,1.0,1.0,3.0,3.0,3.0,1.0,5.0,4.0,2.0,2.0,5.0,2.0,3.0,1.0,6.0,2.0,3.0,5.0,3.0,4.0,2.0,16.0,1.0,2.0,64.0,1.0,64.0,2.0,1.0,1.0,1.0,1.0,2.0,3.0,2.0,2.0,4.0,1.0,4.0,2.0,6.0,4.0,4.0,3.0,2.0,3.0,5.0,4.0,4.0,4.0,2.0,256.0,1.0,4.0,1.0,1.0,1.0,1.0,1.0,1.0,1.0,1.0,1.0,2.0,1.0,4.0,6.0,2.0,3.0,3.0,3.0,4.0,5.0,2.0,1.0,1.0,2.0,5.0,3.0,2.0,32.0,4.0,1.0,8.0,16.0,1.0,1.0,1.0,1.0,1.0,1.0,1.0,1.0,5.0,5.0,6.0,5.0,1.0,3.0,4.0,5.0,6.0,6.0,4.0,3.0,4.0,6.0,5.0,3.0,5.0,1024.0,1024.0,1.0,32.0,2.0,1.0,1.0,1.0,1.0,1.0,1.0,1.0,2524256460.0,6778634.92,1274500000.0,6.474449500000001,1248.0,514.0,266752.0,1.7111012986791584e+16,1.0,0.3594724000000001,107.6,13801.0
256.0,256000.0,256.0,64.0,3.0,16.0,14.0,24.0,6.0,3.0,3.0,3.0,2.0,5.0,5.0,4.0,2.0,3.0,1.0,2.0,2.0,3.0,2.0,4.0,6.0,6.0,6.0,5.0,6.0,5.0,4.0,5.0,8.0,512.0,1.0,6.0,1536.0,1.0,1.0,1.0,1.0,1.0,1.0,1.0,4.0,5.0,1.0,2.0,1.0,2.0,5.0,2.0,2.0,5.0,1.0,6.0,1.0,1.0,2.0,4.0,4.0,4.0,1.0,16.0,1.0,32.0,64.0,1.0,1.0,16.0,1.0,1.0,1.0,1.0,1.0,5.0,3.0,4.0,1.0,2.0,4.0,1.0,3.0,1.0,2.0,4.0,5.0,2.0,4.0,3.0,6.0,4.0,2.0,16.0,1.0,1.0,16.0,1.0,8.0,16.0,1.0,1.0,1.0,1.0,1.0,1.0,5.0,4.0,5.0,3.0,3.0,1.0,5.0,2.0,5.0,6.0,5.0,1.0,3.0,6.0,5.0,3.0,128.0,4.0,1.0,4.0,1.0,1.0,1.0,1.0,1.0,1.0,1.0,1.0,4.0,6.0,6.0,6.0,3.0,4.0,5.0,1.0,1.0,3.0,4.0,1.0,4.0,4.0,1.0,2.0,3.0,4.0,16.0,16.0,1.0,2.0,2048.0,1.0,1.0,1.0,1.0,1.0,1.0,1.0,1.0,5.0,4.0,3.0,4.0,6.0,4.0,1.0,3.0,4.0,6.0,5.0,6.0,1.0,6.0,1.0,5.0,2.0,256.0,1024.0,1.0,2.0,512.0,1.0,1.0,1.0,1.0,1.0,1.0,1.0,385639302.0,3928919.4,16797100000.0,38.55984,5376.0,514.0,2752512.0,1515145735030258.8,31.1,0.4390625,107.6,339609.6
2048000.0,512000.0,256.0,64.0,2.0,20.0,18.0,10.0,3.0,2.0,2.0,6.0,4.0,1.0,5.0,5.0,4.0,2.0,5.0,3.0,4.0,4.0,3.0,6.0,2.0,4.0,2.0,5.0,3.0,1.0,5.0,3.0,512.0,8.0,1.0,1.0,192.0,1.0,1.0,1.0,1.0,1.0,1.0,1.0,1.0,5.0,6.0,4.0,4.0,3.0,4.0,4.0,3.0,1.0,5.0,6.0,2.0,6.0,4.0,4.0,1.0,2.0,4.0,16.0,1.0,1.0,128.0,1.0,128.0,128.0,1.0,1.0,1.0,1.0,5.0,3.0,5.0,2.0,2.0,4.0,6.0,5.0,4.0,4.0,6.0,5.0,5.0,5.0,1.0,2.0,6.0,1.0,8.0,8.0,1.0,1.0,64.0,1.0,16.0,8.0,1.0,1.0,1.0,1.0,4.0,1.0,6.0,5.0,3.0,3.0,3.0,6.0,5.0,2.0,6.0,4.0,3.0,3.0,4.0,6.0,2.0,5.0,64.0,256.0,1.0,4.0,64.0,1.0,1.0,1.0,1.0,1.0,1.0,1.0,5.0,3.0,6.0,6.0,4.0,6.0,2.0,4.0,5.0,6.0,4.0,2.0,6.0,3.0,3.0,3.0,1.0,2.0,1.0,8.0,1.0,128.0,64.0,1.0,1.0,1.0,1.0,1.0,1.0,1.0,2.0,4.0,6.0,1.0,5.0,4.0,4.0,4.0,5.0,5.0,2.0,6.0,1.0,2.0,1.0,1.0,6.0,6.0,4.0,1.0,1.0,512.0,512.0,1.0,1.0,1.0,1.0,1.0,1.0,1.0,2518174140.0,11668683.52,86500900.0,0.8789926999999998,180.0,514.0,132352.0,2.9383777087908172e+16,1.0,0.5704902500000001,107.6,9047.2
512000.0,64000.0,256.0,64.0,1.0,22.0,42.0,30.0,5.0,2.0,3.0,4.0,6.0,2.0,1.0,1.0,1.0,5.0,1.0,1.0,3.0,1.0,5.0,2.0,5.0,3.0,4.0,1.0,5.0,1.0,6.0,2.0,256.0,2.0,1.0,192.0,32.0,1.0,1.0,1.0,1.0,1.0,1.0,1.0,1.0,3.0,1.0,2.0,2.0,3.0,3.0,4.0,1.0,4.0,3.0,1.0,6.0,6.0,4.0,1.0,5.0,5.0,8.0,8.0,1.0,8.0,4.0,1.0,128.0,128.0,1.0,1.0,1.0,1.0,4.0,6.0,6.0,4.0,3.0,5.0,4.0,3.0,6.0,6.0,5.0,1.0,2.0,4.0,2.0,3.0,4.0,1.0,64.0,4.0,1.0,8.0,4.0,1.0,8.0,1.0,1.0,1.0,1.0,1.0,4.0,4.0,4.0,2.0,4.0,2.0,5.0,6.0,1.0,2.0,6.0,4.0,3.0,5.0,5.0,4.0,4.0,6.0,512.0,512.0,1.0,2.0,16.0,1.0,1.0,1.0,1.0,1.0,1.0,1.0,3.0,4.0,5.0,3.0,2.0,1.0,4.0,1.0,2.0,6.0,2.0,5.0,5.0,1.0,6.0,4.0,3.0,4.0,64.0,128.0,1.0,256.0,64.0,1.0,1.0,1.0,1.0,1.0,1.0,1.0,1.0,5.0,4.0,1.0,3.0,4.0,6.0,3.0,4.0,3.0,3.0,6.0,3.0,3.0,2.0,2.0,2.0,3.0,2048.0,1024.0,1.0,128.0,512.0,1.0,1.0,1.0,1.0,1.0,1.0,1.0,2516582520.0,16272552.0,12741000.0,0.1446212,30.0,514.0,514.0,4.095121991899104e+16,1.0,1.0066139999999997,107.6,107.6
512.0,8192000.0,256.0,64.0,3.0,36.0,44.0,22.0,1.0,3.0,1.0,2.0,5.0,6.0,2.0,3.0,5.0,2.0,4.0,1.0,4.0,4.0,5.0,4.0,4.0,6.0,2.0,1.0,6.0,4.0,3.0,6.0,16.0,256.0,1.0,192.0,256.0,1.0,1.0,1.0,1.0,1.0,1.0,1.0,3.0,3.0,6.0,3.0,4.0,6.0,5.0,1.0,6.0,5.0,4.0,4.0,5.0,2.0,6.0,2.0,1.0,1.0,1.0,16.0,1.0,4.0,128.0,1.0,8.0,64.0,1.0,1.0,1.0,1.0,5.0,6.0,3.0,1.0,4.0,3.0,6.0,2.0,4.0,5.0,4.0,6.0,3.0,2.0,1.0,1.0,3.0,6.0,1.0,16.0,1.0,16.0,128.0,1.0,32.0,1.0,1.0,1.0,1.0,1.0,4.0,4.0,3.0,3.0,2.0,5.0,6.0,4.0,2.0,3.0,5.0,6.0,6.0,4.0,5.0,5.0,4.0,1.0,512.0,32.0,1.0,1.0,1.0,1.0,1.0,1.0,1.0,1.0,1.0,1.0,5.0,1.0,3.0,6.0,6.0,6.0,3.0,2.0,3.0,4.0,4.0,2.0,4.0,6.0,4.0,3.0,2.0,5.0,128.0,8.0,1.0,256.0,32.0,1.0,1.0,1.0,1.0,1.0,1.0,1.0,2.0,2.0,5.0,3.0,5.0,4.0,1.0,2.0,2.0,1.0,6.0,3.0,4.0,6.0,5.0,1.0,4.0,4.0,2048.0,8.0,1.0,128.0,64.0,1.0,1.0,1.0,1.0,1.0,1.0,1.0,338328348.0,3966047.2199999997,632262000000.0,692.6264,34848.0,514.0,1081344.0,1341826204032592.5,10.95,0.15768229,107.6,96320.0
2048000.0,64000.0,256.0,64.0,2.0,24.0,26.0,10.0,6.0,4.0,6.0,5.0,3.0,2.0,2.0,6.0,1.0,4.0,5.0,1.0,4.0,4.0,1.0,5.0,1.0,1.0,3.0,3.0,2.0,1.0,5.0,3.0,2.0,2.0,1.0,192.0,64.0,1.0,1.0,1.0,1.0,1.0,1.0,1.0,5.0,4.0,6.0,6.0,2.0,6.0,3.0,5.0,3.0,2.0,2.0,3.0,5.0,2.0,2.0,6.0,1.0,4.0,8.0,1.0,1.0,8.0,32.0,1.0,64.0,2.0,1.0,1.0,1.0,1.0,6.0,4.0,3.0,2.0,1.0,3.0,1.0,2.0,6.0,1.0,3.0,3.0,1.0,4.0,3.0,3.0,5.0,4.0,8.0,8.0,1.0,1.0,8.0,1.0,1.0,8.0,1.0,1.0,1.0,1.0,4.0,1.0,2.0,2.0,5.0,1.0,4.0,4.0,6.0,3.0,5.0,6.0,4.0,1.0,5.0,6.0,1.0,5.0,16.0,512.0,1.0,1.0,1.0,1.0,1.0,1.0,1.0,1.0,1.0,1.0,4.0,4.0,2.0,1.0,5.0,4.0,2.0,2.0,2.0,3.0,6.0,6.0,4.0,6.0,2.0,1.0,5.0,3.0,1.0,32.0,1.0,1024.0,2048.0,1.0,1.0,1.0,1.0,1.0,1.0,1.0,4.0,2.0,4.0,3.0,6.0,5.0,1.0,2.0,2.0,2.0,2.0,2.0,6.0,2.0,4.0,3.0,5.0,2.0,512.0,32.0,1.0,8.0,128.0,1.0,1.0,1.0,1.0,1.0,1.0,1.0,110261904.0,4610952.379999999,135229000.0,1.3523040000000004,260.0,514.0,322048.0,508412388672131.4,27.893345,7.49964445,107.6,35143.2
1024000.0,256000.0,256.0,64.0,1.0,46.0,14.0,4.0,5.0,3.0,1.0,3.0,4.0,4.0,4.0,3.0,1.0,4.0,2.0,2.0,2.0,1.0,2.0,4.0,5.0,1.0,1.0,1.0,4.0,5.0,3.0,6.0,1.0,512.0,1.0,8.0,96.0,1.0,1.0,1.0,1.0,1.0,1.0,1.0,5.0,4.0,1.0,1.0,4.0,3.0,4.0,5.0,3.0,5.0,2.0,1.0,2.0,6.0,2.0,5.0,2.0,4.0,16.0,4.0,1.0,2.0,8.0,1.0,128.0,1.0,1.0,1.0,1.0,1.0,2.0,4.0,3.0,4.0,2.0,5.0,4.0,4.0,3.0,3.0,3.0,3.0,5.0,1.0,1.0,3.0,4.0,6.0,8.0,2.0,1.0,8.0,16.0,1.0,16.0,32.0,1.0,1.0,1.0,1.0,3.0,3.0,4.0,5.0,1.0,5.0,3.0,6.0,2.0,1.0,6.0,3.0,6.0,6.0,6.0,2.0,2.0,5.0,256.0,512.0,1.0,4.0,64.0,1.0,1.0,1.0,1.0,1.0,1.0,1.0,1.0,5.0,1.0,5.0,6.0,2.0,5.0,6.0,4.0,3.0,1.0,4.0,5.0,1.0,6.0,3.0,4.0,4.0,16.0,8.0,1.0,2048.0,32.0,1.0,1.0,1.0,1.0,1.0,1.0,1.0,1.0,4.0,1.0,2.0,4.0,5.0,6.0,1.0,5.0,6.0,5.0,2.0,6.0,5.0,1.0,1.0,3.0,5.0,32.0,8.0,1.0,32.0,8.0,1.0,1.0,1.0,1.0,1.0,1.0,1.0,629145768.0,7255988.16,2290390.0,0.025581280000000005,4.0,514.0,1288.0,4565074243522107.0,4.0,3.4126840000000005,107.6,272.0
64000.0,128000.0,256.0,64.0,3.0,22.0,6.0,24.0,4.0,1.0,6.0,4.0,6.0,2.0,3.0,2.0,1.0,3.0,4.0,3.0,5.0,2.0,2.0,5.0,5.0,3.0,6.0,3.0,6.0,6.0,6.0,2.0,32.0,128.0,1.0,3.0,384.0,1.0,1.0,1.0,1.0,1.0,1.0,1.0,4.0,2.0,4.0,2.0,3.0,5.0,2.0,4.0,4.0,4.0,3.0,2.0,1.0,6.0,1.0,3.0,5.0,2.0,32.0,32.0,1.0,64.0,4.0,1.0,32.0,128.0,1.0,1.0,1.0,1.0,5.0,4.0,6.0,3.0,5.0,3.0,1.0,3.0,3.0,6.0,5.0,6.0,5.0,3.0,1.0,1.0,6.0,4.0,16.0,32.0,1.0,8.0,1.0,1.0,4.0,64.0,1.0,1.0,1.0,1.0,3.0,3.0,4.0,2.0,5.0,1.0,6.0,4.0,4.0,1.0,1.0,4.0,5.0,2.0,5.0,1.0,6.0,1.0,4.0,2.0,1.0,4.0,16.0,1.0,1.0,1.0,1.0,1.0,1.0,1.0,1.0,3.0,6.0,2.0,5.0,4.0,5.0,1.0,2.0,1.0,2.0,3.0,1.0,3.0,6.0,6.0,3.0,3.0,1.0,32.0,1.0,256.0,512.0,1.0,1.0,1.0,1.0,1.0,1.0,1.0,6.0,5.0,1.0,3.0,4.0,3.0,1.0,4.0,4.0,2.0,4.0,5.0,3.0,6.0,6.0,6.0,1.0,3.0,1.0,16.0,1.0,128.0,128.0,1.0,1.0,1.0,1.0,1.0,1.0,1.0,1757283234.0,4470172.88,6333780000.0,19.09467,3168.0,514.0,229376.0,7855359855105494.0,13.8,0.20670164,107.6,36102.4
512.0,2048000.0,256.0,64.0,3.0,44.0,32.0,40.0,4.0,5.0,3.0,3.0,6.0,1.0,3.0,2.0,4.0,3.0,2.0,3.0,3.0,6.0,2.0,1.0,1.0,6.0,5.0,4.0,2.0,3.0,4.0,4.0,32.0,2.0,1.0,32.0,48.0,1.0,1.0,1.0,1.0,1.0,1.0,1.0,4.0,3.0,2.0,5.0,5.0,4.0,5.0,4.0,2.0,6.0,3.0,5.0,1.0,6.0,2.0,2.0,2.0,5.0,1.0,16.0,1.0,64.0,16.0,1.0,8.0,128.0,1.0,1.0,1.0,1.0,2.0,1.0,4.0,3.0,5.0,3.0,2.0,6.0,2.0,5.0,4.0,2.0,6.0,1.0,4.0,3.0,5.0,2.0,32.0,128.0,1.0,16.0,64.0,1.0,2.0,1.0,1.0,1.0,1.0,1.0,5.0,5.0,1.0,2.0,1.0,6.0,6.0,5.0,3.0,3.0,3.0,2.0,6.0,2.0,5.0,5.0,2.0,6.0,32.0,4.0,1.0,4.0,512.0,1.0,1.0,1.0,1.0,1.0,1.0,1.0,1.0,5.0,3.0,5.0,3.0,3.0,4.0,2.0,1.0,4.0,1.0,6.0,6.0,2.0,3.0,6.0,6.0,4.0,128.0,8.0,1.0,2.0,8.0,1.0,1.0,1.0,1.0,1.0,1.0,1.0,2.0,4.0,3.0,1.0,6.0,1.0,4.0,6.0,4.0,3.0,5.0,2.0,2.0,5.0,5.0,1.0,6.0,4.0,1.0,16.0,1.0,8.0,8.0,1.0,1.0,1.0,1.0,1.0,1.0,1.0,1047973794.0,5118303.5,1638110000000.0,1648.7785,56320.0,514.0,172032.0,5363847937738479.0,61.05,12.357919989999997,107.6,27814.4
512.0,4096000.0,256.0,64.0,3.0,24.0,46.0,46.0,6.0,3.0,6.0,1.0,1.0,5.0,5.0,6.0,6.0,1.0,5.0,6.0,4.0,3.0,5.0,1.0,1.0,5.0,6.0,4.0,6.0,6.0,5.0,6.0,128.0,16.0,1.0,256.0,1.0,1.0,1.0,1.0,1.0,1.0,1.0,1.0,4.0,4.0,1.0,6.0,2.0,4.0,4.0,5.0,2.0,2.0,6.0,4.0,5.0,5.0,3.0,5.0,1.0,2.0,16.0,64.0,1.0,16.0,64.0,1.0,2.0,64.0,1.0,1.0,1.0,1.0,5.0,3.0,5.0,5.0,6.0,1.0,4.0,3.0,3.0,3.0,5.0,6.0,4.0,1.0,1.0,2.0,3.0,5.0,4.0,32.0,1.0,128.0,4.0,1.0,8.0,2.0,1.0,1.0,1.0,1.0,4.0,1.0,3.0,6.0,4.0,5.0,5.0,1.0,1.0,2.0,6.0,3.0,5.0,2.0,6.0,2.0,2.0,5.0,32.0,512.0,1.0,256.0,4.0,1.0,1.0,1.0,1.0,1.0,1.0,1.0,4.0,4.0,1.0,2.0,1.0,6.0,3.0,2.0,2.0,3.0,6.0,1.0,4.0,5.0,5.0,3.0,6.0,3.0,64.0,32.0,1.0,1024.0,16.0,1.0,1.0,1.0,1.0,1.0,1.0,1.0,6.0,5.0,1.0,6.0,2.0,3.0,3.0,6.0,4.0,6.0,2.0,5.0,5.0,3.0,1.0,2.0,2.0,6.0,2048.0,16.0,1.0,32.0,2.0,1.0,1.0,1.0,1.0,1.0,1.0,1.0,1263433800.0,3909286.6900000004,1333820000000.0,1364.0555,50784.0,514.0,1441792.0,4939124938036123.0,19.9,0.1,107.6,175718.4
128.0,2048000.0,256.0,64.0,3.0,12.0,26.0,18.0,4.0,6.0,6.0,4.0,4.0,3.0,4.0,1.0,2.0,4.0,6.0,2.0,3.0,6.0,3.0,2.0,6.0,6.0,5.0,4.0,4.0,4.0,3.0,3.0,16.0,8.0,1.0,16.0,192.0,1.0,1.0,1.0,1.0,1.0,1.0,1.0,4.0,6.0,6.0,5.0,2.0,1.0,2.0,1.0,3.0,5.0,5.0,6.0,2.0,3.0,1.0,1.0,4.0,1.0,4.0,32.0,1.0,4.0,2.0,1.0,2.0,8.0,1.0,1.0,1.0,1.0,6.0,3.0,5.0,1.0,5.0,6.0,2.0,5.0,5.0,1.0,4.0,5.0,1.0,4.0,6.0,6.0,4.0,1.0,8.0,4.0,1.0,64.0,4.0,1.0,2.0,16.0,1.0,1.0,1.0,1.0,4.0,4.0,5.0,6.0,2.0,2.0,4.0,1.0,5.0,3.0,1.0,1.0,3.0,5.0,1.0,3.0,5.0,5.0,8.0,512.0,1.0,4.0,2.0,1.0,1.0,1.0,1.0,1.0,1.0,1.0,1.0,3.0,5.0,5.0,3.0,1.0,4.0,1.0,2.0,4.0,5.0,5.0,2.0,4.0,3.0,5.0,5.0,4.0,16.0,512.0,1.0,8.0,64.0,1.0,1.0,1.0,1.0,1.0,1.0,1.0,2.0,1.0,1.0,1.0,5.0,6.0,2.0,2.0,4.0,5.0,3.0,1.0,5.0,1.0,1.0,3.0,3.0,2.0,128.0,4.0,1.0,16.0,2.0,1.0,1.0,1.0,1.0,1.0,1.0,1.0,36799164.0,4102612.0200000005,18233600000.0,39.976144999999995,5616.0,514.0,1114112.0,150972692552351.3,112.38802999999999,6.662930849999999,107.6,95232.0
2048.0,64000.0,256.0,64.0,3.0,24.0,40.0,24.0,5.0,4.0,4.0,4.0,6.0,5.0,6.0,4.0,5.0,1.0,5.0,5.0,4.0,6.0,3.0,5.0,1.0,1.0,5.0,5.0,6.0,3.0,3.0,1.0,4.0,32.0,1.0,4.0,512.0,1.0,1.0,1.0,1.0,1.0,1.0,1.0,6.0,5.0,1.0,3.0,3.0,2.0,2.0,6.0,3.0,2.0,6.0,3.0,3.0,5.0,5.0,1.0,4.0,2.0,8.0,64.0,1.0,4.0,2.0,1.0,1.0,8.0,1.0,1.0,1.0,1.0,3.0,1.0,2.0,4.0,1.0,2.0,3.0,2.0,6.0,3.0,3.0,5.0,4.0,5.0,6.0,3.0,5.0,2.0,2.0,64.0,1.0,2.0,1.0,1.0,4.0,2.0,1.0,1.0,1.0,1.0,6.0,1.0,5.0,2.0,6.0,2.0,1.0,6.0,3.0,1.0,4.0,4.0,1.0,3.0,4.0,6.0,4.0,2.0,128.0,64.0,1.0,1.0,128.0,1.0,1.0,1.0,1.0,1.0,1.0,1.0,5.0,6.0,4.0,3.0,1.0,6.0,1.0,2.0,6.0,2.0,2.0,2.0,6.0,2.0,3.0,1.0,6.0,4.0,32.0,16.0,1.0,512.0,2048.0,1.0,1.0,1.0,1.0,1.0,1.0,1.0,6.0,5.0,6.0,3.0,4.0,5.0,6.0,3.0,4.0,2.0,1.0,3.0,3.0,4.0,2.0,6.0,5.0,3.0,16.0,1.0,1.0,256.0,128.0,1.0,1.0,1.0,1.0,1.0,1.0,1.0,638018496.0,4417688.5600000005,279383000000.0,338.70025,23040.0,514.0,663552.0,2818567010847606.0,17.4,3.2651034,107.6,51539.2
512000.0,8192000.0,256.0,64.0,3.0,32.0,16.0,4.0,3.0,2.0,2.0,4.0,4.0,2.0,5.0,5.0,5.0,1.0,6.0,1.0,1.0,3.0,3.0,4.0,1.0,6.0,3.0,1.0,2.0,3.0,6.0,5.0,64.0,64.0,1.0,6.0,384.0,1.0,1.0,1.0,1.0,1.0,1.0,1.0,6.0,6.0,2.0,6.0,2.0,3.0,4.0,3.0,4.0,3.0,5.0,3.0,2.0,4.0,1.0,3.0,5.0,2.0,64.0,4.0,1.0,128.0,32.0,1.0,2.0,16.0,1.0,1.0,1.0,1.0,1.0,3.0,4.0,1.0,6.0,2.0,4.0,5.0,6.0,6.0,2.0,3.0,4.0,4.0,4.0,6.0,1.0,4.0,1.0,2.0,1.0,4.0,1.0,1.0,4.0,1.0,1.0,1.0,1.0,1.0,2.0,5.0,4.0,6.0,1.0,2.0,2.0,4.0,1.0,6.0,3.0,1.0,1.0,6.0,2.0,6.0,3.0,2.0,512.0,8.0,1.0,128.0,256.0,1.0,1.0,1.0,1.0,1.0,1.0,1.0,1.0,6.0,2.0,5.0,3.0,1.0,4.0,2.0,5.0,6.0,3.0,3.0,5.0,1.0,2.0,5.0,6.0,6.0,4.0,16.0,1.0,1024.0,4.0,1.0,1.0,1.0,1.0,1.0,1.0,1.0,4.0,4.0,5.0,1.0,5.0,6.0,1.0,2.0,4.0,3.0,3.0,3.0,2.0,1.0,4.0,6.0,2.0,1.0,4.0,1024.0,1.0,32.0,2.0,1.0,1.0,1.0,1.0,1.0,1.0,1.0,722596032.0,4377525.640000001,2925950000.0,11.508735000000003,2048.0,514.0,458752.0,3163182657442261.0,2.8,0.11091320000000002,107.6,71910.4
256000.0,512000.0,256.0,64.0,1.0,30.0,30.0,2.0,1.0,6.0,3.0,5.0,3.0,2.0,5.0,6.0,6.0,6.0,4.0,1.0,5.0,5.0,6.0,1.0,5.0,6.0,4.0,4.0,6.0,4.0,4.0,6.0,1.0,4.0,1.0,256.0,12.0,1.0,1.0,1.0,1.0,1.0,1.0,1.0,5.0,5.0,3.0,5.0,3.0,2.0,6.0,6.0,1.0,2.0,3.0,1.0,3.0,2.0,6.0,5.0,2.0,4.0,4.0,4.0,1.0,4.0,4.0,1.0,8.0,128.0,1.0,1.0,1.0,1.0,6.0,4.0,4.0,2.0,6.0,1.0,5.0,2.0,3.0,1.0,5.0,5.0,6.0,4.0,3.0,1.0,3.0,2.0,1.0,64.0,1.0,1.0,8.0,1.0,2.0,8.0,1.0,1.0,1.0,1.0,2.0,5.0,2.0,1.0,2.0,6.0,4.0,5.0,2.0,1.0,1.0,4.0,5.0,6.0,4.0,2.0,5.0,5.0,128.0,512.0,1.0,256.0,16.0,1.0,1.0,1.0,1.0,1.0,1.0,1.0,1.0,2.0,4.0,3.0,1.0,5.0,3.0,4.0,3.0,3.0,1.0,4.0,5.0,1.0,3.0,3.0,5.0,3.0,64.0,32.0,1.0,1.0,2048.0,1.0,1.0,1.0,1.0,1.0,1.0,1.0,2.0,3.0,5.0,5.0,3.0,2.0,2.0,2.0,5.0,3.0,2.0,3.0,5.0,1.0,4.0,1.0,5.0,5.0,64.0,4.0,1.0,1.0,2.0,1.0,1.0,1.0,1.0,1.0,1.0,1.0,1258291320.0,15686255.280000001,1518290.0,0.01601062,2.0,514.0,772.0,1.9737878862128172e+16,2.0,2.006248,107.6,162.4
128.0,256000.0,256.0,64.0,1.0,8.0,42.0,40.0,2.0,2.0,2.0,5.0,6.0,1.0,5.0,6.0,2.0,1.0,5.0,1.0,3.0,2.0,4.0,4.0,6.0,1.0,2.0,3.0,1.0,3.0,3.0,1.0,32.0,2.0,1.0,768.0,512.0,1.0,1.0,1.0,1.0,1.0,1.0,1.0,4.0,5.0,4.0,2.0,4.0,1.0,1.0,5.0,2.0,1.0,5.0,2.0,5.0,4.0,2.0,2.0,2.0,3.0,8.0,2.0,1.0,4.0,128.0,1.0,128.0,128.0,1.0,1.0,1.0,1.0,4.0,3.0,2.0,3.0,1.0,5.0,6.0,5.0,5.0,4.0,4.0,4.0,6.0,6.0,2.0,4.0,2.0,5.0,2.0,4.0,1.0,4.0,4.0,1.0,4.0,8.0,1.0,1.0,1.0,1.0,3.0,3.0,2.0,3.0,1.0,6.0,5.0,6.0,5.0,4.0,1.0,2.0,5.0,2.0,2.0,3.0,2.0,4.0,1.0,2.0,1.0,8.0,256.0,1.0,1.0,1.0,1.0,1.0,1.0,1.0,4.0,3.0,3.0,2.0,2.0,1.0,4.0,1.0,2.0,6.0,2.0,6.0,4.0,1.0,5.0,2.0,2.0,5.0,1.0,128.0,1.0,16.0,256.0,1.0,1.0,1.0,1.0,1.0,1.0,1.0,1.0,1.0,6.0,5.0,2.0,6.0,4.0,3.0,3.0,2.0,5.0,5.0,4.0,4.0,4.0,2.0,3.0,4.0,1024.0,512.0,1.0,8.0,64.0,1.0,1.0,1.0,1.0,1.0,1.0,1.0,2516582520.0,18144338.400000002,16944000.0,0.1909094,40.0,514.0,514.0,4.5661724854404776e+16,1.0,1.0004629999999997,107.6,107.6
128.0,16000.0,256.0,64.0,3.0,48.0,42.0,22.0,1.0,6.0,2.0,6.0,2.0,4.0,3.0,4.0,4.0,4.0,6.0,4.0,1.0,4.0,1.0,3.0,2.0,3.0,3.0,3.0,3.0,6.0,1.0,5.0,4.0,512.0,1.0,256.0,256.0,1.0,1.0,1.0,1.0,1.0,1.0,1.0,1.0,2.0,6.0,5.0,4.0,3.0,5.0,2.0,3.0,2.0,3.0,4.0,4.0,5.0,3.0,6.0,2.0,2.0,8.0,1.0,1.0,32.0,4.0,1.0,4.0,32.0,1.0,1.0,1.0,1.0,4.0,4.0,2.0,6.0,2.0,3.0,4.0,2.0,6.0,3.0,1.0,5.0,4.0,6.0,1.0,1.0,1.0,5.0,8.0,2.0,1.0,32.0,64.0,1.0,1.0,16.0,1.0,1.0,1.0,1.0,6.0,5.0,4.0,3.0,5.0,3.0,5.0,5.0,3.0,4.0,2.0,2.0,5.0,3.0,5.0,4.0,1.0,5.0,128.0,512.0,1.0,256.0,128.0,1.0,1.0,1.0,1.0,1.0,1.0,1.0,2.0,4.0,6.0,1.0,4.0,1.0,6.0,4.0,1.0,2.0,5.0,5.0,6.0,4.0,3.0,3.0,1.0,3.0,128.0,8.0,1.0,1.0,2.0,1.0,1.0,1.0,1.0,1.0,1.0,1.0,6.0,3.0,4.0,3.0,3.0,1.0,2.0,1.0,4.0,2.0,1.0,3.0,4.0,6.0,6.0,6.0,2.0,6.0,2.0,16.0,1.0,16.0,512.0,1.0,1.0,1.0,1.0,1.0,1.0,1.0,1063115796.0,4205835.4,1019510000000.0,1066.312,44352.0,514.0,2031616.0,4471290049115979.0,5.177274999999999,0.200461625,107.6,154521.6
1024.0,512000.0,256.0,64.0,3.0,36.0,12.0,14.0,5.0,3.0,2.0,4.0,1.0,6.0,3.0,2.0,5.0,6.0,3.0,2.0,3.0,5.0,3.0,6.0,5.0,5.0,5.0,5.0,3.0,2.0,4.0,6.0,4.0,2.0,1.0,384.0,4.0,1.0,1.0,1.0,1.0,1.0,1.0,1.0,5.0,5.0,4.0,5.0,5.0,1.0,5.0,3.0,4.0,1.0,4.0,5.0,2.0,4.0,2.0,5.0,6.0,1.0,2.0,1.0,1.0,128.0,8.0,1.0,32.0,8.0,1.0,1.0,1.0,1.0,3.0,4.0,6.0,2.0,6.0,6.0,1.0,2.0,5.0,5.0,2.0,1.0,3.0,3.0,1.0,6.0,5.0,4.0,128.0,64.0,1.0,128.0,16.0,1.0,32.0,1.0,1.0,1.0,1.0,1.0,4.0,1.0,6.0,3.0,4.0,4.0,1.0,5.0,4.0,3.0,6.0,5.0,4.0,3.0,4.0,5.0,6.0,5.0,8.0,4.0,1.0,2.0,128.0,1.0,1.0,1.0,1.0,1.0,1.0,1.0,3.0,4.0,6.0,4.0,2.0,5.0,2.0,2.0,3.0,5.0,2.0,4.0,4.0,4.0,1.0,6.0,2.0,4.0,512.0,8.0,1.0,1.0,2048.0,1.0,1.0,1.0,1.0,1.0,1.0,1.0,4.0,4.0,6.0,6.0,1.0,6.0,2.0,2.0,4.0,6.0,1.0,1.0,4.0,5.0,6.0,1.0,5.0,1.0,16.0,128.0,1.0,64.0,4.0,1.0,1.0,1.0,1.0,1.0,1.0,1.0,630148230.0,4789846.359999999,20967800000.0,44.43182,6048.0,514.0,2752512.0,3018313205725942.5,2.733335,0.42441429999999997,107.6,171059.2
256.0,1024000.0,256.0,64.0,1.0,48.0,18.0,8.0,5.0,3.0,2.0,6.0,3.0,4.0,1.0,1.0,2.0,5.0,1.0,6.0,2.0,4.0,5.0,4.0,3.0,6.0,2.0,3.0,5.0,1.0,5.0,6.0,4.0,1.0,1.0,512.0,96.0,1.0,1.0,1.0,1.0,1.0,1.0,1.0,2.0,3.0,3.0,2.0,4.0,3.0,3.0,1.0,5.0,5.0,3.0,6.0,3.0,1.0,6.0,3.0,3.0,5.0,4.0,1.0,1.0,1.0,64.0,1.0,128.0,64.0,1.0,1.0,1.0,1.0,6.0,4.0,4.0,2.0,5.0,6.0,6.0,3.0,5.0,4.0,6.0,1.0,3.0,2.0,4.0,3.0,4.0,1.0,8.0,64.0,1.0,16.0,1.0,1.0,32.0,1.0,1.0,1.0,1.0,1.0,5.0,1.0,2.0,4.0,5.0,5.0,2.0,3.0,3.0,6.0,5.0,2.0,5.0,6.0,6.0,6.0,1.0,3.0,512.0,8.0,1.0,4.0,16.0,1.0,1.0,1.0,1.0,1.0,1.0,1.0,5.0,4.0,1.0,2.0,1.0,4.0,1.0,1.0,4.0,3.0,6.0,2.0,6.0,5.0,2.0,6.0,1.0,1.0,8.0,2.0,1.0,256.0,2.0,1.0,1.0,1.0,1.0,1.0,1.0,1.0,6.0,3.0,5.0,2.0,4.0,6.0,5.0,2.0,4.0,3.0,3.0,5.0,1.0,5.0,3.0,4.0,4.0,5.0,512.0,1024.0,1.0,8.0,32.0,1.0,1.0,1.0,1.0,1.0,1.0,1.0,2516582520.0,22832730.0,3853260.0,0.04339928,8.0,514.0,514.0,5.74604492018796e+16,1.0,1.0073459999999999,107.6,107.6
16000.0,512000.0,256.0,64.0,2.0,4.0,28.0,30.0,1.0,1.0,5.0,5.0,2.0,2.0,6.0,1.0,4.0,1.0,6.0,5.0,1.0,6.0,4.0,3.0,2.0,4.0,1.0,6.0,1.0,1.0,1.0,1.0,64.0,2.0,1.0,32.0,256.0,1.0,1.0,1.0,1.0,1.0,1.0,1.0,1.0,6.0,2.0,1.0,5.0,3.0,1.0,2.0,5.0,2.0,1.0,1.0,6.0,5.0,2.0,6.0,1.0,1.0,32.0,16.0,1.0,2.0,1.0,1.0,16.0,16.0,1.0,1.0,1.0,1.0,2.0,4.0,3.0,4.0,4.0,4.0,3.0,4.0,6.0,1.0,4.0,4.0,1.0,4.0,3.0,5.0,1.0,2.0,8.0,8.0,1.0,2.0,8.0,1.0,2.0,64.0,1.0,1.0,1.0,1.0,4.0,2.0,2.0,5.0,1.0,1.0,4.0,1.0,3.0,4.0,5.0,4.0,3.0,5.0,4.0,1.0,5.0,1.0,64.0,2.0,1.0,2.0,128.0,1.0,1.0,1.0,1.0,1.0,1.0,1.0,5.0,4.0,4.0,5.0,1.0,3.0,2.0,3.0,2.0,4.0,2.0,2.0,4.0,2.0,4.0,6.0,3.0,4.0,64.0,64.0,1.0,1024.0,64.0,1.0,1.0,1.0,1.0,1.0,1.0,1.0,3.0,3.0,2.0,5.0,6.0,4.0,6.0,1.0,6.0,1.0,2.0,1.0,4.0,4.0,6.0,2.0,1.0,5.0,1.0,2.0,1.0,4.0,1.0,1.0,1.0,1.0,1.0,1.0,1.0,1.0,2432239950.0,9579965.14,683410000.0,4.1940275,840.0,514.0,40960.0,2.3300773933115344e+16,9.8,5.70541346,107.6,4781.3
2048.0,512000.0,256.0,64.0,2.0,48.0,28.0,18.0,1.0,1.0,2.0,5.0,5.0,3.0,5.0,2.0,4.0,5.0,1.0,2.0,5.0,6.0,5.0,1.0,6.0,1.0,5.0,6.0,4.0,3.0,5.0,2.0,4.0,512.0,1.0,8.0,12.0,1.0,1.0,1.0,1.0,1.0,1.0,1.0,3.0,2.0,4.0,4.0,1.0,6.0,2.0,3.0,3.0,6.0,2.0,2.0,4.0,1.0,4.0,5.0,6.0,6.0,16.0,4.0,1.0,8.0,64.0,1.0,4.0,2.0,1.0,1.0,1.0,1.0,3.0,6.0,6.0,6.0,1.0,2.0,1.0,4.0,4.0,4.0,3.0,6.0,6.0,1.0,5.0,5.0,2.0,6.0,2.0,8.0,1.0,16.0,1.0,1.0,64.0,1.0,1.0,1.0,1.0,1.0,6.0,3.0,5.0,3.0,2.0,6.0,3.0,4.0,2.0,3.0,1.0,3.0,2.0,1.0,3.0,4.0,3.0,3.0,128.0,512.0,1.0,512.0,4.0,1.0,1.0,1.0,1.0,1.0,1.0,1.0,4.0,6.0,3.0,2.0,1.0,5.0,6.0,1.0,4.0,5.0,2.0,4.0,6.0,2.0,6.0,6.0,6.0,2.0,128.0,16.0,1.0,2048.0,256.0,1.0,1.0,1.0,1.0,1.0,1.0,1.0,4.0,4.0,2.0,3.0,4.0,3.0,2.0,4.0,6.0,4.0,4.0,5.0,1.0,2.0,1.0,2.0,2.0,5.0,1.0,1024.0,1.0,32.0,8.0,1.0,1.0,1.0,1.0,1.0,1.0,1.0,2543473812.0,9944588.46,324050000.0,2.455227,504.0,514.0,77824.0,2.5293800319127412e+16,1.0,0.840853325,107.6,5953.6
64000.0,16000000.0,256.0,64.0,2.0,26.0,38.0,12.0,6.0,6.0,1.0,5.0,2.0,4.0,1.0,2.0,1.0,1.0,6.0,3.0,2.0,6.0,3.0,2.0,6.0,5.0,4.0,4.0,4.0,1.0,2.0,6.0,16.0,2.0,1.0,768.0,384.0,1.0,1.0,1.0,1.0,1.0,1.0,1.0,2.0,3.0,6.0,1.0,4.0,3.0,2.0,2.0,3.0,4.0,3.0,5.0,1.0,2.0,2.0,4.0,3.0,5.0,64.0,32.0,1.0,4.0,1.0,1.0,4.0,2.0,1.0,1.0,1.0,1.0,2.0,2.0,4.0,2.0,2.0,2.0,5.0,3.0,3.0,5.0,3.0,5.0,4.0,6.0,5.0,3.0,4.0,1.0,4.0,32.0,1.0,4.0,1.0,1.0,4.0,8.0,1.0,1.0,1.0,1.0,5.0,5.0,5.0,4.0,6.0,2.0,1.0,6.0,1.0,5.0,3.0,6.0,2.0,2.0,1.0,1.0,3.0,6.0,64.0,128.0,1.0,64.0,32.0,1.0,1.0,1.0,1.0,1.0,1.0,1.0,3.0,4.0,4.0,1.0,4.0,1.0,2.0,6.0,4.0,4.0,4.0,3.0,4.0,6.0,1.0,4.0,6.0,6.0,512.0,64.0,1.0,64.0,32.0,1.0,1.0,1.0,1.0,1.0,1.0,1.0,3.0,5.0,1.0,6.0,4.0,3.0,5.0,2.0,6.0,4.0,5.0,1.0,1.0,3.0,1.0,5.0,2.0,5.0,4.0,1024.0,1.0,512.0,32.0,1.0,1.0,1.0,1.0,1.0,1.0,1.0,42474834.0,4297629.8,282116000.0,2.2956365,456.0,514.0,176128.0,182541112348453.2,63.58093,12.429160349999997,107.6,29521.6
128.0,512000.0,256.0,64.0,3.0,4.0,44.0,18.0,6.0,4.0,5.0,3.0,2.0,6.0,4.0,2.0,1.0,4.0,2.0,2.0,5.0,2.0,3.0,6.0,2.0,4.0,3.0,5.0,4.0,5.0,6.0,2.0,1.0,128.0,1.0,4.0,1536.0,1.0,1.0,1.0,1.0,1.0,1.0,1.0,6.0,5.0,3.0,6.0,4.0,3.0,1.0,3.0,1.0,2.0,4.0,6.0,1.0,3.0,6.0,5.0,5.0,6.0,2.0,64.0,1.0,16.0,32.0,1.0,32.0,1.0,1.0,1.0,1.0,1.0,2.0,1.0,1.0,2.0,5.0,5.0,1.0,5.0,6.0,5.0,6.0,5.0,1.0,1.0,6.0,3.0,6.0,2.0,8.0,32.0,1.0,128.0,64.0,1.0,32.0,64.0,1.0,1.0,1.0,1.0,3.0,3.0,5.0,1.0,3.0,4.0,6.0,5.0,1.0,5.0,1.0,3.0,5.0,5.0,5.0,2.0,4.0,2.0,64.0,256.0,1.0,128.0,32.0,1.0,1.0,1.0,1.0,1.0,1.0,1.0,4.0,5.0,3.0,4.0,2.0,4.0,3.0,1.0,5.0,3.0,2.0,5.0,4.0,1.0,4.0,6.0,4.0,6.0,8.0,128.0,1.0,4.0,2.0,1.0,1.0,1.0,1.0,1.0,1.0,1.0,3.0,2.0,3.0,1.0,4.0,2.0,4.0,2.0,5.0,1.0,2.0,4.0,1.0,3.0,1.0,6.0,1.0,5.0,64.0,16.0,1.0,1.0,1.0,1.0,1.0,1.0,1.0,1.0,1.0,1.0,707764236.0,3928870.44,6333980000.0,19.522259999999996,3168.0,514.0,2097152.0,2780713985309584.0,26.7,0.40349121,107.6,160038.4
256000.0,32000000.0,256.0,64.0,2.0,12.0,20.0,10.0,1.0,1.0,6.0,1.0,3.0,3.0,1.0,6.0,1.0,4.0,3.0,6.0,4.0,1.0,6.0,5.0,2.0,3.0,3.0,2.0,2.0,4.0,3.0,4.0,8.0,8.0,1.0,8.0,32.0,1.0,1.0,1.0,1.0,1.0,1.0,1.0,6.0,5.0,1.0,4.0,3.0,6.0,2.0,5.0,4.0,5.0,5.0,2.0,4.0,6.0,3.0,3.0,6.0,2.0,64.0,4.0,1.0,64.0,16.0,1.0,32.0,1.0,1.0,1.0,1.0,1.0,6.0,3.0,5.0,4.0,4.0,3.0,4.0,1.0,1.0,2.0,5.0,3.0,5.0,4.0,1.0,5.0,2.0,2.0,128.0,16.0,1.0,1.0,1.0,1.0,1.0,1.0,1.0,1.0,1.0,1.0,3.0,2.0,1.0,2.0,6.0,2.0,3.0,6.0,3.0,5.0,6.0,4.0,5.0,1.0,1.0,3.0,4.0,5.0,256.0,256.0,1.0,4.0,512.0,1.0,1.0,1.0,1.0,1.0,1.0,1.0,3.0,5.0,2.0,3.0,6.0,2.0,6.0,5.0,1.0,2.0,3.0,1.0,5.0,5.0,4.0,3.0,5.0,1.0,64.0,16.0,1.0,32.0,128.0,1.0,1.0,1.0,1.0,1.0,1.0,1.0,5.0,6.0,2.0,4.0,5.0,4.0,6.0,1.0,6.0,1.0,1.0,1.0,3.0,5.0,2.0,5.0,2.0,5.0,256.0,128.0,1.0,1.0,4.0,1.0,1.0,1.0,1.0,1.0,1.0,1.0,2422195080.0,4828750.3,98059800.0,0.9659378,200.0,514.0,68608.0,1.1696175219208524e+16,13.914279999999996,6.085680094000001,107.6,6627.2
16000.0,4096000.0,256.0,64.0,3.0,26.0,46.0,42.0,4.0,1.0,2.0,1.0,6.0,2.0,6.0,3.0,5.0,5.0,3.0,2.0,4.0,4.0,1.0,2.0,1.0,1.0,2.0,5.0,2.0,5.0,6.0,2.0,2.0,128.0,1.0,8.0,512.0,1.0,1.0,1.0,1.0,1.0,1.0,1.0,2.0,4.0,4.0,6.0,5.0,1.0,1.0,3.0,5.0,2.0,5.0,3.0,1.0,3.0,2.0,6.0,2.0,6.0,32.0,4.0,1.0,8.0,64.0,1.0,2.0,32.0,1.0,1.0,1.0,1.0,1.0,1.0,3.0,1.0,2.0,3.0,6.0,6.0,5.0,5.0,3.0,6.0,5.0,5.0,1.0,1.0,4.0,2.0,1.0,32.0,1.0,2.0,2.0,1.0,2.0,16.0,1.0,1.0,1.0,1.0,3.0,3.0,6.0,3.0,2.0,2.0,4.0,3.0,5.0,3.0,3.0,1.0,2.0,6.0,5.0,4.0,2.0,1.0,4.0,512.0,1.0,8.0,1.0,1.0,1.0,1.0,1.0,1.0,1.0,1.0,4.0,2.0,1.0,3.0,6.0,2.0,6.0,5.0,6.0,3.0,1.0,6.0,1.0,2.0,6.0,2.0,6.0,6.0,128.0,16.0,1.0,1024.0,64.0,1.0,1.0,1.0,1.0,1.0,1.0,1.0,3.0,4.0,2.0,1.0,6.0,2.0,5.0,1.0,3.0,2.0,5.0,1.0,2.0,5.0,5.0,1.0,1.0,1.0,1.0,1024.0,1.0,256.0,256.0,1.0,1.0,1.0,1.0,1.0,1.0,1.0,146900760.0,3977347.94,1305190000000.0,1336.8165,50232.0,514.0,851968.0,584275435170434.4,38.35942,1.3213539150000002,107.6,96844.8
128.0,512000.0,256.0,64.0,3.0,12.0,14.0,30.0,1.0,5.0,3.0,6.0,6.0,1.0,6.0,3.0,2.0,5.0,4.0,3.0,2.0,3.0,2.0,4.0,5.0,2.0,6.0,1.0,5.0,3.0,2.0,4.0,16.0,128.0,1.0,3.0,128.0,1.0,1.0,1.0,1.0,1.0,1.0,1.0,5.0,1.0,1.0,2.0,1.0,4.0,1.0,5.0,5.0,3.0,2.0,4.0,1.0,1.0,5.0,2.0,1.0,1.0,2.0,4.0,1.0,2.0,128.0,1.0,64.0,16.0,1.0,1.0,1.0,1.0,1.0,1.0,2.0,3.0,3.0,4.0,1.0,6.0,2.0,1.0,4.0,6.0,3.0,2.0,5.0,4.0,4.0,1.0,1.0,64.0,1.0,16.0,16.0,1.0,16.0,16.0,1.0,1.0,1.0,1.0,4.0,3.0,5.0,4.0,1.0,5.0,2.0,5.0,6.0,5.0,4.0,3.0,2.0,3.0,4.0,1.0,1.0,5.0,8.0,2.0,1.0,8.0,4.0,1.0,1.0,1.0,1.0,1.0,1.0,1.0,5.0,1.0,5.0,5.0,4.0,4.0,1.0,1.0,3.0,4.0,5.0,5.0,5.0,5.0,4.0,5.0,5.0,5.0,1.0,8.0,1.0,8.0,512.0,1.0,1.0,1.0,1.0,1.0,1.0,1.0,1.0,5.0,2.0,4.0,2.0,6.0,5.0,6.0,5.0,1.0,2.0,3.0,1.0,3.0,2.0,2.0,6.0,1.0,32.0,128.0,1.0,2.0,8.0,1.0,1.0,1.0,1.0,1.0,1.0,1.0,787186782.0,4973563.16,14884100000.0,34.38936999999999,5040.0,514.0,141312.0,3915123178994151.0,8.05,0.6300048999999999,107.6,23046.4
512000.0,256000.0,256.0,64.0,2.0,2.0,8.0,34.0,5.0,1.0,5.0,6.0,3.0,3.0,5.0,3.0,3.0,5.0,4.0,2.0,3.0,1.0,5.0,5.0,1.0,6.0,1.0,6.0,6.0,4.0,5.0,3.0,64.0,8.0,1.0,4.0,96.0,1.0,1.0,1.0,1.0,1.0,1.0,1.0,4.0,2.0,2.0,5.0,6.0,6.0,6.0,5.0,4.0,6.0,6.0,3.0,4.0,4.0,2.0,1.0,2.0,4.0,1.0,8.0,1.0,2.0,4.0,1.0,1.0,1.0,1.0,1.0,1.0,1.0,5.0,4.0,2.0,2.0,1.0,4.0,3.0,6.0,2.0,6.0,5.0,4.0,1.0,6.0,1.0,4.0,3.0,4.0,1.0,32.0,1.0,4.0,2.0,1.0,1.0,4.0,1.0,1.0,1.0,1.0,1.0,5.0,5.0,1.0,6.0,2.0,1.0,1.0,2.0,2.0,4.0,5.0,1.0,1.0,4.0,2.0,4.0,1.0,4.0,64.0,1.0,32.0,4.0,1.0,1.0,1.0,1.0,1.0,1.0,1.0,3.0,4.0,6.0,4.0,3.0,2.0,3.0,6.0,1.0,3.0,5.0,5.0,2.0,2.0,6.0,5.0,2.0,6.0,64.0,256.0,1.0,8.0,2.0,1.0,1.0,1.0,1.0,1.0,1.0,1.0,4.0,2.0,1.0,2.0,2.0,2.0,5.0,4.0,4.0,2.0,2.0,1.0,5.0,3.0,1.0,6.0,3.0,3.0,4.0,256.0,1.0,4.0,16.0,1.0,1.0,1.0,1.0,1.0,1.0,1.0,506413416.0,7650680.859999999,143066000.0,1.2932804999999998,272.0,514.0,17152.0,3874407429038417.5,3.2,1.3743999500000001,107.6,1230.4
4096.0,128000.0,256.0,64.0,2.0,2.0,42.0,42.0,3.0,4.0,6.0,4.0,2.0,4.0,3.0,4.0,2.0,3.0,3.0,2.0,5.0,1.0,5.0,4.0,3.0,4.0,6.0,5.0,1.0,6.0,4.0,2.0,2.0,16.0,1.0,6.0,96.0,1.0,1.0,1.0,1.0,1.0,1.0,1.0,6.0,4.0,6.0,6.0,5.0,3.0,2.0,4.0,6.0,2.0,6.0,5.0,5.0,1.0,6.0,6.0,5.0,6.0,1.0,64.0,1.0,16.0,128.0,1.0,4.0,1.0,1.0,1.0,1.0,1.0,5.0,4.0,5.0,5.0,5.0,5.0,3.0,5.0,6.0,4.0,1.0,1.0,6.0,3.0,5.0,2.0,5.0,4.0,2.0,16.0,1.0,8.0,64.0,1.0,16.0,32.0,1.0,1.0,1.0,1.0,5.0,1.0,6.0,2.0,2.0,2.0,5.0,4.0,4.0,3.0,6.0,1.0,4.0,3.0,5.0,6.0,1.0,3.0,256.0,256.0,1.0,2.0,4.0,1.0,1.0,1.0,1.0,1.0,1.0,1.0,5.0,3.0,6.0,3.0,1.0,6.0,6.0,5.0,2.0,4.0,1.0,2.0,4.0,5.0,2.0,6.0,3.0,5.0,512.0,8.0,1.0,8.0,2.0,1.0,1.0,1.0,1.0,1.0,1.0,1.0,2.0,4.0,3.0,6.0,4.0,5.0,4.0,6.0,1.0,3.0,3.0,4.0,1.0,2.0,3.0,2.0,6.0,3.0,2.0,1.0,1.0,8.0,128.0,1.0,1.0,1.0,1.0,1.0,1.0,1.0,708824940.0,9890761.98,2264970000.0,9.497030999999998,1764.0,514.0,67072.0,7010818767027782.0,218.5,109.16469839999999,107.6,4811.6
1024.0,4096000.0,256.0,64.0,3.0,26.0,22.0,18.0,6.0,6.0,3.0,5.0,5.0,4.0,4.0,1.0,5.0,3.0,6.0,6.0,2.0,6.0,2.0,4.0,3.0,1.0,3.0,6.0,1.0,2.0,1.0,1.0,128.0,32.0,1.0,48.0,4.0,1.0,1.0,1.0,1.0,1.0,1.0,1.0,6.0,6.0,5.0,6.0,1.0,2.0,4.0,5.0,3.0,2.0,2.0,4.0,5.0,5.0,2.0,1.0,2.0,2.0,2.0,2.0,1.0,64.0,1.0,1.0,64.0,2.0,1.0,1.0,1.0,1.0,2.0,1.0,3.0,1.0,1.0,5.0,3.0,3.0,3.0,4.0,5.0,4.0,5.0,5.0,2.0,1.0,6.0,2.0,1.0,8.0,1.0,32.0,8.0,1.0,8.0,64.0,1.0,1.0,1.0,1.0,6.0,5.0,6.0,5.0,1.0,3.0,6.0,2.0,6.0,4.0,3.0,5.0,2.0,2.0,5.0,6.0,6.0,5.0,128.0,64.0,1.0,4.0,512.0,1.0,1.0,1.0,1.0,1.0,1.0,1.0,2.0,3.0,5.0,3.0,5.0,3.0,1.0,6.0,1.0,1.0,4.0,3.0,5.0,1.0,6.0,2.0,5.0,2.0,512.0,512.0,1.0,4.0,4.0,1.0,1.0,1.0,1.0,1.0,1.0,1.0,5.0,4.0,1.0,1.0,1.0,6.0,1.0,2.0,2.0,6.0,5.0,5.0,3.0,5.0,4.0,3.0,5.0,3.0,2048.0,2.0,1.0,256.0,4.0,1.0,1.0,1.0,1.0,1.0,1.0,1.0,859870644.0,3917236.4399999995,57983200000.0,94.33760000000001,10296.0,514.0,1638400.0,3368316620363067.0,169.91653,3.869042969,107.6,157747.2
16000.0,64000.0,256.0,64.0,1.0,26.0,34.0,14.0,5.0,3.0,6.0,6.0,5.0,2.0,6.0,3.0,4.0,1.0,2.0,5.0,5.0,3.0,2.0,3.0,2.0,6.0,4.0,5.0,6.0,6.0,6.0,1.0,8.0,64.0,1.0,768.0,2.0,1.0,1.0,1.0,1.0,1.0,1.0,1.0,4.0,4.0,2.0,5.0,6.0,1.0,3.0,6.0,1.0,2.0,4.0,1.0,1.0,6.0,1.0,3.0,6.0,4.0,1.0,1.0,1.0,4.0,8.0,1.0,64.0,2.0,1.0,1.0,1.0,1.0,3.0,2.0,4.0,3.0,1.0,3.0,6.0,4.0,6.0,6.0,1.0,1.0,5.0,6.0,3.0,3.0,2.0,5.0,64.0,2.0,1.0,128.0,64.0,1.0,16.0,64.0,1.0,1.0,1.0,1.0,2.0,1.0,4.0,4.0,4.0,5.0,1.0,3.0,3.0,4.0,2.0,5.0,1.0,3.0,6.0,1.0,5.0,2.0,2.0,16.0,1.0,256.0,4.0,1.0,1.0,1.0,1.0,1.0,1.0,1.0,2.0,1.0,5.0,4.0,4.0,6.0,6.0,2.0,3.0,2.0,2.0,3.0,4.0,1.0,6.0,1.0,6.0,2.0,4.0,128.0,1.0,1.0,1.0,1.0,1.0,1.0,1.0,1.0,1.0,1.0,6.0,2.0,1.0,1.0,4.0,3.0,5.0,1.0,2.0,4.0,1.0,5.0,2.0,2.0,3.0,6.0,3.0,2.0,2048.0,8.0,1.0,256.0,1.0,1.0,1.0,1.0,1.0,1.0,1.0,1.0,2423783544.0,19084861.200000003,6228280.0,0.07112061999999998,14.0,514.0,514.0,4.6257572516084104e+16,10.440000000000001,10.559500000000002,107.6,149.2
512000.0,16000.0,256.0,64.0,1.0,12.0,24.0,16.0,1.0,6.0,5.0,1.0,4.0,4.0,5.0,4.0,6.0,2.0,1.0,4.0,5.0,2.0,1.0,1.0,1.0,6.0,3.0,1.0,5.0,6.0,3.0,5.0,2.0,1.0,1.0,256.0,2.0,1.0,1.0,1.0,1.0,1.0,1.0,1.0,5.0,5.0,4.0,3.0,3.0,4.0,3.0,5.0,2.0,2.0,2.0,2.0,5.0,1.0,4.0,2.0,6.0,4.0,4.0,64.0,1.0,4.0,4.0,1.0,4.0,1.0,1.0,1.0,1.0,1.0,5.0,4.0,3.0,5.0,6.0,6.0,5.0,5.0,1.0,1.0,5.0,6.0,2.0,2.0,4.0,4.0,4.0,1.0,64.0,2.0,1.0,1.0,1.0,1.0,2.0,4.0,1.0,1.0,1.0,1.0,4.0,2.0,6.0,4.0,6.0,2.0,1.0,6.0,5.0,4.0,5.0,3.0,4.0,5.0,6.0,3.0,4.0,2.0,4.0,512.0,1.0,128.0,512.0,1.0,1.0,1.0,1.0,1.0,1.0,1.0,5.0,4.0,5.0,4.0,5.0,6.0,5.0,2.0,4.0,6.0,5.0,1.0,2.0,3.0,2.0,4.0,4.0,4.0,64.0,4.0,1.0,4.0,128.0,1.0,1.0,1.0,1.0,1.0,1.0,1.0,3.0,4.0,1.0,1.0,3.0,5.0,5.0,5.0,5.0,2.0,2.0,2.0,3.0,1.0,3.0,6.0,4.0,2.0,8.0,4.0,1.0,8.0,64.0,1.0,1.0,1.0,1.0,1.0,1.0,1.0,157286520.0,15596714.4,7028500.0,0.08300563999999999,16.0,514.0,4384.0,2453152931409888.0,16.0,16.05,107.6,929.6
256.0,256000.0,256.0,64.0,2.0,26.0,10.0,20.0,5.0,6.0,1.0,2.0,5.0,5.0,2.0,6.0,4.0,1.0,3.0,2.0,6.0,3.0,4.0,5.0,5.0,6.0,2.0,1.0,3.0,5.0,6.0,3.0,1.0,8.0,1.0,1536.0,12.0,1.0,1.0,1.0,1.0,1.0,1.0,1.0,6.0,5.0,5.0,2.0,3.0,1.0,1.0,4.0,5.0,1.0,4.0,6.0,4.0,4.0,1.0,5.0,6.0,1.0,2.0,64.0,1.0,1.0,16.0,1.0,1.0,8.0,1.0,1.0,1.0,1.0,1.0,1.0,2.0,4.0,2.0,4.0,3.0,2.0,2.0,4.0,5.0,2.0,2.0,5.0,5.0,6.0,6.0,6.0,64.0,32.0,1.0,2.0,64.0,1.0,8.0,32.0,1.0,1.0,1.0,1.0,6.0,4.0,5.0,1.0,6.0,6.0,3.0,6.0,2.0,6.0,4.0,1.0,6.0,5.0,6.0,4.0,2.0,4.0,128.0,8.0,1.0,1.0,32.0,1.0,1.0,1.0,1.0,1.0,1.0,1.0,6.0,1.0,1.0,6.0,3.0,3.0,4.0,4.0,4.0,4.0,4.0,6.0,5.0,2.0,2.0,2.0,2.0,1.0,512.0,2.0,1.0,1.0,256.0,1.0,1.0,1.0,1.0,1.0,1.0,1.0,1.0,6.0,4.0,6.0,1.0,2.0,5.0,4.0,1.0,2.0,1.0,5.0,5.0,3.0,1.0,4.0,5.0,5.0,2048.0,1.0,1.0,64.0,32.0,1.0,1.0,1.0,1.0,1.0,1.0,1.0,211126572.0,12226142.82,98061300.0,0.9671059000000002,200.0,514.0,82816.0,2581263622369013.0,72.22111250000002,9.828826999999999,107.6,6966.0
128000.0,512000.0,256.0,64.0,2.0,8.0,42.0,48.0,1.0,1.0,3.0,4.0,6.0,1.0,6.0,2.0,4.0,5.0,2.0,5.0,1.0,4.0,6.0,3.0,4.0,3.0,6.0,6.0,3.0,4.0,3.0,5.0,1.0,2.0,1.0,768.0,48.0,1.0,1.0,1.0,1.0,1.0,1.0,1.0,1.0,3.0,5.0,5.0,1.0,6.0,2.0,3.0,6.0,2.0,3.0,4.0,3.0,2.0,2.0,5.0,2.0,3.0,16.0,4.0,1.0,1.0,128.0,1.0,8.0,4.0,1.0,1.0,1.0,1.0,1.0,2.0,6.0,6.0,2.0,3.0,1.0,2.0,6.0,2.0,4.0,5.0,1.0,6.0,4.0,2.0,5.0,4.0,32.0,64.0,1.0,32.0,4.0,1.0,1.0,8.0,1.0,1.0,1.0,1.0,4.0,3.0,4.0,1.0,1.0,1.0,3.0,1.0,3.0,2.0,4.0,3.0,3.0,3.0,4.0,6.0,5.0,3.0,512.0,512.0,1.0,64.0,256.0,1.0,1.0,1.0,1.0,1.0,1.0,1.0,4.0,2.0,5.0,1.0,2.0,6.0,3.0,4.0,2.0,5.0,5.0,3.0,5.0,3.0,3.0,6.0,6.0,6.0,512.0,64.0,1.0,2048.0,512.0,1.0,1.0,1.0,1.0,1.0,1.0,1.0,2.0,5.0,1.0,6.0,5.0,5.0,6.0,3.0,6.0,4.0,3.0,4.0,5.0,2.0,6.0,5.0,5.0,2.0,1024.0,2.0,1.0,4.0,64.0,1.0,1.0,1.0,1.0,1.0,1.0,1.0,2521009698.0,8926589.280000001,2847340000.0,11.132950000000001,2016.0,514.0,212992.0,2.250401814494284e+16,1.0,0.9909369000000001,107.6,22159.2
256.0,1024000.0,256.0,64.0,1.0,26.0,36.0,42.0,3.0,5.0,6.0,3.0,5.0,1.0,5.0,6.0,4.0,4.0,2.0,1.0,6.0,1.0,6.0,1.0,4.0,5.0,1.0,3.0,4.0,1.0,2.0,3.0,1.0,64.0,1.0,512.0,3.0,1.0,1.0,1.0,1.0,1.0,1.0,1.0,1.0,5.0,1.0,2.0,6.0,5.0,1.0,2.0,6.0,2.0,4.0,5.0,1.0,4.0,4.0,5.0,6.0,2.0,64.0,1.0,1.0,4.0,4.0,1.0,64.0,16.0,1.0,1.0,1.0,1.0,3.0,3.0,5.0,2.0,5.0,3.0,6.0,6.0,2.0,2.0,5.0,4.0,2.0,5.0,4.0,4.0,1.0,3.0,2.0,16.0,1.0,32.0,64.0,1.0,16.0,16.0,1.0,1.0,1.0,1.0,5.0,4.0,6.0,2.0,5.0,4.0,3.0,5.0,4.0,2.0,6.0,6.0,4.0,4.0,6.0,5.0,4.0,5.0,1.0,1.0,1.0,512.0,128.0,1.0,1.0,1.0,1.0,1.0,1.0,1.0,5.0,3.0,5.0,6.0,1.0,4.0,4.0,2.0,5.0,1.0,2.0,4.0,6.0,2.0,4.0,5.0,6.0,6.0,512.0,2.0,1.0,2.0,512.0,1.0,1.0,1.0,1.0,1.0,1.0,1.0,4.0,4.0,3.0,6.0,1.0,2.0,4.0,1.0,2.0,4.0,4.0,4.0,1.0,6.0,3.0,4.0,4.0,2.0,64.0,2.0,1.0,128.0,4.0,1.0,1.0,1.0,1.0,1.0,1.0,1.0,2419064952.0,21905416.799999997,17796800.0,0.20063019999999998,42.0,514.0,514.0,5.299062603983198e+16,25.8,26.591421,107.6,238.8
1024.0,32000000.0,256.0,64.0,2.0,48.0,48.0,36.0,4.0,5.0,4.0,3.0,2.0,3.0,4.0,2.0,3.0,2.0,4.0,1.0,3.0,1.0,4.0,5.0,5.0,6.0,3.0,5.0,5.0,3.0,5.0,5.0,1.0,1.0,1.0,256.0,384.0,1.0,1.0,1.0,1.0,1.0,1.0,1.0,1.0,2.0,2.0,3.0,6.0,5.0,6.0,4.0,4.0,4.0,1.0,6.0,6.0,1.0,4.0,5.0,2.0,2.0,8.0,32.0,1.0,1.0,16.0,1.0,64.0,4.0,1.0,1.0,1.0,1.0,6.0,5.0,2.0,4.0,5.0,4.0,1.0,6.0,4.0,6.0,4.0,6.0,6.0,1.0,1.0,1.0,5.0,3.0,32.0,16.0,1.0,1.0,8.0,1.0,64.0,4.0,1.0,1.0,1.0,1.0,1.0,1.0,1.0,2.0,5.0,2.0,1.0,1.0,1.0,3.0,3.0,1.0,2.0,2.0,5.0,3.0,5.0,6.0,4.0,128.0,1.0,128.0,512.0,1.0,1.0,1.0,1.0,1.0,1.0,1.0,3.0,6.0,3.0,3.0,2.0,1.0,4.0,2.0,4.0,2.0,1.0,1.0,5.0,6.0,2.0,5.0,4.0,5.0,128.0,16.0,1.0,2048.0,16.0,1.0,1.0,1.0,1.0,1.0,1.0,1.0,2.0,3.0,6.0,2.0,5.0,3.0,3.0,3.0,6.0,5.0,5.0,1.0,3.0,1.0,3.0,4.0,1.0,5.0,32.0,4.0,1.0,128.0,32.0,1.0,1.0,1.0,1.0,1.0,1.0,1.0,127489890.0,7320469.820000002,2187090000.0,9.400204,1728.0,514.0,331008.0,933285892100120.1,448.03335000000004,71.6770535,107.6,40691.2
512.0,32000000.0,256.0,64.0,1.0,40.0,28.0,32.0,4.0,3.0,1.0,5.0,5.0,6.0,2.0,4.0,5.0,4.0,1.0,4.0,1.0,2.0,5.0,5.0,5.0,3.0,1.0,3.0,1.0,6.0,2.0,4.0,128.0,64.0,1.0,8.0,12.0,1.0,1.0,1.0,1.0,1.0,1.0,1.0,4.0,4.0,3.0,3.0,5.0,2.0,3.0,4.0,6.0,6.0,3.0,3.0,6.0,5.0,2.0,1.0,1.0,4.0,1.0,32.0,1.0,8.0,2.0,1.0,4.0,32.0,1.0,1.0,1.0,1.0,1.0,6.0,1.0,5.0,4.0,3.0,2.0,4.0,1.0,3.0,6.0,3.0,5.0,6.0,1.0,4.0,6.0,2.0,32.0,32.0,1.0,2.0,128.0,1.0,4.0,16.0,1.0,1.0,1.0,1.0,2.0,4.0,5.0,3.0,5.0,4.0,5.0,1.0,5.0,5.0,6.0,4.0,4.0,4.0,6.0,3.0,1.0,5.0,32.0,64.0,1.0,8.0,128.0,1.0,1.0,1.0,1.0,1.0,1.0,1.0,3.0,4.0,4.0,5.0,5.0,1.0,3.0,1.0,4.0,2.0,2.0,5.0,2.0,2.0,1.0,1.0,4.0,5.0,4.0,8.0,1.0,8.0,512.0,1.0,1.0,1.0,1.0,1.0,1.0,1.0,5.0,5.0,6.0,1.0,6.0,4.0,5.0,1.0,2.0,1.0,4.0,2.0,3.0,1.0,5.0,2.0,6.0,4.0,1024.0,64.0,1.0,8.0,2.0,1.0,1.0,1.0,1.0,1.0,1.0,1.0,2516582520.0,18147948.0,13573500.0,0.15387199999999998,32.0,514.0,514.0,4.567080871066896e+16,1.0,1.0066149999999998,107.6,107.6
512000.0,32000.0,256.0,64.0,2.0,42.0,18.0,32.0,5.0,1.0,4.0,6.0,3.0,5.0,3.0,5.0,3.0,2.0,6.0,5.0,1.0,6.0,6.0,2.0,2.0,6.0,1.0,6.0,3.0,3.0,6.0,6.0,64.0,32.0,1.0,6.0,1.0,1.0,1.0,1.0,1.0,1.0,1.0,1.0,4.0,6.0,2.0,2.0,1.0,4.0,3.0,1.0,4.0,5.0,3.0,4.0,1.0,2.0,3.0,2.0,5.0,5.0,1.0,64.0,1.0,64.0,128.0,1.0,32.0,2.0,1.0,1.0,1.0,1.0,2.0,2.0,4.0,3.0,2.0,4.0,4.0,6.0,6.0,4.0,6.0,6.0,3.0,2.0,1.0,3.0,5.0,3.0,1.0,8.0,1.0,32.0,4.0,1.0,2.0,1.0,1.0,1.0,1.0,1.0,5.0,3.0,6.0,2.0,5.0,5.0,3.0,3.0,2.0,2.0,6.0,4.0,2.0,1.0,1.0,6.0,6.0,3.0,8.0,32.0,1.0,1.0,512.0,1.0,1.0,1.0,1.0,1.0,1.0,1.0,5.0,3.0,2.0,4.0,1.0,1.0,3.0,1.0,2.0,4.0,1.0,4.0,6.0,2.0,5.0,4.0,1.0,2.0,512.0,2.0,1.0,2048.0,32.0,1.0,1.0,1.0,1.0,1.0,1.0,1.0,3.0,5.0,3.0,4.0,4.0,1.0,2.0,5.0,3.0,3.0,6.0,1.0,2.0,1.0,5.0,5.0,5.0,2.0,512.0,2.0,1.0,4.0,128.0,1.0,1.0,1.0,1.0,1.0,1.0,1.0,968245500.0,11919217.96,391363000.0,2.804048999999999,576.0,514.0,8832.0,1.154072915328918e+16,3.0,2.2818978499999996,107.6,1223.2
1024.0,8192000.0,256.0,64.0,1.0,22.0,36.0,6.0,3.0,6.0,3.0,6.0,2.0,5.0,2.0,2.0,3.0,5.0,6.0,5.0,2.0,3.0,1.0,2.0,6.0,4.0,4.0,1.0,5.0,5.0,1.0,1.0,512.0,256.0,1.0,8.0,2.0,1.0,1.0,1.0,1.0,1.0,1.0,1.0,3.0,1.0,6.0,5.0,1.0,5.0,4.0,6.0,4.0,1.0,1.0,3.0,6.0,3.0,3.0,1.0,2.0,6.0,2.0,2.0,1.0,8.0,1.0,1.0,128.0,16.0,1.0,1.0,1.0,1.0,1.0,3.0,1.0,3.0,4.0,2.0,6.0,1.0,5.0,1.0,6.0,2.0,5.0,6.0,5.0,6.0,3.0,1.0,1.0,16.0,1.0,8.0,4.0,1.0,2.0,4.0,1.0,1.0,1.0,1.0,1.0,2.0,2.0,5.0,2.0,5.0,6.0,2.0,6.0,1.0,4.0,6.0,1.0,1.0,5.0,1.0,5.0,1.0,8.0,256.0,1.0,1.0,128.0,1.0,1.0,1.0,1.0,1.0,1.0,1.0,3.0,5.0,4.0,3.0,6.0,6.0,5.0,1.0,5.0,6.0,1.0,1.0,1.0,2.0,4.0,2.0,2.0,4.0,256.0,256.0,1.0,16.0,8.0,1.0,1.0,1.0,1.0,1.0,1.0,1.0,6.0,6.0,3.0,3.0,2.0,4.0,2.0,2.0,5.0,2.0,1.0,6.0,1.0,6.0,2.0,2.0,5.0,3.0,512.0,64.0,1.0,64.0,256.0,1.0,1.0,1.0,1.0,1.0,1.0,1.0,421527672.0,16197337.920000002,3069880.0,0.03515203999999999,6.0,514.0,1804.0,6827626146014923.0,5.849307999999999,5.855656,107.6,381.6
8192.0,16000.0,256.0,64.0,2.0,12.0,34.0,38.0,6.0,5.0,3.0,1.0,3.0,5.0,4.0,1.0,4.0,2.0,6.0,1.0,5.0,2.0,6.0,3.0,4.0,6.0,2.0,4.0,5.0,5.0,6.0,1.0,512.0,1.0,1.0,768.0,256.0,1.0,1.0,1.0,1.0,1.0,1.0,1.0,4.0,2.0,3.0,5.0,2.0,5.0,3.0,3.0,4.0,6.0,4.0,2.0,2.0,3.0,4.0,5.0,3.0,3.0,8.0,16.0,1.0,128.0,8.0,1.0,64.0,4.0,1.0,1.0,1.0,1.0,1.0,5.0,4.0,1.0,4.0,5.0,4.0,1.0,1.0,6.0,5.0,3.0,5.0,5.0,3.0,1.0,4.0,3.0,4.0,128.0,1.0,1.0,16.0,1.0,2.0,8.0,1.0,1.0,1.0,1.0,3.0,4.0,3.0,2.0,4.0,1.0,4.0,1.0,3.0,2.0,1.0,6.0,5.0,3.0,6.0,4.0,2.0,6.0,512.0,512.0,1.0,128.0,2.0,1.0,1.0,1.0,1.0,1.0,1.0,1.0,2.0,6.0,6.0,5.0,2.0,5.0,6.0,6.0,3.0,6.0,2.0,4.0,2.0,6.0,1.0,4.0,5.0,6.0,64.0,1.0,1.0,256.0,1024.0,1.0,1.0,1.0,1.0,1.0,1.0,1.0,3.0,1.0,4.0,1.0,6.0,2.0,5.0,4.0,6.0,2.0,3.0,6.0,3.0,3.0,5.0,6.0,1.0,6.0,2.0,32.0,1.0,128.0,32.0,1.0,1.0,1.0,1.0,1.0,1.0,1.0,105218382.0,4419049.720000001,1348360000.0,6.741231000000002,1292.0,514.0,133632.0,464965261515953.1,208.3805,21.72930125,107.6,18292.8
128.0,32000.0,256.0,64.0,1.0,2.0,28.0,36.0,4.0,5.0,5.0,5.0,3.0,2.0,1.0,4.0,2.0,4.0,2.0,5.0,5.0,1.0,2.0,6.0,2.0,1.0,6.0,3.0,5.0,1.0,1.0,1.0,1.0,16.0,1.0,512.0,64.0,1.0,1.0,1.0,1.0,1.0,1.0,1.0,3.0,6.0,2.0,5.0,5.0,5.0,1.0,4.0,5.0,5.0,6.0,1.0,3.0,5.0,3.0,1.0,2.0,5.0,4.0,16.0,1.0,4.0,16.0,1.0,64.0,1.0,1.0,1.0,1.0,1.0,1.0,5.0,3.0,2.0,6.0,1.0,1.0,3.0,1.0,3.0,4.0,4.0,3.0,3.0,3.0,1.0,4.0,6.0,1.0,32.0,1.0,16.0,1.0,1.0,16.0,32.0,1.0,1.0,1.0,1.0,5.0,6.0,3.0,1.0,4.0,2.0,2.0,4.0,2.0,4.0,3.0,6.0,3.0,3.0,2.0,2.0,2.0,1.0,4.0,2.0,1.0,512.0,16.0,1.0,1.0,1.0,1.0,1.0,1.0,1.0,3.0,1.0,5.0,5.0,5.0,4.0,5.0,1.0,6.0,6.0,3.0,6.0,4.0,6.0,1.0,6.0,3.0,5.0,256.0,4.0,1.0,1024.0,4.0,1.0,1.0,1.0,1.0,1.0,1.0,1.0,4.0,1.0,2.0,4.0,6.0,5.0,6.0,3.0,6.0,6.0,6.0,2.0,6.0,4.0,2.0,2.0,5.0,5.0,8.0,4.0,1.0,8.0,16.0,1.0,1.0,1.0,1.0,1.0,1.0,1.0,71958648.0,14985928.32,15251500.0,0.17900039999999995,36.0,514.0,9544.0,1078367140932111.4,32.595864999999996,32.600505,107.6,2025.6
256000.0,256000.0,256.0,64.0,1.0,10.0,48.0,24.0,4.0,1.0,1.0,6.0,4.0,2.0,1.0,2.0,6.0,5.0,6.0,3.0,1.0,1.0,2.0,6.0,5.0,4.0,6.0,3.0,1.0,6.0,6.0,4.0,16.0,512.0,1.0,16.0,96.0,1.0,1.0,1.0,1.0,1.0,1.0,1.0,4.0,5.0,3.0,6.0,4.0,3.0,6.0,1.0,1.0,5.0,1.0,5.0,6.0,2.0,4.0,3.0,4.0,1.0,32.0,2.0,1.0,16.0,2.0,1.0,32.0,1.0,1.0,1.0,1.0,1.0,5.0,1.0,3.0,6.0,2.0,1.0,6.0,5.0,1.0,2.0,4.0,2.0,2.0,4.0,5.0,6.0,1.0,4.0,1.0,4.0,1.0,4.0,64.0,1.0,32.0,8.0,1.0,1.0,1.0,1.0,6.0,3.0,4.0,5.0,3.0,1.0,4.0,6.0,6.0,5.0,3.0,6.0,1.0,1.0,1.0,4.0,5.0,1.0,2.0,32.0,1.0,8.0,32.0,1.0,1.0,1.0,1.0,1.0,1.0,1.0,3.0,2.0,3.0,3.0,3.0,2.0,4.0,5.0,3.0,6.0,1.0,6.0,1.0,4.0,6.0,4.0,5.0,1.0,4.0,2.0,1.0,32.0,256.0,1.0,1.0,1.0,1.0,1.0,1.0,1.0,1.0,4.0,4.0,3.0,6.0,4.0,6.0,1.0,4.0,5.0,6.0,6.0,4.0,2.0,5.0,5.0,2.0,3.0,2048.0,8.0,1.0,64.0,512.0,1.0,1.0,1.0,1.0,1.0,1.0,1.0,2516582520.0,19315034.4,10268200.0,0.11693999999999997,24.0,514.0,514.0,4.860787794423869e+16,1.0,1.3972909999999998,107.6,107.6
128.0,1024000.0,256.0,64.0,2.0,2.0,24.0,14.0,6.0,1.0,2.0,6.0,2.0,6.0,4.0,2.0,2.0,2.0,3.0,2.0,2.0,4.0,3.0,3.0,4.0,1.0,4.0,3.0,5.0,4.0,1.0,4.0,8.0,512.0,1.0,3.0,512.0,1.0,1.0,1.0,1.0,1.0,1.0,1.0,5.0,3.0,4.0,3.0,2.0,3.0,3.0,4.0,5.0,6.0,5.0,1.0,3.0,1.0,1.0,5.0,2.0,3.0,16.0,2.0,1.0,4.0,4.0,1.0,2.0,4.0,1.0,1.0,1.0,1.0,6.0,6.0,3.0,4.0,3.0,3.0,1.0,1.0,3.0,3.0,4.0,6.0,4.0,2.0,6.0,3.0,5.0,5.0,1.0,128.0,1.0,1.0,32.0,1.0,4.0,4.0,1.0,1.0,1.0,1.0,5.0,4.0,6.0,4.0,5.0,1.0,2.0,1.0,6.0,3.0,5.0,1.0,5.0,5.0,3.0,3.0,6.0,2.0,64.0,64.0,1.0,64.0,16.0,1.0,1.0,1.0,1.0,1.0,1.0,1.0,1.0,3.0,1.0,1.0,4.0,5.0,1.0,1.0,1.0,4.0,3.0,3.0,1.0,4.0,4.0,5.0,1.0,5.0,128.0,128.0,1.0,64.0,4.0,1.0,1.0,1.0,1.0,1.0,1.0,1.0,4.0,6.0,2.0,5.0,2.0,6.0,6.0,6.0,1.0,4.0,2.0,6.0,2.0,3.0,4.0,6.0,2.0,2.0,8.0,512.0,1.0,4.0,16.0,1.0,1.0,1.0,1.0,1.0,1.0,1.0,295724004.0,4719815.78,187526000.0,1.6688910000000003,336.0,514.0,151552.0,1395762820603983.2,17.763620000000003,5.356274099999999,107.6,19862.4
8192.0,64000.0,256.0,64.0,1.0,44.0,38.0,6.0,6.0,2.0,1.0,2.0,6.0,2.0,4.0,3.0,1.0,4.0,4.0,2.0,5.0,3.0,4.0,2.0,2.0,2.0,6.0,6.0,1.0,5.0,5.0,3.0,256.0,1.0,1.0,48.0,512.0,1.0,1.0,1.0,1.0,1.0,1.0,1.0,4.0,5.0,1.0,3.0,4.0,3.0,1.0,1.0,6.0,4.0,4.0,5.0,4.0,6.0,5.0,4.0,3.0,5.0,64.0,4.0,1.0,32.0,1.0,1.0,128.0,1.0,1.0,1.0,1.0,1.0,1.0,2.0,1.0,5.0,6.0,3.0,6.0,5.0,5.0,6.0,6.0,4.0,5.0,2.0,6.0,4.0,2.0,1.0,128.0,2.0,1.0,64.0,128.0,1.0,4.0,32.0,1.0,1.0,1.0,1.0,1.0,4.0,5.0,6.0,2.0,1.0,5.0,2.0,6.0,2.0,6.0,2.0,3.0,2.0,4.0,1.0,6.0,6.0,32.0,128.0,1.0,4.0,256.0,1.0,1.0,1.0,1.0,1.0,1.0,1.0,5.0,4.0,1.0,3.0,5.0,3.0,6.0,1.0,2.0,5.0,2.0,2.0,3.0,1.0,3.0,5.0,3.0,6.0,128.0,1.0,1.0,128.0,4.0,1.0,1.0,1.0,1.0,1.0,1.0,1.0,5.0,5.0,6.0,4.0,5.0,6.0,1.0,2.0,4.0,1.0,5.0,3.0,6.0,5.0,6.0,3.0,3.0,2.0,4.0,512.0,1.0,8.0,16.0,1.0,1.0,1.0,1.0,1.0,1.0,1.0,422314176.0,6583555.32,3069880.0,0.03515203999999999,6.0,514.0,1804.0,2780328740116216.5,5.846982499999999,6.982239000000001,107.6,381.6
1024.0,8192000.0,256.0,64.0,1.0,36.0,32.0,12.0,4.0,3.0,5.0,1.0,3.0,2.0,4.0,6.0,5.0,3.0,3.0,6.0,3.0,3.0,6.0,2.0,5.0,2.0,6.0,1.0,1.0,5.0,6.0,4.0,32.0,1.0,1.0,512.0,512.0,1.0,1.0,1.0,1.0,1.0,1.0,1.0,3.0,6.0,3.0,1.0,6.0,1.0,4.0,4.0,2.0,5.0,3.0,5.0,5.0,4.0,6.0,6.0,4.0,1.0,8.0,32.0,1.0,8.0,8.0,1.0,2.0,1.0,1.0,1.0,1.0,1.0,6.0,4.0,3.0,5.0,3.0,2.0,5.0,6.0,4.0,5.0,2.0,3.0,2.0,4.0,1.0,6.0,2.0,1.0,64.0,8.0,1.0,16.0,128.0,1.0,8.0,64.0,1.0,1.0,1.0,1.0,1.0,2.0,2.0,3.0,1.0,4.0,6.0,3.0,6.0,4.0,6.0,2.0,3.0,3.0,4.0,3.0,5.0,4.0,64.0,4.0,1.0,32.0,256.0,1.0,1.0,1.0,1.0,1.0,1.0,1.0,6.0,2.0,2.0,3.0,2.0,4.0,5.0,2.0,5.0,4.0,3.0,2.0,2.0,3.0,4.0,1.0,2.0,1.0,512.0,64.0,1.0,32.0,2048.0,1.0,1.0,1.0,1.0,1.0,1.0,1.0,5.0,1.0,2.0,3.0,5.0,5.0,6.0,6.0,2.0,2.0,4.0,5.0,3.0,1.0,3.0,5.0,5.0,2.0,128.0,16.0,1.0,2.0,2.0,1.0,1.0,1.0,1.0,1.0,1.0,1.0,2424963192.0,18872437.92,5432530.0,0.06190589999999999,12.0,514.0,514.0,4.576496729930505e+16,9.12124,9.190831,107.6,142.8
8192.0,128000.0,256.0,64.0,3.0,14.0,4.0,10.0,6.0,6.0,2.0,5.0,6.0,1.0,6.0,6.0,4.0,1.0,3.0,3.0,3.0,4.0,1.0,3.0,5.0,1.0,2.0,3.0,4.0,1.0,1.0,6.0,128.0,512.0,1.0,384.0,3.0,1.0,1.0,1.0,1.0,1.0,1.0,1.0,6.0,6.0,5.0,5.0,5.0,6.0,5.0,4.0,2.0,3.0,3.0,5.0,4.0,5.0,3.0,4.0,2.0,4.0,64.0,32.0,1.0,128.0,8.0,1.0,2.0,16.0,1.0,1.0,1.0,1.0,4.0,3.0,1.0,1.0,4.0,1.0,3.0,6.0,1.0,5.0,6.0,4.0,5.0,4.0,1.0,6.0,2.0,3.0,32.0,4.0,1.0,64.0,8.0,1.0,32.0,2.0,1.0,1.0,1.0,1.0,1.0,6.0,3.0,4.0,3.0,5.0,4.0,5.0,1.0,3.0,4.0,5.0,3.0,3.0,4.0,1.0,4.0,1.0,512.0,64.0,1.0,512.0,128.0,1.0,1.0,1.0,1.0,1.0,1.0,1.0,2.0,3.0,2.0,2.0,1.0,4.0,3.0,4.0,4.0,1.0,6.0,1.0,3.0,5.0,5.0,1.0,1.0,3.0,1.0,16.0,1.0,4.0,4.0,1.0,1.0,1.0,1.0,1.0,1.0,1.0,5.0,2.0,4.0,2.0,2.0,1.0,4.0,6.0,5.0,2.0,3.0,2.0,5.0,4.0,1.0,6.0,6.0,6.0,512.0,1.0,1.0,1.0,1.0,1.0,1.0,1.0,1.0,1.0,1.0,1.0,495718248.0,4454792.76,376027000.0,3.1335765000000007,560.0,514.0,786432.0,2208322062190284.2,9.133334999999999,0.08076181,107.6,120371.2
512.0,16000.0,256.0,64.0,3.0,6.0,12.0,30.0,4.0,1.0,4.0,4.0,1.0,5.0,4.0,3.0,6.0,3.0,1.0,6.0,4.0,2.0,1.0,1.0,3.0,4.0,5.0,2.0,5.0,5.0,5.0,2.0,2.0,16.0,1.0,4.0,12.0,1.0,1.0,1.0,1.0,1.0,1.0,1.0,2.0,4.0,4.0,3.0,3.0,4.0,3.0,5.0,6.0,2.0,5.0,5.0,6.0,6.0,6.0,1.0,3.0,4.0,16.0,4.0,1.0,1.0,16.0,1.0,1.0,8.0,1.0,1.0,1.0,1.0,5.0,4.0,1.0,6.0,5.0,1.0,2.0,4.0,1.0,2.0,3.0,5.0,4.0,3.0,6.0,1.0,1.0,1.0,4.0,16.0,1.0,2.0,4.0,1.0,2.0,1.0,1.0,1.0,1.0,1.0,3.0,4.0,3.0,5.0,5.0,2.0,2.0,4.0,2.0,1.0,5.0,5.0,2.0,1.0,5.0,3.0,4.0,3.0,8.0,128.0,1.0,128.0,32.0,1.0,1.0,1.0,1.0,1.0,1.0,1.0,1.0,3.0,6.0,6.0,6.0,4.0,5.0,1.0,4.0,5.0,4.0,4.0,1.0,1.0,3.0,5.0,1.0,2.0,4.0,128.0,1.0,8.0,16.0,1.0,1.0,1.0,1.0,1.0,1.0,1.0,4.0,6.0,2.0,5.0,6.0,1.0,1.0,4.0,4.0,6.0,4.0,5.0,5.0,6.0,2.0,4.0,6.0,3.0,16.0,16.0,1.0,2.0,64.0,1.0,1.0,1.0,1.0,1.0,1.0,1.0,1012422462.0,4647952.16,3209160000.0,12.013015000000001,2160.0,514.0,98304.0,4705691169085418.0,4.583335,0.613098045,107.6,8960.0
1024.0,32000.0,256.0,64.0,2.0,14.0,32.0,10.0,4.0,3.0,2.0,2.0,5.0,6.0,2.0,2.0,5.0,1.0,4.0,1.0,5.0,5.0,6.0,5.0,4.0,4.0,4.0,5.0,3.0,3.0,3.0,6.0,4.0,512.0,1.0,48.0,128.0,1.0,1.0,1.0,1.0,1.0,1.0,1.0,4.0,2.0,6.0,5.0,1.0,5.0,2.0,6.0,2.0,4.0,4.0,1.0,4.0,3.0,3.0,1.0,1.0,5.0,64.0,16.0,1.0,16.0,32.0,1.0,128.0,8.0,1.0,1.0,1.0,1.0,3.0,2.0,1.0,2.0,2.0,3.0,4.0,5.0,3.0,6.0,4.0,3.0,4.0,4.0,4.0,6.0,1.0,5.0,8.0,8.0,1.0,4.0,4.0,1.0,64.0,64.0,1.0,1.0,1.0,1.0,2.0,5.0,1.0,1.0,1.0,1.0,2.0,2.0,1.0,1.0,3.0,4.0,6.0,2.0,2.0,1.0,5.0,1.0,1.0,2.0,1.0,64.0,32.0,1.0,1.0,1.0,1.0,1.0,1.0,1.0,2.0,6.0,1.0,2.0,2.0,6.0,3.0,1.0,3.0,5.0,1.0,4.0,3.0,1.0,5.0,2.0,5.0,6.0,8.0,128.0,1.0,8.0,64.0,1.0,1.0,1.0,1.0,1.0,1.0,1.0,1.0,4.0,3.0,5.0,3.0,3.0,2.0,6.0,1.0,6.0,5.0,3.0,4.0,1.0,4.0,2.0,2.0,2.0,32.0,128.0,1.0,128.0,32.0,1.0,1.0,1.0,1.0,1.0,1.0,1.0,2516810142.0,6152646.020000001,176009000.0,1.5335549999999998,320.0,514.0,18432.0,1.5485041903271938e+16,1.0,0.19476319,107.6,3292.8
2048.0,8192000.0,256.0,64.0,1.0,6.0,20.0,20.0,6.0,6.0,1.0,2.0,4.0,1.0,3.0,4.0,4.0,1.0,2.0,5.0,6.0,5.0,3.0,3.0,2.0,6.0,5.0,2.0,1.0,5.0,2.0,3.0,128.0,8.0,1.0,24.0,2.0,1.0,1.0,1.0,1.0,1.0,1.0,1.0,4.0,3.0,5.0,3.0,3.0,3.0,1.0,5.0,3.0,6.0,6.0,4.0,6.0,2.0,4.0,5.0,2.0,4.0,64.0,32.0,1.0,2.0,2.0,1.0,64.0,16.0,1.0,1.0,1.0,1.0,3.0,2.0,3.0,1.0,5.0,1.0,1.0,2.0,6.0,3.0,3.0,5.0,4.0,5.0,2.0,1.0,3.0,6.0,1.0,2.0,1.0,64.0,2.0,1.0,16.0,1.0,1.0,1.0,1.0,1.0,5.0,2.0,4.0,1.0,1.0,2.0,2.0,2.0,5.0,4.0,5.0,1.0,4.0,3.0,1.0,4.0,4.0,4.0,16.0,2.0,1.0,256.0,256.0,1.0,1.0,1.0,1.0,1.0,1.0,1.0,2.0,1.0,1.0,5.0,5.0,2.0,6.0,4.0,4.0,3.0,1.0,4.0,6.0,5.0,2.0,1.0,3.0,1.0,64.0,1.0,1.0,4.0,1.0,1.0,1.0,1.0,1.0,1.0,1.0,1.0,3.0,2.0,2.0,2.0,5.0,4.0,2.0,2.0,3.0,3.0,1.0,2.0,6.0,5.0,6.0,5.0,5.0,1.0,256.0,512.0,1.0,2.0,8.0,1.0,1.0,1.0,1.0,1.0,1.0,1.0,128188776.0,5113106.64,8640490.0,0.10214688000000002,20.0,514.0,5416.0,655442881739072.6,17.6623,14.016006,107.6,1148.8
1024000.0,4096000.0,256.0,64.0,3.0,2.0,48.0,34.0,5.0,1.0,3.0,1.0,6.0,3.0,2.0,6.0,2.0,3.0,6.0,1.0,3.0,6.0,1.0,5.0,3.0,3.0,3.0,1.0,2.0,4.0,5.0,6.0,512.0,2.0,1.0,48.0,128.0,1.0,1.0,1.0,1.0,1.0,1.0,1.0,2.0,3.0,6.0,3.0,3.0,4.0,2.0,5.0,3.0,1.0,6.0,3.0,3.0,4.0,3.0,1.0,6.0,3.0,4.0,64.0,1.0,16.0,2.0,1.0,8.0,4.0,1.0,1.0,1.0,1.0,2.0,6.0,4.0,6.0,3.0,5.0,2.0,2.0,3.0,2.0,2.0,6.0,1.0,5.0,5.0,3.0,3.0,3.0,2.0,64.0,1.0,64.0,128.0,1.0,1.0,16.0,1.0,1.0,1.0,1.0,2.0,1.0,2.0,5.0,3.0,1.0,5.0,2.0,1.0,6.0,3.0,6.0,4.0,6.0,1.0,3.0,1.0,4.0,2.0,32.0,1.0,4.0,32.0,1.0,1.0,1.0,1.0,1.0,1.0,1.0,2.0,2.0,2.0,5.0,6.0,4.0,6.0,6.0,5.0,5.0,2.0,4.0,1.0,1.0,3.0,3.0,3.0,4.0,128.0,8.0,1.0,4.0,4.0,1.0,1.0,1.0,1.0,1.0,1.0,1.0,4.0,2.0,4.0,3.0,5.0,4.0,6.0,2.0,3.0,2.0,6.0,5.0,3.0,3.0,1.0,3.0,5.0,1.0,64.0,512.0,1.0,4.0,4.0,1.0,1.0,1.0,1.0,1.0,1.0,1.0,181911348.0,3994722.9000000004,6685380000.0,19.801280000000002,3264.0,514.0,294912.0,726685427625469.2,42.533335,3.244581089999999,107.6,34560.0
32000.0,4096000.0,256.0,64.0,1.0,2.0,26.0,46.0,2.0,3.0,4.0,3.0,5.0,1.0,6.0,5.0,6.0,3.0,6.0,6.0,1.0,2.0,5.0,2.0,4.0,5.0,5.0,5.0,1.0,6.0,2.0,1.0,32.0,1.0,1.0,64.0,6.0,1.0,1.0,1.0,1.0,1.0,1.0,1.0,2.0,3.0,4.0,3.0,3.0,6.0,3.0,3.0,6.0,2.0,6.0,4.0,2.0,6.0,3.0,5.0,3.0,5.0,32.0,64.0,1.0,8.0,1.0,1.0,128.0,16.0,1.0,1.0,1.0,1.0,1.0,1.0,3.0,6.0,4.0,1.0,4.0,6.0,6.0,4.0,3.0,1.0,3.0,4.0,5.0,1.0,6.0,4.0,128.0,32.0,1.0,8.0,1.0,1.0,1.0,2.0,1.0,1.0,1.0,1.0,1.0,2.0,5.0,6.0,4.0,1.0,6.0,5.0,3.0,3.0,5.0,5.0,4.0,3.0,2.0,2.0,1.0,4.0,16.0,32.0,1.0,1.0,1.0,1.0,1.0,1.0,1.0,1.0,1.0,1.0,6.0,3.0,1.0,4.0,5.0,4.0,2.0,4.0,5.0,1.0,1.0,1.0,5.0,5.0,1.0,6.0,4.0,3.0,64.0,8.0,1.0,1.0,128.0,1.0,1.0,1.0,1.0,1.0,1.0,1.0,1.0,2.0,4.0,5.0,4.0,2.0,3.0,2.0,1.0,1.0,6.0,6.0,2.0,1.0,1.0,6.0,6.0,6.0,1024.0,2048.0,1.0,128.0,32.0,1.0,1.0,1.0,1.0,1.0,1.0,1.0,2516582520.0,15797298.0,19514700.0,0.21872460000000002,46.0,514.0,514.0,3.975520401003096e+16,1.0,1.7906290000000002,107.6,107.6
2048000.0,128000.0,256.0,64.0,1.0,38.0,48.0,6.0,3.0,6.0,2.0,1.0,2.0,5.0,4.0,6.0,2.0,5.0,6.0,3.0,5.0,2.0,3.0,1.0,5.0,5.0,6.0,6.0,3.0,5.0,4.0,3.0,128.0,16.0,1.0,8.0,6.0,1.0,1.0,1.0,1.0,1.0,1.0,1.0,2.0,4.0,3.0,6.0,1.0,2.0,1.0,4.0,3.0,4.0,3.0,4.0,6.0,5.0,3.0,4.0,3.0,4.0,8.0,8.0,1.0,16.0,2.0,1.0,16.0,128.0,1.0,1.0,1.0,1.0,5.0,3.0,6.0,6.0,4.0,2.0,6.0,2.0,1.0,4.0,2.0,5.0,1.0,3.0,2.0,6.0,1.0,5.0,1.0,64.0,1.0,2.0,16.0,1.0,1.0,32.0,1.0,1.0,1.0,1.0,1.0,4.0,1.0,1.0,4.0,3.0,1.0,1.0,6.0,1.0,3.0,5.0,1.0,6.0,5.0,6.0,2.0,2.0,2.0,64.0,1.0,512.0,2.0,1.0,1.0,1.0,1.0,1.0,1.0,1.0,6.0,6.0,5.0,3.0,2.0,3.0,2.0,2.0,3.0,5.0,2.0,4.0,1.0,4.0,1.0,1.0,1.0,2.0,4.0,32.0,1.0,128.0,8.0,1.0,1.0,1.0,1.0,1.0,1.0,1.0,3.0,2.0,4.0,5.0,3.0,2.0,2.0,2.0,3.0,6.0,4.0,6.0,6.0,5.0,3.0,5.0,5.0,6.0,2.0,64.0,1.0,2.0,64.0,1.0,1.0,1.0,1.0,1.0,1.0,1.0,421527672.0,15958810.320000002,3069880.0,0.03515203999999999,6.0,514.0,1804.0,6727080162079176.0,5.849307999999999,6.246328000000001,107.6,381.6
32000.0,32000.0,256.0,64.0,3.0,22.0,12.0,4.0,2.0,6.0,1.0,6.0,1.0,3.0,3.0,3.0,2.0,6.0,1.0,5.0,1.0,5.0,2.0,6.0,5.0,1.0,2.0,5.0,2.0,4.0,3.0,4.0,4.0,64.0,1.0,1.0,384.0,1.0,1.0,1.0,1.0,1.0,1.0,1.0,2.0,4.0,2.0,1.0,5.0,4.0,1.0,5.0,2.0,1.0,3.0,5.0,5.0,5.0,3.0,3.0,5.0,5.0,64.0,32.0,1.0,2.0,32.0,1.0,8.0,64.0,1.0,1.0,1.0,1.0,3.0,4.0,3.0,2.0,5.0,5.0,6.0,2.0,3.0,2.0,6.0,4.0,2.0,2.0,4.0,4.0,6.0,3.0,4.0,2.0,1.0,2.0,128.0,1.0,32.0,64.0,1.0,1.0,1.0,1.0,6.0,3.0,1.0,5.0,1.0,3.0,2.0,4.0,5.0,4.0,6.0,4.0,3.0,3.0,3.0,3.0,4.0,1.0,256.0,64.0,1.0,64.0,1.0,1.0,1.0,1.0,1.0,1.0,1.0,1.0,1.0,4.0,6.0,2.0,4.0,3.0,6.0,4.0,5.0,1.0,4.0,3.0,6.0,1.0,3.0,5.0,4.0,4.0,64.0,64.0,1.0,128.0,8.0,1.0,1.0,1.0,1.0,1.0,1.0,1.0,5.0,4.0,4.0,4.0,3.0,6.0,6.0,3.0,3.0,5.0,1.0,4.0,3.0,6.0,4.0,6.0,4.0,3.0,128.0,64.0,1.0,256.0,128.0,1.0,1.0,1.0,1.0,1.0,1.0,1.0,692801100.0,4027497.0400000005,975267000.0,5.7620965,1056.0,514.0,770048.0,2790254379558744.5,3.5,0.09375,107.6,119398.4
512000.0,512000.0,256.0,64.0,3.0,32.0,28.0,20.0,3.0,3.0,1.0,4.0,1.0,3.0,5.0,3.0,6.0,5.0,1.0,3.0,5.0,1.0,1.0,2.0,1.0,2.0,1.0,5.0,3.0,3.0,2.0,3.0,2.0,512.0,1.0,192.0,1536.0,1.0,1.0,1.0,1.0,1.0,1.0,1.0,2.0,6.0,6.0,3.0,5.0,3.0,3.0,2.0,4.0,6.0,5.0,5.0,3.0,3.0,3.0,3.0,5.0,5.0,32.0,16.0,1.0,32.0,32.0,1.0,32.0,8.0,1.0,1.0,1.0,1.0,6.0,3.0,6.0,3.0,5.0,2.0,6.0,4.0,6.0,3.0,6.0,6.0,3.0,6.0,1.0,3.0,5.0,5.0,4.0,2.0,1.0,1.0,1.0,1.0,8.0,16.0,1.0,1.0,1.0,1.0,5.0,6.0,5.0,2.0,5.0,4.0,6.0,6.0,3.0,3.0,3.0,6.0,5.0,6.0,6.0,5.0,3.0,5.0,128.0,32.0,1.0,128.0,32.0,1.0,1.0,1.0,1.0,1.0,1.0,1.0,2.0,3.0,3.0,1.0,6.0,1.0,5.0,2.0,6.0,4.0,3.0,5.0,5.0,4.0,2.0,2.0,3.0,6.0,1.0,32.0,1.0,128.0,512.0,1.0,1.0,1.0,1.0,1.0,1.0,1.0,4.0,5.0,5.0,5.0,2.0,6.0,1.0,3.0,4.0,4.0,5.0,1.0,4.0,3.0,2.0,6.0,1.0,3.0,64.0,1.0,1.0,8.0,64.0,1.0,1.0,1.0,1.0,1.0,1.0,1.0,41062068.0,4203586.859999999,170542000000.0,223.52304999999998,17920.0,514.0,2097152.0,172607969489226.47,64.53790000000001,1.5832519,107.6,122947.2
1024000.0,16000000.0,256.0,64.0,2.0,44.0,14.0,10.0,1.0,4.0,4.0,6.0,3.0,5.0,3.0,4.0,3.0,2.0,5.0,1.0,4.0,2.0,1.0,6.0,2.0,2.0,1.0,2.0,3.0,1.0,3.0,4.0,128.0,64.0,1.0,4.0,6.0,1.0,1.0,1.0,1.0,1.0,1.0,1.0,3.0,1.0,1.0,1.0,3.0,2.0,2.0,6.0,5.0,3.0,6.0,5.0,2.0,3.0,3.0,2.0,4.0,5.0,4.0,2.0,1.0,8.0,64.0,1.0,64.0,8.0,1.0,1.0,1.0,1.0,4.0,5.0,3.0,1.0,1.0,1.0,1.0,2.0,1.0,4.0,5.0,6.0,3.0,6.0,4.0,2.0,5.0,5.0,2.0,32.0,1.0,128.0,64.0,1.0,32.0,64.0,1.0,1.0,1.0,1.0,6.0,1.0,5.0,4.0,2.0,4.0,2.0,1.0,2.0,5.0,5.0,3.0,5.0,6.0,4.0,6.0,5.0,1.0,512.0,128.0,1.0,64.0,128.0,1.0,1.0,1.0,1.0,1.0,1.0,1.0,1.0,4.0,3.0,5.0,3.0,1.0,3.0,5.0,2.0,6.0,3.0,4.0,1.0,3.0,5.0,2.0,2.0,2.0,32.0,32.0,1.0,256.0,1024.0,1.0,1.0,1.0,1.0,1.0,1.0,1.0,5.0,3.0,2.0,4.0,3.0,4.0,4.0,6.0,3.0,5.0,4.0,3.0,5.0,5.0,2.0,4.0,5.0,6.0,4.0,256.0,1.0,8.0,128.0,1.0,1.0,1.0,1.0,1.0,1.0,1.0,2517205080.0,5647933.300000001,64588600.0,0.6951726000000001,140.0,514.0,90112.0,1.4217006394261166e+16,1.0,0.40642275,107.6,10704.0
2048.0,16000000.0,256.0,64.0,2.0,24.0,12.0,4.0,4.0,2.0,3.0,3.0,4.0,2.0,4.0,3.0,4.0,2.0,2.0,2.0,5.0,3.0,4.0,5.0,1.0,4.0,4.0,5.0,3.0,4.0,1.0,5.0,2.0,8.0,1.0,768.0,384.0,1.0,1.0,1.0,1.0,1.0,1.0,1.0,5.0,5.0,5.0,4.0,2.0,1.0,4.0,4.0,2.0,1.0,4.0,2.0,4.0,4.0,6.0,2.0,5.0,1.0,64.0,1.0,1.0,16.0,128.0,1.0,8.0,16.0,1.0,1.0,1.0,1.0,5.0,4.0,5.0,4.0,4.0,4.0,3.0,6.0,1.0,1.0,2.0,2.0,5.0,3.0,1.0,5.0,4.0,5.0,16.0,2.0,1.0,64.0,1.0,1.0,16.0,8.0,1.0,1.0,1.0,1.0,2.0,4.0,3.0,4.0,3.0,1.0,5.0,4.0,3.0,3.0,6.0,1.0,1.0,4.0,1.0,5.0,6.0,4.0,128.0,64.0,1.0,2.0,512.0,1.0,1.0,1.0,1.0,1.0,1.0,1.0,5.0,3.0,4.0,4.0,3.0,1.0,5.0,6.0,2.0,4.0,4.0,2.0,6.0,3.0,1.0,2.0,5.0,5.0,32.0,4.0,1.0,1.0,16.0,1.0,1.0,1.0,1.0,1.0,1.0,1.0,3.0,3.0,5.0,2.0,4.0,2.0,4.0,1.0,6.0,4.0,6.0,4.0,4.0,3.0,2.0,1.0,6.0,1.0,8.0,32.0,1.0,2.0,2.0,1.0,1.0,1.0,1.0,1.0,1.0,1.0,225424788.0,7790678.460000001,20393600.0,0.2802215,48.0,514.0,133632.0,1756212040221666.8,10.67882,4.955143039999999,107.6,15243.2
1024000.0,2048000.0,256.0,64.0,3.0,4.0,42.0,32.0,5.0,5.0,1.0,1.0,1.0,5.0,6.0,6.0,1.0,4.0,6.0,1.0,3.0,2.0,2.0,6.0,3.0,3.0,6.0,3.0,6.0,1.0,3.0,2.0,4.0,512.0,1.0,6.0,256.0,1.0,1.0,1.0,1.0,1.0,1.0,1.0,4.0,5.0,2.0,5.0,5.0,2.0,6.0,1.0,1.0,3.0,4.0,1.0,1.0,6.0,3.0,5.0,6.0,3.0,2.0,4.0,1.0,16.0,2.0,1.0,2.0,32.0,1.0,1.0,1.0,1.0,3.0,6.0,6.0,4.0,3.0,3.0,5.0,3.0,1.0,4.0,5.0,6.0,2.0,2.0,2.0,3.0,3.0,3.0,2.0,1.0,1.0,128.0,128.0,1.0,2.0,8.0,1.0,1.0,1.0,1.0,3.0,6.0,4.0,2.0,4.0,3.0,3.0,2.0,5.0,3.0,2.0,6.0,6.0,1.0,5.0,3.0,4.0,2.0,64.0,8.0,1.0,2.0,64.0,1.0,1.0,1.0,1.0,1.0,1.0,1.0,1.0,4.0,3.0,2.0,3.0,4.0,3.0,6.0,5.0,6.0,1.0,1.0,4.0,6.0,6.0,5.0,2.0,5.0,16.0,64.0,1.0,8.0,8.0,1.0,1.0,1.0,1.0,1.0,1.0,1.0,6.0,4.0,5.0,3.0,4.0,2.0,3.0,1.0,1.0,2.0,2.0,6.0,3.0,6.0,5.0,5.0,1.0,6.0,2048.0,32.0,1.0,512.0,32.0,1.0,1.0,1.0,1.0,1.0,1.0,1.0,291327144.0,4233230.459999999,16797100000.0,37.983645,5376.0,514.0,2752512.0,1233254939805606.0,22.875,1.073242,107.6,172595.2
256000.0,2048000.0,256.0,64.0,3.0,44.0,18.0,40.0,3.0,1.0,6.0,6.0,5.0,6.0,3.0,6.0,6.0,1.0,3.0,2.0,6.0,3.0,2.0,1.0,2.0,1.0,1.0,1.0,1.0,4.0,4.0,6.0,1.0,512.0,1.0,384.0,1.0,1.0,1.0,1.0,1.0,1.0,1.0,1.0,3.0,2.0,5.0,5.0,5.0,1.0,5.0,1.0,1.0,2.0,2.0,2.0,6.0,6.0,3.0,3.0,3.0,2.0,2.0,64.0,1.0,128.0,32.0,1.0,64.0,4.0,1.0,1.0,1.0,1.0,6.0,4.0,4.0,3.0,6.0,2.0,5.0,6.0,2.0,6.0,3.0,5.0,2.0,6.0,1.0,6.0,1.0,3.0,4.0,8.0,1.0,16.0,16.0,1.0,64.0,1.0,1.0,1.0,1.0,1.0,2.0,3.0,4.0,3.0,2.0,2.0,1.0,5.0,4.0,5.0,6.0,4.0,3.0,4.0,5.0,4.0,3.0,6.0,2.0,8.0,1.0,512.0,1.0,1.0,1.0,1.0,1.0,1.0,1.0,1.0,2.0,2.0,1.0,2.0,1.0,3.0,6.0,1.0,2.0,3.0,4.0,4.0,2.0,1.0,6.0,3.0,5.0,3.0,16.0,128.0,1.0,1024.0,1.0,1.0,1.0,1.0,1.0,1.0,1.0,1.0,1.0,3.0,3.0,6.0,1.0,3.0,3.0,2.0,2.0,4.0,4.0,3.0,5.0,4.0,5.0,5.0,2.0,6.0,2.0,2048.0,1.0,4.0,64.0,1.0,1.0,1.0,1.0,1.0,1.0,1.0,2499015648.0,4064433.7800000007,523638000000.0,585.8491,31680.0,514.0,802816.0,1.0157083616479792e+16,1.4,0.046093550000000004,107.6,133734.4
64000.0,16000.0,256.0,64.0,1.0,30.0,22.0,14.0,4.0,4.0,6.0,1.0,6.0,3.0,3.0,1.0,2.0,6.0,3.0,4.0,2.0,5.0,3.0,4.0,5.0,5.0,1.0,2.0,3.0,2.0,6.0,5.0,2.0,16.0,1.0,4.0,4.0,1.0,1.0,1.0,1.0,1.0,1.0,1.0,5.0,5.0,6.0,2.0,6.0,2.0,4.0,6.0,4.0,4.0,5.0,2.0,6.0,4.0,5.0,4.0,1.0,5.0,1.0,8.0,1.0,2.0,8.0,1.0,64.0,128.0,1.0,1.0,1.0,1.0,3.0,3.0,2.0,4.0,5.0,6.0,3.0,3.0,2.0,2.0,6.0,6.0,3.0,1.0,5.0,6.0,2.0,3.0,2.0,128.0,1.0,4.0,4.0,1.0,64.0,8.0,1.0,1.0,1.0,1.0,4.0,2.0,2.0,6.0,6.0,4.0,5.0,2.0,3.0,6.0,6.0,6.0,6.0,5.0,3.0,3.0,1.0,1.0,512.0,8.0,1.0,512.0,128.0,1.0,1.0,1.0,1.0,1.0,1.0,1.0,3.0,2.0,2.0,4.0,3.0,3.0,3.0,1.0,5.0,2.0,1.0,3.0,1.0,5.0,6.0,3.0,3.0,4.0,1.0,512.0,1.0,512.0,64.0,1.0,1.0,1.0,1.0,1.0,1.0,1.0,1.0,2.0,3.0,4.0,6.0,5.0,5.0,6.0,1.0,3.0,5.0,2.0,6.0,3.0,2.0,3.0,4.0,6.0,1.0,16.0,1.0,64.0,2.0,1.0,1.0,1.0,1.0,1.0,1.0,1.0,2423783544.0,21463708.560000002,6228280.0,0.07112061999999998,14.0,514.0,514.0,5.2023383600939944e+16,10.440000000000001,10.444221,107.6,149.2
1024000.0,32000000.0,256.0,64.0,2.0,48.0,2.0,20.0,4.0,4.0,3.0,6.0,1.0,1.0,4.0,4.0,1.0,4.0,5.0,1.0,1.0,2.0,4.0,5.0,4.0,3.0,1.0,2.0,5.0,4.0,6.0,1.0,1.0,512.0,1.0,192.0,96.0,1.0,1.0,1.0,1.0,1.0,1.0,1.0,2.0,5.0,3.0,5.0,6.0,1.0,4.0,1.0,4.0,4.0,2.0,1.0,6.0,5.0,2.0,5.0,3.0,6.0,2.0,2.0,1.0,16.0,16.0,1.0,8.0,128.0,1.0,1.0,1.0,1.0,1.0,1.0,1.0,5.0,2.0,5.0,4.0,6.0,3.0,5.0,4.0,6.0,1.0,2.0,1.0,4.0,4.0,1.0,4.0,128.0,1.0,8.0,2.0,1.0,32.0,64.0,1.0,1.0,1.0,1.0,5.0,6.0,2.0,2.0,1.0,5.0,6.0,2.0,1.0,6.0,2.0,2.0,1.0,2.0,4.0,6.0,4.0,1.0,2.0,256.0,1.0,32.0,512.0,1.0,1.0,1.0,1.0,1.0,1.0,1.0,4.0,6.0,6.0,5.0,5.0,6.0,3.0,2.0,4.0,3.0,3.0,5.0,4.0,5.0,5.0,5.0,1.0,1.0,4.0,16.0,1.0,512.0,4.0,1.0,1.0,1.0,1.0,1.0,1.0,1.0,4.0,5.0,5.0,6.0,6.0,6.0,3.0,6.0,4.0,3.0,5.0,3.0,5.0,1.0,3.0,3.0,4.0,3.0,1.0,4.0,1.0,32.0,512.0,1.0,1.0,1.0,1.0,1.0,1.0,1.0,1750892682.0,11653000.560000002,16946500.0,0.1992436,40.0,514.0,25024.0,2.0403153403845908e+16,2.8,1.4011714,107.6,2523.2
64000.0,16000000.0,256.0,64.0,1.0,28.0,40.0,44.0,1.0,4.0,4.0,6.0,1.0,2.0,1.0,1.0,3.0,5.0,4.0,2.0,2.0,5.0,5.0,2.0,6.0,3.0,5.0,2.0,5.0,2.0,3.0,1.0,256.0,16.0,1.0,512.0,96.0,1.0,1.0,1.0,1.0,1.0,1.0,1.0,5.0,5.0,6.0,6.0,2.0,5.0,2.0,4.0,2.0,6.0,5.0,6.0,3.0,6.0,1.0,3.0,3.0,3.0,4.0,8.0,1.0,128.0,2.0,1.0,2.0,8.0,1.0,1.0,1.0,1.0,2.0,1.0,3.0,4.0,4.0,2.0,4.0,6.0,6.0,4.0,2.0,2.0,6.0,4.0,5.0,4.0,1.0,1.0,2.0,128.0,1.0,128.0,64.0,1.0,8.0,32.0,1.0,1.0,1.0,1.0,3.0,5.0,5.0,2.0,1.0,1.0,4.0,2.0,1.0,5.0,1.0,1.0,5.0,5.0,1.0,4.0,6.0,5.0,16.0,4.0,1.0,1.0,16.0,1.0,1.0,1.0,1.0,1.0,1.0,1.0,6.0,4.0,1.0,3.0,6.0,5.0,2.0,3.0,5.0,6.0,1.0,1.0,5.0,6.0,4.0,1.0,1.0,2.0,32.0,512.0,1.0,32.0,1024.0,1.0,1.0,1.0,1.0,1.0,1.0,1.0,3.0,3.0,2.0,2.0,4.0,4.0,2.0,4.0,3.0,5.0,5.0,3.0,4.0,4.0,6.0,3.0,3.0,3.0,2048.0,128.0,1.0,256.0,64.0,1.0,1.0,1.0,1.0,1.0,1.0,1.0,2516582520.0,19083813.6,18653700.0,0.20944939999999998,44.0,514.0,514.0,4.802599172069827e+16,1.0,1.003515,107.6,107.6
16000.0,512000.0,256.0,64.0,3.0,30.0,34.0,16.0,5.0,4.0,2.0,5.0,1.0,2.0,6.0,5.0,2.0,6.0,2.0,1.0,5.0,5.0,1.0,1.0,5.0,2.0,5.0,6.0,1.0,5.0,1.0,2.0,32.0,64.0,1.0,384.0,128.0,1.0,1.0,1.0,1.0,1.0,1.0,1.0,4.0,5.0,2.0,5.0,1.0,5.0,2.0,4.0,1.0,5.0,2.0,5.0,4.0,1.0,1.0,5.0,4.0,5.0,32.0,4.0,1.0,4.0,4.0,1.0,32.0,32.0,1.0,1.0,1.0,1.0,6.0,5.0,4.0,5.0,1.0,6.0,1.0,3.0,1.0,2.0,1.0,2.0,3.0,1.0,6.0,6.0,6.0,6.0,16.0,32.0,1.0,8.0,64.0,1.0,8.0,64.0,1.0,1.0,1.0,1.0,1.0,6.0,3.0,5.0,4.0,1.0,6.0,6.0,5.0,4.0,5.0,1.0,3.0,3.0,5.0,1.0,2.0,5.0,2.0,64.0,1.0,512.0,128.0,1.0,1.0,1.0,1.0,1.0,1.0,1.0,3.0,6.0,3.0,3.0,1.0,4.0,1.0,6.0,5.0,2.0,5.0,1.0,3.0,1.0,3.0,6.0,5.0,3.0,512.0,256.0,1.0,256.0,32.0,1.0,1.0,1.0,1.0,1.0,1.0,1.0,2.0,4.0,3.0,6.0,4.0,2.0,3.0,5.0,3.0,1.0,4.0,6.0,6.0,6.0,3.0,5.0,5.0,3.0,512.0,1.0,1.0,8.0,2.0,1.0,1.0,1.0,1.0,1.0,1.0,1.0,166043820.0,3947611.6800000006,142008000000.0,192.22129999999999,16320.0,514.0,786432.0,655476523223817.8,30.0,0.6960917499999998,107.6,139673.6
2048000.0,1024000.0,256.0,64.0,2.0,34.0,10.0,6.0,1.0,2.0,6.0,5.0,4.0,5.0,3.0,2.0,6.0,1.0,5.0,3.0,4.0,6.0,6.0,6.0,4.0,5.0,5.0,3.0,4.0,3.0,1.0,2.0,64.0,64.0,1.0,192.0,12.0,1.0,1.0,1.0,1.0,1.0,1.0,1.0,3.0,4.0,2.0,3.0,6.0,6.0,5.0,6.0,6.0,4.0,1.0,2.0,3.0,6.0,3.0,2.0,3.0,4.0,2.0,4.0,1.0,32.0,1.0,1.0,64.0,128.0,1.0,1.0,1.0,1.0,3.0,2.0,3.0,4.0,6.0,3.0,4.0,5.0,1.0,3.0,1.0,3.0,6.0,6.0,2.0,1.0,6.0,1.0,128.0,64.0,1.0,128.0,128.0,1.0,16.0,32.0,1.0,1.0,1.0,1.0,4.0,5.0,2.0,4.0,3.0,6.0,5.0,3.0,3.0,3.0,3.0,4.0,6.0,4.0,1.0,5.0,2.0,4.0,128.0,16.0,1.0,16.0,512.0,1.0,1.0,1.0,1.0,1.0,1.0,1.0,4.0,5.0,4.0,3.0,5.0,6.0,5.0,4.0,6.0,3.0,1.0,2.0,6.0,5.0,6.0,3.0,1.0,3.0,8.0,256.0,1.0,1024.0,256.0,1.0,1.0,1.0,1.0,1.0,1.0,1.0,1.0,4.0,1.0,3.0,2.0,6.0,1.0,2.0,2.0,6.0,4.0,6.0,3.0,5.0,5.0,3.0,2.0,6.0,32.0,128.0,1.0,4.0,32.0,1.0,1.0,1.0,1.0,1.0,1.0,1.0,2453931894.0,5971095.92,25663100.0,0.36008994999999994,60.0,514.0,71680.0,1.4652662720221272e+16,2.6,0.8133361750000001,107.6,22235.2
16000.0,256000.0,256.0,64.0,3.0,20.0,20.0,32.0,4.0,3.0,2.0,3.0,4.0,6.0,4.0,4.0,5.0,5.0,3.0,2.0,1.0,2.0,2.0,3.0,5.0,4.0,3.0,1.0,1.0,1.0,2.0,5.0,4.0,8.0,1.0,3.0,128.0,1.0,1.0,1.0,1.0,1.0,1.0,1.0,5.0,5.0,1.0,1.0,5.0,1.0,2.0,3.0,6.0,2.0,1.0,4.0,2.0,5.0,6.0,4.0,5.0,4.0,4.0,64.0,1.0,1.0,1.0,1.0,1.0,4.0,1.0,1.0,1.0,1.0,1.0,6.0,1.0,2.0,4.0,1.0,4.0,1.0,3.0,1.0,1.0,4.0,2.0,2.0,3.0,2.0,1.0,6.0,128.0,128.0,1.0,1.0,8.0,1.0,2.0,2.0,1.0,1.0,1.0,1.0,3.0,3.0,6.0,1.0,3.0,3.0,1.0,4.0,1.0,2.0,1.0,4.0,6.0,5.0,5.0,3.0,6.0,4.0,256.0,256.0,1.0,512.0,512.0,1.0,1.0,1.0,1.0,1.0,1.0,1.0,3.0,6.0,4.0,4.0,4.0,2.0,1.0,2.0,4.0,6.0,1.0,6.0,6.0,4.0,2.0,2.0,4.0,5.0,32.0,4.0,1.0,8.0,512.0,1.0,1.0,1.0,1.0,1.0,1.0,1.0,6.0,3.0,1.0,5.0,3.0,4.0,3.0,2.0,6.0,3.0,6.0,5.0,5.0,6.0,5.0,6.0,6.0,2.0,256.0,1.0,1.0,128.0,4.0,1.0,1.0,1.0,1.0,1.0,1.0,1.0,699928620.0,4603100.380000001,88417900000.0,130.79295,12800.0,514.0,458752.0,3221841696694876.0,8.334615000000001,4.8463434,107.6,42870.4
128.0,64000.0,256.0,64.0,1.0,34.0,28.0,16.0,4.0,1.0,2.0,1.0,1.0,2.0,3.0,1.0,3.0,6.0,2.0,3.0,3.0,1.0,1.0,5.0,5.0,3.0,2.0,6.0,6.0,3.0,4.0,6.0,256.0,1.0,1.0,32.0,2.0,1.0,1.0,1.0,1.0,1.0,1.0,1.0,1.0,2.0,6.0,5.0,4.0,5.0,3.0,3.0,5.0,1.0,3.0,3.0,6.0,4.0,4.0,4.0,2.0,3.0,8.0,8.0,1.0,32.0,8.0,1.0,32.0,4.0,1.0,1.0,1.0,1.0,1.0,5.0,3.0,6.0,4.0,4.0,5.0,3.0,3.0,3.0,4.0,5.0,1.0,5.0,1.0,4.0,4.0,4.0,32.0,8.0,1.0,2.0,2.0,1.0,64.0,2.0,1.0,1.0,1.0,1.0,6.0,5.0,5.0,4.0,3.0,3.0,6.0,5.0,5.0,2.0,5.0,5.0,3.0,5.0,2.0,1.0,3.0,6.0,2.0,16.0,1.0,8.0,256.0,1.0,1.0,1.0,1.0,1.0,1.0,1.0,1.0,5.0,3.0,3.0,5.0,2.0,1.0,6.0,3.0,1.0,4.0,5.0,2.0,2.0,5.0,2.0,4.0,6.0,32.0,512.0,1.0,2.0,1.0,1.0,1.0,1.0,1.0,1.0,1.0,1.0,4.0,6.0,6.0,5.0,2.0,4.0,6.0,6.0,5.0,3.0,5.0,3.0,3.0,6.0,1.0,3.0,5.0,1.0,64.0,64.0,1.0,1.0,8.0,1.0,1.0,1.0,1.0,1.0,1.0,1.0,157286712.0,12596376.48,7028500.0,0.08300563999999999,16.0,514.0,4384.0,1981242639653333.8,16.0,15.304008500000002,107.6,929.6
1024000.0,64000.0,256.0,64.0,3.0,4.0,10.0,4.0,1.0,5.0,1.0,2.0,4.0,4.0,6.0,1.0,6.0,5.0,3.0,2.0,4.0,2.0,5.0,4.0,4.0,2.0,2.0,3.0,5.0,2.0,2.0,2.0,16.0,2.0,1.0,4.0,8.0,1.0,1.0,1.0,1.0,1.0,1.0,1.0,6.0,6.0,2.0,2.0,4.0,2.0,5.0,3.0,1.0,3.0,1.0,2.0,4.0,5.0,2.0,3.0,6.0,6.0,8.0,2.0,1.0,128.0,4.0,1.0,8.0,1.0,1.0,1.0,1.0,1.0,5.0,4.0,4.0,6.0,1.0,2.0,6.0,5.0,1.0,5.0,1.0,5.0,6.0,3.0,4.0,4.0,4.0,5.0,64.0,1.0,1.0,1.0,128.0,1.0,32.0,64.0,1.0,1.0,1.0,1.0,5.0,5.0,1.0,5.0,2.0,1.0,3.0,3.0,5.0,3.0,5.0,1.0,4.0,3.0,3.0,6.0,1.0,1.0,16.0,32.0,1.0,4.0,32.0,1.0,1.0,1.0,1.0,1.0,1.0,1.0,2.0,4.0,4.0,6.0,6.0,1.0,4.0,1.0,6.0,1.0,3.0,2.0,2.0,5.0,4.0,5.0,5.0,6.0,2.0,64.0,1.0,8.0,256.0,1.0,1.0,1.0,1.0,1.0,1.0,1.0,4.0,4.0,3.0,1.0,2.0,1.0,6.0,2.0,3.0,4.0,6.0,5.0,1.0,4.0,6.0,1.0,5.0,3.0,1024.0,2.0,1.0,32.0,256.0,1.0,1.0,1.0,1.0,1.0,1.0,1.0,914183268.0,4161477.3600000003,75472500.0,1.1340258,160.0,514.0,1376256.0,3804352972672813.0,1.5,0.05458985,107.6,110489.6
1024.0,4096000.0,256.0,64.0,1.0,44.0,46.0,28.0,1.0,1.0,6.0,6.0,5.0,3.0,2.0,5.0,1.0,5.0,2.0,5.0,6.0,3.0,3.0,2.0,3.0,1.0,6.0,3.0,1.0,5.0,6.0,4.0,8.0,2.0,1.0,32.0,64.0,1.0,1.0,1.0,1.0,1.0,1.0,1.0,6.0,1.0,1.0,3.0,6.0,5.0,2.0,3.0,5.0,5.0,6.0,2.0,6.0,5.0,4.0,1.0,5.0,4.0,64.0,2.0,1.0,1.0,64.0,1.0,4.0,128.0,1.0,1.0,1.0,1.0,5.0,5.0,1.0,4.0,3.0,5.0,2.0,2.0,3.0,1.0,6.0,1.0,2.0,4.0,6.0,4.0,3.0,2.0,16.0,1.0,1.0,64.0,64.0,1.0,8.0,1.0,1.0,1.0,1.0,1.0,2.0,2.0,4.0,4.0,3.0,3.0,4.0,3.0,2.0,4.0,6.0,5.0,1.0,6.0,4.0,6.0,2.0,6.0,32.0,16.0,1.0,16.0,4.0,1.0,1.0,1.0,1.0,1.0,1.0,1.0,5.0,1.0,4.0,3.0,3.0,6.0,6.0,5.0,5.0,3.0,5.0,4.0,6.0,4.0,4.0,1.0,3.0,1.0,64.0,32.0,1.0,64.0,1024.0,1.0,1.0,1.0,1.0,1.0,1.0,1.0,4.0,2.0,4.0,2.0,3.0,1.0,2.0,5.0,2.0,4.0,3.0,2.0,3.0,2.0,6.0,5.0,3.0,6.0,4.0,512.0,1.0,16.0,16.0,1.0,1.0,1.0,1.0,1.0,1.0,1.0,2420244600.0,16228943.999999998,11912700.0,0.13567159999999998,28.0,514.0,514.0,3.927801407970239e+16,18.973320000000005,19.37123,107.6,194.0
256000.0,64000.0,256.0,64.0,3.0,38.0,20.0,28.0,5.0,5.0,4.0,4.0,2.0,2.0,3.0,4.0,2.0,2.0,1.0,4.0,1.0,3.0,1.0,1.0,2.0,4.0,4.0,2.0,4.0,2.0,6.0,1.0,128.0,4.0,1.0,1536.0,1.0,1.0,1.0,1.0,1.0,1.0,1.0,1.0,1.0,3.0,4.0,4.0,4.0,5.0,6.0,6.0,2.0,5.0,1.0,1.0,5.0,3.0,6.0,2.0,4.0,1.0,1.0,1.0,1.0,16.0,2.0,1.0,2.0,16.0,1.0,1.0,1.0,1.0,2.0,5.0,2.0,1.0,2.0,3.0,6.0,3.0,1.0,3.0,3.0,4.0,4.0,4.0,3.0,2.0,3.0,3.0,16.0,32.0,1.0,128.0,2.0,1.0,4.0,2.0,1.0,1.0,1.0,1.0,4.0,5.0,1.0,4.0,5.0,6.0,2.0,6.0,4.0,2.0,5.0,1.0,1.0,2.0,6.0,3.0,3.0,2.0,8.0,16.0,1.0,512.0,512.0,1.0,1.0,1.0,1.0,1.0,1.0,1.0,5.0,6.0,2.0,1.0,5.0,6.0,6.0,4.0,3.0,2.0,5.0,2.0,3.0,2.0,4.0,6.0,6.0,4.0,64.0,64.0,1.0,16.0,8.0,1.0,1.0,1.0,1.0,1.0,1.0,1.0,6.0,1.0,3.0,6.0,4.0,1.0,3.0,1.0,6.0,2.0,3.0,4.0,3.0,5.0,3.0,5.0,3.0,4.0,512.0,32.0,1.0,4.0,1.0,1.0,1.0,1.0,1.0,1.0,1.0,1.0,115193382.0,3929792.5200000005,238955000000.0,296.924,21280.0,514.0,2097152.0,452686090937102.7,263.18961,12.71913065,107.6,193945.6
512000.0,1024000.0,256.0,64.0,2.0,4.0,32.0,38.0,2.0,2.0,5.0,6.0,2.0,2.0,3.0,4.0,1.0,2.0,1.0,5.0,5.0,4.0,3.0,5.0,2.0,2.0,5.0,6.0,2.0,5.0,4.0,2.0,64.0,1.0,1.0,32.0,2.0,1.0,1.0,1.0,1.0,1.0,1.0,1.0,1.0,3.0,2.0,6.0,2.0,3.0,1.0,2.0,2.0,5.0,4.0,5.0,6.0,5.0,5.0,6.0,3.0,1.0,8.0,8.0,1.0,8.0,32.0,1.0,2.0,4.0,1.0,1.0,1.0,1.0,3.0,6.0,4.0,2.0,4.0,3.0,6.0,1.0,6.0,3.0,4.0,2.0,4.0,1.0,6.0,3.0,2.0,5.0,64.0,32.0,1.0,128.0,8.0,1.0,2.0,64.0,1.0,1.0,1.0,1.0,6.0,1.0,6.0,6.0,6.0,3.0,4.0,3.0,3.0,1.0,1.0,5.0,3.0,4.0,2.0,5.0,2.0,6.0,512.0,512.0,1.0,128.0,4.0,1.0,1.0,1.0,1.0,1.0,1.0,1.0,2.0,3.0,6.0,2.0,5.0,5.0,3.0,6.0,5.0,5.0,6.0,3.0,6.0,3.0,4.0,1.0,5.0,2.0,4.0,2.0,1.0,64.0,256.0,1.0,1.0,1.0,1.0,1.0,1.0,1.0,4.0,4.0,3.0,2.0,2.0,6.0,3.0,1.0,3.0,3.0,5.0,5.0,6.0,6.0,6.0,4.0,1.0,5.0,2048.0,128.0,1.0,4.0,128.0,1.0,1.0,1.0,1.0,1.0,1.0,1.0,2469165918.0,8555682.18,1221990000.0,6.2789340000000005,1216.0,514.0,136192.0,2.112539884409594e+16,1.8,0.8983516389999998,107.6,9792.2
256000.0,128000.0,256.0,64.0,3.0,46.0,14.0,44.0,5.0,2.0,4.0,2.0,1.0,2.0,2.0,4.0,2.0,4.0,6.0,2.0,4.0,2.0,3.0,2.0,3.0,6.0,6.0,5.0,6.0,1.0,2.0,5.0,32.0,64.0,1.0,12.0,96.0,1.0,1.0,1.0,1.0,1.0,1.0,1.0,3.0,1.0,2.0,2.0,3.0,5.0,3.0,3.0,2.0,1.0,6.0,6.0,1.0,4.0,1.0,2.0,4.0,1.0,4.0,16.0,1.0,64.0,128.0,1.0,128.0,64.0,1.0,1.0,1.0,1.0,2.0,3.0,2.0,1.0,3.0,2.0,6.0,1.0,3.0,4.0,1.0,3.0,2.0,6.0,5.0,5.0,6.0,5.0,4.0,8.0,1.0,32.0,2.0,1.0,1.0,64.0,1.0,1.0,1.0,1.0,3.0,1.0,2.0,3.0,1.0,6.0,6.0,4.0,4.0,3.0,4.0,5.0,3.0,3.0,4.0,6.0,3.0,2.0,2.0,16.0,1.0,16.0,2.0,1.0,1.0,1.0,1.0,1.0,1.0,1.0,3.0,4.0,5.0,2.0,6.0,2.0,5.0,5.0,6.0,4.0,3.0,5.0,5.0,4.0,2.0,2.0,5.0,4.0,8.0,64.0,1.0,32.0,256.0,1.0,1.0,1.0,1.0,1.0,1.0,1.0,4.0,6.0,1.0,2.0,5.0,4.0,5.0,1.0,6.0,4.0,3.0,4.0,6.0,4.0,6.0,5.0,1.0,6.0,128.0,1.0,1.0,1.0,32.0,1.0,1.0,1.0,1.0,1.0,1.0,1.0,63700128.0,3905296.6900000004,420077000000.0,482.47634999999997,28336.0,514.0,663552.0,248767899030976.34,287.84000000000003,4.2515625,107.6,114073.6
512.0,512000.0,256.0,64.0,1.0,36.0,12.0,4.0,1.0,3.0,5.0,4.0,5.0,6.0,2.0,4.0,3.0,4.0,1.0,5.0,3.0,5.0,1.0,5.0,3.0,2.0,5.0,6.0,2.0,5.0,1.0,5.0,8.0,64.0,1.0,192.0,192.0,1.0,1.0,1.0,1.0,1.0,1.0,1.0,2.0,1.0,1.0,5.0,1.0,5.0,6.0,3.0,5.0,6.0,2.0,1.0,6.0,5.0,2.0,6.0,4.0,1.0,64.0,64.0,1.0,32.0,16.0,1.0,16.0,8.0,1.0,1.0,1.0,1.0,2.0,1.0,2.0,6.0,1.0,6.0,5.0,2.0,1.0,1.0,2.0,3.0,2.0,3.0,6.0,3.0,1.0,4.0,1.0,8.0,1.0,64.0,64.0,1.0,64.0,8.0,1.0,1.0,1.0,1.0,3.0,3.0,5.0,2.0,1.0,6.0,3.0,3.0,4.0,6.0,3.0,2.0,1.0,4.0,3.0,3.0,3.0,5.0,32.0,16.0,1.0,32.0,1.0,1.0,1.0,1.0,1.0,1.0,1.0,1.0,1.0,1.0,1.0,2.0,2.0,4.0,4.0,6.0,1.0,6.0,6.0,5.0,5.0,1.0,4.0,5.0,3.0,6.0,2.0,2.0,1.0,64.0,4.0,1.0,1.0,1.0,1.0,1.0,1.0,1.0,3.0,6.0,4.0,2.0,2.0,4.0,4.0,1.0,5.0,6.0,5.0,6.0,5.0,3.0,6.0,1.0,5.0,3.0,8.0,64.0,1.0,256.0,512.0,1.0,1.0,1.0,1.0,1.0,1.0,1.0,2516582520.0,19313216.400000002,2290310.0,0.025014100000000008,4.0,514.0,514.0,4.8603302797217336e+16,1.0,1.39768,107.6,107.6
32000.0,4096000.0,256.0,64.0,1.0,38.0,46.0,42.0,1.0,6.0,1.0,2.0,1.0,3.0,4.0,1.0,5.0,3.0,4.0,2.0,4.0,3.0,6.0,3.0,5.0,6.0,4.0,3.0,4.0,4.0,3.0,3.0,1.0,8.0,1.0,32.0,384.0,1.0,1.0,1.0,1.0,1.0,1.0,1.0,2.0,5.0,3.0,2.0,5.0,2.0,6.0,4.0,4.0,5.0,4.0,3.0,4.0,1.0,2.0,4.0,1.0,1.0,16.0,8.0,1.0,4.0,2.0,1.0,1.0,2.0,1.0,1.0,1.0,1.0,3.0,3.0,5.0,1.0,5.0,3.0,2.0,4.0,1.0,4.0,2.0,1.0,5.0,1.0,5.0,1.0,3.0,1.0,64.0,16.0,1.0,16.0,1.0,1.0,1.0,64.0,1.0,1.0,1.0,1.0,1.0,1.0,4.0,1.0,4.0,5.0,3.0,3.0,6.0,2.0,3.0,1.0,2.0,1.0,4.0,1.0,6.0,5.0,1.0,128.0,1.0,128.0,256.0,1.0,1.0,1.0,1.0,1.0,1.0,1.0,6.0,4.0,2.0,5.0,2.0,5.0,3.0,3.0,3.0,5.0,1.0,6.0,2.0,6.0,3.0,1.0,3.0,5.0,64.0,1.0,1.0,128.0,16.0,1.0,1.0,1.0,1.0,1.0,1.0,1.0,4.0,2.0,3.0,1.0,6.0,6.0,1.0,6.0,4.0,3.0,4.0,6.0,2.0,5.0,5.0,4.0,3.0,2.0,64.0,1024.0,1.0,32.0,512.0,1.0,1.0,1.0,1.0,1.0,1.0,1.0,62521464.0,15360322.079999998,17797900.0,0.20792899999999997,42.0,514.0,11092.0,960349823953125.0,33.70393,33.706289999999996,107.6,2354.4
8192.0,128000.0,256.0,64.0,3.0,2.0,4.0,48.0,5.0,3.0,6.0,3.0,2.0,6.0,4.0,3.0,5.0,4.0,6.0,2.0,2.0,4.0,6.0,1.0,3.0,5.0,1.0,6.0,2.0,1.0,6.0,1.0,32.0,8.0,1.0,128.0,8.0,1.0,1.0,1.0,1.0,1.0,1.0,1.0,1.0,1.0,5.0,4.0,2.0,1.0,1.0,6.0,1.0,5.0,4.0,3.0,4.0,2.0,5.0,6.0,5.0,1.0,2.0,1.0,1.0,128.0,2.0,1.0,128.0,2.0,1.0,1.0,1.0,1.0,4.0,3.0,4.0,1.0,2.0,6.0,6.0,3.0,2.0,6.0,2.0,2.0,4.0,3.0,4.0,2.0,2.0,2.0,2.0,2.0,1.0,128.0,128.0,1.0,16.0,4.0,1.0,1.0,1.0,1.0,4.0,4.0,1.0,3.0,2.0,1.0,5.0,6.0,1.0,1.0,4.0,5.0,2.0,1.0,1.0,3.0,4.0,3.0,16.0,512.0,1.0,512.0,1.0,1.0,1.0,1.0,1.0,1.0,1.0,1.0,5.0,3.0,2.0,5.0,5.0,6.0,4.0,6.0,2.0,6.0,4.0,4.0,1.0,2.0,3.0,2.0,5.0,1.0,8.0,8.0,1.0,1024.0,64.0,1.0,1.0,1.0,1.0,1.0,1.0,1.0,1.0,2.0,2.0,6.0,1.0,1.0,4.0,6.0,2.0,5.0,4.0,1.0,6.0,3.0,6.0,1.0,1.0,6.0,64.0,32.0,1.0,8.0,64.0,1.0,1.0,1.0,1.0,1.0,1.0,1.0,291223086.0,4724480.140000001,223666000.0,2.0946430000000005,384.0,514.0,786432.0,1375877686116512.2,5.2,1.03385415,107.6,74905.6
512.0,16000000.0,256.0,64.0,3.0,14.0,38.0,16.0,1.0,6.0,4.0,4.0,1.0,2.0,2.0,4.0,6.0,5.0,3.0,6.0,6.0,1.0,6.0,1.0,5.0,5.0,5.0,2.0,4.0,3.0,2.0,5.0,128.0,256.0,1.0,64.0,1536.0,1.0,1.0,1.0,1.0,1.0,1.0,1.0,1.0,2.0,3.0,4.0,5.0,5.0,1.0,6.0,6.0,1.0,5.0,4.0,2.0,6.0,5.0,3.0,2.0,4.0,64.0,4.0,1.0,64.0,1.0,1.0,16.0,16.0,1.0,1.0,1.0,1.0,5.0,2.0,5.0,3.0,6.0,4.0,5.0,5.0,5.0,5.0,5.0,2.0,6.0,6.0,5.0,2.0,4.0,1.0,16.0,32.0,1.0,128.0,16.0,1.0,1.0,32.0,1.0,1.0,1.0,1.0,1.0,3.0,4.0,2.0,1.0,2.0,2.0,5.0,4.0,5.0,5.0,4.0,5.0,5.0,2.0,6.0,2.0,4.0,64.0,2.0,1.0,32.0,2.0,1.0,1.0,1.0,1.0,1.0,1.0,1.0,6.0,2.0,5.0,3.0,4.0,4.0,4.0,5.0,4.0,3.0,2.0,4.0,1.0,3.0,2.0,5.0,4.0,4.0,2.0,4.0,1.0,64.0,2048.0,1.0,1.0,1.0,1.0,1.0,1.0,1.0,6.0,4.0,2.0,2.0,4.0,3.0,1.0,2.0,1.0,2.0,2.0,1.0,5.0,2.0,6.0,4.0,3.0,5.0,1024.0,64.0,1.0,32.0,1.0,1.0,1.0,1.0,1.0,1.0,1.0,1.0,1562397252.0,4791453.86,40197900000.0,71.50736,8512.0,514.0,1294336.0,7486154343948793.0,14.5,0.3152344000000001,107.6,179046.4
1024000.0,32000.0,256.0,64.0,2.0,4.0,4.0,42.0,3.0,1.0,2.0,6.0,6.0,3.0,3.0,6.0,6.0,2.0,1.0,6.0,2.0,3.0,3.0,5.0,4.0,6.0,5.0,4.0,6.0,3.0,2.0,5.0,2.0,256.0,1.0,64.0,32.0,1.0,1.0,1.0,1.0,1.0,1.0,1.0,6.0,4.0,2.0,2.0,1.0,2.0,5.0,3.0,2.0,2.0,1.0,1.0,2.0,1.0,3.0,5.0,2.0,2.0,8.0,2.0,1.0,8.0,16.0,1.0,2.0,4.0,1.0,1.0,1.0,1.0,6.0,4.0,6.0,2.0,6.0,6.0,1.0,2.0,4.0,6.0,5.0,4.0,6.0,5.0,2.0,4.0,4.0,2.0,4.0,8.0,1.0,16.0,16.0,1.0,64.0,8.0,1.0,1.0,1.0,1.0,4.0,1.0,6.0,3.0,5.0,3.0,2.0,3.0,5.0,3.0,2.0,4.0,2.0,1.0,4.0,5.0,5.0,1.0,64.0,256.0,1.0,256.0,1.0,1.0,1.0,1.0,1.0,1.0,1.0,1.0,2.0,1.0,6.0,6.0,2.0,6.0,6.0,1.0,1.0,2.0,5.0,4.0,5.0,5.0,4.0,5.0,1.0,2.0,1.0,16.0,1.0,32.0,8.0,1.0,1.0,1.0,1.0,1.0,1.0,1.0,6.0,5.0,6.0,4.0,1.0,1.0,1.0,4.0,3.0,1.0,6.0,1.0,4.0,2.0,5.0,5.0,1.0,3.0,8.0,16.0,1.0,64.0,8.0,1.0,1.0,1.0,1.0,1.0,1.0,1.0,2519236950.0,10664019.979999999,79745300.0,0.7970341999999999,168.0,514.0,16768.0,2.6865193169154256e+16,1.0,0.41889855,107.6,1815.2
4096.0,64000.0,256.0,64.0,1.0,36.0,36.0,34.0,6.0,6.0,1.0,4.0,2.0,5.0,1.0,3.0,3.0,2.0,2.0,1.0,6.0,3.0,4.0,2.0,1.0,5.0,1.0,2.0,6.0,1.0,6.0,4.0,512.0,2.0,1.0,8.0,192.0,1.0,1.0,1.0,1.0,1.0,1.0,1.0,1.0,6.0,5.0,1.0,1.0,1.0,1.0,1.0,5.0,6.0,5.0,5.0,3.0,6.0,1.0,6.0,5.0,4.0,8.0,1.0,1.0,2.0,16.0,1.0,128.0,8.0,1.0,1.0,1.0,1.0,5.0,4.0,2.0,2.0,5.0,4.0,6.0,3.0,5.0,4.0,2.0,2.0,6.0,4.0,5.0,1.0,3.0,3.0,128.0,16.0,1.0,64.0,16.0,1.0,8.0,8.0,1.0,1.0,1.0,1.0,4.0,2.0,6.0,1.0,6.0,6.0,1.0,1.0,2.0,3.0,6.0,3.0,3.0,4.0,2.0,5.0,1.0,3.0,64.0,8.0,1.0,64.0,128.0,1.0,1.0,1.0,1.0,1.0,1.0,1.0,4.0,2.0,2.0,5.0,1.0,2.0,3.0,5.0,6.0,5.0,6.0,4.0,3.0,1.0,1.0,1.0,5.0,6.0,64.0,256.0,1.0,8.0,1024.0,1.0,1.0,1.0,1.0,1.0,1.0,1.0,1.0,4.0,3.0,3.0,1.0,4.0,3.0,5.0,4.0,6.0,4.0,5.0,4.0,3.0,5.0,2.0,4.0,6.0,512.0,256.0,1.0,32.0,1.0,1.0,1.0,1.0,1.0,1.0,1.0,1.0,77464080.0,8398903.200000003,14410900.0,0.16936480000000004,34.0,514.0,9028.0,650613309397056.2,32.07869,28.770151499999997,107.6,1916.0
1024000.0,1024000.0,256.0,64.0,1.0,26.0,28.0,30.0,3.0,5.0,5.0,3.0,5.0,1.0,5.0,3.0,5.0,4.0,6.0,6.0,3.0,4.0,5.0,6.0,1.0,5.0,1.0,3.0,5.0,5.0,4.0,4.0,256.0,16.0,1.0,96.0,1.0,1.0,1.0,1.0,1.0,1.0,1.0,1.0,6.0,3.0,2.0,2.0,4.0,3.0,6.0,1.0,2.0,4.0,3.0,4.0,6.0,4.0,2.0,1.0,6.0,2.0,16.0,64.0,1.0,16.0,128.0,1.0,8.0,128.0,1.0,1.0,1.0,1.0,4.0,6.0,2.0,1.0,5.0,5.0,6.0,4.0,1.0,1.0,1.0,2.0,3.0,2.0,2.0,4.0,4.0,2.0,2.0,2.0,1.0,1.0,2.0,1.0,2.0,1.0,1.0,1.0,1.0,1.0,2.0,2.0,2.0,3.0,3.0,5.0,1.0,6.0,3.0,3.0,5.0,6.0,1.0,3.0,5.0,3.0,5.0,2.0,512.0,512.0,1.0,1.0,32.0,1.0,1.0,1.0,1.0,1.0,1.0,1.0,3.0,2.0,1.0,6.0,5.0,5.0,5.0,4.0,3.0,5.0,2.0,5.0,1.0,5.0,4.0,6.0,6.0,5.0,1.0,1.0,1.0,256.0,256.0,1.0,1.0,1.0,1.0,1.0,1.0,1.0,3.0,5.0,5.0,3.0,5.0,1.0,5.0,5.0,3.0,3.0,3.0,6.0,2.0,3.0,6.0,4.0,6.0,2.0,32.0,1024.0,1.0,64.0,256.0,1.0,1.0,1.0,1.0,1.0,1.0,1.0,86900856.0,15260748.96,12741800.0,0.1501036,30.0,514.0,7996.0,1326172147825109.8,26.285425000000007,26.287305,107.6,1696.8
2048.0,4096000.0,256.0,64.0,1.0,30.0,38.0,4.0,6.0,5.0,5.0,1.0,1.0,2.0,4.0,6.0,2.0,6.0,6.0,5.0,1.0,2.0,2.0,2.0,5.0,5.0,2.0,4.0,4.0,2.0,4.0,4.0,256.0,32.0,1.0,48.0,384.0,1.0,1.0,1.0,1.0,1.0,1.0,1.0,2.0,5.0,6.0,3.0,6.0,4.0,2.0,6.0,6.0,1.0,6.0,1.0,1.0,3.0,6.0,5.0,5.0,5.0,1.0,2.0,1.0,16.0,128.0,1.0,16.0,8.0,1.0,1.0,1.0,1.0,5.0,2.0,4.0,3.0,2.0,2.0,1.0,5.0,2.0,3.0,4.0,3.0,2.0,3.0,3.0,5.0,3.0,1.0,64.0,4.0,1.0,16.0,64.0,1.0,16.0,16.0,1.0,1.0,1.0,1.0,3.0,2.0,5.0,5.0,5.0,5.0,4.0,6.0,4.0,4.0,2.0,5.0,5.0,1.0,3.0,4.0,1.0,3.0,16.0,16.0,1.0,512.0,8.0,1.0,1.0,1.0,1.0,1.0,1.0,1.0,6.0,5.0,4.0,1.0,2.0,1.0,6.0,6.0,2.0,4.0,1.0,2.0,3.0,5.0,5.0,4.0,5.0,1.0,64.0,256.0,1.0,64.0,512.0,1.0,1.0,1.0,1.0,1.0,1.0,1.0,1.0,4.0,3.0,2.0,1.0,1.0,4.0,1.0,1.0,5.0,2.0,3.0,1.0,2.0,2.0,1.0,3.0,2.0,16.0,2.0,1.0,8.0,64.0,1.0,1.0,1.0,1.0,1.0,1.0,1.0,629145768.0,17967138.0,2290390.0,0.025581280000000005,4.0,514.0,1288.0,1.1303948835771984e+16,4.0,6.902336500000002,107.6,272.0
256000.0,32000.0,256.0,64.0,2.0,42.0,40.0,8.0,4.0,3.0,6.0,1.0,5.0,5.0,3.0,5.0,4.0,5.0,3.0,4.0,1.0,4.0,1.0,6.0,4.0,6.0,1.0,3.0,3.0,6.0,5.0,6.0,256.0,2.0,1.0,1536.0,2.0,1.0,1.0,1.0,1.0,1.0,1.0,1.0,5.0,6.0,3.0,2.0,1.0,4.0,1.0,5.0,1.0,5.0,1.0,6.0,3.0,1.0,6.0,4.0,4.0,2.0,32.0,16.0,1.0,128.0,64.0,1.0,32.0,4.0,1.0,1.0,1.0,1.0,4.0,5.0,1.0,6.0,3.0,1.0,4.0,1.0,4.0,4.0,4.0,4.0,6.0,3.0,1.0,2.0,4.0,4.0,32.0,4.0,1.0,16.0,8.0,1.0,4.0,1.0,1.0,1.0,1.0,1.0,4.0,5.0,1.0,3.0,6.0,3.0,2.0,4.0,5.0,6.0,5.0,2.0,5.0,1.0,1.0,6.0,3.0,5.0,16.0,4.0,1.0,512.0,512.0,1.0,1.0,1.0,1.0,1.0,1.0,1.0,5.0,3.0,5.0,5.0,3.0,4.0,4.0,1.0,1.0,2.0,3.0,5.0,3.0,4.0,3.0,3.0,1.0,1.0,32.0,4.0,1.0,8.0,8.0,1.0,1.0,1.0,1.0,1.0,1.0,1.0,2.0,4.0,6.0,2.0,6.0,2.0,2.0,2.0,3.0,1.0,6.0,2.0,6.0,4.0,5.0,3.0,3.0,5.0,16.0,64.0,1.0,32.0,32.0,1.0,1.0,1.0,1.0,1.0,1.0,1.0,2420504454.0,7951999.839999999,176021000.0,1.5812045000000001,320.0,514.0,136192.0,1.9247851030927284e+16,25.8,3.7545824700000003,107.6,17104.4
32000.0,512000.0,256.0,64.0,1.0,4.0,14.0,48.0,6.0,2.0,5.0,3.0,6.0,3.0,2.0,4.0,5.0,2.0,3.0,5.0,1.0,1.0,2.0,4.0,1.0,6.0,6.0,3.0,6.0,5.0,2.0,3.0,8.0,16.0,1.0,24.0,384.0,1.0,1.0,1.0,1.0,1.0,1.0,1.0,5.0,5.0,2.0,5.0,6.0,6.0,5.0,4.0,3.0,5.0,2.0,5.0,2.0,3.0,5.0,5.0,1.0,3.0,2.0,4.0,1.0,1.0,16.0,1.0,8.0,32.0,1.0,1.0,1.0,1.0,1.0,5.0,2.0,1.0,5.0,2.0,2.0,3.0,2.0,6.0,1.0,2.0,1.0,2.0,6.0,2.0,3.0,2.0,16.0,2.0,1.0,4.0,128.0,1.0,16.0,8.0,1.0,1.0,1.0,1.0,6.0,3.0,1.0,3.0,4.0,5.0,5.0,3.0,6.0,1.0,1.0,4.0,4.0,1.0,3.0,6.0,6.0,5.0,512.0,1.0,1.0,128.0,2.0,1.0,1.0,1.0,1.0,1.0,1.0,1.0,6.0,1.0,6.0,6.0,4.0,4.0,2.0,4.0,3.0,1.0,5.0,1.0,2.0,5.0,2.0,6.0,2.0,3.0,32.0,4.0,1.0,64.0,64.0,1.0,1.0,1.0,1.0,1.0,1.0,1.0,3.0,6.0,5.0,5.0,3.0,3.0,6.0,2.0,6.0,4.0,6.0,4.0,4.0,4.0,1.0,2.0,6.0,2.0,8.0,1.0,1.0,512.0,256.0,1.0,1.0,1.0,1.0,1.0,1.0,1.0,54264504.0,8403256.440000001,20381000.0,0.2368896,48.0,514.0,12640.0,455998542701405.8,39.2299,46.0254885,107.6,2683.2
4096.0,16000.0,256.0,64.0,2.0,44.0,42.0,10.0,5.0,4.0,1.0,6.0,2.0,3.0,5.0,5.0,4.0,1.0,5.0,6.0,4.0,5.0,2.0,6.0,3.0,3.0,1.0,5.0,3.0,1.0,4.0,2.0,2.0,32.0,1.0,256.0,1.0,1.0,1.0,1.0,1.0,1.0,1.0,1.0,4.0,1.0,3.0,4.0,4.0,4.0,6.0,5.0,1.0,1.0,4.0,4.0,6.0,6.0,6.0,6.0,6.0,4.0,16.0,64.0,1.0,1.0,1.0,1.0,64.0,64.0,1.0,1.0,1.0,1.0,6.0,2.0,5.0,5.0,3.0,6.0,6.0,5.0,3.0,5.0,6.0,5.0,2.0,3.0,3.0,3.0,6.0,3.0,2.0,8.0,1.0,16.0,4.0,1.0,2.0,4.0,1.0,1.0,1.0,1.0,3.0,2.0,6.0,5.0,3.0,6.0,6.0,1.0,5.0,2.0,4.0,6.0,4.0,3.0,6.0,3.0,1.0,2.0,32.0,128.0,1.0,64.0,2.0,1.0,1.0,1.0,1.0,1.0,1.0,1.0,4.0,5.0,1.0,3.0,6.0,5.0,2.0,3.0,4.0,4.0,1.0,5.0,4.0,3.0,4.0,3.0,3.0,6.0,16.0,128.0,1.0,2048.0,32.0,1.0,1.0,1.0,1.0,1.0,1.0,1.0,2.0,4.0,1.0,1.0,3.0,2.0,2.0,3.0,4.0,6.0,2.0,6.0,4.0,5.0,1.0,3.0,4.0,3.0,1.0,128.0,1.0,256.0,4.0,1.0,1.0,1.0,1.0,1.0,1.0,1.0,1274290644.0,13004130.34,252182000.0,2.021717,420.0,514.0,13312.0,1.6571041625618538e+16,4.95,2.2403861500000004,107.6,2109.4
128.0,2048000.0,256.0,64.0,3.0,42.0,28.0,20.0,3.0,4.0,5.0,2.0,2.0,2.0,2.0,2.0,1.0,3.0,2.0,4.0,6.0,2.0,5.0,4.0,5.0,1.0,1.0,6.0,6.0,1.0,5.0,1.0,256.0,1.0,1.0,384.0,768.0,1.0,1.0,1.0,1.0,1.0,1.0,1.0,1.0,5.0,4.0,6.0,6.0,2.0,1.0,2.0,1.0,2.0,4.0,1.0,5.0,3.0,2.0,1.0,5.0,5.0,32.0,8.0,1.0,128.0,4.0,1.0,8.0,32.0,1.0,1.0,1.0,1.0,5.0,5.0,4.0,1.0,1.0,6.0,2.0,6.0,5.0,6.0,5.0,4.0,4.0,1.0,6.0,3.0,5.0,6.0,2.0,8.0,1.0,4.0,8.0,1.0,4.0,1.0,1.0,1.0,1.0,1.0,6.0,1.0,5.0,4.0,4.0,4.0,2.0,5.0,5.0,6.0,2.0,6.0,5.0,1.0,3.0,6.0,3.0,4.0,512.0,512.0,1.0,2.0,1.0,1.0,1.0,1.0,1.0,1.0,1.0,1.0,2.0,2.0,2.0,2.0,4.0,4.0,2.0,3.0,3.0,3.0,6.0,5.0,4.0,4.0,3.0,2.0,6.0,3.0,64.0,16.0,1.0,2048.0,8.0,1.0,1.0,1.0,1.0,1.0,1.0,1.0,1.0,6.0,6.0,6.0,6.0,2.0,3.0,2.0,4.0,6.0,5.0,1.0,4.0,1.0,4.0,1.0,3.0,5.0,512.0,4.0,1.0,16.0,64.0,1.0,1.0,1.0,1.0,1.0,1.0,1.0,361025832.0,4036696.84,290957000000.0,350.90375,23520.0,514.0,802816.0,1457351835192770.8,253.74922999999998,8.878514099999999,107.6,110771.2
32000.0,32000.0,256.0,64.0,1.0,4.0,8.0,42.0,3.0,4.0,4.0,4.0,1.0,3.0,2.0,3.0,1.0,3.0,5.0,5.0,3.0,1.0,4.0,5.0,3.0,3.0,3.0,2.0,2.0,3.0,5.0,3.0,128.0,32.0,1.0,1.0,1536.0,1.0,1.0,1.0,1.0,1.0,1.0,1.0,3.0,1.0,2.0,3.0,4.0,6.0,4.0,1.0,3.0,5.0,4.0,2.0,3.0,6.0,1.0,6.0,2.0,5.0,16.0,1.0,1.0,16.0,16.0,1.0,32.0,8.0,1.0,1.0,1.0,1.0,6.0,6.0,6.0,1.0,4.0,6.0,3.0,6.0,2.0,2.0,2.0,5.0,2.0,1.0,3.0,6.0,2.0,5.0,8.0,2.0,1.0,16.0,16.0,1.0,64.0,4.0,1.0,1.0,1.0,1.0,1.0,1.0,3.0,3.0,2.0,4.0,4.0,6.0,1.0,1.0,5.0,1.0,5.0,3.0,1.0,5.0,1.0,5.0,8.0,256.0,1.0,4.0,4.0,1.0,1.0,1.0,1.0,1.0,1.0,1.0,2.0,4.0,5.0,5.0,5.0,6.0,5.0,2.0,1.0,5.0,2.0,3.0,3.0,3.0,3.0,1.0,5.0,2.0,1.0,256.0,1.0,1024.0,2.0,1.0,1.0,1.0,1.0,1.0,1.0,1.0,6.0,1.0,5.0,4.0,3.0,5.0,4.0,2.0,1.0,5.0,6.0,6.0,5.0,6.0,2.0,4.0,4.0,3.0,1.0,512.0,1.0,4.0,32.0,1.0,1.0,1.0,1.0,1.0,1.0,1.0,62521464.0,15196610.879999999,17797900.0,0.20792899999999997,42.0,514.0,11092.0,950114360055928.2,33.70393,33.806250000000006,107.6,2354.4
2048000.0,256000.0,256.0,64.0,2.0,48.0,48.0,36.0,3.0,3.0,1.0,2.0,3.0,6.0,1.0,5.0,1.0,5.0,6.0,1.0,5.0,1.0,6.0,1.0,6.0,1.0,3.0,1.0,2.0,3.0,4.0,3.0,128.0,32.0,1.0,8.0,12.0,1.0,1.0,1.0,1.0,1.0,1.0,1.0,6.0,5.0,3.0,2.0,4.0,1.0,5.0,5.0,1.0,2.0,4.0,6.0,5.0,6.0,4.0,5.0,6.0,6.0,64.0,32.0,1.0,32.0,2.0,1.0,64.0,16.0,1.0,1.0,1.0,1.0,2.0,1.0,5.0,5.0,4.0,1.0,1.0,6.0,4.0,3.0,4.0,6.0,4.0,6.0,6.0,5.0,4.0,3.0,4.0,128.0,1.0,64.0,16.0,1.0,16.0,32.0,1.0,1.0,1.0,1.0,4.0,5.0,4.0,5.0,6.0,2.0,1.0,3.0,4.0,4.0,6.0,6.0,6.0,5.0,4.0,2.0,6.0,6.0,1.0,64.0,1.0,32.0,256.0,1.0,1.0,1.0,1.0,1.0,1.0,1.0,1.0,1.0,1.0,6.0,2.0,1.0,1.0,4.0,3.0,3.0,2.0,5.0,4.0,4.0,4.0,1.0,5.0,3.0,128.0,256.0,1.0,128.0,256.0,1.0,1.0,1.0,1.0,1.0,1.0,1.0,5.0,4.0,6.0,1.0,2.0,3.0,1.0,3.0,5.0,1.0,4.0,6.0,2.0,3.0,2.0,6.0,4.0,1.0,256.0,512.0,1.0,32.0,64.0,1.0,1.0,1.0,1.0,1.0,1.0,1.0,285173100.0,5203965.42,2187060000.0,9.298386000000002,1728.0,514.0,98304.0,1484030951114202.0,19.25,6.110498799999999,107.6,11177.6
1024.0,4096000.0,256.0,64.0,3.0,32.0,14.0,4.0,2.0,6.0,3.0,5.0,4.0,2.0,5.0,4.0,1.0,4.0,6.0,6.0,4.0,6.0,2.0,4.0,3.0,6.0,4.0,5.0,3.0,2.0,4.0,5.0,128.0,512.0,1.0,512.0,4.0,1.0,1.0,1.0,1.0,1.0,1.0,1.0,1.0,6.0,5.0,5.0,5.0,2.0,5.0,3.0,6.0,6.0,4.0,4.0,2.0,5.0,2.0,3.0,1.0,3.0,16.0,16.0,1.0,128.0,16.0,1.0,4.0,128.0,1.0,1.0,1.0,1.0,6.0,4.0,5.0,6.0,3.0,4.0,4.0,5.0,1.0,1.0,2.0,6.0,5.0,1.0,5.0,2.0,5.0,6.0,1.0,32.0,1.0,4.0,2.0,1.0,16.0,32.0,1.0,1.0,1.0,1.0,1.0,4.0,6.0,4.0,3.0,5.0,5.0,3.0,2.0,4.0,1.0,4.0,6.0,3.0,6.0,2.0,6.0,4.0,16.0,128.0,1.0,8.0,2.0,1.0,1.0,1.0,1.0,1.0,1.0,1.0,5.0,2.0,1.0,3.0,6.0,3.0,2.0,4.0,6.0,1.0,4.0,5.0,3.0,5.0,5.0,6.0,3.0,5.0,16.0,1.0,1.0,16.0,16.0,1.0,1.0,1.0,1.0,1.0,1.0,1.0,5.0,5.0,2.0,2.0,2.0,4.0,3.0,3.0,1.0,6.0,1.0,5.0,4.0,2.0,2.0,5.0,1.0,5.0,32.0,128.0,1.0,16.0,256.0,1.0,1.0,1.0,1.0,1.0,1.0,1.0,687492012.0,4139759.58,2326680000.0,10.167894000000002,1792.0,514.0,1966080.0,2846051642850475.0,16.65,0.4109375,107.6,149299.2
16000.0,16000000.0,256.0,64.0,3.0,22.0,38.0,44.0,3.0,6.0,4.0,5.0,6.0,2.0,5.0,2.0,6.0,5.0,2.0,2.0,1.0,4.0,4.0,4.0,1.0,4.0,4.0,1.0,2.0,6.0,4.0,4.0,2.0,4.0,1.0,16.0,4.0,1.0,1.0,1.0,1.0,1.0,1.0,1.0,4.0,2.0,5.0,3.0,3.0,6.0,2.0,4.0,1.0,3.0,6.0,6.0,5.0,1.0,4.0,3.0,5.0,4.0,2.0,2.0,1.0,16.0,64.0,1.0,64.0,4.0,1.0,1.0,1.0,1.0,1.0,6.0,2.0,2.0,4.0,5.0,2.0,1.0,2.0,6.0,6.0,1.0,2.0,5.0,1.0,4.0,2.0,2.0,8.0,64.0,1.0,8.0,4.0,1.0,32.0,1.0,1.0,1.0,1.0,1.0,2.0,5.0,5.0,4.0,3.0,3.0,6.0,6.0,3.0,1.0,6.0,3.0,6.0,4.0,6.0,1.0,2.0,6.0,2.0,512.0,1.0,16.0,32.0,1.0,1.0,1.0,1.0,1.0,1.0,1.0,3.0,2.0,6.0,4.0,5.0,4.0,1.0,1.0,4.0,3.0,6.0,1.0,6.0,4.0,1.0,6.0,2.0,6.0,128.0,64.0,1.0,8.0,32.0,1.0,1.0,1.0,1.0,1.0,1.0,1.0,4.0,1.0,2.0,4.0,6.0,3.0,6.0,3.0,2.0,2.0,2.0,1.0,3.0,6.0,1.0,2.0,2.0,5.0,64.0,1.0,1.0,512.0,4.0,1.0,1.0,1.0,1.0,1.0,1.0,1.0,917335788.0,4680280.66,703678000000.0,762.26165,36784.0,514.0,778240.0,4293388947302260.0,10.076665,0.42687499999999995,107.6,88768.0
32000.0,128000.0,256.0,64.0,3.0,36.0,28.0,26.0,4.0,5.0,6.0,3.0,6.0,4.0,1.0,3.0,5.0,1.0,5.0,5.0,6.0,6.0,2.0,5.0,6.0,6.0,1.0,5.0,1.0,2.0,1.0,6.0,2.0,1.0,1.0,16.0,768.0,1.0,1.0,1.0,1.0,1.0,1.0,1.0,5.0,1.0,2.0,4.0,3.0,5.0,2.0,2.0,3.0,6.0,3.0,5.0,2.0,6.0,3.0,3.0,4.0,1.0,32.0,64.0,1.0,16.0,4.0,1.0,1.0,4.0,1.0,1.0,1.0,1.0,2.0,3.0,5.0,4.0,4.0,2.0,4.0,4.0,2.0,5.0,6.0,1.0,3.0,1.0,4.0,2.0,6.0,6.0,4.0,4.0,1.0,1.0,1.0,1.0,64.0,4.0,1.0,1.0,1.0,1.0,5.0,4.0,1.0,6.0,5.0,2.0,1.0,4.0,5.0,3.0,4.0,2.0,1.0,4.0,1.0,6.0,5.0,5.0,32.0,64.0,1.0,128.0,1.0,1.0,1.0,1.0,1.0,1.0,1.0,1.0,4.0,6.0,4.0,1.0,5.0,1.0,2.0,2.0,3.0,4.0,2.0,6.0,5.0,5.0,4.0,1.0,2.0,5.0,4.0,8.0,1.0,16.0,256.0,1.0,1.0,1.0,1.0,1.0,1.0,1.0,1.0,1.0,2.0,1.0,4.0,2.0,5.0,1.0,6.0,5.0,2.0,5.0,3.0,1.0,6.0,2.0,5.0,6.0,4.0,4.0,1.0,8.0,16.0,1.0,1.0,1.0,1.0,1.0,1.0,1.0,445101924.0,6788900.279999999,360109000000.0,421.53605,26208.0,514.0,200192.0,3021752576472138.5,53.65,2.0174767,107.6,26403.2
4096.0,64000.0,256.0,64.0,3.0,38.0,36.0,20.0,3.0,2.0,3.0,1.0,1.0,3.0,6.0,5.0,6.0,3.0,2.0,1.0,5.0,4.0,5.0,1.0,3.0,5.0,3.0,5.0,6.0,6.0,4.0,6.0,32.0,512.0,1.0,12.0,24.0,1.0,1.0,1.0,1.0,1.0,1.0,1.0,1.0,3.0,2.0,5.0,3.0,4.0,3.0,2.0,1.0,5.0,3.0,1.0,2.0,4.0,5.0,1.0,4.0,3.0,64.0,32.0,1.0,32.0,32.0,1.0,4.0,4.0,1.0,1.0,1.0,1.0,3.0,4.0,5.0,1.0,5.0,2.0,1.0,1.0,3.0,1.0,2.0,4.0,5.0,3.0,2.0,2.0,4.0,3.0,2.0,128.0,1.0,128.0,1.0,1.0,1.0,32.0,1.0,1.0,1.0,1.0,3.0,4.0,4.0,6.0,6.0,4.0,4.0,3.0,4.0,3.0,6.0,1.0,2.0,3.0,3.0,4.0,6.0,6.0,64.0,2.0,1.0,256.0,16.0,1.0,1.0,1.0,1.0,1.0,1.0,1.0,2.0,5.0,2.0,4.0,3.0,3.0,6.0,6.0,3.0,6.0,2.0,6.0,4.0,1.0,3.0,5.0,5.0,5.0,2.0,16.0,1.0,2.0,32.0,1.0,1.0,1.0,1.0,1.0,1.0,1.0,3.0,1.0,1.0,6.0,2.0,4.0,3.0,6.0,4.0,2.0,3.0,1.0,2.0,1.0,1.0,2.0,3.0,5.0,2048.0,256.0,1.0,16.0,16.0,1.0,1.0,1.0,1.0,1.0,1.0,1.0,1512475848.0,3916931.5199999996,392000000000.0,454.09229999999997,27360.0,514.0,593920.0,5924264322269928.0,15.3,0.01875,107.6,90931.2
64000.0,1024000.0,256.0,64.0,1.0,48.0,44.0,36.0,6.0,3.0,2.0,4.0,6.0,1.0,3.0,5.0,3.0,5.0,6.0,1.0,3.0,6.0,2.0,4.0,3.0,2.0,6.0,4.0,2.0,6.0,4.0,5.0,256.0,512.0,1.0,3.0,256.0,1.0,1.0,1.0,1.0,1.0,1.0,1.0,2.0,3.0,1.0,2.0,6.0,4.0,2.0,6.0,5.0,1.0,2.0,5.0,6.0,2.0,2.0,5.0,2.0,2.0,1.0,16.0,1.0,128.0,1.0,1.0,1.0,64.0,1.0,1.0,1.0,1.0,6.0,1.0,6.0,6.0,2.0,6.0,5.0,6.0,1.0,4.0,5.0,2.0,4.0,3.0,2.0,5.0,3.0,5.0,1.0,64.0,1.0,128.0,1.0,1.0,1.0,8.0,1.0,1.0,1.0,1.0,4.0,2.0,5.0,2.0,1.0,5.0,4.0,3.0,2.0,1.0,4.0,3.0,6.0,5.0,3.0,5.0,4.0,5.0,64.0,1.0,1.0,4.0,8.0,1.0,1.0,1.0,1.0,1.0,1.0,1.0,2.0,3.0,3.0,2.0,3.0,4.0,2.0,3.0,6.0,2.0,3.0,5.0,4.0,6.0,1.0,1.0,5.0,3.0,1.0,2.0,1.0,32.0,256.0,1.0,1.0,1.0,1.0,1.0,1.0,1.0,4.0,3.0,2.0,6.0,6.0,5.0,3.0,1.0,1.0,5.0,4.0,5.0,4.0,3.0,3.0,2.0,6.0,1.0,512.0,8.0,1.0,64.0,16.0,1.0,1.0,1.0,1.0,1.0,1.0,1.0,72745512.0,8364894.960000001,15251500.0,0.17900039999999995,36.0,514.0,9544.0,608508566691419.6,32.516485,27.362587,107.6,2025.6
2048.0,256000.0,256.0,64.0,3.0,42.0,38.0,10.0,3.0,1.0,5.0,1.0,1.0,5.0,2.0,5.0,4.0,4.0,6.0,2.0,6.0,4.0,2.0,2.0,4.0,5.0,4.0,5.0,5.0,3.0,3.0,2.0,2.0,4.0,1.0,768.0,16.0,1.0,1.0,1.0,1.0,1.0,1.0,1.0,1.0,3.0,6.0,4.0,1.0,4.0,3.0,1.0,4.0,3.0,4.0,5.0,4.0,4.0,5.0,4.0,5.0,2.0,64.0,4.0,1.0,4.0,8.0,1.0,2.0,128.0,1.0,1.0,1.0,1.0,1.0,4.0,6.0,2.0,6.0,4.0,5.0,3.0,5.0,6.0,2.0,3.0,3.0,3.0,1.0,2.0,6.0,4.0,8.0,4.0,1.0,32.0,128.0,1.0,64.0,1.0,1.0,1.0,1.0,1.0,5.0,6.0,4.0,2.0,1.0,2.0,1.0,5.0,6.0,6.0,4.0,4.0,5.0,4.0,1.0,1.0,6.0,6.0,2.0,4.0,1.0,16.0,1.0,1.0,1.0,1.0,1.0,1.0,1.0,1.0,5.0,2.0,6.0,2.0,5.0,5.0,6.0,2.0,5.0,3.0,3.0,6.0,5.0,3.0,3.0,5.0,5.0,4.0,512.0,2.0,1.0,16.0,16.0,1.0,1.0,1.0,1.0,1.0,1.0,1.0,3.0,4.0,3.0,1.0,5.0,6.0,6.0,4.0,5.0,5.0,3.0,6.0,2.0,5.0,3.0,2.0,1.0,2.0,16.0,512.0,1.0,32.0,512.0,1.0,1.0,1.0,1.0,1.0,1.0,1.0,935503254.0,4856522.080000001,135947000000.0,185.24465,15960.0,514.0,786432.0,4543292208962849.0,3.9,0.224584975,107.6,72915.2
1024000.0,16000000.0,256.0,64.0,3.0,46.0,10.0,2.0,5.0,4.0,3.0,4.0,3.0,3.0,1.0,3.0,6.0,6.0,5.0,3.0,1.0,3.0,2.0,3.0,3.0,4.0,6.0,1.0,2.0,4.0,1.0,5.0,8.0,16.0,1.0,4.0,48.0,1.0,1.0,1.0,1.0,1.0,1.0,1.0,3.0,3.0,1.0,3.0,1.0,4.0,2.0,6.0,1.0,1.0,2.0,3.0,3.0,1.0,1.0,3.0,1.0,2.0,8.0,1.0,1.0,128.0,16.0,1.0,64.0,16.0,1.0,1.0,1.0,1.0,6.0,3.0,1.0,4.0,3.0,4.0,6.0,1.0,4.0,3.0,1.0,1.0,2.0,3.0,1.0,1.0,6.0,4.0,2.0,64.0,1.0,128.0,64.0,1.0,64.0,2.0,1.0,1.0,1.0,1.0,1.0,5.0,6.0,3.0,6.0,1.0,1.0,6.0,3.0,2.0,3.0,1.0,1.0,2.0,1.0,1.0,3.0,4.0,1.0,32.0,1.0,32.0,4.0,1.0,1.0,1.0,1.0,1.0,1.0,1.0,6.0,2.0,1.0,1.0,6.0,4.0,6.0,2.0,2.0,3.0,3.0,1.0,3.0,1.0,4.0,2.0,5.0,6.0,64.0,4.0,1.0,2048.0,128.0,1.0,1.0,1.0,1.0,1.0,1.0,1.0,6.0,2.0,6.0,5.0,1.0,3.0,6.0,4.0,5.0,1.0,6.0,2.0,1.0,2.0,1.0,4.0,6.0,5.0,16.0,2.0,1.0,16.0,1.0,1.0,1.0,1.0,1.0,1.0,1.0,1.0,33137880.0,3915232.4699999997,786215000.0,5.329007499999999,920.0,514.0,2752512.0,129742503762963.6,63.46665,0.4984375,107.6,209254.4
32000.0,8192000.0,256.0,64.0,3.0,8.0,42.0,30.0,6.0,1.0,3.0,4.0,2.0,2.0,5.0,3.0,3.0,1.0,1.0,5.0,4.0,6.0,3.0,2.0,4.0,2.0,3.0,4.0,2.0,5.0,1.0,2.0,16.0,2.0,1.0,64.0,512.0,1.0,1.0,1.0,1.0,1.0,1.0,1.0,3.0,5.0,3.0,1.0,5.0,5.0,3.0,5.0,3.0,3.0,3.0,4.0,2.0,5.0,2.0,3.0,1.0,1.0,4.0,2.0,1.0,1.0,64.0,1.0,128.0,1.0,1.0,1.0,1.0,1.0,5.0,3.0,2.0,5.0,6.0,2.0,2.0,4.0,2.0,4.0,4.0,4.0,5.0,6.0,6.0,5.0,2.0,5.0,2.0,16.0,1.0,4.0,1.0,1.0,1.0,32.0,1.0,1.0,1.0,1.0,6.0,3.0,1.0,2.0,5.0,2.0,2.0,4.0,3.0,6.0,4.0,6.0,4.0,5.0,5.0,4.0,6.0,3.0,128.0,512.0,1.0,4.0,256.0,1.0,1.0,1.0,1.0,1.0,1.0,1.0,4.0,5.0,3.0,1.0,1.0,2.0,5.0,1.0,2.0,1.0,1.0,4.0,5.0,4.0,4.0,5.0,4.0,2.0,16.0,2.0,1.0,32.0,16.0,1.0,1.0,1.0,1.0,1.0,1.0,1.0,1.0,6.0,1.0,4.0,1.0,6.0,1.0,5.0,2.0,3.0,2.0,4.0,5.0,2.0,2.0,5.0,4.0,1.0,64.0,256.0,1.0,512.0,2.0,1.0,1.0,1.0,1.0,1.0,1.0,1.0,497110638.0,4067733.3200000003,55657300000.0,91.53785,10080.0,514.0,2752512.0,2022113505919058.2,7.65,0.31210940000000004,107.6,193024.0
8192.0,32000000.0,256.0,64.0,1.0,2.0,20.0,30.0,2.0,6.0,2.0,1.0,3.0,4.0,4.0,1.0,5.0,2.0,6.0,4.0,5.0,1.0,6.0,3.0,3.0,1.0,2.0,4.0,2.0,3.0,2.0,4.0,2.0,8.0,1.0,48.0,768.0,1.0,1.0,1.0,1.0,1.0,1.0,1.0,6.0,4.0,3.0,4.0,6.0,1.0,4.0,4.0,1.0,4.0,3.0,4.0,1.0,5.0,1.0,6.0,2.0,4.0,4.0,1.0,1.0,8.0,64.0,1.0,2.0,64.0,1.0,1.0,1.0,1.0,6.0,1.0,3.0,1.0,2.0,5.0,2.0,3.0,1.0,3.0,3.0,1.0,5.0,5.0,5.0,1.0,6.0,1.0,1.0,128.0,1.0,128.0,128.0,1.0,64.0,1.0,1.0,1.0,1.0,1.0,2.0,5.0,1.0,3.0,3.0,3.0,4.0,6.0,1.0,2.0,5.0,6.0,3.0,2.0,1.0,4.0,3.0,6.0,128.0,2.0,1.0,32.0,32.0,1.0,1.0,1.0,1.0,1.0,1.0,1.0,5.0,2.0,3.0,2.0,5.0,5.0,5.0,6.0,1.0,4.0,1.0,1.0,6.0,6.0,1.0,5.0,1.0,5.0,32.0,64.0,1.0,128.0,64.0,1.0,1.0,1.0,1.0,1.0,1.0,1.0,4.0,5.0,3.0,5.0,4.0,3.0,3.0,6.0,3.0,5.0,2.0,1.0,4.0,2.0,1.0,4.0,6.0,6.0,16.0,16.0,1.0,16.0,32.0,1.0,1.0,1.0,1.0,1.0,1.0,1.0,86900856.0,14980413.600000001,12741800.0,0.1501036,30.0,514.0,7996.0,1301810765074041.8,26.285425000000007,26.289745,107.6,1696.8
16000.0,16000.0,256.0,64.0,1.0,40.0,48.0,48.0,1.0,2.0,3.0,3.0,6.0,2.0,2.0,1.0,2.0,5.0,2.0,5.0,4.0,1.0,5.0,4.0,6.0,1.0,6.0,4.0,5.0,5.0,1.0,3.0,1.0,256.0,1.0,192.0,256.0,1.0,1.0,1.0,1.0,1.0,1.0,1.0,1.0,5.0,3.0,3.0,4.0,5.0,3.0,5.0,2.0,5.0,5.0,6.0,1.0,2.0,4.0,4.0,4.0,3.0,16.0,32.0,1.0,128.0,8.0,1.0,8.0,128.0,1.0,1.0,1.0,1.0,1.0,3.0,5.0,5.0,1.0,4.0,2.0,5.0,2.0,1.0,5.0,1.0,6.0,4.0,1.0,2.0,1.0,4.0,4.0,2.0,1.0,2.0,128.0,1.0,2.0,1.0,1.0,1.0,1.0,1.0,5.0,3.0,1.0,4.0,6.0,3.0,5.0,5.0,6.0,4.0,2.0,5.0,5.0,3.0,5.0,4.0,6.0,6.0,128.0,32.0,1.0,32.0,512.0,1.0,1.0,1.0,1.0,1.0,1.0,1.0,1.0,1.0,3.0,2.0,5.0,6.0,4.0,5.0,1.0,6.0,4.0,4.0,6.0,5.0,3.0,4.0,3.0,5.0,128.0,16.0,1.0,4.0,8.0,1.0,1.0,1.0,1.0,1.0,1.0,1.0,3.0,6.0,1.0,3.0,1.0,1.0,5.0,2.0,6.0,4.0,5.0,6.0,2.0,6.0,2.0,2.0,3.0,3.0,64.0,8.0,1.0,4.0,8.0,1.0,1.0,1.0,1.0,1.0,1.0,1.0,2516582520.0,19313226.0,20379700.0,0.2280036,48.0,514.0,514.0,4.860332695640952e+16,1.0,1.394191,107.6,107.6
128.0,32000000.0,256.0,64.0,3.0,16.0,20.0,32.0,3.0,3.0,4.0,3.0,2.0,4.0,5.0,5.0,4.0,2.0,3.0,4.0,2.0,3.0,2.0,5.0,1.0,5.0,3.0,5.0,6.0,5.0,2.0,6.0,2.0,2.0,1.0,128.0,24.0,1.0,1.0,1.0,1.0,1.0,1.0,1.0,3.0,3.0,5.0,3.0,6.0,6.0,5.0,5.0,1.0,6.0,2.0,2.0,2.0,5.0,5.0,4.0,5.0,6.0,1.0,1.0,1.0,4.0,8.0,1.0,8.0,4.0,1.0,1.0,1.0,1.0,5.0,5.0,6.0,5.0,5.0,5.0,5.0,1.0,5.0,6.0,2.0,2.0,6.0,3.0,3.0,2.0,1.0,1.0,16.0,16.0,1.0,128.0,128.0,1.0,8.0,1.0,1.0,1.0,1.0,1.0,5.0,4.0,3.0,5.0,5.0,5.0,1.0,5.0,2.0,5.0,4.0,4.0,6.0,4.0,5.0,2.0,6.0,4.0,1.0,16.0,1.0,4.0,128.0,1.0,1.0,1.0,1.0,1.0,1.0,1.0,1.0,5.0,4.0,4.0,3.0,6.0,5.0,6.0,3.0,1.0,1.0,5.0,6.0,4.0,4.0,1.0,5.0,4.0,256.0,8.0,1.0,2.0,32.0,1.0,1.0,1.0,1.0,1.0,1.0,1.0,4.0,3.0,1.0,4.0,2.0,1.0,1.0,5.0,4.0,2.0,6.0,6.0,5.0,5.0,3.0,6.0,3.0,3.0,1.0,1.0,1.0,1.0,1.0,1.0,1.0,1.0,1.0,1.0,1.0,1.0,1428283938.0,8986349.379999999,57375400000.0,93.09487999999997,10240.0,514.0,90112.0,1.2835058480710256e+16,58.2,9.1452313,107.6,18208.1
128000.0,4096000.0,256.0,64.0,1.0,30.0,28.0,34.0,1.0,6.0,5.0,6.0,4.0,4.0,4.0,5.0,1.0,5.0,1.0,4.0,3.0,3.0,6.0,3.0,3.0,1.0,3.0,5.0,3.0,4.0,5.0,2.0,1.0,64.0,1.0,384.0,768.0,1.0,1.0,1.0,1.0,1.0,1.0,1.0,1.0,5.0,3.0,2.0,1.0,1.0,6.0,2.0,2.0,2.0,2.0,6.0,6.0,3.0,6.0,4.0,6.0,3.0,32.0,64.0,1.0,4.0,128.0,1.0,8.0,8.0,1.0,1.0,1.0,1.0,1.0,1.0,6.0,3.0,1.0,5.0,4.0,4.0,4.0,5.0,6.0,1.0,1.0,5.0,4.0,1.0,3.0,6.0,128.0,2.0,1.0,4.0,16.0,1.0,64.0,2.0,1.0,1.0,1.0,1.0,6.0,1.0,5.0,6.0,4.0,6.0,6.0,2.0,5.0,6.0,1.0,6.0,2.0,3.0,3.0,2.0,6.0,6.0,4.0,512.0,1.0,512.0,4.0,1.0,1.0,1.0,1.0,1.0,1.0,1.0,5.0,5.0,2.0,3.0,1.0,1.0,5.0,1.0,2.0,4.0,1.0,2.0,5.0,4.0,4.0,6.0,1.0,2.0,4.0,128.0,1.0,256.0,64.0,1.0,1.0,1.0,1.0,1.0,1.0,1.0,2.0,4.0,4.0,2.0,4.0,5.0,1.0,6.0,6.0,5.0,2.0,6.0,2.0,1.0,4.0,2.0,3.0,6.0,64.0,128.0,1.0,128.0,2.0,1.0,1.0,1.0,1.0,1.0,1.0,1.0,76677240.0,15388387.920000002,14410900.0,0.16936480000000004,34.0,514.0,9028.0,1179939113754941.0,32.148255,32.54593500000001,107.6,1916.0
128000.0,16000000.0,256.0,64.0,1.0,28.0,38.0,34.0,4.0,6.0,3.0,4.0,4.0,4.0,4.0,5.0,5.0,5.0,4.0,6.0,6.0,6.0,5.0,3.0,1.0,1.0,5.0,6.0,2.0,3.0,2.0,3.0,16.0,512.0,1.0,4.0,12.0,1.0,1.0,1.0,1.0,1.0,1.0,1.0,6.0,6.0,4.0,6.0,3.0,3.0,5.0,2.0,5.0,4.0,3.0,2.0,5.0,6.0,4.0,1.0,5.0,5.0,32.0,8.0,1.0,32.0,2.0,1.0,8.0,8.0,1.0,1.0,1.0,1.0,5.0,4.0,3.0,1.0,3.0,4.0,3.0,3.0,3.0,3.0,3.0,6.0,6.0,2.0,6.0,6.0,2.0,1.0,2.0,16.0,1.0,64.0,64.0,1.0,16.0,8.0,1.0,1.0,1.0,1.0,6.0,1.0,4.0,4.0,1.0,3.0,5.0,5.0,4.0,2.0,4.0,6.0,2.0,1.0,6.0,4.0,4.0,1.0,2.0,256.0,1.0,1.0,64.0,1.0,1.0,1.0,1.0,1.0,1.0,1.0,6.0,5.0,3.0,6.0,4.0,2.0,2.0,4.0,5.0,2.0,5.0,5.0,4.0,5.0,2.0,1.0,3.0,5.0,4.0,4.0,1.0,32.0,4.0,1.0,1.0,1.0,1.0,1.0,1.0,1.0,1.0,5.0,1.0,2.0,2.0,4.0,3.0,6.0,6.0,4.0,1.0,3.0,1.0,6.0,6.0,4.0,4.0,6.0,1024.0,256.0,1.0,128.0,4.0,1.0,1.0,1.0,1.0,1.0,1.0,1.0,76677240.0,15350093.759999998,14410900.0,0.16936480000000004,34.0,514.0,9028.0,1177002823258022.2,32.148255,32.152894999999994,107.6,1916.0
16000.0,32000.0,256.0,64.0,1.0,44.0,28.0,30.0,6.0,4.0,4.0,3.0,4.0,5.0,2.0,4.0,5.0,1.0,4.0,1.0,5.0,2.0,6.0,4.0,2.0,4.0,2.0,3.0,3.0,3.0,1.0,2.0,4.0,128.0,1.0,256.0,24.0,1.0,1.0,1.0,1.0,1.0,1.0,1.0,1.0,4.0,1.0,1.0,2.0,6.0,2.0,3.0,1.0,3.0,4.0,3.0,2.0,2.0,6.0,6.0,3.0,4.0,32.0,16.0,1.0,64.0,8.0,1.0,1.0,64.0,1.0,1.0,1.0,1.0,1.0,1.0,6.0,3.0,2.0,3.0,1.0,3.0,2.0,1.0,1.0,2.0,1.0,1.0,2.0,1.0,3.0,3.0,128.0,2.0,1.0,64.0,32.0,1.0,32.0,16.0,1.0,1.0,1.0,1.0,5.0,6.0,1.0,5.0,5.0,6.0,6.0,3.0,5.0,4.0,4.0,3.0,1.0,3.0,1.0,2.0,3.0,1.0,128.0,2.0,1.0,16.0,16.0,1.0,1.0,1.0,1.0,1.0,1.0,1.0,4.0,6.0,1.0,2.0,4.0,6.0,2.0,3.0,5.0,6.0,3.0,6.0,6.0,6.0,4.0,2.0,6.0,1.0,128.0,4.0,1.0,256.0,2048.0,1.0,1.0,1.0,1.0,1.0,1.0,1.0,3.0,1.0,3.0,2.0,1.0,4.0,5.0,2.0,1.0,2.0,1.0,6.0,6.0,6.0,2.0,5.0,3.0,1.0,512.0,16.0,1.0,8.0,256.0,1.0,1.0,1.0,1.0,1.0,1.0,1.0,88080864.0,8475174.96,12741800.0,0.1501036,30.0,514.0,7996.0,746500733027965.5,24.524040000000007,21.678506000000002,107.6,1696.8
64000.0,512000.0,256.0,64.0,2.0,34.0,32.0,12.0,4.0,3.0,5.0,6.0,1.0,1.0,3.0,2.0,5.0,5.0,2.0,1.0,1.0,4.0,2.0,4.0,5.0,1.0,1.0,5.0,2.0,2.0,5.0,1.0,16.0,128.0,1.0,128.0,48.0,1.0,1.0,1.0,1.0,1.0,1.0,1.0,2.0,4.0,2.0,3.0,1.0,4.0,3.0,4.0,5.0,2.0,2.0,5.0,4.0,6.0,1.0,6.0,2.0,5.0,1.0,64.0,1.0,4.0,128.0,1.0,1.0,1.0,1.0,1.0,1.0,1.0,2.0,2.0,5.0,4.0,2.0,3.0,4.0,6.0,2.0,3.0,6.0,3.0,1.0,1.0,6.0,3.0,5.0,1.0,4.0,64.0,1.0,16.0,32.0,1.0,16.0,64.0,1.0,1.0,1.0,1.0,4.0,6.0,1.0,1.0,6.0,3.0,1.0,3.0,2.0,3.0,1.0,6.0,4.0,6.0,1.0,1.0,3.0,6.0,16.0,16.0,1.0,256.0,2.0,1.0,1.0,1.0,1.0,1.0,1.0,1.0,3.0,4.0,2.0,2.0,5.0,1.0,1.0,4.0,6.0,5.0,3.0,3.0,6.0,5.0,1.0,6.0,3.0,4.0,512.0,1.0,1.0,1024.0,1.0,1.0,1.0,1.0,1.0,1.0,1.0,1.0,5.0,1.0,6.0,1.0,3.0,3.0,6.0,2.0,6.0,3.0,2.0,1.0,6.0,1.0,2.0,2.0,2.0,3.0,2048.0,256.0,1.0,1.0,128.0,1.0,1.0,1.0,1.0,1.0,1.0,1.0,2491546596.0,12396922.739999996,223591000.0,1.852727,384.0,514.0,66304.0,3.0887510653721984e+16,3.8,1.2683221619999998,107.6,4784.9
32000.0,32000.0,256.0,64.0,1.0,18.0,48.0,10.0,4.0,5.0,6.0,4.0,5.0,3.0,6.0,5.0,5.0,6.0,1.0,1.0,4.0,6.0,1.0,6.0,6.0,3.0,2.0,5.0,4.0,4.0,5.0,2.0,4.0,8.0,1.0,8.0,1.0,1.0,1.0,1.0,1.0,1.0,1.0,1.0,2.0,4.0,6.0,2.0,1.0,5.0,5.0,4.0,2.0,2.0,1.0,5.0,5.0,3.0,3.0,5.0,4.0,3.0,2.0,2.0,1.0,128.0,16.0,1.0,16.0,8.0,1.0,1.0,1.0,1.0,3.0,1.0,4.0,4.0,4.0,3.0,2.0,2.0,6.0,2.0,3.0,6.0,3.0,2.0,3.0,6.0,3.0,1.0,2.0,1.0,1.0,32.0,1.0,1.0,64.0,2.0,1.0,1.0,1.0,1.0,3.0,2.0,5.0,5.0,5.0,5.0,2.0,5.0,3.0,2.0,2.0,5.0,3.0,4.0,3.0,1.0,5.0,4.0,512.0,128.0,1.0,512.0,512.0,1.0,1.0,1.0,1.0,1.0,1.0,1.0,6.0,1.0,3.0,1.0,6.0,5.0,1.0,1.0,3.0,4.0,6.0,5.0,5.0,3.0,4.0,4.0,3.0,3.0,512.0,4.0,1.0,128.0,4.0,1.0,1.0,1.0,1.0,1.0,1.0,1.0,2.0,2.0,4.0,4.0,3.0,5.0,5.0,1.0,1.0,6.0,4.0,6.0,4.0,3.0,1.0,6.0,1.0,4.0,64.0,256.0,1.0,32.0,64.0,1.0,1.0,1.0,1.0,1.0,1.0,1.0,2426536056.0,18856254.0,4640860.0,0.05269128000000001,10.0,514.0,514.0,4.575538021209422e+16,7.795603999999999,7.797067999999999,107.6,136.4
256.0,32000000.0,256.0,64.0,1.0,40.0,48.0,4.0,4.0,6.0,2.0,6.0,3.0,2.0,6.0,6.0,4.0,2.0,6.0,6.0,4.0,5.0,5.0,1.0,3.0,6.0,6.0,5.0,5.0,2.0,3.0,4.0,16.0,1.0,1.0,4.0,8.0,1.0,1.0,1.0,1.0,1.0,1.0,1.0,1.0,4.0,1.0,2.0,1.0,3.0,4.0,5.0,4.0,3.0,4.0,3.0,3.0,3.0,6.0,4.0,2.0,1.0,32.0,2.0,1.0,16.0,2.0,1.0,1.0,128.0,1.0,1.0,1.0,1.0,5.0,1.0,4.0,1.0,1.0,2.0,2.0,5.0,6.0,3.0,1.0,6.0,6.0,6.0,5.0,1.0,4.0,3.0,64.0,1.0,1.0,32.0,32.0,1.0,64.0,2.0,1.0,1.0,1.0,1.0,6.0,5.0,2.0,1.0,5.0,3.0,6.0,6.0,5.0,2.0,1.0,6.0,2.0,3.0,2.0,5.0,3.0,1.0,256.0,64.0,1.0,256.0,128.0,1.0,1.0,1.0,1.0,1.0,1.0,1.0,6.0,5.0,1.0,5.0,2.0,6.0,6.0,1.0,4.0,4.0,3.0,3.0,1.0,2.0,1.0,2.0,3.0,4.0,128.0,512.0,1.0,4.0,1.0,1.0,1.0,1.0,1.0,1.0,1.0,1.0,1.0,6.0,6.0,5.0,2.0,4.0,2.0,1.0,6.0,3.0,2.0,2.0,3.0,2.0,3.0,3.0,4.0,5.0,32.0,128.0,1.0,512.0,1.0,1.0,1.0,1.0,1.0,1.0,1.0,1.0,629145720.0,16329830.639999999,2290390.0,0.025581280000000005,4.0,514.0,1288.0,1.027384305548086e+16,4.0,4.012504000000001,107.6,272.0
256.0,4096000.0,256.0,64.0,1.0,18.0,6.0,32.0,1.0,2.0,2.0,5.0,4.0,2.0,1.0,1.0,1.0,3.0,6.0,5.0,3.0,4.0,4.0,5.0,5.0,4.0,3.0,6.0,3.0,2.0,1.0,1.0,8.0,512.0,1.0,1536.0,48.0,1.0,1.0,1.0,1.0,1.0,1.0,1.0,2.0,1.0,5.0,2.0,6.0,1.0,3.0,2.0,3.0,6.0,6.0,1.0,5.0,3.0,3.0,6.0,6.0,3.0,1.0,64.0,1.0,1.0,128.0,1.0,32.0,8.0,1.0,1.0,1.0,1.0,5.0,1.0,1.0,6.0,4.0,4.0,1.0,1.0,2.0,1.0,2.0,2.0,5.0,1.0,5.0,6.0,5.0,4.0,4.0,4.0,1.0,1.0,32.0,1.0,1.0,64.0,1.0,1.0,1.0,1.0,3.0,3.0,2.0,3.0,1.0,2.0,2.0,2.0,5.0,5.0,5.0,2.0,2.0,2.0,1.0,2.0,4.0,4.0,128.0,16.0,1.0,512.0,32.0,1.0,1.0,1.0,1.0,1.0,1.0,1.0,6.0,4.0,2.0,2.0,1.0,1.0,4.0,5.0,6.0,1.0,2.0,2.0,2.0,4.0,5.0,1.0,2.0,4.0,64.0,128.0,1.0,1.0,8.0,1.0,1.0,1.0,1.0,1.0,1.0,1.0,2.0,1.0,2.0,1.0,1.0,4.0,2.0,3.0,1.0,3.0,6.0,4.0,1.0,6.0,5.0,4.0,6.0,4.0,256.0,16.0,1.0,1.0,128.0,1.0,1.0,1.0,1.0,1.0,1.0,1.0,2516582520.0,25642220.400000006,13573500.0,0.15387199999999998,32.0,514.0,514.0,6.453076363262742e+16,1.0,1.0012429999999997,107.6,107.6
4096.0,16000000.0,256.0,64.0,3.0,4.0,36.0,48.0,2.0,4.0,5.0,1.0,5.0,5.0,3.0,5.0,6.0,2.0,6.0,6.0,1.0,4.0,6.0,3.0,4.0,6.0,4.0,6.0,4.0,4.0,3.0,5.0,1.0,1.0,1.0,96.0,12.0,1.0,1.0,1.0,1.0,1.0,1.0,1.0,5.0,3.0,2.0,1.0,3.0,2.0,2.0,5.0,1.0,5.0,3.0,5.0,6.0,1.0,5.0,5.0,2.0,5.0,2.0,2.0,1.0,8.0,4.0,1.0,32.0,1.0,1.0,1.0,1.0,1.0,4.0,6.0,6.0,6.0,5.0,6.0,3.0,3.0,4.0,3.0,2.0,3.0,1.0,2.0,3.0,6.0,2.0,4.0,64.0,64.0,1.0,16.0,1.0,1.0,16.0,1.0,1.0,1.0,1.0,1.0,4.0,4.0,6.0,3.0,4.0,2.0,1.0,2.0,4.0,1.0,3.0,1.0,2.0,1.0,3.0,3.0,1.0,2.0,512.0,32.0,1.0,1.0,32.0,1.0,1.0,1.0,1.0,1.0,1.0,1.0,2.0,4.0,6.0,3.0,6.0,2.0,2.0,2.0,2.0,1.0,6.0,5.0,2.0,6.0,6.0,6.0,4.0,1.0,2.0,256.0,1.0,128.0,8.0,1.0,1.0,1.0,1.0,1.0,1.0,1.0,6.0,6.0,2.0,4.0,4.0,5.0,4.0,2.0,3.0,1.0,4.0,3.0,3.0,1.0,4.0,2.0,3.0,4.0,1.0,2048.0,1.0,256.0,1.0,1.0,1.0,1.0,1.0,1.0,1.0,1.0,2450080914.0,6653545.3,27006300000.0,53.08574000000001,6912.0,514.0,1638400.0,1.6301724349964404e+16,3.4,0.8085370500000001,107.6,105916.8
256.0,256000.0,256.0,64.0,1.0,30.0,46.0,26.0,5.0,5.0,5.0,2.0,2.0,5.0,5.0,4.0,1.0,6.0,3.0,1.0,6.0,6.0,6.0,2.0,3.0,5.0,1.0,3.0,4.0,4.0,6.0,5.0,64.0,2.0,1.0,192.0,16.0,1.0,1.0,1.0,1.0,1.0,1.0,1.0,2.0,1.0,1.0,6.0,5.0,5.0,5.0,2.0,2.0,6.0,1.0,4.0,1.0,1.0,2.0,3.0,1.0,2.0,64.0,64.0,1.0,2.0,32.0,1.0,16.0,128.0,1.0,1.0,1.0,1.0,5.0,2.0,3.0,2.0,4.0,4.0,1.0,6.0,4.0,4.0,5.0,1.0,5.0,6.0,4.0,4.0,5.0,4.0,64.0,32.0,1.0,32.0,8.0,1.0,32.0,8.0,1.0,1.0,1.0,1.0,1.0,3.0,2.0,5.0,1.0,5.0,2.0,3.0,4.0,1.0,5.0,5.0,6.0,3.0,4.0,6.0,1.0,1.0,512.0,16.0,1.0,4.0,8.0,1.0,1.0,1.0,1.0,1.0,1.0,1.0,1.0,5.0,2.0,1.0,4.0,5.0,4.0,5.0,6.0,5.0,2.0,1.0,4.0,2.0,5.0,5.0,4.0,4.0,8.0,2.0,1.0,32.0,64.0,1.0,1.0,1.0,1.0,1.0,1.0,1.0,1.0,1.0,6.0,6.0,5.0,5.0,1.0,2.0,5.0,3.0,3.0,4.0,6.0,5.0,3.0,2.0,2.0,6.0,4.0,32.0,1.0,8.0,4.0,1.0,1.0,1.0,1.0,1.0,1.0,1.0,98304432.0,7659822.239999998,11089000.0,0.13085939999999996,26.0,514.0,6964.0,752994474524167.5,23.90952500000001,20.323383499999995,107.6,1477.6
128.0,1024000.0,256.0,64.0,1.0,18.0,46.0,20.0,4.0,5.0,4.0,5.0,3.0,1.0,3.0,4.0,4.0,5.0,2.0,3.0,4.0,5.0,1.0,3.0,6.0,4.0,1.0,1.0,6.0,2.0,3.0,1.0,4.0,4.0,1.0,8.0,48.0,1.0,1.0,1.0,1.0,1.0,1.0,1.0,5.0,4.0,1.0,2.0,3.0,5.0,5.0,5.0,2.0,3.0,6.0,5.0,5.0,1.0,2.0,5.0,4.0,1.0,32.0,1.0,1.0,16.0,64.0,1.0,16.0,4.0,1.0,1.0,1.0,1.0,5.0,3.0,1.0,1.0,1.0,2.0,6.0,4.0,2.0,5.0,6.0,3.0,2.0,2.0,2.0,4.0,2.0,2.0,2.0,128.0,1.0,32.0,16.0,1.0,2.0,32.0,1.0,1.0,1.0,1.0,4.0,5.0,6.0,1.0,3.0,2.0,1.0,6.0,2.0,6.0,6.0,2.0,2.0,3.0,1.0,2.0,2.0,4.0,64.0,128.0,1.0,64.0,256.0,1.0,1.0,1.0,1.0,1.0,1.0,1.0,6.0,4.0,4.0,2.0,4.0,3.0,1.0,1.0,1.0,4.0,2.0,1.0,2.0,6.0,4.0,2.0,3.0,3.0,8.0,8.0,1.0,16.0,4.0,1.0,1.0,1.0,1.0,1.0,1.0,1.0,4.0,5.0,2.0,3.0,6.0,2.0,1.0,1.0,4.0,3.0,4.0,3.0,6.0,3.0,4.0,3.0,4.0,4.0,64.0,1.0,1.0,32.0,4.0,1.0,1.0,1.0,1.0,1.0,1.0,1.0,127402104.0,15312507.36,8640490.0,0.10214688000000002,20.0,514.0,5416.0,1950845655179485.2,18.589369999999995,18.59069,107.6,1148.8
128.0,32000.0,256.0,64.0,2.0,30.0,24.0,26.0,4.0,3.0,4.0,1.0,1.0,6.0,6.0,4.0,1.0,3.0,6.0,6.0,1.0,6.0,5.0,2.0,4.0,3.0,6.0,6.0,5.0,6.0,5.0,6.0,2.0,512.0,1.0,512.0,1536.0,1.0,1.0,1.0,1.0,1.0,1.0,1.0,3.0,4.0,2.0,6.0,3.0,4.0,5.0,4.0,2.0,1.0,1.0,1.0,3.0,6.0,1.0,4.0,3.0,5.0,4.0,4.0,1.0,16.0,4.0,1.0,128.0,8.0,1.0,1.0,1.0,1.0,4.0,3.0,3.0,4.0,4.0,6.0,6.0,2.0,1.0,5.0,3.0,1.0,2.0,4.0,2.0,6.0,6.0,3.0,64.0,4.0,1.0,64.0,32.0,1.0,2.0,64.0,1.0,1.0,1.0,1.0,6.0,1.0,5.0,2.0,3.0,2.0,4.0,5.0,6.0,6.0,4.0,6.0,5.0,5.0,2.0,3.0,3.0,3.0,32.0,1.0,1.0,256.0,16.0,1.0,1.0,1.0,1.0,1.0,1.0,1.0,4.0,2.0,6.0,2.0,2.0,4.0,3.0,1.0,6.0,1.0,4.0,2.0,4.0,2.0,3.0,6.0,3.0,1.0,512.0,4.0,1.0,256.0,1.0,1.0,1.0,1.0,1.0,1.0,1.0,1.0,4.0,1.0,2.0,5.0,6.0,2.0,6.0,1.0,1.0,5.0,6.0,6.0,4.0,6.0,4.0,6.0,2.0,5.0,2048.0,16.0,1.0,32.0,256.0,1.0,1.0,1.0,1.0,1.0,1.0,1.0,785667282.0,7351086.88,439191000.0,3.0728775000000006,624.0,514.0,133632.0,5775508448755460.0,4.35,0.9926269000000001,107.6,7854.8
32000.0,16000.0,256.0,64.0,1.0,28.0,36.0,4.0,1.0,4.0,3.0,6.0,6.0,5.0,3.0,1.0,2.0,3.0,1.0,3.0,4.0,1.0,3.0,4.0,2.0,6.0,3.0,5.0,1.0,6.0,6.0,6.0,1.0,128.0,1.0,512.0,32.0,1.0,1.0,1.0,1.0,1.0,1.0,1.0,1.0,6.0,1.0,2.0,4.0,4.0,2.0,4.0,4.0,5.0,3.0,1.0,4.0,1.0,3.0,6.0,2.0,4.0,32.0,64.0,1.0,4.0,8.0,1.0,8.0,32.0,1.0,1.0,1.0,1.0,1.0,3.0,5.0,4.0,6.0,6.0,6.0,3.0,5.0,3.0,6.0,3.0,2.0,5.0,2.0,1.0,5.0,2.0,1.0,128.0,1.0,4.0,16.0,1.0,8.0,2.0,1.0,1.0,1.0,1.0,2.0,4.0,6.0,3.0,5.0,5.0,2.0,6.0,6.0,3.0,2.0,1.0,6.0,2.0,5.0,5.0,6.0,6.0,4.0,256.0,1.0,256.0,64.0,1.0,1.0,1.0,1.0,1.0,1.0,1.0,6.0,5.0,3.0,6.0,3.0,6.0,4.0,4.0,2.0,4.0,3.0,1.0,5.0,2.0,5.0,6.0,3.0,3.0,1.0,16.0,1.0,16.0,2048.0,1.0,1.0,1.0,1.0,1.0,1.0,1.0,4.0,6.0,6.0,4.0,3.0,4.0,2.0,6.0,1.0,1.0,5.0,3.0,5.0,1.0,1.0,2.0,5.0,1.0,2048.0,2048.0,1.0,4.0,8.0,1.0,1.0,1.0,1.0,1.0,1.0,1.0,2516582520.0,18147948.0,2290310.0,0.025014100000000008,4.0,514.0,514.0,4.567080871066896e+16,1.0,1.0066149999999998,107.6,107.6
64000.0,16000.0,256.0,64.0,2.0,48.0,28.0,42.0,2.0,5.0,1.0,2.0,2.0,4.0,4.0,5.0,2.0,5.0,2.0,2.0,6.0,5.0,3.0,1.0,3.0,4.0,1.0,5.0,2.0,4.0,3.0,4.0,64.0,8.0,1.0,2.0,96.0,1.0,1.0,1.0,1.0,1.0,1.0,1.0,4.0,6.0,3.0,3.0,1.0,2.0,2.0,6.0,5.0,1.0,6.0,3.0,1.0,4.0,1.0,5.0,6.0,3.0,16.0,1.0,1.0,32.0,4.0,1.0,128.0,2.0,1.0,1.0,1.0,1.0,1.0,3.0,2.0,2.0,2.0,1.0,5.0,1.0,1.0,3.0,3.0,1.0,6.0,4.0,4.0,1.0,4.0,1.0,64.0,4.0,1.0,1.0,2.0,1.0,1.0,4.0,1.0,1.0,1.0,1.0,5.0,2.0,6.0,1.0,5.0,4.0,6.0,2.0,4.0,2.0,6.0,5.0,6.0,6.0,6.0,6.0,5.0,2.0,128.0,16.0,1.0,512.0,4.0,1.0,1.0,1.0,1.0,1.0,1.0,1.0,1.0,3.0,3.0,2.0,4.0,2.0,6.0,1.0,2.0,4.0,3.0,1.0,3.0,5.0,4.0,4.0,3.0,2.0,64.0,256.0,1.0,8.0,256.0,1.0,1.0,1.0,1.0,1.0,1.0,1.0,5.0,1.0,5.0,1.0,5.0,2.0,1.0,1.0,6.0,4.0,6.0,6.0,3.0,2.0,5.0,6.0,6.0,4.0,2048.0,32.0,1.0,8.0,128.0,1.0,1.0,1.0,1.0,1.0,1.0,1.0,105101334.0,4823498.4399999995,1157850000.0,6.061323000000001,1176.0,514.0,102400.0,506956120590918.9,21.638095000000003,8.1348771,107.6,12180.8
1024.0,2048000.0,256.0,64.0,1.0,32.0,20.0,28.0,5.0,2.0,1.0,5.0,3.0,6.0,5.0,4.0,4.0,5.0,3.0,5.0,6.0,6.0,4.0,1.0,2.0,4.0,4.0,3.0,1.0,2.0,4.0,1.0,1.0,64.0,1.0,2.0,12.0,1.0,1.0,1.0,1.0,1.0,1.0,1.0,1.0,5.0,3.0,3.0,2.0,1.0,2.0,4.0,5.0,1.0,6.0,6.0,5.0,1.0,4.0,4.0,4.0,4.0,64.0,2.0,1.0,16.0,1.0,1.0,64.0,16.0,1.0,1.0,1.0,1.0,2.0,5.0,6.0,5.0,3.0,2.0,5.0,5.0,5.0,2.0,3.0,5.0,5.0,3.0,2.0,4.0,1.0,3.0,4.0,8.0,1.0,64.0,32.0,1.0,2.0,16.0,1.0,1.0,1.0,1.0,3.0,5.0,6.0,5.0,3.0,5.0,2.0,3.0,3.0,5.0,5.0,2.0,6.0,1.0,5.0,1.0,6.0,4.0,64.0,256.0,1.0,1.0,64.0,1.0,1.0,1.0,1.0,1.0,1.0,1.0,3.0,2.0,5.0,6.0,5.0,5.0,4.0,6.0,6.0,2.0,5.0,2.0,2.0,1.0,4.0,4.0,3.0,1.0,4.0,128.0,1.0,1.0,16.0,1.0,1.0,1.0,1.0,1.0,1.0,1.0,6.0,5.0,5.0,5.0,3.0,4.0,5.0,1.0,4.0,4.0,6.0,2.0,4.0,4.0,3.0,2.0,6.0,4.0,8.0,64.0,1.0,2.0,2.0,1.0,1.0,1.0,1.0,1.0,1.0,1.0,2516582520.0,15333080.4,11912700.0,0.13537400000000005,28.0,514.0,514.0,3.858696211239461e+16,1.0,1.0000729999999998,107.6,107.6
32000.0,64000.0,256.0,64.0,2.0,30.0,10.0,44.0,5.0,4.0,4.0,3.0,1.0,4.0,4.0,6.0,4.0,5.0,5.0,4.0,5.0,4.0,2.0,4.0,4.0,3.0,3.0,3.0,6.0,5.0,4.0,5.0,8.0,16.0,1.0,12.0,4.0,1.0,1.0,1.0,1.0,1.0,1.0,1.0,4.0,6.0,4.0,6.0,3.0,2.0,4.0,4.0,3.0,4.0,2.0,3.0,2.0,6.0,4.0,3.0,5.0,3.0,16.0,8.0,1.0,1.0,8.0,1.0,8.0,2.0,1.0,1.0,1.0,1.0,3.0,2.0,5.0,4.0,3.0,2.0,6.0,1.0,2.0,1.0,2.0,5.0,6.0,4.0,5.0,6.0,2.0,1.0,128.0,2.0,1.0,32.0,16.0,1.0,32.0,1.0,1.0,1.0,1.0,1.0,5.0,6.0,4.0,3.0,6.0,5.0,4.0,6.0,5.0,4.0,1.0,6.0,1.0,4.0,1.0,1.0,2.0,5.0,4.0,2.0,1.0,4.0,1.0,1.0,1.0,1.0,1.0,1.0,1.0,1.0,5.0,1.0,3.0,5.0,2.0,5.0,2.0,6.0,2.0,1.0,6.0,2.0,3.0,3.0,6.0,3.0,6.0,5.0,64.0,4.0,1.0,16.0,64.0,1.0,1.0,1.0,1.0,1.0,1.0,1.0,4.0,4.0,2.0,3.0,5.0,1.0,6.0,4.0,1.0,3.0,6.0,5.0,5.0,3.0,1.0,2.0,2.0,1.0,128.0,512.0,1.0,64.0,32.0,1.0,1.0,1.0,1.0,1.0,1.0,1.0,52876152.0,5625528.34,268681000.0,2.1949715,440.0,514.0,417792.0,297456291586147.7,84.71217750000002,38.67017795,107.6,23488.4
64000.0,128000.0,256.0,64.0,3.0,48.0,2.0,30.0,1.0,3.0,4.0,2.0,3.0,4.0,1.0,3.0,5.0,2.0,3.0,3.0,5.0,1.0,1.0,1.0,2.0,4.0,3.0,5.0,6.0,1.0,6.0,5.0,8.0,256.0,1.0,192.0,384.0,1.0,1.0,1.0,1.0,1.0,1.0,1.0,1.0,4.0,2.0,5.0,5.0,4.0,6.0,3.0,3.0,1.0,5.0,6.0,6.0,6.0,6.0,1.0,1.0,2.0,16.0,8.0,1.0,1.0,2.0,1.0,128.0,1.0,1.0,1.0,1.0,1.0,6.0,5.0,3.0,6.0,1.0,5.0,5.0,6.0,6.0,2.0,2.0,1.0,3.0,3.0,5.0,2.0,5.0,2.0,32.0,16.0,1.0,4.0,1.0,1.0,2.0,1.0,1.0,1.0,1.0,1.0,1.0,6.0,4.0,3.0,2.0,4.0,4.0,6.0,3.0,1.0,2.0,4.0,2.0,4.0,3.0,4.0,4.0,2.0,4.0,512.0,1.0,1.0,256.0,1.0,1.0,1.0,1.0,1.0,1.0,1.0,1.0,2.0,5.0,4.0,3.0,6.0,2.0,3.0,1.0,4.0,3.0,3.0,6.0,5.0,3.0,5.0,1.0,3.0,2.0,128.0,1.0,1024.0,256.0,1.0,1.0,1.0,1.0,1.0,1.0,1.0,5.0,1.0,4.0,4.0,1.0,3.0,5.0,5.0,1.0,4.0,5.0,3.0,3.0,5.0,2.0,6.0,4.0,6.0,256.0,8.0,1.0,512.0,32.0,1.0,1.0,1.0,1.0,1.0,1.0,1.0,360752484.0,4055927.55,5335400000.0,17.212394999999997,2880.0,514.0,557056.0,1463185938586534.2,16.84365,0.6015604000000001,107.6,95564.8
256.0,32000.0,256.0,64.0,2.0,22.0,16.0,20.0,4.0,3.0,6.0,1.0,2.0,6.0,2.0,3.0,5.0,5.0,2.0,1.0,5.0,3.0,3.0,6.0,6.0,6.0,4.0,2.0,5.0,4.0,5.0,3.0,2.0,4.0,1.0,96.0,6.0,1.0,1.0,1.0,1.0,1.0,1.0,1.0,6.0,4.0,4.0,3.0,4.0,3.0,6.0,1.0,6.0,4.0,5.0,2.0,6.0,1.0,5.0,6.0,5.0,4.0,64.0,8.0,1.0,1.0,2.0,1.0,2.0,8.0,1.0,1.0,1.0,1.0,1.0,4.0,6.0,4.0,6.0,5.0,5.0,2.0,2.0,1.0,2.0,3.0,1.0,2.0,5.0,5.0,4.0,5.0,8.0,1.0,1.0,1.0,4.0,1.0,2.0,64.0,1.0,1.0,1.0,1.0,6.0,6.0,4.0,2.0,3.0,3.0,1.0,4.0,5.0,3.0,4.0,5.0,4.0,5.0,5.0,4.0,5.0,2.0,1.0,64.0,1.0,8.0,16.0,1.0,1.0,1.0,1.0,1.0,1.0,1.0,2.0,4.0,3.0,3.0,1.0,1.0,6.0,4.0,6.0,3.0,4.0,4.0,6.0,5.0,1.0,5.0,6.0,2.0,32.0,128.0,1.0,512.0,16.0,1.0,1.0,1.0,1.0,1.0,1.0,1.0,1.0,6.0,2.0,2.0,3.0,2.0,3.0,2.0,1.0,2.0,2.0,5.0,4.0,5.0,1.0,5.0,5.0,3.0,32.0,16.0,1.0,2.0,16.0,1.0,1.0,1.0,1.0,1.0,1.0,1.0,2424779076.0,6849988.539999999,176008000.0,1.5270525,320.0,514.0,13312.0,1.6609708882631786e+16,13.0,5.14103453,107.6,1407.6
1024.0,64000.0,256.0,64.0,1.0,2.0,2.0,48.0,6.0,2.0,3.0,4.0,4.0,6.0,1.0,6.0,2.0,1.0,4.0,5.0,5.0,4.0,1.0,6.0,1.0,4.0,3.0,5.0,4.0,5.0,5.0,1.0,512.0,256.0,1.0,2.0,24.0,1.0,1.0,1.0,1.0,1.0,1.0,1.0,3.0,2.0,6.0,4.0,5.0,4.0,3.0,4.0,5.0,4.0,2.0,5.0,6.0,3.0,6.0,4.0,3.0,1.0,1.0,2.0,1.0,2.0,1.0,1.0,64.0,32.0,1.0,1.0,1.0,1.0,4.0,6.0,5.0,4.0,5.0,2.0,4.0,2.0,5.0,4.0,3.0,6.0,1.0,6.0,4.0,3.0,1.0,5.0,1.0,64.0,1.0,4.0,32.0,1.0,2.0,4.0,1.0,1.0,1.0,1.0,3.0,6.0,6.0,2.0,1.0,5.0,5.0,4.0,1.0,3.0,4.0,2.0,4.0,3.0,3.0,3.0,4.0,4.0,2.0,512.0,1.0,128.0,256.0,1.0,1.0,1.0,1.0,1.0,1.0,1.0,5.0,3.0,5.0,2.0,6.0,6.0,1.0,1.0,6.0,2.0,6.0,4.0,3.0,3.0,5.0,5.0,3.0,1.0,512.0,256.0,1.0,8.0,1.0,1.0,1.0,1.0,1.0,1.0,1.0,1.0,6.0,4.0,4.0,1.0,6.0,3.0,1.0,3.0,1.0,2.0,3.0,6.0,3.0,4.0,4.0,1.0,5.0,6.0,16.0,1.0,1.0,128.0,128.0,1.0,1.0,1.0,1.0,1.0,1.0,1.0,54264504.0,11155953.0,20381000.0,0.2368896,48.0,514.0,12640.0,605372256192312.0,39.2299,45.115773000000004,107.6,2683.2
64000.0,32000000.0,256.0,64.0,1.0,20.0,40.0,10.0,3.0,1.0,1.0,2.0,4.0,3.0,3.0,3.0,1.0,1.0,5.0,1.0,1.0,1.0,4.0,5.0,3.0,5.0,6.0,4.0,5.0,3.0,3.0,5.0,8.0,1.0,1.0,32.0,256.0,1.0,1.0,1.0,1.0,1.0,1.0,1.0,4.0,5.0,5.0,6.0,6.0,3.0,1.0,3.0,5.0,1.0,6.0,2.0,2.0,6.0,3.0,4.0,1.0,2.0,64.0,32.0,1.0,32.0,64.0,1.0,16.0,1.0,1.0,1.0,1.0,1.0,4.0,6.0,6.0,3.0,4.0,6.0,1.0,3.0,6.0,1.0,1.0,1.0,4.0,2.0,4.0,1.0,4.0,4.0,64.0,64.0,1.0,16.0,32.0,1.0,2.0,4.0,1.0,1.0,1.0,1.0,5.0,6.0,6.0,1.0,5.0,1.0,3.0,4.0,5.0,3.0,3.0,4.0,4.0,1.0,3.0,6.0,4.0,6.0,2.0,4.0,1.0,16.0,32.0,1.0,1.0,1.0,1.0,1.0,1.0,1.0,3.0,5.0,6.0,3.0,4.0,6.0,3.0,6.0,4.0,1.0,3.0,4.0,6.0,5.0,3.0,3.0,2.0,5.0,64.0,2.0,1.0,16.0,1024.0,1.0,1.0,1.0,1.0,1.0,1.0,1.0,1.0,4.0,5.0,6.0,4.0,5.0,6.0,6.0,6.0,6.0,6.0,1.0,5.0,3.0,2.0,5.0,4.0,3.0,4.0,4.0,1.0,512.0,2.0,1.0,1.0,1.0,1.0,1.0,1.0,1.0,2516582520.0,15564282.0,4640860.0,0.05259191999999999,10.0,514.0,514.0,3.916880001755064e+16,1.0,1.393801,107.6,107.6
2048000.0,8192000.0,256.0,64.0,2.0,20.0,38.0,46.0,3.0,3.0,5.0,6.0,2.0,4.0,2.0,1.0,2.0,6.0,6.0,1.0,6.0,5.0,1.0,3.0,4.0,6.0,1.0,6.0,3.0,1.0,1.0,5.0,128.0,16.0,1.0,128.0,3.0,1.0,1.0,1.0,1.0,1.0,1.0,1.0,4.0,5.0,4.0,2.0,5.0,1.0,1.0,3.0,6.0,4.0,4.0,1.0,2.0,1.0,4.0,2.0,1.0,1.0,4.0,16.0,1.0,32.0,16.0,1.0,2.0,32.0,1.0,1.0,1.0,1.0,3.0,1.0,1.0,2.0,1.0,2.0,5.0,5.0,4.0,6.0,5.0,2.0,1.0,5.0,6.0,6.0,1.0,2.0,4.0,8.0,1.0,16.0,2.0,1.0,4.0,8.0,1.0,1.0,1.0,1.0,4.0,5.0,6.0,4.0,3.0,1.0,5.0,3.0,4.0,4.0,6.0,5.0,5.0,5.0,2.0,4.0,4.0,5.0,16.0,256.0,1.0,2.0,512.0,1.0,1.0,1.0,1.0,1.0,1.0,1.0,3.0,4.0,5.0,6.0,4.0,6.0,3.0,4.0,6.0,1.0,5.0,2.0,3.0,3.0,2.0,1.0,1.0,6.0,8.0,4.0,1.0,1.0,1024.0,1.0,1.0,1.0,1.0,1.0,1.0,1.0,5.0,4.0,4.0,1.0,2.0,4.0,2.0,4.0,4.0,2.0,5.0,5.0,5.0,6.0,1.0,1.0,1.0,5.0,256.0,1024.0,1.0,256.0,128.0,1.0,1.0,1.0,1.0,1.0,1.0,1.0,2457356190.0,9072188.060000002,2230190000.0,9.412764000000001,1748.0,514.0,163840.0,2.2293597486085096e+16,2.6,1.1842162000000003,107.6,8846.8
512.0,512000.0,256.0,64.0,1.0,44.0,20.0,28.0,2.0,1.0,4.0,4.0,1.0,4.0,6.0,6.0,6.0,5.0,3.0,5.0,4.0,6.0,6.0,3.0,1.0,5.0,6.0,3.0,6.0,3.0,4.0,1.0,2.0,512.0,1.0,128.0,6.0,1.0,1.0,1.0,1.0,1.0,1.0,1.0,4.0,2.0,2.0,5.0,3.0,5.0,1.0,5.0,6.0,4.0,2.0,1.0,4.0,6.0,4.0,3.0,2.0,2.0,4.0,1.0,1.0,1.0,1.0,1.0,1.0,128.0,1.0,1.0,1.0,1.0,3.0,3.0,2.0,2.0,6.0,4.0,1.0,1.0,5.0,6.0,1.0,3.0,1.0,6.0,3.0,3.0,3.0,2.0,32.0,2.0,1.0,64.0,16.0,1.0,2.0,16.0,1.0,1.0,1.0,1.0,3.0,4.0,2.0,3.0,3.0,1.0,1.0,4.0,4.0,1.0,4.0,5.0,3.0,4.0,2.0,5.0,2.0,5.0,16.0,512.0,1.0,16.0,1.0,1.0,1.0,1.0,1.0,1.0,1.0,1.0,2.0,1.0,1.0,1.0,3.0,1.0,1.0,5.0,3.0,1.0,5.0,5.0,1.0,5.0,4.0,3.0,4.0,1.0,16.0,128.0,1.0,2.0,1024.0,1.0,1.0,1.0,1.0,1.0,1.0,1.0,5.0,2.0,2.0,4.0,3.0,1.0,3.0,6.0,2.0,1.0,2.0,3.0,4.0,4.0,4.0,5.0,5.0,1.0,2.0,32.0,1.0,512.0,1.0,1.0,1.0,1.0,1.0,1.0,1.0,1.0,2420244600.0,20029035.6,11912700.0,0.13567159999999998,28.0,514.0,514.0,4.847516525410776e+16,18.973320000000005,19.44974,107.6,194.0
256.0,8192000.0,256.0,64.0,1.0,44.0,14.0,32.0,4.0,6.0,1.0,1.0,3.0,5.0,3.0,5.0,2.0,6.0,3.0,4.0,6.0,6.0,1.0,5.0,4.0,3.0,3.0,1.0,6.0,3.0,4.0,3.0,32.0,16.0,1.0,2.0,384.0,1.0,1.0,1.0,1.0,1.0,1.0,1.0,6.0,6.0,5.0,6.0,5.0,2.0,1.0,1.0,6.0,4.0,3.0,5.0,3.0,6.0,3.0,1.0,6.0,4.0,2.0,16.0,1.0,64.0,128.0,1.0,32.0,32.0,1.0,1.0,1.0,1.0,3.0,4.0,3.0,3.0,1.0,1.0,1.0,2.0,6.0,2.0,2.0,6.0,4.0,2.0,5.0,2.0,6.0,5.0,32.0,2.0,1.0,1.0,16.0,1.0,16.0,1.0,1.0,1.0,1.0,1.0,2.0,1.0,5.0,6.0,5.0,4.0,2.0,1.0,2.0,6.0,2.0,6.0,5.0,3.0,6.0,1.0,6.0,4.0,512.0,32.0,1.0,512.0,256.0,1.0,1.0,1.0,1.0,1.0,1.0,1.0,5.0,6.0,1.0,6.0,1.0,1.0,3.0,2.0,5.0,1.0,2.0,6.0,3.0,5.0,6.0,3.0,4.0,6.0,128.0,16.0,1.0,1024.0,1024.0,1.0,1.0,1.0,1.0,1.0,1.0,1.0,6.0,3.0,3.0,6.0,5.0,3.0,3.0,1.0,4.0,6.0,5.0,1.0,4.0,3.0,4.0,4.0,5.0,6.0,32.0,1024.0,1.0,4.0,16.0,1.0,1.0,1.0,1.0,1.0,1.0,1.0,78643320.0,15224092.080000002,13574300.0,0.15973220000000002,32.0,514.0,8512.0,1197273145156905.8,32.0,32.10232,107.6,1806.4
8192.0,1024000.0,256.0,64.0,1.0,4.0,16.0,24.0,6.0,6.0,1.0,2.0,2.0,4.0,1.0,1.0,1.0,6.0,6.0,4.0,6.0,4.0,6.0,6.0,5.0,5.0,6.0,6.0,2.0,4.0,4.0,6.0,128.0,4.0,1.0,1536.0,192.0,1.0,1.0,1.0,1.0,1.0,1.0,1.0,3.0,5.0,3.0,4.0,5.0,4.0,2.0,2.0,5.0,5.0,1.0,3.0,2.0,4.0,1.0,2.0,4.0,2.0,32.0,1.0,1.0,32.0,2.0,1.0,128.0,2.0,1.0,1.0,1.0,1.0,1.0,2.0,3.0,5.0,6.0,2.0,4.0,4.0,4.0,3.0,2.0,1.0,3.0,1.0,1.0,2.0,5.0,3.0,128.0,1.0,1.0,128.0,8.0,1.0,1.0,1.0,1.0,1.0,1.0,1.0,5.0,2.0,3.0,6.0,1.0,1.0,4.0,4.0,2.0,4.0,5.0,3.0,1.0,2.0,2.0,6.0,3.0,2.0,128.0,64.0,1.0,32.0,1.0,1.0,1.0,1.0,1.0,1.0,1.0,1.0,5.0,4.0,2.0,4.0,2.0,5.0,1.0,2.0,2.0,5.0,4.0,5.0,4.0,5.0,2.0,2.0,6.0,1.0,1.0,64.0,1.0,64.0,512.0,1.0,1.0,1.0,1.0,1.0,1.0,1.0,5.0,4.0,1.0,3.0,6.0,2.0,3.0,6.0,3.0,4.0,6.0,2.0,6.0,3.0,5.0,2.0,6.0,3.0,32.0,8.0,1.0,32.0,16.0,1.0,1.0,1.0,1.0,1.0,1.0,1.0,107741592.0,9497607.84,10268800.0,0.12128799999999998,24.0,514.0,6448.0,1023287388873281.2,21.748245000000004,19.452704499999996,107.6,1368.0
1024.0,2048000.0,256.0,64.0,3.0,20.0,22.0,32.0,1.0,3.0,6.0,2.0,3.0,2.0,1.0,4.0,5.0,5.0,3.0,2.0,4.0,3.0,2.0,2.0,4.0,3.0,6.0,3.0,5.0,4.0,2.0,2.0,32.0,16.0,1.0,512.0,2.0,1.0,1.0,1.0,1.0,1.0,1.0,1.0,1.0,6.0,4.0,4.0,6.0,4.0,5.0,3.0,4.0,3.0,5.0,4.0,6.0,1.0,5.0,4.0,1.0,2.0,16.0,2.0,1.0,2.0,2.0,1.0,128.0,1.0,1.0,1.0,1.0,1.0,3.0,1.0,1.0,1.0,1.0,6.0,4.0,3.0,5.0,6.0,1.0,1.0,5.0,3.0,1.0,2.0,5.0,1.0,16.0,32.0,1.0,16.0,8.0,1.0,64.0,2.0,1.0,1.0,1.0,1.0,4.0,3.0,4.0,5.0,2.0,2.0,6.0,2.0,2.0,1.0,3.0,4.0,3.0,3.0,1.0,5.0,5.0,1.0,16.0,32.0,1.0,32.0,128.0,1.0,1.0,1.0,1.0,1.0,1.0,1.0,2.0,6.0,3.0,6.0,1.0,4.0,2.0,2.0,5.0,4.0,1.0,4.0,5.0,1.0,6.0,3.0,5.0,2.0,16.0,512.0,1.0,4.0,32.0,1.0,1.0,1.0,1.0,1.0,1.0,1.0,1.0,3.0,2.0,6.0,5.0,4.0,5.0,5.0,2.0,6.0,2.0,6.0,5.0,6.0,4.0,5.0,1.0,6.0,256.0,2.0,1.0,16.0,32.0,1.0,1.0,1.0,1.0,1.0,1.0,1.0,670291152.0,4226026.799999999,106444000000.0,151.70465,14080.0,514.0,172032.0,2832668372154873.0,2.966665,0.1778646,107.6,28902.4
1024000.0,256000.0,256.0,64.0,1.0,8.0,6.0,44.0,3.0,4.0,5.0,2.0,2.0,6.0,3.0,3.0,6.0,3.0,4.0,6.0,4.0,3.0,2.0,5.0,1.0,1.0,4.0,3.0,6.0,5.0,1.0,6.0,32.0,256.0,1.0,1.0,8.0,1.0,1.0,1.0,1.0,1.0,1.0,1.0,3.0,3.0,5.0,6.0,2.0,2.0,2.0,1.0,3.0,6.0,1.0,4.0,6.0,5.0,6.0,1.0,3.0,1.0,2.0,1.0,1.0,8.0,64.0,1.0,1.0,64.0,1.0,1.0,1.0,1.0,6.0,4.0,1.0,3.0,6.0,2.0,2.0,5.0,3.0,3.0,3.0,5.0,1.0,3.0,2.0,6.0,1.0,2.0,32.0,8.0,1.0,64.0,1.0,1.0,32.0,8.0,1.0,1.0,1.0,1.0,2.0,1.0,6.0,1.0,5.0,1.0,2.0,4.0,5.0,6.0,3.0,4.0,5.0,4.0,2.0,3.0,4.0,2.0,16.0,128.0,1.0,512.0,2.0,1.0,1.0,1.0,1.0,1.0,1.0,1.0,5.0,4.0,4.0,4.0,5.0,3.0,2.0,6.0,5.0,5.0,4.0,1.0,6.0,5.0,5.0,3.0,1.0,3.0,32.0,4.0,1.0,512.0,16.0,1.0,1.0,1.0,1.0,1.0,1.0,1.0,1.0,1.0,4.0,2.0,3.0,4.0,2.0,4.0,3.0,2.0,1.0,3.0,3.0,6.0,6.0,2.0,4.0,3.0,2.0,2048.0,1.0,4.0,512.0,1.0,1.0,1.0,1.0,1.0,1.0,1.0,2516582520.0,19315040.400000002,18653700.0,0.20944939999999998,44.0,514.0,514.0,4.8607893043733816e+16,1.0,1.3972909999999998,107.6,107.6
512.0,8192000.0,256.0,64.0,3.0,10.0,16.0,8.0,4.0,6.0,3.0,2.0,2.0,6.0,1.0,6.0,3.0,5.0,6.0,5.0,1.0,2.0,2.0,1.0,5.0,2.0,6.0,5.0,1.0,6.0,5.0,5.0,4.0,16.0,1.0,6.0,1536.0,1.0,1.0,1.0,1.0,1.0,1.0,1.0,3.0,2.0,1.0,6.0,4.0,5.0,2.0,2.0,6.0,4.0,2.0,2.0,5.0,2.0,3.0,2.0,6.0,4.0,2.0,16.0,1.0,128.0,2.0,1.0,4.0,1.0,1.0,1.0,1.0,1.0,5.0,4.0,1.0,3.0,6.0,4.0,2.0,1.0,1.0,3.0,3.0,4.0,3.0,4.0,4.0,6.0,2.0,3.0,8.0,128.0,1.0,1.0,128.0,1.0,16.0,8.0,1.0,1.0,1.0,1.0,6.0,6.0,3.0,2.0,1.0,6.0,1.0,6.0,2.0,4.0,4.0,4.0,5.0,4.0,2.0,6.0,1.0,5.0,16.0,128.0,1.0,512.0,1.0,1.0,1.0,1.0,1.0,1.0,1.0,1.0,3.0,5.0,5.0,4.0,4.0,1.0,3.0,1.0,2.0,3.0,6.0,6.0,2.0,4.0,1.0,2.0,1.0,6.0,2.0,16.0,1.0,16.0,16.0,1.0,1.0,1.0,1.0,1.0,1.0,1.0,1.0,2.0,1.0,2.0,4.0,2.0,2.0,2.0,3.0,4.0,6.0,6.0,2.0,2.0,1.0,5.0,3.0,3.0,1024.0,16.0,1.0,1.0,8.0,1.0,1.0,1.0,1.0,1.0,1.0,1.0,274252632.0,4338072.9,1328050000.0,6.8867470000000015,1280.0,514.0,446464.0,1189727910632873.0,9.24176,0.14955355,107.6,80384.0
512.0,128000.0,256.0,64.0,3.0,46.0,40.0,38.0,5.0,1.0,5.0,5.0,2.0,1.0,5.0,1.0,2.0,4.0,5.0,5.0,3.0,4.0,4.0,5.0,3.0,4.0,1.0,5.0,2.0,4.0,2.0,2.0,32.0,4.0,1.0,256.0,512.0,1.0,1.0,1.0,1.0,1.0,1.0,1.0,5.0,2.0,3.0,5.0,4.0,4.0,3.0,1.0,3.0,6.0,3.0,1.0,2.0,6.0,4.0,4.0,2.0,3.0,32.0,16.0,1.0,32.0,16.0,1.0,128.0,1.0,1.0,1.0,1.0,1.0,3.0,2.0,3.0,6.0,1.0,4.0,2.0,4.0,4.0,3.0,4.0,5.0,4.0,3.0,4.0,3.0,5.0,6.0,64.0,64.0,1.0,32.0,128.0,1.0,4.0,64.0,1.0,1.0,1.0,1.0,3.0,2.0,2.0,3.0,2.0,2.0,2.0,4.0,2.0,1.0,1.0,5.0,6.0,1.0,6.0,4.0,5.0,6.0,128.0,64.0,1.0,2.0,64.0,1.0,1.0,1.0,1.0,1.0,1.0,1.0,6.0,1.0,1.0,4.0,2.0,3.0,2.0,4.0,2.0,2.0,6.0,5.0,5.0,5.0,1.0,3.0,3.0,5.0,4.0,256.0,1.0,512.0,2048.0,1.0,1.0,1.0,1.0,1.0,1.0,1.0,5.0,1.0,6.0,5.0,2.0,6.0,3.0,2.0,6.0,4.0,1.0,5.0,2.0,2.0,3.0,4.0,4.0,4.0,64.0,64.0,1.0,16.0,16.0,1.0,1.0,1.0,1.0,1.0,1.0,1.0,518327160.0,3912956.88,2518260000000.0,2464.295,69920.0,514.0,2752512.0,2028191826812860.8,41.1,0.4140625,107.6,254976.0
128000.0,32000000.0,256.0,64.0,2.0,42.0,28.0,2.0,3.0,6.0,4.0,2.0,1.0,1.0,1.0,4.0,5.0,4.0,5.0,2.0,2.0,2.0,6.0,2.0,6.0,2.0,1.0,1.0,2.0,2.0,4.0,4.0,32.0,16.0,1.0,512.0,768.0,1.0,1.0,1.0,1.0,1.0,1.0,1.0,5.0,2.0,5.0,5.0,1.0,2.0,1.0,3.0,2.0,6.0,6.0,6.0,4.0,5.0,3.0,5.0,6.0,4.0,2.0,4.0,1.0,128.0,4.0,1.0,2.0,2.0,1.0,1.0,1.0,1.0,3.0,1.0,6.0,5.0,6.0,4.0,4.0,5.0,5.0,1.0,5.0,2.0,5.0,3.0,4.0,3.0,4.0,3.0,4.0,128.0,1.0,128.0,32.0,1.0,16.0,1.0,1.0,1.0,1.0,1.0,3.0,6.0,2.0,2.0,1.0,2.0,1.0,4.0,6.0,2.0,5.0,1.0,2.0,1.0,4.0,2.0,3.0,3.0,1.0,64.0,1.0,256.0,256.0,1.0,1.0,1.0,1.0,1.0,1.0,1.0,4.0,6.0,2.0,3.0,6.0,3.0,6.0,6.0,5.0,5.0,3.0,3.0,6.0,4.0,4.0,6.0,2.0,1.0,512.0,256.0,1.0,1.0,2.0,1.0,1.0,1.0,1.0,1.0,1.0,1.0,1.0,4.0,2.0,4.0,2.0,1.0,5.0,4.0,5.0,1.0,1.0,2.0,5.0,2.0,5.0,5.0,4.0,2.0,1.0,512.0,1.0,32.0,256.0,1.0,1.0,1.0,1.0,1.0,1.0,1.0,395888436.0,8153338.84,23913500.0,0.3700818,56.0,514.0,315392.0,3227812561545654.0,16.833785,8.235887000000002,107.6,30521.6
4096.0,16000.0,256.0,64.0,1.0,28.0,20.0,16.0,1.0,5.0,2.0,3.0,6.0,5.0,3.0,3.0,6.0,5.0,5.0,5.0,1.0,3.0,5.0,2.0,2.0,6.0,1.0,2.0,5.0,2.0,6.0,2.0,128.0,128.0,1.0,12.0,32.0,1.0,1.0,1.0,1.0,1.0,1.0,1.0,6.0,1.0,1.0,2.0,5.0,6.0,4.0,6.0,2.0,2.0,6.0,3.0,6.0,5.0,4.0,4.0,2.0,2.0,8.0,4.0,1.0,8.0,16.0,1.0,2.0,2.0,1.0,1.0,1.0,1.0,4.0,6.0,6.0,2.0,3.0,3.0,1.0,6.0,4.0,2.0,1.0,4.0,2.0,5.0,3.0,5.0,6.0,3.0,4.0,8.0,1.0,64.0,64.0,1.0,1.0,2.0,1.0,1.0,1.0,1.0,1.0,3.0,5.0,4.0,1.0,3.0,2.0,2.0,5.0,1.0,3.0,1.0,1.0,3.0,6.0,2.0,2.0,3.0,2.0,128.0,1.0,64.0,256.0,1.0,1.0,1.0,1.0,1.0,1.0,1.0,4.0,5.0,3.0,5.0,5.0,3.0,5.0,3.0,5.0,6.0,3.0,1.0,5.0,4.0,5.0,5.0,1.0,3.0,64.0,512.0,1.0,2048.0,16.0,1.0,1.0,1.0,1.0,1.0,1.0,1.0,5.0,5.0,5.0,4.0,3.0,5.0,5.0,3.0,2.0,6.0,2.0,1.0,6.0,2.0,1.0,3.0,4.0,4.0,256.0,64.0,1.0,1.0,2.0,1.0,1.0,1.0,1.0,1.0,1.0,1.0,2516582520.0,19313216.400000002,7028100.0,0.08016964000000001,16.0,514.0,514.0,4.8603302797217336e+16,1.0,1.39768,107.6,107.6
128.0,256000.0,256.0,64.0,2.0,38.0,20.0,2.0,2.0,5.0,3.0,1.0,1.0,3.0,6.0,1.0,2.0,3.0,1.0,1.0,1.0,3.0,1.0,1.0,5.0,5.0,2.0,6.0,1.0,5.0,2.0,6.0,16.0,32.0,1.0,256.0,2.0,1.0,1.0,1.0,1.0,1.0,1.0,1.0,5.0,5.0,6.0,1.0,5.0,2.0,2.0,1.0,3.0,3.0,1.0,6.0,3.0,1.0,1.0,4.0,4.0,4.0,4.0,64.0,1.0,64.0,2.0,1.0,16.0,32.0,1.0,1.0,1.0,1.0,3.0,2.0,3.0,6.0,5.0,3.0,3.0,3.0,5.0,2.0,4.0,3.0,4.0,5.0,2.0,1.0,5.0,4.0,128.0,8.0,1.0,32.0,16.0,1.0,8.0,2.0,1.0,1.0,1.0,1.0,4.0,6.0,3.0,4.0,2.0,5.0,5.0,3.0,4.0,1.0,4.0,2.0,3.0,6.0,1.0,2.0,3.0,6.0,2.0,256.0,1.0,2.0,2.0,1.0,1.0,1.0,1.0,1.0,1.0,1.0,5.0,5.0,2.0,2.0,5.0,6.0,3.0,3.0,1.0,5.0,2.0,5.0,4.0,1.0,4.0,3.0,2.0,4.0,4.0,16.0,1.0,512.0,1.0,1.0,1.0,1.0,1.0,1.0,1.0,1.0,4.0,5.0,6.0,6.0,3.0,2.0,4.0,3.0,5.0,5.0,6.0,3.0,6.0,4.0,6.0,2.0,3.0,1.0,64.0,512.0,1.0,512.0,4.0,1.0,1.0,1.0,1.0,1.0,1.0,1.0,130312248.0,5651269.280000001,16948800.0,0.21020044999999996,40.0,514.0,47104.0,736429603930141.6,23.07769,6.6573162,107.6,5699.2
128000.0,512000.0,256.0,64.0,3.0,6.0,18.0,16.0,2.0,2.0,4.0,3.0,1.0,2.0,2.0,1.0,5.0,1.0,6.0,4.0,1.0,6.0,6.0,4.0,4.0,2.0,2.0,4.0,5.0,5.0,3.0,6.0,64.0,1.0,1.0,32.0,1.0,1.0,1.0,1.0,1.0,1.0,1.0,1.0,6.0,1.0,3.0,1.0,6.0,3.0,2.0,6.0,4.0,3.0,2.0,5.0,3.0,6.0,1.0,6.0,5.0,6.0,64.0,32.0,1.0,64.0,4.0,1.0,4.0,32.0,1.0,1.0,1.0,1.0,2.0,2.0,5.0,4.0,3.0,6.0,6.0,2.0,6.0,2.0,2.0,4.0,1.0,2.0,2.0,5.0,1.0,2.0,8.0,64.0,1.0,64.0,16.0,1.0,4.0,2.0,1.0,1.0,1.0,1.0,4.0,1.0,4.0,1.0,2.0,2.0,2.0,6.0,6.0,1.0,3.0,6.0,1.0,1.0,3.0,4.0,5.0,6.0,512.0,256.0,1.0,4.0,1.0,1.0,1.0,1.0,1.0,1.0,1.0,1.0,4.0,5.0,2.0,2.0,2.0,5.0,3.0,1.0,6.0,5.0,4.0,4.0,1.0,6.0,1.0,2.0,6.0,1.0,4.0,16.0,1.0,4.0,32.0,1.0,1.0,1.0,1.0,1.0,1.0,1.0,4.0,3.0,4.0,5.0,5.0,4.0,1.0,3.0,1.0,2.0,1.0,6.0,1.0,3.0,2.0,4.0,4.0,3.0,64.0,2048.0,1.0,8.0,128.0,1.0,1.0,1.0,1.0,1.0,1.0,1.0,876469836.0,4276191.7,2187160000.0,9.553398,1728.0,514.0,1081344.0,3747953038003561.5,44.516679999999994,0.68711889,107.6,85094.4
32000.0,64000.0,256.0,64.0,1.0,36.0,36.0,2.0,6.0,1.0,4.0,5.0,2.0,2.0,4.0,1.0,3.0,2.0,1.0,4.0,5.0,1.0,6.0,2.0,3.0,6.0,4.0,4.0,3.0,3.0,3.0,5.0,32.0,256.0,1.0,256.0,24.0,1.0,1.0,1.0,1.0,1.0,1.0,1.0,3.0,1.0,5.0,5.0,6.0,2.0,5.0,2.0,4.0,3.0,6.0,5.0,4.0,3.0,5.0,4.0,1.0,2.0,32.0,2.0,1.0,1.0,1.0,1.0,2.0,4.0,1.0,1.0,1.0,1.0,4.0,5.0,6.0,5.0,4.0,4.0,6.0,6.0,2.0,1.0,3.0,5.0,5.0,4.0,2.0,4.0,4.0,6.0,16.0,16.0,1.0,2.0,4.0,1.0,16.0,2.0,1.0,1.0,1.0,1.0,1.0,5.0,4.0,6.0,2.0,5.0,3.0,6.0,5.0,4.0,1.0,1.0,3.0,5.0,1.0,5.0,6.0,5.0,2.0,32.0,1.0,2.0,128.0,1.0,1.0,1.0,1.0,1.0,1.0,1.0,4.0,6.0,4.0,1.0,2.0,6.0,3.0,3.0,6.0,2.0,4.0,5.0,2.0,3.0,5.0,5.0,5.0,2.0,16.0,16.0,1.0,32.0,128.0,1.0,1.0,1.0,1.0,1.0,1.0,1.0,5.0,5.0,2.0,5.0,1.0,2.0,3.0,1.0,4.0,3.0,4.0,2.0,2.0,3.0,3.0,4.0,4.0,3.0,1024.0,4.0,1.0,32.0,1.0,1.0,1.0,1.0,1.0,1.0,1.0,1.0,1258291344.0,18371721.360000003,1518290.0,0.01601062,2.0,514.0,772.0,2.311697796166791e+16,2.0,1.9580824999999995,107.6,162.4
32000.0,256000.0,256.0,64.0,2.0,16.0,34.0,2.0,1.0,6.0,2.0,4.0,5.0,5.0,4.0,6.0,4.0,3.0,1.0,1.0,3.0,1.0,2.0,1.0,6.0,2.0,6.0,2.0,3.0,3.0,3.0,4.0,2.0,16.0,1.0,96.0,2.0,1.0,1.0,1.0,1.0,1.0,1.0,1.0,3.0,1.0,5.0,2.0,2.0,3.0,2.0,4.0,5.0,5.0,5.0,1.0,1.0,2.0,6.0,1.0,6.0,2.0,2.0,1.0,1.0,8.0,128.0,1.0,32.0,4.0,1.0,1.0,1.0,1.0,5.0,6.0,3.0,4.0,3.0,1.0,6.0,1.0,6.0,6.0,3.0,1.0,2.0,3.0,6.0,5.0,1.0,2.0,2.0,4.0,1.0,4.0,1.0,1.0,2.0,8.0,1.0,1.0,1.0,1.0,3.0,2.0,5.0,6.0,2.0,3.0,5.0,6.0,5.0,5.0,5.0,2.0,1.0,1.0,3.0,1.0,2.0,5.0,2.0,4.0,1.0,32.0,4.0,1.0,1.0,1.0,1.0,1.0,1.0,1.0,4.0,6.0,2.0,3.0,4.0,6.0,4.0,4.0,2.0,3.0,2.0,2.0,1.0,3.0,3.0,5.0,2.0,3.0,256.0,512.0,1.0,512.0,1024.0,1.0,1.0,1.0,1.0,1.0,1.0,1.0,6.0,4.0,4.0,2.0,5.0,6.0,2.0,6.0,3.0,3.0,4.0,4.0,3.0,4.0,1.0,4.0,2.0,6.0,256.0,8.0,1.0,256.0,128.0,1.0,1.0,1.0,1.0,1.0,1.0,1.0,432299010.0,6400534.300000001,29411200.0,0.6107522499999999,68.0,514.0,1507328.0,2766944641361043.5,22.869565,12.5906947,107.6,84098.4
1024000.0,4096000.0,256.0,64.0,2.0,28.0,48.0,2.0,1.0,2.0,5.0,2.0,6.0,2.0,2.0,4.0,3.0,2.0,1.0,6.0,5.0,5.0,5.0,2.0,1.0,4.0,5.0,2.0,2.0,3.0,1.0,4.0,16.0,2.0,1.0,128.0,6.0,1.0,1.0,1.0,1.0,1.0,1.0,1.0,6.0,5.0,1.0,6.0,5.0,4.0,4.0,6.0,6.0,6.0,5.0,1.0,6.0,6.0,6.0,4.0,1.0,4.0,64.0,4.0,1.0,2.0,1.0,1.0,64.0,4.0,1.0,1.0,1.0,1.0,6.0,1.0,6.0,3.0,3.0,1.0,5.0,1.0,6.0,2.0,5.0,5.0,6.0,4.0,6.0,1.0,3.0,3.0,1.0,2.0,1.0,128.0,32.0,1.0,1.0,1.0,1.0,1.0,1.0,1.0,3.0,1.0,2.0,4.0,3.0,4.0,2.0,6.0,6.0,2.0,3.0,3.0,1.0,5.0,3.0,2.0,1.0,2.0,256.0,64.0,1.0,128.0,128.0,1.0,1.0,1.0,1.0,1.0,1.0,1.0,6.0,3.0,6.0,3.0,3.0,2.0,2.0,1.0,3.0,5.0,5.0,6.0,5.0,3.0,1.0,4.0,5.0,5.0,4.0,64.0,1.0,64.0,128.0,1.0,1.0,1.0,1.0,1.0,1.0,1.0,3.0,2.0,6.0,1.0,5.0,6.0,4.0,1.0,2.0,1.0,6.0,1.0,2.0,6.0,6.0,1.0,4.0,1.0,1024.0,4.0,1.0,256.0,256.0,1.0,1.0,1.0,1.0,1.0,1.0,1.0,2496559842.0,7713100.9,42371200.0,0.47820840000000003,96.0,514.0,68608.0,1.925621796423406e+16,1.4,1.3174492,107.6,7778.0
256000.0,16000000.0,256.0,64.0,2.0,34.0,34.0,30.0,6.0,1.0,5.0,4.0,3.0,6.0,3.0,5.0,6.0,2.0,2.0,2.0,4.0,6.0,1.0,4.0,4.0,5.0,5.0,2.0,4.0,5.0,2.0,2.0,8.0,512.0,1.0,6.0,512.0,1.0,1.0,1.0,1.0,1.0,1.0,1.0,3.0,6.0,6.0,5.0,5.0,2.0,2.0,6.0,5.0,4.0,2.0,6.0,2.0,6.0,4.0,2.0,2.0,4.0,4.0,2.0,1.0,1.0,128.0,1.0,16.0,64.0,1.0,1.0,1.0,1.0,1.0,3.0,2.0,6.0,6.0,4.0,2.0,2.0,5.0,3.0,6.0,4.0,6.0,1.0,1.0,2.0,5.0,2.0,32.0,4.0,1.0,8.0,32.0,1.0,32.0,1.0,1.0,1.0,1.0,1.0,2.0,1.0,4.0,5.0,3.0,5.0,2.0,3.0,2.0,5.0,4.0,3.0,5.0,4.0,3.0,5.0,5.0,1.0,64.0,512.0,1.0,16.0,16.0,1.0,1.0,1.0,1.0,1.0,1.0,1.0,2.0,1.0,6.0,2.0,3.0,4.0,4.0,2.0,2.0,2.0,3.0,1.0,5.0,3.0,3.0,5.0,3.0,3.0,128.0,16.0,1.0,2048.0,1024.0,1.0,1.0,1.0,1.0,1.0,1.0,1.0,5.0,5.0,5.0,2.0,4.0,1.0,4.0,2.0,2.0,3.0,1.0,5.0,3.0,6.0,3.0,3.0,4.0,4.0,1024.0,32.0,1.0,256.0,128.0,1.0,1.0,1.0,1.0,1.0,1.0,1.0,97642614.0,4552285.920000001,923405000.0,5.5475794999999986,1020.0,514.0,1441792.0,444497096904194.94,30.8,22.5069155,107.6,114691.2
1024.0,512000.0,256.0,64.0,3.0,38.0,48.0,48.0,5.0,1.0,4.0,3.0,3.0,1.0,6.0,3.0,2.0,5.0,5.0,1.0,4.0,2.0,2.0,5.0,1.0,6.0,2.0,5.0,4.0,5.0,3.0,2.0,64.0,64.0,1.0,12.0,32.0,1.0,1.0,1.0,1.0,1.0,1.0,1.0,5.0,3.0,2.0,1.0,5.0,5.0,3.0,3.0,3.0,1.0,2.0,4.0,6.0,6.0,6.0,1.0,1.0,5.0,32.0,2.0,1.0,8.0,16.0,1.0,64.0,4.0,1.0,1.0,1.0,1.0,2.0,6.0,5.0,4.0,2.0,1.0,2.0,6.0,5.0,4.0,4.0,3.0,3.0,4.0,2.0,2.0,6.0,1.0,2.0,32.0,1.0,32.0,8.0,1.0,8.0,8.0,1.0,1.0,1.0,1.0,5.0,3.0,2.0,5.0,4.0,5.0,2.0,3.0,3.0,3.0,5.0,6.0,1.0,2.0,5.0,6.0,2.0,4.0,256.0,2.0,1.0,64.0,64.0,1.0,1.0,1.0,1.0,1.0,1.0,1.0,3.0,2.0,1.0,5.0,5.0,6.0,5.0,5.0,6.0,4.0,1.0,6.0,5.0,6.0,5.0,1.0,3.0,6.0,8.0,4.0,1.0,8.0,1024.0,1.0,1.0,1.0,1.0,1.0,1.0,1.0,5.0,1.0,4.0,5.0,4.0,1.0,3.0,4.0,3.0,1.0,1.0,4.0,3.0,6.0,2.0,4.0,2.0,1.0,16.0,512.0,1.0,32.0,512.0,1.0,1.0,1.0,1.0,1.0,1.0,1.0,417005748.0,3928636.2600000007,3939990000000.0,3761.7025,87552.0,514.0,2752512.0,1638263902221222.8,16.7,0.502083335,107.6,214220.8
16000.0,512000.0,256.0,64.0,3.0,12.0,30.0,2.0,6.0,4.0,5.0,6.0,3.0,5.0,6.0,1.0,6.0,2.0,5.0,5.0,3.0,3.0,1.0,6.0,1.0,1.0,6.0,4.0,2.0,6.0,1.0,3.0,8.0,512.0,1.0,1.0,48.0,1.0,1.0,1.0,1.0,1.0,1.0,1.0,4.0,4.0,2.0,6.0,3.0,6.0,6.0,3.0,5.0,6.0,6.0,3.0,1.0,6.0,4.0,3.0,3.0,2.0,32.0,4.0,1.0,4.0,2.0,1.0,16.0,1.0,1.0,1.0,1.0,1.0,2.0,2.0,6.0,2.0,4.0,6.0,5.0,3.0,5.0,1.0,2.0,2.0,5.0,6.0,3.0,3.0,3.0,5.0,4.0,2.0,1.0,4.0,128.0,1.0,64.0,4.0,1.0,1.0,1.0,1.0,6.0,2.0,5.0,3.0,1.0,2.0,6.0,6.0,5.0,6.0,5.0,1.0,5.0,3.0,6.0,3.0,1.0,2.0,64.0,256.0,1.0,2.0,64.0,1.0,1.0,1.0,1.0,1.0,1.0,1.0,5.0,4.0,1.0,1.0,1.0,1.0,1.0,2.0,3.0,6.0,4.0,4.0,2.0,5.0,5.0,6.0,1.0,1.0,8.0,64.0,1.0,64.0,8.0,1.0,1.0,1.0,1.0,1.0,1.0,1.0,2.0,1.0,5.0,3.0,4.0,5.0,1.0,6.0,6.0,5.0,1.0,2.0,5.0,5.0,4.0,5.0,1.0,6.0,2.0,2048.0,1.0,512.0,32.0,1.0,1.0,1.0,1.0,1.0,1.0,1.0,1642192956.0,3966097.4400000004,542139000.0,4.176984999999999,720.0,514.0,2752512.0,6513097278777633.0,9.933320000000002,0.1609377,107.6,183552.0
8192.0,256000.0,256.0,64.0,2.0,42.0,24.0,22.0,3.0,6.0,4.0,4.0,3.0,4.0,2.0,5.0,2.0,2.0,4.0,4.0,4.0,3.0,5.0,2.0,5.0,5.0,6.0,4.0,3.0,2.0,1.0,2.0,1.0,8.0,1.0,512.0,1536.0,1.0,1.0,1.0,1.0,1.0,1.0,1.0,1.0,4.0,5.0,1.0,3.0,6.0,1.0,1.0,4.0,1.0,3.0,6.0,6.0,1.0,3.0,2.0,3.0,3.0,64.0,16.0,1.0,8.0,64.0,1.0,64.0,128.0,1.0,1.0,1.0,1.0,5.0,4.0,6.0,5.0,1.0,3.0,5.0,5.0,1.0,5.0,2.0,4.0,6.0,2.0,6.0,6.0,2.0,4.0,2.0,32.0,1.0,64.0,4.0,1.0,64.0,16.0,1.0,1.0,1.0,1.0,3.0,3.0,4.0,1.0,4.0,4.0,4.0,2.0,1.0,2.0,5.0,5.0,6.0,2.0,6.0,2.0,2.0,2.0,16.0,1.0,1.0,1.0,64.0,1.0,1.0,1.0,1.0,1.0,1.0,1.0,1.0,4.0,4.0,5.0,5.0,3.0,5.0,5.0,6.0,6.0,6.0,5.0,2.0,2.0,2.0,5.0,4.0,2.0,32.0,1.0,1.0,4.0,64.0,1.0,1.0,1.0,1.0,1.0,1.0,1.0,6.0,1.0,6.0,3.0,5.0,4.0,1.0,2.0,2.0,6.0,1.0,3.0,2.0,5.0,3.0,4.0,2.0,3.0,128.0,1024.0,1.0,512.0,256.0,1.0,1.0,1.0,1.0,1.0,1.0,1.0,648112086.0,10053994.839999998,345923000.0,2.6812215000000004,528.0,514.0,265472.0,6516115568385635.0,241.51047,55.72495949999999,107.6,36325.6
256000.0,512000.0,256.0,64.0,3.0,44.0,44.0,40.0,2.0,4.0,4.0,4.0,5.0,3.0,3.0,6.0,3.0,1.0,6.0,1.0,4.0,5.0,1.0,2.0,1.0,5.0,4.0,5.0,3.0,2.0,5.0,4.0,512.0,1.0,1.0,12.0,4.0,1.0,1.0,1.0,1.0,1.0,1.0,1.0,2.0,3.0,1.0,2.0,4.0,4.0,3.0,1.0,3.0,1.0,1.0,1.0,5.0,1.0,5.0,3.0,3.0,6.0,64.0,64.0,1.0,2.0,1.0,1.0,128.0,2.0,1.0,1.0,1.0,1.0,1.0,2.0,3.0,4.0,1.0,2.0,6.0,3.0,3.0,1.0,4.0,3.0,4.0,6.0,4.0,4.0,6.0,1.0,16.0,1.0,1.0,64.0,1.0,1.0,4.0,64.0,1.0,1.0,1.0,1.0,3.0,3.0,2.0,4.0,3.0,1.0,3.0,5.0,3.0,4.0,2.0,3.0,2.0,6.0,6.0,4.0,5.0,2.0,512.0,8.0,1.0,256.0,2.0,1.0,1.0,1.0,1.0,1.0,1.0,1.0,4.0,2.0,3.0,6.0,5.0,6.0,5.0,6.0,6.0,3.0,4.0,5.0,4.0,5.0,1.0,5.0,3.0,2.0,512.0,32.0,1.0,32.0,128.0,1.0,1.0,1.0,1.0,1.0,1.0,1.0,6.0,2.0,6.0,2.0,2.0,6.0,3.0,2.0,1.0,6.0,4.0,2.0,6.0,3.0,2.0,5.0,5.0,2.0,64.0,512.0,1.0,256.0,256.0,1.0,1.0,1.0,1.0,1.0,1.0,1.0,1226669844.0,3931396.08,3085870000000.0,2983.7735,77440.0,514.0,458752.0,4822525016155812.0,55.333335000000005,1.52578125,107.6,79718.4
16000.0,128000.0,256.0,64.0,1.0,20.0,22.0,24.0,3.0,6.0,3.0,6.0,3.0,2.0,2.0,6.0,6.0,4.0,6.0,1.0,2.0,5.0,1.0,5.0,5.0,4.0,4.0,4.0,6.0,1.0,1.0,4.0,1.0,1.0,1.0,32.0,8.0,1.0,1.0,1.0,1.0,1.0,1.0,1.0,6.0,3.0,6.0,3.0,4.0,3.0,5.0,5.0,3.0,3.0,3.0,4.0,4.0,3.0,6.0,3.0,1.0,1.0,4.0,64.0,1.0,4.0,64.0,1.0,64.0,16.0,1.0,1.0,1.0,1.0,1.0,4.0,4.0,3.0,4.0,3.0,3.0,3.0,5.0,6.0,6.0,3.0,2.0,1.0,2.0,1.0,4.0,6.0,2.0,8.0,1.0,32.0,16.0,1.0,1.0,1.0,1.0,1.0,1.0,1.0,6.0,5.0,1.0,1.0,1.0,3.0,3.0,4.0,4.0,5.0,1.0,6.0,1.0,2.0,5.0,4.0,1.0,3.0,2.0,1.0,1.0,512.0,4.0,1.0,1.0,1.0,1.0,1.0,1.0,1.0,5.0,1.0,1.0,6.0,6.0,6.0,1.0,3.0,3.0,1.0,6.0,4.0,2.0,5.0,2.0,1.0,6.0,1.0,1.0,2.0,1.0,2048.0,128.0,1.0,1.0,1.0,1.0,1.0,1.0,1.0,3.0,6.0,2.0,2.0,3.0,2.0,6.0,2.0,2.0,2.0,5.0,2.0,1.0,6.0,2.0,5.0,5.0,3.0,1.0,2.0,1.0,8.0,128.0,1.0,1.0,1.0,1.0,1.0,1.0,1.0,106954872.0,15640867.2,10268800.0,0.12128799999999998,24.0,514.0,6448.0,1672866949344998.2,21.784610000000004,21.851289999999995,107.6,1368.0
4096.0,32000.0,256.0,64.0,1.0,12.0,42.0,12.0,3.0,3.0,6.0,2.0,2.0,2.0,4.0,2.0,5.0,5.0,4.0,2.0,4.0,4.0,1.0,5.0,4.0,3.0,4.0,6.0,6.0,2.0,4.0,4.0,2.0,128.0,1.0,6.0,256.0,1.0,1.0,1.0,1.0,1.0,1.0,1.0,6.0,5.0,3.0,2.0,2.0,6.0,2.0,2.0,4.0,4.0,5.0,3.0,3.0,4.0,6.0,3.0,5.0,5.0,16.0,1.0,1.0,32.0,2.0,1.0,128.0,1.0,1.0,1.0,1.0,1.0,2.0,1.0,1.0,2.0,3.0,2.0,5.0,2.0,6.0,5.0,5.0,6.0,5.0,6.0,3.0,6.0,3.0,1.0,4.0,1.0,1.0,2.0,64.0,1.0,8.0,2.0,1.0,1.0,1.0,1.0,3.0,1.0,5.0,4.0,5.0,1.0,1.0,1.0,2.0,6.0,6.0,3.0,5.0,1.0,2.0,3.0,5.0,2.0,256.0,32.0,1.0,1.0,512.0,1.0,1.0,1.0,1.0,1.0,1.0,1.0,2.0,1.0,1.0,1.0,4.0,1.0,6.0,5.0,3.0,1.0,5.0,3.0,5.0,6.0,1.0,5.0,1.0,4.0,1.0,128.0,1.0,4.0,64.0,1.0,1.0,1.0,1.0,1.0,1.0,1.0,6.0,6.0,2.0,6.0,3.0,5.0,4.0,4.0,1.0,5.0,5.0,2.0,2.0,1.0,2.0,5.0,3.0,1.0,1024.0,256.0,1.0,4.0,64.0,1.0,1.0,1.0,1.0,1.0,1.0,1.0,2424963192.0,21913100.4,5432530.0,0.06190589999999999,12.0,514.0,514.0,5.313846189260047e+16,9.12124,9.581861,107.6,142.8
16000.0,1024000.0,256.0,64.0,3.0,48.0,2.0,20.0,3.0,6.0,1.0,1.0,1.0,1.0,2.0,6.0,4.0,1.0,6.0,3.0,4.0,4.0,2.0,3.0,6.0,1.0,1.0,3.0,1.0,2.0,5.0,3.0,64.0,256.0,1.0,6.0,1536.0,1.0,1.0,1.0,1.0,1.0,1.0,1.0,5.0,2.0,4.0,1.0,5.0,2.0,3.0,5.0,6.0,3.0,2.0,4.0,5.0,5.0,6.0,3.0,2.0,3.0,8.0,64.0,1.0,1.0,128.0,1.0,4.0,1.0,1.0,1.0,1.0,1.0,6.0,2.0,4.0,5.0,6.0,2.0,5.0,1.0,4.0,5.0,1.0,5.0,1.0,1.0,2.0,4.0,6.0,1.0,16.0,16.0,1.0,8.0,4.0,1.0,32.0,16.0,1.0,1.0,1.0,1.0,5.0,6.0,2.0,4.0,3.0,5.0,6.0,6.0,4.0,1.0,5.0,3.0,4.0,1.0,1.0,4.0,6.0,1.0,512.0,128.0,1.0,2.0,8.0,1.0,1.0,1.0,1.0,1.0,1.0,1.0,6.0,6.0,1.0,4.0,2.0,3.0,1.0,3.0,3.0,3.0,5.0,1.0,2.0,6.0,2.0,2.0,4.0,4.0,512.0,256.0,1.0,512.0,1.0,1.0,1.0,1.0,1.0,1.0,1.0,1.0,6.0,4.0,3.0,1.0,2.0,4.0,2.0,1.0,6.0,6.0,6.0,2.0,5.0,4.0,2.0,3.0,6.0,1.0,8.0,4.0,1.0,8.0,4.0,1.0,1.0,1.0,1.0,1.0,1.0,1.0,446975256.0,4356250.459999999,2618110000.0,11.284696999999996,1920.0,514.0,2621440.0,1947136164558617.2,110.1,6.1990235,107.6,242073.6
1024.0,2048000.0,256.0,64.0,1.0,12.0,44.0,38.0,5.0,3.0,6.0,1.0,3.0,5.0,4.0,4.0,3.0,6.0,5.0,2.0,4.0,2.0,1.0,4.0,3.0,6.0,3.0,3.0,1.0,4.0,5.0,5.0,16.0,8.0,1.0,768.0,2.0,1.0,1.0,1.0,1.0,1.0,1.0,1.0,3.0,2.0,5.0,3.0,6.0,1.0,6.0,6.0,2.0,2.0,1.0,1.0,2.0,6.0,4.0,1.0,3.0,2.0,8.0,32.0,1.0,2.0,2.0,1.0,128.0,32.0,1.0,1.0,1.0,1.0,2.0,4.0,4.0,6.0,6.0,5.0,3.0,5.0,1.0,4.0,1.0,2.0,5.0,3.0,5.0,3.0,1.0,1.0,4.0,64.0,1.0,64.0,128.0,1.0,16.0,32.0,1.0,1.0,1.0,1.0,3.0,4.0,5.0,6.0,3.0,2.0,5.0,6.0,5.0,2.0,6.0,4.0,5.0,3.0,5.0,5.0,4.0,4.0,4.0,1.0,1.0,128.0,4.0,1.0,1.0,1.0,1.0,1.0,1.0,1.0,3.0,1.0,2.0,1.0,3.0,1.0,2.0,4.0,5.0,1.0,6.0,1.0,4.0,2.0,1.0,5.0,6.0,6.0,64.0,64.0,1.0,1024.0,512.0,1.0,1.0,1.0,1.0,1.0,1.0,1.0,6.0,6.0,1.0,5.0,5.0,3.0,5.0,3.0,4.0,4.0,2.0,1.0,4.0,1.0,3.0,6.0,1.0,1.0,256.0,64.0,1.0,2.0,16.0,1.0,1.0,1.0,1.0,1.0,1.0,1.0,2419064952.0,15113472.719999999,16095200.0,0.18205320000000008,38.0,514.0,514.0,3.6560472159960104e+16,25.8,26.195320999999996,107.6,226.0
32000.0,512000.0,256.0,64.0,2.0,24.0,44.0,14.0,2.0,4.0,1.0,4.0,6.0,4.0,5.0,5.0,2.0,2.0,1.0,5.0,5.0,5.0,5.0,3.0,1.0,6.0,1.0,2.0,4.0,1.0,4.0,6.0,1.0,32.0,1.0,256.0,32.0,1.0,1.0,1.0,1.0,1.0,1.0,1.0,6.0,4.0,2.0,2.0,3.0,5.0,1.0,5.0,1.0,3.0,3.0,4.0,3.0,6.0,3.0,4.0,2.0,3.0,8.0,1.0,1.0,128.0,128.0,1.0,64.0,2.0,1.0,1.0,1.0,1.0,2.0,4.0,2.0,3.0,5.0,1.0,6.0,2.0,3.0,6.0,2.0,6.0,1.0,6.0,4.0,1.0,4.0,5.0,1.0,8.0,1.0,128.0,128.0,1.0,4.0,32.0,1.0,1.0,1.0,1.0,5.0,5.0,6.0,4.0,3.0,1.0,6.0,2.0,5.0,6.0,1.0,3.0,6.0,2.0,5.0,2.0,4.0,3.0,16.0,1.0,1.0,256.0,2.0,1.0,1.0,1.0,1.0,1.0,1.0,1.0,1.0,6.0,3.0,6.0,5.0,1.0,2.0,5.0,4.0,5.0,5.0,2.0,1.0,6.0,4.0,3.0,2.0,3.0,1.0,32.0,1.0,2.0,32.0,1.0,1.0,1.0,1.0,1.0,1.0,1.0,6.0,2.0,4.0,4.0,4.0,6.0,2.0,4.0,5.0,1.0,5.0,3.0,3.0,4.0,4.0,2.0,3.0,6.0,128.0,2.0,1.0,8.0,256.0,1.0,1.0,1.0,1.0,1.0,1.0,1.0,673235070.0,15270168.060000002,431046000.0,3.0096709999999995,616.0,514.0,8512.0,1.0280412662785866e+16,11.373335,10.800493999999999,107.6,1456.4
2048.0,16000.0,256.0,64.0,1.0,44.0,32.0,40.0,4.0,3.0,5.0,5.0,3.0,4.0,4.0,3.0,5.0,3.0,5.0,5.0,2.0,1.0,1.0,6.0,1.0,6.0,5.0,3.0,3.0,3.0,1.0,6.0,4.0,128.0,1.0,8.0,768.0,1.0,1.0,1.0,1.0,1.0,1.0,1.0,5.0,6.0,3.0,5.0,1.0,1.0,4.0,6.0,6.0,1.0,4.0,6.0,5.0,5.0,6.0,6.0,3.0,4.0,16.0,32.0,1.0,8.0,4.0,1.0,8.0,4.0,1.0,1.0,1.0,1.0,4.0,1.0,2.0,4.0,1.0,6.0,1.0,2.0,5.0,5.0,5.0,3.0,5.0,3.0,4.0,2.0,5.0,3.0,32.0,32.0,1.0,8.0,128.0,1.0,32.0,16.0,1.0,1.0,1.0,1.0,1.0,5.0,4.0,4.0,2.0,2.0,5.0,2.0,4.0,5.0,1.0,4.0,6.0,1.0,4.0,2.0,1.0,1.0,32.0,64.0,1.0,8.0,8.0,1.0,1.0,1.0,1.0,1.0,1.0,1.0,5.0,4.0,3.0,1.0,3.0,5.0,3.0,1.0,4.0,4.0,6.0,4.0,2.0,5.0,1.0,5.0,1.0,4.0,256.0,8.0,1.0,512.0,32.0,1.0,1.0,1.0,1.0,1.0,1.0,1.0,6.0,3.0,1.0,1.0,5.0,1.0,6.0,1.0,6.0,3.0,3.0,6.0,6.0,1.0,1.0,3.0,4.0,4.0,128.0,2048.0,1.0,256.0,256.0,1.0,1.0,1.0,1.0,1.0,1.0,1.0,2419064952.0,18630530.4,16944000.0,0.19134060000000003,40.0,514.0,514.0,4.5068463127810536e+16,25.8,25.805030999999993,107.6,232.4
2048000.0,4096000.0,256.0,64.0,2.0,34.0,24.0,2.0,1.0,4.0,3.0,2.0,6.0,5.0,2.0,6.0,5.0,5.0,2.0,5.0,6.0,1.0,5.0,3.0,2.0,3.0,6.0,2.0,5.0,4.0,4.0,3.0,2.0,16.0,1.0,128.0,192.0,1.0,1.0,1.0,1.0,1.0,1.0,1.0,2.0,1.0,1.0,5.0,3.0,3.0,3.0,1.0,1.0,2.0,4.0,3.0,5.0,2.0,5.0,3.0,6.0,5.0,2.0,1.0,1.0,8.0,2.0,1.0,1.0,1.0,1.0,1.0,1.0,1.0,3.0,5.0,3.0,3.0,1.0,2.0,3.0,4.0,5.0,5.0,1.0,2.0,6.0,4.0,1.0,5.0,6.0,4.0,16.0,64.0,1.0,128.0,16.0,1.0,16.0,64.0,1.0,1.0,1.0,1.0,2.0,2.0,3.0,4.0,4.0,5.0,4.0,6.0,2.0,1.0,3.0,3.0,4.0,2.0,4.0,5.0,5.0,6.0,128.0,128.0,1.0,256.0,2.0,1.0,1.0,1.0,1.0,1.0,1.0,1.0,4.0,3.0,6.0,3.0,3.0,6.0,3.0,4.0,5.0,4.0,1.0,2.0,4.0,6.0,3.0,2.0,1.0,1.0,4.0,512.0,1.0,512.0,128.0,1.0,1.0,1.0,1.0,1.0,1.0,1.0,3.0,1.0,6.0,3.0,6.0,3.0,5.0,4.0,1.0,3.0,3.0,3.0,6.0,4.0,3.0,4.0,6.0,2.0,128.0,128.0,1.0,8.0,128.0,1.0,1.0,1.0,1.0,1.0,1.0,1.0,2541804498.0,6824709.76,20383500.0,0.25378910000000005,48.0,514.0,36864.0,1.73470779655125e+16,1.0,0.3657221749999999,107.6,7581.6
8192.0,512000.0,256.0,64.0,3.0,48.0,16.0,24.0,1.0,5.0,1.0,6.0,4.0,6.0,5.0,2.0,2.0,5.0,5.0,1.0,4.0,3.0,3.0,4.0,2.0,2.0,5.0,4.0,3.0,1.0,6.0,3.0,256.0,8.0,1.0,12.0,768.0,1.0,1.0,1.0,1.0,1.0,1.0,1.0,5.0,2.0,1.0,4.0,2.0,5.0,2.0,3.0,6.0,6.0,6.0,3.0,2.0,5.0,3.0,6.0,6.0,4.0,2.0,1.0,1.0,1.0,64.0,1.0,128.0,16.0,1.0,1.0,1.0,1.0,1.0,1.0,6.0,3.0,3.0,5.0,6.0,5.0,1.0,5.0,3.0,4.0,6.0,6.0,3.0,2.0,5.0,6.0,2.0,4.0,1.0,2.0,4.0,1.0,32.0,1.0,1.0,1.0,1.0,1.0,1.0,1.0,6.0,2.0,5.0,6.0,4.0,6.0,2.0,6.0,4.0,1.0,4.0,1.0,4.0,5.0,6.0,3.0,256.0,1.0,1.0,512.0,4.0,1.0,1.0,1.0,1.0,1.0,1.0,1.0,6.0,4.0,3.0,1.0,5.0,5.0,3.0,1.0,1.0,2.0,2.0,1.0,1.0,4.0,4.0,3.0,5.0,4.0,512.0,2.0,1.0,1.0,2048.0,1.0,1.0,1.0,1.0,1.0,1.0,1.0,4.0,5.0,1.0,1.0,1.0,3.0,3.0,3.0,6.0,6.0,5.0,6.0,5.0,4.0,5.0,5.0,3.0,4.0,1024.0,2.0,1.0,128.0,8.0,1.0,1.0,1.0,1.0,1.0,1.0,1.0,1101983616.0,4092428.8200000003,180223000000.0,234.39520000000002,18432.0,514.0,2752512.0,4509789509286213.0,2.45,0.30781240000000004,107.6,228262.4
256.0,8192000.0,256.0,64.0,3.0,2.0,8.0,22.0,1.0,2.0,2.0,2.0,3.0,6.0,1.0,4.0,3.0,6.0,6.0,6.0,5.0,6.0,6.0,2.0,6.0,5.0,5.0,3.0,5.0,4.0,4.0,1.0,8.0,256.0,1.0,4.0,6.0,1.0,1.0,1.0,1.0,1.0,1.0,1.0,2.0,1.0,5.0,4.0,2.0,1.0,3.0,1.0,3.0,5.0,1.0,3.0,3.0,1.0,5.0,4.0,4.0,6.0,1.0,2.0,1.0,64.0,16.0,1.0,8.0,128.0,1.0,1.0,1.0,1.0,3.0,3.0,2.0,3.0,5.0,5.0,5.0,2.0,3.0,3.0,4.0,3.0,4.0,2.0,5.0,1.0,2.0,6.0,16.0,8.0,1.0,32.0,4.0,1.0,8.0,16.0,1.0,1.0,1.0,1.0,5.0,1.0,2.0,5.0,2.0,4.0,5.0,3.0,1.0,1.0,5.0,5.0,3.0,1.0,4.0,2.0,2.0,4.0,8.0,256.0,1.0,512.0,32.0,1.0,1.0,1.0,1.0,1.0,1.0,1.0,5.0,3.0,2.0,3.0,6.0,3.0,4.0,6.0,6.0,4.0,1.0,5.0,5.0,1.0,1.0,2.0,5.0,5.0,4.0,128.0,1.0,64.0,1024.0,1.0,1.0,1.0,1.0,1.0,1.0,1.0,2.0,6.0,1.0,4.0,6.0,4.0,5.0,5.0,1.0,4.0,1.0,4.0,1.0,4.0,4.0,5.0,4.0,1.0,64.0,1024.0,1.0,64.0,16.0,1.0,1.0,1.0,1.0,1.0,1.0,1.0,318583008.0,4321130.78,199331000.0,1.9639454999999997,352.0,514.0,557056.0,1376638841853786.2,10.866665000000001,2.94785135,107.6,82662.4
128000.0,8192000.0,256.0,64.0,1.0,30.0,28.0,26.0,2.0,6.0,4.0,5.0,3.0,3.0,1.0,2.0,6.0,6.0,3.0,4.0,3.0,5.0,5.0,4.0,1.0,1.0,1.0,2.0,3.0,4.0,6.0,1.0,2.0,2.0,1.0,4.0,3.0,1.0,1.0,1.0,1.0,1.0,1.0,1.0,4.0,3.0,4.0,3.0,6.0,4.0,6.0,6.0,3.0,3.0,6.0,1.0,1.0,2.0,3.0,6.0,1.0,3.0,4.0,1.0,1.0,4.0,2.0,1.0,16.0,32.0,1.0,1.0,1.0,1.0,5.0,1.0,1.0,6.0,3.0,2.0,2.0,4.0,5.0,2.0,4.0,4.0,2.0,3.0,1.0,1.0,6.0,3.0,64.0,32.0,1.0,1.0,2.0,1.0,16.0,4.0,1.0,1.0,1.0,1.0,2.0,3.0,5.0,5.0,6.0,4.0,6.0,3.0,3.0,3.0,3.0,2.0,1.0,5.0,6.0,1.0,5.0,5.0,64.0,512.0,1.0,8.0,2.0,1.0,1.0,1.0,1.0,1.0,1.0,1.0,3.0,1.0,3.0,2.0,2.0,4.0,6.0,6.0,6.0,5.0,2.0,3.0,2.0,2.0,5.0,1.0,5.0,6.0,128.0,1.0,1.0,128.0,256.0,1.0,1.0,1.0,1.0,1.0,1.0,1.0,4.0,3.0,1.0,1.0,1.0,5.0,6.0,4.0,1.0,4.0,2.0,2.0,6.0,3.0,1.0,4.0,4.0,5.0,2.0,128.0,1.0,1.0,128.0,1.0,1.0,1.0,1.0,1.0,1.0,1.0,97910904.0,15262169.04,11089000.0,0.13085939999999996,26.0,514.0,6964.0,1494332767707212.0,25.616205000000004,26.016165,107.6,1477.6
2048.0,256000.0,256.0,64.0,2.0,28.0,12.0,18.0,3.0,1.0,5.0,3.0,2.0,4.0,2.0,6.0,6.0,1.0,3.0,1.0,2.0,6.0,4.0,4.0,2.0,5.0,3.0,4.0,4.0,2.0,1.0,1.0,512.0,128.0,1.0,192.0,32.0,1.0,1.0,1.0,1.0,1.0,1.0,1.0,3.0,3.0,4.0,1.0,6.0,1.0,2.0,5.0,2.0,6.0,5.0,2.0,6.0,3.0,3.0,5.0,5.0,3.0,64.0,2.0,1.0,1.0,8.0,1.0,64.0,16.0,1.0,1.0,1.0,1.0,3.0,5.0,4.0,6.0,1.0,5.0,1.0,3.0,3.0,6.0,5.0,2.0,4.0,6.0,6.0,6.0,5.0,1.0,128.0,8.0,1.0,128.0,64.0,1.0,4.0,16.0,1.0,1.0,1.0,1.0,4.0,5.0,6.0,4.0,3.0,4.0,1.0,1.0,2.0,4.0,1.0,4.0,3.0,1.0,4.0,6.0,1.0,5.0,1.0,512.0,1.0,64.0,256.0,1.0,1.0,1.0,1.0,1.0,1.0,1.0,5.0,2.0,6.0,5.0,1.0,6.0,3.0,3.0,3.0,2.0,5.0,5.0,6.0,3.0,4.0,4.0,3.0,2.0,16.0,128.0,1.0,2048.0,1.0,1.0,1.0,1.0,1.0,1.0,1.0,1.0,6.0,5.0,2.0,6.0,6.0,1.0,6.0,6.0,2.0,3.0,6.0,2.0,4.0,5.0,5.0,5.0,5.0,6.0,1024.0,1.0,1.0,4.0,64.0,1.0,1.0,1.0,1.0,1.0,1.0,1.0,2430694338.0,8838926.34,107604000.0,1.0439275000000001,216.0,514.0,49152.0,2.1484728208637064e+16,6.6,3.1817409850000007,107.6,7062.8
256.0,1024000.0,256.0,64.0,3.0,24.0,24.0,36.0,6.0,4.0,3.0,1.0,3.0,2.0,5.0,1.0,5.0,4.0,6.0,1.0,4.0,5.0,4.0,4.0,1.0,3.0,6.0,3.0,4.0,1.0,2.0,6.0,256.0,16.0,1.0,4.0,64.0,1.0,1.0,1.0,1.0,1.0,1.0,1.0,5.0,6.0,5.0,3.0,1.0,5.0,6.0,4.0,2.0,1.0,2.0,6.0,2.0,1.0,5.0,6.0,3.0,3.0,4.0,2.0,1.0,8.0,16.0,1.0,128.0,1.0,1.0,1.0,1.0,1.0,5.0,5.0,3.0,5.0,5.0,5.0,4.0,4.0,3.0,2.0,3.0,3.0,6.0,6.0,4.0,1.0,6.0,2.0,128.0,128.0,1.0,128.0,16.0,1.0,32.0,8.0,1.0,1.0,1.0,1.0,5.0,1.0,4.0,2.0,6.0,1.0,5.0,3.0,2.0,6.0,3.0,3.0,1.0,2.0,1.0,1.0,5.0,1.0,1.0,8.0,1.0,1.0,4.0,1.0,1.0,1.0,1.0,1.0,1.0,1.0,3.0,1.0,6.0,5.0,2.0,1.0,6.0,2.0,5.0,5.0,3.0,5.0,1.0,1.0,3.0,2.0,2.0,4.0,32.0,2.0,1.0,1024.0,64.0,1.0,1.0,1.0,1.0,1.0,1.0,1.0,5.0,4.0,6.0,5.0,2.0,4.0,1.0,2.0,3.0,1.0,5.0,3.0,2.0,2.0,6.0,3.0,2.0,6.0,128.0,16.0,1.0,512.0,128.0,1.0,1.0,1.0,1.0,1.0,1.0,1.0,39505566.0,3916222.2,227098000000.0,284.60775,20736.0,514.0,2752512.0,154712574592765.22,60.266664999999996,0.77630205,107.6,251622.4
8192.0,16000.0,256.0,64.0,2.0,34.0,32.0,34.0,6.0,3.0,5.0,6.0,6.0,5.0,6.0,3.0,3.0,6.0,3.0,5.0,4.0,2.0,5.0,2.0,2.0,3.0,4.0,3.0,2.0,6.0,6.0,5.0,2.0,4.0,1.0,16.0,8.0,1.0,1.0,1.0,1.0,1.0,1.0,1.0,4.0,1.0,4.0,5.0,3.0,2.0,3.0,6.0,5.0,3.0,5.0,4.0,3.0,5.0,2.0,3.0,5.0,4.0,64.0,64.0,1.0,8.0,128.0,1.0,64.0,4.0,1.0,1.0,1.0,1.0,6.0,3.0,3.0,6.0,6.0,2.0,6.0,1.0,4.0,3.0,4.0,6.0,3.0,3.0,5.0,1.0,1.0,3.0,1.0,2.0,1.0,16.0,1.0,1.0,8.0,32.0,1.0,1.0,1.0,1.0,1.0,3.0,1.0,6.0,6.0,1.0,6.0,3.0,3.0,6.0,5.0,2.0,3.0,4.0,1.0,4.0,4.0,6.0,32.0,256.0,1.0,64.0,4.0,1.0,1.0,1.0,1.0,1.0,1.0,1.0,3.0,6.0,5.0,2.0,5.0,4.0,3.0,2.0,5.0,6.0,1.0,1.0,2.0,4.0,6.0,5.0,3.0,6.0,8.0,4.0,1.0,8.0,16.0,1.0,1.0,1.0,1.0,1.0,1.0,1.0,2.0,4.0,4.0,3.0,3.0,3.0,1.0,1.0,2.0,5.0,3.0,2.0,6.0,3.0,1.0,4.0,5.0,5.0,32.0,4.0,1.0,64.0,128.0,1.0,1.0,1.0,1.0,1.0,1.0,1.0,133934532.0,4050948.1,1022470000.0,5.5749125,1088.0,514.0,136192.0,542561837929789.2,18.8,1.6124367000000002,107.6,13779.2
512.0,2048000.0,256.0,64.0,3.0,44.0,44.0,10.0,4.0,3.0,4.0,3.0,3.0,1.0,1.0,4.0,5.0,1.0,5.0,2.0,4.0,1.0,6.0,4.0,5.0,5.0,6.0,5.0,3.0,3.0,4.0,3.0,8.0,8.0,1.0,1.0,24.0,1.0,1.0,1.0,1.0,1.0,1.0,1.0,5.0,1.0,1.0,6.0,1.0,5.0,4.0,2.0,1.0,3.0,4.0,5.0,2.0,4.0,6.0,2.0,6.0,6.0,16.0,8.0,1.0,128.0,8.0,1.0,2.0,64.0,1.0,1.0,1.0,1.0,6.0,5.0,4.0,5.0,2.0,5.0,6.0,6.0,6.0,1.0,4.0,6.0,3.0,5.0,6.0,3.0,3.0,1.0,16.0,16.0,1.0,1.0,1.0,1.0,1.0,2.0,1.0,1.0,1.0,1.0,1.0,1.0,1.0,5.0,4.0,6.0,5.0,5.0,6.0,5.0,4.0,5.0,6.0,3.0,3.0,2.0,2.0,2.0,256.0,8.0,1.0,128.0,256.0,1.0,1.0,1.0,1.0,1.0,1.0,1.0,5.0,4.0,3.0,1.0,3.0,2.0,1.0,2.0,5.0,1.0,3.0,2.0,5.0,4.0,3.0,3.0,3.0,6.0,16.0,8.0,1.0,16.0,16.0,1.0,1.0,1.0,1.0,1.0,1.0,1.0,5.0,4.0,3.0,1.0,2.0,5.0,6.0,1.0,6.0,6.0,4.0,4.0,3.0,6.0,1.0,1.0,3.0,3.0,64.0,2.0,1.0,128.0,1.0,1.0,1.0,1.0,1.0,1.0,1.0,1.0,61150134.0,4179893.72,198453000000.0,253.609,19360.0,514.0,1081344.0,255601061083758.5,432.984615,12.9398321,107.6,106932.8
2048.0,512000.0,256.0,64.0,3.0,48.0,22.0,28.0,4.0,4.0,2.0,1.0,2.0,4.0,6.0,4.0,6.0,3.0,3.0,6.0,2.0,4.0,6.0,4.0,2.0,2.0,5.0,6.0,5.0,5.0,6.0,2.0,2.0,128.0,1.0,48.0,2.0,1.0,1.0,1.0,1.0,1.0,1.0,1.0,5.0,3.0,2.0,2.0,3.0,5.0,3.0,5.0,4.0,3.0,6.0,4.0,5.0,5.0,5.0,3.0,2.0,4.0,16.0,64.0,1.0,8.0,1.0,1.0,4.0,16.0,1.0,1.0,1.0,1.0,4.0,3.0,3.0,1.0,5.0,4.0,2.0,6.0,5.0,1.0,3.0,5.0,4.0,4.0,3.0,5.0,1.0,4.0,8.0,8.0,1.0,128.0,2.0,1.0,8.0,64.0,1.0,1.0,1.0,1.0,6.0,5.0,4.0,4.0,2.0,5.0,2.0,1.0,1.0,6.0,5.0,2.0,2.0,3.0,5.0,6.0,2.0,1.0,2.0,32.0,1.0,128.0,8.0,1.0,1.0,1.0,1.0,1.0,1.0,1.0,3.0,4.0,4.0,3.0,5.0,1.0,6.0,1.0,1.0,1.0,1.0,6.0,2.0,2.0,4.0,6.0,3.0,1.0,128.0,8.0,1.0,16.0,256.0,1.0,1.0,1.0,1.0,1.0,1.0,1.0,2.0,2.0,5.0,2.0,6.0,2.0,5.0,1.0,4.0,6.0,6.0,6.0,1.0,6.0,4.0,5.0,3.0,4.0,256.0,64.0,1.0,8.0,128.0,1.0,1.0,1.0,1.0,1.0,1.0,1.0,38843664.0,3930621.720000001,456905000000.0,519.4472000000001,29568.0,514.0,1081344.0,152679749402782.12,164.5332,3.3343748,107.6,128921.6
8192.0,256000.0,256.0,64.0,3.0,4.0,8.0,6.0,5.0,1.0,6.0,4.0,6.0,4.0,4.0,4.0,2.0,6.0,5.0,4.0,4.0,6.0,3.0,1.0,6.0,6.0,6.0,1.0,3.0,3.0,3.0,6.0,8.0,32.0,1.0,1536.0,1536.0,1.0,1.0,1.0,1.0,1.0,1.0,1.0,4.0,3.0,4.0,2.0,4.0,1.0,4.0,5.0,3.0,1.0,6.0,2.0,5.0,4.0,2.0,3.0,6.0,4.0,1.0,16.0,1.0,32.0,4.0,1.0,128.0,16.0,1.0,1.0,1.0,1.0,6.0,1.0,1.0,5.0,6.0,1.0,4.0,5.0,2.0,2.0,2.0,3.0,1.0,4.0,5.0,1.0,1.0,3.0,2.0,32.0,1.0,64.0,4.0,1.0,1.0,2.0,1.0,1.0,1.0,1.0,2.0,4.0,1.0,5.0,4.0,4.0,3.0,5.0,3.0,5.0,2.0,5.0,2.0,4.0,5.0,6.0,5.0,1.0,16.0,1.0,1.0,16.0,256.0,1.0,1.0,1.0,1.0,1.0,1.0,1.0,2.0,6.0,5.0,3.0,1.0,1.0,4.0,4.0,3.0,6.0,2.0,1.0,1.0,5.0,4.0,2.0,5.0,2.0,16.0,64.0,1.0,1.0,4.0,1.0,1.0,1.0,1.0,1.0,1.0,1.0,6.0,5.0,1.0,6.0,2.0,3.0,6.0,2.0,4.0,3.0,5.0,2.0,6.0,5.0,4.0,2.0,5.0,5.0,512.0,64.0,1.0,1.0,128.0,1.0,1.0,1.0,1.0,1.0,1.0,1.0,703015974.0,4932060.879999999,93429500.0,1.0846458999999997,192.0,514.0,499712.0,3467317583380496.5,4.407575499999999,0.1521485,107.6,52096.0
1024000.0,16000.0,256.0,64.0,3.0,24.0,34.0,34.0,3.0,6.0,6.0,1.0,1.0,3.0,1.0,3.0,4.0,6.0,3.0,1.0,6.0,6.0,2.0,3.0,4.0,6.0,4.0,3.0,6.0,6.0,1.0,5.0,8.0,4.0,1.0,1536.0,1536.0,1.0,1.0,1.0,1.0,1.0,1.0,1.0,1.0,4.0,1.0,5.0,3.0,6.0,6.0,3.0,6.0,6.0,4.0,1.0,6.0,4.0,1.0,4.0,4.0,2.0,16.0,1.0,1.0,128.0,4.0,1.0,2.0,16.0,1.0,1.0,1.0,1.0,3.0,5.0,5.0,1.0,4.0,1.0,3.0,1.0,4.0,2.0,6.0,6.0,5.0,2.0,2.0,5.0,1.0,3.0,64.0,1.0,1.0,1.0,128.0,1.0,32.0,2.0,1.0,1.0,1.0,1.0,4.0,3.0,4.0,1.0,6.0,2.0,5.0,6.0,6.0,1.0,4.0,2.0,4.0,5.0,1.0,4.0,1.0,2.0,128.0,64.0,1.0,128.0,32.0,1.0,1.0,1.0,1.0,1.0,1.0,1.0,6.0,4.0,6.0,4.0,3.0,2.0,5.0,5.0,1.0,4.0,5.0,2.0,4.0,3.0,2.0,1.0,6.0,5.0,16.0,2.0,1.0,512.0,64.0,1.0,1.0,1.0,1.0,1.0,1.0,1.0,3.0,4.0,3.0,1.0,5.0,5.0,2.0,4.0,3.0,6.0,3.0,1.0,3.0,5.0,6.0,5.0,3.0,1.0,1.0,1.0,1.0,64.0,32.0,1.0,1.0,1.0,1.0,1.0,1.0,1.0,365776554.0,7408796.32,402931000000.0,465.084,27744.0,514.0,462848.0,2709963987217481.5,17.0,0.59123525,107.6,77990.4
512000.0,32000000.0,256.0,64.0,2.0,16.0,40.0,26.0,5.0,1.0,6.0,4.0,4.0,5.0,3.0,6.0,1.0,6.0,4.0,4.0,4.0,2.0,6.0,4.0,6.0,2.0,5.0,2.0,3.0,2.0,5.0,6.0,512.0,512.0,1.0,16.0,4.0,1.0,1.0,1.0,1.0,1.0,1.0,1.0,2.0,1.0,6.0,5.0,4.0,4.0,6.0,1.0,2.0,4.0,3.0,2.0,6.0,4.0,1.0,6.0,5.0,3.0,2.0,16.0,1.0,4.0,8.0,1.0,64.0,8.0,1.0,1.0,1.0,1.0,3.0,6.0,4.0,2.0,5.0,6.0,1.0,1.0,2.0,1.0,1.0,3.0,1.0,5.0,6.0,3.0,1.0,6.0,32.0,2.0,1.0,64.0,32.0,1.0,16.0,16.0,1.0,1.0,1.0,1.0,5.0,1.0,6.0,4.0,5.0,1.0,2.0,3.0,5.0,5.0,3.0,5.0,6.0,6.0,5.0,5.0,6.0,3.0,4.0,128.0,1.0,16.0,8.0,1.0,1.0,1.0,1.0,1.0,1.0,1.0,2.0,2.0,4.0,6.0,2.0,4.0,3.0,4.0,3.0,3.0,6.0,2.0,3.0,3.0,3.0,6.0,4.0,1.0,8.0,2.0,1.0,16.0,2048.0,1.0,1.0,1.0,1.0,1.0,1.0,1.0,6.0,3.0,4.0,1.0,2.0,1.0,6.0,6.0,5.0,1.0,6.0,2.0,3.0,4.0,1.0,4.0,3.0,4.0,8.0,8.0,1.0,256.0,128.0,1.0,1.0,1.0,1.0,1.0,1.0,1.0,585772302.0,6829757.820000001,951957000.0,5.301429,1040.0,514.0,136192.0,4000682960323902.5,17.98,7.9575315999999985,107.6,11456.0
2048.0,512000.0,256.0,64.0,3.0,34.0,10.0,4.0,2.0,6.0,1.0,4.0,6.0,5.0,5.0,2.0,2.0,3.0,4.0,5.0,3.0,1.0,6.0,5.0,2.0,6.0,3.0,5.0,6.0,2.0,5.0,5.0,128.0,2.0,1.0,1.0,8.0,1.0,1.0,1.0,1.0,1.0,1.0,1.0,4.0,6.0,3.0,3.0,4.0,3.0,4.0,5.0,2.0,6.0,4.0,1.0,1.0,3.0,3.0,5.0,5.0,4.0,32.0,64.0,1.0,8.0,2.0,1.0,128.0,4.0,1.0,1.0,1.0,1.0,6.0,6.0,6.0,2.0,2.0,5.0,3.0,5.0,1.0,4.0,6.0,1.0,2.0,4.0,1.0,3.0,4.0,1.0,32.0,128.0,1.0,4.0,8.0,1.0,16.0,32.0,1.0,1.0,1.0,1.0,6.0,5.0,4.0,4.0,3.0,4.0,6.0,1.0,5.0,1.0,4.0,6.0,1.0,1.0,4.0,6.0,2.0,6.0,32.0,64.0,1.0,8.0,16.0,1.0,1.0,1.0,1.0,1.0,1.0,1.0,3.0,3.0,6.0,3.0,6.0,2.0,4.0,3.0,4.0,1.0,4.0,6.0,2.0,5.0,3.0,1.0,6.0,2.0,4.0,128.0,1.0,1024.0,8.0,1.0,1.0,1.0,1.0,1.0,1.0,1.0,2.0,2.0,1.0,2.0,2.0,4.0,2.0,3.0,5.0,1.0,3.0,4.0,3.0,6.0,5.0,4.0,4.0,1.0,512.0,512.0,1.0,1.0,256.0,1.0,1.0,1.0,1.0,1.0,1.0,1.0,836986824.0,3925497.28,1466490000.0,7.555924000000001,1360.0,514.0,819200.0,3285589501007838.5,16.2,0.02916665,107.6,140902.4
2048000.0,64000.0,256.0,64.0,1.0,26.0,34.0,34.0,5.0,2.0,1.0,6.0,3.0,5.0,6.0,5.0,5.0,5.0,6.0,6.0,6.0,2.0,2.0,6.0,2.0,1.0,4.0,6.0,1.0,3.0,6.0,6.0,256.0,512.0,1.0,12.0,768.0,1.0,1.0,1.0,1.0,1.0,1.0,1.0,1.0,4.0,2.0,5.0,2.0,4.0,4.0,4.0,3.0,1.0,4.0,1.0,6.0,4.0,5.0,5.0,1.0,3.0,32.0,16.0,1.0,64.0,128.0,1.0,4.0,8.0,1.0,1.0,1.0,1.0,2.0,1.0,3.0,3.0,6.0,5.0,2.0,5.0,6.0,4.0,3.0,2.0,3.0,4.0,3.0,4.0,3.0,2.0,1.0,2.0,1.0,4.0,8.0,1.0,2.0,4.0,1.0,1.0,1.0,1.0,6.0,1.0,6.0,5.0,6.0,3.0,6.0,5.0,2.0,3.0,3.0,3.0,6.0,4.0,6.0,3.0,6.0,6.0,2.0,8.0,1.0,4.0,4.0,1.0,1.0,1.0,1.0,1.0,1.0,1.0,3.0,1.0,1.0,5.0,4.0,4.0,6.0,5.0,3.0,3.0,4.0,1.0,4.0,1.0,3.0,3.0,3.0,5.0,8.0,8.0,1.0,4.0,8.0,1.0,1.0,1.0,1.0,1.0,1.0,1.0,1.0,1.0,6.0,6.0,6.0,1.0,6.0,4.0,4.0,5.0,5.0,3.0,4.0,1.0,6.0,1.0,6.0,4.0,512.0,1.0,1.0,512.0,32.0,1.0,1.0,1.0,1.0,1.0,1.0,1.0,2516582520.0,18147948.0,14410000.0,0.1631262,34.0,514.0,514.0,4.567080871066896e+16,1.0,1.0066149999999998,107.6,107.6
8192.0,16000000.0,256.0,64.0,2.0,2.0,28.0,18.0,6.0,5.0,3.0,5.0,6.0,5.0,2.0,1.0,5.0,2.0,3.0,4.0,1.0,5.0,3.0,2.0,5.0,4.0,6.0,2.0,2.0,2.0,6.0,1.0,8.0,1.0,1.0,3.0,32.0,1.0,1.0,1.0,1.0,1.0,1.0,1.0,1.0,5.0,1.0,5.0,2.0,5.0,2.0,5.0,3.0,1.0,2.0,6.0,2.0,4.0,4.0,4.0,5.0,2.0,16.0,1.0,1.0,8.0,1.0,1.0,16.0,64.0,1.0,1.0,1.0,1.0,6.0,6.0,5.0,2.0,1.0,1.0,4.0,1.0,4.0,2.0,6.0,5.0,5.0,6.0,2.0,2.0,6.0,4.0,128.0,4.0,1.0,2.0,16.0,1.0,64.0,32.0,1.0,1.0,1.0,1.0,2.0,5.0,2.0,4.0,1.0,1.0,4.0,5.0,5.0,3.0,2.0,2.0,1.0,2.0,2.0,6.0,1.0,1.0,32.0,4.0,1.0,8.0,256.0,1.0,1.0,1.0,1.0,1.0,1.0,1.0,5.0,5.0,2.0,5.0,2.0,3.0,4.0,4.0,3.0,5.0,6.0,2.0,6.0,3.0,5.0,2.0,2.0,6.0,32.0,256.0,1.0,1024.0,128.0,1.0,1.0,1.0,1.0,1.0,1.0,1.0,1.0,4.0,5.0,6.0,6.0,2.0,6.0,1.0,1.0,6.0,3.0,2.0,5.0,5.0,6.0,4.0,1.0,4.0,32.0,1.0,1.0,64.0,4.0,1.0,1.0,1.0,1.0,1.0,1.0,1.0,115493676.0,5349733.800000001,324073000.0,2.5060664999999998,504.0,514.0,294912.0,617860422183448.9,19.744475000000005,8.794448000000001,107.6,20688.4
2048000.0,1024000.0,256.0,64.0,1.0,28.0,30.0,8.0,2.0,2.0,5.0,6.0,1.0,1.0,2.0,6.0,3.0,6.0,5.0,4.0,1.0,3.0,2.0,1.0,4.0,2.0,3.0,1.0,1.0,3.0,6.0,3.0,512.0,128.0,1.0,768.0,2.0,1.0,1.0,1.0,1.0,1.0,1.0,1.0,4.0,6.0,2.0,6.0,4.0,2.0,1.0,6.0,2.0,1.0,1.0,2.0,1.0,5.0,1.0,5.0,4.0,2.0,2.0,8.0,1.0,4.0,64.0,1.0,4.0,2.0,1.0,1.0,1.0,1.0,1.0,6.0,6.0,6.0,6.0,5.0,2.0,3.0,3.0,1.0,6.0,2.0,3.0,2.0,5.0,2.0,5.0,1.0,128.0,32.0,1.0,8.0,4.0,1.0,2.0,1.0,1.0,1.0,1.0,1.0,5.0,3.0,3.0,5.0,5.0,1.0,1.0,6.0,1.0,2.0,3.0,3.0,5.0,6.0,5.0,4.0,5.0,4.0,2.0,8.0,1.0,128.0,32.0,1.0,1.0,1.0,1.0,1.0,1.0,1.0,3.0,6.0,2.0,1.0,4.0,1.0,6.0,4.0,4.0,1.0,4.0,4.0,5.0,6.0,1.0,3.0,1.0,5.0,16.0,16.0,1.0,32.0,2048.0,1.0,1.0,1.0,1.0,1.0,1.0,1.0,5.0,3.0,2.0,6.0,6.0,4.0,4.0,2.0,4.0,4.0,6.0,4.0,6.0,2.0,3.0,3.0,4.0,6.0,16.0,1024.0,1.0,128.0,128.0,1.0,1.0,1.0,1.0,1.0,1.0,1.0,2516582520.0,20021466.0,3853260.0,0.04339928,8.0,514.0,514.0,5.038567136037432e+16,1.0,1.006956,107.6,107.6
16000.0,16000.0,256.0,64.0,2.0,4.0,36.0,4.0,4.0,4.0,3.0,1.0,5.0,6.0,5.0,1.0,2.0,6.0,3.0,5.0,1.0,6.0,3.0,2.0,6.0,6.0,6.0,5.0,5.0,3.0,2.0,5.0,8.0,4.0,1.0,16.0,2.0,1.0,1.0,1.0,1.0,1.0,1.0,1.0,1.0,2.0,3.0,1.0,2.0,6.0,6.0,4.0,6.0,5.0,2.0,6.0,3.0,1.0,4.0,5.0,1.0,1.0,32.0,1.0,1.0,32.0,4.0,1.0,2.0,8.0,1.0,1.0,1.0,1.0,6.0,6.0,6.0,1.0,6.0,3.0,6.0,3.0,4.0,4.0,6.0,4.0,1.0,6.0,5.0,2.0,4.0,6.0,1.0,2.0,1.0,8.0,4.0,1.0,32.0,8.0,1.0,1.0,1.0,1.0,2.0,1.0,4.0,4.0,6.0,5.0,2.0,4.0,4.0,4.0,1.0,6.0,3.0,6.0,6.0,1.0,2.0,4.0,8.0,128.0,1.0,64.0,32.0,1.0,1.0,1.0,1.0,1.0,1.0,1.0,2.0,3.0,3.0,6.0,4.0,1.0,2.0,4.0,4.0,3.0,3.0,2.0,4.0,4.0,6.0,2.0,1.0,3.0,128.0,1.0,1.0,2.0,32.0,1.0,1.0,1.0,1.0,1.0,1.0,1.0,2.0,1.0,4.0,1.0,6.0,5.0,2.0,5.0,3.0,1.0,5.0,5.0,1.0,1.0,1.0,2.0,2.0,2.0,2.0,64.0,1.0,1.0,1.0,1.0,1.0,1.0,1.0,1.0,1.0,1.0,2531334306.0,17377500.080000006,66697800.0,0.6796833,144.0,514.0,10752.0,4.398826210502176e+16,1.0,0.8747729,107.6,738.8
1024.0,2048000.0,256.0,64.0,3.0,26.0,6.0,12.0,3.0,5.0,5.0,1.0,3.0,2.0,5.0,2.0,4.0,3.0,3.0,2.0,5.0,6.0,4.0,3.0,3.0,1.0,2.0,1.0,5.0,4.0,6.0,3.0,16.0,32.0,1.0,128.0,192.0,1.0,1.0,1.0,1.0,1.0,1.0,1.0,5.0,2.0,2.0,4.0,5.0,4.0,1.0,4.0,2.0,4.0,2.0,2.0,2.0,1.0,6.0,6.0,2.0,5.0,1.0,1.0,1.0,32.0,4.0,1.0,64.0,64.0,1.0,1.0,1.0,1.0,5.0,4.0,5.0,3.0,4.0,2.0,5.0,2.0,1.0,1.0,2.0,3.0,4.0,1.0,1.0,3.0,6.0,6.0,16.0,4.0,1.0,128.0,16.0,1.0,32.0,1.0,1.0,1.0,1.0,1.0,3.0,4.0,3.0,6.0,1.0,5.0,4.0,6.0,4.0,1.0,4.0,2.0,6.0,6.0,6.0,5.0,4.0,5.0,1.0,128.0,1.0,32.0,4.0,1.0,1.0,1.0,1.0,1.0,1.0,1.0,5.0,2.0,5.0,6.0,5.0,6.0,3.0,5.0,5.0,4.0,5.0,4.0,3.0,3.0,1.0,5.0,6.0,2.0,512.0,512.0,1.0,1.0,1.0,1.0,1.0,1.0,1.0,1.0,1.0,1.0,2.0,5.0,3.0,6.0,5.0,3.0,1.0,1.0,3.0,1.0,3.0,2.0,3.0,2.0,1.0,5.0,3.0,2.0,4.0,4.0,1.0,128.0,4.0,1.0,1.0,1.0,1.0,1.0,1.0,1.0,90570534.0,4794810.319999999,2506660000.0,10.358317999999999,1872.0,514.0,450560.0,434268531111110.8,30.36717,1.991687,107.6,60646.4
512.0,16000000.0,256.0,64.0,3.0,26.0,34.0,38.0,2.0,6.0,3.0,1.0,4.0,2.0,5.0,3.0,2.0,4.0,3.0,5.0,6.0,4.0,5.0,5.0,4.0,1.0,6.0,2.0,1.0,4.0,6.0,2.0,128.0,8.0,1.0,1.0,64.0,1.0,1.0,1.0,1.0,1.0,1.0,1.0,4.0,4.0,3.0,4.0,4.0,3.0,4.0,4.0,4.0,2.0,1.0,3.0,3.0,5.0,5.0,1.0,4.0,4.0,4.0,8.0,1.0,16.0,2.0,1.0,8.0,16.0,1.0,1.0,1.0,1.0,1.0,2.0,4.0,6.0,3.0,2.0,3.0,2.0,6.0,6.0,6.0,2.0,6.0,6.0,1.0,1.0,1.0,1.0,2.0,1.0,1.0,128.0,16.0,1.0,4.0,4.0,1.0,1.0,1.0,1.0,6.0,1.0,1.0,4.0,6.0,5.0,4.0,5.0,3.0,6.0,3.0,4.0,1.0,1.0,2.0,4.0,3.0,5.0,16.0,1.0,1.0,1.0,8.0,1.0,1.0,1.0,1.0,1.0,1.0,1.0,2.0,2.0,1.0,3.0,3.0,1.0,5.0,4.0,1.0,4.0,1.0,3.0,6.0,5.0,3.0,3.0,3.0,2.0,8.0,2.0,1.0,128.0,2048.0,1.0,1.0,1.0,1.0,1.0,1.0,1.0,5.0,2.0,6.0,4.0,3.0,2.0,3.0,4.0,6.0,1.0,5.0,2.0,1.0,2.0,5.0,3.0,3.0,3.0,2048.0,16.0,1.0,16.0,2.0,1.0,1.0,1.0,1.0,1.0,1.0,1.0,904716042.0,4583102.24,587973000000.0,649.51635,33592.0,514.0,2334720.0,4146406118654134.5,30.316665,3.2878912500000004,107.6,191008.0
4096.0,64000.0,256.0,64.0,2.0,34.0,38.0,20.0,2.0,2.0,3.0,6.0,5.0,5.0,3.0,5.0,4.0,5.0,5.0,6.0,4.0,6.0,3.0,2.0,3.0,4.0,6.0,1.0,3.0,3.0,3.0,3.0,64.0,128.0,1.0,192.0,128.0,1.0,1.0,1.0,1.0,1.0,1.0,1.0,4.0,1.0,6.0,1.0,5.0,4.0,2.0,6.0,6.0,5.0,6.0,6.0,6.0,3.0,6.0,3.0,4.0,3.0,1.0,4.0,1.0,8.0,8.0,1.0,4.0,1.0,1.0,1.0,1.0,1.0,6.0,2.0,4.0,5.0,1.0,4.0,2.0,6.0,6.0,4.0,5.0,5.0,5.0,4.0,3.0,3.0,6.0,6.0,1.0,32.0,1.0,16.0,128.0,1.0,8.0,64.0,1.0,1.0,1.0,1.0,2.0,4.0,3.0,6.0,6.0,5.0,2.0,4.0,3.0,6.0,4.0,5.0,1.0,2.0,6.0,3.0,2.0,2.0,16.0,2.0,1.0,1.0,256.0,1.0,1.0,1.0,1.0,1.0,1.0,1.0,3.0,1.0,4.0,1.0,3.0,3.0,6.0,2.0,5.0,3.0,2.0,3.0,2.0,4.0,5.0,3.0,1.0,5.0,128.0,1.0,1.0,128.0,64.0,1.0,1.0,1.0,1.0,1.0,1.0,1.0,5.0,1.0,1.0,6.0,4.0,5.0,1.0,6.0,5.0,6.0,1.0,6.0,5.0,4.0,1.0,4.0,4.0,6.0,2.0,2048.0,1.0,2.0,2.0,1.0,1.0,1.0,1.0,1.0,1.0,1.0,2525725758.0,13056363.32,587413000.0,3.7685725,760.0,514.0,65536.0,3.2976793143130396e+16,1.0,0.921922335,107.6,4340.6
128.0,32000000.0,256.0,64.0,2.0,4.0,26.0,2.0,2.0,2.0,1.0,6.0,6.0,3.0,4.0,1.0,4.0,3.0,4.0,5.0,5.0,6.0,1.0,4.0,5.0,3.0,6.0,1.0,2.0,6.0,1.0,4.0,1.0,32.0,1.0,192.0,32.0,1.0,1.0,1.0,1.0,1.0,1.0,1.0,2.0,4.0,5.0,1.0,5.0,2.0,5.0,6.0,1.0,3.0,4.0,5.0,4.0,2.0,2.0,5.0,6.0,6.0,64.0,4.0,1.0,64.0,4.0,1.0,2.0,4.0,1.0,1.0,1.0,1.0,2.0,1.0,5.0,1.0,3.0,5.0,6.0,6.0,4.0,1.0,3.0,2.0,4.0,1.0,5.0,3.0,6.0,6.0,2.0,8.0,1.0,2.0,128.0,1.0,2.0,64.0,1.0,1.0,1.0,1.0,2.0,4.0,6.0,5.0,2.0,6.0,5.0,1.0,3.0,2.0,3.0,4.0,2.0,6.0,3.0,6.0,2.0,5.0,2.0,512.0,1.0,2.0,512.0,1.0,1.0,1.0,1.0,1.0,1.0,1.0,4.0,4.0,2.0,5.0,6.0,2.0,5.0,6.0,3.0,4.0,1.0,6.0,4.0,1.0,6.0,2.0,2.0,5.0,64.0,256.0,1.0,256.0,16.0,1.0,1.0,1.0,1.0,1.0,1.0,1.0,6.0,1.0,3.0,1.0,4.0,4.0,5.0,2.0,6.0,2.0,4.0,4.0,5.0,5.0,1.0,2.0,2.0,4.0,4.0,2048.0,1.0,128.0,64.0,1.0,1.0,1.0,1.0,1.0,1.0,1.0,2525018460.0,8444830.6,22124400.0,0.25494535,52.0,514.0,22528.0,2.1323353156572876e+16,1.0,0.36821062,107.6,2534.8
16000.0,2048000.0,256.0,64.0,3.0,38.0,44.0,8.0,1.0,4.0,2.0,2.0,4.0,3.0,2.0,4.0,6.0,5.0,2.0,2.0,4.0,6.0,5.0,1.0,3.0,6.0,1.0,3.0,5.0,5.0,5.0,4.0,512.0,64.0,1.0,1536.0,48.0,1.0,1.0,1.0,1.0,1.0,1.0,1.0,4.0,2.0,6.0,5.0,4.0,3.0,1.0,1.0,4.0,5.0,3.0,3.0,4.0,5.0,2.0,2.0,4.0,6.0,16.0,32.0,1.0,2.0,2.0,1.0,1.0,32.0,1.0,1.0,1.0,1.0,1.0,6.0,6.0,4.0,5.0,2.0,5.0,3.0,1.0,2.0,5.0,3.0,4.0,1.0,3.0,3.0,1.0,3.0,1.0,8.0,1.0,16.0,64.0,1.0,8.0,8.0,1.0,1.0,1.0,1.0,2.0,6.0,5.0,6.0,1.0,4.0,5.0,3.0,4.0,2.0,6.0,1.0,1.0,2.0,2.0,5.0,1.0,3.0,128.0,128.0,1.0,8.0,16.0,1.0,1.0,1.0,1.0,1.0,1.0,1.0,4.0,1.0,6.0,3.0,6.0,6.0,6.0,4.0,2.0,1.0,3.0,5.0,5.0,1.0,5.0,5.0,5.0,6.0,64.0,64.0,1.0,128.0,16.0,1.0,1.0,1.0,1.0,1.0,1.0,1.0,1.0,3.0,4.0,2.0,1.0,4.0,3.0,1.0,4.0,1.0,4.0,3.0,2.0,6.0,3.0,4.0,3.0,4.0,512.0,256.0,1.0,64.0,256.0,1.0,1.0,1.0,1.0,1.0,1.0,1.0,1090291560.0,4004739.6,96323200000.0,140.58905,13376.0,514.0,2097152.0,4366333785877776.0,16.15,0.425,107.6,199936.0
128000.0,512000.0,256.0,64.0,3.0,16.0,40.0,26.0,2.0,4.0,3.0,6.0,6.0,2.0,3.0,5.0,5.0,1.0,6.0,3.0,1.0,3.0,3.0,6.0,5.0,1.0,1.0,5.0,4.0,6.0,1.0,6.0,512.0,8.0,1.0,24.0,48.0,1.0,1.0,1.0,1.0,1.0,1.0,1.0,5.0,6.0,5.0,6.0,3.0,5.0,3.0,5.0,3.0,3.0,4.0,5.0,6.0,4.0,5.0,2.0,4.0,4.0,4.0,4.0,1.0,1.0,128.0,1.0,4.0,128.0,1.0,1.0,1.0,1.0,4.0,3.0,1.0,4.0,3.0,4.0,5.0,6.0,5.0,6.0,3.0,2.0,1.0,5.0,5.0,3.0,5.0,5.0,64.0,128.0,1.0,4.0,64.0,1.0,32.0,1.0,1.0,1.0,1.0,1.0,2.0,6.0,4.0,5.0,1.0,1.0,2.0,3.0,2.0,3.0,5.0,1.0,4.0,3.0,4.0,1.0,5.0,4.0,512.0,64.0,1.0,32.0,1.0,1.0,1.0,1.0,1.0,1.0,1.0,1.0,4.0,1.0,1.0,5.0,4.0,4.0,5.0,6.0,6.0,2.0,4.0,4.0,6.0,6.0,2.0,6.0,5.0,1.0,16.0,512.0,1.0,4.0,16.0,1.0,1.0,1.0,1.0,1.0,1.0,1.0,3.0,4.0,1.0,5.0,5.0,2.0,1.0,3.0,1.0,2.0,6.0,4.0,4.0,6.0,2.0,3.0,4.0,4.0,1024.0,8.0,1.0,64.0,64.0,1.0,1.0,1.0,1.0,1.0,1.0,1.0,532010016.0,3991390.2199999997,147506000000.0,198.079,16640.0,514.0,409600.0,2123459574804443.5,4.516665000000001,0.096484375,107.6,71680.0
16000.0,4096000.0,256.0,64.0,3.0,44.0,16.0,16.0,5.0,2.0,5.0,4.0,6.0,1.0,6.0,2.0,3.0,6.0,4.0,3.0,2.0,1.0,6.0,5.0,1.0,1.0,1.0,2.0,6.0,4.0,1.0,1.0,8.0,512.0,1.0,1536.0,32.0,1.0,1.0,1.0,1.0,1.0,1.0,1.0,2.0,2.0,4.0,1.0,5.0,1.0,5.0,2.0,3.0,5.0,5.0,5.0,4.0,5.0,3.0,1.0,4.0,1.0,16.0,64.0,1.0,2.0,4.0,1.0,32.0,32.0,1.0,1.0,1.0,1.0,4.0,5.0,3.0,2.0,6.0,5.0,2.0,6.0,4.0,5.0,6.0,2.0,3.0,2.0,3.0,5.0,1.0,5.0,128.0,128.0,1.0,128.0,2.0,1.0,64.0,4.0,1.0,1.0,1.0,1.0,2.0,5.0,5.0,2.0,5.0,6.0,4.0,1.0,3.0,3.0,2.0,1.0,2.0,6.0,2.0,4.0,6.0,4.0,64.0,256.0,1.0,1.0,1.0,1.0,1.0,1.0,1.0,1.0,1.0,1.0,5.0,6.0,5.0,2.0,2.0,5.0,5.0,4.0,5.0,6.0,2.0,5.0,4.0,2.0,5.0,1.0,2.0,6.0,128.0,2.0,1.0,4.0,64.0,1.0,1.0,1.0,1.0,1.0,1.0,1.0,2.0,4.0,3.0,4.0,3.0,1.0,1.0,3.0,3.0,6.0,6.0,4.0,3.0,1.0,1.0,2.0,4.0,4.0,2048.0,1024.0,1.0,64.0,4.0,1.0,1.0,1.0,1.0,1.0,1.0,1.0,555501030.0,4451683.92,68991100000.0,108.0084,11264.0,514.0,2097152.0,2472915002794437.5,29.1,1.01484375,107.6,179750.4
2048.0,32000000.0,256.0,64.0,3.0,14.0,14.0,28.0,2.0,4.0,5.0,5.0,3.0,5.0,3.0,5.0,3.0,3.0,3.0,6.0,1.0,2.0,6.0,3.0,4.0,1.0,1.0,2.0,4.0,3.0,5.0,2.0,512.0,1.0,1.0,32.0,64.0,1.0,1.0,1.0,1.0,1.0,1.0,1.0,3.0,6.0,3.0,1.0,6.0,4.0,5.0,6.0,4.0,3.0,5.0,5.0,6.0,5.0,2.0,1.0,3.0,2.0,16.0,2.0,1.0,16.0,1.0,1.0,1.0,64.0,1.0,1.0,1.0,1.0,6.0,1.0,4.0,1.0,6.0,2.0,2.0,3.0,5.0,3.0,5.0,3.0,3.0,2.0,5.0,1.0,1.0,5.0,1.0,1.0,1.0,1.0,64.0,1.0,32.0,32.0,1.0,1.0,1.0,1.0,4.0,5.0,4.0,2.0,4.0,4.0,1.0,6.0,6.0,4.0,4.0,1.0,1.0,4.0,4.0,2.0,1.0,6.0,32.0,4.0,1.0,32.0,32.0,1.0,1.0,1.0,1.0,1.0,1.0,1.0,6.0,3.0,3.0,2.0,1.0,6.0,2.0,2.0,2.0,5.0,2.0,2.0,3.0,3.0,1.0,2.0,1.0,2.0,2.0,512.0,1.0,32.0,32.0,1.0,1.0,1.0,1.0,1.0,1.0,1.0,3.0,6.0,3.0,1.0,5.0,2.0,4.0,3.0,3.0,6.0,1.0,5.0,6.0,5.0,3.0,4.0,3.0,2.0,1024.0,2048.0,1.0,2.0,64.0,1.0,1.0,1.0,1.0,1.0,1.0,1.0,2479939560.0,4191074.7600000007,17460000000.0,38.668060000000004,5488.0,514.0,802816.0,1.0393612096241508e+16,1.8,0.7859385000000002,107.6,67174.4
2048000.0,32000.0,256.0,64.0,2.0,4.0,20.0,4.0,5.0,2.0,5.0,6.0,3.0,1.0,4.0,6.0,1.0,5.0,3.0,6.0,3.0,2.0,4.0,4.0,2.0,1.0,3.0,5.0,2.0,6.0,1.0,3.0,32.0,4.0,1.0,256.0,32.0,1.0,1.0,1.0,1.0,1.0,1.0,1.0,2.0,1.0,3.0,1.0,2.0,1.0,3.0,4.0,2.0,4.0,2.0,2.0,1.0,2.0,6.0,4.0,3.0,2.0,1.0,32.0,1.0,64.0,32.0,1.0,16.0,2.0,1.0,1.0,1.0,1.0,6.0,3.0,3.0,6.0,4.0,4.0,1.0,3.0,4.0,5.0,3.0,6.0,6.0,6.0,5.0,1.0,6.0,3.0,8.0,2.0,1.0,64.0,4.0,1.0,32.0,2.0,1.0,1.0,1.0,1.0,4.0,6.0,1.0,6.0,1.0,4.0,6.0,3.0,4.0,5.0,1.0,1.0,3.0,2.0,4.0,2.0,6.0,2.0,8.0,8.0,1.0,16.0,16.0,1.0,1.0,1.0,1.0,1.0,1.0,1.0,4.0,4.0,5.0,2.0,5.0,1.0,6.0,3.0,6.0,3.0,6.0,5.0,1.0,1.0,3.0,6.0,2.0,1.0,32.0,256.0,1.0,2048.0,128.0,1.0,1.0,1.0,1.0,1.0,1.0,1.0,6.0,1.0,3.0,6.0,1.0,4.0,5.0,5.0,1.0,6.0,2.0,2.0,6.0,5.0,4.0,2.0,2.0,1.0,256.0,64.0,1.0,2.0,1.0,1.0,1.0,1.0,1.0,1.0,1.0,1.0,683856918.0,5306725.18,34780100.0,0.39100425,80.0,514.0,49152.0,3629040726267795.0,2.0,1.008519415,107.6,4184.0
256000.0,16000.0,256.0,64.0,1.0,14.0,42.0,48.0,5.0,4.0,5.0,2.0,2.0,1.0,6.0,5.0,1.0,4.0,1.0,3.0,6.0,3.0,2.0,1.0,6.0,5.0,1.0,5.0,3.0,6.0,4.0,5.0,2.0,256.0,1.0,1.0,1536.0,1.0,1.0,1.0,1.0,1.0,1.0,1.0,6.0,3.0,3.0,1.0,5.0,2.0,5.0,6.0,3.0,6.0,5.0,3.0,4.0,4.0,2.0,1.0,6.0,4.0,1.0,32.0,1.0,32.0,8.0,1.0,16.0,128.0,1.0,1.0,1.0,1.0,3.0,5.0,5.0,3.0,1.0,4.0,6.0,3.0,4.0,1.0,3.0,2.0,1.0,1.0,5.0,4.0,2.0,5.0,1.0,16.0,1.0,16.0,2.0,1.0,16.0,2.0,1.0,1.0,1.0,1.0,4.0,2.0,5.0,6.0,1.0,6.0,2.0,6.0,3.0,6.0,2.0,5.0,5.0,3.0,4.0,2.0,1.0,5.0,16.0,1.0,1.0,1.0,1.0,1.0,1.0,1.0,1.0,1.0,1.0,1.0,3.0,5.0,2.0,2.0,1.0,5.0,2.0,2.0,3.0,1.0,3.0,4.0,6.0,5.0,6.0,5.0,2.0,1.0,256.0,32.0,1.0,16.0,8.0,1.0,1.0,1.0,1.0,1.0,1.0,1.0,2.0,4.0,2.0,5.0,5.0,4.0,5.0,1.0,6.0,1.0,5.0,3.0,5.0,1.0,5.0,4.0,3.0,1.0,32.0,1024.0,1.0,128.0,512.0,1.0,1.0,1.0,1.0,1.0,1.0,1.0,54264504.0,7347423.96,20381000.0,0.2368896,48.0,514.0,12640.0,398704316867115.8,39.2299,32.242025500000004,107.6,2683.2
4096.0,8192000.0,256.0,64.0,3.0,12.0,36.0,2.0,2.0,4.0,6.0,1.0,5.0,2.0,1.0,5.0,3.0,4.0,2.0,2.0,5.0,6.0,2.0,2.0,6.0,5.0,4.0,3.0,4.0,5.0,1.0,6.0,64.0,64.0,1.0,2.0,2.0,1.0,1.0,1.0,1.0,1.0,1.0,1.0,6.0,2.0,3.0,4.0,1.0,2.0,6.0,6.0,6.0,4.0,2.0,2.0,6.0,2.0,5.0,6.0,6.0,1.0,4.0,4.0,1.0,4.0,4.0,1.0,128.0,2.0,1.0,1.0,1.0,1.0,6.0,5.0,5.0,6.0,6.0,2.0,1.0,1.0,1.0,2.0,6.0,3.0,2.0,5.0,4.0,5.0,4.0,5.0,2.0,2.0,1.0,2.0,4.0,1.0,16.0,8.0,1.0,1.0,1.0,1.0,5.0,3.0,2.0,2.0,3.0,2.0,2.0,1.0,1.0,3.0,3.0,1.0,4.0,4.0,5.0,6.0,2.0,3.0,16.0,8.0,1.0,128.0,1.0,1.0,1.0,1.0,1.0,1.0,1.0,1.0,4.0,6.0,6.0,6.0,5.0,2.0,1.0,6.0,3.0,5.0,3.0,5.0,3.0,4.0,4.0,3.0,4.0,1.0,8.0,2.0,1.0,512.0,4.0,1.0,1.0,1.0,1.0,1.0,1.0,1.0,4.0,4.0,5.0,3.0,6.0,4.0,6.0,2.0,6.0,6.0,3.0,3.0,3.0,4.0,2.0,6.0,6.0,4.0,1.0,32.0,1.0,2.0,8.0,1.0,1.0,1.0,1.0,1.0,1.0,1.0,1347583428.0,5923680.059999999,713493000.0,4.3460125,864.0,514.0,141312.0,7982653081630044.0,4.35,1.7324405649999997,107.6,11654.4
256.0,16000000.0,256.0,64.0,1.0,28.0,48.0,40.0,3.0,1.0,1.0,3.0,3.0,3.0,6.0,1.0,6.0,6.0,4.0,3.0,2.0,4.0,2.0,3.0,4.0,6.0,2.0,3.0,3.0,6.0,2.0,3.0,64.0,4.0,1.0,96.0,256.0,1.0,1.0,1.0,1.0,1.0,1.0,1.0,6.0,5.0,5.0,5.0,1.0,5.0,5.0,5.0,1.0,3.0,5.0,5.0,3.0,1.0,5.0,2.0,2.0,3.0,32.0,16.0,1.0,2.0,64.0,1.0,16.0,32.0,1.0,1.0,1.0,1.0,5.0,6.0,5.0,2.0,6.0,2.0,5.0,5.0,6.0,1.0,1.0,1.0,3.0,2.0,5.0,2.0,4.0,6.0,2.0,16.0,1.0,128.0,2.0,1.0,2.0,1.0,1.0,1.0,1.0,1.0,4.0,4.0,3.0,3.0,5.0,6.0,5.0,6.0,6.0,5.0,6.0,6.0,5.0,3.0,1.0,5.0,6.0,3.0,256.0,8.0,1.0,1.0,1.0,1.0,1.0,1.0,1.0,1.0,1.0,1.0,5.0,5.0,2.0,5.0,4.0,5.0,5.0,1.0,2.0,6.0,1.0,3.0,4.0,3.0,1.0,6.0,1.0,6.0,256.0,8.0,1.0,512.0,512.0,1.0,1.0,1.0,1.0,1.0,1.0,1.0,1.0,6.0,3.0,6.0,6.0,5.0,4.0,2.0,1.0,3.0,2.0,1.0,4.0,6.0,6.0,2.0,3.0,5.0,1.0,2.0,1.0,2.0,256.0,1.0,1.0,1.0,1.0,1.0,1.0,1.0,64488024.0,11113529.759999998,16945000.0,0.1982834,40.0,514.0,10576.0,716689573887594.1,33.47691999999999,29.592344000000004,107.6,2244.8
2048.0,1024000.0,256.0,64.0,2.0,48.0,44.0,12.0,6.0,3.0,6.0,3.0,1.0,2.0,5.0,3.0,2.0,6.0,5.0,6.0,3.0,1.0,1.0,3.0,5.0,5.0,4.0,3.0,3.0,2.0,3.0,4.0,256.0,1.0,1.0,16.0,48.0,1.0,1.0,1.0,1.0,1.0,1.0,1.0,1.0,5.0,1.0,1.0,5.0,3.0,5.0,3.0,2.0,5.0,4.0,2.0,6.0,1.0,3.0,5.0,2.0,3.0,4.0,1.0,1.0,4.0,8.0,1.0,128.0,4.0,1.0,1.0,1.0,1.0,6.0,2.0,3.0,5.0,5.0,3.0,4.0,6.0,1.0,3.0,2.0,2.0,4.0,5.0,6.0,4.0,3.0,1.0,64.0,1.0,1.0,4.0,8.0,1.0,64.0,8.0,1.0,1.0,1.0,1.0,2.0,3.0,4.0,5.0,1.0,4.0,3.0,4.0,4.0,2.0,1.0,4.0,5.0,1.0,3.0,5.0,3.0,4.0,128.0,256.0,1.0,128.0,4.0,1.0,1.0,1.0,1.0,1.0,1.0,1.0,4.0,6.0,2.0,1.0,6.0,2.0,2.0,3.0,3.0,2.0,3.0,5.0,1.0,5.0,6.0,2.0,2.0,1.0,32.0,4.0,1.0,64.0,512.0,1.0,1.0,1.0,1.0,1.0,1.0,1.0,1.0,2.0,1.0,5.0,4.0,3.0,6.0,2.0,5.0,3.0,5.0,5.0,3.0,3.0,4.0,3.0,6.0,4.0,8.0,2048.0,1.0,1.0,256.0,1.0,1.0,1.0,1.0,1.0,1.0,1.0,103052970.0,4142171.6399999997,345909000.0,2.6150400000000005,528.0,514.0,136192.0,426863089751770.75,194.33320500000002,38.23402462499999,107.6,17142.4
128.0,2048000.0,256.0,64.0,1.0,36.0,30.0,36.0,2.0,1.0,4.0,4.0,5.0,1.0,2.0,5.0,2.0,6.0,4.0,4.0,1.0,2.0,6.0,3.0,4.0,3.0,2.0,3.0,2.0,5.0,1.0,1.0,4.0,1.0,1.0,24.0,4.0,1.0,1.0,1.0,1.0,1.0,1.0,1.0,1.0,2.0,6.0,4.0,5.0,3.0,3.0,6.0,3.0,1.0,2.0,1.0,2.0,1.0,3.0,5.0,1.0,2.0,16.0,32.0,1.0,32.0,2.0,1.0,4.0,1.0,1.0,1.0,1.0,1.0,2.0,5.0,2.0,4.0,2.0,6.0,4.0,6.0,6.0,2.0,5.0,2.0,6.0,5.0,6.0,1.0,3.0,1.0,1.0,2.0,1.0,4.0,2.0,1.0,64.0,16.0,1.0,1.0,1.0,1.0,4.0,4.0,2.0,5.0,4.0,3.0,3.0,5.0,5.0,2.0,1.0,1.0,6.0,1.0,2.0,5.0,3.0,1.0,4.0,8.0,1.0,128.0,256.0,1.0,1.0,1.0,1.0,1.0,1.0,1.0,5.0,3.0,5.0,1.0,2.0,4.0,1.0,5.0,5.0,5.0,6.0,5.0,3.0,1.0,6.0,2.0,5.0,6.0,2.0,1.0,1.0,32.0,2.0,1.0,1.0,1.0,1.0,1.0,1.0,1.0,3.0,3.0,1.0,3.0,3.0,4.0,6.0,5.0,5.0,6.0,5.0,1.0,3.0,6.0,4.0,1.0,3.0,5.0,1.0,1.0,1.0,256.0,16.0,1.0,1.0,1.0,1.0,1.0,1.0,1.0,2516582520.0,21895077.6,15250600.0,0.17238339999999996,36.0,514.0,514.0,5.510076956220355e+16,1.0,1.0039049999999998,107.6,107.6
4096.0,8192000.0,256.0,64.0,1.0,20.0,2.0,4.0,3.0,6.0,1.0,4.0,1.0,1.0,6.0,1.0,5.0,2.0,1.0,6.0,2.0,4.0,3.0,2.0,5.0,1.0,3.0,1.0,2.0,4.0,3.0,5.0,16.0,2.0,1.0,48.0,64.0,1.0,1.0,1.0,1.0,1.0,1.0,1.0,4.0,2.0,4.0,6.0,6.0,4.0,4.0,1.0,3.0,5.0,6.0,5.0,5.0,2.0,6.0,1.0,1.0,2.0,2.0,16.0,1.0,4.0,1.0,1.0,16.0,32.0,1.0,1.0,1.0,1.0,1.0,5.0,6.0,2.0,2.0,1.0,3.0,2.0,5.0,6.0,5.0,4.0,1.0,5.0,6.0,2.0,5.0,4.0,64.0,128.0,1.0,32.0,64.0,1.0,4.0,16.0,1.0,1.0,1.0,1.0,4.0,4.0,4.0,1.0,5.0,4.0,2.0,4.0,4.0,3.0,1.0,3.0,3.0,5.0,1.0,4.0,3.0,6.0,2.0,16.0,1.0,1.0,1.0,1.0,1.0,1.0,1.0,1.0,1.0,1.0,6.0,4.0,2.0,3.0,3.0,6.0,1.0,2.0,4.0,3.0,3.0,5.0,1.0,2.0,6.0,5.0,2.0,3.0,512.0,8.0,1.0,1024.0,256.0,1.0,1.0,1.0,1.0,1.0,1.0,1.0,5.0,4.0,3.0,6.0,5.0,4.0,3.0,3.0,4.0,5.0,5.0,2.0,1.0,4.0,1.0,1.0,1.0,2.0,1.0,8.0,1.0,32.0,8.0,1.0,1.0,1.0,1.0,1.0,1.0,1.0,629145720.0,17493165.6,2290390.0,0.025581280000000005,4.0,514.0,1288.0,1.1005750266491232e+16,4.0,4.409184000000001,107.6,272.0
512.0,16000.0,256.0,64.0,2.0,46.0,6.0,36.0,2.0,5.0,1.0,3.0,2.0,3.0,4.0,4.0,6.0,1.0,6.0,6.0,6.0,6.0,6.0,3.0,4.0,6.0,4.0,5.0,6.0,2.0,6.0,4.0,128.0,512.0,1.0,32.0,384.0,1.0,1.0,1.0,1.0,1.0,1.0,1.0,4.0,1.0,3.0,3.0,2.0,5.0,5.0,1.0,2.0,3.0,4.0,5.0,6.0,3.0,3.0,6.0,4.0,1.0,32.0,32.0,1.0,2.0,128.0,1.0,16.0,4.0,1.0,1.0,1.0,1.0,4.0,1.0,1.0,3.0,4.0,4.0,5.0,1.0,3.0,1.0,2.0,2.0,6.0,6.0,5.0,2.0,3.0,3.0,16.0,16.0,1.0,2.0,2.0,1.0,2.0,16.0,1.0,1.0,1.0,1.0,2.0,6.0,4.0,4.0,2.0,1.0,4.0,6.0,4.0,6.0,2.0,3.0,3.0,6.0,6.0,6.0,3.0,3.0,2.0,256.0,1.0,16.0,256.0,1.0,1.0,1.0,1.0,1.0,1.0,1.0,6.0,6.0,6.0,3.0,2.0,5.0,1.0,1.0,5.0,3.0,6.0,1.0,3.0,1.0,1.0,1.0,5.0,6.0,256.0,1.0,1.0,8.0,16.0,1.0,1.0,1.0,1.0,1.0,1.0,1.0,3.0,6.0,1.0,4.0,1.0,6.0,6.0,3.0,6.0,4.0,5.0,5.0,2.0,3.0,5.0,4.0,4.0,6.0,64.0,1024.0,1.0,256.0,256.0,1.0,1.0,1.0,1.0,1.0,1.0,1.0,693945762.0,7987680.24,107614000.0,1.0764117,216.0,514.0,147456.0,5543016850759143.0,5.618885,2.029095,107.6,16478.4
2048000.0,4096000.0,256.0,64.0,1.0,16.0,20.0,8.0,3.0,4.0,3.0,5.0,5.0,6.0,6.0,6.0,5.0,4.0,3.0,4.0,6.0,2.0,4.0,5.0,5.0,6.0,6.0,2.0,4.0,3.0,5.0,1.0,2.0,256.0,1.0,4.0,256.0,1.0,1.0,1.0,1.0,1.0,1.0,1.0,2.0,4.0,1.0,1.0,1.0,1.0,5.0,4.0,6.0,6.0,2.0,3.0,1.0,5.0,3.0,1.0,2.0,4.0,1.0,8.0,1.0,64.0,8.0,1.0,16.0,1.0,1.0,1.0,1.0,1.0,5.0,3.0,1.0,4.0,2.0,3.0,3.0,5.0,5.0,3.0,2.0,4.0,2.0,2.0,4.0,3.0,5.0,4.0,4.0,1.0,1.0,16.0,64.0,1.0,64.0,64.0,1.0,1.0,1.0,1.0,4.0,2.0,4.0,6.0,1.0,2.0,3.0,6.0,3.0,4.0,5.0,4.0,6.0,4.0,6.0,2.0,6.0,1.0,512.0,32.0,1.0,32.0,16.0,1.0,1.0,1.0,1.0,1.0,1.0,1.0,5.0,3.0,3.0,5.0,2.0,3.0,6.0,1.0,3.0,2.0,3.0,1.0,5.0,2.0,2.0,4.0,5.0,5.0,1.0,4.0,1.0,64.0,128.0,1.0,1.0,1.0,1.0,1.0,1.0,1.0,2.0,3.0,2.0,1.0,6.0,1.0,3.0,4.0,3.0,5.0,3.0,5.0,3.0,1.0,3.0,2.0,6.0,4.0,1024.0,256.0,1.0,2.0,1.0,1.0,1.0,1.0,1.0,1.0,1.0,1.0,2516582520.0,15566072.399999999,3853260.0,0.04339928,8.0,514.0,514.0,3.917330570689445e+16,1.0,1.3968530000000001,107.6,107.6
2048.0,128000.0,256.0,64.0,1.0,38.0,24.0,18.0,5.0,5.0,2.0,4.0,1.0,2.0,1.0,6.0,4.0,6.0,5.0,5.0,5.0,4.0,5.0,4.0,2.0,2.0,2.0,5.0,1.0,3.0,3.0,5.0,8.0,512.0,1.0,3.0,768.0,1.0,1.0,1.0,1.0,1.0,1.0,1.0,5.0,6.0,1.0,6.0,4.0,5.0,4.0,5.0,5.0,4.0,2.0,4.0,2.0,1.0,6.0,5.0,1.0,5.0,8.0,2.0,1.0,64.0,128.0,1.0,2.0,64.0,1.0,1.0,1.0,1.0,2.0,5.0,2.0,2.0,6.0,1.0,2.0,1.0,4.0,3.0,2.0,5.0,3.0,6.0,5.0,5.0,5.0,4.0,2.0,4.0,1.0,64.0,128.0,1.0,64.0,64.0,1.0,1.0,1.0,1.0,6.0,3.0,5.0,1.0,1.0,2.0,6.0,2.0,4.0,6.0,1.0,3.0,6.0,2.0,6.0,2.0,2.0,4.0,512.0,1.0,1.0,128.0,2.0,1.0,1.0,1.0,1.0,1.0,1.0,1.0,4.0,1.0,3.0,5.0,6.0,6.0,2.0,5.0,6.0,6.0,4.0,4.0,5.0,3.0,5.0,3.0,6.0,6.0,64.0,2.0,1.0,128.0,4.0,1.0,1.0,1.0,1.0,1.0,1.0,1.0,3.0,3.0,1.0,4.0,3.0,4.0,2.0,4.0,5.0,2.0,4.0,3.0,2.0,2.0,4.0,4.0,1.0,2.0,32.0,32.0,1.0,1.0,16.0,1.0,1.0,1.0,1.0,1.0,1.0,1.0,142344528.0,8091488.160000001,7832460.0,0.09257619999999997,18.0,514.0,4900.0,1151779062952788.8,16.346525,19.349994999999996,107.6,1039.2
1024.0,32000.0,256.0,64.0,1.0,8.0,44.0,48.0,1.0,5.0,1.0,1.0,2.0,2.0,5.0,5.0,2.0,3.0,5.0,4.0,5.0,1.0,4.0,3.0,1.0,2.0,3.0,5.0,3.0,5.0,5.0,1.0,512.0,8.0,1.0,32.0,1.0,1.0,1.0,1.0,1.0,1.0,1.0,1.0,5.0,6.0,5.0,5.0,3.0,4.0,6.0,1.0,1.0,3.0,3.0,6.0,1.0,5.0,6.0,1.0,6.0,3.0,16.0,4.0,1.0,4.0,64.0,1.0,128.0,1.0,1.0,1.0,1.0,1.0,6.0,4.0,2.0,2.0,6.0,5.0,2.0,6.0,3.0,6.0,2.0,5.0,1.0,2.0,4.0,5.0,3.0,3.0,1.0,128.0,1.0,16.0,4.0,1.0,1.0,1.0,1.0,1.0,1.0,1.0,6.0,6.0,3.0,3.0,2.0,5.0,3.0,5.0,5.0,4.0,1.0,5.0,2.0,5.0,1.0,6.0,5.0,2.0,1.0,2.0,1.0,128.0,16.0,1.0,1.0,1.0,1.0,1.0,1.0,1.0,3.0,3.0,2.0,4.0,6.0,1.0,4.0,2.0,2.0,1.0,3.0,5.0,2.0,1.0,1.0,2.0,2.0,3.0,1.0,128.0,1.0,2.0,1.0,1.0,1.0,1.0,1.0,1.0,1.0,1.0,3.0,2.0,6.0,3.0,4.0,5.0,5.0,6.0,2.0,1.0,4.0,4.0,6.0,4.0,6.0,2.0,5.0,4.0,64.0,8.0,1.0,64.0,2.0,1.0,1.0,1.0,1.0,1.0,1.0,1.0,53477496.0,15417006.0,20381000.0,0.2368896,48.0,514.0,12640.0,824462876696976.0,43.56930499999999,44.359945,107.6,2683.2
16000.0,1024000.0,256.0,64.0,2.0,18.0,14.0,28.0,6.0,4.0,4.0,3.0,5.0,2.0,5.0,3.0,5.0,1.0,4.0,3.0,5.0,5.0,1.0,6.0,5.0,6.0,1.0,2.0,1.0,1.0,5.0,5.0,1.0,1.0,1.0,64.0,256.0,1.0,1.0,1.0,1.0,1.0,1.0,1.0,1.0,6.0,6.0,6.0,2.0,4.0,1.0,2.0,5.0,3.0,1.0,4.0,4.0,4.0,6.0,5.0,6.0,2.0,32.0,4.0,1.0,1.0,4.0,1.0,4.0,8.0,1.0,1.0,1.0,1.0,2.0,3.0,4.0,6.0,2.0,4.0,2.0,1.0,2.0,1.0,3.0,6.0,5.0,1.0,1.0,3.0,6.0,4.0,128.0,64.0,1.0,64.0,2.0,1.0,2.0,4.0,1.0,1.0,1.0,1.0,5.0,6.0,6.0,6.0,3.0,2.0,3.0,4.0,2.0,2.0,6.0,1.0,5.0,1.0,4.0,5.0,3.0,3.0,4.0,32.0,1.0,512.0,16.0,1.0,1.0,1.0,1.0,1.0,1.0,1.0,3.0,6.0,3.0,2.0,5.0,5.0,4.0,5.0,4.0,4.0,3.0,6.0,1.0,6.0,1.0,2.0,2.0,4.0,512.0,128.0,1.0,16.0,128.0,1.0,1.0,1.0,1.0,1.0,1.0,1.0,6.0,5.0,2.0,2.0,3.0,1.0,1.0,6.0,4.0,4.0,6.0,4.0,6.0,3.0,5.0,6.0,2.0,3.0,32.0,32.0,1.0,8.0,4.0,1.0,1.0,1.0,1.0,1.0,1.0,1.0,355580988.0,5079205.0,229840000.0,1.9318955,392.0,514.0,151552.0,1806068732154540.0,6.17189,1.76467245,107.6,16281.6
32000.0,2048000.0,256.0,64.0,2.0,4.0,48.0,22.0,2.0,4.0,2.0,5.0,3.0,5.0,5.0,5.0,2.0,3.0,3.0,6.0,3.0,5.0,5.0,3.0,5.0,5.0,2.0,4.0,6.0,5.0,3.0,2.0,128.0,1.0,1.0,384.0,6.0,1.0,1.0,1.0,1.0,1.0,1.0,1.0,2.0,5.0,1.0,1.0,3.0,4.0,4.0,6.0,4.0,6.0,3.0,4.0,2.0,1.0,3.0,6.0,5.0,3.0,32.0,64.0,1.0,16.0,32.0,1.0,64.0,128.0,1.0,1.0,1.0,1.0,2.0,5.0,3.0,6.0,3.0,1.0,2.0,1.0,6.0,5.0,2.0,2.0,2.0,4.0,1.0,3.0,1.0,4.0,2.0,16.0,1.0,4.0,8.0,1.0,1.0,2.0,1.0,1.0,1.0,1.0,2.0,2.0,1.0,1.0,5.0,6.0,1.0,6.0,1.0,5.0,3.0,5.0,6.0,6.0,1.0,2.0,1.0,6.0,32.0,64.0,1.0,8.0,128.0,1.0,1.0,1.0,1.0,1.0,1.0,1.0,6.0,5.0,3.0,1.0,5.0,4.0,2.0,6.0,5.0,2.0,6.0,3.0,6.0,1.0,6.0,6.0,1.0,2.0,16.0,64.0,1.0,16.0,1024.0,1.0,1.0,1.0,1.0,1.0,1.0,1.0,4.0,6.0,5.0,1.0,4.0,1.0,5.0,6.0,6.0,1.0,6.0,1.0,3.0,6.0,4.0,4.0,4.0,3.0,2048.0,4.0,1.0,4.0,4.0,1.0,1.0,1.0,1.0,1.0,1.0,1.0,2524086468.0,9655954.520000001,975188000.0,5.3641275,1056.0,514.0,10752.0,2.437246413955544e+16,1.0,0.4306996049999999,107.6,4045.4
128.0,32000.0,256.0,64.0,1.0,48.0,2.0,22.0,3.0,1.0,2.0,6.0,2.0,6.0,1.0,4.0,6.0,1.0,6.0,4.0,5.0,3.0,6.0,4.0,3.0,4.0,4.0,5.0,6.0,4.0,2.0,3.0,4.0,64.0,1.0,3.0,1.0,1.0,1.0,1.0,1.0,1.0,1.0,1.0,6.0,3.0,4.0,6.0,3.0,5.0,5.0,2.0,2.0,2.0,1.0,1.0,6.0,2.0,3.0,1.0,4.0,1.0,4.0,64.0,1.0,64.0,16.0,1.0,8.0,8.0,1.0,1.0,1.0,1.0,3.0,2.0,1.0,3.0,2.0,6.0,5.0,5.0,1.0,6.0,3.0,3.0,4.0,6.0,3.0,1.0,3.0,1.0,16.0,128.0,1.0,2.0,1.0,1.0,8.0,1.0,1.0,1.0,1.0,1.0,4.0,4.0,1.0,2.0,6.0,5.0,5.0,2.0,3.0,5.0,5.0,6.0,4.0,6.0,4.0,5.0,6.0,3.0,32.0,2.0,1.0,256.0,8.0,1.0,1.0,1.0,1.0,1.0,1.0,1.0,2.0,6.0,1.0,5.0,4.0,4.0,1.0,6.0,3.0,1.0,6.0,3.0,4.0,5.0,5.0,1.0,1.0,5.0,2.0,256.0,1.0,4.0,2.0,1.0,1.0,1.0,1.0,1.0,1.0,1.0,4.0,4.0,5.0,6.0,3.0,5.0,2.0,6.0,4.0,1.0,6.0,5.0,4.0,4.0,4.0,6.0,3.0,3.0,8.0,128.0,1.0,128.0,256.0,1.0,1.0,1.0,1.0,1.0,1.0,1.0,2516582520.0,22832747.999999996,9452030.0,0.10774740000000001,22.0,514.0,514.0,5.746049450036495e+16,1.0,1.007394,107.6,107.6
64000.0,256000.0,256.0,64.0,2.0,32.0,20.0,8.0,6.0,6.0,4.0,1.0,3.0,5.0,5.0,6.0,3.0,2.0,4.0,5.0,1.0,6.0,3.0,3.0,4.0,4.0,2.0,5.0,3.0,2.0,6.0,3.0,128.0,4.0,1.0,1536.0,3.0,1.0,1.0,1.0,1.0,1.0,1.0,1.0,1.0,1.0,2.0,6.0,1.0,2.0,1.0,4.0,2.0,4.0,5.0,3.0,3.0,2.0,4.0,5.0,5.0,2.0,8.0,2.0,1.0,2.0,4.0,1.0,8.0,8.0,1.0,1.0,1.0,1.0,4.0,1.0,5.0,3.0,4.0,6.0,4.0,1.0,3.0,1.0,2.0,4.0,2.0,3.0,6.0,6.0,4.0,2.0,8.0,16.0,1.0,2.0,16.0,1.0,1.0,64.0,1.0,1.0,1.0,1.0,6.0,2.0,5.0,1.0,4.0,4.0,2.0,2.0,4.0,4.0,3.0,3.0,3.0,4.0,6.0,1.0,1.0,4.0,2.0,4.0,1.0,32.0,128.0,1.0,1.0,1.0,1.0,1.0,1.0,1.0,3.0,3.0,4.0,4.0,6.0,5.0,3.0,5.0,6.0,4.0,5.0,2.0,5.0,3.0,2.0,5.0,2.0,5.0,16.0,64.0,1.0,128.0,256.0,1.0,1.0,1.0,1.0,1.0,1.0,1.0,4.0,2.0,6.0,5.0,2.0,6.0,4.0,6.0,2.0,2.0,4.0,4.0,1.0,6.0,4.0,3.0,3.0,5.0,256.0,2048.0,1.0,32.0,16.0,1.0,1.0,1.0,1.0,1.0,1.0,1.0,34635564.0,5120557.18,75391100.0,0.8987854,160.0,514.0,593920.0,177353385923549.5,45.819755,18.799274,107.6,42304.0
512.0,1024000.0,256.0,64.0,1.0,30.0,36.0,10.0,1.0,1.0,1.0,2.0,2.0,5.0,3.0,4.0,6.0,3.0,6.0,1.0,1.0,6.0,4.0,6.0,2.0,4.0,6.0,2.0,3.0,5.0,2.0,2.0,64.0,8.0,1.0,16.0,256.0,1.0,1.0,1.0,1.0,1.0,1.0,1.0,6.0,5.0,1.0,1.0,6.0,4.0,6.0,5.0,2.0,6.0,5.0,2.0,1.0,5.0,3.0,2.0,5.0,2.0,1.0,8.0,1.0,4.0,8.0,1.0,64.0,128.0,1.0,1.0,1.0,1.0,1.0,4.0,2.0,3.0,5.0,2.0,3.0,2.0,2.0,3.0,5.0,5.0,1.0,5.0,2.0,2.0,3.0,6.0,1.0,4.0,1.0,64.0,4.0,1.0,16.0,32.0,1.0,1.0,1.0,1.0,6.0,5.0,3.0,5.0,2.0,3.0,1.0,5.0,1.0,2.0,2.0,4.0,3.0,2.0,4.0,1.0,3.0,5.0,8.0,1.0,1.0,64.0,64.0,1.0,1.0,1.0,1.0,1.0,1.0,1.0,4.0,5.0,1.0,3.0,5.0,6.0,1.0,6.0,3.0,1.0,3.0,2.0,5.0,6.0,4.0,1.0,6.0,1.0,8.0,8.0,1.0,4.0,128.0,1.0,1.0,1.0,1.0,1.0,1.0,1.0,6.0,1.0,4.0,5.0,6.0,2.0,3.0,3.0,2.0,5.0,2.0,5.0,1.0,5.0,4.0,1.0,6.0,5.0,2.0,1024.0,1.0,256.0,8.0,1.0,1.0,1.0,1.0,1.0,1.0,1.0,2516582520.0,23295180.0,4640860.0,0.05259191999999999,10.0,514.0,514.0,5.86242427882536e+16,1.0,1.7914090000000005,107.6,107.6
64000.0,16000.0,256.0,64.0,2.0,30.0,18.0,28.0,3.0,4.0,4.0,5.0,5.0,3.0,1.0,6.0,1.0,1.0,3.0,3.0,3.0,2.0,1.0,3.0,4.0,1.0,5.0,2.0,4.0,4.0,2.0,6.0,4.0,512.0,1.0,2.0,96.0,1.0,1.0,1.0,1.0,1.0,1.0,1.0,4.0,6.0,3.0,5.0,3.0,4.0,6.0,2.0,6.0,4.0,1.0,6.0,1.0,1.0,1.0,5.0,2.0,5.0,4.0,1.0,1.0,16.0,16.0,1.0,64.0,128.0,1.0,1.0,1.0,1.0,3.0,5.0,2.0,5.0,6.0,2.0,3.0,6.0,1.0,4.0,2.0,6.0,6.0,2.0,4.0,1.0,6.0,3.0,128.0,32.0,1.0,8.0,1.0,1.0,1.0,8.0,1.0,1.0,1.0,1.0,6.0,2.0,6.0,5.0,4.0,5.0,4.0,4.0,5.0,6.0,5.0,4.0,6.0,4.0,6.0,6.0,2.0,1.0,1.0,512.0,1.0,1.0,128.0,1.0,1.0,1.0,1.0,1.0,1.0,1.0,3.0,5.0,6.0,6.0,2.0,3.0,1.0,4.0,5.0,6.0,6.0,6.0,4.0,2.0,5.0,6.0,4.0,6.0,512.0,2.0,1.0,64.0,8.0,1.0,1.0,1.0,1.0,1.0,1.0,1.0,5.0,6.0,3.0,5.0,2.0,5.0,1.0,4.0,4.0,2.0,3.0,3.0,5.0,6.0,4.0,4.0,1.0,2.0,32.0,8.0,1.0,8.0,32.0,1.0,1.0,1.0,1.0,1.0,1.0,1.0,2520858786.0,8931428.98,324043000.0,2.4394515000000006,504.0,514.0,4224.0,2.251487121576802e+16,1.0,0.8829922499999999,107.6,1379.3
256.0,64000.0,256.0,64.0,3.0,10.0,34.0,30.0,3.0,5.0,3.0,5.0,2.0,2.0,5.0,5.0,1.0,2.0,2.0,3.0,3.0,3.0,1.0,2.0,6.0,2.0,6.0,4.0,5.0,1.0,2.0,3.0,64.0,64.0,1.0,384.0,768.0,1.0,1.0,1.0,1.0,1.0,1.0,1.0,6.0,6.0,3.0,5.0,2.0,5.0,6.0,5.0,1.0,1.0,2.0,6.0,4.0,2.0,2.0,3.0,5.0,3.0,16.0,64.0,1.0,128.0,4.0,1.0,2.0,64.0,1.0,1.0,1.0,1.0,2.0,1.0,1.0,5.0,3.0,2.0,2.0,4.0,4.0,4.0,3.0,4.0,3.0,4.0,1.0,1.0,2.0,2.0,16.0,128.0,1.0,1.0,64.0,1.0,4.0,1.0,1.0,1.0,1.0,1.0,4.0,5.0,2.0,2.0,3.0,1.0,3.0,2.0,3.0,5.0,4.0,6.0,6.0,5.0,4.0,2.0,4.0,6.0,512.0,32.0,1.0,256.0,16.0,1.0,1.0,1.0,1.0,1.0,1.0,1.0,6.0,4.0,3.0,6.0,1.0,6.0,4.0,4.0,6.0,6.0,5.0,1.0,2.0,3.0,5.0,2.0,3.0,4.0,32.0,2.0,1.0,512.0,2.0,1.0,1.0,1.0,1.0,1.0,1.0,1.0,5.0,5.0,1.0,2.0,2.0,6.0,2.0,6.0,3.0,2.0,1.0,6.0,4.0,5.0,1.0,6.0,4.0,6.0,512.0,16.0,1.0,4.0,16.0,1.0,1.0,1.0,1.0,1.0,1.0,1.0,135038700.0,3989013.41,56943400000.0,92.93856,10200.0,514.0,720896.0,538671185168967.0,29.733335,0.196875,107.6,130048.0
256.0,8192000.0,256.0,64.0,2.0,12.0,44.0,38.0,1.0,1.0,1.0,5.0,6.0,2.0,6.0,3.0,5.0,3.0,3.0,5.0,1.0,2.0,3.0,1.0,5.0,5.0,4.0,4.0,3.0,5.0,6.0,6.0,128.0,16.0,1.0,48.0,1536.0,1.0,1.0,1.0,1.0,1.0,1.0,1.0,5.0,2.0,5.0,6.0,2.0,3.0,1.0,4.0,4.0,6.0,4.0,6.0,1.0,2.0,2.0,1.0,2.0,3.0,1.0,64.0,1.0,2.0,4.0,1.0,2.0,4.0,1.0,1.0,1.0,1.0,4.0,4.0,6.0,1.0,4.0,3.0,5.0,3.0,5.0,4.0,6.0,1.0,3.0,3.0,3.0,2.0,2.0,5.0,2.0,8.0,1.0,32.0,8.0,1.0,16.0,8.0,1.0,1.0,1.0,1.0,1.0,1.0,6.0,6.0,4.0,2.0,5.0,4.0,1.0,4.0,4.0,4.0,1.0,5.0,4.0,5.0,3.0,5.0,512.0,8.0,1.0,256.0,256.0,1.0,1.0,1.0,1.0,1.0,1.0,1.0,3.0,2.0,1.0,4.0,3.0,2.0,1.0,3.0,6.0,1.0,5.0,1.0,6.0,1.0,5.0,6.0,4.0,4.0,512.0,8.0,1.0,256.0,512.0,1.0,1.0,1.0,1.0,1.0,1.0,1.0,2.0,2.0,1.0,3.0,6.0,1.0,2.0,6.0,2.0,4.0,3.0,5.0,4.0,5.0,3.0,6.0,6.0,4.0,4.0,16.0,1.0,16.0,512.0,1.0,1.0,1.0,1.0,1.0,1.0,1.0,2529667140.0,6322986.7,2068490000.0,8.947921000000001,1672.0,514.0,71680.0,1.5995051681647038e+16,1.0,0.5452788450000002,107.6,8409.6
64000.0,1024000.0,256.0,64.0,3.0,2.0,30.0,46.0,5.0,5.0,1.0,5.0,1.0,5.0,2.0,6.0,4.0,1.0,1.0,6.0,1.0,4.0,2.0,6.0,2.0,6.0,5.0,6.0,6.0,2.0,3.0,4.0,128.0,16.0,1.0,64.0,2.0,1.0,1.0,1.0,1.0,1.0,1.0,1.0,3.0,5.0,1.0,4.0,4.0,2.0,6.0,3.0,6.0,3.0,2.0,4.0,1.0,3.0,1.0,4.0,3.0,1.0,1.0,64.0,1.0,8.0,4.0,1.0,8.0,4.0,1.0,1.0,1.0,1.0,1.0,5.0,2.0,6.0,5.0,3.0,6.0,3.0,5.0,1.0,4.0,3.0,6.0,5.0,4.0,2.0,2.0,4.0,64.0,16.0,1.0,2.0,64.0,1.0,8.0,8.0,1.0,1.0,1.0,1.0,2.0,5.0,3.0,5.0,5.0,2.0,3.0,1.0,5.0,1.0,5.0,1.0,1.0,2.0,3.0,4.0,4.0,1.0,64.0,8.0,1.0,128.0,4.0,1.0,1.0,1.0,1.0,1.0,1.0,1.0,4.0,1.0,2.0,2.0,4.0,4.0,1.0,6.0,1.0,5.0,6.0,2.0,4.0,5.0,2.0,5.0,4.0,2.0,256.0,256.0,1.0,256.0,2.0,1.0,1.0,1.0,1.0,1.0,1.0,1.0,1.0,2.0,1.0,2.0,4.0,2.0,4.0,5.0,3.0,4.0,4.0,3.0,3.0,6.0,4.0,6.0,6.0,1.0,4.0,8.0,1.0,2.0,16.0,1.0,1.0,1.0,1.0,1.0,1.0,1.0,119710950.0,4412100.68,4944330000.0,16.181645,2760.0,514.0,458752.0,528176763898445.94,20.16,0.52270895,107.6,42675.2
8192.0,1024000.0,256.0,64.0,1.0,14.0,32.0,26.0,1.0,4.0,2.0,6.0,3.0,6.0,4.0,5.0,6.0,6.0,2.0,4.0,6.0,3.0,5.0,3.0,6.0,2.0,5.0,4.0,4.0,1.0,2.0,1.0,16.0,8.0,1.0,256.0,384.0,1.0,1.0,1.0,1.0,1.0,1.0,1.0,4.0,1.0,1.0,3.0,4.0,6.0,5.0,5.0,3.0,3.0,1.0,5.0,4.0,3.0,6.0,3.0,6.0,2.0,32.0,16.0,1.0,64.0,32.0,1.0,8.0,32.0,1.0,1.0,1.0,1.0,3.0,6.0,1.0,2.0,6.0,6.0,1.0,2.0,3.0,4.0,2.0,5.0,6.0,4.0,6.0,3.0,2.0,1.0,8.0,64.0,1.0,64.0,4.0,1.0,4.0,32.0,1.0,1.0,1.0,1.0,1.0,4.0,6.0,6.0,5.0,4.0,5.0,4.0,2.0,3.0,2.0,2.0,2.0,5.0,3.0,6.0,2.0,3.0,1.0,2.0,1.0,64.0,8.0,1.0,1.0,1.0,1.0,1.0,1.0,1.0,5.0,4.0,6.0,3.0,5.0,5.0,1.0,1.0,5.0,2.0,4.0,1.0,4.0,4.0,1.0,6.0,1.0,2.0,32.0,512.0,1.0,64.0,16.0,1.0,1.0,1.0,1.0,1.0,1.0,1.0,4.0,3.0,2.0,6.0,1.0,4.0,4.0,5.0,2.0,1.0,1.0,6.0,1.0,6.0,3.0,4.0,6.0,5.0,64.0,2048.0,1.0,1.0,128.0,1.0,1.0,1.0,1.0,1.0,1.0,1.0,2516582520.0,20019681.6,11088400.0,0.12613300000000002,26.0,514.0,514.0,5.038118077052563e+16,1.0,1.003904,107.6,107.6
2048.0,128000.0,256.0,64.0,3.0,44.0,22.0,20.0,4.0,4.0,3.0,2.0,1.0,4.0,2.0,4.0,2.0,3.0,2.0,6.0,1.0,1.0,6.0,3.0,3.0,2.0,2.0,5.0,5.0,6.0,5.0,2.0,32.0,8.0,1.0,8.0,6.0,1.0,1.0,1.0,1.0,1.0,1.0,1.0,5.0,3.0,3.0,4.0,3.0,6.0,4.0,5.0,1.0,6.0,3.0,6.0,5.0,1.0,3.0,2.0,3.0,5.0,16.0,1.0,1.0,8.0,16.0,1.0,8.0,16.0,1.0,1.0,1.0,1.0,3.0,2.0,5.0,3.0,1.0,3.0,2.0,5.0,2.0,6.0,6.0,3.0,5.0,5.0,4.0,5.0,5.0,2.0,1.0,8.0,1.0,128.0,64.0,1.0,32.0,2.0,1.0,1.0,1.0,1.0,5.0,1.0,2.0,4.0,1.0,1.0,3.0,1.0,6.0,6.0,2.0,3.0,3.0,2.0,6.0,6.0,5.0,4.0,2.0,64.0,1.0,1.0,16.0,1.0,1.0,1.0,1.0,1.0,1.0,1.0,3.0,3.0,1.0,5.0,3.0,5.0,3.0,2.0,1.0,1.0,5.0,5.0,6.0,1.0,6.0,6.0,1.0,2.0,16.0,4.0,1.0,32.0,256.0,1.0,1.0,1.0,1.0,1.0,1.0,1.0,1.0,3.0,6.0,6.0,2.0,5.0,5.0,1.0,1.0,3.0,1.0,3.0,1.0,4.0,2.0,3.0,4.0,4.0,16.0,1.0,1.0,256.0,4.0,1.0,1.0,1.0,1.0,1.0,1.0,1.0,41930628.0,3930890.0499999993,198453000000.0,253.54870000000003,19360.0,514.0,606208.0,164824688395451.38,82.3111,1.0070314,107.6,89395.2
1024000.0,64000.0,256.0,64.0,3.0,16.0,36.0,24.0,6.0,4.0,1.0,2.0,3.0,1.0,2.0,1.0,5.0,4.0,1.0,2.0,6.0,2.0,4.0,4.0,1.0,2.0,5.0,5.0,5.0,4.0,1.0,1.0,16.0,16.0,1.0,4.0,256.0,1.0,1.0,1.0,1.0,1.0,1.0,1.0,1.0,2.0,1.0,5.0,2.0,1.0,4.0,2.0,4.0,3.0,2.0,5.0,4.0,1.0,3.0,5.0,3.0,2.0,4.0,4.0,1.0,128.0,32.0,1.0,2.0,8.0,1.0,1.0,1.0,1.0,6.0,1.0,5.0,4.0,2.0,2.0,3.0,5.0,4.0,1.0,1.0,5.0,2.0,3.0,2.0,1.0,3.0,4.0,16.0,16.0,1.0,16.0,128.0,1.0,2.0,64.0,1.0,1.0,1.0,1.0,3.0,2.0,3.0,4.0,4.0,3.0,4.0,5.0,4.0,6.0,1.0,2.0,2.0,4.0,5.0,4.0,6.0,6.0,4.0,4.0,1.0,2.0,1.0,1.0,1.0,1.0,1.0,1.0,1.0,1.0,6.0,3.0,4.0,3.0,6.0,6.0,6.0,1.0,4.0,5.0,3.0,5.0,5.0,6.0,3.0,4.0,3.0,6.0,2.0,128.0,1.0,128.0,32.0,1.0,1.0,1.0,1.0,1.0,1.0,1.0,5.0,3.0,3.0,2.0,5.0,5.0,2.0,1.0,4.0,3.0,5.0,6.0,6.0,6.0,5.0,1.0,6.0,6.0,64.0,1.0,1.0,64.0,64.0,1.0,1.0,1.0,1.0,1.0,1.0,1.0,109794126.0,3931475.96,102705000000.0,147.58545,13824.0,514.0,409600.0,431652966918210.94,80.0,1.1809326,107.6,83187.2
1024.0,256000.0,256.0,64.0,3.0,48.0,18.0,34.0,4.0,6.0,5.0,6.0,6.0,2.0,5.0,4.0,6.0,3.0,5.0,5.0,1.0,5.0,2.0,1.0,4.0,2.0,4.0,3.0,4.0,6.0,3.0,4.0,128.0,512.0,1.0,1.0,16.0,1.0,1.0,1.0,1.0,1.0,1.0,1.0,3.0,3.0,1.0,5.0,4.0,3.0,2.0,6.0,3.0,2.0,6.0,2.0,3.0,5.0,5.0,3.0,3.0,6.0,4.0,4.0,1.0,64.0,128.0,1.0,8.0,128.0,1.0,1.0,1.0,1.0,4.0,1.0,6.0,1.0,6.0,3.0,3.0,6.0,5.0,5.0,5.0,3.0,2.0,2.0,6.0,2.0,1.0,5.0,2.0,8.0,1.0,64.0,8.0,1.0,32.0,16.0,1.0,1.0,1.0,1.0,4.0,4.0,3.0,5.0,4.0,2.0,4.0,5.0,2.0,5.0,1.0,1.0,1.0,5.0,1.0,3.0,4.0,6.0,4.0,512.0,1.0,16.0,128.0,1.0,1.0,1.0,1.0,1.0,1.0,1.0,1.0,5.0,2.0,6.0,4.0,5.0,3.0,1.0,2.0,4.0,3.0,3.0,4.0,2.0,4.0,2.0,1.0,3.0,8.0,128.0,1.0,1.0,2.0,1.0,1.0,1.0,1.0,1.0,1.0,1.0,4.0,3.0,2.0,3.0,2.0,3.0,3.0,4.0,2.0,6.0,2.0,6.0,3.0,4.0,4.0,1.0,3.0,4.0,128.0,512.0,1.0,1.0,64.0,1.0,1.0,1.0,1.0,1.0,1.0,1.0,256564950.0,4025405.9599999995,451064000000.0,513.6877000000001,29376.0,514.0,1114112.0,1032778078857101.9,6.5272749999999995,0.13522725,107.6,152576.0
2048000.0,256000.0,256.0,64.0,1.0,16.0,2.0,20.0,4.0,1.0,1.0,6.0,1.0,5.0,6.0,2.0,6.0,2.0,3.0,5.0,2.0,2.0,3.0,2.0,3.0,2.0,2.0,5.0,6.0,6.0,6.0,3.0,64.0,32.0,1.0,1.0,4.0,1.0,1.0,1.0,1.0,1.0,1.0,1.0,6.0,4.0,4.0,6.0,6.0,6.0,1.0,6.0,3.0,4.0,6.0,1.0,1.0,4.0,4.0,2.0,2.0,2.0,2.0,16.0,1.0,1.0,128.0,1.0,1.0,64.0,1.0,1.0,1.0,1.0,4.0,2.0,6.0,5.0,3.0,1.0,1.0,1.0,2.0,4.0,3.0,2.0,3.0,1.0,3.0,5.0,1.0,5.0,32.0,64.0,1.0,1.0,32.0,1.0,64.0,32.0,1.0,1.0,1.0,1.0,2.0,2.0,4.0,3.0,5.0,4.0,2.0,2.0,1.0,3.0,5.0,4.0,1.0,1.0,5.0,4.0,2.0,3.0,1.0,8.0,1.0,4.0,64.0,1.0,1.0,1.0,1.0,1.0,1.0,1.0,3.0,6.0,3.0,6.0,1.0,1.0,5.0,3.0,1.0,1.0,4.0,1.0,1.0,3.0,3.0,4.0,6.0,3.0,128.0,128.0,1.0,128.0,4.0,1.0,1.0,1.0,1.0,1.0,1.0,1.0,2.0,5.0,3.0,1.0,2.0,3.0,6.0,1.0,4.0,2.0,6.0,2.0,6.0,6.0,1.0,4.0,5.0,6.0,512.0,8.0,1.0,8.0,64.0,1.0,1.0,1.0,1.0,1.0,1.0,1.0,2516582520.0,22124478.000000004,8639980.0,0.09855491999999999,20.0,514.0,514.0,5.567807459892457e+16,1.0,1.3945809999999998,107.6,107.6
1024.0,256000.0,256.0,64.0,3.0,48.0,2.0,18.0,1.0,4.0,4.0,1.0,3.0,6.0,5.0,2.0,1.0,6.0,5.0,2.0,6.0,2.0,5.0,3.0,1.0,3.0,6.0,4.0,1.0,3.0,3.0,4.0,8.0,16.0,1.0,16.0,768.0,1.0,1.0,1.0,1.0,1.0,1.0,1.0,6.0,2.0,4.0,5.0,1.0,3.0,6.0,4.0,1.0,3.0,3.0,2.0,3.0,3.0,6.0,4.0,1.0,3.0,1.0,16.0,1.0,8.0,128.0,1.0,32.0,4.0,1.0,1.0,1.0,1.0,1.0,3.0,5.0,4.0,4.0,6.0,2.0,1.0,4.0,1.0,2.0,4.0,3.0,2.0,1.0,2.0,1.0,6.0,4.0,16.0,1.0,128.0,16.0,1.0,2.0,2.0,1.0,1.0,1.0,1.0,2.0,2.0,2.0,1.0,3.0,3.0,1.0,3.0,5.0,3.0,4.0,1.0,4.0,5.0,6.0,5.0,4.0,2.0,32.0,256.0,1.0,16.0,64.0,1.0,1.0,1.0,1.0,1.0,1.0,1.0,3.0,2.0,6.0,3.0,3.0,5.0,1.0,2.0,2.0,5.0,2.0,2.0,1.0,3.0,6.0,5.0,5.0,2.0,4.0,256.0,1.0,64.0,64.0,1.0,1.0,1.0,1.0,1.0,1.0,1.0,1.0,4.0,5.0,2.0,2.0,6.0,5.0,3.0,5.0,5.0,5.0,3.0,4.0,6.0,5.0,6.0,5.0,5.0,512.0,32.0,1.0,128.0,256.0,1.0,1.0,1.0,1.0,1.0,1.0,1.0,1630543968.0,4209811.32,2187100000.0,9.442201,1728.0,514.0,458752.0,6864282454244118.0,5.15,0.8390635000000002,107.6,52864.0
128.0,64000.0,256.0,64.0,3.0,44.0,32.0,18.0,3.0,1.0,5.0,6.0,5.0,5.0,2.0,2.0,2.0,6.0,2.0,2.0,6.0,6.0,3.0,3.0,3.0,6.0,3.0,1.0,6.0,1.0,5.0,5.0,4.0,512.0,1.0,24.0,1.0,1.0,1.0,1.0,1.0,1.0,1.0,1.0,1.0,4.0,5.0,1.0,4.0,5.0,3.0,6.0,3.0,3.0,5.0,3.0,2.0,3.0,1.0,1.0,4.0,2.0,32.0,64.0,1.0,2.0,64.0,1.0,32.0,1.0,1.0,1.0,1.0,1.0,1.0,5.0,6.0,5.0,6.0,6.0,5.0,3.0,4.0,4.0,5.0,1.0,6.0,1.0,6.0,3.0,3.0,5.0,64.0,2.0,1.0,8.0,128.0,1.0,32.0,2.0,1.0,1.0,1.0,1.0,6.0,4.0,2.0,6.0,1.0,5.0,4.0,4.0,1.0,5.0,5.0,4.0,3.0,1.0,1.0,2.0,1.0,2.0,256.0,16.0,1.0,128.0,128.0,1.0,1.0,1.0,1.0,1.0,1.0,1.0,2.0,6.0,6.0,3.0,2.0,2.0,3.0,1.0,3.0,2.0,3.0,2.0,6.0,3.0,5.0,2.0,2.0,4.0,64.0,512.0,1.0,8.0,8.0,1.0,1.0,1.0,1.0,1.0,1.0,1.0,6.0,1.0,6.0,5.0,5.0,6.0,4.0,1.0,6.0,4.0,5.0,4.0,2.0,6.0,6.0,1.0,5.0,2.0,128.0,2.0,1.0,8.0,128.0,1.0,1.0,1.0,1.0,1.0,1.0,1.0,2422412352.0,3946155.12,337078000000.0,398.11745,25344.0,514.0,163840.0,9559214905596042.0,19.4,0.2001953125,107.6,46284.8
1024.0,64000.0,256.0,64.0,3.0,34.0,40.0,34.0,5.0,3.0,1.0,6.0,3.0,5.0,2.0,5.0,5.0,1.0,3.0,2.0,4.0,2.0,2.0,6.0,2.0,4.0,5.0,6.0,4.0,2.0,1.0,6.0,4.0,4.0,1.0,12.0,8.0,1.0,1.0,1.0,1.0,1.0,1.0,1.0,2.0,4.0,4.0,6.0,2.0,2.0,5.0,5.0,6.0,6.0,5.0,4.0,4.0,4.0,4.0,2.0,2.0,6.0,32.0,64.0,1.0,8.0,8.0,1.0,64.0,4.0,1.0,1.0,1.0,1.0,1.0,4.0,4.0,3.0,5.0,3.0,3.0,6.0,4.0,2.0,3.0,1.0,2.0,5.0,1.0,3.0,3.0,6.0,1.0,1.0,1.0,16.0,8.0,1.0,64.0,8.0,1.0,1.0,1.0,1.0,3.0,5.0,3.0,2.0,4.0,3.0,4.0,5.0,3.0,1.0,2.0,2.0,3.0,4.0,1.0,6.0,4.0,3.0,2.0,16.0,1.0,16.0,512.0,1.0,1.0,1.0,1.0,1.0,1.0,1.0,6.0,1.0,1.0,2.0,5.0,6.0,3.0,3.0,1.0,1.0,1.0,5.0,3.0,4.0,1.0,2.0,5.0,2.0,128.0,8.0,1.0,4.0,16.0,1.0,1.0,1.0,1.0,1.0,1.0,1.0,1.0,5.0,5.0,6.0,3.0,5.0,6.0,5.0,2.0,4.0,2.0,2.0,3.0,1.0,1.0,2.0,3.0,6.0,64.0,16.0,1.0,128.0,32.0,1.0,1.0,1.0,1.0,1.0,1.0,1.0,957916290.0,5171284.18,1107390000000.0,1149.4585,46240.0,514.0,151552.0,4953657356241292.0,2.65,0.47439584999999995,107.6,18091.2
1024000.0,16000000.0,256.0,64.0,2.0,22.0,38.0,6.0,6.0,5.0,3.0,3.0,3.0,6.0,3.0,3.0,3.0,5.0,3.0,5.0,3.0,2.0,2.0,1.0,2.0,1.0,1.0,2.0,1.0,1.0,6.0,3.0,16.0,16.0,1.0,1536.0,96.0,1.0,1.0,1.0,1.0,1.0,1.0,1.0,4.0,4.0,1.0,1.0,6.0,1.0,5.0,6.0,2.0,4.0,1.0,4.0,6.0,2.0,5.0,4.0,3.0,1.0,2.0,64.0,1.0,32.0,64.0,1.0,16.0,8.0,1.0,1.0,1.0,1.0,5.0,5.0,4.0,1.0,5.0,1.0,6.0,4.0,1.0,6.0,2.0,3.0,5.0,2.0,2.0,3.0,1.0,3.0,64.0,128.0,1.0,4.0,4.0,1.0,32.0,16.0,1.0,1.0,1.0,1.0,1.0,1.0,1.0,2.0,6.0,2.0,6.0,6.0,5.0,3.0,3.0,3.0,6.0,6.0,2.0,1.0,2.0,3.0,4.0,64.0,1.0,512.0,8.0,1.0,1.0,1.0,1.0,1.0,1.0,1.0,1.0,2.0,4.0,6.0,2.0,4.0,2.0,1.0,1.0,6.0,5.0,4.0,1.0,2.0,3.0,6.0,5.0,2.0,32.0,16.0,1.0,1024.0,8.0,1.0,1.0,1.0,1.0,1.0,1.0,1.0,5.0,1.0,6.0,6.0,1.0,4.0,2.0,1.0,3.0,6.0,4.0,6.0,2.0,3.0,3.0,2.0,2.0,5.0,8.0,1.0,1.0,8.0,256.0,1.0,1.0,1.0,1.0,1.0,1.0,1.0,98343012.0,4054997.400000001,114956000.0,1.1698935,228.0,514.0,253952.0,398780657968168.9,20.296295,0.7048083500000001,107.6,26904.0
128.0,32000000.0,256.0,64.0,3.0,2.0,6.0,8.0,2.0,3.0,4.0,1.0,5.0,3.0,1.0,5.0,6.0,2.0,4.0,5.0,4.0,2.0,4.0,2.0,5.0,3.0,5.0,6.0,5.0,3.0,1.0,4.0,16.0,256.0,1.0,1536.0,256.0,1.0,1.0,1.0,1.0,1.0,1.0,1.0,3.0,5.0,5.0,3.0,6.0,3.0,4.0,4.0,2.0,2.0,5.0,6.0,6.0,1.0,6.0,4.0,6.0,5.0,64.0,2.0,1.0,64.0,8.0,1.0,128.0,2.0,1.0,1.0,1.0,1.0,1.0,2.0,2.0,5.0,5.0,6.0,5.0,6.0,1.0,2.0,2.0,3.0,1.0,3.0,5.0,2.0,6.0,2.0,64.0,32.0,1.0,32.0,4.0,1.0,32.0,2.0,1.0,1.0,1.0,1.0,5.0,2.0,4.0,6.0,2.0,3.0,3.0,2.0,4.0,1.0,6.0,1.0,5.0,6.0,3.0,1.0,1.0,1.0,16.0,2.0,1.0,8.0,1.0,1.0,1.0,1.0,1.0,1.0,1.0,1.0,3.0,2.0,6.0,3.0,1.0,6.0,2.0,5.0,5.0,1.0,1.0,6.0,6.0,6.0,6.0,3.0,4.0,4.0,16.0,256.0,1.0,1.0,128.0,1.0,1.0,1.0,1.0,1.0,1.0,1.0,6.0,5.0,5.0,4.0,6.0,6.0,1.0,2.0,5.0,6.0,4.0,5.0,1.0,1.0,2.0,6.0,5.0,4.0,1024.0,2.0,1.0,8.0,4.0,1.0,1.0,1.0,1.0,1.0,1.0,1.0,1289219766.0,3986248.579999999,42493500.0,0.8145899000000001,96.0,514.0,1245184.0,5139150461525431.0,27.851519999999997,0.27890625,107.6,105280.0
2048000.0,16000000.0,256.0,64.0,2.0,6.0,16.0,34.0,4.0,1.0,5.0,5.0,1.0,3.0,6.0,5.0,6.0,3.0,6.0,2.0,2.0,1.0,2.0,1.0,1.0,5.0,6.0,4.0,2.0,4.0,5.0,1.0,2.0,8.0,1.0,192.0,96.0,1.0,1.0,1.0,1.0,1.0,1.0,1.0,1.0,4.0,3.0,4.0,1.0,1.0,5.0,4.0,3.0,4.0,4.0,4.0,3.0,6.0,6.0,2.0,6.0,1.0,8.0,2.0,1.0,1.0,128.0,1.0,2.0,128.0,1.0,1.0,1.0,1.0,6.0,1.0,6.0,1.0,3.0,4.0,3.0,4.0,3.0,1.0,6.0,1.0,3.0,3.0,1.0,2.0,4.0,4.0,8.0,128.0,1.0,16.0,4.0,1.0,2.0,4.0,1.0,1.0,1.0,1.0,3.0,3.0,3.0,3.0,5.0,5.0,2.0,1.0,3.0,1.0,3.0,6.0,4.0,5.0,4.0,2.0,2.0,2.0,64.0,2.0,1.0,2.0,4.0,1.0,1.0,1.0,1.0,1.0,1.0,1.0,5.0,6.0,6.0,2.0,1.0,3.0,4.0,3.0,6.0,6.0,2.0,2.0,2.0,5.0,3.0,1.0,3.0,6.0,128.0,512.0,1.0,64.0,8.0,1.0,1.0,1.0,1.0,1.0,1.0,1.0,5.0,1.0,2.0,1.0,1.0,4.0,2.0,4.0,5.0,6.0,4.0,5.0,3.0,4.0,4.0,2.0,4.0,5.0,128.0,1024.0,1.0,256.0,4.0,1.0,1.0,1.0,1.0,1.0,1.0,1.0,2423483340.0,6896507.739999998,360794000.0,2.65534,544.0,514.0,36864.0,1.6713571612071048e+16,13.0,6.190449068999999,107.6,5320.4
2048000.0,2048000.0,256.0,64.0,3.0,42.0,22.0,2.0,1.0,3.0,5.0,4.0,2.0,2.0,5.0,1.0,2.0,1.0,5.0,1.0,4.0,4.0,2.0,1.0,1.0,2.0,4.0,1.0,4.0,2.0,3.0,2.0,512.0,128.0,1.0,3.0,8.0,1.0,1.0,1.0,1.0,1.0,1.0,1.0,6.0,1.0,2.0,3.0,6.0,6.0,3.0,4.0,5.0,3.0,1.0,3.0,5.0,6.0,2.0,1.0,1.0,6.0,64.0,64.0,1.0,8.0,16.0,1.0,16.0,4.0,1.0,1.0,1.0,1.0,3.0,5.0,1.0,3.0,3.0,1.0,2.0,1.0,3.0,1.0,3.0,5.0,2.0,3.0,6.0,5.0,5.0,2.0,128.0,64.0,1.0,8.0,32.0,1.0,1.0,32.0,1.0,1.0,1.0,1.0,3.0,5.0,5.0,4.0,2.0,2.0,3.0,3.0,6.0,4.0,1.0,4.0,6.0,5.0,2.0,6.0,6.0,1.0,1.0,4.0,1.0,512.0,16.0,1.0,1.0,1.0,1.0,1.0,1.0,1.0,1.0,2.0,1.0,1.0,6.0,6.0,3.0,2.0,3.0,4.0,5.0,6.0,4.0,4.0,4.0,3.0,5.0,6.0,128.0,8.0,1.0,2048.0,1024.0,1.0,1.0,1.0,1.0,1.0,1.0,1.0,5.0,6.0,4.0,3.0,4.0,5.0,1.0,2.0,5.0,1.0,4.0,1.0,6.0,5.0,4.0,3.0,2.0,2.0,1024.0,1024.0,1.0,8.0,8.0,1.0,1.0,1.0,1.0,1.0,1.0,1.0,1299864252.0,4376616.100000001,2452000000.0,10.353066,1848.0,514.0,1081344.0,5689006813117658.0,8.383333499999999,0.131380235,107.6,102451.2
8192.0,32000.0,256.0,64.0,1.0,46.0,48.0,40.0,6.0,5.0,1.0,2.0,6.0,3.0,6.0,1.0,4.0,6.0,5.0,6.0,6.0,5.0,6.0,1.0,2.0,1.0,2.0,3.0,5.0,1.0,2.0,3.0,512.0,128.0,1.0,256.0,768.0,1.0,1.0,1.0,1.0,1.0,1.0,1.0,4.0,5.0,2.0,2.0,1.0,5.0,2.0,3.0,3.0,2.0,1.0,2.0,5.0,2.0,3.0,1.0,2.0,2.0,8.0,16.0,1.0,64.0,2.0,1.0,32.0,16.0,1.0,1.0,1.0,1.0,4.0,1.0,2.0,4.0,6.0,1.0,3.0,5.0,2.0,2.0,1.0,1.0,3.0,1.0,1.0,6.0,6.0,2.0,32.0,2.0,1.0,2.0,64.0,1.0,1.0,16.0,1.0,1.0,1.0,1.0,4.0,2.0,4.0,1.0,1.0,3.0,4.0,5.0,2.0,6.0,3.0,1.0,3.0,6.0,2.0,2.0,1.0,1.0,2.0,256.0,1.0,4.0,32.0,1.0,1.0,1.0,1.0,1.0,1.0,1.0,5.0,6.0,3.0,1.0,3.0,4.0,6.0,2.0,3.0,4.0,1.0,3.0,5.0,4.0,6.0,3.0,1.0,2.0,256.0,64.0,1.0,32.0,128.0,1.0,1.0,1.0,1.0,1.0,1.0,1.0,3.0,3.0,5.0,2.0,1.0,6.0,4.0,6.0,5.0,1.0,2.0,3.0,4.0,6.0,6.0,6.0,4.0,4.0,16.0,64.0,1.0,512.0,8.0,1.0,1.0,1.0,1.0,1.0,1.0,1.0,64488024.0,11976041.760000002,16945000.0,0.1982834,40.0,514.0,10576.0,772311268443882.4,33.47691999999999,31.267383,107.6,2244.8
256.0,128000.0,256.0,64.0,3.0,18.0,2.0,10.0,2.0,3.0,3.0,2.0,3.0,3.0,6.0,3.0,1.0,3.0,3.0,3.0,6.0,4.0,4.0,4.0,2.0,6.0,4.0,4.0,6.0,3.0,3.0,2.0,1.0,64.0,1.0,3.0,192.0,1.0,1.0,1.0,1.0,1.0,1.0,1.0,2.0,6.0,6.0,2.0,1.0,4.0,2.0,2.0,6.0,2.0,3.0,3.0,2.0,2.0,2.0,5.0,5.0,2.0,2.0,4.0,1.0,8.0,32.0,1.0,1.0,32.0,1.0,1.0,1.0,1.0,1.0,2.0,4.0,1.0,5.0,5.0,5.0,4.0,6.0,3.0,3.0,1.0,1.0,2.0,3.0,4.0,2.0,3.0,32.0,16.0,1.0,64.0,2.0,1.0,8.0,32.0,1.0,1.0,1.0,1.0,4.0,6.0,2.0,2.0,6.0,5.0,1.0,3.0,6.0,6.0,4.0,2.0,5.0,2.0,1.0,6.0,2.0,3.0,512.0,2.0,1.0,2.0,128.0,1.0,1.0,1.0,1.0,1.0,1.0,1.0,2.0,6.0,4.0,6.0,2.0,4.0,2.0,6.0,6.0,5.0,6.0,5.0,2.0,3.0,6.0,6.0,6.0,1.0,32.0,128.0,1.0,256.0,1024.0,1.0,1.0,1.0,1.0,1.0,1.0,1.0,4.0,2.0,5.0,4.0,2.0,3.0,4.0,6.0,2.0,1.0,1.0,1.0,5.0,2.0,6.0,4.0,1.0,2.0,16.0,16.0,1.0,32.0,32.0,1.0,1.0,1.0,1.0,1.0,1.0,1.0,598457532.0,4192273.3400000003,205338000.0,2.1402105000000007,360.0,514.0,819200.0,2508897556525797.0,6.3,0.6027324000000001,107.6,122368.0
256.0,64000.0,256.0,64.0,2.0,26.0,28.0,18.0,1.0,2.0,5.0,3.0,6.0,2.0,4.0,3.0,6.0,5.0,3.0,5.0,2.0,2.0,6.0,6.0,4.0,1.0,4.0,5.0,2.0,5.0,2.0,6.0,512.0,4.0,1.0,384.0,192.0,1.0,1.0,1.0,1.0,1.0,1.0,1.0,3.0,2.0,4.0,3.0,3.0,4.0,4.0,6.0,2.0,5.0,6.0,4.0,6.0,3.0,4.0,5.0,4.0,2.0,16.0,4.0,1.0,1.0,128.0,1.0,1.0,4.0,1.0,1.0,1.0,1.0,5.0,3.0,3.0,2.0,3.0,3.0,5.0,4.0,2.0,2.0,2.0,3.0,1.0,3.0,6.0,2.0,4.0,3.0,2.0,32.0,1.0,64.0,32.0,1.0,4.0,4.0,1.0,1.0,1.0,1.0,4.0,4.0,3.0,1.0,2.0,6.0,6.0,1.0,2.0,4.0,2.0,4.0,3.0,4.0,1.0,1.0,2.0,5.0,1.0,1.0,1.0,4.0,64.0,1.0,1.0,1.0,1.0,1.0,1.0,1.0,1.0,4.0,1.0,5.0,2.0,1.0,1.0,6.0,3.0,3.0,2.0,5.0,5.0,6.0,3.0,2.0,2.0,6.0,64.0,256.0,1.0,512.0,32.0,1.0,1.0,1.0,1.0,1.0,1.0,1.0,1.0,4.0,6.0,5.0,4.0,6.0,1.0,2.0,4.0,5.0,2.0,3.0,2.0,6.0,1.0,4.0,6.0,5.0,8.0,2048.0,1.0,16.0,2.0,1.0,1.0,1.0,1.0,1.0,1.0,1.0,2492409234.0,8225043.780000001,324048000.0,2.4498035000000002,504.0,514.0,51712.0,2.0500175067326268e+16,2.2,1.198815405,107.6,4380.4
1024.0,32000000.0,256.0,64.0,3.0,10.0,30.0,20.0,5.0,3.0,2.0,5.0,3.0,5.0,6.0,1.0,2.0,4.0,4.0,6.0,3.0,5.0,1.0,3.0,4.0,1.0,4.0,5.0,3.0,1.0,3.0,1.0,512.0,64.0,1.0,512.0,384.0,1.0,1.0,1.0,1.0,1.0,1.0,1.0,3.0,2.0,5.0,3.0,5.0,6.0,2.0,2.0,6.0,1.0,3.0,3.0,6.0,4.0,2.0,1.0,1.0,5.0,4.0,32.0,1.0,1.0,1.0,1.0,64.0,1.0,1.0,1.0,1.0,1.0,2.0,2.0,5.0,6.0,2.0,4.0,1.0,4.0,1.0,1.0,4.0,2.0,1.0,3.0,2.0,6.0,6.0,2.0,64.0,2.0,1.0,2.0,8.0,1.0,4.0,1.0,1.0,1.0,1.0,1.0,1.0,1.0,3.0,1.0,1.0,1.0,2.0,6.0,4.0,4.0,1.0,1.0,5.0,2.0,5.0,4.0,5.0,1.0,2.0,2.0,1.0,256.0,16.0,1.0,1.0,1.0,1.0,1.0,1.0,1.0,2.0,5.0,5.0,1.0,3.0,3.0,5.0,1.0,5.0,1.0,1.0,2.0,5.0,3.0,5.0,2.0,4.0,6.0,16.0,32.0,1.0,8.0,1.0,1.0,1.0,1.0,1.0,1.0,1.0,1.0,1.0,4.0,2.0,2.0,1.0,2.0,1.0,3.0,4.0,6.0,3.0,3.0,2.0,4.0,2.0,5.0,3.0,3.0,2048.0,1024.0,1.0,1.0,4.0,1.0,1.0,1.0,1.0,1.0,1.0,1.0,1593839568.0,4189353.9600000004,20654400000.0,43.641949999999994,6000.0,514.0,786432.0,6677158105805490.0,2.5923075,0.20230631999999998,107.6,79539.2
16000.0,16000000.0,256.0,64.0,1.0,26.0,46.0,36.0,3.0,5.0,6.0,3.0,3.0,6.0,1.0,5.0,1.0,6.0,3.0,2.0,6.0,3.0,4.0,3.0,4.0,3.0,3.0,4.0,4.0,6.0,5.0,6.0,4.0,256.0,1.0,96.0,6.0,1.0,1.0,1.0,1.0,1.0,1.0,1.0,1.0,3.0,2.0,4.0,1.0,4.0,3.0,5.0,5.0,5.0,3.0,2.0,1.0,3.0,6.0,3.0,3.0,6.0,32.0,4.0,1.0,64.0,1.0,1.0,128.0,16.0,1.0,1.0,1.0,1.0,3.0,2.0,2.0,3.0,3.0,1.0,1.0,6.0,4.0,3.0,2.0,2.0,3.0,6.0,5.0,6.0,2.0,2.0,1.0,2.0,1.0,64.0,4.0,1.0,4.0,16.0,1.0,1.0,1.0,1.0,3.0,3.0,3.0,6.0,4.0,3.0,1.0,2.0,5.0,4.0,4.0,2.0,5.0,1.0,5.0,3.0,4.0,3.0,128.0,32.0,1.0,256.0,64.0,1.0,1.0,1.0,1.0,1.0,1.0,1.0,1.0,5.0,1.0,4.0,3.0,3.0,1.0,1.0,3.0,1.0,2.0,2.0,5.0,5.0,3.0,2.0,4.0,4.0,256.0,8.0,1.0,2048.0,8.0,1.0,1.0,1.0,1.0,1.0,1.0,1.0,5.0,1.0,4.0,5.0,2.0,3.0,6.0,2.0,5.0,4.0,6.0,4.0,4.0,2.0,5.0,6.0,5.0,4.0,8.0,32.0,1.0,32.0,1.0,1.0,1.0,1.0,1.0,1.0,1.0,1.0,2419064952.0,18154284.0,15250600.0,0.17276979999999997,36.0,514.0,514.0,4.391639215305437e+16,25.8,26.591030999999997,107.6,219.6
512.0,128000.0,256.0,64.0,1.0,42.0,44.0,26.0,2.0,6.0,2.0,5.0,5.0,5.0,5.0,6.0,4.0,4.0,4.0,2.0,3.0,6.0,5.0,1.0,5.0,3.0,6.0,1.0,4.0,4.0,5.0,1.0,2.0,1.0,1.0,48.0,3.0,1.0,1.0,1.0,1.0,1.0,1.0,1.0,6.0,1.0,5.0,1.0,4.0,4.0,3.0,5.0,5.0,2.0,2.0,4.0,3.0,2.0,6.0,1.0,2.0,6.0,16.0,1.0,1.0,4.0,64.0,1.0,16.0,128.0,1.0,1.0,1.0,1.0,3.0,2.0,6.0,6.0,4.0,4.0,5.0,3.0,6.0,6.0,3.0,3.0,1.0,1.0,4.0,3.0,6.0,6.0,32.0,128.0,1.0,8.0,128.0,1.0,4.0,8.0,1.0,1.0,1.0,1.0,1.0,5.0,5.0,5.0,1.0,1.0,5.0,5.0,4.0,2.0,4.0,3.0,2.0,4.0,4.0,4.0,3.0,6.0,512.0,8.0,1.0,64.0,32.0,1.0,1.0,1.0,1.0,1.0,1.0,1.0,2.0,3.0,2.0,4.0,1.0,4.0,1.0,4.0,4.0,3.0,1.0,3.0,6.0,3.0,4.0,2.0,2.0,5.0,64.0,64.0,1.0,2048.0,64.0,1.0,1.0,1.0,1.0,1.0,1.0,1.0,2.0,1.0,4.0,6.0,1.0,5.0,2.0,1.0,4.0,5.0,6.0,1.0,6.0,5.0,5.0,2.0,6.0,5.0,32.0,128.0,1.0,1.0,16.0,1.0,1.0,1.0,1.0,1.0,1.0,1.0,97910904.0,15370394.4,11089000.0,0.13085939999999996,26.0,514.0,6964.0,1504929210540537.8,25.616205000000004,25.774364999999996,107.6,1477.6
256.0,1024000.0,256.0,64.0,1.0,38.0,10.0,10.0,6.0,2.0,6.0,4.0,5.0,5.0,4.0,5.0,4.0,3.0,3.0,5.0,4.0,3.0,1.0,5.0,4.0,3.0,6.0,3.0,1.0,1.0,5.0,6.0,1.0,1.0,1.0,384.0,1536.0,1.0,1.0,1.0,1.0,1.0,1.0,1.0,4.0,3.0,3.0,3.0,4.0,6.0,4.0,1.0,6.0,3.0,3.0,6.0,4.0,2.0,6.0,4.0,6.0,4.0,2.0,1.0,1.0,4.0,2.0,1.0,64.0,1.0,1.0,1.0,1.0,1.0,5.0,1.0,6.0,6.0,4.0,5.0,3.0,5.0,3.0,1.0,6.0,4.0,2.0,3.0,6.0,4.0,1.0,3.0,2.0,2.0,1.0,16.0,4.0,1.0,64.0,64.0,1.0,1.0,1.0,1.0,1.0,1.0,2.0,3.0,4.0,4.0,6.0,4.0,4.0,4.0,2.0,2.0,6.0,3.0,5.0,4.0,2.0,5.0,8.0,8.0,1.0,64.0,2.0,1.0,1.0,1.0,1.0,1.0,1.0,1.0,1.0,6.0,1.0,3.0,2.0,4.0,3.0,2.0,4.0,4.0,4.0,2.0,3.0,1.0,4.0,6.0,2.0,5.0,4.0,16.0,1.0,2048.0,512.0,1.0,1.0,1.0,1.0,1.0,1.0,1.0,6.0,4.0,1.0,3.0,4.0,4.0,1.0,3.0,4.0,2.0,3.0,6.0,4.0,1.0,2.0,1.0,1.0,4.0,32.0,256.0,1.0,8.0,8.0,1.0,1.0,1.0,1.0,1.0,1.0,1.0,254804208.0,5870028.0,4641100.0,0.054293460000000016,10.0,514.0,2836.0,1495707835477824.0,9.5720385,11.452826,107.6,600.8
512000.0,32000000.0,256.0,64.0,3.0,22.0,10.0,42.0,2.0,1.0,2.0,5.0,4.0,6.0,1.0,3.0,6.0,6.0,6.0,1.0,3.0,1.0,3.0,5.0,3.0,1.0,4.0,2.0,4.0,2.0,1.0,5.0,4.0,128.0,1.0,48.0,64.0,1.0,1.0,1.0,1.0,1.0,1.0,1.0,6.0,3.0,1.0,3.0,5.0,1.0,6.0,5.0,1.0,6.0,6.0,1.0,2.0,2.0,5.0,2.0,6.0,3.0,4.0,16.0,1.0,1.0,2.0,1.0,16.0,64.0,1.0,1.0,1.0,1.0,3.0,2.0,5.0,1.0,2.0,5.0,6.0,4.0,6.0,3.0,5.0,6.0,6.0,1.0,6.0,4.0,3.0,3.0,64.0,8.0,1.0,1.0,64.0,1.0,2.0,8.0,1.0,1.0,1.0,1.0,1.0,6.0,3.0,5.0,1.0,5.0,2.0,3.0,5.0,3.0,6.0,3.0,4.0,5.0,4.0,3.0,4.0,4.0,16.0,128.0,1.0,64.0,128.0,1.0,1.0,1.0,1.0,1.0,1.0,1.0,4.0,6.0,3.0,5.0,1.0,5.0,4.0,6.0,2.0,2.0,1.0,5.0,6.0,6.0,2.0,4.0,3.0,1.0,256.0,32.0,1.0,128.0,256.0,1.0,1.0,1.0,1.0,1.0,1.0,1.0,1.0,4.0,6.0,2.0,3.0,1.0,6.0,2.0,5.0,2.0,4.0,2.0,4.0,2.0,6.0,2.0,4.0,2.0,1024.0,256.0,1.0,4.0,256.0,1.0,1.0,1.0,1.0,1.0,1.0,1.0,2520609840.0,4076252.66,47063700000.0,80.13704999999999,9240.0,514.0,851968.0,1.0274642565122174e+16,1.0,0.10989603500000002,107.6,68940.8
1024.0,4096000.0,256.0,64.0,3.0,48.0,48.0,22.0,2.0,2.0,1.0,6.0,5.0,1.0,5.0,2.0,5.0,2.0,3.0,4.0,6.0,2.0,4.0,5.0,4.0,6.0,3.0,2.0,6.0,6.0,3.0,6.0,512.0,256.0,1.0,48.0,24.0,1.0,1.0,1.0,1.0,1.0,1.0,1.0,3.0,4.0,1.0,4.0,6.0,4.0,1.0,3.0,1.0,2.0,4.0,1.0,6.0,3.0,6.0,2.0,2.0,5.0,2.0,2.0,1.0,4.0,16.0,1.0,64.0,1.0,1.0,1.0,1.0,1.0,6.0,3.0,2.0,4.0,5.0,2.0,3.0,2.0,6.0,3.0,3.0,6.0,6.0,2.0,2.0,6.0,1.0,6.0,8.0,32.0,1.0,2.0,128.0,1.0,32.0,32.0,1.0,1.0,1.0,1.0,2.0,2.0,1.0,4.0,4.0,3.0,2.0,4.0,5.0,1.0,2.0,6.0,4.0,4.0,2.0,4.0,5.0,6.0,32.0,2.0,1.0,16.0,4.0,1.0,1.0,1.0,1.0,1.0,1.0,1.0,6.0,3.0,4.0,5.0,3.0,5.0,3.0,5.0,3.0,1.0,6.0,4.0,3.0,1.0,4.0,3.0,5.0,2.0,256.0,2.0,1.0,2.0,2.0,1.0,1.0,1.0,1.0,1.0,1.0,1.0,3.0,4.0,6.0,6.0,4.0,5.0,2.0,1.0,5.0,5.0,3.0,6.0,1.0,2.0,6.0,2.0,5.0,5.0,256.0,128.0,1.0,4.0,8.0,1.0,1.0,1.0,1.0,1.0,1.0,1.0,611212248.0,4477798.280000001,1328810000000.0,1358.829,50688.0,514.0,192512.0,2736885152809334.0,6.333330000000001,0.451171895,107.6,25548.8
64000.0,8192000.0,256.0,64.0,1.0,2.0,4.0,38.0,2.0,4.0,4.0,3.0,2.0,2.0,3.0,4.0,6.0,5.0,2.0,6.0,6.0,2.0,5.0,2.0,1.0,4.0,4.0,6.0,6.0,2.0,5.0,3.0,2.0,128.0,1.0,2.0,2.0,1.0,1.0,1.0,1.0,1.0,1.0,1.0,1.0,6.0,5.0,6.0,4.0,6.0,3.0,3.0,2.0,3.0,1.0,2.0,5.0,1.0,1.0,2.0,2.0,5.0,2.0,8.0,1.0,64.0,32.0,1.0,2.0,1.0,1.0,1.0,1.0,1.0,3.0,6.0,5.0,1.0,3.0,6.0,4.0,2.0,1.0,4.0,4.0,2.0,2.0,4.0,4.0,5.0,2.0,6.0,64.0,128.0,1.0,128.0,16.0,1.0,4.0,16.0,1.0,1.0,1.0,1.0,3.0,3.0,2.0,5.0,3.0,1.0,1.0,1.0,2.0,3.0,5.0,4.0,6.0,4.0,3.0,6.0,3.0,5.0,4.0,128.0,1.0,1.0,1.0,1.0,1.0,1.0,1.0,1.0,1.0,1.0,4.0,5.0,4.0,2.0,6.0,6.0,3.0,3.0,6.0,1.0,1.0,5.0,2.0,3.0,4.0,2.0,1.0,4.0,64.0,16.0,1.0,2.0,128.0,1.0,1.0,1.0,1.0,1.0,1.0,1.0,5.0,1.0,6.0,4.0,1.0,2.0,4.0,6.0,1.0,4.0,2.0,1.0,4.0,4.0,6.0,4.0,4.0,6.0,2.0,128.0,1.0,4.0,512.0,1.0,1.0,1.0,1.0,1.0,1.0,1.0,68026488.0,15283143.840000004,16096200.0,0.18864,38.0,514.0,10060.0,1039658601034034.1,33.026604999999996,33.424285000000005,107.6,2135.2
1024.0,16000.0,256.0,64.0,2.0,10.0,22.0,26.0,2.0,3.0,2.0,6.0,3.0,3.0,5.0,6.0,4.0,2.0,2.0,2.0,1.0,4.0,1.0,3.0,2.0,1.0,6.0,1.0,5.0,2.0,6.0,5.0,1.0,512.0,1.0,96.0,12.0,1.0,1.0,1.0,1.0,1.0,1.0,1.0,6.0,5.0,4.0,4.0,4.0,3.0,4.0,4.0,6.0,4.0,3.0,5.0,1.0,3.0,1.0,2.0,5.0,5.0,2.0,2.0,1.0,1.0,2.0,1.0,64.0,4.0,1.0,1.0,1.0,1.0,1.0,1.0,1.0,2.0,4.0,5.0,6.0,3.0,4.0,5.0,3.0,5.0,5.0,3.0,5.0,2.0,2.0,6.0,128.0,32.0,1.0,8.0,4.0,1.0,2.0,4.0,1.0,1.0,1.0,1.0,5.0,4.0,2.0,1.0,6.0,5.0,1.0,3.0,2.0,6.0,3.0,2.0,1.0,3.0,3.0,1.0,2.0,2.0,8.0,16.0,1.0,32.0,128.0,1.0,1.0,1.0,1.0,1.0,1.0,1.0,1.0,3.0,5.0,4.0,1.0,1.0,2.0,1.0,4.0,6.0,4.0,5.0,5.0,4.0,6.0,2.0,2.0,3.0,256.0,2.0,1.0,2.0,1.0,1.0,1.0,1.0,1.0,1.0,1.0,1.0,4.0,3.0,2.0,6.0,4.0,3.0,1.0,1.0,1.0,6.0,3.0,3.0,4.0,6.0,3.0,3.0,6.0,2.0,2.0,8.0,1.0,128.0,16.0,1.0,1.0,1.0,1.0,1.0,1.0,1.0,991697052.0,10573874.580000002,387485000.0,2.7833870000000003,572.0,514.0,10752.0,1.048608024920374e+16,4.25,2.0741178500000004,107.6,1148.6
2048.0,32000000.0,256.0,64.0,1.0,26.0,20.0,42.0,2.0,2.0,2.0,2.0,1.0,2.0,1.0,6.0,5.0,1.0,4.0,1.0,3.0,4.0,4.0,1.0,5.0,5.0,3.0,2.0,5.0,1.0,5.0,2.0,8.0,16.0,1.0,96.0,384.0,1.0,1.0,1.0,1.0,1.0,1.0,1.0,5.0,2.0,5.0,6.0,6.0,5.0,5.0,1.0,1.0,2.0,3.0,2.0,1.0,3.0,4.0,6.0,3.0,1.0,8.0,2.0,1.0,128.0,32.0,1.0,1.0,128.0,1.0,1.0,1.0,1.0,3.0,5.0,6.0,4.0,1.0,5.0,6.0,6.0,4.0,1.0,3.0,4.0,1.0,1.0,5.0,2.0,6.0,6.0,1.0,64.0,1.0,32.0,8.0,1.0,2.0,2.0,1.0,1.0,1.0,1.0,1.0,4.0,1.0,2.0,6.0,3.0,4.0,4.0,3.0,1.0,1.0,6.0,1.0,1.0,1.0,2.0,3.0,2.0,32.0,1.0,1.0,32.0,4.0,1.0,1.0,1.0,1.0,1.0,1.0,1.0,2.0,2.0,2.0,4.0,1.0,5.0,1.0,5.0,4.0,2.0,6.0,5.0,2.0,5.0,4.0,6.0,2.0,6.0,32.0,8.0,1.0,128.0,256.0,1.0,1.0,1.0,1.0,1.0,1.0,1.0,5.0,6.0,2.0,5.0,4.0,1.0,1.0,1.0,4.0,3.0,3.0,6.0,5.0,1.0,1.0,5.0,5.0,5.0,4.0,1.0,1.0,16.0,4.0,1.0,1.0,1.0,1.0,1.0,1.0,1.0,63308400.0,8362430.4,17797900.0,0.20792899999999997,42.0,514.0,11092.0,529412088735360.0,33.597485,32.053017000000004,107.6,2354.4
2048.0,64000.0,256.0,64.0,3.0,22.0,14.0,18.0,2.0,5.0,3.0,4.0,6.0,6.0,4.0,3.0,5.0,6.0,2.0,4.0,5.0,1.0,6.0,4.0,1.0,2.0,5.0,2.0,4.0,3.0,3.0,2.0,8.0,128.0,1.0,4.0,48.0,1.0,1.0,1.0,1.0,1.0,1.0,1.0,5.0,6.0,4.0,4.0,6.0,2.0,5.0,4.0,2.0,2.0,6.0,4.0,3.0,5.0,5.0,2.0,6.0,6.0,8.0,4.0,1.0,128.0,8.0,1.0,32.0,8.0,1.0,1.0,1.0,1.0,6.0,4.0,6.0,3.0,6.0,1.0,5.0,1.0,5.0,5.0,2.0,3.0,3.0,1.0,2.0,6.0,1.0,4.0,16.0,32.0,1.0,4.0,32.0,1.0,8.0,16.0,1.0,1.0,1.0,1.0,3.0,2.0,1.0,5.0,2.0,3.0,5.0,4.0,3.0,1.0,3.0,2.0,5.0,5.0,3.0,2.0,3.0,5.0,64.0,64.0,1.0,128.0,256.0,1.0,1.0,1.0,1.0,1.0,1.0,1.0,1.0,6.0,6.0,6.0,1.0,3.0,4.0,2.0,1.0,1.0,6.0,4.0,2.0,6.0,5.0,4.0,4.0,1.0,2.0,64.0,1.0,32.0,512.0,1.0,1.0,1.0,1.0,1.0,1.0,1.0,5.0,5.0,6.0,2.0,4.0,6.0,3.0,6.0,6.0,4.0,2.0,1.0,6.0,4.0,3.0,5.0,3.0,4.0,8.0,8.0,1.0,8.0,2.0,1.0,1.0,1.0,1.0,1.0,1.0,1.0,636880254.0,4457890.64,17796400000.0,39.052105,5544.0,514.0,212992.0,2839142523107422.5,6.7,0.45388490000000004,107.6,25401.6
256000.0,1024000.0,256.0,64.0,1.0,8.0,36.0,4.0,6.0,4.0,2.0,2.0,2.0,4.0,5.0,3.0,1.0,3.0,5.0,1.0,4.0,5.0,1.0,1.0,2.0,1.0,5.0,5.0,1.0,3.0,2.0,6.0,16.0,2.0,1.0,32.0,3.0,1.0,1.0,1.0,1.0,1.0,1.0,1.0,1.0,1.0,1.0,6.0,3.0,4.0,3.0,1.0,5.0,4.0,4.0,5.0,2.0,6.0,1.0,4.0,2.0,1.0,2.0,64.0,1.0,32.0,8.0,1.0,64.0,2.0,1.0,1.0,1.0,1.0,1.0,6.0,5.0,2.0,1.0,3.0,6.0,2.0,4.0,2.0,2.0,5.0,4.0,3.0,5.0,6.0,3.0,3.0,32.0,128.0,1.0,32.0,8.0,1.0,16.0,1.0,1.0,1.0,1.0,1.0,2.0,6.0,4.0,3.0,3.0,5.0,6.0,3.0,5.0,5.0,2.0,6.0,4.0,2.0,3.0,1.0,2.0,2.0,1.0,256.0,1.0,1.0,2.0,1.0,1.0,1.0,1.0,1.0,1.0,1.0,3.0,3.0,1.0,6.0,4.0,5.0,2.0,5.0,2.0,6.0,1.0,3.0,5.0,1.0,5.0,6.0,1.0,3.0,16.0,8.0,1.0,8.0,64.0,1.0,1.0,1.0,1.0,1.0,1.0,1.0,5.0,4.0,1.0,6.0,2.0,6.0,2.0,1.0,2.0,4.0,6.0,4.0,3.0,5.0,3.0,6.0,2.0,5.0,16.0,256.0,1.0,4.0,256.0,1.0,1.0,1.0,1.0,1.0,1.0,1.0,629145768.0,11001198.24,2290390.0,0.025581280000000005,4.0,514.0,1288.0,6921357315625048.0,4.0,3.5755750000000006,107.6,272.0
128000.0,4096000.0,256.0,64.0,2.0,8.0,10.0,42.0,4.0,5.0,2.0,1.0,4.0,4.0,6.0,6.0,6.0,4.0,2.0,6.0,6.0,5.0,6.0,2.0,2.0,4.0,3.0,2.0,5.0,3.0,5.0,5.0,1.0,8.0,1.0,64.0,3.0,1.0,1.0,1.0,1.0,1.0,1.0,1.0,6.0,5.0,4.0,2.0,4.0,3.0,2.0,4.0,4.0,3.0,2.0,1.0,3.0,6.0,2.0,6.0,3.0,6.0,2.0,1.0,1.0,64.0,32.0,1.0,4.0,8.0,1.0,1.0,1.0,1.0,5.0,1.0,6.0,5.0,4.0,3.0,3.0,2.0,5.0,5.0,3.0,1.0,4.0,3.0,5.0,3.0,5.0,1.0,128.0,2.0,1.0,16.0,128.0,1.0,4.0,2.0,1.0,1.0,1.0,1.0,5.0,2.0,1.0,3.0,3.0,5.0,6.0,3.0,4.0,2.0,6.0,6.0,6.0,2.0,4.0,4.0,3.0,1.0,16.0,8.0,1.0,128.0,4.0,1.0,1.0,1.0,1.0,1.0,1.0,1.0,4.0,1.0,2.0,4.0,2.0,6.0,5.0,4.0,5.0,5.0,6.0,5.0,2.0,6.0,2.0,5.0,3.0,2.0,2.0,4.0,1.0,128.0,512.0,1.0,1.0,1.0,1.0,1.0,1.0,1.0,6.0,3.0,4.0,3.0,4.0,1.0,5.0,2.0,6.0,2.0,4.0,5.0,2.0,1.0,6.0,1.0,6.0,2.0,8.0,2048.0,1.0,256.0,128.0,1.0,1.0,1.0,1.0,1.0,1.0,1.0,155519220.0,9034482.679999998,252215000.0,2.097028,420.0,514.0,333312.0,1405035699497109.2,14.8307675,5.480431999999999,107.6,23939.0
64000.0,8192000.0,256.0,64.0,1.0,42.0,14.0,20.0,3.0,4.0,1.0,3.0,2.0,5.0,5.0,4.0,3.0,6.0,4.0,6.0,1.0,4.0,2.0,6.0,2.0,4.0,1.0,6.0,2.0,2.0,2.0,3.0,4.0,512.0,1.0,6.0,96.0,1.0,1.0,1.0,1.0,1.0,1.0,1.0,6.0,4.0,2.0,4.0,4.0,3.0,3.0,3.0,3.0,6.0,1.0,4.0,6.0,4.0,5.0,3.0,1.0,3.0,2.0,1.0,1.0,128.0,8.0,1.0,1.0,32.0,1.0,1.0,1.0,1.0,6.0,2.0,6.0,4.0,4.0,6.0,2.0,4.0,5.0,1.0,3.0,2.0,4.0,6.0,2.0,2.0,3.0,1.0,128.0,64.0,1.0,1.0,16.0,1.0,1.0,4.0,1.0,1.0,1.0,1.0,5.0,5.0,5.0,6.0,5.0,5.0,2.0,2.0,2.0,5.0,2.0,2.0,2.0,4.0,3.0,2.0,3.0,6.0,1.0,16.0,1.0,512.0,256.0,1.0,1.0,1.0,1.0,1.0,1.0,1.0,1.0,5.0,3.0,4.0,4.0,3.0,1.0,2.0,1.0,6.0,5.0,3.0,3.0,5.0,6.0,6.0,1.0,1.0,256.0,512.0,1.0,8.0,1024.0,1.0,1.0,1.0,1.0,1.0,1.0,1.0,5.0,5.0,5.0,6.0,5.0,6.0,5.0,4.0,4.0,6.0,1.0,6.0,5.0,3.0,1.0,1.0,5.0,5.0,4.0,1024.0,1.0,16.0,64.0,1.0,1.0,1.0,1.0,1.0,1.0,1.0,2516582520.0,22832747.999999996,8639980.0,0.09855491999999999,20.0,514.0,514.0,5.746049450036495e+16,1.0,1.007394,107.6,107.6
128000.0,64000.0,256.0,64.0,1.0,4.0,44.0,40.0,1.0,4.0,1.0,4.0,3.0,1.0,3.0,5.0,5.0,5.0,2.0,4.0,1.0,1.0,1.0,1.0,4.0,2.0,2.0,3.0,6.0,5.0,4.0,2.0,128.0,2.0,1.0,384.0,768.0,1.0,1.0,1.0,1.0,1.0,1.0,1.0,1.0,6.0,1.0,2.0,2.0,5.0,2.0,6.0,3.0,5.0,6.0,4.0,1.0,6.0,4.0,5.0,4.0,2.0,4.0,32.0,1.0,2.0,4.0,1.0,128.0,128.0,1.0,1.0,1.0,1.0,4.0,6.0,4.0,3.0,1.0,5.0,2.0,5.0,6.0,3.0,2.0,6.0,2.0,4.0,2.0,5.0,1.0,4.0,8.0,128.0,1.0,64.0,2.0,1.0,4.0,4.0,1.0,1.0,1.0,1.0,3.0,3.0,3.0,2.0,1.0,4.0,5.0,1.0,1.0,1.0,2.0,2.0,2.0,3.0,2.0,4.0,2.0,1.0,256.0,4.0,1.0,128.0,256.0,1.0,1.0,1.0,1.0,1.0,1.0,1.0,5.0,2.0,5.0,6.0,4.0,6.0,3.0,2.0,1.0,5.0,2.0,4.0,3.0,3.0,5.0,6.0,5.0,1.0,512.0,8.0,1.0,8.0,32.0,1.0,1.0,1.0,1.0,1.0,1.0,1.0,4.0,5.0,6.0,2.0,1.0,3.0,6.0,5.0,6.0,5.0,1.0,1.0,5.0,1.0,1.0,4.0,1.0,1.0,2048.0,32.0,1.0,2.0,4.0,1.0,1.0,1.0,1.0,1.0,1.0,1.0,64487544.0,15204430.079999998,16945000.0,0.1982834,40.0,514.0,10576.0,980496353778923.4,33.47691999999999,33.87687999999999,107.6,2244.8
1024000.0,64000.0,256.0,64.0,3.0,8.0,6.0,26.0,5.0,4.0,3.0,6.0,2.0,3.0,5.0,5.0,2.0,6.0,2.0,2.0,1.0,3.0,2.0,2.0,5.0,6.0,2.0,1.0,4.0,1.0,3.0,6.0,8.0,2.0,1.0,512.0,12.0,1.0,1.0,1.0,1.0,1.0,1.0,1.0,2.0,5.0,4.0,2.0,6.0,2.0,4.0,1.0,3.0,4.0,5.0,5.0,6.0,2.0,4.0,6.0,6.0,1.0,64.0,2.0,1.0,128.0,128.0,1.0,2.0,64.0,1.0,1.0,1.0,1.0,2.0,3.0,4.0,4.0,1.0,4.0,6.0,5.0,1.0,5.0,4.0,6.0,1.0,4.0,4.0,5.0,5.0,4.0,128.0,64.0,1.0,8.0,1.0,1.0,4.0,2.0,1.0,1.0,1.0,1.0,4.0,4.0,3.0,2.0,4.0,4.0,4.0,4.0,2.0,1.0,1.0,4.0,4.0,1.0,5.0,1.0,2.0,3.0,8.0,128.0,1.0,16.0,16.0,1.0,1.0,1.0,1.0,1.0,1.0,1.0,5.0,4.0,2.0,1.0,1.0,3.0,4.0,1.0,6.0,2.0,4.0,1.0,6.0,4.0,3.0,3.0,1.0,6.0,4.0,1.0,1.0,1024.0,1024.0,1.0,1.0,1.0,1.0,1.0,1.0,1.0,6.0,1.0,3.0,4.0,1.0,2.0,3.0,6.0,2.0,5.0,6.0,4.0,6.0,2.0,3.0,1.0,5.0,4.0,8.0,64.0,1.0,512.0,64.0,1.0,1.0,1.0,1.0,1.0,1.0,1.0,58238484.0,5194900.840000002,1274500000.0,6.602683999999999,1248.0,514.0,271360.0,302543149451926.7,71.46652999999998,2.8654948,107.6,50969.6
2048.0,256000.0,256.0,64.0,2.0,26.0,18.0,12.0,2.0,3.0,4.0,4.0,3.0,6.0,5.0,5.0,5.0,5.0,5.0,6.0,3.0,1.0,6.0,2.0,2.0,3.0,4.0,4.0,3.0,4.0,2.0,5.0,128.0,2.0,1.0,12.0,8.0,1.0,1.0,1.0,1.0,1.0,1.0,1.0,4.0,5.0,5.0,6.0,4.0,6.0,4.0,1.0,1.0,5.0,4.0,4.0,6.0,6.0,5.0,5.0,1.0,3.0,32.0,1.0,1.0,16.0,8.0,1.0,64.0,16.0,1.0,1.0,1.0,1.0,6.0,6.0,3.0,1.0,4.0,5.0,6.0,4.0,2.0,2.0,5.0,2.0,4.0,2.0,2.0,5.0,5.0,2.0,16.0,2.0,1.0,2.0,32.0,1.0,1.0,8.0,1.0,1.0,1.0,1.0,1.0,5.0,4.0,4.0,5.0,3.0,1.0,6.0,1.0,2.0,2.0,4.0,3.0,5.0,6.0,2.0,5.0,1.0,8.0,32.0,1.0,256.0,64.0,1.0,1.0,1.0,1.0,1.0,1.0,1.0,3.0,2.0,6.0,5.0,6.0,4.0,6.0,6.0,6.0,5.0,2.0,1.0,3.0,5.0,4.0,4.0,2.0,6.0,32.0,4.0,1.0,2.0,64.0,1.0,1.0,1.0,1.0,1.0,1.0,1.0,3.0,3.0,4.0,3.0,2.0,5.0,4.0,2.0,1.0,6.0,2.0,6.0,2.0,4.0,4.0,5.0,5.0,2.0,4.0,128.0,1.0,8.0,16.0,1.0,1.0,1.0,1.0,1.0,1.0,1.0,2486799540.0,7490240.380000001,107601000.0,1.0246139000000003,216.0,514.0,19456.0,1.8626726331473428e+16,3.8,3.23013955,107.6,1464.8
64000.0,16000.0,256.0,64.0,2.0,26.0,38.0,28.0,5.0,2.0,3.0,6.0,1.0,4.0,5.0,5.0,4.0,4.0,4.0,1.0,3.0,5.0,4.0,6.0,5.0,4.0,2.0,1.0,4.0,4.0,1.0,3.0,4.0,256.0,1.0,12.0,4.0,1.0,1.0,1.0,1.0,1.0,1.0,1.0,5.0,1.0,6.0,2.0,6.0,2.0,5.0,4.0,1.0,4.0,2.0,3.0,5.0,3.0,3.0,5.0,1.0,6.0,2.0,16.0,1.0,8.0,8.0,1.0,128.0,8.0,1.0,1.0,1.0,1.0,4.0,1.0,6.0,1.0,6.0,5.0,3.0,6.0,5.0,5.0,2.0,6.0,5.0,1.0,3.0,1.0,1.0,6.0,2.0,8.0,1.0,16.0,1.0,1.0,32.0,16.0,1.0,1.0,1.0,1.0,5.0,5.0,4.0,1.0,4.0,3.0,3.0,4.0,6.0,4.0,5.0,6.0,2.0,4.0,6.0,6.0,6.0,6.0,128.0,64.0,1.0,16.0,2.0,1.0,1.0,1.0,1.0,1.0,1.0,1.0,3.0,6.0,4.0,1.0,3.0,2.0,3.0,5.0,2.0,1.0,1.0,3.0,1.0,1.0,4.0,3.0,1.0,1.0,32.0,2.0,1.0,8.0,256.0,1.0,1.0,1.0,1.0,1.0,1.0,1.0,5.0,3.0,2.0,2.0,1.0,1.0,3.0,3.0,1.0,5.0,6.0,1.0,2.0,4.0,1.0,4.0,3.0,1.0,256.0,1024.0,1.0,4.0,256.0,1.0,1.0,1.0,1.0,1.0,1.0,1.0,648789084.0,8346550.359999999,986914000.0,5.410392000000001,1064.0,514.0,68608.0,5415150762624270.0,4.246665,1.7720364499999997,107.6,4638.4
128.0,32000000.0,256.0,64.0,1.0,48.0,4.0,4.0,6.0,4.0,3.0,4.0,4.0,4.0,6.0,1.0,1.0,2.0,2.0,1.0,6.0,5.0,6.0,6.0,2.0,3.0,2.0,6.0,1.0,6.0,1.0,5.0,32.0,256.0,1.0,2.0,3.0,1.0,1.0,1.0,1.0,1.0,1.0,1.0,2.0,5.0,1.0,2.0,1.0,1.0,2.0,3.0,3.0,2.0,4.0,3.0,4.0,6.0,2.0,3.0,6.0,2.0,1.0,32.0,1.0,64.0,64.0,1.0,1.0,2.0,1.0,1.0,1.0,1.0,2.0,2.0,6.0,6.0,6.0,2.0,4.0,3.0,4.0,2.0,2.0,6.0,3.0,4.0,1.0,1.0,4.0,1.0,64.0,2.0,1.0,2.0,2.0,1.0,4.0,2.0,1.0,1.0,1.0,1.0,3.0,5.0,3.0,3.0,5.0,3.0,6.0,5.0,6.0,6.0,2.0,6.0,5.0,6.0,3.0,4.0,6.0,6.0,512.0,128.0,1.0,16.0,32.0,1.0,1.0,1.0,1.0,1.0,1.0,1.0,3.0,5.0,6.0,4.0,6.0,2.0,3.0,3.0,1.0,1.0,4.0,1.0,6.0,4.0,1.0,1.0,5.0,4.0,2.0,256.0,1.0,512.0,1024.0,1.0,1.0,1.0,1.0,1.0,1.0,1.0,2.0,3.0,4.0,4.0,6.0,2.0,1.0,2.0,1.0,1.0,5.0,4.0,2.0,4.0,6.0,1.0,2.0,2.0,1024.0,128.0,1.0,512.0,64.0,1.0,1.0,1.0,1.0,1.0,1.0,1.0,629145768.0,14728098.48,2290390.0,0.025581280000000005,4.0,514.0,1288.0,9266120829379232.0,4.0,3.8880480000000004,107.6,272.0
256.0,4096000.0,256.0,64.0,2.0,42.0,38.0,10.0,3.0,1.0,1.0,2.0,6.0,3.0,3.0,1.0,2.0,3.0,3.0,2.0,2.0,3.0,3.0,4.0,1.0,1.0,1.0,1.0,3.0,2.0,2.0,1.0,4.0,2.0,1.0,512.0,64.0,1.0,1.0,1.0,1.0,1.0,1.0,1.0,5.0,6.0,4.0,3.0,1.0,1.0,6.0,6.0,5.0,2.0,4.0,6.0,6.0,6.0,6.0,2.0,5.0,4.0,1.0,64.0,1.0,4.0,4.0,1.0,32.0,8.0,1.0,1.0,1.0,1.0,2.0,2.0,3.0,5.0,3.0,1.0,5.0,4.0,5.0,3.0,5.0,3.0,6.0,2.0,6.0,2.0,6.0,3.0,128.0,2.0,1.0,2.0,8.0,1.0,4.0,8.0,1.0,1.0,1.0,1.0,4.0,5.0,4.0,6.0,1.0,4.0,3.0,6.0,5.0,5.0,6.0,1.0,4.0,5.0,5.0,6.0,3.0,1.0,4.0,2.0,1.0,1.0,32.0,1.0,1.0,1.0,1.0,1.0,1.0,1.0,4.0,6.0,4.0,5.0,2.0,4.0,2.0,2.0,5.0,4.0,3.0,1.0,3.0,2.0,5.0,4.0,3.0,2.0,16.0,4.0,1.0,512.0,8.0,1.0,1.0,1.0,1.0,1.0,1.0,1.0,2.0,2.0,3.0,3.0,2.0,5.0,1.0,3.0,2.0,6.0,1.0,4.0,5.0,5.0,1.0,5.0,4.0,6.0,2048.0,2.0,1.0,32.0,8.0,1.0,1.0,1.0,1.0,1.0,1.0,1.0,1089872022.0,10063793.079999998,220490000.0,1.8207435,380.0,514.0,17152.0,1.0968246513089206e+16,1.7,0.9923008499999998,107.6,1233.8
2048.0,2048000.0,256.0,64.0,3.0,30.0,18.0,16.0,2.0,1.0,5.0,6.0,3.0,5.0,5.0,3.0,1.0,6.0,6.0,2.0,5.0,6.0,3.0,1.0,3.0,5.0,4.0,1.0,3.0,3.0,6.0,6.0,512.0,1.0,1.0,4.0,64.0,1.0,1.0,1.0,1.0,1.0,1.0,1.0,3.0,1.0,4.0,3.0,4.0,6.0,5.0,5.0,6.0,1.0,5.0,1.0,4.0,3.0,6.0,4.0,4.0,5.0,64.0,32.0,1.0,2.0,32.0,1.0,2.0,8.0,1.0,1.0,1.0,1.0,1.0,4.0,3.0,1.0,6.0,5.0,5.0,3.0,3.0,4.0,4.0,5.0,3.0,6.0,1.0,1.0,6.0,1.0,2.0,4.0,1.0,8.0,1.0,1.0,16.0,16.0,1.0,1.0,1.0,1.0,3.0,5.0,5.0,3.0,1.0,4.0,2.0,2.0,2.0,6.0,1.0,4.0,4.0,6.0,1.0,1.0,6.0,2.0,64.0,2.0,1.0,512.0,2.0,1.0,1.0,1.0,1.0,1.0,1.0,1.0,5.0,5.0,5.0,1.0,4.0,4.0,1.0,5.0,1.0,3.0,3.0,4.0,4.0,5.0,4.0,5.0,5.0,6.0,256.0,16.0,1.0,16.0,4.0,1.0,1.0,1.0,1.0,1.0,1.0,1.0,6.0,5.0,1.0,6.0,6.0,1.0,6.0,5.0,2.0,4.0,1.0,6.0,5.0,3.0,3.0,6.0,3.0,1.0,32.0,1024.0,1.0,4.0,32.0,1.0,1.0,1.0,1.0,1.0,1.0,1.0,2482355424.0,4043949.5999999996,41365900000.0,72.59334,8640.0,514.0,335872.0,1.003852022394263e+16,2.2,0.2458984,107.6,44416.0
256000.0,64000.0,256.0,64.0,1.0,34.0,38.0,18.0,4.0,1.0,6.0,4.0,2.0,6.0,4.0,6.0,6.0,2.0,1.0,5.0,2.0,5.0,1.0,4.0,4.0,1.0,5.0,4.0,1.0,4.0,5.0,2.0,4.0,4.0,1.0,256.0,768.0,1.0,1.0,1.0,1.0,1.0,1.0,1.0,3.0,3.0,4.0,2.0,4.0,4.0,4.0,2.0,2.0,5.0,3.0,1.0,4.0,2.0,3.0,6.0,6.0,4.0,64.0,32.0,1.0,32.0,4.0,1.0,1.0,16.0,1.0,1.0,1.0,1.0,6.0,3.0,3.0,5.0,5.0,2.0,4.0,1.0,5.0,5.0,6.0,6.0,3.0,4.0,5.0,3.0,6.0,6.0,16.0,8.0,1.0,4.0,2.0,1.0,32.0,8.0,1.0,1.0,1.0,1.0,4.0,3.0,2.0,5.0,4.0,4.0,3.0,5.0,4.0,5.0,6.0,6.0,3.0,6.0,3.0,3.0,3.0,3.0,128.0,256.0,1.0,256.0,2.0,1.0,1.0,1.0,1.0,1.0,1.0,1.0,6.0,4.0,2.0,2.0,6.0,6.0,3.0,3.0,1.0,5.0,3.0,6.0,4.0,3.0,4.0,1.0,1.0,2.0,4.0,512.0,1.0,1.0,4.0,1.0,1.0,1.0,1.0,1.0,1.0,1.0,5.0,3.0,2.0,2.0,4.0,2.0,5.0,2.0,2.0,1.0,2.0,2.0,3.0,1.0,4.0,6.0,5.0,5.0,128.0,512.0,1.0,4.0,2.0,1.0,1.0,1.0,1.0,1.0,1.0,1.0,2422210680.0,16063291.2,7832000.0,0.08954999999999996,18.0,514.0,514.0,3.890867550059002e+16,13.0,13.397670000000002,107.6,162.0
4096.0,64000.0,256.0,64.0,2.0,16.0,32.0,48.0,1.0,3.0,5.0,5.0,1.0,1.0,5.0,6.0,2.0,6.0,2.0,5.0,3.0,4.0,6.0,6.0,4.0,4.0,2.0,2.0,1.0,2.0,6.0,4.0,8.0,16.0,1.0,48.0,24.0,1.0,1.0,1.0,1.0,1.0,1.0,1.0,5.0,3.0,4.0,2.0,5.0,2.0,6.0,2.0,2.0,5.0,5.0,2.0,4.0,6.0,6.0,5.0,4.0,3.0,64.0,8.0,1.0,4.0,2.0,1.0,16.0,32.0,1.0,1.0,1.0,1.0,6.0,2.0,5.0,2.0,3.0,3.0,1.0,5.0,2.0,2.0,4.0,3.0,1.0,1.0,5.0,5.0,4.0,5.0,8.0,1.0,1.0,1.0,2.0,1.0,2.0,16.0,1.0,1.0,1.0,1.0,4.0,1.0,3.0,1.0,6.0,2.0,5.0,4.0,6.0,4.0,3.0,6.0,1.0,3.0,6.0,3.0,6.0,5.0,256.0,64.0,1.0,16.0,512.0,1.0,1.0,1.0,1.0,1.0,1.0,1.0,1.0,3.0,4.0,6.0,5.0,3.0,5.0,2.0,2.0,1.0,1.0,6.0,2.0,1.0,3.0,6.0,3.0,3.0,256.0,128.0,1.0,64.0,16.0,1.0,1.0,1.0,1.0,1.0,1.0,1.0,6.0,4.0,5.0,6.0,4.0,4.0,1.0,4.0,3.0,3.0,3.0,6.0,6.0,5.0,2.0,1.0,5.0,3.0,2048.0,1.0,1.0,4.0,16.0,1.0,1.0,1.0,1.0,1.0,1.0,1.0,2426197452.0,9209326.32,1793840000.0,8.118986,1536.0,514.0,40960.0,2.2343644052220536e+16,16.2,9.135749002500003,107.6,4807.6
2048.0,256000.0,256.0,64.0,3.0,16.0,14.0,6.0,2.0,3.0,1.0,3.0,2.0,1.0,5.0,5.0,4.0,2.0,1.0,2.0,4.0,2.0,1.0,5.0,6.0,3.0,6.0,2.0,6.0,5.0,3.0,6.0,256.0,128.0,1.0,1.0,1.0,1.0,1.0,1.0,1.0,1.0,1.0,1.0,6.0,6.0,3.0,4.0,1.0,6.0,4.0,5.0,6.0,6.0,5.0,5.0,2.0,1.0,1.0,3.0,2.0,2.0,2.0,16.0,1.0,64.0,64.0,1.0,128.0,2.0,1.0,1.0,1.0,1.0,4.0,6.0,3.0,4.0,2.0,2.0,6.0,6.0,5.0,1.0,1.0,1.0,3.0,6.0,1.0,2.0,5.0,3.0,64.0,64.0,1.0,128.0,64.0,1.0,4.0,16.0,1.0,1.0,1.0,1.0,5.0,4.0,2.0,2.0,4.0,6.0,4.0,5.0,1.0,6.0,2.0,4.0,1.0,3.0,4.0,5.0,5.0,6.0,256.0,8.0,1.0,8.0,16.0,1.0,1.0,1.0,1.0,1.0,1.0,1.0,1.0,5.0,2.0,6.0,5.0,2.0,5.0,1.0,2.0,2.0,1.0,2.0,1.0,1.0,6.0,5.0,5.0,5.0,8.0,8.0,1.0,1.0,128.0,1.0,1.0,1.0,1.0,1.0,1.0,1.0,5.0,6.0,3.0,1.0,4.0,3.0,6.0,3.0,5.0,4.0,3.0,6.0,2.0,6.0,4.0,6.0,1.0,6.0,4.0,4.0,1.0,128.0,4.0,1.0,1.0,1.0,1.0,1.0,1.0,1.0,94489260.0,4992809.48,1438260000.0,7.215219,1344.0,514.0,559104.0,471766873086184.8,15.781817,0.58043665,107.6,68966.4
16000.0,64000.0,256.0,64.0,2.0,4.0,20.0,10.0,4.0,6.0,5.0,2.0,5.0,2.0,3.0,2.0,5.0,3.0,2.0,6.0,5.0,1.0,2.0,1.0,6.0,6.0,1.0,6.0,4.0,1.0,1.0,4.0,512.0,8.0,1.0,2.0,1536.0,1.0,1.0,1.0,1.0,1.0,1.0,1.0,3.0,6.0,4.0,3.0,6.0,5.0,6.0,1.0,5.0,3.0,3.0,4.0,4.0,1.0,4.0,1.0,4.0,4.0,32.0,1.0,1.0,16.0,2.0,1.0,2.0,128.0,1.0,1.0,1.0,1.0,3.0,3.0,3.0,1.0,5.0,1.0,5.0,6.0,1.0,1.0,4.0,4.0,5.0,1.0,2.0,5.0,6.0,5.0,4.0,128.0,1.0,16.0,16.0,1.0,2.0,4.0,1.0,1.0,1.0,1.0,5.0,3.0,5.0,3.0,1.0,3.0,5.0,5.0,1.0,4.0,5.0,5.0,5.0,2.0,6.0,3.0,3.0,6.0,2.0,128.0,1.0,8.0,32.0,1.0,1.0,1.0,1.0,1.0,1.0,1.0,4.0,2.0,2.0,5.0,3.0,2.0,1.0,2.0,4.0,5.0,6.0,1.0,2.0,4.0,2.0,6.0,4.0,3.0,16.0,1.0,1.0,32.0,512.0,1.0,1.0,1.0,1.0,1.0,1.0,1.0,6.0,1.0,1.0,2.0,3.0,2.0,4.0,2.0,6.0,3.0,1.0,3.0,5.0,1.0,6.0,5.0,2.0,6.0,2.0,64.0,1.0,128.0,4.0,1.0,1.0,1.0,1.0,1.0,1.0,1.0,143256468.0,10164749.260000002,98069800.0,0.9871620999999998,200.0,514.0,165376.0,1456166077093214.0,22.698900000000002,11.746961500000003,107.6,12779.2
2048000.0,1024000.0,256.0,64.0,2.0,38.0,48.0,34.0,4.0,6.0,5.0,2.0,2.0,5.0,5.0,6.0,3.0,5.0,3.0,4.0,1.0,1.0,3.0,5.0,4.0,6.0,2.0,2.0,1.0,6.0,5.0,5.0,256.0,2.0,1.0,512.0,1.0,1.0,1.0,1.0,1.0,1.0,1.0,1.0,5.0,1.0,5.0,3.0,6.0,6.0,2.0,6.0,3.0,2.0,2.0,5.0,4.0,2.0,6.0,3.0,4.0,3.0,32.0,1.0,1.0,4.0,4.0,1.0,8.0,2.0,1.0,1.0,1.0,1.0,4.0,5.0,4.0,5.0,3.0,2.0,1.0,5.0,4.0,5.0,6.0,5.0,4.0,3.0,6.0,6.0,3.0,5.0,8.0,2.0,1.0,2.0,8.0,1.0,4.0,2.0,1.0,1.0,1.0,1.0,4.0,3.0,3.0,5.0,2.0,1.0,4.0,4.0,6.0,6.0,1.0,1.0,4.0,1.0,4.0,5.0,6.0,5.0,16.0,64.0,1.0,512.0,512.0,1.0,1.0,1.0,1.0,1.0,1.0,1.0,1.0,3.0,5.0,5.0,3.0,2.0,4.0,3.0,6.0,4.0,6.0,4.0,4.0,4.0,5.0,4.0,5.0,4.0,4.0,8.0,1.0,512.0,32.0,1.0,1.0,1.0,1.0,1.0,1.0,1.0,5.0,2.0,2.0,5.0,3.0,5.0,4.0,6.0,6.0,5.0,3.0,3.0,6.0,4.0,3.0,6.0,1.0,2.0,512.0,512.0,1.0,32.0,2.0,1.0,1.0,1.0,1.0,1.0,1.0,1.0,259969992.0,6678893.120000001,1985790000.0,8.821502,1632.0,514.0,406528.0,1736311790975255.2,57.383335,32.01962815,107.6,41864.0
4096.0,16000.0,256.0,64.0,1.0,6.0,44.0,34.0,4.0,2.0,3.0,5.0,6.0,2.0,1.0,3.0,1.0,6.0,5.0,5.0,6.0,1.0,4.0,6.0,6.0,1.0,3.0,6.0,3.0,3.0,5.0,1.0,32.0,32.0,1.0,128.0,32.0,1.0,1.0,1.0,1.0,1.0,1.0,1.0,5.0,2.0,1.0,2.0,3.0,3.0,2.0,6.0,6.0,4.0,6.0,2.0,2.0,6.0,2.0,1.0,5.0,3.0,8.0,8.0,1.0,4.0,4.0,1.0,32.0,4.0,1.0,1.0,1.0,1.0,3.0,4.0,3.0,4.0,5.0,1.0,6.0,3.0,2.0,6.0,5.0,1.0,4.0,4.0,2.0,1.0,2.0,5.0,64.0,16.0,1.0,128.0,1.0,1.0,64.0,1.0,1.0,1.0,1.0,1.0,6.0,2.0,4.0,1.0,2.0,1.0,4.0,3.0,6.0,6.0,1.0,4.0,6.0,2.0,5.0,4.0,2.0,3.0,32.0,256.0,1.0,64.0,2.0,1.0,1.0,1.0,1.0,1.0,1.0,1.0,5.0,4.0,2.0,5.0,5.0,4.0,5.0,1.0,1.0,4.0,1.0,3.0,5.0,5.0,3.0,6.0,3.0,1.0,32.0,8.0,1.0,2.0,2.0,1.0,1.0,1.0,1.0,1.0,1.0,1.0,5.0,5.0,1.0,3.0,5.0,5.0,3.0,4.0,5.0,6.0,4.0,1.0,2.0,3.0,5.0,6.0,6.0,6.0,256.0,1.0,1.0,256.0,512.0,1.0,1.0,1.0,1.0,1.0,1.0,1.0,2516582520.0,21895077.6,14410000.0,0.1631262,34.0,514.0,514.0,5.510076956220355e+16,1.0,1.0039049999999998,107.6,107.6
64000.0,1024000.0,256.0,64.0,3.0,6.0,36.0,28.0,1.0,5.0,3.0,4.0,1.0,4.0,4.0,3.0,2.0,1.0,3.0,2.0,1.0,1.0,3.0,5.0,2.0,4.0,5.0,5.0,2.0,2.0,5.0,5.0,16.0,16.0,1.0,128.0,128.0,1.0,1.0,1.0,1.0,1.0,1.0,1.0,3.0,3.0,1.0,2.0,5.0,5.0,1.0,6.0,5.0,1.0,5.0,3.0,1.0,3.0,5.0,3.0,4.0,3.0,32.0,1.0,1.0,32.0,4.0,1.0,128.0,64.0,1.0,1.0,1.0,1.0,3.0,6.0,1.0,5.0,5.0,2.0,3.0,6.0,6.0,3.0,1.0,3.0,5.0,5.0,6.0,4.0,5.0,2.0,128.0,64.0,1.0,4.0,16.0,1.0,1.0,8.0,1.0,1.0,1.0,1.0,1.0,4.0,4.0,6.0,2.0,3.0,3.0,6.0,5.0,6.0,2.0,2.0,3.0,5.0,5.0,6.0,1.0,5.0,512.0,2.0,1.0,4.0,1.0,1.0,1.0,1.0,1.0,1.0,1.0,1.0,6.0,5.0,3.0,6.0,3.0,4.0,3.0,6.0,4.0,3.0,2.0,5.0,6.0,2.0,2.0,5.0,2.0,1.0,128.0,2.0,1.0,64.0,2.0,1.0,1.0,1.0,1.0,1.0,1.0,1.0,2.0,1.0,3.0,6.0,5.0,2.0,5.0,6.0,3.0,5.0,2.0,3.0,6.0,3.0,5.0,6.0,5.0,1.0,128.0,256.0,1.0,8.0,512.0,1.0,1.0,1.0,1.0,1.0,1.0,1.0,1117291512.0,4104520.2399999998,20967500000.0,44.122475,6048.0,514.0,458752.0,4585945624984203.0,4.1075755,0.0171875,107.6,81408.0
2048000.0,32000.0,256.0,64.0,2.0,10.0,26.0,20.0,1.0,2.0,5.0,1.0,3.0,4.0,4.0,1.0,2.0,6.0,6.0,1.0,1.0,3.0,3.0,2.0,6.0,2.0,6.0,4.0,5.0,3.0,3.0,1.0,256.0,512.0,1.0,6.0,12.0,1.0,1.0,1.0,1.0,1.0,1.0,1.0,6.0,1.0,3.0,4.0,6.0,5.0,1.0,6.0,1.0,1.0,3.0,2.0,3.0,1.0,6.0,5.0,1.0,5.0,4.0,32.0,1.0,8.0,32.0,1.0,128.0,8.0,1.0,1.0,1.0,1.0,4.0,6.0,5.0,4.0,2.0,3.0,5.0,2.0,5.0,6.0,4.0,2.0,4.0,4.0,4.0,6.0,5.0,2.0,4.0,1.0,1.0,8.0,8.0,1.0,64.0,4.0,1.0,1.0,1.0,1.0,2.0,2.0,4.0,1.0,2.0,4.0,6.0,5.0,1.0,3.0,3.0,1.0,4.0,3.0,5.0,5.0,2.0,6.0,1.0,256.0,1.0,256.0,16.0,1.0,1.0,1.0,1.0,1.0,1.0,1.0,5.0,4.0,3.0,3.0,2.0,5.0,6.0,3.0,4.0,2.0,5.0,3.0,2.0,1.0,3.0,6.0,6.0,5.0,1.0,4.0,1.0,256.0,2048.0,1.0,1.0,1.0,1.0,1.0,1.0,1.0,3.0,6.0,3.0,2.0,1.0,6.0,1.0,4.0,2.0,2.0,3.0,2.0,4.0,5.0,4.0,6.0,6.0,3.0,1.0,256.0,1.0,16.0,2.0,1.0,1.0,1.0,1.0,1.0,1.0,1.0,2425593852.0,14030698.839999996,338553000.0,2.545807,520.0,514.0,70144.0,3.4032776845567524e+16,13.0,7.9488613799999985,107.6,8801.8
512.0,1024000.0,256.0,64.0,2.0,24.0,8.0,4.0,6.0,1.0,6.0,2.0,5.0,1.0,1.0,5.0,3.0,4.0,6.0,3.0,4.0,4.0,3.0,2.0,3.0,1.0,4.0,4.0,3.0,3.0,4.0,2.0,256.0,16.0,1.0,1536.0,3.0,1.0,1.0,1.0,1.0,1.0,1.0,1.0,1.0,1.0,6.0,3.0,2.0,6.0,6.0,4.0,5.0,2.0,1.0,4.0,4.0,6.0,1.0,1.0,2.0,1.0,4.0,1.0,1.0,64.0,4.0,1.0,4.0,4.0,1.0,1.0,1.0,1.0,5.0,2.0,4.0,5.0,5.0,5.0,4.0,6.0,2.0,2.0,3.0,1.0,5.0,4.0,2.0,4.0,1.0,4.0,2.0,4.0,1.0,8.0,128.0,1.0,4.0,1.0,1.0,1.0,1.0,1.0,6.0,4.0,1.0,5.0,2.0,6.0,1.0,1.0,1.0,1.0,4.0,4.0,2.0,4.0,4.0,1.0,3.0,6.0,128.0,256.0,1.0,8.0,8.0,1.0,1.0,1.0,1.0,1.0,1.0,1.0,2.0,5.0,6.0,5.0,5.0,4.0,5.0,1.0,4.0,6.0,3.0,5.0,2.0,5.0,6.0,5.0,6.0,5.0,512.0,4.0,1.0,256.0,16.0,1.0,1.0,1.0,1.0,1.0,1.0,1.0,1.0,3.0,6.0,1.0,6.0,4.0,5.0,5.0,5.0,5.0,6.0,1.0,2.0,3.0,5.0,4.0,4.0,4.0,128.0,512.0,1.0,16.0,16.0,1.0,1.0,1.0,1.0,1.0,1.0,1.0,335837496.0,4148702.1799999997,13604500.0,0.23830970000000004,32.0,514.0,299008.0,1393289751780941.2,17.4,3.00314931,107.6,24582.4
128000.0,32000.0,256.0,64.0,3.0,42.0,30.0,34.0,5.0,4.0,1.0,3.0,6.0,3.0,6.0,2.0,1.0,3.0,4.0,1.0,3.0,4.0,2.0,3.0,4.0,4.0,3.0,3.0,5.0,3.0,1.0,5.0,1.0,64.0,1.0,8.0,128.0,1.0,1.0,1.0,1.0,1.0,1.0,1.0,4.0,1.0,3.0,4.0,6.0,2.0,5.0,4.0,1.0,1.0,5.0,3.0,1.0,4.0,2.0,1.0,4.0,3.0,32.0,64.0,1.0,64.0,8.0,1.0,16.0,1.0,1.0,1.0,1.0,1.0,4.0,6.0,3.0,4.0,3.0,1.0,1.0,5.0,2.0,5.0,1.0,3.0,6.0,3.0,1.0,6.0,5.0,4.0,16.0,64.0,1.0,1.0,1.0,1.0,64.0,4.0,1.0,1.0,1.0,1.0,3.0,5.0,5.0,6.0,1.0,3.0,6.0,5.0,4.0,4.0,3.0,4.0,2.0,3.0,2.0,5.0,2.0,5.0,1.0,512.0,1.0,128.0,32.0,1.0,1.0,1.0,1.0,1.0,1.0,1.0,4.0,1.0,2.0,4.0,4.0,5.0,2.0,3.0,4.0,4.0,6.0,5.0,6.0,2.0,5.0,1.0,3.0,4.0,32.0,256.0,1.0,2.0,64.0,1.0,1.0,1.0,1.0,1.0,1.0,1.0,3.0,3.0,3.0,3.0,3.0,2.0,4.0,3.0,2.0,6.0,4.0,1.0,4.0,5.0,2.0,5.0,4.0,6.0,4.0,64.0,1.0,128.0,512.0,1.0,1.0,1.0,1.0,1.0,1.0,1.0,71836728.0,4131841.8999999994,951741000000.0,1001.2143000000001,42840.0,514.0,294912.0,296818002709303.2,88.44445,1.9796875,107.6,42700.8
4096.0,8192000.0,256.0,64.0,3.0,18.0,2.0,22.0,2.0,3.0,1.0,3.0,4.0,6.0,2.0,3.0,1.0,4.0,4.0,3.0,3.0,6.0,1.0,6.0,2.0,1.0,1.0,4.0,5.0,6.0,4.0,6.0,256.0,1.0,1.0,256.0,1.0,1.0,1.0,1.0,1.0,1.0,1.0,1.0,4.0,4.0,6.0,5.0,2.0,3.0,2.0,2.0,4.0,5.0,4.0,4.0,6.0,5.0,4.0,1.0,2.0,5.0,64.0,8.0,1.0,8.0,1.0,1.0,4.0,1.0,1.0,1.0,1.0,1.0,2.0,5.0,4.0,5.0,3.0,2.0,4.0,6.0,3.0,4.0,2.0,1.0,2.0,4.0,4.0,3.0,4.0,6.0,2.0,8.0,1.0,32.0,128.0,1.0,4.0,2.0,1.0,1.0,1.0,1.0,3.0,5.0,1.0,2.0,6.0,3.0,5.0,5.0,2.0,3.0,5.0,2.0,3.0,1.0,6.0,2.0,5.0,5.0,32.0,16.0,1.0,256.0,128.0,1.0,1.0,1.0,1.0,1.0,1.0,1.0,2.0,5.0,3.0,2.0,1.0,2.0,3.0,2.0,6.0,3.0,1.0,2.0,6.0,6.0,1.0,3.0,6.0,6.0,128.0,128.0,1.0,256.0,1.0,1.0,1.0,1.0,1.0,1.0,1.0,1.0,6.0,5.0,6.0,5.0,2.0,4.0,2.0,6.0,6.0,6.0,6.0,5.0,3.0,5.0,1.0,6.0,2.0,3.0,16.0,32.0,1.0,2.0,16.0,1.0,1.0,1.0,1.0,1.0,1.0,1.0,1886670996.0,4215614.640000001,625051000.0,4.02036,792.0,514.0,262144.0,7953477871600983.0,8.066665,1.5305192300000001,107.6,28364.8
4096.0,256000.0,256.0,64.0,1.0,30.0,44.0,28.0,1.0,6.0,5.0,2.0,1.0,6.0,4.0,1.0,4.0,1.0,3.0,1.0,6.0,4.0,2.0,6.0,6.0,4.0,5.0,5.0,4.0,6.0,3.0,5.0,32.0,2.0,1.0,2.0,96.0,1.0,1.0,1.0,1.0,1.0,1.0,1.0,2.0,1.0,4.0,6.0,2.0,5.0,4.0,6.0,5.0,4.0,5.0,5.0,3.0,5.0,4.0,5.0,5.0,5.0,4.0,16.0,1.0,8.0,8.0,1.0,8.0,2.0,1.0,1.0,1.0,1.0,5.0,1.0,3.0,1.0,1.0,5.0,3.0,4.0,2.0,2.0,2.0,3.0,1.0,6.0,3.0,5.0,6.0,4.0,16.0,8.0,1.0,8.0,4.0,1.0,64.0,32.0,1.0,1.0,1.0,1.0,3.0,3.0,4.0,1.0,6.0,2.0,6.0,1.0,5.0,5.0,5.0,6.0,1.0,4.0,2.0,4.0,1.0,2.0,16.0,128.0,1.0,128.0,2.0,1.0,1.0,1.0,1.0,1.0,1.0,1.0,1.0,6.0,3.0,1.0,6.0,1.0,4.0,3.0,5.0,2.0,5.0,5.0,2.0,1.0,5.0,2.0,5.0,3.0,2.0,2.0,1.0,1024.0,256.0,1.0,1.0,1.0,1.0,1.0,1.0,1.0,2.0,1.0,6.0,2.0,5.0,3.0,1.0,1.0,6.0,1.0,3.0,1.0,1.0,2.0,5.0,3.0,2.0,3.0,4.0,128.0,1.0,1.0,2.0,1.0,1.0,1.0,1.0,1.0,1.0,1.0,92012664.0,15510963.6,11913400.0,0.1404782,28.0,514.0,7480.0,1427205082043030.2,25.95489000000001,26.74553,107.6,1587.2
8192.0,128000.0,256.0,64.0,1.0,26.0,30.0,32.0,5.0,4.0,1.0,5.0,2.0,2.0,1.0,6.0,6.0,6.0,4.0,4.0,2.0,6.0,3.0,3.0,1.0,3.0,2.0,5.0,3.0,6.0,3.0,3.0,8.0,64.0,1.0,1.0,768.0,1.0,1.0,1.0,1.0,1.0,1.0,1.0,4.0,4.0,5.0,6.0,1.0,4.0,1.0,4.0,5.0,4.0,3.0,6.0,2.0,1.0,2.0,1.0,6.0,1.0,1.0,16.0,1.0,1.0,32.0,1.0,8.0,32.0,1.0,1.0,1.0,1.0,3.0,5.0,5.0,6.0,3.0,4.0,2.0,3.0,4.0,6.0,5.0,1.0,1.0,5.0,4.0,6.0,3.0,5.0,1.0,32.0,1.0,128.0,128.0,1.0,1.0,8.0,1.0,1.0,1.0,1.0,1.0,4.0,6.0,6.0,6.0,1.0,1.0,5.0,4.0,6.0,4.0,2.0,3.0,5.0,5.0,4.0,1.0,6.0,2.0,16.0,1.0,256.0,16.0,1.0,1.0,1.0,1.0,1.0,1.0,1.0,6.0,6.0,5.0,4.0,2.0,6.0,3.0,1.0,1.0,6.0,1.0,5.0,4.0,5.0,5.0,1.0,6.0,6.0,4.0,32.0,1.0,512.0,256.0,1.0,1.0,1.0,1.0,1.0,1.0,1.0,1.0,1.0,4.0,6.0,6.0,1.0,5.0,3.0,6.0,2.0,6.0,6.0,1.0,4.0,3.0,1.0,3.0,6.0,1.0,16.0,1.0,64.0,256.0,1.0,1.0,1.0,1.0,1.0,1.0,1.0,78643704.0,15807609.599999998,13574300.0,0.15973220000000002,32.0,514.0,8512.0,1243168970329958.2,32.0,41.33415,107.6,1806.4
2048000.0,32000.0,256.0,64.0,3.0,10.0,22.0,6.0,2.0,5.0,5.0,5.0,3.0,4.0,5.0,1.0,1.0,1.0,6.0,5.0,4.0,5.0,5.0,5.0,6.0,1.0,5.0,6.0,6.0,5.0,4.0,4.0,8.0,2.0,1.0,1536.0,1536.0,1.0,1.0,1.0,1.0,1.0,1.0,1.0,1.0,1.0,2.0,4.0,6.0,1.0,1.0,1.0,3.0,5.0,5.0,3.0,3.0,4.0,5.0,6.0,1.0,4.0,4.0,16.0,1.0,16.0,32.0,1.0,8.0,4.0,1.0,1.0,1.0,1.0,2.0,1.0,4.0,4.0,5.0,6.0,4.0,4.0,6.0,1.0,4.0,4.0,2.0,2.0,2.0,5.0,1.0,5.0,16.0,2.0,1.0,32.0,4.0,1.0,8.0,32.0,1.0,1.0,1.0,1.0,4.0,5.0,6.0,4.0,5.0,4.0,4.0,1.0,4.0,2.0,4.0,1.0,1.0,1.0,2.0,6.0,1.0,1.0,512.0,128.0,1.0,128.0,256.0,1.0,1.0,1.0,1.0,1.0,1.0,1.0,3.0,5.0,4.0,5.0,1.0,2.0,6.0,2.0,4.0,1.0,3.0,5.0,6.0,2.0,2.0,1.0,5.0,4.0,8.0,16.0,1.0,2048.0,128.0,1.0,1.0,1.0,1.0,1.0,1.0,1.0,1.0,4.0,6.0,5.0,2.0,1.0,5.0,6.0,6.0,6.0,4.0,2.0,4.0,5.0,2.0,1.0,5.0,3.0,512.0,2048.0,1.0,512.0,128.0,1.0,1.0,1.0,1.0,1.0,1.0,1.0,2324829192.0,4470809.02,1396670000.0,7.636621999999998,1320.0,514.0,2752512.0,1.039386732155291e+16,9.85,0.53203125,107.6,231219.2
2048.0,2048000.0,256.0,64.0,3.0,10.0,22.0,18.0,2.0,4.0,2.0,4.0,6.0,4.0,1.0,2.0,6.0,5.0,2.0,6.0,4.0,6.0,3.0,3.0,3.0,6.0,2.0,6.0,5.0,2.0,4.0,1.0,512.0,32.0,1.0,384.0,96.0,1.0,1.0,1.0,1.0,1.0,1.0,1.0,2.0,2.0,5.0,3.0,4.0,4.0,3.0,3.0,6.0,6.0,6.0,6.0,5.0,1.0,6.0,5.0,6.0,1.0,64.0,2.0,1.0,1.0,1.0,1.0,32.0,2.0,1.0,1.0,1.0,1.0,1.0,4.0,6.0,2.0,4.0,1.0,6.0,3.0,2.0,4.0,2.0,4.0,5.0,4.0,1.0,4.0,4.0,6.0,8.0,4.0,1.0,1.0,64.0,1.0,8.0,16.0,1.0,1.0,1.0,1.0,3.0,6.0,2.0,1.0,6.0,1.0,1.0,6.0,4.0,6.0,6.0,3.0,2.0,6.0,6.0,4.0,1.0,6.0,16.0,2.0,1.0,1.0,256.0,1.0,1.0,1.0,1.0,1.0,1.0,1.0,4.0,2.0,5.0,5.0,5.0,4.0,3.0,1.0,2.0,2.0,2.0,4.0,4.0,4.0,6.0,6.0,2.0,2.0,64.0,2.0,1.0,64.0,64.0,1.0,1.0,1.0,1.0,1.0,1.0,1.0,5.0,1.0,2.0,2.0,5.0,1.0,1.0,5.0,5.0,3.0,5.0,1.0,6.0,5.0,4.0,6.0,4.0,6.0,4.0,128.0,1.0,32.0,512.0,1.0,1.0,1.0,1.0,1.0,1.0,1.0,1081553328.0,4082377.14,9515360000.0,25.274535,3960.0,514.0,622592.0,4415308581918122.0,11.049985,1.10215046,107.6,54860.8
256.0,32000000.0,256.0,64.0,1.0,20.0,10.0,26.0,5.0,5.0,1.0,6.0,3.0,4.0,3.0,5.0,4.0,6.0,5.0,6.0,3.0,5.0,1.0,6.0,5.0,6.0,4.0,5.0,1.0,4.0,6.0,4.0,128.0,16.0,1.0,4.0,384.0,1.0,1.0,1.0,1.0,1.0,1.0,1.0,3.0,1.0,6.0,3.0,4.0,5.0,6.0,6.0,5.0,2.0,2.0,6.0,2.0,5.0,3.0,3.0,5.0,2.0,16.0,64.0,1.0,2.0,16.0,1.0,1.0,16.0,1.0,1.0,1.0,1.0,1.0,3.0,4.0,4.0,5.0,2.0,6.0,4.0,5.0,2.0,4.0,3.0,5.0,5.0,1.0,2.0,1.0,2.0,8.0,128.0,1.0,8.0,32.0,1.0,4.0,32.0,1.0,1.0,1.0,1.0,4.0,5.0,1.0,4.0,3.0,5.0,3.0,3.0,1.0,2.0,3.0,4.0,3.0,4.0,6.0,4.0,4.0,2.0,8.0,1.0,1.0,4.0,1.0,1.0,1.0,1.0,1.0,1.0,1.0,1.0,1.0,4.0,1.0,5.0,5.0,5.0,1.0,5.0,2.0,6.0,4.0,6.0,6.0,4.0,2.0,4.0,5.0,4.0,4.0,32.0,1.0,1024.0,32.0,1.0,1.0,1.0,1.0,1.0,1.0,1.0,1.0,1.0,1.0,1.0,6.0,6.0,2.0,4.0,2.0,3.0,2.0,4.0,4.0,2.0,4.0,1.0,6.0,5.0,1024.0,2048.0,1.0,1.0,512.0,1.0,1.0,1.0,1.0,1.0,1.0,1.0,2516582520.0,19311402.0,11088400.0,0.12613300000000002,26.0,514.0,514.0,4.859873670989304e+16,1.0,1.3945800000000002,107.6,107.6
128000.0,16000000.0,256.0,64.0,2.0,24.0,30.0,36.0,6.0,2.0,2.0,2.0,4.0,6.0,1.0,3.0,3.0,3.0,1.0,4.0,2.0,2.0,6.0,6.0,1.0,6.0,3.0,5.0,1.0,3.0,1.0,3.0,32.0,4.0,1.0,64.0,8.0,1.0,1.0,1.0,1.0,1.0,1.0,1.0,6.0,5.0,5.0,3.0,2.0,5.0,3.0,4.0,6.0,5.0,6.0,5.0,2.0,6.0,4.0,6.0,2.0,1.0,4.0,32.0,1.0,2.0,64.0,1.0,128.0,1.0,1.0,1.0,1.0,1.0,2.0,2.0,1.0,6.0,5.0,4.0,5.0,5.0,4.0,2.0,3.0,1.0,5.0,1.0,3.0,4.0,1.0,3.0,8.0,128.0,1.0,2.0,8.0,1.0,8.0,64.0,1.0,1.0,1.0,1.0,3.0,3.0,4.0,5.0,6.0,1.0,6.0,2.0,3.0,4.0,6.0,6.0,6.0,3.0,3.0,6.0,3.0,5.0,32.0,8.0,1.0,1.0,256.0,1.0,1.0,1.0,1.0,1.0,1.0,1.0,2.0,1.0,5.0,4.0,5.0,4.0,6.0,4.0,4.0,3.0,5.0,5.0,1.0,3.0,4.0,4.0,1.0,4.0,128.0,32.0,1.0,256.0,128.0,1.0,1.0,1.0,1.0,1.0,1.0,1.0,3.0,4.0,2.0,6.0,3.0,5.0,6.0,6.0,4.0,4.0,2.0,3.0,2.0,5.0,3.0,4.0,2.0,1.0,2.0,4.0,1.0,4.0,256.0,1.0,1.0,1.0,1.0,1.0,1.0,1.0,117642768.0,4309742.6,1010570000.0,5.557593500000001,1080.0,514.0,294912.0,507010048831516.75,17.409519999999997,8.23017325,107.6,21624.0
128000.0,16000.0,256.0,64.0,1.0,14.0,26.0,22.0,6.0,3.0,3.0,2.0,1.0,6.0,4.0,6.0,1.0,5.0,1.0,3.0,2.0,3.0,4.0,3.0,1.0,3.0,4.0,4.0,6.0,6.0,1.0,1.0,1.0,64.0,1.0,24.0,32.0,1.0,1.0,1.0,1.0,1.0,1.0,1.0,3.0,1.0,5.0,3.0,5.0,3.0,6.0,3.0,5.0,1.0,4.0,3.0,3.0,5.0,6.0,1.0,1.0,2.0,4.0,1.0,1.0,8.0,64.0,1.0,2.0,8.0,1.0,1.0,1.0,1.0,3.0,6.0,3.0,4.0,2.0,1.0,2.0,4.0,3.0,4.0,3.0,3.0,3.0,6.0,3.0,5.0,3.0,2.0,4.0,1.0,1.0,2.0,64.0,1.0,64.0,64.0,1.0,1.0,1.0,1.0,6.0,2.0,5.0,5.0,2.0,6.0,3.0,2.0,6.0,2.0,4.0,3.0,5.0,4.0,5.0,1.0,6.0,2.0,1.0,2.0,1.0,8.0,128.0,1.0,1.0,1.0,1.0,1.0,1.0,1.0,2.0,2.0,1.0,4.0,5.0,5.0,5.0,3.0,5.0,6.0,5.0,2.0,2.0,6.0,4.0,1.0,5.0,4.0,64.0,256.0,1.0,1024.0,256.0,1.0,1.0,1.0,1.0,1.0,1.0,1.0,3.0,3.0,5.0,6.0,3.0,5.0,1.0,2.0,3.0,6.0,5.0,2.0,6.0,2.0,4.0,5.0,2.0,6.0,1024.0,1024.0,1.0,64.0,64.0,1.0,1.0,1.0,1.0,1.0,1.0,1.0,117178752.0,8814944.16,9452600.0,0.11171764000000003,22.0,514.0,5932.0,1032924155618488.4,21.355995000000007,23.9630595,107.6,1258.4
1024000.0,16000000.0,256.0,64.0,2.0,28.0,6.0,22.0,5.0,3.0,2.0,3.0,6.0,3.0,1.0,4.0,4.0,2.0,5.0,6.0,6.0,3.0,5.0,3.0,6.0,6.0,1.0,2.0,1.0,4.0,1.0,6.0,128.0,2.0,1.0,256.0,1536.0,1.0,1.0,1.0,1.0,1.0,1.0,1.0,1.0,6.0,1.0,3.0,5.0,6.0,5.0,1.0,4.0,2.0,4.0,6.0,2.0,2.0,6.0,1.0,5.0,3.0,2.0,16.0,1.0,1.0,16.0,1.0,4.0,64.0,1.0,1.0,1.0,1.0,2.0,3.0,3.0,1.0,4.0,2.0,4.0,2.0,2.0,1.0,4.0,6.0,6.0,4.0,4.0,2.0,2.0,5.0,64.0,64.0,1.0,4.0,1.0,1.0,32.0,64.0,1.0,1.0,1.0,1.0,1.0,1.0,2.0,3.0,5.0,4.0,2.0,1.0,5.0,3.0,2.0,4.0,2.0,3.0,1.0,2.0,6.0,1.0,256.0,512.0,1.0,1.0,1.0,1.0,1.0,1.0,1.0,1.0,1.0,1.0,3.0,1.0,6.0,5.0,5.0,2.0,5.0,6.0,6.0,6.0,1.0,5.0,2.0,6.0,3.0,6.0,1.0,6.0,256.0,128.0,1.0,32.0,1024.0,1.0,1.0,1.0,1.0,1.0,1.0,1.0,1.0,4.0,1.0,3.0,2.0,3.0,3.0,5.0,3.0,6.0,4.0,1.0,6.0,4.0,2.0,1.0,5.0,6.0,64.0,4.0,1.0,16.0,32.0,1.0,1.0,1.0,1.0,1.0,1.0,1.0,584750826.0,6672116.6,60400300.0,0.65885265,132.0,514.0,67072.0,3901525693018311.5,11.76665,4.8499371,107.6,11115.2
256.0,1024000.0,256.0,64.0,2.0,26.0,16.0,38.0,1.0,3.0,6.0,4.0,5.0,5.0,2.0,3.0,5.0,5.0,6.0,5.0,4.0,1.0,5.0,4.0,4.0,3.0,4.0,6.0,1.0,3.0,1.0,4.0,64.0,2.0,1.0,64.0,96.0,1.0,1.0,1.0,1.0,1.0,1.0,1.0,4.0,1.0,2.0,1.0,6.0,6.0,3.0,3.0,6.0,4.0,4.0,5.0,3.0,5.0,6.0,6.0,4.0,5.0,1.0,32.0,1.0,16.0,16.0,1.0,64.0,64.0,1.0,1.0,1.0,1.0,5.0,2.0,1.0,2.0,1.0,6.0,1.0,3.0,2.0,2.0,6.0,6.0,6.0,2.0,1.0,1.0,2.0,5.0,8.0,128.0,1.0,16.0,8.0,1.0,8.0,2.0,1.0,1.0,1.0,1.0,1.0,3.0,2.0,3.0,3.0,3.0,3.0,2.0,5.0,6.0,5.0,1.0,5.0,2.0,2.0,5.0,4.0,3.0,4.0,16.0,1.0,32.0,32.0,1.0,1.0,1.0,1.0,1.0,1.0,1.0,4.0,5.0,2.0,6.0,1.0,3.0,1.0,6.0,3.0,4.0,4.0,3.0,4.0,2.0,3.0,6.0,5.0,4.0,2.0,16.0,1.0,512.0,4.0,1.0,1.0,1.0,1.0,1.0,1.0,1.0,1.0,3.0,2.0,4.0,1.0,3.0,2.0,3.0,6.0,4.0,6.0,1.0,1.0,5.0,4.0,4.0,5.0,4.0,128.0,32.0,1.0,1.0,2.0,1.0,1.0,1.0,1.0,1.0,1.0,1.0,2445312288.0,12079726.48,422980000.0,2.9775395,608.0,514.0,17152.0,2.9538703597222988e+16,7.4,1.8862436,107.6,4048.8
256000.0,2048000.0,256.0,64.0,3.0,6.0,40.0,28.0,2.0,4.0,6.0,3.0,3.0,3.0,4.0,4.0,4.0,4.0,4.0,4.0,6.0,4.0,5.0,3.0,6.0,3.0,5.0,2.0,4.0,6.0,5.0,5.0,16.0,32.0,1.0,96.0,2.0,1.0,1.0,1.0,1.0,1.0,1.0,1.0,3.0,4.0,6.0,1.0,4.0,1.0,1.0,6.0,1.0,6.0,5.0,5.0,5.0,3.0,4.0,3.0,5.0,6.0,16.0,16.0,1.0,8.0,32.0,1.0,64.0,1.0,1.0,1.0,1.0,1.0,6.0,1.0,1.0,3.0,6.0,1.0,2.0,5.0,2.0,3.0,2.0,4.0,5.0,1.0,2.0,2.0,4.0,4.0,1.0,32.0,1.0,8.0,128.0,1.0,8.0,64.0,1.0,1.0,1.0,1.0,2.0,2.0,4.0,5.0,2.0,1.0,4.0,6.0,2.0,2.0,6.0,5.0,5.0,6.0,5.0,2.0,3.0,3.0,512.0,128.0,1.0,32.0,8.0,1.0,1.0,1.0,1.0,1.0,1.0,1.0,2.0,1.0,2.0,1.0,1.0,5.0,5.0,6.0,2.0,1.0,1.0,1.0,6.0,1.0,3.0,4.0,6.0,4.0,4.0,128.0,1.0,128.0,64.0,1.0,1.0,1.0,1.0,1.0,1.0,1.0,4.0,2.0,2.0,1.0,6.0,3.0,4.0,4.0,6.0,5.0,4.0,5.0,5.0,3.0,4.0,5.0,4.0,6.0,64.0,512.0,1.0,2.0,64.0,1.0,1.0,1.0,1.0,1.0,1.0,1.0,512920008.0,4033218.2200000007,25598500000.0,50.838795,6720.0,514.0,212992.0,2068718321668146.0,12.7,0.29960939999999997,107.6,42905.6
64000.0,16000.0,256.0,64.0,2.0,16.0,32.0,32.0,2.0,5.0,6.0,6.0,6.0,5.0,4.0,3.0,3.0,6.0,6.0,2.0,3.0,3.0,1.0,4.0,6.0,2.0,4.0,5.0,4.0,6.0,1.0,5.0,16.0,128.0,1.0,24.0,384.0,1.0,1.0,1.0,1.0,1.0,1.0,1.0,6.0,5.0,4.0,1.0,6.0,4.0,2.0,4.0,5.0,4.0,5.0,2.0,3.0,1.0,5.0,4.0,2.0,1.0,16.0,1.0,1.0,16.0,64.0,1.0,64.0,2.0,1.0,1.0,1.0,1.0,6.0,1.0,4.0,3.0,4.0,3.0,5.0,3.0,4.0,1.0,2.0,3.0,6.0,4.0,4.0,4.0,1.0,2.0,2.0,16.0,1.0,64.0,1.0,1.0,32.0,16.0,1.0,1.0,1.0,1.0,5.0,6.0,5.0,2.0,4.0,2.0,3.0,1.0,1.0,4.0,3.0,1.0,6.0,3.0,2.0,6.0,2.0,5.0,16.0,1.0,1.0,1.0,32.0,1.0,1.0,1.0,1.0,1.0,1.0,1.0,1.0,6.0,4.0,1.0,1.0,2.0,3.0,1.0,4.0,2.0,2.0,3.0,5.0,5.0,4.0,4.0,6.0,3.0,512.0,8.0,1.0,1024.0,4.0,1.0,1.0,1.0,1.0,1.0,1.0,1.0,4.0,6.0,2.0,3.0,5.0,6.0,3.0,2.0,3.0,4.0,3.0,2.0,6.0,2.0,6.0,1.0,4.0,4.0,2.0,32.0,1.0,4.0,2.0,1.0,1.0,1.0,1.0,1.0,1.0,1.0,2433872076.0,7407595.659999999,928961000.0,5.180154500000001,1024.0,514.0,11008.0,1.8029140227172788e+16,14.6,13.273776820000002,107.6,1822.9
256.0,512000.0,256.0,64.0,2.0,10.0,6.0,12.0,6.0,3.0,6.0,2.0,5.0,6.0,4.0,4.0,3.0,3.0,1.0,3.0,5.0,5.0,1.0,2.0,1.0,5.0,2.0,4.0,4.0,4.0,3.0,3.0,16.0,4.0,1.0,4.0,32.0,1.0,1.0,1.0,1.0,1.0,1.0,1.0,3.0,5.0,2.0,2.0,1.0,5.0,4.0,3.0,5.0,1.0,5.0,2.0,5.0,5.0,6.0,1.0,3.0,4.0,1.0,4.0,1.0,64.0,1.0,1.0,2.0,1.0,1.0,1.0,1.0,1.0,4.0,5.0,1.0,6.0,2.0,3.0,5.0,6.0,2.0,6.0,5.0,4.0,2.0,6.0,2.0,4.0,6.0,3.0,32.0,1.0,1.0,64.0,8.0,1.0,4.0,1.0,1.0,1.0,1.0,1.0,3.0,2.0,1.0,1.0,2.0,4.0,5.0,2.0,3.0,2.0,1.0,3.0,4.0,1.0,2.0,1.0,6.0,4.0,2.0,256.0,1.0,16.0,64.0,1.0,1.0,1.0,1.0,1.0,1.0,1.0,1.0,6.0,5.0,2.0,2.0,6.0,4.0,1.0,1.0,3.0,6.0,6.0,5.0,1.0,2.0,1.0,3.0,3.0,64.0,8.0,1.0,256.0,2048.0,1.0,1.0,1.0,1.0,1.0,1.0,1.0,5.0,2.0,2.0,3.0,2.0,5.0,3.0,5.0,1.0,4.0,6.0,3.0,6.0,2.0,6.0,2.0,1.0,1.0,1024.0,128.0,1.0,4.0,64.0,1.0,1.0,1.0,1.0,1.0,1.0,1.0,454130976.0,5064343.86,31099500.0,0.39484555,72.0,514.0,203776.0,2299875419941407.5,5.8007029999999995,1.6436282049999997,107.6,16114.4
1024.0,16000.0,256.0,64.0,2.0,30.0,38.0,42.0,4.0,6.0,4.0,2.0,2.0,2.0,4.0,6.0,3.0,5.0,2.0,5.0,5.0,6.0,3.0,6.0,3.0,2.0,3.0,2.0,1.0,1.0,5.0,6.0,512.0,64.0,1.0,96.0,6.0,1.0,1.0,1.0,1.0,1.0,1.0,1.0,4.0,6.0,3.0,5.0,4.0,1.0,1.0,4.0,3.0,5.0,1.0,4.0,2.0,4.0,1.0,6.0,1.0,4.0,1.0,16.0,1.0,8.0,4.0,1.0,2.0,16.0,1.0,1.0,1.0,1.0,3.0,2.0,2.0,2.0,1.0,2.0,1.0,3.0,4.0,3.0,3.0,4.0,5.0,2.0,6.0,6.0,4.0,1.0,64.0,4.0,1.0,128.0,8.0,1.0,1.0,2.0,1.0,1.0,1.0,1.0,1.0,5.0,2.0,1.0,1.0,6.0,2.0,3.0,4.0,1.0,3.0,5.0,6.0,2.0,5.0,2.0,2.0,4.0,32.0,32.0,1.0,64.0,32.0,1.0,1.0,1.0,1.0,1.0,1.0,1.0,5.0,3.0,3.0,3.0,6.0,4.0,5.0,2.0,5.0,1.0,2.0,1.0,3.0,1.0,2.0,2.0,2.0,3.0,64.0,512.0,1.0,512.0,128.0,1.0,1.0,1.0,1.0,1.0,1.0,1.0,1.0,5.0,1.0,6.0,6.0,3.0,3.0,1.0,3.0,4.0,5.0,5.0,4.0,6.0,3.0,3.0,2.0,5.0,512.0,32.0,1.0,4.0,16.0,1.0,1.0,1.0,1.0,1.0,1.0,1.0,5963688.0,4721625.34,1912760000.0,8.652247000000001,1596.0,514.0,770048.0,28158300380653.918,199.31449999999998,36.97272000000001,107.6,55544.0
128000.0,2048000.0,256.0,64.0,3.0,32.0,10.0,14.0,4.0,6.0,3.0,4.0,5.0,3.0,4.0,3.0,2.0,6.0,6.0,6.0,2.0,1.0,1.0,3.0,4.0,6.0,1.0,5.0,2.0,1.0,4.0,2.0,256.0,64.0,1.0,768.0,12.0,1.0,1.0,1.0,1.0,1.0,1.0,1.0,3.0,2.0,1.0,5.0,2.0,4.0,5.0,6.0,1.0,1.0,2.0,1.0,1.0,3.0,5.0,1.0,2.0,3.0,64.0,1.0,1.0,16.0,2.0,1.0,64.0,64.0,1.0,1.0,1.0,1.0,3.0,4.0,3.0,1.0,3.0,5.0,2.0,3.0,3.0,5.0,2.0,4.0,4.0,6.0,5.0,2.0,1.0,2.0,16.0,8.0,1.0,2.0,64.0,1.0,64.0,2.0,1.0,1.0,1.0,1.0,6.0,6.0,3.0,4.0,2.0,4.0,1.0,3.0,3.0,3.0,1.0,5.0,2.0,3.0,6.0,1.0,1.0,4.0,8.0,8.0,1.0,256.0,64.0,1.0,1.0,1.0,1.0,1.0,1.0,1.0,3.0,3.0,1.0,1.0,2.0,1.0,2.0,5.0,6.0,2.0,1.0,4.0,5.0,6.0,6.0,3.0,5.0,5.0,4.0,16.0,1.0,16.0,128.0,1.0,1.0,1.0,1.0,1.0,1.0,1.0,3.0,3.0,6.0,4.0,4.0,4.0,6.0,4.0,5.0,4.0,3.0,2.0,4.0,4.0,2.0,6.0,4.0,4.0,2.0,8.0,1.0,32.0,16.0,1.0,1.0,1.0,1.0,1.0,1.0,1.0,84293412.0,4554560.14,11952000000.0,29.786364999999993,4480.0,514.0,1048576.0,383919414359797.6,16.48,0.5214845,107.6,112230.4
2048000.0,2048000.0,256.0,64.0,3.0,44.0,40.0,10.0,3.0,4.0,6.0,6.0,2.0,3.0,4.0,4.0,5.0,4.0,1.0,6.0,2.0,2.0,1.0,3.0,3.0,1.0,2.0,6.0,6.0,2.0,6.0,4.0,2.0,512.0,1.0,32.0,4.0,1.0,1.0,1.0,1.0,1.0,1.0,1.0,4.0,1.0,6.0,3.0,2.0,3.0,1.0,2.0,6.0,5.0,3.0,1.0,6.0,6.0,2.0,4.0,6.0,4.0,4.0,4.0,1.0,1.0,64.0,1.0,8.0,128.0,1.0,1.0,1.0,1.0,1.0,3.0,1.0,2.0,5.0,5.0,6.0,1.0,1.0,3.0,5.0,1.0,5.0,4.0,5.0,2.0,2.0,6.0,64.0,64.0,1.0,16.0,128.0,1.0,16.0,8.0,1.0,1.0,1.0,1.0,1.0,6.0,6.0,1.0,6.0,4.0,2.0,3.0,1.0,5.0,1.0,5.0,6.0,6.0,2.0,1.0,6.0,2.0,8.0,32.0,1.0,4.0,16.0,1.0,1.0,1.0,1.0,1.0,1.0,1.0,5.0,3.0,3.0,1.0,5.0,3.0,4.0,5.0,5.0,3.0,3.0,1.0,4.0,2.0,5.0,4.0,3.0,6.0,32.0,2.0,1.0,2.0,2.0,1.0,1.0,1.0,1.0,1.0,1.0,1.0,1.0,3.0,2.0,2.0,2.0,3.0,2.0,5.0,3.0,2.0,6.0,3.0,2.0,2.0,5.0,3.0,3.0,6.0,4.0,4.0,1.0,4.0,4.0,1.0,1.0,1.0,1.0,1.0,1.0,1.0,862789236.0,5922055.6,164626000000.0,216.76270000000002,17600.0,514.0,172032.0,5109485826673521.0,13.9,0.14373202999999998,107.6,33364.8
1024000.0,128000.0,256.0,64.0,2.0,8.0,32.0,2.0,4.0,2.0,2.0,5.0,1.0,2.0,4.0,4.0,6.0,4.0,6.0,3.0,5.0,6.0,4.0,4.0,2.0,3.0,4.0,3.0,4.0,5.0,4.0,3.0,16.0,16.0,1.0,384.0,3.0,1.0,1.0,1.0,1.0,1.0,1.0,1.0,1.0,6.0,4.0,4.0,2.0,5.0,5.0,2.0,6.0,1.0,1.0,5.0,3.0,6.0,1.0,6.0,2.0,2.0,16.0,2.0,1.0,128.0,8.0,1.0,128.0,64.0,1.0,1.0,1.0,1.0,3.0,1.0,2.0,4.0,6.0,4.0,1.0,1.0,6.0,4.0,2.0,6.0,1.0,1.0,2.0,1.0,6.0,6.0,16.0,16.0,1.0,1.0,16.0,1.0,1.0,32.0,1.0,1.0,1.0,1.0,6.0,6.0,4.0,5.0,5.0,1.0,4.0,2.0,5.0,2.0,2.0,3.0,3.0,6.0,5.0,5.0,1.0,1.0,2.0,1.0,1.0,2.0,128.0,1.0,1.0,1.0,1.0,1.0,1.0,1.0,3.0,1.0,4.0,5.0,5.0,6.0,2.0,6.0,2.0,6.0,6.0,4.0,2.0,1.0,1.0,3.0,3.0,4.0,128.0,8.0,1.0,1024.0,4.0,1.0,1.0,1.0,1.0,1.0,1.0,1.0,5.0,5.0,1.0,1.0,2.0,5.0,4.0,3.0,2.0,3.0,4.0,2.0,5.0,5.0,5.0,5.0,5.0,1.0,16.0,64.0,1.0,1.0,4.0,1.0,1.0,1.0,1.0,1.0,1.0,1.0,1364312304.0,7747816.899999999,27447400.0,0.30617634999999993,64.0,514.0,4960.0,1.0570441925809136e+16,1.95,1.2278334499999999,107.6,1213.8
128000.0,512000.0,256.0,64.0,2.0,40.0,8.0,8.0,6.0,2.0,1.0,2.0,4.0,4.0,6.0,5.0,3.0,4.0,5.0,4.0,1.0,1.0,6.0,5.0,4.0,5.0,3.0,3.0,1.0,4.0,6.0,5.0,4.0,128.0,1.0,768.0,4.0,1.0,1.0,1.0,1.0,1.0,1.0,1.0,5.0,4.0,2.0,4.0,4.0,1.0,1.0,1.0,5.0,3.0,1.0,5.0,1.0,6.0,5.0,3.0,2.0,6.0,1.0,2.0,1.0,16.0,128.0,1.0,8.0,128.0,1.0,1.0,1.0,1.0,5.0,3.0,4.0,6.0,1.0,6.0,2.0,4.0,4.0,4.0,3.0,2.0,2.0,3.0,4.0,4.0,2.0,3.0,64.0,4.0,1.0,128.0,128.0,1.0,1.0,32.0,1.0,1.0,1.0,1.0,3.0,1.0,1.0,5.0,2.0,4.0,3.0,3.0,1.0,1.0,2.0,2.0,6.0,6.0,2.0,5.0,6.0,3.0,64.0,64.0,1.0,1.0,4.0,1.0,1.0,1.0,1.0,1.0,1.0,1.0,2.0,5.0,3.0,1.0,3.0,4.0,5.0,2.0,2.0,1.0,1.0,5.0,4.0,3.0,2.0,1.0,5.0,5.0,1.0,8.0,1.0,32.0,64.0,1.0,1.0,1.0,1.0,1.0,1.0,1.0,3.0,3.0,4.0,6.0,4.0,2.0,2.0,6.0,5.0,4.0,3.0,2.0,5.0,1.0,4.0,3.0,5.0,5.0,32.0,16.0,1.0,256.0,64.0,1.0,1.0,1.0,1.0,1.0,1.0,1.0,314702640.0,4714699.7,27460600.0,0.35224265000000005,64.0,514.0,132352.0,1483728442397208.0,8.0,2.9402984450000003,107.6,14566.4
1024.0,256000.0,256.0,64.0,2.0,24.0,42.0,4.0,6.0,5.0,2.0,6.0,2.0,6.0,1.0,3.0,3.0,1.0,4.0,3.0,4.0,5.0,6.0,3.0,1.0,6.0,6.0,6.0,3.0,1.0,3.0,1.0,4.0,1.0,1.0,256.0,256.0,1.0,1.0,1.0,1.0,1.0,1.0,1.0,3.0,1.0,1.0,3.0,6.0,5.0,1.0,5.0,4.0,5.0,4.0,4.0,1.0,5.0,1.0,1.0,4.0,4.0,8.0,16.0,1.0,2.0,2.0,1.0,2.0,4.0,1.0,1.0,1.0,1.0,6.0,1.0,1.0,2.0,4.0,6.0,1.0,2.0,5.0,4.0,1.0,5.0,4.0,4.0,3.0,1.0,3.0,6.0,32.0,16.0,1.0,32.0,2.0,1.0,8.0,2.0,1.0,1.0,1.0,1.0,5.0,2.0,3.0,2.0,6.0,5.0,6.0,2.0,1.0,1.0,5.0,1.0,5.0,2.0,4.0,1.0,1.0,4.0,32.0,128.0,1.0,4.0,16.0,1.0,1.0,1.0,1.0,1.0,1.0,1.0,2.0,5.0,5.0,3.0,4.0,1.0,1.0,2.0,2.0,4.0,4.0,4.0,3.0,3.0,5.0,1.0,6.0,3.0,64.0,1.0,1.0,4.0,64.0,1.0,1.0,1.0,1.0,1.0,1.0,1.0,2.0,6.0,1.0,3.0,6.0,3.0,6.0,4.0,1.0,2.0,5.0,3.0,5.0,2.0,2.0,6.0,4.0,5.0,256.0,512.0,1.0,1.0,2.0,1.0,1.0,1.0,1.0,1.0,1.0,1.0,161959362.0,5119974.780000001,79798500.0,0.9265555999999999,168.0,514.0,528640.0,829227848824890.5,11.538460000000002,3.263036345,107.6,39357.6
2048.0,64000.0,256.0,64.0,2.0,14.0,46.0,2.0,4.0,6.0,6.0,6.0,2.0,2.0,6.0,3.0,3.0,3.0,4.0,3.0,1.0,5.0,1.0,1.0,6.0,1.0,2.0,5.0,6.0,6.0,1.0,1.0,128.0,8.0,1.0,12.0,256.0,1.0,1.0,1.0,1.0,1.0,1.0,1.0,6.0,3.0,4.0,3.0,1.0,6.0,1.0,1.0,5.0,2.0,4.0,4.0,4.0,2.0,6.0,3.0,1.0,2.0,4.0,16.0,1.0,32.0,1.0,1.0,4.0,2.0,1.0,1.0,1.0,1.0,3.0,5.0,4.0,3.0,4.0,6.0,3.0,5.0,2.0,5.0,5.0,4.0,3.0,2.0,2.0,2.0,4.0,6.0,8.0,4.0,1.0,1.0,2.0,1.0,4.0,32.0,1.0,1.0,1.0,1.0,6.0,1.0,2.0,6.0,2.0,6.0,6.0,2.0,2.0,1.0,2.0,5.0,2.0,3.0,3.0,5.0,3.0,5.0,1.0,2.0,1.0,1.0,2.0,1.0,1.0,1.0,1.0,1.0,1.0,1.0,5.0,3.0,1.0,1.0,1.0,4.0,3.0,4.0,2.0,5.0,5.0,2.0,6.0,6.0,5.0,6.0,6.0,1.0,512.0,256.0,1.0,128.0,4.0,1.0,1.0,1.0,1.0,1.0,1.0,1.0,6.0,1.0,5.0,5.0,2.0,5.0,5.0,3.0,5.0,1.0,1.0,6.0,2.0,2.0,5.0,3.0,3.0,6.0,512.0,256.0,1.0,8.0,32.0,1.0,1.0,1.0,1.0,1.0,1.0,1.0,64358730.0,5342678.399999999,40478500.0,0.5585797499999997,92.0,514.0,348160.0,343847996622431.94,76.26664499999998,23.740335499999997,107.6,36500.6
32000.0,128000.0,256.0,64.0,1.0,32.0,40.0,26.0,2.0,2.0,6.0,3.0,3.0,4.0,4.0,6.0,3.0,3.0,3.0,2.0,4.0,1.0,3.0,3.0,1.0,6.0,6.0,2.0,5.0,6.0,3.0,6.0,64.0,512.0,1.0,12.0,256.0,1.0,1.0,1.0,1.0,1.0,1.0,1.0,1.0,6.0,1.0,1.0,1.0,5.0,4.0,6.0,1.0,4.0,5.0,2.0,6.0,5.0,4.0,3.0,3.0,5.0,2.0,4.0,1.0,16.0,128.0,1.0,16.0,16.0,1.0,1.0,1.0,1.0,2.0,1.0,6.0,2.0,1.0,2.0,4.0,1.0,3.0,3.0,1.0,4.0,4.0,4.0,1.0,1.0,2.0,4.0,8.0,4.0,1.0,2.0,8.0,1.0,1.0,64.0,1.0,1.0,1.0,1.0,1.0,3.0,6.0,1.0,3.0,6.0,5.0,6.0,4.0,2.0,2.0,4.0,2.0,4.0,6.0,6.0,1.0,3.0,8.0,16.0,1.0,512.0,512.0,1.0,1.0,1.0,1.0,1.0,1.0,1.0,2.0,2.0,3.0,1.0,2.0,4.0,6.0,3.0,5.0,6.0,3.0,4.0,3.0,6.0,4.0,4.0,3.0,3.0,4.0,2.0,1.0,16.0,1.0,1.0,1.0,1.0,1.0,1.0,1.0,1.0,5.0,6.0,6.0,3.0,1.0,4.0,4.0,6.0,5.0,3.0,6.0,4.0,5.0,4.0,1.0,1.0,6.0,6.0,256.0,512.0,1.0,512.0,256.0,1.0,1.0,1.0,1.0,1.0,1.0,1.0,2420244600.0,19881326.64,11088400.0,0.12640899999999994,26.0,514.0,514.0,4.811767344129614e+16,18.973320000000005,18.97578,107.6,187.6
32000.0,256000.0,256.0,64.0,2.0,40.0,40.0,48.0,5.0,6.0,3.0,2.0,2.0,2.0,6.0,1.0,2.0,4.0,1.0,1.0,3.0,3.0,6.0,3.0,4.0,1.0,3.0,2.0,4.0,6.0,4.0,4.0,256.0,16.0,1.0,96.0,16.0,1.0,1.0,1.0,1.0,1.0,1.0,1.0,3.0,5.0,3.0,1.0,1.0,3.0,4.0,4.0,2.0,3.0,5.0,4.0,2.0,4.0,6.0,6.0,6.0,4.0,8.0,32.0,1.0,64.0,16.0,1.0,16.0,2.0,1.0,1.0,1.0,1.0,2.0,6.0,3.0,1.0,3.0,2.0,5.0,2.0,6.0,5.0,5.0,6.0,3.0,2.0,3.0,5.0,4.0,4.0,2.0,64.0,1.0,4.0,4.0,1.0,8.0,2.0,1.0,1.0,1.0,1.0,3.0,6.0,2.0,1.0,1.0,3.0,4.0,1.0,6.0,6.0,1.0,4.0,6.0,3.0,6.0,5.0,4.0,6.0,256.0,64.0,1.0,1.0,1.0,1.0,1.0,1.0,1.0,1.0,1.0,1.0,3.0,3.0,5.0,4.0,5.0,4.0,6.0,2.0,5.0,2.0,1.0,2.0,1.0,6.0,3.0,5.0,1.0,5.0,4.0,16.0,1.0,4.0,8.0,1.0,1.0,1.0,1.0,1.0,1.0,1.0,4.0,4.0,5.0,5.0,5.0,5.0,5.0,4.0,4.0,5.0,6.0,5.0,2.0,1.0,6.0,3.0,3.0,2.0,64.0,32.0,1.0,1.0,256.0,1.0,1.0,1.0,1.0,1.0,1.0,1.0,8922552.0,5273356.36,2617850000.0,10.503502999999998,1920.0,514.0,188416.0,47051796336630.73,210.7079,20.310045999999996,107.6,15638.4
256.0,32000.0,256.0,64.0,2.0,34.0,42.0,4.0,1.0,4.0,1.0,1.0,5.0,3.0,6.0,2.0,5.0,5.0,2.0,1.0,6.0,1.0,4.0,2.0,1.0,5.0,6.0,6.0,6.0,3.0,4.0,4.0,2.0,512.0,1.0,384.0,8.0,1.0,1.0,1.0,1.0,1.0,1.0,1.0,1.0,1.0,1.0,4.0,6.0,2.0,4.0,3.0,2.0,2.0,3.0,2.0,5.0,5.0,6.0,2.0,4.0,3.0,16.0,32.0,1.0,64.0,4.0,1.0,4.0,8.0,1.0,1.0,1.0,1.0,4.0,6.0,5.0,4.0,5.0,6.0,4.0,3.0,1.0,4.0,6.0,6.0,5.0,5.0,5.0,4.0,1.0,5.0,4.0,16.0,1.0,128.0,128.0,1.0,64.0,1.0,1.0,1.0,1.0,1.0,6.0,6.0,2.0,1.0,5.0,4.0,6.0,6.0,5.0,4.0,5.0,6.0,1.0,6.0,3.0,2.0,4.0,2.0,32.0,16.0,1.0,16.0,16.0,1.0,1.0,1.0,1.0,1.0,1.0,1.0,4.0,3.0,1.0,4.0,4.0,5.0,3.0,2.0,2.0,6.0,4.0,6.0,4.0,3.0,1.0,4.0,3.0,5.0,2.0,128.0,1.0,8.0,16.0,1.0,1.0,1.0,1.0,1.0,1.0,1.0,4.0,5.0,3.0,5.0,2.0,1.0,5.0,6.0,1.0,3.0,2.0,5.0,6.0,3.0,5.0,3.0,4.0,4.0,8.0,8.0,1.0,2.0,16.0,1.0,1.0,1.0,1.0,1.0,1.0,1.0,831854892.0,9354688.02,79744500.0,0.7957888999999999,168.0,514.0,8704.0,7781742992570793.0,3.9,1.07181815,107.6,1454.4
2048000.0,4096000.0,256.0,64.0,1.0,38.0,28.0,28.0,2.0,5.0,1.0,6.0,3.0,4.0,3.0,6.0,4.0,1.0,5.0,1.0,6.0,1.0,4.0,6.0,1.0,3.0,6.0,5.0,6.0,2.0,5.0,3.0,256.0,32.0,1.0,64.0,48.0,1.0,1.0,1.0,1.0,1.0,1.0,1.0,6.0,4.0,6.0,5.0,6.0,2.0,4.0,6.0,4.0,4.0,1.0,5.0,4.0,5.0,2.0,2.0,1.0,3.0,2.0,2.0,1.0,1.0,1.0,1.0,32.0,2.0,1.0,1.0,1.0,1.0,5.0,4.0,4.0,4.0,5.0,4.0,6.0,6.0,3.0,1.0,4.0,2.0,4.0,5.0,5.0,5.0,2.0,3.0,4.0,4.0,1.0,4.0,128.0,1.0,32.0,4.0,1.0,1.0,1.0,1.0,6.0,5.0,3.0,1.0,1.0,3.0,2.0,6.0,4.0,3.0,6.0,1.0,1.0,2.0,6.0,6.0,4.0,6.0,256.0,1.0,1.0,32.0,4.0,1.0,1.0,1.0,1.0,1.0,1.0,1.0,2.0,4.0,1.0,2.0,4.0,1.0,2.0,1.0,2.0,6.0,4.0,3.0,1.0,5.0,2.0,3.0,6.0,2.0,32.0,32.0,1.0,512.0,1024.0,1.0,1.0,1.0,1.0,1.0,1.0,1.0,3.0,3.0,6.0,3.0,5.0,1.0,6.0,4.0,3.0,1.0,4.0,1.0,5.0,3.0,5.0,2.0,6.0,5.0,1.0,4.0,1.0,1.0,512.0,1.0,1.0,1.0,1.0,1.0,1.0,1.0,2516582520.0,20252691.6,11912700.0,0.13537400000000005,28.0,514.0,514.0,5.096756966351083e+16,1.0,1.4007320000000003,107.6,107.6
16000.0,8192000.0,256.0,64.0,3.0,18.0,2.0,18.0,1.0,2.0,6.0,6.0,4.0,6.0,5.0,3.0,1.0,4.0,5.0,3.0,6.0,1.0,1.0,1.0,4.0,1.0,1.0,3.0,6.0,5.0,3.0,6.0,8.0,32.0,1.0,12.0,256.0,1.0,1.0,1.0,1.0,1.0,1.0,1.0,5.0,1.0,2.0,5.0,5.0,6.0,6.0,2.0,1.0,2.0,1.0,6.0,4.0,3.0,6.0,1.0,4.0,3.0,32.0,64.0,1.0,8.0,16.0,1.0,8.0,1.0,1.0,1.0,1.0,1.0,2.0,2.0,4.0,1.0,5.0,5.0,1.0,4.0,6.0,4.0,1.0,6.0,4.0,2.0,6.0,4.0,2.0,1.0,64.0,64.0,1.0,1.0,32.0,1.0,1.0,32.0,1.0,1.0,1.0,1.0,4.0,6.0,1.0,2.0,2.0,1.0,6.0,4.0,2.0,2.0,2.0,3.0,1.0,1.0,5.0,2.0,3.0,5.0,2.0,16.0,1.0,512.0,512.0,1.0,1.0,1.0,1.0,1.0,1.0,1.0,4.0,3.0,2.0,2.0,4.0,3.0,3.0,4.0,5.0,4.0,1.0,1.0,2.0,2.0,2.0,4.0,3.0,6.0,32.0,1.0,1.0,2048.0,8.0,1.0,1.0,1.0,1.0,1.0,1.0,1.0,4.0,5.0,1.0,1.0,5.0,1.0,1.0,5.0,3.0,6.0,4.0,3.0,2.0,5.0,5.0,1.0,2.0,3.0,8.0,1.0,1.0,64.0,128.0,1.0,1.0,1.0,1.0,1.0,1.0,1.0,2445589440.0,4594357.48,464035000.0,3.3857160000000004,648.0,514.0,663552.0,1.1235912136673012e+16,7.4,0.108756515,107.6,62668.8
2048000.0,8192000.0,256.0,64.0,2.0,20.0,18.0,18.0,1.0,3.0,4.0,1.0,6.0,1.0,1.0,6.0,4.0,3.0,6.0,4.0,6.0,2.0,4.0,6.0,5.0,3.0,4.0,2.0,2.0,4.0,2.0,4.0,4.0,32.0,1.0,64.0,24.0,1.0,1.0,1.0,1.0,1.0,1.0,1.0,3.0,2.0,2.0,5.0,3.0,2.0,6.0,6.0,5.0,6.0,4.0,2.0,6.0,2.0,1.0,4.0,3.0,6.0,4.0,32.0,1.0,64.0,8.0,1.0,2.0,1.0,1.0,1.0,1.0,1.0,1.0,5.0,1.0,4.0,6.0,4.0,1.0,1.0,4.0,4.0,6.0,5.0,5.0,2.0,2.0,1.0,3.0,4.0,4.0,32.0,1.0,16.0,128.0,1.0,1.0,4.0,1.0,1.0,1.0,1.0,5.0,2.0,5.0,1.0,5.0,1.0,5.0,2.0,6.0,3.0,2.0,3.0,6.0,4.0,2.0,6.0,5.0,2.0,64.0,4.0,1.0,2.0,8.0,1.0,1.0,1.0,1.0,1.0,1.0,1.0,5.0,6.0,6.0,3.0,2.0,2.0,6.0,3.0,6.0,6.0,1.0,5.0,1.0,1.0,3.0,6.0,1.0,6.0,16.0,64.0,1.0,16.0,128.0,1.0,1.0,1.0,1.0,1.0,1.0,1.0,2.0,2.0,5.0,5.0,4.0,2.0,2.0,3.0,5.0,3.0,1.0,1.0,5.0,4.0,5.0,4.0,4.0,4.0,64.0,256.0,1.0,2.0,256.0,1.0,1.0,1.0,1.0,1.0,1.0,1.0,2519261568.0,7177339.760000002,178860000.0,1.5480680000000002,324.0,514.0,17152.0,1.8081596217846348e+16,1.0,0.5475694949999997,107.6,1840.8
8192.0,128000.0,256.0,64.0,2.0,12.0,20.0,28.0,5.0,2.0,4.0,2.0,3.0,3.0,1.0,2.0,3.0,6.0,3.0,5.0,2.0,4.0,3.0,1.0,6.0,5.0,1.0,4.0,1.0,3.0,4.0,6.0,256.0,4.0,1.0,12.0,24.0,1.0,1.0,1.0,1.0,1.0,1.0,1.0,2.0,5.0,5.0,4.0,4.0,6.0,3.0,1.0,1.0,2.0,5.0,6.0,6.0,6.0,1.0,2.0,6.0,1.0,32.0,4.0,1.0,64.0,32.0,1.0,8.0,1.0,1.0,1.0,1.0,1.0,2.0,1.0,2.0,6.0,5.0,6.0,4.0,2.0,6.0,1.0,5.0,2.0,1.0,4.0,1.0,4.0,6.0,4.0,4.0,32.0,1.0,128.0,8.0,1.0,64.0,32.0,1.0,1.0,1.0,1.0,2.0,1.0,4.0,4.0,3.0,2.0,4.0,6.0,3.0,3.0,5.0,6.0,4.0,2.0,3.0,6.0,1.0,6.0,64.0,256.0,1.0,128.0,32.0,1.0,1.0,1.0,1.0,1.0,1.0,1.0,3.0,5.0,3.0,1.0,5.0,1.0,6.0,1.0,1.0,5.0,2.0,2.0,1.0,6.0,6.0,4.0,3.0,5.0,16.0,512.0,1.0,4.0,64.0,1.0,1.0,1.0,1.0,1.0,1.0,1.0,5.0,5.0,1.0,3.0,5.0,1.0,1.0,5.0,2.0,6.0,4.0,3.0,4.0,4.0,6.0,2.0,5.0,5.0,8.0,128.0,1.0,64.0,32.0,1.0,1.0,1.0,1.0,1.0,1.0,1.0,152809758.0,4276733.28,375963000.0,2.792816,560.0,514.0,172032.0,653526577547346.2,111.89889999999998,4.2099596,107.6,21600.0
256.0,32000000.0,256.0,64.0,3.0,32.0,18.0,10.0,1.0,2.0,2.0,4.0,3.0,3.0,5.0,5.0,3.0,4.0,3.0,4.0,6.0,4.0,1.0,4.0,6.0,2.0,4.0,2.0,5.0,6.0,1.0,2.0,32.0,8.0,1.0,4.0,512.0,1.0,1.0,1.0,1.0,1.0,1.0,1.0,4.0,3.0,3.0,4.0,1.0,5.0,4.0,6.0,1.0,4.0,3.0,1.0,6.0,1.0,2.0,4.0,4.0,2.0,8.0,8.0,1.0,64.0,8.0,1.0,1.0,128.0,1.0,1.0,1.0,1.0,2.0,4.0,2.0,4.0,5.0,1.0,5.0,6.0,5.0,4.0,2.0,1.0,2.0,2.0,1.0,5.0,5.0,5.0,16.0,16.0,1.0,128.0,1.0,1.0,1.0,64.0,1.0,1.0,1.0,1.0,3.0,4.0,5.0,2.0,5.0,4.0,5.0,5.0,4.0,6.0,2.0,1.0,2.0,6.0,4.0,6.0,2.0,6.0,32.0,4.0,1.0,1.0,8.0,1.0,1.0,1.0,1.0,1.0,1.0,1.0,3.0,1.0,5.0,3.0,5.0,5.0,5.0,6.0,4.0,5.0,5.0,5.0,3.0,2.0,6.0,5.0,4.0,5.0,1.0,512.0,1.0,128.0,4.0,1.0,1.0,1.0,1.0,1.0,1.0,1.0,6.0,2.0,3.0,1.0,2.0,2.0,3.0,3.0,6.0,3.0,6.0,1.0,6.0,5.0,6.0,2.0,6.0,6.0,64.0,2048.0,1.0,64.0,8.0,1.0,1.0,1.0,1.0,1.0,1.0,1.0,2522676870.0,4157667.3999999994,19123800000.0,41.30620499999999,5760.0,514.0,802816.0,1.0488451383133036e+16,1.0,0.00620115,107.6,80819.2
4096.0,64000.0,256.0,64.0,2.0,36.0,34.0,8.0,5.0,2.0,3.0,6.0,6.0,3.0,3.0,3.0,6.0,1.0,6.0,3.0,2.0,1.0,2.0,4.0,4.0,5.0,3.0,6.0,6.0,2.0,6.0,3.0,64.0,32.0,1.0,256.0,96.0,1.0,1.0,1.0,1.0,1.0,1.0,1.0,5.0,1.0,4.0,4.0,3.0,2.0,2.0,3.0,5.0,4.0,4.0,5.0,4.0,1.0,3.0,1.0,5.0,2.0,32.0,2.0,1.0,4.0,32.0,1.0,128.0,2.0,1.0,1.0,1.0,1.0,6.0,1.0,5.0,1.0,6.0,5.0,5.0,1.0,1.0,2.0,3.0,3.0,4.0,6.0,2.0,2.0,4.0,1.0,16.0,32.0,1.0,8.0,8.0,1.0,64.0,4.0,1.0,1.0,1.0,1.0,4.0,1.0,3.0,3.0,5.0,1.0,1.0,2.0,1.0,3.0,1.0,3.0,4.0,6.0,5.0,2.0,4.0,5.0,16.0,256.0,1.0,1.0,32.0,1.0,1.0,1.0,1.0,1.0,1.0,1.0,4.0,2.0,2.0,2.0,6.0,6.0,5.0,1.0,1.0,3.0,4.0,4.0,2.0,4.0,4.0,6.0,6.0,5.0,256.0,512.0,1.0,2048.0,8.0,1.0,1.0,1.0,1.0,1.0,1.0,1.0,2.0,5.0,1.0,6.0,2.0,3.0,1.0,2.0,1.0,4.0,4.0,5.0,1.0,6.0,4.0,1.0,3.0,2.0,2048.0,1.0,1.0,128.0,128.0,1.0,1.0,1.0,1.0,1.0,1.0,1.0,2519979636.0,8735515.379999999,143071000.0,1.3152815,272.0,514.0,71680.0,2.20133208675648e+16,1.0,0.4323518024999999,107.6,7608.0
128.0,2048000.0,256.0,64.0,2.0,16.0,40.0,10.0,1.0,6.0,1.0,3.0,5.0,5.0,3.0,2.0,2.0,6.0,3.0,4.0,4.0,3.0,1.0,6.0,2.0,6.0,4.0,2.0,6.0,2.0,6.0,3.0,8.0,2.0,1.0,8.0,1536.0,1.0,1.0,1.0,1.0,1.0,1.0,1.0,3.0,6.0,5.0,2.0,4.0,3.0,6.0,3.0,6.0,5.0,2.0,4.0,1.0,5.0,1.0,6.0,4.0,6.0,2.0,2.0,1.0,64.0,2.0,1.0,32.0,128.0,1.0,1.0,1.0,1.0,6.0,4.0,3.0,2.0,4.0,3.0,3.0,6.0,5.0,1.0,5.0,5.0,2.0,5.0,3.0,4.0,5.0,4.0,1.0,32.0,1.0,4.0,128.0,1.0,16.0,16.0,1.0,1.0,1.0,1.0,6.0,2.0,2.0,4.0,1.0,4.0,6.0,6.0,1.0,6.0,2.0,2.0,5.0,3.0,1.0,5.0,5.0,3.0,512.0,32.0,1.0,256.0,1.0,1.0,1.0,1.0,1.0,1.0,1.0,1.0,1.0,6.0,4.0,1.0,1.0,4.0,2.0,2.0,1.0,5.0,1.0,3.0,3.0,2.0,3.0,1.0,5.0,3.0,128.0,256.0,1.0,2048.0,512.0,1.0,1.0,1.0,1.0,1.0,1.0,1.0,2.0,4.0,3.0,4.0,6.0,1.0,1.0,1.0,2.0,2.0,4.0,5.0,5.0,5.0,6.0,2.0,3.0,3.0,128.0,32.0,1.0,16.0,512.0,1.0,1.0,1.0,1.0,1.0,1.0,1.0,250532046.0,5659860.22,236229000.0,2.1397965,400.0,514.0,950272.0,1417976360990610.0,31.289229999999996,19.619408749999998,107.6,65075.2
512.0,16000000.0,256.0,64.0,1.0,48.0,4.0,24.0,1.0,1.0,6.0,4.0,3.0,6.0,5.0,6.0,5.0,4.0,2.0,1.0,1.0,6.0,1.0,4.0,3.0,2.0,1.0,6.0,3.0,4.0,6.0,6.0,32.0,2.0,1.0,128.0,1.0,1.0,1.0,1.0,1.0,1.0,1.0,1.0,4.0,2.0,5.0,5.0,3.0,3.0,2.0,6.0,5.0,3.0,4.0,6.0,5.0,5.0,6.0,3.0,6.0,4.0,64.0,1.0,1.0,8.0,4.0,1.0,16.0,16.0,1.0,1.0,1.0,1.0,4.0,1.0,1.0,5.0,5.0,1.0,2.0,6.0,4.0,3.0,6.0,2.0,6.0,6.0,1.0,3.0,2.0,2.0,4.0,16.0,1.0,128.0,2.0,1.0,32.0,1.0,1.0,1.0,1.0,1.0,5.0,2.0,5.0,2.0,4.0,4.0,5.0,6.0,4.0,1.0,5.0,5.0,4.0,2.0,1.0,6.0,4.0,2.0,512.0,64.0,1.0,128.0,64.0,1.0,1.0,1.0,1.0,1.0,1.0,1.0,5.0,4.0,6.0,6.0,2.0,6.0,2.0,5.0,5.0,3.0,1.0,3.0,4.0,4.0,3.0,3.0,2.0,2.0,1.0,1.0,1.0,256.0,8.0,1.0,1.0,1.0,1.0,1.0,1.0,1.0,5.0,3.0,1.0,4.0,6.0,3.0,6.0,5.0,6.0,6.0,3.0,5.0,5.0,5.0,5.0,5.0,2.0,4.0,128.0,2.0,1.0,32.0,512.0,1.0,1.0,1.0,1.0,1.0,1.0,1.0,2420637816.0,17838533.759999998,10268200.0,0.11719359999999998,24.0,514.0,514.0,4.3180629401448664e+16,17.266640000000002,17.271151,107.6,181.2
512.0,512000.0,256.0,64.0,1.0,16.0,36.0,42.0,6.0,6.0,1.0,3.0,2.0,1.0,1.0,3.0,4.0,4.0,4.0,4.0,5.0,3.0,4.0,6.0,2.0,1.0,4.0,6.0,4.0,2.0,1.0,5.0,2.0,4.0,1.0,256.0,16.0,1.0,1.0,1.0,1.0,1.0,1.0,1.0,2.0,4.0,6.0,3.0,3.0,4.0,4.0,1.0,1.0,5.0,6.0,3.0,4.0,1.0,2.0,3.0,2.0,4.0,32.0,64.0,1.0,2.0,4.0,1.0,8.0,16.0,1.0,1.0,1.0,1.0,4.0,2.0,3.0,5.0,4.0,6.0,1.0,4.0,5.0,2.0,1.0,4.0,4.0,4.0,6.0,1.0,3.0,5.0,32.0,64.0,1.0,4.0,128.0,1.0,32.0,1.0,1.0,1.0,1.0,1.0,4.0,2.0,2.0,3.0,6.0,3.0,4.0,3.0,2.0,2.0,3.0,6.0,6.0,6.0,2.0,1.0,5.0,4.0,4.0,8.0,1.0,512.0,256.0,1.0,1.0,1.0,1.0,1.0,1.0,1.0,3.0,3.0,6.0,1.0,1.0,2.0,1.0,4.0,3.0,3.0,2.0,5.0,6.0,1.0,6.0,4.0,1.0,5.0,8.0,8.0,1.0,1.0,4.0,1.0,1.0,1.0,1.0,1.0,1.0,1.0,4.0,4.0,2.0,2.0,3.0,2.0,4.0,1.0,1.0,6.0,6.0,4.0,3.0,3.0,2.0,6.0,6.0,2.0,16.0,4.0,1.0,128.0,64.0,1.0,1.0,1.0,1.0,1.0,1.0,1.0,63308400.0,7419236.399999999,17797900.0,0.20792899999999997,42.0,514.0,11092.0,469699985705759.94,33.597485,27.653008000000007,107.6,2354.4
128000.0,512000.0,256.0,64.0,2.0,32.0,48.0,16.0,5.0,5.0,6.0,4.0,5.0,5.0,6.0,3.0,1.0,2.0,4.0,2.0,2.0,4.0,1.0,1.0,5.0,6.0,3.0,3.0,3.0,6.0,5.0,6.0,512.0,16.0,1.0,256.0,3.0,1.0,1.0,1.0,1.0,1.0,1.0,1.0,4.0,3.0,1.0,2.0,4.0,1.0,5.0,3.0,3.0,5.0,5.0,4.0,5.0,4.0,5.0,3.0,5.0,4.0,2.0,64.0,1.0,16.0,16.0,1.0,128.0,16.0,1.0,1.0,1.0,1.0,4.0,6.0,1.0,6.0,1.0,4.0,5.0,1.0,3.0,5.0,4.0,2.0,6.0,1.0,6.0,2.0,4.0,5.0,8.0,8.0,1.0,4.0,4.0,1.0,2.0,1.0,1.0,1.0,1.0,1.0,4.0,2.0,3.0,4.0,5.0,4.0,3.0,1.0,3.0,3.0,1.0,4.0,4.0,2.0,3.0,5.0,6.0,5.0,16.0,8.0,1.0,128.0,16.0,1.0,1.0,1.0,1.0,1.0,1.0,1.0,6.0,2.0,4.0,1.0,1.0,2.0,6.0,1.0,4.0,4.0,1.0,6.0,5.0,2.0,1.0,5.0,1.0,4.0,1.0,64.0,1.0,1024.0,512.0,1.0,1.0,1.0,1.0,1.0,1.0,1.0,5.0,2.0,6.0,4.0,2.0,3.0,1.0,3.0,5.0,5.0,2.0,6.0,5.0,4.0,3.0,5.0,5.0,2.0,1.0,8.0,1.0,64.0,256.0,1.0,1.0,1.0,1.0,1.0,1.0,1.0,1678037244.0,12152982.899999999,596727000.0,3.831550499999999,768.0,514.0,132352.0,2.0393157931895124e+16,110.1,14.193137299999997,107.6,10379.2
32000.0,64000.0,256.0,64.0,2.0,12.0,48.0,44.0,1.0,2.0,2.0,1.0,4.0,6.0,4.0,6.0,2.0,1.0,5.0,6.0,6.0,2.0,2.0,2.0,5.0,5.0,3.0,1.0,3.0,2.0,2.0,6.0,2.0,4.0,1.0,12.0,768.0,1.0,1.0,1.0,1.0,1.0,1.0,1.0,4.0,6.0,4.0,4.0,2.0,4.0,3.0,2.0,2.0,5.0,6.0,4.0,2.0,6.0,5.0,2.0,1.0,5.0,8.0,16.0,1.0,4.0,64.0,1.0,64.0,1.0,1.0,1.0,1.0,1.0,4.0,1.0,3.0,1.0,1.0,4.0,2.0,3.0,4.0,4.0,6.0,5.0,1.0,4.0,5.0,2.0,5.0,6.0,64.0,64.0,1.0,2.0,64.0,1.0,64.0,2.0,1.0,1.0,1.0,1.0,5.0,5.0,3.0,6.0,1.0,1.0,1.0,5.0,6.0,6.0,2.0,4.0,5.0,1.0,4.0,4.0,1.0,4.0,4.0,64.0,1.0,1.0,2.0,1.0,1.0,1.0,1.0,1.0,1.0,1.0,4.0,2.0,4.0,2.0,5.0,2.0,4.0,2.0,2.0,5.0,4.0,3.0,1.0,4.0,3.0,6.0,6.0,4.0,1.0,8.0,1.0,2.0,2.0,1.0,1.0,1.0,1.0,1.0,1.0,1.0,3.0,3.0,3.0,4.0,3.0,3.0,1.0,3.0,2.0,2.0,2.0,1.0,3.0,1.0,2.0,3.0,4.0,2.0,2048.0,1.0,1.0,16.0,2.0,1.0,1.0,1.0,1.0,1.0,1.0,1.0,2525233290.0,15327463.580000002,3086190000.0,11.673545000000004,2112.0,514.0,3632.0,3.8705421283478584e+16,1.0,0.5721548000000001,107.6,566.4
256.0,512000.0,256.0,64.0,3.0,44.0,26.0,46.0,2.0,6.0,5.0,5.0,6.0,4.0,2.0,1.0,3.0,4.0,6.0,2.0,1.0,3.0,5.0,6.0,4.0,4.0,4.0,4.0,6.0,3.0,1.0,5.0,16.0,128.0,1.0,12.0,1536.0,1.0,1.0,1.0,1.0,1.0,1.0,1.0,5.0,1.0,2.0,4.0,6.0,2.0,2.0,2.0,3.0,2.0,4.0,3.0,4.0,1.0,4.0,6.0,4.0,1.0,16.0,16.0,1.0,16.0,8.0,1.0,8.0,32.0,1.0,1.0,1.0,1.0,3.0,6.0,5.0,3.0,2.0,4.0,4.0,4.0,2.0,4.0,6.0,2.0,1.0,1.0,3.0,3.0,3.0,4.0,16.0,128.0,1.0,2.0,2.0,1.0,16.0,32.0,1.0,1.0,1.0,1.0,3.0,2.0,5.0,1.0,5.0,4.0,2.0,5.0,5.0,4.0,2.0,4.0,5.0,6.0,2.0,1.0,2.0,3.0,64.0,512.0,1.0,256.0,2.0,1.0,1.0,1.0,1.0,1.0,1.0,1.0,2.0,6.0,2.0,6.0,2.0,4.0,5.0,2.0,1.0,4.0,5.0,5.0,1.0,1.0,1.0,4.0,1.0,5.0,64.0,128.0,1.0,4.0,256.0,1.0,1.0,1.0,1.0,1.0,1.0,1.0,2.0,6.0,4.0,6.0,3.0,1.0,3.0,6.0,2.0,2.0,6.0,6.0,3.0,1.0,6.0,3.0,1.0,1.0,32.0,4.0,1.0,128.0,4.0,1.0,1.0,1.0,1.0,1.0,1.0,1.0,1007685558.0,4032366.08,1431490000000.0,1455.804,52624.0,514.0,1015808.0,4063357063385072.5,231.15,6.45390625,107.6,154214.4
1024000.0,128000.0,256.0,64.0,2.0,34.0,36.0,10.0,2.0,4.0,5.0,3.0,2.0,3.0,3.0,6.0,3.0,2.0,6.0,5.0,3.0,2.0,5.0,5.0,4.0,4.0,3.0,4.0,2.0,5.0,4.0,3.0,16.0,128.0,1.0,8.0,384.0,1.0,1.0,1.0,1.0,1.0,1.0,1.0,2.0,5.0,3.0,4.0,1.0,3.0,3.0,1.0,3.0,1.0,1.0,1.0,2.0,2.0,4.0,6.0,2.0,3.0,8.0,8.0,1.0,8.0,1.0,1.0,8.0,32.0,1.0,1.0,1.0,1.0,5.0,5.0,5.0,4.0,6.0,3.0,2.0,1.0,6.0,6.0,5.0,3.0,5.0,6.0,6.0,3.0,3.0,6.0,1.0,8.0,1.0,4.0,32.0,1.0,32.0,16.0,1.0,1.0,1.0,1.0,1.0,2.0,2.0,6.0,2.0,6.0,3.0,1.0,3.0,4.0,4.0,5.0,6.0,4.0,1.0,2.0,2.0,3.0,64.0,8.0,1.0,1.0,2.0,1.0,1.0,1.0,1.0,1.0,1.0,1.0,6.0,1.0,4.0,4.0,6.0,1.0,3.0,6.0,3.0,6.0,1.0,5.0,2.0,1.0,6.0,6.0,2.0,6.0,16.0,512.0,1.0,32.0,512.0,1.0,1.0,1.0,1.0,1.0,1.0,1.0,4.0,3.0,5.0,2.0,4.0,2.0,3.0,4.0,6.0,5.0,6.0,1.0,1.0,4.0,3.0,1.0,4.0,6.0,32.0,64.0,1.0,32.0,128.0,1.0,1.0,1.0,1.0,1.0,1.0,1.0,484940328.0,4946353.7,205255000.0,1.7291180000000002,360.0,514.0,18432.0,2398686385682013.5,14.05,6.9229354999999995,107.6,3210.4
512000.0,8192000.0,256.0,64.0,1.0,30.0,26.0,34.0,3.0,4.0,2.0,5.0,2.0,1.0,4.0,6.0,4.0,4.0,2.0,3.0,3.0,6.0,4.0,3.0,1.0,1.0,1.0,1.0,3.0,1.0,1.0,3.0,2.0,64.0,1.0,48.0,1536.0,1.0,1.0,1.0,1.0,1.0,1.0,1.0,2.0,2.0,2.0,5.0,2.0,5.0,6.0,1.0,1.0,2.0,4.0,2.0,4.0,6.0,5.0,2.0,3.0,4.0,64.0,64.0,1.0,1.0,32.0,1.0,128.0,16.0,1.0,1.0,1.0,1.0,5.0,3.0,4.0,6.0,6.0,5.0,1.0,2.0,3.0,6.0,4.0,2.0,3.0,6.0,2.0,1.0,3.0,1.0,2.0,64.0,1.0,8.0,8.0,1.0,4.0,1.0,1.0,1.0,1.0,1.0,4.0,3.0,1.0,2.0,6.0,5.0,2.0,1.0,2.0,4.0,3.0,3.0,1.0,2.0,3.0,5.0,4.0,3.0,128.0,8.0,1.0,256.0,32.0,1.0,1.0,1.0,1.0,1.0,1.0,1.0,4.0,5.0,2.0,4.0,2.0,2.0,5.0,3.0,2.0,3.0,6.0,3.0,2.0,2.0,5.0,2.0,2.0,2.0,256.0,64.0,1.0,1.0,512.0,1.0,1.0,1.0,1.0,1.0,1.0,1.0,2.0,4.0,6.0,2.0,2.0,3.0,3.0,4.0,3.0,1.0,1.0,3.0,2.0,4.0,1.0,4.0,3.0,6.0,1024.0,4.0,1.0,64.0,2.0,1.0,1.0,1.0,1.0,1.0,1.0,1.0,2516582520.0,20252697.6,14410000.0,0.1631262,34.0,514.0,514.0,5.096758476300595e+16,1.0,1.4007320000000003,107.6,107.6
256.0,1024000.0,256.0,64.0,3.0,36.0,18.0,16.0,6.0,4.0,5.0,5.0,2.0,6.0,4.0,1.0,6.0,4.0,5.0,2.0,3.0,4.0,1.0,2.0,5.0,6.0,1.0,1.0,4.0,2.0,4.0,1.0,2.0,512.0,1.0,24.0,4.0,1.0,1.0,1.0,1.0,1.0,1.0,1.0,2.0,3.0,2.0,1.0,5.0,5.0,3.0,4.0,5.0,3.0,6.0,5.0,2.0,3.0,1.0,1.0,1.0,2.0,16.0,16.0,1.0,1.0,8.0,1.0,8.0,128.0,1.0,1.0,1.0,1.0,4.0,3.0,5.0,3.0,5.0,1.0,2.0,4.0,4.0,4.0,2.0,2.0,5.0,3.0,5.0,1.0,2.0,6.0,1.0,128.0,1.0,1.0,2.0,1.0,4.0,16.0,1.0,1.0,1.0,1.0,5.0,2.0,1.0,4.0,3.0,6.0,2.0,1.0,2.0,4.0,5.0,3.0,2.0,6.0,3.0,2.0,3.0,4.0,1.0,16.0,1.0,16.0,8.0,1.0,1.0,1.0,1.0,1.0,1.0,1.0,2.0,6.0,5.0,1.0,4.0,3.0,6.0,5.0,2.0,6.0,1.0,4.0,3.0,4.0,2.0,5.0,4.0,2.0,32.0,256.0,1.0,1.0,2.0,1.0,1.0,1.0,1.0,1.0,1.0,1.0,4.0,6.0,3.0,4.0,4.0,3.0,1.0,4.0,1.0,3.0,2.0,2.0,5.0,1.0,3.0,4.0,2.0,1.0,2.0,4.0,1.0,256.0,32.0,1.0,1.0,1.0,1.0,1.0,1.0,1.0,1064178816.0,3938992.46,58768900000.0,94.91714000000003,10368.0,514.0,176128.0,4191792332315727.5,17.856665,0.332682175,107.6,40806.4
256.0,32000.0,256.0,64.0,2.0,30.0,20.0,32.0,3.0,6.0,4.0,2.0,4.0,3.0,2.0,5.0,5.0,1.0,2.0,4.0,5.0,2.0,2.0,3.0,6.0,6.0,6.0,2.0,5.0,6.0,2.0,4.0,4.0,1.0,1.0,12.0,6.0,1.0,1.0,1.0,1.0,1.0,1.0,1.0,6.0,4.0,6.0,4.0,6.0,6.0,4.0,4.0,2.0,1.0,5.0,3.0,6.0,4.0,5.0,5.0,4.0,5.0,1.0,2.0,1.0,4.0,2.0,1.0,32.0,2.0,1.0,1.0,1.0,1.0,4.0,4.0,3.0,6.0,2.0,6.0,2.0,4.0,4.0,2.0,5.0,1.0,6.0,1.0,1.0,5.0,3.0,2.0,8.0,4.0,1.0,8.0,1.0,1.0,64.0,32.0,1.0,1.0,1.0,1.0,1.0,6.0,3.0,2.0,4.0,1.0,1.0,4.0,2.0,1.0,1.0,4.0,4.0,2.0,6.0,5.0,1.0,4.0,4.0,128.0,1.0,16.0,4.0,1.0,1.0,1.0,1.0,1.0,1.0,1.0,1.0,2.0,3.0,2.0,6.0,1.0,6.0,2.0,3.0,4.0,4.0,1.0,5.0,6.0,4.0,4.0,4.0,2.0,512.0,16.0,1.0,2048.0,1.0,1.0,1.0,1.0,1.0,1.0,1.0,1.0,5.0,1.0,3.0,3.0,6.0,4.0,6.0,4.0,3.0,1.0,2.0,1.0,6.0,5.0,2.0,6.0,6.0,1.0,128.0,16.0,1.0,8.0,8.0,1.0,1.0,1.0,1.0,1.0,1.0,1.0,135156534.0,7424309.700000002,455643000.0,3.1504485000000004,640.0,514.0,50176.0,1003443966394580.1,250.55027500000003,56.667368050000015,107.6,6445.6
256.0,32000000.0,256.0,64.0,3.0,22.0,14.0,28.0,6.0,6.0,2.0,3.0,3.0,2.0,2.0,1.0,2.0,3.0,1.0,4.0,6.0,3.0,4.0,5.0,4.0,4.0,4.0,4.0,6.0,4.0,5.0,2.0,512.0,16.0,1.0,512.0,768.0,1.0,1.0,1.0,1.0,1.0,1.0,1.0,3.0,4.0,2.0,3.0,2.0,1.0,4.0,2.0,5.0,6.0,3.0,1.0,1.0,5.0,5.0,3.0,1.0,3.0,8.0,1.0,1.0,1.0,8.0,1.0,8.0,16.0,1.0,1.0,1.0,1.0,2.0,2.0,6.0,2.0,6.0,5.0,1.0,5.0,2.0,6.0,6.0,5.0,1.0,5.0,2.0,5.0,6.0,1.0,8.0,64.0,1.0,4.0,64.0,1.0,64.0,64.0,1.0,1.0,1.0,1.0,1.0,4.0,5.0,6.0,3.0,3.0,4.0,3.0,2.0,2.0,5.0,1.0,4.0,2.0,4.0,6.0,3.0,2.0,512.0,16.0,1.0,1.0,4.0,1.0,1.0,1.0,1.0,1.0,1.0,1.0,2.0,5.0,5.0,2.0,3.0,6.0,1.0,2.0,6.0,3.0,4.0,3.0,4.0,3.0,6.0,5.0,4.0,5.0,256.0,2.0,1.0,2.0,32.0,1.0,1.0,1.0,1.0,1.0,1.0,1.0,4.0,2.0,5.0,4.0,2.0,2.0,3.0,1.0,6.0,5.0,6.0,2.0,2.0,3.0,6.0,2.0,1.0,3.0,4.0,16.0,1.0,1.0,1.0,1.0,1.0,1.0,1.0,1.0,1.0,1.0,545383068.0,3930795.06,41219000000.0,72.56766999999998,8624.0,514.0,1114112.0,2143789069502044.0,34.166664999999995,2.6580098000000003,107.6,93385.6
1024.0,4096000.0,256.0,64.0,3.0,8.0,46.0,10.0,1.0,2.0,2.0,2.0,6.0,1.0,6.0,6.0,3.0,5.0,4.0,3.0,2.0,4.0,1.0,5.0,5.0,4.0,6.0,2.0,4.0,5.0,5.0,1.0,16.0,64.0,1.0,1536.0,6.0,1.0,1.0,1.0,1.0,1.0,1.0,1.0,6.0,6.0,2.0,6.0,5.0,1.0,1.0,5.0,4.0,1.0,5.0,2.0,5.0,4.0,1.0,6.0,3.0,5.0,4.0,32.0,1.0,4.0,64.0,1.0,1.0,8.0,1.0,1.0,1.0,1.0,3.0,3.0,2.0,6.0,1.0,1.0,2.0,2.0,1.0,6.0,4.0,3.0,2.0,1.0,6.0,5.0,2.0,4.0,1.0,2.0,1.0,4.0,2.0,1.0,32.0,16.0,1.0,1.0,1.0,1.0,1.0,6.0,2.0,4.0,5.0,4.0,6.0,1.0,1.0,6.0,1.0,6.0,5.0,5.0,3.0,5.0,5.0,6.0,2.0,4.0,1.0,128.0,256.0,1.0,1.0,1.0,1.0,1.0,1.0,1.0,2.0,3.0,5.0,6.0,4.0,2.0,2.0,1.0,2.0,2.0,6.0,2.0,4.0,5.0,6.0,2.0,2.0,1.0,4.0,64.0,1.0,16.0,2.0,1.0,1.0,1.0,1.0,1.0,1.0,1.0,1.0,4.0,2.0,2.0,4.0,3.0,3.0,5.0,1.0,6.0,6.0,2.0,2.0,1.0,1.0,2.0,4.0,4.0,2.0,2.0,1.0,256.0,32.0,1.0,1.0,1.0,1.0,1.0,1.0,1.0,323802126.0,6283505.72,8317520000.0,23.000700000000002,3680.0,514.0,606208.0,2034612510869160.8,15.833335,2.92509905,107.6,40633.6
32000.0,64000.0,256.0,64.0,2.0,6.0,4.0,14.0,6.0,2.0,5.0,4.0,3.0,1.0,1.0,4.0,2.0,6.0,2.0,5.0,4.0,5.0,1.0,3.0,3.0,2.0,3.0,1.0,1.0,1.0,6.0,1.0,256.0,256.0,1.0,48.0,3.0,1.0,1.0,1.0,1.0,1.0,1.0,1.0,2.0,6.0,6.0,5.0,2.0,2.0,5.0,4.0,3.0,6.0,1.0,4.0,1.0,5.0,3.0,1.0,3.0,2.0,4.0,2.0,1.0,128.0,4.0,1.0,1.0,8.0,1.0,1.0,1.0,1.0,4.0,4.0,2.0,5.0,5.0,3.0,1.0,5.0,5.0,3.0,4.0,5.0,4.0,6.0,6.0,1.0,2.0,3.0,64.0,4.0,1.0,128.0,64.0,1.0,1.0,1.0,1.0,1.0,1.0,1.0,2.0,5.0,6.0,2.0,1.0,6.0,2.0,5.0,5.0,2.0,6.0,1.0,1.0,6.0,5.0,3.0,5.0,5.0,4.0,512.0,1.0,128.0,512.0,1.0,1.0,1.0,1.0,1.0,1.0,1.0,2.0,3.0,3.0,4.0,6.0,3.0,4.0,5.0,3.0,6.0,2.0,2.0,3.0,3.0,5.0,2.0,5.0,5.0,8.0,1.0,1.0,2048.0,8.0,1.0,1.0,1.0,1.0,1.0,1.0,1.0,1.0,3.0,1.0,1.0,3.0,3.0,2.0,5.0,6.0,5.0,6.0,5.0,2.0,2.0,4.0,6.0,4.0,1.0,512.0,4.0,1.0,16.0,256.0,1.0,1.0,1.0,1.0,1.0,1.0,1.0,781989612.0,6011096.699999999,23894700.0,0.3003313,56.0,514.0,134912.0,4700615176127480.0,3.9,1.8699926190000005,107.6,10304.0
2048.0,1024000.0,256.0,64.0,3.0,30.0,28.0,10.0,3.0,2.0,1.0,2.0,2.0,1.0,5.0,3.0,4.0,1.0,2.0,2.0,4.0,2.0,2.0,4.0,2.0,6.0,2.0,4.0,2.0,6.0,2.0,3.0,128.0,1.0,1.0,512.0,96.0,1.0,1.0,1.0,1.0,1.0,1.0,1.0,3.0,3.0,1.0,2.0,5.0,1.0,3.0,5.0,4.0,3.0,6.0,1.0,1.0,2.0,4.0,6.0,1.0,4.0,1.0,16.0,1.0,32.0,128.0,1.0,128.0,8.0,1.0,1.0,1.0,1.0,3.0,6.0,3.0,5.0,6.0,5.0,5.0,2.0,1.0,4.0,5.0,5.0,2.0,1.0,2.0,5.0,3.0,6.0,64.0,4.0,1.0,1.0,1.0,1.0,4.0,64.0,1.0,1.0,1.0,1.0,5.0,2.0,6.0,5.0,6.0,6.0,3.0,6.0,4.0,3.0,6.0,3.0,1.0,4.0,6.0,4.0,5.0,6.0,512.0,128.0,1.0,1.0,4.0,1.0,1.0,1.0,1.0,1.0,1.0,1.0,3.0,3.0,1.0,1.0,1.0,4.0,1.0,6.0,2.0,3.0,3.0,6.0,1.0,3.0,1.0,5.0,6.0,3.0,64.0,16.0,1.0,64.0,4.0,1.0,1.0,1.0,1.0,1.0,1.0,1.0,3.0,4.0,2.0,6.0,6.0,5.0,3.0,4.0,6.0,3.0,4.0,4.0,5.0,4.0,3.0,3.0,2.0,3.0,1024.0,4.0,1.0,4.0,2.0,1.0,1.0,1.0,1.0,1.0,1.0,1.0,316444806.0,3896775.24,39189500000.0,69.94770500000001,8400.0,514.0,786432.0,1233114284847403.5,15.2,0.05859375,107.6,116787.2
32000.0,32000000.0,256.0,64.0,3.0,20.0,12.0,14.0,3.0,1.0,2.0,1.0,1.0,4.0,2.0,4.0,3.0,1.0,2.0,6.0,5.0,4.0,1.0,2.0,3.0,3.0,2.0,6.0,3.0,5.0,4.0,4.0,1.0,2.0,1.0,16.0,64.0,1.0,1.0,1.0,1.0,1.0,1.0,1.0,6.0,3.0,2.0,4.0,3.0,5.0,4.0,6.0,6.0,6.0,2.0,6.0,4.0,5.0,4.0,6.0,3.0,5.0,64.0,1.0,1.0,64.0,1.0,1.0,16.0,1.0,1.0,1.0,1.0,1.0,5.0,5.0,1.0,5.0,5.0,1.0,4.0,2.0,3.0,6.0,4.0,4.0,6.0,4.0,2.0,6.0,5.0,4.0,1.0,128.0,1.0,4.0,64.0,1.0,2.0,4.0,1.0,1.0,1.0,1.0,3.0,5.0,4.0,1.0,6.0,2.0,1.0,2.0,4.0,3.0,3.0,1.0,3.0,4.0,3.0,5.0,4.0,6.0,256.0,4.0,1.0,16.0,8.0,1.0,1.0,1.0,1.0,1.0,1.0,1.0,5.0,4.0,3.0,1.0,2.0,3.0,4.0,2.0,6.0,6.0,3.0,6.0,3.0,3.0,3.0,5.0,2.0,2.0,16.0,256.0,1.0,512.0,64.0,1.0,1.0,1.0,1.0,1.0,1.0,1.0,6.0,2.0,5.0,5.0,4.0,6.0,1.0,5.0,4.0,6.0,5.0,6.0,6.0,2.0,1.0,1.0,5.0,6.0,16.0,512.0,1.0,128.0,16.0,1.0,1.0,1.0,1.0,1.0,1.0,1.0,509434380.0,5287794.640000001,7046380000.0,20.59017,3360.0,514.0,458752.0,2693784383995723.5,15.142429999999997,0.26946615,107.6,54515.2
512.0,128000.0,256.0,64.0,3.0,18.0,8.0,2.0,5.0,4.0,5.0,3.0,5.0,6.0,3.0,6.0,2.0,3.0,5.0,5.0,6.0,5.0,1.0,4.0,2.0,6.0,4.0,6.0,2.0,4.0,2.0,2.0,32.0,512.0,1.0,12.0,8.0,1.0,1.0,1.0,1.0,1.0,1.0,1.0,2.0,3.0,5.0,6.0,5.0,3.0,4.0,4.0,3.0,4.0,6.0,3.0,6.0,6.0,5.0,3.0,4.0,1.0,16.0,2.0,1.0,1.0,8.0,1.0,16.0,32.0,1.0,1.0,1.0,1.0,5.0,1.0,6.0,4.0,6.0,1.0,2.0,2.0,6.0,1.0,4.0,2.0,5.0,2.0,5.0,6.0,6.0,6.0,4.0,1.0,1.0,1.0,2.0,1.0,2.0,8.0,1.0,1.0,1.0,1.0,4.0,1.0,5.0,3.0,2.0,6.0,5.0,5.0,6.0,4.0,5.0,5.0,1.0,1.0,4.0,3.0,2.0,1.0,16.0,32.0,1.0,8.0,1.0,1.0,1.0,1.0,1.0,1.0,1.0,1.0,2.0,3.0,6.0,6.0,5.0,4.0,5.0,3.0,5.0,1.0,1.0,3.0,5.0,3.0,5.0,4.0,2.0,1.0,512.0,512.0,1.0,2048.0,64.0,1.0,1.0,1.0,1.0,1.0,1.0,1.0,1.0,1.0,4.0,4.0,4.0,6.0,4.0,6.0,2.0,3.0,5.0,1.0,6.0,1.0,1.0,6.0,4.0,6.0,1024.0,2048.0,1.0,4.0,32.0,1.0,1.0,1.0,1.0,1.0,1.0,1.0,1401258102.0,4052215.5600000005,154070000.0,1.985543,288.0,514.0,2752512.0,5678199884500468.0,10.25,1.189427375,107.6,179424.0
128.0,2048000.0,256.0,64.0,3.0,40.0,6.0,46.0,2.0,6.0,2.0,5.0,6.0,6.0,3.0,5.0,6.0,1.0,1.0,2.0,5.0,6.0,2.0,4.0,4.0,4.0,2.0,3.0,3.0,6.0,5.0,6.0,32.0,256.0,1.0,24.0,3.0,1.0,1.0,1.0,1.0,1.0,1.0,1.0,2.0,1.0,5.0,2.0,2.0,4.0,4.0,2.0,4.0,6.0,3.0,1.0,3.0,2.0,2.0,1.0,6.0,1.0,1.0,1.0,1.0,64.0,128.0,1.0,64.0,4.0,1.0,1.0,1.0,1.0,3.0,3.0,5.0,3.0,6.0,3.0,6.0,6.0,6.0,2.0,3.0,5.0,2.0,1.0,2.0,3.0,5.0,1.0,16.0,64.0,1.0,4.0,32.0,1.0,64.0,8.0,1.0,1.0,1.0,1.0,1.0,6.0,3.0,5.0,5.0,4.0,1.0,5.0,4.0,1.0,5.0,6.0,4.0,3.0,1.0,3.0,6.0,2.0,128.0,16.0,1.0,32.0,8.0,1.0,1.0,1.0,1.0,1.0,1.0,1.0,3.0,1.0,4.0,3.0,6.0,5.0,2.0,3.0,4.0,6.0,1.0,4.0,3.0,2.0,5.0,3.0,6.0,5.0,16.0,1.0,1.0,16.0,16.0,1.0,1.0,1.0,1.0,1.0,1.0,1.0,4.0,3.0,6.0,3.0,3.0,6.0,6.0,5.0,5.0,4.0,6.0,5.0,1.0,3.0,4.0,1.0,3.0,6.0,128.0,512.0,1.0,128.0,1.0,1.0,1.0,1.0,1.0,1.0,1.0,1.0,321140280.0,4344451.28,66358700000.0,104.59365,11040.0,514.0,802816.0,1395178300505558.5,6.2,0.4859375,107.6,123033.6
1024.0,16000000.0,256.0,64.0,1.0,38.0,34.0,42.0,4.0,4.0,2.0,2.0,1.0,6.0,3.0,2.0,6.0,4.0,6.0,2.0,2.0,3.0,4.0,3.0,3.0,5.0,5.0,4.0,2.0,4.0,5.0,3.0,512.0,64.0,1.0,3.0,3.0,1.0,1.0,1.0,1.0,1.0,1.0,1.0,6.0,2.0,6.0,4.0,2.0,6.0,4.0,5.0,4.0,2.0,5.0,5.0,1.0,4.0,1.0,5.0,3.0,6.0,64.0,1.0,1.0,128.0,64.0,1.0,4.0,16.0,1.0,1.0,1.0,1.0,2.0,2.0,4.0,5.0,4.0,5.0,2.0,2.0,1.0,6.0,3.0,4.0,6.0,4.0,2.0,6.0,3.0,4.0,8.0,8.0,1.0,16.0,32.0,1.0,64.0,1.0,1.0,1.0,1.0,1.0,1.0,2.0,6.0,1.0,5.0,5.0,1.0,4.0,2.0,5.0,6.0,3.0,3.0,2.0,5.0,1.0,1.0,1.0,64.0,64.0,1.0,1.0,256.0,1.0,1.0,1.0,1.0,1.0,1.0,1.0,1.0,2.0,5.0,5.0,1.0,5.0,2.0,2.0,4.0,2.0,6.0,6.0,3.0,2.0,3.0,2.0,5.0,3.0,512.0,128.0,1.0,2.0,64.0,1.0,1.0,1.0,1.0,1.0,1.0,1.0,3.0,3.0,5.0,5.0,5.0,4.0,2.0,5.0,5.0,2.0,1.0,2.0,4.0,2.0,4.0,2.0,3.0,4.0,4.0,4.0,1.0,32.0,8.0,1.0,1.0,1.0,1.0,1.0,1.0,1.0,2516582520.0,15334875.600000001,17796800.0,0.20017819999999997,42.0,514.0,514.0,3.859147988133451e+16,1.0,1.0031249999999998,107.6,107.6
4096.0,128000.0,256.0,64.0,3.0,12.0,12.0,18.0,4.0,2.0,4.0,3.0,2.0,5.0,3.0,1.0,2.0,1.0,6.0,4.0,1.0,6.0,3.0,5.0,4.0,4.0,5.0,5.0,4.0,5.0,6.0,3.0,8.0,4.0,1.0,3.0,192.0,1.0,1.0,1.0,1.0,1.0,1.0,1.0,5.0,2.0,2.0,1.0,4.0,6.0,3.0,3.0,4.0,5.0,6.0,1.0,5.0,5.0,2.0,3.0,5.0,6.0,1.0,32.0,1.0,16.0,4.0,1.0,2.0,16.0,1.0,1.0,1.0,1.0,1.0,6.0,6.0,3.0,4.0,3.0,3.0,5.0,2.0,1.0,1.0,5.0,3.0,4.0,4.0,4.0,3.0,6.0,8.0,4.0,1.0,16.0,32.0,1.0,4.0,2.0,1.0,1.0,1.0,1.0,6.0,3.0,5.0,3.0,1.0,3.0,1.0,6.0,3.0,4.0,1.0,5.0,6.0,2.0,4.0,4.0,4.0,6.0,32.0,4.0,1.0,8.0,4.0,1.0,1.0,1.0,1.0,1.0,1.0,1.0,4.0,2.0,3.0,2.0,2.0,1.0,4.0,3.0,3.0,4.0,1.0,3.0,4.0,4.0,2.0,1.0,2.0,2.0,64.0,512.0,1.0,4.0,1.0,1.0,1.0,1.0,1.0,1.0,1.0,1.0,4.0,6.0,5.0,3.0,2.0,6.0,1.0,3.0,1.0,6.0,3.0,5.0,1.0,5.0,6.0,1.0,2.0,3.0,64.0,16.0,1.0,8.0,64.0,1.0,1.0,1.0,1.0,1.0,1.0,1.0,646129938.0,4454515.960000001,4421480000.0,14.914405,2592.0,514.0,136192.0,2878196121054811.0,11.23332,0.88320453,107.6,13465.6
8192.0,8192000.0,256.0,64.0,1.0,28.0,20.0,40.0,3.0,4.0,5.0,5.0,2.0,3.0,4.0,6.0,3.0,1.0,4.0,6.0,4.0,1.0,2.0,4.0,2.0,6.0,4.0,5.0,4.0,3.0,3.0,3.0,32.0,512.0,1.0,384.0,4.0,1.0,1.0,1.0,1.0,1.0,1.0,1.0,5.0,3.0,5.0,5.0,4.0,2.0,2.0,2.0,5.0,5.0,2.0,2.0,1.0,5.0,2.0,1.0,3.0,5.0,8.0,1.0,1.0,2.0,16.0,1.0,2.0,8.0,1.0,1.0,1.0,1.0,5.0,3.0,6.0,3.0,3.0,6.0,3.0,4.0,2.0,1.0,6.0,4.0,6.0,2.0,2.0,1.0,6.0,4.0,4.0,1.0,1.0,8.0,1.0,1.0,32.0,1.0,1.0,1.0,1.0,1.0,1.0,1.0,1.0,4.0,1.0,1.0,6.0,2.0,6.0,3.0,3.0,2.0,4.0,6.0,2.0,2.0,1.0,5.0,2.0,2.0,1.0,512.0,32.0,1.0,1.0,1.0,1.0,1.0,1.0,1.0,2.0,4.0,1.0,2.0,3.0,2.0,6.0,5.0,2.0,5.0,4.0,4.0,1.0,2.0,1.0,2.0,4.0,2.0,256.0,32.0,1.0,2.0,32.0,1.0,1.0,1.0,1.0,1.0,1.0,1.0,5.0,6.0,4.0,5.0,2.0,3.0,1.0,3.0,3.0,4.0,1.0,5.0,3.0,3.0,2.0,3.0,4.0,3.0,32.0,256.0,1.0,16.0,4.0,1.0,1.0,1.0,1.0,1.0,1.0,1.0,2419064952.0,22693224.960000005,16944000.0,0.19134060000000003,40.0,514.0,514.0,5.489638514858762e+16,25.8,26.196489999999994,107.6,232.4
2048.0,4096000.0,256.0,64.0,2.0,32.0,6.0,32.0,4.0,3.0,5.0,4.0,2.0,4.0,6.0,1.0,6.0,3.0,5.0,2.0,4.0,1.0,1.0,5.0,5.0,3.0,1.0,6.0,6.0,1.0,1.0,1.0,4.0,512.0,1.0,48.0,6.0,1.0,1.0,1.0,1.0,1.0,1.0,1.0,4.0,6.0,5.0,3.0,6.0,6.0,5.0,5.0,6.0,5.0,2.0,2.0,6.0,5.0,4.0,4.0,1.0,3.0,64.0,2.0,1.0,1.0,2.0,1.0,32.0,16.0,1.0,1.0,1.0,1.0,1.0,5.0,3.0,6.0,6.0,4.0,5.0,1.0,6.0,5.0,5.0,3.0,3.0,6.0,3.0,6.0,2.0,5.0,4.0,4.0,1.0,2.0,16.0,1.0,4.0,1.0,1.0,1.0,1.0,1.0,1.0,3.0,2.0,3.0,5.0,2.0,5.0,5.0,1.0,6.0,5.0,2.0,2.0,4.0,2.0,1.0,5.0,6.0,4.0,32.0,1.0,1.0,4.0,1.0,1.0,1.0,1.0,1.0,1.0,1.0,1.0,5.0,5.0,4.0,6.0,5.0,3.0,6.0,4.0,5.0,4.0,2.0,2.0,4.0,1.0,5.0,5.0,5.0,1.0,8.0,1.0,16.0,2.0,1.0,1.0,1.0,1.0,1.0,1.0,1.0,6.0,5.0,3.0,6.0,5.0,5.0,5.0,3.0,2.0,4.0,5.0,3.0,2.0,2.0,1.0,3.0,3.0,3.0,256.0,2048.0,1.0,128.0,8.0,1.0,1.0,1.0,1.0,1.0,1.0,1.0,1046695866.0,10288572.220000003,93385000.0,0.9190061999999998,192.0,514.0,71680.0,1.0769006009716446e+16,14.559079999999998,3.2739230499999996,107.6,4084.6
32000.0,64000.0,256.0,64.0,1.0,44.0,26.0,38.0,2.0,4.0,5.0,3.0,4.0,3.0,4.0,4.0,2.0,3.0,4.0,3.0,4.0,3.0,4.0,3.0,4.0,2.0,3.0,1.0,2.0,5.0,4.0,1.0,512.0,16.0,1.0,16.0,12.0,1.0,1.0,1.0,1.0,1.0,1.0,1.0,4.0,4.0,2.0,1.0,1.0,1.0,4.0,6.0,5.0,1.0,5.0,4.0,6.0,2.0,3.0,6.0,6.0,1.0,64.0,4.0,1.0,64.0,32.0,1.0,8.0,32.0,1.0,1.0,1.0,1.0,5.0,4.0,2.0,1.0,1.0,4.0,5.0,1.0,4.0,1.0,2.0,2.0,5.0,4.0,1.0,6.0,4.0,5.0,2.0,64.0,1.0,64.0,8.0,1.0,4.0,8.0,1.0,1.0,1.0,1.0,2.0,3.0,4.0,2.0,5.0,4.0,3.0,1.0,6.0,2.0,5.0,6.0,2.0,3.0,2.0,3.0,5.0,3.0,2.0,256.0,1.0,2.0,4.0,1.0,1.0,1.0,1.0,1.0,1.0,1.0,6.0,4.0,6.0,3.0,5.0,5.0,4.0,3.0,2.0,2.0,4.0,6.0,2.0,2.0,3.0,3.0,3.0,3.0,128.0,2.0,1.0,64.0,64.0,1.0,1.0,1.0,1.0,1.0,1.0,1.0,1.0,1.0,1.0,1.0,1.0,6.0,6.0,1.0,6.0,3.0,1.0,1.0,6.0,6.0,5.0,5.0,5.0,6.0,32.0,2048.0,1.0,4.0,1.0,1.0,1.0,1.0,1.0,1.0,1.0,1.0,2419064952.0,15908446.559999999,16095200.0,0.18205320000000008,38.0,514.0,514.0,3.848356551406096e+16,25.8,25.80275,107.6,226.0
1024000.0,32000000.0,256.0,64.0,3.0,12.0,26.0,4.0,1.0,2.0,4.0,3.0,1.0,5.0,4.0,2.0,5.0,1.0,4.0,1.0,1.0,5.0,5.0,6.0,1.0,1.0,3.0,2.0,1.0,3.0,4.0,6.0,32.0,256.0,1.0,48.0,2.0,1.0,1.0,1.0,1.0,1.0,1.0,1.0,1.0,5.0,5.0,4.0,4.0,5.0,2.0,6.0,4.0,2.0,5.0,4.0,6.0,3.0,4.0,2.0,3.0,3.0,8.0,64.0,1.0,128.0,1.0,1.0,8.0,64.0,1.0,1.0,1.0,1.0,1.0,4.0,3.0,2.0,1.0,4.0,2.0,1.0,6.0,3.0,6.0,5.0,5.0,3.0,5.0,3.0,3.0,2.0,4.0,8.0,1.0,8.0,2.0,1.0,4.0,1.0,1.0,1.0,1.0,1.0,3.0,3.0,1.0,4.0,2.0,4.0,3.0,4.0,6.0,3.0,3.0,6.0,3.0,6.0,5.0,1.0,2.0,3.0,32.0,64.0,1.0,256.0,32.0,1.0,1.0,1.0,1.0,1.0,1.0,1.0,6.0,1.0,1.0,1.0,5.0,1.0,2.0,2.0,6.0,3.0,2.0,6.0,2.0,5.0,5.0,3.0,2.0,6.0,256.0,1.0,1.0,1024.0,128.0,1.0,1.0,1.0,1.0,1.0,1.0,1.0,2.0,2.0,1.0,6.0,1.0,4.0,2.0,6.0,5.0,4.0,4.0,6.0,6.0,3.0,2.0,2.0,1.0,5.0,2.0,1.0,1.0,512.0,2.0,1.0,1.0,1.0,1.0,1.0,1.0,1.0,2439957222.0,5762591.720000001,1274560000.0,6.691177,1248.0,514.0,851968.0,1.4060477284651404e+16,5.0,0.5292494999999999,107.6,76620.8
4096.0,1024000.0,256.0,64.0,2.0,36.0,20.0,16.0,2.0,2.0,6.0,2.0,6.0,4.0,4.0,1.0,6.0,2.0,1.0,5.0,5.0,1.0,6.0,3.0,6.0,1.0,2.0,1.0,4.0,3.0,2.0,5.0,64.0,64.0,1.0,192.0,192.0,1.0,1.0,1.0,1.0,1.0,1.0,1.0,5.0,5.0,1.0,1.0,1.0,2.0,1.0,6.0,5.0,4.0,3.0,1.0,4.0,5.0,3.0,5.0,5.0,4.0,2.0,64.0,1.0,1.0,1.0,1.0,8.0,4.0,1.0,1.0,1.0,1.0,4.0,5.0,3.0,1.0,6.0,2.0,6.0,2.0,6.0,3.0,3.0,2.0,4.0,1.0,6.0,3.0,6.0,3.0,1.0,32.0,1.0,2.0,2.0,1.0,16.0,2.0,1.0,1.0,1.0,1.0,2.0,3.0,3.0,6.0,5.0,1.0,1.0,1.0,5.0,3.0,6.0,1.0,5.0,6.0,6.0,2.0,2.0,1.0,256.0,4.0,1.0,128.0,512.0,1.0,1.0,1.0,1.0,1.0,1.0,1.0,4.0,5.0,6.0,5.0,4.0,3.0,2.0,1.0,6.0,3.0,2.0,3.0,2.0,4.0,5.0,2.0,3.0,4.0,256.0,8.0,1.0,512.0,1024.0,1.0,1.0,1.0,1.0,1.0,1.0,1.0,4.0,1.0,2.0,2.0,2.0,6.0,3.0,1.0,4.0,2.0,5.0,2.0,3.0,3.0,2.0,6.0,3.0,3.0,512.0,512.0,1.0,1.0,256.0,1.0,1.0,1.0,1.0,1.0,1.0,1.0,2423409756.0,5143228.9,176022000.0,1.5919579999999998,320.0,514.0,141312.0,1.246415109360115e+16,13.0,10.858283553,107.6,20220.8
32000.0,32000000.0,256.0,64.0,2.0,14.0,2.0,8.0,4.0,5.0,6.0,5.0,6.0,5.0,4.0,1.0,5.0,6.0,2.0,3.0,5.0,6.0,4.0,4.0,2.0,5.0,5.0,3.0,6.0,2.0,3.0,4.0,4.0,2.0,1.0,384.0,1536.0,1.0,1.0,1.0,1.0,1.0,1.0,1.0,1.0,6.0,4.0,2.0,1.0,4.0,1.0,4.0,6.0,5.0,1.0,4.0,4.0,2.0,6.0,1.0,5.0,4.0,1.0,4.0,1.0,32.0,128.0,1.0,4.0,64.0,1.0,1.0,1.0,1.0,5.0,2.0,2.0,3.0,3.0,3.0,1.0,1.0,1.0,2.0,4.0,3.0,6.0,4.0,3.0,5.0,1.0,1.0,4.0,8.0,1.0,1.0,16.0,1.0,4.0,2.0,1.0,1.0,1.0,1.0,4.0,6.0,3.0,1.0,6.0,4.0,6.0,4.0,6.0,5.0,6.0,3.0,4.0,6.0,4.0,3.0,5.0,3.0,8.0,256.0,1.0,1.0,8.0,1.0,1.0,1.0,1.0,1.0,1.0,1.0,4.0,5.0,1.0,4.0,6.0,6.0,6.0,5.0,2.0,3.0,1.0,2.0,2.0,5.0,1.0,6.0,4.0,4.0,8.0,8.0,1.0,32.0,32.0,1.0,1.0,1.0,1.0,1.0,1.0,1.0,3.0,1.0,2.0,1.0,3.0,4.0,2.0,5.0,2.0,2.0,1.0,5.0,2.0,2.0,2.0,1.0,3.0,3.0,1024.0,32.0,1.0,1.0,256.0,1.0,1.0,1.0,1.0,1.0,1.0,1.0,2470017306.0,9998991.82,7038480.0,0.10171558000000001,16.0,514.0,100352.0,2.4697682837952436e+16,1.8,1.5586217,107.6,6352.8
512000.0,4096000.0,256.0,64.0,2.0,6.0,44.0,40.0,4.0,4.0,3.0,1.0,5.0,3.0,1.0,6.0,1.0,4.0,6.0,1.0,6.0,3.0,3.0,6.0,6.0,5.0,1.0,1.0,3.0,5.0,2.0,5.0,4.0,4.0,1.0,12.0,12.0,1.0,1.0,1.0,1.0,1.0,1.0,1.0,3.0,6.0,1.0,4.0,6.0,6.0,1.0,1.0,5.0,2.0,5.0,3.0,2.0,1.0,2.0,2.0,1.0,4.0,64.0,32.0,1.0,1.0,4.0,1.0,2.0,16.0,1.0,1.0,1.0,1.0,3.0,3.0,6.0,2.0,1.0,5.0,5.0,2.0,5.0,2.0,3.0,3.0,1.0,1.0,3.0,6.0,2.0,3.0,4.0,2.0,1.0,32.0,64.0,1.0,4.0,32.0,1.0,1.0,1.0,1.0,2.0,5.0,6.0,2.0,5.0,2.0,5.0,1.0,2.0,4.0,5.0,4.0,5.0,5.0,6.0,5.0,6.0,4.0,256.0,128.0,1.0,512.0,128.0,1.0,1.0,1.0,1.0,1.0,1.0,1.0,5.0,4.0,5.0,5.0,1.0,6.0,2.0,5.0,6.0,2.0,6.0,5.0,6.0,4.0,2.0,4.0,4.0,4.0,16.0,64.0,1.0,32.0,64.0,1.0,1.0,1.0,1.0,1.0,1.0,1.0,3.0,1.0,1.0,5.0,1.0,5.0,2.0,3.0,2.0,3.0,6.0,3.0,5.0,3.0,4.0,5.0,5.0,1.0,256.0,512.0,1.0,32.0,64.0,1.0,1.0,1.0,1.0,1.0,1.0,1.0,257785422.0,5252593.72,2256250000.0,9.492214000000002,1760.0,514.0,98304.0,1354042088704749.8,18.02857,4.886011699999998,107.6,10534.4
512000.0,8192000.0,256.0,64.0,3.0,36.0,4.0,38.0,4.0,3.0,4.0,6.0,3.0,4.0,1.0,6.0,6.0,2.0,5.0,6.0,2.0,1.0,6.0,4.0,5.0,3.0,3.0,5.0,2.0,3.0,4.0,3.0,128.0,128.0,1.0,8.0,256.0,1.0,1.0,1.0,1.0,1.0,1.0,1.0,2.0,4.0,6.0,1.0,3.0,2.0,3.0,6.0,6.0,5.0,5.0,6.0,1.0,1.0,2.0,3.0,1.0,1.0,16.0,64.0,1.0,2.0,1.0,1.0,32.0,16.0,1.0,1.0,1.0,1.0,6.0,2.0,3.0,2.0,3.0,1.0,1.0,4.0,1.0,5.0,5.0,4.0,1.0,5.0,4.0,4.0,5.0,4.0,8.0,32.0,1.0,8.0,16.0,1.0,4.0,4.0,1.0,1.0,1.0,1.0,1.0,5.0,6.0,5.0,2.0,3.0,2.0,1.0,5.0,1.0,6.0,6.0,1.0,4.0,3.0,3.0,4.0,4.0,512.0,1.0,1.0,16.0,256.0,1.0,1.0,1.0,1.0,1.0,1.0,1.0,3.0,1.0,5.0,4.0,5.0,6.0,1.0,5.0,1.0,1.0,2.0,3.0,3.0,3.0,3.0,5.0,1.0,4.0,2.0,4.0,1.0,16.0,16.0,1.0,1.0,1.0,1.0,1.0,1.0,1.0,5.0,6.0,3.0,2.0,6.0,6.0,6.0,2.0,1.0,5.0,3.0,3.0,4.0,2.0,4.0,5.0,3.0,2.0,1024.0,2048.0,1.0,32.0,256.0,1.0,1.0,1.0,1.0,1.0,1.0,1.0,1464231318.0,4848629.4399999995,17364600000.0,38.68494,5472.0,514.0,1638400.0,7099515075424801.0,32.45,2.305437499999999,107.6,115667.2
128.0,64000.0,256.0,64.0,2.0,16.0,42.0,16.0,3.0,3.0,3.0,1.0,6.0,6.0,1.0,2.0,3.0,2.0,4.0,3.0,3.0,3.0,1.0,3.0,3.0,1.0,6.0,5.0,2.0,5.0,3.0,3.0,512.0,64.0,1.0,512.0,32.0,1.0,1.0,1.0,1.0,1.0,1.0,1.0,6.0,5.0,6.0,4.0,6.0,3.0,3.0,1.0,5.0,1.0,5.0,5.0,4.0,1.0,5.0,5.0,1.0,3.0,8.0,1.0,1.0,128.0,1.0,1.0,16.0,8.0,1.0,1.0,1.0,1.0,3.0,3.0,6.0,4.0,6.0,5.0,4.0,5.0,3.0,1.0,5.0,1.0,1.0,2.0,3.0,6.0,6.0,4.0,128.0,16.0,1.0,2.0,32.0,1.0,1.0,32.0,1.0,1.0,1.0,1.0,5.0,4.0,1.0,3.0,6.0,2.0,5.0,6.0,6.0,2.0,5.0,5.0,1.0,5.0,2.0,4.0,1.0,2.0,128.0,8.0,1.0,16.0,64.0,1.0,1.0,1.0,1.0,1.0,1.0,1.0,2.0,3.0,4.0,4.0,5.0,6.0,3.0,3.0,6.0,4.0,3.0,4.0,6.0,4.0,1.0,3.0,6.0,1.0,8.0,8.0,1.0,8.0,16.0,1.0,1.0,1.0,1.0,1.0,1.0,1.0,3.0,2.0,3.0,6.0,2.0,1.0,4.0,4.0,6.0,1.0,6.0,6.0,4.0,4.0,3.0,5.0,1.0,3.0,128.0,1024.0,1.0,512.0,512.0,1.0,1.0,1.0,1.0,1.0,1.0,1.0,2524562028.0,4926470.619999999,489372000.0,3.3515795,672.0,514.0,294912.0,1.2437180659309616e+16,1.0,0.5685736899999999,107.6,16764.0
8192.0,1024000.0,256.0,64.0,3.0,18.0,28.0,2.0,1.0,5.0,6.0,3.0,5.0,3.0,5.0,3.0,6.0,6.0,5.0,6.0,2.0,6.0,5.0,2.0,3.0,4.0,3.0,2.0,2.0,2.0,6.0,3.0,4.0,512.0,1.0,768.0,192.0,1.0,1.0,1.0,1.0,1.0,1.0,1.0,2.0,6.0,5.0,2.0,2.0,4.0,4.0,6.0,2.0,1.0,6.0,3.0,1.0,5.0,3.0,5.0,3.0,3.0,2.0,2.0,1.0,4.0,64.0,1.0,1.0,8.0,1.0,1.0,1.0,1.0,6.0,2.0,3.0,2.0,4.0,6.0,6.0,1.0,6.0,4.0,3.0,5.0,3.0,6.0,1.0,2.0,4.0,6.0,64.0,2.0,1.0,32.0,16.0,1.0,32.0,16.0,1.0,1.0,1.0,1.0,2.0,6.0,3.0,2.0,4.0,5.0,6.0,3.0,2.0,4.0,2.0,5.0,5.0,3.0,6.0,4.0,5.0,6.0,64.0,4.0,1.0,256.0,4.0,1.0,1.0,1.0,1.0,1.0,1.0,1.0,5.0,1.0,2.0,6.0,4.0,6.0,2.0,4.0,6.0,5.0,6.0,3.0,4.0,2.0,5.0,5.0,6.0,4.0,256.0,16.0,1.0,64.0,64.0,1.0,1.0,1.0,1.0,1.0,1.0,1.0,3.0,5.0,1.0,3.0,5.0,5.0,3.0,2.0,3.0,6.0,2.0,5.0,4.0,3.0,3.0,2.0,6.0,1.0,4.0,512.0,1.0,64.0,8.0,1.0,1.0,1.0,1.0,1.0,1.0,1.0,1079461416.0,4083487.58,906353000.0,5.4008205,1008.0,514.0,1114112.0,4407967285325213.5,105.71666499999999,44.89238750000001,107.6,91238.4
32000.0,256000.0,256.0,64.0,3.0,26.0,12.0,44.0,6.0,6.0,1.0,5.0,2.0,6.0,6.0,3.0,2.0,4.0,3.0,1.0,3.0,4.0,5.0,5.0,5.0,2.0,1.0,6.0,6.0,6.0,4.0,4.0,16.0,16.0,1.0,3.0,4.0,1.0,1.0,1.0,1.0,1.0,1.0,1.0,1.0,4.0,6.0,3.0,1.0,4.0,3.0,3.0,3.0,4.0,4.0,1.0,6.0,3.0,3.0,6.0,4.0,4.0,64.0,1.0,1.0,2.0,1.0,1.0,64.0,8.0,1.0,1.0,1.0,1.0,6.0,3.0,4.0,4.0,1.0,6.0,1.0,1.0,6.0,6.0,1.0,2.0,1.0,5.0,5.0,3.0,4.0,6.0,32.0,64.0,1.0,64.0,4.0,1.0,4.0,4.0,1.0,1.0,1.0,1.0,6.0,2.0,1.0,1.0,4.0,1.0,1.0,1.0,6.0,3.0,3.0,6.0,1.0,3.0,4.0,5.0,5.0,3.0,256.0,64.0,1.0,4.0,1.0,1.0,1.0,1.0,1.0,1.0,1.0,1.0,5.0,1.0,5.0,5.0,2.0,2.0,4.0,2.0,1.0,4.0,5.0,2.0,2.0,1.0,3.0,1.0,3.0,5.0,1.0,8.0,1.0,64.0,1.0,1.0,1.0,1.0,1.0,1.0,1.0,1.0,4.0,6.0,4.0,4.0,6.0,3.0,3.0,4.0,4.0,3.0,6.0,3.0,6.0,5.0,2.0,1.0,6.0,1.0,2048.0,2048.0,1.0,512.0,2.0,1.0,1.0,1.0,1.0,1.0,1.0,1.0,157849782.0,3960801.74,101321000000.0,146.2688,13728.0,514.0,2752512.0,625211691204220.8,21.159620000000004,0.9790366250000001,107.6,165440.0
32000.0,1024000.0,256.0,64.0,1.0,46.0,48.0,4.0,2.0,1.0,5.0,1.0,6.0,6.0,4.0,6.0,5.0,3.0,1.0,5.0,4.0,3.0,6.0,1.0,3.0,1.0,6.0,6.0,6.0,1.0,5.0,4.0,1.0,512.0,1.0,256.0,128.0,1.0,1.0,1.0,1.0,1.0,1.0,1.0,1.0,4.0,5.0,2.0,2.0,3.0,1.0,6.0,6.0,2.0,6.0,5.0,5.0,6.0,1.0,6.0,3.0,5.0,4.0,8.0,1.0,1.0,128.0,1.0,16.0,2.0,1.0,1.0,1.0,1.0,5.0,6.0,3.0,4.0,4.0,3.0,1.0,2.0,1.0,4.0,2.0,1.0,4.0,2.0,1.0,6.0,4.0,4.0,64.0,128.0,1.0,2.0,8.0,1.0,8.0,64.0,1.0,1.0,1.0,1.0,2.0,4.0,1.0,1.0,2.0,1.0,4.0,1.0,6.0,4.0,6.0,3.0,6.0,5.0,4.0,2.0,4.0,1.0,1.0,256.0,1.0,128.0,256.0,1.0,1.0,1.0,1.0,1.0,1.0,1.0,6.0,6.0,1.0,4.0,1.0,5.0,6.0,4.0,5.0,2.0,4.0,4.0,5.0,5.0,1.0,5.0,3.0,1.0,128.0,2.0,1.0,64.0,256.0,1.0,1.0,1.0,1.0,1.0,1.0,1.0,1.0,4.0,4.0,5.0,6.0,4.0,4.0,2.0,4.0,2.0,2.0,2.0,6.0,6.0,2.0,2.0,2.0,4.0,2.0,1.0,1.0,32.0,64.0,1.0,1.0,1.0,1.0,1.0,1.0,1.0,2516582520.0,15334875.600000001,2290310.0,0.025014100000000008,4.0,514.0,514.0,3.859147988133451e+16,1.0,1.0031249999999998,107.6,107.6
128000.0,16000.0,256.0,64.0,3.0,16.0,48.0,32.0,4.0,5.0,2.0,1.0,5.0,6.0,5.0,5.0,5.0,6.0,2.0,3.0,3.0,2.0,4.0,5.0,2.0,4.0,4.0,5.0,5.0,6.0,1.0,2.0,64.0,2.0,1.0,3.0,1536.0,1.0,1.0,1.0,1.0,1.0,1.0,1.0,4.0,4.0,4.0,2.0,3.0,3.0,5.0,6.0,1.0,2.0,3.0,3.0,5.0,3.0,5.0,6.0,2.0,4.0,4.0,16.0,1.0,4.0,1.0,1.0,8.0,32.0,1.0,1.0,1.0,1.0,3.0,4.0,2.0,2.0,6.0,2.0,1.0,4.0,4.0,5.0,6.0,4.0,3.0,6.0,2.0,4.0,1.0,1.0,2.0,1.0,1.0,4.0,32.0,1.0,2.0,32.0,1.0,1.0,1.0,1.0,6.0,2.0,2.0,4.0,5.0,2.0,5.0,6.0,5.0,5.0,6.0,3.0,2.0,6.0,6.0,5.0,2.0,1.0,1.0,128.0,1.0,4.0,1.0,1.0,1.0,1.0,1.0,1.0,1.0,1.0,4.0,3.0,3.0,2.0,2.0,6.0,2.0,1.0,1.0,2.0,3.0,5.0,1.0,2.0,4.0,4.0,2.0,3.0,256.0,32.0,1.0,1024.0,512.0,1.0,1.0,1.0,1.0,1.0,1.0,1.0,2.0,6.0,2.0,1.0,5.0,1.0,6.0,5.0,4.0,3.0,1.0,2.0,5.0,2.0,2.0,4.0,5.0,2.0,256.0,4.0,1.0,8.0,32.0,1.0,1.0,1.0,1.0,1.0,1.0,1.0,687870108.0,4231135.02,317245000000.0,377.90765000000005,24576.0,514.0,851968.0,2910471303169982.0,7.627275,1.76855601,107.6,80640.0
128.0,16000.0,256.0,64.0,2.0,32.0,48.0,16.0,1.0,4.0,2.0,3.0,4.0,1.0,1.0,4.0,4.0,2.0,3.0,5.0,6.0,3.0,1.0,5.0,1.0,6.0,3.0,3.0,3.0,5.0,6.0,2.0,512.0,128.0,1.0,4.0,16.0,1.0,1.0,1.0,1.0,1.0,1.0,1.0,6.0,4.0,3.0,1.0,6.0,2.0,3.0,6.0,2.0,6.0,1.0,2.0,6.0,3.0,4.0,2.0,1.0,2.0,64.0,64.0,1.0,64.0,1.0,1.0,4.0,32.0,1.0,1.0,1.0,1.0,6.0,3.0,3.0,3.0,5.0,2.0,6.0,1.0,2.0,1.0,4.0,6.0,1.0,5.0,3.0,1.0,2.0,1.0,8.0,8.0,1.0,32.0,1.0,1.0,2.0,4.0,1.0,1.0,1.0,1.0,2.0,4.0,4.0,3.0,1.0,6.0,6.0,5.0,4.0,6.0,3.0,3.0,6.0,2.0,2.0,1.0,5.0,2.0,256.0,64.0,1.0,128.0,16.0,1.0,1.0,1.0,1.0,1.0,1.0,1.0,2.0,5.0,3.0,5.0,4.0,2.0,2.0,5.0,6.0,1.0,6.0,1.0,5.0,5.0,3.0,4.0,3.0,4.0,4.0,64.0,1.0,2048.0,16.0,1.0,1.0,1.0,1.0,1.0,1.0,1.0,6.0,4.0,3.0,6.0,1.0,5.0,1.0,3.0,1.0,6.0,6.0,2.0,1.0,5.0,3.0,5.0,1.0,5.0,2048.0,64.0,1.0,16.0,16.0,1.0,1.0,1.0,1.0,1.0,1.0,1.0,65358612.0,4948318.76,596735000.0,3.936654,768.0,514.0,208896.0,323415245887161.1,41.866695,6.935682500000001,107.6,40844.8
256000.0,256000.0,256.0,64.0,2.0,22.0,22.0,34.0,6.0,4.0,1.0,3.0,2.0,5.0,5.0,1.0,1.0,6.0,2.0,1.0,2.0,6.0,2.0,6.0,6.0,4.0,3.0,5.0,4.0,3.0,1.0,1.0,512.0,16.0,1.0,1536.0,12.0,1.0,1.0,1.0,1.0,1.0,1.0,1.0,4.0,5.0,1.0,1.0,2.0,3.0,5.0,6.0,6.0,6.0,3.0,4.0,2.0,3.0,1.0,6.0,1.0,4.0,1.0,1.0,1.0,2.0,8.0,1.0,16.0,64.0,1.0,1.0,1.0,1.0,6.0,6.0,2.0,4.0,1.0,5.0,5.0,6.0,5.0,6.0,5.0,3.0,6.0,6.0,3.0,1.0,3.0,1.0,128.0,32.0,1.0,8.0,2.0,1.0,8.0,32.0,1.0,1.0,1.0,1.0,6.0,4.0,1.0,4.0,1.0,1.0,1.0,3.0,4.0,6.0,2.0,3.0,1.0,3.0,1.0,5.0,1.0,1.0,64.0,4.0,1.0,4.0,16.0,1.0,1.0,1.0,1.0,1.0,1.0,1.0,1.0,3.0,4.0,6.0,4.0,4.0,4.0,3.0,3.0,1.0,2.0,5.0,2.0,2.0,5.0,5.0,4.0,3.0,16.0,256.0,1.0,2.0,8.0,1.0,1.0,1.0,1.0,1.0,1.0,1.0,1.0,4.0,1.0,2.0,6.0,1.0,5.0,6.0,2.0,5.0,1.0,6.0,5.0,3.0,1.0,1.0,5.0,3.0,8.0,256.0,1.0,1.0,64.0,1.0,1.0,1.0,1.0,1.0,1.0,1.0,150365490.0,7824678.880000001,573580000.0,3.7407220000000008,748.0,514.0,101632.0,1176561673883851.2,13.866650000000002,6.2862404,107.6,14558.4
16000.0,32000000.0,256.0,64.0,2.0,28.0,30.0,2.0,4.0,4.0,6.0,5.0,5.0,5.0,4.0,6.0,1.0,4.0,3.0,2.0,1.0,2.0,1.0,1.0,4.0,5.0,1.0,5.0,2.0,6.0,2.0,6.0,128.0,16.0,1.0,512.0,24.0,1.0,1.0,1.0,1.0,1.0,1.0,1.0,6.0,6.0,5.0,4.0,3.0,3.0,5.0,2.0,1.0,4.0,1.0,4.0,3.0,1.0,2.0,6.0,5.0,5.0,4.0,16.0,1.0,1.0,2.0,1.0,1.0,64.0,1.0,1.0,1.0,1.0,4.0,5.0,6.0,4.0,5.0,2.0,6.0,6.0,1.0,5.0,5.0,6.0,4.0,2.0,5.0,3.0,1.0,4.0,16.0,4.0,1.0,8.0,16.0,1.0,2.0,8.0,1.0,1.0,1.0,1.0,5.0,1.0,2.0,3.0,6.0,3.0,3.0,6.0,2.0,4.0,3.0,4.0,3.0,1.0,3.0,2.0,2.0,2.0,16.0,256.0,1.0,8.0,128.0,1.0,1.0,1.0,1.0,1.0,1.0,1.0,6.0,6.0,4.0,5.0,5.0,6.0,1.0,5.0,5.0,3.0,4.0,1.0,4.0,5.0,3.0,3.0,6.0,2.0,256.0,8.0,1.0,4.0,8.0,1.0,1.0,1.0,1.0,1.0,1.0,1.0,3.0,3.0,5.0,1.0,5.0,4.0,2.0,1.0,2.0,2.0,3.0,6.0,1.0,2.0,3.0,5.0,3.0,3.0,64.0,128.0,1.0,8.0,128.0,1.0,1.0,1.0,1.0,1.0,1.0,1.0,2421805548.0,6027822.68,25657600.0,0.29277909999999996,60.0,514.0,19456.0,1.4598214408784228e+16,16.84,8.36029715,107.6,2724.8
256000.0,16000000.0,256.0,64.0,3.0,44.0,2.0,28.0,4.0,3.0,6.0,3.0,6.0,3.0,5.0,1.0,6.0,2.0,2.0,2.0,3.0,3.0,6.0,6.0,1.0,2.0,5.0,3.0,2.0,5.0,2.0,1.0,64.0,256.0,1.0,6.0,24.0,1.0,1.0,1.0,1.0,1.0,1.0,1.0,4.0,2.0,5.0,4.0,5.0,3.0,2.0,3.0,1.0,2.0,1.0,1.0,5.0,3.0,4.0,2.0,4.0,2.0,1.0,32.0,1.0,2.0,8.0,1.0,128.0,2.0,1.0,1.0,1.0,1.0,6.0,2.0,6.0,2.0,5.0,3.0,4.0,2.0,3.0,4.0,3.0,2.0,1.0,4.0,1.0,4.0,2.0,6.0,4.0,8.0,1.0,1.0,16.0,1.0,4.0,64.0,1.0,1.0,1.0,1.0,5.0,2.0,5.0,6.0,6.0,5.0,3.0,5.0,1.0,2.0,5.0,5.0,4.0,4.0,3.0,3.0,1.0,5.0,64.0,8.0,1.0,512.0,2.0,1.0,1.0,1.0,1.0,1.0,1.0,1.0,5.0,1.0,4.0,3.0,5.0,3.0,1.0,1.0,1.0,6.0,1.0,1.0,1.0,3.0,1.0,6.0,2.0,2.0,4.0,1.0,1.0,1.0,8.0,1.0,1.0,1.0,1.0,1.0,1.0,1.0,5.0,2.0,6.0,4.0,6.0,4.0,3.0,1.0,2.0,5.0,3.0,2.0,1.0,6.0,2.0,1.0,1.0,2.0,16.0,8.0,1.0,2.0,64.0,1.0,1.0,1.0,1.0,1.0,1.0,1.0,1047287898.0,5027164.1,4042450000.0,14.07093,2464.0,514.0,212992.0,5264888123190061.0,3.916665,0.19540555,107.6,21763.2
4096.0,64000.0,256.0,64.0,3.0,12.0,12.0,6.0,4.0,6.0,3.0,5.0,1.0,1.0,2.0,2.0,5.0,5.0,3.0,6.0,2.0,6.0,1.0,4.0,5.0,3.0,2.0,4.0,5.0,5.0,1.0,5.0,64.0,1.0,1.0,192.0,3.0,1.0,1.0,1.0,1.0,1.0,1.0,1.0,1.0,3.0,3.0,4.0,4.0,5.0,3.0,1.0,2.0,3.0,1.0,2.0,4.0,6.0,1.0,6.0,6.0,3.0,1.0,4.0,1.0,4.0,32.0,1.0,2.0,128.0,1.0,1.0,1.0,1.0,5.0,5.0,1.0,2.0,5.0,4.0,6.0,6.0,2.0,1.0,6.0,4.0,3.0,1.0,1.0,5.0,1.0,1.0,32.0,32.0,1.0,16.0,4.0,1.0,4.0,1.0,1.0,1.0,1.0,1.0,6.0,3.0,6.0,3.0,2.0,2.0,1.0,1.0,3.0,1.0,6.0,6.0,2.0,2.0,5.0,3.0,5.0,5.0,32.0,512.0,1.0,256.0,128.0,1.0,1.0,1.0,1.0,1.0,1.0,1.0,6.0,1.0,5.0,3.0,6.0,4.0,6.0,5.0,5.0,2.0,4.0,6.0,4.0,1.0,6.0,5.0,4.0,4.0,2.0,512.0,1.0,8.0,2.0,1.0,1.0,1.0,1.0,1.0,1.0,1.0,1.0,2.0,4.0,3.0,4.0,1.0,6.0,4.0,4.0,3.0,3.0,2.0,4.0,6.0,2.0,1.0,2.0,3.0,32.0,8.0,1.0,16.0,4.0,1.0,1.0,1.0,1.0,1.0,1.0,1.0,163799448.0,4101184.6399999997,713553000.0,4.6317105,864.0,514.0,720896.0,671771780178078.6,22.896984999999997,0.9411952000000002,107.6,94464.0
256.0,32000000.0,256.0,64.0,3.0,14.0,14.0,48.0,3.0,6.0,2.0,2.0,6.0,5.0,6.0,4.0,4.0,4.0,3.0,6.0,1.0,5.0,6.0,6.0,1.0,4.0,2.0,1.0,4.0,6.0,1.0,5.0,2.0,64.0,1.0,3.0,6.0,1.0,1.0,1.0,1.0,1.0,1.0,1.0,1.0,5.0,3.0,3.0,4.0,4.0,5.0,2.0,6.0,4.0,2.0,2.0,3.0,1.0,4.0,2.0,4.0,1.0,1.0,4.0,1.0,4.0,64.0,1.0,1.0,64.0,1.0,1.0,1.0,1.0,5.0,6.0,2.0,6.0,3.0,5.0,5.0,4.0,4.0,6.0,1.0,6.0,6.0,5.0,6.0,3.0,2.0,5.0,128.0,1.0,1.0,128.0,64.0,1.0,4.0,64.0,1.0,1.0,1.0,1.0,4.0,4.0,5.0,3.0,1.0,5.0,5.0,3.0,2.0,1.0,5.0,5.0,1.0,5.0,3.0,3.0,1.0,6.0,512.0,2.0,1.0,64.0,2.0,1.0,1.0,1.0,1.0,1.0,1.0,1.0,6.0,1.0,2.0,4.0,4.0,6.0,1.0,5.0,1.0,4.0,6.0,3.0,4.0,3.0,3.0,6.0,1.0,4.0,128.0,4.0,1.0,256.0,128.0,1.0,1.0,1.0,1.0,1.0,1.0,1.0,5.0,6.0,4.0,6.0,5.0,3.0,5.0,3.0,2.0,5.0,4.0,6.0,1.0,4.0,3.0,5.0,6.0,5.0,512.0,2048.0,1.0,16.0,256.0,1.0,1.0,1.0,1.0,1.0,1.0,1.0,655459146.0,3986614.96,48725100000.0,82.92811999999998,9408.0,514.0,2686976.0,2613063237112424.0,2.773685,0.05953945,107.6,256179.2
128000.0,256000.0,256.0,64.0,1.0,46.0,6.0,32.0,1.0,1.0,4.0,5.0,5.0,5.0,3.0,1.0,5.0,3.0,2.0,2.0,5.0,2.0,3.0,2.0,5.0,6.0,2.0,6.0,6.0,5.0,6.0,1.0,4.0,512.0,1.0,8.0,512.0,1.0,1.0,1.0,1.0,1.0,1.0,1.0,2.0,2.0,6.0,2.0,1.0,4.0,6.0,3.0,3.0,1.0,6.0,1.0,5.0,4.0,1.0,5.0,5.0,6.0,8.0,64.0,1.0,32.0,64.0,1.0,1.0,128.0,1.0,1.0,1.0,1.0,3.0,6.0,1.0,3.0,5.0,3.0,4.0,3.0,2.0,2.0,3.0,6.0,2.0,6.0,4.0,4.0,1.0,4.0,2.0,32.0,1.0,2.0,16.0,1.0,16.0,64.0,1.0,1.0,1.0,1.0,3.0,5.0,1.0,3.0,5.0,6.0,4.0,2.0,6.0,2.0,5.0,2.0,5.0,2.0,6.0,2.0,6.0,5.0,1.0,512.0,1.0,8.0,1.0,1.0,1.0,1.0,1.0,1.0,1.0,1.0,6.0,2.0,5.0,5.0,6.0,3.0,2.0,2.0,3.0,6.0,1.0,5.0,6.0,4.0,6.0,6.0,5.0,3.0,128.0,16.0,1.0,256.0,4.0,1.0,1.0,1.0,1.0,1.0,1.0,1.0,2.0,4.0,6.0,4.0,6.0,4.0,3.0,5.0,4.0,1.0,3.0,4.0,3.0,5.0,6.0,3.0,4.0,2.0,256.0,1.0,1.0,128.0,128.0,1.0,1.0,1.0,1.0,1.0,1.0,1.0,2516582520.0,22126298.400000002,13573500.0,0.15387199999999998,32.0,514.0,514.0,5.5682655785743976e+16,1.0,1.397681,107.6,107.6
256000.0,8192000.0,256.0,64.0,1.0,18.0,20.0,46.0,3.0,3.0,1.0,6.0,2.0,6.0,4.0,3.0,3.0,5.0,1.0,6.0,2.0,3.0,2.0,1.0,5.0,1.0,4.0,4.0,1.0,2.0,5.0,3.0,512.0,32.0,1.0,2.0,48.0,1.0,1.0,1.0,1.0,1.0,1.0,1.0,2.0,3.0,3.0,1.0,5.0,3.0,4.0,4.0,6.0,5.0,2.0,1.0,4.0,2.0,2.0,4.0,6.0,6.0,4.0,16.0,1.0,32.0,64.0,1.0,16.0,128.0,1.0,1.0,1.0,1.0,3.0,4.0,1.0,1.0,3.0,1.0,1.0,4.0,2.0,2.0,4.0,3.0,2.0,1.0,6.0,4.0,3.0,1.0,4.0,2.0,1.0,4.0,128.0,1.0,1.0,4.0,1.0,1.0,1.0,1.0,1.0,3.0,5.0,5.0,6.0,3.0,4.0,5.0,3.0,3.0,1.0,2.0,1.0,2.0,4.0,2.0,6.0,5.0,1.0,128.0,1.0,4.0,16.0,1.0,1.0,1.0,1.0,1.0,1.0,1.0,3.0,6.0,3.0,4.0,6.0,1.0,2.0,4.0,3.0,2.0,6.0,1.0,3.0,6.0,1.0,1.0,5.0,2.0,2.0,128.0,1.0,4.0,2048.0,1.0,1.0,1.0,1.0,1.0,1.0,1.0,6.0,4.0,5.0,5.0,5.0,2.0,3.0,2.0,4.0,4.0,5.0,3.0,4.0,5.0,6.0,5.0,5.0,4.0,1024.0,2.0,1.0,32.0,64.0,1.0,1.0,1.0,1.0,1.0,1.0,1.0,2516582520.0,23768614.799999997,19514700.0,0.21872460000000002,46.0,514.0,514.0,5.981568053029329e+16,1.0,1.0042939999999996,107.6,107.6
512.0,128000.0,256.0,64.0,2.0,44.0,8.0,32.0,3.0,6.0,4.0,6.0,5.0,3.0,1.0,4.0,4.0,1.0,5.0,6.0,5.0,3.0,2.0,2.0,4.0,5.0,2.0,5.0,1.0,2.0,5.0,3.0,128.0,256.0,1.0,128.0,32.0,1.0,1.0,1.0,1.0,1.0,1.0,1.0,3.0,5.0,2.0,4.0,1.0,2.0,3.0,3.0,3.0,6.0,3.0,3.0,3.0,2.0,5.0,5.0,3.0,4.0,16.0,32.0,1.0,32.0,8.0,1.0,128.0,128.0,1.0,1.0,1.0,1.0,6.0,5.0,5.0,1.0,5.0,1.0,4.0,4.0,4.0,5.0,4.0,2.0,4.0,3.0,4.0,2.0,2.0,6.0,4.0,4.0,1.0,4.0,32.0,1.0,64.0,8.0,1.0,1.0,1.0,1.0,1.0,5.0,1.0,4.0,1.0,1.0,1.0,5.0,1.0,3.0,2.0,1.0,6.0,3.0,5.0,3.0,1.0,1.0,512.0,1.0,1.0,1.0,128.0,1.0,1.0,1.0,1.0,1.0,1.0,1.0,4.0,2.0,1.0,6.0,5.0,6.0,2.0,5.0,4.0,5.0,5.0,2.0,2.0,4.0,2.0,4.0,4.0,2.0,8.0,2.0,1.0,1.0,2048.0,1.0,1.0,1.0,1.0,1.0,1.0,1.0,4.0,2.0,1.0,3.0,3.0,4.0,3.0,1.0,1.0,1.0,6.0,5.0,2.0,6.0,6.0,2.0,3.0,6.0,64.0,1024.0,1.0,32.0,16.0,1.0,1.0,1.0,1.0,1.0,1.0,1.0,315215250.0,7205662.52,132622000.0,1.2844134999999999,256.0,514.0,163840.0,2271334712657430.0,8.0,1.49299375,107.6,21058.4
512.0,16000.0,256.0,64.0,3.0,40.0,22.0,26.0,1.0,2.0,2.0,2.0,4.0,3.0,3.0,4.0,3.0,1.0,4.0,4.0,2.0,1.0,4.0,6.0,4.0,2.0,2.0,5.0,1.0,1.0,1.0,3.0,32.0,8.0,1.0,2.0,768.0,1.0,1.0,1.0,1.0,1.0,1.0,1.0,6.0,5.0,2.0,2.0,2.0,2.0,3.0,5.0,4.0,1.0,2.0,5.0,1.0,2.0,2.0,5.0,2.0,5.0,8.0,32.0,1.0,2.0,4.0,1.0,64.0,128.0,1.0,1.0,1.0,1.0,4.0,4.0,4.0,2.0,1.0,6.0,3.0,1.0,1.0,3.0,6.0,6.0,2.0,3.0,6.0,2.0,6.0,5.0,2.0,128.0,1.0,64.0,32.0,1.0,32.0,8.0,1.0,1.0,1.0,1.0,4.0,6.0,2.0,1.0,4.0,1.0,5.0,2.0,4.0,4.0,4.0,3.0,1.0,5.0,3.0,4.0,5.0,2.0,256.0,64.0,1.0,1.0,256.0,1.0,1.0,1.0,1.0,1.0,1.0,1.0,4.0,3.0,3.0,4.0,6.0,3.0,2.0,3.0,6.0,5.0,3.0,3.0,4.0,1.0,6.0,5.0,2.0,5.0,4.0,16.0,1.0,128.0,64.0,1.0,1.0,1.0,1.0,1.0,1.0,1.0,2.0,2.0,1.0,1.0,6.0,6.0,3.0,6.0,1.0,4.0,6.0,4.0,6.0,6.0,2.0,5.0,4.0,3.0,128.0,64.0,1.0,1.0,512.0,1.0,1.0,1.0,1.0,1.0,1.0,1.0,1375304616.0,4231250.140000001,275577000000.0,334.7677,22880.0,514.0,294912.0,5819257848992647.0,8.466665,0.07890599999999999,107.6,57856.0
512000.0,16000.0,256.0,64.0,2.0,12.0,28.0,28.0,3.0,5.0,6.0,6.0,2.0,4.0,1.0,6.0,3.0,3.0,3.0,4.0,6.0,3.0,4.0,6.0,2.0,3.0,3.0,2.0,2.0,3.0,3.0,1.0,16.0,2.0,1.0,768.0,256.0,1.0,1.0,1.0,1.0,1.0,1.0,1.0,6.0,5.0,1.0,4.0,1.0,4.0,5.0,2.0,5.0,3.0,4.0,6.0,4.0,3.0,6.0,2.0,3.0,6.0,16.0,64.0,1.0,32.0,32.0,1.0,2.0,2.0,1.0,1.0,1.0,1.0,1.0,5.0,1.0,6.0,2.0,1.0,2.0,3.0,5.0,1.0,1.0,6.0,2.0,4.0,2.0,1.0,1.0,6.0,1.0,128.0,1.0,16.0,2.0,1.0,16.0,64.0,1.0,1.0,1.0,1.0,4.0,5.0,6.0,3.0,6.0,1.0,1.0,4.0,2.0,2.0,3.0,4.0,4.0,6.0,1.0,2.0,3.0,3.0,256.0,128.0,1.0,8.0,8.0,1.0,1.0,1.0,1.0,1.0,1.0,1.0,3.0,5.0,3.0,3.0,2.0,1.0,2.0,2.0,1.0,4.0,1.0,5.0,1.0,5.0,5.0,2.0,4.0,2.0,256.0,4.0,1.0,2.0,64.0,1.0,1.0,1.0,1.0,1.0,1.0,1.0,2.0,5.0,4.0,1.0,5.0,3.0,5.0,2.0,6.0,6.0,6.0,6.0,2.0,1.0,5.0,2.0,2.0,4.0,32.0,1024.0,1.0,128.0,128.0,1.0,1.0,1.0,1.0,1.0,1.0,1.0,2432056524.0,6594616.0,615528000.0,3.9162319999999995,784.0,514.0,67072.0,1.6038478866074784e+16,10.333320000000002,2.0782371850000003,107.6,10447.2
512000.0,2048000.0,256.0,64.0,1.0,38.0,36.0,34.0,3.0,2.0,6.0,3.0,3.0,4.0,3.0,1.0,6.0,6.0,6.0,1.0,1.0,4.0,3.0,2.0,5.0,4.0,6.0,1.0,5.0,5.0,2.0,6.0,256.0,1.0,1.0,1536.0,3.0,1.0,1.0,1.0,1.0,1.0,1.0,1.0,2.0,4.0,2.0,4.0,3.0,4.0,5.0,4.0,1.0,5.0,6.0,4.0,3.0,6.0,5.0,3.0,2.0,2.0,32.0,16.0,1.0,2.0,64.0,1.0,32.0,4.0,1.0,1.0,1.0,1.0,3.0,3.0,3.0,6.0,5.0,2.0,1.0,6.0,3.0,6.0,1.0,1.0,2.0,4.0,6.0,4.0,4.0,3.0,1.0,16.0,1.0,16.0,32.0,1.0,32.0,1.0,1.0,1.0,1.0,1.0,2.0,2.0,3.0,3.0,3.0,5.0,1.0,3.0,3.0,6.0,1.0,6.0,3.0,2.0,3.0,3.0,5.0,1.0,8.0,8.0,1.0,16.0,32.0,1.0,1.0,1.0,1.0,1.0,1.0,1.0,1.0,5.0,1.0,2.0,1.0,4.0,4.0,2.0,1.0,1.0,2.0,5.0,2.0,5.0,2.0,4.0,5.0,4.0,8.0,64.0,1.0,16.0,256.0,1.0,1.0,1.0,1.0,1.0,1.0,1.0,3.0,1.0,5.0,5.0,2.0,4.0,6.0,5.0,4.0,2.0,6.0,5.0,3.0,4.0,3.0,5.0,6.0,5.0,8.0,2.0,1.0,64.0,2.0,1.0,1.0,1.0,1.0,1.0,1.0,1.0,2419064952.0,22842727.200000003,14410000.0,0.16349020000000009,34.0,514.0,514.0,5.52580407776171e+16,25.8,26.591421,107.6,213.2
256.0,32000000.0,256.0,64.0,1.0,20.0,8.0,16.0,4.0,1.0,5.0,2.0,4.0,4.0,3.0,3.0,5.0,3.0,5.0,5.0,1.0,2.0,3.0,1.0,6.0,2.0,2.0,4.0,6.0,4.0,2.0,4.0,8.0,256.0,1.0,2.0,384.0,1.0,1.0,1.0,1.0,1.0,1.0,1.0,4.0,2.0,3.0,6.0,2.0,5.0,1.0,4.0,6.0,4.0,4.0,1.0,6.0,2.0,5.0,6.0,3.0,1.0,4.0,8.0,1.0,2.0,64.0,1.0,32.0,32.0,1.0,1.0,1.0,1.0,4.0,5.0,2.0,2.0,4.0,6.0,4.0,6.0,2.0,2.0,2.0,6.0,6.0,1.0,5.0,6.0,5.0,2.0,32.0,64.0,1.0,128.0,32.0,1.0,8.0,1.0,1.0,1.0,1.0,1.0,4.0,2.0,1.0,4.0,3.0,3.0,4.0,6.0,2.0,6.0,6.0,5.0,4.0,6.0,3.0,3.0,4.0,2.0,4.0,512.0,1.0,8.0,128.0,1.0,1.0,1.0,1.0,1.0,1.0,1.0,5.0,4.0,5.0,4.0,1.0,6.0,3.0,4.0,1.0,6.0,2.0,3.0,4.0,6.0,5.0,5.0,5.0,1.0,8.0,2.0,1.0,512.0,512.0,1.0,1.0,1.0,1.0,1.0,1.0,1.0,4.0,1.0,3.0,2.0,6.0,3.0,1.0,5.0,3.0,1.0,6.0,5.0,3.0,4.0,4.0,5.0,4.0,4.0,1024.0,1024.0,1.0,128.0,512.0,1.0,1.0,1.0,1.0,1.0,1.0,1.0,2422210680.0,26141117.760000005,7028100.0,0.08033523999999997,16.0,514.0,514.0,6.331929462540969e+16,13.0,13.00276,107.6,155.6
512.0,8192000.0,256.0,64.0,2.0,22.0,2.0,4.0,4.0,2.0,4.0,2.0,6.0,2.0,3.0,4.0,6.0,6.0,1.0,1.0,6.0,4.0,1.0,6.0,6.0,5.0,6.0,5.0,2.0,6.0,2.0,4.0,1.0,256.0,1.0,384.0,8.0,1.0,1.0,1.0,1.0,1.0,1.0,1.0,1.0,4.0,3.0,6.0,1.0,5.0,1.0,1.0,4.0,3.0,6.0,2.0,2.0,1.0,3.0,2.0,6.0,5.0,1.0,2.0,1.0,32.0,128.0,1.0,128.0,1.0,1.0,1.0,1.0,1.0,5.0,3.0,2.0,2.0,5.0,5.0,6.0,3.0,6.0,1.0,4.0,5.0,6.0,1.0,3.0,5.0,2.0,5.0,8.0,2.0,1.0,4.0,128.0,1.0,64.0,8.0,1.0,1.0,1.0,1.0,3.0,1.0,6.0,5.0,6.0,2.0,1.0,1.0,3.0,1.0,2.0,1.0,5.0,2.0,5.0,3.0,1.0,4.0,32.0,512.0,1.0,16.0,1.0,1.0,1.0,1.0,1.0,1.0,1.0,1.0,2.0,2.0,6.0,4.0,1.0,4.0,2.0,1.0,1.0,3.0,4.0,6.0,4.0,5.0,1.0,1.0,1.0,1.0,1.0,256.0,1.0,1.0,2048.0,1.0,1.0,1.0,1.0,1.0,1.0,1.0,4.0,5.0,3.0,6.0,3.0,2.0,6.0,6.0,6.0,6.0,2.0,3.0,3.0,6.0,2.0,5.0,6.0,3.0,1.0,256.0,1.0,4.0,4.0,1.0,1.0,1.0,1.0,1.0,1.0,1.0,2351382744.0,13978989.36,3854100.0,0.045541385000000004,8.0,514.0,8512.0,3.2869954359663604e+16,1.55,0.9346691500000001,107.6,728.5
4096.0,128000.0,256.0,64.0,1.0,4.0,26.0,36.0,6.0,2.0,4.0,1.0,3.0,2.0,2.0,4.0,6.0,5.0,2.0,4.0,1.0,6.0,3.0,6.0,1.0,4.0,6.0,5.0,2.0,4.0,2.0,3.0,16.0,2.0,1.0,96.0,16.0,1.0,1.0,1.0,1.0,1.0,1.0,1.0,5.0,4.0,4.0,4.0,5.0,5.0,4.0,4.0,4.0,6.0,5.0,4.0,1.0,4.0,1.0,1.0,5.0,2.0,8.0,1.0,1.0,64.0,1.0,1.0,4.0,4.0,1.0,1.0,1.0,1.0,2.0,4.0,3.0,5.0,6.0,5.0,3.0,3.0,1.0,1.0,3.0,1.0,5.0,6.0,5.0,4.0,4.0,1.0,4.0,2.0,1.0,128.0,128.0,1.0,16.0,64.0,1.0,1.0,1.0,1.0,5.0,5.0,2.0,3.0,1.0,6.0,2.0,3.0,4.0,5.0,2.0,3.0,1.0,1.0,2.0,4.0,3.0,2.0,4.0,512.0,1.0,128.0,4.0,1.0,1.0,1.0,1.0,1.0,1.0,1.0,2.0,5.0,5.0,3.0,4.0,5.0,1.0,4.0,6.0,4.0,1.0,4.0,4.0,2.0,2.0,5.0,4.0,2.0,512.0,16.0,1.0,256.0,2.0,1.0,1.0,1.0,1.0,1.0,1.0,1.0,3.0,2.0,3.0,3.0,1.0,2.0,4.0,1.0,5.0,4.0,6.0,3.0,4.0,4.0,2.0,5.0,5.0,5.0,32.0,1024.0,1.0,128.0,2.0,1.0,1.0,1.0,1.0,1.0,1.0,1.0,72745512.0,4876134.720000001,15251500.0,0.17900039999999995,36.0,514.0,9544.0,354716916787376.7,32.516485,25.996991,107.6,2025.6
2048000.0,2048000.0,256.0,64.0,2.0,20.0,38.0,28.0,5.0,5.0,6.0,6.0,1.0,1.0,3.0,1.0,2.0,1.0,2.0,1.0,2.0,3.0,5.0,2.0,4.0,2.0,2.0,6.0,5.0,1.0,6.0,2.0,16.0,1.0,1.0,2.0,2.0,1.0,1.0,1.0,1.0,1.0,1.0,1.0,3.0,4.0,3.0,5.0,1.0,6.0,4.0,5.0,3.0,4.0,3.0,4.0,3.0,5.0,1.0,6.0,2.0,4.0,1.0,8.0,1.0,16.0,8.0,1.0,8.0,128.0,1.0,1.0,1.0,1.0,5.0,4.0,4.0,4.0,1.0,6.0,5.0,2.0,4.0,2.0,3.0,2.0,3.0,6.0,3.0,4.0,1.0,5.0,16.0,16.0,1.0,32.0,64.0,1.0,16.0,64.0,1.0,1.0,1.0,1.0,2.0,5.0,1.0,4.0,4.0,2.0,2.0,1.0,5.0,1.0,4.0,3.0,6.0,2.0,2.0,3.0,4.0,6.0,16.0,256.0,1.0,2.0,256.0,1.0,1.0,1.0,1.0,1.0,1.0,1.0,2.0,5.0,3.0,5.0,3.0,4.0,4.0,6.0,2.0,6.0,1.0,1.0,5.0,1.0,2.0,6.0,5.0,6.0,32.0,64.0,1.0,4.0,8.0,1.0,1.0,1.0,1.0,1.0,1.0,1.0,6.0,4.0,5.0,6.0,5.0,1.0,1.0,6.0,6.0,2.0,2.0,6.0,5.0,6.0,5.0,5.0,5.0,2.0,256.0,2.0,1.0,32.0,1.0,1.0,1.0,1.0,1.0,1.0,1.0,1.0,2437302270.0,14596055.86,986908000.0,5.410186,1064.0,514.0,9472.0,3.55750000806248e+16,8.2,6.491137740000001,107.6,4579.6
2048.0,1024000.0,256.0,64.0,3.0,38.0,24.0,2.0,5.0,4.0,1.0,1.0,3.0,5.0,2.0,4.0,5.0,1.0,6.0,4.0,2.0,1.0,1.0,4.0,2.0,3.0,6.0,2.0,5.0,4.0,3.0,4.0,32.0,8.0,1.0,512.0,4.0,1.0,1.0,1.0,1.0,1.0,1.0,1.0,1.0,6.0,4.0,5.0,1.0,4.0,1.0,3.0,4.0,5.0,5.0,5.0,4.0,6.0,3.0,2.0,5.0,6.0,32.0,32.0,1.0,16.0,2.0,1.0,2.0,64.0,1.0,1.0,1.0,1.0,6.0,3.0,6.0,1.0,4.0,1.0,6.0,1.0,3.0,5.0,5.0,3.0,6.0,5.0,2.0,4.0,6.0,4.0,8.0,16.0,1.0,32.0,1.0,1.0,8.0,32.0,1.0,1.0,1.0,1.0,2.0,1.0,2.0,6.0,2.0,1.0,4.0,3.0,3.0,5.0,1.0,6.0,3.0,6.0,6.0,2.0,5.0,3.0,512.0,8.0,1.0,16.0,512.0,1.0,1.0,1.0,1.0,1.0,1.0,1.0,3.0,6.0,4.0,3.0,4.0,2.0,4.0,5.0,3.0,1.0,5.0,2.0,5.0,6.0,5.0,1.0,1.0,1.0,32.0,64.0,1.0,1024.0,64.0,1.0,1.0,1.0,1.0,1.0,1.0,1.0,6.0,5.0,1.0,2.0,4.0,5.0,3.0,2.0,3.0,5.0,6.0,6.0,2.0,3.0,1.0,5.0,4.0,4.0,8.0,8.0,1.0,8.0,8.0,1.0,1.0,1.0,1.0,1.0,1.0,1.0,200120868.0,3925004.14,2397900000.0,10.427682,1824.0,514.0,1441792.0,785475235400393.5,10.957144999999999,0.03537945,107.6,167257.6
1024.0,4096000.0,256.0,64.0,3.0,46.0,14.0,6.0,4.0,4.0,2.0,5.0,1.0,1.0,4.0,2.0,4.0,1.0,5.0,3.0,2.0,2.0,5.0,1.0,6.0,4.0,1.0,1.0,2.0,4.0,1.0,1.0,2.0,256.0,1.0,384.0,12.0,1.0,1.0,1.0,1.0,1.0,1.0,1.0,2.0,2.0,6.0,6.0,4.0,2.0,2.0,3.0,2.0,4.0,3.0,6.0,4.0,1.0,6.0,6.0,6.0,6.0,2.0,8.0,1.0,128.0,1.0,1.0,1.0,1.0,1.0,1.0,1.0,1.0,6.0,4.0,4.0,1.0,6.0,4.0,1.0,5.0,1.0,1.0,4.0,4.0,1.0,5.0,6.0,6.0,4.0,4.0,4.0,32.0,1.0,64.0,128.0,1.0,4.0,4.0,1.0,1.0,1.0,1.0,3.0,2.0,1.0,1.0,4.0,4.0,2.0,1.0,5.0,2.0,5.0,5.0,4.0,1.0,6.0,6.0,6.0,3.0,512.0,1.0,1.0,32.0,2.0,1.0,1.0,1.0,1.0,1.0,1.0,1.0,6.0,1.0,2.0,3.0,4.0,5.0,6.0,2.0,6.0,5.0,2.0,6.0,4.0,1.0,5.0,4.0,6.0,1.0,256.0,64.0,1.0,16.0,1.0,1.0,1.0,1.0,1.0,1.0,1.0,1.0,2.0,2.0,6.0,3.0,6.0,2.0,4.0,2.0,3.0,2.0,6.0,6.0,6.0,3.0,6.0,2.0,3.0,6.0,256.0,16.0,1.0,2.0,1.0,1.0,1.0,1.0,1.0,1.0,1.0,1.0,338909196.0,4169051.2399999993,9095650000.0,24.447844999999997,3864.0,514.0,360448.0,1412929803831202.8,26.041984999999993,1.79091647,107.6,38585.6
256000.0,32000000.0,256.0,64.0,3.0,20.0,32.0,28.0,5.0,3.0,1.0,1.0,4.0,6.0,6.0,2.0,4.0,2.0,5.0,6.0,5.0,5.0,3.0,2.0,3.0,4.0,1.0,1.0,3.0,3.0,6.0,2.0,32.0,4.0,1.0,256.0,12.0,1.0,1.0,1.0,1.0,1.0,1.0,1.0,5.0,5.0,4.0,6.0,4.0,3.0,3.0,5.0,3.0,1.0,2.0,6.0,3.0,1.0,5.0,3.0,3.0,1.0,2.0,64.0,1.0,16.0,2.0,1.0,1.0,16.0,1.0,1.0,1.0,1.0,4.0,5.0,5.0,4.0,3.0,6.0,2.0,2.0,2.0,2.0,5.0,1.0,3.0,1.0,4.0,1.0,5.0,2.0,2.0,4.0,1.0,16.0,64.0,1.0,4.0,2.0,1.0,1.0,1.0,1.0,6.0,6.0,6.0,5.0,5.0,6.0,4.0,1.0,6.0,2.0,6.0,3.0,6.0,6.0,2.0,1.0,3.0,6.0,128.0,256.0,1.0,32.0,2.0,1.0,1.0,1.0,1.0,1.0,1.0,1.0,4.0,5.0,5.0,5.0,1.0,2.0,3.0,5.0,2.0,5.0,1.0,6.0,4.0,6.0,3.0,6.0,1.0,1.0,128.0,4.0,1.0,1.0,2048.0,1.0,1.0,1.0,1.0,1.0,1.0,1.0,4.0,2.0,1.0,1.0,2.0,5.0,6.0,2.0,5.0,1.0,3.0,4.0,3.0,6.0,3.0,2.0,6.0,6.0,4.0,1.0,1.0,8.0,1.0,1.0,1.0,1.0,1.0,1.0,1.0,1.0,432503274.0,4989210.82,170541000000.0,223.3246,17920.0,514.0,1081344.0,2157850014326224.8,15.9,0.9117059500000001,107.6,65500.8
128000.0,128000.0,256.0,64.0,1.0,6.0,32.0,14.0,5.0,3.0,5.0,4.0,4.0,6.0,2.0,4.0,5.0,3.0,2.0,1.0,5.0,2.0,3.0,5.0,6.0,5.0,2.0,1.0,6.0,4.0,3.0,1.0,16.0,8.0,1.0,12.0,16.0,1.0,1.0,1.0,1.0,1.0,1.0,1.0,1.0,5.0,2.0,3.0,6.0,6.0,5.0,5.0,1.0,4.0,3.0,1.0,6.0,6.0,6.0,1.0,3.0,1.0,4.0,4.0,1.0,4.0,4.0,1.0,64.0,8.0,1.0,1.0,1.0,1.0,1.0,5.0,2.0,1.0,4.0,2.0,2.0,5.0,3.0,4.0,6.0,6.0,2.0,2.0,3.0,2.0,4.0,6.0,2.0,16.0,1.0,16.0,32.0,1.0,32.0,4.0,1.0,1.0,1.0,1.0,4.0,4.0,5.0,1.0,6.0,1.0,4.0,3.0,6.0,6.0,2.0,3.0,5.0,4.0,2.0,4.0,3.0,6.0,4.0,32.0,1.0,4.0,4.0,1.0,1.0,1.0,1.0,1.0,1.0,1.0,5.0,1.0,6.0,6.0,5.0,1.0,5.0,2.0,6.0,4.0,6.0,2.0,3.0,6.0,6.0,4.0,2.0,6.0,64.0,16.0,1.0,128.0,128.0,1.0,1.0,1.0,1.0,1.0,1.0,1.0,1.0,2.0,3.0,1.0,5.0,5.0,2.0,1.0,6.0,3.0,4.0,2.0,2.0,3.0,6.0,1.0,4.0,6.0,1024.0,16.0,1.0,4.0,16.0,1.0,1.0,1.0,1.0,1.0,1.0,1.0,2516582520.0,22832752.799999997,6228280.0,0.07097709999999999,14.0,514.0,514.0,5.746050657996105e+16,1.0,1.0039049999999998,107.6,107.6
128000.0,32000000.0,256.0,64.0,1.0,8.0,44.0,42.0,3.0,2.0,3.0,1.0,6.0,3.0,6.0,6.0,6.0,4.0,3.0,6.0,3.0,2.0,1.0,2.0,3.0,1.0,2.0,4.0,3.0,5.0,5.0,5.0,256.0,8.0,1.0,128.0,48.0,1.0,1.0,1.0,1.0,1.0,1.0,1.0,5.0,4.0,5.0,6.0,4.0,6.0,3.0,3.0,2.0,6.0,1.0,3.0,5.0,5.0,4.0,1.0,6.0,1.0,16.0,8.0,1.0,4.0,4.0,1.0,64.0,8.0,1.0,1.0,1.0,1.0,4.0,2.0,6.0,4.0,6.0,5.0,1.0,6.0,3.0,5.0,1.0,1.0,4.0,3.0,5.0,1.0,4.0,4.0,64.0,8.0,1.0,128.0,16.0,1.0,4.0,1.0,1.0,1.0,1.0,1.0,1.0,6.0,5.0,3.0,4.0,4.0,3.0,2.0,3.0,1.0,5.0,5.0,4.0,1.0,2.0,6.0,2.0,2.0,64.0,32.0,1.0,64.0,1.0,1.0,1.0,1.0,1.0,1.0,1.0,1.0,2.0,4.0,2.0,2.0,1.0,6.0,6.0,5.0,1.0,4.0,2.0,6.0,6.0,4.0,2.0,5.0,5.0,6.0,2.0,2.0,1.0,128.0,1024.0,1.0,1.0,1.0,1.0,1.0,1.0,1.0,5.0,6.0,2.0,5.0,6.0,6.0,3.0,2.0,6.0,3.0,2.0,3.0,6.0,4.0,3.0,5.0,6.0,6.0,256.0,2.0,1.0,8.0,2.0,1.0,1.0,1.0,1.0,1.0,1.0,1.0,2516582520.0,18146128.799999997,17796800.0,0.20017819999999997,42.0,514.0,514.0,4.566623054374857e+16,1.0,1.0035149999999997,107.6,107.6
128.0,512000.0,256.0,64.0,3.0,44.0,14.0,20.0,2.0,6.0,4.0,3.0,3.0,4.0,3.0,3.0,6.0,1.0,2.0,5.0,4.0,5.0,3.0,4.0,6.0,6.0,1.0,5.0,3.0,5.0,5.0,4.0,256.0,1.0,1.0,768.0,32.0,1.0,1.0,1.0,1.0,1.0,1.0,1.0,2.0,4.0,1.0,3.0,5.0,4.0,4.0,1.0,4.0,5.0,5.0,1.0,4.0,3.0,6.0,3.0,2.0,4.0,2.0,32.0,1.0,64.0,128.0,1.0,16.0,2.0,1.0,1.0,1.0,1.0,6.0,5.0,2.0,4.0,5.0,4.0,5.0,1.0,3.0,3.0,4.0,4.0,2.0,5.0,4.0,6.0,3.0,4.0,1.0,2.0,1.0,32.0,2.0,1.0,4.0,32.0,1.0,1.0,1.0,1.0,5.0,5.0,3.0,6.0,4.0,6.0,2.0,2.0,6.0,2.0,1.0,4.0,2.0,1.0,6.0,4.0,2.0,4.0,2.0,4.0,1.0,128.0,1.0,1.0,1.0,1.0,1.0,1.0,1.0,1.0,4.0,3.0,2.0,3.0,2.0,2.0,5.0,4.0,3.0,5.0,4.0,2.0,1.0,4.0,3.0,6.0,5.0,1.0,512.0,4.0,1.0,256.0,16.0,1.0,1.0,1.0,1.0,1.0,1.0,1.0,3.0,4.0,6.0,3.0,4.0,4.0,1.0,3.0,1.0,1.0,6.0,1.0,4.0,6.0,3.0,2.0,6.0,5.0,2.0,16.0,1.0,16.0,8.0,1.0,1.0,1.0,1.0,1.0,1.0,1.0,486578442.0,4353276.18,82088900000.0,123.87065,12320.0,514.0,2686976.0,2118210341260111.5,18.3,4.426572749999999,107.6,207360.0
256000.0,64000.0,256.0,64.0,3.0,12.0,28.0,14.0,4.0,4.0,6.0,2.0,1.0,1.0,5.0,4.0,6.0,4.0,6.0,1.0,4.0,5.0,6.0,1.0,5.0,5.0,4.0,4.0,5.0,5.0,1.0,4.0,8.0,512.0,1.0,32.0,384.0,1.0,1.0,1.0,1.0,1.0,1.0,1.0,4.0,1.0,6.0,5.0,1.0,2.0,5.0,5.0,4.0,5.0,2.0,2.0,5.0,4.0,4.0,3.0,3.0,3.0,4.0,1.0,1.0,16.0,128.0,1.0,2.0,4.0,1.0,1.0,1.0,1.0,1.0,2.0,4.0,1.0,6.0,4.0,6.0,4.0,3.0,5.0,5.0,2.0,4.0,1.0,4.0,4.0,2.0,4.0,2.0,4.0,1.0,2.0,64.0,1.0,32.0,1.0,1.0,1.0,1.0,1.0,4.0,3.0,1.0,1.0,1.0,3.0,6.0,6.0,6.0,3.0,3.0,4.0,5.0,4.0,6.0,4.0,5.0,3.0,256.0,512.0,1.0,128.0,8.0,1.0,1.0,1.0,1.0,1.0,1.0,1.0,1.0,6.0,1.0,5.0,5.0,6.0,5.0,1.0,5.0,5.0,6.0,4.0,4.0,4.0,6.0,4.0,1.0,1.0,8.0,32.0,1.0,128.0,64.0,1.0,1.0,1.0,1.0,1.0,1.0,1.0,1.0,6.0,5.0,1.0,6.0,1.0,4.0,4.0,4.0,3.0,3.0,5.0,5.0,3.0,5.0,2.0,2.0,2.0,32.0,128.0,1.0,32.0,4.0,1.0,1.0,1.0,1.0,1.0,1.0,1.0,91133568.0,4274675.039999999,13086500000.0,31.537315000000007,4704.0,514.0,622592.0,389566388435742.6,155.27100000000004,27.6544139,107.6,59955.2
128000.0,16000000.0,256.0,64.0,2.0,24.0,20.0,36.0,6.0,1.0,4.0,5.0,2.0,2.0,1.0,5.0,2.0,6.0,2.0,4.0,2.0,1.0,4.0,6.0,6.0,5.0,1.0,6.0,4.0,2.0,4.0,2.0,256.0,16.0,1.0,96.0,32.0,1.0,1.0,1.0,1.0,1.0,1.0,1.0,1.0,1.0,1.0,6.0,5.0,5.0,3.0,2.0,3.0,5.0,6.0,6.0,2.0,5.0,2.0,6.0,2.0,5.0,1.0,64.0,1.0,128.0,1.0,1.0,1.0,128.0,1.0,1.0,1.0,1.0,6.0,2.0,4.0,2.0,4.0,2.0,6.0,6.0,1.0,2.0,5.0,5.0,6.0,3.0,4.0,4.0,4.0,4.0,2.0,1.0,1.0,128.0,4.0,1.0,64.0,4.0,1.0,1.0,1.0,1.0,1.0,2.0,4.0,1.0,1.0,5.0,5.0,4.0,4.0,3.0,3.0,4.0,6.0,4.0,5.0,5.0,6.0,6.0,8.0,64.0,1.0,32.0,4.0,1.0,1.0,1.0,1.0,1.0,1.0,1.0,4.0,2.0,6.0,5.0,2.0,5.0,3.0,1.0,4.0,2.0,6.0,6.0,5.0,2.0,1.0,6.0,6.0,5.0,32.0,4.0,1.0,512.0,2048.0,1.0,1.0,1.0,1.0,1.0,1.0,1.0,6.0,5.0,1.0,4.0,5.0,2.0,1.0,2.0,6.0,2.0,6.0,5.0,6.0,4.0,5.0,3.0,6.0,3.0,32.0,8.0,1.0,16.0,256.0,1.0,1.0,1.0,1.0,1.0,1.0,1.0,144492150.0,4495280.300000001,541877000.0,3.6197994999999996,720.0,514.0,233472.0,649532715399645.1,17.213179999999998,5.009713899999999,107.6,22048.8
32000.0,128000.0,256.0,64.0,2.0,38.0,2.0,4.0,1.0,1.0,6.0,5.0,4.0,3.0,3.0,3.0,5.0,3.0,4.0,1.0,6.0,2.0,6.0,2.0,5.0,3.0,2.0,4.0,2.0,1.0,5.0,5.0,128.0,512.0,1.0,192.0,48.0,1.0,1.0,1.0,1.0,1.0,1.0,1.0,2.0,3.0,5.0,2.0,4.0,2.0,6.0,6.0,5.0,4.0,3.0,5.0,5.0,1.0,4.0,1.0,3.0,3.0,4.0,1.0,1.0,4.0,64.0,1.0,64.0,1.0,1.0,1.0,1.0,1.0,4.0,3.0,3.0,4.0,6.0,3.0,2.0,6.0,4.0,4.0,6.0,3.0,5.0,2.0,5.0,6.0,5.0,6.0,1.0,4.0,1.0,4.0,2.0,1.0,2.0,64.0,1.0,1.0,1.0,1.0,1.0,4.0,4.0,2.0,1.0,5.0,1.0,4.0,1.0,4.0,5.0,6.0,5.0,1.0,1.0,6.0,2.0,6.0,1.0,64.0,1.0,4.0,16.0,1.0,1.0,1.0,1.0,1.0,1.0,1.0,1.0,1.0,5.0,4.0,4.0,2.0,5.0,4.0,4.0,4.0,4.0,5.0,2.0,5.0,2.0,1.0,6.0,4.0,4.0,16.0,1.0,16.0,256.0,1.0,1.0,1.0,1.0,1.0,1.0,1.0,2.0,4.0,3.0,3.0,2.0,5.0,3.0,1.0,2.0,2.0,2.0,6.0,4.0,5.0,3.0,2.0,4.0,6.0,128.0,256.0,1.0,4.0,8.0,1.0,1.0,1.0,1.0,1.0,1.0,1.0,2479339284.0,6552999.14,3859170.0,0.060130430000000006,8.0,514.0,57344.0,1.6247108195820214e+16,1.8,1.3427826889999999,107.6,4957.2
128000.0,32000.0,256.0,64.0,3.0,6.0,6.0,20.0,5.0,4.0,6.0,4.0,4.0,5.0,1.0,4.0,6.0,5.0,1.0,1.0,2.0,4.0,3.0,4.0,6.0,2.0,6.0,5.0,1.0,2.0,1.0,2.0,128.0,256.0,1.0,16.0,12.0,1.0,1.0,1.0,1.0,1.0,1.0,1.0,3.0,2.0,1.0,5.0,4.0,5.0,4.0,2.0,3.0,2.0,6.0,5.0,1.0,4.0,5.0,5.0,5.0,1.0,8.0,1.0,1.0,8.0,4.0,1.0,4.0,8.0,1.0,1.0,1.0,1.0,6.0,6.0,4.0,2.0,2.0,4.0,6.0,3.0,3.0,6.0,4.0,3.0,4.0,2.0,3.0,3.0,6.0,1.0,128.0,8.0,1.0,128.0,1.0,1.0,1.0,4.0,1.0,1.0,1.0,1.0,6.0,1.0,2.0,3.0,3.0,5.0,5.0,5.0,1.0,1.0,6.0,1.0,3.0,6.0,4.0,6.0,2.0,6.0,4.0,512.0,1.0,16.0,2.0,1.0,1.0,1.0,1.0,1.0,1.0,1.0,6.0,6.0,1.0,6.0,4.0,3.0,6.0,5.0,3.0,4.0,1.0,1.0,5.0,1.0,2.0,4.0,5.0,4.0,8.0,512.0,1.0,512.0,2.0,1.0,1.0,1.0,1.0,1.0,1.0,1.0,6.0,2.0,3.0,6.0,6.0,4.0,3.0,3.0,1.0,5.0,6.0,6.0,3.0,2.0,3.0,4.0,2.0,3.0,1024.0,2.0,1.0,32.0,2.0,1.0,1.0,1.0,1.0,1.0,1.0,1.0,615338664.0,4047619.4000000004,541935000.0,3.841371,720.0,514.0,786432.0,2490656713976482.0,20.8905725,1.1343735350000004,107.6,86272.0
8192.0,64000.0,256.0,64.0,1.0,18.0,42.0,6.0,6.0,5.0,2.0,2.0,1.0,3.0,1.0,1.0,5.0,3.0,1.0,2.0,2.0,2.0,1.0,1.0,6.0,6.0,1.0,1.0,6.0,4.0,4.0,6.0,256.0,64.0,1.0,384.0,48.0,1.0,1.0,1.0,1.0,1.0,1.0,1.0,3.0,3.0,4.0,6.0,5.0,3.0,4.0,1.0,6.0,3.0,5.0,5.0,2.0,3.0,3.0,4.0,4.0,4.0,64.0,4.0,1.0,8.0,4.0,1.0,4.0,1.0,1.0,1.0,1.0,1.0,5.0,1.0,5.0,5.0,4.0,5.0,5.0,3.0,2.0,3.0,3.0,4.0,2.0,2.0,4.0,1.0,4.0,6.0,16.0,32.0,1.0,1.0,64.0,1.0,8.0,32.0,1.0,1.0,1.0,1.0,4.0,6.0,1.0,3.0,1.0,4.0,4.0,3.0,5.0,5.0,1.0,6.0,1.0,6.0,2.0,5.0,6.0,6.0,32.0,1.0,1.0,1.0,32.0,1.0,1.0,1.0,1.0,1.0,1.0,1.0,4.0,4.0,2.0,3.0,4.0,5.0,3.0,6.0,3.0,5.0,6.0,1.0,5.0,5.0,2.0,3.0,5.0,2.0,16.0,512.0,1.0,256.0,64.0,1.0,1.0,1.0,1.0,1.0,1.0,1.0,3.0,3.0,2.0,2.0,5.0,2.0,1.0,3.0,5.0,4.0,4.0,2.0,2.0,6.0,6.0,3.0,1.0,3.0,1024.0,1024.0,1.0,4.0,8.0,1.0,1.0,1.0,1.0,1.0,1.0,1.0,422314176.0,11250057.120000001,3069880.0,0.03515203999999999,6.0,514.0,1804.0,4751058602585734.0,5.846982499999999,7.4793470000000015,107.6,381.6
8192.0,2048000.0,256.0,64.0,1.0,26.0,30.0,14.0,1.0,6.0,2.0,3.0,1.0,3.0,4.0,6.0,2.0,1.0,6.0,2.0,6.0,1.0,1.0,4.0,1.0,4.0,5.0,6.0,5.0,6.0,5.0,1.0,4.0,8.0,1.0,3.0,64.0,1.0,1.0,1.0,1.0,1.0,1.0,1.0,4.0,1.0,1.0,1.0,4.0,6.0,6.0,3.0,3.0,3.0,1.0,4.0,4.0,4.0,6.0,5.0,5.0,3.0,8.0,4.0,1.0,4.0,32.0,1.0,32.0,4.0,1.0,1.0,1.0,1.0,2.0,2.0,6.0,1.0,5.0,3.0,6.0,3.0,6.0,3.0,3.0,2.0,3.0,4.0,4.0,4.0,5.0,2.0,1.0,1.0,1.0,64.0,2.0,1.0,2.0,4.0,1.0,1.0,1.0,1.0,6.0,3.0,5.0,5.0,3.0,5.0,5.0,3.0,5.0,1.0,6.0,5.0,2.0,2.0,1.0,1.0,5.0,4.0,4.0,2.0,1.0,16.0,1.0,1.0,1.0,1.0,1.0,1.0,1.0,1.0,4.0,6.0,2.0,5.0,1.0,6.0,5.0,5.0,3.0,3.0,5.0,1.0,1.0,1.0,2.0,2.0,5.0,6.0,32.0,32.0,1.0,256.0,128.0,1.0,1.0,1.0,1.0,1.0,1.0,1.0,2.0,2.0,6.0,4.0,3.0,4.0,2.0,5.0,5.0,5.0,4.0,2.0,6.0,2.0,3.0,1.0,5.0,4.0,32.0,128.0,1.0,32.0,256.0,1.0,1.0,1.0,1.0,1.0,1.0,1.0,181665912.0,15550639.200000003,6228620.0,0.07343496,14.0,514.0,3868.0,2825021052450951.0,13.018560000000003,13.4548,107.6,820.0
1024000.0,64000.0,256.0,64.0,1.0,38.0,2.0,36.0,5.0,4.0,4.0,5.0,1.0,6.0,4.0,6.0,3.0,3.0,3.0,6.0,2.0,4.0,3.0,2.0,4.0,2.0,3.0,1.0,2.0,2.0,6.0,3.0,128.0,128.0,1.0,384.0,8.0,1.0,1.0,1.0,1.0,1.0,1.0,1.0,6.0,3.0,2.0,2.0,5.0,6.0,6.0,1.0,6.0,6.0,2.0,2.0,2.0,1.0,2.0,1.0,2.0,3.0,8.0,16.0,1.0,1.0,8.0,1.0,16.0,16.0,1.0,1.0,1.0,1.0,2.0,4.0,1.0,2.0,2.0,2.0,5.0,6.0,2.0,2.0,3.0,1.0,2.0,2.0,2.0,4.0,6.0,5.0,4.0,2.0,1.0,128.0,2.0,1.0,8.0,8.0,1.0,1.0,1.0,1.0,3.0,5.0,3.0,1.0,6.0,6.0,4.0,2.0,4.0,4.0,3.0,6.0,3.0,3.0,3.0,6.0,6.0,2.0,64.0,64.0,1.0,256.0,8.0,1.0,1.0,1.0,1.0,1.0,1.0,1.0,1.0,1.0,4.0,5.0,4.0,2.0,3.0,1.0,3.0,2.0,3.0,6.0,1.0,5.0,3.0,2.0,5.0,2.0,1.0,512.0,1.0,64.0,8.0,1.0,1.0,1.0,1.0,1.0,1.0,1.0,4.0,3.0,1.0,6.0,4.0,4.0,2.0,3.0,2.0,5.0,4.0,4.0,2.0,2.0,5.0,6.0,3.0,2.0,128.0,128.0,1.0,2.0,64.0,1.0,1.0,1.0,1.0,1.0,1.0,1.0,2516582520.0,19082018.4,15250600.0,0.17238339999999996,36.0,514.0,514.0,4.802147395175837e+16,1.0,1.0004629999999997,107.6,107.6
1024000.0,32000.0,256.0,64.0,1.0,8.0,12.0,46.0,4.0,6.0,1.0,6.0,4.0,3.0,5.0,3.0,6.0,1.0,2.0,4.0,2.0,4.0,5.0,6.0,3.0,6.0,5.0,6.0,1.0,6.0,6.0,5.0,4.0,16.0,1.0,4.0,192.0,1.0,1.0,1.0,1.0,1.0,1.0,1.0,6.0,4.0,3.0,4.0,2.0,3.0,4.0,2.0,5.0,2.0,6.0,3.0,3.0,3.0,2.0,3.0,6.0,6.0,32.0,4.0,1.0,8.0,128.0,1.0,1.0,8.0,1.0,1.0,1.0,1.0,2.0,6.0,6.0,3.0,2.0,4.0,1.0,4.0,5.0,5.0,5.0,4.0,1.0,3.0,2.0,4.0,6.0,4.0,8.0,16.0,1.0,128.0,64.0,1.0,32.0,8.0,1.0,1.0,1.0,1.0,1.0,4.0,4.0,6.0,2.0,5.0,6.0,6.0,5.0,2.0,3.0,6.0,5.0,1.0,4.0,4.0,5.0,3.0,16.0,256.0,1.0,512.0,8.0,1.0,1.0,1.0,1.0,1.0,1.0,1.0,5.0,6.0,5.0,2.0,6.0,5.0,5.0,1.0,1.0,4.0,4.0,3.0,3.0,1.0,2.0,5.0,4.0,1.0,128.0,4.0,1.0,256.0,256.0,1.0,1.0,1.0,1.0,1.0,1.0,1.0,2.0,6.0,5.0,2.0,4.0,2.0,5.0,1.0,2.0,4.0,6.0,1.0,4.0,1.0,2.0,4.0,3.0,2.0,1.0,2048.0,1.0,16.0,256.0,1.0,1.0,1.0,1.0,1.0,1.0,1.0,57016440.0,15169600.8,19515900.0,0.22723220000000005,46.0,514.0,12124.0,864916633837152.0,42.93440999999999,43.332330000000006,107.6,2573.6
32000.0,8192000.0,256.0,64.0,2.0,8.0,20.0,42.0,2.0,4.0,2.0,2.0,5.0,6.0,3.0,3.0,1.0,5.0,4.0,6.0,1.0,2.0,2.0,4.0,4.0,1.0,3.0,2.0,3.0,3.0,6.0,3.0,512.0,32.0,1.0,2.0,2.0,1.0,1.0,1.0,1.0,1.0,1.0,1.0,6.0,3.0,6.0,3.0,1.0,2.0,5.0,4.0,3.0,5.0,5.0,1.0,4.0,4.0,2.0,6.0,4.0,2.0,16.0,1.0,1.0,8.0,16.0,1.0,8.0,32.0,1.0,1.0,1.0,1.0,4.0,6.0,2.0,1.0,5.0,6.0,5.0,3.0,2.0,6.0,5.0,1.0,4.0,5.0,2.0,2.0,3.0,4.0,16.0,32.0,1.0,16.0,64.0,1.0,1.0,16.0,1.0,1.0,1.0,1.0,4.0,1.0,2.0,5.0,3.0,6.0,2.0,3.0,2.0,6.0,2.0,2.0,6.0,3.0,3.0,4.0,5.0,1.0,32.0,4.0,1.0,1.0,1.0,1.0,1.0,1.0,1.0,1.0,1.0,1.0,4.0,6.0,4.0,5.0,2.0,5.0,3.0,4.0,6.0,6.0,1.0,2.0,6.0,2.0,1.0,5.0,5.0,1.0,8.0,16.0,1.0,64.0,2048.0,1.0,1.0,1.0,1.0,1.0,1.0,1.0,5.0,3.0,6.0,3.0,1.0,2.0,5.0,2.0,1.0,4.0,5.0,4.0,3.0,1.0,5.0,4.0,1.0,3.0,2.0,32.0,1.0,16.0,2.0,1.0,1.0,1.0,1.0,1.0,1.0,1.0,2519617848.0,8916542.020000003,683408000.0,4.183827500000001,840.0,514.0,19456.0,2.246627841603398e+16,1.0,0.52913568,107.6,1824.8
512.0,1024000.0,256.0,64.0,2.0,40.0,48.0,8.0,4.0,5.0,2.0,5.0,5.0,2.0,1.0,1.0,2.0,4.0,1.0,3.0,1.0,3.0,4.0,2.0,3.0,6.0,1.0,5.0,2.0,1.0,4.0,2.0,64.0,2.0,1.0,512.0,384.0,1.0,1.0,1.0,1.0,1.0,1.0,1.0,4.0,3.0,3.0,1.0,1.0,6.0,3.0,6.0,2.0,2.0,5.0,4.0,4.0,3.0,2.0,5.0,6.0,1.0,4.0,32.0,1.0,64.0,2.0,1.0,2.0,128.0,1.0,1.0,1.0,1.0,5.0,5.0,3.0,2.0,3.0,5.0,4.0,3.0,4.0,3.0,4.0,6.0,6.0,5.0,5.0,5.0,5.0,1.0,64.0,2.0,1.0,128.0,1.0,1.0,2.0,16.0,1.0,1.0,1.0,1.0,1.0,4.0,5.0,3.0,4.0,2.0,4.0,4.0,3.0,2.0,6.0,1.0,4.0,5.0,3.0,5.0,2.0,1.0,64.0,2.0,1.0,128.0,1.0,1.0,1.0,1.0,1.0,1.0,1.0,1.0,1.0,3.0,2.0,3.0,2.0,2.0,1.0,4.0,5.0,2.0,4.0,1.0,5.0,5.0,2.0,2.0,6.0,5.0,1.0,8.0,1.0,1.0,4.0,1.0,1.0,1.0,1.0,1.0,1.0,1.0,5.0,1.0,5.0,4.0,3.0,5.0,4.0,6.0,6.0,4.0,1.0,4.0,5.0,4.0,4.0,6.0,1.0,2.0,16.0,1.0,1.0,128.0,2.0,1.0,1.0,1.0,1.0,1.0,1.0,1.0,194473206.0,12534610.240000002,223615000.0,1.8991305000000003,384.0,514.0,301568.0,2437645839333230.0,36.908685,15.6124155,107.6,18235.2
2048000.0,32000.0,256.0,64.0,3.0,24.0,28.0,28.0,5.0,5.0,2.0,2.0,6.0,3.0,4.0,4.0,6.0,1.0,1.0,4.0,6.0,1.0,2.0,1.0,5.0,5.0,5.0,6.0,3.0,1.0,5.0,3.0,32.0,1.0,1.0,32.0,64.0,1.0,1.0,1.0,1.0,1.0,1.0,1.0,2.0,5.0,3.0,4.0,3.0,3.0,2.0,2.0,5.0,2.0,1.0,5.0,6.0,2.0,2.0,6.0,4.0,5.0,4.0,8.0,1.0,64.0,64.0,1.0,32.0,16.0,1.0,1.0,1.0,1.0,3.0,5.0,3.0,4.0,5.0,5.0,5.0,3.0,3.0,4.0,3.0,4.0,6.0,5.0,6.0,2.0,4.0,6.0,8.0,4.0,1.0,1.0,16.0,1.0,64.0,1.0,1.0,1.0,1.0,1.0,4.0,4.0,4.0,5.0,6.0,4.0,6.0,5.0,2.0,6.0,4.0,5.0,3.0,1.0,3.0,6.0,2.0,6.0,8.0,16.0,1.0,64.0,16.0,1.0,1.0,1.0,1.0,1.0,1.0,1.0,2.0,1.0,3.0,3.0,6.0,5.0,3.0,2.0,6.0,1.0,5.0,6.0,4.0,1.0,5.0,3.0,3.0,5.0,512.0,128.0,1.0,4.0,128.0,1.0,1.0,1.0,1.0,1.0,1.0,1.0,5.0,6.0,1.0,2.0,3.0,4.0,5.0,1.0,6.0,2.0,5.0,2.0,1.0,4.0,6.0,1.0,4.0,3.0,8.0,1.0,1.0,128.0,512.0,1.0,1.0,1.0,1.0,1.0,1.0,1.0,95694192.0,4537503.16,187660000000.0,241.73635000000002,18816.0,514.0,294912.0,434212698593646.75,43.30668,3.9141296999999997,107.6,27955.2
128.0,32000000.0,256.0,64.0,2.0,32.0,42.0,48.0,6.0,6.0,1.0,1.0,2.0,1.0,6.0,5.0,4.0,2.0,4.0,2.0,6.0,6.0,1.0,1.0,3.0,6.0,6.0,3.0,5.0,6.0,5.0,4.0,512.0,32.0,1.0,4.0,2.0,1.0,1.0,1.0,1.0,1.0,1.0,1.0,1.0,2.0,1.0,2.0,6.0,5.0,6.0,6.0,5.0,2.0,5.0,2.0,2.0,2.0,4.0,1.0,4.0,3.0,2.0,64.0,1.0,64.0,32.0,1.0,16.0,32.0,1.0,1.0,1.0,1.0,1.0,5.0,5.0,2.0,4.0,2.0,4.0,4.0,1.0,5.0,1.0,1.0,1.0,2.0,3.0,4.0,2.0,5.0,32.0,4.0,1.0,4.0,2.0,1.0,32.0,64.0,1.0,1.0,1.0,1.0,1.0,4.0,6.0,2.0,1.0,3.0,1.0,1.0,4.0,3.0,3.0,2.0,5.0,5.0,6.0,6.0,1.0,6.0,64.0,32.0,1.0,32.0,8.0,1.0,1.0,1.0,1.0,1.0,1.0,1.0,2.0,4.0,6.0,1.0,2.0,1.0,3.0,5.0,4.0,3.0,3.0,5.0,1.0,2.0,1.0,3.0,1.0,3.0,8.0,32.0,1.0,32.0,1024.0,1.0,1.0,1.0,1.0,1.0,1.0,1.0,2.0,3.0,6.0,3.0,5.0,4.0,6.0,5.0,1.0,6.0,6.0,2.0,2.0,3.0,1.0,5.0,1.0,5.0,512.0,1024.0,1.0,256.0,16.0,1.0,1.0,1.0,1.0,1.0,1.0,1.0,34701012.0,4022051.88,2847380000.0,11.248415000000001,2016.0,514.0,593920.0,139569270552502.56,497.6,22.246716549999995,107.6,55628.8
1024.0,16000000.0,256.0,64.0,1.0,42.0,46.0,40.0,6.0,3.0,6.0,5.0,6.0,3.0,6.0,6.0,2.0,2.0,3.0,3.0,3.0,4.0,3.0,2.0,2.0,4.0,6.0,4.0,5.0,2.0,2.0,2.0,1.0,8.0,1.0,128.0,128.0,1.0,1.0,1.0,1.0,1.0,1.0,1.0,4.0,5.0,6.0,6.0,5.0,3.0,2.0,2.0,1.0,4.0,5.0,1.0,1.0,5.0,2.0,6.0,6.0,4.0,1.0,8.0,1.0,2.0,128.0,1.0,64.0,2.0,1.0,1.0,1.0,1.0,2.0,2.0,2.0,2.0,3.0,2.0,1.0,3.0,3.0,5.0,1.0,6.0,5.0,4.0,5.0,3.0,1.0,2.0,128.0,64.0,1.0,4.0,4.0,1.0,4.0,1.0,1.0,1.0,1.0,1.0,6.0,2.0,5.0,5.0,5.0,6.0,4.0,4.0,1.0,5.0,5.0,5.0,5.0,1.0,2.0,5.0,2.0,1.0,4.0,256.0,1.0,4.0,64.0,1.0,1.0,1.0,1.0,1.0,1.0,1.0,2.0,6.0,4.0,4.0,4.0,6.0,3.0,1.0,3.0,2.0,3.0,5.0,6.0,2.0,2.0,2.0,3.0,3.0,128.0,64.0,1.0,8.0,8.0,1.0,1.0,1.0,1.0,1.0,1.0,1.0,5.0,5.0,6.0,5.0,4.0,4.0,4.0,3.0,5.0,1.0,2.0,2.0,1.0,1.0,3.0,3.0,6.0,5.0,64.0,128.0,1.0,1.0,1.0,1.0,1.0,1.0,1.0,1.0,1.0,1.0,64488024.0,4925456.640000001,16945000.0,0.1982834,40.0,514.0,10576.0,317632966011279.4,33.47691999999999,30.611787499999995,107.6,2244.8
1024000.0,32000000.0,256.0,64.0,2.0,28.0,4.0,26.0,6.0,2.0,2.0,6.0,5.0,2.0,3.0,3.0,2.0,2.0,5.0,6.0,2.0,5.0,1.0,2.0,2.0,5.0,4.0,3.0,5.0,4.0,1.0,3.0,4.0,8.0,1.0,2.0,12.0,1.0,1.0,1.0,1.0,1.0,1.0,1.0,1.0,6.0,6.0,6.0,2.0,3.0,6.0,1.0,5.0,6.0,3.0,1.0,5.0,5.0,1.0,5.0,5.0,4.0,2.0,64.0,1.0,1.0,32.0,1.0,2.0,2.0,1.0,1.0,1.0,1.0,3.0,1.0,1.0,4.0,5.0,2.0,6.0,2.0,3.0,5.0,4.0,3.0,3.0,4.0,3.0,4.0,4.0,3.0,1.0,16.0,1.0,32.0,64.0,1.0,8.0,8.0,1.0,1.0,1.0,1.0,4.0,6.0,3.0,5.0,2.0,2.0,1.0,4.0,3.0,3.0,6.0,1.0,1.0,2.0,6.0,2.0,1.0,3.0,64.0,64.0,1.0,32.0,2.0,1.0,1.0,1.0,1.0,1.0,1.0,1.0,5.0,6.0,3.0,6.0,2.0,3.0,4.0,1.0,6.0,3.0,3.0,6.0,6.0,4.0,6.0,6.0,5.0,1.0,4.0,512.0,1.0,4.0,256.0,1.0,1.0,1.0,1.0,1.0,1.0,1.0,5.0,6.0,4.0,2.0,5.0,4.0,3.0,2.0,4.0,1.0,1.0,3.0,5.0,2.0,3.0,5.0,5.0,4.0,1024.0,32.0,1.0,16.0,4.0,1.0,1.0,1.0,1.0,1.0,1.0,1.0,632602980.0,6112268.279999999,46263400.0,0.50936745,104.0,514.0,67072.0,3866639128487474.0,4.0,1.2058619949999998,107.6,5944.0
512000.0,8192000.0,256.0,64.0,1.0,18.0,24.0,20.0,6.0,5.0,5.0,3.0,2.0,6.0,6.0,2.0,4.0,3.0,4.0,3.0,5.0,4.0,6.0,3.0,1.0,3.0,5.0,6.0,4.0,2.0,2.0,2.0,64.0,128.0,1.0,64.0,24.0,1.0,1.0,1.0,1.0,1.0,1.0,1.0,2.0,5.0,3.0,3.0,2.0,6.0,6.0,5.0,5.0,1.0,6.0,6.0,4.0,5.0,3.0,1.0,4.0,4.0,8.0,8.0,1.0,64.0,4.0,1.0,8.0,2.0,1.0,1.0,1.0,1.0,2.0,2.0,2.0,3.0,6.0,2.0,3.0,4.0,3.0,5.0,1.0,3.0,5.0,2.0,6.0,3.0,4.0,6.0,4.0,64.0,1.0,4.0,4.0,1.0,32.0,1.0,1.0,1.0,1.0,1.0,1.0,3.0,5.0,3.0,2.0,5.0,3.0,5.0,6.0,3.0,2.0,4.0,1.0,1.0,1.0,3.0,6.0,3.0,128.0,16.0,1.0,64.0,16.0,1.0,1.0,1.0,1.0,1.0,1.0,1.0,5.0,1.0,5.0,4.0,1.0,1.0,6.0,3.0,5.0,3.0,6.0,3.0,4.0,5.0,4.0,2.0,3.0,1.0,32.0,4.0,1.0,64.0,2048.0,1.0,1.0,1.0,1.0,1.0,1.0,1.0,5.0,4.0,3.0,4.0,4.0,1.0,2.0,5.0,2.0,2.0,6.0,6.0,1.0,2.0,4.0,6.0,4.0,1.0,64.0,2048.0,1.0,512.0,8.0,1.0,1.0,1.0,1.0,1.0,1.0,1.0,128188776.0,15143250.000000004,8640490.0,0.10214688000000002,20.0,514.0,5416.0,1941194682162000.5,17.6623,16.7525915,107.6,1148.8
16000.0,8192000.0,256.0,64.0,2.0,4.0,18.0,16.0,3.0,6.0,5.0,1.0,4.0,4.0,1.0,6.0,2.0,4.0,2.0,3.0,5.0,6.0,6.0,3.0,5.0,1.0,4.0,5.0,3.0,3.0,6.0,3.0,2.0,4.0,1.0,96.0,6.0,1.0,1.0,1.0,1.0,1.0,1.0,1.0,4.0,6.0,4.0,4.0,2.0,5.0,4.0,1.0,1.0,2.0,6.0,6.0,6.0,1.0,2.0,3.0,3.0,6.0,2.0,32.0,1.0,2.0,2.0,1.0,1.0,128.0,1.0,1.0,1.0,1.0,6.0,6.0,4.0,4.0,2.0,4.0,2.0,6.0,3.0,4.0,4.0,2.0,4.0,4.0,6.0,1.0,2.0,6.0,32.0,8.0,1.0,32.0,8.0,1.0,8.0,2.0,1.0,1.0,1.0,1.0,3.0,4.0,2.0,4.0,1.0,3.0,1.0,5.0,2.0,6.0,2.0,4.0,2.0,6.0,2.0,4.0,1.0,4.0,8.0,8.0,1.0,256.0,2.0,1.0,1.0,1.0,1.0,1.0,1.0,1.0,5.0,2.0,3.0,2.0,6.0,1.0,3.0,6.0,1.0,1.0,3.0,3.0,5.0,4.0,4.0,1.0,4.0,3.0,32.0,256.0,1.0,2.0,4.0,1.0,1.0,1.0,1.0,1.0,1.0,1.0,6.0,5.0,5.0,6.0,4.0,3.0,5.0,4.0,5.0,1.0,1.0,1.0,2.0,5.0,3.0,3.0,3.0,1.0,2048.0,64.0,1.0,256.0,128.0,1.0,1.0,1.0,1.0,1.0,1.0,1.0,298904622.0,5826489.120000001,153803000.0,1.4118294999999998,288.0,514.0,180224.0,1741564528000713.0,22.004915,9.247767949999998,107.6,13130.4
512000.0,64000.0,256.0,64.0,3.0,18.0,34.0,10.0,1.0,1.0,4.0,3.0,3.0,5.0,5.0,5.0,3.0,4.0,1.0,1.0,5.0,1.0,5.0,1.0,5.0,4.0,2.0,1.0,2.0,6.0,3.0,1.0,16.0,8.0,1.0,256.0,24.0,1.0,1.0,1.0,1.0,1.0,1.0,1.0,1.0,3.0,3.0,5.0,3.0,3.0,6.0,5.0,2.0,2.0,3.0,1.0,5.0,4.0,1.0,5.0,5.0,5.0,64.0,16.0,1.0,16.0,1.0,1.0,16.0,1.0,1.0,1.0,1.0,1.0,4.0,5.0,4.0,1.0,2.0,5.0,2.0,6.0,4.0,6.0,2.0,5.0,5.0,3.0,6.0,5.0,5.0,2.0,32.0,8.0,1.0,16.0,1.0,1.0,1.0,4.0,1.0,1.0,1.0,1.0,2.0,1.0,6.0,2.0,4.0,2.0,2.0,2.0,5.0,6.0,2.0,2.0,6.0,5.0,4.0,5.0,5.0,6.0,64.0,1.0,1.0,16.0,32.0,1.0,1.0,1.0,1.0,1.0,1.0,1.0,4.0,3.0,1.0,5.0,1.0,5.0,3.0,1.0,4.0,1.0,3.0,4.0,2.0,6.0,3.0,4.0,4.0,6.0,4.0,32.0,1.0,2.0,512.0,1.0,1.0,1.0,1.0,1.0,1.0,1.0,2.0,6.0,5.0,6.0,5.0,5.0,3.0,4.0,5.0,3.0,1.0,1.0,4.0,2.0,1.0,6.0,4.0,5.0,1024.0,8.0,1.0,4.0,8.0,1.0,1.0,1.0,1.0,1.0,1.0,1.0,2434570800.0,4440896.36,21441700000.0,44.661305,6120.0,514.0,280576.0,1.0811676603882288e+16,8.2,0.48268224,107.6,30361.6
128.0,32000.0,256.0,64.0,1.0,2.0,14.0,36.0,3.0,1.0,6.0,6.0,4.0,1.0,6.0,2.0,5.0,4.0,1.0,4.0,5.0,5.0,3.0,5.0,4.0,5.0,5.0,4.0,2.0,4.0,2.0,3.0,32.0,64.0,1.0,96.0,3.0,1.0,1.0,1.0,1.0,1.0,1.0,1.0,2.0,1.0,6.0,3.0,1.0,1.0,2.0,2.0,4.0,5.0,5.0,3.0,2.0,4.0,1.0,4.0,1.0,5.0,8.0,8.0,1.0,8.0,128.0,1.0,1.0,32.0,1.0,1.0,1.0,1.0,3.0,5.0,3.0,5.0,4.0,2.0,1.0,3.0,6.0,5.0,6.0,2.0,3.0,6.0,1.0,1.0,1.0,2.0,128.0,32.0,1.0,64.0,64.0,1.0,2.0,4.0,1.0,1.0,1.0,1.0,2.0,1.0,1.0,4.0,3.0,1.0,4.0,5.0,3.0,3.0,3.0,1.0,5.0,6.0,3.0,2.0,3.0,1.0,128.0,8.0,1.0,128.0,512.0,1.0,1.0,1.0,1.0,1.0,1.0,1.0,1.0,2.0,2.0,4.0,2.0,1.0,1.0,4.0,1.0,3.0,1.0,3.0,5.0,3.0,6.0,3.0,4.0,2.0,32.0,2.0,1.0,4.0,32.0,1.0,1.0,1.0,1.0,1.0,1.0,1.0,1.0,5.0,1.0,6.0,6.0,1.0,4.0,1.0,4.0,1.0,3.0,2.0,4.0,2.0,2.0,4.0,6.0,6.0,16.0,1.0,1.0,2.0,4.0,1.0,1.0,1.0,1.0,1.0,1.0,1.0,2419064952.0,16272355.200000003,15250600.0,0.17276979999999997,36.0,514.0,514.0,3.936388415081496e+16,25.8,26.09727,107.6,219.6
32000.0,16000000.0,256.0,64.0,2.0,22.0,44.0,42.0,1.0,4.0,3.0,4.0,4.0,4.0,3.0,5.0,1.0,3.0,1.0,4.0,2.0,6.0,4.0,6.0,4.0,6.0,6.0,1.0,3.0,5.0,6.0,5.0,32.0,8.0,1.0,48.0,512.0,1.0,1.0,1.0,1.0,1.0,1.0,1.0,2.0,5.0,3.0,4.0,1.0,1.0,5.0,4.0,2.0,3.0,5.0,4.0,6.0,3.0,5.0,1.0,3.0,1.0,32.0,64.0,1.0,2.0,1.0,1.0,16.0,128.0,1.0,1.0,1.0,1.0,2.0,2.0,2.0,6.0,5.0,4.0,1.0,3.0,6.0,6.0,6.0,6.0,6.0,6.0,5.0,6.0,1.0,4.0,8.0,8.0,1.0,2.0,2.0,1.0,2.0,8.0,1.0,1.0,1.0,1.0,4.0,3.0,1.0,2.0,5.0,4.0,5.0,1.0,6.0,1.0,3.0,2.0,4.0,3.0,6.0,1.0,6.0,4.0,256.0,512.0,1.0,128.0,16.0,1.0,1.0,1.0,1.0,1.0,1.0,1.0,2.0,6.0,2.0,6.0,5.0,6.0,3.0,3.0,6.0,6.0,3.0,3.0,1.0,2.0,3.0,1.0,1.0,1.0,256.0,64.0,1.0,256.0,64.0,1.0,1.0,1.0,1.0,1.0,1.0,1.0,2.0,5.0,5.0,6.0,6.0,3.0,6.0,5.0,2.0,4.0,3.0,6.0,1.0,3.0,4.0,1.0,6.0,2.0,1.0,2048.0,1.0,32.0,64.0,1.0,1.0,1.0,1.0,1.0,1.0,1.0,103487958.0,7637519.140000001,2451970000.0,10.315130999999997,1848.0,514.0,786432.0,790391259984516.1,35.46668,7.704059000000001,107.6,91456.0
2048000.0,64000.0,256.0,64.0,2.0,34.0,22.0,6.0,3.0,5.0,6.0,6.0,4.0,4.0,2.0,6.0,3.0,2.0,4.0,4.0,2.0,2.0,6.0,3.0,5.0,3.0,4.0,4.0,5.0,6.0,3.0,6.0,16.0,32.0,1.0,1536.0,24.0,1.0,1.0,1.0,1.0,1.0,1.0,1.0,2.0,2.0,6.0,3.0,4.0,1.0,6.0,4.0,6.0,4.0,6.0,2.0,2.0,4.0,3.0,2.0,3.0,1.0,8.0,1.0,1.0,4.0,64.0,1.0,8.0,64.0,1.0,1.0,1.0,1.0,5.0,6.0,1.0,5.0,2.0,3.0,2.0,4.0,1.0,5.0,3.0,3.0,4.0,1.0,4.0,6.0,5.0,3.0,32.0,8.0,1.0,4.0,32.0,1.0,64.0,2.0,1.0,1.0,1.0,1.0,6.0,3.0,6.0,3.0,2.0,4.0,4.0,4.0,6.0,4.0,5.0,3.0,2.0,1.0,1.0,4.0,1.0,1.0,1.0,512.0,1.0,1.0,16.0,1.0,1.0,1.0,1.0,1.0,1.0,1.0,1.0,3.0,3.0,6.0,4.0,4.0,3.0,4.0,6.0,4.0,5.0,1.0,2.0,2.0,3.0,5.0,6.0,2.0,4.0,2.0,1.0,512.0,2048.0,1.0,1.0,1.0,1.0,1.0,1.0,1.0,2.0,5.0,4.0,5.0,1.0,4.0,1.0,5.0,5.0,1.0,1.0,6.0,4.0,2.0,3.0,3.0,4.0,2.0,4.0,1024.0,1.0,64.0,128.0,1.0,1.0,1.0,1.0,1.0,1.0,1.0,2423974146.0,7854042.4,60407200.0,0.6519586,132.0,514.0,133632.0,1.903799571918779e+16,13.0,7.928951119999999,107.6,9116.9
256000.0,256000.0,256.0,64.0,2.0,26.0,30.0,24.0,3.0,6.0,2.0,1.0,2.0,6.0,6.0,5.0,4.0,5.0,5.0,4.0,1.0,6.0,4.0,4.0,4.0,1.0,3.0,3.0,1.0,3.0,6.0,1.0,64.0,64.0,1.0,1536.0,2.0,1.0,1.0,1.0,1.0,1.0,1.0,1.0,5.0,2.0,3.0,5.0,5.0,3.0,6.0,1.0,2.0,3.0,2.0,3.0,1.0,5.0,4.0,1.0,4.0,2.0,32.0,16.0,1.0,1.0,4.0,1.0,32.0,16.0,1.0,1.0,1.0,1.0,1.0,4.0,5.0,3.0,6.0,6.0,5.0,3.0,1.0,6.0,2.0,6.0,6.0,2.0,5.0,6.0,3.0,4.0,2.0,16.0,1.0,2.0,16.0,1.0,2.0,2.0,1.0,1.0,1.0,1.0,4.0,4.0,1.0,2.0,2.0,5.0,5.0,5.0,3.0,1.0,1.0,1.0,5.0,2.0,2.0,1.0,4.0,6.0,8.0,32.0,1.0,32.0,256.0,1.0,1.0,1.0,1.0,1.0,1.0,1.0,5.0,1.0,2.0,2.0,5.0,4.0,4.0,3.0,1.0,1.0,4.0,2.0,3.0,3.0,3.0,1.0,6.0,1.0,512.0,4.0,1.0,128.0,256.0,1.0,1.0,1.0,1.0,1.0,1.0,1.0,5.0,3.0,5.0,3.0,2.0,5.0,5.0,1.0,4.0,2.0,2.0,6.0,2.0,6.0,2.0,5.0,2.0,6.0,4.0,512.0,1.0,256.0,4.0,1.0,1.0,1.0,1.0,1.0,1.0,1.0,119465622.0,5876199.779999999,541906000.0,3.6709575,720.0,514.0,508928.0,702003861713963.1,23.130245000000006,5.0609910000000005,107.6,36876.8
256.0,128000.0,256.0,64.0,3.0,44.0,4.0,22.0,3.0,5.0,5.0,5.0,5.0,5.0,5.0,4.0,1.0,3.0,4.0,4.0,1.0,1.0,6.0,2.0,4.0,5.0,5.0,1.0,3.0,5.0,6.0,3.0,256.0,256.0,1.0,384.0,48.0,1.0,1.0,1.0,1.0,1.0,1.0,1.0,6.0,2.0,6.0,5.0,1.0,6.0,3.0,2.0,1.0,6.0,6.0,5.0,1.0,2.0,1.0,4.0,4.0,2.0,1.0,8.0,1.0,8.0,1.0,1.0,64.0,1.0,1.0,1.0,1.0,1.0,3.0,4.0,2.0,6.0,1.0,6.0,6.0,4.0,1.0,3.0,6.0,6.0,3.0,1.0,6.0,1.0,4.0,1.0,8.0,8.0,1.0,1.0,16.0,1.0,32.0,16.0,1.0,1.0,1.0,1.0,3.0,6.0,6.0,3.0,6.0,3.0,1.0,1.0,5.0,5.0,6.0,6.0,2.0,5.0,1.0,5.0,4.0,6.0,128.0,128.0,1.0,512.0,32.0,1.0,1.0,1.0,1.0,1.0,1.0,1.0,2.0,5.0,3.0,5.0,6.0,5.0,5.0,1.0,6.0,3.0,5.0,5.0,1.0,2.0,1.0,1.0,4.0,1.0,256.0,2.0,1.0,4.0,8.0,1.0,1.0,1.0,1.0,1.0,1.0,1.0,6.0,6.0,1.0,6.0,5.0,3.0,5.0,2.0,1.0,4.0,1.0,4.0,3.0,3.0,5.0,6.0,1.0,5.0,4.0,2048.0,1.0,1.0,4.0,1.0,1.0,1.0,1.0,1.0,1.0,1.0,394907190.0,3972762.2399999998,9130360000.0,24.946710000000003,3872.0,514.0,1290240.0,1568872372736505.5,36.51667,2.13333335,107.6,164659.2
512000.0,16000000.0,256.0,64.0,1.0,28.0,44.0,34.0,6.0,4.0,3.0,6.0,4.0,6.0,2.0,2.0,1.0,5.0,6.0,6.0,2.0,4.0,4.0,2.0,5.0,2.0,1.0,2.0,6.0,4.0,1.0,5.0,128.0,2.0,1.0,384.0,6.0,1.0,1.0,1.0,1.0,1.0,1.0,1.0,4.0,4.0,4.0,2.0,6.0,4.0,4.0,6.0,3.0,3.0,6.0,4.0,1.0,2.0,4.0,3.0,3.0,4.0,8.0,8.0,1.0,64.0,2.0,1.0,32.0,4.0,1.0,1.0,1.0,1.0,3.0,6.0,6.0,3.0,5.0,3.0,6.0,3.0,5.0,1.0,3.0,3.0,2.0,4.0,1.0,1.0,6.0,2.0,2.0,32.0,1.0,4.0,64.0,1.0,8.0,4.0,1.0,1.0,1.0,1.0,4.0,1.0,5.0,3.0,4.0,5.0,6.0,3.0,3.0,3.0,4.0,2.0,3.0,5.0,6.0,6.0,2.0,4.0,64.0,32.0,1.0,256.0,1.0,1.0,1.0,1.0,1.0,1.0,1.0,1.0,1.0,1.0,6.0,5.0,6.0,6.0,6.0,6.0,4.0,2.0,1.0,6.0,4.0,4.0,4.0,1.0,5.0,3.0,4.0,1.0,1.0,128.0,4.0,1.0,1.0,1.0,1.0,1.0,1.0,1.0,5.0,3.0,3.0,6.0,4.0,1.0,1.0,3.0,6.0,5.0,3.0,6.0,4.0,4.0,5.0,2.0,3.0,1.0,2048.0,8.0,1.0,1.0,2.0,1.0,1.0,1.0,1.0,1.0,1.0,1.0,77464080.0,8510818.560000002,14410900.0,0.16936480000000004,34.0,514.0,9028.0,659282729797325.0,32.07869,34.86899149999999,107.6,1916.0
8192.0,128000.0,256.0,64.0,3.0,32.0,6.0,28.0,5.0,5.0,2.0,2.0,3.0,1.0,5.0,6.0,4.0,3.0,1.0,3.0,5.0,3.0,1.0,4.0,5.0,4.0,1.0,4.0,1.0,3.0,2.0,4.0,32.0,256.0,1.0,12.0,96.0,1.0,1.0,1.0,1.0,1.0,1.0,1.0,5.0,1.0,4.0,3.0,4.0,5.0,6.0,5.0,1.0,1.0,6.0,5.0,5.0,2.0,3.0,1.0,1.0,3.0,32.0,4.0,1.0,32.0,16.0,1.0,8.0,2.0,1.0,1.0,1.0,1.0,4.0,1.0,6.0,1.0,4.0,3.0,1.0,3.0,5.0,2.0,3.0,1.0,2.0,4.0,2.0,4.0,6.0,4.0,64.0,2.0,1.0,2.0,8.0,1.0,1.0,2.0,1.0,1.0,1.0,1.0,5.0,2.0,5.0,4.0,6.0,4.0,3.0,3.0,3.0,6.0,1.0,2.0,2.0,1.0,6.0,3.0,1.0,5.0,2.0,8.0,1.0,16.0,2.0,1.0,1.0,1.0,1.0,1.0,1.0,1.0,3.0,5.0,3.0,2.0,4.0,1.0,6.0,5.0,6.0,6.0,6.0,6.0,6.0,3.0,4.0,5.0,1.0,2.0,64.0,32.0,1.0,1024.0,4.0,1.0,1.0,1.0,1.0,1.0,1.0,1.0,5.0,6.0,1.0,3.0,1.0,2.0,3.0,2.0,4.0,2.0,2.0,5.0,4.0,3.0,3.0,4.0,4.0,3.0,1.0,8.0,1.0,64.0,1.0,1.0,1.0,1.0,1.0,1.0,1.0,1.0,118939644.0,4085020.909999999,16797000000.0,37.72524000000001,5376.0,514.0,1441792.0,485870932767955.94,23.290495,1.616407,107.6,97702.4
32000.0,16000.0,256.0,64.0,2.0,44.0,34.0,40.0,1.0,5.0,6.0,3.0,4.0,6.0,4.0,5.0,6.0,3.0,6.0,6.0,4.0,3.0,4.0,6.0,4.0,1.0,1.0,6.0,1.0,6.0,4.0,6.0,32.0,512.0,1.0,24.0,512.0,1.0,1.0,1.0,1.0,1.0,1.0,1.0,3.0,3.0,2.0,5.0,4.0,4.0,6.0,4.0,2.0,3.0,3.0,1.0,1.0,5.0,6.0,6.0,6.0,5.0,64.0,8.0,1.0,2.0,16.0,1.0,16.0,16.0,1.0,1.0,1.0,1.0,2.0,2.0,2.0,5.0,4.0,2.0,2.0,3.0,4.0,6.0,5.0,5.0,3.0,3.0,1.0,6.0,2.0,6.0,64.0,8.0,1.0,16.0,4.0,1.0,32.0,2.0,1.0,1.0,1.0,1.0,6.0,6.0,4.0,5.0,4.0,3.0,4.0,5.0,3.0,6.0,5.0,5.0,3.0,4.0,4.0,6.0,5.0,5.0,16.0,64.0,1.0,256.0,2.0,1.0,1.0,1.0,1.0,1.0,1.0,1.0,3.0,3.0,5.0,5.0,6.0,1.0,2.0,6.0,2.0,3.0,3.0,2.0,4.0,1.0,1.0,4.0,3.0,4.0,1.0,1.0,1.0,64.0,2048.0,1.0,1.0,1.0,1.0,1.0,1.0,1.0,1.0,3.0,4.0,5.0,2.0,2.0,6.0,4.0,1.0,2.0,1.0,6.0,5.0,3.0,5.0,2.0,3.0,2.0,256.0,2.0,1.0,512.0,16.0,1.0,1.0,1.0,1.0,1.0,1.0,1.0,2424183354.0,9814907.68,1466400000.0,7.082834499999999,1360.0,514.0,16768.0,2.3793135818902756e+16,16.2,3.7534609450000005,107.6,3776.0
1024000.0,16000.0,256.0,64.0,2.0,38.0,12.0,38.0,5.0,4.0,3.0,3.0,6.0,1.0,5.0,2.0,4.0,5.0,4.0,3.0,5.0,3.0,1.0,3.0,4.0,1.0,1.0,4.0,2.0,6.0,6.0,2.0,64.0,256.0,1.0,4.0,768.0,1.0,1.0,1.0,1.0,1.0,1.0,1.0,2.0,5.0,2.0,5.0,5.0,2.0,5.0,6.0,2.0,3.0,2.0,5.0,5.0,4.0,5.0,1.0,2.0,3.0,4.0,8.0,1.0,32.0,16.0,1.0,16.0,4.0,1.0,1.0,1.0,1.0,1.0,1.0,4.0,1.0,6.0,4.0,5.0,2.0,3.0,6.0,6.0,1.0,3.0,6.0,4.0,1.0,5.0,3.0,1.0,2.0,1.0,4.0,16.0,1.0,64.0,8.0,1.0,1.0,1.0,1.0,3.0,5.0,4.0,2.0,3.0,4.0,5.0,6.0,3.0,3.0,4.0,6.0,4.0,2.0,2.0,3.0,2.0,2.0,2.0,2.0,1.0,1.0,16.0,1.0,1.0,1.0,1.0,1.0,1.0,1.0,4.0,3.0,6.0,6.0,5.0,6.0,2.0,3.0,5.0,2.0,6.0,1.0,4.0,5.0,6.0,4.0,2.0,2.0,8.0,64.0,1.0,64.0,2.0,1.0,1.0,1.0,1.0,1.0,1.0,1.0,6.0,1.0,4.0,2.0,6.0,5.0,4.0,5.0,4.0,6.0,5.0,5.0,2.0,2.0,4.0,5.0,4.0,5.0,1.0,32.0,1.0,128.0,256.0,1.0,1.0,1.0,1.0,1.0,1.0,1.0,1094148438.0,11352483.0,282101000.0,2.2037155,456.0,514.0,33280.0,1.2421301541871554e+16,4.15,1.1554898999999998,107.6,2878.6
256000.0,32000000.0,256.0,64.0,3.0,10.0,32.0,42.0,6.0,6.0,6.0,5.0,4.0,6.0,5.0,1.0,6.0,4.0,6.0,5.0,6.0,2.0,2.0,4.0,4.0,5.0,1.0,5.0,6.0,6.0,3.0,1.0,64.0,256.0,1.0,256.0,24.0,1.0,1.0,1.0,1.0,1.0,1.0,1.0,1.0,5.0,3.0,2.0,5.0,6.0,4.0,2.0,2.0,3.0,2.0,2.0,4.0,2.0,1.0,2.0,4.0,3.0,64.0,4.0,1.0,8.0,8.0,1.0,32.0,8.0,1.0,1.0,1.0,1.0,2.0,3.0,1.0,4.0,5.0,1.0,2.0,1.0,6.0,2.0,5.0,1.0,2.0,1.0,5.0,2.0,4.0,4.0,64.0,32.0,1.0,1.0,8.0,1.0,2.0,32.0,1.0,1.0,1.0,1.0,1.0,2.0,2.0,2.0,5.0,6.0,3.0,3.0,6.0,4.0,4.0,1.0,2.0,1.0,1.0,5.0,6.0,6.0,32.0,256.0,1.0,64.0,1.0,1.0,1.0,1.0,1.0,1.0,1.0,1.0,4.0,2.0,5.0,1.0,3.0,2.0,1.0,5.0,4.0,1.0,3.0,6.0,6.0,5.0,2.0,1.0,3.0,4.0,4.0,64.0,1.0,128.0,2048.0,1.0,1.0,1.0,1.0,1.0,1.0,1.0,1.0,1.0,3.0,2.0,5.0,6.0,3.0,4.0,3.0,1.0,4.0,2.0,5.0,5.0,4.0,6.0,6.0,3.0,1024.0,1.0,1.0,1.0,256.0,1.0,1.0,1.0,1.0,1.0,1.0,1.0,58604712.0,3942429.36,97222400000.0,141.8416,13440.0,514.0,2752512.0,231044937223144.3,29.9,1.26875,107.6,259686.4
1024.0,2048000.0,256.0,64.0,3.0,26.0,38.0,28.0,5.0,1.0,4.0,3.0,3.0,1.0,5.0,5.0,3.0,5.0,3.0,4.0,2.0,3.0,2.0,5.0,3.0,6.0,4.0,5.0,4.0,1.0,1.0,4.0,8.0,8.0,1.0,1.0,32.0,1.0,1.0,1.0,1.0,1.0,1.0,1.0,2.0,6.0,1.0,2.0,3.0,6.0,3.0,2.0,6.0,2.0,6.0,5.0,1.0,2.0,5.0,4.0,4.0,3.0,4.0,16.0,1.0,16.0,4.0,1.0,1.0,128.0,1.0,1.0,1.0,1.0,4.0,4.0,1.0,5.0,1.0,6.0,4.0,6.0,4.0,3.0,6.0,2.0,4.0,3.0,4.0,5.0,3.0,2.0,16.0,4.0,1.0,8.0,128.0,1.0,8.0,64.0,1.0,1.0,1.0,1.0,2.0,3.0,3.0,4.0,1.0,2.0,2.0,2.0,2.0,1.0,4.0,5.0,3.0,5.0,5.0,5.0,1.0,6.0,128.0,4.0,1.0,512.0,64.0,1.0,1.0,1.0,1.0,1.0,1.0,1.0,2.0,2.0,6.0,3.0,2.0,2.0,4.0,4.0,1.0,1.0,6.0,1.0,5.0,4.0,5.0,2.0,3.0,2.0,4.0,256.0,1.0,32.0,1.0,1.0,1.0,1.0,1.0,1.0,1.0,1.0,6.0,2.0,3.0,5.0,3.0,5.0,5.0,5.0,4.0,6.0,3.0,6.0,2.0,4.0,1.0,1.0,4.0,6.0,1024.0,2.0,1.0,128.0,4.0,1.0,1.0,1.0,1.0,1.0,1.0,1.0,886400718.0,3922651.7000000007,400641000000.0,462.99165000000005,27664.0,514.0,1081344.0,3477041283343921.0,78.266665,1.45868055,107.6,140953.6
2048000.0,16000000.0,256.0,64.0,1.0,40.0,26.0,18.0,5.0,5.0,3.0,6.0,3.0,6.0,5.0,3.0,2.0,3.0,3.0,4.0,1.0,5.0,4.0,2.0,6.0,3.0,2.0,5.0,6.0,3.0,1.0,2.0,32.0,4.0,1.0,48.0,8.0,1.0,1.0,1.0,1.0,1.0,1.0,1.0,1.0,1.0,2.0,4.0,6.0,1.0,3.0,4.0,3.0,5.0,3.0,2.0,6.0,4.0,4.0,6.0,2.0,2.0,4.0,32.0,1.0,32.0,16.0,1.0,128.0,2.0,1.0,1.0,1.0,1.0,4.0,6.0,6.0,3.0,2.0,6.0,3.0,4.0,4.0,5.0,4.0,1.0,2.0,4.0,3.0,4.0,2.0,1.0,2.0,2.0,1.0,1.0,8.0,1.0,2.0,2.0,1.0,1.0,1.0,1.0,6.0,5.0,4.0,5.0,3.0,3.0,2.0,5.0,2.0,4.0,2.0,5.0,3.0,1.0,2.0,2.0,5.0,3.0,16.0,512.0,1.0,32.0,256.0,1.0,1.0,1.0,1.0,1.0,1.0,1.0,2.0,5.0,3.0,5.0,3.0,5.0,1.0,1.0,2.0,5.0,2.0,4.0,6.0,3.0,2.0,1.0,3.0,6.0,64.0,64.0,1.0,1.0,2.0,1.0,1.0,1.0,1.0,1.0,1.0,1.0,4.0,4.0,6.0,6.0,6.0,4.0,4.0,6.0,2.0,2.0,6.0,4.0,2.0,5.0,1.0,1.0,6.0,5.0,1.0,8.0,1.0,16.0,2.0,1.0,1.0,1.0,1.0,1.0,1.0,1.0,2516582520.0,22126298.400000002,7832000.0,0.08936231999999997,18.0,514.0,514.0,5.5682655785743976e+16,1.0,1.397681,107.6,107.6
128000.0,16000.0,256.0,64.0,2.0,48.0,32.0,36.0,5.0,6.0,2.0,5.0,1.0,5.0,3.0,6.0,4.0,4.0,5.0,2.0,3.0,1.0,3.0,5.0,6.0,3.0,1.0,2.0,2.0,1.0,4.0,6.0,256.0,1.0,1.0,384.0,4.0,1.0,1.0,1.0,1.0,1.0,1.0,1.0,6.0,6.0,4.0,5.0,3.0,1.0,3.0,5.0,4.0,2.0,2.0,6.0,6.0,3.0,2.0,3.0,5.0,2.0,4.0,4.0,1.0,4.0,64.0,1.0,16.0,4.0,1.0,1.0,1.0,1.0,1.0,2.0,1.0,1.0,1.0,5.0,3.0,4.0,3.0,5.0,6.0,3.0,6.0,1.0,6.0,6.0,5.0,3.0,16.0,32.0,1.0,4.0,64.0,1.0,32.0,64.0,1.0,1.0,1.0,1.0,2.0,5.0,6.0,2.0,4.0,2.0,3.0,5.0,2.0,6.0,6.0,5.0,6.0,4.0,3.0,1.0,5.0,5.0,16.0,4.0,1.0,32.0,64.0,1.0,1.0,1.0,1.0,1.0,1.0,1.0,1.0,6.0,2.0,3.0,3.0,6.0,4.0,6.0,4.0,2.0,5.0,2.0,3.0,1.0,3.0,6.0,6.0,3.0,8.0,1.0,1.0,1.0,16.0,1.0,1.0,1.0,1.0,1.0,1.0,1.0,6.0,3.0,5.0,6.0,2.0,6.0,6.0,6.0,1.0,1.0,3.0,3.0,4.0,4.0,2.0,6.0,2.0,2.0,128.0,4.0,1.0,128.0,32.0,1.0,1.0,1.0,1.0,1.0,1.0,1.0,60531444.0,11169012.879999999,1120140000.0,5.957073499999999,1152.0,514.0,128000.0,676076477680998.6,265.6,29.731804999999998,107.6,21046.4
64000.0,8192000.0,256.0,64.0,3.0,26.0,42.0,40.0,3.0,4.0,2.0,1.0,6.0,1.0,3.0,4.0,2.0,3.0,1.0,5.0,5.0,3.0,2.0,3.0,4.0,3.0,1.0,2.0,1.0,1.0,4.0,1.0,32.0,2.0,1.0,48.0,16.0,1.0,1.0,1.0,1.0,1.0,1.0,1.0,2.0,6.0,3.0,4.0,2.0,5.0,6.0,3.0,4.0,4.0,4.0,3.0,1.0,2.0,5.0,3.0,5.0,6.0,4.0,1.0,1.0,8.0,2.0,1.0,128.0,1.0,1.0,1.0,1.0,1.0,1.0,6.0,6.0,5.0,6.0,4.0,3.0,2.0,4.0,1.0,2.0,4.0,5.0,4.0,5.0,5.0,2.0,2.0,16.0,1.0,1.0,8.0,64.0,1.0,64.0,2.0,1.0,1.0,1.0,1.0,1.0,1.0,3.0,5.0,4.0,2.0,5.0,3.0,4.0,5.0,4.0,5.0,5.0,4.0,1.0,2.0,2.0,3.0,256.0,4.0,1.0,4.0,16.0,1.0,1.0,1.0,1.0,1.0,1.0,1.0,4.0,5.0,1.0,6.0,4.0,4.0,1.0,1.0,6.0,5.0,4.0,5.0,4.0,3.0,3.0,2.0,5.0,4.0,2.0,4.0,1.0,256.0,512.0,1.0,1.0,1.0,1.0,1.0,1.0,1.0,5.0,4.0,2.0,2.0,5.0,3.0,2.0,4.0,2.0,6.0,2.0,3.0,1.0,2.0,6.0,5.0,2.0,3.0,2.0,2.0,1.0,64.0,64.0,1.0,1.0,1.0,1.0,1.0,1.0,1.0,743203260.0,6715658.56,989101000000.0,1036.834,43680.0,514.0,136192.0,4991099334838905.0,6.2,0.525934,107.6,18905.6
128000.0,2048000.0,256.0,64.0,1.0,10.0,4.0,14.0,1.0,2.0,3.0,6.0,4.0,3.0,2.0,3.0,1.0,1.0,3.0,6.0,5.0,4.0,4.0,5.0,4.0,1.0,6.0,3.0,3.0,1.0,3.0,4.0,8.0,16.0,1.0,3.0,6.0,1.0,1.0,1.0,1.0,1.0,1.0,1.0,3.0,2.0,5.0,1.0,2.0,2.0,1.0,6.0,6.0,4.0,6.0,5.0,2.0,2.0,1.0,3.0,6.0,5.0,4.0,16.0,1.0,4.0,16.0,1.0,2.0,8.0,1.0,1.0,1.0,1.0,2.0,2.0,4.0,2.0,5.0,3.0,2.0,4.0,3.0,2.0,3.0,2.0,2.0,4.0,4.0,6.0,6.0,1.0,2.0,8.0,1.0,1.0,1.0,1.0,16.0,64.0,1.0,1.0,1.0,1.0,2.0,2.0,3.0,4.0,2.0,1.0,5.0,2.0,3.0,1.0,3.0,6.0,2.0,3.0,2.0,2.0,2.0,5.0,64.0,4.0,1.0,4.0,2.0,1.0,1.0,1.0,1.0,1.0,1.0,1.0,2.0,4.0,2.0,4.0,1.0,2.0,5.0,1.0,1.0,3.0,5.0,4.0,4.0,5.0,2.0,4.0,4.0,6.0,256.0,32.0,1.0,256.0,64.0,1.0,1.0,1.0,1.0,1.0,1.0,1.0,5.0,6.0,1.0,2.0,3.0,1.0,6.0,6.0,2.0,1.0,5.0,1.0,1.0,2.0,1.0,5.0,3.0,5.0,1024.0,512.0,1.0,64.0,8.0,1.0,1.0,1.0,1.0,1.0,1.0,1.0,2516582520.0,23999840.400000006,6228280.0,0.07097709999999999,14.0,514.0,514.0,6.039757883342982e+16,1.0,1.39807,107.6,107.6
32000.0,16000.0,256.0,64.0,2.0,2.0,30.0,12.0,2.0,1.0,2.0,1.0,1.0,4.0,1.0,4.0,3.0,6.0,3.0,1.0,6.0,2.0,5.0,1.0,4.0,2.0,2.0,2.0,1.0,1.0,3.0,4.0,256.0,32.0,1.0,12.0,1.0,1.0,1.0,1.0,1.0,1.0,1.0,1.0,4.0,1.0,6.0,2.0,2.0,1.0,1.0,5.0,3.0,3.0,4.0,4.0,6.0,2.0,6.0,5.0,5.0,4.0,32.0,8.0,1.0,1.0,32.0,1.0,4.0,4.0,1.0,1.0,1.0,1.0,3.0,3.0,5.0,4.0,6.0,1.0,6.0,5.0,3.0,3.0,6.0,1.0,6.0,6.0,5.0,6.0,4.0,1.0,1.0,1.0,1.0,64.0,8.0,1.0,32.0,16.0,1.0,1.0,1.0,1.0,6.0,2.0,5.0,3.0,3.0,3.0,5.0,1.0,2.0,4.0,4.0,2.0,2.0,4.0,4.0,6.0,2.0,1.0,64.0,1.0,1.0,16.0,1.0,1.0,1.0,1.0,1.0,1.0,1.0,1.0,6.0,3.0,1.0,4.0,5.0,3.0,1.0,2.0,2.0,1.0,6.0,1.0,4.0,1.0,5.0,6.0,3.0,1.0,8.0,64.0,1.0,16.0,256.0,1.0,1.0,1.0,1.0,1.0,1.0,1.0,5.0,4.0,4.0,4.0,2.0,5.0,3.0,1.0,1.0,3.0,5.0,5.0,3.0,1.0,1.0,4.0,5.0,1.0,2048.0,1.0,1.0,512.0,256.0,1.0,1.0,1.0,1.0,1.0,1.0,1.0,1225384182.0,9487439.14,205260000.0,1.7326805,360.0,514.0,66304.0,1.1625757849843684e+16,4.633335,3.67536055,107.6,4243.3
2048000.0,2048000.0,256.0,64.0,1.0,22.0,12.0,32.0,1.0,1.0,6.0,1.0,3.0,4.0,1.0,5.0,6.0,4.0,3.0,3.0,5.0,4.0,3.0,3.0,5.0,6.0,4.0,1.0,1.0,1.0,1.0,3.0,2.0,2.0,1.0,384.0,32.0,1.0,1.0,1.0,1.0,1.0,1.0,1.0,1.0,6.0,2.0,5.0,2.0,1.0,5.0,6.0,1.0,4.0,2.0,2.0,1.0,5.0,2.0,6.0,2.0,4.0,2.0,1.0,1.0,32.0,32.0,1.0,2.0,16.0,1.0,1.0,1.0,1.0,6.0,5.0,3.0,4.0,4.0,1.0,2.0,4.0,2.0,6.0,4.0,5.0,3.0,4.0,3.0,2.0,6.0,4.0,16.0,4.0,1.0,2.0,16.0,1.0,16.0,64.0,1.0,1.0,1.0,1.0,6.0,2.0,5.0,1.0,4.0,3.0,3.0,3.0,4.0,4.0,4.0,3.0,3.0,3.0,5.0,5.0,5.0,5.0,8.0,512.0,1.0,8.0,256.0,1.0,1.0,1.0,1.0,1.0,1.0,1.0,5.0,5.0,1.0,3.0,5.0,4.0,2.0,3.0,5.0,4.0,3.0,5.0,3.0,4.0,6.0,4.0,3.0,4.0,2.0,512.0,1.0,1024.0,2.0,1.0,1.0,1.0,1.0,1.0,1.0,1.0,2.0,6.0,4.0,2.0,6.0,2.0,1.0,5.0,1.0,1.0,3.0,2.0,3.0,6.0,4.0,1.0,5.0,6.0,32.0,16.0,1.0,2.0,512.0,1.0,1.0,1.0,1.0,1.0,1.0,1.0,2419064952.0,22840024.799999997,13573500.0,0.15421359999999998,32.0,514.0,514.0,5.52515034964908e+16,25.8,26.392981000000002,107.6,206.8
512000.0,4096000.0,256.0,64.0,2.0,34.0,28.0,48.0,4.0,5.0,3.0,3.0,6.0,6.0,2.0,1.0,6.0,5.0,5.0,3.0,2.0,1.0,6.0,1.0,2.0,4.0,3.0,2.0,6.0,5.0,5.0,3.0,512.0,512.0,1.0,64.0,256.0,1.0,1.0,1.0,1.0,1.0,1.0,1.0,4.0,2.0,6.0,6.0,1.0,5.0,5.0,4.0,2.0,2.0,6.0,4.0,1.0,5.0,5.0,4.0,4.0,1.0,32.0,64.0,1.0,2.0,64.0,1.0,64.0,16.0,1.0,1.0,1.0,1.0,3.0,1.0,4.0,5.0,6.0,4.0,1.0,2.0,6.0,6.0,2.0,4.0,3.0,5.0,5.0,6.0,4.0,5.0,16.0,1.0,1.0,1.0,64.0,1.0,16.0,64.0,1.0,1.0,1.0,1.0,3.0,3.0,6.0,5.0,5.0,4.0,4.0,4.0,4.0,5.0,2.0,6.0,4.0,2.0,3.0,5.0,5.0,2.0,512.0,128.0,1.0,64.0,64.0,1.0,1.0,1.0,1.0,1.0,1.0,1.0,6.0,4.0,1.0,3.0,6.0,1.0,4.0,4.0,4.0,3.0,1.0,4.0,1.0,3.0,2.0,2.0,6.0,1.0,1.0,2.0,1.0,512.0,1024.0,1.0,1.0,1.0,1.0,1.0,1.0,1.0,3.0,1.0,3.0,1.0,2.0,3.0,2.0,1.0,6.0,3.0,5.0,1.0,6.0,1.0,4.0,6.0,2.0,4.0,128.0,1024.0,1.0,256.0,128.0,1.0,1.0,1.0,1.0,1.0,1.0,1.0,2519794146.0,7943981.940000001,1438220000.0,7.066886,1344.0,514.0,212992.0,2.001719918834173e+16,1.0,0.62626955,107.6,25972.0
128000.0,32000000.0,256.0,64.0,3.0,2.0,44.0,34.0,2.0,3.0,3.0,3.0,4.0,6.0,5.0,4.0,3.0,6.0,5.0,6.0,2.0,5.0,3.0,4.0,2.0,2.0,6.0,3.0,5.0,4.0,1.0,2.0,128.0,2.0,1.0,512.0,96.0,1.0,1.0,1.0,1.0,1.0,1.0,1.0,6.0,3.0,4.0,5.0,4.0,1.0,5.0,3.0,4.0,1.0,6.0,1.0,6.0,5.0,3.0,2.0,1.0,5.0,4.0,16.0,1.0,64.0,32.0,1.0,2.0,2.0,1.0,1.0,1.0,1.0,6.0,2.0,6.0,3.0,6.0,5.0,1.0,4.0,6.0,4.0,4.0,6.0,1.0,6.0,3.0,2.0,4.0,4.0,2.0,128.0,1.0,1.0,1.0,1.0,2.0,4.0,1.0,1.0,1.0,1.0,2.0,3.0,4.0,6.0,2.0,1.0,3.0,5.0,3.0,6.0,3.0,2.0,1.0,4.0,4.0,5.0,4.0,5.0,512.0,2.0,1.0,8.0,16.0,1.0,1.0,1.0,1.0,1.0,1.0,1.0,6.0,3.0,2.0,2.0,4.0,2.0,2.0,6.0,6.0,5.0,5.0,3.0,2.0,2.0,1.0,6.0,6.0,5.0,8.0,8.0,1.0,512.0,512.0,1.0,1.0,1.0,1.0,1.0,1.0,1.0,6.0,2.0,6.0,2.0,6.0,6.0,5.0,2.0,5.0,2.0,6.0,6.0,3.0,4.0,5.0,2.0,5.0,6.0,1024.0,64.0,1.0,256.0,8.0,1.0,1.0,1.0,1.0,1.0,1.0,1.0,234861432.0,4476450.02,5713660000.0,17.939205000000005,2992.0,514.0,851968.0,1051345461973628.5,17.166665000000002,3.4799501650000004,107.6,73449.6
1024.0,512000.0,256.0,64.0,2.0,46.0,34.0,34.0,5.0,2.0,1.0,1.0,5.0,5.0,4.0,1.0,5.0,6.0,2.0,6.0,4.0,6.0,3.0,6.0,3.0,5.0,4.0,6.0,2.0,2.0,3.0,2.0,16.0,512.0,1.0,384.0,48.0,1.0,1.0,1.0,1.0,1.0,1.0,1.0,5.0,2.0,1.0,5.0,1.0,6.0,3.0,6.0,4.0,3.0,1.0,2.0,5.0,5.0,3.0,4.0,1.0,3.0,16.0,32.0,1.0,32.0,128.0,1.0,128.0,4.0,1.0,1.0,1.0,1.0,4.0,1.0,6.0,6.0,6.0,2.0,5.0,6.0,1.0,5.0,5.0,4.0,4.0,6.0,3.0,1.0,4.0,1.0,8.0,64.0,1.0,64.0,4.0,1.0,4.0,64.0,1.0,1.0,1.0,1.0,5.0,4.0,4.0,2.0,4.0,4.0,2.0,4.0,5.0,6.0,5.0,5.0,1.0,2.0,4.0,3.0,1.0,1.0,4.0,8.0,1.0,32.0,4.0,1.0,1.0,1.0,1.0,1.0,1.0,1.0,2.0,5.0,5.0,6.0,5.0,5.0,5.0,5.0,3.0,4.0,4.0,2.0,3.0,3.0,3.0,4.0,6.0,6.0,1.0,4.0,1.0,512.0,2.0,1.0,1.0,1.0,1.0,1.0,1.0,1.0,2.0,2.0,1.0,6.0,3.0,2.0,1.0,5.0,3.0,2.0,2.0,1.0,2.0,2.0,1.0,1.0,5.0,1.0,128.0,32.0,1.0,64.0,16.0,1.0,1.0,1.0,1.0,1.0,1.0,1.0,91365726.0,4352662.930000001,1126410000.0,6.012436,1156.0,514.0,317440.0,397684208632737.25,14.4,2.0516163000000005,107.6,30589.2
512000.0,32000.0,256.0,64.0,1.0,48.0,22.0,22.0,1.0,3.0,2.0,1.0,6.0,2.0,4.0,3.0,6.0,1.0,5.0,3.0,4.0,2.0,1.0,4.0,4.0,3.0,5.0,2.0,2.0,1.0,3.0,6.0,512.0,256.0,1.0,96.0,768.0,1.0,1.0,1.0,1.0,1.0,1.0,1.0,3.0,6.0,5.0,4.0,3.0,1.0,3.0,2.0,4.0,1.0,1.0,5.0,3.0,6.0,2.0,6.0,3.0,4.0,64.0,32.0,1.0,4.0,8.0,1.0,32.0,4.0,1.0,1.0,1.0,1.0,2.0,6.0,4.0,4.0,4.0,6.0,3.0,1.0,4.0,6.0,4.0,2.0,6.0,1.0,6.0,2.0,5.0,4.0,2.0,128.0,1.0,4.0,32.0,1.0,64.0,32.0,1.0,1.0,1.0,1.0,1.0,1.0,2.0,4.0,1.0,3.0,2.0,3.0,6.0,6.0,4.0,5.0,6.0,1.0,1.0,2.0,3.0,4.0,256.0,16.0,1.0,4.0,2.0,1.0,1.0,1.0,1.0,1.0,1.0,1.0,4.0,2.0,5.0,3.0,6.0,6.0,5.0,4.0,4.0,6.0,6.0,4.0,5.0,2.0,2.0,4.0,4.0,6.0,8.0,2.0,1.0,2048.0,1024.0,1.0,1.0,1.0,1.0,1.0,1.0,1.0,6.0,4.0,6.0,6.0,2.0,3.0,3.0,2.0,2.0,2.0,2.0,4.0,5.0,5.0,1.0,4.0,1.0,5.0,1.0,64.0,1.0,64.0,8.0,1.0,1.0,1.0,1.0,1.0,1.0,1.0,2516582520.0,15334875.600000001,9452030.0,0.10774740000000001,22.0,514.0,514.0,3.859147988133451e+16,1.0,1.0031249999999998,107.6,107.6
64000.0,32000000.0,256.0,64.0,1.0,10.0,14.0,46.0,6.0,2.0,4.0,4.0,1.0,1.0,6.0,2.0,6.0,6.0,2.0,2.0,4.0,6.0,1.0,2.0,2.0,2.0,3.0,2.0,1.0,1.0,5.0,3.0,128.0,512.0,1.0,24.0,128.0,1.0,1.0,1.0,1.0,1.0,1.0,1.0,1.0,3.0,4.0,1.0,1.0,1.0,4.0,5.0,2.0,5.0,4.0,1.0,4.0,2.0,2.0,5.0,3.0,2.0,4.0,2.0,1.0,2.0,4.0,1.0,16.0,2.0,1.0,1.0,1.0,1.0,4.0,4.0,2.0,5.0,4.0,2.0,6.0,2.0,4.0,3.0,5.0,2.0,5.0,4.0,3.0,5.0,1.0,4.0,128.0,128.0,1.0,4.0,4.0,1.0,4.0,4.0,1.0,1.0,1.0,1.0,3.0,1.0,6.0,6.0,2.0,2.0,3.0,6.0,5.0,6.0,6.0,5.0,4.0,4.0,5.0,2.0,2.0,4.0,64.0,128.0,1.0,64.0,64.0,1.0,1.0,1.0,1.0,1.0,1.0,1.0,1.0,1.0,6.0,5.0,3.0,5.0,2.0,6.0,5.0,4.0,6.0,4.0,5.0,1.0,4.0,6.0,1.0,4.0,32.0,64.0,1.0,512.0,512.0,1.0,1.0,1.0,1.0,1.0,1.0,1.0,5.0,1.0,5.0,4.0,1.0,1.0,2.0,2.0,1.0,4.0,6.0,2.0,6.0,3.0,1.0,6.0,6.0,5.0,2.0,4.0,1.0,1.0,128.0,1.0,1.0,1.0,1.0,1.0,1.0,1.0,58196640.0,4810446.0,19515900.0,0.22723220000000005,46.0,514.0,12124.0,279951794101440.0,38.54224,30.080421,107.6,2573.6
1024000.0,16000000.0,256.0,64.0,3.0,38.0,36.0,40.0,4.0,6.0,5.0,3.0,1.0,1.0,4.0,3.0,2.0,5.0,2.0,6.0,1.0,6.0,5.0,2.0,3.0,2.0,1.0,2.0,5.0,3.0,3.0,4.0,256.0,512.0,1.0,512.0,1536.0,1.0,1.0,1.0,1.0,1.0,1.0,1.0,6.0,1.0,6.0,1.0,2.0,1.0,4.0,6.0,6.0,3.0,4.0,6.0,2.0,1.0,4.0,2.0,4.0,1.0,4.0,8.0,1.0,2.0,2.0,1.0,128.0,8.0,1.0,1.0,1.0,1.0,6.0,3.0,5.0,4.0,6.0,2.0,6.0,6.0,6.0,6.0,3.0,1.0,6.0,6.0,1.0,1.0,2.0,4.0,2.0,16.0,1.0,8.0,1.0,1.0,1.0,64.0,1.0,1.0,1.0,1.0,4.0,3.0,1.0,5.0,5.0,5.0,3.0,3.0,5.0,5.0,3.0,2.0,6.0,3.0,5.0,2.0,4.0,4.0,32.0,1.0,1.0,16.0,256.0,1.0,1.0,1.0,1.0,1.0,1.0,1.0,6.0,1.0,5.0,3.0,5.0,3.0,4.0,1.0,2.0,4.0,5.0,2.0,2.0,4.0,1.0,5.0,4.0,6.0,32.0,32.0,1.0,16.0,256.0,1.0,1.0,1.0,1.0,1.0,1.0,1.0,3.0,4.0,3.0,5.0,2.0,5.0,6.0,4.0,2.0,3.0,3.0,2.0,1.0,6.0,5.0,2.0,4.0,6.0,8.0,128.0,1.0,16.0,1.0,1.0,1.0,1.0,1.0,1.0,1.0,1.0,123914868.0,4064084.6999999993,1546950000000.0,1564.0785,54720.0,514.0,2097152.0,503600519141319.5,1256.3285700000001,100.8625,107.6,172313.6
256.0,32000000.0,256.0,64.0,1.0,6.0,28.0,14.0,3.0,1.0,6.0,3.0,3.0,6.0,1.0,1.0,6.0,5.0,3.0,6.0,5.0,2.0,3.0,1.0,1.0,5.0,2.0,5.0,2.0,5.0,6.0,1.0,8.0,32.0,1.0,48.0,512.0,1.0,1.0,1.0,1.0,1.0,1.0,1.0,4.0,4.0,6.0,6.0,2.0,1.0,5.0,1.0,5.0,1.0,2.0,6.0,5.0,5.0,6.0,3.0,3.0,3.0,4.0,4.0,1.0,1.0,64.0,1.0,32.0,4.0,1.0,1.0,1.0,1.0,2.0,6.0,2.0,4.0,6.0,1.0,2.0,3.0,2.0,5.0,4.0,6.0,2.0,4.0,1.0,3.0,3.0,3.0,128.0,2.0,1.0,16.0,16.0,1.0,16.0,64.0,1.0,1.0,1.0,1.0,6.0,3.0,4.0,4.0,3.0,4.0,2.0,2.0,5.0,3.0,3.0,4.0,6.0,6.0,4.0,5.0,5.0,6.0,16.0,8.0,1.0,4.0,8.0,1.0,1.0,1.0,1.0,1.0,1.0,1.0,2.0,2.0,4.0,3.0,3.0,4.0,4.0,1.0,3.0,6.0,6.0,1.0,4.0,5.0,4.0,2.0,2.0,3.0,16.0,256.0,1.0,512.0,256.0,1.0,1.0,1.0,1.0,1.0,1.0,1.0,4.0,5.0,5.0,3.0,5.0,4.0,2.0,2.0,4.0,1.0,2.0,2.0,5.0,2.0,6.0,6.0,1.0,2.0,128.0,512.0,1.0,512.0,16.0,1.0,1.0,1.0,1.0,1.0,1.0,1.0,2423783544.0,21681803.28,6228280.0,0.07112061999999998,14.0,514.0,514.0,5.2551997994309224e+16,10.440000000000001,10.523221000000001,107.6,149.2
2048000.0,16000.0,256.0,64.0,1.0,40.0,46.0,46.0,1.0,4.0,4.0,1.0,5.0,4.0,4.0,1.0,2.0,5.0,2.0,3.0,2.0,3.0,1.0,4.0,1.0,4.0,6.0,5.0,2.0,1.0,3.0,6.0,256.0,64.0,1.0,384.0,8.0,1.0,1.0,1.0,1.0,1.0,1.0,1.0,2.0,3.0,6.0,5.0,3.0,6.0,3.0,4.0,6.0,6.0,1.0,2.0,3.0,3.0,1.0,2.0,6.0,6.0,16.0,8.0,1.0,128.0,4.0,1.0,2.0,32.0,1.0,1.0,1.0,1.0,5.0,3.0,3.0,6.0,6.0,4.0,3.0,5.0,4.0,4.0,2.0,4.0,3.0,2.0,5.0,1.0,4.0,3.0,32.0,2.0,1.0,8.0,2.0,1.0,16.0,64.0,1.0,1.0,1.0,1.0,6.0,1.0,1.0,6.0,6.0,6.0,5.0,2.0,6.0,2.0,6.0,6.0,2.0,1.0,4.0,5.0,5.0,4.0,512.0,64.0,1.0,2.0,16.0,1.0,1.0,1.0,1.0,1.0,1.0,1.0,2.0,4.0,2.0,6.0,2.0,4.0,3.0,5.0,1.0,5.0,5.0,1.0,4.0,2.0,3.0,6.0,3.0,6.0,1.0,64.0,1.0,64.0,4.0,1.0,1.0,1.0,1.0,1.0,1.0,1.0,2.0,6.0,4.0,3.0,3.0,4.0,4.0,4.0,2.0,5.0,2.0,2.0,6.0,4.0,3.0,1.0,1.0,5.0,8.0,1.0,1.0,16.0,1.0,1.0,1.0,1.0,1.0,1.0,1.0,1.0,2516582520.0,15334870.799999997,19514700.0,0.21872460000000002,46.0,514.0,514.0,3.859146780173841e+16,1.0,1.0031249999999998,107.6,107.6
512000.0,64000.0,256.0,64.0,1.0,10.0,4.0,40.0,1.0,1.0,4.0,1.0,5.0,3.0,2.0,6.0,4.0,6.0,6.0,3.0,6.0,3.0,2.0,2.0,5.0,1.0,4.0,6.0,1.0,5.0,2.0,3.0,1.0,64.0,1.0,384.0,64.0,1.0,1.0,1.0,1.0,1.0,1.0,1.0,1.0,5.0,2.0,3.0,2.0,1.0,5.0,1.0,4.0,1.0,5.0,6.0,3.0,6.0,3.0,4.0,4.0,1.0,64.0,8.0,1.0,1.0,4.0,1.0,64.0,2.0,1.0,1.0,1.0,1.0,6.0,2.0,5.0,6.0,2.0,3.0,2.0,3.0,2.0,5.0,2.0,2.0,6.0,6.0,6.0,3.0,5.0,3.0,64.0,2.0,1.0,2.0,2.0,1.0,8.0,16.0,1.0,1.0,1.0,1.0,6.0,4.0,6.0,2.0,1.0,5.0,2.0,1.0,6.0,6.0,3.0,3.0,4.0,4.0,2.0,4.0,5.0,3.0,64.0,1.0,1.0,128.0,4.0,1.0,1.0,1.0,1.0,1.0,1.0,1.0,1.0,5.0,5.0,2.0,6.0,4.0,3.0,5.0,6.0,6.0,2.0,4.0,4.0,1.0,3.0,6.0,6.0,4.0,64.0,8.0,1.0,1.0,256.0,1.0,1.0,1.0,1.0,1.0,1.0,1.0,5.0,3.0,2.0,3.0,6.0,2.0,5.0,3.0,6.0,5.0,3.0,2.0,6.0,5.0,3.0,6.0,2.0,5.0,1.0,1024.0,1.0,2.0,512.0,1.0,1.0,1.0,1.0,1.0,1.0,1.0,2516582520.0,18146133.6,16944000.0,0.1909094,40.0,514.0,514.0,4.566624262334467e+16,1.0,1.003515,107.6,107.6
1024.0,512000.0,256.0,64.0,1.0,32.0,20.0,16.0,4.0,3.0,2.0,4.0,3.0,3.0,2.0,1.0,4.0,6.0,2.0,2.0,1.0,5.0,1.0,3.0,6.0,5.0,1.0,6.0,6.0,6.0,4.0,4.0,1.0,512.0,1.0,96.0,512.0,1.0,1.0,1.0,1.0,1.0,1.0,1.0,4.0,6.0,1.0,3.0,1.0,2.0,4.0,2.0,4.0,5.0,3.0,6.0,6.0,6.0,6.0,6.0,3.0,5.0,2.0,4.0,1.0,1.0,64.0,1.0,128.0,64.0,1.0,1.0,1.0,1.0,2.0,6.0,5.0,2.0,3.0,2.0,3.0,5.0,3.0,4.0,5.0,5.0,4.0,1.0,3.0,2.0,5.0,1.0,8.0,64.0,1.0,16.0,8.0,1.0,2.0,4.0,1.0,1.0,1.0,1.0,5.0,6.0,6.0,5.0,4.0,2.0,4.0,5.0,4.0,6.0,1.0,5.0,3.0,4.0,4.0,4.0,6.0,4.0,4.0,256.0,1.0,4.0,1.0,1.0,1.0,1.0,1.0,1.0,1.0,1.0,6.0,3.0,4.0,2.0,3.0,2.0,2.0,2.0,6.0,3.0,4.0,6.0,3.0,6.0,4.0,6.0,1.0,2.0,64.0,2.0,1.0,128.0,16.0,1.0,1.0,1.0,1.0,1.0,1.0,1.0,6.0,1.0,1.0,4.0,4.0,2.0,2.0,5.0,3.0,5.0,2.0,3.0,4.0,1.0,6.0,4.0,4.0,1.0,2048.0,1024.0,1.0,8.0,32.0,1.0,1.0,1.0,1.0,1.0,1.0,1.0,157286712.0,12510618.240000002,7028500.0,0.08300563999999999,16.0,514.0,4384.0,1967754008056827.2,16.0,15.200596500000001,107.6,929.6
128000.0,2048000.0,256.0,64.0,2.0,22.0,20.0,42.0,6.0,4.0,2.0,3.0,6.0,6.0,4.0,1.0,1.0,4.0,3.0,1.0,1.0,2.0,1.0,3.0,2.0,1.0,4.0,6.0,2.0,6.0,6.0,3.0,1.0,8.0,1.0,4.0,6.0,1.0,1.0,1.0,1.0,1.0,1.0,1.0,3.0,1.0,4.0,3.0,4.0,6.0,2.0,5.0,6.0,4.0,5.0,5.0,1.0,4.0,3.0,2.0,2.0,5.0,16.0,32.0,1.0,8.0,16.0,1.0,16.0,2.0,1.0,1.0,1.0,1.0,6.0,5.0,6.0,1.0,4.0,6.0,1.0,6.0,5.0,6.0,3.0,6.0,4.0,1.0,4.0,6.0,3.0,6.0,1.0,64.0,1.0,32.0,8.0,1.0,1.0,4.0,1.0,1.0,1.0,1.0,5.0,6.0,4.0,6.0,4.0,5.0,3.0,4.0,6.0,2.0,3.0,5.0,3.0,5.0,2.0,5.0,5.0,1.0,128.0,16.0,1.0,128.0,4.0,1.0,1.0,1.0,1.0,1.0,1.0,1.0,6.0,6.0,5.0,6.0,4.0,4.0,3.0,5.0,6.0,5.0,1.0,1.0,5.0,3.0,3.0,5.0,2.0,4.0,2.0,256.0,1.0,8.0,1.0,1.0,1.0,1.0,1.0,1.0,1.0,1.0,4.0,1.0,6.0,2.0,1.0,6.0,3.0,5.0,5.0,1.0,5.0,2.0,4.0,3.0,4.0,2.0,6.0,1.0,32.0,2.0,1.0,4.0,32.0,1.0,1.0,1.0,1.0,1.0,1.0,1.0,141033948.0,9647497.099999998,683415000.0,4.199520000000001,840.0,514.0,85504.0,1360624604331550.5,12.668124999999998,8.371464000000001,107.6,6373.6
1024.0,4096000.0,256.0,64.0,2.0,12.0,48.0,24.0,2.0,6.0,3.0,6.0,5.0,3.0,2.0,3.0,3.0,2.0,1.0,6.0,2.0,4.0,5.0,1.0,1.0,6.0,4.0,6.0,3.0,4.0,4.0,6.0,1.0,64.0,1.0,256.0,128.0,1.0,1.0,1.0,1.0,1.0,1.0,1.0,6.0,2.0,4.0,6.0,5.0,3.0,2.0,4.0,4.0,1.0,5.0,1.0,4.0,6.0,2.0,6.0,6.0,5.0,16.0,64.0,1.0,1.0,128.0,1.0,2.0,4.0,1.0,1.0,1.0,1.0,1.0,6.0,2.0,6.0,3.0,5.0,5.0,2.0,3.0,1.0,2.0,5.0,3.0,6.0,3.0,1.0,6.0,2.0,16.0,8.0,1.0,128.0,64.0,1.0,16.0,8.0,1.0,1.0,1.0,1.0,5.0,3.0,1.0,4.0,1.0,5.0,3.0,6.0,5.0,6.0,2.0,1.0,3.0,3.0,6.0,3.0,5.0,4.0,512.0,512.0,1.0,1.0,256.0,1.0,1.0,1.0,1.0,1.0,1.0,1.0,6.0,2.0,3.0,5.0,5.0,3.0,5.0,3.0,5.0,5.0,5.0,2.0,4.0,1.0,3.0,5.0,3.0,6.0,256.0,2.0,1.0,1.0,32.0,1.0,1.0,1.0,1.0,1.0,1.0,1.0,4.0,4.0,4.0,2.0,6.0,5.0,3.0,1.0,3.0,4.0,2.0,3.0,2.0,1.0,5.0,3.0,6.0,1.0,256.0,2048.0,1.0,2.0,1.0,1.0,1.0,1.0,1.0,1.0,1.0,1.0,115328664.0,8116737.879999999,1120170000.0,6.007221500000001,1152.0,514.0,363776.0,936092535738592.2,25.502625,8.60317475,107.6,35580.8
256000.0,16000000.0,256.0,64.0,3.0,26.0,16.0,32.0,5.0,5.0,4.0,6.0,4.0,2.0,1.0,5.0,5.0,2.0,5.0,1.0,3.0,2.0,2.0,3.0,3.0,6.0,1.0,6.0,2.0,4.0,4.0,2.0,16.0,128.0,1.0,96.0,1.0,1.0,1.0,1.0,1.0,1.0,1.0,1.0,2.0,5.0,5.0,2.0,1.0,3.0,5.0,1.0,4.0,2.0,5.0,6.0,2.0,4.0,1.0,6.0,1.0,3.0,16.0,2.0,1.0,32.0,2.0,1.0,128.0,8.0,1.0,1.0,1.0,1.0,1.0,2.0,6.0,5.0,2.0,4.0,6.0,1.0,6.0,5.0,2.0,2.0,1.0,6.0,5.0,5.0,2.0,2.0,1.0,16.0,1.0,64.0,4.0,1.0,16.0,2.0,1.0,1.0,1.0,1.0,1.0,2.0,5.0,5.0,3.0,3.0,3.0,5.0,3.0,3.0,2.0,4.0,5.0,1.0,3.0,5.0,4.0,6.0,4.0,32.0,1.0,128.0,128.0,1.0,1.0,1.0,1.0,1.0,1.0,1.0,6.0,3.0,3.0,3.0,6.0,5.0,3.0,6.0,1.0,4.0,3.0,2.0,4.0,6.0,5.0,5.0,2.0,5.0,512.0,32.0,1.0,32.0,32.0,1.0,1.0,1.0,1.0,1.0,1.0,1.0,3.0,3.0,5.0,3.0,6.0,2.0,4.0,2.0,6.0,5.0,6.0,5.0,3.0,3.0,6.0,1.0,2.0,5.0,64.0,32.0,1.0,8.0,8.0,1.0,1.0,1.0,1.0,1.0,1.0,1.0,133345788.0,4069270.4400000004,95427900000.0,138.9375,13312.0,514.0,172032.0,542620073406906.75,71.6,2.1755393500000006,107.6,23296.0
1024.0,256000.0,256.0,64.0,3.0,16.0,46.0,26.0,2.0,3.0,1.0,2.0,3.0,4.0,3.0,5.0,6.0,6.0,6.0,5.0,1.0,6.0,4.0,1.0,5.0,4.0,5.0,5.0,3.0,2.0,6.0,1.0,8.0,128.0,1.0,768.0,256.0,1.0,1.0,1.0,1.0,1.0,1.0,1.0,5.0,5.0,5.0,4.0,3.0,3.0,5.0,2.0,4.0,1.0,5.0,3.0,5.0,1.0,2.0,2.0,5.0,3.0,16.0,2.0,1.0,2.0,1.0,1.0,64.0,64.0,1.0,1.0,1.0,1.0,4.0,3.0,3.0,2.0,5.0,4.0,4.0,1.0,3.0,6.0,1.0,3.0,3.0,4.0,6.0,2.0,4.0,4.0,8.0,8.0,1.0,16.0,64.0,1.0,64.0,2.0,1.0,1.0,1.0,1.0,1.0,4.0,5.0,4.0,3.0,5.0,5.0,6.0,3.0,5.0,2.0,6.0,5.0,3.0,2.0,5.0,5.0,3.0,4.0,128.0,1.0,512.0,4.0,1.0,1.0,1.0,1.0,1.0,1.0,1.0,5.0,6.0,2.0,5.0,3.0,6.0,2.0,1.0,1.0,6.0,6.0,2.0,5.0,6.0,3.0,4.0,6.0,2.0,1.0,1.0,1.0,4.0,16.0,1.0,1.0,1.0,1.0,1.0,1.0,1.0,6.0,4.0,6.0,6.0,4.0,2.0,4.0,2.0,3.0,5.0,1.0,5.0,6.0,1.0,3.0,2.0,6.0,2.0,1.0,8.0,1.0,64.0,2.0,1.0,1.0,1.0,1.0,1.0,1.0,1.0,471467922.0,8129681.099999998,193972000000.0,248.5781,19136.0,514.0,425984.0,3832883854739673.0,6.483334999999999,0.8084249000000001,107.6,42280.0
32000.0,16000.0,256.0,64.0,3.0,4.0,18.0,20.0,2.0,6.0,1.0,2.0,6.0,5.0,4.0,5.0,5.0,3.0,2.0,5.0,3.0,3.0,1.0,3.0,5.0,6.0,2.0,2.0,6.0,3.0,4.0,3.0,16.0,32.0,1.0,32.0,64.0,1.0,1.0,1.0,1.0,1.0,1.0,1.0,5.0,2.0,4.0,1.0,1.0,2.0,4.0,2.0,1.0,4.0,5.0,6.0,2.0,1.0,2.0,6.0,4.0,2.0,1.0,8.0,1.0,8.0,16.0,1.0,64.0,32.0,1.0,1.0,1.0,1.0,5.0,3.0,2.0,3.0,5.0,2.0,1.0,3.0,6.0,1.0,2.0,6.0,4.0,2.0,6.0,4.0,6.0,4.0,4.0,128.0,1.0,8.0,2.0,1.0,32.0,8.0,1.0,1.0,1.0,1.0,6.0,4.0,4.0,1.0,2.0,3.0,2.0,1.0,5.0,3.0,2.0,1.0,3.0,4.0,3.0,2.0,6.0,2.0,128.0,512.0,1.0,8.0,128.0,1.0,1.0,1.0,1.0,1.0,1.0,1.0,4.0,4.0,3.0,3.0,5.0,3.0,3.0,2.0,4.0,2.0,5.0,2.0,5.0,6.0,1.0,4.0,1.0,3.0,4.0,2.0,1.0,256.0,2.0,1.0,1.0,1.0,1.0,1.0,1.0,1.0,3.0,3.0,5.0,2.0,1.0,6.0,4.0,1.0,5.0,3.0,6.0,3.0,1.0,4.0,4.0,6.0,3.0,3.0,64.0,2048.0,1.0,16.0,8.0,1.0,1.0,1.0,1.0,1.0,1.0,1.0,629822148.0,4879536.12,1611410000.0,7.911871499999999,1440.0,514.0,802816.0,3073239920341986.0,4.0,0.20442710000000003,107.6,109004.8
512000.0,16000000.0,256.0,64.0,3.0,10.0,28.0,20.0,2.0,5.0,1.0,4.0,1.0,2.0,1.0,5.0,4.0,2.0,3.0,6.0,3.0,3.0,1.0,5.0,2.0,3.0,4.0,1.0,4.0,6.0,2.0,5.0,8.0,256.0,1.0,64.0,128.0,1.0,1.0,1.0,1.0,1.0,1.0,1.0,3.0,5.0,1.0,2.0,5.0,2.0,6.0,4.0,6.0,5.0,1.0,1.0,3.0,6.0,3.0,6.0,6.0,5.0,64.0,16.0,1.0,2.0,16.0,1.0,2.0,64.0,1.0,1.0,1.0,1.0,2.0,1.0,4.0,2.0,1.0,5.0,1.0,2.0,3.0,3.0,3.0,1.0,6.0,2.0,2.0,2.0,2.0,6.0,4.0,4.0,1.0,4.0,32.0,1.0,2.0,64.0,1.0,1.0,1.0,1.0,4.0,1.0,1.0,3.0,1.0,3.0,5.0,2.0,2.0,3.0,1.0,2.0,5.0,5.0,2.0,5.0,5.0,4.0,32.0,256.0,1.0,512.0,16.0,1.0,1.0,1.0,1.0,1.0,1.0,1.0,1.0,6.0,2.0,4.0,1.0,5.0,5.0,5.0,2.0,3.0,1.0,2.0,6.0,5.0,2.0,6.0,2.0,3.0,4.0,16.0,1.0,8.0,128.0,1.0,1.0,1.0,1.0,1.0,1.0,1.0,3.0,4.0,1.0,3.0,5.0,6.0,3.0,1.0,3.0,6.0,6.0,2.0,4.0,2.0,4.0,2.0,6.0,1.0,16.0,32.0,1.0,1.0,1.0,1.0,1.0,1.0,1.0,1.0,1.0,1.0,60146772.0,4637934.88,18136000000.0,39.894439999999996,5600.0,514.0,1048576.0,278956811778207.34,70.2769,2.5192175000000003,107.6,115667.2
256000.0,1024000.0,256.0,64.0,2.0,32.0,16.0,26.0,1.0,3.0,1.0,1.0,5.0,3.0,4.0,3.0,3.0,2.0,2.0,3.0,1.0,2.0,2.0,4.0,1.0,5.0,5.0,1.0,1.0,4.0,1.0,6.0,128.0,32.0,1.0,12.0,32.0,1.0,1.0,1.0,1.0,1.0,1.0,1.0,5.0,4.0,1.0,1.0,1.0,3.0,1.0,2.0,1.0,1.0,5.0,1.0,3.0,3.0,5.0,3.0,2.0,2.0,8.0,2.0,1.0,128.0,16.0,1.0,16.0,128.0,1.0,1.0,1.0,1.0,4.0,4.0,6.0,5.0,3.0,6.0,4.0,2.0,6.0,1.0,3.0,6.0,6.0,4.0,6.0,6.0,2.0,4.0,64.0,2.0,1.0,1.0,128.0,1.0,4.0,32.0,1.0,1.0,1.0,1.0,5.0,5.0,2.0,3.0,1.0,2.0,5.0,6.0,3.0,5.0,4.0,3.0,3.0,3.0,6.0,2.0,5.0,2.0,16.0,2.0,1.0,64.0,16.0,1.0,1.0,1.0,1.0,1.0,1.0,1.0,2.0,2.0,6.0,4.0,5.0,6.0,3.0,2.0,3.0,6.0,5.0,6.0,6.0,1.0,5.0,4.0,5.0,6.0,1.0,256.0,1.0,1.0,1024.0,1.0,1.0,1.0,1.0,1.0,1.0,1.0,6.0,5.0,1.0,4.0,4.0,5.0,1.0,5.0,4.0,3.0,1.0,5.0,2.0,6.0,4.0,3.0,3.0,3.0,32.0,256.0,1.0,16.0,4.0,1.0,1.0,1.0,1.0,1.0,1.0,1.0,1135817028.0,9422466.82,248939000.0,2.0001045000000004,416.0,514.0,12032.0,1.0702198259921012e+16,8.45,3.83348705,107.6,1601.7
1024.0,32000000.0,256.0,64.0,2.0,38.0,44.0,40.0,6.0,6.0,4.0,6.0,2.0,4.0,3.0,1.0,4.0,6.0,2.0,5.0,6.0,4.0,5.0,6.0,3.0,5.0,2.0,5.0,3.0,6.0,1.0,2.0,8.0,16.0,1.0,16.0,256.0,1.0,1.0,1.0,1.0,1.0,1.0,1.0,3.0,6.0,4.0,3.0,4.0,6.0,1.0,3.0,4.0,2.0,4.0,1.0,1.0,1.0,6.0,2.0,5.0,4.0,8.0,4.0,1.0,1.0,1.0,1.0,1.0,64.0,1.0,1.0,1.0,1.0,2.0,4.0,6.0,3.0,2.0,4.0,5.0,5.0,5.0,5.0,6.0,3.0,2.0,1.0,2.0,6.0,5.0,4.0,4.0,32.0,1.0,2.0,32.0,1.0,32.0,16.0,1.0,1.0,1.0,1.0,6.0,2.0,1.0,4.0,3.0,2.0,1.0,5.0,4.0,4.0,2.0,2.0,6.0,5.0,4.0,6.0,4.0,5.0,4.0,2.0,1.0,2.0,1.0,1.0,1.0,1.0,1.0,1.0,1.0,1.0,4.0,2.0,6.0,3.0,3.0,3.0,5.0,4.0,5.0,6.0,6.0,1.0,1.0,5.0,3.0,6.0,6.0,1.0,8.0,256.0,1.0,16.0,1024.0,1.0,1.0,1.0,1.0,1.0,1.0,1.0,6.0,4.0,6.0,1.0,2.0,4.0,6.0,2.0,4.0,5.0,6.0,5.0,4.0,1.0,6.0,5.0,6.0,3.0,64.0,8.0,1.0,16.0,32.0,1.0,1.0,1.0,1.0,1.0,1.0,1.0,13408218.0,5021353.9399999995,2256250000.0,9.521209,1760.0,514.0,105472.0,67327408282678.914,119.46668500000001,17.230966000000006,107.6,18940.8
1024000.0,2048000.0,256.0,64.0,1.0,10.0,18.0,6.0,4.0,3.0,3.0,5.0,2.0,3.0,6.0,3.0,4.0,4.0,2.0,6.0,6.0,5.0,4.0,2.0,4.0,2.0,4.0,6.0,5.0,3.0,4.0,6.0,4.0,4.0,1.0,3.0,192.0,1.0,1.0,1.0,1.0,1.0,1.0,1.0,6.0,2.0,6.0,1.0,1.0,3.0,4.0,1.0,5.0,3.0,4.0,1.0,5.0,1.0,5.0,4.0,5.0,4.0,16.0,4.0,1.0,16.0,32.0,1.0,32.0,2.0,1.0,1.0,1.0,1.0,2.0,2.0,3.0,2.0,1.0,4.0,6.0,4.0,4.0,5.0,1.0,6.0,4.0,2.0,5.0,5.0,1.0,5.0,1.0,8.0,1.0,16.0,8.0,1.0,1.0,8.0,1.0,1.0,1.0,1.0,3.0,3.0,6.0,4.0,5.0,3.0,5.0,6.0,3.0,4.0,6.0,3.0,5.0,5.0,5.0,3.0,1.0,4.0,4.0,16.0,1.0,256.0,2.0,1.0,1.0,1.0,1.0,1.0,1.0,1.0,2.0,5.0,5.0,6.0,4.0,3.0,1.0,2.0,2.0,6.0,5.0,5.0,1.0,1.0,3.0,4.0,2.0,4.0,16.0,4.0,1.0,512.0,128.0,1.0,1.0,1.0,1.0,1.0,1.0,1.0,4.0,6.0,1.0,2.0,4.0,4.0,1.0,1.0,5.0,4.0,6.0,3.0,6.0,4.0,2.0,5.0,6.0,4.0,256.0,4.0,1.0,32.0,256.0,1.0,1.0,1.0,1.0,1.0,1.0,1.0,2516582520.0,18146128.799999997,3069750.0,0.034206740000000006,6.0,514.0,514.0,4.566623054374857e+16,1.0,1.0035149999999997,107.6,107.6
32000.0,2048000.0,256.0,64.0,3.0,26.0,34.0,6.0,1.0,3.0,6.0,4.0,6.0,6.0,1.0,6.0,3.0,6.0,5.0,4.0,2.0,1.0,5.0,3.0,2.0,5.0,2.0,1.0,5.0,3.0,1.0,6.0,16.0,128.0,1.0,12.0,32.0,1.0,1.0,1.0,1.0,1.0,1.0,1.0,3.0,5.0,1.0,6.0,4.0,2.0,4.0,2.0,4.0,5.0,2.0,6.0,6.0,1.0,4.0,2.0,4.0,1.0,64.0,4.0,1.0,32.0,4.0,1.0,8.0,2.0,1.0,1.0,1.0,1.0,2.0,2.0,3.0,2.0,3.0,1.0,4.0,2.0,2.0,2.0,1.0,5.0,5.0,3.0,2.0,1.0,6.0,5.0,64.0,4.0,1.0,8.0,64.0,1.0,32.0,16.0,1.0,1.0,1.0,1.0,2.0,3.0,2.0,6.0,4.0,1.0,6.0,3.0,1.0,6.0,3.0,4.0,5.0,5.0,5.0,2.0,5.0,2.0,512.0,16.0,1.0,32.0,128.0,1.0,1.0,1.0,1.0,1.0,1.0,1.0,4.0,3.0,3.0,6.0,1.0,2.0,2.0,2.0,2.0,1.0,1.0,4.0,3.0,3.0,6.0,2.0,4.0,2.0,512.0,1.0,1.0,128.0,1.0,1.0,1.0,1.0,1.0,1.0,1.0,1.0,3.0,6.0,4.0,3.0,5.0,6.0,4.0,2.0,4.0,1.0,2.0,3.0,4.0,3.0,5.0,1.0,4.0,6.0,128.0,32.0,1.0,512.0,1.0,1.0,1.0,1.0,1.0,1.0,1.0,1.0,2450921616.0,4019717.46,16377300000.0,36.954825,5304.0,514.0,294912.0,9852012412926616.0,7.4,0.0013020850000000001,107.6,67993.6
64000.0,32000.0,256.0,64.0,1.0,34.0,24.0,44.0,3.0,5.0,1.0,3.0,3.0,5.0,3.0,3.0,6.0,6.0,3.0,6.0,5.0,2.0,1.0,5.0,2.0,1.0,2.0,5.0,2.0,1.0,6.0,2.0,512.0,64.0,1.0,4.0,12.0,1.0,1.0,1.0,1.0,1.0,1.0,1.0,1.0,2.0,1.0,6.0,5.0,5.0,5.0,1.0,2.0,1.0,5.0,5.0,6.0,6.0,1.0,6.0,2.0,6.0,32.0,32.0,1.0,32.0,1.0,1.0,1.0,64.0,1.0,1.0,1.0,1.0,2.0,5.0,1.0,1.0,2.0,4.0,1.0,3.0,2.0,2.0,6.0,1.0,1.0,5.0,6.0,6.0,6.0,6.0,8.0,8.0,1.0,8.0,1.0,1.0,4.0,2.0,1.0,1.0,1.0,1.0,5.0,1.0,1.0,5.0,1.0,6.0,5.0,5.0,3.0,1.0,5.0,1.0,2.0,6.0,6.0,4.0,4.0,5.0,64.0,1.0,1.0,512.0,32.0,1.0,1.0,1.0,1.0,1.0,1.0,1.0,3.0,6.0,1.0,2.0,5.0,2.0,2.0,5.0,4.0,1.0,5.0,4.0,4.0,3.0,4.0,6.0,3.0,4.0,32.0,512.0,1.0,1024.0,512.0,1.0,1.0,1.0,1.0,1.0,1.0,1.0,5.0,5.0,3.0,6.0,2.0,5.0,1.0,6.0,2.0,5.0,3.0,2.0,6.0,6.0,2.0,1.0,1.0,4.0,2.0,1.0,1.0,128.0,512.0,1.0,1.0,1.0,1.0,1.0,1.0,1.0,58196088.0,15192729.600000001,18654900.0,0.2175796,44.0,514.0,11608.0,884157428761804.9,42.77304,43.170960000000015,107.6,2464.0
256.0,32000000.0,256.0,64.0,2.0,4.0,16.0,42.0,2.0,5.0,3.0,6.0,3.0,2.0,2.0,6.0,3.0,2.0,5.0,4.0,2.0,5.0,5.0,6.0,5.0,6.0,3.0,3.0,1.0,5.0,5.0,4.0,1.0,256.0,1.0,768.0,3.0,1.0,1.0,1.0,1.0,1.0,1.0,1.0,4.0,1.0,5.0,1.0,2.0,5.0,2.0,2.0,2.0,6.0,3.0,1.0,4.0,3.0,2.0,3.0,3.0,2.0,1.0,2.0,1.0,8.0,1.0,1.0,1.0,16.0,1.0,1.0,1.0,1.0,1.0,5.0,4.0,6.0,5.0,1.0,2.0,2.0,3.0,3.0,5.0,3.0,1.0,5.0,3.0,4.0,2.0,2.0,64.0,128.0,1.0,1.0,128.0,1.0,4.0,1.0,1.0,1.0,1.0,1.0,6.0,5.0,2.0,1.0,1.0,1.0,6.0,1.0,1.0,2.0,4.0,6.0,2.0,4.0,6.0,4.0,4.0,1.0,64.0,4.0,1.0,8.0,64.0,1.0,1.0,1.0,1.0,1.0,1.0,1.0,5.0,5.0,2.0,4.0,6.0,4.0,5.0,2.0,1.0,1.0,1.0,2.0,1.0,2.0,4.0,1.0,5.0,5.0,512.0,256.0,1.0,128.0,256.0,1.0,1.0,1.0,1.0,1.0,1.0,1.0,1.0,4.0,2.0,3.0,6.0,6.0,1.0,5.0,1.0,5.0,3.0,6.0,2.0,2.0,3.0,6.0,1.0,6.0,4.0,2.0,1.0,64.0,2.0,1.0,1.0,1.0,1.0,1.0,1.0,1.0,809289540.0,11890646.96,489358000.0,3.3232715,672.0,514.0,163840.0,9622976208560800.0,3.05,0.9039046000000002,107.6,8557.5
4096.0,16000000.0,256.0,64.0,3.0,32.0,4.0,10.0,4.0,6.0,1.0,5.0,5.0,1.0,6.0,6.0,5.0,4.0,3.0,5.0,4.0,1.0,3.0,6.0,3.0,2.0,2.0,6.0,4.0,5.0,3.0,6.0,64.0,128.0,1.0,768.0,24.0,1.0,1.0,1.0,1.0,1.0,1.0,1.0,2.0,2.0,2.0,1.0,4.0,5.0,1.0,2.0,5.0,3.0,3.0,3.0,5.0,2.0,5.0,2.0,5.0,2.0,8.0,8.0,1.0,32.0,1.0,1.0,4.0,2.0,1.0,1.0,1.0,1.0,1.0,1.0,3.0,3.0,4.0,6.0,1.0,5.0,5.0,3.0,5.0,2.0,2.0,5.0,2.0,1.0,6.0,5.0,16.0,16.0,1.0,8.0,1.0,1.0,16.0,64.0,1.0,1.0,1.0,1.0,4.0,4.0,1.0,3.0,3.0,2.0,3.0,1.0,2.0,1.0,6.0,6.0,5.0,5.0,3.0,3.0,1.0,1.0,512.0,512.0,1.0,256.0,512.0,1.0,1.0,1.0,1.0,1.0,1.0,1.0,3.0,3.0,3.0,2.0,1.0,5.0,5.0,5.0,3.0,6.0,6.0,2.0,5.0,3.0,1.0,1.0,1.0,2.0,4.0,1.0,1.0,256.0,16.0,1.0,1.0,1.0,1.0,1.0,1.0,1.0,6.0,6.0,5.0,2.0,2.0,5.0,1.0,4.0,1.0,6.0,6.0,1.0,1.0,3.0,3.0,1.0,4.0,3.0,2.0,1024.0,1.0,512.0,32.0,1.0,1.0,1.0,1.0,1.0,1.0,1.0,1426010928.0,4682253.79,1328150000.0,7.216976,1280.0,514.0,1441792.0,6676945072209417.0,8.6,0.5292971,107.6,176102.4
1024.0,1024000.0,256.0,64.0,2.0,8.0,18.0,10.0,4.0,3.0,5.0,5.0,6.0,4.0,6.0,5.0,3.0,1.0,2.0,5.0,5.0,6.0,1.0,5.0,4.0,5.0,6.0,1.0,6.0,4.0,2.0,1.0,1.0,32.0,1.0,48.0,192.0,1.0,1.0,1.0,1.0,1.0,1.0,1.0,6.0,3.0,4.0,6.0,6.0,4.0,4.0,5.0,3.0,6.0,2.0,3.0,3.0,3.0,1.0,1.0,6.0,3.0,32.0,64.0,1.0,4.0,16.0,1.0,1.0,1.0,1.0,1.0,1.0,1.0,1.0,3.0,5.0,6.0,5.0,3.0,6.0,2.0,2.0,6.0,6.0,5.0,6.0,5.0,5.0,1.0,4.0,6.0,128.0,2.0,1.0,64.0,2.0,1.0,4.0,2.0,1.0,1.0,1.0,1.0,5.0,4.0,6.0,1.0,2.0,4.0,3.0,2.0,6.0,5.0,6.0,1.0,1.0,3.0,2.0,1.0,3.0,6.0,128.0,128.0,1.0,8.0,1.0,1.0,1.0,1.0,1.0,1.0,1.0,1.0,3.0,5.0,6.0,5.0,1.0,2.0,2.0,2.0,3.0,6.0,1.0,1.0,4.0,6.0,1.0,1.0,1.0,5.0,64.0,32.0,1.0,32.0,4.0,1.0,1.0,1.0,1.0,1.0,1.0,1.0,3.0,3.0,5.0,1.0,4.0,6.0,6.0,4.0,6.0,6.0,3.0,4.0,5.0,1.0,5.0,4.0,4.0,5.0,4.0,16.0,1.0,1.0,128.0,1.0,1.0,1.0,1.0,1.0,1.0,1.0,2499834468.0,7794046.08,86490600.0,0.8580428,180.0,514.0,33280.0,1.9483825035964284e+16,1.4,0.48644155799999994,107.6,2974.8
2048.0,16000.0,256.0,64.0,2.0,34.0,32.0,42.0,5.0,1.0,3.0,5.0,4.0,6.0,4.0,4.0,6.0,2.0,3.0,2.0,4.0,2.0,2.0,3.0,6.0,3.0,6.0,6.0,3.0,4.0,4.0,3.0,32.0,512.0,1.0,256.0,48.0,1.0,1.0,1.0,1.0,1.0,1.0,1.0,3.0,5.0,4.0,1.0,2.0,4.0,3.0,4.0,3.0,5.0,6.0,2.0,1.0,6.0,1.0,5.0,5.0,1.0,8.0,4.0,1.0,128.0,16.0,1.0,4.0,8.0,1.0,1.0,1.0,1.0,3.0,3.0,1.0,4.0,1.0,5.0,4.0,6.0,5.0,4.0,2.0,1.0,1.0,4.0,4.0,4.0,1.0,1.0,32.0,8.0,1.0,64.0,1.0,1.0,1.0,16.0,1.0,1.0,1.0,1.0,3.0,5.0,3.0,3.0,1.0,4.0,2.0,4.0,3.0,2.0,3.0,5.0,4.0,4.0,5.0,5.0,2.0,6.0,512.0,4.0,1.0,128.0,32.0,1.0,1.0,1.0,1.0,1.0,1.0,1.0,2.0,6.0,5.0,5.0,3.0,5.0,6.0,1.0,6.0,4.0,5.0,5.0,4.0,3.0,6.0,5.0,3.0,4.0,64.0,512.0,1.0,8.0,2048.0,1.0,1.0,1.0,1.0,1.0,1.0,1.0,5.0,3.0,2.0,3.0,4.0,4.0,4.0,6.0,3.0,5.0,5.0,6.0,4.0,6.0,5.0,3.0,5.0,6.0,128.0,128.0,1.0,1.0,256.0,1.0,1.0,1.0,1.0,1.0,1.0,1.0,146341704.0,8308111.559999999,1438200000.0,6.992521,1344.0,514.0,33280.0,1215823202712498.0,9.8,5.071490299999999,107.6,4416.8
512.0,64000.0,256.0,64.0,1.0,40.0,38.0,14.0,3.0,5.0,3.0,1.0,4.0,5.0,3.0,1.0,5.0,4.0,4.0,6.0,5.0,2.0,5.0,5.0,2.0,2.0,1.0,1.0,4.0,6.0,3.0,2.0,4.0,2.0,1.0,96.0,24.0,1.0,1.0,1.0,1.0,1.0,1.0,1.0,4.0,1.0,6.0,6.0,2.0,1.0,5.0,6.0,5.0,4.0,1.0,4.0,5.0,6.0,2.0,1.0,1.0,1.0,64.0,1.0,1.0,4.0,4.0,1.0,1.0,8.0,1.0,1.0,1.0,1.0,2.0,2.0,2.0,2.0,2.0,3.0,6.0,3.0,5.0,3.0,3.0,2.0,5.0,1.0,6.0,5.0,3.0,2.0,32.0,128.0,1.0,16.0,16.0,1.0,2.0,1.0,1.0,1.0,1.0,1.0,2.0,3.0,3.0,6.0,4.0,3.0,2.0,2.0,6.0,4.0,2.0,1.0,1.0,6.0,4.0,3.0,4.0,6.0,8.0,2.0,1.0,2.0,1.0,1.0,1.0,1.0,1.0,1.0,1.0,1.0,1.0,3.0,2.0,1.0,5.0,5.0,5.0,5.0,5.0,4.0,6.0,6.0,5.0,2.0,6.0,5.0,2.0,6.0,2.0,4.0,1.0,2048.0,16.0,1.0,1.0,1.0,1.0,1.0,1.0,1.0,1.0,1.0,4.0,2.0,6.0,1.0,3.0,3.0,4.0,3.0,4.0,1.0,1.0,1.0,6.0,6.0,1.0,1.0,512.0,64.0,1.0,4.0,4.0,1.0,1.0,1.0,1.0,1.0,1.0,1.0,181665912.0,15185903.280000001,6228620.0,0.07343496,14.0,514.0,3868.0,2758760968904991.5,13.018560000000003,13.06132,107.6,820.0
128000.0,128000.0,256.0,64.0,1.0,10.0,2.0,2.0,3.0,3.0,1.0,4.0,2.0,3.0,2.0,4.0,3.0,1.0,6.0,4.0,3.0,2.0,2.0,6.0,6.0,5.0,1.0,6.0,3.0,2.0,3.0,3.0,16.0,4.0,1.0,48.0,1536.0,1.0,1.0,1.0,1.0,1.0,1.0,1.0,4.0,3.0,5.0,2.0,1.0,1.0,6.0,3.0,3.0,2.0,3.0,6.0,3.0,2.0,6.0,2.0,4.0,4.0,16.0,64.0,1.0,8.0,4.0,1.0,16.0,8.0,1.0,1.0,1.0,1.0,2.0,3.0,3.0,2.0,3.0,1.0,5.0,3.0,6.0,1.0,3.0,1.0,5.0,2.0,4.0,5.0,2.0,4.0,16.0,2.0,1.0,32.0,128.0,1.0,1.0,2.0,1.0,1.0,1.0,1.0,4.0,4.0,3.0,6.0,5.0,4.0,2.0,2.0,4.0,6.0,3.0,3.0,4.0,5.0,1.0,3.0,6.0,2.0,1.0,8.0,1.0,512.0,8.0,1.0,1.0,1.0,1.0,1.0,1.0,1.0,3.0,1.0,5.0,4.0,5.0,3.0,2.0,2.0,2.0,3.0,5.0,5.0,1.0,2.0,4.0,1.0,2.0,5.0,1.0,16.0,1.0,4.0,4.0,1.0,1.0,1.0,1.0,1.0,1.0,1.0,3.0,4.0,4.0,5.0,1.0,2.0,4.0,3.0,2.0,3.0,5.0,4.0,6.0,2.0,5.0,4.0,6.0,3.0,64.0,512.0,1.0,4.0,8.0,1.0,1.0,1.0,1.0,1.0,1.0,1.0,2516582520.0,22830933.6,1518260.0,0.015821560000000002,2.0,514.0,514.0,5.745592841304067e+16,1.0,1.004294,107.6,107.6
256000.0,512000.0,256.0,64.0,3.0,26.0,16.0,24.0,6.0,5.0,6.0,2.0,4.0,3.0,5.0,2.0,5.0,3.0,5.0,6.0,5.0,5.0,6.0,5.0,2.0,5.0,3.0,3.0,3.0,2.0,5.0,3.0,128.0,128.0,1.0,256.0,384.0,1.0,1.0,1.0,1.0,1.0,1.0,1.0,1.0,1.0,2.0,1.0,2.0,6.0,6.0,2.0,3.0,3.0,4.0,4.0,1.0,2.0,6.0,6.0,2.0,2.0,8.0,8.0,1.0,64.0,64.0,1.0,64.0,4.0,1.0,1.0,1.0,1.0,1.0,5.0,1.0,2.0,1.0,6.0,2.0,1.0,4.0,6.0,4.0,1.0,2.0,5.0,3.0,6.0,4.0,3.0,1.0,1.0,1.0,16.0,8.0,1.0,4.0,1.0,1.0,1.0,1.0,1.0,5.0,6.0,6.0,1.0,3.0,1.0,4.0,6.0,6.0,1.0,1.0,3.0,3.0,3.0,6.0,1.0,3.0,4.0,128.0,1.0,1.0,2.0,4.0,1.0,1.0,1.0,1.0,1.0,1.0,1.0,4.0,2.0,2.0,1.0,4.0,4.0,2.0,3.0,6.0,4.0,4.0,6.0,3.0,4.0,3.0,2.0,3.0,4.0,8.0,256.0,1.0,16.0,32.0,1.0,1.0,1.0,1.0,1.0,1.0,1.0,5.0,5.0,6.0,2.0,6.0,4.0,3.0,1.0,5.0,3.0,3.0,1.0,4.0,3.0,4.0,4.0,5.0,6.0,4.0,2.0,1.0,256.0,1.0,1.0,1.0,1.0,1.0,1.0,1.0,1.0,89106648.0,3963330.7800000007,54638600000.0,89.80777000000002,9984.0,514.0,622592.0,353159120721025.5,1427.8219399999996,30.300244375000002,107.6,64108.8
512.0,64000.0,256.0,64.0,3.0,40.0,42.0,42.0,1.0,1.0,5.0,1.0,2.0,6.0,6.0,4.0,1.0,5.0,4.0,5.0,4.0,4.0,3.0,5.0,5.0,4.0,2.0,1.0,2.0,4.0,5.0,2.0,2.0,128.0,1.0,1.0,192.0,1.0,1.0,1.0,1.0,1.0,1.0,1.0,2.0,1.0,3.0,5.0,3.0,1.0,3.0,6.0,2.0,2.0,4.0,3.0,4.0,5.0,3.0,6.0,2.0,5.0,16.0,4.0,1.0,4.0,16.0,1.0,8.0,8.0,1.0,1.0,1.0,1.0,2.0,2.0,2.0,3.0,2.0,1.0,5.0,5.0,4.0,5.0,2.0,2.0,2.0,4.0,5.0,2.0,1.0,3.0,4.0,2.0,1.0,32.0,4.0,1.0,8.0,64.0,1.0,1.0,1.0,1.0,4.0,6.0,4.0,3.0,3.0,2.0,1.0,6.0,3.0,2.0,5.0,6.0,5.0,3.0,3.0,3.0,6.0,6.0,1.0,8.0,1.0,128.0,512.0,1.0,1.0,1.0,1.0,1.0,1.0,1.0,5.0,5.0,5.0,3.0,1.0,4.0,6.0,3.0,5.0,2.0,2.0,3.0,3.0,1.0,4.0,1.0,4.0,1.0,8.0,32.0,1.0,32.0,2.0,1.0,1.0,1.0,1.0,1.0,1.0,1.0,2.0,4.0,5.0,4.0,6.0,4.0,3.0,6.0,4.0,2.0,3.0,3.0,2.0,4.0,1.0,2.0,1.0,1.0,64.0,1.0,1.0,4.0,64.0,1.0,1.0,1.0,1.0,1.0,1.0,1.0,2477436816.0,4325330.24,2564320000000.0,2505.813,70560.0,514.0,141312.0,1.0715732377934116e+16,3.8,0.8313477549999999,107.6,18944.0
2048000.0,4096000.0,256.0,64.0,1.0,38.0,8.0,40.0,5.0,6.0,6.0,1.0,4.0,2.0,2.0,1.0,4.0,2.0,1.0,4.0,1.0,4.0,4.0,1.0,1.0,2.0,6.0,6.0,3.0,6.0,3.0,3.0,256.0,16.0,1.0,16.0,32.0,1.0,1.0,1.0,1.0,1.0,1.0,1.0,2.0,6.0,3.0,2.0,2.0,4.0,5.0,1.0,5.0,4.0,6.0,2.0,4.0,6.0,1.0,3.0,5.0,4.0,64.0,32.0,1.0,128.0,8.0,1.0,128.0,16.0,1.0,1.0,1.0,1.0,6.0,6.0,2.0,4.0,3.0,4.0,2.0,6.0,6.0,5.0,6.0,4.0,3.0,3.0,2.0,6.0,2.0,6.0,128.0,1.0,1.0,1.0,2.0,1.0,4.0,8.0,1.0,1.0,1.0,1.0,1.0,2.0,1.0,6.0,1.0,3.0,4.0,3.0,6.0,4.0,2.0,3.0,3.0,3.0,3.0,6.0,4.0,2.0,32.0,4.0,1.0,16.0,64.0,1.0,1.0,1.0,1.0,1.0,1.0,1.0,5.0,6.0,3.0,5.0,2.0,1.0,4.0,1.0,4.0,6.0,3.0,4.0,6.0,2.0,1.0,6.0,6.0,4.0,512.0,4.0,1.0,1.0,4.0,1.0,1.0,1.0,1.0,1.0,1.0,1.0,6.0,3.0,2.0,3.0,6.0,1.0,4.0,6.0,1.0,5.0,6.0,4.0,6.0,3.0,6.0,6.0,2.0,1.0,16.0,512.0,1.0,2.0,128.0,1.0,1.0,1.0,1.0,1.0,1.0,1.0,64487544.0,14883370.32,16945000.0,0.1982834,40.0,514.0,10576.0,959791998379294.1,33.47691999999999,33.481559999999995,107.6,2244.8
128000.0,16000.0,256.0,64.0,3.0,28.0,30.0,44.0,2.0,6.0,6.0,1.0,6.0,3.0,6.0,2.0,1.0,3.0,4.0,6.0,3.0,6.0,4.0,4.0,4.0,5.0,4.0,2.0,3.0,5.0,1.0,2.0,256.0,8.0,1.0,96.0,24.0,1.0,1.0,1.0,1.0,1.0,1.0,1.0,2.0,2.0,5.0,3.0,6.0,2.0,4.0,2.0,3.0,4.0,3.0,1.0,1.0,6.0,6.0,4.0,4.0,6.0,2.0,8.0,1.0,2.0,1.0,1.0,64.0,4.0,1.0,1.0,1.0,1.0,3.0,3.0,4.0,4.0,2.0,3.0,6.0,1.0,6.0,2.0,3.0,4.0,2.0,6.0,1.0,2.0,6.0,4.0,16.0,128.0,1.0,128.0,8.0,1.0,4.0,2.0,1.0,1.0,1.0,1.0,4.0,4.0,3.0,1.0,5.0,5.0,5.0,6.0,5.0,1.0,5.0,4.0,1.0,5.0,4.0,4.0,2.0,2.0,256.0,32.0,1.0,64.0,256.0,1.0,1.0,1.0,1.0,1.0,1.0,1.0,1.0,5.0,6.0,1.0,4.0,3.0,1.0,6.0,3.0,5.0,3.0,1.0,1.0,3.0,5.0,5.0,4.0,4.0,16.0,16.0,1.0,2048.0,256.0,1.0,1.0,1.0,1.0,1.0,1.0,1.0,2.0,3.0,5.0,2.0,1.0,3.0,4.0,1.0,6.0,2.0,6.0,3.0,3.0,1.0,3.0,4.0,6.0,1.0,256.0,2.0,1.0,4.0,2.0,1.0,1.0,1.0,1.0,1.0,1.0,1.0,1000698540.0,4185968.329999999,710360000000.0,768.9185500000001,36960.0,514.0,1220608.0,4188892396317237.5,139.56320000000002,14.952382500000002,107.6,135526.4
256000.0,2048000.0,256.0,64.0,2.0,26.0,30.0,28.0,6.0,1.0,3.0,2.0,5.0,2.0,3.0,3.0,1.0,3.0,1.0,2.0,4.0,3.0,6.0,1.0,4.0,1.0,5.0,4.0,1.0,4.0,5.0,2.0,2.0,8.0,1.0,512.0,512.0,1.0,1.0,1.0,1.0,1.0,1.0,1.0,4.0,6.0,6.0,4.0,5.0,1.0,6.0,1.0,6.0,3.0,5.0,5.0,2.0,5.0,2.0,6.0,3.0,3.0,2.0,8.0,1.0,1.0,64.0,1.0,128.0,4.0,1.0,1.0,1.0,1.0,2.0,3.0,4.0,1.0,2.0,2.0,6.0,1.0,5.0,5.0,6.0,2.0,2.0,2.0,1.0,3.0,3.0,3.0,128.0,16.0,1.0,16.0,1.0,1.0,4.0,32.0,1.0,1.0,1.0,1.0,6.0,6.0,4.0,5.0,5.0,6.0,1.0,4.0,5.0,3.0,2.0,5.0,5.0,5.0,1.0,1.0,3.0,5.0,4.0,1.0,1.0,512.0,1.0,1.0,1.0,1.0,1.0,1.0,1.0,1.0,1.0,6.0,1.0,1.0,4.0,1.0,2.0,3.0,4.0,5.0,3.0,4.0,2.0,2.0,1.0,3.0,1.0,2.0,128.0,32.0,1.0,1024.0,1.0,1.0,1.0,1.0,1.0,1.0,1.0,1.0,2.0,5.0,3.0,1.0,6.0,4.0,2.0,1.0,5.0,4.0,4.0,1.0,3.0,2.0,5.0,3.0,1.0,3.0,64.0,1024.0,1.0,8.0,64.0,1.0,1.0,1.0,1.0,1.0,1.0,1.0,138980970.0,4978995.26,683461000.0,4.330656000000001,840.0,514.0,524288.0,691985590860202.1,14.044440000000002,3.6332928499999997,107.6,44383.8
128.0,8192000.0,256.0,64.0,3.0,34.0,42.0,22.0,3.0,1.0,4.0,6.0,1.0,5.0,3.0,4.0,6.0,1.0,2.0,4.0,3.0,4.0,6.0,6.0,5.0,2.0,1.0,6.0,3.0,1.0,3.0,5.0,16.0,2.0,1.0,96.0,768.0,1.0,1.0,1.0,1.0,1.0,1.0,1.0,3.0,4.0,3.0,1.0,1.0,4.0,6.0,1.0,2.0,1.0,5.0,4.0,1.0,1.0,6.0,1.0,4.0,1.0,2.0,1.0,1.0,4.0,4.0,1.0,32.0,1.0,1.0,1.0,1.0,1.0,2.0,3.0,5.0,5.0,1.0,4.0,2.0,5.0,1.0,2.0,4.0,2.0,2.0,4.0,2.0,2.0,6.0,4.0,64.0,1.0,1.0,2.0,1.0,1.0,16.0,16.0,1.0,1.0,1.0,1.0,4.0,3.0,3.0,2.0,3.0,5.0,3.0,4.0,4.0,5.0,2.0,2.0,3.0,4.0,1.0,3.0,5.0,4.0,256.0,256.0,1.0,512.0,16.0,1.0,1.0,1.0,1.0,1.0,1.0,1.0,2.0,2.0,5.0,1.0,4.0,6.0,3.0,6.0,2.0,4.0,4.0,6.0,3.0,1.0,4.0,2.0,6.0,4.0,32.0,512.0,1.0,16.0,1024.0,1.0,1.0,1.0,1.0,1.0,1.0,1.0,5.0,1.0,3.0,1.0,2.0,6.0,5.0,1.0,4.0,3.0,2.0,3.0,6.0,3.0,5.0,3.0,5.0,2.0,4.0,256.0,1.0,8.0,64.0,1.0,1.0,1.0,1.0,1.0,1.0,1.0,2485603464.0,4315933.120000001,515048000000.0,577.266,31416.0,514.0,1441792.0,1.072769831346433e+16,7.0,1.1655277,107.6,113132.8
512.0,4096000.0,256.0,64.0,1.0,48.0,14.0,4.0,5.0,3.0,6.0,4.0,5.0,4.0,6.0,1.0,3.0,4.0,3.0,4.0,6.0,2.0,5.0,5.0,5.0,3.0,6.0,6.0,5.0,4.0,3.0,6.0,128.0,64.0,1.0,64.0,384.0,1.0,1.0,1.0,1.0,1.0,1.0,1.0,1.0,6.0,1.0,5.0,6.0,1.0,3.0,1.0,5.0,1.0,2.0,6.0,5.0,4.0,1.0,2.0,4.0,3.0,32.0,8.0,1.0,4.0,32.0,1.0,128.0,4.0,1.0,1.0,1.0,1.0,6.0,3.0,2.0,4.0,2.0,1.0,6.0,3.0,1.0,6.0,5.0,3.0,5.0,6.0,2.0,6.0,1.0,1.0,1.0,32.0,1.0,4.0,1.0,1.0,8.0,32.0,1.0,1.0,1.0,1.0,5.0,4.0,4.0,1.0,5.0,4.0,2.0,6.0,6.0,2.0,3.0,3.0,2.0,6.0,3.0,1.0,1.0,4.0,8.0,16.0,1.0,64.0,8.0,1.0,1.0,1.0,1.0,1.0,1.0,1.0,5.0,5.0,3.0,5.0,5.0,6.0,2.0,6.0,3.0,1.0,2.0,1.0,1.0,5.0,2.0,5.0,2.0,2.0,256.0,4.0,1.0,16.0,256.0,1.0,1.0,1.0,1.0,1.0,1.0,1.0,5.0,2.0,3.0,6.0,4.0,2.0,6.0,5.0,6.0,6.0,6.0,5.0,6.0,4.0,1.0,4.0,6.0,4.0,2048.0,32.0,1.0,2.0,512.0,1.0,1.0,1.0,1.0,1.0,1.0,1.0,2441085048.0,20015946.0,2290310.0,0.025047220000000002,4.0,514.0,514.0,4.886062650217541e+16,3.4,3.425684,107.6,117.2
256000.0,512000.0,256.0,64.0,2.0,40.0,14.0,46.0,2.0,1.0,4.0,6.0,6.0,4.0,4.0,1.0,5.0,3.0,4.0,1.0,3.0,2.0,3.0,3.0,5.0,5.0,2.0,2.0,1.0,3.0,3.0,5.0,512.0,1.0,1.0,8.0,2.0,1.0,1.0,1.0,1.0,1.0,1.0,1.0,6.0,2.0,6.0,5.0,5.0,2.0,3.0,1.0,3.0,6.0,5.0,5.0,5.0,4.0,2.0,4.0,3.0,2.0,32.0,16.0,1.0,16.0,4.0,1.0,64.0,32.0,1.0,1.0,1.0,1.0,3.0,3.0,6.0,2.0,4.0,2.0,5.0,3.0,1.0,5.0,2.0,1.0,5.0,6.0,4.0,1.0,3.0,2.0,8.0,2.0,1.0,1.0,1.0,1.0,16.0,64.0,1.0,1.0,1.0,1.0,5.0,6.0,1.0,3.0,3.0,1.0,6.0,1.0,2.0,3.0,3.0,3.0,2.0,4.0,3.0,6.0,1.0,1.0,16.0,512.0,1.0,8.0,128.0,1.0,1.0,1.0,1.0,1.0,1.0,1.0,5.0,1.0,1.0,5.0,3.0,2.0,5.0,2.0,3.0,2.0,6.0,6.0,3.0,1.0,4.0,4.0,4.0,3.0,512.0,512.0,1.0,512.0,4.0,1.0,1.0,1.0,1.0,1.0,1.0,1.0,2.0,4.0,6.0,6.0,1.0,4.0,2.0,1.0,4.0,6.0,4.0,4.0,1.0,3.0,3.0,6.0,2.0,5.0,2.0,32.0,1.0,1.0,256.0,1.0,1.0,1.0,1.0,1.0,1.0,1.0,2523702072.0,8563345.260000002,459808000.0,3.1757985000000004,644.0,514.0,136192.0,2.1611332175913384e+16,1.0,0.44140745400000003,107.6,7810.0
8192.0,1024000.0,256.0,64.0,2.0,8.0,16.0,34.0,4.0,6.0,3.0,5.0,4.0,1.0,5.0,1.0,2.0,3.0,2.0,1.0,1.0,6.0,3.0,2.0,6.0,2.0,5.0,3.0,6.0,6.0,3.0,6.0,8.0,4.0,1.0,192.0,64.0,1.0,1.0,1.0,1.0,1.0,1.0,1.0,1.0,4.0,2.0,2.0,6.0,2.0,3.0,2.0,1.0,2.0,6.0,5.0,1.0,6.0,2.0,6.0,1.0,1.0,2.0,4.0,1.0,4.0,64.0,1.0,64.0,8.0,1.0,1.0,1.0,1.0,1.0,6.0,6.0,3.0,1.0,6.0,5.0,4.0,2.0,4.0,3.0,5.0,5.0,5.0,1.0,1.0,4.0,3.0,128.0,1.0,1.0,64.0,4.0,1.0,8.0,4.0,1.0,1.0,1.0,1.0,5.0,6.0,5.0,5.0,5.0,6.0,2.0,4.0,1.0,2.0,6.0,4.0,1.0,6.0,4.0,2.0,3.0,2.0,8.0,2.0,1.0,256.0,32.0,1.0,1.0,1.0,1.0,1.0,1.0,1.0,4.0,2.0,1.0,6.0,2.0,1.0,2.0,4.0,6.0,1.0,4.0,4.0,3.0,2.0,5.0,6.0,4.0,2.0,4.0,4.0,1.0,64.0,512.0,1.0,1.0,1.0,1.0,1.0,1.0,1.0,6.0,4.0,5.0,1.0,5.0,2.0,3.0,5.0,2.0,6.0,6.0,6.0,2.0,4.0,3.0,5.0,4.0,2.0,128.0,8.0,1.0,2.0,16.0,1.0,1.0,1.0,1.0,1.0,1.0,1.0,170144628.0,6700937.84,360818000.0,2.758217,544.0,514.0,271360.0,1140128576037923.5,15.8,10.020422,107.6,35139.2
256.0,32000.0,256.0,64.0,2.0,40.0,20.0,46.0,3.0,1.0,6.0,3.0,1.0,2.0,3.0,2.0,4.0,1.0,4.0,4.0,3.0,1.0,4.0,1.0,2.0,1.0,2.0,6.0,1.0,5.0,6.0,1.0,16.0,16.0,1.0,48.0,48.0,1.0,1.0,1.0,1.0,1.0,1.0,1.0,5.0,6.0,5.0,2.0,6.0,6.0,6.0,2.0,2.0,1.0,4.0,1.0,1.0,2.0,3.0,1.0,3.0,2.0,4.0,4.0,1.0,1.0,2.0,1.0,128.0,128.0,1.0,1.0,1.0,1.0,1.0,6.0,3.0,2.0,2.0,3.0,3.0,1.0,6.0,3.0,3.0,2.0,1.0,5.0,4.0,4.0,1.0,5.0,8.0,2.0,1.0,2.0,8.0,1.0,8.0,1.0,1.0,1.0,1.0,1.0,6.0,2.0,5.0,1.0,2.0,3.0,2.0,3.0,4.0,1.0,1.0,4.0,3.0,3.0,6.0,2.0,2.0,3.0,128.0,512.0,1.0,8.0,32.0,1.0,1.0,1.0,1.0,1.0,1.0,1.0,6.0,5.0,2.0,3.0,4.0,6.0,6.0,3.0,1.0,6.0,6.0,5.0,3.0,3.0,6.0,3.0,1.0,4.0,128.0,32.0,1.0,16.0,32.0,1.0,1.0,1.0,1.0,1.0,1.0,1.0,1.0,1.0,4.0,5.0,3.0,4.0,3.0,6.0,4.0,6.0,3.0,3.0,2.0,5.0,6.0,2.0,4.0,6.0,256.0,512.0,1.0,512.0,32.0,1.0,1.0,1.0,1.0,1.0,1.0,1.0,101869254.0,4536553.56,785938000.0,4.636377500000001,920.0,514.0,90112.0,462135326888244.2,21.06667,5.07051685,107.6,8492.8
64000.0,64000.0,256.0,64.0,1.0,42.0,42.0,6.0,4.0,4.0,3.0,5.0,4.0,1.0,3.0,2.0,3.0,4.0,3.0,4.0,3.0,4.0,1.0,6.0,1.0,4.0,2.0,3.0,3.0,4.0,3.0,4.0,64.0,64.0,1.0,24.0,4.0,1.0,1.0,1.0,1.0,1.0,1.0,1.0,3.0,5.0,1.0,5.0,3.0,3.0,6.0,1.0,1.0,2.0,4.0,5.0,1.0,5.0,6.0,6.0,5.0,3.0,2.0,8.0,1.0,16.0,16.0,1.0,64.0,4.0,1.0,1.0,1.0,1.0,2.0,6.0,5.0,4.0,5.0,2.0,5.0,5.0,4.0,2.0,6.0,6.0,2.0,5.0,1.0,1.0,5.0,6.0,2.0,32.0,1.0,2.0,16.0,1.0,16.0,1.0,1.0,1.0,1.0,1.0,2.0,6.0,3.0,4.0,3.0,5.0,1.0,3.0,1.0,1.0,3.0,3.0,4.0,4.0,4.0,5.0,3.0,1.0,64.0,64.0,1.0,2.0,4.0,1.0,1.0,1.0,1.0,1.0,1.0,1.0,2.0,6.0,6.0,5.0,5.0,2.0,1.0,6.0,2.0,2.0,3.0,2.0,3.0,4.0,4.0,6.0,2.0,2.0,512.0,8.0,1.0,16.0,256.0,1.0,1.0,1.0,1.0,1.0,1.0,1.0,3.0,3.0,6.0,5.0,5.0,4.0,3.0,3.0,3.0,4.0,1.0,6.0,5.0,3.0,4.0,4.0,5.0,4.0,256.0,8.0,1.0,32.0,128.0,1.0,1.0,1.0,1.0,1.0,1.0,1.0,2516582520.0,22128087.599999998,3069750.0,0.034206740000000006,6.0,514.0,514.0,5.5687158455188744e+16,1.0,1.400733,107.6,107.6
2048.0,128000.0,256.0,64.0,1.0,26.0,38.0,18.0,4.0,5.0,1.0,1.0,6.0,6.0,4.0,1.0,3.0,2.0,3.0,6.0,6.0,5.0,2.0,5.0,2.0,3.0,1.0,2.0,1.0,2.0,3.0,1.0,32.0,256.0,1.0,768.0,64.0,1.0,1.0,1.0,1.0,1.0,1.0,1.0,1.0,4.0,4.0,4.0,5.0,3.0,2.0,2.0,5.0,4.0,2.0,4.0,4.0,5.0,6.0,3.0,5.0,5.0,2.0,8.0,1.0,128.0,1.0,1.0,64.0,1.0,1.0,1.0,1.0,1.0,3.0,2.0,5.0,3.0,6.0,4.0,5.0,5.0,3.0,3.0,2.0,1.0,6.0,5.0,4.0,6.0,2.0,3.0,16.0,8.0,1.0,64.0,32.0,1.0,2.0,32.0,1.0,1.0,1.0,1.0,4.0,4.0,3.0,5.0,4.0,3.0,3.0,2.0,5.0,6.0,3.0,1.0,4.0,5.0,5.0,3.0,6.0,6.0,32.0,32.0,1.0,256.0,1.0,1.0,1.0,1.0,1.0,1.0,1.0,1.0,6.0,3.0,2.0,3.0,6.0,5.0,2.0,5.0,4.0,4.0,4.0,2.0,2.0,1.0,4.0,6.0,5.0,3.0,16.0,4.0,1.0,4.0,16.0,1.0,1.0,1.0,1.0,1.0,1.0,1.0,4.0,6.0,5.0,5.0,4.0,5.0,2.0,3.0,6.0,6.0,5.0,1.0,1.0,3.0,5.0,5.0,1.0,1.0,4.0,512.0,1.0,4.0,64.0,1.0,1.0,1.0,1.0,1.0,1.0,1.0,2516582520.0,23060346.0,7832000.0,0.08936231999999997,18.0,514.0,514.0,5.803326364875192e+16,1.0,1.39497,107.6,107.6
2048000.0,64000.0,256.0,64.0,1.0,38.0,26.0,16.0,2.0,2.0,4.0,4.0,1.0,3.0,2.0,2.0,3.0,5.0,3.0,1.0,4.0,3.0,3.0,1.0,1.0,3.0,2.0,1.0,2.0,6.0,5.0,5.0,8.0,256.0,1.0,1536.0,64.0,1.0,1.0,1.0,1.0,1.0,1.0,1.0,4.0,2.0,6.0,2.0,1.0,5.0,3.0,1.0,5.0,2.0,1.0,2.0,5.0,6.0,4.0,5.0,2.0,2.0,64.0,1.0,1.0,1.0,128.0,1.0,2.0,32.0,1.0,1.0,1.0,1.0,2.0,3.0,6.0,6.0,6.0,4.0,3.0,5.0,5.0,3.0,6.0,6.0,6.0,4.0,6.0,1.0,2.0,5.0,4.0,4.0,1.0,64.0,16.0,1.0,8.0,2.0,1.0,1.0,1.0,1.0,6.0,1.0,3.0,2.0,3.0,3.0,5.0,6.0,5.0,3.0,1.0,1.0,3.0,4.0,2.0,4.0,4.0,2.0,64.0,32.0,1.0,16.0,4.0,1.0,1.0,1.0,1.0,1.0,1.0,1.0,5.0,3.0,4.0,5.0,4.0,3.0,4.0,3.0,5.0,5.0,6.0,3.0,1.0,1.0,5.0,1.0,3.0,3.0,32.0,32.0,1.0,64.0,16.0,1.0,1.0,1.0,1.0,1.0,1.0,1.0,3.0,2.0,3.0,1.0,6.0,3.0,5.0,4.0,6.0,2.0,6.0,6.0,6.0,1.0,5.0,6.0,4.0,4.0,16.0,2.0,1.0,4.0,16.0,1.0,1.0,1.0,1.0,1.0,1.0,1.0,2422210680.0,16051827.360000001,7028100.0,0.08033523999999997,16.0,514.0,514.0,3.888090766490821e+16,13.0,13.050429999999999,107.6,155.6
128000.0,128000.0,256.0,64.0,1.0,18.0,2.0,28.0,6.0,4.0,6.0,1.0,2.0,4.0,4.0,2.0,6.0,3.0,3.0,3.0,5.0,6.0,3.0,3.0,3.0,4.0,3.0,2.0,1.0,5.0,3.0,6.0,256.0,2.0,1.0,1.0,4.0,1.0,1.0,1.0,1.0,1.0,1.0,1.0,3.0,6.0,1.0,6.0,4.0,3.0,6.0,4.0,4.0,2.0,6.0,4.0,5.0,3.0,3.0,4.0,1.0,4.0,2.0,1.0,1.0,64.0,64.0,1.0,64.0,4.0,1.0,1.0,1.0,1.0,2.0,1.0,3.0,5.0,4.0,2.0,4.0,6.0,6.0,2.0,6.0,2.0,2.0,4.0,5.0,1.0,5.0,2.0,16.0,128.0,1.0,32.0,32.0,1.0,2.0,32.0,1.0,1.0,1.0,1.0,5.0,2.0,1.0,5.0,6.0,3.0,1.0,2.0,5.0,2.0,6.0,1.0,3.0,2.0,3.0,3.0,6.0,2.0,64.0,256.0,1.0,4.0,1.0,1.0,1.0,1.0,1.0,1.0,1.0,1.0,6.0,1.0,5.0,6.0,4.0,3.0,3.0,2.0,5.0,2.0,4.0,1.0,2.0,3.0,5.0,3.0,1.0,6.0,128.0,8.0,1.0,64.0,1.0,1.0,1.0,1.0,1.0,1.0,1.0,1.0,2.0,1.0,2.0,3.0,1.0,1.0,4.0,6.0,3.0,3.0,5.0,5.0,2.0,4.0,1.0,2.0,6.0,6.0,4.0,128.0,1.0,8.0,4.0,1.0,1.0,1.0,1.0,1.0,1.0,1.0,93192648.0,12394091.04,11913400.0,0.1404782,28.0,514.0,7480.0,1155038163570673.8,24.199215000000002,29.540054500000004,107.6,1587.2
128.0,512000.0,256.0,64.0,3.0,14.0,30.0,10.0,6.0,4.0,6.0,6.0,6.0,5.0,2.0,3.0,2.0,3.0,1.0,1.0,2.0,2.0,2.0,3.0,5.0,4.0,4.0,4.0,1.0,5.0,6.0,6.0,8.0,32.0,1.0,128.0,48.0,1.0,1.0,1.0,1.0,1.0,1.0,1.0,4.0,3.0,5.0,1.0,1.0,1.0,5.0,3.0,1.0,3.0,3.0,4.0,6.0,4.0,5.0,1.0,1.0,2.0,1.0,64.0,1.0,16.0,128.0,1.0,128.0,8.0,1.0,1.0,1.0,1.0,6.0,2.0,3.0,3.0,1.0,6.0,6.0,4.0,4.0,1.0,6.0,3.0,5.0,6.0,3.0,6.0,1.0,5.0,32.0,8.0,1.0,32.0,64.0,1.0,64.0,4.0,1.0,1.0,1.0,1.0,3.0,2.0,4.0,1.0,3.0,4.0,6.0,1.0,2.0,1.0,4.0,2.0,2.0,3.0,2.0,3.0,4.0,6.0,2.0,64.0,1.0,1.0,2.0,1.0,1.0,1.0,1.0,1.0,1.0,1.0,3.0,5.0,1.0,2.0,1.0,5.0,2.0,4.0,2.0,4.0,5.0,2.0,6.0,5.0,2.0,3.0,6.0,6.0,256.0,32.0,1.0,4.0,2048.0,1.0,1.0,1.0,1.0,1.0,1.0,1.0,6.0,2.0,5.0,1.0,6.0,1.0,5.0,4.0,4.0,3.0,5.0,5.0,6.0,5.0,3.0,1.0,1.0,6.0,2048.0,2048.0,1.0,64.0,32.0,1.0,1.0,1.0,1.0,1.0,1.0,1.0,1312816590.0,3920534.13,10605900000.0,27.8754,4200.0,514.0,2752512.0,5146942247525217.0,32.95,0.205794275,107.6,240153.6
32000.0,8192000.0,256.0,64.0,1.0,12.0,22.0,30.0,3.0,5.0,3.0,3.0,4.0,3.0,4.0,3.0,1.0,3.0,1.0,4.0,1.0,4.0,2.0,6.0,3.0,2.0,5.0,2.0,2.0,3.0,3.0,4.0,128.0,64.0,1.0,3.0,12.0,1.0,1.0,1.0,1.0,1.0,1.0,1.0,4.0,5.0,5.0,3.0,3.0,3.0,5.0,6.0,1.0,3.0,4.0,1.0,3.0,2.0,5.0,5.0,6.0,5.0,16.0,2.0,1.0,64.0,128.0,1.0,32.0,2.0,1.0,1.0,1.0,1.0,3.0,3.0,3.0,3.0,4.0,1.0,4.0,1.0,3.0,2.0,2.0,2.0,4.0,6.0,6.0,2.0,1.0,4.0,1.0,128.0,1.0,8.0,128.0,1.0,1.0,2.0,1.0,1.0,1.0,1.0,5.0,3.0,1.0,6.0,4.0,4.0,4.0,3.0,6.0,6.0,4.0,5.0,3.0,3.0,4.0,2.0,1.0,5.0,256.0,32.0,1.0,128.0,64.0,1.0,1.0,1.0,1.0,1.0,1.0,1.0,3.0,2.0,1.0,6.0,1.0,1.0,6.0,3.0,3.0,6.0,1.0,6.0,1.0,1.0,3.0,4.0,5.0,3.0,64.0,512.0,1.0,2048.0,2.0,1.0,1.0,1.0,1.0,1.0,1.0,1.0,2.0,6.0,6.0,4.0,3.0,6.0,5.0,1.0,1.0,1.0,6.0,5.0,4.0,3.0,2.0,6.0,4.0,5.0,32.0,16.0,1.0,128.0,128.0,1.0,1.0,1.0,1.0,1.0,1.0,1.0,86900856.0,15341389.2,12741800.0,0.1501036,30.0,514.0,7996.0,1333179853709155.2,26.285425000000007,26.761064999999995,107.6,1696.8
4096.0,16000.0,256.0,64.0,3.0,28.0,18.0,4.0,2.0,1.0,3.0,4.0,3.0,3.0,2.0,4.0,6.0,4.0,2.0,2.0,6.0,4.0,6.0,3.0,4.0,1.0,2.0,5.0,4.0,6.0,6.0,2.0,64.0,1.0,1.0,128.0,2.0,1.0,1.0,1.0,1.0,1.0,1.0,1.0,5.0,1.0,6.0,1.0,6.0,2.0,4.0,4.0,5.0,1.0,5.0,5.0,5.0,2.0,3.0,4.0,1.0,1.0,64.0,64.0,1.0,64.0,2.0,1.0,8.0,4.0,1.0,1.0,1.0,1.0,4.0,5.0,2.0,4.0,3.0,4.0,5.0,5.0,6.0,5.0,3.0,1.0,4.0,5.0,1.0,3.0,5.0,2.0,2.0,1.0,1.0,32.0,32.0,1.0,4.0,2.0,1.0,1.0,1.0,1.0,3.0,6.0,5.0,2.0,2.0,2.0,2.0,5.0,5.0,1.0,4.0,4.0,5.0,6.0,3.0,4.0,1.0,4.0,256.0,8.0,1.0,32.0,128.0,1.0,1.0,1.0,1.0,1.0,1.0,1.0,5.0,4.0,2.0,5.0,5.0,2.0,4.0,1.0,4.0,1.0,3.0,1.0,4.0,6.0,4.0,1.0,6.0,2.0,1.0,2.0,1.0,8.0,512.0,1.0,1.0,1.0,1.0,1.0,1.0,1.0,1.0,5.0,5.0,4.0,6.0,4.0,5.0,6.0,2.0,6.0,3.0,5.0,3.0,1.0,4.0,4.0,6.0,2.0,4.0,2048.0,1.0,8.0,8.0,1.0,1.0,1.0,1.0,1.0,1.0,1.0,2470260318.0,5812437.780000001,2847370000.0,11.230285000000002,2016.0,514.0,559104.0,1.4358234398778016e+16,1.8,0.45325518500000006,107.6,50361.6
512000.0,128000.0,256.0,64.0,3.0,42.0,22.0,36.0,5.0,1.0,1.0,4.0,4.0,4.0,1.0,5.0,2.0,3.0,2.0,6.0,6.0,6.0,2.0,2.0,2.0,5.0,5.0,4.0,5.0,1.0,6.0,3.0,64.0,1.0,1.0,12.0,512.0,1.0,1.0,1.0,1.0,1.0,1.0,1.0,4.0,6.0,4.0,6.0,2.0,4.0,6.0,3.0,2.0,3.0,1.0,1.0,5.0,1.0,2.0,6.0,1.0,5.0,16.0,2.0,1.0,32.0,8.0,1.0,32.0,16.0,1.0,1.0,1.0,1.0,5.0,1.0,6.0,1.0,4.0,6.0,3.0,1.0,3.0,2.0,4.0,4.0,3.0,1.0,6.0,1.0,1.0,4.0,128.0,4.0,1.0,32.0,4.0,1.0,64.0,2.0,1.0,1.0,1.0,1.0,6.0,4.0,1.0,3.0,1.0,1.0,1.0,4.0,2.0,4.0,4.0,6.0,6.0,4.0,3.0,2.0,2.0,4.0,256.0,128.0,1.0,16.0,1.0,1.0,1.0,1.0,1.0,1.0,1.0,1.0,3.0,2.0,1.0,1.0,2.0,2.0,6.0,4.0,3.0,6.0,1.0,6.0,3.0,5.0,5.0,1.0,2.0,3.0,64.0,128.0,1.0,16.0,64.0,1.0,1.0,1.0,1.0,1.0,1.0,1.0,3.0,3.0,5.0,2.0,6.0,2.0,1.0,3.0,4.0,4.0,4.0,1.0,4.0,2.0,4.0,2.0,4.0,3.0,256.0,1024.0,1.0,1.0,512.0,1.0,1.0,1.0,1.0,1.0,1.0,1.0,844813272.0,3914909.24,576672000000.0,638.46865,33264.0,514.0,2752512.0,3307367284627433.5,2.8,0.025,107.6,210739.2
256.0,16000000.0,256.0,64.0,1.0,10.0,46.0,12.0,6.0,2.0,1.0,6.0,2.0,2.0,2.0,2.0,5.0,2.0,4.0,2.0,4.0,5.0,1.0,2.0,1.0,4.0,5.0,4.0,4.0,4.0,2.0,6.0,256.0,128.0,1.0,128.0,64.0,1.0,1.0,1.0,1.0,1.0,1.0,1.0,5.0,2.0,6.0,1.0,6.0,4.0,3.0,3.0,2.0,4.0,6.0,2.0,2.0,1.0,1.0,3.0,4.0,4.0,4.0,2.0,1.0,4.0,32.0,1.0,2.0,2.0,1.0,1.0,1.0,1.0,4.0,6.0,3.0,1.0,4.0,3.0,3.0,5.0,1.0,3.0,1.0,3.0,3.0,2.0,1.0,5.0,6.0,3.0,8.0,32.0,1.0,16.0,4.0,1.0,4.0,4.0,1.0,1.0,1.0,1.0,6.0,2.0,2.0,4.0,3.0,3.0,2.0,6.0,5.0,2.0,1.0,6.0,2.0,5.0,3.0,2.0,5.0,2.0,16.0,256.0,1.0,32.0,4.0,1.0,1.0,1.0,1.0,1.0,1.0,1.0,5.0,6.0,3.0,5.0,2.0,6.0,4.0,6.0,5.0,1.0,2.0,1.0,5.0,1.0,1.0,4.0,3.0,3.0,1.0,128.0,1.0,32.0,64.0,1.0,1.0,1.0,1.0,1.0,1.0,1.0,5.0,1.0,4.0,3.0,6.0,4.0,2.0,1.0,3.0,4.0,5.0,3.0,6.0,4.0,5.0,5.0,6.0,3.0,128.0,128.0,1.0,4.0,128.0,1.0,1.0,1.0,1.0,1.0,1.0,1.0,211550472.0,6382564.32,5432820.0,0.06386412,12.0,514.0,3352.0,1350234494466359.0,11.30612,9.660865999999999,107.6,710.4
256000.0,512000.0,256.0,64.0,1.0,40.0,26.0,6.0,2.0,5.0,3.0,2.0,1.0,5.0,6.0,3.0,4.0,4.0,4.0,5.0,4.0,6.0,5.0,1.0,2.0,3.0,6.0,1.0,2.0,1.0,4.0,5.0,128.0,64.0,1.0,128.0,768.0,1.0,1.0,1.0,1.0,1.0,1.0,1.0,4.0,5.0,3.0,6.0,5.0,5.0,4.0,3.0,6.0,3.0,1.0,2.0,5.0,6.0,4.0,3.0,4.0,6.0,64.0,1.0,1.0,8.0,1.0,1.0,2.0,1.0,1.0,1.0,1.0,1.0,3.0,6.0,3.0,3.0,3.0,3.0,1.0,6.0,2.0,4.0,5.0,3.0,4.0,3.0,3.0,1.0,6.0,4.0,1.0,64.0,1.0,64.0,8.0,1.0,64.0,4.0,1.0,1.0,1.0,1.0,2.0,4.0,4.0,2.0,1.0,6.0,2.0,5.0,2.0,3.0,2.0,2.0,2.0,4.0,3.0,2.0,3.0,5.0,256.0,4.0,1.0,128.0,256.0,1.0,1.0,1.0,1.0,1.0,1.0,1.0,5.0,5.0,2.0,3.0,2.0,2.0,4.0,6.0,6.0,1.0,5.0,5.0,5.0,1.0,3.0,4.0,3.0,5.0,4.0,32.0,1.0,1024.0,128.0,1.0,1.0,1.0,1.0,1.0,1.0,1.0,5.0,3.0,4.0,3.0,5.0,4.0,6.0,5.0,6.0,3.0,3.0,5.0,3.0,5.0,5.0,3.0,5.0,1.0,128.0,8.0,1.0,4.0,256.0,1.0,1.0,1.0,1.0,1.0,1.0,1.0,421527672.0,15728184.96,3069880.0,0.03515203999999999,6.0,514.0,1804.0,6629865190974213.0,5.849307999999999,5.852671999999999,107.6,381.6
2048.0,4096000.0,256.0,64.0,3.0,30.0,8.0,44.0,2.0,5.0,2.0,5.0,3.0,5.0,6.0,3.0,5.0,5.0,5.0,3.0,5.0,4.0,2.0,4.0,4.0,4.0,6.0,4.0,5.0,3.0,2.0,1.0,2.0,32.0,1.0,3.0,16.0,1.0,1.0,1.0,1.0,1.0,1.0,1.0,3.0,3.0,1.0,4.0,5.0,5.0,3.0,3.0,3.0,4.0,3.0,6.0,5.0,3.0,5.0,3.0,2.0,4.0,64.0,4.0,1.0,1.0,1.0,1.0,4.0,128.0,1.0,1.0,1.0,1.0,4.0,6.0,3.0,3.0,5.0,4.0,2.0,6.0,4.0,2.0,5.0,5.0,1.0,3.0,5.0,2.0,6.0,6.0,64.0,1.0,1.0,128.0,4.0,1.0,64.0,32.0,1.0,1.0,1.0,1.0,4.0,4.0,3.0,5.0,1.0,3.0,4.0,2.0,1.0,4.0,6.0,2.0,6.0,6.0,2.0,5.0,2.0,2.0,32.0,32.0,1.0,8.0,8.0,1.0,1.0,1.0,1.0,1.0,1.0,1.0,2.0,6.0,2.0,6.0,1.0,6.0,5.0,4.0,3.0,2.0,6.0,6.0,4.0,5.0,3.0,5.0,1.0,4.0,32.0,4.0,1.0,256.0,256.0,1.0,1.0,1.0,1.0,1.0,1.0,1.0,5.0,1.0,3.0,3.0,4.0,6.0,6.0,4.0,1.0,6.0,6.0,1.0,6.0,6.0,6.0,2.0,1.0,2.0,256.0,8.0,1.0,8.0,128.0,1.0,1.0,1.0,1.0,1.0,1.0,1.0,389486460.0,4105230.26,60890500000.0,97.73391,10560.0,514.0,598016.0,1598931601452279.5,13.506665000000002,0.23473960000000005,107.6,91084.8
512000.0,32000000.0,256.0,64.0,3.0,34.0,30.0,48.0,4.0,4.0,4.0,3.0,5.0,4.0,6.0,4.0,1.0,5.0,3.0,6.0,3.0,2.0,1.0,6.0,6.0,6.0,5.0,2.0,1.0,3.0,1.0,5.0,128.0,4.0,1.0,192.0,512.0,1.0,1.0,1.0,1.0,1.0,1.0,1.0,2.0,2.0,2.0,5.0,3.0,4.0,5.0,6.0,2.0,1.0,4.0,4.0,2.0,5.0,4.0,3.0,1.0,2.0,32.0,1.0,1.0,128.0,64.0,1.0,4.0,64.0,1.0,1.0,1.0,1.0,5.0,5.0,3.0,3.0,5.0,2.0,4.0,5.0,1.0,1.0,3.0,3.0,5.0,1.0,3.0,3.0,5.0,5.0,32.0,16.0,1.0,1.0,2.0,1.0,2.0,4.0,1.0,1.0,1.0,1.0,6.0,5.0,6.0,2.0,5.0,1.0,4.0,1.0,6.0,5.0,5.0,4.0,4.0,6.0,6.0,6.0,6.0,5.0,256.0,64.0,1.0,64.0,1.0,1.0,1.0,1.0,1.0,1.0,1.0,1.0,2.0,6.0,4.0,2.0,4.0,2.0,5.0,3.0,2.0,1.0,6.0,1.0,3.0,6.0,1.0,3.0,1.0,4.0,4.0,64.0,1.0,64.0,64.0,1.0,1.0,1.0,1.0,1.0,1.0,1.0,6.0,6.0,6.0,3.0,2.0,4.0,6.0,2.0,3.0,3.0,3.0,6.0,6.0,3.0,5.0,2.0,5.0,1.0,16.0,2048.0,1.0,1.0,256.0,1.0,1.0,1.0,1.0,1.0,1.0,1.0,110580072.0,4143486.620000001,1240400000000.0,1275.752,48960.0,514.0,1638400.0,458187048770636.75,266.90220000000005,6.8263357000000005,107.6,116076.8
1024.0,256000.0,256.0,64.0,2.0,36.0,46.0,36.0,1.0,6.0,3.0,1.0,5.0,4.0,5.0,5.0,6.0,6.0,2.0,6.0,1.0,3.0,2.0,6.0,6.0,1.0,6.0,3.0,3.0,3.0,1.0,1.0,64.0,2.0,1.0,48.0,384.0,1.0,1.0,1.0,1.0,1.0,1.0,1.0,3.0,5.0,5.0,6.0,6.0,3.0,1.0,5.0,5.0,6.0,4.0,4.0,5.0,1.0,1.0,2.0,5.0,5.0,16.0,8.0,1.0,128.0,4.0,1.0,64.0,128.0,1.0,1.0,1.0,1.0,1.0,1.0,1.0,6.0,5.0,5.0,4.0,5.0,6.0,2.0,5.0,5.0,6.0,6.0,5.0,1.0,5.0,2.0,128.0,2.0,1.0,4.0,64.0,1.0,1.0,1.0,1.0,1.0,1.0,1.0,5.0,5.0,2.0,4.0,3.0,3.0,5.0,3.0,1.0,6.0,3.0,1.0,4.0,5.0,1.0,4.0,4.0,1.0,64.0,32.0,1.0,1.0,64.0,1.0,1.0,1.0,1.0,1.0,1.0,1.0,6.0,4.0,2.0,3.0,1.0,1.0,4.0,1.0,3.0,1.0,4.0,4.0,3.0,1.0,6.0,5.0,3.0,1.0,2.0,512.0,1.0,512.0,1.0,1.0,1.0,1.0,1.0,1.0,1.0,1.0,5.0,1.0,3.0,4.0,2.0,3.0,3.0,4.0,4.0,3.0,3.0,2.0,1.0,1.0,6.0,6.0,3.0,2.0,32.0,8.0,1.0,8.0,64.0,1.0,1.0,1.0,1.0,1.0,1.0,1.0,69872190.0,7693108.159999998,2035230000.0,8.939781999999997,1656.0,514.0,387584.0,537534315046070.25,33.208890000000004,15.048835,107.6,34138.8
1024.0,4096000.0,256.0,64.0,2.0,6.0,32.0,2.0,4.0,6.0,4.0,5.0,2.0,2.0,4.0,1.0,6.0,6.0,5.0,2.0,1.0,3.0,1.0,6.0,2.0,4.0,6.0,6.0,6.0,2.0,1.0,3.0,2.0,4.0,1.0,48.0,8.0,1.0,1.0,1.0,1.0,1.0,1.0,1.0,6.0,5.0,2.0,6.0,6.0,4.0,3.0,6.0,1.0,6.0,6.0,1.0,2.0,5.0,3.0,2.0,2.0,1.0,1.0,2.0,1.0,1.0,128.0,1.0,2.0,32.0,1.0,1.0,1.0,1.0,1.0,5.0,5.0,4.0,3.0,5.0,5.0,3.0,3.0,5.0,3.0,2.0,6.0,4.0,2.0,1.0,6.0,1.0,2.0,1.0,1.0,128.0,64.0,1.0,64.0,64.0,1.0,1.0,1.0,1.0,4.0,4.0,5.0,3.0,4.0,6.0,3.0,1.0,6.0,6.0,2.0,1.0,6.0,1.0,6.0,3.0,4.0,4.0,16.0,8.0,1.0,4.0,1.0,1.0,1.0,1.0,1.0,1.0,1.0,1.0,3.0,5.0,4.0,2.0,6.0,1.0,5.0,2.0,1.0,1.0,2.0,1.0,1.0,1.0,3.0,5.0,6.0,4.0,256.0,128.0,1.0,4.0,4.0,1.0,1.0,1.0,1.0,1.0,1.0,1.0,4.0,4.0,5.0,3.0,2.0,4.0,5.0,2.0,6.0,6.0,5.0,6.0,3.0,6.0,4.0,3.0,3.0,6.0,1024.0,256.0,1.0,1.0,128.0,1.0,1.0,1.0,1.0,1.0,1.0,1.0,103047120.0,5669452.239999999,27457100.0,0.36002075,64.0,514.0,98304.0,584220725309548.8,20.0,9.9528355,107.6,16820.8
1024.0,1024000.0,256.0,64.0,2.0,28.0,2.0,22.0,1.0,6.0,6.0,2.0,6.0,4.0,4.0,1.0,3.0,5.0,6.0,2.0,3.0,4.0,3.0,1.0,1.0,1.0,1.0,4.0,3.0,6.0,6.0,3.0,1.0,1.0,1.0,256.0,8.0,1.0,1.0,1.0,1.0,1.0,1.0,1.0,6.0,2.0,4.0,2.0,2.0,1.0,2.0,2.0,2.0,2.0,5.0,5.0,6.0,5.0,6.0,6.0,6.0,3.0,32.0,4.0,1.0,2.0,16.0,1.0,16.0,64.0,1.0,1.0,1.0,1.0,3.0,2.0,6.0,5.0,5.0,1.0,6.0,1.0,6.0,6.0,4.0,2.0,6.0,1.0,2.0,4.0,6.0,2.0,1.0,16.0,1.0,8.0,128.0,1.0,32.0,1.0,1.0,1.0,1.0,1.0,3.0,6.0,6.0,5.0,1.0,3.0,6.0,2.0,3.0,3.0,6.0,3.0,1.0,4.0,2.0,2.0,3.0,5.0,1.0,128.0,1.0,1.0,16.0,1.0,1.0,1.0,1.0,1.0,1.0,1.0,5.0,3.0,1.0,5.0,5.0,2.0,6.0,1.0,2.0,1.0,2.0,5.0,1.0,6.0,4.0,4.0,1.0,4.0,32.0,2.0,1.0,16.0,1024.0,1.0,1.0,1.0,1.0,1.0,1.0,1.0,4.0,4.0,3.0,3.0,3.0,3.0,6.0,3.0,4.0,2.0,5.0,5.0,3.0,3.0,2.0,5.0,4.0,6.0,8.0,512.0,1.0,512.0,4.0,1.0,1.0,1.0,1.0,1.0,1.0,1.0,1239318678.0,10189425.18,18654600.0,0.21270834999999993,44.0,514.0,8832.0,1.2627944943657512e+16,14.0,3.8195622000000005,107.6,1052.2
1024000.0,64000.0,256.0,64.0,1.0,34.0,10.0,16.0,4.0,6.0,5.0,6.0,4.0,5.0,6.0,2.0,2.0,5.0,2.0,6.0,1.0,2.0,2.0,5.0,3.0,2.0,4.0,4.0,2.0,2.0,3.0,1.0,1.0,8.0,1.0,12.0,768.0,1.0,1.0,1.0,1.0,1.0,1.0,1.0,6.0,1.0,1.0,1.0,5.0,5.0,1.0,3.0,5.0,5.0,1.0,6.0,2.0,4.0,5.0,1.0,5.0,6.0,8.0,8.0,1.0,16.0,2.0,1.0,1.0,4.0,1.0,1.0,1.0,1.0,2.0,3.0,4.0,4.0,3.0,2.0,5.0,2.0,2.0,4.0,3.0,3.0,1.0,5.0,2.0,3.0,5.0,1.0,4.0,1.0,1.0,32.0,4.0,1.0,32.0,2.0,1.0,1.0,1.0,1.0,4.0,5.0,5.0,1.0,5.0,5.0,3.0,1.0,6.0,6.0,6.0,2.0,6.0,3.0,5.0,6.0,4.0,3.0,16.0,2.0,1.0,16.0,2.0,1.0,1.0,1.0,1.0,1.0,1.0,1.0,4.0,1.0,5.0,2.0,6.0,5.0,5.0,6.0,6.0,4.0,3.0,1.0,3.0,1.0,5.0,1.0,1.0,3.0,16.0,64.0,1.0,8.0,128.0,1.0,1.0,1.0,1.0,1.0,1.0,1.0,1.0,1.0,5.0,2.0,3.0,3.0,5.0,5.0,6.0,4.0,3.0,1.0,2.0,6.0,5.0,5.0,3.0,2.0,1024.0,16.0,1.0,128.0,8.0,1.0,1.0,1.0,1.0,1.0,1.0,1.0,157286520.0,15587366.399999999,7028500.0,0.08300563999999999,16.0,514.0,4384.0,2451682617020928.0,16.0,16.790639999999996,107.6,929.6
8192.0,4096000.0,256.0,64.0,1.0,10.0,18.0,10.0,2.0,6.0,5.0,6.0,6.0,6.0,1.0,5.0,5.0,2.0,1.0,4.0,2.0,1.0,2.0,2.0,4.0,5.0,6.0,6.0,1.0,5.0,4.0,2.0,64.0,128.0,1.0,8.0,16.0,1.0,1.0,1.0,1.0,1.0,1.0,1.0,2.0,5.0,3.0,2.0,2.0,5.0,4.0,6.0,1.0,4.0,3.0,3.0,5.0,5.0,1.0,1.0,2.0,1.0,64.0,16.0,1.0,128.0,8.0,1.0,8.0,32.0,1.0,1.0,1.0,1.0,4.0,2.0,5.0,5.0,5.0,1.0,2.0,1.0,2.0,4.0,4.0,5.0,6.0,5.0,6.0,3.0,2.0,5.0,1.0,32.0,1.0,16.0,128.0,1.0,32.0,1.0,1.0,1.0,1.0,1.0,4.0,3.0,2.0,3.0,1.0,4.0,1.0,1.0,4.0,3.0,2.0,1.0,4.0,3.0,3.0,4.0,4.0,2.0,128.0,1.0,1.0,16.0,32.0,1.0,1.0,1.0,1.0,1.0,1.0,1.0,5.0,2.0,6.0,2.0,3.0,1.0,2.0,6.0,3.0,5.0,4.0,1.0,6.0,4.0,3.0,3.0,1.0,4.0,64.0,256.0,1.0,4.0,1024.0,1.0,1.0,1.0,1.0,1.0,1.0,1.0,2.0,4.0,6.0,3.0,3.0,6.0,2.0,2.0,4.0,4.0,5.0,2.0,5.0,3.0,6.0,5.0,1.0,2.0,16.0,256.0,1.0,8.0,2.0,1.0,1.0,1.0,1.0,1.0,1.0,1.0,253624440.0,15107444.879999999,4641100.0,0.054293460000000016,10.0,514.0,2836.0,3831617247520867.0,9.859748499999997,9.860472499999998,107.6,600.8
128.0,256000.0,256.0,64.0,1.0,28.0,14.0,14.0,4.0,5.0,5.0,1.0,4.0,5.0,1.0,2.0,2.0,6.0,5.0,6.0,2.0,4.0,5.0,5.0,5.0,3.0,6.0,3.0,3.0,2.0,3.0,4.0,2.0,8.0,1.0,12.0,384.0,1.0,1.0,1.0,1.0,1.0,1.0,1.0,5.0,6.0,2.0,5.0,5.0,3.0,4.0,1.0,1.0,6.0,3.0,5.0,3.0,4.0,3.0,4.0,5.0,2.0,4.0,2.0,1.0,16.0,8.0,1.0,16.0,8.0,1.0,1.0,1.0,1.0,5.0,3.0,3.0,3.0,5.0,3.0,1.0,6.0,1.0,1.0,2.0,1.0,5.0,5.0,2.0,1.0,2.0,1.0,8.0,64.0,1.0,8.0,8.0,1.0,1.0,64.0,1.0,1.0,1.0,1.0,5.0,6.0,4.0,2.0,1.0,4.0,5.0,6.0,6.0,1.0,6.0,2.0,1.0,2.0,1.0,1.0,5.0,2.0,256.0,128.0,1.0,2.0,512.0,1.0,1.0,1.0,1.0,1.0,1.0,1.0,3.0,2.0,6.0,5.0,4.0,3.0,4.0,6.0,1.0,5.0,3.0,1.0,3.0,4.0,1.0,6.0,1.0,3.0,32.0,256.0,1.0,1.0,4.0,1.0,1.0,1.0,1.0,1.0,1.0,1.0,4.0,1.0,2.0,4.0,2.0,2.0,4.0,5.0,3.0,2.0,3.0,1.0,3.0,2.0,1.0,2.0,1.0,4.0,32.0,512.0,1.0,512.0,256.0,1.0,1.0,1.0,1.0,1.0,1.0,1.0,181665912.0,15238535.04,6228620.0,0.07343496,14.0,514.0,3868.0,2768322365585556.5,13.018560000000003,13.02228,107.6,820.0
256000.0,64000.0,256.0,64.0,1.0,2.0,20.0,40.0,4.0,6.0,4.0,1.0,2.0,4.0,4.0,6.0,1.0,5.0,5.0,5.0,2.0,2.0,3.0,2.0,1.0,1.0,6.0,5.0,2.0,4.0,5.0,5.0,16.0,8.0,1.0,48.0,512.0,1.0,1.0,1.0,1.0,1.0,1.0,1.0,1.0,3.0,1.0,4.0,3.0,3.0,4.0,5.0,1.0,4.0,3.0,6.0,2.0,2.0,1.0,1.0,5.0,5.0,2.0,16.0,1.0,32.0,2.0,1.0,128.0,16.0,1.0,1.0,1.0,1.0,3.0,5.0,6.0,2.0,4.0,5.0,1.0,3.0,2.0,5.0,3.0,4.0,1.0,4.0,2.0,3.0,4.0,5.0,1.0,128.0,1.0,1.0,16.0,1.0,1.0,8.0,1.0,1.0,1.0,1.0,3.0,3.0,4.0,1.0,6.0,4.0,6.0,5.0,4.0,6.0,5.0,1.0,4.0,5.0,6.0,2.0,3.0,2.0,128.0,2.0,1.0,8.0,8.0,1.0,1.0,1.0,1.0,1.0,1.0,1.0,4.0,6.0,6.0,2.0,2.0,6.0,2.0,3.0,6.0,5.0,6.0,1.0,1.0,4.0,2.0,1.0,5.0,1.0,256.0,1.0,1.0,16.0,1.0,1.0,1.0,1.0,1.0,1.0,1.0,1.0,5.0,6.0,4.0,5.0,5.0,1.0,6.0,1.0,1.0,3.0,5.0,1.0,2.0,4.0,5.0,6.0,6.0,5.0,2.0,2.0,1.0,1.0,128.0,1.0,1.0,1.0,1.0,1.0,1.0,1.0,64487544.0,15316233.840000004,16945000.0,0.1982834,40.0,514.0,10576.0,987706303671289.2,33.47691999999999,33.8746,107.6,2244.8
2048.0,128000.0,256.0,64.0,3.0,36.0,28.0,14.0,4.0,6.0,2.0,5.0,1.0,3.0,1.0,4.0,3.0,4.0,1.0,6.0,4.0,1.0,5.0,6.0,2.0,5.0,6.0,2.0,1.0,3.0,4.0,1.0,16.0,32.0,1.0,2.0,192.0,1.0,1.0,1.0,1.0,1.0,1.0,1.0,2.0,6.0,2.0,5.0,6.0,5.0,3.0,5.0,4.0,2.0,6.0,2.0,5.0,1.0,5.0,1.0,4.0,6.0,8.0,16.0,1.0,1.0,32.0,1.0,4.0,32.0,1.0,1.0,1.0,1.0,4.0,1.0,3.0,5.0,2.0,4.0,6.0,3.0,2.0,4.0,4.0,2.0,4.0,1.0,5.0,2.0,6.0,4.0,2.0,1.0,1.0,1.0,64.0,1.0,1.0,8.0,1.0,1.0,1.0,1.0,5.0,5.0,1.0,4.0,3.0,3.0,1.0,3.0,3.0,1.0,5.0,4.0,2.0,4.0,4.0,4.0,4.0,6.0,128.0,128.0,1.0,1.0,64.0,1.0,1.0,1.0,1.0,1.0,1.0,1.0,1.0,1.0,6.0,1.0,4.0,6.0,1.0,4.0,3.0,1.0,1.0,6.0,6.0,2.0,4.0,1.0,6.0,2.0,256.0,8.0,1.0,16.0,8.0,1.0,1.0,1.0,1.0,1.0,1.0,1.0,6.0,3.0,5.0,4.0,3.0,3.0,4.0,1.0,6.0,3.0,5.0,5.0,1.0,5.0,4.0,5.0,1.0,6.0,16.0,4.0,1.0,512.0,4.0,1.0,1.0,1.0,1.0,1.0,1.0,1.0,269566584.0,4259704.14,106916000000.0,152.40460000000002,14112.0,514.0,507904.0,1148273893870457.8,34.919999999999995,0.729297,107.6,74560.0
2048000.0,32000000.0,256.0,64.0,3.0,38.0,16.0,24.0,3.0,3.0,1.0,2.0,4.0,3.0,3.0,3.0,1.0,1.0,6.0,6.0,3.0,2.0,2.0,6.0,4.0,4.0,4.0,1.0,6.0,1.0,6.0,1.0,512.0,2.0,1.0,48.0,192.0,1.0,1.0,1.0,1.0,1.0,1.0,1.0,5.0,4.0,1.0,6.0,6.0,4.0,3.0,4.0,2.0,5.0,2.0,3.0,1.0,5.0,6.0,1.0,5.0,4.0,16.0,16.0,1.0,32.0,4.0,1.0,4.0,2.0,1.0,1.0,1.0,1.0,2.0,5.0,6.0,4.0,6.0,2.0,1.0,1.0,5.0,3.0,6.0,3.0,5.0,3.0,3.0,2.0,4.0,4.0,1.0,2.0,1.0,1.0,32.0,1.0,64.0,16.0,1.0,1.0,1.0,1.0,2.0,5.0,2.0,3.0,6.0,3.0,5.0,4.0,5.0,5.0,2.0,2.0,2.0,4.0,4.0,1.0,5.0,6.0,16.0,256.0,1.0,64.0,8.0,1.0,1.0,1.0,1.0,1.0,1.0,1.0,6.0,6.0,3.0,4.0,4.0,2.0,2.0,6.0,4.0,2.0,3.0,2.0,2.0,2.0,6.0,5.0,5.0,6.0,32.0,16.0,1.0,2048.0,2048.0,1.0,1.0,1.0,1.0,1.0,1.0,1.0,1.0,2.0,4.0,6.0,1.0,3.0,6.0,6.0,2.0,5.0,5.0,6.0,3.0,4.0,4.0,1.0,3.0,1.0,512.0,2.0,1.0,16.0,1.0,1.0,1.0,1.0,1.0,1.0,1.0,1.0,110399712.0,4322285.040000001,114122000000.0,160.62460000000002,14592.0,514.0,663552.0,477179023597908.56,31.181395,0.8339844,107.6,67686.4
2048.0,256000.0,256.0,64.0,2.0,6.0,36.0,24.0,5.0,1.0,3.0,5.0,5.0,3.0,4.0,5.0,1.0,5.0,4.0,1.0,6.0,2.0,6.0,6.0,3.0,4.0,1.0,3.0,1.0,6.0,1.0,6.0,32.0,256.0,1.0,64.0,2.0,1.0,1.0,1.0,1.0,1.0,1.0,1.0,6.0,1.0,6.0,5.0,5.0,6.0,6.0,5.0,6.0,6.0,2.0,1.0,5.0,6.0,4.0,4.0,5.0,1.0,16.0,32.0,1.0,64.0,1.0,1.0,8.0,64.0,1.0,1.0,1.0,1.0,6.0,3.0,5.0,4.0,5.0,2.0,6.0,4.0,6.0,1.0,3.0,6.0,5.0,2.0,6.0,5.0,1.0,1.0,2.0,128.0,1.0,8.0,4.0,1.0,16.0,16.0,1.0,1.0,1.0,1.0,2.0,5.0,3.0,6.0,1.0,5.0,4.0,5.0,6.0,5.0,5.0,5.0,4.0,1.0,4.0,2.0,5.0,3.0,128.0,2.0,1.0,32.0,4.0,1.0,1.0,1.0,1.0,1.0,1.0,1.0,6.0,1.0,1.0,4.0,6.0,4.0,5.0,4.0,1.0,1.0,5.0,3.0,6.0,4.0,5.0,6.0,1.0,6.0,32.0,1.0,1.0,2.0,512.0,1.0,1.0,1.0,1.0,1.0,1.0,1.0,1.0,3.0,4.0,4.0,6.0,4.0,3.0,6.0,5.0,1.0,1.0,1.0,1.0,1.0,4.0,1.0,4.0,5.0,256.0,4.0,1.0,256.0,128.0,1.0,1.0,1.0,1.0,1.0,1.0,1.0,105598950.0,4302683.24,713492000.0,4.358153999999999,864.0,514.0,133632.0,454358832326598.0,20.21333,1.5145707000000002,107.6,15172.0
256000.0,256000.0,256.0,64.0,1.0,10.0,46.0,34.0,1.0,2.0,4.0,5.0,3.0,6.0,2.0,2.0,6.0,2.0,6.0,1.0,4.0,3.0,1.0,5.0,1.0,5.0,2.0,1.0,5.0,6.0,1.0,6.0,32.0,8.0,1.0,96.0,128.0,1.0,1.0,1.0,1.0,1.0,1.0,1.0,6.0,4.0,2.0,1.0,3.0,6.0,5.0,2.0,6.0,2.0,4.0,5.0,3.0,5.0,4.0,3.0,4.0,1.0,64.0,2.0,1.0,4.0,64.0,1.0,8.0,64.0,1.0,1.0,1.0,1.0,2.0,5.0,5.0,6.0,5.0,1.0,3.0,1.0,5.0,5.0,2.0,6.0,4.0,3.0,6.0,4.0,4.0,5.0,64.0,16.0,1.0,32.0,32.0,1.0,64.0,16.0,1.0,1.0,1.0,1.0,6.0,4.0,5.0,2.0,6.0,4.0,2.0,3.0,3.0,2.0,4.0,4.0,4.0,2.0,4.0,5.0,4.0,6.0,32.0,1.0,1.0,1.0,8.0,1.0,1.0,1.0,1.0,1.0,1.0,1.0,5.0,2.0,2.0,3.0,1.0,1.0,4.0,4.0,1.0,3.0,6.0,4.0,3.0,4.0,3.0,1.0,5.0,1.0,4.0,1.0,1.0,16.0,128.0,1.0,1.0,1.0,1.0,1.0,1.0,1.0,5.0,1.0,2.0,5.0,4.0,3.0,4.0,4.0,2.0,3.0,6.0,1.0,1.0,5.0,6.0,1.0,5.0,4.0,128.0,1024.0,1.0,64.0,512.0,1.0,1.0,1.0,1.0,1.0,1.0,1.0,2516582520.0,23063954.4,14410000.0,0.1631262,34.0,514.0,514.0,5.804234448511709e+16,1.0,1.397633,107.6,107.6
64000.0,2048000.0,256.0,64.0,3.0,34.0,30.0,18.0,5.0,5.0,5.0,6.0,1.0,1.0,3.0,1.0,6.0,3.0,1.0,3.0,4.0,5.0,2.0,2.0,6.0,2.0,3.0,1.0,5.0,3.0,4.0,6.0,4.0,2.0,1.0,1.0,6.0,1.0,1.0,1.0,1.0,1.0,1.0,1.0,1.0,4.0,4.0,6.0,6.0,6.0,4.0,2.0,5.0,3.0,2.0,2.0,4.0,5.0,4.0,1.0,4.0,3.0,32.0,1.0,1.0,4.0,1.0,1.0,16.0,4.0,1.0,1.0,1.0,1.0,4.0,1.0,4.0,1.0,6.0,1.0,4.0,4.0,1.0,4.0,4.0,2.0,1.0,6.0,1.0,5.0,6.0,2.0,32.0,4.0,1.0,1.0,8.0,1.0,16.0,32.0,1.0,1.0,1.0,1.0,5.0,4.0,5.0,5.0,2.0,5.0,5.0,2.0,6.0,2.0,4.0,5.0,2.0,2.0,6.0,6.0,1.0,4.0,256.0,8.0,1.0,512.0,16.0,1.0,1.0,1.0,1.0,1.0,1.0,1.0,6.0,3.0,6.0,5.0,4.0,2.0,4.0,4.0,1.0,3.0,4.0,5.0,2.0,6.0,2.0,5.0,1.0,2.0,256.0,256.0,1.0,2.0,512.0,1.0,1.0,1.0,1.0,1.0,1.0,1.0,4.0,1.0,5.0,5.0,2.0,5.0,3.0,6.0,3.0,3.0,2.0,3.0,2.0,3.0,4.0,6.0,4.0,4.0,64.0,8.0,1.0,256.0,128.0,1.0,1.0,1.0,1.0,1.0,1.0,1.0,723910278.0,4686413.4399999995,178846000000.0,232.30055,18360.0,514.0,458752.0,3392542856173336.0,29.0,1.6982890000000002,107.6,53532.0
512000.0,16000.0,256.0,64.0,3.0,30.0,12.0,8.0,3.0,1.0,1.0,4.0,3.0,4.0,4.0,6.0,1.0,3.0,5.0,3.0,2.0,1.0,4.0,6.0,3.0,1.0,1.0,6.0,5.0,2.0,5.0,5.0,128.0,4.0,1.0,24.0,16.0,1.0,1.0,1.0,1.0,1.0,1.0,1.0,6.0,6.0,5.0,3.0,3.0,5.0,3.0,5.0,2.0,6.0,1.0,4.0,3.0,5.0,6.0,3.0,5.0,5.0,4.0,2.0,1.0,64.0,16.0,1.0,64.0,128.0,1.0,1.0,1.0,1.0,5.0,6.0,2.0,1.0,2.0,1.0,5.0,3.0,1.0,4.0,2.0,4.0,2.0,5.0,1.0,6.0,4.0,5.0,1.0,4.0,1.0,16.0,32.0,1.0,2.0,8.0,1.0,1.0,1.0,1.0,4.0,4.0,2.0,1.0,1.0,4.0,6.0,4.0,2.0,6.0,6.0,4.0,4.0,6.0,5.0,2.0,5.0,4.0,512.0,2.0,1.0,32.0,128.0,1.0,1.0,1.0,1.0,1.0,1.0,1.0,4.0,6.0,5.0,5.0,3.0,3.0,5.0,6.0,6.0,4.0,6.0,2.0,3.0,1.0,4.0,1.0,2.0,5.0,32.0,4.0,1.0,4.0,16.0,1.0,1.0,1.0,1.0,1.0,1.0,1.0,4.0,1.0,4.0,3.0,1.0,5.0,4.0,1.0,4.0,1.0,3.0,5.0,2.0,5.0,2.0,6.0,5.0,6.0,64.0,4.0,1.0,8.0,64.0,1.0,1.0,1.0,1.0,1.0,1.0,1.0,733620804.0,4494599.48,5335370000.0,16.976580000000002,2880.0,514.0,294912.0,3297331684175582.0,1.9,0.29411613999999997,107.6,27212.8
8192.0,1024000.0,256.0,64.0,1.0,2.0,36.0,30.0,2.0,1.0,1.0,2.0,5.0,6.0,4.0,4.0,2.0,4.0,6.0,1.0,5.0,4.0,3.0,2.0,1.0,1.0,2.0,1.0,5.0,3.0,3.0,3.0,32.0,4.0,1.0,256.0,24.0,1.0,1.0,1.0,1.0,1.0,1.0,1.0,2.0,4.0,2.0,5.0,4.0,1.0,2.0,5.0,5.0,6.0,3.0,1.0,3.0,3.0,4.0,6.0,4.0,5.0,1.0,1.0,1.0,32.0,64.0,1.0,32.0,2.0,1.0,1.0,1.0,1.0,4.0,2.0,1.0,2.0,5.0,1.0,4.0,4.0,4.0,3.0,1.0,1.0,4.0,5.0,5.0,6.0,6.0,6.0,32.0,1.0,1.0,64.0,64.0,1.0,8.0,32.0,1.0,1.0,1.0,1.0,2.0,3.0,5.0,1.0,5.0,6.0,6.0,5.0,6.0,4.0,3.0,2.0,2.0,2.0,3.0,5.0,4.0,5.0,64.0,128.0,1.0,16.0,64.0,1.0,1.0,1.0,1.0,1.0,1.0,1.0,5.0,5.0,2.0,1.0,6.0,1.0,2.0,5.0,6.0,4.0,4.0,5.0,2.0,3.0,6.0,1.0,5.0,3.0,64.0,32.0,1.0,512.0,128.0,1.0,1.0,1.0,1.0,1.0,1.0,1.0,3.0,3.0,5.0,1.0,3.0,3.0,1.0,1.0,2.0,1.0,6.0,3.0,2.0,3.0,5.0,4.0,6.0,6.0,2.0,2048.0,1.0,8.0,16.0,1.0,1.0,1.0,1.0,1.0,1.0,1.0,2516582520.0,23065773.6,12741000.0,0.1446212,30.0,514.0,514.0,5.804692265203747e+16,1.0,1.400733,107.6,107.6
512.0,2048000.0,256.0,64.0,3.0,12.0,36.0,46.0,4.0,3.0,1.0,6.0,5.0,1.0,5.0,1.0,1.0,2.0,4.0,3.0,5.0,3.0,2.0,3.0,3.0,4.0,3.0,2.0,1.0,4.0,3.0,5.0,8.0,256.0,1.0,8.0,48.0,1.0,1.0,1.0,1.0,1.0,1.0,1.0,2.0,3.0,6.0,6.0,6.0,2.0,1.0,2.0,2.0,1.0,4.0,4.0,3.0,5.0,6.0,2.0,3.0,5.0,16.0,8.0,1.0,2.0,128.0,1.0,1.0,8.0,1.0,1.0,1.0,1.0,4.0,4.0,1.0,1.0,4.0,4.0,2.0,2.0,3.0,2.0,1.0,4.0,4.0,1.0,4.0,3.0,3.0,1.0,32.0,1.0,1.0,64.0,2.0,1.0,4.0,8.0,1.0,1.0,1.0,1.0,3.0,4.0,3.0,1.0,6.0,4.0,6.0,3.0,2.0,5.0,6.0,4.0,1.0,2.0,3.0,1.0,2.0,4.0,1.0,512.0,1.0,4.0,2.0,1.0,1.0,1.0,1.0,1.0,1.0,1.0,2.0,2.0,4.0,3.0,1.0,1.0,2.0,4.0,1.0,5.0,4.0,3.0,1.0,6.0,3.0,5.0,3.0,5.0,64.0,16.0,1.0,128.0,32.0,1.0,1.0,1.0,1.0,1.0,1.0,1.0,3.0,5.0,1.0,5.0,2.0,3.0,1.0,6.0,6.0,2.0,3.0,6.0,2.0,5.0,1.0,3.0,1.0,6.0,2048.0,1024.0,1.0,64.0,128.0,1.0,1.0,1.0,1.0,1.0,1.0,1.0,412623024.0,4002532.94,208886000000.0,264.65040000000005,19872.0,514.0,1081344.0,1651537245362410.5,7.076085000000001,0.25703125,107.6,74086.4
1024000.0,8192000.0,256.0,64.0,2.0,38.0,48.0,8.0,5.0,4.0,2.0,4.0,3.0,4.0,4.0,6.0,4.0,5.0,5.0,2.0,5.0,3.0,4.0,1.0,4.0,4.0,2.0,2.0,4.0,6.0,4.0,6.0,8.0,512.0,1.0,768.0,96.0,1.0,1.0,1.0,1.0,1.0,1.0,1.0,6.0,1.0,5.0,4.0,3.0,4.0,4.0,6.0,6.0,3.0,5.0,5.0,5.0,6.0,5.0,4.0,1.0,1.0,16.0,1.0,1.0,16.0,16.0,1.0,8.0,128.0,1.0,1.0,1.0,1.0,1.0,1.0,6.0,4.0,5.0,1.0,6.0,2.0,4.0,1.0,3.0,1.0,3.0,4.0,1.0,3.0,5.0,3.0,1.0,2.0,1.0,1.0,2.0,1.0,4.0,64.0,1.0,1.0,1.0,1.0,1.0,1.0,5.0,3.0,6.0,4.0,2.0,1.0,6.0,4.0,4.0,1.0,3.0,1.0,5.0,1.0,5.0,5.0,256.0,32.0,1.0,512.0,8.0,1.0,1.0,1.0,1.0,1.0,1.0,1.0,2.0,1.0,6.0,3.0,3.0,4.0,5.0,5.0,5.0,2.0,5.0,2.0,1.0,3.0,5.0,1.0,2.0,1.0,16.0,16.0,1.0,16.0,4.0,1.0,1.0,1.0,1.0,1.0,1.0,1.0,2.0,3.0,5.0,3.0,4.0,3.0,5.0,2.0,1.0,1.0,2.0,2.0,5.0,6.0,5.0,3.0,5.0,4.0,1.0,8.0,1.0,32.0,1.0,1.0,1.0,1.0,1.0,1.0,1.0,1.0,28969014.0,4069174.3400000003,223604000.0,1.924389,384.0,514.0,196608.0,117879968423900.77,147.448075,13.111397,107.6,25556.8
128.0,16000000.0,256.0,64.0,2.0,10.0,22.0,24.0,1.0,6.0,4.0,4.0,3.0,3.0,1.0,3.0,2.0,3.0,1.0,4.0,6.0,1.0,3.0,3.0,6.0,5.0,2.0,6.0,3.0,4.0,4.0,1.0,512.0,128.0,1.0,6.0,2.0,1.0,1.0,1.0,1.0,1.0,1.0,1.0,5.0,1.0,3.0,6.0,6.0,6.0,1.0,4.0,4.0,3.0,3.0,6.0,4.0,4.0,2.0,1.0,6.0,1.0,64.0,2.0,1.0,64.0,16.0,1.0,128.0,64.0,1.0,1.0,1.0,1.0,3.0,1.0,1.0,3.0,2.0,1.0,6.0,3.0,5.0,6.0,4.0,2.0,2.0,5.0,4.0,3.0,1.0,3.0,8.0,64.0,1.0,64.0,128.0,1.0,1.0,4.0,1.0,1.0,1.0,1.0,2.0,1.0,2.0,2.0,5.0,5.0,2.0,3.0,3.0,3.0,5.0,3.0,3.0,2.0,6.0,2.0,6.0,6.0,4.0,8.0,1.0,64.0,4.0,1.0,1.0,1.0,1.0,1.0,1.0,1.0,1.0,6.0,1.0,6.0,2.0,5.0,4.0,3.0,3.0,4.0,5.0,5.0,5.0,4.0,3.0,3.0,2.0,1.0,4.0,1.0,1.0,1024.0,1024.0,1.0,1.0,1.0,1.0,1.0,1.0,1.0,1.0,1.0,5.0,6.0,6.0,4.0,3.0,4.0,2.0,5.0,1.0,6.0,5.0,3.0,5.0,5.0,5.0,1.0,2.0,1.0,1.0,64.0,8.0,1.0,1.0,1.0,1.0,1.0,1.0,1.0,502969494.0,9415518.76,345923000.0,2.647337999999999,528.0,514.0,266496.0,4735718706464707.0,72.397275,30.98291515,107.6,26504.0
2048.0,512000.0,256.0,64.0,2.0,6.0,26.0,16.0,2.0,1.0,2.0,1.0,1.0,2.0,5.0,4.0,4.0,2.0,4.0,5.0,1.0,4.0,4.0,1.0,1.0,2.0,3.0,5.0,3.0,4.0,4.0,3.0,1.0,256.0,1.0,4.0,24.0,1.0,1.0,1.0,1.0,1.0,1.0,1.0,3.0,6.0,3.0,5.0,5.0,2.0,1.0,5.0,5.0,2.0,1.0,6.0,1.0,1.0,5.0,2.0,5.0,2.0,16.0,8.0,1.0,4.0,32.0,1.0,32.0,128.0,1.0,1.0,1.0,1.0,4.0,1.0,2.0,1.0,5.0,4.0,4.0,6.0,1.0,5.0,2.0,4.0,1.0,2.0,4.0,4.0,5.0,2.0,1.0,16.0,1.0,2.0,1.0,1.0,64.0,1.0,1.0,1.0,1.0,1.0,3.0,2.0,1.0,5.0,4.0,1.0,4.0,3.0,5.0,4.0,2.0,3.0,5.0,1.0,3.0,2.0,2.0,3.0,4.0,32.0,1.0,128.0,256.0,1.0,1.0,1.0,1.0,1.0,1.0,1.0,3.0,1.0,2.0,2.0,3.0,3.0,3.0,6.0,2.0,3.0,5.0,2.0,3.0,4.0,3.0,4.0,1.0,4.0,1.0,4.0,1.0,256.0,256.0,1.0,1.0,1.0,1.0,1.0,1.0,1.0,6.0,3.0,1.0,2.0,3.0,1.0,2.0,2.0,4.0,2.0,2.0,2.0,5.0,4.0,5.0,1.0,4.0,6.0,2048.0,256.0,1.0,64.0,4.0,1.0,1.0,1.0,1.0,1.0,1.0,1.0,167965062.0,5098839.84,248994000.0,2.1258275,416.0,514.0,541696.0,856426949853670.0,65.68,14.264403625,107.6,38043.2
1024000.0,4096000.0,256.0,64.0,2.0,4.0,12.0,32.0,3.0,2.0,1.0,6.0,1.0,4.0,3.0,3.0,3.0,6.0,2.0,5.0,2.0,5.0,1.0,4.0,2.0,6.0,6.0,1.0,2.0,5.0,6.0,5.0,256.0,2.0,1.0,4.0,96.0,1.0,1.0,1.0,1.0,1.0,1.0,1.0,2.0,2.0,6.0,1.0,2.0,1.0,6.0,1.0,3.0,5.0,4.0,4.0,3.0,3.0,1.0,6.0,2.0,4.0,8.0,2.0,1.0,16.0,2.0,1.0,32.0,4.0,1.0,1.0,1.0,1.0,2.0,2.0,6.0,2.0,5.0,6.0,3.0,3.0,1.0,2.0,6.0,5.0,4.0,5.0,5.0,2.0,4.0,6.0,64.0,4.0,1.0,16.0,16.0,1.0,16.0,2.0,1.0,1.0,1.0,1.0,5.0,6.0,4.0,1.0,2.0,1.0,5.0,6.0,5.0,1.0,2.0,1.0,2.0,2.0,2.0,4.0,6.0,5.0,512.0,16.0,1.0,512.0,4.0,1.0,1.0,1.0,1.0,1.0,1.0,1.0,6.0,6.0,4.0,3.0,3.0,2.0,1.0,4.0,5.0,3.0,5.0,2.0,4.0,5.0,5.0,4.0,3.0,4.0,2.0,512.0,1.0,16.0,32.0,1.0,1.0,1.0,1.0,1.0,1.0,1.0,4.0,5.0,2.0,5.0,1.0,3.0,2.0,2.0,4.0,2.0,1.0,4.0,6.0,4.0,4.0,5.0,6.0,5.0,512.0,2.0,1.0,2.0,32.0,1.0,1.0,1.0,1.0,1.0,1.0,1.0,2522505402.0,10074173.98,223584000.0,1.8387204999999998,384.0,514.0,5248.0,2.541215828523784e+16,1.0,0.37792074999999997,107.6,724.4
2048000.0,4096000.0,256.0,64.0,3.0,4.0,12.0,6.0,6.0,5.0,1.0,1.0,1.0,5.0,2.0,3.0,4.0,3.0,3.0,3.0,3.0,6.0,2.0,6.0,1.0,4.0,5.0,3.0,1.0,1.0,6.0,5.0,16.0,32.0,1.0,6.0,12.0,1.0,1.0,1.0,1.0,1.0,1.0,1.0,6.0,2.0,5.0,3.0,2.0,4.0,6.0,6.0,1.0,2.0,3.0,6.0,4.0,6.0,3.0,3.0,2.0,3.0,8.0,4.0,1.0,64.0,8.0,1.0,4.0,4.0,1.0,1.0,1.0,1.0,3.0,1.0,2.0,5.0,4.0,4.0,4.0,6.0,1.0,4.0,1.0,3.0,3.0,6.0,4.0,3.0,1.0,1.0,16.0,16.0,1.0,1.0,64.0,1.0,2.0,64.0,1.0,1.0,1.0,1.0,5.0,5.0,1.0,2.0,5.0,4.0,4.0,1.0,6.0,5.0,4.0,1.0,3.0,2.0,4.0,6.0,5.0,1.0,1.0,32.0,1.0,256.0,1.0,1.0,1.0,1.0,1.0,1.0,1.0,1.0,2.0,1.0,5.0,5.0,5.0,3.0,2.0,1.0,2.0,3.0,2.0,3.0,5.0,5.0,5.0,6.0,2.0,4.0,8.0,1.0,1.0,1024.0,16.0,1.0,1.0,1.0,1.0,1.0,1.0,1.0,5.0,1.0,1.0,6.0,1.0,3.0,1.0,5.0,4.0,5.0,1.0,3.0,5.0,4.0,4.0,3.0,4.0,2.0,16.0,8.0,1.0,16.0,8.0,1.0,1.0,1.0,1.0,1.0,1.0,1.0,202299516.0,4294590.8,153819000.0,1.5039569999999995,288.0,514.0,335872.0,868793640258052.8,35.12729,2.1160136499999993,107.6,39833.6
16000.0,16000.0,256.0,64.0,1.0,14.0,28.0,10.0,1.0,6.0,4.0,1.0,1.0,2.0,4.0,2.0,1.0,4.0,4.0,1.0,5.0,4.0,6.0,3.0,4.0,3.0,3.0,5.0,4.0,4.0,3.0,1.0,8.0,64.0,1.0,2.0,768.0,1.0,1.0,1.0,1.0,1.0,1.0,1.0,5.0,3.0,3.0,2.0,6.0,4.0,6.0,6.0,3.0,5.0,5.0,4.0,5.0,5.0,1.0,2.0,5.0,2.0,32.0,4.0,1.0,16.0,1.0,1.0,16.0,4.0,1.0,1.0,1.0,1.0,4.0,3.0,6.0,4.0,6.0,1.0,3.0,4.0,6.0,2.0,6.0,1.0,5.0,3.0,5.0,3.0,5.0,2.0,1.0,2.0,1.0,64.0,4.0,1.0,8.0,64.0,1.0,1.0,1.0,1.0,5.0,1.0,2.0,5.0,6.0,1.0,3.0,1.0,3.0,4.0,2.0,4.0,6.0,3.0,6.0,1.0,4.0,4.0,32.0,128.0,1.0,512.0,512.0,1.0,1.0,1.0,1.0,1.0,1.0,1.0,3.0,5.0,2.0,1.0,4.0,4.0,6.0,4.0,1.0,6.0,1.0,2.0,6.0,5.0,4.0,3.0,1.0,5.0,256.0,8.0,1.0,2048.0,4.0,1.0,1.0,1.0,1.0,1.0,1.0,1.0,4.0,3.0,1.0,2.0,2.0,4.0,1.0,4.0,4.0,1.0,4.0,3.0,3.0,5.0,5.0,5.0,4.0,5.0,4.0,512.0,1.0,512.0,64.0,1.0,1.0,1.0,1.0,1.0,1.0,1.0,253624440.0,15761810.879999999,4641100.0,0.054293460000000016,10.0,514.0,2836.0,3997580457825907.0,9.859748499999997,9.860472499999998,107.6,600.8
256.0,512000.0,256.0,64.0,2.0,48.0,34.0,14.0,6.0,2.0,4.0,4.0,5.0,1.0,2.0,1.0,6.0,3.0,4.0,5.0,6.0,6.0,3.0,1.0,2.0,3.0,1.0,2.0,2.0,2.0,4.0,1.0,8.0,2.0,1.0,1536.0,24.0,1.0,1.0,1.0,1.0,1.0,1.0,1.0,3.0,3.0,5.0,6.0,5.0,3.0,3.0,2.0,3.0,1.0,2.0,2.0,6.0,1.0,4.0,1.0,5.0,4.0,4.0,64.0,1.0,16.0,16.0,1.0,128.0,32.0,1.0,1.0,1.0,1.0,4.0,4.0,5.0,3.0,4.0,1.0,1.0,1.0,2.0,4.0,5.0,1.0,2.0,3.0,5.0,2.0,6.0,3.0,1.0,1.0,1.0,64.0,128.0,1.0,64.0,8.0,1.0,1.0,1.0,1.0,2.0,6.0,4.0,6.0,6.0,3.0,6.0,3.0,6.0,1.0,2.0,6.0,1.0,1.0,1.0,3.0,3.0,2.0,32.0,4.0,1.0,16.0,32.0,1.0,1.0,1.0,1.0,1.0,1.0,1.0,2.0,5.0,1.0,3.0,3.0,6.0,5.0,3.0,2.0,4.0,6.0,5.0,2.0,3.0,6.0,6.0,3.0,2.0,32.0,256.0,1.0,32.0,512.0,1.0,1.0,1.0,1.0,1.0,1.0,1.0,6.0,1.0,3.0,4.0,2.0,6.0,6.0,3.0,1.0,5.0,5.0,2.0,3.0,1.0,4.0,6.0,1.0,1.0,512.0,64.0,1.0,16.0,1.0,1.0,1.0,1.0,1.0,1.0,1.0,1.0,105403668.0,3985495.84,299344000.0,2.4449365000000003,476.0,514.0,528640.0,420085880334741.1,24.8,1.74882815,107.6,43772.8
32000.0,16000.0,256.0,64.0,1.0,32.0,28.0,26.0,4.0,6.0,4.0,4.0,2.0,6.0,2.0,2.0,1.0,2.0,2.0,4.0,1.0,1.0,5.0,5.0,2.0,4.0,6.0,1.0,3.0,6.0,5.0,1.0,2.0,2.0,1.0,4.0,24.0,1.0,1.0,1.0,1.0,1.0,1.0,1.0,1.0,2.0,4.0,1.0,1.0,3.0,2.0,4.0,6.0,4.0,6.0,4.0,1.0,1.0,4.0,6.0,3.0,4.0,32.0,1.0,1.0,1.0,2.0,1.0,1.0,32.0,1.0,1.0,1.0,1.0,1.0,4.0,5.0,4.0,1.0,3.0,1.0,3.0,1.0,1.0,4.0,1.0,4.0,6.0,4.0,2.0,2.0,6.0,8.0,64.0,1.0,1.0,16.0,1.0,1.0,1.0,1.0,1.0,1.0,1.0,3.0,2.0,5.0,3.0,5.0,5.0,6.0,1.0,6.0,6.0,5.0,1.0,5.0,6.0,2.0,6.0,2.0,6.0,8.0,2.0,1.0,2.0,256.0,1.0,1.0,1.0,1.0,1.0,1.0,1.0,2.0,3.0,2.0,1.0,6.0,6.0,5.0,4.0,5.0,3.0,4.0,6.0,4.0,4.0,3.0,3.0,4.0,2.0,256.0,1.0,1.0,64.0,256.0,1.0,1.0,1.0,1.0,1.0,1.0,1.0,5.0,4.0,2.0,5.0,5.0,2.0,4.0,1.0,4.0,6.0,2.0,4.0,2.0,2.0,5.0,1.0,6.0,4.0,16.0,1024.0,1.0,32.0,2.0,1.0,1.0,1.0,1.0,1.0,1.0,1.0,97910904.0,15146886.239999998,11089000.0,0.13085939999999996,26.0,514.0,6964.0,1483045324543560.8,25.616205000000004,25.701165,107.6,1477.6
16000.0,128000.0,256.0,64.0,1.0,18.0,30.0,48.0,5.0,2.0,5.0,5.0,1.0,6.0,2.0,3.0,6.0,3.0,1.0,2.0,6.0,6.0,2.0,4.0,5.0,5.0,1.0,6.0,2.0,6.0,5.0,1.0,8.0,2.0,1.0,24.0,256.0,1.0,1.0,1.0,1.0,1.0,1.0,1.0,4.0,3.0,3.0,5.0,6.0,5.0,6.0,3.0,4.0,2.0,1.0,3.0,2.0,3.0,1.0,3.0,3.0,5.0,64.0,32.0,1.0,128.0,2.0,1.0,2.0,16.0,1.0,1.0,1.0,1.0,5.0,6.0,2.0,6.0,3.0,1.0,1.0,5.0,5.0,1.0,5.0,3.0,4.0,5.0,5.0,1.0,4.0,3.0,4.0,16.0,1.0,16.0,32.0,1.0,4.0,16.0,1.0,1.0,1.0,1.0,5.0,4.0,1.0,4.0,3.0,3.0,1.0,2.0,4.0,4.0,6.0,4.0,5.0,4.0,2.0,6.0,5.0,2.0,16.0,2.0,1.0,256.0,1.0,1.0,1.0,1.0,1.0,1.0,1.0,1.0,1.0,4.0,1.0,4.0,4.0,1.0,3.0,3.0,5.0,1.0,5.0,1.0,3.0,4.0,1.0,5.0,4.0,1.0,64.0,128.0,1.0,1024.0,256.0,1.0,1.0,1.0,1.0,1.0,1.0,1.0,4.0,3.0,1.0,5.0,6.0,6.0,6.0,1.0,3.0,3.0,1.0,6.0,3.0,1.0,5.0,4.0,4.0,3.0,32.0,512.0,1.0,32.0,1.0,1.0,1.0,1.0,1.0,1.0,1.0,1.0,2516582520.0,22128087.6,20379700.0,0.2280036,48.0,514.0,514.0,5.568715845518875e+16,1.0,1.400733,107.6,107.6
8192.0,32000.0,256.0,64.0,2.0,46.0,44.0,40.0,1.0,2.0,1.0,5.0,3.0,6.0,4.0,3.0,6.0,4.0,2.0,5.0,5.0,1.0,4.0,2.0,4.0,5.0,2.0,3.0,3.0,4.0,6.0,2.0,1.0,32.0,1.0,48.0,3.0,1.0,1.0,1.0,1.0,1.0,1.0,1.0,2.0,4.0,1.0,4.0,4.0,1.0,1.0,2.0,2.0,3.0,4.0,5.0,2.0,1.0,3.0,4.0,4.0,3.0,64.0,8.0,1.0,4.0,128.0,1.0,4.0,128.0,1.0,1.0,1.0,1.0,4.0,2.0,2.0,4.0,3.0,6.0,3.0,1.0,4.0,1.0,3.0,6.0,2.0,5.0,6.0,1.0,3.0,4.0,16.0,1.0,1.0,32.0,4.0,1.0,2.0,4.0,1.0,1.0,1.0,1.0,3.0,4.0,1.0,3.0,3.0,2.0,3.0,5.0,1.0,1.0,3.0,6.0,5.0,3.0,1.0,5.0,5.0,3.0,64.0,8.0,1.0,16.0,8.0,1.0,1.0,1.0,1.0,1.0,1.0,1.0,6.0,4.0,5.0,3.0,4.0,4.0,5.0,3.0,6.0,3.0,2.0,6.0,5.0,5.0,5.0,5.0,5.0,4.0,32.0,32.0,1.0,4.0,256.0,1.0,1.0,1.0,1.0,1.0,1.0,1.0,1.0,6.0,5.0,6.0,2.0,3.0,1.0,2.0,6.0,2.0,3.0,3.0,1.0,4.0,4.0,1.0,1.0,1.0,64.0,128.0,1.0,64.0,128.0,1.0,1.0,1.0,1.0,1.0,1.0,1.0,2524915722.0,7372705.619999999,2256240000.0,9.46573,1760.0,514.0,40960.0,1.8615460333615756e+16,1.0,0.6004129149999999,107.6,2859.5
512.0,256000.0,256.0,64.0,2.0,32.0,6.0,4.0,1.0,6.0,1.0,5.0,6.0,3.0,6.0,3.0,3.0,6.0,4.0,2.0,6.0,4.0,5.0,1.0,3.0,6.0,1.0,1.0,6.0,1.0,5.0,3.0,128.0,512.0,1.0,1.0,12.0,1.0,1.0,1.0,1.0,1.0,1.0,1.0,3.0,2.0,5.0,1.0,3.0,6.0,3.0,2.0,1.0,1.0,4.0,2.0,5.0,5.0,5.0,6.0,4.0,2.0,2.0,1.0,1.0,128.0,1.0,1.0,16.0,64.0,1.0,1.0,1.0,1.0,2.0,6.0,3.0,4.0,1.0,3.0,4.0,4.0,6.0,6.0,4.0,3.0,6.0,3.0,4.0,3.0,6.0,6.0,1.0,32.0,1.0,2.0,32.0,1.0,4.0,64.0,1.0,1.0,1.0,1.0,2.0,3.0,6.0,4.0,3.0,4.0,5.0,2.0,2.0,2.0,5.0,5.0,3.0,3.0,5.0,1.0,1.0,1.0,512.0,4.0,1.0,64.0,16.0,1.0,1.0,1.0,1.0,1.0,1.0,1.0,3.0,2.0,6.0,2.0,5.0,4.0,5.0,4.0,1.0,3.0,6.0,4.0,5.0,3.0,1.0,3.0,1.0,3.0,256.0,64.0,1.0,64.0,512.0,1.0,1.0,1.0,1.0,1.0,1.0,1.0,3.0,4.0,5.0,5.0,1.0,6.0,1.0,6.0,4.0,2.0,5.0,1.0,1.0,6.0,1.0,2.0,2.0,2.0,32.0,128.0,1.0,1.0,512.0,1.0,1.0,1.0,1.0,1.0,1.0,1.0,443642256.0,5415248.119999999,10285200.0,0.15780895,24.0,514.0,163840.0,2402432892756558.5,5.785551499999999,4.38135574,107.6,11953.6
256.0,1024000.0,256.0,64.0,3.0,8.0,34.0,36.0,3.0,1.0,2.0,4.0,4.0,5.0,4.0,5.0,5.0,2.0,4.0,5.0,1.0,2.0,5.0,2.0,1.0,4.0,3.0,6.0,2.0,2.0,3.0,6.0,16.0,2.0,1.0,16.0,192.0,1.0,1.0,1.0,1.0,1.0,1.0,1.0,4.0,1.0,2.0,1.0,5.0,5.0,6.0,3.0,4.0,3.0,6.0,5.0,4.0,5.0,5.0,6.0,5.0,3.0,2.0,64.0,1.0,4.0,2.0,1.0,64.0,64.0,1.0,1.0,1.0,1.0,4.0,5.0,1.0,1.0,2.0,6.0,4.0,4.0,5.0,3.0,4.0,2.0,4.0,3.0,3.0,2.0,3.0,4.0,64.0,16.0,1.0,2.0,64.0,1.0,1.0,16.0,1.0,1.0,1.0,1.0,2.0,3.0,5.0,6.0,4.0,2.0,6.0,3.0,1.0,5.0,5.0,4.0,3.0,5.0,2.0,1.0,1.0,1.0,128.0,4.0,1.0,1.0,16.0,1.0,1.0,1.0,1.0,1.0,1.0,1.0,2.0,5.0,1.0,2.0,2.0,2.0,6.0,3.0,2.0,6.0,2.0,5.0,1.0,5.0,2.0,6.0,1.0,6.0,32.0,16.0,1.0,64.0,1.0,1.0,1.0,1.0,1.0,1.0,1.0,1.0,6.0,2.0,6.0,6.0,5.0,3.0,5.0,5.0,1.0,6.0,4.0,1.0,6.0,1.0,5.0,5.0,1.0,6.0,4.0,2.0,1.0,1.0,16.0,1.0,1.0,1.0,1.0,1.0,1.0,1.0,2522667450.0,5149076.460000001,52629700000.0,87.093,9792.0,514.0,59392.0,1.298940758320323e+16,1.0,0.018887315000000002,107.6,15315.2
256000.0,8192000.0,256.0,64.0,1.0,10.0,2.0,6.0,4.0,5.0,6.0,1.0,4.0,5.0,3.0,1.0,2.0,3.0,4.0,6.0,2.0,1.0,3.0,1.0,2.0,5.0,1.0,2.0,6.0,3.0,4.0,4.0,32.0,8.0,1.0,384.0,192.0,1.0,1.0,1.0,1.0,1.0,1.0,1.0,4.0,6.0,1.0,4.0,1.0,4.0,5.0,6.0,5.0,1.0,4.0,4.0,4.0,3.0,3.0,6.0,2.0,4.0,2.0,32.0,1.0,2.0,128.0,1.0,2.0,32.0,1.0,1.0,1.0,1.0,1.0,5.0,3.0,6.0,6.0,3.0,1.0,2.0,5.0,3.0,4.0,4.0,2.0,4.0,6.0,4.0,5.0,1.0,2.0,8.0,1.0,64.0,2.0,1.0,1.0,2.0,1.0,1.0,1.0,1.0,2.0,6.0,1.0,4.0,1.0,2.0,3.0,6.0,6.0,2.0,1.0,4.0,2.0,4.0,2.0,5.0,5.0,3.0,256.0,64.0,1.0,512.0,8.0,1.0,1.0,1.0,1.0,1.0,1.0,1.0,5.0,2.0,5.0,4.0,6.0,1.0,2.0,3.0,6.0,5.0,2.0,4.0,6.0,4.0,1.0,2.0,6.0,5.0,4.0,1.0,1.0,8.0,2048.0,1.0,1.0,1.0,1.0,1.0,1.0,1.0,5.0,3.0,3.0,1.0,5.0,1.0,6.0,2.0,2.0,2.0,5.0,1.0,6.0,4.0,6.0,6.0,4.0,4.0,1.0,32.0,1.0,256.0,64.0,1.0,1.0,1.0,1.0,1.0,1.0,1.0,2433220728.0,19109619.6,3069750.0,0.03426193999999999,6.0,514.0,514.0,4.649792251491507e+16,4.854544,5.252344000000002,107.6,123.6
128.0,128000.0,256.0,64.0,3.0,22.0,46.0,14.0,4.0,4.0,6.0,5.0,1.0,5.0,1.0,3.0,4.0,5.0,5.0,4.0,1.0,2.0,2.0,5.0,2.0,2.0,2.0,6.0,5.0,1.0,1.0,1.0,32.0,128.0,1.0,1536.0,3.0,1.0,1.0,1.0,1.0,1.0,1.0,1.0,2.0,3.0,1.0,1.0,4.0,3.0,6.0,5.0,1.0,4.0,4.0,5.0,1.0,5.0,5.0,6.0,5.0,4.0,1.0,4.0,1.0,128.0,8.0,1.0,8.0,1.0,1.0,1.0,1.0,1.0,6.0,3.0,4.0,5.0,5.0,6.0,6.0,1.0,2.0,1.0,3.0,5.0,6.0,5.0,4.0,5.0,4.0,6.0,2.0,4.0,1.0,16.0,1.0,1.0,32.0,8.0,1.0,1.0,1.0,1.0,2.0,3.0,3.0,3.0,6.0,3.0,5.0,1.0,4.0,2.0,1.0,3.0,5.0,5.0,4.0,4.0,1.0,5.0,2.0,2.0,1.0,32.0,64.0,1.0,1.0,1.0,1.0,1.0,1.0,1.0,1.0,6.0,2.0,5.0,6.0,3.0,3.0,2.0,6.0,1.0,6.0,5.0,6.0,5.0,5.0,1.0,1.0,4.0,8.0,2.0,1.0,256.0,512.0,1.0,1.0,1.0,1.0,1.0,1.0,1.0,5.0,6.0,6.0,1.0,2.0,3.0,1.0,4.0,1.0,2.0,4.0,5.0,6.0,5.0,5.0,1.0,1.0,4.0,256.0,2.0,1.0,16.0,32.0,1.0,1.0,1.0,1.0,1.0,1.0,1.0,2446529916.0,5008105.94,107745000000.0,153.3349,14168.0,514.0,819200.0,1.2252481004707302e+16,7.4,1.6183106500000002,107.6,68390.4
2048.0,32000.0,256.0,64.0,3.0,30.0,22.0,32.0,2.0,5.0,5.0,6.0,1.0,6.0,4.0,3.0,1.0,2.0,3.0,3.0,3.0,1.0,3.0,4.0,3.0,1.0,2.0,2.0,3.0,1.0,3.0,1.0,16.0,32.0,1.0,48.0,32.0,1.0,1.0,1.0,1.0,1.0,1.0,1.0,6.0,5.0,2.0,4.0,5.0,2.0,5.0,5.0,1.0,1.0,4.0,3.0,6.0,2.0,1.0,3.0,2.0,2.0,8.0,32.0,1.0,128.0,128.0,1.0,16.0,32.0,1.0,1.0,1.0,1.0,2.0,2.0,6.0,5.0,2.0,4.0,3.0,3.0,1.0,5.0,2.0,6.0,3.0,3.0,4.0,4.0,4.0,5.0,32.0,128.0,1.0,64.0,1.0,1.0,1.0,8.0,1.0,1.0,1.0,1.0,1.0,3.0,1.0,3.0,5.0,5.0,1.0,1.0,1.0,2.0,3.0,4.0,4.0,3.0,6.0,3.0,3.0,5.0,8.0,512.0,1.0,32.0,64.0,1.0,1.0,1.0,1.0,1.0,1.0,1.0,2.0,3.0,4.0,2.0,4.0,3.0,6.0,6.0,6.0,5.0,5.0,2.0,5.0,5.0,6.0,6.0,3.0,5.0,8.0,2.0,1.0,64.0,1024.0,1.0,1.0,1.0,1.0,1.0,1.0,1.0,3.0,1.0,2.0,2.0,4.0,3.0,4.0,2.0,6.0,4.0,3.0,5.0,2.0,3.0,3.0,5.0,6.0,4.0,4.0,2048.0,1.0,256.0,2.0,1.0,1.0,1.0,1.0,1.0,1.0,1.0,513669744.0,4430846.26,235436000000.0,292.9712,21120.0,514.0,1638400.0,2275991664077557.5,18.1,0.5419921999999999,107.6,122931.2
128.0,128000.0,256.0,64.0,3.0,20.0,12.0,34.0,1.0,3.0,5.0,1.0,1.0,5.0,4.0,3.0,6.0,2.0,5.0,5.0,4.0,4.0,4.0,1.0,4.0,1.0,2.0,5.0,3.0,2.0,4.0,4.0,2.0,4.0,1.0,128.0,32.0,1.0,1.0,1.0,1.0,1.0,1.0,1.0,2.0,5.0,6.0,1.0,5.0,5.0,1.0,5.0,6.0,1.0,4.0,5.0,6.0,2.0,2.0,3.0,4.0,3.0,8.0,32.0,1.0,8.0,16.0,1.0,128.0,1.0,1.0,1.0,1.0,1.0,5.0,2.0,5.0,5.0,5.0,4.0,5.0,5.0,6.0,2.0,4.0,3.0,3.0,4.0,2.0,3.0,3.0,5.0,64.0,128.0,1.0,16.0,4.0,1.0,2.0,64.0,1.0,1.0,1.0,1.0,1.0,5.0,3.0,4.0,3.0,3.0,1.0,1.0,3.0,4.0,2.0,1.0,6.0,3.0,1.0,5.0,1.0,5.0,16.0,8.0,1.0,256.0,512.0,1.0,1.0,1.0,1.0,1.0,1.0,1.0,3.0,5.0,5.0,2.0,4.0,2.0,2.0,4.0,3.0,3.0,4.0,1.0,1.0,5.0,4.0,1.0,3.0,5.0,512.0,4.0,1.0,1.0,1024.0,1.0,1.0,1.0,1.0,1.0,1.0,1.0,6.0,4.0,1.0,3.0,1.0,4.0,3.0,4.0,5.0,3.0,5.0,6.0,1.0,3.0,2.0,5.0,1.0,3.0,2.0,16.0,1.0,512.0,2.0,1.0,1.0,1.0,1.0,1.0,1.0,1.0,1256145660.0,4829934.34,37071900000.0,67.056385,8160.0,514.0,1441792.0,6067101059275964.0,8.15,0.6007164,107.6,103321.6
2048000.0,32000.0,256.0,64.0,3.0,4.0,24.0,8.0,6.0,3.0,5.0,3.0,2.0,3.0,2.0,3.0,6.0,4.0,1.0,6.0,1.0,2.0,2.0,1.0,2.0,4.0,5.0,2.0,4.0,6.0,6.0,6.0,8.0,16.0,1.0,8.0,1536.0,1.0,1.0,1.0,1.0,1.0,1.0,1.0,1.0,4.0,3.0,5.0,4.0,6.0,4.0,1.0,6.0,6.0,5.0,3.0,5.0,4.0,1.0,6.0,4.0,3.0,1.0,64.0,1.0,4.0,4.0,1.0,1.0,8.0,1.0,1.0,1.0,1.0,4.0,5.0,4.0,1.0,5.0,1.0,6.0,4.0,5.0,2.0,6.0,6.0,6.0,4.0,3.0,6.0,5.0,5.0,2.0,64.0,1.0,8.0,16.0,1.0,8.0,64.0,1.0,1.0,1.0,1.0,2.0,3.0,4.0,4.0,5.0,1.0,2.0,2.0,5.0,5.0,2.0,4.0,5.0,5.0,3.0,4.0,3.0,3.0,512.0,1.0,1.0,2.0,32.0,1.0,1.0,1.0,1.0,1.0,1.0,1.0,1.0,1.0,1.0,5.0,4.0,4.0,3.0,5.0,6.0,5.0,4.0,1.0,4.0,3.0,2.0,2.0,6.0,5.0,2.0,256.0,1.0,128.0,16.0,1.0,1.0,1.0,1.0,1.0,1.0,1.0,6.0,3.0,2.0,3.0,4.0,4.0,5.0,6.0,3.0,1.0,3.0,5.0,1.0,2.0,4.0,4.0,2.0,5.0,4.0,64.0,1.0,8.0,1.0,1.0,1.0,1.0,1.0,1.0,1.0,1.0,376100880.0,4011810.7,596776000.0,4.0265185,768.0,514.0,606208.0,1508845534663416.0,66.7,2.312599155,107.6,66892.8
16000.0,16000000.0,256.0,64.0,1.0,36.0,40.0,46.0,3.0,2.0,4.0,5.0,1.0,1.0,5.0,2.0,1.0,1.0,1.0,2.0,1.0,5.0,4.0,4.0,4.0,3.0,1.0,4.0,2.0,3.0,6.0,1.0,32.0,16.0,1.0,8.0,512.0,1.0,1.0,1.0,1.0,1.0,1.0,1.0,6.0,6.0,1.0,1.0,2.0,3.0,5.0,1.0,4.0,4.0,2.0,4.0,1.0,5.0,5.0,6.0,1.0,2.0,4.0,4.0,1.0,8.0,4.0,1.0,1.0,128.0,1.0,1.0,1.0,1.0,2.0,1.0,4.0,4.0,5.0,4.0,2.0,4.0,2.0,1.0,5.0,6.0,1.0,3.0,4.0,6.0,1.0,1.0,2.0,2.0,1.0,2.0,8.0,1.0,1.0,16.0,1.0,1.0,1.0,1.0,1.0,1.0,2.0,4.0,6.0,5.0,2.0,5.0,5.0,4.0,4.0,2.0,2.0,4.0,2.0,6.0,3.0,4.0,1.0,2.0,1.0,16.0,1.0,1.0,1.0,1.0,1.0,1.0,1.0,1.0,3.0,3.0,2.0,3.0,3.0,1.0,6.0,6.0,1.0,3.0,6.0,1.0,4.0,1.0,6.0,2.0,5.0,4.0,512.0,8.0,1.0,128.0,512.0,1.0,1.0,1.0,1.0,1.0,1.0,1.0,4.0,1.0,5.0,6.0,5.0,2.0,5.0,1.0,2.0,3.0,1.0,6.0,4.0,1.0,1.0,6.0,6.0,2.0,32.0,32.0,1.0,512.0,8.0,1.0,1.0,1.0,1.0,1.0,1.0,1.0,2516582520.0,19544418.0,19514700.0,0.21872460000000002,46.0,514.0,514.0,4.918514070237336e+16,1.0,1.7914080000000003,107.6,107.6
128000.0,4096000.0,256.0,64.0,2.0,48.0,36.0,44.0,6.0,1.0,3.0,6.0,1.0,3.0,5.0,6.0,5.0,4.0,3.0,1.0,4.0,6.0,3.0,3.0,1.0,1.0,2.0,6.0,1.0,2.0,4.0,5.0,16.0,512.0,1.0,16.0,12.0,1.0,1.0,1.0,1.0,1.0,1.0,1.0,5.0,4.0,5.0,4.0,1.0,5.0,1.0,1.0,4.0,2.0,1.0,5.0,5.0,1.0,6.0,6.0,6.0,5.0,4.0,32.0,1.0,128.0,64.0,1.0,32.0,1.0,1.0,1.0,1.0,1.0,1.0,2.0,6.0,5.0,6.0,3.0,1.0,6.0,6.0,4.0,5.0,6.0,5.0,6.0,6.0,2.0,1.0,3.0,64.0,4.0,1.0,64.0,4.0,1.0,32.0,64.0,1.0,1.0,1.0,1.0,2.0,5.0,3.0,6.0,2.0,3.0,6.0,6.0,3.0,2.0,1.0,2.0,5.0,6.0,5.0,3.0,1.0,5.0,64.0,8.0,1.0,4.0,4.0,1.0,1.0,1.0,1.0,1.0,1.0,1.0,5.0,6.0,3.0,2.0,1.0,4.0,2.0,4.0,2.0,2.0,4.0,4.0,2.0,2.0,2.0,4.0,2.0,1.0,1.0,16.0,1.0,1.0,2.0,1.0,1.0,1.0,1.0,1.0,1.0,1.0,3.0,1.0,3.0,1.0,1.0,3.0,1.0,1.0,4.0,3.0,4.0,5.0,2.0,5.0,6.0,1.0,5.0,5.0,512.0,4.0,1.0,8.0,32.0,1.0,1.0,1.0,1.0,1.0,1.0,1.0,77282910.0,7667774.09,1888630000.0,8.460766999999999,1584.0,514.0,146432.0,592587894897801.9,25.81333,6.663027799999999,107.6,20880.4
2048000.0,128000.0,256.0,64.0,3.0,34.0,12.0,2.0,4.0,1.0,2.0,6.0,5.0,2.0,5.0,6.0,5.0,2.0,4.0,1.0,5.0,6.0,5.0,1.0,3.0,3.0,6.0,2.0,3.0,4.0,5.0,1.0,8.0,512.0,1.0,768.0,48.0,1.0,1.0,1.0,1.0,1.0,1.0,1.0,6.0,3.0,2.0,3.0,5.0,6.0,4.0,6.0,3.0,2.0,4.0,6.0,2.0,1.0,4.0,4.0,3.0,1.0,2.0,64.0,1.0,4.0,128.0,1.0,16.0,32.0,1.0,1.0,1.0,1.0,1.0,4.0,4.0,2.0,5.0,2.0,5.0,6.0,5.0,6.0,1.0,5.0,6.0,2.0,4.0,2.0,4.0,2.0,64.0,64.0,1.0,1.0,1.0,1.0,16.0,64.0,1.0,1.0,1.0,1.0,4.0,6.0,6.0,2.0,5.0,6.0,1.0,6.0,6.0,2.0,6.0,4.0,3.0,1.0,4.0,3.0,1.0,6.0,64.0,1.0,1.0,512.0,4.0,1.0,1.0,1.0,1.0,1.0,1.0,1.0,4.0,2.0,3.0,4.0,3.0,4.0,3.0,3.0,6.0,3.0,4.0,6.0,4.0,4.0,1.0,2.0,4.0,2.0,64.0,4.0,1.0,256.0,2.0,1.0,1.0,1.0,1.0,1.0,1.0,1.0,2.0,3.0,3.0,4.0,5.0,2.0,5.0,4.0,2.0,1.0,6.0,1.0,3.0,4.0,2.0,6.0,1.0,4.0,1024.0,1024.0,1.0,4.0,64.0,1.0,1.0,1.0,1.0,1.0,1.0,1.0,1361523816.0,4117094.54,654037000.0,4.420357499999999,816.0,514.0,1114112.0,5605522268933565.0,1.95,0.41171725000000003,107.6,107417.6
2048000.0,4096000.0,256.0,64.0,2.0,28.0,2.0,14.0,5.0,6.0,4.0,3.0,1.0,1.0,6.0,4.0,5.0,5.0,6.0,2.0,1.0,2.0,2.0,5.0,1.0,6.0,4.0,2.0,2.0,1.0,2.0,5.0,2.0,8.0,1.0,4.0,24.0,1.0,1.0,1.0,1.0,1.0,1.0,1.0,4.0,1.0,3.0,2.0,4.0,2.0,3.0,4.0,3.0,5.0,5.0,2.0,1.0,2.0,1.0,4.0,1.0,6.0,4.0,16.0,1.0,64.0,4.0,1.0,32.0,1.0,1.0,1.0,1.0,1.0,3.0,3.0,2.0,6.0,2.0,4.0,4.0,5.0,5.0,4.0,3.0,6.0,2.0,1.0,5.0,5.0,2.0,1.0,8.0,64.0,1.0,128.0,32.0,1.0,4.0,32.0,1.0,1.0,1.0,1.0,3.0,4.0,3.0,5.0,2.0,1.0,1.0,5.0,4.0,6.0,4.0,4.0,2.0,5.0,3.0,1.0,3.0,2.0,32.0,128.0,1.0,256.0,2.0,1.0,1.0,1.0,1.0,1.0,1.0,1.0,5.0,3.0,3.0,2.0,2.0,4.0,5.0,6.0,6.0,2.0,2.0,5.0,2.0,5.0,4.0,3.0,6.0,6.0,8.0,512.0,1.0,1.0,64.0,1.0,1.0,1.0,1.0,1.0,1.0,1.0,1.0,2.0,5.0,3.0,6.0,4.0,2.0,3.0,2.0,4.0,2.0,3.0,2.0,1.0,6.0,3.0,6.0,2.0,256.0,512.0,1.0,32.0,512.0,1.0,1.0,1.0,1.0,1.0,1.0,1.0,254341584.0,8278203.46,11924500.0,0.15964395000000003,28.0,514.0,114688.0,2105491380690680.8,13.014035000000002,3.05841925,107.6,7142.4
512000.0,32000000.0,256.0,64.0,3.0,2.0,18.0,22.0,6.0,6.0,5.0,6.0,6.0,2.0,4.0,1.0,4.0,6.0,3.0,1.0,3.0,3.0,2.0,3.0,5.0,3.0,3.0,5.0,4.0,4.0,2.0,6.0,2.0,32.0,1.0,24.0,24.0,1.0,1.0,1.0,1.0,1.0,1.0,1.0,2.0,4.0,6.0,5.0,5.0,1.0,5.0,6.0,3.0,6.0,4.0,6.0,6.0,6.0,4.0,4.0,1.0,5.0,2.0,32.0,1.0,64.0,128.0,1.0,4.0,2.0,1.0,1.0,1.0,1.0,1.0,2.0,3.0,4.0,3.0,4.0,4.0,2.0,2.0,2.0,4.0,3.0,5.0,4.0,3.0,4.0,3.0,6.0,64.0,128.0,1.0,16.0,2.0,1.0,8.0,32.0,1.0,1.0,1.0,1.0,4.0,4.0,5.0,2.0,1.0,1.0,3.0,4.0,4.0,1.0,3.0,4.0,1.0,1.0,3.0,5.0,2.0,1.0,2.0,64.0,1.0,256.0,64.0,1.0,1.0,1.0,1.0,1.0,1.0,1.0,5.0,2.0,5.0,5.0,6.0,3.0,2.0,4.0,3.0,2.0,4.0,1.0,1.0,4.0,1.0,5.0,3.0,1.0,4.0,512.0,1.0,4.0,1024.0,1.0,1.0,1.0,1.0,1.0,1.0,1.0,6.0,1.0,4.0,4.0,1.0,3.0,1.0,3.0,1.0,2.0,4.0,6.0,4.0,6.0,5.0,3.0,6.0,6.0,256.0,128.0,1.0,16.0,1.0,1.0,1.0,1.0,1.0,1.0,1.0,1.0,418601364.0,3961615.1199999996,625174000.0,4.273126499999999,792.0,514.0,1441792.0,1658337492875023.5,7.753335000000001,0.09121094,107.6,101632.0
256000.0,4096000.0,256.0,64.0,1.0,44.0,20.0,16.0,2.0,3.0,5.0,1.0,1.0,2.0,4.0,4.0,1.0,1.0,3.0,3.0,3.0,5.0,5.0,1.0,6.0,1.0,1.0,5.0,2.0,3.0,6.0,1.0,1.0,4.0,1.0,384.0,128.0,1.0,1.0,1.0,1.0,1.0,1.0,1.0,4.0,1.0,5.0,3.0,6.0,3.0,3.0,3.0,6.0,5.0,4.0,4.0,5.0,2.0,3.0,6.0,6.0,2.0,32.0,8.0,1.0,64.0,16.0,1.0,2.0,2.0,1.0,1.0,1.0,1.0,3.0,2.0,2.0,5.0,6.0,6.0,2.0,1.0,5.0,3.0,2.0,1.0,1.0,6.0,4.0,4.0,2.0,4.0,8.0,1.0,1.0,16.0,128.0,1.0,32.0,8.0,1.0,1.0,1.0,1.0,5.0,5.0,3.0,6.0,6.0,1.0,2.0,6.0,6.0,6.0,4.0,1.0,3.0,3.0,5.0,1.0,4.0,3.0,64.0,2.0,1.0,8.0,256.0,1.0,1.0,1.0,1.0,1.0,1.0,1.0,6.0,1.0,2.0,1.0,6.0,6.0,2.0,6.0,6.0,6.0,2.0,1.0,4.0,1.0,2.0,4.0,1.0,1.0,16.0,512.0,1.0,64.0,64.0,1.0,1.0,1.0,1.0,1.0,1.0,1.0,5.0,2.0,5.0,1.0,2.0,2.0,4.0,4.0,2.0,2.0,5.0,6.0,1.0,4.0,5.0,2.0,6.0,4.0,2.0,1.0,1.0,512.0,64.0,1.0,1.0,1.0,1.0,1.0,1.0,1.0,2422210680.0,21688908.0,7028100.0,0.08033523999999997,16.0,514.0,514.0,5.253510459513744e+16,13.0,13.398061,107.6,155.6
16000.0,256000.0,256.0,64.0,3.0,22.0,38.0,40.0,5.0,6.0,3.0,2.0,1.0,3.0,5.0,5.0,6.0,3.0,1.0,3.0,2.0,5.0,2.0,5.0,1.0,6.0,6.0,5.0,5.0,5.0,6.0,3.0,8.0,2.0,1.0,12.0,256.0,1.0,1.0,1.0,1.0,1.0,1.0,1.0,1.0,6.0,4.0,5.0,4.0,3.0,2.0,6.0,4.0,5.0,4.0,4.0,6.0,3.0,2.0,4.0,2.0,2.0,64.0,64.0,1.0,2.0,64.0,1.0,32.0,16.0,1.0,1.0,1.0,1.0,4.0,2.0,2.0,5.0,1.0,4.0,2.0,3.0,4.0,5.0,5.0,2.0,4.0,1.0,5.0,3.0,6.0,2.0,8.0,16.0,1.0,2.0,64.0,1.0,32.0,1.0,1.0,1.0,1.0,1.0,5.0,3.0,6.0,6.0,5.0,2.0,4.0,1.0,5.0,2.0,6.0,2.0,4.0,6.0,2.0,5.0,1.0,3.0,4.0,128.0,1.0,512.0,256.0,1.0,1.0,1.0,1.0,1.0,1.0,1.0,6.0,3.0,3.0,1.0,6.0,6.0,4.0,1.0,2.0,6.0,2.0,2.0,1.0,1.0,2.0,6.0,3.0,6.0,256.0,32.0,1.0,2.0,8.0,1.0,1.0,1.0,1.0,1.0,1.0,1.0,2.0,3.0,1.0,1.0,6.0,4.0,4.0,4.0,6.0,4.0,3.0,4.0,5.0,5.0,1.0,3.0,5.0,2.0,256.0,4.0,1.0,512.0,8.0,1.0,1.0,1.0,1.0,1.0,1.0,1.0,76352568.0,4198916.519999999,582722000000.0,643.967,33440.0,514.0,458752.0,320598059119623.25,27.33335,0.29921899999999996,107.6,78950.4
8192.0,8192000.0,256.0,64.0,1.0,42.0,30.0,48.0,1.0,5.0,6.0,2.0,6.0,1.0,6.0,3.0,2.0,6.0,1.0,1.0,2.0,5.0,2.0,2.0,5.0,3.0,3.0,4.0,4.0,4.0,2.0,3.0,128.0,4.0,1.0,96.0,192.0,1.0,1.0,1.0,1.0,1.0,1.0,1.0,1.0,4.0,5.0,5.0,2.0,3.0,2.0,2.0,6.0,4.0,2.0,5.0,3.0,2.0,5.0,2.0,2.0,2.0,2.0,64.0,1.0,64.0,32.0,1.0,8.0,8.0,1.0,1.0,1.0,1.0,3.0,6.0,2.0,5.0,6.0,2.0,6.0,6.0,6.0,1.0,3.0,6.0,5.0,2.0,1.0,3.0,3.0,2.0,64.0,2.0,1.0,128.0,32.0,1.0,1.0,4.0,1.0,1.0,1.0,1.0,6.0,6.0,4.0,1.0,2.0,6.0,2.0,1.0,1.0,2.0,6.0,1.0,3.0,3.0,2.0,3.0,5.0,6.0,128.0,1.0,1.0,8.0,2.0,1.0,1.0,1.0,1.0,1.0,1.0,1.0,6.0,1.0,6.0,1.0,5.0,5.0,1.0,2.0,4.0,5.0,4.0,6.0,3.0,5.0,3.0,2.0,2.0,2.0,512.0,2.0,1.0,512.0,32.0,1.0,1.0,1.0,1.0,1.0,1.0,1.0,1.0,2.0,1.0,1.0,2.0,3.0,1.0,6.0,2.0,6.0,2.0,1.0,1.0,2.0,2.0,5.0,2.0,5.0,2.0,32.0,1.0,256.0,2.0,1.0,1.0,1.0,1.0,1.0,1.0,1.0,2418671736.0,25243518.479999997,20379700.0,0.2285228,48.0,514.0,514.0,6.105578466476967e+16,30.06668,30.072491,107.6,258.0
32000.0,256000.0,256.0,64.0,2.0,28.0,48.0,30.0,2.0,5.0,4.0,3.0,3.0,6.0,3.0,5.0,2.0,5.0,3.0,1.0,3.0,4.0,3.0,6.0,4.0,4.0,5.0,5.0,6.0,2.0,3.0,1.0,128.0,1.0,1.0,48.0,96.0,1.0,1.0,1.0,1.0,1.0,1.0,1.0,3.0,6.0,4.0,4.0,5.0,1.0,6.0,2.0,1.0,3.0,5.0,4.0,4.0,3.0,5.0,1.0,3.0,4.0,8.0,16.0,1.0,1.0,128.0,1.0,64.0,128.0,1.0,1.0,1.0,1.0,2.0,4.0,4.0,2.0,1.0,4.0,4.0,4.0,3.0,4.0,6.0,6.0,2.0,2.0,3.0,6.0,4.0,3.0,16.0,32.0,1.0,16.0,16.0,1.0,16.0,2.0,1.0,1.0,1.0,1.0,5.0,3.0,4.0,4.0,1.0,3.0,1.0,4.0,1.0,5.0,5.0,1.0,4.0,3.0,5.0,6.0,6.0,1.0,128.0,2.0,1.0,8.0,32.0,1.0,1.0,1.0,1.0,1.0,1.0,1.0,6.0,5.0,3.0,5.0,1.0,3.0,5.0,3.0,6.0,2.0,1.0,1.0,1.0,3.0,5.0,4.0,5.0,2.0,512.0,2.0,1.0,256.0,1.0,1.0,1.0,1.0,1.0,1.0,1.0,1.0,2.0,6.0,1.0,3.0,3.0,5.0,5.0,5.0,3.0,4.0,6.0,2.0,1.0,6.0,6.0,6.0,3.0,4.0,32.0,16.0,1.0,128.0,1.0,1.0,1.0,1.0,1.0,1.0,1.0,1.0,1718354244.0,9189051.719999999,1611320000.0,7.541816499999998,1440.0,514.0,12640.0,1.5790046021397498e+16,8.5,2.121301615,107.6,1742.6
1024.0,512000.0,256.0,64.0,3.0,30.0,42.0,6.0,2.0,3.0,2.0,6.0,6.0,5.0,6.0,4.0,5.0,1.0,1.0,4.0,3.0,5.0,5.0,5.0,4.0,2.0,1.0,2.0,3.0,3.0,2.0,1.0,2.0,16.0,1.0,64.0,2.0,1.0,1.0,1.0,1.0,1.0,1.0,1.0,1.0,6.0,6.0,5.0,2.0,6.0,1.0,4.0,2.0,3.0,2.0,1.0,1.0,1.0,4.0,1.0,3.0,3.0,8.0,1.0,1.0,64.0,1.0,1.0,32.0,8.0,1.0,1.0,1.0,1.0,3.0,6.0,1.0,5.0,2.0,5.0,3.0,6.0,4.0,5.0,3.0,1.0,1.0,2.0,6.0,2.0,1.0,4.0,2.0,16.0,1.0,8.0,32.0,1.0,2.0,2.0,1.0,1.0,1.0,1.0,6.0,2.0,6.0,4.0,1.0,3.0,1.0,3.0,4.0,2.0,6.0,6.0,5.0,6.0,6.0,6.0,3.0,3.0,8.0,2.0,1.0,256.0,16.0,1.0,1.0,1.0,1.0,1.0,1.0,1.0,4.0,5.0,2.0,6.0,3.0,6.0,4.0,6.0,3.0,5.0,6.0,5.0,3.0,3.0,1.0,4.0,4.0,1.0,16.0,8.0,1.0,8.0,16.0,1.0,1.0,1.0,1.0,1.0,1.0,1.0,3.0,5.0,6.0,1.0,3.0,4.0,3.0,6.0,2.0,3.0,2.0,1.0,1.0,6.0,6.0,5.0,4.0,5.0,256.0,16.0,1.0,256.0,8.0,1.0,1.0,1.0,1.0,1.0,1.0,1.0,2526012486.0,4675530.32,32034400000.0,59.88105,7560.0,514.0,262144.0,1.1810447966991576e+16,1.0,0.06506754499999999,107.6,20992.0
128.0,128000.0,256.0,64.0,1.0,4.0,46.0,40.0,2.0,1.0,1.0,2.0,1.0,2.0,3.0,6.0,3.0,4.0,3.0,4.0,6.0,1.0,4.0,2.0,6.0,5.0,2.0,2.0,6.0,6.0,4.0,6.0,4.0,16.0,1.0,6.0,16.0,1.0,1.0,1.0,1.0,1.0,1.0,1.0,5.0,1.0,5.0,3.0,6.0,1.0,1.0,5.0,5.0,6.0,2.0,2.0,6.0,4.0,1.0,4.0,5.0,6.0,64.0,32.0,1.0,16.0,16.0,1.0,128.0,128.0,1.0,1.0,1.0,1.0,4.0,6.0,3.0,1.0,4.0,1.0,3.0,2.0,6.0,4.0,1.0,1.0,5.0,3.0,2.0,5.0,2.0,3.0,128.0,128.0,1.0,4.0,16.0,1.0,4.0,64.0,1.0,1.0,1.0,1.0,3.0,1.0,6.0,6.0,5.0,2.0,4.0,1.0,6.0,3.0,3.0,4.0,4.0,6.0,5.0,6.0,6.0,4.0,256.0,4.0,1.0,2.0,8.0,1.0,1.0,1.0,1.0,1.0,1.0,1.0,4.0,1.0,3.0,3.0,3.0,3.0,5.0,5.0,2.0,2.0,3.0,6.0,2.0,4.0,6.0,4.0,6.0,1.0,1.0,8.0,1.0,1024.0,4.0,1.0,1.0,1.0,1.0,1.0,1.0,1.0,3.0,3.0,3.0,3.0,5.0,4.0,5.0,5.0,2.0,1.0,3.0,6.0,4.0,1.0,2.0,1.0,3.0,5.0,2048.0,8.0,1.0,4.0,256.0,1.0,1.0,1.0,1.0,1.0,1.0,1.0,64488024.0,9164645.760000002,16945000.0,0.1982834,40.0,514.0,10576.0,591009895722378.4,33.47691999999999,29.374568500000002,107.6,2244.8
1024000.0,16000.0,256.0,64.0,2.0,14.0,6.0,42.0,4.0,4.0,1.0,5.0,6.0,2.0,1.0,1.0,1.0,6.0,1.0,6.0,5.0,6.0,2.0,4.0,1.0,5.0,5.0,4.0,4.0,4.0,3.0,1.0,256.0,1.0,1.0,256.0,12.0,1.0,1.0,1.0,1.0,1.0,1.0,1.0,6.0,4.0,6.0,1.0,4.0,1.0,6.0,6.0,3.0,1.0,5.0,1.0,3.0,6.0,2.0,1.0,5.0,2.0,32.0,1.0,1.0,2.0,128.0,1.0,128.0,16.0,1.0,1.0,1.0,1.0,3.0,1.0,3.0,5.0,3.0,1.0,4.0,1.0,6.0,4.0,3.0,6.0,1.0,6.0,1.0,6.0,6.0,6.0,1.0,4.0,1.0,128.0,1.0,1.0,16.0,64.0,1.0,1.0,1.0,1.0,2.0,2.0,6.0,1.0,5.0,1.0,6.0,5.0,6.0,3.0,4.0,2.0,5.0,6.0,2.0,5.0,5.0,1.0,2.0,2.0,1.0,16.0,8.0,1.0,1.0,1.0,1.0,1.0,1.0,1.0,4.0,1.0,2.0,4.0,6.0,6.0,1.0,4.0,1.0,4.0,3.0,4.0,6.0,2.0,5.0,6.0,6.0,3.0,64.0,2.0,1.0,256.0,8.0,1.0,1.0,1.0,1.0,1.0,1.0,1.0,4.0,5.0,2.0,3.0,1.0,3.0,3.0,1.0,2.0,1.0,4.0,3.0,4.0,2.0,6.0,2.0,5.0,5.0,32.0,32.0,1.0,8.0,8.0,1.0,1.0,1.0,1.0,1.0,1.0,1.0,2522210532.0,9981771.36,130032000.0,1.1960315,252.0,514.0,10752.0,2.5176128852207964e+16,1.0,0.866021585,107.6,1030.8
16000.0,64000.0,256.0,64.0,3.0,42.0,18.0,26.0,4.0,1.0,2.0,3.0,1.0,6.0,5.0,1.0,5.0,6.0,3.0,5.0,5.0,5.0,4.0,2.0,3.0,3.0,6.0,4.0,5.0,6.0,2.0,1.0,128.0,4.0,1.0,128.0,2.0,1.0,1.0,1.0,1.0,1.0,1.0,1.0,3.0,4.0,1.0,1.0,2.0,2.0,2.0,4.0,1.0,5.0,1.0,5.0,1.0,4.0,4.0,3.0,6.0,3.0,32.0,2.0,1.0,16.0,4.0,1.0,64.0,64.0,1.0,1.0,1.0,1.0,3.0,2.0,5.0,4.0,6.0,4.0,6.0,2.0,1.0,6.0,1.0,2.0,1.0,4.0,4.0,4.0,1.0,5.0,8.0,32.0,1.0,32.0,32.0,1.0,32.0,64.0,1.0,1.0,1.0,1.0,3.0,2.0,1.0,3.0,6.0,1.0,3.0,2.0,3.0,3.0,1.0,5.0,4.0,2.0,3.0,6.0,3.0,1.0,2.0,8.0,1.0,512.0,128.0,1.0,1.0,1.0,1.0,1.0,1.0,1.0,4.0,1.0,3.0,2.0,5.0,3.0,5.0,2.0,5.0,6.0,5.0,3.0,6.0,2.0,3.0,2.0,1.0,1.0,64.0,2.0,1.0,1.0,1024.0,1.0,1.0,1.0,1.0,1.0,1.0,1.0,2.0,2.0,1.0,5.0,4.0,1.0,4.0,1.0,4.0,2.0,3.0,4.0,3.0,2.0,2.0,2.0,5.0,3.0,64.0,16.0,1.0,8.0,256.0,1.0,1.0,1.0,1.0,1.0,1.0,1.0,355775064.0,4151491.2200000007,204452000000.0,259.8166,19656.0,514.0,409600.0,1476997054490938.2,10.0,0.3747396,107.6,45158.4
128.0,4096000.0,256.0,64.0,2.0,10.0,42.0,22.0,6.0,6.0,6.0,5.0,4.0,1.0,2.0,6.0,3.0,5.0,5.0,4.0,3.0,6.0,3.0,6.0,4.0,4.0,1.0,4.0,1.0,2.0,2.0,4.0,256.0,16.0,1.0,2.0,24.0,1.0,1.0,1.0,1.0,1.0,1.0,1.0,4.0,4.0,1.0,2.0,1.0,3.0,2.0,4.0,3.0,6.0,1.0,2.0,4.0,6.0,6.0,3.0,3.0,3.0,4.0,64.0,1.0,4.0,1.0,1.0,64.0,4.0,1.0,1.0,1.0,1.0,1.0,6.0,5.0,3.0,4.0,4.0,6.0,3.0,3.0,1.0,6.0,5.0,4.0,2.0,1.0,4.0,3.0,5.0,32.0,8.0,1.0,8.0,1.0,1.0,64.0,1.0,1.0,1.0,1.0,1.0,5.0,2.0,6.0,6.0,1.0,6.0,3.0,2.0,6.0,4.0,1.0,2.0,3.0,6.0,3.0,2.0,3.0,2.0,4.0,1.0,1.0,16.0,128.0,1.0,1.0,1.0,1.0,1.0,1.0,1.0,1.0,6.0,1.0,3.0,5.0,6.0,5.0,4.0,1.0,6.0,6.0,3.0,4.0,6.0,3.0,6.0,2.0,3.0,2.0,4.0,1.0,512.0,4.0,1.0,1.0,1.0,1.0,1.0,1.0,1.0,1.0,5.0,1.0,3.0,3.0,4.0,1.0,1.0,1.0,5.0,5.0,3.0,2.0,2.0,5.0,3.0,5.0,2.0,64.0,2048.0,1.0,512.0,512.0,1.0,1.0,1.0,1.0,1.0,1.0,1.0,23384070.0,4413693.419999999,791512000.0,5.13496,924.0,514.0,2752512.0,103210115891819.38,88.95535,12.472966000000001,107.6,146741.6
256000.0,64000.0,256.0,64.0,2.0,22.0,22.0,2.0,1.0,6.0,6.0,3.0,5.0,3.0,1.0,5.0,4.0,2.0,4.0,6.0,3.0,5.0,6.0,2.0,6.0,2.0,1.0,6.0,5.0,2.0,2.0,1.0,4.0,4.0,1.0,64.0,384.0,1.0,1.0,1.0,1.0,1.0,1.0,1.0,5.0,5.0,6.0,3.0,5.0,6.0,5.0,3.0,6.0,2.0,5.0,2.0,2.0,2.0,3.0,1.0,1.0,1.0,4.0,1.0,1.0,8.0,16.0,1.0,2.0,1.0,1.0,1.0,1.0,1.0,2.0,6.0,6.0,3.0,4.0,5.0,1.0,3.0,3.0,5.0,5.0,2.0,3.0,3.0,1.0,6.0,3.0,1.0,32.0,16.0,1.0,1.0,1.0,1.0,16.0,32.0,1.0,1.0,1.0,1.0,2.0,5.0,4.0,1.0,6.0,1.0,5.0,1.0,1.0,3.0,1.0,6.0,3.0,1.0,2.0,6.0,1.0,3.0,4.0,256.0,1.0,1.0,64.0,1.0,1.0,1.0,1.0,1.0,1.0,1.0,2.0,6.0,3.0,2.0,3.0,1.0,2.0,1.0,1.0,3.0,4.0,4.0,3.0,5.0,2.0,4.0,2.0,5.0,16.0,8.0,1.0,16.0,128.0,1.0,1.0,1.0,1.0,1.0,1.0,1.0,6.0,3.0,6.0,6.0,1.0,5.0,3.0,2.0,1.0,6.0,5.0,1.0,6.0,2.0,6.0,1.0,1.0,4.0,2.0,1.0,1.0,128.0,512.0,1.0,1.0,1.0,1.0,1.0,1.0,1.0,303606990.0,8214081.24,18692400.0,0.31193845,44.0,514.0,372736.0,2493852480891867.5,26.400009999999998,7.8151505,107.6,29814.4
1024.0,32000000.0,256.0,64.0,1.0,12.0,22.0,30.0,4.0,5.0,3.0,5.0,3.0,2.0,5.0,4.0,1.0,4.0,1.0,6.0,5.0,2.0,6.0,3.0,2.0,5.0,5.0,6.0,2.0,5.0,6.0,3.0,32.0,2.0,1.0,64.0,128.0,1.0,1.0,1.0,1.0,1.0,1.0,1.0,1.0,3.0,6.0,5.0,4.0,4.0,2.0,6.0,3.0,3.0,3.0,2.0,4.0,3.0,4.0,6.0,3.0,2.0,32.0,64.0,1.0,8.0,16.0,1.0,16.0,64.0,1.0,1.0,1.0,1.0,2.0,4.0,5.0,4.0,3.0,4.0,3.0,1.0,2.0,3.0,1.0,2.0,3.0,5.0,4.0,3.0,1.0,1.0,32.0,8.0,1.0,2.0,128.0,1.0,16.0,4.0,1.0,1.0,1.0,1.0,6.0,3.0,3.0,4.0,1.0,4.0,5.0,2.0,4.0,4.0,3.0,1.0,1.0,2.0,6.0,2.0,1.0,6.0,2.0,2.0,1.0,64.0,256.0,1.0,1.0,1.0,1.0,1.0,1.0,1.0,6.0,3.0,1.0,2.0,4.0,6.0,4.0,5.0,1.0,4.0,1.0,3.0,2.0,4.0,5.0,5.0,1.0,3.0,256.0,128.0,1.0,32.0,2.0,1.0,1.0,1.0,1.0,1.0,1.0,1.0,1.0,3.0,1.0,6.0,6.0,6.0,4.0,5.0,1.0,1.0,5.0,3.0,2.0,5.0,4.0,4.0,3.0,4.0,2048.0,2048.0,1.0,64.0,1.0,1.0,1.0,1.0,1.0,1.0,1.0,1.0,86900856.0,15661414.559999999,12741800.0,0.1501036,30.0,514.0,7996.0,1360990331434863.2,26.285425000000007,26.682945,107.6,1696.8
2048.0,256000.0,256.0,64.0,1.0,16.0,34.0,2.0,4.0,2.0,1.0,1.0,4.0,4.0,5.0,1.0,6.0,3.0,6.0,6.0,1.0,1.0,6.0,5.0,2.0,1.0,1.0,6.0,2.0,3.0,6.0,1.0,2.0,16.0,1.0,96.0,96.0,1.0,1.0,1.0,1.0,1.0,1.0,1.0,5.0,4.0,6.0,6.0,3.0,1.0,4.0,4.0,2.0,2.0,3.0,2.0,4.0,2.0,3.0,6.0,4.0,2.0,8.0,32.0,1.0,64.0,2.0,1.0,4.0,4.0,1.0,1.0,1.0,1.0,4.0,5.0,4.0,1.0,5.0,4.0,2.0,5.0,4.0,4.0,3.0,3.0,1.0,1.0,1.0,5.0,6.0,2.0,1.0,4.0,1.0,16.0,64.0,1.0,16.0,32.0,1.0,1.0,1.0,1.0,6.0,6.0,1.0,2.0,1.0,5.0,2.0,1.0,3.0,2.0,2.0,4.0,1.0,6.0,6.0,4.0,5.0,1.0,2.0,16.0,1.0,4.0,512.0,1.0,1.0,1.0,1.0,1.0,1.0,1.0,6.0,5.0,5.0,6.0,2.0,6.0,3.0,3.0,2.0,2.0,3.0,6.0,4.0,3.0,4.0,2.0,3.0,4.0,4.0,16.0,1.0,128.0,128.0,1.0,1.0,1.0,1.0,1.0,1.0,1.0,4.0,4.0,2.0,6.0,3.0,3.0,4.0,1.0,2.0,5.0,4.0,3.0,4.0,2.0,6.0,4.0,4.0,4.0,2048.0,256.0,1.0,256.0,8.0,1.0,1.0,1.0,1.0,1.0,1.0,1.0,1258291344.0,13686999.84,1518290.0,0.01601062,2.0,514.0,772.0,1.7222233424001384e+16,2.0,1.9014334999999993,107.6,162.4
256.0,64000.0,256.0,64.0,1.0,42.0,44.0,36.0,4.0,4.0,2.0,5.0,3.0,4.0,1.0,2.0,6.0,3.0,3.0,4.0,2.0,5.0,5.0,5.0,2.0,5.0,2.0,6.0,1.0,2.0,5.0,5.0,2.0,32.0,1.0,64.0,512.0,1.0,1.0,1.0,1.0,1.0,1.0,1.0,5.0,1.0,5.0,5.0,4.0,2.0,6.0,5.0,6.0,2.0,2.0,5.0,3.0,2.0,3.0,3.0,6.0,3.0,8.0,1.0,1.0,16.0,2.0,1.0,8.0,32.0,1.0,1.0,1.0,1.0,6.0,3.0,1.0,5.0,5.0,3.0,5.0,6.0,2.0,2.0,5.0,6.0,4.0,3.0,2.0,3.0,5.0,6.0,32.0,1.0,1.0,1.0,2.0,1.0,64.0,64.0,1.0,1.0,1.0,1.0,5.0,6.0,3.0,4.0,1.0,4.0,5.0,4.0,2.0,4.0,6.0,5.0,2.0,2.0,2.0,6.0,6.0,1.0,256.0,8.0,1.0,4.0,1.0,1.0,1.0,1.0,1.0,1.0,1.0,1.0,6.0,2.0,1.0,5.0,3.0,2.0,2.0,3.0,2.0,4.0,6.0,2.0,3.0,4.0,6.0,3.0,5.0,3.0,256.0,1.0,1.0,1.0,32.0,1.0,1.0,1.0,1.0,1.0,1.0,1.0,5.0,2.0,4.0,6.0,3.0,1.0,4.0,3.0,5.0,1.0,6.0,5.0,5.0,4.0,3.0,1.0,5.0,1.0,512.0,512.0,1.0,1.0,2.0,1.0,1.0,1.0,1.0,1.0,1.0,1.0,2516582520.0,21893276.400000002,15250600.0,0.17238339999999996,36.0,514.0,514.0,5.5096236693768536e+16,1.0,1.0008529999999995,107.6,107.6
512.0,32000000.0,256.0,64.0,2.0,12.0,14.0,8.0,5.0,3.0,5.0,3.0,5.0,3.0,5.0,1.0,2.0,4.0,2.0,4.0,5.0,1.0,6.0,5.0,5.0,3.0,1.0,4.0,4.0,4.0,2.0,1.0,512.0,16.0,1.0,6.0,2.0,1.0,1.0,1.0,1.0,1.0,1.0,1.0,4.0,6.0,4.0,5.0,1.0,6.0,1.0,1.0,2.0,3.0,4.0,2.0,6.0,4.0,6.0,2.0,6.0,3.0,16.0,64.0,1.0,4.0,2.0,1.0,4.0,64.0,1.0,1.0,1.0,1.0,4.0,4.0,5.0,5.0,3.0,5.0,1.0,3.0,5.0,4.0,2.0,2.0,2.0,3.0,3.0,2.0,3.0,1.0,128.0,2.0,1.0,128.0,2.0,1.0,1.0,4.0,1.0,1.0,1.0,1.0,6.0,5.0,3.0,1.0,6.0,1.0,5.0,3.0,1.0,6.0,5.0,2.0,5.0,6.0,5.0,1.0,3.0,1.0,128.0,4.0,1.0,256.0,32.0,1.0,1.0,1.0,1.0,1.0,1.0,1.0,5.0,3.0,4.0,6.0,5.0,3.0,2.0,1.0,3.0,3.0,1.0,2.0,2.0,2.0,2.0,1.0,5.0,5.0,512.0,4.0,1.0,1024.0,256.0,1.0,1.0,1.0,1.0,1.0,1.0,1.0,4.0,1.0,4.0,4.0,4.0,6.0,4.0,3.0,6.0,4.0,3.0,3.0,6.0,4.0,1.0,6.0,5.0,4.0,1024.0,16.0,1.0,256.0,64.0,1.0,1.0,1.0,1.0,1.0,1.0,1.0,206358390.0,4396965.199999999,50225300.0,0.5787494000000002,112.0,514.0,108544.0,907350659558027.9,13.973335,7.285689120000001,107.6,15172.8
256.0,32000.0,256.0,64.0,1.0,10.0,22.0,36.0,4.0,2.0,4.0,5.0,5.0,1.0,1.0,4.0,4.0,1.0,6.0,1.0,5.0,4.0,5.0,3.0,1.0,4.0,1.0,1.0,5.0,2.0,2.0,3.0,8.0,16.0,1.0,768.0,8.0,1.0,1.0,1.0,1.0,1.0,1.0,1.0,4.0,2.0,6.0,6.0,5.0,2.0,5.0,1.0,6.0,5.0,3.0,4.0,3.0,2.0,3.0,5.0,5.0,4.0,1.0,1.0,1.0,16.0,32.0,1.0,16.0,2.0,1.0,1.0,1.0,1.0,2.0,6.0,4.0,1.0,1.0,1.0,6.0,4.0,1.0,6.0,4.0,2.0,1.0,4.0,2.0,2.0,2.0,5.0,128.0,16.0,1.0,4.0,1.0,1.0,1.0,8.0,1.0,1.0,1.0,1.0,6.0,1.0,2.0,2.0,1.0,1.0,1.0,3.0,3.0,1.0,4.0,3.0,5.0,5.0,5.0,2.0,2.0,6.0,8.0,64.0,1.0,16.0,16.0,1.0,1.0,1.0,1.0,1.0,1.0,1.0,4.0,1.0,6.0,1.0,4.0,5.0,3.0,3.0,5.0,3.0,1.0,2.0,4.0,2.0,1.0,2.0,3.0,6.0,32.0,8.0,1.0,2.0,1.0,1.0,1.0,1.0,1.0,1.0,1.0,1.0,4.0,6.0,2.0,3.0,4.0,5.0,1.0,6.0,1.0,1.0,2.0,5.0,4.0,1.0,2.0,4.0,3.0,2.0,4.0,256.0,1.0,512.0,2.0,1.0,1.0,1.0,1.0,1.0,1.0,1.0,2516582520.0,15566096.4,15250600.0,0.17238339999999996,36.0,514.0,514.0,3.917336610487493e+16,1.0,1.396901,107.6,107.6
2048000.0,128000.0,256.0,64.0,3.0,42.0,40.0,44.0,2.0,4.0,4.0,2.0,2.0,5.0,6.0,3.0,1.0,3.0,6.0,2.0,2.0,3.0,2.0,4.0,4.0,6.0,5.0,1.0,4.0,3.0,4.0,2.0,1.0,512.0,1.0,96.0,64.0,1.0,1.0,1.0,1.0,1.0,1.0,1.0,1.0,1.0,5.0,6.0,4.0,2.0,4.0,1.0,6.0,5.0,5.0,2.0,2.0,6.0,1.0,1.0,5.0,4.0,16.0,8.0,1.0,16.0,1.0,1.0,128.0,2.0,1.0,1.0,1.0,1.0,4.0,3.0,6.0,1.0,4.0,2.0,3.0,2.0,6.0,1.0,1.0,3.0,5.0,6.0,5.0,5.0,5.0,6.0,1.0,32.0,1.0,128.0,2.0,1.0,4.0,2.0,1.0,1.0,1.0,1.0,6.0,6.0,4.0,4.0,1.0,5.0,4.0,6.0,5.0,4.0,3.0,1.0,2.0,1.0,5.0,6.0,3.0,3.0,256.0,256.0,1.0,2.0,4.0,1.0,1.0,1.0,1.0,1.0,1.0,1.0,4.0,6.0,3.0,3.0,4.0,4.0,3.0,2.0,4.0,2.0,1.0,2.0,6.0,4.0,6.0,3.0,2.0,6.0,1.0,64.0,1.0,2.0,32.0,1.0,1.0,1.0,1.0,1.0,1.0,1.0,1.0,2.0,6.0,2.0,3.0,3.0,1.0,1.0,1.0,6.0,4.0,4.0,3.0,4.0,2.0,1.0,5.0,1.0,2.0,512.0,1.0,16.0,8.0,1.0,1.0,1.0,1.0,1.0,1.0,1.0,959913096.0,4292710.8,2813010000000.0,2734.0005,73920.0,514.0,253952.0,4120629314260636.5,39.5,4.1840820249999995,107.6,32409.6
256000.0,2048000.0,256.0,64.0,3.0,8.0,16.0,32.0,4.0,3.0,2.0,5.0,3.0,4.0,1.0,1.0,1.0,1.0,2.0,2.0,1.0,6.0,1.0,3.0,1.0,5.0,2.0,6.0,2.0,5.0,1.0,5.0,1.0,4.0,1.0,8.0,96.0,1.0,1.0,1.0,1.0,1.0,1.0,1.0,1.0,3.0,2.0,1.0,5.0,2.0,2.0,3.0,5.0,1.0,6.0,5.0,1.0,2.0,6.0,5.0,3.0,6.0,16.0,64.0,1.0,128.0,4.0,1.0,16.0,32.0,1.0,1.0,1.0,1.0,4.0,5.0,1.0,3.0,5.0,1.0,6.0,1.0,5.0,6.0,5.0,2.0,1.0,4.0,2.0,6.0,5.0,2.0,16.0,64.0,1.0,2.0,1.0,1.0,8.0,64.0,1.0,1.0,1.0,1.0,4.0,5.0,3.0,1.0,2.0,1.0,3.0,3.0,4.0,2.0,3.0,6.0,6.0,4.0,4.0,6.0,3.0,5.0,8.0,256.0,1.0,512.0,64.0,1.0,1.0,1.0,1.0,1.0,1.0,1.0,5.0,2.0,3.0,4.0,4.0,3.0,5.0,2.0,3.0,5.0,1.0,6.0,5.0,4.0,6.0,5.0,4.0,3.0,8.0,256.0,1.0,16.0,256.0,1.0,1.0,1.0,1.0,1.0,1.0,1.0,4.0,6.0,2.0,3.0,3.0,6.0,1.0,4.0,5.0,4.0,2.0,6.0,1.0,5.0,6.0,2.0,3.0,2.0,4.0,2.0,1.0,256.0,64.0,1.0,1.0,1.0,1.0,1.0,1.0,1.0,642106092.0,5489397.440000001,10126000000.0,26.382920000000002,4096.0,514.0,458752.0,3524775537633205.5,5.1,0.4966318500000001,107.6,55744.0
256.0,2048000.0,256.0,64.0,1.0,36.0,32.0,38.0,3.0,2.0,2.0,2.0,3.0,5.0,1.0,2.0,6.0,5.0,4.0,1.0,3.0,1.0,2.0,2.0,3.0,2.0,3.0,1.0,2.0,6.0,4.0,3.0,64.0,4.0,1.0,1.0,256.0,1.0,1.0,1.0,1.0,1.0,1.0,1.0,4.0,4.0,1.0,6.0,3.0,1.0,5.0,3.0,5.0,2.0,4.0,5.0,2.0,3.0,5.0,4.0,1.0,1.0,32.0,64.0,1.0,1.0,16.0,1.0,32.0,16.0,1.0,1.0,1.0,1.0,2.0,3.0,3.0,6.0,5.0,5.0,3.0,5.0,1.0,3.0,4.0,3.0,4.0,6.0,2.0,6.0,4.0,2.0,64.0,8.0,1.0,128.0,2.0,1.0,16.0,64.0,1.0,1.0,1.0,1.0,2.0,1.0,1.0,3.0,5.0,3.0,3.0,4.0,6.0,3.0,6.0,4.0,5.0,3.0,1.0,4.0,4.0,4.0,1.0,1.0,1.0,128.0,256.0,1.0,1.0,1.0,1.0,1.0,1.0,1.0,3.0,5.0,6.0,1.0,3.0,4.0,4.0,6.0,3.0,3.0,4.0,2.0,4.0,3.0,6.0,2.0,5.0,6.0,2.0,8.0,1.0,256.0,2048.0,1.0,1.0,1.0,1.0,1.0,1.0,1.0,3.0,5.0,6.0,1.0,2.0,4.0,5.0,1.0,2.0,5.0,5.0,5.0,6.0,3.0,3.0,1.0,2.0,3.0,1024.0,8.0,1.0,128.0,4.0,1.0,1.0,1.0,1.0,1.0,1.0,1.0,2516582520.0,15567891.600000001,16095200.0,0.18164519999999992,38.0,514.0,514.0,3.917788387381483e+16,1.0,1.3999530000000002,107.6,107.6
2048000.0,16000000.0,256.0,64.0,1.0,12.0,16.0,46.0,3.0,4.0,1.0,3.0,4.0,6.0,4.0,5.0,5.0,4.0,2.0,5.0,6.0,2.0,5.0,3.0,1.0,4.0,2.0,6.0,2.0,2.0,1.0,2.0,256.0,256.0,1.0,512.0,384.0,1.0,1.0,1.0,1.0,1.0,1.0,1.0,4.0,3.0,2.0,6.0,5.0,3.0,3.0,2.0,3.0,5.0,1.0,2.0,3.0,3.0,5.0,6.0,1.0,2.0,4.0,64.0,1.0,8.0,32.0,1.0,2.0,2.0,1.0,1.0,1.0,1.0,4.0,1.0,6.0,5.0,4.0,6.0,5.0,1.0,4.0,6.0,4.0,4.0,3.0,6.0,3.0,6.0,4.0,1.0,4.0,128.0,1.0,4.0,32.0,1.0,8.0,2.0,1.0,1.0,1.0,1.0,6.0,3.0,2.0,5.0,1.0,1.0,2.0,6.0,2.0,1.0,5.0,3.0,6.0,6.0,5.0,2.0,5.0,1.0,512.0,16.0,1.0,32.0,32.0,1.0,1.0,1.0,1.0,1.0,1.0,1.0,2.0,4.0,4.0,5.0,4.0,1.0,6.0,2.0,1.0,5.0,4.0,2.0,6.0,6.0,3.0,2.0,4.0,1.0,4.0,64.0,1.0,1.0,2048.0,1.0,1.0,1.0,1.0,1.0,1.0,1.0,3.0,2.0,1.0,4.0,2.0,1.0,5.0,5.0,2.0,3.0,6.0,3.0,4.0,1.0,3.0,2.0,3.0,1.0,1.0,128.0,1.0,2.0,8.0,1.0,1.0,1.0,1.0,1.0,1.0,1.0,2516582520.0,18149743.2,19514700.0,0.21872460000000002,46.0,514.0,514.0,4.567532647960886e+16,1.0,1.0096669999999999,107.6,107.6
2048.0,8192000.0,256.0,64.0,3.0,26.0,32.0,24.0,6.0,6.0,4.0,3.0,4.0,4.0,4.0,5.0,6.0,1.0,4.0,2.0,3.0,5.0,2.0,5.0,5.0,2.0,1.0,5.0,1.0,4.0,6.0,1.0,256.0,64.0,1.0,128.0,4.0,1.0,1.0,1.0,1.0,1.0,1.0,1.0,2.0,4.0,4.0,4.0,2.0,5.0,1.0,2.0,1.0,6.0,1.0,4.0,4.0,4.0,1.0,4.0,4.0,6.0,4.0,16.0,1.0,1.0,2.0,1.0,32.0,128.0,1.0,1.0,1.0,1.0,3.0,5.0,4.0,4.0,6.0,2.0,4.0,6.0,4.0,6.0,1.0,1.0,4.0,1.0,1.0,1.0,6.0,3.0,16.0,8.0,1.0,16.0,4.0,1.0,1.0,64.0,1.0,1.0,1.0,1.0,6.0,5.0,5.0,6.0,3.0,2.0,5.0,4.0,4.0,1.0,3.0,6.0,3.0,4.0,1.0,2.0,1.0,6.0,8.0,64.0,1.0,32.0,16.0,1.0,1.0,1.0,1.0,1.0,1.0,1.0,3.0,3.0,6.0,6.0,5.0,5.0,4.0,5.0,1.0,4.0,1.0,3.0,1.0,1.0,6.0,5.0,1.0,1.0,512.0,4.0,1.0,2048.0,64.0,1.0,1.0,1.0,1.0,1.0,1.0,1.0,1.0,1.0,4.0,4.0,3.0,5.0,2.0,3.0,6.0,5.0,6.0,2.0,5.0,2.0,2.0,1.0,1.0,1.0,16.0,1.0,1.0,256.0,32.0,1.0,1.0,1.0,1.0,1.0,1.0,1.0,53232468.0,3908747.8099999996,210872000000.0,267.18829999999997,19968.0,514.0,2752512.0,208072292715895.06,79.83999999999999,1.3464583499999998,107.6,196096.0
1024.0,512000.0,256.0,64.0,1.0,34.0,40.0,34.0,1.0,5.0,5.0,1.0,6.0,2.0,3.0,3.0,5.0,4.0,1.0,2.0,4.0,1.0,5.0,6.0,1.0,5.0,4.0,1.0,6.0,2.0,6.0,4.0,4.0,128.0,1.0,64.0,384.0,1.0,1.0,1.0,1.0,1.0,1.0,1.0,1.0,3.0,5.0,2.0,6.0,5.0,4.0,3.0,1.0,1.0,5.0,1.0,1.0,4.0,5.0,5.0,4.0,6.0,4.0,4.0,1.0,16.0,64.0,1.0,2.0,128.0,1.0,1.0,1.0,1.0,4.0,3.0,2.0,1.0,5.0,6.0,1.0,6.0,1.0,5.0,2.0,1.0,4.0,4.0,2.0,6.0,5.0,4.0,32.0,16.0,1.0,32.0,8.0,1.0,64.0,2.0,1.0,1.0,1.0,1.0,3.0,3.0,3.0,6.0,3.0,6.0,1.0,4.0,2.0,2.0,3.0,2.0,5.0,4.0,6.0,4.0,2.0,1.0,4.0,256.0,1.0,128.0,256.0,1.0,1.0,1.0,1.0,1.0,1.0,1.0,1.0,3.0,2.0,3.0,6.0,5.0,5.0,2.0,5.0,1.0,2.0,1.0,2.0,3.0,2.0,1.0,5.0,4.0,16.0,1.0,1.0,128.0,512.0,1.0,1.0,1.0,1.0,1.0,1.0,1.0,5.0,3.0,2.0,2.0,1.0,3.0,6.0,3.0,2.0,3.0,2.0,1.0,5.0,4.0,2.0,3.0,1.0,6.0,256.0,4.0,1.0,2.0,8.0,1.0,1.0,1.0,1.0,1.0,1.0,1.0,2516582520.0,19313220.0,14410000.0,0.1631262,34.0,514.0,514.0,4.86033118569144e+16,1.0,1.394191,107.6,107.6
128000.0,32000.0,256.0,64.0,2.0,30.0,40.0,44.0,1.0,1.0,3.0,4.0,5.0,2.0,6.0,6.0,5.0,6.0,2.0,5.0,3.0,4.0,2.0,4.0,2.0,6.0,3.0,3.0,5.0,4.0,4.0,4.0,512.0,2.0,1.0,128.0,3.0,1.0,1.0,1.0,1.0,1.0,1.0,1.0,6.0,6.0,1.0,2.0,2.0,2.0,5.0,2.0,4.0,6.0,4.0,5.0,3.0,1.0,5.0,3.0,2.0,4.0,8.0,1.0,1.0,32.0,1.0,1.0,16.0,8.0,1.0,1.0,1.0,1.0,2.0,5.0,1.0,5.0,4.0,2.0,4.0,2.0,3.0,3.0,4.0,1.0,3.0,4.0,1.0,4.0,2.0,4.0,32.0,64.0,1.0,64.0,1.0,1.0,8.0,4.0,1.0,1.0,1.0,1.0,6.0,2.0,3.0,5.0,5.0,2.0,6.0,1.0,5.0,5.0,3.0,6.0,3.0,4.0,3.0,6.0,6.0,2.0,1.0,64.0,1.0,1.0,256.0,1.0,1.0,1.0,1.0,1.0,1.0,1.0,2.0,4.0,5.0,4.0,2.0,4.0,6.0,1.0,1.0,4.0,6.0,4.0,4.0,2.0,4.0,6.0,4.0,4.0,4.0,512.0,1.0,1024.0,32.0,1.0,1.0,1.0,1.0,1.0,1.0,1.0,1.0,2.0,5.0,3.0,5.0,6.0,6.0,1.0,1.0,1.0,4.0,5.0,4.0,3.0,3.0,4.0,3.0,4.0,4.0,2.0,1.0,128.0,8.0,1.0,1.0,1.0,1.0,1.0,1.0,1.0,2526068880.0,9870456.219999999,2256240000.0,9.458760000000002,1760.0,514.0,9472.0,2.493345228874443e+16,1.0,0.56899345,107.6,838.3
1024000.0,8192000.0,256.0,64.0,3.0,16.0,36.0,10.0,6.0,5.0,2.0,1.0,6.0,5.0,6.0,5.0,2.0,5.0,3.0,4.0,1.0,2.0,4.0,4.0,6.0,6.0,4.0,1.0,1.0,4.0,4.0,6.0,32.0,8.0,1.0,24.0,48.0,1.0,1.0,1.0,1.0,1.0,1.0,1.0,5.0,6.0,1.0,4.0,2.0,4.0,4.0,6.0,6.0,5.0,2.0,1.0,1.0,1.0,4.0,6.0,2.0,3.0,4.0,1.0,1.0,32.0,32.0,1.0,8.0,128.0,1.0,1.0,1.0,1.0,4.0,4.0,4.0,3.0,6.0,5.0,1.0,6.0,6.0,4.0,3.0,4.0,2.0,1.0,2.0,1.0,3.0,6.0,128.0,2.0,1.0,32.0,16.0,1.0,32.0,32.0,1.0,1.0,1.0,1.0,4.0,4.0,6.0,2.0,1.0,5.0,3.0,5.0,2.0,4.0,2.0,6.0,6.0,2.0,5.0,6.0,5.0,2.0,16.0,512.0,1.0,32.0,8.0,1.0,1.0,1.0,1.0,1.0,1.0,1.0,4.0,4.0,2.0,6.0,1.0,1.0,5.0,5.0,2.0,5.0,2.0,1.0,3.0,3.0,3.0,4.0,1.0,1.0,32.0,512.0,1.0,32.0,512.0,1.0,1.0,1.0,1.0,1.0,1.0,1.0,6.0,6.0,4.0,5.0,4.0,1.0,1.0,6.0,1.0,6.0,4.0,3.0,3.0,1.0,3.0,3.0,6.0,6.0,2.0,32.0,1.0,16.0,2.0,1.0,1.0,1.0,1.0,1.0,1.0,1.0,162599232.0,3920761.62,19123800000.0,41.31708999999999,5760.0,514.0,786432.0,637512828267075.9,63.2,0.96640625,107.6,83968.0
2048.0,4096000.0,256.0,64.0,1.0,14.0,2.0,48.0,1.0,2.0,1.0,1.0,1.0,4.0,4.0,4.0,4.0,5.0,2.0,4.0,3.0,4.0,6.0,5.0,4.0,3.0,1.0,1.0,4.0,2.0,5.0,1.0,512.0,256.0,1.0,32.0,192.0,1.0,1.0,1.0,1.0,1.0,1.0,1.0,3.0,3.0,3.0,2.0,6.0,3.0,3.0,1.0,6.0,1.0,6.0,3.0,3.0,6.0,5.0,6.0,2.0,4.0,2.0,32.0,1.0,4.0,1.0,1.0,8.0,64.0,1.0,1.0,1.0,1.0,2.0,4.0,2.0,5.0,2.0,5.0,4.0,2.0,2.0,5.0,4.0,2.0,5.0,6.0,5.0,6.0,2.0,2.0,64.0,4.0,1.0,1.0,32.0,1.0,32.0,32.0,1.0,1.0,1.0,1.0,1.0,6.0,6.0,2.0,6.0,6.0,5.0,2.0,4.0,5.0,5.0,3.0,3.0,4.0,2.0,3.0,6.0,5.0,2.0,16.0,1.0,512.0,4.0,1.0,1.0,1.0,1.0,1.0,1.0,1.0,5.0,6.0,6.0,4.0,5.0,1.0,6.0,5.0,4.0,5.0,5.0,4.0,2.0,1.0,6.0,5.0,2.0,5.0,32.0,8.0,1.0,16.0,64.0,1.0,1.0,1.0,1.0,1.0,1.0,1.0,4.0,6.0,1.0,2.0,5.0,5.0,3.0,2.0,3.0,2.0,1.0,2.0,5.0,2.0,5.0,5.0,5.0,1.0,8.0,2.0,1.0,16.0,16.0,1.0,1.0,1.0,1.0,1.0,1.0,1.0,2516582520.0,16503753.600000001,20379700.0,0.2280036,48.0,514.0,514.0,4.153305782414707e+16,1.0,1.400342,107.6,107.6
256.0,16000000.0,256.0,64.0,3.0,24.0,44.0,38.0,4.0,3.0,5.0,1.0,2.0,4.0,4.0,1.0,6.0,3.0,5.0,4.0,1.0,3.0,2.0,2.0,6.0,5.0,5.0,2.0,2.0,2.0,2.0,1.0,1.0,512.0,1.0,2.0,64.0,1.0,1.0,1.0,1.0,1.0,1.0,1.0,6.0,1.0,5.0,2.0,5.0,3.0,2.0,5.0,2.0,2.0,4.0,6.0,4.0,6.0,4.0,3.0,6.0,3.0,1.0,8.0,1.0,32.0,64.0,1.0,2.0,2.0,1.0,1.0,1.0,1.0,3.0,5.0,5.0,2.0,5.0,1.0,5.0,1.0,4.0,4.0,4.0,2.0,4.0,5.0,6.0,6.0,3.0,6.0,128.0,4.0,1.0,128.0,8.0,1.0,2.0,8.0,1.0,1.0,1.0,1.0,2.0,4.0,3.0,3.0,3.0,3.0,4.0,6.0,1.0,2.0,1.0,4.0,3.0,5.0,3.0,4.0,2.0,2.0,1.0,2.0,1.0,128.0,256.0,1.0,1.0,1.0,1.0,1.0,1.0,1.0,6.0,5.0,6.0,1.0,5.0,2.0,3.0,5.0,6.0,1.0,3.0,1.0,1.0,5.0,2.0,6.0,5.0,2.0,4.0,256.0,1.0,8.0,1.0,1.0,1.0,1.0,1.0,1.0,1.0,1.0,5.0,3.0,3.0,4.0,2.0,2.0,3.0,4.0,4.0,5.0,6.0,4.0,5.0,2.0,4.0,6.0,2.0,5.0,32.0,1024.0,1.0,64.0,4.0,1.0,1.0,1.0,1.0,1.0,1.0,1.0,166112994.0,4377786.300000001,836032000000.0,890.2470999999999,40128.0,514.0,409600.0,727207189385182.4,176.100135,10.300013349999999,107.6,67456.0
128000.0,512000.0,256.0,64.0,3.0,26.0,26.0,44.0,5.0,1.0,3.0,4.0,5.0,2.0,3.0,3.0,3.0,6.0,6.0,2.0,6.0,1.0,1.0,6.0,3.0,4.0,1.0,2.0,6.0,6.0,6.0,2.0,128.0,2.0,1.0,3.0,2.0,1.0,1.0,1.0,1.0,1.0,1.0,1.0,5.0,3.0,4.0,2.0,1.0,3.0,2.0,1.0,1.0,4.0,1.0,3.0,1.0,6.0,4.0,5.0,2.0,3.0,8.0,64.0,1.0,2.0,1.0,1.0,32.0,2.0,1.0,1.0,1.0,1.0,2.0,2.0,4.0,2.0,5.0,3.0,1.0,6.0,3.0,3.0,4.0,6.0,6.0,2.0,4.0,2.0,6.0,4.0,16.0,4.0,1.0,2.0,1.0,1.0,1.0,2.0,1.0,1.0,1.0,1.0,6.0,2.0,1.0,5.0,6.0,5.0,3.0,3.0,4.0,5.0,2.0,4.0,4.0,6.0,4.0,3.0,1.0,4.0,128.0,16.0,1.0,32.0,256.0,1.0,1.0,1.0,1.0,1.0,1.0,1.0,5.0,3.0,6.0,6.0,6.0,4.0,5.0,2.0,6.0,6.0,1.0,1.0,2.0,2.0,3.0,4.0,4.0,6.0,64.0,1.0,1.0,256.0,2.0,1.0,1.0,1.0,1.0,1.0,1.0,1.0,2.0,3.0,2.0,2.0,6.0,4.0,1.0,1.0,3.0,3.0,5.0,4.0,5.0,5.0,3.0,6.0,2.0,1.0,64.0,4.0,1.0,32.0,4.0,1.0,1.0,1.0,1.0,1.0,1.0,1.0,414610044.0,4052190.6599999997,462293000000.0,524.6678,29744.0,514.0,540672.0,1680078947838989.0,5.2,1.28554552,107.6,81859.2
2048000.0,32000.0,256.0,64.0,3.0,40.0,42.0,44.0,3.0,5.0,2.0,5.0,5.0,1.0,1.0,5.0,5.0,3.0,6.0,4.0,2.0,4.0,6.0,4.0,3.0,6.0,3.0,6.0,5.0,2.0,4.0,6.0,32.0,1.0,1.0,3.0,1.0,1.0,1.0,1.0,1.0,1.0,1.0,1.0,1.0,5.0,4.0,2.0,5.0,6.0,5.0,6.0,2.0,2.0,6.0,2.0,3.0,5.0,4.0,4.0,6.0,5.0,16.0,16.0,1.0,16.0,4.0,1.0,4.0,32.0,1.0,1.0,1.0,1.0,3.0,4.0,3.0,4.0,2.0,5.0,5.0,3.0,4.0,2.0,1.0,5.0,4.0,5.0,2.0,3.0,4.0,4.0,2.0,64.0,1.0,4.0,4.0,1.0,32.0,1.0,1.0,1.0,1.0,1.0,4.0,1.0,2.0,2.0,1.0,3.0,2.0,1.0,4.0,3.0,3.0,3.0,1.0,6.0,1.0,5.0,5.0,2.0,32.0,16.0,1.0,128.0,4.0,1.0,1.0,1.0,1.0,1.0,1.0,1.0,4.0,3.0,2.0,2.0,5.0,1.0,1.0,3.0,4.0,5.0,3.0,6.0,6.0,2.0,4.0,4.0,2.0,3.0,16.0,256.0,1.0,1.0,1024.0,1.0,1.0,1.0,1.0,1.0,1.0,1.0,4.0,1.0,3.0,3.0,6.0,2.0,6.0,6.0,5.0,2.0,2.0,2.0,3.0,5.0,1.0,1.0,4.0,1.0,128.0,1.0,1.0,128.0,128.0,1.0,1.0,1.0,1.0,1.0,1.0,1.0,678088518.0,4044645.7600000007,2813010000000.0,2734.2565,73920.0,514.0,1376256.0,2742627849233384.0,18.46923,0.388221,107.6,107494.4
1024000.0,8192000.0,256.0,64.0,3.0,24.0,44.0,26.0,6.0,6.0,5.0,3.0,2.0,2.0,4.0,3.0,2.0,1.0,3.0,4.0,1.0,1.0,4.0,3.0,6.0,3.0,6.0,6.0,6.0,5.0,5.0,2.0,2.0,16.0,1.0,1536.0,48.0,1.0,1.0,1.0,1.0,1.0,1.0,1.0,5.0,2.0,3.0,5.0,6.0,5.0,2.0,5.0,6.0,5.0,3.0,4.0,2.0,3.0,3.0,3.0,4.0,4.0,1.0,8.0,1.0,4.0,128.0,1.0,16.0,1.0,1.0,1.0,1.0,1.0,4.0,1.0,1.0,6.0,2.0,6.0,5.0,1.0,3.0,6.0,5.0,3.0,3.0,6.0,2.0,4.0,1.0,5.0,8.0,32.0,1.0,32.0,2.0,1.0,1.0,32.0,1.0,1.0,1.0,1.0,3.0,6.0,3.0,3.0,3.0,1.0,2.0,6.0,3.0,1.0,1.0,1.0,2.0,6.0,2.0,6.0,5.0,5.0,16.0,32.0,1.0,512.0,16.0,1.0,1.0,1.0,1.0,1.0,1.0,1.0,5.0,5.0,5.0,2.0,6.0,6.0,6.0,5.0,4.0,1.0,6.0,3.0,6.0,5.0,2.0,3.0,2.0,1.0,512.0,64.0,1.0,4.0,512.0,1.0,1.0,1.0,1.0,1.0,1.0,1.0,1.0,2.0,4.0,6.0,1.0,6.0,4.0,6.0,5.0,5.0,3.0,4.0,6.0,1.0,4.0,5.0,6.0,1.0,1.0,256.0,1.0,2.0,32.0,1.0,1.0,1.0,1.0,1.0,1.0,1.0,27890040.0,3917371.16,394719000000.0,457.2568,27456.0,514.0,1671168.0,109255638347246.4,187.733335,2.953125,107.6,211763.2
128000.0,512000.0,256.0,64.0,1.0,14.0,14.0,12.0,5.0,1.0,1.0,6.0,4.0,3.0,3.0,3.0,6.0,6.0,5.0,6.0,5.0,1.0,5.0,1.0,6.0,2.0,5.0,2.0,1.0,6.0,6.0,2.0,64.0,512.0,1.0,24.0,32.0,1.0,1.0,1.0,1.0,1.0,1.0,1.0,5.0,1.0,2.0,2.0,2.0,4.0,2.0,3.0,1.0,5.0,3.0,4.0,6.0,3.0,6.0,3.0,4.0,1.0,16.0,64.0,1.0,64.0,32.0,1.0,64.0,64.0,1.0,1.0,1.0,1.0,2.0,2.0,5.0,5.0,5.0,4.0,6.0,5.0,4.0,2.0,2.0,6.0,2.0,1.0,4.0,3.0,3.0,4.0,2.0,2.0,1.0,8.0,4.0,1.0,4.0,4.0,1.0,1.0,1.0,1.0,2.0,5.0,2.0,2.0,1.0,2.0,1.0,4.0,3.0,4.0,4.0,4.0,4.0,5.0,2.0,1.0,1.0,2.0,16.0,1.0,1.0,16.0,8.0,1.0,1.0,1.0,1.0,1.0,1.0,1.0,3.0,2.0,6.0,2.0,5.0,6.0,1.0,6.0,2.0,5.0,4.0,4.0,1.0,6.0,4.0,3.0,4.0,6.0,2.0,16.0,1.0,4.0,16.0,1.0,1.0,1.0,1.0,1.0,1.0,1.0,2.0,1.0,4.0,1.0,3.0,5.0,6.0,4.0,4.0,3.0,1.0,2.0,2.0,5.0,6.0,4.0,2.0,5.0,16.0,64.0,1.0,8.0,4.0,1.0,1.0,1.0,1.0,1.0,1.0,1.0,2516582520.0,23768614.799999997,5432530.0,0.06178446,12.0,514.0,514.0,5.981568053029329e+16,1.0,1.0042939999999996,107.6,107.6
256000.0,32000.0,256.0,64.0,3.0,32.0,44.0,16.0,2.0,6.0,2.0,6.0,3.0,2.0,2.0,4.0,4.0,3.0,1.0,3.0,3.0,6.0,3.0,5.0,4.0,3.0,6.0,4.0,4.0,3.0,3.0,1.0,512.0,1.0,1.0,256.0,1536.0,1.0,1.0,1.0,1.0,1.0,1.0,1.0,6.0,3.0,6.0,3.0,2.0,5.0,4.0,4.0,6.0,1.0,1.0,5.0,1.0,6.0,5.0,2.0,1.0,4.0,8.0,32.0,1.0,16.0,2.0,1.0,16.0,128.0,1.0,1.0,1.0,1.0,3.0,2.0,3.0,2.0,2.0,4.0,5.0,2.0,6.0,1.0,1.0,6.0,1.0,2.0,1.0,4.0,3.0,1.0,8.0,8.0,1.0,4.0,32.0,1.0,1.0,32.0,1.0,1.0,1.0,1.0,4.0,3.0,6.0,5.0,5.0,4.0,4.0,5.0,6.0,3.0,5.0,3.0,6.0,4.0,4.0,6.0,1.0,5.0,512.0,4.0,1.0,2.0,8.0,1.0,1.0,1.0,1.0,1.0,1.0,1.0,6.0,2.0,5.0,2.0,4.0,6.0,4.0,5.0,4.0,3.0,3.0,3.0,1.0,4.0,3.0,5.0,5.0,2.0,32.0,128.0,1.0,512.0,256.0,1.0,1.0,1.0,1.0,1.0,1.0,1.0,5.0,4.0,6.0,2.0,1.0,5.0,3.0,5.0,1.0,6.0,5.0,5.0,5.0,3.0,4.0,6.0,4.0,4.0,256.0,64.0,1.0,8.0,4.0,1.0,1.0,1.0,1.0,1.0,1.0,1.0,856122528.0,3952760.9400000004,267297000000.0,326.67095,22528.0,514.0,2097152.0,3384047688532456.5,8.25,0.134375,107.6,209920.0
128000.0,16000.0,256.0,64.0,2.0,46.0,2.0,22.0,2.0,6.0,4.0,2.0,4.0,2.0,1.0,5.0,1.0,4.0,1.0,1.0,3.0,3.0,6.0,3.0,6.0,5.0,4.0,5.0,6.0,5.0,5.0,4.0,8.0,4.0,1.0,96.0,256.0,1.0,1.0,1.0,1.0,1.0,1.0,1.0,3.0,6.0,4.0,1.0,5.0,3.0,5.0,4.0,5.0,4.0,2.0,5.0,5.0,1.0,6.0,2.0,4.0,2.0,8.0,16.0,1.0,4.0,64.0,1.0,64.0,128.0,1.0,1.0,1.0,1.0,2.0,6.0,4.0,1.0,1.0,1.0,6.0,6.0,5.0,5.0,6.0,3.0,1.0,4.0,6.0,5.0,4.0,2.0,16.0,128.0,1.0,64.0,8.0,1.0,64.0,8.0,1.0,1.0,1.0,1.0,2.0,6.0,2.0,4.0,6.0,2.0,3.0,3.0,2.0,5.0,2.0,4.0,3.0,3.0,1.0,4.0,3.0,6.0,4.0,8.0,1.0,2.0,8.0,1.0,1.0,1.0,1.0,1.0,1.0,1.0,5.0,6.0,3.0,6.0,6.0,5.0,1.0,4.0,3.0,3.0,6.0,6.0,6.0,2.0,3.0,4.0,6.0,6.0,1.0,32.0,1.0,16.0,128.0,1.0,1.0,1.0,1.0,1.0,1.0,1.0,3.0,4.0,3.0,1.0,5.0,5.0,6.0,2.0,4.0,3.0,4.0,4.0,5.0,4.0,2.0,6.0,4.0,1.0,2048.0,128.0,1.0,2.0,256.0,1.0,1.0,1.0,1.0,1.0,1.0,1.0,1212635826.0,8397118.959999999,18659000.0,0.23024755000000002,44.0,514.0,51712.0,1.018264728607986e+16,23.86668,2.713227769999999,107.6,6136.0
512000.0,64000.0,256.0,64.0,2.0,42.0,10.0,8.0,3.0,1.0,5.0,3.0,1.0,5.0,4.0,4.0,6.0,6.0,2.0,2.0,5.0,2.0,3.0,1.0,2.0,3.0,1.0,6.0,1.0,4.0,6.0,4.0,64.0,4.0,1.0,1.0,24.0,1.0,1.0,1.0,1.0,1.0,1.0,1.0,6.0,5.0,1.0,3.0,2.0,2.0,5.0,4.0,4.0,2.0,1.0,5.0,1.0,3.0,6.0,4.0,5.0,5.0,64.0,32.0,1.0,2.0,64.0,1.0,4.0,1.0,1.0,1.0,1.0,1.0,3.0,1.0,5.0,4.0,2.0,6.0,4.0,2.0,6.0,3.0,6.0,3.0,2.0,5.0,3.0,2.0,6.0,2.0,8.0,32.0,1.0,1.0,64.0,1.0,16.0,8.0,1.0,1.0,1.0,1.0,3.0,1.0,1.0,3.0,1.0,2.0,6.0,6.0,3.0,6.0,1.0,2.0,1.0,3.0,2.0,5.0,6.0,2.0,256.0,32.0,1.0,16.0,1.0,1.0,1.0,1.0,1.0,1.0,1.0,1.0,6.0,1.0,3.0,6.0,6.0,4.0,2.0,3.0,1.0,2.0,5.0,3.0,5.0,5.0,6.0,5.0,5.0,5.0,4.0,16.0,1.0,512.0,32.0,1.0,1.0,1.0,1.0,1.0,1.0,1.0,5.0,2.0,1.0,6.0,2.0,4.0,3.0,2.0,1.0,5.0,4.0,1.0,5.0,5.0,4.0,6.0,2.0,2.0,256.0,1024.0,1.0,16.0,16.0,1.0,1.0,1.0,1.0,1.0,1.0,1.0,2428781274.0,5696134.960000001,34783100.0,0.39604494999999984,80.0,514.0,77824.0,1.3834665925024742e+16,7.3384599999999995,2.2612070625,107.6,5645.2
2048.0,8192000.0,256.0,64.0,1.0,30.0,34.0,42.0,2.0,5.0,1.0,4.0,1.0,2.0,1.0,4.0,4.0,6.0,3.0,2.0,3.0,3.0,3.0,5.0,4.0,4.0,4.0,2.0,3.0,5.0,2.0,6.0,128.0,32.0,1.0,2.0,32.0,1.0,1.0,1.0,1.0,1.0,1.0,1.0,2.0,6.0,5.0,2.0,4.0,4.0,2.0,6.0,4.0,5.0,1.0,5.0,1.0,3.0,2.0,1.0,2.0,1.0,2.0,2.0,1.0,128.0,4.0,1.0,4.0,2.0,1.0,1.0,1.0,1.0,5.0,6.0,3.0,1.0,2.0,2.0,5.0,3.0,1.0,1.0,1.0,1.0,5.0,2.0,2.0,4.0,3.0,5.0,2.0,128.0,1.0,64.0,8.0,1.0,2.0,4.0,1.0,1.0,1.0,1.0,3.0,4.0,5.0,2.0,4.0,2.0,6.0,5.0,5.0,6.0,4.0,4.0,2.0,1.0,1.0,6.0,1.0,1.0,16.0,512.0,1.0,16.0,1.0,1.0,1.0,1.0,1.0,1.0,1.0,1.0,3.0,2.0,1.0,3.0,4.0,6.0,4.0,2.0,1.0,3.0,3.0,4.0,2.0,4.0,5.0,2.0,2.0,5.0,4.0,32.0,1.0,1.0,256.0,1.0,1.0,1.0,1.0,1.0,1.0,1.0,1.0,4.0,5.0,2.0,1.0,1.0,5.0,3.0,5.0,3.0,6.0,5.0,4.0,2.0,6.0,4.0,3.0,1.0,32.0,2048.0,1.0,8.0,16.0,1.0,1.0,1.0,1.0,1.0,1.0,1.0,62521464.0,15200690.64,17797900.0,0.20792899999999997,42.0,514.0,11092.0,950369432623897.0,33.70393,34.09925,107.6,2354.4
4096.0,128000.0,256.0,64.0,2.0,24.0,40.0,30.0,1.0,1.0,3.0,3.0,6.0,3.0,4.0,3.0,3.0,4.0,1.0,2.0,6.0,6.0,4.0,2.0,2.0,3.0,1.0,3.0,4.0,4.0,2.0,5.0,128.0,1.0,1.0,24.0,16.0,1.0,1.0,1.0,1.0,1.0,1.0,1.0,1.0,6.0,3.0,4.0,4.0,2.0,4.0,3.0,4.0,6.0,1.0,4.0,1.0,2.0,3.0,6.0,3.0,5.0,32.0,64.0,1.0,1.0,1.0,1.0,1.0,4.0,1.0,1.0,1.0,1.0,4.0,5.0,6.0,4.0,6.0,2.0,1.0,1.0,6.0,4.0,6.0,5.0,1.0,3.0,2.0,1.0,6.0,4.0,8.0,8.0,1.0,64.0,64.0,1.0,4.0,1.0,1.0,1.0,1.0,1.0,1.0,4.0,4.0,4.0,2.0,3.0,2.0,5.0,4.0,2.0,3.0,3.0,6.0,4.0,5.0,3.0,3.0,1.0,16.0,8.0,1.0,64.0,256.0,1.0,1.0,1.0,1.0,1.0,1.0,1.0,5.0,3.0,5.0,5.0,1.0,3.0,3.0,6.0,2.0,6.0,5.0,1.0,3.0,4.0,6.0,1.0,5.0,3.0,2.0,4.0,1.0,16.0,8.0,1.0,1.0,1.0,1.0,1.0,1.0,1.0,5.0,5.0,2.0,4.0,2.0,3.0,5.0,1.0,6.0,1.0,1.0,5.0,5.0,6.0,3.0,2.0,2.0,3.0,32.0,2.0,1.0,128.0,16.0,1.0,1.0,1.0,1.0,1.0,1.0,1.0,2519141634.0,11000267.940000001,1196130000.0,6.161801000000001,1200.0,514.0,19456.0,2.7711232952809416e+16,1.0,0.8843003500000001,107.6,2074.4
512000.0,8192000.0,256.0,64.0,2.0,38.0,4.0,48.0,5.0,5.0,1.0,3.0,3.0,2.0,2.0,6.0,5.0,6.0,5.0,5.0,2.0,2.0,1.0,2.0,2.0,1.0,4.0,5.0,3.0,1.0,3.0,6.0,8.0,32.0,1.0,2.0,128.0,1.0,1.0,1.0,1.0,1.0,1.0,1.0,2.0,1.0,1.0,1.0,4.0,6.0,5.0,6.0,2.0,3.0,2.0,4.0,6.0,4.0,6.0,3.0,3.0,6.0,16.0,64.0,1.0,64.0,64.0,1.0,32.0,4.0,1.0,1.0,1.0,1.0,2.0,1.0,2.0,5.0,4.0,5.0,6.0,5.0,3.0,5.0,3.0,2.0,5.0,6.0,1.0,4.0,4.0,2.0,2.0,64.0,1.0,4.0,2.0,1.0,1.0,8.0,1.0,1.0,1.0,1.0,4.0,1.0,5.0,6.0,5.0,3.0,2.0,2.0,3.0,2.0,6.0,5.0,5.0,4.0,3.0,2.0,4.0,3.0,2.0,8.0,1.0,32.0,32.0,1.0,1.0,1.0,1.0,1.0,1.0,1.0,3.0,1.0,2.0,4.0,3.0,6.0,2.0,4.0,6.0,6.0,4.0,5.0,4.0,5.0,3.0,6.0,5.0,5.0,8.0,2.0,1.0,1024.0,256.0,1.0,1.0,1.0,1.0,1.0,1.0,1.0,6.0,2.0,6.0,1.0,2.0,1.0,3.0,2.0,1.0,5.0,1.0,2.0,6.0,6.0,2.0,1.0,5.0,2.0,32.0,4.0,1.0,128.0,16.0,1.0,1.0,1.0,1.0,1.0,1.0,1.0,104313954.0,4886085.82,93385000.0,0.9349481999999999,192.0,514.0,71680.0,509686931467532.3,72.93335,4.32183085,107.6,8705.6
4096.0,16000000.0,256.0,64.0,2.0,10.0,20.0,38.0,6.0,5.0,2.0,4.0,5.0,4.0,4.0,1.0,3.0,3.0,1.0,6.0,5.0,2.0,1.0,1.0,6.0,3.0,6.0,1.0,4.0,1.0,3.0,4.0,64.0,1.0,1.0,96.0,512.0,1.0,1.0,1.0,1.0,1.0,1.0,1.0,3.0,5.0,1.0,2.0,1.0,3.0,5.0,5.0,2.0,3.0,1.0,2.0,1.0,3.0,2.0,4.0,2.0,4.0,1.0,32.0,1.0,1.0,64.0,1.0,64.0,16.0,1.0,1.0,1.0,1.0,6.0,4.0,3.0,2.0,6.0,1.0,6.0,1.0,6.0,6.0,6.0,1.0,2.0,4.0,5.0,1.0,4.0,4.0,64.0,1.0,1.0,32.0,64.0,1.0,2.0,2.0,1.0,1.0,1.0,1.0,5.0,4.0,5.0,6.0,5.0,5.0,3.0,3.0,3.0,6.0,6.0,3.0,5.0,5.0,6.0,5.0,4.0,2.0,8.0,4.0,1.0,4.0,2.0,1.0,1.0,1.0,1.0,1.0,1.0,1.0,3.0,6.0,2.0,3.0,4.0,6.0,3.0,4.0,1.0,4.0,3.0,2.0,1.0,5.0,3.0,5.0,2.0,6.0,128.0,64.0,1.0,8.0,64.0,1.0,1.0,1.0,1.0,1.0,1.0,1.0,3.0,6.0,3.0,6.0,3.0,5.0,3.0,2.0,5.0,2.0,2.0,2.0,6.0,5.0,4.0,6.0,1.0,5.0,64.0,8.0,1.0,16.0,32.0,1.0,1.0,1.0,1.0,1.0,1.0,1.0,25394622.0,4375274.140000001,587421000.0,3.7991295,760.0,514.0,141312.0,111108432931675.1,292.74732000000006,68.35939409999999,107.6,13196.8
4096.0,4096000.0,256.0,64.0,3.0,14.0,36.0,32.0,4.0,3.0,5.0,1.0,1.0,4.0,3.0,5.0,5.0,4.0,4.0,2.0,5.0,3.0,6.0,6.0,1.0,3.0,1.0,4.0,2.0,4.0,6.0,3.0,128.0,8.0,1.0,1536.0,24.0,1.0,1.0,1.0,1.0,1.0,1.0,1.0,2.0,3.0,4.0,2.0,3.0,2.0,4.0,1.0,5.0,1.0,5.0,2.0,1.0,5.0,4.0,6.0,3.0,4.0,4.0,1.0,1.0,4.0,64.0,1.0,2.0,64.0,1.0,1.0,1.0,1.0,6.0,4.0,5.0,3.0,4.0,4.0,1.0,3.0,4.0,6.0,6.0,4.0,5.0,3.0,2.0,2.0,1.0,5.0,64.0,16.0,1.0,2.0,64.0,1.0,16.0,2.0,1.0,1.0,1.0,1.0,6.0,2.0,2.0,3.0,1.0,6.0,1.0,3.0,2.0,5.0,4.0,2.0,6.0,6.0,2.0,6.0,3.0,5.0,8.0,32.0,1.0,2.0,32.0,1.0,1.0,1.0,1.0,1.0,1.0,1.0,6.0,6.0,3.0,2.0,1.0,3.0,5.0,2.0,3.0,5.0,6.0,5.0,5.0,4.0,2.0,5.0,4.0,3.0,32.0,4.0,1.0,16.0,2048.0,1.0,1.0,1.0,1.0,1.0,1.0,1.0,6.0,4.0,6.0,6.0,1.0,2.0,3.0,4.0,4.0,6.0,6.0,4.0,2.0,3.0,3.0,6.0,4.0,6.0,512.0,32.0,1.0,16.0,4.0,1.0,1.0,1.0,1.0,1.0,1.0,1.0,249633864.0,4113057.1399999997,138759000000.0,188.47105,16128.0,514.0,819200.0,1026758346710988.9,11.8,0.69746095,107.6,99635.2
128000.0,2048000.0,256.0,64.0,3.0,10.0,8.0,6.0,1.0,4.0,4.0,1.0,5.0,2.0,3.0,4.0,5.0,3.0,3.0,1.0,1.0,4.0,1.0,6.0,4.0,3.0,4.0,1.0,3.0,6.0,1.0,5.0,4.0,256.0,1.0,1.0,4.0,1.0,1.0,1.0,1.0,1.0,1.0,1.0,2.0,2.0,2.0,4.0,1.0,3.0,2.0,5.0,5.0,4.0,6.0,6.0,2.0,5.0,5.0,5.0,1.0,4.0,32.0,16.0,1.0,4.0,64.0,1.0,128.0,8.0,1.0,1.0,1.0,1.0,5.0,1.0,2.0,1.0,5.0,4.0,3.0,5.0,4.0,5.0,2.0,2.0,4.0,1.0,5.0,2.0,1.0,6.0,2.0,1.0,1.0,8.0,1.0,1.0,1.0,64.0,1.0,1.0,1.0,1.0,4.0,2.0,4.0,3.0,2.0,1.0,3.0,2.0,4.0,4.0,6.0,5.0,2.0,5.0,4.0,1.0,2.0,6.0,2.0,32.0,1.0,8.0,1.0,1.0,1.0,1.0,1.0,1.0,1.0,1.0,2.0,5.0,6.0,5.0,2.0,3.0,3.0,4.0,6.0,6.0,3.0,6.0,4.0,4.0,6.0,5.0,5.0,1.0,4.0,2.0,1.0,256.0,256.0,1.0,1.0,1.0,1.0,1.0,1.0,1.0,6.0,2.0,3.0,5.0,1.0,3.0,2.0,2.0,4.0,5.0,6.0,5.0,3.0,3.0,1.0,3.0,3.0,3.0,8.0,64.0,1.0,32.0,4.0,1.0,1.0,1.0,1.0,1.0,1.0,1.0,1096840578.0,5323983.44,302784000.0,2.3858350000000006,480.0,514.0,68608.0,5839561073592029.0,17.05,0.8542326500000003,107.6,20825.6
32000.0,32000000.0,256.0,64.0,1.0,22.0,40.0,40.0,5.0,1.0,2.0,4.0,3.0,2.0,4.0,3.0,5.0,3.0,4.0,1.0,6.0,2.0,4.0,4.0,3.0,6.0,2.0,4.0,2.0,3.0,2.0,1.0,32.0,512.0,1.0,48.0,12.0,1.0,1.0,1.0,1.0,1.0,1.0,1.0,6.0,6.0,2.0,4.0,6.0,3.0,4.0,3.0,4.0,6.0,4.0,4.0,2.0,6.0,5.0,4.0,1.0,1.0,32.0,1.0,1.0,4.0,8.0,1.0,64.0,16.0,1.0,1.0,1.0,1.0,4.0,3.0,1.0,1.0,4.0,1.0,4.0,5.0,4.0,3.0,1.0,5.0,4.0,2.0,4.0,1.0,4.0,2.0,32.0,64.0,1.0,128.0,4.0,1.0,16.0,16.0,1.0,1.0,1.0,1.0,2.0,3.0,2.0,4.0,3.0,3.0,6.0,5.0,1.0,5.0,6.0,6.0,4.0,1.0,5.0,2.0,3.0,2.0,512.0,512.0,1.0,2.0,64.0,1.0,1.0,1.0,1.0,1.0,1.0,1.0,3.0,2.0,2.0,2.0,5.0,4.0,3.0,5.0,5.0,6.0,3.0,4.0,1.0,3.0,3.0,5.0,6.0,5.0,16.0,8.0,1.0,256.0,32.0,1.0,1.0,1.0,1.0,1.0,1.0,1.0,2.0,1.0,4.0,5.0,6.0,4.0,5.0,6.0,1.0,2.0,1.0,3.0,4.0,3.0,1.0,4.0,2.0,2.0,2048.0,1.0,1.0,256.0,512.0,1.0,1.0,1.0,1.0,1.0,1.0,1.0,64488024.0,10984982.640000002,16945000.0,0.1982834,40.0,514.0,10576.0,708399824127903.5,33.47691999999999,34.1765775,107.6,2244.8
512.0,64000.0,256.0,64.0,3.0,6.0,46.0,12.0,2.0,6.0,2.0,1.0,4.0,4.0,2.0,3.0,6.0,2.0,2.0,5.0,1.0,1.0,1.0,4.0,1.0,4.0,4.0,4.0,2.0,3.0,4.0,4.0,2.0,128.0,1.0,3.0,32.0,1.0,1.0,1.0,1.0,1.0,1.0,1.0,5.0,3.0,2.0,5.0,1.0,5.0,3.0,5.0,4.0,6.0,6.0,6.0,6.0,6.0,1.0,4.0,4.0,4.0,4.0,16.0,1.0,8.0,128.0,1.0,64.0,1.0,1.0,1.0,1.0,1.0,4.0,5.0,1.0,1.0,4.0,5.0,2.0,3.0,4.0,5.0,2.0,4.0,1.0,6.0,2.0,1.0,4.0,1.0,8.0,4.0,1.0,16.0,64.0,1.0,64.0,64.0,1.0,1.0,1.0,1.0,1.0,2.0,3.0,6.0,3.0,3.0,3.0,6.0,2.0,3.0,2.0,4.0,4.0,1.0,3.0,4.0,2.0,2.0,256.0,128.0,1.0,16.0,512.0,1.0,1.0,1.0,1.0,1.0,1.0,1.0,2.0,2.0,5.0,4.0,3.0,3.0,1.0,1.0,4.0,3.0,4.0,4.0,5.0,6.0,1.0,3.0,3.0,5.0,512.0,8.0,1.0,1024.0,4.0,1.0,1.0,1.0,1.0,1.0,1.0,1.0,3.0,5.0,4.0,4.0,6.0,2.0,2.0,5.0,2.0,5.0,2.0,6.0,4.0,5.0,4.0,5.0,4.0,4.0,2.0,64.0,1.0,4.0,4.0,1.0,1.0,1.0,1.0,1.0,1.0,1.0,920544642.0,4157374.62,6864930000.0,20.62346,3312.0,514.0,2490368.0,3827048931227786.0,1.9409090000000002,0.040838049999999994,107.6,168806.4
2048000.0,512000.0,256.0,64.0,3.0,36.0,46.0,6.0,6.0,1.0,6.0,5.0,1.0,6.0,5.0,2.0,5.0,1.0,5.0,5.0,3.0,4.0,1.0,6.0,2.0,5.0,6.0,4.0,4.0,5.0,5.0,1.0,64.0,16.0,1.0,192.0,32.0,1.0,1.0,1.0,1.0,1.0,1.0,1.0,2.0,2.0,1.0,4.0,1.0,4.0,2.0,5.0,6.0,4.0,6.0,3.0,4.0,4.0,3.0,3.0,6.0,1.0,64.0,4.0,1.0,8.0,4.0,1.0,64.0,128.0,1.0,1.0,1.0,1.0,1.0,4.0,2.0,6.0,3.0,5.0,5.0,5.0,1.0,6.0,6.0,1.0,2.0,2.0,6.0,2.0,1.0,6.0,8.0,4.0,1.0,4.0,16.0,1.0,8.0,4.0,1.0,1.0,1.0,1.0,1.0,1.0,1.0,1.0,4.0,4.0,2.0,3.0,6.0,1.0,2.0,4.0,6.0,4.0,2.0,3.0,6.0,1.0,8.0,256.0,1.0,16.0,512.0,1.0,1.0,1.0,1.0,1.0,1.0,1.0,3.0,1.0,2.0,4.0,2.0,2.0,5.0,2.0,4.0,3.0,1.0,6.0,2.0,2.0,1.0,5.0,5.0,1.0,128.0,8.0,1.0,2048.0,64.0,1.0,1.0,1.0,1.0,1.0,1.0,1.0,3.0,2.0,1.0,2.0,1.0,6.0,1.0,3.0,2.0,6.0,6.0,3.0,4.0,1.0,4.0,1.0,3.0,3.0,128.0,128.0,1.0,1.0,256.0,1.0,1.0,1.0,1.0,1.0,1.0,1.0,454685262.0,3923192.819999999,54133100000.0,89.94074000000002,9936.0,514.0,2752512.0,1783817955238218.2,15.1,0.825,107.6,288051.2
512.0,8192000.0,256.0,64.0,2.0,6.0,4.0,36.0,3.0,3.0,1.0,6.0,3.0,4.0,6.0,4.0,4.0,5.0,1.0,6.0,3.0,4.0,2.0,1.0,2.0,2.0,5.0,6.0,4.0,2.0,2.0,2.0,16.0,128.0,1.0,3.0,1536.0,1.0,1.0,1.0,1.0,1.0,1.0,1.0,4.0,1.0,4.0,4.0,1.0,3.0,1.0,3.0,6.0,2.0,4.0,2.0,6.0,2.0,4.0,1.0,4.0,3.0,32.0,32.0,1.0,4.0,32.0,1.0,32.0,16.0,1.0,1.0,1.0,1.0,4.0,5.0,2.0,4.0,5.0,1.0,3.0,5.0,1.0,1.0,4.0,5.0,6.0,1.0,2.0,6.0,2.0,3.0,64.0,8.0,1.0,1.0,32.0,1.0,2.0,8.0,1.0,1.0,1.0,1.0,1.0,2.0,3.0,1.0,3.0,2.0,2.0,2.0,5.0,6.0,2.0,6.0,6.0,6.0,4.0,4.0,3.0,4.0,32.0,16.0,1.0,4.0,128.0,1.0,1.0,1.0,1.0,1.0,1.0,1.0,3.0,5.0,4.0,2.0,2.0,2.0,4.0,1.0,4.0,1.0,4.0,3.0,6.0,5.0,4.0,5.0,3.0,3.0,256.0,1.0,1.0,2.0,32.0,1.0,1.0,1.0,1.0,1.0,1.0,1.0,5.0,1.0,5.0,6.0,3.0,1.0,1.0,3.0,4.0,6.0,5.0,6.0,3.0,1.0,4.0,4.0,2.0,2.0,16.0,64.0,1.0,256.0,512.0,1.0,1.0,1.0,1.0,1.0,1.0,1.0,2523023298.0,8993505.32,66704700.0,0.6944680999999999,144.0,514.0,77824.0,2.2690823453046948e+16,1.0,0.526587605,107.6,5024.2
1024000.0,128000.0,256.0,64.0,3.0,26.0,22.0,30.0,2.0,5.0,1.0,5.0,4.0,4.0,6.0,6.0,6.0,5.0,3.0,5.0,2.0,3.0,1.0,1.0,1.0,4.0,2.0,2.0,3.0,4.0,6.0,4.0,256.0,4.0,1.0,1.0,3.0,1.0,1.0,1.0,1.0,1.0,1.0,1.0,3.0,5.0,1.0,1.0,1.0,4.0,2.0,5.0,5.0,2.0,5.0,1.0,4.0,4.0,4.0,4.0,1.0,2.0,4.0,16.0,1.0,8.0,8.0,1.0,2.0,2.0,1.0,1.0,1.0,1.0,5.0,1.0,2.0,1.0,2.0,4.0,3.0,4.0,4.0,4.0,1.0,5.0,4.0,2.0,2.0,3.0,4.0,3.0,16.0,32.0,1.0,32.0,64.0,1.0,64.0,64.0,1.0,1.0,1.0,1.0,2.0,4.0,5.0,3.0,5.0,5.0,2.0,4.0,1.0,1.0,6.0,4.0,4.0,4.0,6.0,3.0,3.0,2.0,32.0,64.0,1.0,64.0,2.0,1.0,1.0,1.0,1.0,1.0,1.0,1.0,5.0,6.0,6.0,3.0,3.0,3.0,2.0,4.0,3.0,6.0,5.0,3.0,5.0,3.0,3.0,2.0,4.0,4.0,128.0,16.0,1.0,256.0,512.0,1.0,1.0,1.0,1.0,1.0,1.0,1.0,3.0,3.0,3.0,1.0,5.0,2.0,1.0,4.0,4.0,3.0,3.0,6.0,3.0,3.0,4.0,4.0,2.0,4.0,2.0,32.0,1.0,512.0,16.0,1.0,1.0,1.0,1.0,1.0,1.0,1.0,1084026468.0,4057174.34,156663000000.0,208.207,17160.0,514.0,950272.0,4398084369850431.0,9.129999999999999,0.41452925,107.6,82265.6
256.0,32000000.0,256.0,64.0,3.0,28.0,40.0,40.0,5.0,5.0,3.0,3.0,5.0,1.0,2.0,4.0,5.0,1.0,2.0,5.0,1.0,3.0,3.0,4.0,3.0,1.0,2.0,4.0,3.0,4.0,1.0,2.0,32.0,4.0,1.0,256.0,512.0,1.0,1.0,1.0,1.0,1.0,1.0,1.0,6.0,4.0,6.0,5.0,1.0,2.0,2.0,6.0,1.0,1.0,4.0,4.0,4.0,4.0,1.0,4.0,3.0,5.0,4.0,64.0,1.0,4.0,2.0,1.0,64.0,128.0,1.0,1.0,1.0,1.0,2.0,3.0,2.0,2.0,6.0,1.0,4.0,3.0,4.0,6.0,5.0,6.0,1.0,6.0,6.0,2.0,6.0,1.0,2.0,1.0,1.0,128.0,64.0,1.0,4.0,16.0,1.0,1.0,1.0,1.0,4.0,6.0,6.0,5.0,2.0,3.0,5.0,1.0,6.0,5.0,1.0,6.0,3.0,5.0,6.0,3.0,5.0,4.0,1.0,8.0,1.0,32.0,256.0,1.0,1.0,1.0,1.0,1.0,1.0,1.0,6.0,5.0,6.0,6.0,4.0,4.0,5.0,4.0,3.0,2.0,6.0,1.0,6.0,5.0,4.0,4.0,6.0,4.0,64.0,2.0,1.0,32.0,4.0,1.0,1.0,1.0,1.0,1.0,1.0,1.0,5.0,1.0,1.0,1.0,3.0,5.0,6.0,3.0,5.0,5.0,6.0,4.0,2.0,4.0,5.0,2.0,3.0,3.0,8.0,2.0,1.0,32.0,256.0,1.0,1.0,1.0,1.0,1.0,1.0,1.0,63003300.0,3934952.9200000004,1040030000000.0,1085.637,44800.0,514.0,786432.0,247915019304636.03,41.44002999999999,0.6074467499999999,107.6,86937.6
2048000.0,1024000.0,256.0,64.0,2.0,28.0,2.0,24.0,6.0,3.0,5.0,2.0,6.0,4.0,6.0,3.0,6.0,1.0,6.0,6.0,3.0,2.0,4.0,3.0,4.0,5.0,3.0,4.0,4.0,6.0,6.0,1.0,1.0,32.0,1.0,96.0,512.0,1.0,1.0,1.0,1.0,1.0,1.0,1.0,6.0,3.0,1.0,5.0,6.0,6.0,4.0,2.0,3.0,2.0,3.0,2.0,3.0,1.0,2.0,4.0,4.0,1.0,2.0,4.0,1.0,4.0,4.0,1.0,64.0,64.0,1.0,1.0,1.0,1.0,1.0,3.0,5.0,5.0,3.0,3.0,3.0,5.0,6.0,6.0,1.0,2.0,3.0,1.0,1.0,2.0,6.0,6.0,16.0,64.0,1.0,64.0,128.0,1.0,1.0,64.0,1.0,1.0,1.0,1.0,4.0,2.0,6.0,6.0,5.0,4.0,4.0,4.0,1.0,3.0,3.0,5.0,3.0,4.0,3.0,3.0,6.0,1.0,128.0,1.0,1.0,8.0,256.0,1.0,1.0,1.0,1.0,1.0,1.0,1.0,4.0,6.0,4.0,6.0,3.0,2.0,5.0,2.0,3.0,5.0,6.0,1.0,3.0,2.0,5.0,6.0,1.0,6.0,4.0,4.0,1.0,128.0,4.0,1.0,1.0,1.0,1.0,1.0,1.0,1.0,5.0,3.0,5.0,6.0,3.0,4.0,4.0,5.0,6.0,2.0,2.0,3.0,5.0,3.0,1.0,5.0,6.0,5.0,2.0,2.0,1.0,128.0,16.0,1.0,1.0,1.0,1.0,1.0,1.0,1.0,1258783320.0,7398867.0200000005,20382300.0,0.24129455000000005,48.0,514.0,25472.0,9313570391674108.0,2.0,1.0459913500000002,107.6,3960.0
16000.0,16000.0,256.0,64.0,1.0,34.0,16.0,38.0,2.0,2.0,1.0,5.0,2.0,5.0,3.0,2.0,4.0,1.0,1.0,3.0,6.0,5.0,5.0,4.0,1.0,2.0,3.0,6.0,2.0,3.0,4.0,5.0,4.0,1.0,1.0,32.0,16.0,1.0,1.0,1.0,1.0,1.0,1.0,1.0,6.0,4.0,3.0,3.0,4.0,2.0,6.0,6.0,5.0,1.0,4.0,2.0,1.0,6.0,5.0,2.0,6.0,2.0,8.0,64.0,1.0,4.0,2.0,1.0,64.0,1.0,1.0,1.0,1.0,1.0,4.0,1.0,4.0,6.0,2.0,2.0,3.0,4.0,5.0,1.0,2.0,4.0,3.0,3.0,4.0,2.0,2.0,4.0,128.0,2.0,1.0,2.0,4.0,1.0,4.0,4.0,1.0,1.0,1.0,1.0,6.0,1.0,5.0,1.0,5.0,3.0,1.0,3.0,3.0,1.0,4.0,2.0,3.0,2.0,5.0,4.0,4.0,5.0,256.0,4.0,1.0,128.0,8.0,1.0,1.0,1.0,1.0,1.0,1.0,1.0,5.0,1.0,2.0,1.0,3.0,1.0,1.0,1.0,1.0,2.0,6.0,3.0,5.0,5.0,1.0,5.0,6.0,2.0,64.0,8.0,1.0,2.0,32.0,1.0,1.0,1.0,1.0,1.0,1.0,1.0,5.0,2.0,5.0,6.0,1.0,2.0,1.0,2.0,3.0,3.0,1.0,6.0,3.0,6.0,6.0,6.0,1.0,6.0,4.0,2.0,1.0,8.0,32.0,1.0,1.0,1.0,1.0,1.0,1.0,1.0,2516582520.0,22126274.4,16095200.0,0.18164519999999992,38.0,514.0,514.0,5.568259538776349e+16,1.0,1.397633,107.6,107.6
256000.0,128000.0,256.0,64.0,3.0,38.0,24.0,38.0,5.0,1.0,5.0,3.0,1.0,6.0,2.0,3.0,4.0,4.0,2.0,5.0,3.0,3.0,4.0,4.0,5.0,4.0,3.0,4.0,6.0,3.0,4.0,1.0,2.0,8.0,1.0,256.0,24.0,1.0,1.0,1.0,1.0,1.0,1.0,1.0,2.0,2.0,4.0,4.0,5.0,6.0,3.0,1.0,2.0,2.0,4.0,4.0,3.0,6.0,6.0,6.0,6.0,4.0,4.0,1.0,1.0,32.0,128.0,1.0,8.0,16.0,1.0,1.0,1.0,1.0,2.0,2.0,6.0,3.0,6.0,6.0,3.0,4.0,2.0,5.0,1.0,2.0,4.0,5.0,3.0,4.0,5.0,2.0,32.0,2.0,1.0,128.0,4.0,1.0,4.0,2.0,1.0,1.0,1.0,1.0,2.0,5.0,1.0,2.0,5.0,5.0,1.0,5.0,6.0,5.0,6.0,6.0,4.0,2.0,6.0,1.0,1.0,5.0,16.0,1.0,1.0,512.0,256.0,1.0,1.0,1.0,1.0,1.0,1.0,1.0,1.0,3.0,5.0,2.0,4.0,4.0,4.0,2.0,1.0,5.0,4.0,5.0,4.0,6.0,3.0,5.0,5.0,6.0,8.0,32.0,1.0,16.0,256.0,1.0,1.0,1.0,1.0,1.0,1.0,1.0,5.0,3.0,4.0,2.0,5.0,3.0,2.0,3.0,6.0,6.0,1.0,6.0,3.0,1.0,3.0,6.0,4.0,3.0,2048.0,1.0,1.0,8.0,128.0,1.0,1.0,1.0,1.0,1.0,1.0,1.0,402236880.0,4514168.4,625387000000.0,685.8256,34656.0,514.0,1081344.0,1815765013010592.2,27.9907,5.4739593499999994,107.6,75622.4
32000.0,32000000.0,256.0,64.0,1.0,14.0,44.0,40.0,1.0,6.0,1.0,3.0,6.0,2.0,4.0,2.0,4.0,6.0,1.0,1.0,1.0,1.0,4.0,6.0,3.0,4.0,5.0,3.0,6.0,5.0,6.0,3.0,8.0,16.0,1.0,768.0,512.0,1.0,1.0,1.0,1.0,1.0,1.0,1.0,6.0,5.0,3.0,3.0,4.0,6.0,6.0,5.0,2.0,5.0,6.0,6.0,3.0,4.0,2.0,2.0,6.0,2.0,8.0,64.0,1.0,8.0,32.0,1.0,1.0,4.0,1.0,1.0,1.0,1.0,1.0,3.0,5.0,3.0,6.0,2.0,3.0,3.0,2.0,4.0,5.0,2.0,3.0,5.0,1.0,5.0,3.0,3.0,64.0,32.0,1.0,32.0,2.0,1.0,32.0,4.0,1.0,1.0,1.0,1.0,5.0,4.0,4.0,3.0,2.0,5.0,6.0,2.0,3.0,3.0,1.0,5.0,5.0,3.0,4.0,6.0,6.0,2.0,32.0,32.0,1.0,128.0,128.0,1.0,1.0,1.0,1.0,1.0,1.0,1.0,2.0,1.0,1.0,3.0,6.0,3.0,1.0,6.0,2.0,4.0,2.0,2.0,1.0,3.0,6.0,6.0,4.0,1.0,2.0,256.0,1.0,256.0,512.0,1.0,1.0,1.0,1.0,1.0,1.0,1.0,3.0,5.0,3.0,2.0,1.0,4.0,1.0,6.0,5.0,1.0,6.0,6.0,6.0,3.0,5.0,3.0,4.0,2.0,32.0,256.0,1.0,512.0,8.0,1.0,1.0,1.0,1.0,1.0,1.0,1.0,64487544.0,14976857.759999998,16945000.0,0.1982834,40.0,514.0,10576.0,965820773779741.2,33.47691999999999,33.48619999999999,107.6,2244.8
1024.0,8192000.0,256.0,64.0,1.0,44.0,8.0,14.0,6.0,1.0,4.0,3.0,2.0,4.0,5.0,6.0,6.0,3.0,3.0,3.0,2.0,6.0,5.0,6.0,3.0,3.0,3.0,2.0,5.0,3.0,2.0,2.0,512.0,32.0,1.0,384.0,8.0,1.0,1.0,1.0,1.0,1.0,1.0,1.0,4.0,1.0,4.0,6.0,1.0,5.0,6.0,6.0,5.0,3.0,4.0,4.0,5.0,4.0,6.0,4.0,4.0,3.0,16.0,1.0,1.0,16.0,128.0,1.0,32.0,16.0,1.0,1.0,1.0,1.0,5.0,3.0,3.0,5.0,1.0,3.0,2.0,3.0,4.0,1.0,2.0,2.0,3.0,4.0,2.0,4.0,4.0,2.0,1.0,32.0,1.0,128.0,8.0,1.0,1.0,4.0,1.0,1.0,1.0,1.0,2.0,6.0,4.0,3.0,4.0,3.0,5.0,4.0,1.0,2.0,5.0,4.0,3.0,4.0,4.0,3.0,3.0,5.0,2.0,16.0,1.0,16.0,1.0,1.0,1.0,1.0,1.0,1.0,1.0,1.0,6.0,6.0,6.0,4.0,2.0,5.0,4.0,5.0,5.0,2.0,2.0,3.0,1.0,2.0,3.0,1.0,5.0,5.0,64.0,256.0,1.0,16.0,64.0,1.0,1.0,1.0,1.0,1.0,1.0,1.0,5.0,6.0,2.0,5.0,4.0,2.0,5.0,4.0,6.0,2.0,6.0,4.0,4.0,5.0,5.0,1.0,1.0,4.0,512.0,1024.0,1.0,1.0,1.0,1.0,1.0,1.0,1.0,1.0,1.0,1.0,182059296.0,13636060.32,6228620.0,0.07343496,14.0,514.0,3868.0,2482571542072735.0,13.012270000000001,12.449850499999998,107.6,820.0
16000.0,128000.0,256.0,64.0,3.0,40.0,8.0,14.0,1.0,5.0,5.0,6.0,4.0,5.0,5.0,3.0,5.0,6.0,5.0,3.0,2.0,6.0,1.0,6.0,1.0,2.0,4.0,4.0,3.0,4.0,2.0,6.0,512.0,128.0,1.0,384.0,32.0,1.0,1.0,1.0,1.0,1.0,1.0,1.0,5.0,5.0,2.0,4.0,4.0,2.0,3.0,3.0,2.0,5.0,6.0,1.0,6.0,4.0,4.0,3.0,5.0,4.0,16.0,16.0,1.0,16.0,2.0,1.0,4.0,16.0,1.0,1.0,1.0,1.0,6.0,2.0,2.0,6.0,5.0,1.0,1.0,6.0,4.0,6.0,5.0,4.0,4.0,3.0,3.0,4.0,2.0,2.0,2.0,128.0,1.0,16.0,16.0,1.0,1.0,8.0,1.0,1.0,1.0,1.0,2.0,4.0,1.0,6.0,5.0,1.0,4.0,4.0,6.0,4.0,1.0,2.0,6.0,2.0,4.0,6.0,5.0,3.0,1.0,1.0,1.0,512.0,512.0,1.0,1.0,1.0,1.0,1.0,1.0,1.0,1.0,2.0,4.0,4.0,6.0,4.0,2.0,1.0,4.0,5.0,6.0,6.0,3.0,2.0,6.0,3.0,6.0,4.0,128.0,128.0,1.0,16.0,1.0,1.0,1.0,1.0,1.0,1.0,1.0,1.0,6.0,5.0,6.0,4.0,1.0,2.0,6.0,5.0,6.0,6.0,1.0,1.0,5.0,3.0,5.0,5.0,2.0,5.0,256.0,2.0,1.0,1.0,512.0,1.0,1.0,1.0,1.0,1.0,1.0,1.0,557507202.0,5012356.859999999,11951900000.0,29.626525,4480.0,514.0,622592.0,2794425048444105.5,14.35,0.85419875,107.6,65907.2
64000.0,16000000.0,256.0,64.0,2.0,44.0,44.0,22.0,2.0,1.0,2.0,6.0,2.0,5.0,3.0,5.0,1.0,2.0,5.0,6.0,4.0,2.0,2.0,6.0,3.0,6.0,6.0,2.0,6.0,1.0,4.0,6.0,8.0,8.0,1.0,384.0,96.0,1.0,1.0,1.0,1.0,1.0,1.0,1.0,6.0,2.0,4.0,4.0,5.0,4.0,2.0,2.0,6.0,1.0,4.0,1.0,5.0,2.0,2.0,2.0,4.0,6.0,2.0,16.0,1.0,4.0,4.0,1.0,128.0,2.0,1.0,1.0,1.0,1.0,6.0,3.0,1.0,5.0,4.0,2.0,5.0,5.0,2.0,6.0,2.0,3.0,6.0,5.0,4.0,4.0,1.0,3.0,64.0,128.0,1.0,128.0,4.0,1.0,2.0,16.0,1.0,1.0,1.0,1.0,1.0,6.0,2.0,5.0,5.0,5.0,3.0,1.0,6.0,3.0,1.0,3.0,5.0,1.0,1.0,5.0,1.0,2.0,1.0,16.0,1.0,256.0,128.0,1.0,1.0,1.0,1.0,1.0,1.0,1.0,2.0,4.0,4.0,6.0,2.0,5.0,3.0,5.0,3.0,2.0,5.0,1.0,6.0,1.0,2.0,3.0,4.0,1.0,128.0,1.0,1.0,4.0,8.0,1.0,1.0,1.0,1.0,1.0,1.0,1.0,5.0,4.0,6.0,5.0,5.0,3.0,6.0,4.0,2.0,2.0,1.0,3.0,6.0,3.0,6.0,3.0,1.0,3.0,2048.0,256.0,1.0,256.0,512.0,1.0,1.0,1.0,1.0,1.0,1.0,1.0,2521420326.0,9755620.540000001,850600000.0,4.924674000000001,968.0,514.0,262144.0,2.45980199222991e+16,1.0,0.39896845000000003,107.6,16573.2
128000.0,128000.0,256.0,64.0,1.0,26.0,32.0,12.0,4.0,1.0,4.0,4.0,2.0,2.0,2.0,4.0,3.0,3.0,4.0,3.0,6.0,5.0,1.0,6.0,6.0,6.0,5.0,1.0,6.0,2.0,4.0,2.0,512.0,16.0,1.0,192.0,16.0,1.0,1.0,1.0,1.0,1.0,1.0,1.0,6.0,6.0,6.0,5.0,6.0,2.0,1.0,2.0,5.0,4.0,2.0,1.0,1.0,1.0,3.0,2.0,1.0,6.0,64.0,64.0,1.0,16.0,64.0,1.0,1.0,128.0,1.0,1.0,1.0,1.0,1.0,2.0,3.0,2.0,5.0,3.0,3.0,2.0,4.0,5.0,3.0,1.0,4.0,1.0,2.0,3.0,2.0,1.0,16.0,4.0,1.0,128.0,128.0,1.0,32.0,64.0,1.0,1.0,1.0,1.0,3.0,5.0,4.0,5.0,1.0,2.0,4.0,3.0,6.0,5.0,2.0,2.0,3.0,1.0,3.0,6.0,3.0,6.0,8.0,8.0,1.0,1.0,256.0,1.0,1.0,1.0,1.0,1.0,1.0,1.0,3.0,5.0,5.0,6.0,3.0,3.0,2.0,1.0,1.0,2.0,6.0,1.0,2.0,3.0,5.0,5.0,1.0,5.0,1.0,128.0,1.0,64.0,256.0,1.0,1.0,1.0,1.0,1.0,1.0,1.0,1.0,6.0,3.0,3.0,2.0,4.0,5.0,6.0,3.0,1.0,5.0,2.0,4.0,5.0,4.0,4.0,4.0,2.0,1.0,2.0,1.0,1.0,2.0,1.0,1.0,1.0,1.0,1.0,1.0,1.0,211550472.0,12865379.28,5432820.0,0.06386412,12.0,514.0,3352.0,2721677059143020.0,11.30612,10.2377245,107.6,710.4
128.0,1024000.0,256.0,64.0,3.0,18.0,14.0,24.0,6.0,3.0,1.0,5.0,2.0,1.0,6.0,1.0,2.0,4.0,5.0,2.0,3.0,3.0,1.0,1.0,1.0,5.0,3.0,6.0,3.0,6.0,2.0,6.0,32.0,512.0,1.0,48.0,1.0,1.0,1.0,1.0,1.0,1.0,1.0,1.0,4.0,4.0,3.0,3.0,4.0,3.0,3.0,6.0,1.0,6.0,3.0,3.0,4.0,4.0,1.0,4.0,3.0,6.0,2.0,4.0,1.0,4.0,64.0,1.0,4.0,1.0,1.0,1.0,1.0,1.0,6.0,4.0,2.0,1.0,3.0,1.0,5.0,6.0,2.0,1.0,4.0,1.0,4.0,2.0,3.0,6.0,4.0,5.0,1.0,32.0,1.0,2.0,32.0,1.0,1.0,8.0,1.0,1.0,1.0,1.0,1.0,2.0,3.0,6.0,2.0,3.0,4.0,1.0,1.0,2.0,4.0,3.0,3.0,2.0,3.0,3.0,3.0,5.0,128.0,512.0,1.0,8.0,1.0,1.0,1.0,1.0,1.0,1.0,1.0,1.0,6.0,1.0,4.0,1.0,6.0,4.0,5.0,6.0,3.0,4.0,3.0,1.0,5.0,1.0,6.0,2.0,1.0,1.0,8.0,512.0,1.0,8.0,256.0,1.0,1.0,1.0,1.0,1.0,1.0,1.0,4.0,6.0,3.0,1.0,4.0,6.0,5.0,6.0,2.0,6.0,6.0,6.0,5.0,3.0,6.0,6.0,4.0,2.0,4.0,8.0,1.0,8.0,8.0,1.0,1.0,1.0,1.0,1.0,1.0,1.0,925960974.0,4367098.78,20967500000.0,44.01303,6048.0,514.0,458752.0,4043763039883012.0,36.126650000000005,1.262135,107.6,49676.8
2048000.0,512000.0,256.0,64.0,2.0,22.0,30.0,2.0,3.0,4.0,4.0,2.0,1.0,4.0,1.0,3.0,1.0,4.0,1.0,2.0,2.0,5.0,5.0,5.0,6.0,3.0,1.0,6.0,3.0,1.0,2.0,3.0,2.0,2.0,1.0,12.0,16.0,1.0,1.0,1.0,1.0,1.0,1.0,1.0,2.0,3.0,2.0,5.0,5.0,6.0,1.0,6.0,4.0,3.0,6.0,4.0,1.0,2.0,2.0,5.0,4.0,3.0,32.0,64.0,1.0,128.0,16.0,1.0,1.0,8.0,1.0,1.0,1.0,1.0,1.0,4.0,4.0,3.0,4.0,2.0,4.0,3.0,6.0,3.0,2.0,2.0,5.0,5.0,1.0,2.0,4.0,3.0,4.0,1.0,1.0,4.0,16.0,1.0,32.0,32.0,1.0,1.0,1.0,1.0,4.0,3.0,5.0,1.0,4.0,1.0,5.0,3.0,5.0,2.0,5.0,6.0,4.0,3.0,2.0,1.0,2.0,6.0,32.0,8.0,1.0,4.0,128.0,1.0,1.0,1.0,1.0,1.0,1.0,1.0,3.0,2.0,5.0,6.0,4.0,2.0,5.0,6.0,4.0,5.0,1.0,6.0,5.0,3.0,4.0,3.0,5.0,1.0,64.0,1.0,1.0,1.0,32.0,1.0,1.0,1.0,1.0,1.0,1.0,1.0,6.0,3.0,6.0,6.0,6.0,6.0,6.0,3.0,3.0,3.0,6.0,4.0,5.0,4.0,6.0,6.0,3.0,2.0,512.0,1024.0,1.0,2.0,256.0,1.0,1.0,1.0,1.0,1.0,1.0,1.0,95026902.0,9220119.879999999,25677200.0,0.36555385,60.0,514.0,207872.0,876159428265011.6,21.466279999999998,16.5437572,107.6,23819.0
1024000.0,128000.0,256.0,64.0,3.0,40.0,34.0,28.0,2.0,3.0,4.0,2.0,6.0,6.0,6.0,2.0,1.0,2.0,6.0,4.0,4.0,2.0,5.0,3.0,3.0,5.0,5.0,4.0,5.0,6.0,4.0,5.0,1.0,1.0,1.0,3.0,48.0,1.0,1.0,1.0,1.0,1.0,1.0,1.0,6.0,6.0,1.0,5.0,3.0,5.0,5.0,4.0,3.0,6.0,5.0,1.0,6.0,2.0,6.0,1.0,3.0,3.0,8.0,2.0,1.0,128.0,16.0,1.0,32.0,8.0,1.0,1.0,1.0,1.0,4.0,4.0,5.0,6.0,6.0,4.0,2.0,3.0,2.0,3.0,5.0,2.0,4.0,3.0,3.0,5.0,4.0,5.0,8.0,32.0,1.0,1.0,1.0,1.0,64.0,2.0,1.0,1.0,1.0,1.0,2.0,3.0,3.0,3.0,2.0,1.0,6.0,2.0,6.0,1.0,5.0,2.0,5.0,3.0,4.0,4.0,4.0,2.0,2.0,8.0,1.0,512.0,256.0,1.0,1.0,1.0,1.0,1.0,1.0,1.0,1.0,3.0,1.0,6.0,2.0,5.0,6.0,4.0,2.0,2.0,3.0,6.0,2.0,4.0,2.0,1.0,6.0,1.0,16.0,2.0,1.0,1024.0,1.0,1.0,1.0,1.0,1.0,1.0,1.0,1.0,3.0,5.0,6.0,5.0,2.0,3.0,5.0,3.0,4.0,3.0,5.0,4.0,2.0,6.0,1.0,6.0,3.0,2.0,1.0,512.0,1.0,512.0,1.0,1.0,1.0,1.0,1.0,1.0,1.0,1.0,2461867110.0,6843305.519999999,753621000000.0,810.6574499999999,38080.0,514.0,786432.0,1.6847308783369444e+16,4.2,0.43344722999999996,107.6,67985.6
512000.0,512000.0,256.0,64.0,3.0,44.0,10.0,28.0,1.0,1.0,4.0,3.0,6.0,5.0,4.0,2.0,4.0,4.0,6.0,5.0,4.0,2.0,2.0,5.0,3.0,5.0,6.0,5.0,4.0,2.0,1.0,6.0,4.0,256.0,1.0,4.0,32.0,1.0,1.0,1.0,1.0,1.0,1.0,1.0,3.0,6.0,2.0,6.0,4.0,2.0,4.0,5.0,5.0,1.0,1.0,3.0,1.0,5.0,1.0,4.0,2.0,5.0,16.0,2.0,1.0,128.0,32.0,1.0,32.0,2.0,1.0,1.0,1.0,1.0,1.0,3.0,6.0,3.0,5.0,6.0,6.0,1.0,3.0,5.0,2.0,1.0,3.0,2.0,5.0,5.0,1.0,4.0,1.0,32.0,1.0,2.0,2.0,1.0,4.0,2.0,1.0,1.0,1.0,1.0,1.0,1.0,5.0,4.0,2.0,4.0,5.0,1.0,4.0,1.0,5.0,5.0,5.0,4.0,6.0,4.0,4.0,6.0,512.0,2.0,1.0,64.0,128.0,1.0,1.0,1.0,1.0,1.0,1.0,1.0,5.0,6.0,1.0,6.0,6.0,6.0,6.0,6.0,5.0,5.0,5.0,6.0,6.0,4.0,5.0,3.0,3.0,2.0,8.0,8.0,1.0,1024.0,2.0,1.0,1.0,1.0,1.0,1.0,1.0,1.0,4.0,1.0,5.0,2.0,5.0,4.0,5.0,2.0,2.0,3.0,6.0,3.0,2.0,2.0,1.0,5.0,2.0,3.0,2048.0,2.0,1.0,2.0,4.0,1.0,1.0,1.0,1.0,1.0,1.0,1.0,2481715800.0,4500634.52,82088700000.0,123.38244999999999,12320.0,514.0,541696.0,1.1169295798309414e+16,1.8,0.36210955000000006,107.6,65849.6
2048000.0,16000.0,256.0,64.0,3.0,36.0,24.0,48.0,4.0,3.0,2.0,1.0,3.0,4.0,4.0,2.0,3.0,2.0,5.0,3.0,5.0,1.0,3.0,4.0,3.0,2.0,3.0,2.0,6.0,3.0,5.0,4.0,2.0,64.0,1.0,512.0,192.0,1.0,1.0,1.0,1.0,1.0,1.0,1.0,3.0,4.0,5.0,4.0,3.0,6.0,3.0,6.0,5.0,2.0,2.0,1.0,3.0,2.0,1.0,5.0,6.0,5.0,8.0,4.0,1.0,4.0,1.0,1.0,32.0,64.0,1.0,1.0,1.0,1.0,2.0,1.0,6.0,4.0,1.0,6.0,3.0,3.0,2.0,5.0,1.0,3.0,3.0,5.0,6.0,4.0,3.0,5.0,64.0,1.0,1.0,128.0,2.0,1.0,16.0,2.0,1.0,1.0,1.0,1.0,1.0,1.0,2.0,2.0,5.0,5.0,3.0,5.0,2.0,6.0,6.0,1.0,2.0,6.0,3.0,3.0,3.0,3.0,128.0,8.0,1.0,4.0,256.0,1.0,1.0,1.0,1.0,1.0,1.0,1.0,1.0,4.0,5.0,2.0,3.0,1.0,1.0,2.0,6.0,2.0,5.0,1.0,2.0,4.0,4.0,4.0,3.0,1.0,32.0,16.0,1.0,256.0,2.0,1.0,1.0,1.0,1.0,1.0,1.0,1.0,5.0,3.0,4.0,6.0,1.0,1.0,5.0,4.0,2.0,3.0,6.0,4.0,2.0,3.0,1.0,2.0,2.0,3.0,8.0,2048.0,1.0,64.0,256.0,1.0,1.0,1.0,1.0,1.0,1.0,1.0,89833626.0,3911880.5399999996,892438000000.0,944.8884,41472.0,514.0,1638400.0,351418413387038.0,25.911099999999998,0.1958335,107.6,187187.2
32000.0,1024000.0,256.0,64.0,3.0,20.0,28.0,2.0,6.0,6.0,2.0,3.0,6.0,2.0,2.0,6.0,2.0,3.0,4.0,4.0,5.0,4.0,2.0,2.0,5.0,2.0,6.0,2.0,5.0,3.0,1.0,4.0,512.0,32.0,1.0,192.0,512.0,1.0,1.0,1.0,1.0,1.0,1.0,1.0,5.0,2.0,2.0,6.0,4.0,6.0,5.0,5.0,3.0,2.0,5.0,6.0,1.0,6.0,1.0,1.0,4.0,6.0,16.0,64.0,1.0,8.0,32.0,1.0,32.0,4.0,1.0,1.0,1.0,1.0,5.0,5.0,2.0,2.0,2.0,4.0,4.0,2.0,6.0,1.0,1.0,2.0,6.0,6.0,2.0,3.0,3.0,2.0,16.0,4.0,1.0,8.0,128.0,1.0,64.0,2.0,1.0,1.0,1.0,1.0,4.0,1.0,4.0,5.0,1.0,4.0,4.0,6.0,6.0,4.0,5.0,6.0,1.0,6.0,4.0,5.0,5.0,5.0,256.0,2.0,1.0,8.0,512.0,1.0,1.0,1.0,1.0,1.0,1.0,1.0,6.0,4.0,2.0,3.0,4.0,3.0,1.0,3.0,4.0,2.0,1.0,6.0,5.0,2.0,2.0,2.0,6.0,1.0,4.0,4.0,1.0,4.0,4.0,1.0,1.0,1.0,1.0,1.0,1.0,1.0,1.0,6.0,1.0,6.0,4.0,4.0,1.0,6.0,1.0,5.0,1.0,3.0,2.0,4.0,5.0,3.0,3.0,4.0,8.0,1.0,1.0,2.0,512.0,1.0,1.0,1.0,1.0,1.0,1.0,1.0,289977708.0,3977682.24,1070850000.0,6.143121,1120.0,514.0,786432.0,1153439179107506.0,81.20377,1.07249215,107.6,126854.4
2048000.0,256000.0,256.0,64.0,1.0,34.0,46.0,2.0,6.0,4.0,4.0,3.0,1.0,6.0,3.0,5.0,5.0,2.0,5.0,4.0,2.0,1.0,2.0,2.0,2.0,1.0,6.0,5.0,5.0,4.0,2.0,2.0,32.0,32.0,1.0,16.0,1536.0,1.0,1.0,1.0,1.0,1.0,1.0,1.0,4.0,4.0,5.0,3.0,4.0,3.0,3.0,1.0,4.0,2.0,5.0,2.0,3.0,4.0,5.0,6.0,4.0,4.0,2.0,64.0,1.0,8.0,64.0,1.0,64.0,64.0,1.0,1.0,1.0,1.0,3.0,4.0,6.0,3.0,1.0,6.0,6.0,3.0,1.0,1.0,2.0,6.0,2.0,2.0,6.0,1.0,2.0,5.0,32.0,8.0,1.0,1.0,16.0,1.0,4.0,4.0,1.0,1.0,1.0,1.0,1.0,4.0,3.0,2.0,4.0,4.0,6.0,3.0,3.0,2.0,5.0,2.0,3.0,6.0,3.0,2.0,6.0,4.0,128.0,128.0,1.0,512.0,128.0,1.0,1.0,1.0,1.0,1.0,1.0,1.0,3.0,1.0,5.0,6.0,5.0,2.0,5.0,4.0,5.0,6.0,5.0,4.0,6.0,2.0,1.0,2.0,1.0,1.0,64.0,2.0,1.0,1024.0,2.0,1.0,1.0,1.0,1.0,1.0,1.0,1.0,4.0,4.0,1.0,6.0,2.0,4.0,5.0,2.0,5.0,3.0,2.0,2.0,6.0,4.0,1.0,1.0,3.0,1.0,1024.0,2048.0,1.0,8.0,1.0,1.0,1.0,1.0,1.0,1.0,1.0,1.0,1258291344.0,11110550.880000003,1518290.0,0.01601062,2.0,514.0,772.0,1.3980309999375586e+16,2.0,2.6318915000000005,107.6,162.4
256000.0,2048000.0,256.0,64.0,2.0,42.0,12.0,30.0,1.0,1.0,5.0,4.0,6.0,3.0,3.0,1.0,3.0,3.0,3.0,2.0,3.0,2.0,3.0,2.0,5.0,4.0,5.0,4.0,3.0,6.0,2.0,6.0,2.0,128.0,1.0,96.0,3.0,1.0,1.0,1.0,1.0,1.0,1.0,1.0,1.0,3.0,2.0,2.0,5.0,4.0,4.0,3.0,4.0,2.0,6.0,5.0,3.0,1.0,5.0,6.0,5.0,5.0,4.0,8.0,1.0,8.0,128.0,1.0,2.0,2.0,1.0,1.0,1.0,1.0,4.0,6.0,6.0,3.0,3.0,2.0,3.0,4.0,3.0,4.0,4.0,2.0,1.0,4.0,1.0,1.0,6.0,2.0,64.0,32.0,1.0,32.0,1.0,1.0,32.0,32.0,1.0,1.0,1.0,1.0,1.0,6.0,6.0,2.0,2.0,2.0,1.0,4.0,5.0,5.0,5.0,5.0,6.0,3.0,2.0,3.0,1.0,1.0,8.0,64.0,1.0,2.0,128.0,1.0,1.0,1.0,1.0,1.0,1.0,1.0,1.0,2.0,6.0,1.0,3.0,2.0,5.0,1.0,5.0,2.0,5.0,6.0,3.0,4.0,1.0,6.0,5.0,6.0,64.0,512.0,1.0,2048.0,1024.0,1.0,1.0,1.0,1.0,1.0,1.0,1.0,4.0,4.0,3.0,6.0,4.0,4.0,6.0,3.0,1.0,6.0,6.0,5.0,3.0,3.0,5.0,1.0,4.0,4.0,32.0,1.0,1.0,512.0,512.0,1.0,1.0,1.0,1.0,1.0,1.0,1.0,2445965436.0,9627406.0,205296000.0,1.8153545000000004,360.0,514.0,409600.0,2.3548302314339016e+16,7.4,6.0927676,107.6,28207.0
256000.0,16000.0,256.0,64.0,1.0,12.0,28.0,46.0,4.0,4.0,4.0,2.0,2.0,3.0,5.0,6.0,4.0,2.0,3.0,1.0,1.0,3.0,5.0,3.0,2.0,4.0,4.0,5.0,4.0,2.0,2.0,2.0,64.0,512.0,1.0,16.0,6.0,1.0,1.0,1.0,1.0,1.0,1.0,1.0,1.0,3.0,2.0,3.0,1.0,2.0,5.0,2.0,5.0,1.0,4.0,2.0,3.0,4.0,5.0,5.0,1.0,4.0,8.0,16.0,1.0,1.0,1.0,1.0,32.0,64.0,1.0,1.0,1.0,1.0,2.0,4.0,6.0,5.0,3.0,1.0,2.0,4.0,3.0,4.0,4.0,2.0,4.0,4.0,3.0,5.0,6.0,6.0,128.0,64.0,1.0,1.0,16.0,1.0,2.0,32.0,1.0,1.0,1.0,1.0,6.0,2.0,5.0,5.0,2.0,3.0,6.0,3.0,1.0,6.0,3.0,1.0,2.0,3.0,4.0,2.0,2.0,5.0,32.0,128.0,1.0,32.0,128.0,1.0,1.0,1.0,1.0,1.0,1.0,1.0,1.0,1.0,5.0,2.0,5.0,3.0,1.0,1.0,3.0,4.0,3.0,3.0,2.0,1.0,2.0,3.0,4.0,6.0,4.0,4.0,1.0,256.0,256.0,1.0,1.0,1.0,1.0,1.0,1.0,1.0,2.0,4.0,3.0,2.0,5.0,5.0,3.0,6.0,1.0,2.0,1.0,6.0,1.0,3.0,6.0,1.0,2.0,2.0,1024.0,16.0,1.0,128.0,128.0,1.0,1.0,1.0,1.0,1.0,1.0,1.0,58196640.0,11960183.040000003,19515900.0,0.22723220000000005,46.0,514.0,12124.0,696042466712985.8,38.54224,39.6858435,107.6,2573.6
2048.0,32000.0,256.0,64.0,1.0,4.0,24.0,30.0,1.0,4.0,3.0,5.0,2.0,2.0,1.0,5.0,4.0,1.0,5.0,5.0,6.0,4.0,1.0,2.0,1.0,4.0,6.0,2.0,4.0,2.0,1.0,4.0,8.0,128.0,1.0,768.0,3.0,1.0,1.0,1.0,1.0,1.0,1.0,1.0,4.0,5.0,3.0,5.0,5.0,6.0,4.0,6.0,2.0,5.0,6.0,4.0,3.0,1.0,4.0,4.0,4.0,4.0,2.0,1.0,1.0,32.0,32.0,1.0,32.0,1.0,1.0,1.0,1.0,1.0,5.0,4.0,4.0,4.0,1.0,6.0,3.0,1.0,4.0,3.0,6.0,5.0,6.0,5.0,4.0,3.0,5.0,2.0,1.0,16.0,1.0,64.0,1.0,1.0,32.0,2.0,1.0,1.0,1.0,1.0,6.0,5.0,4.0,1.0,2.0,2.0,1.0,2.0,3.0,2.0,3.0,3.0,1.0,6.0,6.0,1.0,2.0,2.0,512.0,128.0,1.0,32.0,512.0,1.0,1.0,1.0,1.0,1.0,1.0,1.0,3.0,5.0,6.0,5.0,3.0,3.0,4.0,3.0,6.0,3.0,6.0,5.0,2.0,6.0,1.0,5.0,2.0,1.0,16.0,4.0,1.0,1024.0,2048.0,1.0,1.0,1.0,1.0,1.0,1.0,1.0,5.0,3.0,5.0,3.0,1.0,5.0,6.0,4.0,4.0,5.0,6.0,4.0,6.0,2.0,2.0,5.0,4.0,6.0,256.0,64.0,1.0,4.0,256.0,1.0,1.0,1.0,1.0,1.0,1.0,1.0,2516582520.0,20019675.6,12741000.0,0.1446212,30.0,514.0,514.0,5.038116567103051e+16,1.0,1.003904,107.6,107.6
2048000.0,16000000.0,256.0,64.0,1.0,18.0,4.0,42.0,3.0,6.0,6.0,2.0,3.0,1.0,6.0,5.0,4.0,2.0,3.0,6.0,2.0,6.0,2.0,4.0,3.0,6.0,6.0,3.0,5.0,4.0,2.0,2.0,32.0,512.0,1.0,1.0,512.0,1.0,1.0,1.0,1.0,1.0,1.0,1.0,3.0,5.0,5.0,2.0,4.0,4.0,6.0,4.0,3.0,6.0,5.0,6.0,2.0,6.0,6.0,4.0,6.0,4.0,4.0,2.0,1.0,32.0,4.0,1.0,64.0,2.0,1.0,1.0,1.0,1.0,4.0,3.0,6.0,3.0,5.0,5.0,4.0,1.0,3.0,1.0,4.0,6.0,6.0,5.0,6.0,6.0,4.0,4.0,64.0,2.0,1.0,32.0,16.0,1.0,2.0,8.0,1.0,1.0,1.0,1.0,4.0,5.0,6.0,4.0,5.0,6.0,5.0,2.0,4.0,6.0,4.0,6.0,5.0,1.0,5.0,5.0,3.0,6.0,16.0,1.0,1.0,512.0,64.0,1.0,1.0,1.0,1.0,1.0,1.0,1.0,3.0,6.0,2.0,6.0,1.0,1.0,5.0,5.0,3.0,5.0,6.0,5.0,6.0,5.0,4.0,3.0,5.0,1.0,8.0,8.0,1.0,64.0,256.0,1.0,1.0,1.0,1.0,1.0,1.0,1.0,5.0,3.0,5.0,5.0,3.0,2.0,5.0,6.0,5.0,1.0,3.0,1.0,1.0,2.0,1.0,4.0,2.0,1.0,1024.0,8.0,1.0,2.0,128.0,1.0,1.0,1.0,1.0,1.0,1.0,1.0,62521464.0,15350743.68,17797900.0,0.20792899999999997,42.0,514.0,11092.0,959750968362347.5,33.70393,34.09925,107.6,2354.4
16000.0,64000.0,256.0,64.0,2.0,38.0,6.0,2.0,4.0,1.0,4.0,3.0,2.0,6.0,5.0,3.0,2.0,3.0,1.0,6.0,3.0,5.0,6.0,3.0,2.0,3.0,1.0,4.0,2.0,4.0,5.0,6.0,256.0,32.0,1.0,128.0,32.0,1.0,1.0,1.0,1.0,1.0,1.0,1.0,1.0,1.0,1.0,5.0,6.0,1.0,2.0,3.0,5.0,6.0,4.0,1.0,2.0,4.0,4.0,5.0,5.0,4.0,1.0,2.0,1.0,4.0,1.0,1.0,1.0,64.0,1.0,1.0,1.0,1.0,5.0,3.0,4.0,4.0,6.0,4.0,4.0,3.0,1.0,1.0,6.0,4.0,4.0,3.0,2.0,6.0,1.0,6.0,64.0,64.0,1.0,32.0,128.0,1.0,8.0,16.0,1.0,1.0,1.0,1.0,1.0,5.0,6.0,4.0,3.0,5.0,4.0,3.0,5.0,1.0,5.0,1.0,6.0,5.0,5.0,2.0,2.0,1.0,1.0,256.0,1.0,2.0,64.0,1.0,1.0,1.0,1.0,1.0,1.0,1.0,4.0,6.0,2.0,2.0,2.0,1.0,6.0,6.0,3.0,2.0,5.0,2.0,4.0,3.0,2.0,1.0,6.0,4.0,1.0,4.0,1.0,32.0,1.0,1.0,1.0,1.0,1.0,1.0,1.0,1.0,4.0,3.0,5.0,3.0,3.0,1.0,2.0,4.0,2.0,5.0,6.0,4.0,2.0,3.0,2.0,3.0,3.0,2.0,64.0,128.0,1.0,64.0,256.0,1.0,1.0,1.0,1.0,1.0,1.0,1.0,1844199348.0,9152084.399999999,5436730.0,0.079660645,12.0,514.0,40960.0,1.6878268083320968e+16,1.5,0.51471653,107.6,5289.1
128.0,256000.0,256.0,64.0,2.0,48.0,46.0,46.0,1.0,6.0,3.0,1.0,2.0,6.0,2.0,1.0,5.0,5.0,3.0,2.0,4.0,2.0,5.0,5.0,3.0,4.0,1.0,4.0,6.0,1.0,5.0,4.0,4.0,512.0,1.0,16.0,128.0,1.0,1.0,1.0,1.0,1.0,1.0,1.0,1.0,1.0,5.0,2.0,3.0,1.0,1.0,1.0,4.0,3.0,3.0,2.0,4.0,4.0,2.0,6.0,5.0,5.0,64.0,32.0,1.0,4.0,8.0,1.0,128.0,8.0,1.0,1.0,1.0,1.0,3.0,2.0,1.0,1.0,4.0,6.0,5.0,2.0,4.0,3.0,6.0,3.0,2.0,6.0,6.0,4.0,1.0,2.0,128.0,128.0,1.0,2.0,8.0,1.0,64.0,2.0,1.0,1.0,1.0,1.0,3.0,5.0,3.0,2.0,5.0,6.0,3.0,5.0,4.0,2.0,3.0,1.0,2.0,3.0,2.0,3.0,4.0,5.0,256.0,128.0,1.0,128.0,256.0,1.0,1.0,1.0,1.0,1.0,1.0,1.0,1.0,5.0,3.0,4.0,2.0,4.0,1.0,5.0,2.0,1.0,1.0,3.0,4.0,6.0,4.0,4.0,2.0,4.0,8.0,64.0,1.0,32.0,4.0,1.0,1.0,1.0,1.0,1.0,1.0,1.0,2.0,3.0,5.0,6.0,6.0,4.0,4.0,4.0,3.0,1.0,4.0,3.0,1.0,2.0,6.0,1.0,6.0,1.0,16.0,128.0,1.0,32.0,64.0,1.0,1.0,1.0,1.0,1.0,1.0,1.0,141575448.0,5248536.859999999,3096380000.0,11.858469999999999,2116.0,514.0,262144.0,743063957299013.2,30.333334999999998,3.7748694,107.6,46694.4
2048000.0,1024000.0,256.0,64.0,3.0,14.0,30.0,32.0,6.0,1.0,6.0,1.0,2.0,4.0,2.0,5.0,1.0,3.0,2.0,4.0,2.0,5.0,6.0,6.0,1.0,1.0,3.0,5.0,4.0,5.0,4.0,2.0,1.0,512.0,1.0,128.0,768.0,1.0,1.0,1.0,1.0,1.0,1.0,1.0,3.0,1.0,6.0,3.0,2.0,5.0,3.0,4.0,1.0,1.0,2.0,5.0,6.0,1.0,6.0,3.0,4.0,4.0,1.0,8.0,1.0,2.0,32.0,1.0,16.0,2.0,1.0,1.0,1.0,1.0,6.0,1.0,4.0,1.0,3.0,6.0,5.0,5.0,5.0,1.0,1.0,2.0,4.0,6.0,2.0,1.0,2.0,5.0,128.0,128.0,1.0,1.0,16.0,1.0,16.0,4.0,1.0,1.0,1.0,1.0,6.0,1.0,3.0,5.0,4.0,3.0,4.0,3.0,1.0,3.0,3.0,6.0,3.0,5.0,5.0,6.0,1.0,6.0,4.0,4.0,1.0,8.0,32.0,1.0,1.0,1.0,1.0,1.0,1.0,1.0,1.0,6.0,2.0,5.0,6.0,6.0,6.0,6.0,3.0,1.0,2.0,6.0,5.0,1.0,1.0,3.0,1.0,2.0,8.0,512.0,1.0,1024.0,4.0,1.0,1.0,1.0,1.0,1.0,1.0,1.0,5.0,3.0,1.0,2.0,6.0,3.0,3.0,1.0,5.0,5.0,4.0,6.0,3.0,4.0,1.0,3.0,5.0,2.0,512.0,512.0,1.0,128.0,2.0,1.0,1.0,1.0,1.0,1.0,1.0,1.0,1640233722.0,3947170.1399999997,97222300000.0,141.59945000000002,13440.0,514.0,1441792.0,6474281570099461.0,28.14,1.1996874999999998,107.6,189516.8
128.0,8192000.0,256.0,64.0,2.0,36.0,38.0,42.0,4.0,4.0,2.0,1.0,1.0,2.0,1.0,2.0,6.0,2.0,2.0,3.0,1.0,1.0,5.0,4.0,1.0,1.0,1.0,5.0,6.0,6.0,6.0,2.0,1.0,16.0,1.0,192.0,1.0,1.0,1.0,1.0,1.0,1.0,1.0,1.0,4.0,4.0,3.0,3.0,5.0,1.0,5.0,2.0,5.0,4.0,2.0,2.0,6.0,2.0,2.0,4.0,1.0,2.0,32.0,2.0,1.0,16.0,64.0,1.0,64.0,8.0,1.0,1.0,1.0,1.0,2.0,5.0,2.0,6.0,6.0,1.0,3.0,5.0,2.0,3.0,1.0,1.0,3.0,6.0,4.0,4.0,5.0,3.0,1.0,64.0,1.0,4.0,8.0,1.0,64.0,32.0,1.0,1.0,1.0,1.0,5.0,5.0,4.0,6.0,4.0,4.0,5.0,4.0,3.0,2.0,4.0,1.0,5.0,3.0,1.0,3.0,4.0,3.0,64.0,16.0,1.0,1.0,2.0,1.0,1.0,1.0,1.0,1.0,1.0,1.0,5.0,2.0,1.0,1.0,4.0,4.0,6.0,5.0,5.0,5.0,3.0,2.0,5.0,6.0,2.0,3.0,5.0,1.0,512.0,32.0,1.0,1024.0,4.0,1.0,1.0,1.0,1.0,1.0,1.0,1.0,3.0,1.0,2.0,4.0,2.0,5.0,3.0,1.0,2.0,5.0,4.0,1.0,3.0,3.0,1.0,1.0,5.0,6.0,512.0,128.0,1.0,2.0,32.0,1.0,1.0,1.0,1.0,1.0,1.0,1.0,61254708.0,4056171.24,1912740000.0,8.609355,1596.0,514.0,532992.0,248459584904197.94,264.22857,34.26915140000001,107.6,43107.8
128000.0,256000.0,256.0,64.0,2.0,42.0,44.0,10.0,2.0,3.0,4.0,2.0,4.0,3.0,3.0,2.0,5.0,6.0,6.0,4.0,5.0,3.0,5.0,3.0,6.0,1.0,2.0,5.0,1.0,1.0,6.0,2.0,256.0,128.0,1.0,3.0,768.0,1.0,1.0,1.0,1.0,1.0,1.0,1.0,5.0,3.0,2.0,4.0,2.0,5.0,1.0,3.0,5.0,1.0,6.0,1.0,2.0,1.0,6.0,2.0,6.0,3.0,8.0,2.0,1.0,128.0,2.0,1.0,16.0,16.0,1.0,1.0,1.0,1.0,3.0,4.0,6.0,2.0,3.0,6.0,1.0,3.0,4.0,1.0,1.0,5.0,3.0,2.0,4.0,5.0,2.0,1.0,16.0,64.0,1.0,4.0,16.0,1.0,64.0,1.0,1.0,1.0,1.0,1.0,1.0,4.0,4.0,3.0,4.0,3.0,1.0,6.0,5.0,2.0,1.0,5.0,2.0,6.0,2.0,4.0,1.0,6.0,8.0,8.0,1.0,64.0,64.0,1.0,1.0,1.0,1.0,1.0,1.0,1.0,4.0,3.0,5.0,3.0,4.0,4.0,6.0,6.0,1.0,4.0,5.0,4.0,6.0,3.0,5.0,3.0,2.0,2.0,512.0,512.0,1.0,128.0,64.0,1.0,1.0,1.0,1.0,1.0,1.0,1.0,6.0,6.0,6.0,4.0,2.0,5.0,1.0,1.0,2.0,4.0,4.0,4.0,1.0,1.0,1.0,6.0,6.0,6.0,16.0,32.0,1.0,2.0,128.0,1.0,1.0,1.0,1.0,1.0,1.0,1.0,2424121494.0,4542098.299999999,268660000.0,2.1647865,440.0,514.0,212992.0,1.1010598116890858e+16,16.2,4.814316306,107.6,14739.2
512000.0,256000.0,256.0,64.0,1.0,38.0,24.0,6.0,3.0,3.0,1.0,2.0,1.0,2.0,3.0,4.0,5.0,4.0,3.0,4.0,4.0,3.0,1.0,2.0,4.0,1.0,3.0,4.0,1.0,4.0,2.0,1.0,128.0,256.0,1.0,4.0,32.0,1.0,1.0,1.0,1.0,1.0,1.0,1.0,2.0,1.0,2.0,5.0,4.0,5.0,1.0,2.0,1.0,1.0,3.0,1.0,4.0,3.0,3.0,6.0,5.0,2.0,1.0,16.0,1.0,128.0,32.0,1.0,32.0,8.0,1.0,1.0,1.0,1.0,5.0,4.0,2.0,6.0,5.0,4.0,1.0,5.0,1.0,4.0,2.0,2.0,2.0,2.0,1.0,6.0,5.0,3.0,16.0,2.0,1.0,8.0,128.0,1.0,32.0,64.0,1.0,1.0,1.0,1.0,1.0,3.0,2.0,5.0,3.0,2.0,3.0,4.0,2.0,4.0,5.0,1.0,2.0,1.0,4.0,4.0,5.0,2.0,16.0,16.0,1.0,128.0,16.0,1.0,1.0,1.0,1.0,1.0,1.0,1.0,5.0,2.0,5.0,5.0,4.0,1.0,2.0,2.0,2.0,4.0,2.0,3.0,1.0,5.0,4.0,5.0,3.0,3.0,16.0,4.0,1.0,32.0,128.0,1.0,1.0,1.0,1.0,1.0,1.0,1.0,2.0,6.0,2.0,5.0,2.0,1.0,6.0,3.0,5.0,4.0,3.0,2.0,1.0,1.0,1.0,6.0,6.0,4.0,1024.0,2.0,1.0,128.0,4.0,1.0,1.0,1.0,1.0,1.0,1.0,1.0,422314176.0,12864996.84,3069880.0,0.03515203999999999,6.0,514.0,1804.0,5433070539727204.0,5.846982499999999,5.350083999999999,107.6,381.6
256.0,16000.0,256.0,64.0,3.0,40.0,40.0,12.0,5.0,5.0,5.0,5.0,2.0,5.0,6.0,2.0,6.0,5.0,6.0,2.0,4.0,4.0,2.0,6.0,6.0,3.0,1.0,6.0,2.0,6.0,2.0,5.0,256.0,64.0,1.0,2.0,32.0,1.0,1.0,1.0,1.0,1.0,1.0,1.0,6.0,3.0,6.0,3.0,3.0,4.0,1.0,2.0,1.0,3.0,1.0,6.0,6.0,5.0,2.0,3.0,6.0,5.0,4.0,1.0,1.0,32.0,8.0,1.0,8.0,2.0,1.0,1.0,1.0,1.0,6.0,4.0,4.0,2.0,3.0,2.0,2.0,2.0,1.0,6.0,2.0,2.0,1.0,6.0,2.0,5.0,6.0,1.0,1.0,1.0,1.0,32.0,16.0,1.0,8.0,1.0,1.0,1.0,1.0,1.0,5.0,1.0,4.0,2.0,6.0,2.0,3.0,6.0,2.0,3.0,4.0,4.0,4.0,2.0,6.0,4.0,3.0,6.0,4.0,512.0,1.0,512.0,256.0,1.0,1.0,1.0,1.0,1.0,1.0,1.0,5.0,1.0,2.0,4.0,5.0,3.0,3.0,6.0,1.0,6.0,6.0,6.0,5.0,3.0,2.0,3.0,3.0,1.0,8.0,1.0,1.0,2048.0,128.0,1.0,1.0,1.0,1.0,1.0,1.0,1.0,4.0,4.0,1.0,4.0,6.0,1.0,4.0,6.0,3.0,6.0,6.0,4.0,3.0,6.0,5.0,5.0,2.0,6.0,64.0,256.0,1.0,32.0,256.0,1.0,1.0,1.0,1.0,1.0,1.0,1.0,135040680.0,3950196.3000000003,195247000000.0,250.5929,19200.0,514.0,1916928.0,533437194485484.06,107.3,6.03748,107.6,229427.2
8192.0,16000.0,256.0,64.0,2.0,26.0,10.0,18.0,4.0,5.0,5.0,6.0,4.0,1.0,6.0,3.0,2.0,3.0,1.0,1.0,3.0,4.0,4.0,4.0,1.0,4.0,3.0,5.0,6.0,1.0,5.0,1.0,64.0,8.0,1.0,6.0,4.0,1.0,1.0,1.0,1.0,1.0,1.0,1.0,5.0,4.0,2.0,1.0,3.0,1.0,4.0,5.0,5.0,2.0,3.0,6.0,5.0,3.0,5.0,1.0,2.0,2.0,1.0,16.0,1.0,32.0,1.0,1.0,4.0,2.0,1.0,1.0,1.0,1.0,5.0,6.0,2.0,4.0,5.0,5.0,3.0,4.0,1.0,2.0,5.0,2.0,5.0,4.0,2.0,2.0,2.0,4.0,4.0,4.0,1.0,2.0,16.0,1.0,1.0,64.0,1.0,1.0,1.0,1.0,6.0,1.0,6.0,5.0,2.0,5.0,2.0,6.0,6.0,4.0,2.0,2.0,6.0,4.0,4.0,5.0,5.0,3.0,4.0,4.0,1.0,32.0,2.0,1.0,1.0,1.0,1.0,1.0,1.0,1.0,5.0,5.0,5.0,1.0,2.0,4.0,3.0,6.0,3.0,1.0,4.0,6.0,2.0,4.0,3.0,1.0,6.0,1.0,2.0,64.0,1.0,32.0,1.0,1.0,1.0,1.0,1.0,1.0,1.0,1.0,4.0,1.0,3.0,2.0,4.0,4.0,1.0,4.0,4.0,1.0,3.0,3.0,1.0,1.0,5.0,5.0,6.0,6.0,2048.0,128.0,1.0,64.0,1.0,1.0,1.0,1.0,1.0,1.0,1.0,1.0,1972765218.0,15278950.439999998,86490600.0,0.8545151,180.0,514.0,33280.0,3.014178199557779e+16,1.6,0.9266821,107.6,1952.2
2048000.0,1024000.0,256.0,64.0,3.0,10.0,10.0,8.0,2.0,1.0,6.0,6.0,2.0,2.0,6.0,2.0,1.0,3.0,3.0,2.0,4.0,5.0,2.0,1.0,1.0,6.0,1.0,3.0,2.0,3.0,2.0,1.0,2.0,64.0,1.0,512.0,96.0,1.0,1.0,1.0,1.0,1.0,1.0,1.0,4.0,2.0,2.0,5.0,6.0,2.0,3.0,5.0,6.0,2.0,6.0,3.0,4.0,5.0,3.0,5.0,5.0,3.0,4.0,16.0,1.0,128.0,16.0,1.0,4.0,128.0,1.0,1.0,1.0,1.0,6.0,2.0,6.0,1.0,5.0,6.0,6.0,1.0,5.0,6.0,1.0,2.0,5.0,6.0,3.0,5.0,3.0,5.0,1.0,2.0,1.0,8.0,4.0,1.0,8.0,64.0,1.0,1.0,1.0,1.0,1.0,4.0,6.0,1.0,1.0,1.0,6.0,2.0,5.0,2.0,1.0,4.0,3.0,1.0,2.0,6.0,2.0,1.0,32.0,64.0,1.0,16.0,64.0,1.0,1.0,1.0,1.0,1.0,1.0,1.0,5.0,2.0,5.0,2.0,1.0,2.0,3.0,2.0,3.0,4.0,4.0,3.0,2.0,4.0,4.0,1.0,3.0,2.0,8.0,256.0,1.0,4.0,256.0,1.0,1.0,1.0,1.0,1.0,1.0,1.0,2.0,6.0,5.0,5.0,2.0,2.0,5.0,4.0,5.0,2.0,1.0,5.0,5.0,4.0,3.0,2.0,5.0,3.0,2048.0,512.0,1.0,4.0,64.0,1.0,1.0,1.0,1.0,1.0,1.0,1.0,594318672.0,4094186.5000000005,634674000.0,4.250714000000001,800.0,514.0,802816.0,2433251483600328.5,3.3,0.2007813,107.6,82854.4
512000.0,512000.0,256.0,64.0,2.0,46.0,14.0,38.0,3.0,6.0,4.0,3.0,5.0,5.0,1.0,6.0,3.0,3.0,6.0,3.0,4.0,4.0,4.0,4.0,5.0,3.0,6.0,4.0,5.0,1.0,6.0,5.0,16.0,4.0,1.0,12.0,48.0,1.0,1.0,1.0,1.0,1.0,1.0,1.0,1.0,4.0,4.0,3.0,5.0,5.0,1.0,3.0,2.0,5.0,6.0,6.0,5.0,2.0,4.0,6.0,1.0,6.0,32.0,2.0,1.0,1.0,8.0,1.0,8.0,16.0,1.0,1.0,1.0,1.0,5.0,6.0,5.0,3.0,1.0,6.0,1.0,4.0,1.0,4.0,5.0,5.0,5.0,4.0,5.0,5.0,1.0,4.0,64.0,2.0,1.0,16.0,128.0,1.0,8.0,64.0,1.0,1.0,1.0,1.0,3.0,4.0,2.0,2.0,6.0,3.0,2.0,2.0,2.0,2.0,1.0,4.0,1.0,2.0,3.0,4.0,1.0,5.0,128.0,4.0,1.0,4.0,4.0,1.0,1.0,1.0,1.0,1.0,1.0,1.0,6.0,1.0,5.0,3.0,5.0,3.0,3.0,6.0,3.0,3.0,1.0,4.0,5.0,6.0,5.0,4.0,5.0,5.0,256.0,8.0,1.0,128.0,2.0,1.0,1.0,1.0,1.0,1.0,1.0,1.0,4.0,5.0,1.0,4.0,1.0,1.0,3.0,6.0,3.0,2.0,2.0,6.0,4.0,1.0,6.0,2.0,5.0,6.0,256.0,32.0,1.0,64.0,256.0,1.0,1.0,1.0,1.0,1.0,1.0,1.0,232312638.0,5656601.020000001,349611000.0,2.6188735000000007,532.0,514.0,155648.0,1314099905069691.0,10.69189,4.227412249999999,107.6,12384.0
64000.0,32000000.0,256.0,64.0,1.0,44.0,26.0,2.0,2.0,3.0,4.0,5.0,3.0,2.0,5.0,4.0,3.0,5.0,4.0,2.0,5.0,6.0,1.0,4.0,5.0,4.0,2.0,6.0,3.0,1.0,2.0,3.0,256.0,4.0,1.0,1536.0,192.0,1.0,1.0,1.0,1.0,1.0,1.0,1.0,4.0,6.0,5.0,6.0,3.0,1.0,4.0,5.0,3.0,6.0,4.0,5.0,5.0,2.0,4.0,5.0,2.0,5.0,2.0,32.0,1.0,16.0,128.0,1.0,16.0,128.0,1.0,1.0,1.0,1.0,2.0,2.0,1.0,6.0,5.0,6.0,2.0,3.0,4.0,2.0,4.0,6.0,1.0,6.0,4.0,6.0,2.0,3.0,32.0,1.0,1.0,32.0,1.0,1.0,1.0,1.0,1.0,1.0,1.0,1.0,3.0,5.0,3.0,5.0,2.0,4.0,6.0,2.0,2.0,3.0,2.0,3.0,3.0,4.0,2.0,3.0,2.0,6.0,4.0,256.0,1.0,2.0,2.0,1.0,1.0,1.0,1.0,1.0,1.0,1.0,4.0,1.0,5.0,6.0,2.0,4.0,3.0,3.0,2.0,4.0,5.0,2.0,6.0,6.0,3.0,6.0,3.0,5.0,2.0,4.0,1.0,64.0,2.0,1.0,1.0,1.0,1.0,1.0,1.0,1.0,6.0,2.0,1.0,4.0,3.0,3.0,4.0,5.0,4.0,2.0,6.0,6.0,3.0,2.0,4.0,3.0,1.0,5.0,256.0,64.0,1.0,2.0,2.0,1.0,1.0,1.0,1.0,1.0,1.0,1.0,2516582520.0,19313216.400000002,1518260.0,0.015821560000000002,2.0,514.0,514.0,4.8603302797217336e+16,1.0,1.39768,107.6,107.6
512000.0,256000.0,256.0,64.0,2.0,24.0,4.0,48.0,2.0,2.0,5.0,2.0,1.0,4.0,5.0,1.0,4.0,2.0,3.0,5.0,2.0,1.0,4.0,4.0,1.0,1.0,4.0,2.0,4.0,3.0,1.0,4.0,64.0,1.0,1.0,384.0,128.0,1.0,1.0,1.0,1.0,1.0,1.0,1.0,5.0,4.0,4.0,4.0,3.0,6.0,2.0,2.0,3.0,4.0,6.0,6.0,6.0,2.0,5.0,1.0,1.0,3.0,16.0,16.0,1.0,8.0,32.0,1.0,16.0,8.0,1.0,1.0,1.0,1.0,4.0,1.0,5.0,2.0,4.0,3.0,2.0,2.0,6.0,6.0,1.0,2.0,5.0,4.0,4.0,2.0,2.0,5.0,4.0,8.0,1.0,128.0,8.0,1.0,2.0,32.0,1.0,1.0,1.0,1.0,6.0,4.0,6.0,1.0,4.0,2.0,3.0,4.0,2.0,1.0,5.0,6.0,5.0,1.0,3.0,2.0,3.0,4.0,4.0,4.0,1.0,128.0,8.0,1.0,1.0,1.0,1.0,1.0,1.0,1.0,3.0,6.0,4.0,4.0,1.0,1.0,3.0,5.0,6.0,5.0,2.0,2.0,6.0,5.0,4.0,1.0,3.0,2.0,128.0,512.0,1.0,2.0,1.0,1.0,1.0,1.0,1.0,1.0,1.0,1.0,3.0,3.0,6.0,6.0,4.0,6.0,5.0,2.0,4.0,5.0,4.0,2.0,5.0,4.0,5.0,1.0,3.0,2.0,1.0,1.0,1.0,32.0,32.0,1.0,1.0,1.0,1.0,1.0,1.0,1.0,2441626212.0,13197597.36,93381000.0,0.9212311000000001,192.0,514.0,33280.0,3.2223599649598e+16,3.4,0.6451408500000002,107.6,4729.6
512.0,64000.0,256.0,64.0,3.0,4.0,42.0,36.0,5.0,2.0,4.0,3.0,6.0,5.0,1.0,2.0,4.0,6.0,3.0,5.0,5.0,6.0,2.0,3.0,6.0,5.0,5.0,1.0,3.0,4.0,2.0,4.0,32.0,256.0,1.0,8.0,128.0,1.0,1.0,1.0,1.0,1.0,1.0,1.0,2.0,2.0,4.0,4.0,4.0,5.0,4.0,2.0,1.0,6.0,3.0,4.0,3.0,2.0,1.0,6.0,5.0,1.0,16.0,2.0,1.0,32.0,16.0,1.0,32.0,64.0,1.0,1.0,1.0,1.0,6.0,2.0,3.0,1.0,4.0,2.0,1.0,3.0,1.0,3.0,2.0,4.0,6.0,6.0,4.0,3.0,5.0,3.0,16.0,16.0,1.0,8.0,1.0,1.0,2.0,2.0,1.0,1.0,1.0,1.0,1.0,2.0,5.0,3.0,4.0,6.0,4.0,2.0,3.0,2.0,3.0,3.0,1.0,2.0,2.0,2.0,6.0,2.0,1.0,32.0,1.0,256.0,4.0,1.0,1.0,1.0,1.0,1.0,1.0,1.0,5.0,5.0,2.0,5.0,5.0,4.0,5.0,5.0,2.0,3.0,3.0,2.0,4.0,5.0,1.0,1.0,6.0,1.0,16.0,64.0,1.0,2.0,8.0,1.0,1.0,1.0,1.0,1.0,1.0,1.0,4.0,1.0,3.0,5.0,2.0,1.0,4.0,5.0,1.0,6.0,2.0,5.0,4.0,4.0,1.0,4.0,3.0,3.0,32.0,2048.0,1.0,256.0,32.0,1.0,1.0,1.0,1.0,1.0,1.0,1.0,367207836.0,4132452.36,20967700000.0,44.18179000000001,6048.0,514.0,1638400.0,1517468888488693.0,7.4,0.38316234999999993,107.6,98598.4
512.0,128000.0,256.0,64.0,1.0,18.0,10.0,8.0,4.0,6.0,2.0,4.0,1.0,2.0,6.0,4.0,2.0,2.0,1.0,3.0,2.0,1.0,2.0,5.0,2.0,3.0,4.0,2.0,4.0,1.0,2.0,5.0,512.0,2.0,1.0,6.0,16.0,1.0,1.0,1.0,1.0,1.0,1.0,1.0,1.0,4.0,5.0,6.0,2.0,4.0,1.0,5.0,5.0,1.0,6.0,5.0,6.0,4.0,2.0,6.0,6.0,1.0,2.0,32.0,1.0,64.0,64.0,1.0,2.0,4.0,1.0,1.0,1.0,1.0,4.0,5.0,3.0,3.0,2.0,3.0,6.0,4.0,1.0,4.0,6.0,6.0,6.0,3.0,5.0,1.0,3.0,1.0,16.0,1.0,1.0,16.0,1.0,1.0,16.0,64.0,1.0,1.0,1.0,1.0,5.0,1.0,3.0,5.0,5.0,1.0,1.0,6.0,2.0,4.0,5.0,5.0,3.0,3.0,2.0,6.0,5.0,5.0,512.0,512.0,1.0,1.0,8.0,1.0,1.0,1.0,1.0,1.0,1.0,1.0,6.0,4.0,4.0,2.0,3.0,4.0,5.0,2.0,2.0,4.0,1.0,2.0,4.0,6.0,2.0,3.0,2.0,5.0,64.0,256.0,1.0,8.0,2048.0,1.0,1.0,1.0,1.0,1.0,1.0,1.0,4.0,4.0,2.0,4.0,2.0,1.0,3.0,6.0,1.0,4.0,6.0,6.0,6.0,3.0,4.0,6.0,3.0,1.0,512.0,8.0,1.0,512.0,1.0,1.0,1.0,1.0,1.0,1.0,1.0,1.0,314572920.0,15583537.2,3853450.0,0.044722700000000004,8.0,514.0,2320.0,4902158800932624.0,8.0,8.000587999999999,107.6,491.2
256.0,1024000.0,256.0,64.0,2.0,42.0,46.0,44.0,5.0,2.0,4.0,1.0,2.0,4.0,2.0,5.0,3.0,6.0,1.0,2.0,6.0,4.0,6.0,4.0,5.0,5.0,2.0,2.0,6.0,4.0,5.0,3.0,8.0,16.0,1.0,96.0,1.0,1.0,1.0,1.0,1.0,1.0,1.0,1.0,1.0,6.0,4.0,6.0,4.0,4.0,2.0,1.0,2.0,5.0,1.0,5.0,6.0,5.0,4.0,2.0,3.0,4.0,8.0,32.0,1.0,64.0,1.0,1.0,2.0,64.0,1.0,1.0,1.0,1.0,3.0,5.0,6.0,2.0,6.0,1.0,4.0,4.0,4.0,5.0,6.0,1.0,6.0,3.0,1.0,1.0,4.0,3.0,1.0,32.0,1.0,2.0,4.0,1.0,64.0,1.0,1.0,1.0,1.0,1.0,4.0,5.0,2.0,5.0,5.0,6.0,1.0,1.0,1.0,2.0,3.0,5.0,1.0,6.0,1.0,2.0,3.0,6.0,256.0,32.0,1.0,1.0,16.0,1.0,1.0,1.0,1.0,1.0,1.0,1.0,3.0,2.0,5.0,2.0,6.0,4.0,2.0,2.0,6.0,6.0,2.0,4.0,1.0,6.0,6.0,5.0,4.0,6.0,32.0,8.0,1.0,1.0,16.0,1.0,1.0,1.0,1.0,1.0,1.0,1.0,4.0,1.0,6.0,3.0,4.0,4.0,1.0,5.0,2.0,5.0,5.0,2.0,1.0,3.0,4.0,4.0,3.0,5.0,64.0,128.0,1.0,256.0,4.0,1.0,1.0,1.0,1.0,1.0,1.0,1.0,87154404.0,4155711.96,2866920000.0,11.257529999999997,2024.0,514.0,541696.0,362188599069471.8,29.066679999999998,8.695464350000002,107.6,43489.6
32000.0,8192000.0,256.0,64.0,2.0,46.0,48.0,2.0,5.0,6.0,1.0,6.0,6.0,1.0,3.0,4.0,6.0,1.0,6.0,3.0,2.0,5.0,2.0,5.0,3.0,1.0,3.0,2.0,5.0,1.0,1.0,3.0,64.0,128.0,1.0,192.0,64.0,1.0,1.0,1.0,1.0,1.0,1.0,1.0,3.0,4.0,2.0,5.0,5.0,5.0,1.0,4.0,2.0,2.0,1.0,5.0,5.0,1.0,4.0,1.0,6.0,6.0,2.0,1.0,1.0,16.0,8.0,1.0,8.0,4.0,1.0,1.0,1.0,1.0,1.0,3.0,2.0,2.0,2.0,6.0,6.0,2.0,3.0,5.0,3.0,4.0,3.0,4.0,1.0,2.0,3.0,3.0,32.0,2.0,1.0,4.0,32.0,1.0,64.0,4.0,1.0,1.0,1.0,1.0,6.0,5.0,6.0,4.0,1.0,6.0,5.0,1.0,4.0,1.0,1.0,6.0,5.0,1.0,2.0,4.0,1.0,1.0,64.0,4.0,1.0,256.0,512.0,1.0,1.0,1.0,1.0,1.0,1.0,1.0,4.0,2.0,3.0,6.0,5.0,5.0,4.0,5.0,4.0,3.0,1.0,5.0,4.0,4.0,2.0,6.0,4.0,4.0,1.0,16.0,1.0,8.0,64.0,1.0,1.0,1.0,1.0,1.0,1.0,1.0,5.0,3.0,3.0,1.0,5.0,4.0,1.0,6.0,4.0,5.0,1.0,5.0,3.0,6.0,5.0,5.0,1.0,5.0,64.0,16.0,1.0,1.0,1.0,1.0,1.0,1.0,1.0,1.0,1.0,1.0,166901514.0,8141124.380000001,42425400.0,0.5893189999999999,96.0,514.0,589824.0,1358765984684311.5,24.96061,14.1300954,107.6,39984.0
256.0,8192000.0,256.0,64.0,1.0,36.0,24.0,30.0,4.0,4.0,5.0,5.0,4.0,4.0,6.0,6.0,5.0,6.0,1.0,6.0,6.0,6.0,1.0,3.0,3.0,4.0,6.0,2.0,1.0,5.0,1.0,5.0,256.0,4.0,1.0,2.0,16.0,1.0,1.0,1.0,1.0,1.0,1.0,1.0,4.0,4.0,1.0,6.0,3.0,2.0,3.0,3.0,3.0,3.0,6.0,1.0,5.0,3.0,5.0,6.0,5.0,1.0,64.0,2.0,1.0,8.0,128.0,1.0,16.0,64.0,1.0,1.0,1.0,1.0,2.0,3.0,6.0,2.0,5.0,1.0,5.0,2.0,3.0,1.0,2.0,6.0,4.0,6.0,1.0,1.0,4.0,4.0,1.0,64.0,1.0,1.0,32.0,1.0,8.0,8.0,1.0,1.0,1.0,1.0,6.0,1.0,6.0,2.0,1.0,3.0,5.0,6.0,4.0,2.0,3.0,2.0,2.0,2.0,6.0,6.0,5.0,1.0,64.0,128.0,1.0,1.0,128.0,1.0,1.0,1.0,1.0,1.0,1.0,1.0,4.0,6.0,5.0,1.0,1.0,5.0,6.0,5.0,6.0,3.0,5.0,4.0,6.0,6.0,6.0,5.0,4.0,5.0,1.0,256.0,1.0,512.0,256.0,1.0,1.0,1.0,1.0,1.0,1.0,1.0,2.0,2.0,1.0,6.0,4.0,1.0,4.0,2.0,3.0,2.0,6.0,1.0,2.0,5.0,4.0,6.0,5.0,1.0,2.0,8.0,1.0,8.0,512.0,1.0,1.0,1.0,1.0,1.0,1.0,1.0,2420244600.0,18860869.68,12741000.0,0.14494120000000002,30.0,514.0,514.0,4.564791799432373e+16,18.973320000000005,19.106671,107.6,200.4
1024.0,64000.0,256.0,64.0,3.0,32.0,28.0,24.0,5.0,2.0,2.0,6.0,4.0,1.0,1.0,4.0,1.0,4.0,3.0,6.0,1.0,6.0,1.0,4.0,4.0,3.0,6.0,1.0,3.0,4.0,5.0,6.0,1.0,256.0,1.0,1536.0,8.0,1.0,1.0,1.0,1.0,1.0,1.0,1.0,5.0,6.0,5.0,1.0,2.0,6.0,2.0,4.0,3.0,4.0,4.0,3.0,2.0,1.0,3.0,5.0,1.0,5.0,16.0,4.0,1.0,4.0,1.0,1.0,1.0,128.0,1.0,1.0,1.0,1.0,5.0,5.0,3.0,1.0,3.0,3.0,4.0,6.0,1.0,6.0,6.0,6.0,6.0,3.0,6.0,6.0,3.0,3.0,32.0,2.0,1.0,64.0,64.0,1.0,16.0,4.0,1.0,1.0,1.0,1.0,3.0,5.0,5.0,6.0,1.0,6.0,1.0,6.0,4.0,5.0,1.0,6.0,6.0,3.0,6.0,2.0,4.0,5.0,512.0,4.0,1.0,4.0,32.0,1.0,1.0,1.0,1.0,1.0,1.0,1.0,4.0,5.0,4.0,3.0,1.0,6.0,6.0,6.0,4.0,2.0,1.0,6.0,5.0,5.0,4.0,5.0,4.0,2.0,128.0,256.0,1.0,32.0,1.0,1.0,1.0,1.0,1.0,1.0,1.0,1.0,1.0,5.0,3.0,2.0,5.0,1.0,5.0,4.0,5.0,5.0,1.0,3.0,3.0,5.0,5.0,2.0,1.0,6.0,64.0,4.0,1.0,1.0,4.0,1.0,1.0,1.0,1.0,1.0,1.0,1.0,504422154.0,4984504.16,243925000000.0,301.76395,21504.0,514.0,1245184.0,2514294325009160.5,11.459999999999999,0.66698,107.6,81228.8
128.0,4096000.0,256.0,64.0,3.0,8.0,22.0,20.0,2.0,1.0,3.0,6.0,5.0,6.0,3.0,2.0,3.0,5.0,5.0,2.0,1.0,5.0,4.0,2.0,1.0,6.0,4.0,2.0,4.0,2.0,5.0,5.0,1.0,256.0,1.0,3.0,768.0,1.0,1.0,1.0,1.0,1.0,1.0,1.0,6.0,3.0,6.0,5.0,2.0,4.0,3.0,5.0,3.0,2.0,2.0,1.0,3.0,2.0,4.0,1.0,5.0,1.0,2.0,4.0,1.0,32.0,1.0,1.0,16.0,64.0,1.0,1.0,1.0,1.0,4.0,4.0,2.0,5.0,4.0,5.0,2.0,5.0,6.0,6.0,2.0,3.0,1.0,2.0,3.0,5.0,1.0,1.0,32.0,1.0,1.0,4.0,32.0,1.0,32.0,1.0,1.0,1.0,1.0,1.0,2.0,2.0,1.0,2.0,2.0,6.0,4.0,4.0,5.0,4.0,4.0,1.0,4.0,6.0,6.0,4.0,6.0,4.0,64.0,4.0,1.0,1.0,512.0,1.0,1.0,1.0,1.0,1.0,1.0,1.0,1.0,1.0,1.0,1.0,3.0,6.0,1.0,1.0,1.0,6.0,3.0,2.0,2.0,6.0,4.0,6.0,2.0,3.0,256.0,128.0,1.0,2.0,1.0,1.0,1.0,1.0,1.0,1.0,1.0,1.0,2.0,3.0,1.0,4.0,3.0,4.0,5.0,3.0,3.0,6.0,3.0,4.0,3.0,1.0,6.0,3.0,5.0,6.0,512.0,8.0,1.0,16.0,16.0,1.0,1.0,1.0,1.0,1.0,1.0,1.0,2533622292.0,4169545.88,7668920000.0,21.822785,3520.0,514.0,655360.0,1.0564054389084756e+16,1.0,0.08393554700000001,107.6,58752.0
256.0,512000.0,256.0,64.0,2.0,36.0,48.0,26.0,2.0,4.0,2.0,6.0,2.0,2.0,1.0,1.0,3.0,1.0,6.0,5.0,1.0,3.0,4.0,6.0,6.0,5.0,3.0,1.0,1.0,2.0,3.0,3.0,64.0,8.0,1.0,12.0,4.0,1.0,1.0,1.0,1.0,1.0,1.0,1.0,1.0,2.0,4.0,5.0,3.0,5.0,1.0,1.0,6.0,2.0,5.0,5.0,5.0,1.0,6.0,2.0,2.0,4.0,64.0,64.0,1.0,64.0,8.0,1.0,8.0,32.0,1.0,1.0,1.0,1.0,5.0,5.0,6.0,2.0,4.0,2.0,4.0,2.0,4.0,1.0,2.0,2.0,5.0,4.0,4.0,1.0,4.0,1.0,8.0,1.0,1.0,4.0,64.0,1.0,4.0,2.0,1.0,1.0,1.0,1.0,6.0,5.0,4.0,4.0,1.0,2.0,1.0,3.0,2.0,1.0,3.0,4.0,6.0,6.0,1.0,2.0,4.0,1.0,2.0,512.0,1.0,2.0,2.0,1.0,1.0,1.0,1.0,1.0,1.0,1.0,3.0,2.0,6.0,4.0,1.0,6.0,1.0,6.0,4.0,6.0,4.0,6.0,3.0,3.0,3.0,5.0,5.0,3.0,16.0,128.0,1.0,2048.0,256.0,1.0,1.0,1.0,1.0,1.0,1.0,1.0,2.0,3.0,5.0,2.0,5.0,2.0,3.0,2.0,4.0,1.0,3.0,6.0,3.0,2.0,3.0,6.0,4.0,3.0,2.0,2048.0,1.0,32.0,16.0,1.0,1.0,1.0,1.0,1.0,1.0,1.0,359364534.0,8110895.500000002,1274480000.0,6.4448279999999984,1248.0,514.0,77824.0,2914768181680197.5,7.180000000000001,2.0417669000000003,107.6,5214.8
8192.0,2048000.0,256.0,64.0,2.0,20.0,26.0,26.0,3.0,6.0,2.0,1.0,4.0,1.0,5.0,2.0,6.0,4.0,2.0,3.0,1.0,2.0,1.0,5.0,2.0,4.0,6.0,2.0,5.0,6.0,1.0,5.0,4.0,512.0,1.0,192.0,8.0,1.0,1.0,1.0,1.0,1.0,1.0,1.0,4.0,3.0,6.0,1.0,5.0,2.0,4.0,2.0,4.0,5.0,3.0,5.0,4.0,1.0,2.0,1.0,1.0,2.0,8.0,2.0,1.0,64.0,128.0,1.0,2.0,2.0,1.0,1.0,1.0,1.0,2.0,4.0,5.0,3.0,5.0,4.0,4.0,5.0,5.0,2.0,2.0,2.0,5.0,1.0,1.0,6.0,4.0,6.0,8.0,128.0,1.0,2.0,16.0,1.0,2.0,1.0,1.0,1.0,1.0,1.0,5.0,1.0,2.0,6.0,6.0,2.0,1.0,4.0,6.0,4.0,5.0,4.0,4.0,2.0,6.0,4.0,3.0,2.0,16.0,256.0,1.0,32.0,512.0,1.0,1.0,1.0,1.0,1.0,1.0,1.0,3.0,4.0,1.0,4.0,6.0,2.0,3.0,3.0,5.0,3.0,1.0,3.0,5.0,1.0,1.0,6.0,6.0,3.0,512.0,8.0,1.0,1024.0,256.0,1.0,1.0,1.0,1.0,1.0,1.0,1.0,6.0,5.0,1.0,3.0,1.0,3.0,1.0,5.0,1.0,2.0,6.0,3.0,4.0,1.0,2.0,3.0,2.0,4.0,256.0,256.0,1.0,8.0,128.0,1.0,1.0,1.0,1.0,1.0,1.0,1.0,203941404.0,5302169.76,493679000.0,3.475265500000001,676.0,514.0,493568.0,1081331945100743.0,12.799985,8.3721975,107.6,46598.4
1024000.0,128000.0,256.0,64.0,3.0,10.0,16.0,20.0,6.0,1.0,5.0,6.0,4.0,5.0,5.0,5.0,3.0,2.0,3.0,4.0,4.0,1.0,2.0,2.0,2.0,3.0,4.0,6.0,1.0,1.0,6.0,6.0,1.0,256.0,1.0,64.0,48.0,1.0,1.0,1.0,1.0,1.0,1.0,1.0,5.0,4.0,2.0,2.0,6.0,2.0,4.0,4.0,1.0,3.0,4.0,3.0,3.0,1.0,4.0,4.0,3.0,4.0,8.0,16.0,1.0,128.0,32.0,1.0,1.0,32.0,1.0,1.0,1.0,1.0,5.0,5.0,1.0,2.0,2.0,5.0,4.0,6.0,6.0,1.0,6.0,6.0,1.0,3.0,4.0,2.0,6.0,3.0,64.0,16.0,1.0,4.0,16.0,1.0,4.0,32.0,1.0,1.0,1.0,1.0,3.0,2.0,5.0,3.0,6.0,4.0,5.0,6.0,5.0,6.0,4.0,4.0,1.0,6.0,1.0,5.0,2.0,5.0,128.0,128.0,1.0,2.0,256.0,1.0,1.0,1.0,1.0,1.0,1.0,1.0,2.0,6.0,3.0,5.0,1.0,6.0,2.0,1.0,3.0,2.0,6.0,6.0,6.0,4.0,5.0,5.0,4.0,3.0,16.0,2.0,1.0,256.0,2.0,1.0,1.0,1.0,1.0,1.0,1.0,1.0,6.0,4.0,1.0,2.0,2.0,6.0,4.0,4.0,1.0,2.0,6.0,5.0,6.0,4.0,2.0,6.0,5.0,5.0,64.0,16.0,1.0,512.0,256.0,1.0,1.0,1.0,1.0,1.0,1.0,1.0,572966076.0,3953459.8800000004,6450010000.0,19.576774999999998,3200.0,514.0,950272.0,2265198394067031.0,5.9,0.1015625,107.6,107315.2
256000.0,16000000.0,256.0,64.0,2.0,4.0,38.0,18.0,2.0,5.0,3.0,3.0,5.0,2.0,4.0,1.0,1.0,3.0,6.0,4.0,1.0,6.0,4.0,2.0,5.0,1.0,4.0,4.0,4.0,3.0,4.0,1.0,16.0,256.0,1.0,4.0,384.0,1.0,1.0,1.0,1.0,1.0,1.0,1.0,3.0,4.0,1.0,5.0,3.0,4.0,1.0,3.0,5.0,2.0,4.0,5.0,3.0,6.0,3.0,2.0,6.0,2.0,32.0,16.0,1.0,1.0,64.0,1.0,128.0,1.0,1.0,1.0,1.0,1.0,2.0,1.0,1.0,1.0,5.0,1.0,2.0,1.0,4.0,4.0,3.0,3.0,1.0,4.0,1.0,6.0,5.0,5.0,64.0,1.0,1.0,16.0,2.0,1.0,64.0,32.0,1.0,1.0,1.0,1.0,2.0,1.0,1.0,1.0,6.0,6.0,4.0,4.0,5.0,1.0,3.0,4.0,6.0,4.0,3.0,2.0,5.0,5.0,1.0,1.0,1.0,8.0,32.0,1.0,1.0,1.0,1.0,1.0,1.0,1.0,4.0,4.0,5.0,6.0,2.0,6.0,3.0,3.0,6.0,2.0,5.0,6.0,6.0,2.0,5.0,5.0,2.0,2.0,128.0,512.0,1.0,16.0,2.0,1.0,1.0,1.0,1.0,1.0,1.0,1.0,6.0,3.0,3.0,2.0,2.0,6.0,2.0,3.0,6.0,6.0,3.0,2.0,1.0,1.0,1.0,3.0,6.0,3.0,32.0,32.0,1.0,1.0,2.0,1.0,1.0,1.0,1.0,1.0,1.0,1.0,70130658.0,5613571.46,502257000.0,3.4025985000000003,684.0,514.0,78688.0,393683460219820.7,32.67032,25.882185349999997,107.6,13491.2
512.0,1024000.0,256.0,64.0,3.0,2.0,44.0,20.0,4.0,2.0,5.0,6.0,1.0,2.0,4.0,5.0,6.0,4.0,6.0,2.0,3.0,5.0,4.0,5.0,4.0,1.0,5.0,6.0,2.0,3.0,1.0,4.0,256.0,128.0,1.0,1536.0,1536.0,1.0,1.0,1.0,1.0,1.0,1.0,1.0,5.0,5.0,2.0,6.0,2.0,5.0,5.0,1.0,3.0,2.0,6.0,2.0,3.0,3.0,2.0,6.0,1.0,4.0,2.0,16.0,1.0,64.0,4.0,1.0,8.0,64.0,1.0,1.0,1.0,1.0,3.0,5.0,1.0,4.0,2.0,1.0,5.0,3.0,1.0,6.0,1.0,2.0,4.0,2.0,4.0,4.0,4.0,4.0,128.0,8.0,1.0,128.0,16.0,1.0,2.0,4.0,1.0,1.0,1.0,1.0,4.0,4.0,3.0,5.0,4.0,4.0,2.0,5.0,5.0,5.0,6.0,1.0,5.0,6.0,3.0,1.0,1.0,2.0,128.0,512.0,1.0,512.0,4.0,1.0,1.0,1.0,1.0,1.0,1.0,1.0,1.0,5.0,3.0,2.0,3.0,1.0,1.0,1.0,3.0,4.0,5.0,6.0,6.0,3.0,5.0,6.0,2.0,5.0,512.0,16.0,1.0,2.0,4.0,1.0,1.0,1.0,1.0,1.0,1.0,1.0,6.0,5.0,4.0,1.0,4.0,5.0,6.0,1.0,2.0,2.0,5.0,5.0,6.0,2.0,3.0,1.0,2.0,2.0,8.0,128.0,1.0,2.0,32.0,1.0,1.0,1.0,1.0,1.0,1.0,1.0,205363332.0,3954272.9,2256370000.0,9.903294000000002,1760.0,514.0,1245184.0,812062658381302.8,15.828569999999997,0.30957031,107.6,129689.6
128000.0,1024000.0,256.0,64.0,2.0,26.0,34.0,6.0,6.0,1.0,1.0,6.0,5.0,6.0,6.0,6.0,3.0,6.0,4.0,5.0,6.0,3.0,6.0,2.0,3.0,5.0,6.0,5.0,5.0,2.0,2.0,6.0,2.0,2.0,1.0,8.0,12.0,1.0,1.0,1.0,1.0,1.0,1.0,1.0,5.0,5.0,1.0,4.0,2.0,1.0,5.0,6.0,5.0,3.0,2.0,3.0,3.0,1.0,3.0,1.0,6.0,6.0,32.0,2.0,1.0,8.0,128.0,1.0,8.0,16.0,1.0,1.0,1.0,1.0,4.0,3.0,5.0,3.0,6.0,3.0,4.0,3.0,2.0,6.0,5.0,3.0,6.0,1.0,1.0,2.0,6.0,3.0,128.0,1.0,1.0,4.0,2.0,1.0,16.0,8.0,1.0,1.0,1.0,1.0,5.0,6.0,4.0,5.0,4.0,2.0,2.0,2.0,1.0,2.0,6.0,4.0,4.0,2.0,6.0,3.0,2.0,2.0,64.0,4.0,1.0,32.0,256.0,1.0,1.0,1.0,1.0,1.0,1.0,1.0,3.0,3.0,6.0,1.0,6.0,2.0,4.0,2.0,6.0,3.0,3.0,1.0,2.0,4.0,5.0,3.0,6.0,3.0,4.0,2.0,1.0,2.0,128.0,1.0,1.0,1.0,1.0,1.0,1.0,1.0,1.0,2.0,6.0,6.0,3.0,4.0,5.0,4.0,1.0,6.0,4.0,3.0,1.0,5.0,2.0,5.0,1.0,4.0,512.0,1024.0,1.0,128.0,64.0,1.0,1.0,1.0,1.0,1.0,1.0,1.0,254983806.0,4132434.2199999997,100498000.0,1.1202484,204.0,514.0,802816.0,1053703805460241.2,30.6,7.122488149999998,107.6,45818.4
8192.0,1024000.0,256.0,64.0,1.0,46.0,40.0,42.0,6.0,4.0,4.0,5.0,5.0,2.0,3.0,6.0,3.0,4.0,4.0,2.0,6.0,2.0,6.0,2.0,1.0,5.0,3.0,4.0,4.0,3.0,3.0,2.0,32.0,64.0,1.0,512.0,384.0,1.0,1.0,1.0,1.0,1.0,1.0,1.0,2.0,4.0,3.0,3.0,1.0,2.0,2.0,1.0,6.0,6.0,2.0,2.0,5.0,6.0,1.0,5.0,1.0,2.0,4.0,16.0,1.0,16.0,4.0,1.0,32.0,1.0,1.0,1.0,1.0,1.0,5.0,4.0,5.0,2.0,2.0,6.0,6.0,1.0,6.0,2.0,3.0,3.0,3.0,2.0,4.0,1.0,5.0,5.0,64.0,64.0,1.0,128.0,32.0,1.0,2.0,1.0,1.0,1.0,1.0,1.0,3.0,2.0,1.0,4.0,2.0,3.0,1.0,4.0,5.0,2.0,5.0,1.0,1.0,3.0,6.0,2.0,5.0,4.0,8.0,512.0,1.0,64.0,512.0,1.0,1.0,1.0,1.0,1.0,1.0,1.0,1.0,1.0,3.0,3.0,3.0,6.0,3.0,6.0,6.0,2.0,4.0,3.0,6.0,5.0,5.0,4.0,3.0,1.0,256.0,128.0,1.0,128.0,256.0,1.0,1.0,1.0,1.0,1.0,1.0,1.0,3.0,2.0,3.0,2.0,6.0,2.0,2.0,1.0,1.0,5.0,2.0,2.0,2.0,3.0,1.0,2.0,3.0,3.0,256.0,512.0,1.0,8.0,16.0,1.0,1.0,1.0,1.0,1.0,1.0,1.0,63308400.0,11954505.120000001,17797900.0,0.20792899999999997,42.0,514.0,11092.0,756820591939008.1,33.597485,31.469288000000002,107.6,2354.4
512.0,64000.0,256.0,64.0,2.0,34.0,46.0,14.0,3.0,5.0,5.0,5.0,1.0,4.0,3.0,4.0,5.0,1.0,5.0,6.0,5.0,4.0,1.0,1.0,5.0,1.0,3.0,6.0,3.0,4.0,6.0,3.0,16.0,32.0,1.0,768.0,12.0,1.0,1.0,1.0,1.0,1.0,1.0,1.0,3.0,3.0,1.0,6.0,2.0,6.0,2.0,3.0,2.0,3.0,6.0,6.0,2.0,4.0,4.0,4.0,5.0,6.0,4.0,1.0,1.0,16.0,128.0,1.0,8.0,8.0,1.0,1.0,1.0,1.0,1.0,5.0,2.0,5.0,3.0,1.0,1.0,5.0,5.0,1.0,1.0,2.0,2.0,4.0,6.0,6.0,4.0,6.0,8.0,64.0,1.0,1.0,4.0,1.0,1.0,4.0,1.0,1.0,1.0,1.0,6.0,1.0,2.0,2.0,2.0,4.0,1.0,5.0,3.0,1.0,1.0,6.0,4.0,4.0,2.0,1.0,2.0,4.0,16.0,256.0,1.0,32.0,8.0,1.0,1.0,1.0,1.0,1.0,1.0,1.0,2.0,4.0,4.0,1.0,5.0,4.0,2.0,3.0,2.0,6.0,3.0,6.0,1.0,5.0,5.0,6.0,1.0,4.0,32.0,32.0,1.0,2.0,512.0,1.0,1.0,1.0,1.0,1.0,1.0,1.0,2.0,6.0,6.0,1.0,3.0,5.0,2.0,4.0,1.0,2.0,6.0,3.0,5.0,1.0,4.0,5.0,3.0,3.0,4.0,512.0,1.0,1.0,4.0,1.0,1.0,1.0,1.0,1.0,1.0,1.0,59613030.0,5632612.939999999,459811000.0,3.208747999999999,644.0,514.0,163072.0,335777124170608.1,50.759435,36.6004085,107.6,17360.8
64000.0,16000.0,256.0,64.0,1.0,38.0,18.0,28.0,5.0,6.0,6.0,2.0,2.0,6.0,2.0,1.0,2.0,3.0,2.0,1.0,3.0,6.0,4.0,6.0,6.0,4.0,6.0,3.0,2.0,6.0,3.0,1.0,1.0,64.0,1.0,32.0,6.0,1.0,1.0,1.0,1.0,1.0,1.0,1.0,5.0,2.0,1.0,2.0,6.0,6.0,1.0,5.0,1.0,2.0,2.0,2.0,1.0,6.0,5.0,2.0,6.0,3.0,1.0,1.0,1.0,64.0,16.0,1.0,2.0,8.0,1.0,1.0,1.0,1.0,1.0,4.0,4.0,3.0,2.0,5.0,4.0,2.0,6.0,1.0,6.0,1.0,4.0,4.0,4.0,3.0,1.0,6.0,32.0,2.0,1.0,128.0,2.0,1.0,4.0,4.0,1.0,1.0,1.0,1.0,2.0,2.0,5.0,1.0,2.0,6.0,1.0,5.0,5.0,6.0,6.0,5.0,3.0,1.0,4.0,4.0,3.0,6.0,8.0,32.0,1.0,2.0,8.0,1.0,1.0,1.0,1.0,1.0,1.0,1.0,4.0,5.0,4.0,2.0,5.0,2.0,2.0,3.0,4.0,1.0,5.0,3.0,2.0,4.0,4.0,5.0,4.0,6.0,2.0,2.0,1.0,4.0,16.0,1.0,1.0,1.0,1.0,1.0,1.0,1.0,1.0,2.0,5.0,5.0,4.0,6.0,1.0,5.0,1.0,4.0,1.0,5.0,5.0,2.0,1.0,2.0,6.0,3.0,1024.0,64.0,1.0,512.0,32.0,1.0,1.0,1.0,1.0,1.0,1.0,1.0,92012664.0,15250116.480000002,11913400.0,0.1404782,28.0,514.0,7480.0,1403203843635103.0,25.95489000000001,26.349890000000002,107.6,1587.2
32000.0,128000.0,256.0,64.0,3.0,44.0,36.0,10.0,4.0,2.0,4.0,1.0,5.0,2.0,1.0,6.0,3.0,4.0,3.0,5.0,1.0,2.0,5.0,6.0,5.0,4.0,1.0,3.0,4.0,5.0,3.0,1.0,512.0,1.0,1.0,32.0,512.0,1.0,1.0,1.0,1.0,1.0,1.0,1.0,5.0,2.0,4.0,3.0,5.0,4.0,1.0,2.0,4.0,1.0,1.0,1.0,4.0,3.0,1.0,1.0,3.0,3.0,16.0,8.0,1.0,32.0,4.0,1.0,2.0,64.0,1.0,1.0,1.0,1.0,6.0,1.0,5.0,3.0,1.0,6.0,1.0,5.0,6.0,2.0,1.0,2.0,1.0,2.0,6.0,2.0,3.0,6.0,128.0,2.0,1.0,16.0,32.0,1.0,16.0,1.0,1.0,1.0,1.0,1.0,3.0,3.0,2.0,6.0,4.0,2.0,1.0,4.0,6.0,6.0,4.0,1.0,5.0,4.0,4.0,1.0,2.0,2.0,256.0,1.0,1.0,8.0,512.0,1.0,1.0,1.0,1.0,1.0,1.0,1.0,4.0,2.0,6.0,5.0,5.0,6.0,5.0,4.0,6.0,6.0,4.0,6.0,4.0,4.0,2.0,1.0,3.0,4.0,1.0,512.0,1.0,1024.0,1024.0,1.0,1.0,1.0,1.0,1.0,1.0,1.0,2.0,5.0,6.0,4.0,5.0,5.0,5.0,6.0,5.0,4.0,6.0,3.0,5.0,2.0,4.0,1.0,4.0,1.0,512.0,1024.0,1.0,8.0,64.0,1.0,1.0,1.0,1.0,1.0,1.0,1.0,464933466.0,3961391.119999999,133956000000.0,183.33175,15840.0,514.0,1441792.0,1841783303603221.5,19.51333,0.7,107.6,163020.8
256000.0,16000.0,256.0,64.0,1.0,26.0,20.0,40.0,4.0,2.0,1.0,5.0,2.0,2.0,1.0,6.0,4.0,4.0,5.0,6.0,2.0,6.0,1.0,2.0,2.0,1.0,2.0,2.0,4.0,2.0,5.0,5.0,16.0,8.0,1.0,128.0,128.0,1.0,1.0,1.0,1.0,1.0,1.0,1.0,2.0,5.0,2.0,5.0,2.0,6.0,1.0,3.0,4.0,2.0,5.0,3.0,6.0,5.0,5.0,5.0,6.0,6.0,2.0,4.0,1.0,4.0,8.0,1.0,128.0,4.0,1.0,1.0,1.0,1.0,6.0,6.0,1.0,5.0,1.0,5.0,3.0,6.0,6.0,6.0,4.0,6.0,1.0,1.0,4.0,5.0,4.0,5.0,2.0,16.0,1.0,128.0,128.0,1.0,8.0,8.0,1.0,1.0,1.0,1.0,5.0,4.0,5.0,6.0,5.0,3.0,4.0,5.0,3.0,1.0,6.0,2.0,2.0,3.0,1.0,3.0,2.0,5.0,256.0,8.0,1.0,1.0,512.0,1.0,1.0,1.0,1.0,1.0,1.0,1.0,1.0,3.0,2.0,6.0,6.0,4.0,3.0,5.0,4.0,6.0,5.0,3.0,2.0,6.0,6.0,6.0,5.0,6.0,8.0,2.0,1.0,1.0,1024.0,1.0,1.0,1.0,1.0,1.0,1.0,1.0,3.0,6.0,6.0,1.0,3.0,4.0,2.0,2.0,1.0,2.0,2.0,3.0,6.0,4.0,6.0,1.0,1.0,6.0,512.0,16.0,1.0,8.0,1.0,1.0,1.0,1.0,1.0,1.0,1.0,1.0,2516582520.0,20019670.799999997,16944000.0,0.1909094,40.0,514.0,514.0,5.038115359143441e+16,1.0,1.0039039999999997,107.6,107.6
64000.0,32000.0,256.0,64.0,2.0,32.0,46.0,24.0,6.0,6.0,6.0,5.0,5.0,4.0,2.0,6.0,2.0,2.0,4.0,1.0,2.0,5.0,2.0,4.0,3.0,2.0,4.0,4.0,3.0,3.0,3.0,5.0,256.0,512.0,1.0,1.0,1536.0,1.0,1.0,1.0,1.0,1.0,1.0,1.0,2.0,3.0,2.0,6.0,6.0,4.0,4.0,4.0,6.0,5.0,5.0,3.0,3.0,3.0,4.0,6.0,1.0,1.0,64.0,32.0,1.0,4.0,8.0,1.0,64.0,8.0,1.0,1.0,1.0,1.0,3.0,1.0,4.0,6.0,3.0,3.0,2.0,1.0,2.0,6.0,3.0,6.0,4.0,6.0,5.0,6.0,6.0,4.0,4.0,2.0,1.0,4.0,4.0,1.0,4.0,1.0,1.0,1.0,1.0,1.0,4.0,6.0,1.0,6.0,2.0,4.0,5.0,2.0,1.0,1.0,2.0,4.0,5.0,1.0,1.0,4.0,2.0,4.0,4.0,64.0,1.0,4.0,256.0,1.0,1.0,1.0,1.0,1.0,1.0,1.0,3.0,2.0,1.0,1.0,3.0,1.0,4.0,2.0,1.0,5.0,6.0,2.0,1.0,6.0,6.0,4.0,6.0,2.0,256.0,4.0,1.0,512.0,512.0,1.0,1.0,1.0,1.0,1.0,1.0,1.0,4.0,6.0,4.0,4.0,6.0,1.0,4.0,3.0,2.0,3.0,4.0,1.0,1.0,6.0,4.0,1.0,6.0,6.0,512.0,8.0,1.0,128.0,1.0,1.0,1.0,1.0,1.0,1.0,1.0,1.0,330583362.0,4178676.4300000006,1046520000.0,5.730847499999999,1104.0,514.0,366592.0,1381400902939557.8,114.815185,34.255876827,107.6,33198.4
256.0,2048000.0,256.0,64.0,1.0,6.0,46.0,46.0,3.0,5.0,6.0,1.0,2.0,5.0,4.0,6.0,6.0,4.0,1.0,6.0,6.0,4.0,4.0,6.0,3.0,1.0,5.0,3.0,6.0,6.0,3.0,1.0,16.0,4.0,1.0,768.0,8.0,1.0,1.0,1.0,1.0,1.0,1.0,1.0,2.0,3.0,6.0,4.0,4.0,5.0,2.0,5.0,2.0,1.0,5.0,5.0,1.0,2.0,3.0,2.0,3.0,3.0,8.0,4.0,1.0,2.0,4.0,1.0,64.0,4.0,1.0,1.0,1.0,1.0,1.0,5.0,2.0,4.0,5.0,6.0,3.0,1.0,2.0,2.0,2.0,5.0,3.0,2.0,2.0,4.0,4.0,4.0,4.0,16.0,1.0,2.0,2.0,1.0,1.0,16.0,1.0,1.0,1.0,1.0,3.0,2.0,1.0,6.0,3.0,1.0,3.0,1.0,1.0,6.0,1.0,5.0,5.0,4.0,3.0,6.0,4.0,2.0,4.0,32.0,1.0,32.0,16.0,1.0,1.0,1.0,1.0,1.0,1.0,1.0,6.0,1.0,3.0,3.0,2.0,2.0,2.0,6.0,5.0,3.0,3.0,4.0,6.0,2.0,5.0,1.0,6.0,2.0,8.0,256.0,1.0,256.0,512.0,1.0,1.0,1.0,1.0,1.0,1.0,1.0,5.0,1.0,3.0,3.0,5.0,2.0,1.0,3.0,2.0,1.0,5.0,1.0,6.0,5.0,4.0,5.0,6.0,6.0,8.0,128.0,1.0,8.0,2.0,1.0,1.0,1.0,1.0,1.0,1.0,1.0,2418671736.0,15171065.520000001,19514700.0,0.21922140000000004,46.0,514.0,514.0,3.669382737822814e+16,30.06668,30.462000999999994,107.6,251.6
1024000.0,2048000.0,256.0,64.0,1.0,18.0,44.0,8.0,1.0,2.0,2.0,1.0,1.0,5.0,6.0,4.0,1.0,3.0,5.0,6.0,4.0,2.0,3.0,3.0,3.0,5.0,1.0,6.0,1.0,6.0,3.0,5.0,64.0,8.0,1.0,1.0,48.0,1.0,1.0,1.0,1.0,1.0,1.0,1.0,4.0,3.0,6.0,6.0,3.0,6.0,2.0,5.0,6.0,1.0,1.0,5.0,6.0,5.0,1.0,6.0,1.0,2.0,8.0,32.0,1.0,64.0,32.0,1.0,16.0,128.0,1.0,1.0,1.0,1.0,4.0,4.0,3.0,2.0,1.0,4.0,2.0,4.0,3.0,6.0,5.0,3.0,5.0,2.0,2.0,4.0,2.0,5.0,4.0,32.0,1.0,2.0,16.0,1.0,1.0,32.0,1.0,1.0,1.0,1.0,4.0,5.0,3.0,4.0,5.0,2.0,1.0,3.0,4.0,3.0,1.0,5.0,4.0,5.0,4.0,2.0,3.0,2.0,512.0,8.0,1.0,4.0,256.0,1.0,1.0,1.0,1.0,1.0,1.0,1.0,4.0,2.0,5.0,2.0,2.0,5.0,1.0,1.0,5.0,5.0,5.0,3.0,5.0,6.0,1.0,5.0,1.0,1.0,2.0,1.0,1.0,64.0,1.0,1.0,1.0,1.0,1.0,1.0,1.0,1.0,4.0,2.0,3.0,1.0,3.0,3.0,5.0,3.0,1.0,3.0,1.0,6.0,2.0,3.0,4.0,3.0,3.0,2.0,16.0,1024.0,1.0,2.0,128.0,1.0,1.0,1.0,1.0,1.0,1.0,1.0,2516582520.0,26578082.400000006,3853260.0,0.04339928,8.0,514.0,514.0,6.688593758295966e+16,1.0,1.0016319999999996,107.6,107.6
128.0,64000.0,256.0,64.0,2.0,30.0,16.0,22.0,6.0,4.0,6.0,2.0,3.0,3.0,1.0,5.0,4.0,2.0,5.0,6.0,3.0,5.0,6.0,5.0,2.0,5.0,6.0,2.0,6.0,6.0,4.0,5.0,128.0,8.0,1.0,48.0,128.0,1.0,1.0,1.0,1.0,1.0,1.0,1.0,1.0,4.0,4.0,5.0,5.0,3.0,2.0,1.0,5.0,1.0,4.0,2.0,3.0,6.0,5.0,3.0,2.0,3.0,16.0,8.0,1.0,128.0,64.0,1.0,128.0,4.0,1.0,1.0,1.0,1.0,5.0,6.0,3.0,3.0,1.0,2.0,4.0,6.0,4.0,6.0,5.0,5.0,2.0,4.0,1.0,5.0,5.0,5.0,32.0,16.0,1.0,8.0,8.0,1.0,8.0,1.0,1.0,1.0,1.0,1.0,2.0,2.0,5.0,2.0,1.0,4.0,5.0,4.0,6.0,3.0,4.0,2.0,3.0,5.0,4.0,2.0,1.0,3.0,8.0,128.0,1.0,128.0,128.0,1.0,1.0,1.0,1.0,1.0,1.0,1.0,1.0,5.0,3.0,4.0,4.0,5.0,3.0,1.0,3.0,2.0,5.0,5.0,5.0,4.0,6.0,5.0,4.0,1.0,32.0,4.0,1.0,512.0,512.0,1.0,1.0,1.0,1.0,1.0,1.0,1.0,4.0,5.0,4.0,1.0,3.0,1.0,3.0,1.0,2.0,2.0,2.0,6.0,1.0,6.0,6.0,2.0,2.0,3.0,4.0,2.0,1.0,256.0,256.0,1.0,1.0,1.0,1.0,1.0,1.0,1.0,158916912.0,4183870.6399999997,199296000.0,1.7738130000000003,352.0,514.0,212992.0,664887802316263.6,19.2,2.2199195,107.6,27552.0
2048.0,16000000.0,256.0,64.0,2.0,34.0,2.0,36.0,6.0,3.0,6.0,2.0,6.0,1.0,2.0,3.0,6.0,4.0,3.0,1.0,5.0,4.0,1.0,3.0,5.0,1.0,5.0,2.0,5.0,3.0,1.0,4.0,4.0,512.0,1.0,24.0,8.0,1.0,1.0,1.0,1.0,1.0,1.0,1.0,3.0,3.0,1.0,2.0,1.0,3.0,2.0,5.0,6.0,5.0,2.0,1.0,5.0,1.0,2.0,3.0,4.0,4.0,8.0,32.0,1.0,128.0,32.0,1.0,64.0,64.0,1.0,1.0,1.0,1.0,3.0,5.0,4.0,3.0,4.0,4.0,6.0,1.0,3.0,6.0,2.0,5.0,3.0,6.0,4.0,5.0,5.0,3.0,1.0,1.0,1.0,64.0,2.0,1.0,4.0,2.0,1.0,1.0,1.0,1.0,5.0,1.0,4.0,1.0,5.0,5.0,6.0,4.0,3.0,1.0,6.0,5.0,4.0,2.0,4.0,3.0,6.0,5.0,64.0,2.0,1.0,16.0,1.0,1.0,1.0,1.0,1.0,1.0,1.0,1.0,1.0,2.0,1.0,2.0,1.0,3.0,1.0,5.0,6.0,5.0,6.0,3.0,4.0,4.0,4.0,5.0,4.0,4.0,4.0,128.0,1.0,1.0,2048.0,1.0,1.0,1.0,1.0,1.0,1.0,1.0,3.0,4.0,4.0,1.0,4.0,5.0,3.0,4.0,3.0,6.0,1.0,6.0,1.0,3.0,1.0,5.0,4.0,3.0,512.0,128.0,1.0,512.0,256.0,1.0,1.0,1.0,1.0,1.0,1.0,1.0,1228878078.0,8818636.88,31105600.0,0.3957467,72.0,514.0,262144.0,1.0837029539674318e+16,27.6,2.1703406999999997,107.6,16375.6
256.0,16000.0,256.0,64.0,2.0,32.0,44.0,46.0,2.0,5.0,5.0,2.0,5.0,3.0,2.0,6.0,6.0,1.0,3.0,3.0,2.0,5.0,3.0,1.0,5.0,3.0,6.0,6.0,6.0,2.0,4.0,6.0,32.0,4.0,1.0,48.0,24.0,1.0,1.0,1.0,1.0,1.0,1.0,1.0,2.0,1.0,1.0,3.0,1.0,3.0,5.0,2.0,6.0,2.0,3.0,1.0,5.0,1.0,5.0,4.0,2.0,4.0,32.0,8.0,1.0,1.0,128.0,1.0,64.0,8.0,1.0,1.0,1.0,1.0,3.0,2.0,5.0,6.0,2.0,1.0,3.0,6.0,2.0,4.0,6.0,1.0,6.0,2.0,1.0,4.0,3.0,3.0,32.0,8.0,1.0,64.0,128.0,1.0,4.0,32.0,1.0,1.0,1.0,1.0,6.0,2.0,4.0,6.0,6.0,4.0,3.0,3.0,2.0,3.0,5.0,2.0,2.0,6.0,1.0,1.0,2.0,3.0,2.0,512.0,1.0,16.0,32.0,1.0,1.0,1.0,1.0,1.0,1.0,1.0,4.0,2.0,6.0,3.0,1.0,5.0,3.0,3.0,6.0,2.0,4.0,5.0,5.0,6.0,5.0,1.0,4.0,6.0,32.0,32.0,1.0,512.0,8.0,1.0,1.0,1.0,1.0,1.0,1.0,1.0,2.0,5.0,6.0,1.0,6.0,5.0,1.0,4.0,6.0,3.0,3.0,1.0,4.0,2.0,4.0,1.0,4.0,2.0,8.0,256.0,1.0,32.0,2.0,1.0,1.0,1.0,1.0,1.0,1.0,1.0,69397938.0,5599439.039999999,2866890000.0,11.209150000000001,2024.0,514.0,279808.0,388589523332699.44,147.19987,17.742316600000002,107.6,29472.0
8192.0,512000.0,256.0,64.0,1.0,4.0,38.0,46.0,6.0,3.0,6.0,3.0,2.0,3.0,3.0,2.0,4.0,3.0,5.0,6.0,6.0,1.0,4.0,3.0,6.0,4.0,3.0,1.0,5.0,6.0,4.0,1.0,16.0,4.0,1.0,2.0,3.0,1.0,1.0,1.0,1.0,1.0,1.0,1.0,6.0,3.0,2.0,1.0,2.0,1.0,3.0,2.0,5.0,1.0,4.0,4.0,2.0,2.0,4.0,3.0,2.0,6.0,4.0,8.0,1.0,16.0,8.0,1.0,64.0,4.0,1.0,1.0,1.0,1.0,3.0,3.0,4.0,3.0,2.0,4.0,1.0,5.0,4.0,4.0,5.0,2.0,5.0,5.0,1.0,1.0,6.0,3.0,8.0,2.0,1.0,16.0,128.0,1.0,2.0,2.0,1.0,1.0,1.0,1.0,5.0,5.0,1.0,2.0,3.0,3.0,5.0,5.0,2.0,4.0,4.0,5.0,3.0,2.0,5.0,3.0,3.0,5.0,256.0,512.0,1.0,512.0,2.0,1.0,1.0,1.0,1.0,1.0,1.0,1.0,6.0,2.0,4.0,2.0,3.0,5.0,6.0,6.0,4.0,2.0,5.0,4.0,4.0,4.0,5.0,5.0,6.0,5.0,256.0,1.0,1.0,16.0,128.0,1.0,1.0,1.0,1.0,1.0,1.0,1.0,5.0,5.0,5.0,4.0,1.0,6.0,4.0,6.0,6.0,5.0,5.0,6.0,4.0,3.0,1.0,1.0,1.0,2.0,512.0,128.0,1.0,16.0,64.0,1.0,1.0,1.0,1.0,1.0,1.0,1.0,58196640.0,4810958.16,19515900.0,0.22723220000000005,46.0,514.0,12124.0,279981600092582.4,38.54224,30.108301,107.6,2573.6
2048000.0,2048000.0,256.0,64.0,1.0,16.0,38.0,24.0,4.0,1.0,6.0,5.0,4.0,6.0,1.0,3.0,5.0,2.0,2.0,1.0,6.0,2.0,1.0,1.0,4.0,2.0,5.0,3.0,1.0,5.0,3.0,4.0,128.0,256.0,1.0,64.0,8.0,1.0,1.0,1.0,1.0,1.0,1.0,1.0,2.0,4.0,2.0,4.0,6.0,3.0,5.0,3.0,2.0,5.0,6.0,5.0,1.0,4.0,1.0,1.0,1.0,2.0,4.0,16.0,1.0,4.0,64.0,1.0,4.0,64.0,1.0,1.0,1.0,1.0,4.0,2.0,3.0,2.0,2.0,2.0,3.0,6.0,2.0,1.0,6.0,2.0,5.0,4.0,3.0,6.0,3.0,2.0,16.0,1.0,1.0,8.0,32.0,1.0,16.0,2.0,1.0,1.0,1.0,1.0,6.0,4.0,3.0,3.0,4.0,2.0,3.0,1.0,5.0,2.0,3.0,6.0,3.0,6.0,4.0,4.0,1.0,4.0,2.0,2.0,1.0,256.0,512.0,1.0,1.0,1.0,1.0,1.0,1.0,1.0,3.0,3.0,2.0,1.0,6.0,5.0,3.0,1.0,3.0,1.0,5.0,4.0,4.0,3.0,5.0,3.0,2.0,5.0,2.0,1.0,1.0,64.0,512.0,1.0,1.0,1.0,1.0,1.0,1.0,1.0,6.0,5.0,5.0,2.0,6.0,6.0,6.0,1.0,5.0,1.0,1.0,2.0,1.0,5.0,5.0,1.0,6.0,3.0,32.0,32.0,1.0,128.0,512.0,1.0,1.0,1.0,1.0,1.0,1.0,1.0,2420637816.0,19935271.68,10268200.0,0.11719359999999998,24.0,514.0,514.0,4.825607250084185e+16,17.266640000000002,17.3341,107.6,181.2
128000.0,16000000.0,256.0,64.0,2.0,38.0,38.0,48.0,3.0,1.0,5.0,3.0,3.0,1.0,3.0,5.0,3.0,4.0,3.0,3.0,4.0,1.0,2.0,6.0,4.0,6.0,1.0,2.0,6.0,5.0,5.0,6.0,4.0,2.0,1.0,384.0,12.0,1.0,1.0,1.0,1.0,1.0,1.0,1.0,6.0,2.0,4.0,4.0,5.0,6.0,2.0,5.0,4.0,2.0,2.0,1.0,3.0,4.0,1.0,5.0,1.0,6.0,2.0,2.0,1.0,128.0,2.0,1.0,32.0,16.0,1.0,1.0,1.0,1.0,5.0,4.0,1.0,5.0,4.0,3.0,6.0,6.0,3.0,4.0,5.0,3.0,2.0,5.0,3.0,5.0,3.0,5.0,32.0,8.0,1.0,2.0,64.0,1.0,16.0,8.0,1.0,1.0,1.0,1.0,1.0,1.0,1.0,2.0,3.0,5.0,4.0,1.0,6.0,3.0,5.0,2.0,2.0,6.0,3.0,1.0,1.0,3.0,1.0,32.0,1.0,8.0,64.0,1.0,1.0,1.0,1.0,1.0,1.0,1.0,1.0,4.0,2.0,3.0,5.0,2.0,3.0,3.0,5.0,6.0,1.0,3.0,3.0,4.0,3.0,2.0,6.0,2.0,128.0,32.0,1.0,32.0,256.0,1.0,1.0,1.0,1.0,1.0,1.0,1.0,3.0,2.0,5.0,6.0,6.0,6.0,3.0,3.0,2.0,4.0,1.0,2.0,5.0,2.0,6.0,6.0,1.0,5.0,128.0,1024.0,1.0,128.0,32.0,1.0,1.0,1.0,1.0,1.0,1.0,1.0,552169818.0,6428178.76,2397750000.0,9.866562000000004,1824.0,514.0,49152.0,3549446295980665.5,35.883335,6.45583195,107.6,4614.4
1024000.0,64000.0,256.0,64.0,2.0,26.0,32.0,18.0,1.0,3.0,3.0,1.0,6.0,1.0,3.0,2.0,3.0,3.0,4.0,2.0,3.0,5.0,2.0,5.0,1.0,3.0,1.0,1.0,5.0,2.0,4.0,4.0,128.0,16.0,1.0,128.0,48.0,1.0,1.0,1.0,1.0,1.0,1.0,1.0,3.0,2.0,1.0,3.0,5.0,6.0,3.0,6.0,1.0,3.0,5.0,1.0,1.0,4.0,1.0,6.0,4.0,6.0,4.0,32.0,1.0,128.0,128.0,1.0,16.0,32.0,1.0,1.0,1.0,1.0,4.0,3.0,5.0,1.0,6.0,3.0,4.0,3.0,1.0,6.0,1.0,2.0,6.0,2.0,4.0,2.0,2.0,3.0,2.0,8.0,1.0,128.0,2.0,1.0,32.0,32.0,1.0,1.0,1.0,1.0,3.0,1.0,3.0,1.0,3.0,1.0,5.0,6.0,1.0,5.0,3.0,6.0,2.0,5.0,6.0,1.0,5.0,4.0,256.0,32.0,1.0,128.0,32.0,1.0,1.0,1.0,1.0,1.0,1.0,1.0,2.0,5.0,6.0,2.0,3.0,1.0,4.0,2.0,2.0,2.0,6.0,3.0,3.0,2.0,4.0,6.0,5.0,4.0,1.0,2.0,1.0,256.0,2048.0,1.0,1.0,1.0,1.0,1.0,1.0,1.0,1.0,4.0,4.0,6.0,2.0,5.0,2.0,1.0,4.0,6.0,4.0,3.0,5.0,6.0,3.0,1.0,4.0,1.0,1.0,2.0,1.0,16.0,512.0,1.0,1.0,1.0,1.0,1.0,1.0,1.0,176985996.0,11275462.74,391369000.0,2.825902,576.0,514.0,66304.0,1995599003399789.0,10.453335000000001,3.70828605,107.6,7556.8
64000.0,1024000.0,256.0,64.0,2.0,30.0,36.0,16.0,5.0,3.0,1.0,4.0,3.0,2.0,2.0,2.0,4.0,3.0,6.0,1.0,5.0,6.0,5.0,5.0,4.0,3.0,4.0,1.0,3.0,4.0,6.0,3.0,8.0,1.0,1.0,12.0,12.0,1.0,1.0,1.0,1.0,1.0,1.0,1.0,4.0,2.0,6.0,4.0,1.0,3.0,1.0,3.0,4.0,4.0,2.0,2.0,1.0,2.0,3.0,5.0,6.0,4.0,16.0,4.0,1.0,16.0,64.0,1.0,64.0,2.0,1.0,1.0,1.0,1.0,4.0,3.0,1.0,5.0,4.0,1.0,4.0,2.0,2.0,6.0,3.0,4.0,5.0,1.0,2.0,5.0,1.0,2.0,16.0,1.0,1.0,1.0,4.0,1.0,64.0,32.0,1.0,1.0,1.0,1.0,4.0,2.0,3.0,2.0,3.0,3.0,6.0,5.0,5.0,5.0,2.0,6.0,4.0,2.0,5.0,4.0,5.0,2.0,16.0,16.0,1.0,256.0,1.0,1.0,1.0,1.0,1.0,1.0,1.0,1.0,4.0,2.0,6.0,5.0,4.0,6.0,6.0,2.0,2.0,4.0,5.0,1.0,5.0,6.0,1.0,6.0,1.0,3.0,1.0,512.0,1.0,2.0,8.0,1.0,1.0,1.0,1.0,1.0,1.0,1.0,5.0,5.0,1.0,3.0,4.0,2.0,3.0,5.0,3.0,3.0,1.0,1.0,5.0,5.0,6.0,2.0,5.0,1.0,1024.0,1.0,1.0,32.0,4.0,1.0,1.0,1.0,1.0,1.0,1.0,1.0,74937672.0,5508174.18,391376000.0,2.8350839999999993,576.0,514.0,132352.0,412769750019708.94,26.009819999999998,9.790172850000001,107.6,10218.4
64000.0,8192000.0,256.0,64.0,2.0,36.0,2.0,4.0,3.0,2.0,3.0,4.0,1.0,5.0,4.0,3.0,6.0,3.0,5.0,1.0,1.0,2.0,1.0,5.0,2.0,6.0,6.0,3.0,4.0,5.0,2.0,3.0,512.0,16.0,1.0,1536.0,384.0,1.0,1.0,1.0,1.0,1.0,1.0,1.0,4.0,5.0,6.0,5.0,4.0,1.0,6.0,2.0,4.0,3.0,1.0,4.0,2.0,5.0,1.0,3.0,1.0,3.0,1.0,8.0,1.0,1.0,64.0,1.0,4.0,128.0,1.0,1.0,1.0,1.0,2.0,6.0,5.0,4.0,5.0,2.0,1.0,1.0,4.0,3.0,1.0,2.0,6.0,1.0,4.0,4.0,1.0,2.0,2.0,64.0,1.0,4.0,64.0,1.0,2.0,8.0,1.0,1.0,1.0,1.0,3.0,5.0,3.0,5.0,4.0,1.0,1.0,6.0,2.0,6.0,6.0,3.0,1.0,3.0,3.0,3.0,6.0,3.0,128.0,2.0,1.0,2.0,16.0,1.0,1.0,1.0,1.0,1.0,1.0,1.0,4.0,2.0,5.0,5.0,3.0,6.0,5.0,3.0,1.0,5.0,6.0,4.0,3.0,3.0,2.0,4.0,5.0,2.0,64.0,256.0,1.0,1.0,512.0,1.0,1.0,1.0,1.0,1.0,1.0,1.0,3.0,6.0,4.0,5.0,1.0,1.0,1.0,1.0,3.0,1.0,2.0,1.0,5.0,2.0,5.0,4.0,2.0,1.0,64.0,256.0,1.0,2.0,2.0,1.0,1.0,1.0,1.0,1.0,1.0,1.0,2532853176.0,5557668.24,3865140.0,0.06892096500000001,8.0,514.0,114688.0,1.407675765283833e+16,1.0,0.5404634549999999,107.6,7505.2
16000.0,64000.0,256.0,64.0,2.0,30.0,34.0,12.0,6.0,4.0,1.0,3.0,3.0,6.0,2.0,6.0,5.0,2.0,1.0,3.0,1.0,2.0,2.0,5.0,6.0,4.0,3.0,5.0,5.0,6.0,1.0,2.0,1.0,1.0,1.0,96.0,48.0,1.0,1.0,1.0,1.0,1.0,1.0,1.0,2.0,6.0,6.0,5.0,3.0,1.0,6.0,2.0,2.0,5.0,6.0,3.0,6.0,6.0,5.0,1.0,5.0,4.0,32.0,64.0,1.0,1.0,32.0,1.0,16.0,4.0,1.0,1.0,1.0,1.0,1.0,3.0,1.0,1.0,4.0,4.0,2.0,5.0,6.0,5.0,1.0,1.0,3.0,6.0,1.0,2.0,4.0,1.0,128.0,1.0,1.0,2.0,16.0,1.0,2.0,32.0,1.0,1.0,1.0,1.0,2.0,2.0,1.0,4.0,1.0,2.0,4.0,5.0,6.0,3.0,3.0,2.0,5.0,5.0,5.0,6.0,4.0,4.0,1.0,512.0,1.0,128.0,1.0,1.0,1.0,1.0,1.0,1.0,1.0,1.0,4.0,5.0,1.0,5.0,1.0,4.0,4.0,6.0,4.0,2.0,1.0,6.0,2.0,1.0,5.0,3.0,2.0,2.0,2.0,16.0,1.0,16.0,512.0,1.0,1.0,1.0,1.0,1.0,1.0,1.0,3.0,2.0,1.0,4.0,3.0,1.0,1.0,1.0,5.0,5.0,4.0,5.0,3.0,3.0,6.0,4.0,6.0,5.0,16.0,512.0,1.0,512.0,2.0,1.0,1.0,1.0,1.0,1.0,1.0,1.0,102892788.0,5625766.34,242516000.0,1.9905000000000002,408.0,514.0,141952.0,578850783359155.9,20.0,11.31813355,107.6,10317.0
2048.0,16000000.0,256.0,64.0,1.0,14.0,32.0,20.0,6.0,4.0,1.0,2.0,5.0,4.0,1.0,6.0,5.0,3.0,1.0,3.0,4.0,3.0,6.0,6.0,1.0,2.0,6.0,6.0,2.0,5.0,3.0,3.0,1.0,64.0,1.0,512.0,512.0,1.0,1.0,1.0,1.0,1.0,1.0,1.0,1.0,2.0,4.0,4.0,6.0,4.0,3.0,2.0,3.0,5.0,2.0,4.0,6.0,4.0,1.0,1.0,2.0,6.0,2.0,4.0,1.0,16.0,16.0,1.0,128.0,16.0,1.0,1.0,1.0,1.0,4.0,1.0,2.0,6.0,3.0,3.0,3.0,6.0,5.0,2.0,5.0,5.0,1.0,5.0,3.0,3.0,3.0,6.0,2.0,1.0,1.0,4.0,64.0,1.0,1.0,64.0,1.0,1.0,1.0,1.0,4.0,5.0,6.0,3.0,2.0,3.0,6.0,2.0,2.0,5.0,4.0,1.0,4.0,3.0,3.0,5.0,5.0,5.0,128.0,256.0,1.0,32.0,4.0,1.0,1.0,1.0,1.0,1.0,1.0,1.0,1.0,3.0,3.0,5.0,5.0,1.0,3.0,1.0,4.0,4.0,2.0,4.0,1.0,1.0,1.0,2.0,5.0,6.0,8.0,64.0,1.0,128.0,1024.0,1.0,1.0,1.0,1.0,1.0,1.0,1.0,6.0,1.0,5.0,4.0,1.0,1.0,4.0,4.0,1.0,4.0,3.0,3.0,1.0,3.0,6.0,5.0,6.0,6.0,2048.0,1024.0,1.0,128.0,2.0,1.0,1.0,1.0,1.0,1.0,1.0,1.0,128188776.0,9022348.079999998,8640490.0,0.10214688000000002,20.0,514.0,5416.0,1156563757021149.8,17.6623,21.031807500000003,107.6,1148.8
8192.0,256000.0,256.0,64.0,3.0,16.0,40.0,48.0,6.0,5.0,6.0,5.0,2.0,4.0,1.0,2.0,4.0,4.0,5.0,3.0,3.0,5.0,6.0,5.0,1.0,1.0,6.0,1.0,6.0,1.0,1.0,3.0,256.0,16.0,1.0,1.0,256.0,1.0,1.0,1.0,1.0,1.0,1.0,1.0,4.0,4.0,1.0,3.0,6.0,6.0,5.0,6.0,1.0,4.0,5.0,4.0,4.0,6.0,4.0,4.0,2.0,1.0,8.0,8.0,1.0,16.0,2.0,1.0,16.0,32.0,1.0,1.0,1.0,1.0,6.0,2.0,2.0,3.0,3.0,4.0,5.0,3.0,3.0,5.0,2.0,4.0,6.0,1.0,5.0,2.0,2.0,5.0,16.0,32.0,1.0,2.0,8.0,1.0,8.0,1.0,1.0,1.0,1.0,1.0,2.0,2.0,6.0,6.0,3.0,6.0,5.0,2.0,3.0,2.0,6.0,2.0,1.0,5.0,3.0,4.0,3.0,6.0,256.0,16.0,1.0,8.0,128.0,1.0,1.0,1.0,1.0,1.0,1.0,1.0,1.0,3.0,4.0,4.0,1.0,3.0,1.0,5.0,4.0,2.0,1.0,3.0,2.0,6.0,2.0,1.0,5.0,4.0,32.0,2.0,1.0,32.0,64.0,1.0,1.0,1.0,1.0,1.0,1.0,1.0,4.0,3.0,5.0,2.0,3.0,4.0,3.0,3.0,4.0,5.0,4.0,6.0,1.0,4.0,2.0,5.0,3.0,2.0,2048.0,128.0,1.0,64.0,256.0,1.0,1.0,1.0,1.0,1.0,1.0,1.0,343933404.0,3937500.33,492742000000.0,555.1934,30720.0,514.0,1638400.0,1354237891748023.2,66.5,3.8906229999999997,107.6,134809.6
256000.0,4096000.0,256.0,64.0,1.0,16.0,10.0,8.0,4.0,3.0,6.0,5.0,5.0,3.0,4.0,4.0,3.0,4.0,3.0,2.0,4.0,1.0,1.0,1.0,5.0,2.0,2.0,2.0,4.0,4.0,5.0,4.0,128.0,32.0,1.0,32.0,48.0,1.0,1.0,1.0,1.0,1.0,1.0,1.0,1.0,3.0,2.0,4.0,5.0,2.0,3.0,3.0,2.0,1.0,3.0,2.0,3.0,1.0,3.0,1.0,2.0,5.0,64.0,64.0,1.0,8.0,64.0,1.0,32.0,1.0,1.0,1.0,1.0,1.0,5.0,3.0,1.0,6.0,3.0,2.0,2.0,6.0,4.0,2.0,3.0,6.0,1.0,4.0,3.0,1.0,4.0,5.0,1.0,128.0,1.0,128.0,16.0,1.0,1.0,8.0,1.0,1.0,1.0,1.0,2.0,4.0,2.0,2.0,5.0,5.0,1.0,2.0,2.0,2.0,6.0,6.0,3.0,4.0,4.0,3.0,3.0,5.0,8.0,32.0,1.0,64.0,512.0,1.0,1.0,1.0,1.0,1.0,1.0,1.0,2.0,2.0,3.0,3.0,4.0,3.0,2.0,3.0,1.0,1.0,3.0,3.0,5.0,6.0,4.0,4.0,3.0,1.0,128.0,64.0,1.0,8.0,2.0,1.0,1.0,1.0,1.0,1.0,1.0,1.0,3.0,2.0,2.0,2.0,2.0,1.0,5.0,4.0,2.0,3.0,2.0,4.0,6.0,3.0,6.0,6.0,2.0,6.0,64.0,4.0,1.0,32.0,16.0,1.0,1.0,1.0,1.0,1.0,1.0,1.0,2428502136.0,19842865.2,3853260.0,0.04347656,8.0,514.0,514.0,4.818844052256006e+16,6.6,6.997855999999999,107.6,130.0
2048000.0,32000000.0,256.0,64.0,2.0,36.0,14.0,40.0,3.0,5.0,1.0,3.0,6.0,1.0,6.0,2.0,3.0,5.0,3.0,2.0,3.0,5.0,1.0,2.0,3.0,2.0,5.0,6.0,1.0,1.0,6.0,1.0,256.0,64.0,1.0,1536.0,2.0,1.0,1.0,1.0,1.0,1.0,1.0,1.0,2.0,3.0,6.0,2.0,4.0,1.0,5.0,5.0,5.0,5.0,1.0,5.0,4.0,3.0,4.0,4.0,6.0,2.0,32.0,1.0,1.0,32.0,32.0,1.0,1.0,4.0,1.0,1.0,1.0,1.0,3.0,1.0,6.0,6.0,2.0,5.0,4.0,6.0,2.0,3.0,5.0,2.0,3.0,5.0,2.0,3.0,2.0,6.0,16.0,32.0,1.0,128.0,128.0,1.0,16.0,16.0,1.0,1.0,1.0,1.0,6.0,4.0,4.0,2.0,5.0,2.0,2.0,1.0,6.0,4.0,3.0,6.0,1.0,5.0,5.0,4.0,2.0,1.0,512.0,4.0,1.0,128.0,1.0,1.0,1.0,1.0,1.0,1.0,1.0,1.0,3.0,1.0,1.0,6.0,6.0,1.0,2.0,2.0,5.0,4.0,4.0,1.0,2.0,1.0,2.0,3.0,3.0,2.0,8.0,256.0,1.0,8.0,512.0,1.0,1.0,1.0,1.0,1.0,1.0,1.0,1.0,1.0,5.0,1.0,3.0,4.0,5.0,5.0,4.0,2.0,4.0,3.0,3.0,4.0,3.0,3.0,6.0,4.0,4.0,8.0,1.0,2.0,16.0,1.0,1.0,1.0,1.0,1.0,1.0,1.0,1012668648.0,6907085.279999999,375947000.0,2.7346605,560.0,514.0,17152.0,6994588712118301.0,26.25,7.3200372,107.6,4744.4
64000.0,32000000.0,256.0,64.0,2.0,46.0,36.0,32.0,2.0,4.0,5.0,4.0,2.0,3.0,3.0,4.0,1.0,1.0,5.0,1.0,2.0,5.0,6.0,6.0,5.0,6.0,3.0,1.0,4.0,2.0,1.0,2.0,128.0,128.0,1.0,48.0,3.0,1.0,1.0,1.0,1.0,1.0,1.0,1.0,5.0,3.0,6.0,1.0,3.0,2.0,5.0,4.0,3.0,6.0,1.0,5.0,3.0,2.0,5.0,6.0,2.0,3.0,16.0,64.0,1.0,2.0,4.0,1.0,8.0,4.0,1.0,1.0,1.0,1.0,5.0,1.0,4.0,3.0,1.0,3.0,6.0,6.0,6.0,4.0,3.0,6.0,1.0,3.0,5.0,3.0,1.0,6.0,8.0,1.0,1.0,4.0,4.0,1.0,1.0,8.0,1.0,1.0,1.0,1.0,5.0,6.0,3.0,5.0,6.0,3.0,1.0,4.0,3.0,3.0,3.0,3.0,5.0,2.0,6.0,3.0,4.0,2.0,1.0,8.0,1.0,64.0,16.0,1.0,1.0,1.0,1.0,1.0,1.0,1.0,2.0,3.0,1.0,1.0,6.0,5.0,1.0,5.0,4.0,2.0,3.0,5.0,3.0,3.0,5.0,2.0,2.0,6.0,1.0,8.0,1.0,2.0,4.0,1.0,1.0,1.0,1.0,1.0,1.0,1.0,5.0,4.0,3.0,1.0,4.0,4.0,5.0,1.0,6.0,4.0,5.0,4.0,6.0,5.0,6.0,6.0,3.0,2.0,32.0,512.0,1.0,128.0,1.0,1.0,1.0,1.0,1.0,1.0,1.0,1.0,1426908126.0,11216718.9,1120130000.0,5.8997,1152.0,514.0,34304.0,1.6005227345467782e+16,77.9,28.278633005000003,107.6,4414.6
1024000.0,512000.0,256.0,64.0,3.0,6.0,16.0,48.0,2.0,2.0,2.0,1.0,5.0,3.0,2.0,3.0,3.0,2.0,5.0,6.0,2.0,6.0,2.0,3.0,1.0,2.0,1.0,1.0,1.0,6.0,4.0,2.0,2.0,1.0,1.0,256.0,384.0,1.0,1.0,1.0,1.0,1.0,1.0,1.0,5.0,2.0,3.0,3.0,5.0,1.0,4.0,6.0,6.0,6.0,4.0,3.0,5.0,1.0,2.0,2.0,6.0,5.0,1.0,2.0,1.0,16.0,2.0,1.0,1.0,2.0,1.0,1.0,1.0,1.0,4.0,5.0,1.0,1.0,6.0,6.0,5.0,5.0,4.0,2.0,3.0,3.0,1.0,3.0,2.0,3.0,3.0,2.0,1.0,4.0,1.0,4.0,4.0,1.0,64.0,32.0,1.0,1.0,1.0,1.0,5.0,4.0,6.0,6.0,5.0,1.0,2.0,3.0,4.0,1.0,2.0,1.0,3.0,2.0,5.0,5.0,3.0,5.0,4.0,8.0,1.0,4.0,4.0,1.0,1.0,1.0,1.0,1.0,1.0,1.0,5.0,1.0,6.0,6.0,1.0,5.0,6.0,4.0,4.0,2.0,5.0,2.0,4.0,4.0,6.0,1.0,5.0,1.0,1.0,1.0,1.0,16.0,128.0,1.0,1.0,1.0,1.0,1.0,1.0,1.0,1.0,4.0,3.0,4.0,6.0,3.0,3.0,6.0,5.0,6.0,6.0,3.0,5.0,5.0,2.0,1.0,6.0,6.0,32.0,4.0,1.0,64.0,2.0,1.0,1.0,1.0,1.0,1.0,1.0,1.0,1791292764.0,9220963.719999999,12593900000.0,30.527534999999993,4608.0,514.0,100352.0,1.651744558874252e+16,1.3,0.34238295,107.6,8748.8
64000.0,32000000.0,256.0,64.0,3.0,24.0,10.0,24.0,3.0,4.0,3.0,3.0,4.0,2.0,3.0,1.0,1.0,6.0,6.0,6.0,1.0,1.0,5.0,2.0,2.0,5.0,3.0,2.0,2.0,2.0,2.0,2.0,16.0,2.0,1.0,96.0,48.0,1.0,1.0,1.0,1.0,1.0,1.0,1.0,6.0,1.0,5.0,1.0,1.0,2.0,2.0,6.0,5.0,5.0,6.0,6.0,3.0,4.0,5.0,1.0,3.0,3.0,8.0,16.0,1.0,1.0,4.0,1.0,64.0,4.0,1.0,1.0,1.0,1.0,4.0,4.0,4.0,4.0,6.0,5.0,1.0,4.0,4.0,1.0,5.0,4.0,2.0,2.0,4.0,5.0,2.0,3.0,4.0,2.0,1.0,16.0,4.0,1.0,32.0,32.0,1.0,1.0,1.0,1.0,1.0,2.0,6.0,2.0,5.0,5.0,6.0,2.0,5.0,6.0,2.0,2.0,1.0,4.0,4.0,1.0,1.0,5.0,256.0,16.0,1.0,64.0,2.0,1.0,1.0,1.0,1.0,1.0,1.0,1.0,4.0,5.0,1.0,4.0,5.0,2.0,3.0,5.0,1.0,1.0,3.0,5.0,2.0,1.0,4.0,5.0,5.0,3.0,64.0,2.0,1.0,128.0,16.0,1.0,1.0,1.0,1.0,1.0,1.0,1.0,3.0,2.0,6.0,1.0,4.0,5.0,5.0,4.0,6.0,4.0,6.0,2.0,2.0,6.0,5.0,5.0,1.0,3.0,8.0,1024.0,1.0,64.0,8.0,1.0,1.0,1.0,1.0,1.0,1.0,1.0,62033448.0,4158087.12,19123800000.0,41.590925,5760.0,514.0,1425408.0,257940481137989.78,70.4,3.9859375,107.6,163328.0
128.0,8192000.0,256.0,64.0,1.0,40.0,24.0,34.0,4.0,3.0,2.0,1.0,2.0,5.0,5.0,3.0,1.0,3.0,3.0,1.0,3.0,4.0,6.0,6.0,6.0,5.0,1.0,4.0,5.0,2.0,5.0,1.0,8.0,256.0,1.0,12.0,3.0,1.0,1.0,1.0,1.0,1.0,1.0,1.0,1.0,5.0,3.0,3.0,2.0,1.0,1.0,2.0,3.0,2.0,2.0,6.0,1.0,1.0,4.0,2.0,6.0,4.0,64.0,2.0,1.0,32.0,128.0,1.0,128.0,8.0,1.0,1.0,1.0,1.0,2.0,4.0,2.0,2.0,3.0,1.0,6.0,2.0,6.0,3.0,1.0,6.0,2.0,1.0,6.0,3.0,1.0,2.0,64.0,32.0,1.0,64.0,2.0,1.0,2.0,1.0,1.0,1.0,1.0,1.0,1.0,5.0,3.0,2.0,3.0,2.0,5.0,3.0,5.0,1.0,3.0,1.0,5.0,4.0,3.0,5.0,2.0,1.0,16.0,256.0,1.0,64.0,128.0,1.0,1.0,1.0,1.0,1.0,1.0,1.0,1.0,4.0,2.0,5.0,1.0,5.0,5.0,5.0,3.0,6.0,1.0,5.0,5.0,4.0,5.0,3.0,5.0,2.0,512.0,32.0,1.0,2.0,64.0,1.0,1.0,1.0,1.0,1.0,1.0,1.0,4.0,6.0,3.0,1.0,5.0,3.0,2.0,5.0,4.0,4.0,6.0,6.0,2.0,3.0,5.0,6.0,1.0,4.0,512.0,32.0,1.0,16.0,32.0,1.0,1.0,1.0,1.0,1.0,1.0,1.0,2516582520.0,21896868.0,14410000.0,0.1631262,34.0,514.0,514.0,5.510527525154736e+16,1.0,1.0069569999999999,107.6,107.6
4096.0,128000.0,256.0,64.0,3.0,46.0,20.0,24.0,1.0,1.0,3.0,4.0,6.0,6.0,6.0,4.0,5.0,3.0,2.0,4.0,1.0,4.0,5.0,6.0,5.0,2.0,4.0,5.0,3.0,1.0,5.0,5.0,1.0,64.0,1.0,6.0,128.0,1.0,1.0,1.0,1.0,1.0,1.0,1.0,4.0,1.0,6.0,3.0,4.0,2.0,3.0,4.0,5.0,1.0,3.0,1.0,4.0,5.0,2.0,3.0,5.0,5.0,1.0,8.0,1.0,8.0,1.0,1.0,128.0,8.0,1.0,1.0,1.0,1.0,5.0,2.0,1.0,4.0,2.0,3.0,4.0,6.0,6.0,1.0,3.0,3.0,3.0,5.0,5.0,1.0,3.0,3.0,8.0,32.0,1.0,16.0,2.0,1.0,1.0,16.0,1.0,1.0,1.0,1.0,1.0,4.0,5.0,5.0,6.0,3.0,5.0,6.0,1.0,3.0,5.0,5.0,2.0,3.0,6.0,1.0,1.0,6.0,512.0,1.0,1.0,32.0,8.0,1.0,1.0,1.0,1.0,1.0,1.0,1.0,6.0,5.0,6.0,3.0,1.0,4.0,2.0,3.0,6.0,1.0,6.0,1.0,6.0,6.0,5.0,3.0,4.0,5.0,512.0,8.0,1.0,2.0,8.0,1.0,1.0,1.0,1.0,1.0,1.0,1.0,4.0,6.0,6.0,2.0,4.0,3.0,4.0,5.0,2.0,5.0,3.0,5.0,6.0,1.0,6.0,3.0,5.0,4.0,512.0,2.0,1.0,128.0,128.0,1.0,1.0,1.0,1.0,1.0,1.0,1.0,2527473264.0,4007891.62,256940000000.0,315.25645000000003,22080.0,514.0,294912.0,1.0129838914559648e+16,1.0,0.053841147500000006,107.6,36403.2
1024000.0,128000.0,256.0,64.0,3.0,36.0,40.0,16.0,2.0,6.0,2.0,1.0,1.0,5.0,2.0,1.0,6.0,2.0,6.0,3.0,5.0,6.0,4.0,1.0,1.0,2.0,4.0,1.0,6.0,4.0,4.0,2.0,512.0,256.0,1.0,512.0,256.0,1.0,1.0,1.0,1.0,1.0,1.0,1.0,3.0,3.0,1.0,3.0,3.0,2.0,3.0,3.0,5.0,3.0,1.0,4.0,4.0,5.0,3.0,2.0,4.0,3.0,16.0,64.0,1.0,2.0,4.0,1.0,64.0,64.0,1.0,1.0,1.0,1.0,3.0,1.0,1.0,1.0,6.0,6.0,4.0,2.0,2.0,5.0,3.0,6.0,2.0,1.0,5.0,6.0,6.0,1.0,16.0,4.0,1.0,4.0,64.0,1.0,2.0,64.0,1.0,1.0,1.0,1.0,2.0,3.0,3.0,6.0,5.0,2.0,3.0,6.0,5.0,5.0,3.0,1.0,5.0,6.0,2.0,6.0,3.0,5.0,1.0,2.0,1.0,64.0,128.0,1.0,1.0,1.0,1.0,1.0,1.0,1.0,4.0,5.0,5.0,6.0,4.0,4.0,1.0,3.0,4.0,6.0,6.0,6.0,4.0,6.0,5.0,1.0,4.0,5.0,16.0,64.0,1.0,2.0,64.0,1.0,1.0,1.0,1.0,1.0,1.0,1.0,2.0,4.0,3.0,1.0,5.0,3.0,2.0,2.0,2.0,2.0,2.0,2.0,1.0,3.0,6.0,3.0,6.0,4.0,1.0,1024.0,1.0,128.0,32.0,1.0,1.0,1.0,1.0,1.0,1.0,1.0,273148434.0,4282373.539999999,279383000000.0,339.33345,23040.0,514.0,1966080.0,1169723626254036.0,236.4,4.0935545,107.6,235033.6
128000.0,64000.0,256.0,64.0,2.0,40.0,30.0,42.0,1.0,1.0,6.0,4.0,3.0,5.0,1.0,4.0,5.0,3.0,3.0,2.0,4.0,5.0,1.0,1.0,6.0,1.0,4.0,1.0,5.0,4.0,1.0,1.0,2.0,256.0,1.0,64.0,2.0,1.0,1.0,1.0,1.0,1.0,1.0,1.0,1.0,6.0,2.0,6.0,1.0,5.0,4.0,2.0,6.0,4.0,3.0,1.0,3.0,1.0,1.0,6.0,5.0,6.0,16.0,2.0,1.0,32.0,8.0,1.0,64.0,8.0,1.0,1.0,1.0,1.0,4.0,5.0,5.0,6.0,5.0,4.0,4.0,3.0,4.0,6.0,2.0,3.0,1.0,1.0,1.0,3.0,1.0,1.0,128.0,64.0,1.0,64.0,16.0,1.0,32.0,4.0,1.0,1.0,1.0,1.0,5.0,2.0,2.0,5.0,1.0,4.0,1.0,4.0,2.0,2.0,5.0,3.0,4.0,1.0,2.0,5.0,5.0,5.0,2.0,4.0,1.0,1.0,2.0,1.0,1.0,1.0,1.0,1.0,1.0,1.0,5.0,1.0,4.0,3.0,1.0,3.0,5.0,6.0,3.0,4.0,6.0,1.0,4.0,6.0,5.0,6.0,3.0,4.0,256.0,4.0,1.0,1.0,2.0,1.0,1.0,1.0,1.0,1.0,1.0,1.0,3.0,3.0,5.0,6.0,1.0,5.0,2.0,4.0,3.0,2.0,2.0,4.0,3.0,1.0,3.0,6.0,2.0,2.0,2048.0,1024.0,1.0,4.0,512.0,1.0,1.0,1.0,1.0,1.0,1.0,1.0,2425780650.0,13114972.119999997,1294450000.0,6.563079500000001,1260.0,514.0,271360.0,3.181404559398547e+16,13.0,3.4059012500000003,107.6,19674.6
128.0,32000000.0,256.0,64.0,3.0,44.0,12.0,38.0,5.0,5.0,6.0,5.0,3.0,6.0,5.0,6.0,5.0,1.0,6.0,3.0,3.0,5.0,5.0,4.0,5.0,1.0,2.0,6.0,5.0,2.0,4.0,3.0,64.0,8.0,1.0,192.0,8.0,1.0,1.0,1.0,1.0,1.0,1.0,1.0,4.0,3.0,6.0,4.0,1.0,4.0,1.0,1.0,3.0,3.0,2.0,1.0,6.0,1.0,1.0,4.0,1.0,3.0,64.0,16.0,1.0,64.0,64.0,1.0,2.0,128.0,1.0,1.0,1.0,1.0,2.0,6.0,5.0,6.0,5.0,1.0,4.0,5.0,4.0,5.0,5.0,1.0,4.0,2.0,1.0,1.0,1.0,3.0,2.0,128.0,1.0,128.0,16.0,1.0,32.0,2.0,1.0,1.0,1.0,1.0,1.0,1.0,5.0,3.0,5.0,5.0,1.0,3.0,4.0,5.0,3.0,5.0,5.0,3.0,4.0,6.0,1.0,2.0,2.0,64.0,1.0,1.0,16.0,1.0,1.0,1.0,1.0,1.0,1.0,1.0,3.0,2.0,2.0,2.0,4.0,5.0,4.0,3.0,3.0,3.0,6.0,4.0,5.0,1.0,4.0,6.0,1.0,3.0,128.0,128.0,1.0,128.0,8.0,1.0,1.0,1.0,1.0,1.0,1.0,1.0,6.0,4.0,2.0,6.0,4.0,5.0,5.0,5.0,5.0,5.0,2.0,1.0,1.0,3.0,5.0,3.0,1.0,4.0,2.0,8.0,1.0,64.0,128.0,1.0,1.0,1.0,1.0,1.0,1.0,1.0,622341240.0,4420704.92,212867000000.0,268.82685,20064.0,514.0,98304.0,2751186981586901.0,10.2,0.029980475,107.6,54988.8
16000.0,32000.0,256.0,64.0,3.0,16.0,10.0,20.0,5.0,6.0,1.0,1.0,6.0,2.0,5.0,5.0,6.0,3.0,2.0,2.0,4.0,2.0,3.0,5.0,1.0,3.0,5.0,6.0,4.0,3.0,1.0,6.0,64.0,128.0,1.0,12.0,48.0,1.0,1.0,1.0,1.0,1.0,1.0,1.0,3.0,6.0,6.0,1.0,3.0,1.0,1.0,5.0,6.0,1.0,3.0,4.0,6.0,6.0,1.0,4.0,2.0,1.0,64.0,4.0,1.0,64.0,64.0,1.0,128.0,16.0,1.0,1.0,1.0,1.0,2.0,1.0,5.0,3.0,4.0,4.0,4.0,5.0,3.0,1.0,5.0,3.0,3.0,1.0,5.0,2.0,6.0,3.0,128.0,64.0,1.0,16.0,16.0,1.0,8.0,16.0,1.0,1.0,1.0,1.0,6.0,4.0,6.0,3.0,6.0,2.0,1.0,6.0,3.0,2.0,4.0,3.0,5.0,6.0,3.0,3.0,5.0,1.0,2.0,4.0,1.0,16.0,128.0,1.0,1.0,1.0,1.0,1.0,1.0,1.0,1.0,5.0,5.0,2.0,6.0,4.0,1.0,4.0,6.0,6.0,6.0,5.0,6.0,6.0,1.0,1.0,2.0,3.0,32.0,128.0,1.0,2.0,4.0,1.0,1.0,1.0,1.0,1.0,1.0,1.0,3.0,6.0,5.0,5.0,2.0,1.0,3.0,3.0,2.0,2.0,4.0,6.0,2.0,5.0,3.0,2.0,5.0,1.0,32.0,256.0,1.0,32.0,256.0,1.0,1.0,1.0,1.0,1.0,1.0,1.0,62690604.0,4152200.5399999996,6449960000.0,19.500614999999996,3200.0,514.0,425984.0,260303959781726.12,82.0,1.4191405,107.6,85248.0
64000.0,256000.0,256.0,64.0,1.0,14.0,14.0,22.0,1.0,1.0,4.0,1.0,5.0,3.0,1.0,6.0,4.0,4.0,1.0,5.0,5.0,4.0,6.0,5.0,4.0,2.0,4.0,5.0,1.0,3.0,5.0,5.0,16.0,512.0,1.0,8.0,8.0,1.0,1.0,1.0,1.0,1.0,1.0,1.0,5.0,1.0,3.0,2.0,1.0,1.0,3.0,4.0,5.0,2.0,1.0,4.0,6.0,5.0,3.0,3.0,1.0,6.0,16.0,16.0,1.0,8.0,8.0,1.0,8.0,2.0,1.0,1.0,1.0,1.0,6.0,6.0,5.0,5.0,6.0,2.0,5.0,5.0,5.0,5.0,6.0,4.0,4.0,6.0,2.0,6.0,5.0,4.0,2.0,16.0,1.0,8.0,32.0,1.0,64.0,4.0,1.0,1.0,1.0,1.0,4.0,4.0,3.0,5.0,6.0,3.0,4.0,3.0,1.0,2.0,4.0,1.0,4.0,6.0,1.0,2.0,1.0,2.0,8.0,512.0,1.0,128.0,16.0,1.0,1.0,1.0,1.0,1.0,1.0,1.0,1.0,2.0,2.0,3.0,2.0,6.0,1.0,4.0,5.0,4.0,1.0,2.0,4.0,4.0,4.0,1.0,2.0,2.0,1.0,1.0,1.0,1.0,512.0,1.0,1.0,1.0,1.0,1.0,1.0,1.0,2.0,1.0,6.0,6.0,4.0,4.0,3.0,2.0,5.0,5.0,6.0,2.0,4.0,1.0,4.0,1.0,3.0,1.0,256.0,1024.0,1.0,256.0,16.0,1.0,1.0,1.0,1.0,1.0,1.0,1.0,2516582520.0,19083810.0,9452030.0,0.10774740000000001,22.0,514.0,514.0,4.80259826610012e+16,1.0,1.0070039999999996,107.6,107.6
1024000.0,64000.0,256.0,64.0,3.0,10.0,10.0,28.0,5.0,2.0,6.0,3.0,2.0,5.0,3.0,1.0,5.0,5.0,3.0,4.0,3.0,1.0,4.0,5.0,6.0,3.0,5.0,6.0,2.0,6.0,6.0,4.0,128.0,64.0,1.0,1.0,24.0,1.0,1.0,1.0,1.0,1.0,1.0,1.0,3.0,2.0,6.0,1.0,4.0,4.0,1.0,3.0,6.0,2.0,3.0,6.0,3.0,6.0,6.0,4.0,1.0,1.0,1.0,2.0,1.0,2.0,64.0,1.0,16.0,8.0,1.0,1.0,1.0,1.0,4.0,5.0,1.0,1.0,6.0,6.0,2.0,3.0,5.0,6.0,1.0,6.0,6.0,1.0,5.0,1.0,4.0,3.0,16.0,128.0,1.0,1.0,128.0,1.0,16.0,64.0,1.0,1.0,1.0,1.0,6.0,5.0,5.0,6.0,2.0,4.0,4.0,6.0,4.0,6.0,6.0,3.0,2.0,5.0,1.0,5.0,2.0,5.0,256.0,8.0,1.0,128.0,64.0,1.0,1.0,1.0,1.0,1.0,1.0,1.0,6.0,4.0,5.0,1.0,2.0,4.0,2.0,5.0,1.0,1.0,4.0,5.0,4.0,3.0,6.0,4.0,2.0,2.0,2.0,4.0,1.0,32.0,256.0,1.0,1.0,1.0,1.0,1.0,1.0,1.0,4.0,2.0,1.0,1.0,1.0,2.0,3.0,1.0,5.0,1.0,3.0,4.0,3.0,5.0,2.0,5.0,6.0,5.0,16.0,4.0,1.0,1.0,2.0,1.0,1.0,1.0,1.0,1.0,1.0,1.0,943174386.0,5102903.300000001,5073020000.0,16.478549999999995,2800.0,514.0,163840.0,4812927686794875.0,10.4,3.038003525,107.6,47184.0
32000.0,16000.0,256.0,64.0,1.0,40.0,12.0,20.0,4.0,6.0,2.0,3.0,6.0,1.0,6.0,6.0,2.0,2.0,4.0,6.0,4.0,2.0,6.0,2.0,1.0,1.0,2.0,3.0,1.0,4.0,2.0,2.0,16.0,512.0,1.0,1.0,96.0,1.0,1.0,1.0,1.0,1.0,1.0,1.0,6.0,1.0,5.0,1.0,1.0,3.0,4.0,1.0,6.0,4.0,3.0,2.0,6.0,6.0,6.0,5.0,5.0,5.0,2.0,16.0,1.0,64.0,128.0,1.0,64.0,16.0,1.0,1.0,1.0,1.0,5.0,3.0,4.0,4.0,5.0,6.0,1.0,6.0,3.0,1.0,1.0,5.0,5.0,5.0,6.0,5.0,1.0,6.0,64.0,16.0,1.0,32.0,1.0,1.0,16.0,2.0,1.0,1.0,1.0,1.0,2.0,1.0,4.0,2.0,2.0,3.0,1.0,3.0,3.0,4.0,3.0,5.0,3.0,4.0,4.0,5.0,1.0,4.0,128.0,512.0,1.0,1.0,8.0,1.0,1.0,1.0,1.0,1.0,1.0,1.0,6.0,5.0,2.0,3.0,6.0,4.0,4.0,6.0,5.0,5.0,1.0,6.0,2.0,3.0,6.0,1.0,1.0,1.0,128.0,16.0,1.0,256.0,2.0,1.0,1.0,1.0,1.0,1.0,1.0,1.0,5.0,5.0,3.0,3.0,1.0,2.0,3.0,4.0,1.0,3.0,1.0,4.0,4.0,5.0,5.0,5.0,5.0,1.0,64.0,2.0,1.0,8.0,32.0,1.0,1.0,1.0,1.0,1.0,1.0,1.0,127402104.0,15669491.760000002,8640490.0,0.10214688000000002,20.0,514.0,5416.0,1996326218834663.2,18.589369999999995,18.64653,107.6,1148.8
512.0,4096000.0,256.0,64.0,1.0,34.0,10.0,6.0,4.0,5.0,2.0,1.0,5.0,4.0,3.0,4.0,4.0,1.0,4.0,2.0,3.0,2.0,1.0,2.0,4.0,2.0,6.0,5.0,3.0,2.0,4.0,1.0,64.0,8.0,1.0,96.0,1536.0,1.0,1.0,1.0,1.0,1.0,1.0,1.0,4.0,2.0,2.0,4.0,2.0,2.0,5.0,3.0,1.0,4.0,3.0,4.0,6.0,4.0,3.0,1.0,4.0,6.0,4.0,4.0,1.0,16.0,1.0,1.0,64.0,64.0,1.0,1.0,1.0,1.0,2.0,6.0,6.0,6.0,4.0,4.0,6.0,2.0,6.0,3.0,3.0,3.0,6.0,5.0,6.0,5.0,6.0,6.0,64.0,8.0,1.0,128.0,16.0,1.0,2.0,8.0,1.0,1.0,1.0,1.0,4.0,1.0,1.0,5.0,4.0,2.0,3.0,4.0,1.0,4.0,4.0,6.0,5.0,2.0,2.0,4.0,6.0,5.0,64.0,4.0,1.0,128.0,16.0,1.0,1.0,1.0,1.0,1.0,1.0,1.0,3.0,4.0,2.0,1.0,3.0,3.0,4.0,5.0,2.0,5.0,1.0,3.0,6.0,5.0,6.0,5.0,1.0,4.0,16.0,1.0,1.0,16.0,8.0,1.0,1.0,1.0,1.0,1.0,1.0,1.0,2.0,6.0,4.0,1.0,4.0,4.0,5.0,6.0,1.0,3.0,3.0,6.0,4.0,2.0,3.0,4.0,2.0,4.0,1024.0,4.0,1.0,256.0,16.0,1.0,1.0,1.0,1.0,1.0,1.0,1.0,421527672.0,15131055.12,3069880.0,0.03515203999999999,6.0,514.0,1804.0,6378158439637280.0,5.849307999999999,5.849735999999998,107.6,381.6
1024000.0,32000.0,256.0,64.0,3.0,30.0,4.0,6.0,5.0,3.0,4.0,5.0,1.0,2.0,3.0,2.0,1.0,6.0,5.0,5.0,6.0,4.0,3.0,6.0,3.0,6.0,2.0,5.0,6.0,1.0,4.0,1.0,32.0,16.0,1.0,512.0,48.0,1.0,1.0,1.0,1.0,1.0,1.0,1.0,6.0,3.0,1.0,2.0,5.0,6.0,3.0,5.0,5.0,4.0,3.0,2.0,5.0,3.0,3.0,1.0,5.0,6.0,64.0,32.0,1.0,1.0,2.0,1.0,32.0,16.0,1.0,1.0,1.0,1.0,2.0,6.0,5.0,5.0,5.0,1.0,2.0,6.0,1.0,1.0,6.0,3.0,4.0,3.0,2.0,4.0,3.0,1.0,128.0,32.0,1.0,8.0,64.0,1.0,8.0,4.0,1.0,1.0,1.0,1.0,5.0,2.0,1.0,6.0,6.0,2.0,4.0,6.0,6.0,4.0,5.0,2.0,5.0,6.0,6.0,4.0,1.0,5.0,1.0,32.0,1.0,16.0,128.0,1.0,1.0,1.0,1.0,1.0,1.0,1.0,5.0,3.0,1.0,3.0,5.0,1.0,6.0,3.0,6.0,1.0,3.0,4.0,3.0,3.0,5.0,6.0,5.0,3.0,64.0,1.0,1.0,2048.0,1024.0,1.0,1.0,1.0,1.0,1.0,1.0,1.0,4.0,3.0,3.0,1.0,2.0,1.0,4.0,5.0,4.0,3.0,2.0,1.0,6.0,3.0,4.0,4.0,4.0,1.0,64.0,32.0,1.0,16.0,16.0,1.0,1.0,1.0,1.0,1.0,1.0,1.0,223593288.0,4002954.599999999,542139000.0,4.3341985,720.0,514.0,2752512.0,895033780728724.6,6.5333320000000015,0.81171925,107.6,229120.0
1024000.0,1024000.0,256.0,64.0,2.0,32.0,16.0,30.0,1.0,3.0,1.0,2.0,2.0,5.0,3.0,1.0,6.0,6.0,1.0,5.0,4.0,2.0,5.0,4.0,6.0,1.0,1.0,2.0,6.0,4.0,4.0,5.0,32.0,2.0,1.0,12.0,256.0,1.0,1.0,1.0,1.0,1.0,1.0,1.0,5.0,4.0,2.0,1.0,2.0,2.0,6.0,2.0,1.0,2.0,3.0,3.0,6.0,5.0,1.0,6.0,6.0,3.0,8.0,2.0,1.0,32.0,2.0,1.0,4.0,64.0,1.0,1.0,1.0,1.0,5.0,2.0,6.0,1.0,4.0,1.0,1.0,1.0,4.0,6.0,4.0,3.0,6.0,2.0,6.0,6.0,4.0,4.0,64.0,2.0,1.0,128.0,64.0,1.0,4.0,64.0,1.0,1.0,1.0,1.0,1.0,5.0,4.0,5.0,1.0,3.0,4.0,6.0,1.0,2.0,2.0,1.0,4.0,6.0,3.0,3.0,2.0,2.0,1.0,8.0,1.0,256.0,32.0,1.0,1.0,1.0,1.0,1.0,1.0,1.0,3.0,3.0,1.0,3.0,1.0,1.0,6.0,2.0,1.0,1.0,5.0,3.0,5.0,1.0,4.0,4.0,5.0,6.0,8.0,1.0,1.0,4.0,32.0,1.0,1.0,1.0,1.0,1.0,1.0,1.0,5.0,6.0,6.0,5.0,4.0,3.0,6.0,4.0,2.0,1.0,1.0,4.0,1.0,1.0,5.0,1.0,6.0,1.0,2048.0,128.0,1.0,1.0,4.0,1.0,1.0,1.0,1.0,1.0,1.0,1.0,1102184958.0,9930508.54,302780000.0,2.3231829999999998,480.0,514.0,33280.0,1.094525713807854e+16,10.98332,5.745583674,107.6,2665.2
4096.0,16000000.0,256.0,64.0,1.0,24.0,26.0,2.0,1.0,2.0,5.0,6.0,6.0,2.0,1.0,4.0,4.0,3.0,2.0,3.0,6.0,3.0,4.0,6.0,2.0,5.0,5.0,5.0,5.0,3.0,3.0,4.0,8.0,128.0,1.0,12.0,8.0,1.0,1.0,1.0,1.0,1.0,1.0,1.0,6.0,3.0,5.0,1.0,6.0,2.0,1.0,2.0,2.0,6.0,4.0,6.0,6.0,5.0,6.0,2.0,2.0,1.0,32.0,4.0,1.0,128.0,16.0,1.0,128.0,32.0,1.0,1.0,1.0,1.0,4.0,1.0,5.0,2.0,3.0,2.0,1.0,4.0,2.0,1.0,1.0,1.0,3.0,3.0,5.0,2.0,6.0,3.0,8.0,8.0,1.0,2.0,1.0,1.0,1.0,16.0,1.0,1.0,1.0,1.0,4.0,1.0,1.0,1.0,2.0,3.0,2.0,1.0,4.0,5.0,1.0,5.0,1.0,3.0,1.0,4.0,1.0,1.0,512.0,32.0,1.0,128.0,16.0,1.0,1.0,1.0,1.0,1.0,1.0,1.0,3.0,3.0,4.0,3.0,3.0,2.0,5.0,4.0,5.0,3.0,3.0,3.0,1.0,3.0,6.0,4.0,4.0,3.0,64.0,128.0,1.0,16.0,64.0,1.0,1.0,1.0,1.0,1.0,1.0,1.0,1.0,2.0,1.0,3.0,5.0,6.0,3.0,1.0,1.0,6.0,2.0,2.0,6.0,4.0,4.0,1.0,2.0,5.0,16.0,512.0,1.0,16.0,64.0,1.0,1.0,1.0,1.0,1.0,1.0,1.0,2516582520.0,20019670.799999997,1518260.0,0.015821560000000002,2.0,514.0,514.0,5.038115359143441e+16,1.0,1.0039039999999997,107.6,107.6
512000.0,256000.0,256.0,64.0,1.0,36.0,24.0,26.0,2.0,1.0,2.0,4.0,2.0,1.0,3.0,6.0,4.0,6.0,3.0,3.0,4.0,4.0,2.0,4.0,6.0,4.0,2.0,6.0,1.0,4.0,3.0,6.0,128.0,8.0,1.0,768.0,192.0,1.0,1.0,1.0,1.0,1.0,1.0,1.0,4.0,4.0,2.0,3.0,4.0,6.0,1.0,2.0,6.0,1.0,5.0,6.0,4.0,6.0,2.0,5.0,1.0,2.0,2.0,2.0,1.0,2.0,1.0,1.0,1.0,2.0,1.0,1.0,1.0,1.0,1.0,2.0,6.0,5.0,1.0,3.0,5.0,1.0,6.0,1.0,3.0,5.0,6.0,1.0,6.0,3.0,3.0,3.0,8.0,16.0,1.0,128.0,16.0,1.0,16.0,4.0,1.0,1.0,1.0,1.0,4.0,3.0,4.0,6.0,3.0,1.0,3.0,1.0,5.0,2.0,6.0,3.0,1.0,6.0,6.0,2.0,5.0,4.0,2.0,1.0,1.0,32.0,512.0,1.0,1.0,1.0,1.0,1.0,1.0,1.0,6.0,5.0,3.0,2.0,1.0,5.0,4.0,1.0,4.0,1.0,1.0,5.0,5.0,1.0,3.0,2.0,1.0,2.0,4.0,512.0,1.0,2.0,1.0,1.0,1.0,1.0,1.0,1.0,1.0,1.0,4.0,6.0,1.0,6.0,6.0,3.0,6.0,5.0,2.0,1.0,3.0,6.0,5.0,6.0,4.0,6.0,2.0,3.0,2048.0,512.0,1.0,64.0,512.0,1.0,1.0,1.0,1.0,1.0,1.0,1.0,2516582520.0,22830939.6,11088400.0,0.12613300000000002,26.0,514.0,514.0,5.745594351253579e+16,1.0,1.004294,107.6,107.6
128.0,256000.0,256.0,64.0,3.0,14.0,40.0,14.0,5.0,3.0,6.0,3.0,6.0,3.0,4.0,2.0,6.0,5.0,2.0,3.0,2.0,5.0,6.0,4.0,6.0,5.0,4.0,2.0,1.0,4.0,3.0,3.0,4.0,4.0,1.0,6.0,6.0,1.0,1.0,1.0,1.0,1.0,1.0,1.0,1.0,4.0,2.0,1.0,2.0,3.0,4.0,2.0,2.0,1.0,3.0,6.0,1.0,1.0,1.0,6.0,2.0,5.0,2.0,64.0,1.0,1.0,4.0,1.0,1.0,4.0,1.0,1.0,1.0,1.0,5.0,3.0,6.0,6.0,3.0,4.0,3.0,5.0,4.0,3.0,3.0,1.0,6.0,2.0,4.0,3.0,3.0,2.0,64.0,16.0,1.0,32.0,16.0,1.0,32.0,8.0,1.0,1.0,1.0,1.0,2.0,6.0,6.0,2.0,2.0,4.0,1.0,5.0,5.0,2.0,2.0,4.0,6.0,1.0,5.0,2.0,4.0,1.0,64.0,128.0,1.0,8.0,4.0,1.0,1.0,1.0,1.0,1.0,1.0,1.0,6.0,1.0,2.0,4.0,2.0,4.0,1.0,5.0,6.0,3.0,6.0,5.0,3.0,2.0,3.0,3.0,1.0,5.0,8.0,8.0,1.0,1024.0,512.0,1.0,1.0,1.0,1.0,1.0,1.0,1.0,3.0,1.0,4.0,3.0,3.0,3.0,4.0,4.0,5.0,6.0,2.0,1.0,3.0,4.0,1.0,1.0,6.0,1.0,128.0,1.0,1.0,64.0,128.0,1.0,1.0,1.0,1.0,1.0,1.0,1.0,1081979730.0,5129030.739999998,34339500000.0,63.091330000000006,7840.0,514.0,280576.0,5549507295226898.0,16.22332,0.7918634,107.6,30722.4
2048000.0,32000000.0,256.0,64.0,1.0,14.0,24.0,38.0,3.0,2.0,3.0,4.0,3.0,4.0,2.0,6.0,5.0,5.0,5.0,3.0,4.0,1.0,5.0,1.0,1.0,1.0,2.0,3.0,5.0,2.0,6.0,3.0,2.0,16.0,1.0,768.0,384.0,1.0,1.0,1.0,1.0,1.0,1.0,1.0,3.0,5.0,4.0,6.0,2.0,4.0,6.0,4.0,6.0,3.0,2.0,4.0,5.0,6.0,2.0,5.0,3.0,5.0,1.0,64.0,1.0,16.0,1.0,1.0,8.0,2.0,1.0,1.0,1.0,1.0,2.0,1.0,4.0,1.0,4.0,3.0,6.0,6.0,6.0,2.0,6.0,1.0,3.0,4.0,6.0,1.0,3.0,6.0,128.0,8.0,1.0,64.0,2.0,1.0,2.0,16.0,1.0,1.0,1.0,1.0,1.0,1.0,4.0,1.0,5.0,4.0,6.0,6.0,4.0,2.0,4.0,3.0,1.0,3.0,6.0,1.0,1.0,5.0,128.0,64.0,1.0,16.0,32.0,1.0,1.0,1.0,1.0,1.0,1.0,1.0,3.0,2.0,5.0,2.0,3.0,6.0,1.0,4.0,2.0,2.0,6.0,3.0,2.0,1.0,3.0,1.0,4.0,1.0,4.0,256.0,1.0,256.0,16.0,1.0,1.0,1.0,1.0,1.0,1.0,1.0,5.0,6.0,1.0,1.0,1.0,1.0,1.0,6.0,5.0,5.0,4.0,5.0,5.0,5.0,4.0,5.0,2.0,2.0,16.0,8.0,1.0,2.0,512.0,1.0,1.0,1.0,1.0,1.0,1.0,1.0,2516582520.0,19315011.6,16095200.0,0.18164519999999992,38.0,514.0,514.0,4.860782056615723e+16,1.0,1.4007320000000003,107.6,107.6
512.0,2048000.0,256.0,64.0,2.0,46.0,30.0,42.0,3.0,2.0,5.0,6.0,6.0,4.0,4.0,4.0,1.0,4.0,3.0,3.0,2.0,2.0,4.0,4.0,5.0,2.0,5.0,1.0,2.0,4.0,5.0,5.0,128.0,128.0,1.0,1.0,256.0,1.0,1.0,1.0,1.0,1.0,1.0,1.0,6.0,3.0,6.0,2.0,5.0,4.0,4.0,3.0,2.0,6.0,2.0,5.0,4.0,2.0,6.0,6.0,5.0,6.0,8.0,8.0,1.0,4.0,128.0,1.0,8.0,4.0,1.0,1.0,1.0,1.0,4.0,5.0,4.0,2.0,4.0,4.0,1.0,1.0,2.0,5.0,3.0,2.0,5.0,1.0,4.0,3.0,3.0,6.0,64.0,16.0,1.0,128.0,4.0,1.0,32.0,64.0,1.0,1.0,1.0,1.0,5.0,1.0,4.0,4.0,1.0,3.0,5.0,6.0,2.0,3.0,2.0,6.0,6.0,3.0,1.0,4.0,3.0,6.0,128.0,32.0,1.0,2.0,512.0,1.0,1.0,1.0,1.0,1.0,1.0,1.0,3.0,1.0,5.0,2.0,3.0,1.0,1.0,6.0,5.0,2.0,6.0,6.0,3.0,1.0,4.0,6.0,1.0,3.0,128.0,2.0,1.0,8.0,4.0,1.0,1.0,1.0,1.0,1.0,1.0,1.0,2.0,1.0,4.0,4.0,3.0,1.0,4.0,2.0,6.0,3.0,2.0,2.0,2.0,1.0,5.0,3.0,3.0,5.0,2.0,128.0,1.0,32.0,8.0,1.0,1.0,1.0,1.0,1.0,1.0,1.0,2518241988.0,8858720.24,1294420000.0,6.5053435,1260.0,514.0,33280.0,2.2308401268313436e+16,1.0,0.19675482100000002,107.6,2940.0
256.0,128000.0,256.0,64.0,1.0,4.0,44.0,46.0,1.0,6.0,3.0,3.0,6.0,3.0,1.0,1.0,3.0,5.0,6.0,3.0,2.0,6.0,3.0,2.0,1.0,3.0,2.0,3.0,6.0,1.0,5.0,6.0,32.0,512.0,1.0,1.0,3.0,1.0,1.0,1.0,1.0,1.0,1.0,1.0,4.0,2.0,5.0,2.0,3.0,2.0,5.0,6.0,2.0,6.0,3.0,3.0,3.0,5.0,2.0,6.0,6.0,6.0,4.0,2.0,1.0,128.0,8.0,1.0,32.0,8.0,1.0,1.0,1.0,1.0,4.0,6.0,6.0,1.0,6.0,4.0,5.0,3.0,6.0,5.0,5.0,3.0,6.0,5.0,2.0,6.0,4.0,2.0,128.0,1.0,1.0,128.0,16.0,1.0,2.0,1.0,1.0,1.0,1.0,1.0,4.0,2.0,2.0,5.0,1.0,2.0,3.0,4.0,2.0,6.0,1.0,2.0,6.0,2.0,3.0,1.0,2.0,1.0,32.0,16.0,1.0,128.0,2.0,1.0,1.0,1.0,1.0,1.0,1.0,1.0,1.0,3.0,5.0,2.0,3.0,2.0,4.0,2.0,6.0,2.0,2.0,2.0,3.0,2.0,5.0,6.0,4.0,5.0,2.0,512.0,1.0,32.0,4.0,1.0,1.0,1.0,1.0,1.0,1.0,1.0,5.0,6.0,2.0,6.0,1.0,6.0,6.0,6.0,5.0,2.0,3.0,2.0,4.0,4.0,5.0,5.0,6.0,1.0,64.0,8.0,1.0,8.0,2.0,1.0,1.0,1.0,1.0,1.0,1.0,1.0,57016440.0,14940167.04,19515900.0,0.22723220000000005,46.0,514.0,12124.0,851835137626137.5,42.93440999999999,42.93957,107.6,2573.6
4096.0,128000.0,256.0,64.0,2.0,12.0,28.0,48.0,2.0,4.0,3.0,1.0,1.0,6.0,6.0,2.0,5.0,4.0,5.0,4.0,6.0,5.0,6.0,1.0,6.0,6.0,5.0,5.0,6.0,4.0,5.0,6.0,512.0,2.0,1.0,192.0,4.0,1.0,1.0,1.0,1.0,1.0,1.0,1.0,5.0,1.0,5.0,6.0,5.0,4.0,4.0,3.0,2.0,6.0,3.0,2.0,5.0,6.0,1.0,2.0,6.0,1.0,2.0,32.0,1.0,2.0,64.0,1.0,64.0,2.0,1.0,1.0,1.0,1.0,4.0,4.0,6.0,5.0,1.0,5.0,3.0,1.0,6.0,3.0,3.0,5.0,6.0,3.0,6.0,6.0,1.0,5.0,4.0,128.0,1.0,1.0,128.0,1.0,32.0,64.0,1.0,1.0,1.0,1.0,3.0,2.0,1.0,3.0,3.0,6.0,6.0,6.0,4.0,2.0,2.0,1.0,1.0,4.0,2.0,5.0,4.0,1.0,4.0,8.0,1.0,64.0,32.0,1.0,1.0,1.0,1.0,1.0,1.0,1.0,2.0,1.0,2.0,4.0,2.0,1.0,3.0,3.0,1.0,4.0,2.0,1.0,4.0,3.0,4.0,5.0,1.0,2.0,8.0,8.0,1.0,2048.0,16.0,1.0,1.0,1.0,1.0,1.0,1.0,1.0,6.0,6.0,5.0,3.0,4.0,4.0,2.0,3.0,5.0,6.0,5.0,5.0,1.0,6.0,1.0,2.0,3.0,4.0,128.0,4.0,1.0,4.0,2.0,1.0,1.0,1.0,1.0,1.0,1.0,1.0,693891246.0,8814736.48,1438200000.0,6.981045000000001,1344.0,514.0,9472.0,6116468479268854.0,3.9,1.0707799,107.6,1089.6
16000.0,16000.0,256.0,64.0,2.0,48.0,36.0,18.0,5.0,1.0,6.0,1.0,6.0,3.0,2.0,4.0,3.0,2.0,4.0,3.0,4.0,5.0,1.0,2.0,1.0,4.0,5.0,6.0,1.0,6.0,1.0,4.0,64.0,16.0,1.0,192.0,512.0,1.0,1.0,1.0,1.0,1.0,1.0,1.0,6.0,5.0,2.0,1.0,4.0,6.0,2.0,2.0,1.0,1.0,6.0,2.0,6.0,5.0,1.0,5.0,2.0,6.0,2.0,2.0,1.0,64.0,4.0,1.0,8.0,128.0,1.0,1.0,1.0,1.0,5.0,6.0,6.0,5.0,4.0,1.0,2.0,1.0,5.0,1.0,6.0,6.0,3.0,2.0,2.0,2.0,3.0,6.0,2.0,64.0,1.0,4.0,32.0,1.0,32.0,16.0,1.0,1.0,1.0,1.0,4.0,6.0,6.0,2.0,5.0,3.0,3.0,4.0,2.0,3.0,3.0,5.0,6.0,6.0,4.0,3.0,6.0,2.0,8.0,256.0,1.0,32.0,128.0,1.0,1.0,1.0,1.0,1.0,1.0,1.0,3.0,2.0,1.0,4.0,6.0,3.0,5.0,6.0,1.0,2.0,4.0,6.0,6.0,5.0,1.0,2.0,6.0,6.0,4.0,1.0,1.0,32.0,128.0,1.0,1.0,1.0,1.0,1.0,1.0,1.0,2.0,6.0,1.0,4.0,5.0,3.0,4.0,4.0,3.0,3.0,2.0,4.0,1.0,3.0,1.0,1.0,6.0,2.0,2.0,256.0,1.0,4.0,8.0,1.0,1.0,1.0,1.0,1.0,1.0,1.0,2432786232.0,9702724.620000001,463972000.0,3.1865710000000007,648.0,514.0,59392.0,2.3604654868423436e+16,8.2,4.027205125,107.6,4944.8
1024000.0,512000.0,256.0,64.0,1.0,2.0,10.0,20.0,6.0,5.0,5.0,3.0,4.0,5.0,3.0,1.0,4.0,1.0,2.0,5.0,4.0,6.0,4.0,5.0,4.0,6.0,2.0,1.0,2.0,3.0,1.0,6.0,16.0,512.0,1.0,192.0,2.0,1.0,1.0,1.0,1.0,1.0,1.0,1.0,4.0,4.0,1.0,2.0,3.0,5.0,1.0,3.0,2.0,3.0,1.0,1.0,2.0,4.0,6.0,6.0,4.0,3.0,32.0,32.0,1.0,4.0,32.0,1.0,32.0,16.0,1.0,1.0,1.0,1.0,2.0,6.0,1.0,1.0,6.0,5.0,4.0,3.0,2.0,1.0,1.0,1.0,3.0,5.0,2.0,6.0,4.0,1.0,32.0,4.0,1.0,8.0,32.0,1.0,1.0,4.0,1.0,1.0,1.0,1.0,1.0,4.0,6.0,2.0,4.0,6.0,4.0,2.0,4.0,5.0,6.0,4.0,3.0,5.0,4.0,2.0,1.0,3.0,256.0,16.0,1.0,8.0,64.0,1.0,1.0,1.0,1.0,1.0,1.0,1.0,6.0,2.0,2.0,4.0,3.0,6.0,2.0,4.0,4.0,6.0,3.0,6.0,4.0,3.0,2.0,1.0,2.0,3.0,1.0,8.0,1.0,64.0,1.0,1.0,1.0,1.0,1.0,1.0,1.0,1.0,3.0,4.0,4.0,4.0,5.0,3.0,4.0,5.0,3.0,3.0,1.0,4.0,6.0,5.0,1.0,3.0,1.0,4.0,2.0,64.0,1.0,16.0,32.0,1.0,1.0,1.0,1.0,1.0,1.0,1.0,128188776.0,6175647.359999999,8640490.0,0.10214688000000002,20.0,514.0,5416.0,791648676086031.2,17.6623,19.3194245,107.6,1148.8
1024.0,32000000.0,256.0,64.0,1.0,32.0,40.0,14.0,5.0,5.0,3.0,3.0,4.0,1.0,4.0,2.0,4.0,4.0,1.0,3.0,6.0,4.0,1.0,1.0,1.0,4.0,1.0,4.0,6.0,6.0,4.0,5.0,1.0,2.0,1.0,64.0,3.0,1.0,1.0,1.0,1.0,1.0,1.0,1.0,1.0,6.0,6.0,2.0,2.0,1.0,2.0,4.0,4.0,4.0,6.0,4.0,6.0,5.0,6.0,5.0,4.0,1.0,32.0,16.0,1.0,2.0,128.0,1.0,2.0,32.0,1.0,1.0,1.0,1.0,4.0,2.0,4.0,3.0,3.0,4.0,1.0,4.0,6.0,1.0,3.0,6.0,5.0,2.0,3.0,6.0,5.0,2.0,128.0,4.0,1.0,32.0,2.0,1.0,4.0,16.0,1.0,1.0,1.0,1.0,6.0,5.0,6.0,2.0,5.0,1.0,4.0,2.0,2.0,5.0,2.0,1.0,1.0,1.0,1.0,1.0,5.0,1.0,64.0,2.0,1.0,1.0,256.0,1.0,1.0,1.0,1.0,1.0,1.0,1.0,2.0,4.0,5.0,6.0,6.0,2.0,1.0,5.0,1.0,3.0,5.0,1.0,5.0,1.0,4.0,1.0,2.0,1.0,64.0,4.0,1.0,16.0,2048.0,1.0,1.0,1.0,1.0,1.0,1.0,1.0,6.0,2.0,3.0,5.0,4.0,3.0,2.0,1.0,3.0,1.0,4.0,4.0,3.0,6.0,5.0,2.0,4.0,3.0,2.0,1024.0,1.0,4.0,128.0,1.0,1.0,1.0,1.0,1.0,1.0,1.0,182059296.0,11805501.719999999,6228620.0,0.07343496,14.0,514.0,3868.0,2149301332069989.0,13.012270000000001,11.719717000000003,107.6,820.0
2048.0,4096000.0,256.0,64.0,2.0,38.0,34.0,16.0,5.0,2.0,6.0,4.0,6.0,4.0,4.0,5.0,3.0,2.0,2.0,1.0,3.0,3.0,2.0,3.0,2.0,1.0,1.0,5.0,5.0,1.0,3.0,3.0,8.0,128.0,1.0,4.0,768.0,1.0,1.0,1.0,1.0,1.0,1.0,1.0,1.0,1.0,4.0,4.0,6.0,6.0,3.0,4.0,4.0,3.0,3.0,5.0,2.0,1.0,5.0,5.0,4.0,1.0,32.0,1.0,1.0,2.0,1.0,1.0,1.0,64.0,1.0,1.0,1.0,1.0,1.0,2.0,6.0,6.0,2.0,2.0,2.0,2.0,4.0,1.0,3.0,6.0,4.0,6.0,6.0,3.0,6.0,3.0,16.0,32.0,1.0,2.0,128.0,1.0,64.0,4.0,1.0,1.0,1.0,1.0,2.0,2.0,5.0,2.0,2.0,6.0,4.0,3.0,2.0,6.0,4.0,3.0,3.0,5.0,6.0,4.0,5.0,5.0,128.0,128.0,1.0,256.0,256.0,1.0,1.0,1.0,1.0,1.0,1.0,1.0,1.0,5.0,5.0,4.0,3.0,6.0,5.0,3.0,6.0,6.0,4.0,4.0,2.0,3.0,6.0,6.0,3.0,5.0,2.0,8.0,1.0,4.0,16.0,1.0,1.0,1.0,1.0,1.0,1.0,1.0,2.0,4.0,6.0,4.0,1.0,1.0,3.0,4.0,2.0,5.0,3.0,6.0,1.0,4.0,1.0,2.0,5.0,3.0,1024.0,8.0,1.0,64.0,128.0,1.0,1.0,1.0,1.0,1.0,1.0,1.0,2423182878.0,6893866.340000001,360807000.0,2.6728704999999997,544.0,514.0,163840.0,1.6705098878308528e+16,19.4,7.074902149999998,107.6,10401.6
16000.0,256000.0,256.0,64.0,2.0,32.0,8.0,32.0,4.0,3.0,4.0,5.0,3.0,2.0,2.0,5.0,1.0,4.0,5.0,6.0,3.0,6.0,2.0,3.0,1.0,5.0,3.0,6.0,2.0,3.0,5.0,4.0,64.0,128.0,1.0,192.0,192.0,1.0,1.0,1.0,1.0,1.0,1.0,1.0,6.0,3.0,6.0,3.0,6.0,1.0,1.0,1.0,5.0,5.0,4.0,6.0,1.0,2.0,1.0,4.0,2.0,1.0,64.0,1.0,1.0,128.0,8.0,1.0,64.0,32.0,1.0,1.0,1.0,1.0,3.0,5.0,1.0,2.0,5.0,5.0,3.0,1.0,4.0,5.0,3.0,5.0,4.0,6.0,5.0,1.0,6.0,6.0,1.0,8.0,1.0,32.0,32.0,1.0,64.0,8.0,1.0,1.0,1.0,1.0,1.0,4.0,3.0,1.0,4.0,2.0,4.0,2.0,5.0,6.0,1.0,2.0,2.0,3.0,3.0,3.0,1.0,4.0,4.0,256.0,1.0,2.0,2.0,1.0,1.0,1.0,1.0,1.0,1.0,1.0,6.0,3.0,5.0,1.0,4.0,6.0,1.0,2.0,6.0,6.0,3.0,3.0,2.0,3.0,3.0,3.0,1.0,4.0,32.0,256.0,1.0,256.0,2.0,1.0,1.0,1.0,1.0,1.0,1.0,1.0,3.0,5.0,2.0,3.0,6.0,6.0,5.0,3.0,3.0,1.0,2.0,5.0,4.0,5.0,6.0,4.0,2.0,3.0,128.0,2048.0,1.0,1.0,16.0,1.0,1.0,1.0,1.0,1.0,1.0,1.0,223698366.0,6516387.26,132614000.0,1.236471,256.0,514.0,90112.0,1457705182285217.0,5.8,1.6011250000000004,107.6,7162.4
512000.0,1024000.0,256.0,64.0,1.0,6.0,32.0,2.0,1.0,2.0,2.0,6.0,1.0,6.0,2.0,2.0,5.0,4.0,5.0,4.0,3.0,4.0,5.0,6.0,6.0,5.0,1.0,1.0,4.0,2.0,6.0,1.0,1.0,64.0,1.0,24.0,96.0,1.0,1.0,1.0,1.0,1.0,1.0,1.0,6.0,5.0,1.0,5.0,1.0,3.0,3.0,3.0,5.0,2.0,1.0,5.0,5.0,1.0,3.0,1.0,1.0,1.0,1.0,8.0,1.0,128.0,64.0,1.0,16.0,2.0,1.0,1.0,1.0,1.0,4.0,1.0,1.0,2.0,4.0,3.0,5.0,3.0,1.0,2.0,5.0,5.0,6.0,1.0,2.0,1.0,3.0,1.0,4.0,16.0,1.0,2.0,2.0,1.0,16.0,1.0,1.0,1.0,1.0,1.0,3.0,1.0,5.0,2.0,1.0,3.0,3.0,5.0,3.0,3.0,5.0,3.0,1.0,6.0,3.0,1.0,1.0,1.0,2.0,16.0,1.0,1.0,128.0,1.0,1.0,1.0,1.0,1.0,1.0,1.0,4.0,2.0,6.0,6.0,5.0,2.0,1.0,1.0,3.0,6.0,5.0,5.0,3.0,1.0,3.0,6.0,4.0,3.0,1.0,512.0,1.0,256.0,2048.0,1.0,1.0,1.0,1.0,1.0,1.0,1.0,3.0,5.0,3.0,2.0,5.0,3.0,5.0,5.0,2.0,5.0,6.0,4.0,3.0,2.0,2.0,1.0,6.0,1.0,4.0,256.0,1.0,32.0,2.0,1.0,1.0,1.0,1.0,1.0,1.0,1.0,2516582520.0,16268942.4,1518260.0,0.015821560000000002,2.0,514.0,514.0,4.094213606272685e+16,1.0,1.0004619999999997,107.6,107.6
256.0,32000000.0,256.0,64.0,1.0,40.0,30.0,16.0,5.0,3.0,6.0,5.0,5.0,4.0,6.0,5.0,6.0,6.0,5.0,3.0,6.0,6.0,1.0,2.0,1.0,3.0,1.0,6.0,3.0,2.0,3.0,6.0,32.0,2.0,1.0,512.0,48.0,1.0,1.0,1.0,1.0,1.0,1.0,1.0,5.0,5.0,1.0,3.0,5.0,3.0,4.0,6.0,1.0,4.0,6.0,6.0,3.0,3.0,6.0,3.0,3.0,3.0,1.0,64.0,1.0,16.0,128.0,1.0,16.0,128.0,1.0,1.0,1.0,1.0,5.0,2.0,1.0,6.0,2.0,4.0,6.0,4.0,2.0,5.0,2.0,1.0,5.0,6.0,3.0,5.0,1.0,5.0,32.0,8.0,1.0,8.0,8.0,1.0,64.0,64.0,1.0,1.0,1.0,1.0,3.0,1.0,1.0,4.0,2.0,4.0,2.0,1.0,2.0,1.0,2.0,1.0,1.0,2.0,4.0,3.0,5.0,4.0,32.0,64.0,1.0,64.0,16.0,1.0,1.0,1.0,1.0,1.0,1.0,1.0,6.0,6.0,5.0,1.0,3.0,1.0,6.0,4.0,6.0,5.0,5.0,5.0,5.0,6.0,5.0,4.0,6.0,6.0,256.0,2.0,1.0,128.0,4.0,1.0,1.0,1.0,1.0,1.0,1.0,1.0,3.0,4.0,1.0,1.0,4.0,5.0,1.0,1.0,5.0,4.0,3.0,6.0,5.0,1.0,2.0,4.0,6.0,4.0,2.0,2.0,1.0,1.0,128.0,1.0,1.0,1.0,1.0,1.0,1.0,1.0,2422210680.0,22613942.880000003,7028100.0,0.08033523999999997,16.0,514.0,514.0,5.477573396084597e+16,13.0,13.103489999999999,107.6,155.6
128000.0,4096000.0,256.0,64.0,3.0,44.0,38.0,28.0,1.0,5.0,5.0,1.0,5.0,3.0,4.0,3.0,6.0,2.0,1.0,4.0,1.0,3.0,2.0,3.0,5.0,5.0,6.0,3.0,6.0,3.0,4.0,4.0,16.0,4.0,1.0,128.0,1.0,1.0,1.0,1.0,1.0,1.0,1.0,1.0,1.0,3.0,3.0,1.0,3.0,5.0,5.0,6.0,2.0,4.0,1.0,4.0,4.0,2.0,6.0,2.0,2.0,1.0,1.0,16.0,1.0,128.0,128.0,1.0,1.0,64.0,1.0,1.0,1.0,1.0,2.0,3.0,3.0,4.0,4.0,3.0,5.0,3.0,3.0,5.0,2.0,4.0,4.0,2.0,1.0,2.0,1.0,2.0,32.0,4.0,1.0,4.0,64.0,1.0,8.0,2.0,1.0,1.0,1.0,1.0,6.0,2.0,3.0,2.0,4.0,2.0,3.0,3.0,3.0,4.0,4.0,4.0,6.0,2.0,6.0,4.0,2.0,4.0,512.0,512.0,1.0,4.0,4.0,1.0,1.0,1.0,1.0,1.0,1.0,1.0,2.0,3.0,3.0,6.0,2.0,1.0,5.0,4.0,5.0,5.0,2.0,6.0,5.0,3.0,5.0,1.0,5.0,3.0,4.0,64.0,1.0,2048.0,256.0,1.0,1.0,1.0,1.0,1.0,1.0,1.0,2.0,1.0,2.0,5.0,4.0,6.0,5.0,6.0,5.0,5.0,2.0,6.0,5.0,4.0,6.0,4.0,2.0,3.0,8.0,8.0,1.0,16.0,256.0,1.0,1.0,1.0,1.0,1.0,1.0,1.0,1271236314.0,4333122.4799999995,1134930000000.0,1175.8585,46816.0,514.0,802816.0,5508422649585738.0,18.883335,0.9513672,107.6,95334.4
128000.0,32000.0,256.0,64.0,3.0,40.0,8.0,46.0,5.0,3.0,2.0,6.0,5.0,5.0,3.0,5.0,6.0,1.0,5.0,1.0,2.0,6.0,1.0,5.0,3.0,3.0,6.0,4.0,6.0,6.0,4.0,5.0,256.0,8.0,1.0,4.0,16.0,1.0,1.0,1.0,1.0,1.0,1.0,1.0,6.0,3.0,4.0,4.0,4.0,6.0,2.0,3.0,3.0,1.0,5.0,2.0,1.0,4.0,4.0,3.0,5.0,4.0,4.0,64.0,1.0,1.0,2.0,1.0,32.0,1.0,1.0,1.0,1.0,1.0,3.0,3.0,1.0,2.0,3.0,5.0,6.0,4.0,2.0,5.0,6.0,2.0,5.0,1.0,2.0,2.0,4.0,6.0,8.0,64.0,1.0,32.0,64.0,1.0,1.0,32.0,1.0,1.0,1.0,1.0,4.0,3.0,6.0,3.0,1.0,6.0,6.0,4.0,3.0,3.0,1.0,5.0,1.0,6.0,3.0,1.0,6.0,3.0,8.0,32.0,1.0,512.0,256.0,1.0,1.0,1.0,1.0,1.0,1.0,1.0,1.0,5.0,5.0,5.0,4.0,3.0,6.0,6.0,4.0,5.0,1.0,6.0,4.0,3.0,2.0,5.0,6.0,5.0,2.0,8.0,1.0,4.0,32.0,1.0,1.0,1.0,1.0,1.0,1.0,1.0,6.0,5.0,1.0,1.0,6.0,3.0,1.0,5.0,4.0,6.0,6.0,5.0,6.0,3.0,2.0,6.0,1.0,6.0,1.0,128.0,1.0,256.0,1.0,1.0,1.0,1.0,1.0,1.0,1.0,1.0,443187342.0,4601623.7,116083000000.0,162.72514999999999,14720.0,514.0,172032.0,2039381376487205.5,7.6,0.140043,107.6,29568.0
16000.0,8192000.0,256.0,64.0,2.0,42.0,34.0,4.0,6.0,4.0,2.0,2.0,2.0,3.0,1.0,3.0,5.0,5.0,2.0,6.0,6.0,5.0,1.0,5.0,3.0,4.0,6.0,1.0,6.0,3.0,5.0,3.0,32.0,8.0,1.0,768.0,16.0,1.0,1.0,1.0,1.0,1.0,1.0,1.0,1.0,6.0,3.0,4.0,4.0,3.0,4.0,2.0,5.0,6.0,1.0,1.0,2.0,4.0,5.0,4.0,6.0,5.0,64.0,8.0,1.0,1.0,16.0,1.0,1.0,1.0,1.0,1.0,1.0,1.0,2.0,1.0,4.0,2.0,2.0,4.0,1.0,2.0,5.0,1.0,2.0,1.0,1.0,2.0,3.0,4.0,4.0,4.0,8.0,4.0,1.0,64.0,4.0,1.0,16.0,8.0,1.0,1.0,1.0,1.0,5.0,3.0,3.0,5.0,3.0,6.0,3.0,3.0,1.0,5.0,6.0,6.0,3.0,2.0,1.0,6.0,1.0,2.0,4.0,4.0,1.0,8.0,8.0,1.0,1.0,1.0,1.0,1.0,1.0,1.0,5.0,5.0,2.0,3.0,6.0,4.0,4.0,6.0,5.0,2.0,3.0,4.0,5.0,2.0,2.0,1.0,1.0,6.0,2.0,16.0,1.0,64.0,2.0,1.0,1.0,1.0,1.0,1.0,1.0,1.0,2.0,6.0,6.0,4.0,5.0,6.0,1.0,6.0,4.0,1.0,5.0,6.0,3.0,4.0,3.0,2.0,3.0,1.0,1.0,16.0,1.0,32.0,32.0,1.0,1.0,1.0,1.0,1.0,1.0,1.0,32414034.0,6060806.300000001,62486700.0,0.6714332499999999,136.0,514.0,82432.0,196455181475614.22,77.11475,10.854611,107.6,9294.4
1024.0,32000000.0,256.0,64.0,3.0,16.0,14.0,30.0,2.0,1.0,4.0,6.0,6.0,5.0,1.0,2.0,4.0,2.0,4.0,6.0,3.0,6.0,2.0,2.0,1.0,5.0,4.0,3.0,5.0,4.0,2.0,3.0,32.0,64.0,1.0,12.0,16.0,1.0,1.0,1.0,1.0,1.0,1.0,1.0,6.0,1.0,1.0,3.0,6.0,5.0,3.0,2.0,2.0,4.0,5.0,5.0,2.0,6.0,6.0,4.0,6.0,1.0,32.0,2.0,1.0,16.0,8.0,1.0,2.0,64.0,1.0,1.0,1.0,1.0,1.0,4.0,4.0,5.0,6.0,3.0,6.0,3.0,4.0,6.0,2.0,6.0,4.0,6.0,6.0,6.0,3.0,1.0,128.0,2.0,1.0,8.0,8.0,1.0,4.0,1.0,1.0,1.0,1.0,1.0,3.0,4.0,1.0,6.0,4.0,1.0,6.0,5.0,6.0,4.0,5.0,5.0,3.0,1.0,1.0,6.0,2.0,2.0,32.0,2.0,1.0,64.0,128.0,1.0,1.0,1.0,1.0,1.0,1.0,1.0,2.0,5.0,4.0,5.0,5.0,4.0,4.0,1.0,2.0,4.0,5.0,6.0,1.0,3.0,6.0,3.0,3.0,5.0,1.0,128.0,1.0,128.0,2.0,1.0,1.0,1.0,1.0,1.0,1.0,1.0,3.0,2.0,5.0,5.0,1.0,2.0,3.0,3.0,2.0,2.0,1.0,5.0,4.0,3.0,6.0,4.0,5.0,1.0,1.0,4.0,1.0,1.0,2.0,1.0,1.0,1.0,1.0,1.0,1.0,1.0,2531655210.0,5067741.640000001,25598400000.0,50.734579999999994,6720.0,514.0,98304.0,1.2829774525839946e+16,1.0,0.063156845,107.6,12698.4
128.0,512000.0,256.0,64.0,1.0,38.0,10.0,26.0,4.0,6.0,3.0,1.0,5.0,5.0,2.0,6.0,1.0,3.0,2.0,1.0,1.0,4.0,3.0,3.0,5.0,4.0,6.0,2.0,6.0,5.0,1.0,4.0,16.0,2.0,1.0,128.0,12.0,1.0,1.0,1.0,1.0,1.0,1.0,1.0,1.0,2.0,6.0,3.0,5.0,2.0,4.0,2.0,6.0,6.0,1.0,5.0,6.0,5.0,4.0,1.0,5.0,1.0,2.0,16.0,1.0,2.0,16.0,1.0,64.0,16.0,1.0,1.0,1.0,1.0,4.0,2.0,5.0,3.0,5.0,6.0,5.0,5.0,5.0,2.0,2.0,6.0,3.0,5.0,1.0,1.0,6.0,3.0,128.0,4.0,1.0,4.0,2.0,1.0,1.0,8.0,1.0,1.0,1.0,1.0,6.0,3.0,4.0,4.0,1.0,6.0,3.0,6.0,3.0,6.0,6.0,3.0,1.0,2.0,3.0,1.0,2.0,6.0,256.0,256.0,1.0,64.0,512.0,1.0,1.0,1.0,1.0,1.0,1.0,1.0,2.0,6.0,5.0,1.0,1.0,5.0,5.0,5.0,4.0,6.0,3.0,5.0,1.0,2.0,3.0,5.0,1.0,1.0,64.0,128.0,1.0,16.0,128.0,1.0,1.0,1.0,1.0,1.0,1.0,1.0,6.0,2.0,2.0,6.0,1.0,1.0,2.0,1.0,3.0,6.0,1.0,5.0,5.0,5.0,5.0,5.0,3.0,5.0,16.0,128.0,1.0,8.0,1.0,1.0,1.0,1.0,1.0,1.0,1.0,1.0,97910904.0,15064716.719999999,11089000.0,0.13085939999999996,26.0,514.0,6964.0,1475000032559114.8,25.616205000000004,25.623045,107.6,1477.6
256.0,128000.0,256.0,64.0,1.0,14.0,18.0,40.0,6.0,1.0,5.0,1.0,4.0,5.0,1.0,2.0,1.0,6.0,2.0,3.0,5.0,4.0,4.0,1.0,5.0,5.0,3.0,5.0,5.0,5.0,5.0,4.0,4.0,1.0,1.0,48.0,48.0,1.0,1.0,1.0,1.0,1.0,1.0,1.0,3.0,5.0,4.0,1.0,4.0,3.0,5.0,1.0,1.0,5.0,4.0,6.0,2.0,2.0,5.0,1.0,3.0,4.0,1.0,4.0,1.0,128.0,1.0,1.0,2.0,8.0,1.0,1.0,1.0,1.0,3.0,5.0,4.0,5.0,5.0,2.0,2.0,1.0,1.0,6.0,4.0,1.0,5.0,5.0,6.0,2.0,5.0,6.0,32.0,1.0,1.0,64.0,8.0,1.0,1.0,8.0,1.0,1.0,1.0,1.0,1.0,3.0,5.0,5.0,5.0,2.0,5.0,6.0,2.0,5.0,5.0,4.0,5.0,1.0,4.0,3.0,6.0,5.0,8.0,128.0,1.0,16.0,512.0,1.0,1.0,1.0,1.0,1.0,1.0,1.0,1.0,2.0,2.0,4.0,1.0,5.0,6.0,2.0,4.0,1.0,1.0,1.0,3.0,5.0,2.0,6.0,5.0,2.0,2.0,8.0,1.0,4.0,1.0,1.0,1.0,1.0,1.0,1.0,1.0,1.0,3.0,3.0,6.0,1.0,3.0,2.0,4.0,2.0,2.0,4.0,1.0,2.0,5.0,2.0,6.0,4.0,1.0,2.0,256.0,32.0,1.0,2.0,16.0,1.0,1.0,1.0,1.0,1.0,1.0,1.0,64488024.0,10898831.759999998,16945000.0,0.1982834,40.0,514.0,10576.0,702844124110842.1,33.47691999999999,29.4817775,107.6,2244.8
128.0,4096000.0,256.0,64.0,2.0,24.0,18.0,14.0,5.0,1.0,3.0,6.0,6.0,1.0,1.0,5.0,2.0,1.0,1.0,4.0,2.0,1.0,4.0,6.0,2.0,6.0,5.0,2.0,3.0,5.0,3.0,2.0,8.0,4.0,1.0,24.0,16.0,1.0,1.0,1.0,1.0,1.0,1.0,1.0,6.0,5.0,2.0,4.0,5.0,2.0,2.0,2.0,6.0,5.0,4.0,1.0,4.0,1.0,3.0,2.0,2.0,3.0,2.0,4.0,1.0,32.0,4.0,1.0,32.0,32.0,1.0,1.0,1.0,1.0,1.0,3.0,6.0,6.0,5.0,3.0,2.0,1.0,6.0,2.0,6.0,4.0,1.0,2.0,4.0,1.0,4.0,5.0,64.0,8.0,1.0,16.0,64.0,1.0,64.0,8.0,1.0,1.0,1.0,1.0,3.0,6.0,3.0,1.0,5.0,4.0,4.0,3.0,3.0,1.0,6.0,5.0,6.0,5.0,2.0,3.0,5.0,2.0,4.0,16.0,1.0,8.0,8.0,1.0,1.0,1.0,1.0,1.0,1.0,1.0,2.0,6.0,4.0,5.0,6.0,2.0,6.0,5.0,3.0,5.0,4.0,3.0,1.0,4.0,6.0,1.0,3.0,6.0,128.0,1.0,1.0,2048.0,4.0,1.0,1.0,1.0,1.0,1.0,1.0,1.0,1.0,2.0,2.0,6.0,4.0,1.0,2.0,4.0,6.0,5.0,4.0,4.0,1.0,2.0,2.0,3.0,4.0,3.0,512.0,64.0,1.0,32.0,64.0,1.0,1.0,1.0,1.0,1.0,1.0,1.0,2518527354.0,8526136.759999998,130034000.0,1.200527,252.0,514.0,28672.0,2.147330865400493e+16,1.0,0.32672712,107.6,2333.2
256000.0,16000000.0,256.0,64.0,3.0,42.0,8.0,42.0,6.0,1.0,2.0,2.0,5.0,6.0,2.0,2.0,6.0,6.0,5.0,2.0,4.0,4.0,5.0,1.0,2.0,1.0,1.0,2.0,4.0,4.0,1.0,3.0,128.0,4.0,1.0,12.0,96.0,1.0,1.0,1.0,1.0,1.0,1.0,1.0,5.0,2.0,5.0,3.0,2.0,2.0,4.0,6.0,4.0,5.0,1.0,4.0,6.0,4.0,3.0,3.0,3.0,4.0,1.0,8.0,1.0,1.0,64.0,1.0,16.0,16.0,1.0,1.0,1.0,1.0,4.0,3.0,3.0,4.0,5.0,3.0,4.0,3.0,1.0,6.0,3.0,1.0,4.0,5.0,1.0,4.0,2.0,1.0,32.0,4.0,1.0,8.0,2.0,1.0,32.0,64.0,1.0,1.0,1.0,1.0,1.0,4.0,2.0,5.0,3.0,6.0,3.0,2.0,3.0,1.0,5.0,2.0,2.0,3.0,6.0,1.0,5.0,5.0,4.0,128.0,1.0,8.0,2.0,1.0,1.0,1.0,1.0,1.0,1.0,1.0,5.0,4.0,5.0,3.0,4.0,3.0,3.0,6.0,6.0,5.0,4.0,4.0,1.0,5.0,3.0,2.0,1.0,2.0,64.0,32.0,1.0,128.0,1.0,1.0,1.0,1.0,1.0,1.0,1.0,1.0,3.0,2.0,3.0,1.0,4.0,1.0,6.0,1.0,6.0,4.0,3.0,4.0,5.0,6.0,6.0,1.0,3.0,4.0,1.0,64.0,1.0,1.0,512.0,1.0,1.0,1.0,1.0,1.0,1.0,1.0,346812774.0,3917574.5999999996,106916000000.0,152.785,14112.0,514.0,2752512.0,1358664914377940.2,7.2,0.07578125,107.6,184832.0
4096.0,4096000.0,256.0,64.0,2.0,34.0,6.0,26.0,2.0,6.0,4.0,2.0,1.0,6.0,4.0,2.0,5.0,1.0,3.0,6.0,6.0,6.0,2.0,3.0,3.0,3.0,1.0,3.0,5.0,1.0,1.0,2.0,2.0,128.0,1.0,16.0,2.0,1.0,1.0,1.0,1.0,1.0,1.0,1.0,2.0,1.0,2.0,4.0,4.0,2.0,6.0,2.0,3.0,6.0,1.0,3.0,2.0,6.0,2.0,3.0,3.0,1.0,4.0,32.0,1.0,8.0,16.0,1.0,32.0,2.0,1.0,1.0,1.0,1.0,1.0,3.0,5.0,3.0,5.0,3.0,6.0,3.0,4.0,5.0,3.0,2.0,1.0,1.0,6.0,5.0,1.0,3.0,4.0,128.0,1.0,4.0,4.0,1.0,4.0,4.0,1.0,1.0,1.0,1.0,3.0,1.0,4.0,4.0,6.0,5.0,6.0,2.0,6.0,6.0,3.0,4.0,2.0,1.0,2.0,2.0,2.0,3.0,16.0,16.0,1.0,1.0,16.0,1.0,1.0,1.0,1.0,1.0,1.0,1.0,4.0,5.0,1.0,3.0,6.0,4.0,2.0,2.0,4.0,3.0,5.0,6.0,1.0,6.0,1.0,6.0,5.0,2.0,8.0,128.0,1.0,1.0,16.0,1.0,1.0,1.0,1.0,1.0,1.0,1.0,4.0,5.0,3.0,6.0,6.0,3.0,2.0,5.0,3.0,3.0,3.0,5.0,5.0,5.0,5.0,5.0,4.0,5.0,2048.0,32.0,1.0,512.0,256.0,1.0,1.0,1.0,1.0,1.0,1.0,1.0,691127712.0,5948648.440000001,73157800.0,0.7559181000000001,156.0,514.0,106496.0,4111275785829570.0,5.263753500000002,1.5882419999999997,107.6,6384.8
4096.0,64000.0,256.0,64.0,1.0,42.0,12.0,18.0,4.0,1.0,3.0,2.0,1.0,4.0,4.0,5.0,5.0,6.0,3.0,4.0,1.0,1.0,2.0,3.0,6.0,4.0,6.0,6.0,2.0,1.0,1.0,6.0,32.0,256.0,1.0,384.0,256.0,1.0,1.0,1.0,1.0,1.0,1.0,1.0,5.0,5.0,5.0,4.0,1.0,3.0,3.0,2.0,6.0,3.0,3.0,3.0,5.0,6.0,3.0,3.0,2.0,1.0,4.0,1.0,1.0,8.0,4.0,1.0,16.0,2.0,1.0,1.0,1.0,1.0,2.0,5.0,6.0,2.0,4.0,5.0,2.0,6.0,4.0,6.0,4.0,2.0,5.0,1.0,5.0,6.0,6.0,4.0,128.0,8.0,1.0,4.0,128.0,1.0,64.0,16.0,1.0,1.0,1.0,1.0,1.0,5.0,4.0,2.0,4.0,2.0,6.0,1.0,2.0,2.0,4.0,4.0,5.0,1.0,3.0,3.0,3.0,5.0,32.0,1.0,1.0,512.0,64.0,1.0,1.0,1.0,1.0,1.0,1.0,1.0,5.0,2.0,2.0,4.0,5.0,6.0,6.0,3.0,2.0,5.0,6.0,1.0,1.0,1.0,6.0,2.0,2.0,2.0,4.0,256.0,1.0,32.0,8.0,1.0,1.0,1.0,1.0,1.0,1.0,1.0,1.0,4.0,5.0,3.0,3.0,3.0,2.0,5.0,4.0,5.0,5.0,6.0,1.0,2.0,4.0,6.0,5.0,5.0,1024.0,4.0,1.0,128.0,4.0,1.0,1.0,1.0,1.0,1.0,1.0,1.0,142344528.0,8889747.120000001,7832460.0,0.09257619999999997,18.0,514.0,4900.0,1265406857835759.5,16.346525,13.887191000000001,107.6,1039.2
512000.0,512000.0,256.0,64.0,1.0,16.0,8.0,30.0,4.0,4.0,4.0,1.0,2.0,2.0,6.0,5.0,4.0,3.0,1.0,6.0,5.0,2.0,3.0,2.0,2.0,6.0,4.0,5.0,2.0,1.0,4.0,1.0,512.0,8.0,1.0,8.0,384.0,1.0,1.0,1.0,1.0,1.0,1.0,1.0,3.0,6.0,4.0,3.0,5.0,5.0,2.0,6.0,2.0,4.0,1.0,5.0,5.0,4.0,5.0,5.0,6.0,1.0,4.0,32.0,1.0,16.0,16.0,1.0,8.0,32.0,1.0,1.0,1.0,1.0,1.0,1.0,1.0,1.0,5.0,1.0,4.0,6.0,1.0,6.0,2.0,5.0,2.0,3.0,5.0,4.0,2.0,2.0,128.0,2.0,1.0,4.0,8.0,1.0,64.0,64.0,1.0,1.0,1.0,1.0,4.0,1.0,6.0,3.0,3.0,6.0,6.0,4.0,2.0,1.0,6.0,2.0,4.0,2.0,5.0,6.0,1.0,2.0,8.0,32.0,1.0,128.0,64.0,1.0,1.0,1.0,1.0,1.0,1.0,1.0,3.0,4.0,1.0,6.0,5.0,3.0,3.0,1.0,6.0,5.0,2.0,1.0,1.0,6.0,6.0,6.0,5.0,3.0,64.0,512.0,1.0,1024.0,128.0,1.0,1.0,1.0,1.0,1.0,1.0,1.0,6.0,1.0,3.0,6.0,6.0,6.0,6.0,2.0,5.0,5.0,4.0,3.0,5.0,4.0,6.0,4.0,5.0,1.0,16.0,2.0,1.0,32.0,4.0,1.0,1.0,1.0,1.0,1.0,1.0,1.0,88080864.0,11306072.04,12741800.0,0.1501036,30.0,514.0,7996.0,995848593729442.5,24.524040000000007,29.423978499999997,107.6,1696.8
32000.0,32000000.0,256.0,64.0,2.0,40.0,28.0,14.0,6.0,3.0,5.0,1.0,4.0,5.0,1.0,3.0,6.0,6.0,6.0,4.0,3.0,6.0,1.0,3.0,1.0,2.0,2.0,2.0,6.0,4.0,5.0,6.0,128.0,256.0,1.0,192.0,12.0,1.0,1.0,1.0,1.0,1.0,1.0,1.0,2.0,4.0,4.0,5.0,1.0,2.0,6.0,1.0,2.0,4.0,2.0,5.0,6.0,5.0,2.0,5.0,5.0,6.0,64.0,2.0,1.0,1.0,32.0,1.0,2.0,64.0,1.0,1.0,1.0,1.0,3.0,1.0,4.0,4.0,5.0,3.0,5.0,6.0,4.0,4.0,4.0,3.0,3.0,1.0,6.0,4.0,3.0,2.0,64.0,128.0,1.0,1.0,128.0,1.0,1.0,64.0,1.0,1.0,1.0,1.0,3.0,6.0,6.0,3.0,6.0,5.0,5.0,3.0,5.0,5.0,2.0,4.0,6.0,2.0,4.0,5.0,6.0,5.0,256.0,512.0,1.0,128.0,256.0,1.0,1.0,1.0,1.0,1.0,1.0,1.0,6.0,6.0,4.0,1.0,3.0,6.0,5.0,6.0,2.0,3.0,5.0,5.0,6.0,5.0,5.0,3.0,1.0,3.0,32.0,512.0,1.0,1.0,256.0,1.0,1.0,1.0,1.0,1.0,1.0,1.0,6.0,6.0,5.0,1.0,4.0,1.0,1.0,4.0,3.0,6.0,2.0,4.0,6.0,2.0,3.0,2.0,5.0,6.0,2048.0,8.0,1.0,256.0,64.0,1.0,1.0,1.0,1.0,1.0,1.0,1.0,361386468.0,4311594.1899999995,229855000.0,1.9935349999999996,392.0,514.0,294912.0,1558151795773420.8,15.979999999999999,5.115328849999999,107.6,34146.4
256.0,4096000.0,256.0,64.0,2.0,30.0,4.0,46.0,6.0,6.0,5.0,4.0,4.0,3.0,6.0,1.0,3.0,3.0,3.0,5.0,5.0,2.0,6.0,2.0,1.0,3.0,3.0,2.0,3.0,6.0,6.0,6.0,256.0,32.0,1.0,8.0,8.0,1.0,1.0,1.0,1.0,1.0,1.0,1.0,6.0,3.0,6.0,4.0,4.0,1.0,6.0,2.0,2.0,5.0,6.0,3.0,2.0,6.0,6.0,2.0,6.0,6.0,32.0,2.0,1.0,2.0,64.0,1.0,128.0,64.0,1.0,1.0,1.0,1.0,4.0,3.0,6.0,6.0,5.0,4.0,1.0,2.0,4.0,2.0,4.0,2.0,1.0,1.0,4.0,1.0,3.0,3.0,16.0,16.0,1.0,128.0,4.0,1.0,2.0,16.0,1.0,1.0,1.0,1.0,3.0,1.0,5.0,3.0,5.0,3.0,2.0,6.0,4.0,2.0,1.0,5.0,5.0,6.0,6.0,5.0,6.0,2.0,2.0,32.0,1.0,8.0,128.0,1.0,1.0,1.0,1.0,1.0,1.0,1.0,1.0,2.0,4.0,1.0,5.0,1.0,3.0,1.0,6.0,6.0,2.0,2.0,2.0,2.0,4.0,1.0,6.0,1.0,256.0,2.0,1.0,1024.0,1.0,1.0,1.0,1.0,1.0,1.0,1.0,1.0,5.0,2.0,5.0,2.0,2.0,2.0,3.0,3.0,2.0,1.0,5.0,6.0,1.0,3.0,4.0,2.0,3.0,6.0,8.0,2048.0,1.0,2.0,4.0,1.0,1.0,1.0,1.0,1.0,1.0,1.0,337655082.0,4901599.879999999,88771500.0,0.8787144000000001,184.0,514.0,36864.0,1655050109412589.8,13.4,5.11875205,107.6,3450.4
32000.0,256000.0,256.0,64.0,1.0,14.0,12.0,2.0,3.0,6.0,2.0,3.0,4.0,2.0,4.0,6.0,6.0,6.0,2.0,5.0,6.0,1.0,3.0,1.0,6.0,6.0,6.0,5.0,2.0,3.0,1.0,3.0,256.0,64.0,1.0,384.0,384.0,1.0,1.0,1.0,1.0,1.0,1.0,1.0,1.0,6.0,6.0,2.0,5.0,1.0,2.0,6.0,5.0,6.0,6.0,2.0,6.0,1.0,4.0,6.0,5.0,6.0,64.0,16.0,1.0,8.0,8.0,1.0,2.0,16.0,1.0,1.0,1.0,1.0,2.0,3.0,1.0,4.0,6.0,6.0,2.0,3.0,1.0,2.0,3.0,2.0,2.0,4.0,3.0,1.0,3.0,5.0,2.0,8.0,1.0,32.0,4.0,1.0,8.0,16.0,1.0,1.0,1.0,1.0,6.0,6.0,5.0,1.0,6.0,4.0,6.0,1.0,6.0,1.0,2.0,5.0,1.0,2.0,4.0,6.0,3.0,1.0,32.0,1.0,1.0,8.0,16.0,1.0,1.0,1.0,1.0,1.0,1.0,1.0,2.0,5.0,3.0,4.0,4.0,4.0,3.0,6.0,4.0,2.0,3.0,6.0,4.0,6.0,6.0,3.0,4.0,3.0,4.0,512.0,1.0,1024.0,2.0,1.0,1.0,1.0,1.0,1.0,1.0,1.0,2.0,1.0,6.0,2.0,6.0,2.0,6.0,6.0,2.0,2.0,3.0,1.0,4.0,1.0,3.0,2.0,4.0,3.0,64.0,8.0,1.0,8.0,128.0,1.0,1.0,1.0,1.0,1.0,1.0,1.0,1258291320.0,17787444.0,1518290.0,0.01601062,2.0,514.0,772.0,2.238178639018608e+16,2.0,2.396924,107.6,162.4
512.0,32000000.0,256.0,64.0,1.0,26.0,22.0,38.0,3.0,5.0,5.0,4.0,6.0,2.0,1.0,6.0,4.0,2.0,4.0,1.0,4.0,5.0,2.0,5.0,1.0,3.0,4.0,1.0,3.0,4.0,5.0,5.0,4.0,8.0,1.0,1536.0,24.0,1.0,1.0,1.0,1.0,1.0,1.0,1.0,3.0,2.0,6.0,2.0,4.0,4.0,5.0,1.0,1.0,4.0,3.0,5.0,5.0,1.0,5.0,1.0,1.0,1.0,1.0,4.0,1.0,16.0,8.0,1.0,32.0,64.0,1.0,1.0,1.0,1.0,3.0,5.0,5.0,5.0,4.0,3.0,6.0,4.0,2.0,3.0,1.0,2.0,4.0,2.0,2.0,3.0,4.0,5.0,128.0,4.0,1.0,2.0,4.0,1.0,8.0,32.0,1.0,1.0,1.0,1.0,5.0,2.0,1.0,5.0,4.0,3.0,6.0,4.0,4.0,2.0,6.0,3.0,3.0,2.0,4.0,3.0,4.0,2.0,16.0,1.0,1.0,512.0,128.0,1.0,1.0,1.0,1.0,1.0,1.0,1.0,6.0,1.0,4.0,1.0,1.0,3.0,4.0,3.0,6.0,1.0,1.0,3.0,3.0,6.0,2.0,6.0,3.0,6.0,4.0,128.0,1.0,16.0,8.0,1.0,1.0,1.0,1.0,1.0,1.0,1.0,2.0,3.0,2.0,1.0,1.0,4.0,3.0,3.0,4.0,3.0,6.0,6.0,5.0,5.0,6.0,3.0,1.0,5.0,8.0,32.0,1.0,256.0,8.0,1.0,1.0,1.0,1.0,1.0,1.0,1.0,2516582520.0,19082018.4,16095200.0,0.18164519999999992,38.0,514.0,514.0,4.802147395175837e+16,1.0,1.0004629999999997,107.6,107.6
256.0,32000.0,256.0,64.0,3.0,38.0,42.0,16.0,6.0,5.0,5.0,6.0,1.0,1.0,3.0,6.0,6.0,6.0,6.0,5.0,6.0,5.0,5.0,3.0,4.0,5.0,3.0,3.0,1.0,5.0,6.0,4.0,8.0,128.0,1.0,24.0,48.0,1.0,1.0,1.0,1.0,1.0,1.0,1.0,2.0,1.0,3.0,6.0,6.0,3.0,4.0,2.0,2.0,5.0,4.0,4.0,5.0,2.0,2.0,3.0,1.0,2.0,64.0,1.0,1.0,2.0,4.0,1.0,2.0,128.0,1.0,1.0,1.0,1.0,6.0,1.0,6.0,6.0,3.0,6.0,4.0,1.0,6.0,4.0,6.0,2.0,3.0,6.0,4.0,5.0,6.0,1.0,1.0,1.0,1.0,128.0,8.0,1.0,32.0,8.0,1.0,1.0,1.0,1.0,1.0,6.0,1.0,3.0,3.0,5.0,2.0,5.0,4.0,5.0,6.0,4.0,2.0,5.0,1.0,5.0,4.0,1.0,1.0,32.0,1.0,8.0,512.0,1.0,1.0,1.0,1.0,1.0,1.0,1.0,3.0,1.0,1.0,3.0,5.0,2.0,5.0,4.0,5.0,4.0,3.0,6.0,6.0,2.0,4.0,2.0,2.0,1.0,256.0,8.0,1.0,64.0,1.0,1.0,1.0,1.0,1.0,1.0,1.0,1.0,2.0,6.0,2.0,4.0,6.0,4.0,1.0,3.0,3.0,2.0,3.0,4.0,4.0,1.0,4.0,5.0,6.0,1.0,32.0,1024.0,1.0,256.0,2.0,1.0,1.0,1.0,1.0,1.0,1.0,1.0,656603586.0,3905434.76,342131000000.0,403.66145,25536.0,514.0,1638400.0,2564322468305049.0,112.3,3.3640625,107.6,156825.6
2048.0,32000000.0,256.0,64.0,1.0,40.0,28.0,38.0,1.0,5.0,3.0,6.0,4.0,2.0,4.0,3.0,4.0,1.0,4.0,3.0,1.0,2.0,1.0,4.0,6.0,3.0,1.0,6.0,2.0,3.0,6.0,4.0,4.0,32.0,1.0,768.0,512.0,1.0,1.0,1.0,1.0,1.0,1.0,1.0,6.0,1.0,3.0,4.0,1.0,6.0,4.0,6.0,3.0,1.0,5.0,2.0,3.0,6.0,2.0,6.0,1.0,5.0,16.0,32.0,1.0,4.0,4.0,1.0,4.0,4.0,1.0,1.0,1.0,1.0,5.0,4.0,4.0,3.0,2.0,3.0,5.0,4.0,3.0,5.0,6.0,6.0,6.0,2.0,4.0,2.0,5.0,1.0,8.0,1.0,1.0,4.0,32.0,1.0,64.0,8.0,1.0,1.0,1.0,1.0,3.0,4.0,6.0,3.0,2.0,5.0,1.0,6.0,4.0,1.0,3.0,2.0,5.0,4.0,3.0,3.0,6.0,1.0,2.0,8.0,1.0,1.0,1.0,1.0,1.0,1.0,1.0,1.0,1.0,1.0,4.0,6.0,5.0,4.0,3.0,5.0,6.0,3.0,6.0,2.0,6.0,1.0,4.0,1.0,1.0,4.0,2.0,2.0,128.0,32.0,1.0,64.0,2048.0,1.0,1.0,1.0,1.0,1.0,1.0,1.0,5.0,3.0,4.0,6.0,1.0,3.0,3.0,1.0,4.0,1.0,4.0,6.0,5.0,2.0,4.0,2.0,2.0,1.0,4.0,16.0,1.0,16.0,512.0,1.0,1.0,1.0,1.0,1.0,1.0,1.0,2516582520.0,18146133.6,16095200.0,0.18164519999999992,38.0,514.0,514.0,4.566624262334467e+16,1.0,1.003515,107.6,107.6
2048000.0,32000000.0,256.0,64.0,1.0,48.0,6.0,8.0,3.0,1.0,3.0,6.0,4.0,3.0,2.0,4.0,1.0,6.0,1.0,4.0,3.0,4.0,6.0,4.0,6.0,1.0,5.0,4.0,2.0,1.0,5.0,4.0,256.0,64.0,1.0,192.0,768.0,1.0,1.0,1.0,1.0,1.0,1.0,1.0,4.0,1.0,6.0,1.0,5.0,5.0,5.0,6.0,5.0,2.0,6.0,1.0,5.0,2.0,5.0,5.0,1.0,4.0,4.0,64.0,1.0,4.0,128.0,1.0,16.0,32.0,1.0,1.0,1.0,1.0,3.0,1.0,2.0,6.0,1.0,1.0,6.0,2.0,3.0,5.0,3.0,5.0,6.0,1.0,6.0,4.0,3.0,6.0,2.0,32.0,1.0,2.0,32.0,1.0,8.0,16.0,1.0,1.0,1.0,1.0,5.0,4.0,3.0,2.0,3.0,2.0,3.0,1.0,1.0,1.0,6.0,6.0,4.0,5.0,5.0,2.0,5.0,4.0,128.0,128.0,1.0,16.0,32.0,1.0,1.0,1.0,1.0,1.0,1.0,1.0,6.0,6.0,2.0,6.0,1.0,3.0,3.0,6.0,5.0,2.0,6.0,3.0,2.0,6.0,6.0,1.0,5.0,6.0,64.0,16.0,1.0,1.0,16.0,1.0,1.0,1.0,1.0,1.0,1.0,1.0,3.0,2.0,4.0,4.0,5.0,4.0,5.0,6.0,5.0,3.0,3.0,4.0,1.0,6.0,2.0,4.0,5.0,1.0,256.0,64.0,1.0,256.0,8.0,1.0,1.0,1.0,1.0,1.0,1.0,1.0,2516582520.0,23766824.400000006,3853260.0,0.04339928,8.0,514.0,514.0,5.98111748409495e+16,1.0,1.0012419999999997,107.6,107.6
256.0,8192000.0,256.0,64.0,1.0,12.0,46.0,42.0,5.0,3.0,3.0,4.0,1.0,4.0,6.0,4.0,2.0,6.0,2.0,5.0,1.0,5.0,5.0,1.0,5.0,5.0,5.0,6.0,4.0,3.0,2.0,5.0,4.0,512.0,1.0,64.0,96.0,1.0,1.0,1.0,1.0,1.0,1.0,1.0,3.0,2.0,3.0,3.0,5.0,6.0,1.0,3.0,5.0,4.0,5.0,4.0,5.0,3.0,2.0,1.0,4.0,3.0,16.0,4.0,1.0,4.0,64.0,1.0,2.0,8.0,1.0,1.0,1.0,1.0,5.0,6.0,6.0,3.0,3.0,5.0,2.0,4.0,5.0,4.0,1.0,6.0,2.0,4.0,2.0,1.0,5.0,4.0,16.0,128.0,1.0,1.0,64.0,1.0,16.0,1.0,1.0,1.0,1.0,1.0,4.0,1.0,5.0,6.0,4.0,3.0,3.0,3.0,1.0,6.0,2.0,3.0,4.0,1.0,4.0,4.0,6.0,1.0,8.0,32.0,1.0,8.0,256.0,1.0,1.0,1.0,1.0,1.0,1.0,1.0,1.0,6.0,4.0,6.0,4.0,6.0,5.0,3.0,4.0,1.0,2.0,6.0,4.0,2.0,6.0,4.0,4.0,3.0,2.0,1.0,1.0,16.0,1024.0,1.0,1.0,1.0,1.0,1.0,1.0,1.0,1.0,4.0,1.0,1.0,6.0,5.0,4.0,4.0,1.0,2.0,1.0,4.0,6.0,4.0,6.0,1.0,3.0,5.0,8.0,4.0,1.0,16.0,512.0,1.0,1.0,1.0,1.0,1.0,1.0,1.0,63308400.0,7420469.520000001,17797900.0,0.20792899999999997,42.0,514.0,11092.0,469778052559968.06,33.597485,27.720168000000005,107.6,2354.4
64000.0,8192000.0,256.0,64.0,1.0,2.0,2.0,8.0,4.0,4.0,3.0,1.0,1.0,4.0,3.0,1.0,6.0,6.0,2.0,1.0,2.0,3.0,2.0,6.0,2.0,3.0,2.0,1.0,3.0,1.0,1.0,2.0,32.0,16.0,1.0,4.0,64.0,1.0,1.0,1.0,1.0,1.0,1.0,1.0,2.0,1.0,2.0,5.0,3.0,4.0,1.0,1.0,2.0,6.0,6.0,1.0,2.0,6.0,1.0,1.0,4.0,4.0,1.0,2.0,1.0,1.0,64.0,1.0,2.0,32.0,1.0,1.0,1.0,1.0,1.0,1.0,6.0,6.0,6.0,6.0,5.0,3.0,2.0,4.0,1.0,6.0,4.0,4.0,1.0,6.0,3.0,1.0,32.0,64.0,1.0,4.0,2.0,1.0,1.0,2.0,1.0,1.0,1.0,1.0,3.0,6.0,6.0,6.0,5.0,1.0,6.0,2.0,3.0,1.0,6.0,4.0,4.0,2.0,5.0,3.0,2.0,1.0,1.0,32.0,1.0,128.0,4.0,1.0,1.0,1.0,1.0,1.0,1.0,1.0,2.0,6.0,6.0,6.0,1.0,4.0,4.0,2.0,1.0,3.0,4.0,4.0,1.0,3.0,3.0,6.0,1.0,4.0,4.0,4.0,1.0,8.0,2048.0,1.0,1.0,1.0,1.0,1.0,1.0,1.0,3.0,3.0,5.0,3.0,6.0,2.0,3.0,3.0,5.0,3.0,3.0,4.0,1.0,5.0,3.0,5.0,4.0,6.0,32.0,256.0,1.0,512.0,8.0,1.0,1.0,1.0,1.0,1.0,1.0,1.0,314573016.0,13343131.2,3853450.0,0.044722700000000004,8.0,514.0,2320.0,4197389024467699.0,8.0,7.322567,107.6,491.2
1024000.0,64000.0,256.0,64.0,1.0,8.0,26.0,2.0,3.0,5.0,5.0,3.0,6.0,2.0,4.0,4.0,5.0,5.0,1.0,1.0,3.0,1.0,4.0,1.0,5.0,2.0,3.0,5.0,3.0,3.0,1.0,3.0,32.0,256.0,1.0,12.0,16.0,1.0,1.0,1.0,1.0,1.0,1.0,1.0,3.0,2.0,5.0,5.0,4.0,3.0,5.0,5.0,3.0,3.0,2.0,2.0,4.0,2.0,2.0,4.0,2.0,6.0,1.0,16.0,1.0,8.0,4.0,1.0,32.0,8.0,1.0,1.0,1.0,1.0,6.0,5.0,4.0,6.0,1.0,1.0,3.0,1.0,2.0,4.0,2.0,3.0,6.0,6.0,3.0,3.0,3.0,6.0,1.0,128.0,1.0,1.0,4.0,1.0,1.0,2.0,1.0,1.0,1.0,1.0,5.0,4.0,6.0,1.0,3.0,3.0,2.0,2.0,3.0,3.0,5.0,1.0,1.0,6.0,3.0,5.0,4.0,2.0,8.0,512.0,1.0,128.0,2.0,1.0,1.0,1.0,1.0,1.0,1.0,1.0,2.0,2.0,2.0,3.0,1.0,6.0,2.0,2.0,6.0,3.0,2.0,2.0,1.0,1.0,2.0,6.0,2.0,6.0,64.0,16.0,1.0,512.0,2.0,1.0,1.0,1.0,1.0,1.0,1.0,1.0,1.0,4.0,6.0,5.0,1.0,2.0,5.0,1.0,5.0,5.0,1.0,4.0,6.0,3.0,4.0,1.0,4.0,1.0,8.0,32.0,1.0,1.0,16.0,1.0,1.0,1.0,1.0,1.0,1.0,1.0,2516582520.0,19080200.400000002,1518260.0,0.015821560000000002,2.0,514.0,514.0,4.8016898804737016e+16,1.0,1.0008519999999996,107.6,107.6
64000.0,32000000.0,256.0,64.0,2.0,36.0,34.0,10.0,5.0,5.0,5.0,4.0,2.0,4.0,5.0,2.0,1.0,3.0,3.0,6.0,2.0,4.0,5.0,3.0,3.0,1.0,4.0,1.0,1.0,1.0,4.0,5.0,32.0,2.0,1.0,768.0,6.0,1.0,1.0,1.0,1.0,1.0,1.0,1.0,5.0,3.0,1.0,2.0,2.0,4.0,3.0,2.0,5.0,1.0,4.0,2.0,2.0,6.0,4.0,3.0,5.0,2.0,8.0,16.0,1.0,16.0,4.0,1.0,1.0,128.0,1.0,1.0,1.0,1.0,1.0,1.0,4.0,2.0,5.0,6.0,2.0,6.0,5.0,5.0,4.0,6.0,1.0,2.0,3.0,5.0,4.0,3.0,4.0,4.0,1.0,128.0,128.0,1.0,1.0,32.0,1.0,1.0,1.0,1.0,5.0,3.0,4.0,6.0,1.0,1.0,3.0,6.0,4.0,1.0,3.0,3.0,4.0,2.0,2.0,3.0,4.0,3.0,128.0,64.0,1.0,512.0,8.0,1.0,1.0,1.0,1.0,1.0,1.0,1.0,5.0,4.0,6.0,2.0,2.0,4.0,2.0,6.0,6.0,5.0,3.0,4.0,2.0,6.0,5.0,6.0,1.0,6.0,2.0,512.0,1.0,1024.0,256.0,1.0,1.0,1.0,1.0,1.0,1.0,1.0,5.0,6.0,6.0,2.0,1.0,5.0,5.0,2.0,5.0,6.0,3.0,1.0,6.0,2.0,6.0,1.0,3.0,2.0,8.0,2.0,1.0,4.0,8.0,1.0,1.0,1.0,1.0,1.0,1.0,1.0,17543892.0,4687425.32,190441000.0,1.7181340000000003,340.0,514.0,141312.0,82235683572145.44,173.99110000000005,15.845048749999997,107.6,28461.6
32000.0,256000.0,256.0,64.0,3.0,24.0,36.0,12.0,2.0,2.0,3.0,6.0,3.0,2.0,6.0,4.0,4.0,6.0,5.0,5.0,3.0,5.0,4.0,4.0,4.0,1.0,4.0,3.0,6.0,2.0,4.0,1.0,512.0,512.0,1.0,768.0,8.0,1.0,1.0,1.0,1.0,1.0,1.0,1.0,2.0,6.0,5.0,6.0,5.0,6.0,5.0,1.0,1.0,4.0,2.0,4.0,2.0,1.0,5.0,3.0,6.0,3.0,2.0,32.0,1.0,16.0,2.0,1.0,2.0,16.0,1.0,1.0,1.0,1.0,6.0,2.0,1.0,1.0,3.0,5.0,2.0,1.0,5.0,2.0,6.0,1.0,1.0,5.0,1.0,5.0,2.0,6.0,1.0,128.0,1.0,4.0,2.0,1.0,2.0,4.0,1.0,1.0,1.0,1.0,3.0,4.0,6.0,6.0,4.0,3.0,4.0,1.0,4.0,6.0,1.0,1.0,1.0,5.0,5.0,1.0,5.0,5.0,8.0,256.0,1.0,1.0,1.0,1.0,1.0,1.0,1.0,1.0,1.0,1.0,5.0,3.0,5.0,1.0,3.0,6.0,4.0,2.0,2.0,4.0,4.0,3.0,4.0,4.0,5.0,1.0,6.0,4.0,1.0,64.0,1.0,16.0,512.0,1.0,1.0,1.0,1.0,1.0,1.0,1.0,1.0,4.0,6.0,1.0,5.0,3.0,2.0,4.0,6.0,6.0,5.0,4.0,1.0,3.0,4.0,1.0,6.0,5.0,128.0,4.0,1.0,64.0,8.0,1.0,1.0,1.0,1.0,1.0,1.0,1.0,2455322502.0,4578532.42,58769000000.0,95.03442000000001,10368.0,514.0,1114112.0,1.1241773676962514e+16,4.2,0.44018545000000003,107.6,74803.2
4096.0,32000000.0,256.0,64.0,3.0,14.0,4.0,48.0,5.0,3.0,5.0,3.0,3.0,5.0,6.0,2.0,4.0,3.0,2.0,1.0,2.0,2.0,1.0,2.0,1.0,1.0,5.0,1.0,3.0,4.0,1.0,5.0,2.0,1.0,1.0,256.0,16.0,1.0,1.0,1.0,1.0,1.0,1.0,1.0,1.0,2.0,3.0,6.0,2.0,4.0,2.0,6.0,1.0,5.0,3.0,6.0,1.0,4.0,4.0,1.0,1.0,6.0,32.0,16.0,1.0,4.0,64.0,1.0,64.0,1.0,1.0,1.0,1.0,1.0,2.0,5.0,5.0,4.0,4.0,5.0,6.0,2.0,6.0,1.0,1.0,4.0,5.0,4.0,4.0,2.0,2.0,5.0,1.0,4.0,1.0,32.0,128.0,1.0,1.0,4.0,1.0,1.0,1.0,1.0,5.0,6.0,2.0,4.0,5.0,4.0,1.0,3.0,3.0,2.0,6.0,6.0,6.0,4.0,4.0,1.0,6.0,4.0,32.0,8.0,1.0,512.0,512.0,1.0,1.0,1.0,1.0,1.0,1.0,1.0,4.0,2.0,4.0,1.0,2.0,1.0,6.0,2.0,2.0,5.0,5.0,1.0,6.0,3.0,1.0,2.0,1.0,5.0,2.0,8.0,1.0,128.0,32.0,1.0,1.0,1.0,1.0,1.0,1.0,1.0,2.0,6.0,4.0,2.0,6.0,6.0,2.0,3.0,4.0,3.0,1.0,2.0,2.0,5.0,6.0,2.0,6.0,1.0,16.0,64.0,1.0,128.0,1.0,1.0,1.0,1.0,1.0,1.0,1.0,1.0,216098208.0,4081914.0600000005,4716770000.0,15.824039999999998,2688.0,514.0,704512.0,882094313576004.6,22.513699999999996,2.6197272,107.6,84812.8
256000.0,2048000.0,256.0,64.0,2.0,48.0,12.0,24.0,6.0,6.0,6.0,4.0,6.0,3.0,5.0,6.0,5.0,3.0,2.0,5.0,5.0,5.0,2.0,1.0,4.0,6.0,4.0,6.0,2.0,3.0,6.0,2.0,4.0,16.0,1.0,16.0,768.0,1.0,1.0,1.0,1.0,1.0,1.0,1.0,5.0,6.0,5.0,3.0,6.0,2.0,3.0,6.0,1.0,2.0,4.0,3.0,4.0,4.0,2.0,1.0,5.0,6.0,16.0,4.0,1.0,64.0,64.0,1.0,32.0,4.0,1.0,1.0,1.0,1.0,4.0,3.0,5.0,2.0,2.0,3.0,2.0,5.0,3.0,1.0,1.0,2.0,5.0,2.0,4.0,4.0,6.0,2.0,32.0,1.0,1.0,16.0,4.0,1.0,2.0,4.0,1.0,1.0,1.0,1.0,5.0,1.0,4.0,4.0,5.0,4.0,3.0,6.0,5.0,6.0,5.0,6.0,1.0,6.0,2.0,1.0,6.0,4.0,64.0,8.0,1.0,256.0,16.0,1.0,1.0,1.0,1.0,1.0,1.0,1.0,5.0,4.0,4.0,1.0,6.0,3.0,5.0,3.0,1.0,5.0,1.0,2.0,5.0,2.0,5.0,2.0,3.0,5.0,32.0,32.0,1.0,4.0,2.0,1.0,1.0,1.0,1.0,1.0,1.0,1.0,2.0,1.0,5.0,2.0,4.0,6.0,5.0,4.0,1.0,5.0,5.0,5.0,4.0,2.0,4.0,4.0,5.0,3.0,1024.0,4.0,1.0,4.0,128.0,1.0,1.0,1.0,1.0,1.0,1.0,1.0,73654158.0,4277322.12,153795000.0,1.404706,288.0,514.0,100352.0,315042559243374.94,107.90884499999996,12.0574453,107.6,11065.6
32000.0,16000.0,256.0,64.0,3.0,4.0,4.0,26.0,3.0,3.0,2.0,6.0,3.0,1.0,5.0,6.0,2.0,3.0,6.0,3.0,6.0,4.0,5.0,5.0,1.0,1.0,1.0,1.0,1.0,1.0,3.0,5.0,1.0,512.0,1.0,192.0,48.0,1.0,1.0,1.0,1.0,1.0,1.0,1.0,5.0,4.0,4.0,4.0,3.0,6.0,5.0,6.0,4.0,5.0,4.0,6.0,3.0,3.0,3.0,5.0,6.0,1.0,32.0,1.0,1.0,4.0,16.0,1.0,64.0,1.0,1.0,1.0,1.0,1.0,4.0,2.0,2.0,3.0,6.0,6.0,3.0,3.0,6.0,5.0,1.0,5.0,6.0,3.0,1.0,4.0,3.0,1.0,64.0,64.0,1.0,64.0,4.0,1.0,16.0,32.0,1.0,1.0,1.0,1.0,1.0,1.0,2.0,4.0,1.0,4.0,6.0,6.0,1.0,2.0,2.0,6.0,1.0,6.0,4.0,6.0,6.0,4.0,16.0,4.0,1.0,256.0,16.0,1.0,1.0,1.0,1.0,1.0,1.0,1.0,2.0,6.0,2.0,6.0,4.0,5.0,2.0,4.0,2.0,3.0,6.0,5.0,2.0,6.0,3.0,6.0,3.0,5.0,1.0,8.0,1.0,8.0,64.0,1.0,1.0,1.0,1.0,1.0,1.0,1.0,6.0,1.0,1.0,6.0,2.0,1.0,3.0,1.0,4.0,6.0,3.0,4.0,3.0,6.0,2.0,6.0,2.0,3.0,2048.0,2.0,1.0,512.0,128.0,1.0,1.0,1.0,1.0,1.0,1.0,1.0,61667796.0,4457654.9399999995,249224000.0,2.583673,416.0,514.0,2752512.0,274893755478312.22,22.720000000000002,0.5324705000000001,107.6,170752.0
256000.0,16000.0,256.0,64.0,3.0,42.0,30.0,48.0,3.0,5.0,6.0,2.0,4.0,2.0,1.0,1.0,2.0,5.0,1.0,5.0,6.0,4.0,2.0,3.0,5.0,3.0,1.0,5.0,5.0,3.0,3.0,3.0,8.0,16.0,1.0,16.0,192.0,1.0,1.0,1.0,1.0,1.0,1.0,1.0,2.0,5.0,6.0,1.0,3.0,5.0,1.0,5.0,6.0,2.0,3.0,2.0,1.0,5.0,6.0,6.0,5.0,2.0,32.0,8.0,1.0,8.0,4.0,1.0,4.0,32.0,1.0,1.0,1.0,1.0,3.0,2.0,4.0,6.0,1.0,4.0,2.0,5.0,3.0,2.0,4.0,3.0,2.0,2.0,2.0,4.0,3.0,6.0,1.0,4.0,1.0,32.0,2.0,1.0,64.0,64.0,1.0,1.0,1.0,1.0,2.0,1.0,4.0,3.0,2.0,1.0,1.0,1.0,4.0,3.0,2.0,1.0,5.0,1.0,4.0,5.0,1.0,5.0,128.0,16.0,1.0,512.0,64.0,1.0,1.0,1.0,1.0,1.0,1.0,1.0,3.0,1.0,2.0,4.0,1.0,4.0,6.0,6.0,5.0,1.0,3.0,6.0,5.0,1.0,4.0,3.0,2.0,2.0,2.0,16.0,1.0,8.0,1024.0,1.0,1.0,1.0,1.0,1.0,1.0,1.0,3.0,6.0,1.0,4.0,5.0,6.0,2.0,5.0,5.0,5.0,4.0,1.0,2.0,3.0,5.0,4.0,2.0,2.0,8.0,64.0,1.0,1.0,1.0,1.0,1.0,1.0,1.0,1.0,1.0,1.0,923097342.0,7988148.779999999,1887320000000.0,1880.8285,60480.0,514.0,299008.0,7373838906318542.0,11.93,1.9889953999999999,107.6,39750.4
2048.0,32000.0,256.0,64.0,2.0,40.0,20.0,42.0,6.0,5.0,1.0,2.0,1.0,1.0,4.0,6.0,6.0,4.0,3.0,6.0,4.0,5.0,5.0,4.0,4.0,2.0,6.0,4.0,4.0,6.0,5.0,4.0,64.0,128.0,1.0,768.0,6.0,1.0,1.0,1.0,1.0,1.0,1.0,1.0,2.0,3.0,4.0,1.0,4.0,1.0,6.0,6.0,4.0,3.0,3.0,1.0,5.0,3.0,4.0,1.0,3.0,6.0,2.0,8.0,1.0,32.0,32.0,1.0,64.0,1.0,1.0,1.0,1.0,1.0,6.0,5.0,5.0,5.0,1.0,4.0,2.0,5.0,3.0,2.0,4.0,2.0,2.0,2.0,1.0,6.0,5.0,6.0,16.0,64.0,1.0,64.0,4.0,1.0,64.0,64.0,1.0,1.0,1.0,1.0,1.0,6.0,1.0,2.0,2.0,6.0,1.0,6.0,2.0,6.0,6.0,2.0,1.0,6.0,5.0,4.0,5.0,2.0,1.0,512.0,1.0,64.0,512.0,1.0,1.0,1.0,1.0,1.0,1.0,1.0,6.0,4.0,1.0,2.0,6.0,2.0,1.0,6.0,5.0,1.0,4.0,4.0,6.0,6.0,6.0,2.0,3.0,6.0,32.0,512.0,1.0,1.0,1024.0,1.0,1.0,1.0,1.0,1.0,1.0,1.0,5.0,4.0,2.0,4.0,5.0,6.0,1.0,3.0,2.0,5.0,1.0,3.0,6.0,2.0,3.0,2.0,2.0,4.0,8.0,128.0,1.0,512.0,64.0,1.0,1.0,1.0,1.0,1.0,1.0,1.0,67090734.0,4038095.27,683420000.0,4.270337499999999,840.0,514.0,138752.0,270918775626228.2,283.8154,8.418814050000002,107.6,26899.2
512.0,1024000.0,256.0,64.0,3.0,44.0,40.0,24.0,6.0,5.0,2.0,5.0,6.0,6.0,3.0,4.0,6.0,3.0,4.0,2.0,5.0,1.0,5.0,6.0,1.0,2.0,1.0,4.0,4.0,4.0,4.0,1.0,128.0,512.0,1.0,96.0,1.0,1.0,1.0,1.0,1.0,1.0,1.0,1.0,5.0,6.0,4.0,2.0,3.0,1.0,5.0,4.0,2.0,5.0,5.0,3.0,2.0,5.0,5.0,3.0,5.0,1.0,64.0,8.0,1.0,16.0,16.0,1.0,32.0,1.0,1.0,1.0,1.0,1.0,4.0,4.0,2.0,4.0,2.0,1.0,2.0,1.0,6.0,2.0,1.0,1.0,4.0,4.0,6.0,6.0,2.0,5.0,16.0,128.0,1.0,4.0,128.0,1.0,64.0,32.0,1.0,1.0,1.0,1.0,5.0,5.0,4.0,3.0,1.0,6.0,3.0,2.0,5.0,3.0,4.0,1.0,3.0,6.0,5.0,5.0,6.0,5.0,16.0,32.0,1.0,8.0,2.0,1.0,1.0,1.0,1.0,1.0,1.0,1.0,5.0,2.0,1.0,6.0,4.0,3.0,2.0,3.0,2.0,1.0,3.0,6.0,4.0,4.0,2.0,5.0,6.0,5.0,4.0,1.0,1.0,2.0,256.0,1.0,1.0,1.0,1.0,1.0,1.0,1.0,6.0,5.0,6.0,1.0,1.0,4.0,2.0,6.0,5.0,1.0,3.0,5.0,2.0,3.0,6.0,6.0,3.0,6.0,128.0,2.0,1.0,64.0,64.0,1.0,1.0,1.0,1.0,1.0,1.0,1.0,786998448.0,3936055.0200000005,925496000000.0,976.2837,42240.0,514.0,802816.0,3097669191982609.5,4.583335,0.03203125,107.6,99020.8
1024.0,128000.0,256.0,64.0,3.0,2.0,16.0,14.0,6.0,2.0,2.0,5.0,3.0,4.0,1.0,4.0,2.0,2.0,4.0,5.0,6.0,5.0,3.0,3.0,5.0,1.0,2.0,2.0,6.0,4.0,1.0,3.0,32.0,2.0,1.0,8.0,16.0,1.0,1.0,1.0,1.0,1.0,1.0,1.0,4.0,5.0,5.0,6.0,6.0,1.0,4.0,3.0,1.0,2.0,5.0,6.0,6.0,4.0,3.0,6.0,6.0,2.0,32.0,64.0,1.0,4.0,2.0,1.0,32.0,8.0,1.0,1.0,1.0,1.0,5.0,4.0,5.0,2.0,1.0,3.0,3.0,6.0,1.0,3.0,5.0,3.0,2.0,3.0,2.0,3.0,3.0,6.0,4.0,2.0,1.0,32.0,16.0,1.0,2.0,1.0,1.0,1.0,1.0,1.0,2.0,3.0,4.0,2.0,4.0,5.0,4.0,6.0,5.0,1.0,1.0,3.0,2.0,2.0,4.0,1.0,5.0,1.0,1.0,512.0,1.0,16.0,1.0,1.0,1.0,1.0,1.0,1.0,1.0,1.0,3.0,4.0,3.0,6.0,3.0,1.0,4.0,2.0,4.0,4.0,4.0,4.0,3.0,4.0,4.0,4.0,4.0,6.0,2.0,64.0,1.0,512.0,2.0,1.0,1.0,1.0,1.0,1.0,1.0,1.0,5.0,4.0,5.0,2.0,2.0,4.0,4.0,3.0,6.0,3.0,6.0,4.0,2.0,3.0,4.0,2.0,5.0,6.0,512.0,512.0,1.0,1.0,64.0,1.0,1.0,1.0,1.0,1.0,1.0,1.0,1387671912.0,4280089.3,275378000.0,2.3130305,448.0,514.0,409600.0,5939359702461741.0,1.55,0.39368490000000006,107.6,46144.0
2048000.0,64000.0,256.0,64.0,3.0,28.0,14.0,18.0,4.0,1.0,5.0,1.0,3.0,6.0,5.0,2.0,4.0,5.0,1.0,5.0,1.0,6.0,4.0,6.0,3.0,6.0,4.0,4.0,4.0,2.0,2.0,3.0,1.0,128.0,1.0,6.0,8.0,1.0,1.0,1.0,1.0,1.0,1.0,1.0,3.0,5.0,1.0,5.0,3.0,4.0,1.0,4.0,4.0,2.0,4.0,4.0,5.0,6.0,1.0,1.0,1.0,2.0,16.0,8.0,1.0,128.0,128.0,1.0,64.0,128.0,1.0,1.0,1.0,1.0,6.0,5.0,2.0,2.0,4.0,1.0,3.0,6.0,6.0,3.0,2.0,6.0,5.0,2.0,2.0,4.0,1.0,3.0,1.0,1.0,1.0,1.0,64.0,1.0,8.0,32.0,1.0,1.0,1.0,1.0,5.0,3.0,5.0,6.0,2.0,6.0,5.0,6.0,6.0,3.0,2.0,6.0,4.0,6.0,4.0,3.0,3.0,4.0,32.0,32.0,1.0,128.0,16.0,1.0,1.0,1.0,1.0,1.0,1.0,1.0,1.0,2.0,2.0,1.0,2.0,3.0,4.0,6.0,4.0,2.0,5.0,6.0,1.0,2.0,4.0,4.0,6.0,4.0,256.0,64.0,1.0,1.0,16.0,1.0,1.0,1.0,1.0,1.0,1.0,1.0,6.0,5.0,5.0,3.0,4.0,6.0,3.0,4.0,5.0,1.0,2.0,1.0,3.0,2.0,4.0,1.0,3.0,4.0,128.0,2048.0,1.0,128.0,2.0,1.0,1.0,1.0,1.0,1.0,1.0,1.0,737071488.0,4301373.680000001,28086600000.0,54.540955,7056.0,514.0,1081344.0,3170419898761636.5,10.45,1.6698557709999997,107.6,80358.4
4096.0,16000000.0,256.0,64.0,1.0,48.0,42.0,26.0,1.0,4.0,5.0,5.0,3.0,1.0,5.0,2.0,1.0,5.0,5.0,6.0,5.0,6.0,1.0,6.0,3.0,3.0,5.0,2.0,3.0,2.0,3.0,5.0,128.0,8.0,1.0,1.0,96.0,1.0,1.0,1.0,1.0,1.0,1.0,1.0,2.0,4.0,5.0,1.0,6.0,2.0,5.0,6.0,6.0,3.0,1.0,6.0,2.0,5.0,5.0,1.0,2.0,1.0,2.0,64.0,1.0,64.0,2.0,1.0,64.0,2.0,1.0,1.0,1.0,1.0,1.0,1.0,4.0,2.0,3.0,4.0,2.0,4.0,6.0,2.0,4.0,1.0,3.0,2.0,5.0,5.0,3.0,4.0,128.0,1.0,1.0,16.0,2.0,1.0,16.0,32.0,1.0,1.0,1.0,1.0,3.0,5.0,2.0,5.0,2.0,5.0,5.0,3.0,1.0,1.0,1.0,2.0,2.0,5.0,1.0,3.0,3.0,4.0,8.0,128.0,1.0,8.0,1.0,1.0,1.0,1.0,1.0,1.0,1.0,1.0,2.0,4.0,6.0,6.0,6.0,3.0,2.0,5.0,3.0,5.0,3.0,6.0,1.0,1.0,1.0,6.0,1.0,3.0,16.0,32.0,1.0,512.0,512.0,1.0,1.0,1.0,1.0,1.0,1.0,1.0,4.0,5.0,3.0,5.0,4.0,4.0,4.0,2.0,5.0,4.0,1.0,5.0,3.0,2.0,6.0,6.0,6.0,6.0,64.0,4.0,1.0,16.0,8.0,1.0,1.0,1.0,1.0,1.0,1.0,1.0,2420244600.0,16055183.519999998,11088400.0,0.12640899999999994,26.0,514.0,514.0,3.8857471216288984e+16,18.973320000000005,19.37059,107.6,187.6
1024.0,128000.0,256.0,64.0,2.0,24.0,10.0,14.0,4.0,6.0,3.0,5.0,6.0,4.0,4.0,4.0,5.0,3.0,2.0,4.0,4.0,1.0,3.0,4.0,6.0,4.0,5.0,6.0,3.0,5.0,3.0,5.0,2.0,2.0,1.0,6.0,48.0,1.0,1.0,1.0,1.0,1.0,1.0,1.0,4.0,2.0,3.0,3.0,2.0,4.0,3.0,6.0,5.0,4.0,6.0,1.0,5.0,5.0,1.0,1.0,6.0,1.0,4.0,64.0,1.0,32.0,16.0,1.0,4.0,32.0,1.0,1.0,1.0,1.0,1.0,3.0,2.0,5.0,5.0,3.0,5.0,1.0,1.0,2.0,2.0,2.0,4.0,2.0,5.0,3.0,4.0,6.0,32.0,4.0,1.0,128.0,8.0,1.0,32.0,8.0,1.0,1.0,1.0,1.0,1.0,6.0,1.0,6.0,6.0,2.0,2.0,6.0,2.0,4.0,6.0,2.0,1.0,1.0,6.0,6.0,4.0,4.0,64.0,1.0,1.0,512.0,256.0,1.0,1.0,1.0,1.0,1.0,1.0,1.0,6.0,5.0,4.0,1.0,1.0,5.0,5.0,3.0,6.0,3.0,5.0,5.0,6.0,2.0,6.0,5.0,5.0,3.0,8.0,8.0,1.0,2048.0,8.0,1.0,1.0,1.0,1.0,1.0,1.0,1.0,6.0,1.0,5.0,2.0,2.0,2.0,5.0,3.0,2.0,5.0,4.0,5.0,1.0,6.0,1.0,3.0,4.0,2.0,16.0,2.0,1.0,4.0,128.0,1.0,1.0,1.0,1.0,1.0,1.0,1.0,338348100.0,7926498.9399999995,64586200.0,0.6839701499999997,140.0,514.0,66816.0,2681915856001014.0,7.976922500000001,2.2109032,107.6,7456.8
16000.0,4096000.0,256.0,64.0,3.0,36.0,42.0,34.0,1.0,5.0,1.0,2.0,2.0,1.0,1.0,3.0,2.0,4.0,2.0,3.0,6.0,2.0,5.0,3.0,6.0,3.0,4.0,4.0,1.0,4.0,4.0,1.0,16.0,32.0,1.0,32.0,48.0,1.0,1.0,1.0,1.0,1.0,1.0,1.0,6.0,6.0,1.0,1.0,1.0,6.0,3.0,5.0,6.0,4.0,6.0,3.0,1.0,2.0,6.0,2.0,6.0,6.0,8.0,1.0,1.0,8.0,2.0,1.0,32.0,1.0,1.0,1.0,1.0,1.0,5.0,3.0,2.0,4.0,6.0,2.0,5.0,5.0,3.0,4.0,3.0,5.0,1.0,3.0,5.0,5.0,6.0,3.0,64.0,32.0,1.0,32.0,128.0,1.0,1.0,64.0,1.0,1.0,1.0,1.0,3.0,6.0,2.0,4.0,3.0,4.0,6.0,2.0,3.0,3.0,4.0,4.0,1.0,1.0,4.0,1.0,1.0,2.0,2.0,64.0,1.0,256.0,4.0,1.0,1.0,1.0,1.0,1.0,1.0,1.0,1.0,3.0,5.0,6.0,4.0,5.0,4.0,5.0,3.0,3.0,5.0,6.0,4.0,5.0,4.0,2.0,1.0,1.0,512.0,128.0,1.0,512.0,1.0,1.0,1.0,1.0,1.0,1.0,1.0,1.0,6.0,5.0,4.0,5.0,2.0,5.0,4.0,3.0,4.0,6.0,4.0,6.0,4.0,5.0,5.0,1.0,5.0,5.0,32.0,8.0,1.0,4.0,512.0,1.0,1.0,1.0,1.0,1.0,1.0,1.0,1181614326.0,4119041.78,1366550000000.0,1394.9185,51408.0,514.0,2621440.0,4867118776640540.0,8.75,0.51953125,107.6,191897.6
2048.0,2048000.0,256.0,64.0,1.0,34.0,16.0,34.0,2.0,3.0,1.0,1.0,3.0,6.0,3.0,1.0,6.0,1.0,3.0,3.0,3.0,2.0,1.0,4.0,3.0,1.0,6.0,2.0,1.0,6.0,3.0,3.0,8.0,256.0,1.0,3.0,16.0,1.0,1.0,1.0,1.0,1.0,1.0,1.0,2.0,2.0,3.0,2.0,3.0,3.0,6.0,6.0,4.0,1.0,3.0,2.0,3.0,2.0,3.0,2.0,6.0,2.0,64.0,4.0,1.0,16.0,2.0,1.0,32.0,128.0,1.0,1.0,1.0,1.0,3.0,6.0,2.0,3.0,4.0,3.0,6.0,2.0,5.0,5.0,5.0,2.0,2.0,1.0,1.0,6.0,2.0,6.0,1.0,16.0,1.0,16.0,64.0,1.0,4.0,64.0,1.0,1.0,1.0,1.0,3.0,6.0,4.0,2.0,5.0,3.0,5.0,4.0,1.0,1.0,6.0,1.0,4.0,5.0,1.0,1.0,2.0,4.0,32.0,1.0,1.0,64.0,2.0,1.0,1.0,1.0,1.0,1.0,1.0,1.0,3.0,5.0,3.0,2.0,4.0,4.0,3.0,4.0,4.0,3.0,1.0,1.0,1.0,2.0,1.0,3.0,2.0,3.0,256.0,32.0,1.0,16.0,2.0,1.0,1.0,1.0,1.0,1.0,1.0,1.0,3.0,6.0,5.0,3.0,4.0,1.0,3.0,2.0,5.0,1.0,4.0,4.0,1.0,3.0,6.0,4.0,5.0,3.0,16.0,4.0,1.0,2.0,128.0,1.0,1.0,1.0,1.0,1.0,1.0,1.0,2516582520.0,23766824.400000006,14410000.0,0.1631262,34.0,514.0,514.0,5.98111748409495e+16,1.0,1.0012419999999997,107.6,107.6
64000.0,16000.0,256.0,64.0,3.0,42.0,6.0,36.0,6.0,4.0,5.0,4.0,4.0,2.0,1.0,3.0,3.0,4.0,5.0,1.0,3.0,6.0,2.0,6.0,4.0,5.0,4.0,5.0,2.0,2.0,4.0,2.0,32.0,4.0,1.0,256.0,8.0,1.0,1.0,1.0,1.0,1.0,1.0,1.0,4.0,6.0,6.0,5.0,4.0,5.0,4.0,6.0,1.0,6.0,3.0,2.0,2.0,5.0,3.0,5.0,1.0,6.0,4.0,2.0,1.0,16.0,2.0,1.0,1.0,4.0,1.0,1.0,1.0,1.0,5.0,5.0,1.0,2.0,4.0,1.0,1.0,3.0,6.0,2.0,2.0,2.0,2.0,2.0,3.0,2.0,3.0,1.0,32.0,8.0,1.0,32.0,4.0,1.0,4.0,2.0,1.0,1.0,1.0,1.0,5.0,4.0,1.0,2.0,3.0,3.0,6.0,5.0,2.0,3.0,2.0,5.0,2.0,2.0,2.0,2.0,3.0,2.0,8.0,64.0,1.0,128.0,32.0,1.0,1.0,1.0,1.0,1.0,1.0,1.0,2.0,2.0,3.0,2.0,2.0,3.0,4.0,6.0,5.0,5.0,5.0,1.0,2.0,5.0,3.0,2.0,6.0,1.0,512.0,128.0,1.0,8.0,256.0,1.0,1.0,1.0,1.0,1.0,1.0,1.0,2.0,5.0,4.0,5.0,5.0,3.0,3.0,6.0,6.0,2.0,3.0,3.0,2.0,1.0,1.0,1.0,6.0,1.0,8.0,16.0,1.0,2.0,128.0,1.0,1.0,1.0,1.0,1.0,1.0,1.0,121077396.0,3948070.9600000004,45431300000.0,78.06976999999999,9072.0,514.0,458752.0,478022151060020.2,86.8,2.86354165,107.6,84326.4
128.0,32000000.0,256.0,64.0,1.0,38.0,32.0,48.0,3.0,2.0,4.0,1.0,4.0,4.0,1.0,6.0,4.0,2.0,2.0,3.0,2.0,1.0,5.0,6.0,2.0,6.0,5.0,4.0,3.0,3.0,2.0,4.0,16.0,1.0,1.0,768.0,12.0,1.0,1.0,1.0,1.0,1.0,1.0,1.0,3.0,6.0,2.0,2.0,5.0,4.0,5.0,2.0,6.0,1.0,4.0,2.0,5.0,1.0,5.0,4.0,6.0,3.0,4.0,8.0,1.0,8.0,2.0,1.0,1.0,4.0,1.0,1.0,1.0,1.0,6.0,2.0,5.0,2.0,1.0,3.0,1.0,4.0,1.0,1.0,5.0,2.0,2.0,4.0,2.0,4.0,2.0,5.0,4.0,32.0,1.0,2.0,8.0,1.0,8.0,1.0,1.0,1.0,1.0,1.0,3.0,6.0,4.0,6.0,1.0,2.0,3.0,1.0,3.0,5.0,6.0,6.0,6.0,6.0,6.0,1.0,6.0,1.0,4.0,16.0,1.0,128.0,64.0,1.0,1.0,1.0,1.0,1.0,1.0,1.0,3.0,5.0,1.0,3.0,4.0,2.0,1.0,3.0,4.0,3.0,3.0,5.0,5.0,3.0,4.0,2.0,6.0,3.0,512.0,4.0,1.0,8.0,128.0,1.0,1.0,1.0,1.0,1.0,1.0,1.0,2.0,5.0,2.0,3.0,6.0,1.0,4.0,6.0,4.0,2.0,2.0,3.0,5.0,5.0,5.0,5.0,1.0,6.0,64.0,64.0,1.0,2.0,2.0,1.0,1.0,1.0,1.0,1.0,1.0,1.0,2418671736.0,15107770.8,20379700.0,0.2285228,48.0,514.0,514.0,3.654073822792611e+16,30.06668,30.266161000000004,107.6,258.0
64000.0,16000000.0,256.0,64.0,2.0,40.0,16.0,4.0,1.0,6.0,3.0,4.0,6.0,1.0,3.0,1.0,4.0,3.0,1.0,3.0,4.0,2.0,3.0,4.0,6.0,4.0,6.0,6.0,2.0,2.0,1.0,3.0,128.0,512.0,1.0,3.0,384.0,1.0,1.0,1.0,1.0,1.0,1.0,1.0,6.0,6.0,4.0,1.0,2.0,2.0,2.0,6.0,2.0,3.0,5.0,4.0,5.0,3.0,2.0,6.0,1.0,5.0,2.0,64.0,1.0,4.0,32.0,1.0,1.0,2.0,1.0,1.0,1.0,1.0,1.0,3.0,5.0,6.0,4.0,2.0,2.0,1.0,1.0,4.0,2.0,1.0,3.0,4.0,1.0,2.0,3.0,2.0,4.0,16.0,1.0,4.0,8.0,1.0,16.0,32.0,1.0,1.0,1.0,1.0,2.0,6.0,4.0,6.0,4.0,3.0,1.0,2.0,2.0,2.0,4.0,4.0,5.0,3.0,6.0,1.0,5.0,2.0,8.0,64.0,1.0,32.0,16.0,1.0,1.0,1.0,1.0,1.0,1.0,1.0,6.0,3.0,3.0,5.0,5.0,3.0,6.0,3.0,1.0,3.0,6.0,1.0,2.0,5.0,3.0,2.0,5.0,2.0,8.0,1.0,1.0,16.0,32.0,1.0,1.0,1.0,1.0,1.0,1.0,1.0,4.0,2.0,2.0,3.0,2.0,2.0,5.0,2.0,6.0,2.0,5.0,3.0,1.0,6.0,2.0,6.0,2.0,3.0,256.0,32.0,1.0,1.0,256.0,1.0,1.0,1.0,1.0,1.0,1.0,1.0,157731168.0,7741943.119999999,27454300.0,0.34222400000000003,64.0,514.0,71680.0,1221145730907164.0,16.0,5.38137365,107.6,11662.4
2048000.0,1024000.0,256.0,64.0,2.0,42.0,18.0,28.0,5.0,3.0,2.0,1.0,5.0,5.0,5.0,4.0,3.0,2.0,3.0,2.0,5.0,3.0,5.0,3.0,4.0,2.0,1.0,2.0,2.0,2.0,4.0,5.0,1.0,1.0,1.0,256.0,96.0,1.0,1.0,1.0,1.0,1.0,1.0,1.0,4.0,1.0,6.0,3.0,6.0,1.0,1.0,1.0,6.0,1.0,5.0,5.0,6.0,2.0,1.0,2.0,2.0,3.0,4.0,2.0,1.0,1.0,1.0,1.0,64.0,64.0,1.0,1.0,1.0,1.0,2.0,6.0,5.0,3.0,2.0,2.0,3.0,6.0,3.0,2.0,1.0,2.0,5.0,4.0,1.0,4.0,1.0,1.0,128.0,4.0,1.0,32.0,32.0,1.0,16.0,32.0,1.0,1.0,1.0,1.0,1.0,4.0,4.0,1.0,5.0,3.0,3.0,6.0,1.0,4.0,5.0,4.0,1.0,6.0,6.0,4.0,2.0,1.0,512.0,128.0,1.0,16.0,16.0,1.0,1.0,1.0,1.0,1.0,1.0,1.0,5.0,5.0,3.0,3.0,1.0,4.0,1.0,4.0,4.0,6.0,5.0,1.0,5.0,6.0,4.0,2.0,5.0,3.0,2.0,64.0,1.0,1024.0,1.0,1.0,1.0,1.0,1.0,1.0,1.0,1.0,3.0,3.0,6.0,5.0,5.0,2.0,3.0,2.0,6.0,5.0,1.0,3.0,1.0,5.0,3.0,6.0,6.0,2.0,16.0,1.0,1.0,4.0,2.0,1.0,1.0,1.0,1.0,1.0,1.0,1.0,183237102.0,7840777.82,324058000.0,2.486595,504.0,514.0,151552.0,1436721405162677.8,15.63434,1.36993455,107.6,15044.0
128.0,8192000.0,256.0,64.0,3.0,10.0,24.0,24.0,6.0,4.0,1.0,2.0,5.0,3.0,4.0,1.0,2.0,6.0,5.0,6.0,6.0,3.0,6.0,5.0,3.0,6.0,6.0,4.0,5.0,5.0,4.0,5.0,32.0,16.0,1.0,256.0,256.0,1.0,1.0,1.0,1.0,1.0,1.0,1.0,6.0,1.0,3.0,5.0,4.0,2.0,6.0,3.0,4.0,5.0,3.0,5.0,2.0,1.0,2.0,5.0,6.0,1.0,1.0,16.0,1.0,2.0,128.0,1.0,1.0,1.0,1.0,1.0,1.0,1.0,1.0,5.0,2.0,2.0,6.0,2.0,1.0,5.0,6.0,6.0,3.0,5.0,5.0,3.0,3.0,3.0,3.0,3.0,16.0,8.0,1.0,128.0,4.0,1.0,1.0,1.0,1.0,1.0,1.0,1.0,1.0,5.0,1.0,2.0,4.0,6.0,5.0,4.0,3.0,6.0,4.0,5.0,4.0,1.0,1.0,4.0,2.0,3.0,8.0,2.0,1.0,64.0,512.0,1.0,1.0,1.0,1.0,1.0,1.0,1.0,1.0,3.0,5.0,6.0,3.0,2.0,4.0,6.0,1.0,1.0,4.0,3.0,4.0,1.0,2.0,1.0,3.0,6.0,64.0,16.0,1.0,64.0,64.0,1.0,1.0,1.0,1.0,1.0,1.0,1.0,5.0,3.0,6.0,6.0,3.0,5.0,3.0,6.0,4.0,4.0,3.0,1.0,2.0,6.0,6.0,6.0,5.0,3.0,2.0,2048.0,1.0,64.0,128.0,1.0,1.0,1.0,1.0,1.0,1.0,1.0,61184100.0,3924325.8200000003,19123800000.0,41.413725,5760.0,514.0,1081344.0,240106343403462.03,44.661515,0.5438244999999999,107.6,111974.4
128.0,32000.0,256.0,64.0,3.0,18.0,4.0,4.0,1.0,3.0,5.0,5.0,6.0,1.0,4.0,6.0,5.0,5.0,2.0,6.0,1.0,6.0,2.0,6.0,6.0,6.0,2.0,2.0,5.0,2.0,1.0,1.0,512.0,2.0,1.0,384.0,1536.0,1.0,1.0,1.0,1.0,1.0,1.0,1.0,1.0,4.0,1.0,2.0,4.0,1.0,2.0,3.0,1.0,1.0,5.0,2.0,5.0,6.0,3.0,1.0,2.0,5.0,1.0,2.0,1.0,2.0,8.0,1.0,1.0,1.0,1.0,1.0,1.0,1.0,5.0,5.0,3.0,3.0,3.0,2.0,6.0,6.0,3.0,1.0,6.0,1.0,2.0,2.0,5.0,5.0,1.0,2.0,128.0,2.0,1.0,8.0,128.0,1.0,1.0,1.0,1.0,1.0,1.0,1.0,6.0,2.0,2.0,3.0,6.0,6.0,4.0,5.0,5.0,6.0,5.0,5.0,3.0,1.0,5.0,6.0,6.0,2.0,8.0,128.0,1.0,8.0,32.0,1.0,1.0,1.0,1.0,1.0,1.0,1.0,5.0,1.0,1.0,6.0,3.0,6.0,4.0,5.0,4.0,2.0,3.0,5.0,1.0,5.0,6.0,2.0,1.0,1.0,512.0,64.0,1.0,1.0,128.0,1.0,1.0,1.0,1.0,1.0,1.0,1.0,3.0,3.0,1.0,2.0,6.0,6.0,5.0,6.0,6.0,5.0,3.0,3.0,5.0,6.0,1.0,2.0,4.0,4.0,2048.0,64.0,1.0,1.0,64.0,1.0,1.0,1.0,1.0,1.0,1.0,1.0,2548312680.0,4049877.1199999996,154002000.0,1.972125,288.0,514.0,2097152.0,1.032035321733788e+16,1.0,0.1292116,107.6,175534.4
256.0,256000.0,256.0,64.0,2.0,28.0,46.0,26.0,6.0,3.0,6.0,1.0,2.0,2.0,1.0,4.0,4.0,4.0,3.0,2.0,1.0,3.0,4.0,3.0,5.0,3.0,2.0,3.0,4.0,2.0,3.0,5.0,4.0,512.0,1.0,32.0,3.0,1.0,1.0,1.0,1.0,1.0,1.0,1.0,4.0,2.0,1.0,1.0,4.0,2.0,4.0,1.0,4.0,4.0,6.0,3.0,6.0,1.0,3.0,5.0,2.0,5.0,16.0,32.0,1.0,1.0,16.0,1.0,128.0,16.0,1.0,1.0,1.0,1.0,6.0,3.0,6.0,6.0,4.0,3.0,1.0,4.0,2.0,2.0,1.0,2.0,6.0,1.0,4.0,6.0,6.0,1.0,64.0,4.0,1.0,128.0,32.0,1.0,64.0,8.0,1.0,1.0,1.0,1.0,3.0,4.0,3.0,3.0,3.0,4.0,1.0,5.0,6.0,4.0,1.0,1.0,4.0,1.0,4.0,2.0,5.0,5.0,2.0,4.0,1.0,8.0,8.0,1.0,1.0,1.0,1.0,1.0,1.0,1.0,6.0,6.0,2.0,3.0,1.0,4.0,4.0,4.0,5.0,3.0,3.0,3.0,3.0,2.0,6.0,5.0,1.0,1.0,4.0,128.0,1.0,128.0,2.0,1.0,1.0,1.0,1.0,1.0,1.0,1.0,1.0,3.0,5.0,2.0,2.0,4.0,1.0,3.0,6.0,6.0,1.0,2.0,6.0,1.0,2.0,3.0,3.0,1.0,256.0,1024.0,1.0,2.0,4.0,1.0,1.0,1.0,1.0,1.0,1.0,1.0,139486116.0,4654156.5,1189760000.0,6.263335999999998,1196.0,514.0,532992.0,649190213441154.0,134.800005,6.725810810000001,107.6,38053.6
2048000.0,1024000.0,256.0,64.0,1.0,34.0,36.0,38.0,6.0,2.0,4.0,3.0,1.0,1.0,6.0,3.0,1.0,1.0,1.0,6.0,6.0,1.0,2.0,4.0,6.0,5.0,5.0,3.0,2.0,2.0,4.0,6.0,1.0,4.0,1.0,384.0,32.0,1.0,1.0,1.0,1.0,1.0,1.0,1.0,2.0,5.0,3.0,2.0,5.0,5.0,6.0,4.0,5.0,4.0,3.0,6.0,3.0,4.0,3.0,4.0,2.0,6.0,8.0,32.0,1.0,16.0,8.0,1.0,8.0,64.0,1.0,1.0,1.0,1.0,4.0,6.0,4.0,2.0,5.0,3.0,6.0,1.0,2.0,5.0,1.0,1.0,4.0,1.0,6.0,3.0,4.0,1.0,4.0,4.0,1.0,32.0,2.0,1.0,1.0,1.0,1.0,1.0,1.0,1.0,4.0,2.0,3.0,4.0,5.0,2.0,6.0,5.0,6.0,2.0,2.0,1.0,6.0,4.0,3.0,4.0,5.0,6.0,1.0,16.0,1.0,64.0,64.0,1.0,1.0,1.0,1.0,1.0,1.0,1.0,3.0,2.0,6.0,4.0,3.0,6.0,3.0,6.0,6.0,1.0,2.0,1.0,3.0,1.0,4.0,4.0,4.0,4.0,4.0,64.0,1.0,256.0,2.0,1.0,1.0,1.0,1.0,1.0,1.0,1.0,6.0,2.0,4.0,3.0,2.0,3.0,2.0,4.0,6.0,4.0,5.0,1.0,2.0,4.0,1.0,6.0,5.0,3.0,512.0,2048.0,1.0,512.0,1.0,1.0,1.0,1.0,1.0,1.0,1.0,1.0,68420160.0,8537403.719999999,16096200.0,0.18864,38.0,514.0,10060.0,584130528506995.1,32.982004999999994,27.744013000000002,107.6,2135.2
16000.0,8192000.0,256.0,64.0,2.0,44.0,42.0,22.0,2.0,1.0,4.0,5.0,1.0,4.0,4.0,1.0,6.0,3.0,3.0,2.0,2.0,6.0,6.0,5.0,6.0,1.0,2.0,2.0,3.0,6.0,1.0,2.0,512.0,32.0,1.0,1.0,1.0,1.0,1.0,1.0,1.0,1.0,1.0,1.0,3.0,6.0,1.0,6.0,3.0,3.0,1.0,5.0,1.0,6.0,5.0,6.0,5.0,3.0,1.0,3.0,4.0,3.0,64.0,16.0,1.0,128.0,2.0,1.0,1.0,1.0,1.0,1.0,1.0,1.0,2.0,3.0,3.0,4.0,1.0,2.0,3.0,4.0,6.0,6.0,2.0,2.0,2.0,3.0,4.0,5.0,1.0,2.0,32.0,4.0,1.0,4.0,8.0,1.0,4.0,1.0,1.0,1.0,1.0,1.0,5.0,6.0,6.0,6.0,2.0,5.0,2.0,1.0,3.0,6.0,3.0,4.0,2.0,6.0,6.0,5.0,4.0,2.0,1.0,4.0,1.0,16.0,64.0,1.0,1.0,1.0,1.0,1.0,1.0,1.0,1.0,2.0,6.0,5.0,2.0,6.0,1.0,5.0,3.0,6.0,5.0,6.0,2.0,4.0,2.0,4.0,4.0,3.0,64.0,8.0,1.0,1.0,64.0,1.0,1.0,1.0,1.0,1.0,1.0,1.0,5.0,2.0,3.0,2.0,1.0,2.0,6.0,3.0,6.0,4.0,6.0,6.0,2.0,6.0,6.0,5.0,4.0,6.0,256.0,4.0,1.0,4.0,64.0,1.0,1.0,1.0,1.0,1.0,1.0,1.0,2522726652.0,12934996.420000002,791227000.0,4.631892499999999,924.0,514.0,8512.0,3.263146021225859e+16,1.0,0.8233462,107.6,924.0
8192.0,16000000.0,256.0,64.0,1.0,2.0,32.0,6.0,2.0,1.0,1.0,4.0,2.0,3.0,6.0,6.0,1.0,6.0,2.0,4.0,4.0,2.0,3.0,2.0,1.0,6.0,4.0,3.0,2.0,5.0,3.0,2.0,128.0,16.0,1.0,96.0,1.0,1.0,1.0,1.0,1.0,1.0,1.0,1.0,3.0,2.0,6.0,3.0,4.0,5.0,2.0,2.0,6.0,1.0,5.0,5.0,3.0,6.0,4.0,5.0,6.0,1.0,1.0,32.0,1.0,32.0,128.0,1.0,2.0,8.0,1.0,1.0,1.0,1.0,3.0,4.0,2.0,4.0,3.0,6.0,1.0,3.0,6.0,2.0,4.0,2.0,2.0,3.0,5.0,6.0,5.0,6.0,128.0,64.0,1.0,128.0,32.0,1.0,4.0,8.0,1.0,1.0,1.0,1.0,3.0,5.0,2.0,3.0,2.0,6.0,2.0,1.0,1.0,4.0,1.0,2.0,5.0,5.0,5.0,5.0,6.0,2.0,64.0,16.0,1.0,128.0,128.0,1.0,1.0,1.0,1.0,1.0,1.0,1.0,2.0,2.0,4.0,1.0,1.0,4.0,1.0,5.0,5.0,2.0,6.0,3.0,3.0,1.0,6.0,4.0,2.0,4.0,128.0,4.0,1.0,4.0,512.0,1.0,1.0,1.0,1.0,1.0,1.0,1.0,5.0,2.0,5.0,3.0,1.0,5.0,3.0,1.0,1.0,6.0,2.0,3.0,5.0,5.0,1.0,5.0,1.0,4.0,1.0,128.0,1.0,128.0,512.0,1.0,1.0,1.0,1.0,1.0,1.0,1.0,2516582520.0,15797298.0,3069750.0,0.034206740000000006,6.0,514.0,514.0,3.975520401003096e+16,1.0,1.7906290000000002,107.6,107.6
256.0,8192000.0,256.0,64.0,3.0,24.0,22.0,28.0,6.0,6.0,6.0,5.0,5.0,3.0,6.0,2.0,1.0,1.0,1.0,3.0,1.0,4.0,5.0,4.0,3.0,3.0,5.0,1.0,2.0,3.0,3.0,4.0,16.0,32.0,1.0,4.0,1.0,1.0,1.0,1.0,1.0,1.0,1.0,1.0,1.0,1.0,1.0,2.0,4.0,1.0,1.0,3.0,3.0,4.0,4.0,5.0,3.0,6.0,4.0,3.0,1.0,5.0,16.0,2.0,1.0,128.0,16.0,1.0,2.0,128.0,1.0,1.0,1.0,1.0,2.0,6.0,3.0,6.0,2.0,6.0,3.0,1.0,5.0,4.0,2.0,5.0,5.0,3.0,4.0,5.0,3.0,2.0,8.0,1.0,1.0,1.0,1.0,1.0,1.0,4.0,1.0,1.0,1.0,1.0,6.0,5.0,3.0,5.0,2.0,5.0,5.0,1.0,1.0,5.0,3.0,1.0,1.0,3.0,1.0,6.0,4.0,3.0,512.0,16.0,1.0,8.0,2.0,1.0,1.0,1.0,1.0,1.0,1.0,1.0,3.0,1.0,3.0,6.0,3.0,3.0,6.0,4.0,1.0,1.0,2.0,4.0,4.0,6.0,2.0,6.0,5.0,2.0,128.0,256.0,1.0,8.0,1024.0,1.0,1.0,1.0,1.0,1.0,1.0,1.0,6.0,6.0,6.0,2.0,4.0,4.0,1.0,2.0,4.0,5.0,6.0,4.0,5.0,5.0,2.0,5.0,2.0,5.0,1.0,32.0,1.0,64.0,512.0,1.0,1.0,1.0,1.0,1.0,1.0,1.0,90638118.0,4120820.8200000003,117070000000.0,164.3258,14784.0,514.0,1441792.0,373503443740016.8,46.066685,2.8940121500000004,107.6,168400.0
1024.0,32000000.0,256.0,64.0,1.0,28.0,8.0,46.0,3.0,6.0,4.0,6.0,2.0,5.0,4.0,4.0,6.0,4.0,1.0,4.0,3.0,6.0,4.0,1.0,2.0,6.0,6.0,5.0,6.0,1.0,6.0,1.0,256.0,32.0,1.0,1.0,16.0,1.0,1.0,1.0,1.0,1.0,1.0,1.0,4.0,4.0,4.0,1.0,6.0,4.0,5.0,3.0,2.0,6.0,6.0,4.0,3.0,5.0,3.0,3.0,5.0,5.0,16.0,1.0,1.0,1.0,64.0,1.0,32.0,1.0,1.0,1.0,1.0,1.0,3.0,5.0,3.0,4.0,2.0,1.0,1.0,5.0,1.0,2.0,5.0,2.0,4.0,2.0,6.0,3.0,1.0,5.0,2.0,64.0,1.0,4.0,128.0,1.0,2.0,4.0,1.0,1.0,1.0,1.0,5.0,2.0,2.0,4.0,3.0,2.0,5.0,4.0,5.0,6.0,6.0,4.0,2.0,3.0,5.0,4.0,3.0,6.0,512.0,4.0,1.0,512.0,16.0,1.0,1.0,1.0,1.0,1.0,1.0,1.0,5.0,5.0,1.0,6.0,6.0,1.0,1.0,4.0,2.0,3.0,6.0,1.0,2.0,6.0,4.0,5.0,5.0,2.0,1.0,512.0,1.0,2.0,64.0,1.0,1.0,1.0,1.0,1.0,1.0,1.0,6.0,3.0,5.0,5.0,6.0,1.0,6.0,2.0,3.0,4.0,1.0,6.0,6.0,6.0,4.0,3.0,5.0,3.0,8.0,2.0,1.0,16.0,4.0,1.0,1.0,1.0,1.0,1.0,1.0,1.0,57016440.0,15207408.719999999,19515900.0,0.22723220000000005,46.0,514.0,12124.0,867072306839356.8,42.93440999999999,43.06976999999999,107.6,2573.6
128.0,128000.0,256.0,64.0,1.0,40.0,48.0,44.0,5.0,2.0,2.0,1.0,4.0,2.0,2.0,4.0,3.0,5.0,4.0,6.0,6.0,5.0,2.0,3.0,5.0,1.0,6.0,6.0,2.0,1.0,1.0,6.0,256.0,64.0,1.0,1536.0,16.0,1.0,1.0,1.0,1.0,1.0,1.0,1.0,6.0,4.0,5.0,4.0,1.0,3.0,3.0,5.0,4.0,4.0,6.0,2.0,6.0,5.0,6.0,1.0,3.0,6.0,16.0,2.0,1.0,8.0,2.0,1.0,16.0,128.0,1.0,1.0,1.0,1.0,3.0,2.0,3.0,6.0,4.0,3.0,1.0,4.0,3.0,6.0,3.0,1.0,2.0,6.0,6.0,1.0,2.0,4.0,4.0,32.0,1.0,1.0,64.0,1.0,64.0,2.0,1.0,1.0,1.0,1.0,2.0,2.0,1.0,5.0,2.0,3.0,6.0,6.0,3.0,5.0,5.0,5.0,6.0,6.0,3.0,5.0,6.0,5.0,4.0,64.0,1.0,2.0,1.0,1.0,1.0,1.0,1.0,1.0,1.0,1.0,3.0,2.0,6.0,3.0,6.0,2.0,1.0,3.0,1.0,6.0,5.0,5.0,2.0,5.0,3.0,3.0,5.0,3.0,2.0,128.0,1.0,32.0,128.0,1.0,1.0,1.0,1.0,1.0,1.0,1.0,5.0,1.0,4.0,1.0,4.0,4.0,4.0,4.0,3.0,5.0,4.0,6.0,4.0,3.0,5.0,1.0,2.0,5.0,256.0,1.0,1.0,16.0,1.0,1.0,1.0,1.0,1.0,1.0,1.0,1.0,58983048.0,8401417.2,18654900.0,0.2175796,44.0,514.0,11608.0,495541193975625.56,38.44541,43.19733199999999,107.6,2464.0
256000.0,8192000.0,256.0,64.0,3.0,20.0,28.0,26.0,4.0,4.0,6.0,1.0,5.0,1.0,1.0,6.0,6.0,4.0,2.0,6.0,6.0,2.0,1.0,6.0,3.0,6.0,3.0,2.0,3.0,2.0,6.0,6.0,32.0,2.0,1.0,4.0,3.0,1.0,1.0,1.0,1.0,1.0,1.0,1.0,6.0,3.0,5.0,6.0,4.0,3.0,5.0,2.0,4.0,3.0,6.0,3.0,6.0,1.0,1.0,1.0,1.0,6.0,64.0,2.0,1.0,32.0,16.0,1.0,4.0,32.0,1.0,1.0,1.0,1.0,6.0,5.0,1.0,1.0,4.0,2.0,6.0,2.0,5.0,2.0,2.0,6.0,3.0,3.0,2.0,1.0,5.0,5.0,4.0,1.0,1.0,128.0,2.0,1.0,4.0,2.0,1.0,1.0,1.0,1.0,6.0,2.0,6.0,4.0,4.0,4.0,3.0,3.0,5.0,6.0,5.0,3.0,3.0,6.0,6.0,1.0,1.0,5.0,64.0,8.0,1.0,256.0,256.0,1.0,1.0,1.0,1.0,1.0,1.0,1.0,6.0,6.0,2.0,3.0,6.0,5.0,1.0,5.0,1.0,6.0,2.0,5.0,4.0,3.0,6.0,2.0,2.0,2.0,2.0,16.0,1.0,64.0,4.0,1.0,1.0,1.0,1.0,1.0,1.0,1.0,6.0,6.0,1.0,5.0,2.0,3.0,1.0,4.0,2.0,1.0,6.0,5.0,6.0,2.0,2.0,6.0,3.0,4.0,128.0,512.0,1.0,2.0,2.0,1.0,1.0,1.0,1.0,1.0,1.0,1.0,776360790.0,4925179.359999999,113634000000.0,159.9474,14560.0,514.0,133632.0,3823716138821294.0,11.479999999999999,1.31736655,107.6,32652.8
1024000.0,32000.0,256.0,64.0,1.0,26.0,32.0,18.0,3.0,3.0,1.0,2.0,2.0,3.0,6.0,3.0,4.0,2.0,6.0,6.0,1.0,2.0,6.0,4.0,5.0,2.0,1.0,4.0,5.0,3.0,4.0,5.0,32.0,128.0,1.0,2.0,48.0,1.0,1.0,1.0,1.0,1.0,1.0,1.0,1.0,2.0,1.0,5.0,5.0,5.0,6.0,1.0,5.0,2.0,6.0,1.0,3.0,4.0,6.0,3.0,5.0,4.0,16.0,1.0,1.0,8.0,128.0,1.0,32.0,16.0,1.0,1.0,1.0,1.0,5.0,3.0,6.0,5.0,1.0,6.0,6.0,5.0,4.0,3.0,4.0,2.0,6.0,4.0,3.0,5.0,4.0,1.0,8.0,1.0,1.0,1.0,64.0,1.0,4.0,64.0,1.0,1.0,1.0,1.0,6.0,3.0,2.0,4.0,6.0,1.0,3.0,1.0,6.0,2.0,1.0,1.0,3.0,2.0,1.0,2.0,1.0,4.0,128.0,8.0,1.0,1.0,4.0,1.0,1.0,1.0,1.0,1.0,1.0,1.0,6.0,1.0,3.0,6.0,2.0,1.0,1.0,3.0,6.0,3.0,5.0,3.0,2.0,1.0,1.0,4.0,6.0,5.0,2.0,8.0,1.0,4.0,4.0,1.0,1.0,1.0,1.0,1.0,1.0,1.0,1.0,1.0,2.0,3.0,4.0,4.0,2.0,6.0,3.0,4.0,1.0,5.0,6.0,2.0,2.0,2.0,1.0,6.0,256.0,512.0,1.0,8.0,16.0,1.0,1.0,1.0,1.0,1.0,1.0,1.0,142344528.0,8057163.360000001,7832460.0,0.09257619999999997,18.0,514.0,4900.0,1146893115498094.2,16.346525,18.414755000000003,107.6,1039.2
4096.0,128000.0,256.0,64.0,1.0,14.0,42.0,10.0,3.0,4.0,4.0,4.0,5.0,1.0,3.0,6.0,2.0,3.0,4.0,6.0,5.0,4.0,2.0,2.0,3.0,5.0,1.0,4.0,2.0,6.0,2.0,4.0,4.0,16.0,1.0,16.0,2.0,1.0,1.0,1.0,1.0,1.0,1.0,1.0,5.0,5.0,3.0,4.0,6.0,2.0,3.0,2.0,2.0,4.0,3.0,4.0,6.0,1.0,5.0,6.0,4.0,6.0,4.0,8.0,1.0,64.0,16.0,1.0,4.0,16.0,1.0,1.0,1.0,1.0,2.0,1.0,5.0,4.0,4.0,6.0,3.0,1.0,3.0,5.0,5.0,1.0,4.0,2.0,6.0,3.0,4.0,2.0,32.0,1.0,1.0,32.0,64.0,1.0,64.0,64.0,1.0,1.0,1.0,1.0,4.0,1.0,4.0,5.0,3.0,2.0,4.0,5.0,3.0,5.0,4.0,3.0,5.0,4.0,2.0,1.0,2.0,5.0,64.0,128.0,1.0,2.0,128.0,1.0,1.0,1.0,1.0,1.0,1.0,1.0,4.0,3.0,2.0,3.0,4.0,5.0,2.0,1.0,2.0,4.0,1.0,2.0,1.0,2.0,1.0,2.0,4.0,2.0,1.0,32.0,1.0,512.0,32.0,1.0,1.0,1.0,1.0,1.0,1.0,1.0,3.0,6.0,1.0,4.0,3.0,2.0,2.0,5.0,1.0,1.0,3.0,5.0,3.0,4.0,6.0,1.0,4.0,6.0,2048.0,4.0,1.0,256.0,2.0,1.0,1.0,1.0,1.0,1.0,1.0,1.0,2516582520.0,25644010.799999997,4640860.0,0.05259191999999999,10.0,514.0,514.0,6.453526932197121e+16,1.0,1.0042949999999997,107.6,107.6
1024000.0,1024000.0,256.0,64.0,1.0,2.0,32.0,10.0,3.0,4.0,1.0,6.0,1.0,3.0,5.0,5.0,5.0,2.0,4.0,4.0,3.0,5.0,5.0,6.0,3.0,5.0,2.0,6.0,3.0,3.0,1.0,5.0,2.0,512.0,1.0,192.0,48.0,1.0,1.0,1.0,1.0,1.0,1.0,1.0,2.0,3.0,1.0,6.0,5.0,5.0,5.0,3.0,2.0,5.0,1.0,5.0,6.0,2.0,6.0,3.0,2.0,2.0,4.0,8.0,1.0,1.0,32.0,1.0,128.0,8.0,1.0,1.0,1.0,1.0,5.0,5.0,5.0,5.0,1.0,5.0,4.0,1.0,2.0,3.0,2.0,5.0,3.0,2.0,6.0,5.0,2.0,1.0,128.0,4.0,1.0,64.0,4.0,1.0,32.0,64.0,1.0,1.0,1.0,1.0,1.0,5.0,3.0,1.0,4.0,2.0,4.0,6.0,6.0,3.0,3.0,6.0,3.0,5.0,3.0,6.0,3.0,3.0,64.0,2.0,1.0,1.0,128.0,1.0,1.0,1.0,1.0,1.0,1.0,1.0,3.0,2.0,4.0,1.0,1.0,1.0,6.0,2.0,2.0,1.0,2.0,1.0,5.0,4.0,3.0,5.0,1.0,2.0,32.0,64.0,1.0,1.0,2.0,1.0,1.0,1.0,1.0,1.0,1.0,1.0,4.0,5.0,5.0,1.0,1.0,2.0,1.0,1.0,3.0,3.0,4.0,3.0,5.0,6.0,4.0,6.0,4.0,4.0,128.0,8.0,1.0,4.0,32.0,1.0,1.0,1.0,1.0,1.0,1.0,1.0,2516582520.0,22830934.799999997,4640860.0,0.05259191999999999,10.0,514.0,514.0,5.745593143293969e+16,1.0,1.0042939999999996,107.6,107.6
4096.0,2048000.0,256.0,64.0,2.0,10.0,16.0,10.0,6.0,3.0,6.0,1.0,1.0,2.0,4.0,2.0,1.0,1.0,4.0,5.0,3.0,6.0,4.0,3.0,6.0,6.0,3.0,1.0,3.0,4.0,3.0,2.0,512.0,128.0,1.0,64.0,1.0,1.0,1.0,1.0,1.0,1.0,1.0,1.0,6.0,4.0,3.0,6.0,1.0,1.0,4.0,6.0,2.0,1.0,4.0,3.0,1.0,6.0,4.0,5.0,3.0,4.0,1.0,1.0,1.0,1.0,32.0,1.0,128.0,128.0,1.0,1.0,1.0,1.0,2.0,5.0,2.0,4.0,6.0,3.0,5.0,4.0,2.0,4.0,3.0,3.0,2.0,1.0,3.0,3.0,1.0,5.0,2.0,64.0,1.0,4.0,8.0,1.0,8.0,8.0,1.0,1.0,1.0,1.0,4.0,5.0,2.0,4.0,4.0,2.0,5.0,6.0,6.0,4.0,2.0,4.0,5.0,4.0,2.0,5.0,2.0,3.0,32.0,4.0,1.0,64.0,256.0,1.0,1.0,1.0,1.0,1.0,1.0,1.0,6.0,6.0,3.0,4.0,3.0,6.0,4.0,3.0,2.0,1.0,5.0,3.0,3.0,1.0,2.0,5.0,2.0,3.0,2.0,64.0,1.0,64.0,2048.0,1.0,1.0,1.0,1.0,1.0,1.0,1.0,6.0,3.0,5.0,5.0,2.0,4.0,3.0,2.0,6.0,4.0,3.0,5.0,4.0,3.0,4.0,4.0,3.0,1.0,64.0,512.0,1.0,4.0,8.0,1.0,1.0,1.0,1.0,1.0,1.0,1.0,265489404.0,4272853.390000001,75357600.0,0.8416863,160.0,514.0,271360.0,1134397299890479.8,116.8152,56.00966238,107.6,25753.6
512000.0,32000000.0,256.0,64.0,2.0,22.0,40.0,42.0,6.0,6.0,1.0,6.0,3.0,5.0,6.0,3.0,5.0,6.0,1.0,4.0,2.0,4.0,1.0,6.0,2.0,2.0,6.0,3.0,6.0,4.0,5.0,6.0,256.0,16.0,1.0,4.0,8.0,1.0,1.0,1.0,1.0,1.0,1.0,1.0,4.0,3.0,5.0,6.0,3.0,2.0,5.0,3.0,1.0,4.0,5.0,6.0,2.0,6.0,1.0,2.0,4.0,3.0,16.0,16.0,1.0,64.0,128.0,1.0,8.0,64.0,1.0,1.0,1.0,1.0,4.0,6.0,2.0,1.0,5.0,6.0,3.0,4.0,6.0,4.0,3.0,2.0,6.0,3.0,3.0,1.0,4.0,4.0,128.0,16.0,1.0,32.0,8.0,1.0,8.0,2.0,1.0,1.0,1.0,1.0,2.0,2.0,5.0,2.0,5.0,6.0,6.0,1.0,5.0,4.0,4.0,4.0,5.0,3.0,3.0,4.0,3.0,2.0,1.0,8.0,1.0,4.0,256.0,1.0,1.0,1.0,1.0,1.0,1.0,1.0,6.0,5.0,6.0,1.0,2.0,5.0,1.0,1.0,2.0,5.0,5.0,2.0,6.0,1.0,4.0,5.0,2.0,2.0,32.0,64.0,1.0,32.0,512.0,1.0,1.0,1.0,1.0,1.0,1.0,1.0,4.0,4.0,1.0,4.0,2.0,3.0,3.0,6.0,1.0,1.0,5.0,4.0,3.0,4.0,5.0,5.0,6.0,2.0,8.0,2048.0,1.0,128.0,128.0,1.0,1.0,1.0,1.0,1.0,1.0,1.0,9482790.0,4055290.0199999996,2085250000.0,9.074225,1680.0,514.0,196608.0,38455463648755.8,175.19140000000002,12.8258415,107.6,30953.6
256.0,1024000.0,256.0,64.0,3.0,36.0,2.0,22.0,1.0,1.0,2.0,6.0,4.0,5.0,3.0,4.0,2.0,2.0,6.0,5.0,3.0,4.0,3.0,5.0,5.0,2.0,2.0,2.0,3.0,6.0,6.0,4.0,8.0,512.0,1.0,2.0,128.0,1.0,1.0,1.0,1.0,1.0,1.0,1.0,6.0,4.0,4.0,3.0,2.0,6.0,6.0,6.0,4.0,6.0,4.0,1.0,4.0,2.0,6.0,3.0,5.0,5.0,1.0,8.0,1.0,16.0,128.0,1.0,128.0,1.0,1.0,1.0,1.0,1.0,1.0,3.0,3.0,6.0,5.0,4.0,3.0,5.0,1.0,3.0,3.0,1.0,3.0,5.0,6.0,5.0,4.0,6.0,8.0,32.0,1.0,2.0,128.0,1.0,1.0,64.0,1.0,1.0,1.0,1.0,5.0,5.0,1.0,2.0,2.0,3.0,6.0,4.0,5.0,2.0,2.0,3.0,3.0,4.0,4.0,6.0,6.0,6.0,2.0,512.0,1.0,8.0,2.0,1.0,1.0,1.0,1.0,1.0,1.0,1.0,1.0,5.0,1.0,1.0,5.0,3.0,4.0,6.0,5.0,6.0,1.0,2.0,1.0,3.0,5.0,5.0,6.0,4.0,64.0,256.0,1.0,128.0,1.0,1.0,1.0,1.0,1.0,1.0,1.0,1.0,6.0,3.0,2.0,1.0,6.0,3.0,4.0,4.0,3.0,2.0,5.0,4.0,1.0,5.0,6.0,4.0,1.0,6.0,2048.0,256.0,1.0,2.0,512.0,1.0,1.0,1.0,1.0,1.0,1.0,1.0,2523719892.0,3962065.2,1888910000.0,9.057489000000002,1584.0,514.0,2752512.0,9999142758640958.0,1.0,0.0,107.6,193843.2
16000.0,4096000.0,256.0,64.0,1.0,40.0,6.0,20.0,3.0,1.0,3.0,4.0,4.0,2.0,2.0,5.0,2.0,3.0,5.0,1.0,4.0,1.0,6.0,1.0,5.0,5.0,6.0,1.0,5.0,4.0,3.0,3.0,512.0,4.0,1.0,6.0,6.0,1.0,1.0,1.0,1.0,1.0,1.0,1.0,4.0,5.0,3.0,2.0,6.0,6.0,2.0,1.0,6.0,1.0,2.0,4.0,1.0,4.0,2.0,2.0,6.0,2.0,32.0,32.0,1.0,32.0,1.0,1.0,32.0,4.0,1.0,1.0,1.0,1.0,6.0,5.0,1.0,3.0,2.0,4.0,4.0,6.0,6.0,3.0,5.0,4.0,3.0,3.0,5.0,1.0,4.0,3.0,128.0,8.0,1.0,8.0,16.0,1.0,64.0,64.0,1.0,1.0,1.0,1.0,2.0,3.0,6.0,5.0,1.0,2.0,2.0,4.0,5.0,1.0,6.0,5.0,2.0,6.0,1.0,5.0,5.0,3.0,128.0,2.0,1.0,4.0,512.0,1.0,1.0,1.0,1.0,1.0,1.0,1.0,1.0,3.0,2.0,6.0,5.0,4.0,4.0,4.0,1.0,1.0,4.0,2.0,1.0,3.0,5.0,5.0,1.0,3.0,1.0,512.0,1.0,256.0,8.0,1.0,1.0,1.0,1.0,1.0,1.0,1.0,5.0,4.0,6.0,4.0,6.0,3.0,1.0,2.0,3.0,5.0,3.0,1.0,2.0,1.0,3.0,3.0,4.0,6.0,2048.0,1024.0,1.0,128.0,1.0,1.0,1.0,1.0,1.0,1.0,1.0,1.0,2516582520.0,20250872.4,8639980.0,0.09855491999999999,20.0,514.0,514.0,5.096299149659045e+16,1.0,1.3976320000000002,107.6,107.6
8192.0,256000.0,256.0,64.0,2.0,42.0,4.0,36.0,2.0,2.0,4.0,4.0,5.0,2.0,5.0,4.0,4.0,6.0,1.0,4.0,2.0,3.0,3.0,3.0,2.0,4.0,2.0,5.0,6.0,3.0,5.0,1.0,128.0,32.0,1.0,6.0,128.0,1.0,1.0,1.0,1.0,1.0,1.0,1.0,3.0,4.0,3.0,3.0,2.0,1.0,2.0,5.0,2.0,6.0,1.0,6.0,5.0,3.0,3.0,5.0,5.0,4.0,4.0,4.0,1.0,4.0,16.0,1.0,128.0,1.0,1.0,1.0,1.0,1.0,6.0,4.0,1.0,5.0,6.0,5.0,5.0,5.0,1.0,1.0,5.0,2.0,6.0,6.0,6.0,4.0,4.0,5.0,32.0,32.0,1.0,128.0,8.0,1.0,4.0,16.0,1.0,1.0,1.0,1.0,4.0,3.0,4.0,4.0,4.0,2.0,5.0,4.0,3.0,6.0,1.0,3.0,3.0,5.0,4.0,4.0,2.0,6.0,16.0,1.0,1.0,1.0,2.0,1.0,1.0,1.0,1.0,1.0,1.0,1.0,6.0,1.0,4.0,6.0,4.0,1.0,6.0,2.0,2.0,2.0,5.0,3.0,4.0,6.0,1.0,2.0,2.0,5.0,64.0,2.0,1.0,8.0,512.0,1.0,1.0,1.0,1.0,1.0,1.0,1.0,4.0,1.0,4.0,4.0,4.0,3.0,5.0,6.0,1.0,4.0,1.0,4.0,6.0,1.0,3.0,1.0,6.0,2.0,512.0,2048.0,1.0,128.0,256.0,1.0,1.0,1.0,1.0,1.0,1.0,1.0,2484022632.0,7163728.979999999,66727300.0,0.7315013,144.0,514.0,294912.0,1.7794864915834272e+16,2.2,0.3907860000000001,107.6,15758.5
64000.0,16000.0,256.0,64.0,3.0,20.0,10.0,12.0,4.0,5.0,1.0,6.0,1.0,1.0,5.0,3.0,6.0,4.0,4.0,2.0,5.0,4.0,4.0,4.0,5.0,6.0,1.0,4.0,1.0,1.0,5.0,3.0,32.0,512.0,1.0,384.0,128.0,1.0,1.0,1.0,1.0,1.0,1.0,1.0,5.0,1.0,4.0,4.0,6.0,6.0,4.0,6.0,6.0,6.0,6.0,6.0,6.0,1.0,1.0,3.0,6.0,3.0,64.0,16.0,1.0,16.0,1.0,1.0,64.0,32.0,1.0,1.0,1.0,1.0,5.0,5.0,2.0,4.0,2.0,3.0,5.0,5.0,1.0,6.0,3.0,3.0,4.0,2.0,5.0,2.0,2.0,5.0,64.0,2.0,1.0,2.0,64.0,1.0,4.0,4.0,1.0,1.0,1.0,1.0,4.0,5.0,4.0,6.0,3.0,2.0,5.0,5.0,2.0,5.0,3.0,1.0,3.0,3.0,3.0,4.0,3.0,6.0,4.0,64.0,1.0,2.0,16.0,1.0,1.0,1.0,1.0,1.0,1.0,1.0,5.0,5.0,1.0,6.0,4.0,5.0,4.0,3.0,1.0,3.0,1.0,4.0,4.0,6.0,4.0,1.0,4.0,3.0,256.0,1.0,1.0,64.0,2048.0,1.0,1.0,1.0,1.0,1.0,1.0,1.0,2.0,1.0,3.0,1.0,3.0,1.0,2.0,3.0,5.0,5.0,1.0,6.0,3.0,3.0,5.0,5.0,2.0,2.0,512.0,1024.0,1.0,4.0,512.0,1.0,1.0,1.0,1.0,1.0,1.0,1.0,137178804.0,3987936.48,3859340000.0,14.237445,2400.0,514.0,1638400.0,547060356754369.94,41.4619,0.7753905,107.6,194867.2
2048000.0,64000.0,256.0,64.0,3.0,34.0,24.0,18.0,5.0,3.0,6.0,5.0,6.0,1.0,5.0,1.0,5.0,3.0,1.0,3.0,5.0,1.0,4.0,6.0,4.0,5.0,1.0,2.0,5.0,3.0,5.0,1.0,32.0,128.0,1.0,3.0,32.0,1.0,1.0,1.0,1.0,1.0,1.0,1.0,2.0,3.0,6.0,2.0,6.0,1.0,4.0,4.0,3.0,2.0,4.0,3.0,3.0,3.0,1.0,2.0,2.0,6.0,16.0,32.0,1.0,64.0,64.0,1.0,32.0,8.0,1.0,1.0,1.0,1.0,1.0,1.0,4.0,4.0,5.0,6.0,2.0,2.0,3.0,2.0,6.0,6.0,2.0,4.0,3.0,6.0,6.0,5.0,2.0,4.0,1.0,8.0,4.0,1.0,32.0,1.0,1.0,1.0,1.0,1.0,1.0,3.0,4.0,1.0,4.0,6.0,5.0,5.0,3.0,5.0,1.0,4.0,4.0,3.0,1.0,1.0,6.0,3.0,2.0,256.0,1.0,8.0,64.0,1.0,1.0,1.0,1.0,1.0,1.0,1.0,1.0,3.0,3.0,4.0,6.0,4.0,3.0,5.0,3.0,2.0,5.0,6.0,2.0,3.0,6.0,2.0,3.0,6.0,16.0,2.0,1.0,1.0,256.0,1.0,1.0,1.0,1.0,1.0,1.0,1.0,2.0,5.0,5.0,5.0,4.0,4.0,3.0,5.0,4.0,2.0,5.0,6.0,5.0,1.0,4.0,3.0,6.0,1.0,8.0,256.0,1.0,32.0,128.0,1.0,1.0,1.0,1.0,1.0,1.0,1.0,665416848.0,4244598.42,115591000000.0,162.17545,14688.0,514.0,163840.0,2824427301662180.0,28.6,0.7319662499999999,107.6,32384.0
16000.0,16000.0,256.0,64.0,2.0,36.0,48.0,46.0,5.0,6.0,5.0,2.0,6.0,4.0,5.0,2.0,5.0,3.0,4.0,6.0,2.0,5.0,4.0,4.0,4.0,1.0,6.0,2.0,2.0,3.0,4.0,3.0,1.0,2.0,1.0,4.0,768.0,1.0,1.0,1.0,1.0,1.0,1.0,1.0,1.0,5.0,3.0,4.0,1.0,3.0,4.0,1.0,6.0,2.0,6.0,4.0,6.0,2.0,6.0,4.0,5.0,4.0,2.0,1.0,1.0,16.0,64.0,1.0,4.0,1.0,1.0,1.0,1.0,1.0,2.0,3.0,5.0,1.0,6.0,5.0,1.0,5.0,2.0,5.0,1.0,1.0,5.0,6.0,4.0,4.0,4.0,3.0,2.0,32.0,1.0,16.0,1.0,1.0,1.0,1.0,1.0,1.0,1.0,1.0,4.0,5.0,3.0,2.0,5.0,3.0,2.0,6.0,3.0,1.0,3.0,1.0,4.0,2.0,1.0,2.0,6.0,4.0,512.0,64.0,1.0,2.0,4.0,1.0,1.0,1.0,1.0,1.0,1.0,1.0,5.0,6.0,3.0,4.0,3.0,4.0,6.0,4.0,6.0,1.0,3.0,6.0,2.0,5.0,4.0,1.0,3.0,5.0,2.0,256.0,1.0,64.0,2.0,1.0,1.0,1.0,1.0,1.0,1.0,1.0,2.0,3.0,6.0,6.0,3.0,3.0,6.0,1.0,4.0,5.0,6.0,3.0,6.0,1.0,4.0,2.0,5.0,3.0,256.0,512.0,1.0,128.0,2.0,1.0,1.0,1.0,1.0,1.0,1.0,1.0,61992264.0,8977230.120000001,3334470000.0,12.341969999999998,2208.0,514.0,139264.0,556518819587791.75,29.260624999999997,17.823013349999997,107.6,13698.4
64000.0,1024000.0,256.0,64.0,3.0,38.0,6.0,46.0,5.0,2.0,6.0,6.0,6.0,1.0,5.0,4.0,5.0,3.0,3.0,2.0,3.0,1.0,6.0,2.0,3.0,1.0,3.0,5.0,2.0,5.0,6.0,5.0,32.0,512.0,1.0,3.0,768.0,1.0,1.0,1.0,1.0,1.0,1.0,1.0,4.0,2.0,6.0,5.0,4.0,3.0,3.0,1.0,2.0,3.0,4.0,6.0,3.0,6.0,4.0,6.0,3.0,5.0,32.0,4.0,1.0,16.0,1.0,1.0,8.0,2.0,1.0,1.0,1.0,1.0,5.0,3.0,4.0,2.0,6.0,2.0,1.0,2.0,1.0,5.0,5.0,4.0,1.0,3.0,1.0,2.0,4.0,4.0,8.0,8.0,1.0,64.0,4.0,1.0,2.0,4.0,1.0,1.0,1.0,1.0,6.0,3.0,3.0,2.0,5.0,6.0,4.0,3.0,4.0,3.0,2.0,5.0,1.0,6.0,5.0,4.0,5.0,3.0,256.0,512.0,1.0,16.0,256.0,1.0,1.0,1.0,1.0,1.0,1.0,1.0,6.0,4.0,6.0,2.0,1.0,3.0,2.0,2.0,3.0,4.0,6.0,3.0,2.0,6.0,5.0,6.0,2.0,1.0,64.0,8.0,1.0,4.0,128.0,1.0,1.0,1.0,1.0,1.0,1.0,1.0,4.0,3.0,4.0,3.0,4.0,1.0,4.0,2.0,3.0,5.0,6.0,5.0,2.0,3.0,3.0,2.0,3.0,4.0,256.0,1.0,1.0,8.0,1.0,1.0,1.0,1.0,1.0,1.0,1.0,1.0,2429219292.0,4000371.3,60090600000.0,96.75210000000001,10488.0,514.0,1114112.0,9717779137123120.0,13.0,0.900683594,107.6,94924.8
256000.0,512000.0,256.0,64.0,3.0,16.0,22.0,22.0,3.0,3.0,5.0,5.0,5.0,1.0,1.0,6.0,6.0,5.0,4.0,6.0,1.0,4.0,4.0,1.0,3.0,3.0,6.0,4.0,5.0,4.0,5.0,4.0,64.0,256.0,1.0,384.0,96.0,1.0,1.0,1.0,1.0,1.0,1.0,1.0,5.0,1.0,3.0,6.0,6.0,3.0,2.0,2.0,4.0,5.0,3.0,2.0,6.0,1.0,3.0,1.0,6.0,4.0,2.0,64.0,1.0,16.0,2.0,1.0,8.0,16.0,1.0,1.0,1.0,1.0,5.0,4.0,6.0,1.0,6.0,2.0,1.0,5.0,2.0,3.0,4.0,1.0,5.0,3.0,2.0,6.0,3.0,1.0,128.0,32.0,1.0,64.0,8.0,1.0,2.0,16.0,1.0,1.0,1.0,1.0,2.0,2.0,3.0,6.0,5.0,5.0,3.0,6.0,3.0,2.0,1.0,3.0,1.0,4.0,2.0,3.0,3.0,2.0,128.0,256.0,1.0,1.0,2.0,1.0,1.0,1.0,1.0,1.0,1.0,1.0,2.0,4.0,6.0,6.0,2.0,1.0,4.0,1.0,1.0,5.0,3.0,2.0,4.0,2.0,6.0,6.0,6.0,4.0,512.0,128.0,1.0,32.0,32.0,1.0,1.0,1.0,1.0,1.0,1.0,1.0,6.0,5.0,3.0,6.0,5.0,6.0,2.0,4.0,2.0,5.0,3.0,3.0,5.0,3.0,3.0,5.0,2.0,5.0,64.0,128.0,1.0,8.0,2.0,1.0,1.0,1.0,1.0,1.0,1.0,1.0,2435525796.0,3947693.25,33540200000.0,62.08580500000001,7744.0,514.0,360448.0,9614708745070076.0,5.0,0.0005859375,107.6,57216.0
256000.0,16000000.0,256.0,64.0,1.0,30.0,8.0,8.0,6.0,6.0,6.0,1.0,6.0,6.0,6.0,1.0,6.0,5.0,3.0,3.0,6.0,2.0,4.0,3.0,3.0,2.0,5.0,5.0,2.0,3.0,2.0,5.0,512.0,16.0,1.0,3.0,512.0,1.0,1.0,1.0,1.0,1.0,1.0,1.0,1.0,4.0,6.0,4.0,2.0,4.0,6.0,6.0,1.0,4.0,2.0,6.0,4.0,4.0,4.0,2.0,2.0,3.0,32.0,2.0,1.0,1.0,8.0,1.0,8.0,32.0,1.0,1.0,1.0,1.0,2.0,6.0,6.0,1.0,4.0,1.0,2.0,5.0,1.0,1.0,6.0,6.0,2.0,4.0,6.0,1.0,4.0,6.0,128.0,128.0,1.0,4.0,16.0,1.0,8.0,64.0,1.0,1.0,1.0,1.0,6.0,2.0,6.0,1.0,4.0,4.0,6.0,2.0,2.0,3.0,1.0,4.0,3.0,6.0,6.0,1.0,6.0,2.0,2.0,128.0,1.0,16.0,16.0,1.0,1.0,1.0,1.0,1.0,1.0,1.0,6.0,6.0,5.0,5.0,3.0,2.0,1.0,4.0,6.0,6.0,3.0,3.0,1.0,6.0,6.0,3.0,1.0,2.0,2.0,1.0,1.0,32.0,256.0,1.0,1.0,1.0,1.0,1.0,1.0,1.0,4.0,5.0,3.0,6.0,1.0,4.0,3.0,5.0,3.0,1.0,1.0,4.0,6.0,2.0,6.0,5.0,3.0,6.0,512.0,128.0,1.0,64.0,32.0,1.0,1.0,1.0,1.0,1.0,1.0,1.0,314573016.0,10748624.16,3853450.0,0.044722700000000004,8.0,514.0,2320.0,3381227119861666.5,8.0,10.296381,107.6,491.2
128.0,4096000.0,256.0,64.0,3.0,38.0,30.0,40.0,1.0,4.0,6.0,1.0,2.0,5.0,6.0,6.0,6.0,4.0,1.0,5.0,5.0,2.0,4.0,5.0,4.0,3.0,2.0,4.0,3.0,3.0,6.0,5.0,16.0,128.0,1.0,192.0,16.0,1.0,1.0,1.0,1.0,1.0,1.0,1.0,6.0,3.0,3.0,4.0,6.0,4.0,2.0,3.0,6.0,3.0,2.0,1.0,3.0,1.0,1.0,1.0,6.0,1.0,4.0,32.0,1.0,4.0,8.0,1.0,128.0,128.0,1.0,1.0,1.0,1.0,4.0,1.0,3.0,5.0,5.0,2.0,1.0,5.0,5.0,1.0,6.0,6.0,2.0,2.0,2.0,6.0,6.0,3.0,4.0,2.0,1.0,1.0,64.0,1.0,64.0,64.0,1.0,1.0,1.0,1.0,5.0,2.0,5.0,3.0,2.0,5.0,5.0,1.0,3.0,4.0,6.0,3.0,4.0,2.0,6.0,5.0,4.0,3.0,8.0,16.0,1.0,32.0,4.0,1.0,1.0,1.0,1.0,1.0,1.0,1.0,6.0,6.0,1.0,6.0,3.0,4.0,6.0,5.0,4.0,6.0,3.0,5.0,5.0,5.0,5.0,4.0,6.0,6.0,512.0,128.0,1.0,16.0,64.0,1.0,1.0,1.0,1.0,1.0,1.0,1.0,1.0,3.0,4.0,5.0,2.0,1.0,2.0,6.0,5.0,1.0,5.0,4.0,5.0,1.0,4.0,1.0,1.0,1.0,2.0,16.0,1.0,256.0,512.0,1.0,1.0,1.0,1.0,1.0,1.0,1.0,223892796.0,4249579.279999999,1077200000000.0,1120.815,45600.0,514.0,212992.0,951450186822866.8,5.62857,0.2466797,107.6,33433.6
2048000.0,8192000.0,256.0,64.0,3.0,46.0,24.0,8.0,2.0,5.0,2.0,3.0,6.0,2.0,6.0,3.0,2.0,6.0,2.0,2.0,3.0,6.0,4.0,4.0,6.0,3.0,3.0,1.0,2.0,6.0,5.0,6.0,32.0,256.0,1.0,3.0,6.0,1.0,1.0,1.0,1.0,1.0,1.0,1.0,3.0,2.0,2.0,4.0,6.0,4.0,1.0,1.0,5.0,5.0,4.0,4.0,4.0,5.0,1.0,1.0,6.0,4.0,8.0,2.0,1.0,64.0,8.0,1.0,32.0,64.0,1.0,1.0,1.0,1.0,3.0,1.0,2.0,2.0,5.0,5.0,2.0,4.0,4.0,4.0,4.0,5.0,2.0,3.0,6.0,4.0,3.0,6.0,4.0,32.0,1.0,32.0,8.0,1.0,8.0,16.0,1.0,1.0,1.0,1.0,5.0,5.0,1.0,1.0,6.0,1.0,4.0,1.0,4.0,6.0,6.0,5.0,3.0,6.0,1.0,2.0,2.0,6.0,8.0,16.0,1.0,1.0,256.0,1.0,1.0,1.0,1.0,1.0,1.0,1.0,5.0,3.0,2.0,4.0,4.0,5.0,4.0,3.0,5.0,2.0,5.0,1.0,6.0,1.0,1.0,1.0,6.0,1.0,64.0,512.0,1.0,256.0,2.0,1.0,1.0,1.0,1.0,1.0,1.0,1.0,4.0,6.0,5.0,1.0,2.0,3.0,6.0,2.0,4.0,3.0,6.0,3.0,5.0,2.0,4.0,1.0,3.0,2.0,2048.0,2048.0,1.0,16.0,2.0,1.0,1.0,1.0,1.0,1.0,1.0,1.0,468318996.0,4007968.8799999994,43149300000.0,75.01956999999999,8832.0,514.0,593920.0,1877007961880844.2,7.5302999999999995,0.45527344,107.6,65766.4
128.0,32000000.0,256.0,64.0,3.0,16.0,24.0,22.0,4.0,1.0,6.0,1.0,4.0,2.0,5.0,3.0,5.0,1.0,4.0,1.0,3.0,4.0,2.0,6.0,4.0,2.0,2.0,4.0,4.0,6.0,5.0,3.0,128.0,512.0,1.0,48.0,96.0,1.0,1.0,1.0,1.0,1.0,1.0,1.0,1.0,6.0,6.0,1.0,1.0,4.0,1.0,3.0,5.0,5.0,1.0,2.0,5.0,6.0,1.0,3.0,5.0,5.0,64.0,16.0,1.0,8.0,2.0,1.0,64.0,16.0,1.0,1.0,1.0,1.0,4.0,1.0,2.0,3.0,5.0,3.0,2.0,1.0,1.0,6.0,2.0,1.0,5.0,3.0,3.0,1.0,4.0,1.0,2.0,32.0,1.0,1.0,64.0,1.0,32.0,4.0,1.0,1.0,1.0,1.0,5.0,6.0,4.0,1.0,1.0,2.0,3.0,4.0,1.0,6.0,6.0,6.0,4.0,1.0,6.0,1.0,2.0,2.0,16.0,64.0,1.0,16.0,32.0,1.0,1.0,1.0,1.0,1.0,1.0,1.0,4.0,1.0,2.0,4.0,1.0,2.0,5.0,5.0,6.0,1.0,4.0,4.0,1.0,5.0,3.0,5.0,3.0,5.0,2.0,32.0,1.0,128.0,4.0,1.0,1.0,1.0,1.0,1.0,1.0,1.0,3.0,2.0,1.0,4.0,5.0,4.0,5.0,1.0,2.0,5.0,2.0,6.0,5.0,4.0,1.0,3.0,4.0,6.0,16.0,256.0,1.0,512.0,256.0,1.0,1.0,1.0,1.0,1.0,1.0,1.0,310233648.0,4065953.04,39620100000.0,70.30560499999999,8448.0,514.0,458752.0,1261395444195890.0,18.0,0.2875,107.6,53862.4
64000.0,128000.0,256.0,64.0,2.0,24.0,14.0,6.0,3.0,1.0,3.0,2.0,3.0,5.0,1.0,3.0,3.0,5.0,5.0,1.0,3.0,1.0,6.0,3.0,5.0,1.0,6.0,3.0,5.0,1.0,1.0,1.0,8.0,1.0,1.0,1536.0,768.0,1.0,1.0,1.0,1.0,1.0,1.0,1.0,1.0,3.0,1.0,6.0,1.0,5.0,6.0,3.0,1.0,3.0,2.0,3.0,5.0,1.0,5.0,6.0,5.0,6.0,4.0,16.0,1.0,128.0,2.0,1.0,8.0,16.0,1.0,1.0,1.0,1.0,3.0,2.0,3.0,6.0,6.0,5.0,6.0,4.0,5.0,1.0,5.0,1.0,5.0,3.0,6.0,5.0,4.0,4.0,4.0,4.0,1.0,64.0,4.0,1.0,8.0,2.0,1.0,1.0,1.0,1.0,1.0,2.0,1.0,1.0,2.0,3.0,6.0,3.0,1.0,2.0,2.0,3.0,3.0,4.0,4.0,6.0,5.0,1.0,512.0,128.0,1.0,256.0,1.0,1.0,1.0,1.0,1.0,1.0,1.0,1.0,3.0,4.0,3.0,5.0,1.0,1.0,5.0,6.0,1.0,4.0,6.0,5.0,4.0,6.0,2.0,2.0,6.0,2.0,1.0,128.0,1.0,256.0,1.0,1.0,1.0,1.0,1.0,1.0,1.0,1.0,3.0,3.0,3.0,3.0,6.0,6.0,6.0,5.0,2.0,5.0,4.0,6.0,4.0,3.0,5.0,5.0,5.0,5.0,32.0,1.0,1.0,256.0,512.0,1.0,1.0,1.0,1.0,1.0,1.0,1.0,2283092496.0,17453893.32,36668400.0,0.4469831,84.0,514.0,198400.0,3.984885286487653e+16,3.640909,1.5830703049999997,107.6,14995.3
1024.0,16000.0,256.0,64.0,2.0,26.0,24.0,26.0,2.0,5.0,4.0,5.0,5.0,4.0,2.0,4.0,4.0,3.0,1.0,4.0,2.0,1.0,1.0,4.0,2.0,6.0,1.0,2.0,3.0,3.0,2.0,6.0,16.0,1.0,1.0,1.0,64.0,1.0,1.0,1.0,1.0,1.0,1.0,1.0,3.0,2.0,3.0,3.0,2.0,3.0,6.0,5.0,3.0,2.0,4.0,1.0,6.0,4.0,1.0,6.0,5.0,4.0,32.0,1.0,1.0,4.0,2.0,1.0,8.0,32.0,1.0,1.0,1.0,1.0,1.0,2.0,5.0,6.0,3.0,2.0,5.0,5.0,1.0,6.0,3.0,6.0,3.0,6.0,5.0,2.0,3.0,2.0,16.0,64.0,1.0,16.0,64.0,1.0,4.0,1.0,1.0,1.0,1.0,1.0,2.0,4.0,1.0,3.0,2.0,3.0,5.0,2.0,6.0,6.0,4.0,6.0,2.0,5.0,3.0,3.0,2.0,3.0,128.0,128.0,1.0,1.0,1.0,1.0,1.0,1.0,1.0,1.0,1.0,1.0,1.0,2.0,5.0,5.0,5.0,6.0,2.0,5.0,2.0,1.0,3.0,6.0,3.0,4.0,2.0,2.0,5.0,6.0,4.0,8.0,1.0,512.0,8.0,1.0,1.0,1.0,1.0,1.0,1.0,1.0,6.0,6.0,4.0,5.0,1.0,4.0,6.0,5.0,2.0,3.0,2.0,4.0,2.0,2.0,2.0,4.0,6.0,5.0,32.0,4.0,1.0,1.0,2.0,1.0,1.0,1.0,1.0,1.0,1.0,1.0,112119534.0,8456648.760000002,439183000.0,3.0720734999999997,624.0,514.0,51712.0,948155518172878.0,16.424225,10.028015049999999,107.6,7621.6
256000.0,32000.0,256.0,64.0,1.0,32.0,34.0,8.0,6.0,6.0,4.0,6.0,4.0,2.0,5.0,3.0,4.0,3.0,5.0,6.0,2.0,1.0,3.0,3.0,6.0,2.0,3.0,6.0,5.0,4.0,1.0,4.0,64.0,2.0,1.0,768.0,64.0,1.0,1.0,1.0,1.0,1.0,1.0,1.0,6.0,2.0,6.0,2.0,3.0,4.0,1.0,3.0,4.0,2.0,6.0,2.0,6.0,6.0,6.0,4.0,1.0,5.0,4.0,64.0,1.0,1.0,16.0,1.0,1.0,2.0,1.0,1.0,1.0,1.0,4.0,2.0,6.0,3.0,6.0,3.0,2.0,4.0,5.0,5.0,4.0,4.0,4.0,3.0,5.0,1.0,1.0,1.0,4.0,128.0,1.0,4.0,64.0,1.0,1.0,2.0,1.0,1.0,1.0,1.0,2.0,3.0,4.0,6.0,5.0,1.0,1.0,2.0,3.0,3.0,5.0,6.0,3.0,3.0,2.0,4.0,4.0,3.0,128.0,256.0,1.0,2.0,2.0,1.0,1.0,1.0,1.0,1.0,1.0,1.0,3.0,5.0,6.0,6.0,5.0,1.0,6.0,1.0,2.0,4.0,5.0,6.0,1.0,1.0,6.0,3.0,2.0,3.0,1.0,4.0,1.0,2048.0,64.0,1.0,1.0,1.0,1.0,1.0,1.0,1.0,5.0,1.0,6.0,6.0,2.0,5.0,2.0,6.0,6.0,3.0,2.0,1.0,3.0,6.0,4.0,2.0,5.0,4.0,2048.0,2.0,1.0,4.0,1.0,1.0,1.0,1.0,1.0,1.0,1.0,1.0,314573016.0,12418385.52,3853450.0,0.044722700000000004,8.0,514.0,2320.0,3906488986877128.0,8.0,7.3238745,107.6,491.2
256.0,64000.0,256.0,64.0,2.0,12.0,32.0,20.0,1.0,4.0,6.0,6.0,3.0,1.0,1.0,3.0,3.0,3.0,2.0,5.0,4.0,2.0,4.0,3.0,2.0,3.0,3.0,4.0,5.0,4.0,1.0,3.0,8.0,8.0,1.0,1536.0,128.0,1.0,1.0,1.0,1.0,1.0,1.0,1.0,6.0,1.0,4.0,2.0,6.0,4.0,6.0,1.0,5.0,5.0,5.0,6.0,6.0,5.0,3.0,3.0,5.0,6.0,32.0,64.0,1.0,2.0,64.0,1.0,8.0,64.0,1.0,1.0,1.0,1.0,2.0,5.0,4.0,3.0,3.0,5.0,2.0,1.0,2.0,4.0,4.0,6.0,4.0,1.0,4.0,2.0,4.0,3.0,16.0,2.0,1.0,2.0,2.0,1.0,1.0,32.0,1.0,1.0,1.0,1.0,4.0,2.0,5.0,2.0,4.0,4.0,3.0,2.0,5.0,4.0,2.0,5.0,6.0,3.0,4.0,6.0,6.0,5.0,256.0,32.0,1.0,1.0,2.0,1.0,1.0,1.0,1.0,1.0,1.0,1.0,1.0,1.0,2.0,3.0,3.0,2.0,2.0,1.0,3.0,4.0,6.0,2.0,1.0,6.0,2.0,5.0,6.0,2.0,64.0,2.0,1.0,256.0,64.0,1.0,1.0,1.0,1.0,1.0,1.0,1.0,5.0,1.0,3.0,4.0,1.0,3.0,2.0,1.0,5.0,3.0,5.0,4.0,2.0,5.0,5.0,4.0,3.0,4.0,1024.0,512.0,1.0,64.0,8.0,1.0,1.0,1.0,1.0,1.0,1.0,1.0,2421144162.0,6091057.539999999,455652000.0,3.175927,640.0,514.0,141312.0,1.474732840337708e+16,19.4,5.395895662500001,107.6,13830.4
2048.0,128000.0,256.0,64.0,3.0,34.0,46.0,46.0,5.0,5.0,6.0,3.0,3.0,5.0,3.0,6.0,4.0,4.0,3.0,1.0,2.0,1.0,5.0,3.0,3.0,5.0,2.0,3.0,1.0,6.0,3.0,1.0,1.0,1.0,1.0,192.0,64.0,1.0,1.0,1.0,1.0,1.0,1.0,1.0,5.0,3.0,3.0,4.0,5.0,1.0,5.0,5.0,1.0,5.0,5.0,3.0,1.0,1.0,5.0,2.0,6.0,1.0,32.0,2.0,1.0,2.0,32.0,1.0,2.0,64.0,1.0,1.0,1.0,1.0,4.0,1.0,1.0,5.0,3.0,1.0,1.0,6.0,3.0,6.0,4.0,1.0,4.0,1.0,5.0,3.0,4.0,1.0,32.0,16.0,1.0,2.0,128.0,1.0,16.0,4.0,1.0,1.0,1.0,1.0,3.0,6.0,2.0,4.0,3.0,6.0,4.0,1.0,6.0,1.0,3.0,5.0,3.0,5.0,6.0,5.0,5.0,6.0,8.0,4.0,1.0,1.0,512.0,1.0,1.0,1.0,1.0,1.0,1.0,1.0,4.0,5.0,5.0,1.0,6.0,3.0,3.0,1.0,6.0,3.0,5.0,4.0,6.0,3.0,3.0,3.0,2.0,6.0,2.0,8.0,1.0,32.0,4.0,1.0,1.0,1.0,1.0,1.0,1.0,1.0,5.0,4.0,3.0,5.0,6.0,5.0,2.0,3.0,6.0,1.0,2.0,2.0,3.0,5.0,6.0,2.0,1.0,2.0,128.0,1024.0,1.0,256.0,1.0,1.0,1.0,1.0,1.0,1.0,1.0,1.0,275357442.0,7159213.380000001,2665360000000.0,2598.768,71944.0,514.0,851968.0,1971342683048974.2,34.9,2.30273475,107.6,71532.8
2048000.0,16000000.0,256.0,64.0,1.0,40.0,16.0,20.0,2.0,4.0,5.0,2.0,1.0,2.0,6.0,3.0,6.0,5.0,5.0,1.0,6.0,5.0,1.0,1.0,6.0,5.0,3.0,2.0,5.0,5.0,5.0,4.0,512.0,512.0,1.0,3.0,32.0,1.0,1.0,1.0,1.0,1.0,1.0,1.0,3.0,5.0,1.0,4.0,3.0,4.0,3.0,5.0,6.0,5.0,3.0,5.0,3.0,1.0,2.0,1.0,1.0,2.0,64.0,4.0,1.0,16.0,128.0,1.0,32.0,2.0,1.0,1.0,1.0,1.0,4.0,6.0,4.0,2.0,4.0,5.0,1.0,4.0,5.0,4.0,4.0,6.0,3.0,4.0,3.0,1.0,1.0,4.0,128.0,64.0,1.0,128.0,8.0,1.0,16.0,64.0,1.0,1.0,1.0,1.0,4.0,3.0,2.0,3.0,2.0,6.0,5.0,4.0,1.0,6.0,1.0,5.0,2.0,4.0,1.0,4.0,4.0,1.0,16.0,4.0,1.0,16.0,2.0,1.0,1.0,1.0,1.0,1.0,1.0,1.0,5.0,2.0,1.0,4.0,5.0,5.0,3.0,3.0,4.0,4.0,6.0,5.0,1.0,2.0,2.0,1.0,1.0,1.0,4.0,16.0,1.0,2048.0,1.0,1.0,1.0,1.0,1.0,1.0,1.0,1.0,5.0,3.0,6.0,4.0,5.0,4.0,3.0,2.0,2.0,2.0,6.0,6.0,6.0,4.0,4.0,1.0,1.0,3.0,128.0,16.0,1.0,2.0,8.0,1.0,1.0,1.0,1.0,1.0,1.0,1.0,2421817464.0,19800650.160000004,8639980.0,0.09876468000000002,20.0,514.0,514.0,4.79535603560424e+16,13.914279999999996,14.014739999999998,107.6,168.4
1024000.0,16000.0,256.0,64.0,3.0,28.0,30.0,38.0,3.0,1.0,3.0,4.0,5.0,4.0,1.0,5.0,4.0,4.0,3.0,3.0,6.0,4.0,2.0,3.0,4.0,4.0,2.0,3.0,3.0,1.0,6.0,4.0,16.0,32.0,1.0,384.0,1536.0,1.0,1.0,1.0,1.0,1.0,1.0,1.0,5.0,5.0,1.0,5.0,3.0,1.0,5.0,4.0,4.0,2.0,1.0,6.0,3.0,2.0,5.0,4.0,1.0,4.0,32.0,4.0,1.0,4.0,1.0,1.0,16.0,32.0,1.0,1.0,1.0,1.0,5.0,2.0,6.0,6.0,5.0,3.0,2.0,4.0,6.0,4.0,1.0,6.0,2.0,3.0,2.0,6.0,6.0,6.0,16.0,8.0,1.0,4.0,16.0,1.0,1.0,2.0,1.0,1.0,1.0,1.0,4.0,4.0,6.0,3.0,5.0,3.0,6.0,3.0,6.0,6.0,6.0,2.0,6.0,3.0,6.0,1.0,6.0,1.0,4.0,128.0,1.0,1.0,64.0,1.0,1.0,1.0,1.0,1.0,1.0,1.0,5.0,3.0,1.0,4.0,3.0,5.0,5.0,6.0,1.0,5.0,2.0,5.0,5.0,4.0,4.0,6.0,5.0,1.0,16.0,512.0,1.0,128.0,64.0,1.0,1.0,1.0,1.0,1.0,1.0,1.0,3.0,2.0,6.0,2.0,4.0,2.0,2.0,4.0,1.0,2.0,5.0,6.0,2.0,1.0,4.0,4.0,1.0,6.0,2048.0,32.0,1.0,2.0,64.0,1.0,1.0,1.0,1.0,1.0,1.0,1.0,2519570784.0,4163547.76,531509000000.0,593.4699,31920.0,514.0,802816.0,1.0490353293884644e+16,1.0,0.2617188,107.6,84428.8
512000.0,64000.0,256.0,64.0,1.0,24.0,24.0,10.0,5.0,3.0,1.0,3.0,6.0,2.0,6.0,5.0,1.0,6.0,2.0,5.0,3.0,3.0,5.0,3.0,3.0,3.0,2.0,6.0,6.0,4.0,4.0,2.0,1.0,8.0,1.0,384.0,128.0,1.0,1.0,1.0,1.0,1.0,1.0,1.0,5.0,5.0,3.0,5.0,2.0,2.0,6.0,2.0,5.0,4.0,6.0,6.0,3.0,1.0,1.0,5.0,3.0,2.0,4.0,4.0,1.0,128.0,4.0,1.0,64.0,8.0,1.0,1.0,1.0,1.0,3.0,2.0,4.0,6.0,4.0,1.0,6.0,2.0,1.0,5.0,1.0,1.0,4.0,6.0,6.0,5.0,5.0,5.0,1.0,1.0,1.0,8.0,2.0,1.0,2.0,32.0,1.0,1.0,1.0,1.0,4.0,4.0,2.0,6.0,5.0,5.0,1.0,2.0,1.0,6.0,1.0,3.0,2.0,2.0,5.0,3.0,6.0,4.0,2.0,8.0,1.0,1.0,8.0,1.0,1.0,1.0,1.0,1.0,1.0,1.0,6.0,5.0,3.0,1.0,6.0,1.0,1.0,2.0,4.0,3.0,2.0,5.0,5.0,3.0,4.0,5.0,3.0,1.0,64.0,128.0,1.0,2048.0,1.0,1.0,1.0,1.0,1.0,1.0,1.0,1.0,5.0,5.0,6.0,1.0,4.0,5.0,4.0,3.0,5.0,2.0,4.0,2.0,4.0,4.0,2.0,1.0,6.0,2.0,64.0,1024.0,1.0,512.0,2.0,1.0,1.0,1.0,1.0,1.0,1.0,1.0,2516582520.0,18377354.400000002,4640860.0,0.05259191999999999,10.0,514.0,514.0,4.6248128846885096e+16,1.0,1.3972909999999998,107.6,107.6
128000.0,128000.0,256.0,64.0,1.0,42.0,16.0,40.0,5.0,5.0,1.0,1.0,2.0,2.0,2.0,2.0,4.0,4.0,3.0,4.0,3.0,1.0,5.0,5.0,1.0,6.0,6.0,3.0,4.0,3.0,4.0,4.0,2.0,16.0,1.0,16.0,32.0,1.0,1.0,1.0,1.0,1.0,1.0,1.0,4.0,4.0,2.0,6.0,2.0,1.0,1.0,2.0,3.0,5.0,6.0,1.0,2.0,5.0,1.0,5.0,5.0,2.0,2.0,8.0,1.0,64.0,128.0,1.0,4.0,16.0,1.0,1.0,1.0,1.0,2.0,6.0,2.0,5.0,6.0,1.0,1.0,3.0,5.0,3.0,4.0,5.0,6.0,3.0,3.0,1.0,6.0,2.0,2.0,2.0,1.0,16.0,1.0,1.0,8.0,64.0,1.0,1.0,1.0,1.0,3.0,1.0,6.0,5.0,5.0,6.0,2.0,1.0,4.0,1.0,6.0,2.0,3.0,4.0,1.0,1.0,6.0,5.0,2.0,32.0,1.0,8.0,4.0,1.0,1.0,1.0,1.0,1.0,1.0,1.0,5.0,5.0,3.0,4.0,3.0,4.0,6.0,4.0,4.0,3.0,3.0,4.0,2.0,4.0,3.0,3.0,6.0,5.0,8.0,8.0,1.0,2.0,16.0,1.0,1.0,1.0,1.0,1.0,1.0,1.0,2.0,4.0,6.0,5.0,6.0,6.0,1.0,1.0,2.0,6.0,1.0,2.0,5.0,6.0,6.0,5.0,1.0,3.0,64.0,1.0,1.0,8.0,512.0,1.0,1.0,1.0,1.0,1.0,1.0,1.0,64488024.0,12842854.8,16945000.0,0.1982834,40.0,514.0,10576.0,828210328570915.2,33.47691999999999,31.304877,107.6,2244.8
128000.0,16000000.0,256.0,64.0,1.0,40.0,2.0,12.0,2.0,1.0,5.0,3.0,3.0,5.0,2.0,6.0,5.0,2.0,2.0,4.0,2.0,3.0,6.0,4.0,4.0,1.0,2.0,2.0,5.0,5.0,2.0,6.0,16.0,2.0,1.0,8.0,128.0,1.0,1.0,1.0,1.0,1.0,1.0,1.0,1.0,5.0,4.0,3.0,1.0,3.0,1.0,2.0,2.0,5.0,3.0,6.0,5.0,4.0,2.0,2.0,5.0,6.0,1.0,8.0,1.0,64.0,16.0,1.0,2.0,32.0,1.0,1.0,1.0,1.0,6.0,6.0,6.0,5.0,5.0,1.0,1.0,5.0,6.0,3.0,5.0,6.0,2.0,1.0,3.0,4.0,4.0,1.0,2.0,4.0,1.0,128.0,16.0,1.0,64.0,16.0,1.0,1.0,1.0,1.0,6.0,6.0,2.0,1.0,5.0,2.0,3.0,5.0,1.0,5.0,3.0,1.0,3.0,2.0,6.0,6.0,2.0,6.0,256.0,64.0,1.0,256.0,4.0,1.0,1.0,1.0,1.0,1.0,1.0,1.0,6.0,6.0,3.0,1.0,5.0,3.0,5.0,1.0,5.0,6.0,1.0,6.0,2.0,6.0,2.0,3.0,2.0,6.0,8.0,32.0,1.0,256.0,256.0,1.0,1.0,1.0,1.0,1.0,1.0,1.0,5.0,5.0,2.0,3.0,5.0,6.0,3.0,6.0,4.0,1.0,4.0,4.0,2.0,5.0,6.0,6.0,5.0,6.0,2048.0,128.0,1.0,512.0,512.0,1.0,1.0,1.0,1.0,1.0,1.0,1.0,2424963192.0,22599878.4,5432530.0,0.06190589999999999,12.0,514.0,514.0,5.480387326367585e+16,9.12124,9.125381000000003,107.6,142.8
256.0,16000.0,256.0,64.0,3.0,4.0,10.0,24.0,2.0,4.0,5.0,6.0,2.0,6.0,2.0,2.0,3.0,6.0,3.0,6.0,5.0,4.0,2.0,4.0,4.0,1.0,3.0,3.0,5.0,2.0,3.0,1.0,128.0,16.0,1.0,192.0,256.0,1.0,1.0,1.0,1.0,1.0,1.0,1.0,4.0,3.0,5.0,4.0,2.0,1.0,6.0,1.0,3.0,2.0,6.0,3.0,1.0,6.0,6.0,4.0,4.0,5.0,1.0,16.0,1.0,8.0,32.0,1.0,4.0,1.0,1.0,1.0,1.0,1.0,2.0,2.0,1.0,6.0,2.0,5.0,4.0,4.0,2.0,4.0,2.0,5.0,6.0,3.0,3.0,6.0,2.0,2.0,16.0,32.0,1.0,64.0,8.0,1.0,4.0,64.0,1.0,1.0,1.0,1.0,3.0,4.0,2.0,3.0,4.0,2.0,5.0,1.0,6.0,3.0,5.0,5.0,4.0,2.0,6.0,3.0,4.0,1.0,64.0,64.0,1.0,16.0,512.0,1.0,1.0,1.0,1.0,1.0,1.0,1.0,3.0,6.0,1.0,4.0,6.0,1.0,4.0,3.0,5.0,4.0,5.0,5.0,4.0,4.0,6.0,4.0,6.0,3.0,512.0,4.0,1.0,16.0,1.0,1.0,1.0,1.0,1.0,1.0,1.0,1.0,4.0,2.0,1.0,2.0,4.0,2.0,5.0,3.0,5.0,1.0,5.0,4.0,6.0,6.0,6.0,1.0,3.0,5.0,128.0,16.0,1.0,128.0,8.0,1.0,1.0,1.0,1.0,1.0,1.0,1.0,2486890128.0,4033611.62,839658000.0,4.9566095,960.0,514.0,212992.0,1.0031148917964088e+16,2.2,0.08281240000000002,107.6,38451.2
128.0,256000.0,256.0,64.0,2.0,36.0,6.0,32.0,6.0,5.0,6.0,5.0,1.0,3.0,4.0,3.0,1.0,4.0,5.0,3.0,2.0,1.0,1.0,6.0,6.0,2.0,1.0,6.0,4.0,3.0,4.0,1.0,128.0,4.0,1.0,16.0,2.0,1.0,1.0,1.0,1.0,1.0,1.0,1.0,5.0,5.0,2.0,5.0,3.0,2.0,4.0,5.0,2.0,4.0,1.0,2.0,3.0,1.0,2.0,1.0,4.0,3.0,1.0,1.0,1.0,2.0,1.0,1.0,2.0,1.0,1.0,1.0,1.0,1.0,5.0,2.0,2.0,2.0,3.0,6.0,6.0,3.0,2.0,2.0,4.0,1.0,3.0,4.0,6.0,4.0,4.0,1.0,16.0,1.0,1.0,2.0,2.0,1.0,1.0,8.0,1.0,1.0,1.0,1.0,5.0,6.0,5.0,2.0,5.0,4.0,2.0,5.0,6.0,5.0,4.0,5.0,6.0,6.0,6.0,1.0,5.0,2.0,1.0,32.0,1.0,128.0,8.0,1.0,1.0,1.0,1.0,1.0,1.0,1.0,6.0,6.0,2.0,1.0,2.0,6.0,4.0,2.0,2.0,3.0,4.0,5.0,3.0,1.0,1.0,4.0,4.0,2.0,4.0,8.0,1.0,1.0,256.0,1.0,1.0,1.0,1.0,1.0,1.0,1.0,1.0,3.0,1.0,3.0,4.0,5.0,1.0,1.0,5.0,6.0,4.0,4.0,3.0,1.0,1.0,4.0,4.0,6.0,256.0,1.0,1.0,1.0,8.0,1.0,1.0,1.0,1.0,1.0,1.0,1.0,442250796.0,5407305.180000001,93378200.0,0.9082283999999999,192.0,514.0,6752.0,2391385020069923.5,5.833451499999999,2.0852147499999996,107.6,960.6
256.0,4096000.0,256.0,64.0,2.0,16.0,40.0,34.0,4.0,5.0,6.0,1.0,1.0,4.0,2.0,5.0,2.0,5.0,3.0,3.0,5.0,4.0,6.0,6.0,3.0,1.0,4.0,4.0,6.0,3.0,5.0,3.0,32.0,16.0,1.0,2.0,1.0,1.0,1.0,1.0,1.0,1.0,1.0,1.0,5.0,1.0,6.0,1.0,5.0,4.0,2.0,1.0,4.0,5.0,6.0,3.0,5.0,5.0,6.0,1.0,1.0,5.0,4.0,1.0,1.0,8.0,128.0,1.0,16.0,64.0,1.0,1.0,1.0,1.0,5.0,4.0,2.0,3.0,1.0,5.0,3.0,3.0,5.0,5.0,5.0,5.0,5.0,3.0,5.0,1.0,3.0,6.0,64.0,2.0,1.0,64.0,4.0,1.0,64.0,16.0,1.0,1.0,1.0,1.0,5.0,4.0,4.0,6.0,6.0,5.0,6.0,2.0,5.0,4.0,2.0,4.0,4.0,2.0,5.0,4.0,2.0,2.0,128.0,1.0,1.0,32.0,8.0,1.0,1.0,1.0,1.0,1.0,1.0,1.0,2.0,2.0,5.0,6.0,6.0,6.0,2.0,3.0,2.0,1.0,1.0,2.0,6.0,4.0,3.0,1.0,1.0,3.0,512.0,1.0,1.0,256.0,256.0,1.0,1.0,1.0,1.0,1.0,1.0,1.0,5.0,5.0,5.0,4.0,4.0,1.0,5.0,1.0,6.0,5.0,4.0,3.0,5.0,6.0,5.0,2.0,4.0,1.0,16.0,128.0,1.0,512.0,128.0,1.0,1.0,1.0,1.0,1.0,1.0,1.0,684076296.0,8914438.48,1466410000.0,7.093755,1360.0,514.0,66304.0,6098156056318270.0,35.65,29.293973465,107.6,6940.0
16000.0,256000.0,256.0,64.0,2.0,16.0,34.0,10.0,1.0,6.0,4.0,1.0,4.0,1.0,3.0,3.0,4.0,4.0,2.0,1.0,3.0,1.0,6.0,3.0,4.0,4.0,3.0,4.0,3.0,5.0,2.0,6.0,4.0,16.0,1.0,24.0,64.0,1.0,1.0,1.0,1.0,1.0,1.0,1.0,4.0,1.0,5.0,6.0,4.0,1.0,4.0,4.0,1.0,4.0,5.0,2.0,2.0,2.0,2.0,6.0,5.0,3.0,4.0,32.0,1.0,32.0,4.0,1.0,1.0,16.0,1.0,1.0,1.0,1.0,4.0,6.0,5.0,1.0,6.0,1.0,4.0,1.0,2.0,3.0,2.0,6.0,1.0,5.0,1.0,3.0,5.0,4.0,128.0,64.0,1.0,16.0,2.0,1.0,4.0,16.0,1.0,1.0,1.0,1.0,4.0,1.0,1.0,4.0,2.0,1.0,6.0,1.0,4.0,5.0,6.0,5.0,1.0,4.0,2.0,4.0,1.0,6.0,8.0,2.0,1.0,256.0,32.0,1.0,1.0,1.0,1.0,1.0,1.0,1.0,1.0,5.0,4.0,5.0,2.0,5.0,3.0,1.0,6.0,1.0,4.0,2.0,2.0,6.0,4.0,6.0,4.0,6.0,128.0,64.0,1.0,64.0,2048.0,1.0,1.0,1.0,1.0,1.0,1.0,1.0,4.0,5.0,1.0,3.0,6.0,5.0,3.0,5.0,1.0,4.0,1.0,6.0,6.0,4.0,6.0,1.0,5.0,4.0,64.0,8.0,1.0,128.0,32.0,1.0,1.0,1.0,1.0,1.0,1.0,1.0,109031376.0,5479156.180000001,190508000.0,1.8527765,340.0,514.0,786432.0,597399937624303.8,68.8,10.635918500000002,107.6,67488.0
2048000.0,512000.0,256.0,64.0,2.0,36.0,32.0,30.0,5.0,1.0,4.0,4.0,3.0,2.0,5.0,6.0,1.0,6.0,5.0,4.0,3.0,2.0,2.0,6.0,2.0,5.0,2.0,1.0,1.0,6.0,5.0,5.0,4.0,4.0,1.0,4.0,24.0,1.0,1.0,1.0,1.0,1.0,1.0,1.0,5.0,1.0,3.0,6.0,6.0,3.0,3.0,1.0,1.0,3.0,2.0,4.0,6.0,6.0,5.0,4.0,1.0,4.0,2.0,2.0,1.0,128.0,64.0,1.0,4.0,64.0,1.0,1.0,1.0,1.0,5.0,6.0,3.0,4.0,4.0,2.0,3.0,1.0,6.0,4.0,5.0,5.0,3.0,2.0,4.0,1.0,3.0,3.0,32.0,16.0,1.0,16.0,2.0,1.0,8.0,4.0,1.0,1.0,1.0,1.0,3.0,3.0,2.0,2.0,4.0,3.0,3.0,2.0,4.0,6.0,2.0,3.0,6.0,5.0,6.0,4.0,3.0,1.0,4.0,1.0,1.0,16.0,128.0,1.0,1.0,1.0,1.0,1.0,1.0,1.0,4.0,3.0,2.0,3.0,2.0,4.0,3.0,3.0,6.0,1.0,6.0,1.0,2.0,4.0,6.0,2.0,4.0,3.0,1.0,1.0,1.0,8.0,64.0,1.0,1.0,1.0,1.0,1.0,1.0,1.0,4.0,1.0,3.0,5.0,2.0,5.0,2.0,2.0,5.0,3.0,3.0,3.0,1.0,3.0,1.0,1.0,1.0,5.0,32.0,16.0,1.0,8.0,16.0,1.0,1.0,1.0,1.0,1.0,1.0,1.0,77557374.0,4115143.1000000006,839651000.0,4.873346999999999,960.0,514.0,141312.0,319159692470219.44,70.4,4.435620449999999,107.6,14316.8
256.0,1024000.0,256.0,64.0,2.0,12.0,6.0,42.0,6.0,3.0,1.0,1.0,5.0,5.0,5.0,6.0,1.0,6.0,2.0,2.0,2.0,1.0,1.0,2.0,6.0,2.0,2.0,4.0,6.0,6.0,2.0,3.0,2.0,1.0,1.0,48.0,2.0,1.0,1.0,1.0,1.0,1.0,1.0,1.0,2.0,4.0,6.0,5.0,4.0,1.0,2.0,3.0,4.0,4.0,5.0,4.0,4.0,5.0,1.0,5.0,5.0,4.0,4.0,8.0,1.0,32.0,4.0,1.0,1.0,128.0,1.0,1.0,1.0,1.0,6.0,5.0,2.0,4.0,2.0,2.0,5.0,1.0,2.0,4.0,5.0,2.0,3.0,2.0,5.0,3.0,3.0,1.0,64.0,64.0,1.0,8.0,32.0,1.0,8.0,2.0,1.0,1.0,1.0,1.0,6.0,5.0,3.0,4.0,6.0,5.0,2.0,6.0,5.0,6.0,5.0,3.0,5.0,5.0,2.0,4.0,2.0,1.0,4.0,64.0,1.0,16.0,32.0,1.0,1.0,1.0,1.0,1.0,1.0,1.0,3.0,6.0,1.0,5.0,1.0,4.0,6.0,1.0,2.0,5.0,6.0,6.0,3.0,3.0,1.0,4.0,3.0,6.0,32.0,256.0,1.0,32.0,2.0,1.0,1.0,1.0,1.0,1.0,1.0,1.0,3.0,3.0,1.0,4.0,2.0,2.0,2.0,4.0,2.0,1.0,6.0,1.0,4.0,6.0,3.0,5.0,6.0,5.0,128.0,2.0,1.0,1.0,128.0,1.0,1.0,1.0,1.0,1.0,1.0,1.0,457690242.0,8787903.92,130036000.0,1.2079304999999998,252.0,514.0,50432.0,4022137871817548.5,4.0879970000000005,3.054793915,107.6,4479.2
16000.0,32000.0,256.0,64.0,2.0,2.0,18.0,2.0,1.0,5.0,2.0,5.0,5.0,6.0,4.0,6.0,3.0,6.0,6.0,1.0,5.0,3.0,4.0,1.0,1.0,6.0,4.0,2.0,1.0,1.0,2.0,4.0,32.0,8.0,1.0,12.0,6.0,1.0,1.0,1.0,1.0,1.0,1.0,1.0,2.0,2.0,1.0,5.0,3.0,1.0,6.0,4.0,6.0,6.0,2.0,3.0,2.0,2.0,3.0,1.0,3.0,4.0,8.0,4.0,1.0,4.0,1.0,1.0,8.0,32.0,1.0,1.0,1.0,1.0,6.0,4.0,3.0,4.0,4.0,5.0,4.0,6.0,5.0,1.0,2.0,6.0,3.0,3.0,4.0,6.0,6.0,1.0,16.0,16.0,1.0,2.0,4.0,1.0,8.0,2.0,1.0,1.0,1.0,1.0,2.0,4.0,5.0,4.0,4.0,4.0,5.0,6.0,2.0,1.0,5.0,6.0,4.0,1.0,6.0,5.0,2.0,4.0,4.0,128.0,1.0,64.0,2.0,1.0,1.0,1.0,1.0,1.0,1.0,1.0,4.0,3.0,2.0,5.0,6.0,2.0,4.0,4.0,3.0,3.0,1.0,2.0,6.0,2.0,6.0,5.0,4.0,3.0,4.0,1.0,1.0,2.0,2048.0,1.0,1.0,1.0,1.0,1.0,1.0,1.0,4.0,1.0,6.0,4.0,2.0,2.0,3.0,4.0,6.0,5.0,1.0,1.0,1.0,4.0,2.0,4.0,6.0,3.0,32.0,128.0,1.0,512.0,512.0,1.0,1.0,1.0,1.0,1.0,1.0,1.0,1289257974.0,8759636.559999999,15268400.0,0.20303270000000004,36.0,514.0,172032.0,1.1293431284321928e+16,1.6,0.9909681500000003,107.6,8991.4
8192.0,4096000.0,256.0,64.0,3.0,6.0,46.0,4.0,2.0,6.0,2.0,5.0,6.0,5.0,5.0,6.0,4.0,4.0,5.0,5.0,6.0,6.0,1.0,3.0,2.0,4.0,1.0,3.0,2.0,6.0,6.0,1.0,512.0,64.0,1.0,32.0,192.0,1.0,1.0,1.0,1.0,1.0,1.0,1.0,3.0,4.0,5.0,2.0,5.0,3.0,2.0,2.0,4.0,3.0,2.0,2.0,6.0,2.0,5.0,2.0,1.0,6.0,16.0,32.0,1.0,4.0,4.0,1.0,128.0,64.0,1.0,1.0,1.0,1.0,5.0,5.0,4.0,5.0,4.0,1.0,2.0,1.0,2.0,4.0,4.0,6.0,2.0,5.0,5.0,3.0,5.0,2.0,16.0,1.0,1.0,64.0,4.0,1.0,64.0,8.0,1.0,1.0,1.0,1.0,4.0,6.0,4.0,1.0,4.0,1.0,5.0,4.0,3.0,3.0,5.0,4.0,1.0,1.0,6.0,6.0,4.0,1.0,64.0,512.0,1.0,128.0,256.0,1.0,1.0,1.0,1.0,1.0,1.0,1.0,1.0,2.0,1.0,6.0,4.0,4.0,3.0,3.0,6.0,3.0,1.0,2.0,3.0,6.0,1.0,5.0,3.0,6.0,64.0,512.0,1.0,2048.0,2.0,1.0,1.0,1.0,1.0,1.0,1.0,1.0,1.0,3.0,4.0,1.0,2.0,3.0,3.0,1.0,2.0,1.0,5.0,1.0,1.0,2.0,4.0,1.0,1.0,2.0,64.0,1.0,1.0,64.0,32.0,1.0,1.0,1.0,1.0,1.0,1.0,1.0,1293838038.0,3982701.7,1046770000.0,6.562389499999998,1104.0,514.0,2752512.0,5152970953467265.0,3.4833320000000003,0.03489582000000001,107.6,274227.2
8192.0,32000000.0,256.0,64.0,2.0,14.0,40.0,42.0,6.0,5.0,6.0,6.0,3.0,4.0,3.0,5.0,4.0,3.0,3.0,1.0,4.0,3.0,5.0,5.0,4.0,2.0,6.0,1.0,4.0,5.0,2.0,4.0,16.0,512.0,1.0,192.0,48.0,1.0,1.0,1.0,1.0,1.0,1.0,1.0,5.0,2.0,2.0,6.0,3.0,3.0,2.0,2.0,4.0,1.0,4.0,4.0,3.0,5.0,1.0,2.0,5.0,3.0,32.0,8.0,1.0,16.0,2.0,1.0,128.0,4.0,1.0,1.0,1.0,1.0,1.0,5.0,4.0,4.0,3.0,4.0,4.0,3.0,1.0,3.0,2.0,2.0,6.0,3.0,1.0,2.0,4.0,1.0,32.0,16.0,1.0,32.0,4.0,1.0,1.0,4.0,1.0,1.0,1.0,1.0,4.0,4.0,5.0,6.0,1.0,2.0,1.0,4.0,6.0,1.0,4.0,3.0,1.0,2.0,5.0,2.0,4.0,1.0,64.0,2.0,1.0,2.0,32.0,1.0,1.0,1.0,1.0,1.0,1.0,1.0,5.0,3.0,1.0,6.0,5.0,4.0,6.0,2.0,6.0,1.0,6.0,3.0,2.0,3.0,2.0,3.0,1.0,5.0,32.0,512.0,1.0,256.0,1.0,1.0,1.0,1.0,1.0,1.0,1.0,1.0,4.0,5.0,4.0,4.0,2.0,2.0,6.0,3.0,1.0,1.0,1.0,5.0,2.0,6.0,3.0,5.0,1.0,1.0,2.0,1024.0,1.0,1.0,128.0,1.0,1.0,1.0,1.0,1.0,1.0,1.0,103326696.0,4471722.359999999,2085250000.0,9.033617,1680.0,514.0,192512.0,462048296888122.5,22.197799999999997,4.7052999,107.6,19182.4
1024000.0,8192000.0,256.0,64.0,3.0,42.0,44.0,26.0,5.0,2.0,4.0,5.0,5.0,1.0,6.0,3.0,3.0,2.0,2.0,2.0,5.0,6.0,6.0,2.0,6.0,3.0,3.0,3.0,2.0,6.0,2.0,3.0,16.0,16.0,1.0,512.0,512.0,1.0,1.0,1.0,1.0,1.0,1.0,1.0,5.0,2.0,4.0,1.0,5.0,3.0,2.0,4.0,4.0,2.0,1.0,3.0,3.0,5.0,1.0,6.0,4.0,3.0,64.0,8.0,1.0,128.0,4.0,1.0,32.0,8.0,1.0,1.0,1.0,1.0,4.0,5.0,2.0,4.0,4.0,6.0,1.0,3.0,3.0,5.0,5.0,1.0,6.0,6.0,3.0,2.0,1.0,2.0,1.0,4.0,1.0,4.0,16.0,1.0,8.0,8.0,1.0,1.0,1.0,1.0,1.0,6.0,2.0,5.0,6.0,6.0,2.0,4.0,3.0,2.0,5.0,2.0,5.0,4.0,4.0,3.0,2.0,4.0,128.0,2.0,1.0,2.0,4.0,1.0,1.0,1.0,1.0,1.0,1.0,1.0,4.0,5.0,1.0,4.0,3.0,3.0,2.0,3.0,1.0,2.0,5.0,5.0,4.0,1.0,3.0,2.0,4.0,4.0,128.0,1.0,1.0,512.0,1024.0,1.0,1.0,1.0,1.0,1.0,1.0,1.0,6.0,5.0,3.0,2.0,5.0,1.0,5.0,4.0,6.0,6.0,5.0,1.0,1.0,4.0,6.0,5.0,2.0,5.0,1024.0,128.0,1.0,4.0,4.0,1.0,1.0,1.0,1.0,1.0,1.0,1.0,725531766.0,3918609.0600000005,1194960000000.0,1232.946,48048.0,514.0,1441792.0,2843075351565400.5,15.3,0.8640625,107.6,159334.4
2048.0,16000.0,256.0,64.0,2.0,44.0,32.0,28.0,2.0,3.0,3.0,1.0,3.0,6.0,3.0,4.0,3.0,3.0,6.0,5.0,1.0,3.0,1.0,1.0,4.0,1.0,3.0,4.0,4.0,2.0,3.0,6.0,2.0,512.0,1.0,6.0,1536.0,1.0,1.0,1.0,1.0,1.0,1.0,1.0,3.0,4.0,3.0,3.0,5.0,2.0,4.0,4.0,4.0,5.0,6.0,6.0,5.0,2.0,3.0,6.0,1.0,5.0,4.0,64.0,1.0,1.0,16.0,1.0,1.0,4.0,1.0,1.0,1.0,1.0,3.0,2.0,4.0,6.0,3.0,3.0,5.0,6.0,6.0,5.0,2.0,6.0,1.0,5.0,4.0,5.0,4.0,5.0,2.0,128.0,1.0,16.0,4.0,1.0,8.0,8.0,1.0,1.0,1.0,1.0,5.0,6.0,5.0,2.0,6.0,1.0,3.0,3.0,5.0,3.0,4.0,6.0,3.0,6.0,3.0,3.0,5.0,2.0,8.0,1.0,1.0,256.0,512.0,1.0,1.0,1.0,1.0,1.0,1.0,1.0,5.0,1.0,6.0,1.0,2.0,2.0,1.0,5.0,3.0,6.0,3.0,1.0,4.0,1.0,4.0,4.0,6.0,1.0,256.0,512.0,1.0,32.0,512.0,1.0,1.0,1.0,1.0,1.0,1.0,1.0,6.0,6.0,2.0,2.0,1.0,6.0,4.0,5.0,6.0,4.0,1.0,1.0,4.0,6.0,6.0,4.0,1.0,1.0,32.0,1024.0,1.0,2.0,256.0,1.0,1.0,1.0,1.0,1.0,1.0,1.0,638295966.0,8984112.379999999,754496000.0,4.506669,896.0,514.0,90112.0,5734522690244658.0,4.48,2.56918265,107.6,8418.0
