l1_size,l2_size,noc_bw,offchip_bw,dim_num,dim_out,dim_mid,dim_in,p_c,p_k,p_x,p_y,p_r,p_s,o_c_out_0,o_k_out_0,o_x_out_0,o_y_out_0,o_r_out_0,o_s_out_0,o_c_mid_0,o_k_mid_0,o_x_mid_0,o_y_mid_0,o_r_mid_0,o_s_mid_0,o_c_in_0,o_k_in_0,o_x_in_0,o_y_in_0,o_r_in_0,o_s_in_0,t_c_d1_0,t_c_d2_0,t_c_d3_0,t_k_d1_0,t_k_d2_0,t_k_d3_0,t_x_d1_0,t_x_d2_0,t_x_d3_0,t_y_d1_0,t_y_d2_0,t_y_d3_0,o_c_out_1,o_k_out_1,o_x_out_1,o_y_out_1,o_r_out_1,o_s_out_1,o_c_mid_1,o_k_mid_1,o_x_mid_1,o_y_mid_1,o_r_mid_1,o_s_mid_1,o_c_in_1,o_k_in_1,o_x_in_1,o_y_in_1,o_r_in_1,o_s_in_1,t_c_d1_1,t_c_d2_1,t_c_d3_1,t_k_d1_1,t_k_d2_1,t_k_d3_1,t_x_d1_1,t_x_d2_1,t_x_d3_1,t_y_d1_1,t_y_d2_1,t_y_d3_1,o_c_out_2,o_k_out_2,o_x_out_2,o_y_out_2,o_r_out_2,o_s_out_2,o_c_mid_2,o_k_mid_2,o_x_mid_2,o_y_mid_2,o_r_mid_2,o_s_mid_2,o_c_in_2,o_k_in_2,o_x_in_2,o_y_in_2,o_r_in_2,o_s_in_2,t_c_d1_2,t_c_d2_2,t_c_d3_2,t_k_d1_2,t_k_d2_2,t_k_d3_2,t_x_d1_2,t_x_d2_2,t_x_d3_2,t_y_d1_2,t_y_d2_2,t_y_d3_2,o_c_out_3,o_k_out_3,o_x_out_3,o_y_out_3,o_r_out_3,o_s_out_3,o_c_mid_3,o_k_mid_3,o_x_mid_3,o_y_mid_3,o_r_mid_3,o_s_mid_3,o_c_in_3,o_k_in_3,o_x_in_3,o_y_in_3,o_r_in_3,o_s_in_3,t_c_d1_3,t_c_d2_3,t_c_d3_3,t_k_d1_3,t_k_d2_3,t_k_d3_3,t_x_d1_3,t_x_d2_3,t_x_d3_3,t_y_d1_3,t_y_d2_3,t_y_d3_3,o_c_out_4,o_k_out_4,o_x_out_4,o_y_out_4,o_r_out_4,o_s_out_4,o_c_mid_4,o_k_mid_4,o_x_mid_4,o_y_mid_4,o_r_mid_4,o_s_mid_4,o_c_in_4,o_k_in_4,o_x_in_4,o_y_in_4,o_r_in_4,o_s_in_4,t_c_d1_4,t_c_d2_4,t_c_d3_4,t_k_d1_4,t_k_d2_4,t_k_d3_4,t_x_d1_4,t_x_d2_4,t_x_d3_4,t_y_d1_4,t_y_d2_4,t_y_d3_4,o_c_out_5,o_k_out_5,o_x_out_5,o_y_out_5,o_r_out_5,o_s_out_5,o_c_mid_5,o_k_mid_5,o_x_mid_5,o_y_mid_5,o_r_mid_5,o_s_mid_5,o_c_in_5,o_k_in_5,o_x_in_5,o_y_in_5,o_r_in_5,o_s_in_5,t_c_d1_5,t_c_d2_5,t_c_d3_5,t_k_d1_5,t_k_d2_5,t_k_d3_5,t_x_d1_5,t_x_d2_5,t_x_d3_5,t_y_d1_5,t_y_d2_5,t_y_d3_5,latency,energy,area,power,cnt_pes,l1_mem,l2_mem,edp,pe_util,noc_bw_req,l1_mem_req,l2_mem_req
2048000.0,16000000.0,256.0,64.0,2.0,46.0,2.0,22.0,3.0,4.0,5.0,5.0,2.0,4.0,1.0,6.0,3.0,4.0,3.0,1.0,4.0,5.0,4.0,2.0,4.0,1.0,6.0,6.0,2.0,5.0,1.0,4.0,16.0,24.0,1.0,12.0,256.0,1.0,1.0,1.0,1.0,1.0,1.0,1.0,6.0,3.0,3.0,1.0,1.0,3.0,1.0,5.0,2.0,3.0,1.0,2.0,4.0,5.0,1.0,1.0,1.0,3.0,16.0,8.0,1.0,64.0,32.0,1.0,32.0,4.0,1.0,1.0,1.0,1.0,3.0,5.0,2.0,6.0,2.0,6.0,3.0,6.0,6.0,2.0,2.0,2.0,1.0,6.0,5.0,3.0,2.0,6.0,8.0,8.0,1.0,16.0,32.0,1.0,1.0,4.0,1.0,1.0,1.0,1.0,5.0,3.0,4.0,1.0,6.0,3.0,6.0,6.0,3.0,6.0,1.0,4.0,4.0,5.0,2.0,5.0,5.0,4.0,128.0,384.0,1.0,2.0,1.0,1.0,1.0,1.0,1.0,1.0,1.0,1.0,4.0,5.0,3.0,6.0,6.0,1.0,2.0,4.0,6.0,2.0,6.0,4.0,4.0,6.0,2.0,1.0,6.0,2.0,3.0,12.0,1.0,192.0,768.0,1.0,1.0,1.0,1.0,1.0,1.0,1.0,4.0,1.0,2.0,4.0,2.0,2.0,6.0,4.0,2.0,5.0,5.0,3.0,5.0,1.0,5.0,5.0,5.0,1.0,384.0,48.0,1.0,128.0,6.0,1.0,1.0,1.0,1.0,1.0,1.0,1.0,11023609488.0,25660128.880000003,18659000.0,0.21999385714285713,44.0,514.0,51072.0,2.8286724018487085e+17,1.8571428571428572,0.59877912,78.57142857142857,4441.142857142857
32000.0,16000.0,256.0,64.0,3.0,46.0,8.0,48.0,4.0,3.0,5.0,6.0,5.0,3.0,4.0,1.0,6.0,2.0,6.0,4.0,3.0,5.0,4.0,2.0,4.0,5.0,2.0,2.0,6.0,1.0,2.0,3.0,768.0,256.0,1.0,32.0,32.0,1.0,1.0,1.0,1.0,1.0,1.0,1.0,1.0,5.0,2.0,3.0,1.0,6.0,5.0,5.0,4.0,1.0,4.0,5.0,2.0,6.0,3.0,2.0,4.0,2.0,8.0,1.0,1.0,32.0,2.0,1.0,128.0,64.0,1.0,1.0,1.0,1.0,6.0,2.0,2.0,5.0,5.0,6.0,1.0,3.0,5.0,5.0,3.0,6.0,6.0,3.0,1.0,3.0,1.0,4.0,16.0,4.0,1.0,128.0,8.0,1.0,8.0,32.0,1.0,1.0,1.0,1.0,2.0,3.0,5.0,6.0,6.0,4.0,4.0,5.0,2.0,1.0,3.0,1.0,4.0,2.0,3.0,1.0,2.0,5.0,4.0,768.0,1.0,3.0,4.0,1.0,1.0,1.0,1.0,1.0,1.0,1.0,5.0,2.0,4.0,5.0,4.0,3.0,5.0,4.0,2.0,5.0,5.0,3.0,1.0,2.0,4.0,1.0,3.0,4.0,2.0,256.0,1.0,8.0,96.0,1.0,1.0,1.0,1.0,1.0,1.0,1.0,3.0,6.0,6.0,6.0,1.0,1.0,2.0,4.0,1.0,4.0,4.0,1.0,1.0,5.0,6.0,4.0,5.0,2.0,96.0,1.0,1.0,6.0,256.0,1.0,1.0,1.0,1.0,1.0,1.0,1.0,10993204320.0,18109073.04,165801000000.0,216.28782142857142,17664.0,514.0,253952.0,1.9907673997452352e+17,2.7142857142857144,0.1341145832142857,78.57142857142857,36608.0
256000.0,1024000.0,256.0,64.0,1.0,48.0,28.0,42.0,6.0,5.0,5.0,4.0,1.0,6.0,4.0,5.0,3.0,6.0,6.0,6.0,1.0,5.0,1.0,6.0,6.0,3.0,5.0,3.0,1.0,4.0,2.0,4.0,384.0,384.0,1.0,3.0,18.0,1.0,1.0,1.0,1.0,1.0,1.0,1.0,2.0,1.0,2.0,3.0,6.0,6.0,2.0,6.0,3.0,5.0,3.0,5.0,1.0,2.0,1.0,3.0,4.0,5.0,8.0,1.0,1.0,128.0,16.0,1.0,16.0,16.0,1.0,1.0,1.0,1.0,3.0,5.0,1.0,3.0,3.0,3.0,2.0,6.0,2.0,1.0,6.0,3.0,5.0,2.0,4.0,2.0,1.0,5.0,1.0,32.0,1.0,128.0,8.0,1.0,16.0,4.0,1.0,1.0,1.0,1.0,6.0,4.0,5.0,6.0,6.0,2.0,4.0,2.0,1.0,2.0,6.0,5.0,4.0,5.0,3.0,3.0,4.0,1.0,1.0,6.0,1.0,32.0,16.0,1.0,1.0,1.0,1.0,1.0,1.0,1.0,6.0,1.0,2.0,2.0,4.0,1.0,2.0,2.0,6.0,5.0,5.0,4.0,1.0,3.0,4.0,3.0,3.0,3.0,8.0,3.0,1.0,768.0,16.0,1.0,1.0,1.0,1.0,1.0,1.0,1.0,1.0,5.0,5.0,6.0,6.0,5.0,4.0,3.0,5.0,2.0,1.0,2.0,4.0,3.0,2.0,4.0,5.0,3.0,768.0,12.0,1.0,2.0,12.0,1.0,1.0,1.0,1.0,1.0,1.0,1.0,276038976.0,40694747.04000001,17797900.0,0.20156957142857143,42.0,514.0,11092.0,1.1233336301500632e+16,33.24202857142858,30.296081428571423,78.57142857142857,1730.2857142857142
128000.0,4096000.0,256.0,64.0,3.0,18.0,26.0,42.0,3.0,5.0,3.0,2.0,3.0,3.0,3.0,2.0,1.0,6.0,4.0,6.0,5.0,3.0,5.0,3.0,1.0,1.0,6.0,5.0,2.0,4.0,5.0,1.0,3.0,16.0,1.0,12.0,16.0,1.0,1.0,1.0,1.0,1.0,1.0,1.0,6.0,1.0,5.0,3.0,4.0,2.0,4.0,2.0,4.0,5.0,4.0,5.0,3.0,1.0,3.0,1.0,2.0,6.0,4.0,1.0,1.0,32.0,4.0,1.0,4.0,16.0,1.0,1.0,1.0,1.0,4.0,6.0,3.0,2.0,1.0,3.0,4.0,5.0,6.0,4.0,2.0,1.0,4.0,6.0,4.0,3.0,6.0,3.0,1.0,32.0,1.0,2.0,1.0,1.0,4.0,8.0,1.0,1.0,1.0,1.0,4.0,1.0,1.0,6.0,3.0,1.0,6.0,2.0,3.0,6.0,4.0,2.0,1.0,3.0,6.0,4.0,6.0,3.0,256.0,24.0,1.0,32.0,16.0,1.0,1.0,1.0,1.0,1.0,1.0,1.0,6.0,6.0,6.0,5.0,4.0,1.0,5.0,1.0,3.0,6.0,5.0,3.0,1.0,2.0,1.0,4.0,6.0,3.0,96.0,48.0,1.0,256.0,384.0,1.0,1.0,1.0,1.0,1.0,1.0,1.0,5.0,4.0,4.0,4.0,6.0,6.0,5.0,6.0,2.0,5.0,3.0,4.0,6.0,2.0,5.0,6.0,5.0,2.0,24.0,48.0,1.0,384.0,48.0,1.0,1.0,1.0,1.0,1.0,1.0,1.0,1171357032.0,18810950.54,204452000000.0,257.9603571428571,19656.0,514.0,1302528.0,2.2034339193633196e+16,475.57142857142856,14.362455964285713,78.57142857142857,77613.71428571429
1024000.0,16000.0,256.0,64.0,1.0,46.0,30.0,4.0,4.0,2.0,3.0,4.0,6.0,4.0,3.0,6.0,3.0,3.0,5.0,2.0,1.0,3.0,2.0,1.0,6.0,3.0,3.0,3.0,1.0,2.0,2.0,4.0,1.0,6.0,1.0,144.0,128.0,1.0,1.0,1.0,1.0,1.0,1.0,1.0,2.0,1.0,3.0,5.0,5.0,1.0,3.0,5.0,4.0,1.0,2.0,5.0,5.0,1.0,2.0,4.0,5.0,2.0,2.0,64.0,1.0,2.0,32.0,1.0,4.0,4.0,1.0,1.0,1.0,1.0,3.0,5.0,2.0,6.0,5.0,1.0,4.0,1.0,3.0,4.0,5.0,6.0,6.0,3.0,6.0,1.0,1.0,4.0,16.0,64.0,1.0,32.0,8.0,1.0,4.0,64.0,1.0,1.0,1.0,1.0,2.0,2.0,4.0,5.0,2.0,4.0,1.0,5.0,3.0,3.0,1.0,6.0,5.0,3.0,2.0,2.0,5.0,5.0,3.0,6.0,1.0,16.0,64.0,1.0,1.0,1.0,1.0,1.0,1.0,1.0,2.0,5.0,3.0,6.0,2.0,4.0,3.0,4.0,4.0,1.0,2.0,5.0,6.0,5.0,6.0,5.0,5.0,2.0,2.0,32.0,1.0,48.0,32.0,1.0,1.0,1.0,1.0,1.0,1.0,1.0,6.0,3.0,4.0,3.0,3.0,1.0,6.0,6.0,3.0,1.0,3.0,6.0,3.0,3.0,1.0,2.0,1.0,1.0,512.0,512.0,1.0,768.0,384.0,1.0,1.0,1.0,1.0,1.0,1.0,1.0,11173626192.0,67364839.2,2290310.0,0.024513357142857146,4.0,514.0,514.0,7.527095317049884e+17,1.0,1.0000778571428568,78.57142857142857,78.57142857142857
256000.0,256000.0,256.0,64.0,2.0,20.0,18.0,4.0,5.0,1.0,4.0,1.0,5.0,1.0,2.0,3.0,6.0,3.0,2.0,6.0,6.0,4.0,5.0,4.0,4.0,6.0,2.0,4.0,5.0,2.0,6.0,1.0,3.0,64.0,1.0,72.0,12.0,1.0,1.0,1.0,1.0,1.0,1.0,1.0,3.0,1.0,4.0,2.0,4.0,1.0,6.0,4.0,2.0,5.0,5.0,2.0,2.0,5.0,2.0,3.0,2.0,1.0,64.0,1.0,1.0,2.0,2.0,1.0,1.0,4.0,1.0,1.0,1.0,1.0,3.0,1.0,6.0,3.0,6.0,6.0,2.0,3.0,2.0,2.0,4.0,4.0,2.0,6.0,5.0,1.0,2.0,6.0,32.0,128.0,1.0,128.0,32.0,1.0,64.0,32.0,1.0,1.0,1.0,1.0,2.0,6.0,2.0,1.0,2.0,6.0,3.0,2.0,5.0,2.0,1.0,6.0,5.0,2.0,5.0,2.0,6.0,2.0,48.0,12.0,1.0,64.0,32.0,1.0,1.0,1.0,1.0,1.0,1.0,1.0,6.0,5.0,1.0,1.0,3.0,4.0,3.0,6.0,2.0,2.0,6.0,1.0,4.0,4.0,5.0,5.0,3.0,1.0,32.0,256.0,1.0,24.0,3072.0,1.0,1.0,1.0,1.0,1.0,1.0,1.0,2.0,1.0,4.0,6.0,6.0,5.0,3.0,2.0,2.0,3.0,6.0,5.0,6.0,6.0,6.0,4.0,1.0,4.0,1024.0,3.0,1.0,64.0,768.0,1.0,1.0,1.0,1.0,1.0,1.0,1.0,771549264.0,18834841.480000004,31097200.0,0.3981326071428571,72.0,514.0,181248.0,1.4532008081450674e+16,10.822557142857145,2.3395714285714284,78.57142857142857,19157.14285714286
1024.0,256000.0,256.0,64.0,1.0,8.0,18.0,6.0,6.0,3.0,4.0,6.0,6.0,4.0,2.0,1.0,2.0,3.0,3.0,2.0,1.0,2.0,3.0,4.0,4.0,6.0,1.0,5.0,5.0,6.0,1.0,6.0,6.0,6.0,1.0,9.0,576.0,1.0,1.0,1.0,1.0,1.0,1.0,1.0,4.0,6.0,3.0,2.0,5.0,4.0,6.0,5.0,3.0,2.0,5.0,4.0,5.0,6.0,5.0,2.0,4.0,5.0,4.0,4.0,1.0,1.0,4.0,1.0,8.0,8.0,1.0,1.0,1.0,1.0,1.0,6.0,2.0,4.0,6.0,2.0,3.0,6.0,6.0,1.0,6.0,6.0,3.0,5.0,2.0,4.0,1.0,1.0,4.0,128.0,1.0,32.0,64.0,1.0,32.0,16.0,1.0,1.0,1.0,1.0,4.0,3.0,5.0,3.0,4.0,4.0,3.0,2.0,1.0,6.0,4.0,2.0,3.0,3.0,4.0,6.0,4.0,3.0,32.0,192.0,1.0,16.0,48.0,1.0,1.0,1.0,1.0,1.0,1.0,1.0,2.0,5.0,3.0,3.0,5.0,2.0,1.0,1.0,1.0,3.0,4.0,3.0,5.0,5.0,2.0,1.0,2.0,5.0,12.0,48.0,1.0,3072.0,12.0,1.0,1.0,1.0,1.0,1.0,1.0,1.0,6.0,4.0,4.0,6.0,4.0,5.0,5.0,1.0,5.0,5.0,6.0,2.0,6.0,4.0,6.0,3.0,5.0,1.0,6.0,8.0,1.0,4.0,6.0,1.0,1.0,1.0,1.0,1.0,1.0,1.0,1863844320.0,40110663.84,3069880.0,0.03420062857142857,6.0,514.0,1804.0,7.476003296961339e+16,5.844154285714285,5.364052499999999,78.57142857142857,280.0
256000.0,16000000.0,256.0,64.0,2.0,16.0,36.0,2.0,2.0,6.0,2.0,3.0,5.0,4.0,5.0,2.0,6.0,3.0,1.0,6.0,5.0,3.0,2.0,4.0,5.0,1.0,4.0,6.0,3.0,6.0,1.0,3.0,96.0,128.0,1.0,96.0,18.0,1.0,1.0,1.0,1.0,1.0,1.0,1.0,1.0,6.0,5.0,2.0,6.0,2.0,3.0,3.0,5.0,5.0,5.0,2.0,6.0,4.0,3.0,2.0,4.0,4.0,16.0,64.0,1.0,2.0,4.0,1.0,8.0,16.0,1.0,1.0,1.0,1.0,5.0,1.0,1.0,4.0,5.0,1.0,3.0,1.0,3.0,5.0,3.0,4.0,4.0,6.0,4.0,1.0,3.0,2.0,1.0,8.0,1.0,16.0,1.0,1.0,4.0,64.0,1.0,1.0,1.0,1.0,6.0,5.0,2.0,6.0,6.0,3.0,4.0,5.0,4.0,6.0,4.0,5.0,3.0,4.0,5.0,2.0,4.0,4.0,12.0,12.0,1.0,128.0,8.0,1.0,1.0,1.0,1.0,1.0,1.0,1.0,5.0,5.0,2.0,1.0,2.0,1.0,3.0,3.0,5.0,5.0,6.0,2.0,2.0,2.0,3.0,5.0,4.0,1.0,16.0,96.0,1.0,1024.0,128.0,1.0,1.0,1.0,1.0,1.0,1.0,1.0,5.0,5.0,3.0,6.0,6.0,1.0,4.0,3.0,6.0,6.0,6.0,4.0,1.0,4.0,6.0,3.0,2.0,4.0,16.0,1536.0,1.0,6.0,16.0,1.0,1.0,1.0,1.0,1.0,1.0,1.0,388142364.0,20913360.559999995,31167400.0,0.500834,72.0,514.0,856064.0,8117361206942762.0,31.714285714285715,12.856949285714283,78.57142857142857,48925.71428571428
256000.0,32000000.0,256.0,64.0,1.0,26.0,2.0,14.0,2.0,6.0,2.0,3.0,5.0,6.0,1.0,2.0,2.0,4.0,1.0,3.0,2.0,2.0,1.0,2.0,6.0,6.0,2.0,5.0,2.0,4.0,2.0,6.0,768.0,6.0,1.0,288.0,576.0,1.0,1.0,1.0,1.0,1.0,1.0,1.0,3.0,6.0,6.0,1.0,4.0,4.0,4.0,3.0,2.0,1.0,3.0,4.0,5.0,5.0,4.0,1.0,5.0,2.0,2.0,16.0,1.0,16.0,64.0,1.0,64.0,1.0,1.0,1.0,1.0,1.0,4.0,6.0,5.0,4.0,6.0,6.0,2.0,2.0,5.0,6.0,1.0,5.0,1.0,5.0,2.0,4.0,2.0,4.0,64.0,2.0,1.0,16.0,32.0,1.0,32.0,32.0,1.0,1.0,1.0,1.0,4.0,6.0,4.0,1.0,4.0,5.0,2.0,4.0,6.0,1.0,5.0,5.0,4.0,6.0,1.0,6.0,2.0,2.0,192.0,64.0,1.0,192.0,64.0,1.0,1.0,1.0,1.0,1.0,1.0,1.0,5.0,6.0,3.0,3.0,4.0,5.0,1.0,5.0,4.0,2.0,3.0,6.0,5.0,5.0,1.0,4.0,3.0,3.0,192.0,192.0,1.0,256.0,256.0,1.0,1.0,1.0,1.0,1.0,1.0,1.0,3.0,4.0,3.0,4.0,1.0,2.0,5.0,1.0,2.0,3.0,4.0,4.0,6.0,2.0,5.0,3.0,1.0,3.0,3.0,12.0,1.0,48.0,96.0,1.0,1.0,1.0,1.0,1.0,1.0,1.0,802160976.0,67968427.68,6228620.0,0.07128174285714285,14.0,514.0,3868.0,5.452162028497422e+16,12.966228571428573,13.391799999999998,78.57142857142857,602.2857142857143
256000.0,32000.0,256.0,64.0,1.0,8.0,16.0,44.0,5.0,1.0,6.0,2.0,5.0,6.0,1.0,1.0,3.0,6.0,4.0,6.0,6.0,6.0,5.0,6.0,2.0,1.0,2.0,5.0,5.0,2.0,5.0,4.0,384.0,768.0,1.0,4.0,16.0,1.0,1.0,1.0,1.0,1.0,1.0,1.0,3.0,6.0,5.0,1.0,3.0,6.0,3.0,4.0,5.0,1.0,2.0,3.0,2.0,2.0,5.0,6.0,6.0,2.0,2.0,2.0,1.0,1.0,1.0,1.0,8.0,1.0,1.0,1.0,1.0,1.0,1.0,6.0,3.0,1.0,5.0,5.0,1.0,3.0,1.0,2.0,1.0,4.0,2.0,1.0,4.0,2.0,3.0,2.0,8.0,32.0,1.0,8.0,1.0,1.0,8.0,64.0,1.0,1.0,1.0,1.0,4.0,3.0,5.0,3.0,2.0,6.0,3.0,5.0,4.0,5.0,2.0,5.0,1.0,5.0,2.0,5.0,4.0,5.0,128.0,128.0,1.0,4.0,12.0,1.0,1.0,1.0,1.0,1.0,1.0,1.0,6.0,6.0,3.0,1.0,1.0,5.0,6.0,4.0,6.0,6.0,5.0,2.0,2.0,4.0,4.0,1.0,3.0,5.0,256.0,192.0,1.0,3.0,256.0,1.0,1.0,1.0,1.0,1.0,1.0,1.0,4.0,2.0,3.0,6.0,6.0,6.0,2.0,6.0,1.0,5.0,6.0,4.0,3.0,1.0,2.0,2.0,4.0,3.0,6.0,12.0,1.0,48.0,8.0,1.0,1.0,1.0,1.0,1.0,1.0,1.0,10879893840.0,99767532.48,18653700.0,0.20545185714285716,44.0,514.0,514.0,1.085460162061152e+18,32.142871428571425,32.150350357142855,78.57142857142857,226.0
64000.0,512000.0,256.0,64.0,1.0,8.0,6.0,26.0,6.0,4.0,5.0,1.0,1.0,6.0,4.0,5.0,2.0,6.0,2.0,6.0,5.0,6.0,3.0,2.0,6.0,6.0,6.0,2.0,4.0,1.0,4.0,5.0,192.0,16.0,1.0,36.0,9.0,1.0,1.0,1.0,1.0,1.0,1.0,1.0,2.0,5.0,1.0,1.0,4.0,1.0,5.0,3.0,5.0,4.0,1.0,2.0,4.0,4.0,1.0,2.0,4.0,3.0,8.0,2.0,1.0,2.0,4.0,1.0,128.0,1.0,1.0,1.0,1.0,1.0,2.0,2.0,1.0,6.0,4.0,5.0,3.0,5.0,5.0,2.0,4.0,5.0,5.0,4.0,1.0,3.0,4.0,1.0,4.0,128.0,1.0,128.0,32.0,1.0,2.0,64.0,1.0,1.0,1.0,1.0,5.0,1.0,3.0,6.0,3.0,1.0,1.0,5.0,4.0,6.0,2.0,4.0,2.0,5.0,5.0,2.0,1.0,4.0,4.0,2.0,1.0,384.0,64.0,1.0,1.0,1.0,1.0,1.0,1.0,1.0,6.0,6.0,1.0,4.0,3.0,3.0,5.0,5.0,3.0,5.0,1.0,5.0,1.0,2.0,4.0,3.0,6.0,1.0,1.0,768.0,1.0,384.0,12.0,1.0,1.0,1.0,1.0,1.0,1.0,1.0,5.0,3.0,4.0,3.0,2.0,4.0,4.0,5.0,4.0,6.0,4.0,6.0,4.0,1.0,5.0,1.0,5.0,3.0,32.0,64.0,1.0,8.0,4.0,1.0,1.0,1.0,1.0,1.0,1.0,1.0,436470720.0,41819804.64,11089000.0,0.1269035714285714,26.0,514.0,6964.0,1.825312024148014e+16,23.77909642857143,21.972025357142858,78.57142857142857,1085.7142857142858
128.0,256000.0,256.0,64.0,2.0,30.0,4.0,48.0,5.0,4.0,1.0,4.0,6.0,5.0,3.0,6.0,2.0,4.0,5.0,1.0,3.0,6.0,1.0,3.0,4.0,5.0,2.0,6.0,3.0,5.0,6.0,6.0,384.0,8.0,1.0,192.0,18.0,1.0,1.0,1.0,1.0,1.0,1.0,1.0,4.0,6.0,3.0,5.0,4.0,2.0,5.0,3.0,4.0,1.0,4.0,1.0,6.0,1.0,3.0,3.0,5.0,4.0,1.0,2.0,1.0,16.0,64.0,1.0,128.0,16.0,1.0,1.0,1.0,1.0,3.0,3.0,6.0,2.0,2.0,2.0,4.0,1.0,1.0,4.0,1.0,5.0,3.0,1.0,3.0,4.0,2.0,1.0,128.0,16.0,1.0,128.0,1.0,1.0,8.0,1.0,1.0,1.0,1.0,1.0,2.0,5.0,3.0,4.0,1.0,3.0,1.0,5.0,1.0,3.0,1.0,1.0,5.0,1.0,6.0,2.0,2.0,6.0,192.0,32.0,1.0,192.0,256.0,1.0,1.0,1.0,1.0,1.0,1.0,1.0,3.0,6.0,6.0,5.0,6.0,5.0,3.0,2.0,3.0,3.0,5.0,2.0,1.0,4.0,3.0,5.0,4.0,1.0,2.0,192.0,1.0,4.0,3.0,1.0,1.0,1.0,1.0,1.0,1.0,1.0,5.0,1.0,1.0,2.0,2.0,3.0,6.0,4.0,3.0,6.0,1.0,3.0,6.0,4.0,2.0,4.0,3.0,6.0,384.0,128.0,1.0,384.0,16.0,1.0,1.0,1.0,1.0,1.0,1.0,1.0,2445924660.0,29257210.560000002,93384800.0,0.9012759285714284,192.0,514.0,69632.0,7.156093279151642e+16,10.309524999999999,3.974377178571428,78.57142857142857,4519.0
4096.0,16000.0,256.0,64.0,1.0,48.0,12.0,30.0,3.0,2.0,6.0,6.0,6.0,2.0,4.0,5.0,3.0,3.0,5.0,5.0,6.0,1.0,2.0,2.0,4.0,5.0,6.0,4.0,2.0,1.0,3.0,3.0,3.0,32.0,1.0,768.0,96.0,1.0,1.0,1.0,1.0,1.0,1.0,1.0,2.0,5.0,6.0,2.0,4.0,1.0,5.0,6.0,1.0,4.0,3.0,2.0,3.0,1.0,5.0,3.0,4.0,4.0,16.0,64.0,1.0,16.0,4.0,1.0,32.0,1.0,1.0,1.0,1.0,1.0,4.0,6.0,2.0,3.0,2.0,4.0,3.0,5.0,4.0,4.0,3.0,3.0,4.0,2.0,4.0,1.0,5.0,2.0,1.0,64.0,1.0,32.0,32.0,1.0,8.0,4.0,1.0,1.0,1.0,1.0,5.0,5.0,6.0,4.0,1.0,4.0,6.0,1.0,2.0,3.0,1.0,3.0,3.0,1.0,3.0,2.0,2.0,2.0,3.0,48.0,1.0,48.0,4.0,1.0,1.0,1.0,1.0,1.0,1.0,1.0,1.0,5.0,6.0,5.0,4.0,1.0,1.0,5.0,2.0,4.0,5.0,5.0,2.0,3.0,1.0,5.0,2.0,1.0,96.0,24.0,1.0,256.0,6.0,1.0,1.0,1.0,1.0,1.0,1.0,1.0,6.0,1.0,4.0,4.0,4.0,4.0,4.0,4.0,1.0,5.0,4.0,2.0,1.0,2.0,5.0,2.0,6.0,4.0,32.0,768.0,1.0,96.0,3.0,1.0,1.0,1.0,1.0,1.0,1.0,1.0,10884612432.0,99794804.16,12741000.0,0.14185942857142855,30.0,514.0,514.0,1.0862277660089413e+18,20.257128571428574,20.262100714285715,78.57142857142857,178.0
16000.0,16000000.0,256.0,64.0,1.0,46.0,10.0,48.0,2.0,5.0,3.0,3.0,2.0,2.0,2.0,6.0,3.0,3.0,2.0,1.0,2.0,2.0,6.0,3.0,3.0,4.0,3.0,6.0,4.0,3.0,5.0,5.0,32.0,8.0,1.0,12.0,3.0,1.0,1.0,1.0,1.0,1.0,1.0,1.0,1.0,2.0,3.0,1.0,6.0,1.0,1.0,4.0,2.0,6.0,3.0,6.0,5.0,1.0,5.0,4.0,5.0,5.0,8.0,4.0,1.0,16.0,4.0,1.0,128.0,128.0,1.0,1.0,1.0,1.0,4.0,1.0,5.0,2.0,3.0,5.0,3.0,3.0,2.0,2.0,6.0,5.0,1.0,6.0,3.0,4.0,6.0,6.0,2.0,64.0,1.0,32.0,128.0,1.0,8.0,16.0,1.0,1.0,1.0,1.0,5.0,3.0,6.0,6.0,3.0,2.0,6.0,4.0,2.0,5.0,1.0,3.0,3.0,4.0,2.0,3.0,2.0,6.0,192.0,1.0,1.0,64.0,16.0,1.0,1.0,1.0,1.0,1.0,1.0,1.0,4.0,3.0,5.0,6.0,3.0,5.0,3.0,4.0,5.0,5.0,5.0,2.0,5.0,4.0,2.0,5.0,2.0,3.0,64.0,2.0,1.0,3072.0,96.0,1.0,1.0,1.0,1.0,1.0,1.0,1.0,5.0,1.0,1.0,5.0,4.0,6.0,2.0,4.0,6.0,1.0,6.0,5.0,1.0,2.0,2.0,3.0,5.0,1.0,384.0,3.0,1.0,8.0,12.0,1.0,1.0,1.0,1.0,1.0,1.0,1.0,233570640.0,67790322.24,20381000.0,0.2296288571428572,48.0,514.0,12640.0,1.5833828951403032e+16,43.428599999999996,43.854942857142866,78.57142857142857,1972.0
2048000.0,4096000.0,256.0,64.0,2.0,2.0,30.0,46.0,5.0,6.0,6.0,3.0,3.0,2.0,4.0,1.0,2.0,5.0,3.0,1.0,5.0,1.0,3.0,4.0,6.0,3.0,1.0,6.0,6.0,6.0,1.0,3.0,16.0,3.0,1.0,2304.0,18.0,1.0,1.0,1.0,1.0,1.0,1.0,1.0,2.0,5.0,4.0,5.0,3.0,3.0,5.0,6.0,1.0,1.0,5.0,2.0,5.0,1.0,4.0,6.0,5.0,3.0,8.0,32.0,1.0,1.0,32.0,1.0,8.0,4.0,1.0,1.0,1.0,1.0,2.0,5.0,1.0,3.0,6.0,1.0,2.0,2.0,1.0,5.0,3.0,4.0,5.0,6.0,6.0,3.0,6.0,6.0,2.0,128.0,1.0,64.0,4.0,1.0,1.0,2.0,1.0,1.0,1.0,1.0,2.0,3.0,6.0,6.0,1.0,4.0,5.0,6.0,5.0,4.0,1.0,1.0,2.0,2.0,4.0,5.0,4.0,6.0,32.0,8.0,1.0,64.0,128.0,1.0,1.0,1.0,1.0,1.0,1.0,1.0,6.0,5.0,4.0,4.0,2.0,4.0,5.0,6.0,4.0,1.0,2.0,6.0,6.0,4.0,1.0,2.0,1.0,5.0,24.0,24.0,1.0,48.0,128.0,1.0,1.0,1.0,1.0,1.0,1.0,1.0,2.0,4.0,2.0,4.0,4.0,5.0,1.0,5.0,5.0,3.0,4.0,4.0,2.0,6.0,3.0,2.0,3.0,5.0,48.0,32.0,1.0,192.0,64.0,1.0,1.0,1.0,1.0,1.0,1.0,1.0,665823492.0,23543443.48,1502070000.0,7.175271785714287,1380.0,514.0,443904.0,1.5675777751558232e+16,53.27618928571428,8.562200571428573,78.57142857142857,37013.42857142857
32000.0,64000.0,256.0,64.0,2.0,18.0,40.0,20.0,2.0,4.0,5.0,3.0,3.0,3.0,5.0,5.0,6.0,5.0,1.0,6.0,4.0,2.0,6.0,3.0,3.0,1.0,4.0,1.0,4.0,5.0,4.0,2.0,96.0,32.0,1.0,2304.0,12.0,1.0,1.0,1.0,1.0,1.0,1.0,1.0,3.0,5.0,3.0,4.0,6.0,1.0,1.0,5.0,2.0,5.0,6.0,3.0,5.0,1.0,1.0,4.0,3.0,3.0,32.0,4.0,1.0,128.0,32.0,1.0,128.0,64.0,1.0,1.0,1.0,1.0,1.0,3.0,3.0,3.0,5.0,6.0,2.0,4.0,2.0,4.0,5.0,5.0,4.0,3.0,3.0,3.0,6.0,1.0,2.0,2.0,1.0,128.0,64.0,1.0,2.0,2.0,1.0,1.0,1.0,1.0,3.0,4.0,6.0,6.0,3.0,2.0,4.0,6.0,5.0,2.0,4.0,3.0,5.0,6.0,6.0,3.0,3.0,6.0,24.0,2.0,1.0,2.0,48.0,1.0,1.0,1.0,1.0,1.0,1.0,1.0,3.0,6.0,2.0,4.0,1.0,6.0,3.0,6.0,2.0,2.0,1.0,3.0,3.0,3.0,5.0,6.0,4.0,1.0,768.0,384.0,1.0,128.0,384.0,1.0,1.0,1.0,1.0,1.0,1.0,1.0,5.0,2.0,3.0,3.0,3.0,1.0,2.0,1.0,3.0,2.0,4.0,3.0,2.0,3.0,3.0,6.0,3.0,4.0,192.0,768.0,1.0,12.0,1.0,1.0,1.0,1.0,1.0,1.0,1.0,1.0,4509423468.0,22783879.640000004,634615000.0,3.9476300000000006,800.0,514.0,229376.0,1.0274216154070341e+17,234.33163214285716,106.71072595785712,78.57142857142857,18226.571428571428
128000.0,64000.0,256.0,64.0,2.0,2.0,48.0,32.0,6.0,2.0,2.0,3.0,2.0,3.0,2.0,4.0,4.0,2.0,4.0,2.0,4.0,1.0,1.0,2.0,5.0,3.0,5.0,3.0,4.0,4.0,5.0,4.0,24.0,1.0,1.0,24.0,72.0,1.0,1.0,1.0,1.0,1.0,1.0,1.0,3.0,5.0,5.0,3.0,1.0,3.0,5.0,4.0,5.0,1.0,1.0,1.0,6.0,5.0,6.0,2.0,2.0,3.0,1.0,64.0,1.0,4.0,32.0,1.0,1.0,4.0,1.0,1.0,1.0,1.0,3.0,5.0,4.0,1.0,6.0,4.0,2.0,1.0,5.0,2.0,1.0,2.0,6.0,1.0,5.0,1.0,5.0,1.0,128.0,2.0,1.0,2.0,32.0,1.0,2.0,8.0,1.0,1.0,1.0,1.0,2.0,3.0,6.0,1.0,3.0,5.0,5.0,5.0,6.0,1.0,6.0,3.0,3.0,4.0,5.0,5.0,3.0,2.0,256.0,96.0,1.0,3.0,128.0,1.0,1.0,1.0,1.0,1.0,1.0,1.0,5.0,2.0,2.0,1.0,4.0,6.0,2.0,5.0,3.0,3.0,2.0,6.0,4.0,4.0,4.0,4.0,6.0,3.0,48.0,6.0,1.0,8.0,16.0,1.0,1.0,1.0,1.0,1.0,1.0,1.0,4.0,4.0,2.0,4.0,5.0,4.0,6.0,3.0,1.0,5.0,3.0,5.0,1.0,6.0,5.0,2.0,3.0,1.0,512.0,1024.0,1.0,128.0,6.0,1.0,1.0,1.0,1.0,1.0,1.0,1.0,870053892.0,20364437.74,1793920000.0,8.089419285714285,1536.0,514.0,824832.0,1.7718158314078682e+16,31.16666785714286,17.0091329,78.57142857142857,40825.142857142855
16000.0,32000.0,256.0,64.0,2.0,8.0,28.0,4.0,4.0,2.0,3.0,1.0,2.0,3.0,6.0,3.0,4.0,2.0,1.0,3.0,2.0,2.0,6.0,4.0,6.0,3.0,2.0,2.0,6.0,4.0,5.0,5.0,192.0,16.0,1.0,768.0,192.0,1.0,1.0,1.0,1.0,1.0,1.0,1.0,2.0,3.0,1.0,1.0,6.0,3.0,2.0,5.0,4.0,4.0,1.0,6.0,4.0,3.0,5.0,4.0,6.0,3.0,32.0,4.0,1.0,1.0,64.0,1.0,32.0,64.0,1.0,1.0,1.0,1.0,2.0,4.0,6.0,2.0,3.0,3.0,6.0,3.0,6.0,4.0,6.0,4.0,4.0,3.0,3.0,1.0,1.0,3.0,16.0,2.0,1.0,64.0,4.0,1.0,32.0,64.0,1.0,1.0,1.0,1.0,4.0,4.0,3.0,6.0,5.0,1.0,5.0,5.0,6.0,4.0,6.0,5.0,3.0,5.0,1.0,4.0,1.0,4.0,4.0,64.0,1.0,24.0,16.0,1.0,1.0,1.0,1.0,1.0,1.0,1.0,5.0,2.0,2.0,2.0,1.0,4.0,2.0,2.0,1.0,2.0,3.0,5.0,5.0,4.0,6.0,6.0,4.0,5.0,128.0,768.0,1.0,128.0,16.0,1.0,1.0,1.0,1.0,1.0,1.0,1.0,1.0,5.0,1.0,6.0,5.0,4.0,2.0,1.0,3.0,5.0,6.0,2.0,5.0,4.0,6.0,3.0,6.0,4.0,1.0,48.0,1.0,48.0,128.0,1.0,1.0,1.0,1.0,1.0,1.0,1.0,884290644.0,18856843.86,50248900.0,0.6042164285714287,112.0,514.0,335872.0,1.6674930600766846e+16,67.04841071428571,20.50909181071429,78.57142857142857,25805.714285714286
128.0,2048000.0,256.0,64.0,1.0,2.0,18.0,44.0,4.0,1.0,1.0,2.0,3.0,1.0,1.0,5.0,5.0,5.0,5.0,5.0,6.0,1.0,5.0,2.0,2.0,1.0,1.0,1.0,5.0,3.0,1.0,3.0,192.0,256.0,1.0,9.0,3.0,1.0,1.0,1.0,1.0,1.0,1.0,1.0,6.0,2.0,3.0,4.0,2.0,2.0,4.0,1.0,4.0,4.0,4.0,5.0,1.0,3.0,3.0,3.0,4.0,2.0,4.0,1.0,1.0,4.0,64.0,1.0,128.0,4.0,1.0,1.0,1.0,1.0,6.0,2.0,2.0,5.0,3.0,1.0,4.0,4.0,2.0,2.0,2.0,6.0,6.0,2.0,3.0,4.0,5.0,1.0,4.0,2.0,1.0,64.0,16.0,1.0,1.0,8.0,1.0,1.0,1.0,1.0,1.0,2.0,3.0,4.0,5.0,6.0,1.0,5.0,4.0,1.0,4.0,2.0,5.0,6.0,5.0,1.0,6.0,2.0,2.0,768.0,1.0,256.0,256.0,1.0,1.0,1.0,1.0,1.0,1.0,1.0,6.0,6.0,3.0,4.0,6.0,3.0,3.0,6.0,2.0,2.0,3.0,4.0,6.0,4.0,1.0,2.0,6.0,4.0,384.0,32.0,1.0,3.0,3072.0,1.0,1.0,1.0,1.0,1.0,1.0,1.0,5.0,4.0,1.0,3.0,2.0,6.0,4.0,6.0,1.0,1.0,6.0,1.0,6.0,1.0,4.0,6.0,6.0,6.0,24.0,256.0,1.0,48.0,24.0,1.0,1.0,1.0,1.0,1.0,1.0,1.0,260703600.0,24854960.160000004,18654900.0,0.2109197142857143,44.0,514.0,11608.0,6479777591568577.0,38.13879285714285,37.848626071428576,78.57142857142857,1810.857142857143
1024.0,256000.0,256.0,64.0,1.0,6.0,14.0,14.0,4.0,2.0,1.0,3.0,2.0,1.0,3.0,4.0,3.0,2.0,2.0,4.0,6.0,6.0,2.0,2.0,5.0,4.0,3.0,1.0,6.0,6.0,1.0,1.0,4.0,4.0,1.0,3.0,24.0,1.0,1.0,1.0,1.0,1.0,1.0,1.0,3.0,4.0,2.0,3.0,6.0,5.0,4.0,5.0,2.0,5.0,5.0,6.0,2.0,6.0,1.0,4.0,1.0,6.0,8.0,16.0,1.0,64.0,2.0,1.0,4.0,128.0,1.0,1.0,1.0,1.0,4.0,1.0,5.0,6.0,3.0,2.0,5.0,5.0,4.0,4.0,5.0,6.0,2.0,6.0,5.0,3.0,3.0,6.0,32.0,128.0,1.0,128.0,16.0,1.0,2.0,8.0,1.0,1.0,1.0,1.0,4.0,1.0,3.0,4.0,5.0,4.0,4.0,5.0,5.0,6.0,3.0,3.0,1.0,6.0,3.0,6.0,4.0,2.0,24.0,256.0,1.0,3.0,2.0,1.0,1.0,1.0,1.0,1.0,1.0,1.0,4.0,1.0,5.0,6.0,6.0,2.0,4.0,2.0,2.0,3.0,4.0,6.0,1.0,3.0,6.0,2.0,2.0,4.0,48.0,32.0,1.0,768.0,32.0,1.0,1.0,1.0,1.0,1.0,1.0,1.0,2.0,2.0,5.0,5.0,1.0,3.0,3.0,2.0,1.0,2.0,2.0,6.0,2.0,2.0,5.0,3.0,4.0,4.0,256.0,64.0,1.0,6.0,384.0,1.0,1.0,1.0,1.0,1.0,1.0,1.0,802161312.0,44346965.28,6228620.0,0.07128174285714285,14.0,514.0,3868.0,3.557341985222325e+16,12.966228571428573,16.951203214285712,78.57142857142857,602.2857142857143
32000.0,4096000.0,256.0,64.0,2.0,2.0,14.0,42.0,6.0,5.0,4.0,4.0,5.0,5.0,2.0,6.0,1.0,6.0,3.0,5.0,4.0,4.0,5.0,3.0,3.0,1.0,2.0,6.0,4.0,2.0,3.0,3.0,24.0,3.0,1.0,72.0,1152.0,1.0,1.0,1.0,1.0,1.0,1.0,1.0,2.0,1.0,5.0,3.0,4.0,1.0,6.0,1.0,2.0,6.0,5.0,2.0,1.0,4.0,5.0,1.0,1.0,3.0,64.0,16.0,1.0,16.0,8.0,1.0,8.0,128.0,1.0,1.0,1.0,1.0,6.0,2.0,2.0,3.0,1.0,6.0,1.0,4.0,6.0,5.0,3.0,6.0,4.0,2.0,4.0,2.0,1.0,6.0,64.0,16.0,1.0,2.0,64.0,1.0,1.0,16.0,1.0,1.0,1.0,1.0,1.0,6.0,3.0,6.0,3.0,5.0,2.0,6.0,5.0,2.0,5.0,3.0,3.0,1.0,1.0,4.0,4.0,4.0,64.0,32.0,1.0,256.0,768.0,1.0,1.0,1.0,1.0,1.0,1.0,1.0,6.0,5.0,1.0,2.0,4.0,2.0,3.0,5.0,6.0,5.0,6.0,6.0,1.0,1.0,4.0,2.0,3.0,5.0,96.0,48.0,1.0,512.0,384.0,1.0,1.0,1.0,1.0,1.0,1.0,1.0,3.0,4.0,1.0,3.0,1.0,3.0,3.0,3.0,1.0,4.0,6.0,6.0,1.0,2.0,4.0,4.0,2.0,6.0,32.0,1024.0,1.0,8.0,24.0,1.0,1.0,1.0,1.0,1.0,1.0,1.0,67320732.0,18759722.88,403178000.0,2.973573214285714,588.0,514.0,786432.0,1262918276398748.0,68.458,8.001926999999998,78.57142857142857,49662.28571428572
2048000.0,256000.0,256.0,64.0,2.0,6.0,2.0,48.0,4.0,3.0,1.0,3.0,1.0,1.0,1.0,5.0,4.0,5.0,1.0,1.0,3.0,2.0,5.0,1.0,5.0,1.0,4.0,6.0,6.0,6.0,1.0,1.0,3.0,1.0,1.0,1.0,3.0,1.0,1.0,1.0,1.0,1.0,1.0,1.0,5.0,6.0,6.0,1.0,5.0,4.0,2.0,3.0,4.0,6.0,1.0,1.0,4.0,4.0,5.0,3.0,6.0,5.0,16.0,64.0,1.0,128.0,8.0,1.0,16.0,2.0,1.0,1.0,1.0,1.0,4.0,5.0,3.0,5.0,3.0,6.0,2.0,1.0,4.0,1.0,6.0,2.0,6.0,5.0,3.0,5.0,6.0,2.0,64.0,16.0,1.0,1.0,8.0,1.0,64.0,16.0,1.0,1.0,1.0,1.0,4.0,3.0,6.0,4.0,3.0,3.0,1.0,3.0,1.0,6.0,2.0,1.0,3.0,1.0,5.0,1.0,4.0,6.0,128.0,4.0,1.0,96.0,192.0,1.0,1.0,1.0,1.0,1.0,1.0,1.0,5.0,4.0,5.0,6.0,6.0,3.0,1.0,2.0,2.0,2.0,5.0,4.0,2.0,4.0,1.0,6.0,5.0,4.0,6.0,384.0,1.0,1.0,24.0,1.0,1.0,1.0,1.0,1.0,1.0,1.0,1.0,3.0,3.0,5.0,2.0,5.0,3.0,2.0,1.0,4.0,5.0,3.0,1.0,3.0,5.0,6.0,1.0,5.0,1536.0,64.0,1.0,128.0,384.0,1.0,1.0,1.0,1.0,1.0,1.0,1.0,3321312336.0,42534603.88000001,42374300.0,0.4604998571428571,96.0,514.0,98304.0,1.412707045735175e+17,14.333332142857143,4.283781857142857,78.57142857142857,5431.857142857143
128000.0,64000.0,256.0,64.0,3.0,28.0,36.0,48.0,1.0,2.0,6.0,1.0,5.0,4.0,3.0,5.0,1.0,6.0,3.0,1.0,6.0,4.0,4.0,6.0,5.0,1.0,6.0,3.0,6.0,4.0,5.0,3.0,256.0,96.0,1.0,48.0,36.0,1.0,1.0,1.0,1.0,1.0,1.0,1.0,6.0,5.0,2.0,3.0,3.0,4.0,5.0,5.0,1.0,4.0,5.0,2.0,1.0,2.0,5.0,3.0,4.0,2.0,32.0,4.0,1.0,1.0,1.0,1.0,16.0,128.0,1.0,1.0,1.0,1.0,3.0,4.0,6.0,3.0,2.0,2.0,1.0,3.0,3.0,1.0,5.0,2.0,3.0,3.0,2.0,4.0,2.0,5.0,8.0,2.0,1.0,128.0,8.0,1.0,8.0,2.0,1.0,1.0,1.0,1.0,5.0,6.0,5.0,1.0,3.0,5.0,4.0,1.0,4.0,5.0,6.0,3.0,4.0,6.0,2.0,1.0,5.0,3.0,12.0,24.0,1.0,24.0,8.0,1.0,1.0,1.0,1.0,1.0,1.0,1.0,5.0,1.0,1.0,1.0,3.0,4.0,4.0,4.0,2.0,2.0,4.0,1.0,4.0,3.0,3.0,5.0,4.0,1.0,96.0,256.0,1.0,512.0,3.0,1.0,1.0,1.0,1.0,1.0,1.0,1.0,6.0,3.0,3.0,6.0,6.0,2.0,4.0,2.0,4.0,6.0,3.0,4.0,4.0,5.0,6.0,2.0,4.0,2.0,3072.0,2.0,1.0,16.0,4.0,1.0,1.0,1.0,1.0,1.0,1.0,1.0,11048466540.0,18400158.759999998,1211610000000.0,1243.5167857142858,48384.0,514.0,888832.0,2.0329353839054787e+17,4.0,0.3872496607142857,78.57142857142857,64251.42857142857
1024000.0,16000.0,256.0,64.0,1.0,16.0,40.0,24.0,4.0,4.0,1.0,2.0,4.0,1.0,1.0,1.0,6.0,5.0,6.0,6.0,5.0,4.0,1.0,2.0,1.0,6.0,3.0,1.0,6.0,4.0,3.0,3.0,256.0,96.0,1.0,288.0,256.0,1.0,1.0,1.0,1.0,1.0,1.0,1.0,6.0,3.0,3.0,3.0,5.0,5.0,2.0,4.0,5.0,3.0,5.0,5.0,1.0,1.0,6.0,6.0,4.0,6.0,32.0,8.0,1.0,2.0,4.0,1.0,8.0,16.0,1.0,1.0,1.0,1.0,4.0,4.0,5.0,3.0,1.0,1.0,2.0,3.0,1.0,6.0,6.0,1.0,4.0,4.0,6.0,4.0,3.0,6.0,1.0,1.0,1.0,2.0,64.0,1.0,8.0,2.0,1.0,1.0,1.0,1.0,3.0,2.0,3.0,3.0,5.0,2.0,4.0,1.0,1.0,3.0,2.0,4.0,4.0,5.0,5.0,2.0,1.0,2.0,64.0,384.0,1.0,3.0,2.0,1.0,1.0,1.0,1.0,1.0,1.0,1.0,6.0,2.0,1.0,3.0,4.0,2.0,3.0,2.0,3.0,1.0,4.0,1.0,2.0,6.0,5.0,1.0,3.0,4.0,12.0,128.0,1.0,64.0,12.0,1.0,1.0,1.0,1.0,1.0,1.0,1.0,3.0,5.0,1.0,5.0,4.0,2.0,3.0,2.0,1.0,3.0,3.0,4.0,6.0,6.0,6.0,6.0,5.0,1.0,48.0,32.0,1.0,96.0,4.0,1.0,1.0,1.0,1.0,1.0,1.0,1.0,467141520.0,42013871.04,10268800.0,0.1176325714285714,24.0,514.0,6448.0,1.962642357870958e+16,21.714257142857146,20.13762607142857,78.57142857142857,1005.1428571428571
512000.0,8192000.0,256.0,64.0,1.0,38.0,36.0,20.0,4.0,1.0,5.0,4.0,2.0,5.0,4.0,6.0,4.0,3.0,4.0,3.0,5.0,2.0,6.0,3.0,5.0,6.0,2.0,3.0,4.0,6.0,4.0,3.0,384.0,4.0,1.0,32.0,18.0,1.0,1.0,1.0,1.0,1.0,1.0,1.0,1.0,5.0,4.0,2.0,2.0,6.0,2.0,6.0,6.0,5.0,3.0,6.0,5.0,1.0,4.0,1.0,3.0,2.0,16.0,32.0,1.0,32.0,2.0,1.0,16.0,1.0,1.0,1.0,1.0,1.0,2.0,6.0,4.0,3.0,4.0,2.0,2.0,4.0,1.0,1.0,3.0,1.0,5.0,1.0,1.0,3.0,5.0,6.0,32.0,32.0,1.0,1.0,4.0,1.0,16.0,2.0,1.0,1.0,1.0,1.0,1.0,1.0,6.0,1.0,1.0,4.0,6.0,2.0,6.0,3.0,1.0,4.0,2.0,6.0,6.0,1.0,3.0,2.0,32.0,128.0,1.0,32.0,24.0,1.0,1.0,1.0,1.0,1.0,1.0,1.0,3.0,5.0,4.0,3.0,5.0,4.0,3.0,5.0,3.0,2.0,4.0,3.0,4.0,4.0,6.0,1.0,3.0,5.0,384.0,1.0,1.0,64.0,512.0,1.0,1.0,1.0,1.0,1.0,1.0,1.0,2.0,2.0,3.0,1.0,6.0,1.0,1.0,4.0,1.0,2.0,5.0,6.0,5.0,3.0,1.0,6.0,2.0,5.0,8.0,1024.0,1.0,12.0,12.0,1.0,1.0,1.0,1.0,1.0,1.0,1.0,10889331024.0,83374946.88000001,8639980.0,0.09667651428571428,20.0,514.0,514.0,9.078973956847361e+17,14.83672857142857,14.83861464285714,78.57142857142857,143.71428571428572
2048.0,32000000.0,256.0,64.0,2.0,22.0,30.0,20.0,1.0,4.0,2.0,3.0,3.0,5.0,5.0,2.0,6.0,2.0,5.0,5.0,4.0,6.0,3.0,5.0,5.0,4.0,1.0,6.0,2.0,6.0,3.0,4.0,96.0,96.0,1.0,64.0,48.0,1.0,1.0,1.0,1.0,1.0,1.0,1.0,5.0,3.0,5.0,4.0,5.0,3.0,4.0,6.0,1.0,2.0,1.0,5.0,3.0,6.0,5.0,3.0,6.0,6.0,2.0,64.0,1.0,1.0,4.0,1.0,2.0,8.0,1.0,1.0,1.0,1.0,5.0,5.0,5.0,6.0,1.0,3.0,1.0,1.0,5.0,3.0,4.0,3.0,6.0,6.0,2.0,6.0,3.0,5.0,4.0,8.0,1.0,1.0,64.0,1.0,16.0,16.0,1.0,1.0,1.0,1.0,6.0,4.0,3.0,4.0,1.0,6.0,3.0,6.0,4.0,2.0,2.0,4.0,5.0,5.0,4.0,1.0,3.0,4.0,2.0,3.0,1.0,192.0,16.0,1.0,1.0,1.0,1.0,1.0,1.0,1.0,6.0,3.0,2.0,4.0,6.0,6.0,5.0,6.0,1.0,5.0,4.0,5.0,2.0,6.0,6.0,5.0,6.0,1.0,32.0,3.0,1.0,1.0,128.0,1.0,1.0,1.0,1.0,1.0,1.0,1.0,5.0,3.0,5.0,4.0,1.0,2.0,1.0,2.0,5.0,4.0,2.0,3.0,3.0,2.0,4.0,5.0,5.0,2.0,48.0,8.0,1.0,192.0,4.0,1.0,1.0,1.0,1.0,1.0,1.0,1.0,5108987556.0,49565096.28,414981000.0,2.869499642857143,600.0,514.0,46080.0,2.532274601064619e+17,2.1785714285714284,0.8254773214285714,78.57142857142857,2040.2142857142858
128.0,64000.0,256.0,64.0,1.0,28.0,42.0,40.0,1.0,1.0,3.0,3.0,6.0,3.0,4.0,4.0,6.0,6.0,3.0,1.0,6.0,3.0,3.0,5.0,3.0,2.0,2.0,1.0,3.0,6.0,6.0,4.0,384.0,64.0,1.0,4.0,192.0,1.0,1.0,1.0,1.0,1.0,1.0,1.0,3.0,2.0,5.0,1.0,4.0,6.0,3.0,4.0,2.0,1.0,2.0,6.0,5.0,6.0,4.0,1.0,5.0,4.0,8.0,2.0,1.0,128.0,4.0,1.0,16.0,128.0,1.0,1.0,1.0,1.0,4.0,4.0,4.0,2.0,4.0,1.0,4.0,4.0,2.0,1.0,6.0,1.0,2.0,2.0,4.0,5.0,5.0,2.0,2.0,2.0,1.0,64.0,16.0,1.0,32.0,64.0,1.0,1.0,1.0,1.0,5.0,4.0,1.0,4.0,4.0,3.0,2.0,4.0,5.0,3.0,2.0,4.0,6.0,4.0,5.0,3.0,6.0,5.0,4.0,128.0,1.0,16.0,2.0,1.0,1.0,1.0,1.0,1.0,1.0,1.0,3.0,5.0,6.0,3.0,3.0,5.0,5.0,5.0,2.0,6.0,4.0,1.0,5.0,4.0,5.0,2.0,1.0,4.0,384.0,256.0,1.0,256.0,24.0,1.0,1.0,1.0,1.0,1.0,1.0,1.0,2.0,3.0,5.0,5.0,2.0,6.0,5.0,5.0,4.0,2.0,3.0,3.0,2.0,2.0,5.0,1.0,1.0,2.0,32.0,24.0,1.0,96.0,6.0,1.0,1.0,1.0,1.0,1.0,1.0,1.0,11173626192.0,67375596.0,16944000.0,0.18680328571428573,40.0,514.0,514.0,7.528297241672105e+17,1.0,1.006617857142857,78.57142857142857,78.57142857142857
1024.0,32000000.0,256.0,64.0,3.0,4.0,28.0,40.0,3.0,3.0,2.0,4.0,4.0,1.0,5.0,3.0,3.0,1.0,1.0,2.0,1.0,3.0,6.0,6.0,4.0,5.0,5.0,3.0,2.0,5.0,3.0,2.0,48.0,256.0,1.0,256.0,1152.0,1.0,1.0,1.0,1.0,1.0,1.0,1.0,3.0,4.0,4.0,4.0,4.0,6.0,4.0,1.0,6.0,4.0,3.0,6.0,5.0,6.0,5.0,4.0,4.0,2.0,64.0,8.0,1.0,2.0,64.0,1.0,128.0,2.0,1.0,1.0,1.0,1.0,6.0,2.0,6.0,2.0,4.0,5.0,4.0,3.0,2.0,5.0,2.0,6.0,5.0,2.0,4.0,1.0,2.0,4.0,128.0,1.0,1.0,128.0,8.0,1.0,64.0,1.0,1.0,1.0,1.0,1.0,6.0,3.0,2.0,4.0,1.0,1.0,5.0,4.0,2.0,2.0,5.0,6.0,3.0,2.0,2.0,4.0,5.0,4.0,768.0,1.0,1.0,24.0,4.0,1.0,1.0,1.0,1.0,1.0,1.0,1.0,1.0,6.0,6.0,1.0,4.0,6.0,4.0,6.0,5.0,5.0,6.0,1.0,5.0,4.0,1.0,3.0,6.0,2.0,4.0,192.0,1.0,3.0,6.0,1.0,1.0,1.0,1.0,1.0,1.0,1.0,1.0,4.0,3.0,2.0,2.0,4.0,5.0,4.0,2.0,5.0,3.0,1.0,1.0,1.0,1.0,6.0,2.0,2.0,128.0,48.0,1.0,96.0,24.0,1.0,1.0,1.0,1.0,1.0,1.0,1.0,2273255292.0,20212830.120000005,11952000000.0,29.271157142857145,4480.0,514.0,950272.0,4.594892303658701e+16,5.464285714285714,0.03460982142857143,78.57142857142857,92955.42857142857
32000.0,512000.0,256.0,64.0,2.0,44.0,8.0,38.0,3.0,3.0,6.0,5.0,4.0,4.0,4.0,3.0,3.0,4.0,6.0,5.0,2.0,2.0,2.0,4.0,5.0,5.0,1.0,4.0,3.0,3.0,4.0,1.0,192.0,256.0,1.0,288.0,9.0,1.0,1.0,1.0,1.0,1.0,1.0,1.0,6.0,4.0,1.0,2.0,3.0,4.0,2.0,5.0,4.0,4.0,4.0,3.0,4.0,6.0,5.0,4.0,5.0,4.0,32.0,2.0,1.0,64.0,16.0,1.0,4.0,64.0,1.0,1.0,1.0,1.0,1.0,6.0,5.0,1.0,1.0,4.0,1.0,3.0,6.0,6.0,2.0,6.0,2.0,4.0,4.0,2.0,1.0,4.0,2.0,128.0,1.0,128.0,2.0,1.0,2.0,4.0,1.0,1.0,1.0,1.0,5.0,2.0,1.0,1.0,3.0,3.0,6.0,6.0,3.0,4.0,3.0,6.0,6.0,2.0,5.0,4.0,5.0,3.0,16.0,2.0,1.0,64.0,96.0,1.0,1.0,1.0,1.0,1.0,1.0,1.0,1.0,2.0,5.0,5.0,6.0,6.0,4.0,4.0,5.0,4.0,6.0,4.0,1.0,5.0,2.0,6.0,2.0,4.0,32.0,12.0,1.0,1.0,192.0,1.0,1.0,1.0,1.0,1.0,1.0,1.0,6.0,2.0,4.0,4.0,4.0,6.0,3.0,4.0,5.0,2.0,2.0,3.0,1.0,1.0,4.0,4.0,6.0,2.0,2.0,4.0,1.0,384.0,768.0,1.0,1.0,1.0,1.0,1.0,1.0,1.0,10914356880.0,29833223.340000004,164776000.0,1.4374621428571426,304.0,514.0,100352.0,3.256104464135056e+17,7.0,3.4493895278571434,78.57142857142857,6856.857142857143
256000.0,256000.0,256.0,64.0,3.0,2.0,42.0,8.0,5.0,5.0,4.0,2.0,6.0,1.0,5.0,3.0,4.0,3.0,3.0,5.0,4.0,6.0,4.0,5.0,4.0,2.0,2.0,3.0,5.0,3.0,4.0,6.0,48.0,96.0,1.0,64.0,192.0,1.0,1.0,1.0,1.0,1.0,1.0,1.0,5.0,4.0,2.0,1.0,4.0,3.0,6.0,4.0,1.0,6.0,2.0,2.0,6.0,3.0,4.0,4.0,4.0,4.0,1.0,2.0,1.0,4.0,1.0,1.0,16.0,128.0,1.0,1.0,1.0,1.0,1.0,4.0,6.0,3.0,4.0,2.0,1.0,5.0,5.0,5.0,5.0,4.0,2.0,3.0,2.0,2.0,4.0,5.0,16.0,16.0,1.0,1.0,16.0,1.0,2.0,1.0,1.0,1.0,1.0,1.0,6.0,3.0,3.0,4.0,3.0,3.0,5.0,3.0,2.0,3.0,2.0,3.0,6.0,6.0,1.0,4.0,4.0,4.0,12.0,768.0,1.0,12.0,16.0,1.0,1.0,1.0,1.0,1.0,1.0,1.0,6.0,4.0,4.0,1.0,6.0,4.0,1.0,3.0,6.0,2.0,6.0,6.0,5.0,2.0,2.0,6.0,1.0,5.0,64.0,48.0,1.0,768.0,48.0,1.0,1.0,1.0,1.0,1.0,1.0,1.0,6.0,3.0,1.0,5.0,6.0,3.0,6.0,5.0,1.0,1.0,1.0,2.0,1.0,3.0,5.0,5.0,3.0,4.0,1024.0,1.0,1.0,128.0,2.0,1.0,1.0,1.0,1.0,1.0,1.0,1.0,800898480.0,18805691.72,489399000.0,3.378067142857143,672.0,514.0,557056.0,1.5061449913896584e+16,11.068571428571428,0.707612642857143,78.57142857142857,43947.42857142857
2048.0,2048000.0,256.0,64.0,3.0,2.0,48.0,22.0,3.0,1.0,3.0,5.0,4.0,4.0,5.0,1.0,4.0,4.0,2.0,4.0,5.0,6.0,1.0,3.0,2.0,6.0,5.0,3.0,4.0,6.0,1.0,1.0,256.0,192.0,1.0,128.0,72.0,1.0,1.0,1.0,1.0,1.0,1.0,1.0,2.0,3.0,5.0,1.0,2.0,2.0,1.0,2.0,1.0,2.0,2.0,2.0,2.0,3.0,2.0,6.0,2.0,5.0,4.0,64.0,1.0,32.0,2.0,1.0,32.0,16.0,1.0,1.0,1.0,1.0,1.0,3.0,3.0,6.0,3.0,2.0,5.0,3.0,3.0,4.0,1.0,6.0,2.0,3.0,3.0,4.0,3.0,6.0,32.0,8.0,1.0,64.0,128.0,1.0,64.0,16.0,1.0,1.0,1.0,1.0,3.0,1.0,6.0,6.0,6.0,5.0,1.0,3.0,6.0,4.0,6.0,2.0,5.0,4.0,4.0,5.0,3.0,5.0,6.0,8.0,1.0,256.0,16.0,1.0,1.0,1.0,1.0,1.0,1.0,1.0,3.0,6.0,6.0,1.0,4.0,2.0,6.0,1.0,4.0,3.0,2.0,1.0,6.0,6.0,1.0,3.0,4.0,2.0,32.0,2.0,1.0,256.0,64.0,1.0,1.0,1.0,1.0,1.0,1.0,1.0,3.0,1.0,4.0,3.0,2.0,2.0,2.0,5.0,6.0,1.0,2.0,3.0,5.0,5.0,1.0,5.0,2.0,5.0,24.0,384.0,1.0,384.0,96.0,1.0,1.0,1.0,1.0,1.0,1.0,1.0,11175315360.0,18844707.600000005,3086240000.0,11.61827857142857,2112.0,514.0,491520.0,2.105955502969888e+17,1.0,0.005084342857142858,78.57142857142857,45860.57142857143
2048000.0,16000.0,256.0,64.0,2.0,34.0,30.0,16.0,5.0,3.0,6.0,4.0,2.0,1.0,1.0,2.0,5.0,1.0,4.0,4.0,5.0,4.0,3.0,4.0,3.0,3.0,3.0,4.0,1.0,6.0,2.0,3.0,96.0,1.0,1.0,9.0,96.0,1.0,1.0,1.0,1.0,1.0,1.0,1.0,4.0,2.0,4.0,6.0,6.0,3.0,5.0,5.0,4.0,4.0,6.0,3.0,5.0,6.0,1.0,2.0,1.0,1.0,64.0,16.0,1.0,64.0,64.0,1.0,16.0,8.0,1.0,1.0,1.0,1.0,6.0,2.0,1.0,6.0,4.0,1.0,4.0,5.0,6.0,2.0,4.0,6.0,5.0,3.0,4.0,6.0,4.0,3.0,2.0,2.0,1.0,16.0,1.0,1.0,32.0,2.0,1.0,1.0,1.0,1.0,2.0,4.0,4.0,3.0,5.0,5.0,6.0,1.0,6.0,3.0,4.0,6.0,3.0,1.0,5.0,5.0,3.0,2.0,768.0,4.0,1.0,384.0,256.0,1.0,1.0,1.0,1.0,1.0,1.0,1.0,1.0,3.0,5.0,2.0,2.0,3.0,3.0,6.0,3.0,6.0,5.0,3.0,4.0,2.0,3.0,1.0,2.0,1.0,24.0,2.0,1.0,32.0,32.0,1.0,1.0,1.0,1.0,1.0,1.0,1.0,5.0,5.0,3.0,5.0,3.0,5.0,3.0,5.0,3.0,4.0,2.0,5.0,4.0,4.0,6.0,6.0,5.0,5.0,1.0,192.0,1.0,48.0,8.0,1.0,1.0,1.0,1.0,1.0,1.0,1.0,8394693960.0,57219521.720000006,302784000.0,2.3099074999999996,480.0,514.0,68608.0,4.8034037337697286e+17,123.71428571428571,16.138607964285715,78.57142857142857,12751.5
2048.0,256000.0,256.0,64.0,1.0,42.0,30.0,28.0,6.0,2.0,6.0,1.0,1.0,1.0,3.0,1.0,3.0,5.0,4.0,2.0,3.0,4.0,3.0,1.0,1.0,2.0,2.0,2.0,6.0,1.0,3.0,2.0,6.0,768.0,1.0,32.0,144.0,1.0,1.0,1.0,1.0,1.0,1.0,1.0,2.0,1.0,1.0,2.0,5.0,2.0,6.0,3.0,4.0,3.0,1.0,6.0,2.0,2.0,5.0,4.0,4.0,3.0,32.0,16.0,1.0,32.0,16.0,1.0,4.0,32.0,1.0,1.0,1.0,1.0,6.0,2.0,4.0,1.0,6.0,4.0,4.0,6.0,1.0,2.0,1.0,2.0,1.0,6.0,5.0,6.0,4.0,3.0,128.0,1.0,1.0,8.0,2.0,1.0,1.0,32.0,1.0,1.0,1.0,1.0,5.0,1.0,2.0,4.0,1.0,5.0,1.0,6.0,4.0,2.0,5.0,2.0,3.0,3.0,4.0,2.0,4.0,5.0,24.0,2.0,1.0,24.0,12.0,1.0,1.0,1.0,1.0,1.0,1.0,1.0,5.0,1.0,2.0,5.0,6.0,4.0,1.0,1.0,3.0,1.0,6.0,4.0,1.0,3.0,6.0,2.0,2.0,2.0,3.0,16.0,1.0,384.0,32.0,1.0,1.0,1.0,1.0,1.0,1.0,1.0,5.0,6.0,2.0,2.0,2.0,5.0,1.0,4.0,2.0,4.0,2.0,6.0,2.0,3.0,5.0,3.0,3.0,2.0,6.0,4.0,1.0,2.0,384.0,1.0,1.0,1.0,1.0,1.0,1.0,1.0,406979568.0,54859152.48,11913400.0,0.13622185714285712,28.0,514.0,7480.0,2.232655417715653e+16,24.050453571428577,30.74843892857143,78.57142857142857,1166.2857142857142
128.0,64000.0,256.0,64.0,1.0,20.0,32.0,18.0,6.0,6.0,3.0,6.0,2.0,5.0,3.0,4.0,4.0,3.0,2.0,5.0,2.0,1.0,2.0,6.0,5.0,3.0,3.0,5.0,3.0,2.0,4.0,5.0,64.0,16.0,1.0,64.0,2304.0,1.0,1.0,1.0,1.0,1.0,1.0,1.0,2.0,5.0,3.0,6.0,2.0,4.0,6.0,3.0,6.0,2.0,1.0,1.0,2.0,1.0,3.0,3.0,1.0,2.0,16.0,1.0,1.0,1.0,2.0,1.0,4.0,8.0,1.0,1.0,1.0,1.0,4.0,2.0,5.0,4.0,5.0,3.0,5.0,1.0,3.0,5.0,2.0,3.0,5.0,3.0,1.0,3.0,5.0,6.0,128.0,128.0,1.0,8.0,2.0,1.0,16.0,2.0,1.0,1.0,1.0,1.0,6.0,2.0,3.0,4.0,4.0,5.0,3.0,2.0,3.0,4.0,3.0,1.0,6.0,4.0,2.0,1.0,1.0,5.0,6.0,384.0,1.0,1.0,96.0,1.0,1.0,1.0,1.0,1.0,1.0,1.0,1.0,2.0,2.0,6.0,6.0,4.0,2.0,2.0,1.0,3.0,6.0,1.0,3.0,1.0,5.0,5.0,2.0,6.0,24.0,24.0,1.0,1536.0,192.0,1.0,1.0,1.0,1.0,1.0,1.0,1.0,1.0,3.0,6.0,6.0,1.0,3.0,6.0,4.0,3.0,1.0,6.0,4.0,6.0,4.0,1.0,1.0,2.0,4.0,1.0,1536.0,1.0,12.0,32.0,1.0,1.0,1.0,1.0,1.0,1.0,1.0,626393856.0,34604528.16000001,7832460.0,0.08982214285714286,18.0,514.0,4900.0,2.167606382920299e+16,16.269514285714287,14.491307142857144,78.57142857142857,763.4285714285714
1024.0,16000000.0,256.0,64.0,1.0,26.0,18.0,44.0,4.0,1.0,3.0,1.0,1.0,2.0,2.0,5.0,6.0,5.0,3.0,4.0,2.0,1.0,1.0,5.0,3.0,4.0,5.0,5.0,2.0,2.0,5.0,4.0,4.0,96.0,1.0,144.0,192.0,1.0,1.0,1.0,1.0,1.0,1.0,1.0,3.0,3.0,1.0,2.0,6.0,2.0,4.0,5.0,2.0,6.0,6.0,1.0,6.0,2.0,1.0,1.0,4.0,3.0,64.0,8.0,1.0,4.0,64.0,1.0,64.0,128.0,1.0,1.0,1.0,1.0,5.0,2.0,1.0,1.0,5.0,6.0,1.0,1.0,4.0,3.0,5.0,3.0,3.0,5.0,4.0,1.0,2.0,2.0,16.0,16.0,1.0,8.0,8.0,1.0,16.0,8.0,1.0,1.0,1.0,1.0,4.0,2.0,6.0,3.0,2.0,1.0,3.0,2.0,2.0,2.0,6.0,3.0,6.0,3.0,1.0,4.0,4.0,4.0,384.0,96.0,1.0,16.0,12.0,1.0,1.0,1.0,1.0,1.0,1.0,1.0,6.0,1.0,3.0,5.0,1.0,4.0,4.0,6.0,1.0,1.0,1.0,3.0,6.0,4.0,2.0,3.0,5.0,2.0,24.0,6.0,1.0,16.0,24.0,1.0,1.0,1.0,1.0,1.0,1.0,1.0,4.0,2.0,2.0,4.0,1.0,1.0,2.0,2.0,2.0,2.0,6.0,6.0,4.0,2.0,3.0,3.0,5.0,6.0,6.0,6.0,1.0,24.0,384.0,1.0,1.0,1.0,1.0,1.0,1.0,1.0,260703600.0,21116656.799999997,18654900.0,0.2109197142857143,44.0,514.0,11608.0,5505188447724479.0,38.13879285714285,44.14959821428571,78.57142857142857,1810.857142857143
32000.0,8192000.0,256.0,64.0,1.0,16.0,8.0,28.0,6.0,2.0,2.0,2.0,3.0,3.0,6.0,3.0,1.0,3.0,1.0,6.0,5.0,4.0,5.0,4.0,3.0,2.0,3.0,5.0,6.0,4.0,2.0,5.0,128.0,24.0,1.0,18.0,9.0,1.0,1.0,1.0,1.0,1.0,1.0,1.0,1.0,6.0,2.0,6.0,1.0,5.0,1.0,6.0,6.0,5.0,3.0,1.0,3.0,6.0,5.0,3.0,4.0,5.0,16.0,32.0,1.0,16.0,16.0,1.0,4.0,8.0,1.0,1.0,1.0,1.0,5.0,4.0,4.0,5.0,1.0,6.0,5.0,3.0,1.0,5.0,6.0,5.0,6.0,6.0,1.0,6.0,2.0,6.0,32.0,32.0,1.0,4.0,128.0,1.0,4.0,32.0,1.0,1.0,1.0,1.0,6.0,3.0,1.0,6.0,3.0,4.0,1.0,1.0,4.0,2.0,4.0,1.0,4.0,2.0,2.0,6.0,1.0,1.0,48.0,8.0,1.0,3.0,256.0,1.0,1.0,1.0,1.0,1.0,1.0,1.0,3.0,3.0,2.0,3.0,1.0,1.0,3.0,6.0,6.0,6.0,5.0,6.0,1.0,5.0,3.0,4.0,2.0,3.0,192.0,6.0,1.0,1536.0,96.0,1.0,1.0,1.0,1.0,1.0,1.0,1.0,4.0,4.0,4.0,5.0,6.0,5.0,2.0,6.0,1.0,5.0,6.0,3.0,5.0,6.0,5.0,6.0,3.0,5.0,128.0,3.0,1.0,192.0,4.0,1.0,1.0,1.0,1.0,1.0,1.0,1.0,406979568.0,66917952.47999999,11913400.0,0.13622185714285712,28.0,514.0,7480.0,2.7234239391754924e+16,24.050453571428577,28.197108571428572,78.57142857142857,1166.2857142857142
512.0,2048000.0,256.0,64.0,2.0,36.0,24.0,44.0,4.0,4.0,1.0,6.0,3.0,3.0,3.0,2.0,1.0,4.0,2.0,2.0,1.0,2.0,4.0,3.0,6.0,1.0,3.0,4.0,6.0,1.0,3.0,6.0,96.0,768.0,1.0,2304.0,6.0,1.0,1.0,1.0,1.0,1.0,1.0,1.0,1.0,3.0,6.0,4.0,4.0,5.0,6.0,5.0,3.0,6.0,1.0,4.0,3.0,4.0,6.0,5.0,6.0,6.0,1.0,1.0,1.0,4.0,8.0,1.0,32.0,1.0,1.0,1.0,1.0,1.0,5.0,2.0,2.0,2.0,3.0,1.0,6.0,5.0,6.0,6.0,4.0,1.0,3.0,1.0,3.0,1.0,1.0,3.0,64.0,1.0,1.0,8.0,16.0,1.0,2.0,8.0,1.0,1.0,1.0,1.0,1.0,4.0,3.0,2.0,1.0,1.0,4.0,1.0,5.0,2.0,4.0,3.0,1.0,4.0,6.0,1.0,6.0,4.0,3.0,96.0,1.0,8.0,256.0,1.0,1.0,1.0,1.0,1.0,1.0,1.0,2.0,6.0,3.0,3.0,2.0,1.0,2.0,6.0,2.0,4.0,2.0,2.0,3.0,2.0,3.0,5.0,4.0,3.0,128.0,1.0,1.0,256.0,1536.0,1.0,1.0,1.0,1.0,1.0,1.0,1.0,6.0,4.0,6.0,6.0,1.0,1.0,6.0,2.0,5.0,1.0,1.0,5.0,5.0,5.0,1.0,3.0,6.0,2.0,512.0,128.0,1.0,48.0,24.0,1.0,1.0,1.0,1.0,1.0,1.0,1.0,4446675780.0,38422195.00000001,975194000.0,5.261948928571429,1056.0,514.0,66304.0,1.7085104392093712e+17,3.666667857142857,1.0056157142857143,78.57142857142857,5083.142857142857
32000.0,2048000.0,256.0,64.0,2.0,24.0,42.0,40.0,4.0,6.0,3.0,2.0,2.0,6.0,3.0,2.0,1.0,3.0,3.0,4.0,5.0,5.0,4.0,4.0,3.0,5.0,1.0,4.0,4.0,6.0,6.0,4.0,192.0,4.0,1.0,48.0,18.0,1.0,1.0,1.0,1.0,1.0,1.0,1.0,5.0,4.0,1.0,3.0,1.0,5.0,1.0,1.0,1.0,1.0,4.0,2.0,1.0,1.0,4.0,4.0,1.0,6.0,64.0,4.0,1.0,1.0,4.0,1.0,1.0,8.0,1.0,1.0,1.0,1.0,2.0,6.0,2.0,1.0,6.0,6.0,3.0,3.0,6.0,5.0,5.0,6.0,2.0,2.0,1.0,6.0,2.0,3.0,128.0,4.0,1.0,16.0,16.0,1.0,16.0,64.0,1.0,1.0,1.0,1.0,1.0,2.0,2.0,4.0,4.0,3.0,5.0,5.0,6.0,2.0,3.0,1.0,1.0,2.0,2.0,1.0,4.0,2.0,16.0,2.0,1.0,3.0,128.0,1.0,1.0,1.0,1.0,1.0,1.0,1.0,1.0,3.0,3.0,2.0,1.0,5.0,3.0,4.0,5.0,5.0,3.0,5.0,4.0,1.0,1.0,6.0,2.0,5.0,768.0,8.0,1.0,512.0,1.0,1.0,1.0,1.0,1.0,1.0,1.0,1.0,6.0,6.0,2.0,2.0,5.0,4.0,1.0,2.0,3.0,2.0,5.0,2.0,2.0,5.0,1.0,6.0,1.0,1.0,32.0,24.0,1.0,16.0,48.0,1.0,1.0,1.0,1.0,1.0,1.0,1.0,372918732.0,25886581.319999993,2085250000.0,8.863224285714287,1680.0,514.0,210432.0,9653591081669284.0,21.93160357142857,4.751866357142857,78.57142857142857,18562.571428571428
512.0,4096000.0,256.0,64.0,3.0,4.0,2.0,30.0,5.0,2.0,4.0,2.0,5.0,4.0,5.0,5.0,4.0,5.0,6.0,6.0,1.0,1.0,3.0,5.0,3.0,5.0,1.0,1.0,3.0,3.0,6.0,6.0,384.0,4.0,1.0,128.0,9.0,1.0,1.0,1.0,1.0,1.0,1.0,1.0,3.0,1.0,4.0,1.0,5.0,1.0,3.0,6.0,2.0,2.0,2.0,5.0,6.0,6.0,5.0,1.0,1.0,6.0,1.0,16.0,1.0,32.0,8.0,1.0,8.0,1.0,1.0,1.0,1.0,1.0,2.0,6.0,3.0,6.0,5.0,1.0,6.0,2.0,4.0,6.0,1.0,1.0,3.0,3.0,1.0,4.0,2.0,2.0,8.0,16.0,1.0,128.0,8.0,1.0,8.0,8.0,1.0,1.0,1.0,1.0,3.0,1.0,5.0,5.0,2.0,6.0,4.0,6.0,3.0,4.0,4.0,1.0,3.0,4.0,4.0,1.0,3.0,5.0,192.0,384.0,1.0,2.0,3.0,1.0,1.0,1.0,1.0,1.0,1.0,1.0,6.0,1.0,4.0,3.0,4.0,1.0,5.0,2.0,1.0,6.0,1.0,4.0,5.0,6.0,1.0,6.0,3.0,3.0,2.0,128.0,1.0,16.0,4.0,1.0,1.0,1.0,1.0,1.0,1.0,1.0,6.0,1.0,1.0,6.0,3.0,6.0,6.0,2.0,4.0,2.0,2.0,1.0,6.0,4.0,1.0,4.0,4.0,2.0,16.0,768.0,1.0,6.0,4.0,1.0,1.0,1.0,1.0,1.0,1.0,1.0,3975157908.0,17874995.879999995,122492000.0,1.3454510714285712,240.0,514.0,824832.0,7.10559312278494e+16,15.821428571428571,1.2139601964285713,78.57142857142857,68050.28571428571
32000.0,8192000.0,256.0,64.0,2.0,24.0,30.0,34.0,1.0,6.0,4.0,1.0,3.0,6.0,6.0,3.0,3.0,3.0,6.0,3.0,3.0,4.0,1.0,1.0,1.0,1.0,6.0,4.0,4.0,6.0,3.0,5.0,3.0,12.0,1.0,36.0,48.0,1.0,1.0,1.0,1.0,1.0,1.0,1.0,3.0,2.0,2.0,4.0,6.0,6.0,2.0,2.0,6.0,4.0,2.0,1.0,2.0,1.0,3.0,6.0,1.0,1.0,8.0,2.0,1.0,64.0,64.0,1.0,2.0,16.0,1.0,1.0,1.0,1.0,2.0,2.0,4.0,6.0,3.0,1.0,4.0,2.0,3.0,5.0,4.0,4.0,4.0,2.0,5.0,2.0,3.0,4.0,128.0,32.0,1.0,128.0,1.0,1.0,2.0,2.0,1.0,1.0,1.0,1.0,3.0,3.0,1.0,3.0,5.0,5.0,1.0,2.0,5.0,4.0,5.0,4.0,4.0,5.0,2.0,4.0,2.0,2.0,24.0,6.0,1.0,2.0,64.0,1.0,1.0,1.0,1.0,1.0,1.0,1.0,3.0,6.0,3.0,6.0,3.0,4.0,1.0,4.0,5.0,4.0,2.0,3.0,4.0,6.0,3.0,6.0,5.0,2.0,16.0,96.0,1.0,6.0,4.0,1.0,1.0,1.0,1.0,1.0,1.0,1.0,5.0,2.0,6.0,5.0,3.0,6.0,2.0,6.0,4.0,3.0,6.0,6.0,3.0,2.0,5.0,2.0,1.0,5.0,32.0,256.0,1.0,3.0,96.0,1.0,1.0,1.0,1.0,1.0,1.0,1.0,489997152.0,24659820.520000003,923284000.0,5.100544642857143,1020.0,514.0,283728.0,1.208324182363116e+16,15.716239285714286,5.0014066785714295,78.57142857142857,14725.714285714286
2048000.0,64000.0,256.0,64.0,2.0,34.0,46.0,36.0,2.0,3.0,1.0,6.0,6.0,1.0,6.0,3.0,2.0,3.0,6.0,4.0,2.0,3.0,5.0,3.0,2.0,4.0,6.0,5.0,2.0,5.0,2.0,5.0,6.0,384.0,1.0,12.0,576.0,1.0,1.0,1.0,1.0,1.0,1.0,1.0,1.0,6.0,1.0,1.0,5.0,5.0,1.0,2.0,4.0,6.0,3.0,2.0,4.0,5.0,4.0,3.0,5.0,6.0,1.0,8.0,1.0,8.0,64.0,1.0,32.0,4.0,1.0,1.0,1.0,1.0,4.0,4.0,6.0,6.0,3.0,2.0,2.0,1.0,3.0,5.0,1.0,3.0,2.0,2.0,1.0,1.0,6.0,5.0,128.0,8.0,1.0,16.0,128.0,1.0,8.0,2.0,1.0,1.0,1.0,1.0,5.0,6.0,5.0,3.0,6.0,5.0,3.0,4.0,1.0,4.0,1.0,3.0,5.0,4.0,3.0,1.0,5.0,2.0,6.0,48.0,1.0,8.0,96.0,1.0,1.0,1.0,1.0,1.0,1.0,1.0,4.0,1.0,5.0,3.0,2.0,4.0,6.0,1.0,3.0,1.0,3.0,5.0,6.0,1.0,4.0,2.0,4.0,4.0,128.0,48.0,1.0,96.0,384.0,1.0,1.0,1.0,1.0,1.0,1.0,1.0,3.0,1.0,6.0,4.0,3.0,2.0,4.0,3.0,2.0,6.0,1.0,6.0,6.0,3.0,6.0,3.0,3.0,4.0,2.0,64.0,1.0,1.0,32.0,1.0,1.0,1.0,1.0,1.0,1.0,1.0,11193539472.0,31232350.96,2035200000.0,8.663618571428572,1656.0,514.0,46080.0,3.496005532741171e+17,1.0,0.6608847892857143,78.57142857142857,2163.0
4096.0,16000000.0,256.0,64.0,2.0,14.0,10.0,40.0,4.0,4.0,4.0,4.0,3.0,1.0,5.0,3.0,6.0,2.0,4.0,1.0,2.0,5.0,6.0,3.0,5.0,5.0,6.0,4.0,1.0,4.0,4.0,6.0,12.0,128.0,1.0,6.0,12.0,1.0,1.0,1.0,1.0,1.0,1.0,1.0,5.0,2.0,5.0,2.0,4.0,5.0,6.0,5.0,1.0,1.0,3.0,6.0,1.0,5.0,3.0,1.0,3.0,5.0,32.0,2.0,1.0,64.0,1.0,1.0,64.0,1.0,1.0,1.0,1.0,1.0,4.0,3.0,3.0,5.0,3.0,5.0,5.0,4.0,3.0,6.0,1.0,5.0,6.0,4.0,6.0,6.0,1.0,5.0,64.0,1.0,1.0,4.0,2.0,1.0,32.0,4.0,1.0,1.0,1.0,1.0,5.0,5.0,3.0,2.0,1.0,3.0,3.0,1.0,1.0,3.0,5.0,1.0,4.0,1.0,5.0,6.0,3.0,2.0,128.0,6.0,1.0,12.0,128.0,1.0,1.0,1.0,1.0,1.0,1.0,1.0,4.0,1.0,1.0,4.0,6.0,2.0,1.0,5.0,3.0,6.0,4.0,6.0,6.0,3.0,1.0,4.0,2.0,2.0,1.0,128.0,1.0,12.0,16.0,1.0,1.0,1.0,1.0,1.0,1.0,1.0,1.0,4.0,1.0,1.0,2.0,3.0,3.0,4.0,4.0,4.0,1.0,6.0,6.0,6.0,4.0,5.0,5.0,5.0,8.0,192.0,1.0,128.0,2.0,1.0,1.0,1.0,1.0,1.0,1.0,1.0,309872340.0,32059256.520000003,236134000.0,1.8855,400.0,514.0,33696.0,9934276836512658.0,23.024964285714283,6.6993425,78.57142857142857,2977.4285714285716
256000.0,16000.0,256.0,64.0,2.0,32.0,26.0,40.0,4.0,1.0,4.0,4.0,6.0,3.0,5.0,4.0,2.0,1.0,5.0,3.0,6.0,3.0,1.0,6.0,1.0,5.0,4.0,4.0,2.0,5.0,4.0,1.0,8.0,4.0,1.0,3.0,288.0,1.0,1.0,1.0,1.0,1.0,1.0,1.0,1.0,6.0,6.0,2.0,5.0,4.0,4.0,3.0,3.0,5.0,2.0,6.0,3.0,2.0,2.0,1.0,6.0,5.0,1.0,64.0,1.0,32.0,4.0,1.0,128.0,64.0,1.0,1.0,1.0,1.0,4.0,3.0,4.0,3.0,2.0,4.0,5.0,5.0,1.0,3.0,4.0,4.0,5.0,3.0,3.0,1.0,2.0,3.0,32.0,2.0,1.0,128.0,16.0,1.0,64.0,8.0,1.0,1.0,1.0,1.0,4.0,2.0,5.0,2.0,6.0,1.0,3.0,3.0,1.0,6.0,6.0,3.0,6.0,3.0,6.0,6.0,2.0,1.0,64.0,16.0,1.0,256.0,8.0,1.0,1.0,1.0,1.0,1.0,1.0,1.0,2.0,4.0,1.0,5.0,4.0,3.0,6.0,3.0,4.0,5.0,1.0,3.0,2.0,2.0,3.0,4.0,2.0,2.0,32.0,256.0,1.0,96.0,24.0,1.0,1.0,1.0,1.0,1.0,1.0,1.0,3.0,5.0,2.0,2.0,5.0,4.0,4.0,3.0,6.0,6.0,6.0,5.0,5.0,3.0,6.0,6.0,2.0,4.0,384.0,24.0,1.0,16.0,128.0,1.0,1.0,1.0,1.0,1.0,1.0,1.0,1235405628.0,23058952.840000004,951945000.0,5.163554642857142,1040.0,514.0,15872.0,2.8487160114322588e+16,4.0,0.9938765714285716,78.57142857142857,1682.0
512.0,32000.0,256.0,64.0,1.0,14.0,32.0,20.0,3.0,2.0,2.0,1.0,2.0,4.0,6.0,6.0,5.0,6.0,5.0,6.0,5.0,5.0,5.0,1.0,1.0,5.0,3.0,2.0,5.0,3.0,3.0,1.0,48.0,96.0,1.0,64.0,1152.0,1.0,1.0,1.0,1.0,1.0,1.0,1.0,6.0,4.0,2.0,4.0,1.0,2.0,5.0,2.0,4.0,3.0,5.0,6.0,4.0,4.0,2.0,1.0,3.0,2.0,32.0,4.0,1.0,16.0,32.0,1.0,16.0,32.0,1.0,1.0,1.0,1.0,6.0,6.0,2.0,2.0,6.0,5.0,4.0,6.0,2.0,6.0,2.0,4.0,1.0,5.0,6.0,4.0,5.0,2.0,32.0,2.0,1.0,1.0,8.0,1.0,8.0,1.0,1.0,1.0,1.0,1.0,4.0,1.0,3.0,1.0,6.0,1.0,4.0,1.0,1.0,5.0,3.0,3.0,2.0,1.0,6.0,3.0,4.0,4.0,16.0,768.0,1.0,3.0,192.0,1.0,1.0,1.0,1.0,1.0,1.0,1.0,2.0,6.0,2.0,3.0,6.0,2.0,6.0,5.0,2.0,1.0,3.0,6.0,6.0,6.0,2.0,4.0,3.0,1.0,128.0,128.0,1.0,4.0,48.0,1.0,1.0,1.0,1.0,1.0,1.0,1.0,3.0,6.0,2.0,1.0,1.0,5.0,4.0,6.0,2.0,2.0,6.0,2.0,1.0,4.0,1.0,3.0,4.0,3.0,12.0,256.0,1.0,3.0,2.0,1.0,1.0,1.0,1.0,1.0,1.0,1.0,11173626192.0,84947887.20000002,8639980.0,0.09645177142857142,20.0,514.0,514.0,9.491759373729818e+17,1.0,1.4255292857142858,78.57142857142857,78.57142857142857
4096.0,2048000.0,256.0,64.0,1.0,24.0,44.0,12.0,3.0,4.0,1.0,3.0,1.0,1.0,6.0,2.0,4.0,1.0,6.0,5.0,2.0,6.0,2.0,3.0,2.0,3.0,4.0,3.0,2.0,3.0,6.0,2.0,12.0,1.0,1.0,72.0,9.0,1.0,1.0,1.0,1.0,1.0,1.0,1.0,3.0,2.0,3.0,4.0,2.0,2.0,3.0,3.0,1.0,1.0,1.0,2.0,1.0,2.0,5.0,2.0,4.0,6.0,4.0,64.0,1.0,64.0,16.0,1.0,2.0,1.0,1.0,1.0,1.0,1.0,5.0,5.0,4.0,6.0,6.0,3.0,3.0,2.0,6.0,2.0,2.0,1.0,5.0,2.0,6.0,5.0,3.0,2.0,4.0,32.0,1.0,16.0,32.0,1.0,4.0,16.0,1.0,1.0,1.0,1.0,6.0,3.0,2.0,2.0,3.0,6.0,5.0,6.0,4.0,1.0,3.0,6.0,3.0,3.0,5.0,6.0,6.0,5.0,384.0,256.0,1.0,3.0,128.0,1.0,1.0,1.0,1.0,1.0,1.0,1.0,1.0,2.0,5.0,5.0,3.0,6.0,3.0,1.0,5.0,3.0,3.0,1.0,3.0,6.0,5.0,1.0,4.0,3.0,192.0,192.0,1.0,3072.0,3.0,1.0,1.0,1.0,1.0,1.0,1.0,1.0,2.0,1.0,6.0,1.0,2.0,5.0,5.0,5.0,2.0,2.0,3.0,5.0,6.0,1.0,1.0,2.0,6.0,5.0,1536.0,256.0,1.0,128.0,768.0,1.0,1.0,1.0,1.0,1.0,1.0,1.0,931922256.0,68830346.4,5432820.0,0.06201137142857143,12.0,514.0,3352.0,6.414453169834948e+16,11.688342857142855,12.148842857142858,78.57142857142857,521.7142857142857
8192.0,2048000.0,256.0,64.0,2.0,24.0,18.0,30.0,1.0,5.0,5.0,1.0,1.0,3.0,5.0,2.0,1.0,6.0,5.0,6.0,1.0,3.0,2.0,2.0,4.0,1.0,2.0,4.0,1.0,3.0,6.0,6.0,768.0,48.0,1.0,144.0,8.0,1.0,1.0,1.0,1.0,1.0,1.0,1.0,5.0,4.0,4.0,2.0,2.0,2.0,5.0,1.0,6.0,4.0,3.0,3.0,2.0,2.0,2.0,1.0,2.0,6.0,8.0,16.0,1.0,8.0,32.0,1.0,1.0,2.0,1.0,1.0,1.0,1.0,5.0,2.0,1.0,5.0,5.0,1.0,5.0,2.0,5.0,5.0,4.0,1.0,2.0,5.0,4.0,6.0,4.0,5.0,8.0,64.0,1.0,16.0,4.0,1.0,8.0,4.0,1.0,1.0,1.0,1.0,5.0,3.0,2.0,2.0,1.0,1.0,6.0,1.0,2.0,2.0,4.0,5.0,2.0,4.0,6.0,4.0,2.0,2.0,384.0,6.0,1.0,32.0,16.0,1.0,1.0,1.0,1.0,1.0,1.0,1.0,5.0,5.0,6.0,1.0,2.0,5.0,4.0,3.0,3.0,4.0,2.0,2.0,4.0,5.0,6.0,1.0,2.0,3.0,32.0,48.0,1.0,48.0,6.0,1.0,1.0,1.0,1.0,1.0,1.0,1.0,1.0,1.0,4.0,4.0,4.0,4.0,1.0,2.0,4.0,2.0,5.0,5.0,3.0,3.0,4.0,6.0,5.0,4.0,64.0,32.0,1.0,3.0,16.0,1.0,1.0,1.0,1.0,1.0,1.0,1.0,637266936.0,20729192.159999996,357050000.0,2.594531428571429,540.0,514.0,78720.0,1.321002877355842e+16,36.740067857142854,10.740616571428571,78.57142857142857,9252.57142857143
128000.0,1024000.0,256.0,64.0,1.0,18.0,48.0,42.0,4.0,2.0,3.0,6.0,3.0,3.0,3.0,4.0,3.0,1.0,6.0,1.0,4.0,2.0,6.0,6.0,4.0,2.0,4.0,6.0,6.0,1.0,3.0,5.0,16.0,8.0,1.0,144.0,256.0,1.0,1.0,1.0,1.0,1.0,1.0,1.0,1.0,6.0,6.0,3.0,4.0,1.0,1.0,6.0,6.0,6.0,1.0,6.0,1.0,3.0,5.0,6.0,1.0,3.0,1.0,1.0,1.0,64.0,16.0,1.0,4.0,128.0,1.0,1.0,1.0,1.0,1.0,3.0,1.0,3.0,3.0,3.0,3.0,5.0,1.0,5.0,4.0,2.0,1.0,6.0,2.0,6.0,5.0,4.0,8.0,1.0,1.0,128.0,1.0,1.0,8.0,1.0,1.0,1.0,1.0,1.0,1.0,3.0,3.0,3.0,2.0,3.0,3.0,4.0,6.0,4.0,1.0,3.0,3.0,5.0,6.0,1.0,2.0,5.0,96.0,6.0,1.0,4.0,64.0,1.0,1.0,1.0,1.0,1.0,1.0,1.0,1.0,5.0,4.0,1.0,2.0,1.0,4.0,5.0,3.0,2.0,3.0,4.0,2.0,6.0,5.0,5.0,2.0,1.0,16.0,128.0,1.0,384.0,24.0,1.0,1.0,1.0,1.0,1.0,1.0,1.0,3.0,3.0,2.0,3.0,6.0,5.0,3.0,1.0,1.0,4.0,2.0,3.0,6.0,5.0,3.0,3.0,6.0,4.0,3072.0,48.0,1.0,96.0,4.0,1.0,1.0,1.0,1.0,1.0,1.0,1.0,11173626192.0,102520068.0,17796800.0,0.1958718571428571,42.0,514.0,514.0,1.145520917010421e+18,1.0,1.8479375,78.57142857142857,78.57142857142857
2048000.0,4096000.0,256.0,64.0,1.0,12.0,4.0,44.0,3.0,5.0,6.0,3.0,3.0,4.0,1.0,4.0,5.0,4.0,4.0,5.0,3.0,4.0,1.0,4.0,2.0,6.0,2.0,5.0,4.0,4.0,2.0,6.0,96.0,192.0,1.0,128.0,18.0,1.0,1.0,1.0,1.0,1.0,1.0,1.0,2.0,2.0,5.0,4.0,6.0,5.0,1.0,3.0,2.0,6.0,4.0,1.0,5.0,5.0,5.0,3.0,2.0,6.0,16.0,2.0,1.0,4.0,1.0,1.0,1.0,4.0,1.0,1.0,1.0,1.0,1.0,2.0,5.0,6.0,3.0,1.0,2.0,4.0,5.0,5.0,5.0,6.0,4.0,3.0,4.0,6.0,2.0,2.0,128.0,8.0,1.0,1.0,128.0,1.0,4.0,16.0,1.0,1.0,1.0,1.0,4.0,6.0,5.0,3.0,2.0,2.0,4.0,1.0,1.0,5.0,1.0,2.0,3.0,4.0,3.0,3.0,5.0,5.0,4.0,192.0,1.0,8.0,16.0,1.0,1.0,1.0,1.0,1.0,1.0,1.0,2.0,4.0,2.0,1.0,6.0,1.0,4.0,4.0,1.0,4.0,1.0,4.0,2.0,5.0,5.0,2.0,4.0,1.0,8.0,64.0,1.0,256.0,1536.0,1.0,1.0,1.0,1.0,1.0,1.0,1.0,5.0,5.0,2.0,2.0,6.0,5.0,4.0,3.0,6.0,6.0,5.0,1.0,6.0,5.0,3.0,4.0,2.0,1.0,256.0,3072.0,1.0,32.0,48.0,1.0,1.0,1.0,1.0,1.0,1.0,1.0,10879893840.0,100215251.52,18653700.0,0.20545185714285716,44.0,514.0,514.0,1.0903312976864986e+18,32.142871428571425,32.14649321428572,78.57142857142857,226.0
2048000.0,32000000.0,256.0,64.0,1.0,26.0,32.0,14.0,1.0,4.0,4.0,4.0,1.0,5.0,4.0,1.0,5.0,5.0,3.0,5.0,2.0,1.0,3.0,2.0,6.0,4.0,4.0,5.0,1.0,5.0,4.0,6.0,16.0,4.0,1.0,768.0,6.0,1.0,1.0,1.0,1.0,1.0,1.0,1.0,4.0,3.0,5.0,4.0,2.0,2.0,2.0,2.0,1.0,3.0,5.0,6.0,4.0,2.0,3.0,3.0,2.0,4.0,32.0,32.0,1.0,4.0,4.0,1.0,2.0,32.0,1.0,1.0,1.0,1.0,3.0,6.0,2.0,5.0,6.0,5.0,4.0,6.0,3.0,6.0,1.0,1.0,5.0,4.0,2.0,1.0,4.0,2.0,128.0,64.0,1.0,4.0,128.0,1.0,16.0,32.0,1.0,1.0,1.0,1.0,4.0,3.0,5.0,6.0,5.0,2.0,4.0,2.0,3.0,6.0,4.0,6.0,2.0,4.0,5.0,6.0,6.0,5.0,3.0,3.0,1.0,6.0,128.0,1.0,1.0,1.0,1.0,1.0,1.0,1.0,4.0,5.0,3.0,1.0,2.0,3.0,2.0,2.0,3.0,1.0,1.0,5.0,2.0,2.0,1.0,6.0,3.0,3.0,4.0,16.0,1.0,12.0,4.0,1.0,1.0,1.0,1.0,1.0,1.0,1.0,5.0,6.0,1.0,6.0,1.0,5.0,6.0,6.0,2.0,2.0,2.0,5.0,4.0,1.0,5.0,4.0,4.0,3.0,4.0,4.0,1.0,384.0,2.0,1.0,1.0,1.0,1.0,1.0,1.0,1.0,11173626192.0,84243415.2,6228280.0,0.06947487142857142,14.0,514.0,514.0,9.41304430582251e+17,1.0,1.0006346428571427,78.57142857142857,78.57142857142857
256.0,2048000.0,256.0,64.0,1.0,30.0,36.0,16.0,6.0,2.0,1.0,4.0,2.0,1.0,4.0,6.0,4.0,4.0,3.0,1.0,3.0,3.0,1.0,4.0,5.0,2.0,2.0,2.0,5.0,5.0,6.0,5.0,6.0,12.0,1.0,1152.0,12.0,1.0,1.0,1.0,1.0,1.0,1.0,1.0,6.0,2.0,5.0,3.0,5.0,6.0,4.0,4.0,6.0,3.0,3.0,3.0,1.0,1.0,3.0,3.0,4.0,5.0,16.0,1.0,1.0,2.0,16.0,1.0,64.0,64.0,1.0,1.0,1.0,1.0,3.0,1.0,5.0,1.0,2.0,6.0,5.0,4.0,2.0,2.0,4.0,1.0,1.0,2.0,6.0,1.0,6.0,6.0,4.0,32.0,1.0,64.0,8.0,1.0,2.0,64.0,1.0,1.0,1.0,1.0,3.0,2.0,4.0,6.0,6.0,4.0,2.0,3.0,2.0,2.0,3.0,3.0,4.0,6.0,3.0,4.0,3.0,4.0,192.0,3.0,1.0,48.0,256.0,1.0,1.0,1.0,1.0,1.0,1.0,1.0,6.0,3.0,6.0,3.0,3.0,3.0,2.0,6.0,1.0,6.0,6.0,1.0,3.0,6.0,2.0,2.0,5.0,5.0,24.0,12.0,1.0,48.0,3.0,1.0,1.0,1.0,1.0,1.0,1.0,1.0,2.0,3.0,3.0,3.0,2.0,2.0,5.0,5.0,1.0,1.0,4.0,5.0,5.0,6.0,3.0,2.0,2.0,4.0,2.0,1536.0,1.0,48.0,128.0,1.0,1.0,1.0,1.0,1.0,1.0,1.0,698352336.0,60638000.64,7028500.0,0.08055197142857141,16.0,514.0,4384.0,4.2346689397313496e+16,16.0,21.492984285714286,78.57142857142857,682.8571428571429
256000.0,16000.0,256.0,64.0,3.0,40.0,18.0,38.0,4.0,5.0,2.0,2.0,3.0,5.0,3.0,2.0,3.0,2.0,3.0,6.0,6.0,6.0,5.0,3.0,4.0,2.0,1.0,3.0,4.0,6.0,1.0,3.0,192.0,6.0,1.0,6.0,1152.0,1.0,1.0,1.0,1.0,1.0,1.0,1.0,5.0,4.0,3.0,5.0,1.0,4.0,2.0,4.0,1.0,3.0,3.0,5.0,6.0,2.0,2.0,1.0,6.0,4.0,2.0,1.0,1.0,4.0,32.0,1.0,1.0,2.0,1.0,1.0,1.0,1.0,1.0,1.0,5.0,6.0,1.0,6.0,1.0,5.0,4.0,5.0,2.0,5.0,6.0,2.0,4.0,1.0,5.0,3.0,8.0,32.0,1.0,2.0,2.0,1.0,4.0,64.0,1.0,1.0,1.0,1.0,5.0,2.0,1.0,1.0,5.0,4.0,5.0,4.0,5.0,1.0,5.0,3.0,4.0,4.0,5.0,3.0,2.0,3.0,64.0,128.0,1.0,32.0,24.0,1.0,1.0,1.0,1.0,1.0,1.0,1.0,4.0,3.0,1.0,2.0,4.0,5.0,1.0,2.0,3.0,6.0,2.0,6.0,3.0,4.0,4.0,3.0,3.0,5.0,32.0,24.0,1.0,8.0,1.0,1.0,1.0,1.0,1.0,1.0,1.0,1.0,4.0,3.0,3.0,1.0,1.0,5.0,3.0,3.0,6.0,2.0,5.0,3.0,6.0,5.0,2.0,4.0,4.0,6.0,1.0,1024.0,1.0,96.0,2.0,1.0,1.0,1.0,1.0,1.0,1.0,1.0,738368820.0,18457992.260000005,392000000000.0,451.5328928571428,27360.0,514.0,2007040.0,1.3628805964585338e+16,172.4857142857143,4.25462,78.57142857142857,143162.2857142857
128.0,1024000.0,256.0,64.0,2.0,14.0,16.0,48.0,3.0,4.0,5.0,1.0,4.0,3.0,4.0,6.0,3.0,1.0,6.0,6.0,5.0,4.0,3.0,2.0,1.0,5.0,4.0,2.0,2.0,3.0,5.0,3.0,6.0,3.0,1.0,8.0,24.0,1.0,1.0,1.0,1.0,1.0,1.0,1.0,6.0,2.0,4.0,3.0,2.0,2.0,2.0,6.0,1.0,2.0,2.0,6.0,4.0,2.0,3.0,6.0,5.0,5.0,16.0,1.0,1.0,32.0,4.0,1.0,4.0,64.0,1.0,1.0,1.0,1.0,5.0,4.0,6.0,3.0,6.0,2.0,5.0,5.0,6.0,4.0,6.0,2.0,2.0,1.0,5.0,6.0,1.0,3.0,64.0,32.0,1.0,2.0,1.0,1.0,1.0,16.0,1.0,1.0,1.0,1.0,3.0,6.0,4.0,6.0,1.0,6.0,2.0,1.0,2.0,3.0,2.0,3.0,2.0,1.0,2.0,1.0,4.0,5.0,256.0,768.0,1.0,32.0,1.0,1.0,1.0,1.0,1.0,1.0,1.0,1.0,1.0,1.0,3.0,2.0,4.0,2.0,5.0,5.0,4.0,5.0,1.0,1.0,1.0,5.0,4.0,3.0,6.0,5.0,192.0,16.0,1.0,12.0,8.0,1.0,1.0,1.0,1.0,1.0,1.0,1.0,5.0,3.0,1.0,5.0,6.0,2.0,6.0,6.0,2.0,5.0,3.0,3.0,3.0,3.0,3.0,6.0,2.0,2.0,64.0,4.0,1.0,48.0,1.0,1.0,1.0,1.0,1.0,1.0,1.0,1.0,5343466740.0,27297724.84,596720000.0,3.7309096428571435,768.0,514.0,66304.0,1.458644847602118e+17,34.92857142857143,22.530881447500004,78.57142857142857,3502.5714285714284
16000.0,32000.0,256.0,64.0,3.0,30.0,2.0,2.0,4.0,4.0,4.0,2.0,6.0,6.0,5.0,2.0,6.0,4.0,3.0,4.0,1.0,1.0,1.0,6.0,1.0,3.0,1.0,3.0,5.0,5.0,1.0,1.0,1.0,24.0,1.0,3.0,18.0,1.0,1.0,1.0,1.0,1.0,1.0,1.0,6.0,1.0,3.0,3.0,3.0,1.0,3.0,5.0,1.0,4.0,2.0,4.0,4.0,3.0,1.0,2.0,1.0,2.0,8.0,64.0,1.0,1.0,128.0,1.0,8.0,32.0,1.0,1.0,1.0,1.0,1.0,1.0,1.0,2.0,2.0,1.0,4.0,5.0,2.0,1.0,4.0,4.0,4.0,3.0,6.0,3.0,1.0,5.0,1.0,128.0,1.0,128.0,64.0,1.0,4.0,32.0,1.0,1.0,1.0,1.0,2.0,3.0,6.0,4.0,1.0,6.0,4.0,5.0,5.0,6.0,6.0,3.0,1.0,2.0,4.0,6.0,2.0,5.0,16.0,768.0,1.0,256.0,96.0,1.0,1.0,1.0,1.0,1.0,1.0,1.0,2.0,5.0,3.0,2.0,3.0,6.0,6.0,4.0,2.0,4.0,5.0,6.0,6.0,2.0,1.0,3.0,6.0,6.0,8.0,64.0,1.0,4.0,32.0,1.0,1.0,1.0,1.0,1.0,1.0,1.0,4.0,2.0,3.0,6.0,2.0,4.0,6.0,1.0,4.0,1.0,5.0,2.0,5.0,3.0,4.0,3.0,2.0,4.0,4.0,24.0,1.0,4.0,64.0,1.0,1.0,1.0,1.0,1.0,1.0,1.0,7036817592.0,19561686.22,54305000.0,0.7559204642857142,120.0,514.0,655360.0,1.3765201772207997e+17,1.5357142857142858,0.006976414285714285,78.57142857142857,59112.0
1024.0,512000.0,256.0,64.0,1.0,16.0,4.0,42.0,4.0,4.0,3.0,1.0,1.0,1.0,2.0,4.0,3.0,1.0,2.0,3.0,4.0,4.0,4.0,2.0,4.0,3.0,1.0,4.0,3.0,6.0,3.0,5.0,384.0,64.0,1.0,64.0,8.0,1.0,1.0,1.0,1.0,1.0,1.0,1.0,6.0,5.0,6.0,6.0,2.0,3.0,4.0,1.0,1.0,1.0,4.0,4.0,6.0,6.0,1.0,1.0,5.0,1.0,16.0,1.0,1.0,64.0,2.0,1.0,1.0,4.0,1.0,1.0,1.0,1.0,6.0,6.0,5.0,4.0,1.0,1.0,2.0,3.0,2.0,6.0,1.0,2.0,1.0,4.0,4.0,6.0,6.0,6.0,1.0,2.0,1.0,2.0,32.0,1.0,4.0,64.0,1.0,1.0,1.0,1.0,3.0,1.0,4.0,5.0,6.0,6.0,3.0,6.0,1.0,5.0,4.0,6.0,6.0,2.0,2.0,4.0,1.0,3.0,12.0,12.0,1.0,8.0,32.0,1.0,1.0,1.0,1.0,1.0,1.0,1.0,5.0,4.0,6.0,3.0,3.0,1.0,4.0,6.0,3.0,6.0,4.0,5.0,4.0,3.0,1.0,4.0,1.0,5.0,1.0,48.0,1.0,64.0,128.0,1.0,1.0,1.0,1.0,1.0,1.0,1.0,2.0,4.0,6.0,3.0,5.0,6.0,6.0,4.0,2.0,3.0,4.0,1.0,5.0,4.0,6.0,1.0,4.0,4.0,768.0,1536.0,1.0,768.0,3.0,1.0,1.0,1.0,1.0,1.0,1.0,1.0,276038976.0,33178176.0,17797900.0,0.20156957142857143,42.0,514.0,11092.0,9158469728587776.0,33.24202857142858,38.132855357142866,78.57142857142857,1730.2857142857142
1024.0,16000.0,256.0,64.0,2.0,30.0,12.0,12.0,3.0,3.0,1.0,4.0,5.0,4.0,6.0,5.0,4.0,2.0,2.0,5.0,6.0,6.0,5.0,6.0,6.0,1.0,6.0,1.0,2.0,5.0,4.0,4.0,3.0,24.0,1.0,256.0,576.0,1.0,1.0,1.0,1.0,1.0,1.0,1.0,4.0,6.0,3.0,5.0,2.0,1.0,2.0,4.0,1.0,3.0,1.0,5.0,1.0,1.0,6.0,3.0,1.0,2.0,4.0,32.0,1.0,16.0,4.0,1.0,64.0,4.0,1.0,1.0,1.0,1.0,6.0,1.0,2.0,2.0,3.0,2.0,4.0,4.0,3.0,3.0,5.0,4.0,3.0,1.0,4.0,3.0,5.0,3.0,4.0,128.0,1.0,32.0,32.0,1.0,4.0,32.0,1.0,1.0,1.0,1.0,4.0,6.0,6.0,5.0,5.0,6.0,6.0,5.0,4.0,5.0,2.0,5.0,2.0,1.0,6.0,6.0,3.0,3.0,16.0,2.0,1.0,256.0,16.0,1.0,1.0,1.0,1.0,1.0,1.0,1.0,6.0,3.0,1.0,4.0,2.0,4.0,6.0,5.0,5.0,2.0,2.0,5.0,4.0,2.0,2.0,2.0,6.0,6.0,128.0,192.0,1.0,32.0,16.0,1.0,1.0,1.0,1.0,1.0,1.0,1.0,3.0,6.0,2.0,1.0,3.0,1.0,2.0,2.0,6.0,5.0,4.0,3.0,2.0,4.0,5.0,4.0,1.0,3.0,384.0,2.0,1.0,32.0,8.0,1.0,1.0,1.0,1.0,1.0,1.0,1.0,11178313452.0,31891199.32,66703700.0,0.6779605714285715,144.0,514.0,67840.0,3.564898223591693e+17,1.0,0.2627955871428571,78.57142857142857,4419.428571428572
128000.0,32000.0,256.0,64.0,3.0,30.0,20.0,26.0,2.0,2.0,1.0,6.0,3.0,2.0,5.0,6.0,1.0,2.0,4.0,6.0,5.0,4.0,4.0,2.0,4.0,2.0,6.0,1.0,2.0,4.0,3.0,2.0,6.0,96.0,1.0,4.0,64.0,1.0,1.0,1.0,1.0,1.0,1.0,1.0,5.0,2.0,1.0,4.0,3.0,2.0,2.0,3.0,2.0,6.0,2.0,1.0,3.0,2.0,1.0,3.0,3.0,2.0,16.0,1.0,1.0,32.0,16.0,1.0,8.0,32.0,1.0,1.0,1.0,1.0,1.0,5.0,1.0,1.0,4.0,3.0,6.0,1.0,6.0,4.0,3.0,3.0,6.0,4.0,2.0,6.0,6.0,2.0,1.0,128.0,1.0,16.0,64.0,1.0,64.0,2.0,1.0,1.0,1.0,1.0,2.0,5.0,4.0,5.0,1.0,2.0,3.0,3.0,4.0,6.0,2.0,5.0,5.0,2.0,6.0,2.0,4.0,3.0,2.0,384.0,1.0,2.0,128.0,1.0,1.0,1.0,1.0,1.0,1.0,1.0,4.0,5.0,4.0,3.0,5.0,5.0,6.0,5.0,2.0,6.0,6.0,3.0,4.0,1.0,2.0,1.0,1.0,2.0,3.0,2.0,1.0,1.0,768.0,1.0,1.0,1.0,1.0,1.0,1.0,1.0,4.0,2.0,3.0,1.0,1.0,1.0,4.0,5.0,4.0,5.0,5.0,4.0,2.0,4.0,5.0,4.0,1.0,1.0,32.0,256.0,1.0,192.0,16.0,1.0,1.0,1.0,1.0,1.0,1.0,1.0,3901947876.0,23307632.46,130019000000.0,176.95010714285712,15600.0,514.0,229376.0,9.094516697188566e+16,1.7857142857142858,0.033133357142857145,78.57142857142857,44224.0
128.0,128000.0,256.0,64.0,3.0,42.0,34.0,12.0,2.0,2.0,4.0,5.0,1.0,5.0,4.0,4.0,2.0,3.0,1.0,4.0,1.0,4.0,5.0,2.0,1.0,5.0,5.0,2.0,1.0,1.0,2.0,1.0,24.0,8.0,1.0,288.0,2304.0,1.0,1.0,1.0,1.0,1.0,1.0,1.0,2.0,2.0,1.0,6.0,5.0,2.0,2.0,1.0,2.0,1.0,2.0,6.0,2.0,6.0,3.0,2.0,4.0,5.0,1.0,4.0,1.0,32.0,16.0,1.0,4.0,4.0,1.0,1.0,1.0,1.0,4.0,6.0,4.0,3.0,2.0,4.0,2.0,1.0,6.0,1.0,3.0,6.0,5.0,5.0,3.0,3.0,4.0,3.0,16.0,8.0,1.0,4.0,2.0,1.0,64.0,64.0,1.0,1.0,1.0,1.0,4.0,1.0,1.0,1.0,2.0,2.0,5.0,3.0,1.0,1.0,3.0,5.0,1.0,5.0,5.0,5.0,2.0,6.0,12.0,48.0,1.0,8.0,32.0,1.0,1.0,1.0,1.0,1.0,1.0,1.0,5.0,5.0,4.0,4.0,5.0,4.0,5.0,1.0,3.0,5.0,6.0,6.0,2.0,2.0,4.0,5.0,3.0,1.0,48.0,24.0,1.0,8.0,512.0,1.0,1.0,1.0,1.0,1.0,1.0,1.0,3.0,6.0,2.0,5.0,6.0,3.0,2.0,1.0,1.0,5.0,1.0,6.0,4.0,5.0,2.0,1.0,4.0,5.0,3.0,8.0,1.0,6.0,12.0,1.0,1.0,1.0,1.0,1.0,1.0,1.0,10929100116.0,22257697.82,156234000000.0,205.85542857142858,17136.0,514.0,706560.0,2.4325660782645494e+17,6.428585714285716,1.4846226035714285,78.57142857142857,34525.71428571428
1024000.0,8192000.0,256.0,64.0,2.0,28.0,22.0,14.0,4.0,1.0,5.0,3.0,5.0,2.0,3.0,5.0,3.0,2.0,1.0,3.0,3.0,3.0,1.0,4.0,1.0,3.0,2.0,3.0,4.0,2.0,2.0,5.0,12.0,96.0,1.0,1.0,48.0,1.0,1.0,1.0,1.0,1.0,1.0,1.0,1.0,4.0,3.0,2.0,1.0,5.0,3.0,3.0,4.0,5.0,1.0,4.0,3.0,6.0,5.0,3.0,5.0,1.0,8.0,16.0,1.0,1.0,8.0,1.0,16.0,16.0,1.0,1.0,1.0,1.0,2.0,5.0,3.0,5.0,4.0,3.0,4.0,6.0,6.0,1.0,5.0,4.0,1.0,5.0,5.0,4.0,4.0,3.0,64.0,128.0,1.0,1.0,2.0,1.0,2.0,32.0,1.0,1.0,1.0,1.0,4.0,2.0,3.0,3.0,1.0,3.0,1.0,4.0,2.0,1.0,3.0,6.0,5.0,5.0,4.0,5.0,4.0,4.0,4.0,32.0,1.0,4.0,24.0,1.0,1.0,1.0,1.0,1.0,1.0,1.0,3.0,5.0,1.0,4.0,1.0,3.0,2.0,6.0,3.0,6.0,5.0,4.0,2.0,2.0,4.0,4.0,1.0,6.0,128.0,4.0,1.0,384.0,2.0,1.0,1.0,1.0,1.0,1.0,1.0,1.0,4.0,5.0,5.0,4.0,6.0,4.0,3.0,1.0,2.0,2.0,1.0,6.0,5.0,4.0,6.0,5.0,4.0,3.0,512.0,384.0,1.0,6.0,192.0,1.0,1.0,1.0,1.0,1.0,1.0,1.0,10905936792.0,33553266.959999993,167562000.0,1.4586764285714287,308.0,514.0,104448.0,3.6592980863086195e+17,10.428571428571429,5.119779447857144,78.57142857142857,7480.285714285715
2048000.0,4096000.0,256.0,64.0,2.0,18.0,24.0,38.0,1.0,5.0,2.0,5.0,3.0,3.0,5.0,6.0,2.0,2.0,6.0,2.0,6.0,3.0,1.0,4.0,2.0,4.0,3.0,6.0,4.0,3.0,3.0,2.0,384.0,96.0,1.0,96.0,128.0,1.0,1.0,1.0,1.0,1.0,1.0,1.0,4.0,6.0,2.0,6.0,5.0,3.0,5.0,1.0,3.0,2.0,4.0,3.0,6.0,6.0,1.0,3.0,1.0,6.0,16.0,64.0,1.0,128.0,128.0,1.0,8.0,8.0,1.0,1.0,1.0,1.0,2.0,2.0,2.0,4.0,1.0,6.0,3.0,2.0,3.0,4.0,4.0,4.0,5.0,2.0,2.0,1.0,6.0,3.0,1.0,8.0,1.0,64.0,128.0,1.0,2.0,16.0,1.0,1.0,1.0,1.0,2.0,1.0,4.0,4.0,1.0,1.0,1.0,1.0,3.0,2.0,1.0,1.0,1.0,5.0,1.0,4.0,6.0,1.0,768.0,4.0,1.0,8.0,1.0,1.0,1.0,1.0,1.0,1.0,1.0,1.0,6.0,4.0,1.0,3.0,6.0,6.0,2.0,2.0,4.0,6.0,1.0,3.0,1.0,1.0,3.0,6.0,5.0,1.0,32.0,12.0,1.0,32.0,6.0,1.0,1.0,1.0,1.0,1.0,1.0,1.0,4.0,6.0,3.0,5.0,3.0,2.0,5.0,3.0,4.0,1.0,5.0,3.0,5.0,6.0,5.0,3.0,6.0,5.0,48.0,384.0,1.0,2.0,96.0,1.0,1.0,1.0,1.0,1.0,1.0,1.0,684910860.0,20753187.560000002,775493000.0,4.622822142857142,912.0,514.0,1056768.0,1.4214083539460904e+16,4.688310714285714,0.7441515,78.57142857142857,43560.57142857143
2048.0,1024000.0,256.0,64.0,3.0,24.0,32.0,24.0,5.0,2.0,4.0,2.0,5.0,3.0,1.0,6.0,5.0,2.0,3.0,5.0,6.0,1.0,4.0,4.0,6.0,5.0,3.0,3.0,3.0,1.0,6.0,6.0,384.0,32.0,1.0,72.0,144.0,1.0,1.0,1.0,1.0,1.0,1.0,1.0,5.0,5.0,3.0,6.0,4.0,6.0,2.0,3.0,4.0,4.0,1.0,5.0,6.0,2.0,2.0,6.0,3.0,6.0,8.0,1.0,1.0,64.0,1.0,1.0,2.0,32.0,1.0,1.0,1.0,1.0,6.0,5.0,4.0,5.0,1.0,2.0,2.0,4.0,6.0,3.0,3.0,6.0,4.0,2.0,5.0,1.0,2.0,3.0,8.0,4.0,1.0,64.0,8.0,1.0,32.0,1.0,1.0,1.0,1.0,1.0,1.0,5.0,2.0,6.0,4.0,4.0,1.0,6.0,3.0,2.0,2.0,5.0,4.0,5.0,4.0,4.0,2.0,1.0,2.0,96.0,1.0,96.0,256.0,1.0,1.0,1.0,1.0,1.0,1.0,1.0,4.0,1.0,4.0,5.0,1.0,4.0,4.0,1.0,3.0,6.0,5.0,5.0,1.0,2.0,3.0,3.0,1.0,3.0,64.0,768.0,1.0,24.0,12.0,1.0,1.0,1.0,1.0,1.0,1.0,1.0,2.0,6.0,1.0,4.0,4.0,4.0,4.0,2.0,2.0,2.0,2.0,6.0,3.0,1.0,6.0,2.0,5.0,1.0,12.0,12.0,1.0,12.0,768.0,1.0,1.0,1.0,1.0,1.0,1.0,1.0,5280567300.0,17757459.82,180223000000.0,232.08232142857142,18432.0,514.0,712704.0,9.376946165655589e+16,14.938310714285715,0.0032467535714285714,78.57142857142857,92964.57142857143
1024.0,2048000.0,256.0,64.0,3.0,12.0,28.0,36.0,1.0,1.0,2.0,6.0,1.0,1.0,6.0,6.0,2.0,5.0,2.0,2.0,5.0,3.0,2.0,5.0,3.0,2.0,5.0,1.0,3.0,4.0,1.0,6.0,3.0,128.0,1.0,768.0,1152.0,1.0,1.0,1.0,1.0,1.0,1.0,1.0,1.0,6.0,6.0,5.0,5.0,2.0,3.0,2.0,1.0,6.0,2.0,2.0,4.0,2.0,2.0,1.0,1.0,2.0,32.0,1.0,1.0,8.0,2.0,1.0,32.0,2.0,1.0,1.0,1.0,1.0,1.0,5.0,6.0,4.0,6.0,5.0,4.0,4.0,6.0,2.0,1.0,1.0,5.0,3.0,5.0,4.0,4.0,1.0,32.0,32.0,1.0,1.0,64.0,1.0,2.0,32.0,1.0,1.0,1.0,1.0,1.0,5.0,5.0,3.0,6.0,1.0,4.0,5.0,2.0,1.0,6.0,5.0,2.0,5.0,6.0,1.0,3.0,2.0,64.0,32.0,1.0,24.0,24.0,1.0,1.0,1.0,1.0,1.0,1.0,1.0,2.0,6.0,1.0,2.0,5.0,3.0,4.0,4.0,3.0,4.0,2.0,4.0,4.0,1.0,4.0,5.0,6.0,1.0,1.0,768.0,1.0,24.0,2.0,1.0,1.0,1.0,1.0,1.0,1.0,1.0,2.0,2.0,3.0,4.0,1.0,5.0,2.0,4.0,4.0,2.0,2.0,3.0,4.0,2.0,4.0,5.0,3.0,4.0,1536.0,1024.0,1.0,384.0,192.0,1.0,1.0,1.0,1.0,1.0,1.0,1.0,4695861480.0,18161580.479999997,79215500000.0,118.85253571428571,12096.0,514.0,1671168.0,8.528426619195189e+16,228.82101785714283,6.873138928571429,78.57142857142857,97097.14285714286
128.0,4096000.0,256.0,64.0,2.0,6.0,10.0,34.0,2.0,4.0,4.0,2.0,5.0,6.0,6.0,6.0,2.0,2.0,4.0,2.0,1.0,5.0,2.0,5.0,3.0,2.0,5.0,1.0,1.0,6.0,6.0,6.0,48.0,768.0,1.0,192.0,288.0,1.0,1.0,1.0,1.0,1.0,1.0,1.0,5.0,2.0,1.0,6.0,2.0,4.0,2.0,3.0,4.0,5.0,6.0,6.0,4.0,6.0,6.0,6.0,4.0,5.0,1.0,1.0,1.0,128.0,8.0,1.0,128.0,32.0,1.0,1.0,1.0,1.0,1.0,4.0,1.0,6.0,1.0,6.0,5.0,6.0,1.0,5.0,4.0,3.0,4.0,2.0,6.0,1.0,2.0,6.0,4.0,128.0,1.0,64.0,1.0,1.0,4.0,2.0,1.0,1.0,1.0,1.0,4.0,4.0,6.0,4.0,5.0,3.0,3.0,1.0,5.0,3.0,5.0,5.0,5.0,4.0,4.0,6.0,5.0,4.0,64.0,8.0,1.0,192.0,768.0,1.0,1.0,1.0,1.0,1.0,1.0,1.0,5.0,4.0,4.0,3.0,3.0,2.0,1.0,4.0,6.0,5.0,2.0,4.0,1.0,1.0,6.0,5.0,1.0,2.0,768.0,256.0,1.0,96.0,1024.0,1.0,1.0,1.0,1.0,1.0,1.0,1.0,6.0,4.0,4.0,3.0,3.0,1.0,1.0,5.0,6.0,3.0,6.0,5.0,4.0,2.0,6.0,6.0,3.0,4.0,128.0,3.0,1.0,6.0,128.0,1.0,1.0,1.0,1.0,1.0,1.0,1.0,11194674816.0,28196089.020000003,190441000.0,1.6207846428571424,340.0,514.0,139264.0,3.156460476618881e+17,1.0,0.8299030607142858,78.57142857142857,10113.857142857143
128.0,256000.0,256.0,64.0,3.0,24.0,8.0,18.0,5.0,1.0,1.0,2.0,6.0,5.0,4.0,5.0,5.0,2.0,2.0,1.0,2.0,3.0,6.0,4.0,5.0,3.0,1.0,1.0,4.0,1.0,2.0,2.0,24.0,8.0,1.0,192.0,3.0,1.0,1.0,1.0,1.0,1.0,1.0,1.0,4.0,4.0,4.0,3.0,4.0,6.0,2.0,1.0,2.0,1.0,4.0,3.0,3.0,1.0,2.0,2.0,3.0,5.0,64.0,2.0,1.0,4.0,64.0,1.0,1.0,16.0,1.0,1.0,1.0,1.0,6.0,2.0,4.0,1.0,1.0,6.0,2.0,4.0,2.0,4.0,6.0,6.0,3.0,4.0,5.0,1.0,2.0,1.0,128.0,128.0,1.0,32.0,2.0,1.0,4.0,4.0,1.0,1.0,1.0,1.0,2.0,5.0,4.0,5.0,6.0,4.0,1.0,1.0,6.0,2.0,1.0,3.0,6.0,4.0,4.0,3.0,4.0,4.0,96.0,1.0,1.0,24.0,128.0,1.0,1.0,1.0,1.0,1.0,1.0,1.0,5.0,4.0,4.0,5.0,5.0,6.0,1.0,4.0,6.0,6.0,3.0,6.0,3.0,6.0,4.0,5.0,6.0,6.0,3.0,1.0,1.0,4.0,1024.0,1.0,1.0,1.0,1.0,1.0,1.0,1.0,1.0,5.0,5.0,2.0,4.0,6.0,3.0,5.0,4.0,2.0,5.0,3.0,2.0,3.0,5.0,5.0,3.0,1.0,128.0,512.0,1.0,4.0,768.0,1.0,1.0,1.0,1.0,1.0,1.0,1.0,3308389488.0,23641120.700000003,7416830000.0,21.004739285714287,3456.0,514.0,1114112.0,7.821403520841922e+16,4.5,0.116396975,78.57142857142857,63954.28571428572
8192.0,16000000.0,256.0,64.0,3.0,10.0,32.0,22.0,1.0,6.0,5.0,2.0,1.0,4.0,4.0,5.0,5.0,4.0,5.0,2.0,1.0,4.0,4.0,4.0,4.0,4.0,2.0,4.0,4.0,3.0,1.0,4.0,8.0,1.0,1.0,3.0,64.0,1.0,1.0,1.0,1.0,1.0,1.0,1.0,3.0,1.0,5.0,1.0,4.0,5.0,1.0,5.0,5.0,3.0,4.0,4.0,4.0,5.0,6.0,2.0,6.0,5.0,64.0,8.0,1.0,16.0,32.0,1.0,16.0,16.0,1.0,1.0,1.0,1.0,3.0,5.0,5.0,1.0,6.0,1.0,1.0,6.0,6.0,5.0,6.0,6.0,4.0,3.0,4.0,5.0,2.0,3.0,128.0,32.0,1.0,4.0,1.0,1.0,64.0,1.0,1.0,1.0,1.0,1.0,1.0,5.0,2.0,1.0,3.0,6.0,1.0,2.0,5.0,1.0,4.0,3.0,6.0,2.0,2.0,3.0,1.0,2.0,2.0,32.0,1.0,12.0,768.0,1.0,1.0,1.0,1.0,1.0,1.0,1.0,1.0,1.0,5.0,6.0,6.0,4.0,3.0,4.0,2.0,1.0,3.0,2.0,2.0,3.0,2.0,5.0,5.0,6.0,48.0,4.0,1.0,6.0,512.0,1.0,1.0,1.0,1.0,1.0,1.0,1.0,4.0,6.0,5.0,2.0,3.0,5.0,3.0,1.0,5.0,4.0,3.0,6.0,3.0,1.0,1.0,4.0,1.0,6.0,1024.0,32.0,1.0,64.0,48.0,1.0,1.0,1.0,1.0,1.0,1.0,1.0,2455672944.0,19571411.2,27965600000.0,53.85061785714286,7040.0,514.0,1736704.0,4.806098495973857e+16,112.21428571428571,2.292038571428572,78.57142857142857,134582.85714285713
1024.0,32000.0,256.0,64.0,1.0,42.0,2.0,20.0,6.0,5.0,1.0,4.0,2.0,6.0,4.0,4.0,3.0,1.0,1.0,1.0,4.0,4.0,5.0,3.0,3.0,1.0,4.0,4.0,6.0,6.0,6.0,3.0,16.0,3.0,1.0,18.0,24.0,1.0,1.0,1.0,1.0,1.0,1.0,1.0,3.0,6.0,1.0,1.0,2.0,3.0,5.0,2.0,3.0,3.0,5.0,6.0,2.0,1.0,6.0,6.0,4.0,5.0,4.0,64.0,1.0,8.0,4.0,1.0,16.0,4.0,1.0,1.0,1.0,1.0,4.0,6.0,2.0,5.0,4.0,3.0,2.0,4.0,1.0,5.0,4.0,2.0,2.0,3.0,1.0,6.0,1.0,4.0,8.0,16.0,1.0,64.0,4.0,1.0,32.0,2.0,1.0,1.0,1.0,1.0,1.0,5.0,5.0,6.0,5.0,2.0,3.0,6.0,6.0,1.0,1.0,4.0,3.0,3.0,6.0,1.0,1.0,2.0,192.0,24.0,1.0,24.0,6.0,1.0,1.0,1.0,1.0,1.0,1.0,1.0,4.0,6.0,1.0,6.0,3.0,5.0,6.0,3.0,4.0,1.0,6.0,1.0,2.0,4.0,1.0,1.0,3.0,5.0,1.0,1.0,1.0,64.0,64.0,1.0,1.0,1.0,1.0,1.0,1.0,1.0,4.0,2.0,3.0,6.0,5.0,3.0,4.0,4.0,3.0,1.0,3.0,5.0,1.0,3.0,6.0,2.0,6.0,1.0,96.0,32.0,1.0,6.0,256.0,1.0,1.0,1.0,1.0,1.0,1.0,1.0,567411504.0,55225427.04,8640490.0,0.09909237142857144,20.0,514.0,5416.0,3.1335542615808668e+16,17.516192857142855,16.311677857142854,78.57142857142857,844.0
128000.0,128000.0,256.0,64.0,1.0,36.0,34.0,28.0,1.0,1.0,6.0,1.0,5.0,1.0,2.0,3.0,5.0,1.0,3.0,2.0,3.0,4.0,1.0,3.0,6.0,1.0,2.0,5.0,6.0,6.0,5.0,6.0,48.0,4.0,1.0,3.0,72.0,1.0,1.0,1.0,1.0,1.0,1.0,1.0,5.0,2.0,6.0,3.0,1.0,4.0,4.0,3.0,2.0,2.0,3.0,1.0,1.0,4.0,6.0,3.0,1.0,3.0,8.0,16.0,1.0,128.0,32.0,1.0,32.0,32.0,1.0,1.0,1.0,1.0,6.0,5.0,2.0,2.0,3.0,6.0,6.0,3.0,5.0,2.0,1.0,4.0,2.0,2.0,5.0,2.0,1.0,1.0,32.0,128.0,1.0,2.0,16.0,1.0,2.0,64.0,1.0,1.0,1.0,1.0,4.0,1.0,3.0,3.0,1.0,3.0,6.0,5.0,3.0,4.0,4.0,5.0,3.0,2.0,2.0,4.0,1.0,1.0,32.0,384.0,1.0,192.0,4.0,1.0,1.0,1.0,1.0,1.0,1.0,1.0,5.0,2.0,2.0,1.0,4.0,1.0,2.0,4.0,4.0,2.0,4.0,5.0,3.0,4.0,4.0,3.0,6.0,3.0,64.0,16.0,1.0,48.0,2.0,1.0,1.0,1.0,1.0,1.0,1.0,1.0,3.0,2.0,4.0,3.0,2.0,6.0,4.0,6.0,3.0,3.0,6.0,4.0,1.0,5.0,2.0,2.0,6.0,1.0,768.0,8.0,1.0,16.0,128.0,1.0,1.0,1.0,1.0,1.0,1.0,1.0,10884612432.0,113144876.16000001,11912700.0,0.1327885714285714,28.0,514.0,514.0,1.2315381256682365e+18,20.257128571428574,20.68319357142857,78.57142857142857,171.14285714285714
512.0,256000.0,256.0,64.0,3.0,32.0,28.0,34.0,6.0,4.0,4.0,2.0,1.0,3.0,2.0,2.0,6.0,6.0,3.0,5.0,2.0,2.0,5.0,3.0,5.0,1.0,3.0,5.0,2.0,4.0,4.0,2.0,6.0,384.0,1.0,72.0,144.0,1.0,1.0,1.0,1.0,1.0,1.0,1.0,2.0,3.0,3.0,4.0,1.0,6.0,5.0,1.0,4.0,5.0,1.0,4.0,5.0,3.0,1.0,5.0,3.0,6.0,64.0,4.0,1.0,128.0,2.0,1.0,2.0,128.0,1.0,1.0,1.0,1.0,6.0,2.0,2.0,2.0,5.0,3.0,6.0,1.0,1.0,3.0,6.0,1.0,3.0,2.0,5.0,5.0,4.0,3.0,2.0,1.0,1.0,8.0,8.0,1.0,2.0,64.0,1.0,1.0,1.0,1.0,6.0,1.0,3.0,1.0,4.0,3.0,6.0,6.0,2.0,1.0,5.0,2.0,4.0,3.0,3.0,5.0,3.0,5.0,128.0,24.0,1.0,48.0,4.0,1.0,1.0,1.0,1.0,1.0,1.0,1.0,4.0,5.0,5.0,1.0,3.0,1.0,3.0,1.0,1.0,2.0,1.0,6.0,6.0,5.0,6.0,1.0,3.0,1.0,96.0,4.0,1.0,3.0,64.0,1.0,1.0,1.0,1.0,1.0,1.0,1.0,4.0,2.0,1.0,6.0,1.0,2.0,3.0,3.0,1.0,5.0,4.0,1.0,4.0,4.0,3.0,5.0,4.0,3.0,64.0,1024.0,1.0,4.0,1.0,1.0,1.0,1.0,1.0,1.0,1.0,1.0,1022124336.0,17738174.160000004,484661000000.0,543.9789285714285,30464.0,514.0,812032.0,1.813061948514236e+16,55.142871428571425,0.6041666785714286,78.57142857142857,98925.71428571429
64000.0,32000.0,256.0,64.0,3.0,42.0,16.0,40.0,1.0,3.0,2.0,6.0,3.0,3.0,5.0,6.0,1.0,5.0,3.0,6.0,6.0,5.0,5.0,5.0,2.0,4.0,3.0,2.0,2.0,3.0,6.0,5.0,768.0,768.0,1.0,576.0,3.0,1.0,1.0,1.0,1.0,1.0,1.0,1.0,2.0,3.0,2.0,2.0,2.0,2.0,3.0,2.0,1.0,2.0,1.0,2.0,4.0,5.0,1.0,4.0,1.0,3.0,64.0,2.0,1.0,1.0,64.0,1.0,4.0,1.0,1.0,1.0,1.0,1.0,4.0,5.0,4.0,5.0,3.0,4.0,6.0,4.0,6.0,3.0,5.0,2.0,5.0,6.0,5.0,4.0,6.0,4.0,1.0,64.0,1.0,4.0,32.0,1.0,8.0,8.0,1.0,1.0,1.0,1.0,1.0,3.0,1.0,6.0,1.0,5.0,1.0,5.0,1.0,6.0,6.0,3.0,5.0,5.0,6.0,1.0,2.0,3.0,768.0,2.0,1.0,8.0,64.0,1.0,1.0,1.0,1.0,1.0,1.0,1.0,4.0,5.0,3.0,6.0,5.0,2.0,4.0,2.0,2.0,6.0,6.0,2.0,2.0,5.0,6.0,4.0,1.0,1.0,256.0,24.0,1.0,64.0,768.0,1.0,1.0,1.0,1.0,1.0,1.0,1.0,1.0,4.0,3.0,4.0,5.0,5.0,1.0,2.0,5.0,4.0,6.0,4.0,5.0,3.0,3.0,4.0,2.0,3.0,3072.0,32.0,1.0,1.0,192.0,1.0,1.0,1.0,1.0,1.0,1.0,1.0,845480544.0,17826563.28,378548000000.0,438.01410714285714,26880.0,514.0,2015232.0,1.5072012419624826e+16,12.142857142857142,0.22098214285714285,78.57142857142857,156745.14285714287
2048.0,16000.0,256.0,64.0,1.0,6.0,12.0,36.0,4.0,4.0,1.0,1.0,4.0,5.0,3.0,6.0,5.0,5.0,1.0,4.0,2.0,5.0,4.0,6.0,2.0,4.0,5.0,3.0,2.0,5.0,6.0,4.0,24.0,32.0,1.0,18.0,256.0,1.0,1.0,1.0,1.0,1.0,1.0,1.0,4.0,3.0,5.0,1.0,3.0,4.0,3.0,4.0,5.0,1.0,4.0,1.0,4.0,2.0,5.0,5.0,3.0,2.0,1.0,64.0,1.0,4.0,16.0,1.0,128.0,8.0,1.0,1.0,1.0,1.0,2.0,6.0,3.0,1.0,6.0,1.0,4.0,2.0,3.0,5.0,6.0,4.0,6.0,5.0,4.0,5.0,4.0,2.0,8.0,16.0,1.0,64.0,2.0,1.0,16.0,32.0,1.0,1.0,1.0,1.0,6.0,5.0,1.0,4.0,5.0,4.0,6.0,3.0,1.0,6.0,5.0,3.0,3.0,3.0,4.0,6.0,5.0,1.0,48.0,3.0,1.0,32.0,8.0,1.0,1.0,1.0,1.0,1.0,1.0,1.0,3.0,6.0,5.0,6.0,4.0,6.0,1.0,2.0,5.0,4.0,4.0,6.0,2.0,1.0,5.0,3.0,4.0,4.0,48.0,6.0,1.0,256.0,8.0,1.0,1.0,1.0,1.0,1.0,1.0,1.0,2.0,6.0,5.0,3.0,3.0,5.0,2.0,3.0,5.0,4.0,2.0,5.0,1.0,2.0,1.0,2.0,6.0,6.0,3072.0,3.0,1.0,6.0,2.0,1.0,1.0,1.0,1.0,1.0,1.0,1.0,11173626192.0,84254224.80000001,15250600.0,0.16867785714285713,36.0,514.0,514.0,9.414252130119361e+17,1.0,1.0036264285714285,78.57142857142857,78.57142857142857
32000.0,4096000.0,256.0,64.0,3.0,36.0,24.0,24.0,1.0,6.0,3.0,2.0,2.0,5.0,5.0,5.0,2.0,4.0,4.0,5.0,1.0,5.0,5.0,2.0,1.0,2.0,3.0,5.0,4.0,1.0,2.0,4.0,768.0,24.0,1.0,96.0,2.0,1.0,1.0,1.0,1.0,1.0,1.0,1.0,4.0,2.0,6.0,5.0,6.0,2.0,3.0,5.0,5.0,5.0,3.0,4.0,2.0,3.0,3.0,6.0,3.0,1.0,1.0,64.0,1.0,2.0,8.0,1.0,8.0,32.0,1.0,1.0,1.0,1.0,1.0,1.0,4.0,5.0,4.0,1.0,4.0,4.0,6.0,2.0,1.0,6.0,1.0,6.0,6.0,6.0,5.0,2.0,8.0,8.0,1.0,1.0,128.0,1.0,1.0,16.0,1.0,1.0,1.0,1.0,1.0,3.0,1.0,1.0,2.0,1.0,4.0,1.0,6.0,4.0,3.0,3.0,5.0,1.0,5.0,1.0,1.0,2.0,24.0,3.0,1.0,3.0,6.0,1.0,1.0,1.0,1.0,1.0,1.0,1.0,4.0,4.0,2.0,5.0,6.0,6.0,4.0,1.0,4.0,3.0,1.0,2.0,1.0,2.0,5.0,5.0,5.0,6.0,64.0,128.0,1.0,384.0,256.0,1.0,1.0,1.0,1.0,1.0,1.0,1.0,1.0,3.0,4.0,5.0,2.0,5.0,6.0,3.0,2.0,6.0,1.0,2.0,4.0,1.0,3.0,5.0,5.0,3.0,6.0,192.0,1.0,48.0,64.0,1.0,1.0,1.0,1.0,1.0,1.0,1.0,1068369432.0,18168336.999999996,227098000000.0,282.5028214285714,20736.0,514.0,4300800.0,1.941049588107458e+16,58.0,0.7248885714285714,78.57142857142857,243533.7142857143
128000.0,8192000.0,256.0,64.0,1.0,28.0,42.0,4.0,2.0,6.0,2.0,5.0,1.0,2.0,6.0,2.0,6.0,3.0,1.0,5.0,6.0,6.0,5.0,6.0,6.0,4.0,3.0,4.0,6.0,3.0,4.0,5.0,768.0,48.0,1.0,144.0,384.0,1.0,1.0,1.0,1.0,1.0,1.0,1.0,2.0,2.0,6.0,3.0,4.0,3.0,3.0,5.0,6.0,1.0,5.0,4.0,6.0,4.0,6.0,4.0,6.0,2.0,32.0,1.0,1.0,1.0,4.0,1.0,16.0,8.0,1.0,1.0,1.0,1.0,2.0,6.0,1.0,3.0,6.0,4.0,6.0,2.0,2.0,5.0,3.0,3.0,1.0,6.0,3.0,4.0,6.0,6.0,128.0,16.0,1.0,64.0,2.0,1.0,64.0,32.0,1.0,1.0,1.0,1.0,5.0,6.0,3.0,1.0,2.0,6.0,4.0,2.0,2.0,6.0,4.0,6.0,1.0,4.0,3.0,3.0,2.0,2.0,256.0,256.0,1.0,32.0,96.0,1.0,1.0,1.0,1.0,1.0,1.0,1.0,4.0,3.0,4.0,5.0,2.0,2.0,4.0,3.0,5.0,2.0,5.0,1.0,6.0,3.0,3.0,5.0,2.0,5.0,32.0,192.0,1.0,384.0,1024.0,1.0,1.0,1.0,1.0,1.0,1.0,1.0,6.0,5.0,1.0,5.0,4.0,2.0,1.0,3.0,2.0,4.0,6.0,2.0,3.0,1.0,2.0,4.0,5.0,5.0,4.0,384.0,1.0,32.0,3.0,1.0,1.0,1.0,1.0,1.0,1.0,1.0,2793406800.0,71730480.0,2290390.0,0.02493031428571428,4.0,514.0,1288.0,2.00372410599264e+17,4.0,4.425327142857143,78.57142857142857,199.42857142857142
64000.0,16000000.0,256.0,64.0,3.0,14.0,4.0,46.0,4.0,1.0,1.0,2.0,6.0,5.0,6.0,2.0,4.0,1.0,1.0,4.0,6.0,3.0,1.0,6.0,3.0,1.0,2.0,1.0,5.0,4.0,2.0,4.0,48.0,256.0,1.0,144.0,192.0,1.0,1.0,1.0,1.0,1.0,1.0,1.0,5.0,5.0,6.0,2.0,5.0,6.0,3.0,4.0,1.0,6.0,5.0,3.0,4.0,5.0,3.0,2.0,3.0,6.0,4.0,1.0,1.0,64.0,16.0,1.0,2.0,1.0,1.0,1.0,1.0,1.0,2.0,2.0,5.0,6.0,3.0,5.0,4.0,2.0,4.0,1.0,5.0,6.0,3.0,3.0,5.0,6.0,4.0,5.0,1.0,128.0,1.0,128.0,128.0,1.0,4.0,2.0,1.0,1.0,1.0,1.0,1.0,5.0,4.0,4.0,2.0,6.0,6.0,1.0,1.0,4.0,1.0,1.0,4.0,3.0,2.0,2.0,1.0,3.0,4.0,12.0,1.0,256.0,48.0,1.0,1.0,1.0,1.0,1.0,1.0,1.0,4.0,2.0,1.0,2.0,6.0,6.0,6.0,3.0,1.0,3.0,4.0,5.0,3.0,3.0,6.0,5.0,1.0,2.0,24.0,128.0,1.0,96.0,768.0,1.0,1.0,1.0,1.0,1.0,1.0,1.0,4.0,1.0,1.0,4.0,5.0,4.0,4.0,3.0,6.0,1.0,4.0,1.0,6.0,1.0,1.0,6.0,5.0,4.0,256.0,192.0,1.0,384.0,192.0,1.0,1.0,1.0,1.0,1.0,1.0,1.0,925118088.0,18752521.2,4373210000.0,14.685142857142855,2576.0,514.0,425984.0,1.7348296557723464e+16,3.7511892857142857,0.22897283214285716,78.57142857142857,53620.57142857143
128000.0,32000.0,256.0,64.0,2.0,16.0,30.0,6.0,6.0,6.0,1.0,4.0,3.0,3.0,3.0,6.0,1.0,1.0,2.0,6.0,1.0,3.0,4.0,5.0,6.0,4.0,2.0,6.0,3.0,6.0,3.0,6.0,2.0,12.0,1.0,768.0,96.0,1.0,1.0,1.0,1.0,1.0,1.0,1.0,4.0,6.0,6.0,4.0,6.0,1.0,4.0,6.0,6.0,4.0,2.0,4.0,3.0,3.0,6.0,1.0,6.0,6.0,4.0,4.0,1.0,8.0,2.0,1.0,2.0,1.0,1.0,1.0,1.0,1.0,2.0,5.0,1.0,4.0,3.0,4.0,6.0,5.0,6.0,4.0,5.0,4.0,1.0,1.0,1.0,2.0,6.0,6.0,16.0,32.0,1.0,128.0,16.0,1.0,2.0,1.0,1.0,1.0,1.0,1.0,6.0,1.0,5.0,4.0,5.0,3.0,3.0,5.0,2.0,6.0,1.0,4.0,4.0,2.0,2.0,4.0,3.0,3.0,2.0,8.0,1.0,64.0,3.0,1.0,1.0,1.0,1.0,1.0,1.0,1.0,3.0,4.0,4.0,1.0,4.0,1.0,3.0,1.0,6.0,2.0,4.0,5.0,6.0,6.0,5.0,6.0,2.0,4.0,24.0,4.0,1.0,24.0,1536.0,1.0,1.0,1.0,1.0,1.0,1.0,1.0,2.0,5.0,5.0,6.0,6.0,6.0,1.0,4.0,6.0,2.0,2.0,1.0,3.0,3.0,6.0,1.0,2.0,5.0,6.0,128.0,1.0,48.0,192.0,1.0,1.0,1.0,1.0,1.0,1.0,1.0,78386400.0,20847180.48,86495000.0,0.8597536428571426,180.0,514.0,75648.0,1634135427977472.0,53.46731428571428,22.36571428571429,78.57142857142857,8695.714285714286
4096.0,32000.0,256.0,64.0,3.0,36.0,4.0,26.0,3.0,4.0,5.0,2.0,4.0,6.0,3.0,6.0,3.0,6.0,6.0,6.0,1.0,6.0,2.0,6.0,6.0,1.0,4.0,4.0,2.0,6.0,2.0,6.0,32.0,32.0,1.0,144.0,12.0,1.0,1.0,1.0,1.0,1.0,1.0,1.0,6.0,2.0,2.0,3.0,1.0,1.0,1.0,1.0,5.0,6.0,5.0,3.0,2.0,5.0,3.0,2.0,2.0,3.0,4.0,16.0,1.0,16.0,2.0,1.0,4.0,64.0,1.0,1.0,1.0,1.0,4.0,5.0,3.0,2.0,1.0,3.0,3.0,2.0,2.0,3.0,6.0,3.0,5.0,1.0,4.0,6.0,5.0,3.0,1.0,128.0,1.0,16.0,32.0,1.0,8.0,1.0,1.0,1.0,1.0,1.0,2.0,4.0,1.0,5.0,1.0,3.0,4.0,2.0,5.0,2.0,1.0,1.0,4.0,2.0,6.0,2.0,3.0,3.0,12.0,1.0,1.0,96.0,4.0,1.0,1.0,1.0,1.0,1.0,1.0,1.0,2.0,1.0,1.0,6.0,5.0,3.0,5.0,3.0,2.0,6.0,3.0,5.0,4.0,1.0,1.0,4.0,3.0,1.0,384.0,384.0,1.0,256.0,768.0,1.0,1.0,1.0,1.0,1.0,1.0,1.0,1.0,2.0,6.0,5.0,5.0,1.0,4.0,1.0,3.0,5.0,5.0,2.0,2.0,6.0,6.0,5.0,3.0,1.0,3.0,192.0,1.0,192.0,256.0,1.0,1.0,1.0,1.0,1.0,1.0,1.0,777111756.0,18733801.18,8584300000.0,23.156342857142864,3744.0,514.0,884736.0,1.4558257131544672e+16,33.140475,0.7569987142857142,78.57142857142857,48795.42857142857
512000.0,512000.0,256.0,64.0,1.0,32.0,20.0,42.0,4.0,3.0,4.0,1.0,2.0,5.0,1.0,5.0,4.0,4.0,5.0,1.0,6.0,6.0,5.0,1.0,2.0,6.0,4.0,4.0,2.0,6.0,1.0,2.0,192.0,12.0,1.0,96.0,768.0,1.0,1.0,1.0,1.0,1.0,1.0,1.0,5.0,6.0,4.0,1.0,2.0,3.0,6.0,1.0,3.0,1.0,1.0,4.0,6.0,5.0,3.0,2.0,1.0,1.0,4.0,32.0,1.0,32.0,2.0,1.0,64.0,1.0,1.0,1.0,1.0,1.0,6.0,4.0,2.0,4.0,6.0,2.0,6.0,6.0,3.0,3.0,5.0,5.0,4.0,5.0,1.0,1.0,2.0,2.0,2.0,128.0,1.0,32.0,32.0,1.0,1.0,4.0,1.0,1.0,1.0,1.0,4.0,5.0,2.0,3.0,6.0,5.0,6.0,5.0,2.0,6.0,4.0,1.0,5.0,4.0,4.0,2.0,3.0,6.0,256.0,192.0,1.0,4.0,256.0,1.0,1.0,1.0,1.0,1.0,1.0,1.0,2.0,1.0,3.0,2.0,3.0,4.0,1.0,3.0,4.0,1.0,1.0,6.0,4.0,6.0,4.0,5.0,1.0,5.0,6.0,24.0,1.0,8.0,8.0,1.0,1.0,1.0,1.0,1.0,1.0,1.0,1.0,3.0,1.0,6.0,3.0,3.0,3.0,4.0,1.0,1.0,2.0,6.0,6.0,5.0,2.0,5.0,5.0,5.0,4.0,768.0,1.0,256.0,3.0,1.0,1.0,1.0,1.0,1.0,1.0,1.0,11173626192.0,84259667.99999999,17796800.0,0.1958718571428571,42.0,514.0,514.0,9.414860332940241e+17,1.0,1.006947857142857,78.57142857142857,78.57142857142857
64000.0,4096000.0,256.0,64.0,1.0,44.0,46.0,8.0,2.0,4.0,3.0,1.0,4.0,5.0,6.0,5.0,2.0,1.0,3.0,6.0,6.0,2.0,5.0,5.0,5.0,6.0,3.0,1.0,4.0,4.0,6.0,5.0,24.0,12.0,1.0,16.0,3.0,1.0,1.0,1.0,1.0,1.0,1.0,1.0,6.0,4.0,3.0,1.0,3.0,3.0,5.0,3.0,4.0,3.0,1.0,1.0,4.0,3.0,2.0,4.0,3.0,5.0,1.0,16.0,1.0,4.0,64.0,1.0,2.0,1.0,1.0,1.0,1.0,1.0,1.0,3.0,4.0,3.0,1.0,1.0,6.0,4.0,4.0,1.0,1.0,1.0,1.0,6.0,1.0,5.0,3.0,4.0,64.0,8.0,1.0,32.0,4.0,1.0,1.0,8.0,1.0,1.0,1.0,1.0,3.0,2.0,5.0,6.0,4.0,6.0,2.0,1.0,6.0,5.0,6.0,6.0,4.0,2.0,4.0,2.0,6.0,3.0,64.0,2.0,1.0,64.0,8.0,1.0,1.0,1.0,1.0,1.0,1.0,1.0,2.0,2.0,3.0,1.0,2.0,4.0,1.0,4.0,6.0,5.0,4.0,4.0,2.0,5.0,2.0,4.0,2.0,5.0,48.0,6.0,1.0,16.0,128.0,1.0,1.0,1.0,1.0,1.0,1.0,1.0,1.0,6.0,1.0,4.0,5.0,1.0,1.0,5.0,3.0,1.0,6.0,4.0,2.0,4.0,3.0,3.0,1.0,3.0,12.0,16.0,1.0,3.0,4.0,1.0,1.0,1.0,1.0,1.0,1.0,1.0,11173626192.0,101143668.0,3853260.0,0.042497942857142854,8.0,514.0,514.0,1.1301415379197522e+18,1.0,1.0072264285714285,78.57142857142857,78.57142857142857
1024.0,32000000.0,256.0,64.0,2.0,40.0,48.0,16.0,5.0,4.0,6.0,6.0,5.0,4.0,1.0,6.0,1.0,3.0,6.0,1.0,5.0,5.0,1.0,2.0,6.0,6.0,2.0,6.0,4.0,5.0,5.0,4.0,64.0,96.0,1.0,288.0,72.0,1.0,1.0,1.0,1.0,1.0,1.0,1.0,5.0,6.0,2.0,4.0,5.0,3.0,1.0,4.0,2.0,6.0,5.0,6.0,1.0,3.0,2.0,6.0,3.0,1.0,16.0,2.0,1.0,64.0,16.0,1.0,2.0,1.0,1.0,1.0,1.0,1.0,1.0,6.0,5.0,6.0,1.0,3.0,5.0,6.0,2.0,2.0,1.0,1.0,2.0,6.0,3.0,5.0,6.0,5.0,4.0,2.0,1.0,8.0,8.0,1.0,64.0,2.0,1.0,1.0,1.0,1.0,1.0,2.0,6.0,5.0,6.0,6.0,3.0,1.0,5.0,1.0,3.0,1.0,3.0,4.0,4.0,5.0,1.0,4.0,24.0,48.0,1.0,12.0,768.0,1.0,1.0,1.0,1.0,1.0,1.0,1.0,4.0,2.0,6.0,4.0,6.0,2.0,2.0,5.0,1.0,1.0,4.0,4.0,5.0,3.0,1.0,3.0,3.0,4.0,256.0,2.0,1.0,48.0,16.0,1.0,1.0,1.0,1.0,1.0,1.0,1.0,2.0,3.0,3.0,5.0,5.0,3.0,2.0,2.0,5.0,5.0,3.0,3.0,4.0,4.0,6.0,6.0,6.0,1.0,2.0,64.0,1.0,128.0,48.0,1.0,1.0,1.0,1.0,1.0,1.0,1.0,10881361488.0,35365711.84,596718000.0,3.7322239285714285,768.0,514.0,44032.0,3.8482709481148166e+17,32.142871428571425,15.548123346428573,78.57142857142857,3883.4285714285716
1024.0,32000.0,256.0,64.0,2.0,2.0,26.0,4.0,4.0,6.0,2.0,2.0,1.0,6.0,2.0,4.0,6.0,2.0,2.0,3.0,3.0,5.0,4.0,5.0,1.0,6.0,3.0,5.0,1.0,3.0,6.0,3.0,8.0,1.0,1.0,18.0,384.0,1.0,1.0,1.0,1.0,1.0,1.0,1.0,5.0,5.0,3.0,4.0,4.0,6.0,4.0,3.0,3.0,4.0,4.0,1.0,4.0,1.0,2.0,3.0,2.0,5.0,8.0,8.0,1.0,1.0,8.0,1.0,128.0,2.0,1.0,1.0,1.0,1.0,6.0,5.0,2.0,1.0,5.0,3.0,2.0,5.0,3.0,4.0,6.0,1.0,5.0,4.0,4.0,2.0,1.0,2.0,32.0,4.0,1.0,16.0,1.0,1.0,4.0,8.0,1.0,1.0,1.0,1.0,6.0,3.0,6.0,6.0,3.0,4.0,2.0,2.0,2.0,6.0,3.0,3.0,6.0,2.0,4.0,2.0,6.0,3.0,32.0,12.0,1.0,256.0,4.0,1.0,1.0,1.0,1.0,1.0,1.0,1.0,3.0,4.0,5.0,3.0,3.0,1.0,2.0,4.0,1.0,3.0,1.0,3.0,6.0,6.0,1.0,2.0,3.0,4.0,4.0,4.0,1.0,2.0,3072.0,1.0,1.0,1.0,1.0,1.0,1.0,1.0,6.0,2.0,1.0,1.0,6.0,4.0,5.0,2.0,5.0,1.0,5.0,5.0,1.0,5.0,6.0,2.0,4.0,5.0,12.0,1.0,1.0,192.0,48.0,1.0,1.0,1.0,1.0,1.0,1.0,1.0,524728860.0,48847940.72,46275800.0,0.5235484285714287,104.0,514.0,186112.0,2.563192424735318e+16,25.200000000000003,6.072012857142857,78.57142857142857,13073.42857142857
1024000.0,16000.0,256.0,64.0,2.0,20.0,36.0,14.0,2.0,1.0,6.0,1.0,5.0,6.0,1.0,3.0,4.0,1.0,4.0,1.0,5.0,3.0,1.0,3.0,1.0,5.0,2.0,4.0,2.0,2.0,1.0,2.0,12.0,32.0,1.0,2304.0,16.0,1.0,1.0,1.0,1.0,1.0,1.0,1.0,2.0,6.0,1.0,4.0,6.0,3.0,3.0,4.0,5.0,6.0,4.0,3.0,4.0,2.0,1.0,2.0,5.0,5.0,4.0,64.0,1.0,8.0,1.0,1.0,2.0,32.0,1.0,1.0,1.0,1.0,4.0,6.0,3.0,4.0,3.0,3.0,1.0,1.0,2.0,4.0,6.0,3.0,6.0,5.0,3.0,5.0,5.0,2.0,8.0,1.0,1.0,16.0,32.0,1.0,64.0,32.0,1.0,1.0,1.0,1.0,5.0,6.0,3.0,3.0,1.0,5.0,2.0,5.0,4.0,1.0,5.0,2.0,4.0,3.0,1.0,4.0,3.0,4.0,128.0,16.0,1.0,64.0,48.0,1.0,1.0,1.0,1.0,1.0,1.0,1.0,3.0,6.0,1.0,5.0,6.0,3.0,1.0,2.0,1.0,3.0,1.0,1.0,5.0,6.0,3.0,1.0,1.0,5.0,8.0,3.0,1.0,8.0,96.0,1.0,1.0,1.0,1.0,1.0,1.0,1.0,3.0,4.0,2.0,2.0,6.0,3.0,5.0,6.0,6.0,1.0,4.0,3.0,4.0,3.0,2.0,5.0,1.0,1.0,256.0,4.0,1.0,4.0,64.0,1.0,1.0,1.0,1.0,1.0,1.0,1.0,10955658948.0,35770054.08000001,324044000.0,2.3923057142857145,504.0,514.0,17920.0,3.91884513051996e+17,14.714285714285714,12.682249860714286,78.57142857142857,2344.5714285714284
1024.0,128000.0,256.0,64.0,3.0,36.0,38.0,32.0,5.0,4.0,3.0,4.0,5.0,3.0,4.0,6.0,3.0,1.0,4.0,5.0,3.0,2.0,1.0,3.0,3.0,4.0,6.0,3.0,2.0,1.0,5.0,3.0,192.0,4.0,1.0,24.0,32.0,1.0,1.0,1.0,1.0,1.0,1.0,1.0,2.0,2.0,2.0,1.0,5.0,3.0,6.0,1.0,6.0,5.0,1.0,6.0,2.0,5.0,2.0,5.0,5.0,2.0,16.0,2.0,1.0,2.0,1.0,1.0,128.0,64.0,1.0,1.0,1.0,1.0,5.0,2.0,3.0,2.0,6.0,1.0,6.0,3.0,3.0,2.0,6.0,5.0,3.0,4.0,2.0,4.0,4.0,1.0,64.0,4.0,1.0,2.0,2.0,1.0,4.0,4.0,1.0,1.0,1.0,1.0,1.0,1.0,6.0,6.0,6.0,3.0,2.0,1.0,6.0,4.0,2.0,6.0,4.0,3.0,5.0,6.0,1.0,3.0,2.0,3.0,1.0,32.0,4.0,1.0,1.0,1.0,1.0,1.0,1.0,1.0,4.0,1.0,5.0,4.0,4.0,4.0,6.0,2.0,2.0,2.0,6.0,2.0,2.0,2.0,2.0,2.0,6.0,2.0,16.0,768.0,1.0,8.0,1536.0,1.0,1.0,1.0,1.0,1.0,1.0,1.0,5.0,4.0,3.0,4.0,2.0,5.0,1.0,5.0,2.0,1.0,5.0,2.0,4.0,6.0,6.0,3.0,2.0,1.0,4.0,512.0,1.0,384.0,1.0,1.0,1.0,1.0,1.0,1.0,1.0,1.0,1186491696.0,17922773.68,993417000000.0,1037.335,43776.0,514.0,3244032.0,2.126522214060736e+16,11.928571428571429,0.50770375,78.57142857142857,239796.57142857142
512000.0,16000000.0,256.0,64.0,3.0,26.0,44.0,8.0,4.0,6.0,1.0,1.0,4.0,3.0,6.0,3.0,5.0,2.0,5.0,5.0,4.0,5.0,1.0,2.0,1.0,6.0,4.0,6.0,4.0,6.0,1.0,2.0,1.0,192.0,1.0,256.0,384.0,1.0,1.0,1.0,1.0,1.0,1.0,1.0,5.0,2.0,1.0,3.0,1.0,4.0,1.0,6.0,1.0,3.0,3.0,6.0,4.0,5.0,4.0,5.0,3.0,4.0,32.0,16.0,1.0,1.0,2.0,1.0,4.0,16.0,1.0,1.0,1.0,1.0,6.0,5.0,2.0,3.0,6.0,3.0,5.0,3.0,2.0,4.0,2.0,5.0,1.0,4.0,6.0,5.0,1.0,4.0,32.0,2.0,1.0,2.0,4.0,1.0,16.0,8.0,1.0,1.0,1.0,1.0,1.0,3.0,5.0,2.0,4.0,4.0,6.0,1.0,3.0,5.0,6.0,6.0,1.0,3.0,3.0,5.0,3.0,2.0,24.0,96.0,1.0,256.0,24.0,1.0,1.0,1.0,1.0,1.0,1.0,1.0,6.0,6.0,6.0,3.0,3.0,4.0,3.0,1.0,2.0,6.0,1.0,6.0,6.0,4.0,2.0,2.0,3.0,1.0,48.0,4.0,1.0,512.0,128.0,1.0,1.0,1.0,1.0,1.0,1.0,1.0,6.0,6.0,6.0,6.0,2.0,4.0,1.0,6.0,5.0,4.0,4.0,3.0,6.0,3.0,1.0,4.0,6.0,5.0,3.0,3.0,1.0,128.0,24.0,1.0,1.0,1.0,1.0,1.0,1.0,1.0,745979172.0,22343397.02,46205200000.0,78.24652857142857,9152.0,514.0,1425408.0,1.6667708808646868e+16,139.44287142857144,5.182233571428572,78.57142857142857,109449.14285714286
1024000.0,16000000.0,256.0,64.0,3.0,4.0,28.0,44.0,6.0,4.0,4.0,2.0,4.0,1.0,6.0,2.0,4.0,5.0,3.0,5.0,2.0,5.0,4.0,1.0,2.0,1.0,3.0,2.0,5.0,2.0,2.0,5.0,192.0,16.0,1.0,4.0,12.0,1.0,1.0,1.0,1.0,1.0,1.0,1.0,2.0,5.0,6.0,3.0,6.0,3.0,1.0,3.0,2.0,4.0,2.0,4.0,3.0,2.0,1.0,5.0,3.0,1.0,1.0,16.0,1.0,64.0,8.0,1.0,2.0,128.0,1.0,1.0,1.0,1.0,5.0,2.0,5.0,6.0,2.0,4.0,6.0,3.0,5.0,5.0,4.0,2.0,2.0,4.0,5.0,1.0,1.0,6.0,128.0,2.0,1.0,8.0,64.0,1.0,4.0,1.0,1.0,1.0,1.0,1.0,4.0,1.0,6.0,3.0,4.0,1.0,6.0,3.0,1.0,1.0,6.0,2.0,5.0,4.0,5.0,3.0,2.0,2.0,2.0,1.0,1.0,768.0,768.0,1.0,1.0,1.0,1.0,1.0,1.0,1.0,2.0,4.0,6.0,2.0,3.0,1.0,6.0,6.0,1.0,4.0,4.0,3.0,3.0,5.0,6.0,6.0,6.0,6.0,128.0,24.0,1.0,384.0,3.0,1.0,1.0,1.0,1.0,1.0,1.0,1.0,1.0,1.0,2.0,6.0,2.0,1.0,2.0,4.0,6.0,2.0,4.0,5.0,2.0,6.0,1.0,1.0,5.0,2.0,32.0,24.0,1.0,8.0,192.0,1.0,1.0,1.0,1.0,1.0,1.0,1.0,560765760.0,18460715.159999996,14272100000.0,33.04499642857144,4928.0,514.0,622592.0,1.035213696684092e+16,37.599999999999994,0.7008928571428571,78.57142857142857,67474.28571428571
1024.0,16000.0,256.0,64.0,2.0,8.0,20.0,22.0,2.0,4.0,6.0,1.0,3.0,4.0,1.0,2.0,6.0,1.0,6.0,5.0,1.0,6.0,5.0,5.0,3.0,4.0,1.0,2.0,6.0,4.0,1.0,2.0,48.0,256.0,1.0,8.0,16.0,1.0,1.0,1.0,1.0,1.0,1.0,1.0,5.0,6.0,6.0,5.0,6.0,6.0,6.0,2.0,1.0,4.0,3.0,6.0,3.0,3.0,3.0,4.0,2.0,5.0,2.0,16.0,1.0,4.0,8.0,1.0,2.0,8.0,1.0,1.0,1.0,1.0,5.0,4.0,2.0,3.0,3.0,2.0,5.0,2.0,1.0,6.0,2.0,6.0,5.0,3.0,2.0,5.0,4.0,4.0,8.0,64.0,1.0,64.0,8.0,1.0,8.0,8.0,1.0,1.0,1.0,1.0,5.0,6.0,1.0,6.0,4.0,4.0,2.0,5.0,5.0,4.0,4.0,6.0,5.0,4.0,4.0,6.0,6.0,1.0,12.0,6.0,1.0,12.0,192.0,1.0,1.0,1.0,1.0,1.0,1.0,1.0,6.0,2.0,3.0,6.0,5.0,5.0,5.0,5.0,3.0,5.0,4.0,3.0,1.0,4.0,5.0,1.0,1.0,2.0,6.0,4.0,1.0,256.0,384.0,1.0,1.0,1.0,1.0,1.0,1.0,1.0,6.0,5.0,3.0,3.0,2.0,1.0,4.0,5.0,1.0,2.0,1.0,6.0,3.0,6.0,5.0,5.0,6.0,4.0,24.0,1024.0,1.0,96.0,128.0,1.0,1.0,1.0,1.0,1.0,1.0,1.0,779389164.0,25599306.08,268645000.0,2.0890732142857136,440.0,514.0,68608.0,1.9951821764671316e+16,57.01904642857143,14.672421500000004,78.57142857142857,5566.285714285715
16000.0,64000.0,256.0,64.0,2.0,22.0,28.0,30.0,6.0,4.0,3.0,3.0,5.0,6.0,6.0,2.0,5.0,2.0,1.0,3.0,1.0,6.0,3.0,5.0,4.0,3.0,2.0,6.0,1.0,1.0,3.0,5.0,12.0,64.0,1.0,144.0,384.0,1.0,1.0,1.0,1.0,1.0,1.0,1.0,1.0,6.0,4.0,2.0,5.0,5.0,3.0,6.0,6.0,2.0,4.0,6.0,4.0,4.0,4.0,3.0,1.0,4.0,32.0,8.0,1.0,1.0,128.0,1.0,64.0,1.0,1.0,1.0,1.0,1.0,3.0,4.0,6.0,4.0,3.0,2.0,6.0,1.0,3.0,6.0,2.0,1.0,1.0,6.0,3.0,1.0,5.0,4.0,128.0,8.0,1.0,1.0,8.0,1.0,1.0,32.0,1.0,1.0,1.0,1.0,5.0,6.0,5.0,1.0,1.0,2.0,6.0,1.0,3.0,4.0,1.0,6.0,6.0,4.0,1.0,2.0,2.0,1.0,48.0,256.0,1.0,2.0,8.0,1.0,1.0,1.0,1.0,1.0,1.0,1.0,2.0,1.0,1.0,6.0,1.0,5.0,5.0,6.0,5.0,1.0,2.0,4.0,5.0,1.0,4.0,4.0,6.0,5.0,48.0,16.0,1.0,512.0,12.0,1.0,1.0,1.0,1.0,1.0,1.0,1.0,5.0,1.0,4.0,2.0,5.0,1.0,5.0,5.0,1.0,2.0,3.0,5.0,6.0,5.0,5.0,6.0,1.0,3.0,2.0,1.0,1.0,16.0,1.0,1.0,1.0,1.0,1.0,1.0,1.0,1.0,497669268.0,20275342.580000002,683429000.0,4.163038214285714,840.0,514.0,219648.0,1.0090414900237832e+16,13.47359285714286,8.848468642857142,78.57142857142857,20182.0
32000.0,16000.0,256.0,64.0,3.0,20.0,2.0,40.0,5.0,1.0,4.0,1.0,3.0,3.0,4.0,5.0,6.0,2.0,1.0,2.0,1.0,4.0,3.0,4.0,1.0,5.0,1.0,5.0,5.0,4.0,5.0,4.0,128.0,32.0,1.0,144.0,1.0,1.0,1.0,1.0,1.0,1.0,1.0,1.0,4.0,6.0,3.0,1.0,3.0,4.0,5.0,3.0,2.0,1.0,3.0,2.0,6.0,5.0,1.0,5.0,1.0,1.0,4.0,16.0,1.0,32.0,128.0,1.0,2.0,64.0,1.0,1.0,1.0,1.0,6.0,5.0,3.0,5.0,6.0,4.0,1.0,1.0,1.0,5.0,2.0,4.0,3.0,4.0,6.0,6.0,3.0,6.0,64.0,8.0,1.0,8.0,32.0,1.0,64.0,4.0,1.0,1.0,1.0,1.0,4.0,3.0,5.0,5.0,6.0,4.0,4.0,6.0,4.0,6.0,4.0,4.0,6.0,5.0,6.0,2.0,1.0,3.0,384.0,128.0,1.0,24.0,4.0,1.0,1.0,1.0,1.0,1.0,1.0,1.0,2.0,4.0,1.0,3.0,5.0,4.0,1.0,6.0,4.0,3.0,5.0,2.0,5.0,2.0,4.0,2.0,1.0,4.0,192.0,384.0,1.0,768.0,4.0,1.0,1.0,1.0,1.0,1.0,1.0,1.0,1.0,5.0,2.0,2.0,1.0,6.0,6.0,2.0,6.0,4.0,3.0,5.0,4.0,2.0,4.0,2.0,6.0,5.0,16.0,384.0,1.0,6.0,1.0,1.0,1.0,1.0,1.0,1.0,1.0,1.0,3228223920.0,17667983.12,1920900000.0,8.80831142857143,1600.0,514.0,1572864.0,5.703620572614023e+16,5.785714285714286,0.001953125,78.57142857142857,140269.7142857143
128.0,16000.0,256.0,64.0,3.0,48.0,38.0,16.0,3.0,6.0,4.0,6.0,6.0,6.0,3.0,1.0,4.0,6.0,5.0,6.0,4.0,4.0,4.0,2.0,5.0,1.0,4.0,6.0,3.0,5.0,1.0,1.0,24.0,24.0,1.0,18.0,1.0,1.0,1.0,1.0,1.0,1.0,1.0,1.0,2.0,3.0,6.0,1.0,2.0,3.0,4.0,2.0,5.0,5.0,3.0,5.0,6.0,2.0,1.0,6.0,6.0,6.0,1.0,8.0,1.0,64.0,32.0,1.0,32.0,1.0,1.0,1.0,1.0,1.0,5.0,1.0,3.0,1.0,2.0,2.0,4.0,2.0,1.0,1.0,5.0,1.0,6.0,1.0,4.0,5.0,5.0,6.0,128.0,32.0,1.0,64.0,32.0,1.0,2.0,16.0,1.0,1.0,1.0,1.0,1.0,5.0,4.0,6.0,6.0,2.0,4.0,6.0,1.0,1.0,6.0,1.0,5.0,6.0,5.0,5.0,3.0,2.0,16.0,3.0,1.0,64.0,256.0,1.0,1.0,1.0,1.0,1.0,1.0,1.0,3.0,5.0,4.0,5.0,1.0,4.0,1.0,3.0,4.0,6.0,5.0,5.0,4.0,1.0,2.0,1.0,6.0,3.0,96.0,1.0,1.0,4.0,48.0,1.0,1.0,1.0,1.0,1.0,1.0,1.0,4.0,1.0,6.0,4.0,6.0,6.0,4.0,4.0,6.0,4.0,6.0,3.0,1.0,3.0,1.0,4.0,6.0,5.0,1.0,3072.0,1.0,8.0,24.0,1.0,1.0,1.0,1.0,1.0,1.0,1.0,746117976.0,18563645.74,445261000000.0,505.3818928571428,29184.0,514.0,5695488.0,1.3850669786709822e+16,5.630953571428571,0.10119060714285714,78.57142857142857,275986.28571428574
64000.0,128000.0,256.0,64.0,1.0,48.0,28.0,4.0,5.0,5.0,5.0,1.0,3.0,1.0,1.0,5.0,1.0,5.0,2.0,1.0,5.0,4.0,4.0,3.0,2.0,6.0,5.0,5.0,3.0,2.0,4.0,6.0,4.0,16.0,1.0,288.0,768.0,1.0,1.0,1.0,1.0,1.0,1.0,1.0,4.0,2.0,1.0,1.0,6.0,2.0,1.0,5.0,1.0,3.0,5.0,5.0,1.0,1.0,3.0,1.0,2.0,6.0,4.0,16.0,1.0,2.0,64.0,1.0,4.0,4.0,1.0,1.0,1.0,1.0,6.0,5.0,5.0,4.0,2.0,2.0,4.0,5.0,5.0,5.0,4.0,3.0,1.0,5.0,6.0,5.0,1.0,2.0,64.0,16.0,1.0,8.0,4.0,1.0,2.0,64.0,1.0,1.0,1.0,1.0,1.0,2.0,1.0,5.0,4.0,5.0,5.0,2.0,2.0,1.0,4.0,4.0,3.0,2.0,5.0,1.0,4.0,5.0,256.0,6.0,1.0,1.0,2.0,1.0,1.0,1.0,1.0,1.0,1.0,1.0,1.0,2.0,1.0,1.0,6.0,2.0,2.0,5.0,6.0,4.0,6.0,2.0,5.0,3.0,1.0,3.0,2.0,2.0,3.0,1.0,1.0,4.0,96.0,1.0,1.0,1.0,1.0,1.0,1.0,1.0,1.0,6.0,4.0,2.0,1.0,4.0,4.0,3.0,3.0,3.0,3.0,4.0,4.0,2.0,5.0,4.0,5.0,2.0,2.0,192.0,1.0,192.0,384.0,1.0,1.0,1.0,1.0,1.0,1.0,1.0,2793406896.0,32182715.040000007,2290390.0,0.02493031428571428,4.0,514.0,1288.0,8.989941812473893e+16,4.0,5.245076785714286,78.57142857142857,199.42857142857142
512.0,1024000.0,256.0,64.0,2.0,40.0,12.0,10.0,2.0,3.0,3.0,2.0,2.0,2.0,4.0,5.0,6.0,5.0,6.0,5.0,5.0,4.0,3.0,4.0,5.0,3.0,1.0,1.0,1.0,2.0,2.0,4.0,768.0,256.0,1.0,192.0,16.0,1.0,1.0,1.0,1.0,1.0,1.0,1.0,2.0,5.0,3.0,4.0,4.0,5.0,5.0,5.0,2.0,3.0,3.0,4.0,2.0,4.0,2.0,1.0,5.0,5.0,32.0,64.0,1.0,16.0,1.0,1.0,2.0,4.0,1.0,1.0,1.0,1.0,3.0,5.0,6.0,3.0,5.0,3.0,4.0,5.0,6.0,4.0,1.0,3.0,2.0,4.0,6.0,5.0,3.0,4.0,2.0,128.0,1.0,8.0,32.0,1.0,8.0,4.0,1.0,1.0,1.0,1.0,6.0,6.0,6.0,6.0,2.0,3.0,1.0,1.0,6.0,6.0,6.0,5.0,5.0,6.0,3.0,3.0,2.0,1.0,1.0,384.0,1.0,6.0,1.0,1.0,1.0,1.0,1.0,1.0,1.0,1.0,4.0,5.0,4.0,4.0,5.0,3.0,4.0,5.0,4.0,5.0,6.0,5.0,3.0,2.0,1.0,6.0,3.0,5.0,6.0,256.0,1.0,768.0,12.0,1.0,1.0,1.0,1.0,1.0,1.0,1.0,4.0,4.0,3.0,1.0,4.0,6.0,5.0,3.0,6.0,6.0,5.0,3.0,6.0,6.0,1.0,5.0,5.0,6.0,96.0,6.0,1.0,48.0,256.0,1.0,1.0,1.0,1.0,1.0,1.0,1.0,1078747020.0,27463265.759999998,54259000.0,0.6059171071428571,120.0,514.0,212992.0,2.962591609806803e+16,25.246742857142856,7.8908119035714295,78.57142857142857,15632.857142857143
256000.0,8192000.0,256.0,64.0,1.0,40.0,38.0,36.0,3.0,3.0,3.0,4.0,6.0,1.0,3.0,6.0,5.0,3.0,2.0,1.0,4.0,2.0,3.0,6.0,5.0,3.0,6.0,3.0,2.0,3.0,1.0,2.0,768.0,384.0,1.0,4.0,48.0,1.0,1.0,1.0,1.0,1.0,1.0,1.0,3.0,4.0,5.0,5.0,3.0,5.0,2.0,6.0,3.0,1.0,5.0,3.0,4.0,5.0,4.0,4.0,5.0,4.0,1.0,4.0,1.0,32.0,8.0,1.0,2.0,8.0,1.0,1.0,1.0,1.0,1.0,3.0,6.0,1.0,1.0,1.0,4.0,1.0,3.0,5.0,6.0,6.0,4.0,4.0,6.0,2.0,6.0,5.0,16.0,128.0,1.0,32.0,32.0,1.0,32.0,8.0,1.0,1.0,1.0,1.0,3.0,4.0,4.0,2.0,4.0,2.0,6.0,6.0,6.0,1.0,5.0,4.0,5.0,2.0,3.0,1.0,5.0,1.0,48.0,6.0,1.0,3.0,2.0,1.0,1.0,1.0,1.0,1.0,1.0,1.0,2.0,3.0,4.0,1.0,2.0,5.0,5.0,4.0,5.0,5.0,5.0,6.0,1.0,4.0,3.0,2.0,5.0,1.0,384.0,768.0,1.0,8.0,768.0,1.0,1.0,1.0,1.0,1.0,1.0,1.0,1.0,5.0,2.0,4.0,5.0,2.0,6.0,1.0,2.0,2.0,1.0,3.0,3.0,2.0,4.0,4.0,3.0,1.0,512.0,128.0,1.0,3.0,96.0,1.0,1.0,1.0,1.0,1.0,1.0,1.0,11173626192.0,84259596.0,15250600.0,0.16867785714285713,36.0,514.0,514.0,9.414852287929385e+17,1.0,1.0068964285714286,78.57142857142857,78.57142857142857
32000.0,256000.0,256.0,64.0,1.0,44.0,32.0,18.0,5.0,6.0,2.0,4.0,1.0,6.0,6.0,3.0,4.0,2.0,2.0,2.0,5.0,5.0,3.0,5.0,4.0,5.0,1.0,3.0,3.0,3.0,4.0,1.0,6.0,768.0,1.0,36.0,8.0,1.0,1.0,1.0,1.0,1.0,1.0,1.0,3.0,2.0,6.0,3.0,1.0,2.0,6.0,3.0,4.0,4.0,4.0,3.0,4.0,6.0,3.0,2.0,5.0,5.0,64.0,1.0,1.0,1.0,128.0,1.0,64.0,1.0,1.0,1.0,1.0,1.0,1.0,3.0,6.0,2.0,2.0,5.0,5.0,6.0,4.0,6.0,2.0,1.0,6.0,2.0,5.0,6.0,2.0,1.0,2.0,1.0,1.0,2.0,32.0,1.0,2.0,8.0,1.0,1.0,1.0,1.0,4.0,4.0,4.0,6.0,4.0,2.0,1.0,3.0,6.0,1.0,3.0,6.0,5.0,2.0,3.0,5.0,5.0,3.0,6.0,384.0,1.0,2.0,3.0,1.0,1.0,1.0,1.0,1.0,1.0,1.0,3.0,3.0,1.0,1.0,5.0,4.0,3.0,5.0,5.0,5.0,1.0,4.0,1.0,2.0,6.0,1.0,6.0,6.0,12.0,4.0,1.0,3072.0,1536.0,1.0,1.0,1.0,1.0,1.0,1.0,1.0,2.0,3.0,1.0,2.0,3.0,5.0,1.0,6.0,2.0,1.0,5.0,5.0,6.0,1.0,4.0,2.0,6.0,1.0,16.0,6.0,1.0,384.0,4.0,1.0,1.0,1.0,1.0,1.0,1.0,1.0,625213776.0,68250519.84,7832460.0,0.08982214285714286,18.0,514.0,4900.0,4.267116522312932e+16,16.274496428571428,16.27865357142857,78.57142857142857,763.4285714285714
2048.0,2048000.0,256.0,64.0,2.0,38.0,16.0,6.0,5.0,1.0,6.0,1.0,2.0,2.0,2.0,4.0,2.0,1.0,5.0,2.0,5.0,2.0,5.0,4.0,3.0,1.0,5.0,5.0,1.0,4.0,6.0,2.0,192.0,384.0,1.0,3.0,2.0,1.0,1.0,1.0,1.0,1.0,1.0,1.0,3.0,5.0,2.0,3.0,3.0,4.0,1.0,3.0,1.0,6.0,6.0,3.0,6.0,3.0,6.0,1.0,4.0,4.0,32.0,64.0,1.0,32.0,2.0,1.0,8.0,128.0,1.0,1.0,1.0,1.0,6.0,6.0,1.0,1.0,4.0,4.0,3.0,4.0,2.0,2.0,6.0,1.0,6.0,4.0,5.0,6.0,2.0,1.0,4.0,64.0,1.0,32.0,4.0,1.0,8.0,4.0,1.0,1.0,1.0,1.0,2.0,3.0,5.0,2.0,5.0,1.0,5.0,6.0,1.0,1.0,3.0,6.0,4.0,1.0,1.0,5.0,6.0,6.0,96.0,64.0,1.0,128.0,128.0,1.0,1.0,1.0,1.0,1.0,1.0,1.0,1.0,5.0,1.0,6.0,1.0,5.0,4.0,5.0,2.0,2.0,2.0,1.0,1.0,3.0,2.0,6.0,3.0,1.0,12.0,3.0,1.0,48.0,3072.0,1.0,1.0,1.0,1.0,1.0,1.0,1.0,2.0,4.0,6.0,4.0,4.0,3.0,4.0,5.0,3.0,6.0,1.0,3.0,5.0,5.0,6.0,3.0,5.0,4.0,1536.0,256.0,1.0,64.0,128.0,1.0,1.0,1.0,1.0,1.0,1.0,1.0,2430282732.0,24152607.660000004,42376000.0,0.48644425,96.0,514.0,114688.0,5.8697665328868936e+16,64.74183107142856,16.768818132142854,78.57142857142857,12952.0
1024000.0,512000.0,256.0,64.0,2.0,18.0,38.0,20.0,6.0,1.0,3.0,1.0,1.0,4.0,4.0,1.0,6.0,5.0,3.0,5.0,4.0,5.0,3.0,1.0,3.0,5.0,6.0,6.0,5.0,2.0,1.0,6.0,1.0,64.0,1.0,384.0,36.0,1.0,1.0,1.0,1.0,1.0,1.0,1.0,5.0,5.0,3.0,2.0,3.0,1.0,3.0,5.0,4.0,2.0,1.0,3.0,3.0,6.0,4.0,6.0,4.0,5.0,16.0,16.0,1.0,128.0,32.0,1.0,1.0,4.0,1.0,1.0,1.0,1.0,6.0,6.0,3.0,4.0,5.0,6.0,5.0,6.0,3.0,6.0,4.0,4.0,5.0,5.0,4.0,1.0,2.0,1.0,1.0,64.0,1.0,2.0,1.0,1.0,2.0,16.0,1.0,1.0,1.0,1.0,1.0,5.0,3.0,1.0,5.0,1.0,3.0,6.0,4.0,4.0,2.0,3.0,1.0,4.0,6.0,1.0,6.0,1.0,24.0,128.0,1.0,48.0,32.0,1.0,1.0,1.0,1.0,1.0,1.0,1.0,3.0,5.0,6.0,2.0,6.0,5.0,4.0,5.0,2.0,1.0,4.0,4.0,5.0,3.0,4.0,3.0,4.0,3.0,4.0,64.0,1.0,6.0,128.0,1.0,1.0,1.0,1.0,1.0,1.0,1.0,2.0,2.0,3.0,5.0,2.0,1.0,6.0,6.0,1.0,6.0,6.0,3.0,1.0,6.0,3.0,4.0,1.0,4.0,2.0,128.0,1.0,384.0,768.0,1.0,1.0,1.0,1.0,1.0,1.0,1.0,357571620.0,21657898.400000002,587433000.0,3.7450403571428574,760.0,514.0,253952.0,7744249816683409.0,20.358385714285713,9.484171678571428,78.57142857142857,19581.14285714286
4096.0,32000000.0,256.0,64.0,3.0,4.0,16.0,42.0,4.0,1.0,3.0,3.0,5.0,2.0,1.0,6.0,2.0,1.0,3.0,2.0,1.0,3.0,2.0,2.0,5.0,6.0,5.0,4.0,3.0,6.0,3.0,6.0,384.0,16.0,1.0,2304.0,96.0,1.0,1.0,1.0,1.0,1.0,1.0,1.0,6.0,4.0,1.0,4.0,2.0,5.0,2.0,5.0,4.0,6.0,3.0,4.0,4.0,1.0,1.0,6.0,2.0,3.0,4.0,64.0,1.0,8.0,2.0,1.0,32.0,2.0,1.0,1.0,1.0,1.0,1.0,3.0,6.0,5.0,5.0,3.0,6.0,3.0,3.0,6.0,6.0,1.0,3.0,2.0,4.0,1.0,3.0,5.0,64.0,16.0,1.0,128.0,16.0,1.0,2.0,16.0,1.0,1.0,1.0,1.0,4.0,5.0,4.0,3.0,4.0,1.0,6.0,4.0,2.0,4.0,5.0,3.0,6.0,6.0,6.0,3.0,4.0,1.0,48.0,4.0,1.0,128.0,48.0,1.0,1.0,1.0,1.0,1.0,1.0,1.0,3.0,1.0,3.0,5.0,2.0,3.0,3.0,5.0,5.0,3.0,2.0,6.0,2.0,2.0,3.0,2.0,3.0,5.0,2.0,256.0,1.0,256.0,24.0,1.0,1.0,1.0,1.0,1.0,1.0,1.0,4.0,1.0,4.0,1.0,4.0,3.0,5.0,1.0,3.0,5.0,5.0,6.0,4.0,4.0,3.0,5.0,5.0,3.0,128.0,768.0,1.0,2.0,384.0,1.0,1.0,1.0,1.0,1.0,1.0,1.0,1156957680.0,18005016.78,4716950000.0,15.755096428571429,2688.0,514.0,2457600.0,2.083104244214987e+16,18.785714285714285,1.3102678678571429,78.57142857142857,142848.0
2048000.0,4096000.0,256.0,64.0,3.0,24.0,24.0,36.0,1.0,5.0,6.0,3.0,4.0,2.0,5.0,2.0,6.0,5.0,5.0,2.0,1.0,3.0,2.0,6.0,6.0,6.0,1.0,5.0,6.0,5.0,6.0,3.0,6.0,192.0,1.0,96.0,8.0,1.0,1.0,1.0,1.0,1.0,1.0,1.0,5.0,1.0,6.0,1.0,2.0,2.0,6.0,2.0,2.0,6.0,2.0,3.0,6.0,4.0,1.0,3.0,1.0,1.0,2.0,2.0,1.0,32.0,4.0,1.0,64.0,32.0,1.0,1.0,1.0,1.0,6.0,4.0,4.0,4.0,3.0,2.0,5.0,3.0,4.0,1.0,1.0,3.0,3.0,1.0,5.0,4.0,3.0,1.0,128.0,64.0,1.0,16.0,1.0,1.0,32.0,32.0,1.0,1.0,1.0,1.0,1.0,2.0,4.0,5.0,5.0,2.0,5.0,3.0,5.0,5.0,1.0,2.0,6.0,3.0,2.0,1.0,5.0,6.0,768.0,256.0,1.0,48.0,4.0,1.0,1.0,1.0,1.0,1.0,1.0,1.0,5.0,1.0,6.0,6.0,2.0,6.0,2.0,1.0,1.0,6.0,6.0,4.0,3.0,5.0,1.0,4.0,4.0,5.0,256.0,8.0,1.0,8.0,1536.0,1.0,1.0,1.0,1.0,1.0,1.0,1.0,6.0,6.0,5.0,2.0,6.0,5.0,5.0,2.0,4.0,2.0,6.0,6.0,3.0,3.0,2.0,1.0,2.0,5.0,1536.0,48.0,1.0,48.0,8.0,1.0,1.0,1.0,1.0,1.0,1.0,1.0,1071361104.0,18153242.78,227098000000.0,281.979,20736.0,514.0,1245184.0,1.944867822596083e+16,22.5,3.6715040464285713,78.57142857142857,91702.85714285714
32000.0,2048000.0,256.0,64.0,1.0,38.0,16.0,10.0,2.0,5.0,3.0,2.0,3.0,4.0,5.0,5.0,4.0,3.0,3.0,3.0,6.0,2.0,6.0,6.0,5.0,1.0,6.0,1.0,2.0,5.0,4.0,3.0,3.0,192.0,1.0,2304.0,288.0,1.0,1.0,1.0,1.0,1.0,1.0,1.0,1.0,4.0,3.0,4.0,3.0,4.0,4.0,2.0,2.0,5.0,1.0,2.0,6.0,2.0,3.0,3.0,3.0,5.0,16.0,16.0,1.0,4.0,32.0,1.0,2.0,4.0,1.0,1.0,1.0,1.0,5.0,2.0,1.0,5.0,4.0,3.0,6.0,4.0,3.0,5.0,2.0,4.0,6.0,2.0,1.0,6.0,1.0,4.0,4.0,8.0,1.0,16.0,32.0,1.0,16.0,32.0,1.0,1.0,1.0,1.0,5.0,4.0,5.0,5.0,6.0,1.0,1.0,1.0,4.0,6.0,6.0,1.0,4.0,2.0,5.0,2.0,3.0,4.0,32.0,3.0,1.0,1.0,32.0,1.0,1.0,1.0,1.0,1.0,1.0,1.0,2.0,2.0,4.0,3.0,4.0,1.0,4.0,3.0,6.0,3.0,5.0,4.0,3.0,6.0,6.0,3.0,1.0,6.0,8.0,96.0,1.0,192.0,24.0,1.0,1.0,1.0,1.0,1.0,1.0,1.0,2.0,5.0,1.0,4.0,2.0,6.0,5.0,4.0,3.0,6.0,5.0,4.0,2.0,3.0,2.0,3.0,5.0,6.0,2.0,128.0,1.0,24.0,768.0,1.0,1.0,1.0,1.0,1.0,1.0,1.0,1120665936.0,70053444.48000002,4641100.0,0.05274115714285716,10.0,514.0,2836.0,7.850650892820325e+16,9.864418571428569,9.865194285714285,78.57142857142857,441.14285714285717
8192.0,16000.0,256.0,64.0,1.0,16.0,38.0,28.0,2.0,3.0,6.0,6.0,5.0,3.0,3.0,5.0,4.0,2.0,6.0,5.0,4.0,3.0,5.0,2.0,5.0,3.0,1.0,2.0,5.0,4.0,6.0,4.0,384.0,12.0,1.0,576.0,16.0,1.0,1.0,1.0,1.0,1.0,1.0,1.0,3.0,4.0,2.0,5.0,5.0,6.0,1.0,1.0,1.0,1.0,5.0,3.0,3.0,1.0,3.0,6.0,1.0,3.0,64.0,64.0,1.0,1.0,32.0,1.0,8.0,4.0,1.0,1.0,1.0,1.0,1.0,5.0,2.0,2.0,4.0,5.0,1.0,6.0,3.0,3.0,5.0,4.0,3.0,6.0,6.0,3.0,2.0,5.0,2.0,1.0,1.0,128.0,32.0,1.0,1.0,64.0,1.0,1.0,1.0,1.0,3.0,6.0,4.0,4.0,5.0,4.0,6.0,5.0,2.0,5.0,3.0,3.0,1.0,2.0,5.0,1.0,5.0,3.0,48.0,96.0,1.0,384.0,192.0,1.0,1.0,1.0,1.0,1.0,1.0,1.0,4.0,1.0,1.0,2.0,2.0,5.0,3.0,1.0,4.0,2.0,5.0,4.0,1.0,2.0,6.0,6.0,3.0,6.0,16.0,2.0,1.0,24.0,512.0,1.0,1.0,1.0,1.0,1.0,1.0,1.0,4.0,1.0,1.0,3.0,4.0,2.0,2.0,3.0,1.0,3.0,3.0,4.0,2.0,6.0,3.0,1.0,4.0,6.0,8.0,12.0,1.0,2.0,12.0,1.0,1.0,1.0,1.0,1.0,1.0,1.0,10884612432.0,117369968.64,11912700.0,0.1327885714285714,28.0,514.0,514.0,1.277526619802394e+18,20.257128571428574,20.6841575,78.57142857142857,171.14285714285714
2048.0,16000000.0,256.0,64.0,2.0,26.0,28.0,30.0,3.0,2.0,3.0,5.0,5.0,4.0,4.0,2.0,6.0,2.0,6.0,5.0,1.0,6.0,2.0,5.0,6.0,6.0,2.0,1.0,1.0,6.0,2.0,6.0,96.0,32.0,1.0,6.0,16.0,1.0,1.0,1.0,1.0,1.0,1.0,1.0,5.0,6.0,6.0,1.0,1.0,3.0,2.0,6.0,5.0,2.0,5.0,5.0,3.0,5.0,1.0,5.0,3.0,4.0,2.0,2.0,1.0,1.0,128.0,1.0,8.0,8.0,1.0,1.0,1.0,1.0,1.0,3.0,6.0,1.0,3.0,3.0,2.0,3.0,4.0,6.0,4.0,4.0,5.0,4.0,2.0,1.0,4.0,2.0,64.0,32.0,1.0,8.0,4.0,1.0,4.0,64.0,1.0,1.0,1.0,1.0,1.0,6.0,1.0,1.0,3.0,6.0,4.0,2.0,5.0,2.0,5.0,3.0,6.0,1.0,6.0,5.0,4.0,6.0,1.0,4.0,1.0,128.0,16.0,1.0,1.0,1.0,1.0,1.0,1.0,1.0,5.0,4.0,5.0,1.0,5.0,3.0,6.0,6.0,6.0,1.0,1.0,6.0,2.0,1.0,2.0,4.0,5.0,3.0,2.0,16.0,1.0,8.0,3.0,1.0,1.0,1.0,1.0,1.0,1.0,1.0,1.0,3.0,3.0,3.0,1.0,3.0,6.0,2.0,3.0,6.0,5.0,2.0,1.0,4.0,3.0,1.0,4.0,2.0,256.0,1024.0,1.0,384.0,32.0,1.0,1.0,1.0,1.0,1.0,1.0,1.0,11188635408.0,33179875.959999993,683415000.0,4.107338928571429,840.0,514.0,90112.0,3.7123753499910394e+17,1.0,0.6979031507142857,78.57142857142857,4037.5714285714284
256.0,4096000.0,256.0,64.0,3.0,20.0,34.0,10.0,6.0,6.0,6.0,3.0,6.0,1.0,1.0,2.0,5.0,1.0,1.0,5.0,2.0,4.0,4.0,4.0,6.0,1.0,2.0,4.0,5.0,5.0,1.0,3.0,64.0,3.0,1.0,288.0,4.0,1.0,1.0,1.0,1.0,1.0,1.0,1.0,2.0,6.0,5.0,2.0,1.0,3.0,2.0,2.0,6.0,5.0,1.0,2.0,3.0,5.0,4.0,4.0,5.0,5.0,2.0,32.0,1.0,128.0,128.0,1.0,4.0,32.0,1.0,1.0,1.0,1.0,4.0,3.0,4.0,6.0,4.0,5.0,2.0,2.0,4.0,2.0,2.0,2.0,3.0,2.0,3.0,6.0,1.0,3.0,8.0,16.0,1.0,32.0,8.0,1.0,64.0,16.0,1.0,1.0,1.0,1.0,1.0,2.0,4.0,5.0,4.0,3.0,2.0,2.0,2.0,6.0,5.0,4.0,1.0,5.0,4.0,1.0,1.0,4.0,96.0,24.0,1.0,128.0,48.0,1.0,1.0,1.0,1.0,1.0,1.0,1.0,4.0,1.0,4.0,2.0,3.0,1.0,4.0,6.0,3.0,4.0,6.0,6.0,4.0,5.0,3.0,1.0,3.0,1.0,768.0,192.0,1.0,384.0,3072.0,1.0,1.0,1.0,1.0,1.0,1.0,1.0,4.0,4.0,6.0,4.0,2.0,2.0,5.0,2.0,1.0,5.0,2.0,6.0,2.0,5.0,3.0,6.0,3.0,1.0,512.0,1536.0,1.0,768.0,24.0,1.0,1.0,1.0,1.0,1.0,1.0,1.0,581397492.0,17736559.299999997,26181000000.0,52.48164285714287,6800.0,514.0,5701632.0,1.0311991093729274e+16,126.85714285714286,2.4330357142857144,78.57142857142857,472502.85714285716
4096.0,16000.0,256.0,64.0,2.0,30.0,34.0,10.0,1.0,3.0,2.0,4.0,3.0,2.0,5.0,6.0,1.0,4.0,2.0,6.0,6.0,1.0,6.0,2.0,4.0,5.0,2.0,6.0,6.0,1.0,6.0,4.0,256.0,128.0,1.0,72.0,32.0,1.0,1.0,1.0,1.0,1.0,1.0,1.0,3.0,1.0,3.0,4.0,5.0,5.0,1.0,1.0,2.0,2.0,2.0,2.0,3.0,4.0,3.0,6.0,4.0,2.0,16.0,32.0,1.0,4.0,16.0,1.0,1.0,64.0,1.0,1.0,1.0,1.0,1.0,6.0,2.0,4.0,5.0,5.0,5.0,3.0,6.0,4.0,5.0,3.0,6.0,2.0,3.0,6.0,1.0,3.0,16.0,4.0,1.0,2.0,2.0,1.0,16.0,4.0,1.0,1.0,1.0,1.0,6.0,4.0,2.0,6.0,1.0,2.0,2.0,2.0,3.0,3.0,1.0,3.0,5.0,6.0,6.0,4.0,4.0,3.0,16.0,192.0,1.0,16.0,32.0,1.0,1.0,1.0,1.0,1.0,1.0,1.0,5.0,3.0,5.0,3.0,4.0,1.0,4.0,4.0,1.0,5.0,1.0,5.0,2.0,4.0,5.0,2.0,6.0,5.0,24.0,128.0,1.0,16.0,128.0,1.0,1.0,1.0,1.0,1.0,1.0,1.0,2.0,6.0,4.0,3.0,5.0,4.0,5.0,4.0,4.0,6.0,4.0,2.0,1.0,2.0,6.0,1.0,5.0,4.0,512.0,12.0,1.0,24.0,8.0,1.0,1.0,1.0,1.0,1.0,1.0,1.0,1479681672.0,21021591.479999997,190431000.0,1.5953782142857142,340.0,514.0,49152.0,3.1105263629227348e+16,3.7142857142857144,1.8772367499999998,78.57142857142857,2748.5714285714284
32000.0,32000000.0,256.0,64.0,3.0,42.0,22.0,6.0,5.0,1.0,5.0,2.0,2.0,3.0,6.0,6.0,3.0,5.0,5.0,2.0,3.0,3.0,1.0,2.0,4.0,2.0,2.0,5.0,6.0,6.0,5.0,2.0,6.0,48.0,1.0,16.0,192.0,1.0,1.0,1.0,1.0,1.0,1.0,1.0,3.0,1.0,2.0,5.0,1.0,4.0,2.0,3.0,4.0,5.0,6.0,6.0,6.0,1.0,4.0,5.0,1.0,1.0,32.0,64.0,1.0,4.0,4.0,1.0,64.0,4.0,1.0,1.0,1.0,1.0,3.0,4.0,3.0,4.0,3.0,3.0,1.0,4.0,2.0,4.0,6.0,5.0,2.0,6.0,1.0,1.0,2.0,5.0,2.0,16.0,1.0,8.0,4.0,1.0,32.0,16.0,1.0,1.0,1.0,1.0,1.0,4.0,5.0,4.0,3.0,5.0,2.0,3.0,1.0,4.0,3.0,2.0,4.0,3.0,3.0,1.0,3.0,1.0,3.0,128.0,1.0,4.0,2.0,1.0,1.0,1.0,1.0,1.0,1.0,1.0,1.0,5.0,5.0,6.0,4.0,1.0,4.0,2.0,6.0,4.0,4.0,6.0,6.0,2.0,5.0,4.0,5.0,1.0,256.0,384.0,1.0,16.0,256.0,1.0,1.0,1.0,1.0,1.0,1.0,1.0,1.0,6.0,2.0,2.0,1.0,5.0,3.0,6.0,6.0,6.0,3.0,5.0,3.0,1.0,5.0,6.0,5.0,1.0,192.0,256.0,1.0,6.0,1.0,1.0,1.0,1.0,1.0,1.0,1.0,1.0,2454312192.0,17717734.120000005,17796400000.0,38.712892857142855,5544.0,514.0,824832.0,4.34848508653304e+16,15.0,0.6573660714285714,78.57142857142857,88009.14285714286
2048.0,128000.0,256.0,64.0,2.0,44.0,34.0,30.0,3.0,5.0,3.0,6.0,5.0,2.0,2.0,1.0,4.0,2.0,1.0,1.0,5.0,4.0,1.0,3.0,4.0,2.0,3.0,1.0,5.0,4.0,6.0,5.0,768.0,8.0,1.0,72.0,1152.0,1.0,1.0,1.0,1.0,1.0,1.0,1.0,1.0,3.0,1.0,6.0,3.0,6.0,4.0,3.0,6.0,3.0,5.0,6.0,6.0,2.0,5.0,6.0,4.0,4.0,1.0,64.0,1.0,8.0,64.0,1.0,64.0,2.0,1.0,1.0,1.0,1.0,4.0,1.0,3.0,6.0,2.0,4.0,4.0,1.0,1.0,2.0,3.0,6.0,2.0,4.0,4.0,4.0,4.0,6.0,8.0,2.0,1.0,16.0,4.0,1.0,32.0,16.0,1.0,1.0,1.0,1.0,4.0,4.0,3.0,2.0,3.0,2.0,1.0,5.0,1.0,1.0,3.0,2.0,1.0,3.0,4.0,4.0,3.0,3.0,128.0,96.0,1.0,12.0,32.0,1.0,1.0,1.0,1.0,1.0,1.0,1.0,1.0,4.0,6.0,2.0,1.0,2.0,1.0,1.0,2.0,6.0,1.0,6.0,6.0,2.0,3.0,3.0,1.0,4.0,2.0,4.0,1.0,768.0,768.0,1.0,1.0,1.0,1.0,1.0,1.0,1.0,2.0,4.0,2.0,5.0,1.0,4.0,3.0,5.0,3.0,3.0,1.0,6.0,5.0,2.0,3.0,3.0,4.0,5.0,1024.0,128.0,1.0,8.0,96.0,1.0,1.0,1.0,1.0,1.0,1.0,1.0,831742836.0,30798422.559999995,923275000.0,5.0856900000000005,1020.0,514.0,200192.0,2.5616367324380776e+16,7.769232142857143,3.8221711785714287,78.57142857142857,10420.0
256000.0,16000.0,256.0,64.0,3.0,4.0,10.0,24.0,3.0,2.0,1.0,2.0,1.0,1.0,3.0,6.0,6.0,5.0,2.0,2.0,5.0,6.0,2.0,6.0,3.0,3.0,1.0,3.0,2.0,6.0,3.0,5.0,12.0,4.0,1.0,24.0,8.0,1.0,1.0,1.0,1.0,1.0,1.0,1.0,5.0,1.0,3.0,6.0,5.0,4.0,3.0,2.0,1.0,4.0,3.0,6.0,2.0,6.0,4.0,1.0,1.0,1.0,32.0,64.0,1.0,32.0,8.0,1.0,32.0,2.0,1.0,1.0,1.0,1.0,4.0,6.0,6.0,1.0,6.0,4.0,1.0,6.0,6.0,3.0,3.0,6.0,4.0,4.0,4.0,3.0,1.0,6.0,4.0,16.0,1.0,32.0,64.0,1.0,1.0,16.0,1.0,1.0,1.0,1.0,1.0,1.0,5.0,2.0,1.0,4.0,3.0,3.0,3.0,4.0,5.0,6.0,1.0,2.0,1.0,5.0,4.0,2.0,1.0,48.0,1.0,48.0,256.0,1.0,1.0,1.0,1.0,1.0,1.0,1.0,2.0,3.0,6.0,5.0,2.0,2.0,3.0,6.0,2.0,1.0,4.0,4.0,6.0,3.0,4.0,1.0,2.0,6.0,3.0,6.0,1.0,8.0,2.0,1.0,1.0,1.0,1.0,1.0,1.0,1.0,6.0,4.0,2.0,3.0,4.0,1.0,5.0,4.0,6.0,3.0,2.0,4.0,6.0,3.0,5.0,3.0,2.0,4.0,96.0,384.0,1.0,32.0,384.0,1.0,1.0,1.0,1.0,1.0,1.0,1.0,704069592.0,21194418.84,839810000.0,4.996887857142857,960.0,514.0,1671168.0,1.4922345825355914e+16,7.857142857142857,0.17479578571428572,78.57142857142857,77993.14285714286
128.0,512000.0,256.0,64.0,1.0,22.0,22.0,10.0,6.0,6.0,4.0,5.0,3.0,6.0,3.0,6.0,4.0,1.0,5.0,4.0,1.0,5.0,2.0,1.0,4.0,2.0,3.0,2.0,3.0,6.0,3.0,2.0,8.0,48.0,1.0,18.0,24.0,1.0,1.0,1.0,1.0,1.0,1.0,1.0,2.0,3.0,3.0,4.0,3.0,4.0,2.0,2.0,5.0,1.0,6.0,2.0,6.0,1.0,2.0,4.0,3.0,3.0,32.0,8.0,1.0,128.0,1.0,1.0,16.0,64.0,1.0,1.0,1.0,1.0,5.0,4.0,1.0,2.0,3.0,2.0,2.0,1.0,6.0,1.0,5.0,2.0,4.0,4.0,2.0,1.0,4.0,6.0,32.0,32.0,1.0,4.0,64.0,1.0,32.0,4.0,1.0,1.0,1.0,1.0,5.0,4.0,1.0,4.0,3.0,4.0,2.0,4.0,6.0,1.0,1.0,6.0,1.0,2.0,2.0,6.0,3.0,1.0,48.0,1.0,1.0,64.0,64.0,1.0,1.0,1.0,1.0,1.0,1.0,1.0,6.0,3.0,4.0,3.0,6.0,2.0,3.0,5.0,1.0,6.0,3.0,3.0,6.0,4.0,6.0,1.0,3.0,5.0,3.0,1.0,1.0,8.0,48.0,1.0,1.0,1.0,1.0,1.0,1.0,1.0,1.0,5.0,4.0,4.0,1.0,6.0,3.0,2.0,5.0,3.0,1.0,2.0,6.0,1.0,2.0,1.0,4.0,2.0,3.0,768.0,1.0,2.0,12.0,1.0,1.0,1.0,1.0,1.0,1.0,1.0,1121845824.0,28507667.519999996,4641100.0,0.05274115714285716,10.0,514.0,2836.0,3.198120775929243e+16,9.563008571428572,8.601506071428572,78.57142857142857,441.14285714285717
512.0,32000000.0,256.0,64.0,2.0,24.0,20.0,22.0,3.0,4.0,3.0,6.0,1.0,1.0,2.0,2.0,5.0,3.0,1.0,4.0,2.0,5.0,4.0,5.0,3.0,6.0,5.0,2.0,1.0,6.0,1.0,1.0,12.0,1.0,1.0,64.0,24.0,1.0,1.0,1.0,1.0,1.0,1.0,1.0,3.0,2.0,3.0,4.0,1.0,5.0,2.0,5.0,4.0,6.0,5.0,3.0,6.0,6.0,3.0,2.0,2.0,2.0,8.0,64.0,1.0,4.0,4.0,1.0,2.0,2.0,1.0,1.0,1.0,1.0,2.0,5.0,4.0,3.0,1.0,6.0,1.0,5.0,1.0,3.0,1.0,1.0,4.0,1.0,5.0,6.0,5.0,2.0,128.0,1.0,1.0,4.0,4.0,1.0,4.0,1.0,1.0,1.0,1.0,1.0,5.0,3.0,1.0,4.0,6.0,1.0,1.0,2.0,4.0,1.0,5.0,6.0,4.0,5.0,1.0,4.0,2.0,5.0,96.0,192.0,1.0,4.0,384.0,1.0,1.0,1.0,1.0,1.0,1.0,1.0,5.0,2.0,1.0,5.0,6.0,3.0,5.0,3.0,5.0,2.0,4.0,2.0,6.0,1.0,4.0,2.0,6.0,3.0,64.0,1.0,1.0,64.0,1536.0,1.0,1.0,1.0,1.0,1.0,1.0,1.0,6.0,2.0,3.0,5.0,5.0,1.0,1.0,2.0,3.0,4.0,3.0,3.0,1.0,5.0,4.0,5.0,5.0,5.0,48.0,1024.0,1.0,256.0,8.0,1.0,1.0,1.0,1.0,1.0,1.0,1.0,1192864968.0,50055851.11999999,268641000.0,2.078032142857143,440.0,514.0,26368.0,5.970987124447155e+16,5.047617857142858,3.2270743214285718,78.57142857142857,2366.0
32000.0,16000000.0,256.0,64.0,1.0,22.0,16.0,28.0,6.0,5.0,6.0,2.0,3.0,2.0,1.0,6.0,5.0,4.0,3.0,5.0,1.0,3.0,4.0,5.0,5.0,3.0,6.0,5.0,4.0,6.0,4.0,1.0,1.0,12.0,1.0,1152.0,6.0,1.0,1.0,1.0,1.0,1.0,1.0,1.0,1.0,3.0,2.0,1.0,6.0,1.0,4.0,1.0,6.0,6.0,6.0,3.0,1.0,2.0,6.0,2.0,6.0,1.0,32.0,32.0,1.0,4.0,2.0,1.0,128.0,128.0,1.0,1.0,1.0,1.0,3.0,4.0,3.0,3.0,6.0,6.0,4.0,4.0,5.0,5.0,5.0,2.0,1.0,5.0,2.0,4.0,5.0,4.0,1.0,32.0,1.0,128.0,4.0,1.0,16.0,4.0,1.0,1.0,1.0,1.0,5.0,3.0,4.0,5.0,1.0,4.0,6.0,6.0,6.0,1.0,1.0,5.0,3.0,3.0,6.0,2.0,5.0,1.0,16.0,384.0,1.0,12.0,8.0,1.0,1.0,1.0,1.0,1.0,1.0,1.0,3.0,1.0,1.0,1.0,5.0,3.0,1.0,2.0,3.0,5.0,4.0,6.0,3.0,4.0,5.0,6.0,1.0,3.0,96.0,32.0,1.0,24.0,3.0,1.0,1.0,1.0,1.0,1.0,1.0,1.0,2.0,6.0,1.0,4.0,4.0,5.0,6.0,3.0,1.0,4.0,1.0,1.0,5.0,5.0,1.0,1.0,2.0,5.0,24.0,2.0,1.0,8.0,4.0,1.0,1.0,1.0,1.0,1.0,1.0,1.0,406979568.0,38516823.36,11913400.0,0.13622185714285712,28.0,514.0,7480.0,1.5675560131785108e+16,24.050453571428577,34.89170428571429,78.57142857142857,1166.2857142857142
2048000.0,16000000.0,256.0,64.0,1.0,16.0,30.0,48.0,1.0,2.0,6.0,2.0,4.0,2.0,4.0,6.0,6.0,5.0,6.0,5.0,1.0,5.0,4.0,3.0,3.0,5.0,3.0,5.0,1.0,4.0,6.0,3.0,96.0,24.0,1.0,48.0,64.0,1.0,1.0,1.0,1.0,1.0,1.0,1.0,5.0,2.0,4.0,3.0,5.0,5.0,5.0,1.0,6.0,4.0,1.0,5.0,1.0,6.0,4.0,4.0,4.0,4.0,16.0,1.0,1.0,8.0,32.0,1.0,64.0,4.0,1.0,1.0,1.0,1.0,6.0,4.0,2.0,4.0,6.0,6.0,2.0,2.0,2.0,1.0,3.0,5.0,5.0,3.0,2.0,4.0,5.0,3.0,1.0,2.0,1.0,4.0,16.0,1.0,64.0,8.0,1.0,1.0,1.0,1.0,2.0,1.0,5.0,6.0,6.0,3.0,3.0,4.0,2.0,4.0,4.0,5.0,6.0,3.0,1.0,1.0,1.0,4.0,768.0,96.0,1.0,384.0,96.0,1.0,1.0,1.0,1.0,1.0,1.0,1.0,2.0,2.0,6.0,6.0,5.0,1.0,1.0,5.0,3.0,1.0,1.0,1.0,2.0,5.0,6.0,6.0,2.0,3.0,192.0,4.0,1.0,12.0,6.0,1.0,1.0,1.0,1.0,1.0,1.0,1.0,5.0,3.0,3.0,5.0,3.0,5.0,3.0,4.0,2.0,3.0,6.0,3.0,5.0,1.0,5.0,1.0,6.0,3.0,48.0,24.0,1.0,48.0,3.0,1.0,1.0,1.0,1.0,1.0,1.0,1.0,10879893840.0,96409294.07999998,20379700.0,0.22365257142857145,48.0,514.0,514.0,1.0489228847797403e+18,32.142871428571425,32.56698642857142,78.57142857142857,239.71428571428572
16000.0,256000.0,256.0,64.0,3.0,24.0,16.0,20.0,2.0,2.0,2.0,4.0,4.0,5.0,6.0,4.0,1.0,4.0,4.0,5.0,6.0,1.0,1.0,4.0,5.0,4.0,3.0,2.0,1.0,3.0,6.0,2.0,3.0,48.0,1.0,1152.0,96.0,1.0,1.0,1.0,1.0,1.0,1.0,1.0,5.0,4.0,5.0,2.0,6.0,1.0,1.0,4.0,2.0,1.0,4.0,5.0,1.0,1.0,5.0,4.0,4.0,3.0,8.0,8.0,1.0,32.0,128.0,1.0,128.0,32.0,1.0,1.0,1.0,1.0,3.0,2.0,1.0,2.0,3.0,1.0,1.0,1.0,5.0,5.0,2.0,2.0,1.0,3.0,3.0,3.0,2.0,6.0,32.0,128.0,1.0,128.0,8.0,1.0,32.0,4.0,1.0,1.0,1.0,1.0,5.0,4.0,4.0,4.0,4.0,4.0,2.0,4.0,5.0,3.0,5.0,4.0,1.0,6.0,4.0,2.0,5.0,1.0,1.0,64.0,1.0,384.0,1.0,1.0,1.0,1.0,1.0,1.0,1.0,1.0,5.0,2.0,4.0,4.0,1.0,3.0,5.0,2.0,1.0,3.0,4.0,6.0,5.0,5.0,1.0,5.0,5.0,6.0,6.0,16.0,1.0,3072.0,128.0,1.0,1.0,1.0,1.0,1.0,1.0,1.0,6.0,6.0,4.0,2.0,6.0,4.0,4.0,5.0,3.0,1.0,6.0,3.0,3.0,5.0,4.0,1.0,3.0,3.0,3072.0,192.0,1.0,1.0,256.0,1.0,1.0,1.0,1.0,1.0,1.0,1.0,11181218340.0,19051990.66,33012700000.0,60.99961785714286,7680.0,514.0,2424832.0,2.130244673811007e+17,1.0,0.0014880964285714285,78.57142857142857,175981.7142857143
128.0,64000.0,256.0,64.0,2.0,6.0,42.0,20.0,1.0,3.0,1.0,6.0,3.0,1.0,1.0,6.0,2.0,2.0,3.0,3.0,6.0,2.0,4.0,3.0,2.0,4.0,3.0,1.0,5.0,2.0,6.0,4.0,192.0,128.0,1.0,16.0,36.0,1.0,1.0,1.0,1.0,1.0,1.0,1.0,6.0,2.0,5.0,6.0,5.0,4.0,1.0,4.0,2.0,6.0,2.0,2.0,1.0,3.0,3.0,3.0,1.0,4.0,64.0,8.0,1.0,1.0,16.0,1.0,1.0,8.0,1.0,1.0,1.0,1.0,4.0,4.0,5.0,3.0,1.0,1.0,6.0,2.0,2.0,6.0,6.0,3.0,5.0,1.0,2.0,4.0,5.0,6.0,4.0,16.0,1.0,2.0,4.0,1.0,1.0,8.0,1.0,1.0,1.0,1.0,5.0,3.0,4.0,1.0,6.0,3.0,6.0,2.0,6.0,4.0,4.0,5.0,6.0,4.0,4.0,1.0,2.0,2.0,3.0,6.0,1.0,96.0,24.0,1.0,1.0,1.0,1.0,1.0,1.0,1.0,2.0,4.0,2.0,4.0,2.0,4.0,2.0,1.0,2.0,1.0,3.0,6.0,2.0,4.0,5.0,3.0,6.0,6.0,16.0,96.0,1.0,96.0,96.0,1.0,1.0,1.0,1.0,1.0,1.0,1.0,1.0,2.0,3.0,6.0,1.0,4.0,4.0,5.0,3.0,5.0,4.0,1.0,2.0,2.0,2.0,1.0,3.0,2.0,64.0,1536.0,1.0,16.0,6.0,1.0,1.0,1.0,1.0,1.0,1.0,1.0,1302533976.0,24897417.799999997,683410000.0,4.105627142857141,840.0,514.0,40960.0,3.242973259916717e+16,3.185714285714286,1.2893452142857145,78.57142857142857,3542.5714285714284
128.0,64000.0,256.0,64.0,3.0,14.0,2.0,44.0,1.0,6.0,5.0,1.0,2.0,6.0,5.0,6.0,4.0,1.0,4.0,1.0,2.0,5.0,5.0,3.0,4.0,4.0,6.0,1.0,1.0,3.0,3.0,1.0,24.0,128.0,1.0,64.0,6.0,1.0,1.0,1.0,1.0,1.0,1.0,1.0,6.0,6.0,3.0,2.0,1.0,6.0,2.0,2.0,2.0,4.0,1.0,1.0,6.0,2.0,5.0,1.0,4.0,6.0,16.0,32.0,1.0,32.0,4.0,1.0,2.0,16.0,1.0,1.0,1.0,1.0,1.0,1.0,3.0,4.0,2.0,1.0,3.0,1.0,5.0,2.0,6.0,3.0,6.0,6.0,1.0,3.0,2.0,6.0,32.0,4.0,1.0,4.0,2.0,1.0,16.0,8.0,1.0,1.0,1.0,1.0,2.0,4.0,1.0,1.0,5.0,5.0,2.0,3.0,5.0,5.0,3.0,1.0,2.0,3.0,1.0,3.0,2.0,2.0,1.0,16.0,1.0,1.0,6.0,1.0,1.0,1.0,1.0,1.0,1.0,1.0,2.0,3.0,6.0,6.0,3.0,3.0,6.0,1.0,1.0,1.0,3.0,4.0,5.0,6.0,6.0,3.0,1.0,3.0,768.0,16.0,1.0,16.0,512.0,1.0,1.0,1.0,1.0,1.0,1.0,1.0,3.0,2.0,1.0,6.0,5.0,3.0,2.0,6.0,3.0,1.0,2.0,5.0,1.0,6.0,3.0,2.0,4.0,5.0,192.0,3072.0,1.0,48.0,24.0,1.0,1.0,1.0,1.0,1.0,1.0,1.0,1376243484.0,18165603.04,1248670000.0,7.6173689285714286,1232.0,514.0,5570560.0,2.500029281673059e+16,41.3857,2.1622038214285713,78.57142857142857,407209.14285714284
128.0,256000.0,256.0,64.0,3.0,48.0,24.0,46.0,1.0,5.0,3.0,2.0,1.0,5.0,6.0,6.0,3.0,4.0,4.0,4.0,4.0,1.0,6.0,5.0,2.0,5.0,3.0,5.0,3.0,4.0,2.0,2.0,1.0,2.0,1.0,576.0,24.0,1.0,1.0,1.0,1.0,1.0,1.0,1.0,5.0,4.0,2.0,1.0,1.0,1.0,2.0,1.0,1.0,2.0,1.0,3.0,2.0,5.0,1.0,4.0,5.0,5.0,64.0,32.0,1.0,16.0,64.0,1.0,16.0,1.0,1.0,1.0,1.0,1.0,4.0,2.0,4.0,1.0,5.0,3.0,6.0,6.0,6.0,2.0,3.0,1.0,3.0,1.0,1.0,5.0,5.0,4.0,1.0,64.0,1.0,1.0,64.0,1.0,64.0,8.0,1.0,1.0,1.0,1.0,5.0,3.0,2.0,5.0,4.0,6.0,3.0,2.0,3.0,6.0,4.0,4.0,4.0,1.0,2.0,2.0,3.0,6.0,96.0,192.0,1.0,192.0,24.0,1.0,1.0,1.0,1.0,1.0,1.0,1.0,6.0,4.0,1.0,1.0,5.0,3.0,3.0,2.0,4.0,6.0,1.0,2.0,3.0,6.0,5.0,4.0,4.0,5.0,12.0,48.0,1.0,384.0,384.0,1.0,1.0,1.0,1.0,1.0,1.0,1.0,3.0,3.0,4.0,1.0,2.0,4.0,6.0,1.0,1.0,3.0,6.0,6.0,1.0,2.0,1.0,3.0,6.0,4.0,32.0,768.0,1.0,6.0,8.0,1.0,1.0,1.0,1.0,1.0,1.0,1.0,1529261940.0,22330315.0,1451440000000.0,1469.1125,52992.0,514.0,995328.0,3.41489008377111e+16,10.0,0.06687142857142858,78.57142857142857,123666.28571428571
2048.0,4096000.0,256.0,64.0,3.0,48.0,6.0,16.0,2.0,1.0,3.0,3.0,4.0,4.0,4.0,5.0,1.0,4.0,1.0,2.0,2.0,5.0,5.0,4.0,1.0,5.0,5.0,4.0,2.0,2.0,6.0,1.0,256.0,192.0,1.0,384.0,8.0,1.0,1.0,1.0,1.0,1.0,1.0,1.0,2.0,3.0,1.0,6.0,5.0,3.0,5.0,3.0,4.0,4.0,3.0,2.0,2.0,2.0,1.0,6.0,6.0,6.0,32.0,16.0,1.0,1.0,8.0,1.0,8.0,64.0,1.0,1.0,1.0,1.0,4.0,3.0,1.0,1.0,6.0,2.0,2.0,2.0,5.0,6.0,3.0,3.0,3.0,2.0,5.0,6.0,2.0,2.0,1.0,8.0,1.0,4.0,16.0,1.0,32.0,4.0,1.0,1.0,1.0,1.0,5.0,5.0,4.0,4.0,3.0,1.0,4.0,2.0,5.0,3.0,4.0,2.0,3.0,6.0,1.0,2.0,5.0,1.0,3.0,768.0,1.0,64.0,48.0,1.0,1.0,1.0,1.0,1.0,1.0,1.0,3.0,5.0,3.0,6.0,1.0,6.0,1.0,6.0,4.0,1.0,2.0,6.0,3.0,4.0,2.0,5.0,2.0,5.0,64.0,256.0,1.0,512.0,192.0,1.0,1.0,1.0,1.0,1.0,1.0,1.0,4.0,4.0,5.0,6.0,5.0,6.0,3.0,4.0,6.0,6.0,3.0,3.0,1.0,2.0,2.0,4.0,5.0,4.0,1.0,2.0,1.0,32.0,4.0,1.0,1.0,1.0,1.0,1.0,1.0,1.0,10946601384.0,25774327.640000004,12594000000.0,30.18726071428572,4608.0,514.0,458752.0,2.821412906156935e+17,5.285714285714286,0.49996028571428575,78.57142857142857,43872.0
128000.0,64000.0,256.0,64.0,2.0,30.0,24.0,30.0,2.0,5.0,4.0,2.0,6.0,6.0,5.0,3.0,2.0,4.0,6.0,5.0,2.0,5.0,2.0,4.0,2.0,3.0,2.0,3.0,4.0,5.0,2.0,6.0,1.0,64.0,1.0,192.0,24.0,1.0,1.0,1.0,1.0,1.0,1.0,1.0,2.0,4.0,1.0,3.0,3.0,6.0,1.0,6.0,6.0,1.0,3.0,4.0,6.0,1.0,1.0,3.0,1.0,4.0,1.0,8.0,1.0,32.0,32.0,1.0,4.0,8.0,1.0,1.0,1.0,1.0,3.0,6.0,2.0,5.0,1.0,3.0,4.0,1.0,6.0,6.0,5.0,5.0,1.0,4.0,6.0,2.0,3.0,6.0,1.0,1.0,1.0,8.0,8.0,1.0,4.0,64.0,1.0,1.0,1.0,1.0,5.0,6.0,5.0,1.0,3.0,4.0,4.0,4.0,5.0,4.0,5.0,4.0,5.0,2.0,2.0,4.0,6.0,4.0,4.0,128.0,1.0,24.0,4.0,1.0,1.0,1.0,1.0,1.0,1.0,1.0,2.0,6.0,6.0,2.0,3.0,5.0,3.0,4.0,4.0,1.0,3.0,6.0,2.0,2.0,6.0,3.0,5.0,2.0,128.0,384.0,1.0,96.0,1536.0,1.0,1.0,1.0,1.0,1.0,1.0,1.0,2.0,2.0,5.0,5.0,6.0,3.0,1.0,2.0,6.0,6.0,6.0,6.0,4.0,6.0,6.0,6.0,3.0,2.0,128.0,384.0,1.0,6.0,3.0,1.0,1.0,1.0,1.0,1.0,1.0,1.0,11180929704.0,38184802.480000004,541861000.0,3.4876117857142854,720.0,514.0,81920.0,4.269415922900049e+17,1.0,0.8971753464285716,78.57142857142857,4633.714285714285
512000.0,1024000.0,256.0,64.0,2.0,14.0,18.0,30.0,3.0,2.0,5.0,4.0,6.0,3.0,5.0,5.0,2.0,3.0,6.0,1.0,1.0,3.0,6.0,6.0,1.0,2.0,5.0,1.0,2.0,1.0,6.0,1.0,12.0,16.0,1.0,6.0,4.0,1.0,1.0,1.0,1.0,1.0,1.0,1.0,5.0,6.0,4.0,6.0,1.0,3.0,4.0,5.0,1.0,5.0,5.0,2.0,6.0,3.0,5.0,4.0,4.0,6.0,4.0,2.0,1.0,64.0,2.0,1.0,128.0,16.0,1.0,1.0,1.0,1.0,1.0,3.0,1.0,5.0,3.0,3.0,5.0,3.0,4.0,2.0,1.0,3.0,2.0,4.0,2.0,3.0,4.0,5.0,4.0,4.0,1.0,16.0,1.0,1.0,64.0,64.0,1.0,1.0,1.0,1.0,1.0,1.0,6.0,4.0,2.0,4.0,5.0,3.0,2.0,4.0,3.0,6.0,2.0,5.0,3.0,4.0,1.0,4.0,24.0,128.0,1.0,12.0,3.0,1.0,1.0,1.0,1.0,1.0,1.0,1.0,2.0,5.0,1.0,6.0,3.0,5.0,5.0,6.0,3.0,1.0,2.0,2.0,4.0,5.0,2.0,3.0,5.0,5.0,768.0,64.0,1.0,24.0,6.0,1.0,1.0,1.0,1.0,1.0,1.0,1.0,3.0,4.0,3.0,1.0,2.0,4.0,3.0,2.0,5.0,2.0,4.0,5.0,5.0,1.0,2.0,1.0,3.0,1.0,12.0,32.0,1.0,4.0,32.0,1.0,1.0,1.0,1.0,1.0,1.0,1.0,10892305548.0,26879499.88,357044000.0,2.5679775000000005,540.0,514.0,18688.0,2.927797256703893e+17,16.14284285714286,4.964008153571429,78.57142857142857,1554.857142857143
2048.0,16000000.0,256.0,64.0,3.0,24.0,46.0,44.0,6.0,6.0,6.0,3.0,6.0,1.0,1.0,5.0,6.0,2.0,1.0,4.0,2.0,6.0,3.0,4.0,1.0,6.0,4.0,1.0,6.0,5.0,6.0,6.0,192.0,384.0,1.0,96.0,48.0,1.0,1.0,1.0,1.0,1.0,1.0,1.0,2.0,4.0,3.0,2.0,6.0,2.0,5.0,5.0,6.0,1.0,3.0,6.0,3.0,2.0,5.0,6.0,1.0,4.0,32.0,64.0,1.0,4.0,64.0,1.0,2.0,32.0,1.0,1.0,1.0,1.0,2.0,4.0,4.0,1.0,1.0,1.0,5.0,6.0,5.0,2.0,5.0,3.0,1.0,4.0,6.0,6.0,6.0,2.0,128.0,1.0,1.0,32.0,1.0,1.0,16.0,32.0,1.0,1.0,1.0,1.0,2.0,1.0,4.0,4.0,5.0,5.0,4.0,3.0,5.0,1.0,1.0,2.0,5.0,2.0,3.0,4.0,3.0,4.0,1.0,4.0,1.0,2.0,4.0,1.0,1.0,1.0,1.0,1.0,1.0,1.0,3.0,2.0,2.0,3.0,4.0,6.0,5.0,3.0,1.0,3.0,2.0,6.0,6.0,2.0,4.0,3.0,4.0,1.0,24.0,384.0,1.0,384.0,6.0,1.0,1.0,1.0,1.0,1.0,1.0,1.0,3.0,4.0,4.0,6.0,2.0,1.0,1.0,3.0,1.0,5.0,6.0,5.0,3.0,3.0,5.0,4.0,2.0,5.0,2.0,192.0,1.0,64.0,16.0,1.0,1.0,1.0,1.0,1.0,1.0,1.0,817179384.0,17742014.64,1221170000000.0,1252.6689285714288,48576.0,514.0,1196032.0,1.4498408594434182e+16,239.57142857142858,3.8547712142857145,78.57142857142857,103341.71428571429
1024000.0,32000000.0,256.0,64.0,1.0,34.0,8.0,38.0,5.0,3.0,6.0,1.0,1.0,1.0,3.0,1.0,4.0,4.0,1.0,6.0,6.0,5.0,2.0,6.0,3.0,6.0,5.0,2.0,3.0,1.0,5.0,5.0,32.0,96.0,1.0,2304.0,36.0,1.0,1.0,1.0,1.0,1.0,1.0,1.0,5.0,6.0,1.0,3.0,4.0,2.0,4.0,6.0,6.0,3.0,4.0,6.0,6.0,4.0,5.0,6.0,3.0,4.0,64.0,2.0,1.0,2.0,128.0,1.0,1.0,32.0,1.0,1.0,1.0,1.0,3.0,5.0,6.0,3.0,4.0,5.0,1.0,6.0,3.0,4.0,4.0,4.0,6.0,5.0,1.0,6.0,2.0,2.0,64.0,8.0,1.0,16.0,128.0,1.0,8.0,8.0,1.0,1.0,1.0,1.0,6.0,1.0,1.0,3.0,5.0,5.0,3.0,6.0,6.0,3.0,4.0,3.0,1.0,5.0,5.0,5.0,2.0,1.0,4.0,6.0,1.0,384.0,256.0,1.0,1.0,1.0,1.0,1.0,1.0,1.0,5.0,4.0,1.0,4.0,6.0,6.0,3.0,4.0,3.0,4.0,5.0,2.0,4.0,5.0,6.0,6.0,4.0,2.0,12.0,24.0,1.0,4.0,4.0,1.0,1.0,1.0,1.0,1.0,1.0,1.0,5.0,5.0,3.0,1.0,4.0,1.0,3.0,1.0,6.0,5.0,2.0,5.0,4.0,6.0,4.0,1.0,6.0,1.0,512.0,768.0,1.0,384.0,24.0,1.0,1.0,1.0,1.0,1.0,1.0,1.0,10881073488.0,104268247.67999999,16095200.0,0.1781765714285715,38.0,514.0,514.0,1.1345504654710655e+18,27.571428571428573,27.574793214285716,78.57142857142857,205.42857142857142
1024.0,16000000.0,256.0,64.0,1.0,30.0,18.0,26.0,2.0,6.0,2.0,5.0,4.0,2.0,4.0,1.0,4.0,3.0,1.0,1.0,2.0,3.0,4.0,4.0,4.0,3.0,1.0,5.0,1.0,5.0,2.0,1.0,2.0,8.0,1.0,32.0,16.0,1.0,1.0,1.0,1.0,1.0,1.0,1.0,2.0,3.0,5.0,4.0,5.0,1.0,1.0,5.0,6.0,4.0,2.0,4.0,5.0,6.0,1.0,4.0,6.0,4.0,1.0,8.0,1.0,128.0,64.0,1.0,1.0,4.0,1.0,1.0,1.0,1.0,1.0,1.0,3.0,3.0,2.0,4.0,3.0,4.0,6.0,5.0,1.0,5.0,5.0,3.0,5.0,4.0,5.0,5.0,4.0,8.0,1.0,32.0,4.0,1.0,8.0,64.0,1.0,1.0,1.0,1.0,3.0,6.0,4.0,3.0,4.0,3.0,5.0,6.0,1.0,6.0,2.0,1.0,3.0,6.0,5.0,3.0,2.0,6.0,12.0,6.0,1.0,96.0,24.0,1.0,1.0,1.0,1.0,1.0,1.0,1.0,4.0,5.0,4.0,6.0,2.0,5.0,2.0,4.0,3.0,2.0,1.0,4.0,2.0,2.0,3.0,2.0,6.0,2.0,96.0,12.0,1.0,768.0,3072.0,1.0,1.0,1.0,1.0,1.0,1.0,1.0,3.0,3.0,2.0,3.0,4.0,1.0,1.0,2.0,3.0,6.0,4.0,3.0,2.0,2.0,1.0,1.0,3.0,1.0,96.0,8.0,1.0,24.0,256.0,1.0,1.0,1.0,1.0,1.0,1.0,1.0,434110800.0,67200987.35999998,11089000.0,0.1269035714285714,26.0,514.0,6964.0,2.917267438363948e+16,25.617953571428572,25.622582142857148,78.57142857142857,1085.7142857142858
16000.0,8192000.0,256.0,64.0,2.0,48.0,14.0,16.0,4.0,1.0,4.0,2.0,4.0,2.0,6.0,6.0,6.0,2.0,4.0,4.0,4.0,4.0,1.0,5.0,4.0,5.0,4.0,5.0,5.0,1.0,6.0,3.0,2.0,384.0,1.0,16.0,8.0,1.0,1.0,1.0,1.0,1.0,1.0,1.0,5.0,3.0,3.0,6.0,6.0,5.0,2.0,1.0,5.0,5.0,3.0,1.0,6.0,2.0,6.0,4.0,6.0,1.0,16.0,8.0,1.0,16.0,32.0,1.0,1.0,64.0,1.0,1.0,1.0,1.0,2.0,1.0,2.0,4.0,1.0,5.0,2.0,3.0,1.0,4.0,4.0,3.0,2.0,4.0,5.0,1.0,2.0,6.0,8.0,1.0,1.0,4.0,128.0,1.0,16.0,4.0,1.0,1.0,1.0,1.0,1.0,2.0,6.0,3.0,1.0,2.0,3.0,1.0,2.0,6.0,1.0,6.0,2.0,5.0,4.0,4.0,2.0,2.0,256.0,256.0,1.0,192.0,48.0,1.0,1.0,1.0,1.0,1.0,1.0,1.0,2.0,4.0,6.0,1.0,6.0,5.0,6.0,1.0,2.0,3.0,6.0,5.0,5.0,5.0,1.0,4.0,2.0,3.0,4.0,256.0,1.0,1536.0,128.0,1.0,1.0,1.0,1.0,1.0,1.0,1.0,5.0,3.0,4.0,4.0,6.0,3.0,5.0,5.0,3.0,3.0,4.0,4.0,2.0,4.0,5.0,2.0,1.0,4.0,6.0,24.0,1.0,64.0,64.0,1.0,1.0,1.0,1.0,1.0,1.0,1.0,1049117112.0,19428609.28,112499000.0,1.0886760714285713,224.0,514.0,282624.0,2.038288645801e+16,26.952371428571425,7.733164499999999,78.57142857142857,15426.285714285714
512.0,128000.0,256.0,64.0,1.0,18.0,30.0,42.0,6.0,6.0,3.0,1.0,1.0,2.0,2.0,5.0,4.0,1.0,4.0,2.0,6.0,2.0,5.0,6.0,4.0,3.0,4.0,4.0,2.0,1.0,5.0,2.0,8.0,384.0,1.0,9.0,2.0,1.0,1.0,1.0,1.0,1.0,1.0,1.0,3.0,1.0,4.0,2.0,5.0,5.0,5.0,3.0,4.0,1.0,1.0,2.0,6.0,2.0,6.0,4.0,5.0,2.0,64.0,4.0,1.0,1.0,8.0,1.0,2.0,1.0,1.0,1.0,1.0,1.0,5.0,5.0,3.0,4.0,1.0,1.0,2.0,1.0,1.0,6.0,6.0,2.0,5.0,1.0,4.0,4.0,2.0,1.0,32.0,32.0,1.0,1.0,8.0,1.0,32.0,16.0,1.0,1.0,1.0,1.0,6.0,4.0,3.0,2.0,3.0,3.0,5.0,6.0,2.0,4.0,2.0,3.0,4.0,3.0,6.0,4.0,2.0,4.0,384.0,32.0,1.0,6.0,192.0,1.0,1.0,1.0,1.0,1.0,1.0,1.0,3.0,2.0,6.0,4.0,1.0,5.0,4.0,2.0,5.0,3.0,5.0,2.0,3.0,5.0,1.0,3.0,6.0,3.0,96.0,3.0,1.0,3072.0,2.0,1.0,1.0,1.0,1.0,1.0,1.0,1.0,4.0,2.0,4.0,1.0,3.0,4.0,3.0,2.0,5.0,6.0,1.0,5.0,4.0,5.0,3.0,1.0,6.0,5.0,384.0,3072.0,1.0,3.0,128.0,1.0,1.0,1.0,1.0,1.0,1.0,1.0,276038976.0,53360045.28,17797900.0,0.20156957142857143,42.0,514.0,11092.0,1.4729452258404834e+16,33.24202857142858,30.35649964285714,78.57142857142857,1730.2857142857142
64000.0,2048000.0,256.0,64.0,3.0,26.0,24.0,16.0,4.0,6.0,6.0,2.0,2.0,6.0,2.0,2.0,5.0,2.0,1.0,2.0,4.0,6.0,4.0,4.0,2.0,1.0,4.0,5.0,3.0,5.0,3.0,6.0,12.0,4.0,1.0,9.0,2304.0,1.0,1.0,1.0,1.0,1.0,1.0,1.0,1.0,2.0,1.0,1.0,1.0,5.0,6.0,6.0,3.0,4.0,2.0,5.0,6.0,5.0,2.0,5.0,3.0,3.0,8.0,8.0,1.0,4.0,64.0,1.0,64.0,16.0,1.0,1.0,1.0,1.0,3.0,5.0,1.0,1.0,1.0,2.0,1.0,1.0,2.0,5.0,6.0,5.0,6.0,1.0,3.0,4.0,2.0,6.0,8.0,8.0,1.0,4.0,128.0,1.0,4.0,8.0,1.0,1.0,1.0,1.0,1.0,4.0,3.0,4.0,6.0,1.0,5.0,6.0,6.0,1.0,5.0,1.0,4.0,4.0,5.0,4.0,5.0,2.0,32.0,256.0,1.0,96.0,96.0,1.0,1.0,1.0,1.0,1.0,1.0,1.0,1.0,1.0,5.0,1.0,5.0,4.0,6.0,1.0,2.0,5.0,1.0,4.0,6.0,2.0,2.0,5.0,6.0,6.0,256.0,48.0,1.0,16.0,6.0,1.0,1.0,1.0,1.0,1.0,1.0,1.0,5.0,6.0,4.0,1.0,5.0,4.0,5.0,6.0,3.0,6.0,3.0,1.0,2.0,6.0,3.0,2.0,5.0,4.0,3.0,3.0,1.0,192.0,48.0,1.0,1.0,1.0,1.0,1.0,1.0,1.0,3983856156.0,22731000.96,54638600000.0,88.83346428571429,9984.0,514.0,648192.0,9.055703810653792e+16,5.607142857142857,0.30405971428571427,78.57142857142857,71524.57142857143
128.0,32000.0,256.0,64.0,2.0,2.0,38.0,18.0,6.0,5.0,2.0,6.0,3.0,5.0,1.0,2.0,6.0,4.0,6.0,6.0,2.0,4.0,3.0,5.0,4.0,2.0,1.0,3.0,2.0,3.0,6.0,4.0,16.0,128.0,1.0,64.0,3.0,1.0,1.0,1.0,1.0,1.0,1.0,1.0,1.0,4.0,1.0,2.0,3.0,2.0,3.0,2.0,4.0,2.0,5.0,5.0,5.0,6.0,5.0,2.0,4.0,1.0,64.0,16.0,1.0,64.0,64.0,1.0,2.0,4.0,1.0,1.0,1.0,1.0,1.0,5.0,4.0,4.0,5.0,5.0,2.0,6.0,6.0,4.0,3.0,6.0,3.0,4.0,4.0,4.0,2.0,6.0,2.0,32.0,1.0,1.0,8.0,1.0,8.0,1.0,1.0,1.0,1.0,1.0,2.0,1.0,4.0,3.0,4.0,1.0,2.0,5.0,2.0,2.0,4.0,6.0,1.0,4.0,1.0,3.0,2.0,1.0,4.0,48.0,1.0,64.0,768.0,1.0,1.0,1.0,1.0,1.0,1.0,1.0,1.0,4.0,2.0,5.0,6.0,2.0,6.0,1.0,4.0,2.0,1.0,5.0,6.0,6.0,2.0,5.0,3.0,2.0,32.0,48.0,1.0,1024.0,3.0,1.0,1.0,1.0,1.0,1.0,1.0,1.0,2.0,5.0,3.0,6.0,3.0,5.0,1.0,1.0,4.0,5.0,2.0,3.0,1.0,4.0,6.0,5.0,5.0,4.0,32.0,6.0,1.0,3.0,768.0,1.0,1.0,1.0,1.0,1.0,1.0,1.0,436576608.0,19935114.020000003,502270000.0,3.3621489285714286,684.0,514.0,201984.0,8703204458944846.0,19.591835714285715,13.405004892857143,78.57142857142857,21622.285714285714
2048000.0,64000.0,256.0,64.0,3.0,32.0,40.0,28.0,5.0,4.0,3.0,2.0,2.0,4.0,3.0,2.0,2.0,6.0,4.0,1.0,2.0,1.0,3.0,2.0,2.0,6.0,1.0,5.0,4.0,4.0,1.0,5.0,96.0,24.0,1.0,384.0,1.0,1.0,1.0,1.0,1.0,1.0,1.0,1.0,3.0,5.0,1.0,3.0,3.0,6.0,6.0,3.0,5.0,2.0,5.0,6.0,2.0,1.0,4.0,6.0,2.0,2.0,16.0,8.0,1.0,2.0,16.0,1.0,4.0,2.0,1.0,1.0,1.0,1.0,3.0,5.0,1.0,2.0,6.0,6.0,3.0,1.0,5.0,2.0,5.0,3.0,6.0,5.0,4.0,4.0,5.0,6.0,32.0,4.0,1.0,128.0,16.0,1.0,8.0,8.0,1.0,1.0,1.0,1.0,2.0,1.0,2.0,4.0,5.0,3.0,6.0,6.0,2.0,6.0,2.0,6.0,3.0,6.0,6.0,1.0,6.0,6.0,3.0,2.0,1.0,192.0,3.0,1.0,1.0,1.0,1.0,1.0,1.0,1.0,2.0,1.0,2.0,5.0,2.0,4.0,2.0,3.0,6.0,2.0,3.0,3.0,1.0,5.0,6.0,4.0,1.0,2.0,384.0,3.0,1.0,1024.0,1.0,1.0,1.0,1.0,1.0,1.0,1.0,1.0,4.0,2.0,1.0,3.0,6.0,5.0,3.0,2.0,5.0,5.0,6.0,1.0,2.0,4.0,5.0,4.0,3.0,4.0,64.0,12.0,1.0,32.0,1.0,1.0,1.0,1.0,1.0,1.0,1.0,1.0,70312632.0,17825811.36,668378000000.0,724.50225,35840.0,514.0,2031616.0,1253379714257099.5,105.21318571428571,1.8908104642857144,78.57142857142857,148754.2857142857
2048.0,16000000.0,256.0,64.0,2.0,44.0,6.0,30.0,4.0,4.0,1.0,2.0,4.0,6.0,1.0,1.0,6.0,1.0,3.0,2.0,5.0,6.0,4.0,1.0,2.0,2.0,4.0,2.0,6.0,5.0,5.0,3.0,12.0,8.0,1.0,1152.0,36.0,1.0,1.0,1.0,1.0,1.0,1.0,1.0,1.0,6.0,6.0,1.0,3.0,3.0,5.0,6.0,3.0,2.0,2.0,1.0,6.0,5.0,6.0,2.0,1.0,1.0,8.0,1.0,1.0,16.0,128.0,1.0,64.0,128.0,1.0,1.0,1.0,1.0,3.0,2.0,6.0,2.0,4.0,4.0,6.0,4.0,5.0,1.0,5.0,1.0,3.0,5.0,3.0,3.0,5.0,5.0,64.0,32.0,1.0,1.0,64.0,1.0,1.0,4.0,1.0,1.0,1.0,1.0,2.0,5.0,5.0,2.0,5.0,4.0,6.0,4.0,1.0,3.0,6.0,6.0,2.0,4.0,5.0,3.0,5.0,6.0,64.0,96.0,1.0,6.0,8.0,1.0,1.0,1.0,1.0,1.0,1.0,1.0,6.0,1.0,3.0,5.0,6.0,3.0,1.0,3.0,5.0,5.0,5.0,4.0,4.0,5.0,6.0,4.0,3.0,4.0,192.0,6.0,1.0,1024.0,256.0,1.0,1.0,1.0,1.0,1.0,1.0,1.0,2.0,6.0,1.0,3.0,1.0,5.0,6.0,3.0,4.0,6.0,3.0,1.0,4.0,4.0,2.0,6.0,2.0,3.0,1536.0,48.0,1.0,192.0,6.0,1.0,1.0,1.0,1.0,1.0,1.0,1.0,1304790180.0,23908086.159999996,86494500.0,0.8473884999999999,180.0,514.0,70144.0,3.1195036044161904e+16,9.404760714285715,5.099862035714286,78.57142857142857,5111.714285714285
64000.0,64000.0,256.0,64.0,3.0,46.0,16.0,38.0,1.0,4.0,3.0,2.0,1.0,2.0,2.0,3.0,5.0,1.0,1.0,3.0,6.0,6.0,3.0,2.0,1.0,6.0,6.0,4.0,1.0,2.0,1.0,4.0,48.0,192.0,1.0,24.0,576.0,1.0,1.0,1.0,1.0,1.0,1.0,1.0,2.0,6.0,2.0,4.0,5.0,6.0,4.0,5.0,3.0,3.0,2.0,2.0,3.0,6.0,2.0,3.0,3.0,3.0,64.0,2.0,1.0,4.0,16.0,1.0,128.0,1.0,1.0,1.0,1.0,1.0,6.0,4.0,3.0,1.0,3.0,2.0,1.0,6.0,4.0,1.0,5.0,6.0,1.0,2.0,4.0,2.0,3.0,2.0,32.0,4.0,1.0,32.0,128.0,1.0,8.0,8.0,1.0,1.0,1.0,1.0,2.0,3.0,1.0,5.0,3.0,3.0,1.0,6.0,3.0,2.0,2.0,4.0,3.0,3.0,5.0,3.0,1.0,4.0,6.0,24.0,1.0,24.0,24.0,1.0,1.0,1.0,1.0,1.0,1.0,1.0,3.0,2.0,3.0,5.0,2.0,4.0,5.0,3.0,2.0,6.0,4.0,4.0,4.0,4.0,2.0,2.0,6.0,1.0,768.0,32.0,1.0,3.0,12.0,1.0,1.0,1.0,1.0,1.0,1.0,1.0,5.0,1.0,5.0,1.0,2.0,4.0,3.0,5.0,5.0,6.0,1.0,3.0,6.0,6.0,4.0,4.0,6.0,4.0,384.0,1.0,1.0,2.0,256.0,1.0,1.0,1.0,1.0,1.0,1.0,1.0,2157968328.0,17928547.880000003,409377000000.0,469.06396428571423,27968.0,514.0,1376256.0,3.868923849207155e+16,58.20238214285713,0.48028275,78.57142857142857,160036.57142857142
2048000.0,512000.0,256.0,64.0,1.0,26.0,48.0,28.0,2.0,3.0,1.0,4.0,1.0,5.0,4.0,3.0,3.0,6.0,4.0,5.0,1.0,3.0,4.0,3.0,2.0,3.0,3.0,1.0,4.0,6.0,1.0,3.0,12.0,768.0,1.0,64.0,288.0,1.0,1.0,1.0,1.0,1.0,1.0,1.0,4.0,5.0,2.0,3.0,3.0,6.0,3.0,3.0,6.0,4.0,1.0,5.0,4.0,6.0,6.0,5.0,5.0,1.0,16.0,8.0,1.0,128.0,16.0,1.0,16.0,128.0,1.0,1.0,1.0,1.0,3.0,5.0,4.0,4.0,4.0,1.0,2.0,2.0,1.0,2.0,5.0,6.0,3.0,2.0,1.0,2.0,1.0,3.0,16.0,4.0,1.0,4.0,1.0,1.0,2.0,8.0,1.0,1.0,1.0,1.0,2.0,2.0,6.0,4.0,3.0,4.0,5.0,4.0,6.0,6.0,4.0,1.0,4.0,2.0,2.0,2.0,5.0,6.0,768.0,1.0,1.0,96.0,32.0,1.0,1.0,1.0,1.0,1.0,1.0,1.0,5.0,1.0,6.0,4.0,6.0,5.0,3.0,6.0,2.0,3.0,2.0,2.0,6.0,2.0,5.0,1.0,6.0,1.0,8.0,128.0,1.0,256.0,1024.0,1.0,1.0,1.0,1.0,1.0,1.0,1.0,2.0,6.0,2.0,2.0,6.0,3.0,4.0,6.0,2.0,2.0,1.0,5.0,6.0,1.0,5.0,6.0,5.0,4.0,512.0,64.0,1.0,256.0,256.0,1.0,1.0,1.0,1.0,1.0,1.0,1.0,11173626192.0,68058444.0,11912700.0,0.13246971428571433,28.0,514.0,514.0,7.604596124651653e+17,1.0,1.4219292857142858,78.57142857142857,78.57142857142857
16000.0,1024000.0,256.0,64.0,3.0,12.0,16.0,30.0,3.0,1.0,2.0,3.0,6.0,4.0,4.0,5.0,4.0,3.0,6.0,2.0,6.0,4.0,5.0,6.0,4.0,4.0,3.0,4.0,4.0,1.0,2.0,5.0,3.0,192.0,1.0,128.0,192.0,1.0,1.0,1.0,1.0,1.0,1.0,1.0,1.0,5.0,2.0,1.0,3.0,5.0,2.0,2.0,5.0,1.0,5.0,5.0,5.0,5.0,4.0,4.0,4.0,1.0,32.0,64.0,1.0,1.0,2.0,1.0,128.0,4.0,1.0,1.0,1.0,1.0,6.0,2.0,3.0,4.0,3.0,5.0,6.0,2.0,6.0,1.0,2.0,5.0,6.0,5.0,5.0,1.0,3.0,6.0,32.0,128.0,1.0,16.0,128.0,1.0,32.0,2.0,1.0,1.0,1.0,1.0,3.0,3.0,6.0,1.0,3.0,2.0,6.0,3.0,1.0,4.0,5.0,6.0,4.0,3.0,2.0,3.0,1.0,3.0,3.0,1.0,1.0,192.0,32.0,1.0,1.0,1.0,1.0,1.0,1.0,1.0,4.0,6.0,5.0,4.0,3.0,1.0,5.0,5.0,5.0,2.0,6.0,1.0,3.0,3.0,3.0,6.0,5.0,2.0,32.0,768.0,1.0,48.0,192.0,1.0,1.0,1.0,1.0,1.0,1.0,1.0,5.0,1.0,5.0,5.0,6.0,5.0,6.0,1.0,2.0,4.0,4.0,5.0,1.0,3.0,6.0,2.0,4.0,5.0,768.0,512.0,1.0,32.0,2.0,1.0,1.0,1.0,1.0,1.0,1.0,1.0,2187652896.0,19142841.060000002,19123800000.0,40.67399642857142,5760.0,514.0,540672.0,4.187789168257671e+16,15.416667857142857,0.15762183214285713,78.57142857142857,64763.42857142857
256.0,512000.0,256.0,64.0,1.0,34.0,10.0,2.0,6.0,2.0,1.0,2.0,2.0,6.0,3.0,5.0,4.0,5.0,4.0,4.0,2.0,1.0,2.0,1.0,4.0,2.0,5.0,5.0,5.0,3.0,3.0,4.0,192.0,256.0,1.0,192.0,16.0,1.0,1.0,1.0,1.0,1.0,1.0,1.0,5.0,4.0,6.0,2.0,6.0,5.0,3.0,2.0,5.0,3.0,3.0,5.0,2.0,5.0,4.0,5.0,6.0,5.0,1.0,4.0,1.0,64.0,4.0,1.0,1.0,16.0,1.0,1.0,1.0,1.0,3.0,5.0,3.0,2.0,2.0,3.0,1.0,2.0,4.0,3.0,6.0,5.0,4.0,1.0,6.0,6.0,5.0,5.0,8.0,8.0,1.0,32.0,4.0,1.0,64.0,1.0,1.0,1.0,1.0,1.0,4.0,6.0,3.0,5.0,3.0,3.0,2.0,5.0,3.0,2.0,6.0,3.0,3.0,5.0,5.0,3.0,2.0,1.0,3.0,2.0,1.0,768.0,6.0,1.0,1.0,1.0,1.0,1.0,1.0,1.0,2.0,2.0,2.0,5.0,2.0,1.0,5.0,5.0,5.0,4.0,6.0,3.0,5.0,3.0,6.0,1.0,3.0,1.0,32.0,48.0,1.0,768.0,8.0,1.0,1.0,1.0,1.0,1.0,1.0,1.0,1.0,3.0,5.0,6.0,1.0,2.0,4.0,4.0,6.0,2.0,6.0,2.0,6.0,5.0,1.0,4.0,3.0,4.0,4.0,3072.0,1.0,2.0,256.0,1.0,1.0,1.0,1.0,1.0,1.0,1.0,5586813312.0,48351032.64,1518290.0,0.0156601,2.0,514.0,772.0,2.701281928020985e+17,2.0,2.7303439285714286,78.57142857142857,118.85714285714286
1024000.0,64000.0,256.0,64.0,3.0,26.0,30.0,46.0,5.0,2.0,3.0,5.0,5.0,6.0,5.0,3.0,2.0,1.0,1.0,5.0,4.0,3.0,6.0,3.0,3.0,4.0,5.0,6.0,2.0,1.0,5.0,1.0,192.0,64.0,1.0,32.0,2304.0,1.0,1.0,1.0,1.0,1.0,1.0,1.0,6.0,3.0,2.0,1.0,5.0,3.0,6.0,4.0,2.0,6.0,2.0,2.0,3.0,3.0,6.0,4.0,3.0,1.0,64.0,64.0,1.0,2.0,1.0,1.0,1.0,2.0,1.0,1.0,1.0,1.0,3.0,4.0,1.0,2.0,5.0,6.0,4.0,1.0,2.0,4.0,2.0,1.0,6.0,4.0,2.0,1.0,2.0,2.0,2.0,64.0,1.0,32.0,1.0,1.0,1.0,8.0,1.0,1.0,1.0,1.0,4.0,4.0,2.0,1.0,6.0,2.0,3.0,3.0,2.0,2.0,6.0,6.0,4.0,4.0,4.0,1.0,2.0,4.0,24.0,3.0,1.0,96.0,256.0,1.0,1.0,1.0,1.0,1.0,1.0,1.0,2.0,3.0,1.0,5.0,4.0,2.0,4.0,2.0,5.0,1.0,4.0,3.0,2.0,5.0,6.0,2.0,2.0,2.0,96.0,96.0,1.0,24.0,48.0,1.0,1.0,1.0,1.0,1.0,1.0,1.0,6.0,3.0,6.0,6.0,5.0,6.0,1.0,5.0,2.0,6.0,4.0,5.0,6.0,1.0,1.0,5.0,2.0,5.0,3072.0,192.0,1.0,3.0,2.0,1.0,1.0,1.0,1.0,1.0,1.0,1.0,5042937384.0,18758037.98,669856000000.0,725.7377857142857,35880.0,514.0,1523712.0,9.459561097983384e+16,8.285714285714286,0.39432194642857155,78.57142857142857,90472.0
2048.0,256000.0,256.0,64.0,3.0,34.0,12.0,42.0,4.0,1.0,4.0,1.0,2.0,6.0,1.0,3.0,5.0,6.0,3.0,4.0,6.0,5.0,1.0,4.0,3.0,4.0,6.0,1.0,5.0,3.0,1.0,3.0,6.0,3.0,1.0,9.0,64.0,1.0,1.0,1.0,1.0,1.0,1.0,1.0,6.0,5.0,5.0,5.0,3.0,5.0,5.0,5.0,5.0,5.0,1.0,1.0,4.0,4.0,1.0,1.0,5.0,4.0,16.0,8.0,1.0,128.0,4.0,1.0,2.0,128.0,1.0,1.0,1.0,1.0,2.0,6.0,4.0,5.0,3.0,5.0,1.0,2.0,2.0,6.0,1.0,5.0,4.0,3.0,2.0,2.0,4.0,6.0,32.0,32.0,1.0,32.0,2.0,1.0,2.0,4.0,1.0,1.0,1.0,1.0,4.0,1.0,4.0,6.0,2.0,1.0,4.0,4.0,1.0,6.0,2.0,1.0,6.0,4.0,4.0,2.0,3.0,4.0,2.0,128.0,1.0,12.0,64.0,1.0,1.0,1.0,1.0,1.0,1.0,1.0,2.0,3.0,1.0,6.0,1.0,3.0,2.0,2.0,2.0,1.0,4.0,4.0,2.0,1.0,1.0,2.0,5.0,4.0,768.0,192.0,1.0,192.0,8.0,1.0,1.0,1.0,1.0,1.0,1.0,1.0,6.0,5.0,5.0,4.0,2.0,1.0,4.0,1.0,5.0,1.0,6.0,6.0,6.0,5.0,6.0,1.0,4.0,4.0,16.0,192.0,1.0,48.0,4.0,1.0,1.0,1.0,1.0,1.0,1.0,1.0,2768639676.0,20150768.32,156234000000.0,205.8875,17136.0,514.0,540672.0,5.5790216672635864e+16,3.5952392857142854,0.19558355000000002,78.57142857142857,43821.71428571428
128.0,32000.0,256.0,64.0,3.0,36.0,40.0,12.0,4.0,6.0,2.0,2.0,6.0,1.0,5.0,2.0,3.0,5.0,1.0,4.0,2.0,6.0,5.0,1.0,1.0,5.0,5.0,6.0,1.0,2.0,5.0,4.0,64.0,1.0,1.0,128.0,576.0,1.0,1.0,1.0,1.0,1.0,1.0,1.0,2.0,4.0,5.0,5.0,3.0,2.0,1.0,3.0,4.0,1.0,3.0,4.0,5.0,4.0,4.0,3.0,4.0,4.0,2.0,32.0,1.0,4.0,8.0,1.0,16.0,1.0,1.0,1.0,1.0,1.0,5.0,5.0,4.0,1.0,4.0,4.0,6.0,2.0,2.0,4.0,4.0,1.0,2.0,5.0,3.0,2.0,3.0,4.0,16.0,2.0,1.0,4.0,64.0,1.0,2.0,16.0,1.0,1.0,1.0,1.0,3.0,2.0,5.0,6.0,4.0,1.0,6.0,3.0,3.0,2.0,3.0,1.0,3.0,6.0,6.0,1.0,3.0,3.0,6.0,96.0,1.0,2.0,384.0,1.0,1.0,1.0,1.0,1.0,1.0,1.0,1.0,3.0,5.0,4.0,4.0,1.0,6.0,5.0,1.0,4.0,3.0,5.0,5.0,6.0,2.0,3.0,4.0,1.0,64.0,96.0,1.0,96.0,64.0,1.0,1.0,1.0,1.0,1.0,1.0,1.0,4.0,6.0,1.0,6.0,2.0,3.0,5.0,3.0,2.0,3.0,6.0,5.0,5.0,6.0,3.0,3.0,6.0,2.0,12.0,1536.0,1.0,24.0,96.0,1.0,1.0,1.0,1.0,1.0,1.0,1.0,853126656.0,18027012.759999998,158815000000.0,209.24060714285713,17280.0,514.0,2924544.0,1.5379325113608128e+16,30.857142857142858,0.65625,78.57142857142857,198619.42857142858
128000.0,32000000.0,256.0,64.0,3.0,44.0,28.0,46.0,1.0,3.0,2.0,5.0,3.0,1.0,6.0,4.0,5.0,4.0,6.0,4.0,4.0,3.0,4.0,4.0,2.0,4.0,6.0,3.0,4.0,6.0,2.0,5.0,4.0,384.0,1.0,144.0,1152.0,1.0,1.0,1.0,1.0,1.0,1.0,1.0,3.0,4.0,1.0,6.0,5.0,5.0,2.0,5.0,3.0,5.0,2.0,3.0,3.0,3.0,4.0,2.0,5.0,4.0,1.0,16.0,1.0,16.0,64.0,1.0,128.0,32.0,1.0,1.0,1.0,1.0,6.0,3.0,6.0,5.0,1.0,3.0,6.0,5.0,1.0,1.0,1.0,3.0,3.0,4.0,2.0,1.0,1.0,2.0,64.0,8.0,1.0,4.0,2.0,1.0,8.0,64.0,1.0,1.0,1.0,1.0,2.0,6.0,2.0,4.0,5.0,2.0,6.0,2.0,4.0,5.0,5.0,3.0,4.0,6.0,6.0,2.0,6.0,6.0,12.0,1.0,1.0,192.0,1.0,1.0,1.0,1.0,1.0,1.0,1.0,1.0,3.0,4.0,4.0,1.0,2.0,1.0,6.0,2.0,5.0,2.0,4.0,5.0,5.0,5.0,5.0,2.0,6.0,4.0,4.0,4.0,1.0,768.0,8.0,1.0,1.0,1.0,1.0,1.0,1.0,1.0,4.0,5.0,3.0,2.0,1.0,1.0,4.0,2.0,5.0,5.0,6.0,3.0,4.0,3.0,3.0,2.0,5.0,2.0,3.0,12.0,1.0,4.0,6.0,1.0,1.0,1.0,1.0,1.0,1.0,1.0,3056348736.0,26066299.980000004,1658510000000.0,1662.2864285714286,56672.0,514.0,1277952.0,7.966770299606984e+16,4.765307142857143,0.3039594285714286,78.57142857142857,68722.85714285714
2048.0,32000000.0,256.0,64.0,3.0,38.0,32.0,10.0,2.0,1.0,1.0,3.0,4.0,5.0,5.0,4.0,3.0,3.0,2.0,3.0,6.0,6.0,3.0,4.0,1.0,2.0,6.0,5.0,6.0,6.0,2.0,5.0,12.0,4.0,1.0,144.0,18.0,1.0,1.0,1.0,1.0,1.0,1.0,1.0,5.0,3.0,3.0,6.0,2.0,5.0,4.0,6.0,2.0,6.0,5.0,4.0,5.0,6.0,5.0,6.0,2.0,4.0,1.0,8.0,1.0,128.0,16.0,1.0,32.0,16.0,1.0,1.0,1.0,1.0,1.0,3.0,5.0,6.0,2.0,2.0,6.0,5.0,2.0,4.0,2.0,6.0,3.0,6.0,4.0,1.0,3.0,3.0,2.0,8.0,1.0,64.0,16.0,1.0,64.0,4.0,1.0,1.0,1.0,1.0,3.0,4.0,1.0,4.0,2.0,2.0,6.0,5.0,5.0,4.0,5.0,6.0,3.0,3.0,1.0,4.0,4.0,6.0,768.0,2.0,1.0,1.0,48.0,1.0,1.0,1.0,1.0,1.0,1.0,1.0,6.0,1.0,5.0,2.0,3.0,3.0,5.0,2.0,6.0,6.0,4.0,2.0,5.0,5.0,3.0,4.0,3.0,6.0,192.0,256.0,1.0,384.0,48.0,1.0,1.0,1.0,1.0,1.0,1.0,1.0,1.0,6.0,1.0,5.0,4.0,3.0,2.0,5.0,3.0,4.0,4.0,1.0,6.0,3.0,6.0,1.0,1.0,3.0,3072.0,1536.0,1.0,6.0,3.0,1.0,1.0,1.0,1.0,1.0,1.0,1.0,11180564940.0,18895585.56,80031100000.0,119.70257142857143,12160.0,514.0,824832.0,2.1126332143290624e+17,1.0,0.056501114285714284,78.57142857142857,62971.42857142857
128.0,32000000.0,256.0,64.0,2.0,16.0,32.0,22.0,4.0,5.0,5.0,2.0,2.0,6.0,2.0,1.0,6.0,1.0,5.0,6.0,2.0,1.0,3.0,3.0,2.0,1.0,4.0,6.0,4.0,4.0,3.0,1.0,48.0,6.0,1.0,576.0,6.0,1.0,1.0,1.0,1.0,1.0,1.0,1.0,6.0,4.0,2.0,4.0,2.0,2.0,2.0,6.0,3.0,5.0,1.0,5.0,6.0,5.0,4.0,2.0,6.0,2.0,8.0,4.0,1.0,64.0,128.0,1.0,4.0,8.0,1.0,1.0,1.0,1.0,6.0,2.0,2.0,2.0,4.0,4.0,1.0,3.0,6.0,4.0,6.0,5.0,6.0,6.0,3.0,4.0,4.0,3.0,32.0,1.0,1.0,1.0,128.0,1.0,16.0,2.0,1.0,1.0,1.0,1.0,6.0,4.0,5.0,1.0,6.0,1.0,1.0,1.0,2.0,3.0,4.0,5.0,5.0,4.0,1.0,6.0,2.0,3.0,24.0,48.0,1.0,128.0,64.0,1.0,1.0,1.0,1.0,1.0,1.0,1.0,6.0,3.0,2.0,1.0,1.0,1.0,6.0,5.0,3.0,3.0,2.0,1.0,4.0,3.0,1.0,2.0,4.0,3.0,128.0,64.0,1.0,384.0,3072.0,1.0,1.0,1.0,1.0,1.0,1.0,1.0,3.0,3.0,5.0,4.0,4.0,3.0,5.0,5.0,3.0,5.0,5.0,3.0,6.0,5.0,6.0,4.0,1.0,2.0,24.0,64.0,1.0,64.0,48.0,1.0,1.0,1.0,1.0,1.0,1.0,1.0,1126154244.0,22686189.880000003,524105000.0,3.417537142857143,704.0,514.0,163840.0,2.5548149013551852e+16,11.880935714285716,2.8984259285714287,78.57142857142857,8075.428571428572
128000.0,256000.0,256.0,64.0,1.0,20.0,6.0,8.0,2.0,3.0,2.0,6.0,1.0,3.0,2.0,6.0,3.0,3.0,4.0,5.0,2.0,2.0,6.0,3.0,5.0,5.0,5.0,3.0,3.0,3.0,4.0,1.0,96.0,256.0,1.0,36.0,6.0,1.0,1.0,1.0,1.0,1.0,1.0,1.0,3.0,1.0,2.0,2.0,3.0,6.0,3.0,4.0,4.0,4.0,4.0,3.0,5.0,6.0,2.0,6.0,4.0,1.0,64.0,8.0,1.0,128.0,4.0,1.0,4.0,1.0,1.0,1.0,1.0,1.0,2.0,3.0,6.0,6.0,6.0,2.0,2.0,5.0,2.0,4.0,2.0,1.0,4.0,6.0,4.0,5.0,4.0,1.0,128.0,128.0,1.0,32.0,32.0,1.0,64.0,32.0,1.0,1.0,1.0,1.0,4.0,2.0,4.0,5.0,2.0,6.0,3.0,3.0,6.0,2.0,5.0,1.0,5.0,4.0,2.0,2.0,2.0,4.0,128.0,16.0,1.0,3.0,32.0,1.0,1.0,1.0,1.0,1.0,1.0,1.0,6.0,3.0,6.0,5.0,5.0,1.0,1.0,4.0,6.0,4.0,3.0,1.0,5.0,1.0,5.0,1.0,4.0,1.0,48.0,48.0,1.0,192.0,256.0,1.0,1.0,1.0,1.0,1.0,1.0,1.0,3.0,4.0,1.0,5.0,3.0,6.0,2.0,6.0,6.0,5.0,5.0,2.0,6.0,2.0,2.0,2.0,4.0,2.0,24.0,512.0,1.0,12.0,384.0,1.0,1.0,1.0,1.0,1.0,1.0,1.0,11173626192.0,67381053.6,3853260.0,0.042497942857142854,8.0,514.0,514.0,7.528907053495158e+17,1.0,1.0099392857142857,78.57142857142857,78.57142857142857
16000.0,256000.0,256.0,64.0,2.0,4.0,12.0,18.0,1.0,1.0,4.0,1.0,1.0,1.0,2.0,6.0,3.0,1.0,5.0,3.0,6.0,6.0,5.0,1.0,1.0,6.0,5.0,1.0,5.0,3.0,2.0,4.0,16.0,3.0,1.0,18.0,4.0,1.0,1.0,1.0,1.0,1.0,1.0,1.0,2.0,4.0,4.0,2.0,2.0,2.0,3.0,1.0,4.0,6.0,6.0,1.0,5.0,6.0,6.0,5.0,2.0,5.0,2.0,64.0,1.0,64.0,128.0,1.0,16.0,64.0,1.0,1.0,1.0,1.0,6.0,4.0,5.0,6.0,2.0,4.0,3.0,4.0,2.0,5.0,2.0,4.0,5.0,4.0,3.0,5.0,4.0,3.0,4.0,4.0,1.0,64.0,1.0,1.0,2.0,4.0,1.0,1.0,1.0,1.0,6.0,3.0,1.0,2.0,1.0,4.0,4.0,3.0,6.0,2.0,1.0,4.0,2.0,5.0,3.0,6.0,4.0,5.0,12.0,4.0,1.0,16.0,768.0,1.0,1.0,1.0,1.0,1.0,1.0,1.0,2.0,4.0,5.0,3.0,5.0,3.0,1.0,1.0,4.0,2.0,3.0,3.0,1.0,3.0,5.0,6.0,2.0,1.0,96.0,8.0,1.0,768.0,1536.0,1.0,1.0,1.0,1.0,1.0,1.0,1.0,5.0,3.0,2.0,3.0,2.0,2.0,4.0,5.0,2.0,2.0,6.0,4.0,2.0,3.0,6.0,6.0,6.0,4.0,32.0,4.0,1.0,96.0,16.0,1.0,1.0,1.0,1.0,1.0,1.0,1.0,2511393120.0,30554858.76,107621000.0,1.0511635000000001,216.0,514.0,210944.0,7.673526207243573e+16,25.821442857142852,15.812681642857141,78.57142857142857,15430.57142857143
32000.0,512000.0,256.0,64.0,3.0,24.0,44.0,46.0,6.0,2.0,6.0,2.0,4.0,3.0,3.0,3.0,2.0,2.0,2.0,1.0,3.0,5.0,3.0,3.0,1.0,3.0,3.0,5.0,4.0,2.0,5.0,6.0,384.0,8.0,1.0,16.0,1152.0,1.0,1.0,1.0,1.0,1.0,1.0,1.0,3.0,6.0,3.0,6.0,2.0,5.0,5.0,3.0,3.0,2.0,3.0,3.0,4.0,5.0,2.0,6.0,3.0,1.0,1.0,16.0,1.0,64.0,16.0,1.0,128.0,8.0,1.0,1.0,1.0,1.0,3.0,2.0,6.0,5.0,5.0,6.0,6.0,3.0,1.0,2.0,6.0,1.0,4.0,3.0,6.0,1.0,4.0,2.0,64.0,16.0,1.0,32.0,1.0,1.0,2.0,8.0,1.0,1.0,1.0,1.0,6.0,6.0,6.0,1.0,2.0,3.0,5.0,3.0,6.0,5.0,3.0,1.0,2.0,2.0,2.0,6.0,4.0,1.0,16.0,768.0,1.0,4.0,1.0,1.0,1.0,1.0,1.0,1.0,1.0,1.0,1.0,5.0,6.0,4.0,3.0,1.0,3.0,1.0,5.0,2.0,5.0,2.0,6.0,6.0,5.0,4.0,5.0,2.0,64.0,64.0,1.0,12.0,48.0,1.0,1.0,1.0,1.0,1.0,1.0,1.0,6.0,1.0,3.0,3.0,4.0,1.0,2.0,6.0,1.0,4.0,3.0,3.0,3.0,3.0,1.0,5.0,3.0,3.0,96.0,48.0,1.0,32.0,8.0,1.0,1.0,1.0,1.0,1.0,1.0,1.0,2815933224.0,17798205.240000002,1221170000000.0,1252.82,48576.0,514.0,2260992.0,5.01185574628869e+16,31.964285714285715,0.5290178689285715,78.57142857142857,146907.42857142858
2048.0,64000.0,256.0,64.0,1.0,40.0,10.0,40.0,2.0,3.0,4.0,4.0,1.0,6.0,2.0,4.0,5.0,3.0,5.0,2.0,4.0,5.0,4.0,1.0,2.0,5.0,6.0,2.0,2.0,1.0,1.0,2.0,128.0,12.0,1.0,128.0,72.0,1.0,1.0,1.0,1.0,1.0,1.0,1.0,3.0,3.0,6.0,1.0,4.0,3.0,6.0,3.0,5.0,3.0,2.0,6.0,4.0,3.0,5.0,6.0,2.0,4.0,64.0,4.0,1.0,128.0,16.0,1.0,2.0,16.0,1.0,1.0,1.0,1.0,3.0,5.0,3.0,1.0,6.0,1.0,4.0,4.0,2.0,3.0,3.0,6.0,6.0,4.0,1.0,3.0,3.0,1.0,16.0,64.0,1.0,8.0,32.0,1.0,32.0,2.0,1.0,1.0,1.0,1.0,5.0,1.0,4.0,6.0,5.0,3.0,2.0,4.0,1.0,2.0,2.0,4.0,4.0,1.0,2.0,6.0,4.0,1.0,2.0,384.0,1.0,384.0,24.0,1.0,1.0,1.0,1.0,1.0,1.0,1.0,1.0,2.0,4.0,3.0,4.0,3.0,4.0,4.0,5.0,3.0,3.0,3.0,1.0,4.0,3.0,1.0,2.0,5.0,256.0,6.0,1.0,1536.0,512.0,1.0,1.0,1.0,1.0,1.0,1.0,1.0,5.0,4.0,4.0,6.0,5.0,1.0,3.0,1.0,3.0,5.0,6.0,3.0,4.0,1.0,1.0,3.0,2.0,4.0,6.0,64.0,1.0,256.0,24.0,1.0,1.0,1.0,1.0,1.0,1.0,1.0,11173626192.0,84254224.80000001,16944000.0,0.18680328571428573,40.0,514.0,514.0,9.414252130119361e+17,1.0,1.0036264285714285,78.57142857142857,78.57142857142857
64000.0,64000.0,256.0,64.0,2.0,22.0,34.0,46.0,2.0,5.0,6.0,2.0,6.0,2.0,6.0,5.0,6.0,1.0,5.0,1.0,6.0,3.0,4.0,2.0,1.0,5.0,5.0,6.0,5.0,5.0,1.0,6.0,32.0,24.0,1.0,2.0,16.0,1.0,1.0,1.0,1.0,1.0,1.0,1.0,1.0,2.0,1.0,1.0,3.0,1.0,6.0,4.0,2.0,5.0,3.0,6.0,2.0,5.0,1.0,1.0,4.0,5.0,8.0,32.0,1.0,32.0,32.0,1.0,32.0,2.0,1.0,1.0,1.0,1.0,4.0,5.0,2.0,2.0,1.0,3.0,5.0,1.0,3.0,5.0,4.0,6.0,6.0,6.0,4.0,5.0,4.0,5.0,1.0,16.0,1.0,1.0,1.0,1.0,16.0,64.0,1.0,1.0,1.0,1.0,1.0,2.0,1.0,3.0,6.0,1.0,5.0,2.0,5.0,2.0,4.0,1.0,1.0,3.0,4.0,6.0,6.0,5.0,12.0,768.0,1.0,128.0,12.0,1.0,1.0,1.0,1.0,1.0,1.0,1.0,4.0,4.0,3.0,2.0,2.0,2.0,6.0,6.0,2.0,5.0,6.0,4.0,4.0,6.0,3.0,3.0,4.0,4.0,128.0,768.0,1.0,3072.0,64.0,1.0,1.0,1.0,1.0,1.0,1.0,1.0,2.0,3.0,6.0,3.0,1.0,2.0,3.0,6.0,1.0,4.0,2.0,4.0,2.0,5.0,3.0,3.0,1.0,2.0,256.0,384.0,1.0,2.0,64.0,1.0,1.0,1.0,1.0,1.0,1.0,1.0,10917025752.0,27089429.939999998,1848850000.0,8.13969,1564.0,514.0,67072.0,2.957360042619798e+17,15.571428571428571,3.3221165792857144,78.57142857142857,7868.285714285715
128.0,4096000.0,256.0,64.0,1.0,6.0,6.0,20.0,3.0,5.0,3.0,1.0,4.0,1.0,6.0,6.0,6.0,3.0,6.0,6.0,1.0,6.0,4.0,4.0,3.0,6.0,1.0,2.0,5.0,1.0,1.0,3.0,48.0,64.0,1.0,64.0,12.0,1.0,1.0,1.0,1.0,1.0,1.0,1.0,3.0,4.0,4.0,3.0,4.0,4.0,4.0,5.0,5.0,6.0,6.0,6.0,5.0,3.0,6.0,5.0,6.0,3.0,1.0,8.0,1.0,2.0,1.0,1.0,8.0,8.0,1.0,1.0,1.0,1.0,1.0,5.0,1.0,2.0,2.0,1.0,4.0,5.0,4.0,6.0,1.0,6.0,2.0,3.0,5.0,2.0,2.0,2.0,1.0,16.0,1.0,128.0,64.0,1.0,16.0,1.0,1.0,1.0,1.0,1.0,5.0,5.0,6.0,2.0,1.0,1.0,1.0,6.0,5.0,2.0,5.0,6.0,6.0,6.0,4.0,1.0,2.0,4.0,8.0,12.0,1.0,4.0,12.0,1.0,1.0,1.0,1.0,1.0,1.0,1.0,3.0,6.0,3.0,1.0,6.0,5.0,5.0,4.0,1.0,1.0,2.0,2.0,5.0,4.0,2.0,2.0,6.0,2.0,24.0,12.0,1.0,16.0,6.0,1.0,1.0,1.0,1.0,1.0,1.0,1.0,3.0,2.0,2.0,6.0,6.0,3.0,6.0,5.0,5.0,6.0,5.0,5.0,6.0,1.0,5.0,3.0,1.0,3.0,16.0,96.0,1.0,8.0,12.0,1.0,1.0,1.0,1.0,1.0,1.0,1.0,565051728.0,68038216.8,8640490.0,0.09909237142857144,20.0,514.0,5416.0,3.844511197287863e+16,18.50184285714285,18.987371428571425,78.57142857142857,844.0
64000.0,32000000.0,256.0,64.0,2.0,46.0,46.0,18.0,1.0,2.0,1.0,2.0,5.0,3.0,5.0,3.0,5.0,1.0,6.0,6.0,1.0,2.0,2.0,1.0,6.0,1.0,6.0,4.0,6.0,5.0,4.0,3.0,3.0,3.0,1.0,24.0,576.0,1.0,1.0,1.0,1.0,1.0,1.0,1.0,5.0,1.0,5.0,4.0,6.0,4.0,1.0,3.0,2.0,5.0,4.0,4.0,6.0,6.0,4.0,2.0,5.0,3.0,1.0,32.0,1.0,8.0,64.0,1.0,128.0,16.0,1.0,1.0,1.0,1.0,5.0,5.0,3.0,2.0,3.0,5.0,3.0,3.0,4.0,1.0,6.0,4.0,3.0,6.0,4.0,5.0,3.0,3.0,16.0,4.0,1.0,128.0,1.0,1.0,8.0,32.0,1.0,1.0,1.0,1.0,4.0,4.0,3.0,5.0,6.0,3.0,3.0,2.0,3.0,6.0,6.0,2.0,1.0,4.0,6.0,6.0,1.0,1.0,64.0,6.0,1.0,384.0,768.0,1.0,1.0,1.0,1.0,1.0,1.0,1.0,5.0,5.0,6.0,2.0,4.0,4.0,5.0,2.0,1.0,1.0,6.0,3.0,6.0,3.0,1.0,1.0,5.0,5.0,48.0,12.0,1.0,128.0,24.0,1.0,1.0,1.0,1.0,1.0,1.0,1.0,5.0,4.0,5.0,5.0,6.0,1.0,4.0,6.0,5.0,5.0,6.0,2.0,5.0,6.0,3.0,5.0,2.0,2.0,768.0,3072.0,1.0,3.0,4.0,1.0,1.0,1.0,1.0,1.0,1.0,1.0,11179937940.0,29234174.04,668611000.0,4.071073571428572,828.0,514.0,201984.0,3.2683625149435904e+17,1.0,0.5614870678571429,78.57142857142857,11713.714285714286
1024.0,512000.0,256.0,64.0,1.0,26.0,32.0,2.0,4.0,5.0,6.0,6.0,6.0,2.0,4.0,1.0,1.0,2.0,3.0,1.0,6.0,1.0,6.0,5.0,6.0,6.0,4.0,3.0,4.0,2.0,2.0,2.0,48.0,3.0,1.0,3.0,6.0,1.0,1.0,1.0,1.0,1.0,1.0,1.0,2.0,5.0,6.0,2.0,1.0,5.0,1.0,3.0,5.0,6.0,4.0,4.0,6.0,2.0,3.0,6.0,5.0,6.0,1.0,1.0,1.0,16.0,2.0,1.0,1.0,4.0,1.0,1.0,1.0,1.0,4.0,6.0,3.0,4.0,4.0,3.0,6.0,4.0,4.0,4.0,1.0,4.0,2.0,1.0,6.0,5.0,3.0,4.0,128.0,16.0,1.0,32.0,8.0,1.0,64.0,1.0,1.0,1.0,1.0,1.0,6.0,6.0,3.0,1.0,6.0,4.0,3.0,5.0,6.0,4.0,6.0,6.0,5.0,2.0,5.0,1.0,6.0,2.0,4.0,64.0,1.0,8.0,96.0,1.0,1.0,1.0,1.0,1.0,1.0,1.0,5.0,3.0,1.0,3.0,1.0,2.0,5.0,3.0,5.0,2.0,3.0,4.0,3.0,2.0,6.0,2.0,3.0,5.0,192.0,64.0,1.0,16.0,96.0,1.0,1.0,1.0,1.0,1.0,1.0,1.0,4.0,3.0,4.0,1.0,1.0,4.0,3.0,5.0,2.0,6.0,6.0,3.0,6.0,5.0,6.0,6.0,6.0,2.0,384.0,96.0,1.0,48.0,1.0,1.0,1.0,1.0,1.0,1.0,1.0,1.0,11022631248.0,66668341.440000005,1518260.0,0.015532942857142854,2.0,514.0,514.0,7.348605436088773e+17,1.8571428571428572,1.8605164285714282,78.57142857142857,82.0
256.0,16000000.0,256.0,64.0,3.0,26.0,10.0,40.0,4.0,1.0,5.0,4.0,4.0,3.0,3.0,6.0,4.0,4.0,4.0,6.0,5.0,4.0,5.0,2.0,6.0,2.0,6.0,1.0,3.0,2.0,4.0,1.0,24.0,16.0,1.0,192.0,144.0,1.0,1.0,1.0,1.0,1.0,1.0,1.0,5.0,5.0,5.0,3.0,3.0,6.0,1.0,4.0,1.0,4.0,2.0,5.0,1.0,1.0,6.0,6.0,4.0,2.0,32.0,2.0,1.0,2.0,16.0,1.0,1.0,16.0,1.0,1.0,1.0,1.0,3.0,5.0,5.0,3.0,4.0,4.0,4.0,2.0,1.0,1.0,3.0,5.0,4.0,6.0,3.0,2.0,1.0,4.0,32.0,2.0,1.0,64.0,2.0,1.0,4.0,32.0,1.0,1.0,1.0,1.0,1.0,5.0,2.0,6.0,2.0,2.0,3.0,5.0,1.0,2.0,6.0,1.0,6.0,4.0,6.0,1.0,1.0,5.0,16.0,1.0,1.0,192.0,96.0,1.0,1.0,1.0,1.0,1.0,1.0,1.0,3.0,4.0,5.0,1.0,2.0,3.0,1.0,6.0,1.0,4.0,6.0,3.0,1.0,6.0,3.0,5.0,1.0,3.0,48.0,24.0,1.0,32.0,512.0,1.0,1.0,1.0,1.0,1.0,1.0,1.0,4.0,4.0,4.0,5.0,6.0,4.0,4.0,5.0,5.0,4.0,5.0,6.0,2.0,4.0,2.0,6.0,6.0,2.0,4.0,8.0,1.0,1.0,16.0,1.0,1.0,1.0,1.0,1.0,1.0,1.0,5566907604.0,20822663.54,59119900000.0,94.25674285714284,10400.0,514.0,192512.0,1.1591784399635955e+17,34.785714285714285,0.8866915964285715,78.57142857142857,24256.0
128.0,2048000.0,256.0,64.0,1.0,20.0,44.0,24.0,5.0,6.0,5.0,6.0,6.0,6.0,6.0,3.0,4.0,1.0,4.0,3.0,2.0,1.0,2.0,3.0,2.0,4.0,4.0,4.0,3.0,5.0,1.0,1.0,768.0,4.0,1.0,768.0,384.0,1.0,1.0,1.0,1.0,1.0,1.0,1.0,1.0,2.0,1.0,6.0,5.0,2.0,3.0,1.0,1.0,2.0,2.0,1.0,6.0,2.0,4.0,1.0,1.0,4.0,8.0,2.0,1.0,4.0,64.0,1.0,32.0,64.0,1.0,1.0,1.0,1.0,4.0,5.0,4.0,5.0,1.0,1.0,6.0,2.0,1.0,6.0,3.0,4.0,1.0,2.0,3.0,1.0,5.0,2.0,4.0,1.0,1.0,128.0,4.0,1.0,8.0,8.0,1.0,1.0,1.0,1.0,4.0,4.0,4.0,2.0,1.0,6.0,1.0,2.0,3.0,2.0,4.0,6.0,6.0,1.0,5.0,4.0,4.0,2.0,384.0,3.0,1.0,256.0,2.0,1.0,1.0,1.0,1.0,1.0,1.0,1.0,3.0,4.0,2.0,2.0,2.0,4.0,6.0,6.0,5.0,6.0,1.0,3.0,3.0,4.0,1.0,3.0,4.0,6.0,256.0,128.0,1.0,128.0,256.0,1.0,1.0,1.0,1.0,1.0,1.0,1.0,3.0,3.0,2.0,3.0,2.0,3.0,2.0,2.0,1.0,3.0,1.0,2.0,3.0,1.0,4.0,6.0,5.0,3.0,12.0,96.0,1.0,3.0,256.0,1.0,1.0,1.0,1.0,1.0,1.0,1.0,467140944.0,67969202.4,10268800.0,0.1176325714285714,24.0,514.0,6448.0,3.1751197372063068e+16,21.714257142857146,22.140042857142856,78.57142857142857,1005.1428571428571
1024.0,64000.0,256.0,64.0,1.0,16.0,8.0,38.0,4.0,6.0,3.0,1.0,5.0,1.0,2.0,1.0,4.0,4.0,3.0,3.0,3.0,4.0,2.0,3.0,6.0,3.0,3.0,1.0,5.0,4.0,6.0,2.0,24.0,256.0,1.0,1.0,64.0,1.0,1.0,1.0,1.0,1.0,1.0,1.0,5.0,4.0,2.0,6.0,6.0,2.0,5.0,3.0,6.0,5.0,5.0,6.0,2.0,5.0,1.0,2.0,2.0,2.0,4.0,8.0,1.0,128.0,16.0,1.0,4.0,128.0,1.0,1.0,1.0,1.0,5.0,3.0,4.0,5.0,4.0,6.0,6.0,3.0,3.0,1.0,1.0,1.0,4.0,3.0,3.0,5.0,3.0,1.0,32.0,64.0,1.0,4.0,64.0,1.0,4.0,2.0,1.0,1.0,1.0,1.0,1.0,1.0,5.0,5.0,5.0,3.0,6.0,5.0,4.0,4.0,6.0,6.0,5.0,3.0,2.0,5.0,3.0,3.0,256.0,384.0,1.0,128.0,96.0,1.0,1.0,1.0,1.0,1.0,1.0,1.0,3.0,4.0,4.0,3.0,2.0,6.0,1.0,4.0,1.0,1.0,3.0,6.0,2.0,3.0,5.0,3.0,3.0,6.0,1.0,1.0,1.0,1024.0,8.0,1.0,1.0,1.0,1.0,1.0,1.0,1.0,3.0,2.0,6.0,2.0,5.0,3.0,5.0,5.0,2.0,6.0,2.0,3.0,5.0,6.0,6.0,1.0,4.0,1.0,4.0,1536.0,1.0,3.0,12.0,1.0,1.0,1.0,1.0,1.0,1.0,1.0,300810576.0,66895788.96,16096200.0,0.1828814285714286,38.0,514.0,10060.0,2.012296080903204e+16,32.744257142857144,32.74922857142857,78.57142857142857,1569.142857142857
1024.0,2048000.0,256.0,64.0,3.0,26.0,8.0,32.0,6.0,5.0,6.0,5.0,6.0,6.0,1.0,1.0,5.0,2.0,6.0,1.0,2.0,3.0,3.0,2.0,4.0,6.0,3.0,4.0,1.0,4.0,2.0,5.0,192.0,768.0,1.0,1152.0,128.0,1.0,1.0,1.0,1.0,1.0,1.0,1.0,1.0,3.0,6.0,3.0,3.0,5.0,2.0,6.0,2.0,6.0,5.0,1.0,6.0,1.0,4.0,2.0,4.0,6.0,32.0,4.0,1.0,16.0,16.0,1.0,32.0,16.0,1.0,1.0,1.0,1.0,1.0,3.0,1.0,3.0,5.0,1.0,6.0,6.0,6.0,2.0,5.0,1.0,6.0,3.0,3.0,5.0,3.0,1.0,128.0,4.0,1.0,4.0,128.0,1.0,1.0,32.0,1.0,1.0,1.0,1.0,2.0,4.0,1.0,6.0,2.0,6.0,4.0,1.0,2.0,1.0,1.0,3.0,4.0,5.0,4.0,5.0,3.0,2.0,8.0,64.0,1.0,64.0,768.0,1.0,1.0,1.0,1.0,1.0,1.0,1.0,3.0,2.0,2.0,1.0,3.0,4.0,4.0,6.0,5.0,4.0,2.0,2.0,1.0,4.0,6.0,1.0,2.0,1.0,6.0,1.0,1.0,3.0,384.0,1.0,1.0,1.0,1.0,1.0,1.0,1.0,6.0,2.0,1.0,5.0,1.0,1.0,4.0,4.0,6.0,1.0,3.0,4.0,6.0,1.0,6.0,1.0,4.0,4.0,24.0,128.0,1.0,12.0,128.0,1.0,1.0,1.0,1.0,1.0,1.0,1.0,3144317448.0,17832831.0,25137800000.0,50.14011071428571,6656.0,514.0,2260992.0,5.607208166053529e+16,7.378571428571428,0.018750000000000003,78.57142857142857,227620.57142857142
256000.0,4096000.0,256.0,64.0,2.0,6.0,2.0,34.0,1.0,4.0,4.0,6.0,3.0,1.0,6.0,1.0,1.0,3.0,2.0,1.0,4.0,1.0,2.0,6.0,4.0,5.0,3.0,1.0,1.0,2.0,2.0,5.0,8.0,32.0,1.0,288.0,288.0,1.0,1.0,1.0,1.0,1.0,1.0,1.0,4.0,1.0,3.0,2.0,5.0,2.0,2.0,5.0,4.0,1.0,4.0,5.0,5.0,6.0,2.0,1.0,2.0,5.0,8.0,8.0,1.0,4.0,2.0,1.0,64.0,1.0,1.0,1.0,1.0,1.0,6.0,1.0,3.0,2.0,4.0,1.0,5.0,2.0,1.0,4.0,5.0,2.0,4.0,2.0,4.0,1.0,4.0,5.0,4.0,64.0,1.0,32.0,16.0,1.0,32.0,16.0,1.0,1.0,1.0,1.0,5.0,3.0,4.0,2.0,1.0,6.0,5.0,2.0,1.0,5.0,6.0,6.0,5.0,5.0,6.0,4.0,6.0,1.0,256.0,128.0,1.0,1.0,16.0,1.0,1.0,1.0,1.0,1.0,1.0,1.0,1.0,2.0,4.0,2.0,1.0,6.0,4.0,4.0,5.0,5.0,6.0,3.0,1.0,5.0,5.0,5.0,5.0,1.0,1.0,16.0,1.0,128.0,128.0,1.0,1.0,1.0,1.0,1.0,1.0,1.0,3.0,3.0,5.0,2.0,3.0,1.0,1.0,5.0,5.0,4.0,6.0,1.0,2.0,1.0,5.0,5.0,5.0,3.0,1.0,256.0,1.0,24.0,32.0,1.0,1.0,1.0,1.0,1.0,1.0,1.0,1351131360.0,52102888.64,29262800.0,0.33391525,68.0,514.0,80384.0,7.039784678809175e+16,10.892857142857142,4.867903948571429,78.57142857142857,5829.714285714285
1024.0,32000.0,256.0,64.0,3.0,30.0,30.0,2.0,2.0,4.0,2.0,4.0,1.0,2.0,6.0,3.0,3.0,6.0,5.0,6.0,6.0,5.0,2.0,2.0,5.0,1.0,1.0,6.0,2.0,2.0,6.0,2.0,6.0,4.0,1.0,144.0,36.0,1.0,1.0,1.0,1.0,1.0,1.0,1.0,2.0,5.0,4.0,6.0,4.0,3.0,1.0,3.0,1.0,6.0,6.0,5.0,6.0,6.0,3.0,1.0,5.0,4.0,2.0,1.0,1.0,4.0,16.0,1.0,2.0,32.0,1.0,1.0,1.0,1.0,5.0,3.0,4.0,6.0,2.0,5.0,4.0,1.0,6.0,2.0,3.0,2.0,2.0,1.0,1.0,6.0,3.0,1.0,1.0,32.0,1.0,64.0,4.0,1.0,64.0,64.0,1.0,1.0,1.0,1.0,2.0,6.0,5.0,2.0,6.0,6.0,4.0,6.0,1.0,2.0,6.0,6.0,1.0,6.0,2.0,6.0,1.0,6.0,64.0,192.0,1.0,4.0,1.0,1.0,1.0,1.0,1.0,1.0,1.0,1.0,5.0,5.0,2.0,1.0,5.0,3.0,1.0,4.0,3.0,1.0,4.0,5.0,6.0,3.0,2.0,6.0,5.0,1.0,48.0,3.0,1.0,1.0,128.0,1.0,1.0,1.0,1.0,1.0,1.0,1.0,6.0,2.0,3.0,1.0,2.0,3.0,2.0,2.0,1.0,4.0,2.0,1.0,1.0,1.0,3.0,3.0,3.0,4.0,3.0,2.0,1.0,4.0,128.0,1.0,1.0,1.0,1.0,1.0,1.0,1.0,704257848.0,24441348.600000005,2344300000.0,9.80254857142857,1800.0,514.0,1060864.0,1.7213011567253816e+16,9.102039285714287,1.643987357142857,78.57142857142857,81344.0
256000.0,1024000.0,256.0,64.0,1.0,32.0,36.0,28.0,4.0,5.0,4.0,5.0,5.0,1.0,6.0,6.0,2.0,3.0,5.0,1.0,5.0,2.0,6.0,4.0,2.0,3.0,4.0,1.0,2.0,4.0,3.0,3.0,384.0,32.0,1.0,6.0,3.0,1.0,1.0,1.0,1.0,1.0,1.0,1.0,3.0,1.0,6.0,5.0,1.0,5.0,3.0,1.0,4.0,2.0,4.0,5.0,1.0,1.0,1.0,2.0,1.0,2.0,8.0,4.0,1.0,32.0,128.0,1.0,32.0,32.0,1.0,1.0,1.0,1.0,2.0,1.0,4.0,2.0,2.0,1.0,3.0,5.0,4.0,2.0,6.0,1.0,6.0,3.0,4.0,2.0,5.0,6.0,64.0,16.0,1.0,128.0,64.0,1.0,64.0,2.0,1.0,1.0,1.0,1.0,5.0,5.0,2.0,2.0,3.0,5.0,4.0,4.0,3.0,3.0,4.0,3.0,1.0,5.0,1.0,4.0,3.0,5.0,128.0,1.0,1.0,768.0,2.0,1.0,1.0,1.0,1.0,1.0,1.0,1.0,6.0,5.0,2.0,3.0,1.0,5.0,1.0,1.0,3.0,1.0,5.0,3.0,6.0,1.0,6.0,4.0,5.0,3.0,24.0,96.0,1.0,96.0,64.0,1.0,1.0,1.0,1.0,1.0,1.0,1.0,3.0,2.0,6.0,5.0,3.0,5.0,3.0,5.0,4.0,1.0,5.0,3.0,3.0,3.0,3.0,1.0,5.0,2.0,32.0,6.0,1.0,64.0,6.0,1.0,1.0,1.0,1.0,1.0,1.0,1.0,404619600.0,66695142.239999995,11913400.0,0.13622185714285712,28.0,514.0,7480.0,2.69861617750919e+16,25.890839285714286,25.892853571428574,78.57142857142857,1166.2857142857142
512000.0,32000000.0,256.0,64.0,2.0,26.0,14.0,14.0,2.0,4.0,3.0,2.0,1.0,3.0,3.0,3.0,6.0,4.0,6.0,5.0,6.0,5.0,3.0,6.0,6.0,4.0,4.0,2.0,4.0,5.0,3.0,2.0,256.0,256.0,1.0,128.0,12.0,1.0,1.0,1.0,1.0,1.0,1.0,1.0,2.0,3.0,2.0,5.0,4.0,3.0,2.0,4.0,6.0,4.0,2.0,4.0,4.0,4.0,5.0,2.0,2.0,2.0,2.0,16.0,1.0,16.0,64.0,1.0,1.0,8.0,1.0,1.0,1.0,1.0,2.0,5.0,5.0,6.0,2.0,4.0,3.0,1.0,6.0,1.0,6.0,1.0,4.0,4.0,4.0,4.0,3.0,4.0,32.0,32.0,1.0,8.0,64.0,1.0,64.0,16.0,1.0,1.0,1.0,1.0,4.0,6.0,2.0,2.0,4.0,4.0,5.0,3.0,4.0,4.0,2.0,2.0,1.0,4.0,5.0,1.0,2.0,3.0,16.0,8.0,1.0,48.0,8.0,1.0,1.0,1.0,1.0,1.0,1.0,1.0,1.0,6.0,6.0,2.0,3.0,6.0,5.0,3.0,5.0,3.0,4.0,3.0,1.0,6.0,4.0,5.0,4.0,1.0,2.0,16.0,1.0,512.0,24.0,1.0,1.0,1.0,1.0,1.0,1.0,1.0,1.0,6.0,6.0,3.0,5.0,2.0,2.0,1.0,2.0,5.0,4.0,4.0,3.0,4.0,3.0,2.0,6.0,5.0,12.0,192.0,1.0,1.0,2.0,1.0,1.0,1.0,1.0,1.0,1.0,1.0,828937308.0,28273174.559999995,95727200.0,0.9625307142857144,196.0,514.0,194560.0,2.343668920838048e+16,32.79257857142857,5.272659592857143,78.57142857142857,16861.714285714286
256.0,4096000.0,256.0,64.0,2.0,8.0,10.0,2.0,6.0,4.0,3.0,6.0,2.0,6.0,4.0,2.0,1.0,2.0,4.0,3.0,6.0,1.0,3.0,1.0,5.0,6.0,1.0,5.0,1.0,5.0,1.0,3.0,12.0,12.0,1.0,192.0,64.0,1.0,1.0,1.0,1.0,1.0,1.0,1.0,4.0,5.0,2.0,4.0,6.0,6.0,4.0,2.0,5.0,1.0,2.0,3.0,2.0,6.0,6.0,2.0,1.0,1.0,8.0,32.0,1.0,32.0,1.0,1.0,8.0,16.0,1.0,1.0,1.0,1.0,3.0,5.0,6.0,1.0,4.0,1.0,5.0,5.0,3.0,5.0,3.0,1.0,2.0,3.0,1.0,6.0,6.0,2.0,1.0,32.0,1.0,1.0,128.0,1.0,16.0,16.0,1.0,1.0,1.0,1.0,2.0,4.0,5.0,1.0,4.0,1.0,2.0,1.0,2.0,6.0,1.0,1.0,2.0,1.0,5.0,6.0,5.0,3.0,256.0,192.0,1.0,32.0,24.0,1.0,1.0,1.0,1.0,1.0,1.0,1.0,1.0,4.0,3.0,2.0,2.0,2.0,3.0,1.0,2.0,2.0,5.0,2.0,4.0,4.0,1.0,4.0,2.0,2.0,3.0,128.0,1.0,512.0,16.0,1.0,1.0,1.0,1.0,1.0,1.0,1.0,6.0,2.0,5.0,5.0,4.0,2.0,4.0,4.0,5.0,6.0,4.0,6.0,1.0,2.0,2.0,2.0,6.0,3.0,4.0,1024.0,1.0,4.0,64.0,1.0,1.0,1.0,1.0,1.0,1.0,1.0,1290856944.0,19395087.260000005,8664850.0,0.13867474285714282,20.0,514.0,239616.0,2.503628306905694e+16,8.825601428571428,3.5523378857142855,78.57142857142857,12317.142857142857
8192.0,1024000.0,256.0,64.0,3.0,38.0,10.0,18.0,2.0,5.0,1.0,4.0,6.0,3.0,3.0,2.0,6.0,4.0,2.0,4.0,3.0,4.0,4.0,6.0,2.0,5.0,5.0,2.0,3.0,5.0,5.0,5.0,768.0,12.0,1.0,768.0,72.0,1.0,1.0,1.0,1.0,1.0,1.0,1.0,2.0,5.0,3.0,3.0,2.0,6.0,6.0,1.0,4.0,5.0,6.0,3.0,4.0,6.0,2.0,6.0,6.0,1.0,16.0,4.0,1.0,2.0,4.0,1.0,128.0,128.0,1.0,1.0,1.0,1.0,2.0,2.0,2.0,5.0,5.0,5.0,1.0,6.0,2.0,4.0,1.0,4.0,2.0,6.0,5.0,3.0,6.0,5.0,4.0,1.0,1.0,128.0,64.0,1.0,32.0,32.0,1.0,1.0,1.0,1.0,2.0,5.0,5.0,2.0,2.0,4.0,3.0,2.0,5.0,6.0,5.0,4.0,4.0,6.0,1.0,4.0,3.0,4.0,8.0,8.0,1.0,384.0,4.0,1.0,1.0,1.0,1.0,1.0,1.0,1.0,6.0,3.0,4.0,2.0,3.0,5.0,5.0,5.0,6.0,4.0,5.0,6.0,1.0,1.0,2.0,6.0,5.0,3.0,3.0,128.0,1.0,1536.0,3072.0,1.0,1.0,1.0,1.0,1.0,1.0,1.0,3.0,6.0,5.0,1.0,6.0,5.0,6.0,4.0,2.0,3.0,4.0,5.0,5.0,3.0,1.0,5.0,1.0,5.0,1536.0,96.0,1.0,1.0,384.0,1.0,1.0,1.0,1.0,1.0,1.0,1.0,2850376104.0,18666188.479999997,26474000000.0,51.90288214285714,6840.0,514.0,1671168.0,5.320565759615207e+16,2.6766482142857146,0.41406271428571423,78.57142857142857,183314.2857142857
8192.0,128000.0,256.0,64.0,2.0,16.0,26.0,4.0,5.0,4.0,1.0,4.0,2.0,2.0,6.0,6.0,3.0,1.0,4.0,3.0,2.0,6.0,1.0,3.0,6.0,3.0,5.0,4.0,5.0,4.0,5.0,4.0,32.0,768.0,1.0,9.0,768.0,1.0,1.0,1.0,1.0,1.0,1.0,1.0,2.0,2.0,3.0,3.0,2.0,4.0,1.0,2.0,2.0,5.0,6.0,4.0,1.0,3.0,2.0,3.0,1.0,2.0,1.0,1.0,1.0,2.0,8.0,1.0,16.0,1.0,1.0,1.0,1.0,1.0,4.0,5.0,4.0,4.0,3.0,6.0,1.0,6.0,4.0,2.0,3.0,1.0,6.0,2.0,5.0,5.0,1.0,1.0,8.0,2.0,1.0,1.0,4.0,1.0,1.0,64.0,1.0,1.0,1.0,1.0,2.0,3.0,4.0,4.0,2.0,6.0,6.0,4.0,3.0,3.0,5.0,4.0,5.0,1.0,6.0,5.0,2.0,1.0,1.0,16.0,1.0,12.0,12.0,1.0,1.0,1.0,1.0,1.0,1.0,1.0,3.0,1.0,1.0,3.0,5.0,2.0,1.0,6.0,5.0,2.0,1.0,1.0,4.0,4.0,5.0,3.0,6.0,2.0,768.0,768.0,1.0,1536.0,6.0,1.0,1.0,1.0,1.0,1.0,1.0,1.0,2.0,2.0,3.0,1.0,3.0,1.0,5.0,2.0,6.0,4.0,6.0,2.0,1.0,1.0,5.0,2.0,4.0,6.0,384.0,64.0,1.0,24.0,3.0,1.0,1.0,1.0,1.0,1.0,1.0,1.0,1322640864.0,19794331.92,46301800.0,0.5858421785714286,104.0,514.0,436736.0,2.618079227297158e+16,36.33571428571428,19.918985157142863,78.57142857142857,31129.428571428572
2048000.0,16000.0,256.0,64.0,1.0,12.0,16.0,42.0,5.0,6.0,3.0,3.0,4.0,5.0,4.0,4.0,1.0,6.0,4.0,5.0,4.0,3.0,4.0,4.0,3.0,3.0,5.0,6.0,4.0,2.0,2.0,1.0,2.0,4.0,1.0,3.0,32.0,1.0,1.0,1.0,1.0,1.0,1.0,1.0,1.0,6.0,4.0,1.0,1.0,3.0,2.0,2.0,4.0,3.0,2.0,5.0,3.0,1.0,3.0,6.0,1.0,5.0,2.0,16.0,1.0,64.0,1.0,1.0,4.0,64.0,1.0,1.0,1.0,1.0,6.0,2.0,5.0,4.0,1.0,3.0,6.0,4.0,4.0,5.0,3.0,6.0,5.0,1.0,2.0,3.0,4.0,2.0,16.0,64.0,1.0,8.0,4.0,1.0,16.0,32.0,1.0,1.0,1.0,1.0,2.0,1.0,1.0,4.0,5.0,1.0,3.0,3.0,1.0,2.0,1.0,2.0,4.0,4.0,2.0,3.0,2.0,5.0,4.0,32.0,1.0,48.0,8.0,1.0,1.0,1.0,1.0,1.0,1.0,1.0,2.0,4.0,3.0,2.0,5.0,5.0,5.0,3.0,5.0,3.0,3.0,6.0,2.0,5.0,6.0,3.0,6.0,4.0,192.0,6.0,1.0,48.0,128.0,1.0,1.0,1.0,1.0,1.0,1.0,1.0,5.0,2.0,2.0,5.0,1.0,6.0,4.0,1.0,6.0,5.0,4.0,1.0,4.0,3.0,6.0,4.0,1.0,6.0,2.0,1536.0,1.0,64.0,64.0,1.0,1.0,1.0,1.0,1.0,1.0,1.0,273678672.0,67616994.24,17797900.0,0.20156957142857143,42.0,514.0,11092.0,1.850532918823485e+16,33.29452142857143,33.29705,78.57142857142857,1730.2857142857142
512000.0,32000000.0,256.0,64.0,1.0,16.0,44.0,12.0,1.0,6.0,1.0,6.0,3.0,3.0,2.0,6.0,5.0,6.0,5.0,3.0,4.0,5.0,1.0,2.0,6.0,6.0,3.0,5.0,4.0,1.0,1.0,5.0,3.0,32.0,1.0,3.0,64.0,1.0,1.0,1.0,1.0,1.0,1.0,1.0,5.0,1.0,6.0,3.0,4.0,6.0,1.0,6.0,5.0,6.0,5.0,5.0,6.0,5.0,1.0,4.0,1.0,5.0,16.0,32.0,1.0,64.0,32.0,1.0,128.0,64.0,1.0,1.0,1.0,1.0,1.0,6.0,2.0,6.0,6.0,6.0,4.0,6.0,4.0,5.0,4.0,1.0,5.0,2.0,3.0,2.0,2.0,5.0,8.0,32.0,1.0,2.0,8.0,1.0,16.0,4.0,1.0,1.0,1.0,1.0,4.0,5.0,6.0,1.0,1.0,2.0,4.0,3.0,3.0,3.0,3.0,3.0,3.0,6.0,5.0,1.0,2.0,4.0,24.0,48.0,1.0,64.0,384.0,1.0,1.0,1.0,1.0,1.0,1.0,1.0,1.0,4.0,6.0,5.0,1.0,3.0,6.0,5.0,2.0,1.0,4.0,6.0,6.0,5.0,1.0,5.0,3.0,5.0,4.0,384.0,1.0,1.0,256.0,1.0,1.0,1.0,1.0,1.0,1.0,1.0,2.0,5.0,5.0,1.0,1.0,5.0,1.0,6.0,4.0,1.0,3.0,3.0,2.0,3.0,6.0,5.0,2.0,5.0,8.0,48.0,1.0,384.0,3.0,1.0,1.0,1.0,1.0,1.0,1.0,1.0,931922256.0,69449493.60000001,5432820.0,0.06201137142857143,12.0,514.0,3352.0,6.472152875376957e+16,11.688342857142855,11.689242857142858,78.57142857142857,521.7142857142857
512000.0,16000.0,256.0,64.0,2.0,40.0,32.0,44.0,4.0,3.0,6.0,3.0,2.0,2.0,2.0,1.0,3.0,1.0,5.0,3.0,4.0,1.0,1.0,1.0,4.0,6.0,4.0,4.0,6.0,2.0,6.0,4.0,128.0,32.0,1.0,3.0,16.0,1.0,1.0,1.0,1.0,1.0,1.0,1.0,6.0,1.0,6.0,2.0,5.0,2.0,4.0,4.0,2.0,3.0,5.0,5.0,6.0,3.0,4.0,5.0,3.0,5.0,1.0,64.0,1.0,64.0,4.0,1.0,32.0,1.0,1.0,1.0,1.0,1.0,1.0,2.0,3.0,1.0,5.0,1.0,1.0,4.0,5.0,3.0,6.0,1.0,2.0,5.0,4.0,2.0,1.0,4.0,8.0,64.0,1.0,8.0,4.0,1.0,8.0,2.0,1.0,1.0,1.0,1.0,2.0,1.0,3.0,2.0,3.0,2.0,3.0,2.0,6.0,2.0,3.0,2.0,6.0,2.0,2.0,2.0,4.0,5.0,8.0,64.0,1.0,384.0,16.0,1.0,1.0,1.0,1.0,1.0,1.0,1.0,6.0,2.0,1.0,1.0,1.0,1.0,6.0,2.0,2.0,6.0,4.0,5.0,3.0,3.0,5.0,2.0,1.0,1.0,192.0,4.0,1.0,96.0,48.0,1.0,1.0,1.0,1.0,1.0,1.0,1.0,2.0,3.0,1.0,3.0,2.0,1.0,2.0,1.0,2.0,1.0,6.0,5.0,1.0,2.0,5.0,6.0,3.0,5.0,2.0,512.0,1.0,6.0,48.0,1.0,1.0,1.0,1.0,1.0,1.0,1.0,2931850116.0,31185487.159999996,1552570000.0,7.214432142857143,1408.0,514.0,13696.0,9.14311741475625e+16,125.07142857142857,36.185011071428576,78.57142857142857,1944.857142857143
2048000.0,32000000.0,256.0,64.0,3.0,32.0,30.0,8.0,6.0,4.0,6.0,2.0,3.0,6.0,3.0,5.0,2.0,1.0,3.0,5.0,4.0,4.0,6.0,1.0,2.0,5.0,5.0,4.0,5.0,2.0,5.0,3.0,96.0,6.0,1.0,96.0,2.0,1.0,1.0,1.0,1.0,1.0,1.0,1.0,4.0,6.0,5.0,1.0,4.0,6.0,6.0,5.0,2.0,5.0,3.0,4.0,5.0,5.0,2.0,3.0,4.0,6.0,1.0,16.0,1.0,64.0,8.0,1.0,2.0,64.0,1.0,1.0,1.0,1.0,1.0,5.0,3.0,6.0,6.0,3.0,3.0,6.0,1.0,1.0,5.0,2.0,3.0,6.0,3.0,2.0,5.0,4.0,16.0,128.0,1.0,4.0,16.0,1.0,32.0,64.0,1.0,1.0,1.0,1.0,6.0,5.0,3.0,5.0,4.0,5.0,2.0,3.0,5.0,6.0,6.0,4.0,6.0,6.0,5.0,3.0,4.0,1.0,3.0,12.0,1.0,48.0,32.0,1.0,1.0,1.0,1.0,1.0,1.0,1.0,2.0,3.0,3.0,3.0,1.0,1.0,1.0,3.0,3.0,1.0,5.0,1.0,4.0,6.0,4.0,1.0,1.0,1.0,6.0,192.0,1.0,3072.0,768.0,1.0,1.0,1.0,1.0,1.0,1.0,1.0,6.0,1.0,5.0,6.0,2.0,4.0,3.0,6.0,1.0,2.0,2.0,5.0,5.0,4.0,5.0,4.0,6.0,1.0,1536.0,3.0,1.0,6.0,384.0,1.0,1.0,1.0,1.0,1.0,1.0,1.0,3165231564.0,17743143.339999996,33013100000.0,61.627971428571435,7680.0,514.0,5701632.0,5.616115734434437e+16,29.928571428571427,0.11532738214285716,78.57142857142857,358107.4285714286
256.0,512000.0,256.0,64.0,3.0,18.0,22.0,48.0,1.0,4.0,6.0,4.0,3.0,4.0,3.0,5.0,2.0,5.0,2.0,4.0,4.0,6.0,2.0,2.0,5.0,5.0,5.0,6.0,6.0,2.0,6.0,2.0,16.0,32.0,1.0,16.0,4.0,1.0,1.0,1.0,1.0,1.0,1.0,1.0,4.0,5.0,3.0,4.0,3.0,2.0,6.0,5.0,3.0,5.0,5.0,2.0,2.0,3.0,3.0,6.0,2.0,3.0,8.0,64.0,1.0,16.0,64.0,1.0,64.0,32.0,1.0,1.0,1.0,1.0,2.0,1.0,1.0,1.0,1.0,3.0,6.0,3.0,3.0,3.0,4.0,2.0,4.0,2.0,3.0,2.0,5.0,2.0,1.0,2.0,1.0,64.0,4.0,1.0,64.0,1.0,1.0,1.0,1.0,1.0,3.0,4.0,1.0,1.0,3.0,4.0,6.0,6.0,3.0,3.0,1.0,2.0,2.0,4.0,6.0,2.0,1.0,6.0,256.0,24.0,1.0,4.0,4.0,1.0,1.0,1.0,1.0,1.0,1.0,1.0,2.0,4.0,1.0,5.0,6.0,6.0,6.0,2.0,4.0,3.0,2.0,1.0,3.0,6.0,3.0,3.0,5.0,2.0,16.0,32.0,1.0,384.0,96.0,1.0,1.0,1.0,1.0,1.0,1.0,1.0,5.0,2.0,1.0,4.0,4.0,3.0,6.0,5.0,2.0,1.0,2.0,5.0,6.0,4.0,5.0,5.0,4.0,5.0,24.0,24.0,1.0,128.0,3.0,1.0,1.0,1.0,1.0,1.0,1.0,1.0,2692884504.0,21024009.160000004,191435000000.0,243.90610714285714,19008.0,514.0,131072.0,5.661522847891806e+16,11.357142857142858,2.783735321428572,78.57142857142857,30500.571428571428
1024.0,8192000.0,256.0,64.0,3.0,18.0,30.0,34.0,5.0,6.0,2.0,3.0,5.0,6.0,2.0,5.0,6.0,6.0,2.0,6.0,6.0,3.0,1.0,5.0,2.0,5.0,1.0,1.0,4.0,3.0,5.0,5.0,6.0,1.0,1.0,72.0,4.0,1.0,1.0,1.0,1.0,1.0,1.0,1.0,1.0,3.0,2.0,2.0,1.0,6.0,3.0,1.0,3.0,4.0,5.0,2.0,6.0,1.0,6.0,3.0,3.0,5.0,8.0,32.0,1.0,2.0,64.0,1.0,32.0,1.0,1.0,1.0,1.0,1.0,5.0,6.0,3.0,2.0,6.0,2.0,6.0,1.0,5.0,3.0,3.0,3.0,1.0,2.0,3.0,4.0,2.0,5.0,8.0,4.0,1.0,32.0,16.0,1.0,8.0,16.0,1.0,1.0,1.0,1.0,5.0,1.0,3.0,5.0,1.0,6.0,6.0,4.0,5.0,5.0,4.0,1.0,6.0,2.0,5.0,2.0,6.0,4.0,6.0,8.0,1.0,384.0,24.0,1.0,1.0,1.0,1.0,1.0,1.0,1.0,1.0,5.0,5.0,4.0,2.0,4.0,2.0,2.0,2.0,5.0,5.0,2.0,1.0,6.0,2.0,1.0,2.0,5.0,256.0,768.0,1.0,2.0,96.0,1.0,1.0,1.0,1.0,1.0,1.0,1.0,5.0,4.0,5.0,3.0,4.0,4.0,2.0,3.0,2.0,4.0,6.0,1.0,3.0,6.0,2.0,5.0,3.0,2.0,12.0,96.0,1.0,2.0,8.0,1.0,1.0,1.0,1.0,1.0,1.0,1.0,333901680.0,20119818.76,178846000000.0,230.7800357142857,18360.0,514.0,3293184.0,6718041285259517.0,39.857142857142854,0.9879533214285714,78.57142857142857,145725.7142857143
2048.0,16000000.0,256.0,64.0,3.0,46.0,30.0,46.0,1.0,2.0,1.0,3.0,5.0,3.0,3.0,3.0,3.0,2.0,4.0,5.0,3.0,6.0,6.0,5.0,5.0,6.0,3.0,4.0,3.0,4.0,3.0,6.0,4.0,12.0,1.0,48.0,3.0,1.0,1.0,1.0,1.0,1.0,1.0,1.0,3.0,3.0,3.0,5.0,4.0,6.0,6.0,5.0,6.0,5.0,2.0,5.0,6.0,2.0,6.0,1.0,3.0,3.0,4.0,2.0,1.0,128.0,128.0,1.0,8.0,64.0,1.0,1.0,1.0,1.0,5.0,5.0,5.0,4.0,3.0,4.0,3.0,4.0,2.0,1.0,5.0,6.0,2.0,2.0,5.0,1.0,4.0,4.0,2.0,4.0,1.0,4.0,16.0,1.0,4.0,1.0,1.0,1.0,1.0,1.0,3.0,3.0,4.0,6.0,2.0,5.0,1.0,3.0,4.0,3.0,5.0,1.0,2.0,4.0,6.0,6.0,5.0,5.0,4.0,3.0,1.0,384.0,12.0,1.0,1.0,1.0,1.0,1.0,1.0,1.0,6.0,6.0,6.0,4.0,2.0,5.0,2.0,6.0,5.0,2.0,1.0,2.0,3.0,2.0,1.0,4.0,6.0,5.0,384.0,192.0,1.0,16.0,1536.0,1.0,1.0,1.0,1.0,1.0,1.0,1.0,3.0,4.0,2.0,2.0,5.0,2.0,1.0,4.0,3.0,6.0,6.0,2.0,2.0,1.0,6.0,1.0,3.0,2.0,48.0,1024.0,1.0,1.0,24.0,1.0,1.0,1.0,1.0,1.0,1.0,1.0,11196046668.0,20494364.560000006,2077980000000.0,2051.338928571429,63480.0,514.0,1671168.0,2.2945586204476534e+17,1.0,0.1878602964285714,78.57142857142857,83072.0
256.0,32000.0,256.0,64.0,3.0,40.0,32.0,14.0,6.0,1.0,4.0,5.0,1.0,4.0,3.0,1.0,5.0,3.0,2.0,5.0,1.0,2.0,2.0,3.0,5.0,1.0,3.0,5.0,2.0,4.0,4.0,4.0,192.0,256.0,1.0,4.0,6.0,1.0,1.0,1.0,1.0,1.0,1.0,1.0,6.0,1.0,5.0,3.0,1.0,4.0,6.0,3.0,6.0,5.0,4.0,1.0,3.0,6.0,5.0,1.0,4.0,5.0,2.0,4.0,1.0,4.0,1.0,1.0,8.0,4.0,1.0,1.0,1.0,1.0,5.0,4.0,6.0,6.0,2.0,6.0,6.0,5.0,5.0,3.0,1.0,2.0,5.0,4.0,2.0,6.0,1.0,2.0,16.0,16.0,1.0,2.0,1.0,1.0,8.0,32.0,1.0,1.0,1.0,1.0,4.0,5.0,6.0,4.0,4.0,5.0,3.0,1.0,5.0,2.0,2.0,5.0,6.0,5.0,3.0,2.0,1.0,2.0,6.0,4.0,1.0,128.0,2.0,1.0,1.0,1.0,1.0,1.0,1.0,1.0,6.0,6.0,6.0,2.0,6.0,6.0,3.0,6.0,2.0,5.0,6.0,5.0,6.0,4.0,5.0,4.0,1.0,5.0,16.0,24.0,1.0,2.0,3.0,1.0,1.0,1.0,1.0,1.0,1.0,1.0,6.0,5.0,1.0,2.0,3.0,6.0,2.0,1.0,5.0,2.0,5.0,3.0,2.0,4.0,4.0,3.0,4.0,5.0,3.0,12.0,1.0,6.0,64.0,1.0,1.0,1.0,1.0,1.0,1.0,1.0,1153493796.0,17904149.64,170541000000.0,221.41389285714288,17920.0,514.0,207360.0,2.0652325532395636e+16,58.55612142857143,3.317957653571429,78.57142857142857,31817.14285714286
8192.0,1024000.0,256.0,64.0,3.0,44.0,44.0,2.0,6.0,3.0,6.0,3.0,6.0,2.0,4.0,1.0,3.0,4.0,1.0,5.0,4.0,5.0,3.0,5.0,6.0,2.0,5.0,2.0,1.0,1.0,3.0,1.0,256.0,128.0,1.0,128.0,12.0,1.0,1.0,1.0,1.0,1.0,1.0,1.0,4.0,6.0,6.0,5.0,5.0,5.0,5.0,3.0,6.0,6.0,1.0,5.0,4.0,1.0,3.0,1.0,5.0,6.0,8.0,1.0,1.0,8.0,16.0,1.0,16.0,2.0,1.0,1.0,1.0,1.0,5.0,4.0,1.0,3.0,6.0,6.0,3.0,2.0,2.0,1.0,5.0,2.0,2.0,2.0,6.0,3.0,6.0,5.0,32.0,128.0,1.0,32.0,128.0,1.0,8.0,16.0,1.0,1.0,1.0,1.0,4.0,6.0,6.0,4.0,2.0,6.0,2.0,1.0,5.0,6.0,6.0,1.0,1.0,3.0,6.0,3.0,1.0,6.0,32.0,64.0,1.0,3.0,128.0,1.0,1.0,1.0,1.0,1.0,1.0,1.0,1.0,6.0,3.0,1.0,6.0,4.0,4.0,5.0,6.0,3.0,4.0,1.0,5.0,3.0,6.0,3.0,2.0,1.0,128.0,6.0,1.0,3.0,3072.0,1.0,1.0,1.0,1.0,1.0,1.0,1.0,5.0,4.0,3.0,2.0,3.0,5.0,4.0,3.0,4.0,5.0,2.0,6.0,3.0,4.0,2.0,6.0,2.0,3.0,16.0,64.0,1.0,12.0,6.0,1.0,1.0,1.0,1.0,1.0,1.0,1.0,1814955384.0,17780353.560000002,9130820000.0,24.963239285714284,3872.0,514.0,5701632.0,3.2270548423145572e+16,29.892857142857142,1.420203035714286,78.57142857142857,281856.0
32000.0,16000000.0,256.0,64.0,3.0,30.0,20.0,6.0,2.0,6.0,1.0,3.0,5.0,5.0,6.0,3.0,1.0,1.0,3.0,3.0,4.0,2.0,1.0,6.0,4.0,2.0,6.0,2.0,3.0,1.0,1.0,1.0,12.0,2.0,1.0,288.0,24.0,1.0,1.0,1.0,1.0,1.0,1.0,1.0,4.0,5.0,1.0,2.0,4.0,2.0,5.0,2.0,6.0,6.0,6.0,6.0,5.0,5.0,2.0,4.0,5.0,1.0,4.0,8.0,1.0,2.0,64.0,1.0,4.0,1.0,1.0,1.0,1.0,1.0,6.0,2.0,2.0,1.0,2.0,2.0,3.0,6.0,3.0,3.0,3.0,3.0,3.0,5.0,4.0,1.0,3.0,4.0,64.0,2.0,1.0,64.0,4.0,1.0,8.0,4.0,1.0,1.0,1.0,1.0,5.0,2.0,5.0,5.0,4.0,3.0,2.0,4.0,1.0,3.0,6.0,2.0,1.0,1.0,6.0,5.0,1.0,4.0,3.0,16.0,1.0,32.0,12.0,1.0,1.0,1.0,1.0,1.0,1.0,1.0,4.0,5.0,1.0,4.0,2.0,1.0,3.0,3.0,6.0,6.0,3.0,6.0,3.0,5.0,6.0,2.0,2.0,2.0,16.0,4.0,1.0,1024.0,2.0,1.0,1.0,1.0,1.0,1.0,1.0,1.0,1.0,2.0,3.0,4.0,1.0,5.0,3.0,2.0,2.0,1.0,3.0,4.0,3.0,5.0,2.0,4.0,6.0,6.0,8.0,768.0,1.0,12.0,12.0,1.0,1.0,1.0,1.0,1.0,1.0,1.0,1919438712.0,19497695.84,7989980000.0,22.186557142857147,3600.0,514.0,841728.0,3.742463219009736e+16,3.726189285714286,0.12462832142857144,78.57142857142857,89737.14285714286
2048000.0,256000.0,256.0,64.0,1.0,20.0,32.0,20.0,2.0,2.0,4.0,5.0,6.0,2.0,1.0,3.0,4.0,5.0,4.0,6.0,1.0,2.0,2.0,3.0,2.0,1.0,3.0,3.0,6.0,1.0,1.0,1.0,256.0,48.0,1.0,64.0,6.0,1.0,1.0,1.0,1.0,1.0,1.0,1.0,3.0,3.0,3.0,6.0,4.0,3.0,1.0,4.0,5.0,2.0,3.0,3.0,4.0,5.0,4.0,4.0,5.0,2.0,32.0,64.0,1.0,16.0,8.0,1.0,16.0,128.0,1.0,1.0,1.0,1.0,3.0,6.0,5.0,6.0,4.0,5.0,3.0,1.0,3.0,3.0,4.0,2.0,6.0,5.0,6.0,2.0,6.0,3.0,4.0,64.0,1.0,64.0,1.0,1.0,1.0,64.0,1.0,1.0,1.0,1.0,6.0,5.0,2.0,2.0,2.0,2.0,2.0,3.0,2.0,3.0,4.0,4.0,4.0,5.0,1.0,4.0,4.0,4.0,192.0,16.0,1.0,128.0,1.0,1.0,1.0,1.0,1.0,1.0,1.0,1.0,3.0,1.0,6.0,5.0,6.0,2.0,5.0,4.0,6.0,5.0,4.0,5.0,1.0,2.0,6.0,1.0,6.0,1.0,16.0,128.0,1.0,2.0,3.0,1.0,1.0,1.0,1.0,1.0,1.0,1.0,1.0,4.0,2.0,4.0,3.0,1.0,3.0,4.0,2.0,1.0,2.0,4.0,5.0,5.0,3.0,2.0,3.0,5.0,48.0,8.0,1.0,8.0,12.0,1.0,1.0,1.0,1.0,1.0,1.0,1.0,11173626192.0,88471120.80000001,8639980.0,0.09645177142857142,20.0,514.0,514.0,9.885432326064762e+17,1.0,1.0039046428571428,78.57142857142857,78.57142857142857
8192.0,64000.0,256.0,64.0,3.0,44.0,6.0,30.0,5.0,6.0,2.0,4.0,6.0,5.0,5.0,5.0,3.0,6.0,6.0,4.0,4.0,2.0,2.0,3.0,6.0,6.0,4.0,2.0,4.0,2.0,3.0,2.0,768.0,3.0,1.0,144.0,768.0,1.0,1.0,1.0,1.0,1.0,1.0,1.0,6.0,6.0,6.0,5.0,3.0,4.0,5.0,3.0,1.0,2.0,2.0,6.0,1.0,1.0,4.0,3.0,6.0,6.0,64.0,2.0,1.0,32.0,8.0,1.0,16.0,1.0,1.0,1.0,1.0,1.0,6.0,3.0,6.0,3.0,1.0,1.0,5.0,5.0,2.0,6.0,5.0,3.0,5.0,5.0,3.0,3.0,1.0,6.0,1.0,8.0,1.0,16.0,4.0,1.0,2.0,32.0,1.0,1.0,1.0,1.0,5.0,3.0,3.0,4.0,1.0,4.0,1.0,1.0,2.0,3.0,3.0,2.0,4.0,1.0,4.0,1.0,1.0,6.0,32.0,64.0,1.0,768.0,192.0,1.0,1.0,1.0,1.0,1.0,1.0,1.0,4.0,1.0,3.0,1.0,1.0,1.0,6.0,2.0,2.0,6.0,6.0,6.0,3.0,6.0,3.0,2.0,6.0,1.0,1.0,64.0,1.0,24.0,1536.0,1.0,1.0,1.0,1.0,1.0,1.0,1.0,4.0,2.0,4.0,2.0,2.0,5.0,3.0,6.0,5.0,1.0,3.0,2.0,5.0,3.0,3.0,6.0,2.0,5.0,6.0,64.0,1.0,192.0,24.0,1.0,1.0,1.0,1.0,1.0,1.0,1.0,2369703504.0,18046635.6,35013200000.0,63.836842857142855,7920.0,514.0,4128768.0,4.2765175616731144e+16,8.678571428571429,0.30952382142857143,78.57142857142857,209993.14285714287
2048.0,1024000.0,256.0,64.0,2.0,48.0,32.0,32.0,5.0,5.0,4.0,4.0,2.0,6.0,2.0,3.0,2.0,2.0,1.0,2.0,5.0,3.0,3.0,5.0,5.0,3.0,4.0,3.0,1.0,5.0,1.0,1.0,192.0,384.0,1.0,16.0,256.0,1.0,1.0,1.0,1.0,1.0,1.0,1.0,5.0,2.0,2.0,5.0,4.0,1.0,4.0,5.0,4.0,2.0,3.0,3.0,6.0,5.0,6.0,4.0,3.0,5.0,4.0,32.0,1.0,4.0,2.0,1.0,8.0,16.0,1.0,1.0,1.0,1.0,5.0,1.0,2.0,5.0,1.0,1.0,4.0,6.0,3.0,3.0,3.0,3.0,5.0,2.0,4.0,3.0,1.0,6.0,8.0,4.0,1.0,128.0,16.0,1.0,32.0,32.0,1.0,1.0,1.0,1.0,2.0,3.0,5.0,4.0,2.0,4.0,2.0,4.0,6.0,3.0,5.0,6.0,4.0,5.0,4.0,5.0,4.0,2.0,48.0,128.0,1.0,8.0,192.0,1.0,1.0,1.0,1.0,1.0,1.0,1.0,5.0,2.0,4.0,6.0,4.0,2.0,5.0,2.0,2.0,6.0,3.0,2.0,2.0,4.0,6.0,3.0,5.0,3.0,768.0,12.0,1.0,16.0,1536.0,1.0,1.0,1.0,1.0,1.0,1.0,1.0,2.0,6.0,5.0,6.0,3.0,3.0,4.0,1.0,2.0,1.0,5.0,2.0,5.0,6.0,2.0,1.0,4.0,2.0,768.0,4.0,1.0,768.0,768.0,1.0,1.0,1.0,1.0,1.0,1.0,1.0,1410066276.0,24197356.34,928981000.0,5.108778928571429,1024.0,514.0,203776.0,3.4119876143388788e+16,6.0,1.426276142857143,78.57142857142857,10859.42857142857
64000.0,64000.0,256.0,64.0,3.0,34.0,40.0,18.0,4.0,5.0,2.0,6.0,4.0,2.0,4.0,3.0,3.0,5.0,5.0,4.0,1.0,3.0,5.0,1.0,4.0,1.0,6.0,1.0,2.0,2.0,5.0,4.0,48.0,384.0,1.0,18.0,2304.0,1.0,1.0,1.0,1.0,1.0,1.0,1.0,1.0,4.0,4.0,1.0,6.0,2.0,3.0,2.0,1.0,2.0,5.0,6.0,3.0,1.0,5.0,6.0,4.0,3.0,2.0,8.0,1.0,32.0,2.0,1.0,32.0,4.0,1.0,1.0,1.0,1.0,1.0,3.0,5.0,6.0,5.0,5.0,6.0,1.0,4.0,2.0,6.0,4.0,6.0,6.0,6.0,1.0,6.0,6.0,2.0,8.0,1.0,128.0,8.0,1.0,8.0,2.0,1.0,1.0,1.0,1.0,5.0,4.0,2.0,3.0,3.0,4.0,6.0,6.0,4.0,6.0,3.0,5.0,6.0,2.0,6.0,6.0,4.0,1.0,768.0,4.0,1.0,4.0,4.0,1.0,1.0,1.0,1.0,1.0,1.0,1.0,5.0,3.0,2.0,1.0,2.0,5.0,6.0,5.0,2.0,2.0,2.0,6.0,1.0,4.0,3.0,5.0,6.0,6.0,4.0,2.0,1.0,256.0,16.0,1.0,1.0,1.0,1.0,1.0,1.0,1.0,5.0,2.0,2.0,6.0,4.0,4.0,6.0,5.0,5.0,6.0,4.0,3.0,6.0,1.0,5.0,2.0,1.0,6.0,256.0,192.0,1.0,3.0,128.0,1.0,1.0,1.0,1.0,1.0,1.0,1.0,367164528.0,21926743.259999998,314809000000.0,373.03989285714283,24480.0,514.0,2457600.0,8050722339635081.0,59.73296428571429,3.735086785714286,78.57142857142857,106477.71428571429
1024000.0,128000.0,256.0,64.0,3.0,6.0,36.0,18.0,1.0,6.0,2.0,5.0,2.0,6.0,6.0,3.0,6.0,5.0,4.0,5.0,3.0,4.0,1.0,2.0,4.0,4.0,1.0,1.0,1.0,4.0,3.0,4.0,6.0,4.0,1.0,4.0,16.0,1.0,1.0,1.0,1.0,1.0,1.0,1.0,6.0,6.0,6.0,2.0,5.0,1.0,2.0,4.0,1.0,5.0,1.0,3.0,4.0,3.0,1.0,2.0,1.0,2.0,32.0,4.0,1.0,16.0,16.0,1.0,1.0,32.0,1.0,1.0,1.0,1.0,5.0,5.0,1.0,4.0,6.0,6.0,1.0,4.0,4.0,6.0,2.0,6.0,4.0,1.0,5.0,1.0,2.0,5.0,4.0,128.0,1.0,128.0,4.0,1.0,8.0,32.0,1.0,1.0,1.0,1.0,5.0,1.0,4.0,3.0,4.0,4.0,2.0,2.0,3.0,6.0,4.0,6.0,3.0,6.0,6.0,1.0,3.0,4.0,128.0,384.0,1.0,1.0,192.0,1.0,1.0,1.0,1.0,1.0,1.0,1.0,4.0,6.0,5.0,2.0,5.0,2.0,1.0,6.0,4.0,6.0,5.0,6.0,6.0,4.0,4.0,3.0,5.0,5.0,96.0,8.0,1.0,8.0,8.0,1.0,1.0,1.0,1.0,1.0,1.0,1.0,3.0,4.0,3.0,4.0,2.0,2.0,2.0,6.0,3.0,1.0,2.0,2.0,3.0,3.0,2.0,6.0,6.0,5.0,64.0,1024.0,1.0,16.0,64.0,1.0,1.0,1.0,1.0,1.0,1.0,1.0,2078540472.0,20155199.679999996,9199770000.0,24.464449999999996,3888.0,514.0,1146880.0,4.189339825612144e+16,2.9285714285714284,0.041155142857142855,78.57142857142857,100630.85714285714
512.0,512000.0,256.0,64.0,3.0,30.0,20.0,12.0,4.0,5.0,5.0,2.0,2.0,5.0,1.0,5.0,2.0,3.0,1.0,6.0,4.0,5.0,3.0,2.0,5.0,1.0,5.0,5.0,5.0,5.0,5.0,2.0,32.0,3.0,1.0,384.0,48.0,1.0,1.0,1.0,1.0,1.0,1.0,1.0,6.0,5.0,1.0,2.0,6.0,5.0,5.0,4.0,3.0,2.0,1.0,3.0,5.0,4.0,2.0,1.0,1.0,2.0,4.0,32.0,1.0,128.0,2.0,1.0,4.0,64.0,1.0,1.0,1.0,1.0,1.0,1.0,4.0,5.0,4.0,1.0,3.0,6.0,2.0,1.0,1.0,6.0,4.0,2.0,5.0,6.0,2.0,1.0,16.0,8.0,1.0,32.0,128.0,1.0,32.0,32.0,1.0,1.0,1.0,1.0,2.0,5.0,4.0,2.0,2.0,5.0,6.0,5.0,6.0,1.0,3.0,1.0,2.0,3.0,2.0,5.0,3.0,1.0,4.0,4.0,1.0,24.0,8.0,1.0,1.0,1.0,1.0,1.0,1.0,1.0,2.0,4.0,5.0,3.0,1.0,1.0,4.0,1.0,5.0,4.0,2.0,5.0,1.0,1.0,4.0,1.0,5.0,3.0,32.0,256.0,1.0,32.0,24.0,1.0,1.0,1.0,1.0,1.0,1.0,1.0,6.0,2.0,6.0,2.0,3.0,1.0,2.0,4.0,5.0,6.0,6.0,3.0,1.0,3.0,6.0,2.0,4.0,4.0,16.0,192.0,1.0,384.0,384.0,1.0,1.0,1.0,1.0,1.0,1.0,1.0,2633390616.0,19087301.740000002,29188100000.0,55.42294642857144,7200.0,514.0,802816.0,5.026432128687648e+16,9.0,0.15001868928571427,78.57142857142857,92402.28571428571
16000.0,32000000.0,256.0,64.0,2.0,8.0,42.0,12.0,3.0,2.0,1.0,3.0,3.0,3.0,1.0,3.0,6.0,6.0,6.0,2.0,5.0,1.0,1.0,4.0,3.0,6.0,1.0,5.0,3.0,2.0,6.0,1.0,3.0,8.0,1.0,576.0,8.0,1.0,1.0,1.0,1.0,1.0,1.0,1.0,1.0,3.0,4.0,1.0,5.0,2.0,4.0,2.0,2.0,2.0,1.0,3.0,5.0,4.0,5.0,4.0,5.0,4.0,32.0,64.0,1.0,128.0,4.0,1.0,4.0,128.0,1.0,1.0,1.0,1.0,6.0,2.0,5.0,5.0,1.0,5.0,3.0,1.0,6.0,6.0,5.0,2.0,4.0,6.0,5.0,4.0,2.0,3.0,1.0,8.0,1.0,64.0,8.0,1.0,2.0,64.0,1.0,1.0,1.0,1.0,3.0,3.0,4.0,6.0,6.0,2.0,5.0,6.0,5.0,2.0,5.0,5.0,1.0,2.0,3.0,5.0,1.0,3.0,6.0,12.0,1.0,2.0,2.0,1.0,1.0,1.0,1.0,1.0,1.0,1.0,1.0,4.0,4.0,4.0,1.0,3.0,3.0,3.0,6.0,5.0,1.0,1.0,2.0,5.0,3.0,1.0,2.0,6.0,3.0,3.0,1.0,96.0,768.0,1.0,1.0,1.0,1.0,1.0,1.0,1.0,2.0,6.0,3.0,4.0,3.0,6.0,4.0,1.0,4.0,1.0,5.0,1.0,6.0,1.0,5.0,6.0,3.0,5.0,512.0,4.0,1.0,256.0,32.0,1.0,1.0,1.0,1.0,1.0,1.0,1.0,372087780.0,19998783.26,324051000.0,2.4172946428571427,504.0,514.0,81024.0,7441302865914563.0,19.770139285714283,7.068637142857142,78.57142857142857,9588.0
1024000.0,16000000.0,256.0,64.0,1.0,14.0,18.0,38.0,6.0,5.0,3.0,2.0,6.0,6.0,5.0,5.0,4.0,6.0,6.0,3.0,4.0,4.0,1.0,6.0,6.0,6.0,5.0,1.0,4.0,2.0,4.0,4.0,128.0,6.0,1.0,3.0,256.0,1.0,1.0,1.0,1.0,1.0,1.0,1.0,3.0,6.0,2.0,6.0,6.0,3.0,2.0,3.0,3.0,2.0,4.0,6.0,6.0,3.0,4.0,4.0,4.0,5.0,8.0,8.0,1.0,8.0,128.0,1.0,64.0,2.0,1.0,1.0,1.0,1.0,4.0,4.0,2.0,3.0,1.0,4.0,1.0,2.0,5.0,5.0,3.0,2.0,6.0,3.0,5.0,6.0,2.0,1.0,32.0,32.0,1.0,8.0,2.0,1.0,8.0,16.0,1.0,1.0,1.0,1.0,2.0,6.0,3.0,1.0,1.0,2.0,1.0,2.0,5.0,2.0,2.0,4.0,5.0,2.0,6.0,4.0,4.0,1.0,32.0,384.0,1.0,2.0,32.0,1.0,1.0,1.0,1.0,1.0,1.0,1.0,1.0,2.0,2.0,6.0,5.0,5.0,3.0,5.0,2.0,6.0,6.0,1.0,3.0,2.0,1.0,3.0,1.0,5.0,16.0,24.0,1.0,384.0,8.0,1.0,1.0,1.0,1.0,1.0,1.0,1.0,6.0,5.0,5.0,5.0,2.0,3.0,2.0,4.0,1.0,5.0,4.0,3.0,6.0,1.0,3.0,5.0,5.0,3.0,512.0,1536.0,1.0,384.0,256.0,1.0,1.0,1.0,1.0,1.0,1.0,1.0,303170784.0,20836073.28,16096200.0,0.1828814285714286,38.0,514.0,10060.0,6316888671779052.0,32.70143214285714,27.578324285714285,78.57142857142857,1569.142857142857
64000.0,4096000.0,256.0,64.0,3.0,2.0,34.0,34.0,3.0,3.0,4.0,2.0,1.0,3.0,4.0,4.0,4.0,4.0,3.0,4.0,5.0,5.0,3.0,3.0,3.0,6.0,5.0,6.0,4.0,5.0,1.0,5.0,1.0,8.0,1.0,6.0,16.0,1.0,1.0,1.0,1.0,1.0,1.0,1.0,3.0,2.0,3.0,6.0,3.0,2.0,2.0,6.0,6.0,1.0,1.0,5.0,1.0,1.0,1.0,1.0,3.0,1.0,16.0,32.0,1.0,4.0,64.0,1.0,4.0,32.0,1.0,1.0,1.0,1.0,2.0,5.0,6.0,3.0,3.0,3.0,1.0,6.0,4.0,5.0,1.0,1.0,4.0,5.0,1.0,1.0,3.0,6.0,8.0,128.0,1.0,2.0,32.0,1.0,64.0,16.0,1.0,1.0,1.0,1.0,3.0,1.0,5.0,2.0,1.0,2.0,3.0,4.0,5.0,1.0,6.0,2.0,2.0,6.0,4.0,6.0,3.0,4.0,192.0,2.0,1.0,256.0,24.0,1.0,1.0,1.0,1.0,1.0,1.0,1.0,3.0,6.0,5.0,1.0,6.0,5.0,3.0,4.0,3.0,2.0,1.0,6.0,5.0,6.0,3.0,5.0,6.0,5.0,128.0,24.0,1.0,1536.0,384.0,1.0,1.0,1.0,1.0,1.0,1.0,1.0,3.0,1.0,5.0,4.0,5.0,6.0,2.0,2.0,4.0,3.0,1.0,3.0,5.0,3.0,5.0,4.0,5.0,2.0,256.0,12.0,1.0,3.0,1.0,1.0,1.0,1.0,1.0,1.0,1.0,1.0,276632448.0,19377420.4,3614100000.0,12.950278571428571,2312.0,514.0,819200.0,5360423241177139.0,57.357142857142854,0.6873641785714286,78.57142857142857,58825.142857142855
128000.0,16000000.0,256.0,64.0,1.0,12.0,28.0,4.0,3.0,5.0,6.0,5.0,3.0,5.0,6.0,5.0,2.0,4.0,5.0,5.0,4.0,4.0,1.0,2.0,6.0,5.0,2.0,1.0,4.0,6.0,6.0,2.0,3.0,12.0,1.0,16.0,576.0,1.0,1.0,1.0,1.0,1.0,1.0,1.0,4.0,1.0,1.0,1.0,5.0,4.0,4.0,6.0,6.0,3.0,3.0,3.0,6.0,6.0,3.0,4.0,5.0,6.0,2.0,1.0,1.0,8.0,1.0,1.0,4.0,4.0,1.0,1.0,1.0,1.0,2.0,5.0,4.0,4.0,6.0,5.0,6.0,4.0,3.0,1.0,5.0,6.0,5.0,2.0,3.0,2.0,3.0,2.0,64.0,1.0,1.0,8.0,1.0,1.0,32.0,16.0,1.0,1.0,1.0,1.0,4.0,3.0,6.0,1.0,4.0,1.0,3.0,5.0,5.0,2.0,2.0,3.0,4.0,5.0,5.0,3.0,1.0,6.0,6.0,64.0,1.0,768.0,4.0,1.0,1.0,1.0,1.0,1.0,1.0,1.0,5.0,2.0,5.0,5.0,3.0,3.0,2.0,6.0,3.0,3.0,5.0,6.0,4.0,2.0,4.0,2.0,6.0,5.0,128.0,2.0,1.0,3.0,1.0,1.0,1.0,1.0,1.0,1.0,1.0,1.0,2.0,1.0,1.0,4.0,2.0,4.0,6.0,2.0,6.0,6.0,3.0,6.0,3.0,4.0,6.0,6.0,6.0,5.0,16.0,1536.0,1.0,96.0,64.0,1.0,1.0,1.0,1.0,1.0,1.0,1.0,10947133776.0,87924987.83999999,2290310.0,0.02454884285714285,4.0,514.0,514.0,9.625266041376531e+17,3.5714285714285716,3.5722989285714286,78.57142857142857,88.85714285714286
512.0,128000.0,256.0,64.0,2.0,20.0,6.0,32.0,3.0,3.0,1.0,1.0,6.0,3.0,1.0,2.0,1.0,3.0,5.0,1.0,1.0,4.0,1.0,5.0,3.0,2.0,3.0,3.0,5.0,6.0,3.0,4.0,48.0,128.0,1.0,2.0,144.0,1.0,1.0,1.0,1.0,1.0,1.0,1.0,2.0,4.0,3.0,5.0,4.0,1.0,6.0,1.0,1.0,3.0,6.0,2.0,2.0,4.0,3.0,4.0,4.0,6.0,4.0,32.0,1.0,128.0,1.0,1.0,16.0,128.0,1.0,1.0,1.0,1.0,2.0,1.0,2.0,6.0,6.0,2.0,3.0,2.0,3.0,6.0,6.0,2.0,2.0,3.0,5.0,5.0,2.0,3.0,4.0,32.0,1.0,2.0,4.0,1.0,1.0,8.0,1.0,1.0,1.0,1.0,6.0,6.0,6.0,6.0,3.0,4.0,4.0,3.0,6.0,1.0,3.0,3.0,2.0,2.0,6.0,1.0,4.0,1.0,4.0,128.0,1.0,768.0,96.0,1.0,1.0,1.0,1.0,1.0,1.0,1.0,5.0,2.0,3.0,4.0,4.0,1.0,1.0,3.0,3.0,6.0,4.0,6.0,2.0,4.0,3.0,3.0,3.0,1.0,384.0,128.0,1.0,32.0,8.0,1.0,1.0,1.0,1.0,1.0,1.0,1.0,2.0,4.0,3.0,1.0,5.0,6.0,6.0,4.0,4.0,1.0,1.0,4.0,3.0,6.0,3.0,6.0,3.0,5.0,384.0,96.0,1.0,256.0,192.0,1.0,1.0,1.0,1.0,1.0,1.0,1.0,667276620.0,28498312.96,93389000.0,0.9089939285714285,192.0,514.0,110592.0,1.9016257947650996e+16,6.714285714285714,3.1684700357142854,78.57142857142857,6756.0
4096.0,32000.0,256.0,64.0,2.0,46.0,6.0,48.0,3.0,6.0,1.0,3.0,4.0,3.0,5.0,3.0,4.0,4.0,1.0,1.0,1.0,4.0,1.0,3.0,5.0,5.0,1.0,1.0,3.0,1.0,5.0,2.0,3.0,768.0,1.0,2.0,2304.0,1.0,1.0,1.0,1.0,1.0,1.0,1.0,4.0,5.0,3.0,3.0,2.0,3.0,5.0,4.0,5.0,5.0,4.0,1.0,2.0,6.0,1.0,1.0,1.0,5.0,8.0,8.0,1.0,16.0,1.0,1.0,32.0,8.0,1.0,1.0,1.0,1.0,4.0,2.0,2.0,4.0,3.0,4.0,6.0,6.0,5.0,2.0,6.0,4.0,2.0,5.0,5.0,2.0,1.0,3.0,32.0,1.0,1.0,8.0,2.0,1.0,64.0,4.0,1.0,1.0,1.0,1.0,6.0,6.0,6.0,3.0,2.0,3.0,4.0,3.0,2.0,1.0,3.0,1.0,1.0,5.0,6.0,4.0,2.0,6.0,48.0,32.0,1.0,256.0,24.0,1.0,1.0,1.0,1.0,1.0,1.0,1.0,4.0,1.0,5.0,1.0,6.0,2.0,4.0,4.0,4.0,4.0,6.0,5.0,5.0,1.0,3.0,6.0,6.0,5.0,64.0,16.0,1.0,3072.0,12.0,1.0,1.0,1.0,1.0,1.0,1.0,1.0,1.0,3.0,3.0,3.0,5.0,1.0,3.0,2.0,6.0,5.0,1.0,4.0,6.0,5.0,1.0,4.0,3.0,3.0,768.0,1.0,1.0,1.0,24.0,1.0,1.0,1.0,1.0,1.0,1.0,1.0,1896422136.0,40073269.68,153790000.0,1.3487982142857144,288.0,514.0,54272.0,7.599583568304963e+16,5.81868357142857,2.8305926428571433,78.57142857142857,3221.285714285714
256.0,8192000.0,256.0,64.0,2.0,26.0,40.0,44.0,3.0,2.0,5.0,2.0,3.0,3.0,6.0,6.0,3.0,6.0,6.0,2.0,6.0,3.0,3.0,1.0,3.0,2.0,6.0,3.0,1.0,1.0,5.0,1.0,1.0,24.0,1.0,8.0,9.0,1.0,1.0,1.0,1.0,1.0,1.0,1.0,2.0,2.0,4.0,3.0,1.0,3.0,4.0,4.0,5.0,2.0,5.0,5.0,1.0,1.0,6.0,3.0,2.0,3.0,16.0,2.0,1.0,64.0,8.0,1.0,1.0,1.0,1.0,1.0,1.0,1.0,3.0,4.0,4.0,4.0,2.0,2.0,3.0,3.0,4.0,6.0,1.0,6.0,5.0,2.0,6.0,3.0,2.0,4.0,16.0,16.0,1.0,32.0,2.0,1.0,32.0,32.0,1.0,1.0,1.0,1.0,3.0,3.0,4.0,4.0,5.0,4.0,6.0,1.0,3.0,1.0,1.0,1.0,6.0,2.0,1.0,3.0,3.0,5.0,24.0,384.0,1.0,384.0,96.0,1.0,1.0,1.0,1.0,1.0,1.0,1.0,3.0,2.0,4.0,3.0,6.0,5.0,3.0,6.0,1.0,2.0,3.0,2.0,4.0,5.0,2.0,3.0,2.0,4.0,6.0,192.0,1.0,1024.0,3072.0,1.0,1.0,1.0,1.0,1.0,1.0,1.0,4.0,4.0,6.0,3.0,1.0,1.0,6.0,3.0,2.0,2.0,5.0,5.0,5.0,1.0,4.0,3.0,4.0,5.0,8.0,4.0,1.0,48.0,24.0,1.0,1.0,1.0,1.0,1.0,1.0,1.0,4276652496.0,36337698.32,2256270000.0,9.323881428571429,1760.0,514.0,275968.0,1.55403708219123e+17,42.392857142857146,13.269574035714285,78.57142857142857,12834.857142857143
256000.0,256000.0,256.0,64.0,2.0,38.0,10.0,28.0,1.0,3.0,2.0,2.0,2.0,5.0,4.0,5.0,5.0,4.0,1.0,5.0,5.0,6.0,3.0,2.0,2.0,3.0,3.0,3.0,3.0,2.0,3.0,5.0,128.0,16.0,1.0,1152.0,48.0,1.0,1.0,1.0,1.0,1.0,1.0,1.0,6.0,1.0,3.0,1.0,4.0,1.0,2.0,3.0,6.0,4.0,6.0,1.0,3.0,1.0,5.0,2.0,3.0,6.0,1.0,4.0,1.0,16.0,2.0,1.0,64.0,16.0,1.0,1.0,1.0,1.0,3.0,4.0,3.0,3.0,1.0,3.0,1.0,6.0,3.0,3.0,1.0,5.0,1.0,5.0,2.0,4.0,1.0,5.0,64.0,16.0,1.0,2.0,32.0,1.0,4.0,1.0,1.0,1.0,1.0,1.0,2.0,5.0,4.0,2.0,2.0,3.0,2.0,1.0,5.0,5.0,4.0,6.0,3.0,2.0,2.0,5.0,2.0,6.0,16.0,32.0,1.0,384.0,2.0,1.0,1.0,1.0,1.0,1.0,1.0,1.0,5.0,3.0,4.0,6.0,5.0,6.0,6.0,2.0,6.0,3.0,3.0,5.0,4.0,6.0,4.0,5.0,3.0,6.0,6.0,48.0,1.0,128.0,1536.0,1.0,1.0,1.0,1.0,1.0,1.0,1.0,3.0,4.0,5.0,5.0,3.0,2.0,4.0,1.0,6.0,2.0,4.0,1.0,3.0,3.0,4.0,3.0,3.0,5.0,32.0,32.0,1.0,24.0,192.0,1.0,1.0,1.0,1.0,1.0,1.0,1.0,1019539260.0,24001148.300000004,148395000.0,1.3091600000000003,280.0,514.0,35840.0,2.4470112976932264e+16,4.414285714285714,2.15432075,78.57142857142857,2739.4285714285716
128.0,1024000.0,256.0,64.0,2.0,28.0,18.0,16.0,2.0,1.0,3.0,6.0,5.0,5.0,4.0,5.0,5.0,4.0,2.0,5.0,1.0,6.0,2.0,5.0,6.0,6.0,3.0,3.0,4.0,6.0,5.0,4.0,48.0,4.0,1.0,48.0,3.0,1.0,1.0,1.0,1.0,1.0,1.0,1.0,6.0,1.0,6.0,6.0,4.0,2.0,5.0,4.0,1.0,5.0,1.0,1.0,3.0,5.0,2.0,6.0,6.0,6.0,64.0,2.0,1.0,128.0,16.0,1.0,2.0,32.0,1.0,1.0,1.0,1.0,3.0,4.0,4.0,5.0,6.0,2.0,2.0,2.0,3.0,5.0,1.0,5.0,6.0,2.0,2.0,6.0,2.0,4.0,2.0,2.0,1.0,16.0,128.0,1.0,1.0,16.0,1.0,1.0,1.0,1.0,3.0,6.0,6.0,2.0,2.0,6.0,1.0,6.0,2.0,1.0,5.0,3.0,1.0,5.0,2.0,2.0,5.0,4.0,6.0,48.0,1.0,16.0,96.0,1.0,1.0,1.0,1.0,1.0,1.0,1.0,4.0,2.0,3.0,1.0,1.0,1.0,6.0,5.0,4.0,6.0,4.0,6.0,6.0,1.0,6.0,1.0,4.0,2.0,96.0,256.0,1.0,192.0,96.0,1.0,1.0,1.0,1.0,1.0,1.0,1.0,4.0,1.0,1.0,2.0,2.0,1.0,2.0,4.0,5.0,1.0,2.0,1.0,1.0,6.0,3.0,4.0,6.0,4.0,32.0,1.0,1.0,24.0,12.0,1.0,1.0,1.0,1.0,1.0,1.0,1.0,11184910704.0,44127155.16,153791000.0,1.347715357142857,288.0,514.0,67584.0,4.9355829008615277e+17,1.0,0.6833636250000001,78.57142857142857,2907.4285714285716
32000.0,256000.0,256.0,64.0,3.0,28.0,36.0,42.0,1.0,2.0,2.0,1.0,2.0,6.0,1.0,5.0,3.0,2.0,4.0,4.0,6.0,6.0,4.0,3.0,1.0,4.0,3.0,5.0,5.0,2.0,1.0,2.0,64.0,16.0,1.0,288.0,96.0,1.0,1.0,1.0,1.0,1.0,1.0,1.0,2.0,6.0,4.0,4.0,1.0,6.0,3.0,4.0,5.0,3.0,5.0,6.0,5.0,4.0,2.0,3.0,6.0,4.0,4.0,64.0,1.0,8.0,2.0,1.0,128.0,1.0,1.0,1.0,1.0,1.0,6.0,1.0,5.0,5.0,1.0,4.0,5.0,2.0,2.0,3.0,6.0,5.0,6.0,2.0,2.0,3.0,6.0,3.0,32.0,4.0,1.0,2.0,4.0,1.0,4.0,8.0,1.0,1.0,1.0,1.0,4.0,1.0,1.0,3.0,2.0,1.0,2.0,4.0,4.0,6.0,1.0,1.0,6.0,1.0,5.0,2.0,3.0,4.0,768.0,256.0,1.0,32.0,128.0,1.0,1.0,1.0,1.0,1.0,1.0,1.0,4.0,5.0,6.0,1.0,1.0,1.0,4.0,3.0,1.0,5.0,2.0,1.0,3.0,2.0,3.0,5.0,1.0,2.0,256.0,64.0,1.0,24.0,4.0,1.0,1.0,1.0,1.0,1.0,1.0,1.0,2.0,3.0,3.0,2.0,5.0,5.0,1.0,4.0,6.0,1.0,2.0,1.0,6.0,6.0,4.0,1.0,6.0,2.0,4.0,256.0,1.0,384.0,12.0,1.0,1.0,1.0,1.0,1.0,1.0,1.0,1913829912.0,18623124.839999996,929671000000.0,975.8537142857143,42336.0,514.0,425984.0,3.564149337370221e+16,6.75,0.4075519642857143,78.57142857142857,44315.42857142857
8192.0,4096000.0,256.0,64.0,2.0,18.0,20.0,20.0,3.0,4.0,4.0,3.0,1.0,4.0,3.0,3.0,3.0,4.0,3.0,1.0,4.0,4.0,1.0,1.0,3.0,5.0,5.0,1.0,1.0,2.0,3.0,4.0,2.0,48.0,1.0,16.0,18.0,1.0,1.0,1.0,1.0,1.0,1.0,1.0,2.0,3.0,5.0,6.0,5.0,4.0,6.0,5.0,3.0,4.0,4.0,2.0,3.0,4.0,5.0,3.0,6.0,6.0,64.0,8.0,1.0,4.0,32.0,1.0,32.0,8.0,1.0,1.0,1.0,1.0,6.0,4.0,5.0,4.0,6.0,3.0,4.0,3.0,1.0,5.0,6.0,6.0,5.0,2.0,2.0,5.0,5.0,4.0,32.0,16.0,1.0,1.0,32.0,1.0,64.0,4.0,1.0,1.0,1.0,1.0,2.0,3.0,6.0,4.0,4.0,5.0,5.0,5.0,2.0,2.0,4.0,3.0,4.0,5.0,5.0,4.0,6.0,5.0,256.0,24.0,1.0,1.0,16.0,1.0,1.0,1.0,1.0,1.0,1.0,1.0,3.0,4.0,1.0,3.0,4.0,5.0,5.0,1.0,1.0,3.0,6.0,4.0,3.0,4.0,3.0,5.0,4.0,2.0,128.0,6.0,1.0,3072.0,64.0,1.0,1.0,1.0,1.0,1.0,1.0,1.0,3.0,4.0,6.0,2.0,5.0,3.0,6.0,5.0,4.0,4.0,5.0,2.0,3.0,1.0,1.0,1.0,2.0,4.0,1.0,1536.0,1.0,8.0,8.0,1.0,1.0,1.0,1.0,1.0,1.0,1.0,615889356.0,41920876.12,236166000.0,1.9399682142857142,400.0,514.0,344576.0,2.5818621396502576e+16,88.80739642857142,10.10817792857143,78.57142857142857,18765.714285714286
4096.0,32000000.0,256.0,64.0,1.0,4.0,10.0,8.0,4.0,3.0,1.0,5.0,5.0,6.0,6.0,2.0,4.0,2.0,5.0,5.0,3.0,2.0,5.0,2.0,2.0,5.0,6.0,2.0,3.0,5.0,6.0,6.0,384.0,192.0,1.0,64.0,3.0,1.0,1.0,1.0,1.0,1.0,1.0,1.0,3.0,2.0,5.0,1.0,6.0,3.0,2.0,4.0,3.0,1.0,3.0,5.0,6.0,4.0,1.0,2.0,6.0,1.0,64.0,16.0,1.0,2.0,16.0,1.0,1.0,1.0,1.0,1.0,1.0,1.0,2.0,5.0,2.0,1.0,1.0,5.0,5.0,2.0,6.0,6.0,6.0,6.0,2.0,4.0,6.0,2.0,4.0,6.0,2.0,4.0,1.0,8.0,32.0,1.0,8.0,16.0,1.0,1.0,1.0,1.0,4.0,4.0,3.0,5.0,2.0,6.0,6.0,6.0,2.0,4.0,5.0,1.0,2.0,1.0,3.0,1.0,6.0,4.0,256.0,12.0,1.0,3.0,2.0,1.0,1.0,1.0,1.0,1.0,1.0,1.0,5.0,3.0,4.0,4.0,3.0,1.0,6.0,1.0,2.0,4.0,5.0,1.0,1.0,2.0,3.0,5.0,2.0,1.0,4.0,24.0,1.0,24.0,3.0,1.0,1.0,1.0,1.0,1.0,1.0,1.0,2.0,3.0,1.0,2.0,4.0,1.0,6.0,5.0,6.0,6.0,4.0,3.0,3.0,5.0,4.0,4.0,5.0,5.0,384.0,8.0,1.0,192.0,1.0,1.0,1.0,1.0,1.0,1.0,1.0,1.0,11173626192.0,101831887.20000002,3853260.0,0.042497942857142854,8.0,514.0,514.0,1.1378314419987098e+18,1.0,1.4258078571428572,78.57142857142857,78.57142857142857
256000.0,32000.0,256.0,64.0,2.0,20.0,12.0,28.0,4.0,5.0,1.0,4.0,3.0,2.0,3.0,5.0,3.0,3.0,3.0,5.0,5.0,1.0,1.0,3.0,3.0,5.0,1.0,1.0,5.0,2.0,1.0,1.0,192.0,12.0,1.0,2304.0,16.0,1.0,1.0,1.0,1.0,1.0,1.0,1.0,2.0,5.0,1.0,1.0,3.0,3.0,2.0,3.0,1.0,4.0,4.0,4.0,3.0,2.0,6.0,1.0,1.0,1.0,32.0,16.0,1.0,16.0,1.0,1.0,4.0,32.0,1.0,1.0,1.0,1.0,1.0,3.0,4.0,2.0,4.0,6.0,3.0,4.0,2.0,1.0,6.0,1.0,1.0,2.0,3.0,3.0,3.0,6.0,16.0,16.0,1.0,1.0,8.0,1.0,16.0,16.0,1.0,1.0,1.0,1.0,2.0,1.0,3.0,1.0,1.0,2.0,3.0,3.0,4.0,1.0,4.0,6.0,6.0,6.0,5.0,1.0,2.0,3.0,256.0,32.0,1.0,128.0,192.0,1.0,1.0,1.0,1.0,1.0,1.0,1.0,2.0,5.0,4.0,6.0,5.0,6.0,6.0,1.0,4.0,6.0,3.0,2.0,1.0,2.0,6.0,3.0,5.0,1.0,1.0,384.0,1.0,32.0,3.0,1.0,1.0,1.0,1.0,1.0,1.0,1.0,3.0,5.0,4.0,3.0,3.0,6.0,4.0,1.0,6.0,2.0,5.0,3.0,1.0,4.0,5.0,4.0,3.0,1.0,96.0,96.0,1.0,1.0,4.0,1.0,1.0,1.0,1.0,1.0,1.0,1.0,348351756.0,34615410.120000005,187533000.0,1.6086310714285714,336.0,514.0,221184.0,1.2058338899962172e+16,178.8669642857143,14.438422500000001,78.57142857142857,12148.857142857143
1024000.0,512000.0,256.0,64.0,3.0,26.0,22.0,24.0,2.0,2.0,2.0,2.0,2.0,3.0,1.0,5.0,2.0,6.0,1.0,1.0,1.0,5.0,3.0,1.0,3.0,4.0,1.0,6.0,2.0,3.0,3.0,1.0,8.0,12.0,1.0,12.0,3.0,1.0,1.0,1.0,1.0,1.0,1.0,1.0,3.0,6.0,6.0,3.0,6.0,1.0,3.0,5.0,3.0,6.0,2.0,1.0,1.0,5.0,4.0,2.0,2.0,6.0,32.0,32.0,1.0,128.0,4.0,1.0,1.0,4.0,1.0,1.0,1.0,1.0,4.0,5.0,6.0,3.0,2.0,1.0,4.0,1.0,4.0,6.0,5.0,2.0,3.0,3.0,6.0,3.0,2.0,5.0,16.0,32.0,1.0,64.0,16.0,1.0,4.0,16.0,1.0,1.0,1.0,1.0,1.0,6.0,2.0,5.0,3.0,3.0,3.0,2.0,3.0,6.0,2.0,2.0,6.0,1.0,6.0,3.0,2.0,3.0,6.0,768.0,1.0,192.0,48.0,1.0,1.0,1.0,1.0,1.0,1.0,1.0,2.0,3.0,1.0,1.0,2.0,1.0,2.0,5.0,2.0,5.0,1.0,3.0,4.0,6.0,5.0,2.0,6.0,4.0,6.0,2.0,1.0,768.0,3072.0,1.0,1.0,1.0,1.0,1.0,1.0,1.0,4.0,5.0,6.0,2.0,1.0,3.0,2.0,2.0,2.0,3.0,3.0,3.0,3.0,5.0,4.0,3.0,4.0,5.0,384.0,6.0,1.0,2.0,2.0,1.0,1.0,1.0,1.0,1.0,1.0,1.0,789061308.0,29811249.919999994,101320000000.0,144.52935714285712,13728.0,514.0,824832.0,2.3522903854990092e+16,38.023810714285716,2.3843094999999996,78.57142857142857,59713.142857142855
256000.0,8192000.0,256.0,64.0,1.0,48.0,24.0,48.0,2.0,5.0,5.0,4.0,5.0,6.0,3.0,3.0,6.0,1.0,6.0,5.0,5.0,5.0,6.0,2.0,2.0,6.0,5.0,3.0,4.0,3.0,6.0,2.0,16.0,32.0,1.0,1152.0,64.0,1.0,1.0,1.0,1.0,1.0,1.0,1.0,6.0,2.0,6.0,3.0,6.0,1.0,3.0,3.0,6.0,1.0,1.0,4.0,1.0,2.0,6.0,1.0,5.0,1.0,4.0,1.0,1.0,64.0,32.0,1.0,16.0,64.0,1.0,1.0,1.0,1.0,6.0,3.0,5.0,1.0,2.0,3.0,3.0,5.0,6.0,2.0,5.0,1.0,2.0,1.0,6.0,1.0,2.0,2.0,32.0,64.0,1.0,32.0,16.0,1.0,4.0,2.0,1.0,1.0,1.0,1.0,3.0,4.0,1.0,4.0,4.0,6.0,5.0,3.0,4.0,4.0,1.0,2.0,5.0,2.0,6.0,1.0,5.0,4.0,96.0,96.0,1.0,48.0,24.0,1.0,1.0,1.0,1.0,1.0,1.0,1.0,6.0,5.0,4.0,4.0,1.0,4.0,4.0,5.0,4.0,1.0,5.0,2.0,4.0,3.0,4.0,4.0,5.0,5.0,2.0,32.0,1.0,128.0,8.0,1.0,1.0,1.0,1.0,1.0,1.0,1.0,2.0,4.0,4.0,4.0,5.0,5.0,1.0,4.0,3.0,3.0,5.0,1.0,3.0,6.0,3.0,4.0,5.0,6.0,8.0,768.0,1.0,3.0,16.0,1.0,1.0,1.0,1.0,1.0,1.0,1.0,11173626192.0,84947815.19999999,20379700.0,0.2230962857142857,48.0,514.0,514.0,9.491751328718956e+17,1.0,1.425477857142857,78.57142857142857,78.57142857142857
32000.0,64000.0,256.0,64.0,3.0,14.0,22.0,18.0,3.0,4.0,5.0,2.0,3.0,4.0,1.0,3.0,5.0,2.0,4.0,6.0,3.0,2.0,2.0,3.0,6.0,1.0,5.0,6.0,4.0,3.0,2.0,2.0,2.0,384.0,1.0,2.0,9.0,1.0,1.0,1.0,1.0,1.0,1.0,1.0,1.0,2.0,4.0,4.0,4.0,4.0,3.0,1.0,6.0,3.0,6.0,6.0,1.0,3.0,1.0,2.0,1.0,5.0,16.0,64.0,1.0,4.0,2.0,1.0,1.0,128.0,1.0,1.0,1.0,1.0,1.0,1.0,2.0,1.0,4.0,3.0,3.0,3.0,3.0,3.0,3.0,5.0,3.0,3.0,6.0,6.0,5.0,3.0,8.0,8.0,1.0,16.0,128.0,1.0,32.0,4.0,1.0,1.0,1.0,1.0,3.0,6.0,3.0,2.0,4.0,2.0,4.0,1.0,3.0,3.0,3.0,6.0,4.0,6.0,1.0,2.0,1.0,1.0,4.0,4.0,1.0,12.0,64.0,1.0,1.0,1.0,1.0,1.0,1.0,1.0,5.0,4.0,2.0,4.0,6.0,3.0,3.0,5.0,1.0,1.0,3.0,6.0,3.0,4.0,6.0,5.0,3.0,3.0,8.0,2.0,1.0,384.0,512.0,1.0,1.0,1.0,1.0,1.0,1.0,1.0,3.0,1.0,3.0,3.0,1.0,4.0,3.0,6.0,1.0,1.0,5.0,6.0,3.0,5.0,2.0,2.0,6.0,6.0,8.0,4.0,1.0,48.0,48.0,1.0,1.0,1.0,1.0,1.0,1.0,1.0,7204707060.0,23419291.200000007,17796300000.0,38.499225,5544.0,514.0,141312.0,1.6872913264883594e+17,8.214285714285714,0.8714542142857143,78.57142857142857,26084.571428571428
2048000.0,1024000.0,256.0,64.0,1.0,44.0,46.0,12.0,6.0,6.0,6.0,2.0,3.0,5.0,3.0,5.0,5.0,5.0,5.0,5.0,2.0,5.0,5.0,4.0,2.0,3.0,4.0,6.0,3.0,6.0,6.0,6.0,128.0,96.0,1.0,18.0,16.0,1.0,1.0,1.0,1.0,1.0,1.0,1.0,1.0,6.0,6.0,1.0,2.0,6.0,1.0,2.0,6.0,4.0,6.0,5.0,5.0,5.0,2.0,3.0,4.0,1.0,64.0,64.0,1.0,32.0,1.0,1.0,64.0,1.0,1.0,1.0,1.0,1.0,5.0,5.0,1.0,2.0,2.0,4.0,4.0,1.0,2.0,3.0,4.0,2.0,5.0,6.0,2.0,5.0,4.0,4.0,8.0,2.0,1.0,8.0,8.0,1.0,64.0,2.0,1.0,1.0,1.0,1.0,3.0,6.0,4.0,3.0,6.0,1.0,1.0,6.0,6.0,2.0,5.0,6.0,2.0,3.0,3.0,2.0,6.0,5.0,128.0,48.0,1.0,6.0,128.0,1.0,1.0,1.0,1.0,1.0,1.0,1.0,1.0,3.0,3.0,4.0,1.0,3.0,2.0,4.0,5.0,6.0,2.0,3.0,6.0,3.0,2.0,6.0,1.0,4.0,6.0,16.0,1.0,1024.0,1024.0,1.0,1.0,1.0,1.0,1.0,1.0,1.0,5.0,3.0,1.0,5.0,5.0,1.0,6.0,6.0,1.0,4.0,5.0,5.0,4.0,6.0,5.0,6.0,6.0,2.0,4.0,1024.0,1.0,6.0,768.0,1.0,1.0,1.0,1.0,1.0,1.0,1.0,933102192.0,57002255.52,5432820.0,0.06201137142857143,12.0,514.0,3352.0,5.3188929574656104e+16,11.272757142857145,10.94708607142857,78.57142857142857,521.7142857142857
16000.0,64000.0,256.0,64.0,3.0,32.0,46.0,20.0,2.0,1.0,4.0,4.0,5.0,4.0,4.0,6.0,6.0,6.0,4.0,6.0,1.0,6.0,2.0,1.0,1.0,1.0,4.0,3.0,2.0,6.0,3.0,1.0,64.0,384.0,1.0,3.0,6.0,1.0,1.0,1.0,1.0,1.0,1.0,1.0,6.0,5.0,3.0,5.0,3.0,5.0,3.0,5.0,4.0,6.0,6.0,6.0,6.0,1.0,4.0,6.0,3.0,5.0,64.0,32.0,1.0,16.0,2.0,1.0,1.0,1.0,1.0,1.0,1.0,1.0,1.0,6.0,5.0,4.0,5.0,2.0,2.0,2.0,6.0,5.0,6.0,1.0,2.0,1.0,6.0,2.0,1.0,4.0,64.0,64.0,1.0,2.0,2.0,1.0,1.0,16.0,1.0,1.0,1.0,1.0,5.0,1.0,3.0,1.0,5.0,3.0,2.0,5.0,3.0,3.0,3.0,1.0,5.0,5.0,4.0,5.0,5.0,1.0,8.0,96.0,1.0,64.0,3.0,1.0,1.0,1.0,1.0,1.0,1.0,1.0,2.0,4.0,3.0,1.0,4.0,5.0,2.0,5.0,5.0,5.0,5.0,6.0,5.0,4.0,6.0,5.0,5.0,2.0,128.0,256.0,1.0,4.0,3.0,1.0,1.0,1.0,1.0,1.0,1.0,1.0,3.0,5.0,2.0,4.0,5.0,3.0,5.0,2.0,6.0,1.0,1.0,6.0,1.0,3.0,2.0,5.0,4.0,3.0,12.0,512.0,1.0,128.0,32.0,1.0,1.0,1.0,1.0,1.0,1.0,1.0,11037767388.0,22188956.54,453007000000.0,512.2275,29440.0,514.0,294912.0,2.449165408709613e+17,7.428571428571429,3.161705253571429,78.57142857142857,20576.0
128.0,1024000.0,256.0,64.0,1.0,30.0,14.0,40.0,3.0,3.0,3.0,6.0,2.0,5.0,5.0,3.0,1.0,4.0,4.0,4.0,4.0,6.0,3.0,1.0,6.0,5.0,1.0,3.0,6.0,5.0,6.0,2.0,4.0,16.0,1.0,8.0,3.0,1.0,1.0,1.0,1.0,1.0,1.0,1.0,1.0,1.0,4.0,4.0,2.0,3.0,5.0,6.0,5.0,6.0,6.0,5.0,3.0,4.0,1.0,1.0,1.0,2.0,4.0,2.0,1.0,32.0,2.0,1.0,128.0,2.0,1.0,1.0,1.0,1.0,4.0,2.0,2.0,5.0,2.0,1.0,6.0,4.0,5.0,3.0,6.0,1.0,2.0,4.0,4.0,5.0,3.0,3.0,16.0,1.0,1.0,8.0,32.0,1.0,4.0,4.0,1.0,1.0,1.0,1.0,4.0,2.0,5.0,1.0,5.0,2.0,6.0,6.0,5.0,6.0,2.0,4.0,1.0,1.0,6.0,4.0,6.0,1.0,192.0,1.0,1.0,96.0,384.0,1.0,1.0,1.0,1.0,1.0,1.0,1.0,6.0,1.0,3.0,5.0,6.0,4.0,5.0,3.0,1.0,1.0,3.0,4.0,6.0,6.0,2.0,6.0,6.0,2.0,32.0,1.0,1.0,256.0,128.0,1.0,1.0,1.0,1.0,1.0,1.0,1.0,6.0,6.0,2.0,4.0,3.0,3.0,6.0,1.0,5.0,5.0,4.0,1.0,6.0,1.0,3.0,4.0,5.0,3.0,16.0,768.0,1.0,128.0,8.0,1.0,1.0,1.0,1.0,1.0,1.0,1.0,11173626192.0,80730952.80000001,16944000.0,0.18680328571428573,40.0,514.0,514.0,9.020574887111959e+17,1.0,1.428799285714286,78.57142857142857,78.57142857142857
64000.0,256000.0,256.0,64.0,3.0,34.0,22.0,38.0,5.0,3.0,1.0,4.0,1.0,5.0,2.0,5.0,1.0,1.0,1.0,5.0,5.0,6.0,6.0,2.0,4.0,4.0,4.0,3.0,1.0,5.0,2.0,1.0,768.0,2.0,1.0,64.0,384.0,1.0,1.0,1.0,1.0,1.0,1.0,1.0,3.0,3.0,5.0,5.0,3.0,3.0,6.0,1.0,4.0,2.0,6.0,4.0,6.0,3.0,5.0,3.0,5.0,6.0,64.0,8.0,1.0,128.0,2.0,1.0,8.0,16.0,1.0,1.0,1.0,1.0,5.0,6.0,5.0,6.0,1.0,4.0,1.0,2.0,6.0,5.0,1.0,1.0,4.0,4.0,3.0,6.0,1.0,1.0,64.0,8.0,1.0,64.0,2.0,1.0,2.0,2.0,1.0,1.0,1.0,1.0,1.0,5.0,4.0,6.0,2.0,2.0,5.0,5.0,3.0,6.0,6.0,5.0,3.0,1.0,4.0,5.0,2.0,4.0,32.0,8.0,1.0,256.0,12.0,1.0,1.0,1.0,1.0,1.0,1.0,1.0,4.0,2.0,3.0,1.0,1.0,1.0,6.0,3.0,1.0,3.0,4.0,2.0,6.0,3.0,4.0,4.0,6.0,3.0,16.0,8.0,1.0,2.0,768.0,1.0,1.0,1.0,1.0,1.0,1.0,1.0,1.0,5.0,3.0,3.0,1.0,2.0,1.0,4.0,5.0,4.0,5.0,3.0,3.0,3.0,5.0,3.0,4.0,5.0,256.0,384.0,1.0,16.0,24.0,1.0,1.0,1.0,1.0,1.0,1.0,1.0,3590066580.0,17755255.560000002,422657000000.0,482.33775,28424.0,514.0,1171456.0,6.374254960531519e+16,3.3214285714285716,0.0011160714285714285,78.57142857142857,147419.42857142858
1024000.0,16000.0,256.0,64.0,2.0,42.0,4.0,28.0,4.0,6.0,2.0,4.0,6.0,5.0,1.0,1.0,1.0,6.0,2.0,6.0,2.0,3.0,1.0,6.0,2.0,3.0,4.0,3.0,1.0,6.0,1.0,1.0,256.0,2.0,1.0,2.0,64.0,1.0,1.0,1.0,1.0,1.0,1.0,1.0,1.0,2.0,1.0,1.0,4.0,3.0,4.0,3.0,1.0,4.0,4.0,3.0,2.0,1.0,4.0,6.0,5.0,1.0,8.0,32.0,1.0,16.0,128.0,1.0,1.0,2.0,1.0,1.0,1.0,1.0,1.0,5.0,4.0,6.0,2.0,2.0,3.0,4.0,4.0,6.0,2.0,2.0,4.0,1.0,3.0,5.0,5.0,1.0,4.0,16.0,1.0,2.0,8.0,1.0,8.0,4.0,1.0,1.0,1.0,1.0,1.0,5.0,5.0,1.0,5.0,2.0,2.0,3.0,6.0,5.0,2.0,2.0,1.0,4.0,4.0,5.0,2.0,3.0,256.0,16.0,1.0,8.0,32.0,1.0,1.0,1.0,1.0,1.0,1.0,1.0,5.0,4.0,3.0,2.0,6.0,6.0,5.0,5.0,4.0,4.0,5.0,1.0,2.0,4.0,6.0,5.0,1.0,6.0,96.0,192.0,1.0,384.0,192.0,1.0,1.0,1.0,1.0,1.0,1.0,1.0,4.0,2.0,6.0,3.0,3.0,3.0,1.0,2.0,1.0,3.0,3.0,1.0,2.0,5.0,6.0,2.0,4.0,4.0,12.0,1024.0,1.0,48.0,192.0,1.0,1.0,1.0,1.0,1.0,1.0,1.0,2796239556.0,27457407.480000004,50252300.0,0.5715340357142857,112.0,514.0,368640.0,7.677748890078629e+16,4.0,0.9326083571428571,78.57142857142857,16332.57142857143
64000.0,16000000.0,256.0,64.0,1.0,36.0,38.0,2.0,2.0,1.0,4.0,1.0,3.0,6.0,3.0,6.0,2.0,5.0,5.0,6.0,1.0,1.0,3.0,2.0,2.0,6.0,2.0,6.0,6.0,2.0,5.0,2.0,256.0,24.0,1.0,24.0,256.0,1.0,1.0,1.0,1.0,1.0,1.0,1.0,5.0,6.0,4.0,4.0,4.0,1.0,6.0,6.0,2.0,5.0,5.0,2.0,6.0,2.0,1.0,2.0,4.0,4.0,64.0,8.0,1.0,32.0,32.0,1.0,64.0,16.0,1.0,1.0,1.0,1.0,1.0,2.0,6.0,4.0,6.0,5.0,2.0,4.0,6.0,3.0,2.0,5.0,4.0,3.0,1.0,4.0,4.0,1.0,1.0,1.0,1.0,4.0,1.0,1.0,8.0,4.0,1.0,1.0,1.0,1.0,5.0,3.0,2.0,5.0,5.0,6.0,1.0,6.0,3.0,1.0,6.0,5.0,5.0,1.0,4.0,6.0,2.0,6.0,256.0,3.0,1.0,48.0,384.0,1.0,1.0,1.0,1.0,1.0,1.0,1.0,5.0,6.0,5.0,3.0,3.0,6.0,6.0,1.0,1.0,3.0,4.0,5.0,1.0,2.0,2.0,6.0,5.0,5.0,128.0,2.0,1.0,384.0,64.0,1.0,1.0,1.0,1.0,1.0,1.0,1.0,6.0,6.0,3.0,5.0,4.0,6.0,3.0,5.0,3.0,4.0,3.0,1.0,2.0,3.0,2.0,3.0,6.0,1.0,1536.0,256.0,1.0,12.0,96.0,1.0,1.0,1.0,1.0,1.0,1.0,1.0,11173626192.0,113794519.2,1518260.0,0.015521114285714285,2.0,514.0,514.0,1.271497420239167e+18,1.0,1.000913571428571,78.57142857142857,78.57142857142857
128000.0,4096000.0,256.0,64.0,1.0,22.0,40.0,10.0,2.0,1.0,5.0,2.0,4.0,1.0,5.0,2.0,3.0,1.0,5.0,5.0,4.0,4.0,1.0,2.0,4.0,3.0,4.0,2.0,5.0,4.0,2.0,5.0,12.0,4.0,1.0,6.0,2304.0,1.0,1.0,1.0,1.0,1.0,1.0,1.0,1.0,4.0,4.0,4.0,3.0,2.0,1.0,3.0,2.0,2.0,5.0,5.0,3.0,1.0,4.0,2.0,2.0,3.0,2.0,4.0,1.0,2.0,4.0,1.0,2.0,16.0,1.0,1.0,1.0,1.0,3.0,6.0,2.0,5.0,3.0,5.0,4.0,6.0,2.0,4.0,4.0,4.0,4.0,3.0,5.0,5.0,5.0,2.0,64.0,2.0,1.0,16.0,8.0,1.0,8.0,8.0,1.0,1.0,1.0,1.0,4.0,3.0,2.0,5.0,2.0,1.0,4.0,4.0,2.0,5.0,6.0,1.0,4.0,1.0,6.0,2.0,3.0,3.0,64.0,48.0,1.0,48.0,768.0,1.0,1.0,1.0,1.0,1.0,1.0,1.0,1.0,1.0,1.0,4.0,5.0,4.0,5.0,6.0,5.0,6.0,1.0,5.0,3.0,5.0,3.0,4.0,3.0,3.0,64.0,24.0,1.0,1536.0,12.0,1.0,1.0,1.0,1.0,1.0,1.0,1.0,2.0,6.0,3.0,5.0,5.0,5.0,5.0,2.0,6.0,1.0,4.0,6.0,4.0,4.0,2.0,5.0,6.0,2.0,4.0,384.0,1.0,12.0,96.0,1.0,1.0,1.0,1.0,1.0,1.0,1.0,10903486800.0,82999048.79999998,4640860.0,0.05159674285714287,10.0,514.0,514.0,9.049790330033556e+17,8.281004285714285,8.287909285714287,78.57142857142857,109.42857142857143
2048.0,16000000.0,256.0,64.0,1.0,48.0,10.0,26.0,4.0,6.0,3.0,4.0,3.0,2.0,4.0,4.0,2.0,4.0,4.0,6.0,1.0,3.0,5.0,6.0,5.0,5.0,5.0,5.0,1.0,3.0,2.0,4.0,256.0,256.0,1.0,96.0,36.0,1.0,1.0,1.0,1.0,1.0,1.0,1.0,3.0,1.0,1.0,4.0,3.0,1.0,5.0,4.0,2.0,3.0,1.0,5.0,1.0,3.0,4.0,5.0,5.0,1.0,1.0,8.0,1.0,32.0,4.0,1.0,8.0,32.0,1.0,1.0,1.0,1.0,3.0,4.0,6.0,3.0,6.0,6.0,5.0,4.0,1.0,5.0,2.0,2.0,4.0,2.0,2.0,6.0,5.0,6.0,1.0,16.0,1.0,8.0,32.0,1.0,2.0,32.0,1.0,1.0,1.0,1.0,1.0,2.0,6.0,6.0,3.0,1.0,5.0,6.0,1.0,1.0,5.0,4.0,2.0,1.0,2.0,3.0,6.0,5.0,3.0,48.0,1.0,32.0,128.0,1.0,1.0,1.0,1.0,1.0,1.0,1.0,1.0,3.0,5.0,6.0,2.0,5.0,4.0,4.0,5.0,4.0,1.0,4.0,1.0,1.0,4.0,1.0,1.0,2.0,64.0,768.0,1.0,64.0,1.0,1.0,1.0,1.0,1.0,1.0,1.0,1.0,2.0,2.0,4.0,1.0,4.0,1.0,6.0,3.0,3.0,6.0,5.0,3.0,4.0,1.0,3.0,6.0,5.0,6.0,1536.0,2.0,1.0,2.0,192.0,1.0,1.0,1.0,1.0,1.0,1.0,1.0,434110800.0,66723219.84000001,11089000.0,0.1269035714285714,26.0,514.0,6964.0,2.8965270343318276e+16,25.617953571428572,26.041167857142856,78.57142857142857,1085.7142857142858
64000.0,2048000.0,256.0,64.0,2.0,26.0,44.0,18.0,3.0,6.0,5.0,4.0,1.0,3.0,5.0,3.0,5.0,1.0,2.0,6.0,2.0,2.0,1.0,5.0,6.0,4.0,2.0,3.0,4.0,6.0,2.0,5.0,32.0,96.0,1.0,192.0,64.0,1.0,1.0,1.0,1.0,1.0,1.0,1.0,1.0,6.0,2.0,4.0,1.0,1.0,3.0,2.0,3.0,3.0,6.0,6.0,5.0,3.0,2.0,5.0,5.0,4.0,2.0,64.0,1.0,1.0,8.0,1.0,32.0,8.0,1.0,1.0,1.0,1.0,3.0,6.0,6.0,3.0,6.0,2.0,3.0,5.0,1.0,4.0,6.0,6.0,1.0,6.0,5.0,4.0,6.0,4.0,1.0,2.0,1.0,8.0,32.0,1.0,16.0,2.0,1.0,1.0,1.0,1.0,5.0,5.0,1.0,3.0,2.0,1.0,1.0,4.0,2.0,5.0,5.0,5.0,5.0,3.0,4.0,2.0,1.0,4.0,3.0,768.0,1.0,6.0,1.0,1.0,1.0,1.0,1.0,1.0,1.0,1.0,2.0,5.0,1.0,3.0,1.0,6.0,1.0,3.0,3.0,3.0,6.0,1.0,5.0,4.0,6.0,2.0,6.0,4.0,12.0,96.0,1.0,8.0,2.0,1.0,1.0,1.0,1.0,1.0,1.0,1.0,1.0,5.0,1.0,6.0,4.0,6.0,4.0,6.0,4.0,1.0,5.0,3.0,1.0,3.0,5.0,5.0,5.0,2.0,8.0,1.0,1.0,384.0,384.0,1.0,1.0,1.0,1.0,1.0,1.0,1.0,1997783496.0,29641043.759999998,625099000.0,3.952719285714285,792.0,514.0,729088.0,5.9216388027941784e+16,164.44815714285718,60.90090710714286,78.57142857142857,31750.571428571428
2048000.0,2048000.0,256.0,64.0,3.0,30.0,24.0,20.0,1.0,5.0,3.0,6.0,4.0,3.0,5.0,1.0,6.0,1.0,6.0,5.0,4.0,4.0,3.0,4.0,6.0,1.0,1.0,5.0,3.0,1.0,2.0,2.0,16.0,4.0,1.0,18.0,256.0,1.0,1.0,1.0,1.0,1.0,1.0,1.0,2.0,3.0,5.0,6.0,6.0,1.0,6.0,6.0,5.0,2.0,6.0,2.0,6.0,4.0,6.0,6.0,1.0,1.0,8.0,4.0,1.0,32.0,1.0,1.0,1.0,128.0,1.0,1.0,1.0,1.0,4.0,6.0,2.0,5.0,2.0,4.0,5.0,3.0,6.0,6.0,4.0,4.0,2.0,4.0,3.0,1.0,3.0,5.0,8.0,2.0,1.0,8.0,32.0,1.0,16.0,64.0,1.0,1.0,1.0,1.0,6.0,6.0,2.0,2.0,1.0,6.0,3.0,5.0,5.0,6.0,6.0,5.0,2.0,5.0,1.0,3.0,3.0,4.0,768.0,768.0,1.0,64.0,768.0,1.0,1.0,1.0,1.0,1.0,1.0,1.0,4.0,1.0,2.0,1.0,5.0,1.0,6.0,6.0,4.0,1.0,5.0,5.0,3.0,3.0,4.0,3.0,5.0,2.0,2.0,6.0,1.0,512.0,32.0,1.0,1.0,1.0,1.0,1.0,1.0,1.0,5.0,6.0,6.0,2.0,1.0,6.0,3.0,3.0,4.0,5.0,1.0,2.0,6.0,4.0,1.0,6.0,5.0,3.0,768.0,1536.0,1.0,32.0,2.0,1.0,1.0,1.0,1.0,1.0,1.0,1.0,769772640.0,21459153.499999996,111211000000.0,155.93339285714288,14400.0,514.0,1572864.0,1.6518669241860238e+16,10.678571428571429,0.9957268571428572,78.57142857142857,88777.14285714286
512.0,4096000.0,256.0,64.0,1.0,12.0,36.0,46.0,2.0,4.0,2.0,2.0,4.0,2.0,6.0,1.0,1.0,6.0,5.0,4.0,4.0,5.0,1.0,2.0,3.0,2.0,1.0,6.0,1.0,1.0,2.0,3.0,384.0,6.0,1.0,96.0,3.0,1.0,1.0,1.0,1.0,1.0,1.0,1.0,1.0,1.0,1.0,6.0,6.0,2.0,4.0,1.0,6.0,2.0,6.0,1.0,5.0,1.0,3.0,1.0,5.0,2.0,16.0,1.0,1.0,2.0,64.0,1.0,64.0,2.0,1.0,1.0,1.0,1.0,4.0,2.0,6.0,5.0,6.0,5.0,6.0,4.0,6.0,1.0,5.0,2.0,4.0,3.0,6.0,5.0,5.0,1.0,16.0,32.0,1.0,64.0,128.0,1.0,2.0,16.0,1.0,1.0,1.0,1.0,4.0,6.0,4.0,3.0,4.0,2.0,4.0,6.0,3.0,5.0,1.0,4.0,4.0,1.0,6.0,5.0,1.0,4.0,128.0,96.0,1.0,3.0,48.0,1.0,1.0,1.0,1.0,1.0,1.0,1.0,1.0,5.0,1.0,5.0,2.0,1.0,2.0,2.0,1.0,3.0,4.0,5.0,1.0,3.0,2.0,5.0,4.0,4.0,96.0,64.0,1.0,3072.0,1536.0,1.0,1.0,1.0,1.0,1.0,1.0,1.0,3.0,4.0,2.0,2.0,2.0,2.0,2.0,5.0,5.0,5.0,2.0,2.0,5.0,6.0,1.0,1.0,6.0,1.0,3.0,512.0,1.0,64.0,256.0,1.0,1.0,1.0,1.0,1.0,1.0,1.0,246546768.0,68112518.88,19515900.0,0.22027185714285719,46.0,514.0,12124.0,1.6792921390202978e+16,43.049321428571425,43.192164285714284,78.57142857142857,1891.4285714285713
128000.0,32000.0,256.0,64.0,2.0,34.0,38.0,46.0,5.0,4.0,4.0,1.0,3.0,1.0,5.0,3.0,4.0,3.0,6.0,1.0,6.0,4.0,6.0,6.0,4.0,3.0,5.0,6.0,4.0,4.0,6.0,3.0,128.0,6.0,1.0,24.0,6.0,1.0,1.0,1.0,1.0,1.0,1.0,1.0,5.0,4.0,6.0,6.0,1.0,3.0,3.0,6.0,2.0,6.0,6.0,6.0,5.0,6.0,1.0,5.0,1.0,6.0,64.0,16.0,1.0,16.0,2.0,1.0,32.0,8.0,1.0,1.0,1.0,1.0,3.0,3.0,5.0,4.0,6.0,4.0,3.0,1.0,4.0,3.0,2.0,2.0,1.0,3.0,6.0,1.0,4.0,3.0,4.0,32.0,1.0,64.0,2.0,1.0,4.0,8.0,1.0,1.0,1.0,1.0,4.0,1.0,6.0,2.0,5.0,2.0,6.0,4.0,6.0,2.0,2.0,2.0,4.0,4.0,5.0,1.0,5.0,3.0,96.0,12.0,1.0,8.0,128.0,1.0,1.0,1.0,1.0,1.0,1.0,1.0,2.0,5.0,3.0,4.0,1.0,4.0,5.0,2.0,2.0,4.0,6.0,6.0,3.0,5.0,2.0,6.0,1.0,5.0,24.0,2.0,1.0,96.0,2.0,1.0,1.0,1.0,1.0,1.0,1.0,1.0,5.0,3.0,5.0,3.0,1.0,6.0,6.0,2.0,2.0,1.0,5.0,2.0,6.0,4.0,3.0,3.0,2.0,1.0,8.0,256.0,1.0,24.0,192.0,1.0,1.0,1.0,1.0,1.0,1.0,1.0,95688756.0,18538445.18,2230180000.0,9.249314285714284,1748.0,514.0,126080.0,1773920757448396.0,79.27272142857143,8.62714,78.57142857142857,12211.42857142857
1024.0,32000.0,256.0,64.0,3.0,14.0,28.0,4.0,6.0,2.0,3.0,6.0,5.0,3.0,6.0,4.0,4.0,3.0,3.0,4.0,2.0,4.0,4.0,4.0,4.0,3.0,1.0,5.0,3.0,4.0,3.0,1.0,24.0,6.0,1.0,4.0,128.0,1.0,1.0,1.0,1.0,1.0,1.0,1.0,5.0,4.0,4.0,4.0,1.0,4.0,2.0,4.0,3.0,1.0,1.0,1.0,1.0,2.0,5.0,2.0,1.0,4.0,8.0,32.0,1.0,32.0,4.0,1.0,64.0,16.0,1.0,1.0,1.0,1.0,5.0,2.0,6.0,6.0,4.0,4.0,2.0,5.0,1.0,4.0,6.0,6.0,1.0,6.0,1.0,6.0,4.0,5.0,4.0,8.0,1.0,4.0,32.0,1.0,8.0,2.0,1.0,1.0,1.0,1.0,6.0,6.0,5.0,3.0,1.0,6.0,2.0,6.0,5.0,1.0,1.0,6.0,3.0,5.0,2.0,4.0,2.0,2.0,256.0,64.0,1.0,256.0,2.0,1.0,1.0,1.0,1.0,1.0,1.0,1.0,6.0,5.0,5.0,2.0,1.0,4.0,1.0,2.0,2.0,1.0,1.0,5.0,6.0,5.0,5.0,6.0,6.0,4.0,768.0,192.0,1.0,128.0,48.0,1.0,1.0,1.0,1.0,1.0,1.0,1.0,2.0,5.0,1.0,5.0,1.0,2.0,2.0,4.0,4.0,5.0,3.0,6.0,6.0,6.0,1.0,3.0,1.0,1.0,12.0,8.0,1.0,6.0,32.0,1.0,1.0,1.0,1.0,1.0,1.0,1.0,4545025776.0,18419450.240000002,1856830000.0,8.340367857142857,1568.0,514.0,655360.0,8.371687612054939e+16,5.290728571428572,0.36061942857142854,78.57142857142857,59227.42857142857
128.0,512000.0,256.0,64.0,3.0,34.0,16.0,20.0,1.0,4.0,6.0,5.0,1.0,1.0,1.0,1.0,6.0,5.0,1.0,2.0,1.0,5.0,1.0,2.0,4.0,5.0,3.0,6.0,2.0,5.0,5.0,2.0,16.0,192.0,1.0,192.0,36.0,1.0,1.0,1.0,1.0,1.0,1.0,1.0,6.0,6.0,4.0,1.0,5.0,6.0,4.0,6.0,2.0,6.0,5.0,6.0,2.0,4.0,1.0,4.0,2.0,6.0,1.0,64.0,1.0,1.0,1.0,1.0,1.0,32.0,1.0,1.0,1.0,1.0,2.0,6.0,6.0,2.0,1.0,1.0,4.0,3.0,2.0,5.0,1.0,5.0,6.0,1.0,3.0,1.0,1.0,4.0,16.0,128.0,1.0,32.0,64.0,1.0,2.0,8.0,1.0,1.0,1.0,1.0,5.0,3.0,1.0,1.0,3.0,4.0,1.0,3.0,6.0,4.0,1.0,6.0,6.0,3.0,2.0,1.0,6.0,6.0,96.0,64.0,1.0,384.0,16.0,1.0,1.0,1.0,1.0,1.0,1.0,1.0,2.0,6.0,2.0,6.0,4.0,2.0,4.0,5.0,1.0,5.0,5.0,3.0,1.0,6.0,6.0,5.0,3.0,1.0,192.0,192.0,1.0,256.0,3072.0,1.0,1.0,1.0,1.0,1.0,1.0,1.0,5.0,2.0,2.0,3.0,5.0,1.0,2.0,5.0,5.0,1.0,5.0,3.0,2.0,6.0,1.0,2.0,5.0,2.0,32.0,256.0,1.0,8.0,8.0,1.0,1.0,1.0,1.0,1.0,1.0,1.0,926534928.0,17946225.86,64510000000.0,101.19522857142857,10880.0,514.0,2015232.0,1.6627805085066838e+16,58.76282142857143,0.8846106285714286,78.57142857142857,112438.85714285714
64000.0,16000000.0,256.0,64.0,2.0,34.0,22.0,10.0,6.0,3.0,3.0,6.0,4.0,6.0,6.0,4.0,6.0,1.0,4.0,4.0,2.0,2.0,5.0,5.0,6.0,5.0,2.0,1.0,6.0,1.0,6.0,1.0,24.0,4.0,1.0,24.0,6.0,1.0,1.0,1.0,1.0,1.0,1.0,1.0,2.0,3.0,5.0,4.0,4.0,2.0,6.0,3.0,4.0,4.0,1.0,3.0,5.0,4.0,3.0,4.0,2.0,5.0,4.0,8.0,1.0,32.0,1.0,1.0,8.0,64.0,1.0,1.0,1.0,1.0,2.0,5.0,6.0,1.0,5.0,2.0,5.0,5.0,3.0,2.0,6.0,3.0,4.0,4.0,5.0,2.0,1.0,2.0,16.0,16.0,1.0,128.0,16.0,1.0,8.0,2.0,1.0,1.0,1.0,1.0,1.0,1.0,3.0,4.0,6.0,3.0,4.0,6.0,3.0,5.0,4.0,3.0,4.0,4.0,3.0,1.0,5.0,4.0,48.0,3.0,1.0,16.0,64.0,1.0,1.0,1.0,1.0,1.0,1.0,1.0,6.0,5.0,3.0,2.0,2.0,1.0,3.0,1.0,3.0,3.0,4.0,6.0,3.0,4.0,1.0,6.0,1.0,6.0,24.0,2.0,1.0,24.0,1536.0,1.0,1.0,1.0,1.0,1.0,1.0,1.0,5.0,3.0,5.0,2.0,4.0,2.0,3.0,5.0,3.0,5.0,6.0,6.0,1.0,6.0,3.0,5.0,2.0,1.0,3072.0,768.0,1.0,48.0,384.0,1.0,1.0,1.0,1.0,1.0,1.0,1.0,1274456256.0,18594385.46,110140000.0,1.1684182142857142,220.0,514.0,1093632.0,2.369773087597244e+16,12.714282142857144,1.2113790714285717,78.57142857142857,43980.57142857143
2048.0,1024000.0,256.0,64.0,1.0,44.0,16.0,46.0,5.0,2.0,6.0,4.0,5.0,1.0,2.0,6.0,6.0,1.0,3.0,4.0,6.0,2.0,1.0,5.0,3.0,2.0,3.0,2.0,2.0,3.0,5.0,4.0,4.0,4.0,1.0,48.0,192.0,1.0,1.0,1.0,1.0,1.0,1.0,1.0,2.0,1.0,1.0,4.0,1.0,6.0,1.0,4.0,3.0,2.0,2.0,5.0,4.0,3.0,4.0,3.0,4.0,3.0,64.0,8.0,1.0,2.0,128.0,1.0,4.0,16.0,1.0,1.0,1.0,1.0,4.0,2.0,3.0,4.0,6.0,2.0,4.0,3.0,4.0,2.0,3.0,6.0,4.0,6.0,5.0,5.0,5.0,4.0,64.0,4.0,1.0,1.0,4.0,1.0,1.0,64.0,1.0,1.0,1.0,1.0,4.0,6.0,5.0,5.0,6.0,6.0,3.0,4.0,5.0,2.0,1.0,2.0,4.0,6.0,3.0,1.0,2.0,6.0,128.0,768.0,1.0,384.0,384.0,1.0,1.0,1.0,1.0,1.0,1.0,1.0,3.0,3.0,5.0,2.0,5.0,1.0,4.0,3.0,5.0,4.0,5.0,4.0,2.0,5.0,5.0,3.0,2.0,4.0,16.0,48.0,1.0,48.0,256.0,1.0,1.0,1.0,1.0,1.0,1.0,1.0,5.0,1.0,4.0,6.0,3.0,3.0,4.0,3.0,3.0,2.0,3.0,1.0,5.0,3.0,2.0,5.0,6.0,1.0,768.0,384.0,1.0,16.0,16.0,1.0,1.0,1.0,1.0,1.0,1.0,1.0,10879893840.0,87800894.4,19514700.0,0.2145498571428572,46.0,514.0,514.0,9.552644101290506e+17,32.142871428571425,32.56977178571429,78.57142857142857,232.85714285714286
1024.0,32000000.0,256.0,64.0,1.0,42.0,4.0,10.0,1.0,4.0,6.0,5.0,2.0,4.0,1.0,5.0,3.0,5.0,2.0,6.0,1.0,2.0,4.0,6.0,1.0,3.0,6.0,1.0,4.0,5.0,6.0,1.0,12.0,768.0,1.0,64.0,192.0,1.0,1.0,1.0,1.0,1.0,1.0,1.0,4.0,5.0,4.0,6.0,4.0,2.0,6.0,1.0,3.0,6.0,1.0,6.0,6.0,5.0,5.0,3.0,3.0,3.0,2.0,64.0,1.0,8.0,32.0,1.0,4.0,32.0,1.0,1.0,1.0,1.0,2.0,3.0,4.0,5.0,2.0,4.0,4.0,4.0,4.0,4.0,1.0,3.0,1.0,5.0,3.0,6.0,5.0,6.0,128.0,4.0,1.0,4.0,128.0,1.0,4.0,32.0,1.0,1.0,1.0,1.0,1.0,3.0,3.0,1.0,4.0,4.0,2.0,4.0,5.0,3.0,1.0,2.0,3.0,6.0,3.0,1.0,3.0,3.0,4.0,256.0,1.0,16.0,768.0,1.0,1.0,1.0,1.0,1.0,1.0,1.0,5.0,1.0,2.0,1.0,6.0,4.0,5.0,2.0,2.0,6.0,2.0,1.0,1.0,1.0,6.0,1.0,4.0,4.0,768.0,16.0,1.0,32.0,1.0,1.0,1.0,1.0,1.0,1.0,1.0,1.0,1.0,3.0,2.0,2.0,4.0,6.0,6.0,2.0,2.0,3.0,4.0,4.0,2.0,1.0,6.0,6.0,6.0,6.0,96.0,64.0,1.0,768.0,8.0,1.0,1.0,1.0,1.0,1.0,1.0,1.0,10903486800.0,71608188.0,4640860.0,0.05159674285714287,10.0,514.0,514.0,7.807789326299185e+17,8.281004285714285,8.706786071428573,78.57142857142857,109.42857142857143
512000.0,32000000.0,256.0,64.0,1.0,14.0,6.0,32.0,4.0,4.0,4.0,6.0,3.0,3.0,2.0,4.0,5.0,4.0,3.0,2.0,3.0,6.0,6.0,2.0,1.0,4.0,6.0,4.0,1.0,2.0,4.0,6.0,6.0,16.0,1.0,768.0,32.0,1.0,1.0,1.0,1.0,1.0,1.0,1.0,5.0,1.0,2.0,3.0,5.0,5.0,3.0,2.0,1.0,2.0,4.0,6.0,1.0,5.0,2.0,6.0,6.0,5.0,4.0,4.0,1.0,128.0,4.0,1.0,4.0,128.0,1.0,1.0,1.0,1.0,1.0,5.0,5.0,4.0,1.0,6.0,5.0,4.0,2.0,4.0,3.0,1.0,1.0,4.0,2.0,6.0,2.0,5.0,64.0,128.0,1.0,8.0,128.0,1.0,8.0,2.0,1.0,1.0,1.0,1.0,5.0,1.0,5.0,5.0,4.0,1.0,1.0,5.0,1.0,6.0,3.0,4.0,5.0,2.0,4.0,6.0,6.0,4.0,64.0,16.0,1.0,768.0,3.0,1.0,1.0,1.0,1.0,1.0,1.0,1.0,5.0,6.0,5.0,2.0,6.0,3.0,5.0,4.0,2.0,4.0,1.0,2.0,4.0,3.0,1.0,2.0,2.0,3.0,48.0,2.0,1.0,4.0,24.0,1.0,1.0,1.0,1.0,1.0,1.0,1.0,5.0,1.0,3.0,3.0,1.0,2.0,6.0,5.0,4.0,4.0,3.0,3.0,4.0,6.0,1.0,1.0,6.0,3.0,3.0,768.0,1.0,4.0,64.0,1.0,1.0,1.0,1.0,1.0,1.0,1.0,11173626192.0,85641492.0,13573500.0,0.1505671428571429,32.0,514.0,514.0,9.569260181331584e+17,1.0,1.8473807142857146,78.57142857142857,78.57142857142857
512.0,32000.0,256.0,64.0,2.0,16.0,38.0,2.0,6.0,6.0,1.0,4.0,6.0,1.0,5.0,1.0,5.0,1.0,3.0,4.0,1.0,6.0,2.0,4.0,1.0,2.0,1.0,4.0,3.0,2.0,3.0,3.0,64.0,768.0,1.0,768.0,144.0,1.0,1.0,1.0,1.0,1.0,1.0,1.0,6.0,5.0,4.0,1.0,6.0,1.0,3.0,1.0,5.0,3.0,3.0,4.0,5.0,5.0,6.0,2.0,1.0,2.0,8.0,8.0,1.0,16.0,1.0,1.0,1.0,2.0,1.0,1.0,1.0,1.0,1.0,5.0,6.0,5.0,6.0,5.0,5.0,2.0,5.0,1.0,6.0,6.0,4.0,2.0,5.0,4.0,1.0,5.0,128.0,2.0,1.0,1.0,2.0,1.0,32.0,2.0,1.0,1.0,1.0,1.0,5.0,4.0,5.0,4.0,6.0,2.0,1.0,3.0,2.0,4.0,1.0,2.0,4.0,1.0,2.0,4.0,6.0,1.0,1.0,8.0,1.0,96.0,8.0,1.0,1.0,1.0,1.0,1.0,1.0,1.0,1.0,5.0,1.0,3.0,1.0,2.0,6.0,4.0,1.0,6.0,2.0,1.0,6.0,3.0,1.0,5.0,1.0,2.0,48.0,8.0,1.0,96.0,96.0,1.0,1.0,1.0,1.0,1.0,1.0,1.0,2.0,4.0,1.0,4.0,4.0,3.0,3.0,3.0,5.0,5.0,6.0,4.0,3.0,4.0,2.0,6.0,6.0,3.0,512.0,96.0,1.0,48.0,256.0,1.0,1.0,1.0,1.0,1.0,1.0,1.0,266075220.0,19416725.46,33032200.0,0.5634595,76.0,514.0,1093632.0,5166309498449101.0,25.183675000000004,8.946949750000002,78.57142857142857,61787.71428571428
256.0,32000.0,256.0,64.0,3.0,6.0,48.0,10.0,3.0,2.0,2.0,1.0,2.0,6.0,1.0,5.0,3.0,4.0,3.0,1.0,1.0,5.0,6.0,1.0,5.0,3.0,4.0,4.0,3.0,2.0,5.0,6.0,768.0,12.0,1.0,384.0,144.0,1.0,1.0,1.0,1.0,1.0,1.0,1.0,6.0,6.0,6.0,1.0,3.0,3.0,2.0,4.0,2.0,3.0,6.0,6.0,2.0,2.0,4.0,1.0,4.0,6.0,4.0,4.0,1.0,32.0,128.0,1.0,1.0,64.0,1.0,1.0,1.0,1.0,2.0,1.0,5.0,3.0,5.0,6.0,6.0,2.0,5.0,5.0,4.0,5.0,2.0,4.0,6.0,5.0,5.0,4.0,32.0,8.0,1.0,2.0,8.0,1.0,4.0,64.0,1.0,1.0,1.0,1.0,6.0,4.0,4.0,2.0,1.0,4.0,6.0,6.0,3.0,3.0,1.0,2.0,2.0,4.0,6.0,2.0,6.0,6.0,12.0,256.0,1.0,2.0,3.0,1.0,1.0,1.0,1.0,1.0,1.0,1.0,5.0,6.0,3.0,3.0,5.0,2.0,1.0,2.0,1.0,5.0,6.0,5.0,4.0,2.0,4.0,5.0,2.0,5.0,3.0,3.0,1.0,192.0,2.0,1.0,1.0,1.0,1.0,1.0,1.0,1.0,6.0,1.0,1.0,5.0,1.0,2.0,6.0,3.0,6.0,1.0,2.0,1.0,6.0,5.0,2.0,1.0,6.0,3.0,96.0,64.0,1.0,6.0,4.0,1.0,1.0,1.0,1.0,1.0,1.0,1.0,2702592840.0,23315034.240000002,5335430000.0,16.756089285714285,2880.0,514.0,884736.0,6.301104460137885e+16,19.680964285714285,1.0094371,78.57142857142857,46912.0
256.0,2048000.0,256.0,64.0,1.0,12.0,36.0,2.0,3.0,5.0,2.0,5.0,3.0,3.0,6.0,3.0,1.0,2.0,5.0,3.0,4.0,6.0,5.0,1.0,1.0,1.0,1.0,5.0,3.0,6.0,6.0,3.0,24.0,96.0,1.0,3.0,64.0,1.0,1.0,1.0,1.0,1.0,1.0,1.0,5.0,2.0,6.0,4.0,2.0,3.0,1.0,1.0,5.0,1.0,3.0,5.0,1.0,2.0,1.0,2.0,5.0,6.0,16.0,2.0,1.0,128.0,1.0,1.0,16.0,32.0,1.0,1.0,1.0,1.0,2.0,5.0,6.0,3.0,1.0,5.0,5.0,1.0,2.0,2.0,1.0,5.0,6.0,3.0,5.0,5.0,5.0,1.0,4.0,128.0,1.0,1.0,16.0,1.0,2.0,1.0,1.0,1.0,1.0,1.0,6.0,5.0,4.0,1.0,1.0,2.0,6.0,3.0,2.0,3.0,1.0,4.0,2.0,3.0,2.0,3.0,3.0,6.0,3.0,24.0,1.0,256.0,12.0,1.0,1.0,1.0,1.0,1.0,1.0,1.0,1.0,3.0,4.0,6.0,1.0,5.0,6.0,2.0,1.0,2.0,4.0,5.0,4.0,2.0,2.0,4.0,5.0,5.0,12.0,2.0,1.0,128.0,1.0,1.0,1.0,1.0,1.0,1.0,1.0,1.0,6.0,6.0,3.0,3.0,3.0,2.0,5.0,1.0,5.0,2.0,6.0,3.0,4.0,5.0,3.0,6.0,6.0,1.0,256.0,3.0,1.0,32.0,128.0,1.0,1.0,1.0,1.0,1.0,1.0,1.0,5586813264.0,83877248.64,1518290.0,0.0156601,2.0,514.0,772.0,4.68606525249778e+17,2.0,2.0033985714285714,78.57142857142857,118.85714285714286
128000.0,2048000.0,256.0,64.0,2.0,6.0,44.0,6.0,4.0,3.0,4.0,1.0,1.0,1.0,3.0,5.0,1.0,6.0,5.0,5.0,3.0,4.0,5.0,3.0,1.0,5.0,1.0,5.0,5.0,1.0,6.0,1.0,128.0,16.0,1.0,18.0,9.0,1.0,1.0,1.0,1.0,1.0,1.0,1.0,4.0,5.0,4.0,3.0,4.0,1.0,5.0,6.0,4.0,3.0,6.0,6.0,3.0,2.0,6.0,2.0,3.0,6.0,2.0,1.0,1.0,64.0,8.0,1.0,64.0,4.0,1.0,1.0,1.0,1.0,3.0,3.0,2.0,6.0,4.0,1.0,3.0,1.0,2.0,2.0,3.0,6.0,1.0,5.0,3.0,2.0,2.0,4.0,32.0,32.0,1.0,32.0,16.0,1.0,64.0,2.0,1.0,1.0,1.0,1.0,2.0,3.0,5.0,2.0,2.0,1.0,6.0,6.0,1.0,5.0,1.0,3.0,3.0,5.0,4.0,2.0,2.0,2.0,192.0,48.0,1.0,24.0,128.0,1.0,1.0,1.0,1.0,1.0,1.0,1.0,5.0,2.0,6.0,2.0,5.0,2.0,2.0,1.0,5.0,1.0,2.0,1.0,3.0,3.0,4.0,2.0,6.0,6.0,12.0,6.0,1.0,512.0,48.0,1.0,1.0,1.0,1.0,1.0,1.0,1.0,6.0,2.0,5.0,5.0,1.0,1.0,2.0,2.0,2.0,6.0,3.0,5.0,4.0,4.0,3.0,3.0,2.0,3.0,128.0,128.0,1.0,64.0,256.0,1.0,1.0,1.0,1.0,1.0,1.0,1.0,426087780.0,18311365.66,137926000.0,1.4464032142857146,264.0,514.0,1196032.0,7802249142837635.0,62.09523928571428,7.914834500000001,78.57142857142857,64484.57142857143
2048000.0,16000000.0,256.0,64.0,2.0,32.0,14.0,24.0,2.0,2.0,4.0,1.0,3.0,3.0,3.0,6.0,2.0,5.0,6.0,4.0,3.0,4.0,1.0,1.0,2.0,6.0,5.0,6.0,6.0,4.0,1.0,6.0,12.0,12.0,1.0,128.0,8.0,1.0,1.0,1.0,1.0,1.0,1.0,1.0,5.0,1.0,3.0,4.0,6.0,2.0,5.0,1.0,1.0,5.0,6.0,4.0,6.0,1.0,4.0,4.0,1.0,3.0,8.0,4.0,1.0,32.0,2.0,1.0,64.0,64.0,1.0,1.0,1.0,1.0,3.0,2.0,5.0,6.0,5.0,5.0,3.0,6.0,3.0,5.0,6.0,2.0,2.0,5.0,5.0,3.0,2.0,3.0,4.0,2.0,1.0,4.0,128.0,1.0,1.0,4.0,1.0,1.0,1.0,1.0,4.0,5.0,5.0,3.0,4.0,4.0,5.0,3.0,5.0,1.0,2.0,4.0,2.0,3.0,2.0,1.0,4.0,1.0,768.0,24.0,1.0,8.0,192.0,1.0,1.0,1.0,1.0,1.0,1.0,1.0,2.0,5.0,6.0,3.0,5.0,4.0,1.0,3.0,4.0,6.0,1.0,2.0,1.0,5.0,6.0,5.0,5.0,1.0,4.0,2.0,1.0,512.0,64.0,1.0,1.0,1.0,1.0,1.0,1.0,1.0,2.0,5.0,4.0,2.0,3.0,1.0,2.0,5.0,5.0,5.0,5.0,6.0,3.0,4.0,3.0,6.0,2.0,1.0,8.0,96.0,1.0,4.0,1.0,1.0,1.0,1.0,1.0,1.0,1.0,1.0,10964571012.0,47709194.88000001,187512000.0,1.5733967857142859,336.0,514.0,17152.0,5.2311085518710694e+17,6.485714285714285,2.7113466857142856,78.57142857142857,1935.4285714285713
256.0,1024000.0,256.0,64.0,2.0,38.0,44.0,18.0,1.0,2.0,3.0,6.0,3.0,2.0,5.0,3.0,4.0,6.0,4.0,4.0,4.0,3.0,5.0,2.0,4.0,1.0,3.0,1.0,2.0,2.0,2.0,1.0,4.0,96.0,1.0,768.0,24.0,1.0,1.0,1.0,1.0,1.0,1.0,1.0,2.0,3.0,4.0,4.0,6.0,1.0,5.0,2.0,4.0,4.0,2.0,3.0,1.0,6.0,4.0,6.0,1.0,5.0,4.0,32.0,1.0,128.0,16.0,1.0,1.0,64.0,1.0,1.0,1.0,1.0,2.0,5.0,6.0,3.0,1.0,6.0,1.0,3.0,2.0,5.0,3.0,2.0,2.0,1.0,6.0,3.0,2.0,3.0,2.0,32.0,1.0,2.0,128.0,1.0,8.0,4.0,1.0,1.0,1.0,1.0,4.0,3.0,5.0,1.0,5.0,4.0,5.0,6.0,6.0,6.0,2.0,3.0,1.0,6.0,2.0,5.0,3.0,2.0,2.0,128.0,1.0,32.0,2.0,1.0,1.0,1.0,1.0,1.0,1.0,1.0,2.0,3.0,5.0,2.0,2.0,3.0,4.0,3.0,5.0,2.0,2.0,1.0,1.0,6.0,6.0,5.0,6.0,1.0,3.0,128.0,1.0,2.0,512.0,1.0,1.0,1.0,1.0,1.0,1.0,1.0,3.0,6.0,6.0,5.0,6.0,2.0,3.0,2.0,4.0,1.0,2.0,4.0,1.0,6.0,2.0,1.0,2.0,2.0,96.0,64.0,1.0,3.0,16.0,1.0,1.0,1.0,1.0,1.0,1.0,1.0,11079033600.0,31657241.559999995,625025000.0,3.846846428571428,792.0,514.0,17536.0,3.5073164292655635e+17,2.2857142857142856,1.445358225,78.57142857142857,1061.2857142857142
512.0,16000000.0,256.0,64.0,2.0,24.0,8.0,32.0,4.0,3.0,4.0,2.0,2.0,2.0,4.0,5.0,4.0,6.0,6.0,5.0,1.0,4.0,2.0,3.0,6.0,3.0,1.0,4.0,5.0,5.0,5.0,3.0,96.0,4.0,1.0,128.0,384.0,1.0,1.0,1.0,1.0,1.0,1.0,1.0,6.0,3.0,4.0,5.0,5.0,1.0,5.0,3.0,2.0,1.0,5.0,2.0,5.0,2.0,1.0,2.0,5.0,1.0,32.0,32.0,1.0,2.0,8.0,1.0,16.0,8.0,1.0,1.0,1.0,1.0,1.0,3.0,6.0,5.0,2.0,3.0,3.0,3.0,1.0,5.0,1.0,3.0,2.0,4.0,4.0,3.0,5.0,3.0,64.0,2.0,1.0,1.0,8.0,1.0,1.0,16.0,1.0,1.0,1.0,1.0,6.0,3.0,3.0,6.0,5.0,5.0,5.0,4.0,5.0,1.0,3.0,1.0,6.0,3.0,1.0,3.0,1.0,6.0,2.0,48.0,1.0,1.0,24.0,1.0,1.0,1.0,1.0,1.0,1.0,1.0,4.0,3.0,5.0,5.0,3.0,6.0,1.0,6.0,2.0,3.0,5.0,5.0,5.0,1.0,2.0,3.0,4.0,6.0,128.0,2.0,1.0,768.0,1.0,1.0,1.0,1.0,1.0,1.0,1.0,1.0,1.0,4.0,6.0,1.0,5.0,2.0,4.0,2.0,3.0,6.0,6.0,4.0,2.0,6.0,6.0,3.0,1.0,4.0,512.0,512.0,1.0,384.0,4.0,1.0,1.0,1.0,1.0,1.0,1.0,1.0,1550085144.0,36976534.879999995,132689000.0,1.2953510714285712,256.0,514.0,812032.0,5.7316777394085816e+16,11.357142857142858,5.815919821428572,78.57142857142857,31660.285714285714
32000.0,2048000.0,256.0,64.0,2.0,42.0,44.0,18.0,6.0,1.0,5.0,2.0,3.0,4.0,6.0,1.0,6.0,1.0,1.0,6.0,1.0,4.0,3.0,2.0,1.0,3.0,6.0,4.0,4.0,3.0,3.0,3.0,384.0,6.0,1.0,72.0,1.0,1.0,1.0,1.0,1.0,1.0,1.0,1.0,1.0,5.0,4.0,3.0,4.0,4.0,3.0,5.0,3.0,3.0,5.0,3.0,4.0,3.0,5.0,6.0,3.0,3.0,1.0,1.0,1.0,128.0,4.0,1.0,16.0,16.0,1.0,1.0,1.0,1.0,6.0,2.0,5.0,3.0,1.0,5.0,3.0,6.0,4.0,6.0,3.0,1.0,2.0,6.0,6.0,5.0,4.0,6.0,2.0,16.0,1.0,8.0,4.0,1.0,8.0,4.0,1.0,1.0,1.0,1.0,6.0,2.0,4.0,5.0,3.0,2.0,1.0,2.0,3.0,3.0,4.0,3.0,4.0,3.0,2.0,4.0,3.0,5.0,12.0,192.0,1.0,192.0,128.0,1.0,1.0,1.0,1.0,1.0,1.0,1.0,1.0,2.0,1.0,5.0,5.0,6.0,2.0,4.0,6.0,2.0,1.0,4.0,5.0,5.0,3.0,1.0,6.0,6.0,48.0,16.0,1.0,2.0,512.0,1.0,1.0,1.0,1.0,1.0,1.0,1.0,3.0,2.0,1.0,1.0,4.0,3.0,1.0,2.0,6.0,1.0,2.0,1.0,4.0,2.0,6.0,3.0,5.0,6.0,4.0,256.0,1.0,8.0,48.0,1.0,1.0,1.0,1.0,1.0,1.0,1.0,330676824.0,29268010.919999998,625055000.0,3.922641785714286,792.0,514.0,303104.0,9678252895822918.0,279.3333357142857,58.86822096428572,78.57142857142857,23031.428571428572
128000.0,1024000.0,256.0,64.0,3.0,24.0,14.0,44.0,6.0,6.0,3.0,4.0,4.0,1.0,5.0,5.0,1.0,4.0,1.0,5.0,6.0,4.0,3.0,5.0,5.0,6.0,5.0,1.0,4.0,1.0,4.0,3.0,768.0,24.0,1.0,96.0,36.0,1.0,1.0,1.0,1.0,1.0,1.0,1.0,5.0,3.0,3.0,5.0,2.0,3.0,5.0,1.0,3.0,3.0,6.0,2.0,3.0,4.0,4.0,6.0,6.0,5.0,16.0,8.0,1.0,16.0,128.0,1.0,8.0,16.0,1.0,1.0,1.0,1.0,4.0,6.0,2.0,6.0,1.0,1.0,2.0,2.0,1.0,2.0,3.0,1.0,2.0,3.0,4.0,2.0,2.0,2.0,128.0,4.0,1.0,4.0,32.0,1.0,4.0,32.0,1.0,1.0,1.0,1.0,6.0,5.0,3.0,1.0,6.0,5.0,4.0,4.0,2.0,6.0,6.0,6.0,6.0,1.0,2.0,2.0,1.0,3.0,24.0,96.0,1.0,3.0,256.0,1.0,1.0,1.0,1.0,1.0,1.0,1.0,5.0,3.0,6.0,6.0,1.0,6.0,4.0,2.0,6.0,4.0,4.0,5.0,1.0,4.0,5.0,1.0,4.0,3.0,1.0,96.0,1.0,768.0,4.0,1.0,1.0,1.0,1.0,1.0,1.0,1.0,1.0,4.0,2.0,1.0,1.0,4.0,2.0,6.0,3.0,4.0,3.0,6.0,6.0,6.0,2.0,3.0,1.0,6.0,48.0,3.0,1.0,16.0,768.0,1.0,1.0,1.0,1.0,1.0,1.0,1.0,1098902388.0,17767651.92,117070000000.0,162.9234642857143,14784.0,514.0,2260992.0,1.9524915124040788e+16,33.78060357142857,0.36904775,78.57142857142857,191049.14285714287
8192.0,32000.0,256.0,64.0,2.0,24.0,28.0,46.0,6.0,6.0,4.0,2.0,2.0,4.0,6.0,5.0,2.0,1.0,3.0,1.0,5.0,2.0,6.0,2.0,3.0,6.0,1.0,6.0,6.0,5.0,2.0,6.0,768.0,24.0,1.0,4.0,18.0,1.0,1.0,1.0,1.0,1.0,1.0,1.0,4.0,6.0,4.0,5.0,2.0,3.0,3.0,5.0,2.0,6.0,3.0,5.0,6.0,6.0,3.0,4.0,6.0,2.0,64.0,32.0,1.0,1.0,4.0,1.0,32.0,64.0,1.0,1.0,1.0,1.0,3.0,4.0,1.0,2.0,4.0,5.0,5.0,1.0,1.0,6.0,2.0,6.0,5.0,5.0,6.0,4.0,2.0,3.0,8.0,1.0,1.0,4.0,16.0,1.0,16.0,8.0,1.0,1.0,1.0,1.0,4.0,6.0,5.0,1.0,4.0,4.0,4.0,2.0,2.0,2.0,1.0,4.0,2.0,3.0,4.0,3.0,1.0,2.0,6.0,768.0,1.0,64.0,3.0,1.0,1.0,1.0,1.0,1.0,1.0,1.0,1.0,6.0,2.0,3.0,4.0,6.0,2.0,1.0,3.0,5.0,5.0,3.0,5.0,2.0,4.0,6.0,4.0,5.0,768.0,6.0,1.0,32.0,4.0,1.0,1.0,1.0,1.0,1.0,1.0,1.0,3.0,1.0,5.0,6.0,6.0,4.0,4.0,1.0,5.0,4.0,2.0,4.0,4.0,2.0,3.0,2.0,4.0,1.0,96.0,48.0,1.0,32.0,256.0,1.0,1.0,1.0,1.0,1.0,1.0,1.0,172285776.0,18566673.42,1341590000.0,6.620741071428571,1288.0,514.0,438272.0,3198773737903274.0,77.80953571428572,10.119916964285716,78.57142857142857,27398.285714285714
32000.0,2048000.0,256.0,64.0,1.0,12.0,32.0,16.0,2.0,6.0,2.0,1.0,3.0,4.0,2.0,2.0,2.0,1.0,1.0,1.0,3.0,6.0,2.0,4.0,2.0,4.0,4.0,3.0,5.0,4.0,1.0,2.0,48.0,4.0,1.0,3.0,192.0,1.0,1.0,1.0,1.0,1.0,1.0,1.0,6.0,3.0,3.0,5.0,6.0,3.0,4.0,3.0,3.0,4.0,5.0,4.0,3.0,1.0,2.0,4.0,3.0,5.0,4.0,64.0,1.0,2.0,64.0,1.0,8.0,16.0,1.0,1.0,1.0,1.0,2.0,1.0,3.0,3.0,2.0,3.0,6.0,5.0,4.0,3.0,6.0,1.0,1.0,4.0,5.0,2.0,6.0,3.0,128.0,16.0,1.0,1.0,128.0,1.0,16.0,8.0,1.0,1.0,1.0,1.0,2.0,3.0,2.0,4.0,6.0,2.0,3.0,6.0,6.0,5.0,2.0,6.0,4.0,2.0,4.0,6.0,1.0,4.0,768.0,384.0,1.0,192.0,24.0,1.0,1.0,1.0,1.0,1.0,1.0,1.0,6.0,5.0,2.0,5.0,6.0,6.0,4.0,3.0,3.0,4.0,4.0,1.0,4.0,3.0,5.0,5.0,5.0,1.0,12.0,24.0,1.0,48.0,24.0,1.0,1.0,1.0,1.0,1.0,1.0,1.0,5.0,2.0,3.0,4.0,4.0,1.0,5.0,6.0,3.0,1.0,6.0,6.0,6.0,6.0,3.0,5.0,4.0,3.0,1024.0,32.0,1.0,128.0,4.0,1.0,1.0,1.0,1.0,1.0,1.0,1.0,698351952.0,67325887.19999999,7028500.0,0.08055197142857141,16.0,514.0,4384.0,4.701716474625181e+16,16.0,16.425657142857144,78.57142857142857,682.8571428571429
16000.0,16000.0,256.0,64.0,3.0,34.0,36.0,6.0,3.0,1.0,2.0,5.0,2.0,5.0,2.0,2.0,4.0,6.0,5.0,1.0,5.0,6.0,6.0,2.0,3.0,1.0,2.0,5.0,4.0,4.0,4.0,3.0,768.0,16.0,1.0,192.0,72.0,1.0,1.0,1.0,1.0,1.0,1.0,1.0,2.0,5.0,4.0,1.0,2.0,5.0,5.0,3.0,2.0,3.0,5.0,6.0,2.0,5.0,4.0,3.0,3.0,3.0,2.0,64.0,1.0,1.0,128.0,1.0,4.0,16.0,1.0,1.0,1.0,1.0,4.0,5.0,6.0,4.0,1.0,3.0,4.0,6.0,6.0,4.0,4.0,4.0,5.0,1.0,2.0,6.0,2.0,3.0,64.0,8.0,1.0,1.0,2.0,1.0,4.0,8.0,1.0,1.0,1.0,1.0,5.0,4.0,1.0,3.0,1.0,5.0,4.0,5.0,6.0,6.0,4.0,1.0,2.0,2.0,6.0,4.0,2.0,2.0,768.0,192.0,1.0,48.0,64.0,1.0,1.0,1.0,1.0,1.0,1.0,1.0,6.0,5.0,3.0,5.0,1.0,4.0,3.0,2.0,4.0,3.0,4.0,6.0,1.0,3.0,1.0,4.0,6.0,1.0,8.0,16.0,1.0,2.0,3.0,1.0,1.0,1.0,1.0,1.0,1.0,1.0,2.0,6.0,4.0,1.0,2.0,5.0,2.0,1.0,4.0,5.0,5.0,2.0,5.0,4.0,6.0,3.0,3.0,5.0,384.0,512.0,1.0,96.0,96.0,1.0,1.0,1.0,1.0,1.0,1.0,1.0,2324981100.0,19106287.04,30310800000.0,56.84162857142858,7344.0,514.0,540672.0,4.442175625917494e+16,3.3292746428571434,0.5836236071428571,78.57142857142857,49891.42857142857
1024.0,16000.0,256.0,64.0,1.0,10.0,14.0,42.0,2.0,3.0,3.0,3.0,4.0,4.0,4.0,1.0,4.0,2.0,6.0,5.0,3.0,5.0,5.0,2.0,2.0,4.0,3.0,2.0,6.0,2.0,1.0,3.0,384.0,64.0,1.0,48.0,48.0,1.0,1.0,1.0,1.0,1.0,1.0,1.0,4.0,2.0,1.0,4.0,2.0,3.0,6.0,2.0,2.0,4.0,5.0,5.0,4.0,1.0,5.0,4.0,2.0,6.0,1.0,1.0,1.0,64.0,32.0,1.0,8.0,1.0,1.0,1.0,1.0,1.0,4.0,5.0,6.0,3.0,1.0,1.0,5.0,3.0,2.0,2.0,1.0,1.0,5.0,3.0,2.0,4.0,6.0,6.0,128.0,8.0,1.0,64.0,2.0,1.0,64.0,1.0,1.0,1.0,1.0,1.0,1.0,4.0,2.0,5.0,2.0,6.0,6.0,5.0,2.0,6.0,2.0,4.0,2.0,3.0,6.0,4.0,5.0,5.0,16.0,768.0,1.0,64.0,8.0,1.0,1.0,1.0,1.0,1.0,1.0,1.0,2.0,5.0,5.0,3.0,1.0,5.0,2.0,6.0,6.0,5.0,6.0,1.0,3.0,3.0,3.0,3.0,4.0,6.0,12.0,48.0,1.0,1536.0,256.0,1.0,1.0,1.0,1.0,1.0,1.0,1.0,3.0,3.0,2.0,1.0,3.0,6.0,4.0,3.0,4.0,2.0,3.0,1.0,1.0,6.0,5.0,2.0,2.0,4.0,1536.0,32.0,1.0,768.0,128.0,1.0,1.0,1.0,1.0,1.0,1.0,1.0,11173626192.0,88471120.80000001,17796800.0,0.1958718571428571,42.0,514.0,514.0,9.885432326064762e+17,1.0,1.0039046428571428,78.57142857142857,78.57142857142857
128.0,32000000.0,256.0,64.0,1.0,12.0,40.0,6.0,1.0,1.0,2.0,3.0,3.0,6.0,3.0,6.0,5.0,3.0,5.0,5.0,2.0,6.0,3.0,5.0,2.0,5.0,2.0,6.0,1.0,1.0,2.0,6.0,192.0,64.0,1.0,9.0,8.0,1.0,1.0,1.0,1.0,1.0,1.0,1.0,1.0,4.0,2.0,4.0,1.0,6.0,2.0,4.0,3.0,4.0,1.0,4.0,5.0,5.0,1.0,6.0,6.0,3.0,2.0,1.0,1.0,1.0,32.0,1.0,128.0,4.0,1.0,1.0,1.0,1.0,4.0,3.0,4.0,4.0,6.0,5.0,1.0,4.0,1.0,2.0,6.0,1.0,1.0,3.0,2.0,2.0,2.0,1.0,4.0,128.0,1.0,16.0,128.0,1.0,16.0,32.0,1.0,1.0,1.0,1.0,2.0,3.0,1.0,3.0,2.0,5.0,4.0,2.0,2.0,1.0,6.0,5.0,5.0,4.0,5.0,1.0,2.0,3.0,768.0,96.0,1.0,64.0,128.0,1.0,1.0,1.0,1.0,1.0,1.0,1.0,2.0,1.0,1.0,6.0,2.0,1.0,4.0,2.0,2.0,2.0,4.0,5.0,5.0,1.0,2.0,2.0,2.0,3.0,1.0,384.0,1.0,48.0,192.0,1.0,1.0,1.0,1.0,1.0,1.0,1.0,6.0,3.0,4.0,3.0,3.0,4.0,4.0,4.0,3.0,1.0,6.0,1.0,1.0,6.0,1.0,2.0,4.0,2.0,384.0,128.0,1.0,6.0,1.0,1.0,1.0,1.0,1.0,1.0,1.0,1.0,11173626192.0,97609567.20000002,3069750.0,0.033505700000000006,6.0,514.0,514.0,1.0906528166557043e+18,1.0,1.4258078571428572,78.57142857142857,78.57142857142857
16000.0,128000.0,256.0,64.0,2.0,40.0,32.0,18.0,1.0,3.0,6.0,5.0,5.0,2.0,6.0,5.0,2.0,3.0,4.0,6.0,5.0,3.0,6.0,4.0,1.0,6.0,5.0,2.0,6.0,5.0,4.0,5.0,3.0,8.0,1.0,3.0,1152.0,1.0,1.0,1.0,1.0,1.0,1.0,1.0,3.0,4.0,1.0,3.0,6.0,4.0,6.0,5.0,3.0,3.0,4.0,2.0,6.0,5.0,3.0,2.0,2.0,6.0,1.0,1.0,1.0,32.0,4.0,1.0,64.0,32.0,1.0,1.0,1.0,1.0,3.0,3.0,5.0,3.0,4.0,6.0,5.0,2.0,1.0,4.0,6.0,2.0,1.0,6.0,3.0,5.0,2.0,2.0,32.0,2.0,1.0,1.0,128.0,1.0,32.0,8.0,1.0,1.0,1.0,1.0,5.0,1.0,2.0,6.0,5.0,5.0,4.0,4.0,4.0,2.0,4.0,4.0,2.0,2.0,4.0,1.0,5.0,2.0,32.0,3.0,1.0,24.0,192.0,1.0,1.0,1.0,1.0,1.0,1.0,1.0,3.0,4.0,2.0,4.0,6.0,2.0,5.0,3.0,2.0,6.0,1.0,6.0,3.0,3.0,5.0,6.0,4.0,2.0,256.0,768.0,1.0,768.0,4.0,1.0,1.0,1.0,1.0,1.0,1.0,1.0,5.0,5.0,4.0,1.0,4.0,6.0,6.0,2.0,2.0,6.0,2.0,6.0,5.0,4.0,3.0,2.0,3.0,4.0,64.0,8.0,1.0,768.0,16.0,1.0,1.0,1.0,1.0,1.0,1.0,1.0,10932442044.0,25826051.200000003,391369000.0,2.7549239285714284,576.0,514.0,68608.0,2.8234180796937667e+17,5.285714285714286,3.3524340157142865,78.57142857142857,3704.6428571428573
32000.0,2048000.0,256.0,64.0,3.0,16.0,44.0,10.0,6.0,2.0,1.0,3.0,3.0,1.0,5.0,4.0,4.0,5.0,1.0,6.0,2.0,5.0,5.0,2.0,6.0,3.0,2.0,5.0,1.0,3.0,1.0,1.0,12.0,1.0,1.0,2.0,1152.0,1.0,1.0,1.0,1.0,1.0,1.0,1.0,5.0,4.0,6.0,2.0,3.0,2.0,6.0,6.0,5.0,5.0,6.0,1.0,3.0,4.0,5.0,2.0,1.0,5.0,1.0,64.0,1.0,128.0,32.0,1.0,64.0,16.0,1.0,1.0,1.0,1.0,4.0,6.0,2.0,5.0,1.0,2.0,4.0,2.0,2.0,6.0,4.0,6.0,4.0,5.0,1.0,2.0,3.0,5.0,128.0,4.0,1.0,2.0,16.0,1.0,1.0,4.0,1.0,1.0,1.0,1.0,5.0,6.0,3.0,5.0,2.0,3.0,6.0,6.0,4.0,3.0,6.0,1.0,3.0,3.0,4.0,4.0,4.0,1.0,64.0,384.0,1.0,128.0,6.0,1.0,1.0,1.0,1.0,1.0,1.0,1.0,6.0,4.0,6.0,4.0,3.0,4.0,6.0,6.0,5.0,3.0,1.0,2.0,6.0,4.0,4.0,3.0,5.0,5.0,8.0,192.0,1.0,3072.0,64.0,1.0,1.0,1.0,1.0,1.0,1.0,1.0,4.0,1.0,2.0,5.0,4.0,5.0,4.0,6.0,5.0,1.0,4.0,2.0,4.0,4.0,2.0,5.0,1.0,6.0,192.0,96.0,1.0,96.0,64.0,1.0,1.0,1.0,1.0,1.0,1.0,1.0,2077367448.0,17817097.1,27966000000.0,54.47913571428571,7040.0,514.0,5701632.0,3.70126575333952e+16,2.2142857142857144,0.020089285714285716,78.57142857142857,316763.4285714286
256000.0,64000.0,256.0,64.0,2.0,26.0,30.0,36.0,3.0,2.0,3.0,1.0,4.0,5.0,1.0,4.0,3.0,2.0,6.0,5.0,5.0,6.0,3.0,3.0,1.0,3.0,4.0,4.0,1.0,3.0,2.0,1.0,384.0,24.0,1.0,8.0,768.0,1.0,1.0,1.0,1.0,1.0,1.0,1.0,5.0,5.0,1.0,4.0,4.0,4.0,1.0,4.0,3.0,5.0,3.0,5.0,4.0,5.0,4.0,1.0,2.0,6.0,64.0,8.0,1.0,128.0,2.0,1.0,4.0,1.0,1.0,1.0,1.0,1.0,4.0,5.0,6.0,1.0,1.0,5.0,2.0,5.0,5.0,6.0,6.0,5.0,5.0,1.0,2.0,5.0,1.0,5.0,16.0,2.0,1.0,32.0,8.0,1.0,2.0,4.0,1.0,1.0,1.0,1.0,6.0,1.0,5.0,6.0,2.0,3.0,1.0,5.0,1.0,6.0,1.0,5.0,4.0,1.0,3.0,6.0,5.0,5.0,24.0,128.0,1.0,6.0,32.0,1.0,1.0,1.0,1.0,1.0,1.0,1.0,6.0,1.0,2.0,4.0,6.0,6.0,3.0,3.0,4.0,4.0,5.0,3.0,6.0,4.0,2.0,1.0,3.0,6.0,16.0,16.0,1.0,1536.0,768.0,1.0,1.0,1.0,1.0,1.0,1.0,1.0,4.0,1.0,2.0,3.0,4.0,2.0,3.0,1.0,5.0,1.0,5.0,5.0,4.0,6.0,2.0,3.0,3.0,1.0,192.0,8.0,1.0,6.0,32.0,1.0,1.0,1.0,1.0,1.0,1.0,1.0,11188534836.0,25231934.199999996,1010570000.0,5.405264285714286,1080.0,514.0,225280.0,2.8230837477635974e+17,1.0,0.8307230464285714,78.57142857142857,8821.142857142857
64000.0,32000.0,256.0,64.0,3.0,32.0,34.0,40.0,2.0,4.0,1.0,5.0,2.0,6.0,6.0,6.0,2.0,4.0,1.0,1.0,6.0,5.0,1.0,3.0,1.0,4.0,3.0,1.0,1.0,4.0,4.0,2.0,32.0,64.0,1.0,12.0,192.0,1.0,1.0,1.0,1.0,1.0,1.0,1.0,1.0,4.0,6.0,5.0,3.0,1.0,6.0,4.0,3.0,4.0,5.0,6.0,2.0,2.0,5.0,1.0,4.0,4.0,64.0,1.0,1.0,1.0,2.0,1.0,2.0,8.0,1.0,1.0,1.0,1.0,4.0,3.0,5.0,4.0,3.0,6.0,1.0,5.0,5.0,4.0,2.0,1.0,6.0,3.0,4.0,3.0,5.0,2.0,8.0,8.0,1.0,128.0,2.0,1.0,4.0,16.0,1.0,1.0,1.0,1.0,2.0,2.0,5.0,2.0,4.0,3.0,6.0,6.0,2.0,2.0,6.0,1.0,2.0,1.0,3.0,3.0,2.0,2.0,3.0,2.0,1.0,128.0,2.0,1.0,1.0,1.0,1.0,1.0,1.0,1.0,5.0,4.0,5.0,1.0,6.0,2.0,6.0,2.0,5.0,1.0,3.0,1.0,3.0,1.0,1.0,1.0,3.0,5.0,192.0,64.0,1.0,768.0,4.0,1.0,1.0,1.0,1.0,1.0,1.0,1.0,6.0,5.0,3.0,2.0,6.0,3.0,5.0,3.0,6.0,5.0,1.0,3.0,1.0,6.0,3.0,1.0,3.0,2.0,3072.0,1536.0,1.0,256.0,128.0,1.0,1.0,1.0,1.0,1.0,1.0,1.0,2005919412.0,19452061.119999997,981930000000.0,1025.955357142857,43520.0,514.0,2424832.0,3.9019267004018456e+16,3.0714285714285716,0.1535605642857143,78.57142857142857,113659.42857142857
512000.0,128000.0,256.0,64.0,2.0,24.0,28.0,26.0,3.0,6.0,2.0,5.0,4.0,1.0,2.0,6.0,3.0,6.0,1.0,2.0,6.0,4.0,4.0,2.0,3.0,1.0,1.0,4.0,3.0,4.0,1.0,6.0,64.0,16.0,1.0,24.0,36.0,1.0,1.0,1.0,1.0,1.0,1.0,1.0,5.0,1.0,1.0,6.0,6.0,2.0,2.0,4.0,1.0,5.0,1.0,1.0,1.0,3.0,6.0,2.0,4.0,5.0,4.0,16.0,1.0,128.0,1.0,1.0,8.0,128.0,1.0,1.0,1.0,1.0,3.0,1.0,3.0,2.0,5.0,5.0,4.0,4.0,2.0,4.0,1.0,6.0,6.0,2.0,2.0,3.0,6.0,2.0,8.0,2.0,1.0,16.0,8.0,1.0,8.0,4.0,1.0,1.0,1.0,1.0,1.0,4.0,2.0,1.0,6.0,2.0,5.0,3.0,4.0,4.0,3.0,4.0,3.0,2.0,5.0,5.0,5.0,3.0,384.0,32.0,1.0,4.0,48.0,1.0,1.0,1.0,1.0,1.0,1.0,1.0,2.0,2.0,1.0,3.0,2.0,1.0,5.0,1.0,4.0,1.0,3.0,5.0,2.0,4.0,3.0,4.0,2.0,1.0,3.0,64.0,1.0,48.0,64.0,1.0,1.0,1.0,1.0,1.0,1.0,1.0,6.0,4.0,3.0,5.0,3.0,1.0,1.0,1.0,5.0,6.0,4.0,2.0,6.0,1.0,4.0,6.0,5.0,6.0,8.0,384.0,1.0,8.0,48.0,1.0,1.0,1.0,1.0,1.0,1.0,1.0,482841516.0,26132084.62000001,550870000.0,3.5969949999999993,728.0,514.0,352896.0,1.2617655354161088e+16,21.284353571428568,6.265343428571429,78.57142857142857,24436.571428571428
8192.0,512000.0,256.0,64.0,3.0,18.0,6.0,44.0,1.0,3.0,3.0,5.0,4.0,4.0,5.0,4.0,4.0,5.0,6.0,1.0,1.0,1.0,1.0,1.0,6.0,4.0,3.0,6.0,4.0,3.0,3.0,6.0,2.0,2.0,1.0,48.0,1152.0,1.0,1.0,1.0,1.0,1.0,1.0,1.0,4.0,5.0,2.0,5.0,5.0,6.0,5.0,2.0,3.0,3.0,2.0,1.0,1.0,4.0,4.0,2.0,2.0,3.0,1.0,8.0,1.0,4.0,32.0,1.0,4.0,128.0,1.0,1.0,1.0,1.0,6.0,3.0,6.0,1.0,5.0,1.0,1.0,3.0,3.0,1.0,3.0,6.0,5.0,2.0,3.0,4.0,4.0,4.0,64.0,32.0,1.0,16.0,64.0,1.0,32.0,4.0,1.0,1.0,1.0,1.0,4.0,4.0,2.0,6.0,1.0,6.0,2.0,6.0,1.0,3.0,2.0,6.0,1.0,3.0,3.0,5.0,1.0,2.0,3.0,384.0,1.0,3.0,96.0,1.0,1.0,1.0,1.0,1.0,1.0,1.0,6.0,4.0,4.0,1.0,2.0,4.0,2.0,6.0,6.0,6.0,6.0,4.0,4.0,2.0,3.0,2.0,3.0,6.0,6.0,6.0,1.0,6.0,3072.0,1.0,1.0,1.0,1.0,1.0,1.0,1.0,1.0,1.0,2.0,3.0,4.0,1.0,3.0,6.0,5.0,1.0,5.0,5.0,1.0,2.0,6.0,5.0,5.0,4.0,4.0,8.0,1.0,8.0,1.0,1.0,1.0,1.0,1.0,1.0,1.0,1.0,11193378120.0,28150499.080000002,13336200000.0,31.47761785714286,4752.0,514.0,824832.0,3.150991804691521e+17,1.0,0.05486382142857143,78.57142857142857,58976.0
128000.0,32000000.0,256.0,64.0,1.0,46.0,32.0,22.0,6.0,2.0,1.0,1.0,1.0,2.0,6.0,5.0,3.0,5.0,2.0,5.0,1.0,5.0,2.0,3.0,1.0,1.0,5.0,2.0,4.0,2.0,5.0,2.0,3.0,12.0,1.0,72.0,48.0,1.0,1.0,1.0,1.0,1.0,1.0,1.0,2.0,4.0,5.0,4.0,2.0,1.0,1.0,1.0,3.0,4.0,4.0,4.0,3.0,6.0,6.0,5.0,1.0,4.0,2.0,1.0,1.0,16.0,4.0,1.0,1.0,8.0,1.0,1.0,1.0,1.0,6.0,6.0,2.0,6.0,6.0,3.0,5.0,4.0,2.0,4.0,5.0,6.0,4.0,6.0,6.0,6.0,3.0,3.0,4.0,8.0,1.0,128.0,1.0,1.0,8.0,2.0,1.0,1.0,1.0,1.0,4.0,1.0,2.0,5.0,2.0,1.0,3.0,1.0,3.0,1.0,5.0,5.0,1.0,2.0,6.0,1.0,1.0,3.0,64.0,48.0,1.0,768.0,128.0,1.0,1.0,1.0,1.0,1.0,1.0,1.0,2.0,6.0,1.0,4.0,1.0,5.0,1.0,2.0,3.0,6.0,5.0,6.0,3.0,6.0,6.0,2.0,6.0,5.0,8.0,8.0,1.0,6.0,4.0,1.0,1.0,1.0,1.0,1.0,1.0,1.0,4.0,2.0,2.0,2.0,3.0,3.0,5.0,5.0,4.0,2.0,1.0,5.0,6.0,3.0,5.0,4.0,2.0,2.0,24.0,1.0,1.0,48.0,256.0,1.0,1.0,1.0,1.0,1.0,1.0,1.0,509608800.0,43288730.400000006,9452600.0,0.10836268571428574,22.0,514.0,5932.0,2.2060317952667524e+16,21.42038571428572,33.46666892857142,78.57142857142857,924.5714285714286
512.0,128000.0,256.0,64.0,2.0,10.0,12.0,32.0,5.0,2.0,3.0,4.0,1.0,4.0,1.0,5.0,2.0,2.0,6.0,3.0,4.0,5.0,5.0,1.0,1.0,5.0,5.0,2.0,2.0,1.0,4.0,4.0,3.0,128.0,1.0,36.0,2.0,1.0,1.0,1.0,1.0,1.0,1.0,1.0,5.0,3.0,1.0,2.0,2.0,2.0,3.0,6.0,5.0,3.0,3.0,4.0,1.0,2.0,1.0,4.0,6.0,2.0,64.0,1.0,1.0,32.0,1.0,1.0,32.0,4.0,1.0,1.0,1.0,1.0,1.0,2.0,3.0,1.0,4.0,6.0,4.0,3.0,1.0,3.0,6.0,5.0,4.0,2.0,1.0,2.0,5.0,5.0,1.0,64.0,1.0,16.0,128.0,1.0,64.0,64.0,1.0,1.0,1.0,1.0,1.0,5.0,6.0,2.0,5.0,3.0,5.0,4.0,1.0,5.0,2.0,1.0,2.0,1.0,4.0,3.0,1.0,2.0,48.0,3.0,1.0,3.0,6.0,1.0,1.0,1.0,1.0,1.0,1.0,1.0,6.0,1.0,4.0,4.0,1.0,4.0,3.0,4.0,6.0,2.0,3.0,1.0,1.0,1.0,5.0,6.0,6.0,5.0,96.0,2.0,1.0,128.0,12.0,1.0,1.0,1.0,1.0,1.0,1.0,1.0,2.0,4.0,2.0,3.0,5.0,5.0,5.0,4.0,1.0,2.0,2.0,1.0,2.0,4.0,3.0,2.0,2.0,4.0,3072.0,192.0,1.0,32.0,8.0,1.0,1.0,1.0,1.0,1.0,1.0,1.0,1097573664.0,27138500.319999997,223649000.0,1.8849675,384.0,514.0,628736.0,2.978650323168757e+16,11.103928571428572,5.037658525,78.57142857142857,25276.85714285714
16000.0,8192000.0,256.0,64.0,3.0,38.0,46.0,8.0,6.0,2.0,3.0,4.0,3.0,4.0,1.0,5.0,5.0,1.0,3.0,1.0,5.0,6.0,3.0,5.0,3.0,5.0,3.0,1.0,4.0,4.0,2.0,1.0,128.0,2.0,1.0,128.0,36.0,1.0,1.0,1.0,1.0,1.0,1.0,1.0,5.0,2.0,1.0,1.0,4.0,6.0,3.0,4.0,3.0,2.0,3.0,3.0,4.0,6.0,4.0,5.0,5.0,6.0,64.0,8.0,1.0,128.0,8.0,1.0,1.0,128.0,1.0,1.0,1.0,1.0,3.0,3.0,5.0,2.0,2.0,3.0,1.0,1.0,5.0,5.0,1.0,3.0,5.0,1.0,2.0,6.0,1.0,3.0,4.0,16.0,1.0,64.0,8.0,1.0,32.0,1.0,1.0,1.0,1.0,1.0,4.0,6.0,1.0,1.0,2.0,1.0,5.0,4.0,5.0,4.0,6.0,2.0,2.0,6.0,3.0,4.0,6.0,6.0,24.0,96.0,1.0,12.0,3.0,1.0,1.0,1.0,1.0,1.0,1.0,1.0,4.0,5.0,3.0,3.0,1.0,1.0,2.0,5.0,4.0,5.0,2.0,2.0,1.0,3.0,6.0,3.0,2.0,1.0,384.0,192.0,1.0,96.0,1024.0,1.0,1.0,1.0,1.0,1.0,1.0,1.0,5.0,1.0,1.0,3.0,3.0,2.0,4.0,2.0,6.0,2.0,6.0,1.0,6.0,4.0,5.0,4.0,4.0,5.0,192.0,32.0,1.0,6.0,384.0,1.0,1.0,1.0,1.0,1.0,1.0,1.0,2777721984.0,17690746.480000004,105034000000.0,149.45139285714288,13984.0,514.0,3244032.0,4.913997541086662e+16,5.0,0.0016741071428571428,78.57142857142857,251794.2857142857
512.0,512000.0,256.0,64.0,2.0,24.0,8.0,30.0,1.0,6.0,3.0,6.0,1.0,2.0,1.0,1.0,3.0,2.0,3.0,1.0,4.0,5.0,1.0,1.0,1.0,3.0,1.0,2.0,6.0,1.0,4.0,2.0,24.0,64.0,1.0,24.0,1152.0,1.0,1.0,1.0,1.0,1.0,1.0,1.0,1.0,6.0,6.0,5.0,6.0,5.0,3.0,5.0,2.0,6.0,6.0,1.0,3.0,1.0,2.0,6.0,1.0,4.0,16.0,8.0,1.0,128.0,64.0,1.0,8.0,64.0,1.0,1.0,1.0,1.0,5.0,2.0,4.0,3.0,2.0,3.0,5.0,4.0,3.0,4.0,6.0,1.0,6.0,5.0,5.0,4.0,4.0,3.0,16.0,128.0,1.0,16.0,2.0,1.0,2.0,8.0,1.0,1.0,1.0,1.0,5.0,4.0,5.0,5.0,6.0,5.0,4.0,2.0,3.0,5.0,5.0,1.0,6.0,2.0,2.0,4.0,6.0,1.0,16.0,256.0,1.0,768.0,4.0,1.0,1.0,1.0,1.0,1.0,1.0,1.0,3.0,4.0,2.0,5.0,1.0,2.0,1.0,5.0,2.0,3.0,3.0,4.0,1.0,4.0,3.0,3.0,3.0,4.0,12.0,192.0,1.0,1536.0,48.0,1.0,1.0,1.0,1.0,1.0,1.0,1.0,6.0,4.0,3.0,5.0,5.0,6.0,6.0,3.0,3.0,1.0,3.0,5.0,2.0,1.0,2.0,3.0,3.0,2.0,128.0,4.0,1.0,384.0,384.0,1.0,1.0,1.0,1.0,1.0,1.0,1.0,2812629912.0,21796502.379999995,122418000.0,1.1525685714285714,240.0,514.0,110592.0,6.1305494570967176e+16,5.214285714285714,0.36917167857142863,78.57142857142857,12141.714285714286
2048.0,16000000.0,256.0,64.0,2.0,46.0,24.0,40.0,1.0,5.0,5.0,2.0,6.0,2.0,2.0,4.0,1.0,3.0,1.0,5.0,3.0,1.0,3.0,3.0,1.0,1.0,4.0,6.0,2.0,5.0,2.0,1.0,24.0,8.0,1.0,72.0,64.0,1.0,1.0,1.0,1.0,1.0,1.0,1.0,2.0,2.0,1.0,4.0,4.0,2.0,5.0,6.0,2.0,6.0,4.0,1.0,5.0,5.0,5.0,1.0,1.0,5.0,2.0,1.0,1.0,32.0,1.0,1.0,64.0,8.0,1.0,1.0,1.0,1.0,3.0,2.0,4.0,5.0,1.0,1.0,2.0,6.0,5.0,3.0,6.0,5.0,4.0,1.0,6.0,1.0,1.0,3.0,32.0,64.0,1.0,64.0,8.0,1.0,1.0,2.0,1.0,1.0,1.0,1.0,4.0,4.0,3.0,1.0,6.0,5.0,5.0,2.0,2.0,3.0,5.0,2.0,2.0,6.0,4.0,1.0,5.0,4.0,256.0,96.0,1.0,8.0,48.0,1.0,1.0,1.0,1.0,1.0,1.0,1.0,5.0,3.0,2.0,2.0,1.0,5.0,6.0,5.0,6.0,3.0,5.0,5.0,3.0,1.0,2.0,4.0,6.0,6.0,128.0,768.0,1.0,6.0,6.0,1.0,1.0,1.0,1.0,1.0,1.0,1.0,1.0,4.0,4.0,6.0,4.0,6.0,6.0,6.0,5.0,4.0,2.0,2.0,6.0,3.0,6.0,2.0,3.0,6.0,96.0,48.0,1.0,12.0,48.0,1.0,1.0,1.0,1.0,1.0,1.0,1.0,1293622980.0,21595061.56,839640000.0,4.741054642857143,960.0,514.0,35840.0,2.793586788853065e+16,5.928571428571429,3.461154853571429,78.57142857142857,3838.5714285714284
128.0,256000.0,256.0,64.0,3.0,8.0,2.0,42.0,4.0,2.0,4.0,5.0,2.0,3.0,6.0,4.0,1.0,5.0,3.0,6.0,3.0,5.0,5.0,4.0,3.0,3.0,6.0,6.0,3.0,2.0,4.0,3.0,16.0,1.0,1.0,384.0,3.0,1.0,1.0,1.0,1.0,1.0,1.0,1.0,3.0,2.0,4.0,6.0,1.0,3.0,6.0,6.0,4.0,3.0,5.0,5.0,4.0,5.0,5.0,3.0,5.0,5.0,32.0,16.0,1.0,128.0,4.0,1.0,4.0,4.0,1.0,1.0,1.0,1.0,4.0,6.0,2.0,5.0,1.0,5.0,2.0,1.0,3.0,1.0,5.0,6.0,5.0,2.0,6.0,2.0,1.0,1.0,1.0,4.0,1.0,32.0,8.0,1.0,1.0,2.0,1.0,1.0,1.0,1.0,1.0,1.0,4.0,2.0,4.0,1.0,1.0,1.0,6.0,3.0,2.0,6.0,2.0,2.0,1.0,2.0,2.0,3.0,96.0,96.0,1.0,2.0,256.0,1.0,1.0,1.0,1.0,1.0,1.0,1.0,6.0,4.0,3.0,4.0,6.0,5.0,4.0,1.0,1.0,5.0,3.0,2.0,2.0,2.0,4.0,6.0,5.0,6.0,8.0,768.0,1.0,256.0,192.0,1.0,1.0,1.0,1.0,1.0,1.0,1.0,5.0,3.0,6.0,1.0,5.0,4.0,1.0,5.0,5.0,5.0,2.0,6.0,2.0,1.0,6.0,6.0,3.0,2.0,1536.0,384.0,1.0,3.0,32.0,1.0,1.0,1.0,1.0,1.0,1.0,1.0,5997388416.0,18770067.339999996,489409000.0,3.414658571428572,672.0,514.0,655360.0,1.125713844324559e+17,4.535714285714286,0.6885055714285715,78.57142857142857,54553.142857142855
2048.0,4096000.0,256.0,64.0,1.0,36.0,44.0,28.0,3.0,3.0,1.0,4.0,3.0,1.0,4.0,3.0,2.0,3.0,1.0,5.0,4.0,6.0,5.0,2.0,2.0,5.0,5.0,5.0,5.0,1.0,1.0,1.0,6.0,96.0,1.0,48.0,12.0,1.0,1.0,1.0,1.0,1.0,1.0,1.0,4.0,3.0,5.0,5.0,2.0,6.0,4.0,2.0,1.0,5.0,2.0,2.0,6.0,2.0,2.0,3.0,1.0,2.0,8.0,64.0,1.0,128.0,4.0,1.0,32.0,8.0,1.0,1.0,1.0,1.0,4.0,5.0,3.0,1.0,3.0,5.0,5.0,6.0,1.0,4.0,2.0,2.0,3.0,5.0,2.0,6.0,3.0,4.0,32.0,128.0,1.0,2.0,8.0,1.0,2.0,32.0,1.0,1.0,1.0,1.0,6.0,4.0,6.0,3.0,5.0,6.0,4.0,2.0,6.0,4.0,1.0,4.0,1.0,1.0,1.0,2.0,1.0,3.0,12.0,768.0,1.0,1.0,64.0,1.0,1.0,1.0,1.0,1.0,1.0,1.0,3.0,4.0,5.0,2.0,3.0,4.0,6.0,3.0,4.0,2.0,4.0,4.0,2.0,2.0,1.0,5.0,2.0,2.0,12.0,8.0,1.0,1536.0,256.0,1.0,1.0,1.0,1.0,1.0,1.0,1.0,3.0,3.0,5.0,5.0,3.0,3.0,6.0,5.0,6.0,5.0,6.0,1.0,4.0,6.0,2.0,3.0,4.0,5.0,48.0,64.0,1.0,2.0,96.0,1.0,1.0,1.0,1.0,1.0,1.0,1.0,11173626192.0,84259668.00000001,11912700.0,0.13246971428571433,28.0,514.0,514.0,9.414860332940244e+17,1.0,1.006947857142857,78.57142857142857,78.57142857142857
8192.0,16000.0,256.0,64.0,2.0,10.0,4.0,44.0,2.0,2.0,1.0,1.0,3.0,1.0,3.0,1.0,1.0,5.0,1.0,4.0,6.0,1.0,4.0,3.0,6.0,5.0,5.0,4.0,5.0,2.0,2.0,2.0,768.0,8.0,1.0,6.0,64.0,1.0,1.0,1.0,1.0,1.0,1.0,1.0,2.0,4.0,6.0,1.0,6.0,6.0,6.0,6.0,4.0,5.0,1.0,1.0,3.0,1.0,2.0,5.0,3.0,5.0,2.0,16.0,1.0,2.0,64.0,1.0,128.0,8.0,1.0,1.0,1.0,1.0,1.0,2.0,5.0,1.0,5.0,2.0,2.0,2.0,4.0,4.0,6.0,5.0,1.0,2.0,1.0,1.0,5.0,4.0,16.0,2.0,1.0,64.0,32.0,1.0,32.0,32.0,1.0,1.0,1.0,1.0,3.0,4.0,5.0,5.0,6.0,1.0,5.0,1.0,4.0,4.0,5.0,3.0,2.0,2.0,2.0,4.0,4.0,2.0,6.0,1.0,1.0,16.0,768.0,1.0,1.0,1.0,1.0,1.0,1.0,1.0,6.0,2.0,3.0,6.0,5.0,1.0,5.0,4.0,3.0,2.0,5.0,2.0,4.0,6.0,1.0,6.0,5.0,5.0,16.0,48.0,1.0,256.0,2.0,1.0,1.0,1.0,1.0,1.0,1.0,1.0,1.0,4.0,6.0,2.0,1.0,1.0,2.0,1.0,3.0,4.0,6.0,6.0,5.0,1.0,1.0,1.0,6.0,1.0,16.0,3.0,1.0,192.0,128.0,1.0,1.0,1.0,1.0,1.0,1.0,1.0,2846712312.0,30142992.639999993,84226600.0,0.8204464999999999,176.0,514.0,34304.0,8.580842826881336e+16,2.7142857142857144,0.9668580357142857,78.57142857142857,2698.285714285714
512.0,1024000.0,256.0,64.0,2.0,12.0,10.0,36.0,1.0,2.0,4.0,1.0,3.0,6.0,4.0,2.0,6.0,1.0,1.0,6.0,4.0,6.0,4.0,5.0,4.0,3.0,1.0,6.0,6.0,6.0,5.0,2.0,192.0,128.0,1.0,36.0,144.0,1.0,1.0,1.0,1.0,1.0,1.0,1.0,2.0,4.0,3.0,5.0,6.0,5.0,5.0,3.0,2.0,3.0,5.0,4.0,5.0,3.0,4.0,3.0,1.0,2.0,8.0,8.0,1.0,128.0,2.0,1.0,8.0,16.0,1.0,1.0,1.0,1.0,6.0,5.0,1.0,3.0,5.0,5.0,3.0,2.0,2.0,4.0,2.0,2.0,5.0,1.0,6.0,4.0,3.0,6.0,32.0,4.0,1.0,2.0,64.0,1.0,32.0,1.0,1.0,1.0,1.0,1.0,3.0,3.0,6.0,2.0,5.0,3.0,5.0,1.0,6.0,6.0,1.0,5.0,1.0,5.0,6.0,4.0,3.0,3.0,16.0,8.0,1.0,96.0,64.0,1.0,1.0,1.0,1.0,1.0,1.0,1.0,1.0,5.0,4.0,1.0,3.0,2.0,2.0,4.0,2.0,2.0,1.0,3.0,6.0,1.0,5.0,1.0,2.0,3.0,64.0,16.0,1.0,24.0,6.0,1.0,1.0,1.0,1.0,1.0,1.0,1.0,2.0,5.0,4.0,1.0,2.0,6.0,5.0,5.0,1.0,2.0,5.0,6.0,5.0,5.0,4.0,1.0,5.0,3.0,8.0,4.0,1.0,12.0,128.0,1.0,1.0,1.0,1.0,1.0,1.0,1.0,11062463952.0,27064004.03999999,205259000.0,1.6922539285714289,360.0,514.0,51200.0,2.993945690892823e+17,4.0,1.7531775285714286,78.57142857142857,2975.4285714285716
512.0,16000.0,256.0,64.0,3.0,16.0,16.0,2.0,6.0,6.0,3.0,4.0,5.0,4.0,5.0,6.0,1.0,3.0,1.0,1.0,1.0,4.0,4.0,3.0,1.0,6.0,3.0,3.0,3.0,4.0,2.0,1.0,32.0,48.0,1.0,128.0,2.0,1.0,1.0,1.0,1.0,1.0,1.0,1.0,3.0,2.0,2.0,3.0,2.0,6.0,3.0,1.0,3.0,1.0,6.0,6.0,1.0,2.0,5.0,4.0,4.0,5.0,32.0,1.0,1.0,32.0,2.0,1.0,2.0,64.0,1.0,1.0,1.0,1.0,1.0,1.0,4.0,2.0,1.0,3.0,2.0,4.0,6.0,1.0,4.0,3.0,6.0,6.0,2.0,1.0,5.0,3.0,2.0,4.0,1.0,128.0,4.0,1.0,4.0,16.0,1.0,1.0,1.0,1.0,4.0,6.0,4.0,5.0,6.0,3.0,3.0,5.0,1.0,6.0,6.0,6.0,1.0,5.0,6.0,4.0,5.0,6.0,256.0,384.0,1.0,64.0,3.0,1.0,1.0,1.0,1.0,1.0,1.0,1.0,6.0,3.0,2.0,5.0,5.0,4.0,1.0,2.0,2.0,6.0,4.0,4.0,1.0,4.0,5.0,1.0,1.0,4.0,8.0,3.0,1.0,8.0,96.0,1.0,1.0,1.0,1.0,1.0,1.0,1.0,6.0,4.0,1.0,6.0,6.0,5.0,5.0,1.0,4.0,4.0,5.0,2.0,3.0,3.0,1.0,1.0,3.0,3.0,64.0,3.0,1.0,8.0,96.0,1.0,1.0,1.0,1.0,1.0,1.0,1.0,97431552.0,17875053.96,331312000.0,2.6417860714285717,512.0,514.0,483328.0,1741594249406546.0,147.03571428571428,5.59561,78.57142857142857,63195.42857142857
512.0,512000.0,256.0,64.0,3.0,6.0,2.0,28.0,6.0,1.0,2.0,3.0,1.0,1.0,6.0,4.0,6.0,4.0,5.0,5.0,4.0,3.0,1.0,6.0,6.0,1.0,2.0,4.0,2.0,1.0,6.0,1.0,6.0,12.0,1.0,18.0,1152.0,1.0,1.0,1.0,1.0,1.0,1.0,1.0,3.0,4.0,4.0,6.0,4.0,4.0,5.0,1.0,6.0,5.0,6.0,3.0,2.0,3.0,3.0,2.0,1.0,3.0,32.0,1.0,1.0,128.0,4.0,1.0,16.0,8.0,1.0,1.0,1.0,1.0,5.0,1.0,1.0,4.0,3.0,4.0,4.0,1.0,4.0,4.0,3.0,6.0,1.0,5.0,4.0,4.0,6.0,4.0,4.0,8.0,1.0,16.0,64.0,1.0,2.0,4.0,1.0,1.0,1.0,1.0,3.0,3.0,6.0,2.0,3.0,1.0,5.0,5.0,1.0,3.0,6.0,3.0,6.0,4.0,6.0,1.0,2.0,2.0,384.0,12.0,1.0,24.0,6.0,1.0,1.0,1.0,1.0,1.0,1.0,1.0,2.0,5.0,3.0,6.0,4.0,3.0,1.0,4.0,5.0,4.0,6.0,2.0,1.0,3.0,5.0,1.0,5.0,6.0,24.0,24.0,1.0,8.0,1536.0,1.0,1.0,1.0,1.0,1.0,1.0,1.0,6.0,2.0,2.0,4.0,2.0,5.0,1.0,3.0,2.0,1.0,2.0,3.0,6.0,2.0,4.0,6.0,3.0,1.0,96.0,1024.0,1.0,64.0,3.0,1.0,1.0,1.0,1.0,1.0,1.0,1.0,2833964640.0,18019077.7,187634000.0,1.9538717857142862,336.0,514.0,1196032.0,5.106542904721253e+16,12.005425357142858,0.19196442857142854,78.57142857142857,112219.42857142857
2048000.0,16000.0,256.0,64.0,1.0,24.0,6.0,26.0,4.0,6.0,6.0,3.0,3.0,4.0,6.0,2.0,4.0,4.0,2.0,3.0,5.0,1.0,5.0,1.0,2.0,4.0,6.0,1.0,1.0,3.0,1.0,1.0,1.0,32.0,1.0,768.0,12.0,1.0,1.0,1.0,1.0,1.0,1.0,1.0,6.0,1.0,3.0,2.0,4.0,3.0,4.0,4.0,1.0,3.0,2.0,3.0,1.0,2.0,1.0,2.0,3.0,4.0,32.0,16.0,1.0,32.0,32.0,1.0,64.0,64.0,1.0,1.0,1.0,1.0,3.0,3.0,4.0,1.0,2.0,3.0,6.0,5.0,4.0,5.0,2.0,4.0,3.0,2.0,5.0,3.0,4.0,4.0,4.0,4.0,1.0,64.0,4.0,1.0,8.0,32.0,1.0,1.0,1.0,1.0,6.0,1.0,3.0,3.0,5.0,3.0,1.0,3.0,3.0,1.0,3.0,3.0,6.0,1.0,5.0,4.0,5.0,2.0,64.0,768.0,1.0,2.0,8.0,1.0,1.0,1.0,1.0,1.0,1.0,1.0,4.0,2.0,2.0,6.0,4.0,3.0,6.0,6.0,1.0,3.0,1.0,6.0,4.0,2.0,4.0,1.0,5.0,6.0,64.0,384.0,1.0,512.0,768.0,1.0,1.0,1.0,1.0,1.0,1.0,1.0,5.0,6.0,2.0,4.0,4.0,5.0,6.0,3.0,1.0,1.0,2.0,4.0,2.0,2.0,6.0,2.0,6.0,3.0,256.0,768.0,1.0,3.0,8.0,1.0,1.0,1.0,1.0,1.0,1.0,1.0,434110800.0,66697498.56,11089000.0,0.1269035714285714,26.0,514.0,6964.0,2.895410445788045e+16,25.617953571428572,25.706325,78.57142857142857,1085.7142857142858
512.0,32000.0,256.0,64.0,2.0,4.0,22.0,42.0,6.0,5.0,2.0,1.0,4.0,5.0,5.0,5.0,4.0,2.0,5.0,3.0,6.0,5.0,6.0,3.0,3.0,5.0,3.0,6.0,2.0,6.0,3.0,2.0,192.0,384.0,1.0,1152.0,2.0,1.0,1.0,1.0,1.0,1.0,1.0,1.0,1.0,2.0,2.0,2.0,3.0,2.0,1.0,6.0,4.0,6.0,5.0,3.0,5.0,2.0,4.0,6.0,1.0,5.0,4.0,2.0,1.0,8.0,16.0,1.0,128.0,8.0,1.0,1.0,1.0,1.0,5.0,3.0,3.0,5.0,4.0,2.0,5.0,3.0,5.0,3.0,1.0,1.0,5.0,2.0,4.0,4.0,2.0,2.0,128.0,16.0,1.0,2.0,32.0,1.0,16.0,1.0,1.0,1.0,1.0,1.0,3.0,3.0,2.0,2.0,6.0,4.0,1.0,6.0,6.0,3.0,6.0,5.0,2.0,4.0,4.0,5.0,1.0,3.0,48.0,1.0,1.0,384.0,768.0,1.0,1.0,1.0,1.0,1.0,1.0,1.0,4.0,3.0,3.0,3.0,5.0,3.0,6.0,1.0,6.0,3.0,5.0,4.0,3.0,4.0,2.0,1.0,3.0,4.0,3.0,192.0,1.0,1024.0,12.0,1.0,1.0,1.0,1.0,1.0,1.0,1.0,4.0,2.0,3.0,6.0,2.0,1.0,4.0,3.0,5.0,2.0,2.0,6.0,2.0,5.0,1.0,3.0,4.0,3.0,768.0,3072.0,1.0,24.0,12.0,1.0,1.0,1.0,1.0,1.0,1.0,1.0,441826284.0,18946214.04,791316000.0,4.6881475,924.0,514.0,863232.0,8370935345161827.0,102.95021428571428,16.421026042857143,78.57142857142857,44053.71428571428
16000.0,256000.0,256.0,64.0,2.0,16.0,30.0,8.0,6.0,6.0,6.0,2.0,5.0,6.0,3.0,2.0,2.0,1.0,4.0,2.0,2.0,2.0,5.0,3.0,6.0,1.0,4.0,3.0,2.0,3.0,5.0,1.0,48.0,48.0,1.0,72.0,48.0,1.0,1.0,1.0,1.0,1.0,1.0,1.0,1.0,3.0,6.0,1.0,4.0,1.0,3.0,2.0,5.0,4.0,6.0,6.0,4.0,4.0,6.0,5.0,2.0,6.0,32.0,8.0,1.0,64.0,2.0,1.0,32.0,8.0,1.0,1.0,1.0,1.0,6.0,2.0,1.0,1.0,2.0,3.0,1.0,6.0,6.0,4.0,5.0,4.0,2.0,6.0,4.0,6.0,5.0,1.0,4.0,128.0,1.0,4.0,128.0,1.0,8.0,64.0,1.0,1.0,1.0,1.0,1.0,5.0,1.0,5.0,5.0,2.0,3.0,3.0,4.0,2.0,2.0,2.0,2.0,6.0,4.0,3.0,5.0,1.0,1.0,48.0,1.0,128.0,48.0,1.0,1.0,1.0,1.0,1.0,1.0,1.0,4.0,4.0,2.0,1.0,4.0,2.0,1.0,3.0,3.0,2.0,5.0,3.0,3.0,6.0,2.0,5.0,6.0,6.0,8.0,64.0,1.0,24.0,192.0,1.0,1.0,1.0,1.0,1.0,1.0,1.0,4.0,4.0,1.0,5.0,4.0,2.0,6.0,3.0,4.0,2.0,5.0,5.0,3.0,2.0,6.0,2.0,1.0,4.0,192.0,512.0,1.0,32.0,12.0,1.0,1.0,1.0,1.0,1.0,1.0,1.0,93750528.0,18657937.200000003,122496000.0,1.2707135714285713,240.0,514.0,863232.0,1749191463890842.0,57.58242857142857,7.967759107142856,78.57142857142857,46388.57142857143
4096.0,32000.0,256.0,64.0,2.0,26.0,32.0,6.0,1.0,5.0,6.0,2.0,4.0,3.0,4.0,6.0,2.0,4.0,5.0,5.0,5.0,3.0,1.0,6.0,1.0,6.0,5.0,5.0,1.0,3.0,3.0,4.0,384.0,1.0,1.0,8.0,2.0,1.0,1.0,1.0,1.0,1.0,1.0,1.0,6.0,6.0,1.0,5.0,6.0,5.0,2.0,5.0,3.0,4.0,5.0,2.0,2.0,1.0,2.0,5.0,3.0,5.0,8.0,8.0,1.0,2.0,32.0,1.0,4.0,4.0,1.0,1.0,1.0,1.0,2.0,1.0,2.0,2.0,3.0,5.0,2.0,2.0,6.0,6.0,4.0,2.0,5.0,4.0,2.0,6.0,4.0,2.0,64.0,1.0,1.0,4.0,16.0,1.0,32.0,1.0,1.0,1.0,1.0,1.0,6.0,4.0,3.0,2.0,6.0,3.0,2.0,3.0,6.0,4.0,3.0,6.0,6.0,4.0,2.0,1.0,6.0,6.0,8.0,4.0,1.0,24.0,768.0,1.0,1.0,1.0,1.0,1.0,1.0,1.0,5.0,4.0,1.0,3.0,3.0,2.0,4.0,2.0,4.0,4.0,1.0,5.0,6.0,1.0,4.0,3.0,4.0,2.0,1.0,8.0,1.0,16.0,24.0,1.0,1.0,1.0,1.0,1.0,1.0,1.0,4.0,6.0,6.0,6.0,2.0,6.0,4.0,1.0,2.0,5.0,6.0,3.0,2.0,1.0,3.0,2.0,3.0,4.0,12.0,48.0,1.0,6.0,128.0,1.0,1.0,1.0,1.0,1.0,1.0,1.0,2811053040.0,48306789.08,93378300.0,0.8921312857142856,192.0,514.0,7360.0,1.357929462959728e+17,82.97619035714285,40.01291628571428,78.57142857142857,1868.142857142857
16000.0,32000000.0,256.0,64.0,2.0,4.0,48.0,44.0,3.0,2.0,3.0,5.0,3.0,5.0,5.0,4.0,4.0,1.0,2.0,1.0,4.0,6.0,5.0,6.0,4.0,3.0,6.0,2.0,2.0,6.0,3.0,4.0,24.0,24.0,1.0,192.0,768.0,1.0,1.0,1.0,1.0,1.0,1.0,1.0,5.0,3.0,2.0,6.0,3.0,4.0,1.0,1.0,6.0,4.0,5.0,6.0,1.0,4.0,2.0,3.0,4.0,6.0,8.0,8.0,1.0,16.0,1.0,1.0,16.0,32.0,1.0,1.0,1.0,1.0,1.0,4.0,3.0,1.0,3.0,6.0,2.0,6.0,2.0,1.0,3.0,4.0,3.0,4.0,1.0,5.0,4.0,2.0,64.0,64.0,1.0,2.0,1.0,1.0,1.0,8.0,1.0,1.0,1.0,1.0,2.0,1.0,2.0,2.0,4.0,5.0,6.0,4.0,5.0,1.0,4.0,3.0,4.0,3.0,5.0,2.0,5.0,5.0,16.0,192.0,1.0,2.0,16.0,1.0,1.0,1.0,1.0,1.0,1.0,1.0,5.0,6.0,4.0,2.0,6.0,2.0,4.0,3.0,1.0,1.0,6.0,3.0,5.0,4.0,3.0,2.0,4.0,2.0,96.0,256.0,1.0,32.0,96.0,1.0,1.0,1.0,1.0,1.0,1.0,1.0,1.0,3.0,3.0,2.0,5.0,6.0,1.0,3.0,4.0,3.0,5.0,3.0,1.0,5.0,4.0,4.0,2.0,6.0,768.0,8.0,1.0,2.0,128.0,1.0,1.0,1.0,1.0,1.0,1.0,1.0,11179170816.0,29751807.980000004,3086200000.0,11.474532142857143,2112.0,514.0,64512.0,3.32600543493252e+17,1.0,0.5032594857142857,78.57142857142857,4194.0
64000.0,256000.0,256.0,64.0,2.0,16.0,18.0,2.0,1.0,6.0,1.0,4.0,4.0,5.0,2.0,6.0,3.0,2.0,4.0,2.0,2.0,5.0,5.0,5.0,6.0,3.0,1.0,4.0,6.0,5.0,5.0,6.0,128.0,8.0,1.0,36.0,6.0,1.0,1.0,1.0,1.0,1.0,1.0,1.0,3.0,3.0,6.0,4.0,3.0,1.0,1.0,4.0,5.0,4.0,5.0,4.0,5.0,5.0,6.0,5.0,5.0,4.0,2.0,8.0,1.0,2.0,64.0,1.0,4.0,64.0,1.0,1.0,1.0,1.0,5.0,3.0,5.0,4.0,3.0,4.0,4.0,6.0,2.0,4.0,6.0,5.0,6.0,4.0,2.0,2.0,4.0,1.0,16.0,64.0,1.0,2.0,16.0,1.0,64.0,64.0,1.0,1.0,1.0,1.0,3.0,2.0,5.0,4.0,2.0,3.0,4.0,5.0,2.0,2.0,1.0,4.0,4.0,3.0,6.0,1.0,2.0,1.0,1.0,24.0,1.0,12.0,6.0,1.0,1.0,1.0,1.0,1.0,1.0,1.0,6.0,4.0,3.0,6.0,4.0,5.0,1.0,2.0,2.0,4.0,3.0,1.0,5.0,2.0,5.0,4.0,6.0,5.0,8.0,12.0,1.0,96.0,16.0,1.0,1.0,1.0,1.0,1.0,1.0,1.0,5.0,6.0,6.0,6.0,2.0,2.0,2.0,5.0,6.0,5.0,4.0,6.0,2.0,2.0,6.0,5.0,1.0,4.0,1536.0,1536.0,1.0,8.0,4.0,1.0,1.0,1.0,1.0,1.0,1.0,1.0,647169360.0,25849570.559999995,15316300.0,0.2758290357142857,36.0,514.0,632832.0,1.6729050035590038e+16,16.155839285714283,4.3474420714285715,78.57142857142857,31136.85714285714
2048.0,512000.0,256.0,64.0,1.0,40.0,22.0,22.0,1.0,1.0,4.0,5.0,5.0,1.0,4.0,4.0,5.0,5.0,5.0,4.0,4.0,1.0,1.0,5.0,4.0,5.0,1.0,6.0,2.0,2.0,2.0,1.0,768.0,24.0,1.0,384.0,18.0,1.0,1.0,1.0,1.0,1.0,1.0,1.0,3.0,4.0,3.0,6.0,3.0,3.0,2.0,1.0,3.0,3.0,2.0,3.0,6.0,6.0,1.0,1.0,3.0,2.0,4.0,8.0,1.0,2.0,2.0,1.0,2.0,64.0,1.0,1.0,1.0,1.0,4.0,2.0,2.0,2.0,2.0,4.0,3.0,1.0,2.0,6.0,6.0,6.0,2.0,4.0,4.0,4.0,5.0,4.0,32.0,1.0,1.0,16.0,128.0,1.0,2.0,2.0,1.0,1.0,1.0,1.0,4.0,6.0,1.0,6.0,1.0,2.0,6.0,1.0,2.0,3.0,1.0,1.0,5.0,1.0,5.0,4.0,2.0,5.0,48.0,192.0,1.0,16.0,6.0,1.0,1.0,1.0,1.0,1.0,1.0,1.0,3.0,5.0,6.0,6.0,3.0,5.0,2.0,6.0,3.0,1.0,6.0,3.0,1.0,6.0,1.0,1.0,3.0,2.0,384.0,128.0,1.0,1.0,3072.0,1.0,1.0,1.0,1.0,1.0,1.0,1.0,4.0,2.0,2.0,4.0,2.0,3.0,2.0,5.0,2.0,2.0,1.0,4.0,4.0,4.0,2.0,4.0,3.0,6.0,192.0,768.0,1.0,64.0,24.0,1.0,1.0,1.0,1.0,1.0,1.0,1.0,11173626192.0,97609567.2,9452030.0,0.10544400000000004,22.0,514.0,514.0,1.0906528166557042e+18,1.0,1.4258078571428572,78.57142857142857,78.57142857142857
128000.0,16000.0,256.0,64.0,1.0,16.0,48.0,24.0,4.0,4.0,3.0,3.0,6.0,4.0,1.0,1.0,2.0,1.0,5.0,4.0,4.0,3.0,2.0,4.0,4.0,6.0,3.0,6.0,2.0,1.0,5.0,2.0,6.0,768.0,1.0,48.0,96.0,1.0,1.0,1.0,1.0,1.0,1.0,1.0,1.0,3.0,1.0,1.0,4.0,6.0,2.0,4.0,2.0,3.0,5.0,5.0,4.0,6.0,1.0,2.0,5.0,1.0,64.0,1.0,1.0,4.0,64.0,1.0,64.0,1.0,1.0,1.0,1.0,1.0,5.0,3.0,4.0,3.0,5.0,5.0,5.0,6.0,2.0,2.0,4.0,1.0,1.0,2.0,3.0,2.0,6.0,3.0,32.0,4.0,1.0,128.0,8.0,1.0,1.0,2.0,1.0,1.0,1.0,1.0,5.0,5.0,4.0,1.0,3.0,3.0,4.0,3.0,1.0,3.0,6.0,5.0,6.0,3.0,3.0,2.0,5.0,2.0,64.0,2.0,1.0,32.0,16.0,1.0,1.0,1.0,1.0,1.0,1.0,1.0,6.0,4.0,6.0,5.0,5.0,1.0,3.0,2.0,2.0,3.0,3.0,4.0,6.0,3.0,2.0,5.0,3.0,4.0,192.0,96.0,1.0,512.0,192.0,1.0,1.0,1.0,1.0,1.0,1.0,1.0,4.0,1.0,4.0,5.0,5.0,5.0,1.0,3.0,4.0,6.0,1.0,6.0,4.0,6.0,2.0,4.0,4.0,3.0,24.0,192.0,1.0,2.0,2.0,1.0,1.0,1.0,1.0,1.0,1.0,1.0,11173626192.0,97614952.80000001,10268200.0,0.1144362857142857,24.0,514.0,514.0,1.0907129933369239e+18,1.0,1.4290778571428573,78.57142857142857,78.57142857142857
4096.0,128000.0,256.0,64.0,1.0,38.0,34.0,36.0,4.0,4.0,6.0,2.0,5.0,3.0,2.0,2.0,2.0,4.0,1.0,1.0,1.0,5.0,2.0,5.0,1.0,1.0,2.0,3.0,2.0,5.0,3.0,5.0,6.0,64.0,1.0,2.0,128.0,1.0,1.0,1.0,1.0,1.0,1.0,1.0,2.0,2.0,5.0,5.0,1.0,5.0,5.0,5.0,3.0,2.0,3.0,2.0,3.0,4.0,5.0,2.0,2.0,6.0,64.0,1.0,1.0,4.0,32.0,1.0,2.0,128.0,1.0,1.0,1.0,1.0,6.0,3.0,1.0,4.0,1.0,2.0,1.0,1.0,2.0,5.0,6.0,5.0,1.0,3.0,3.0,5.0,5.0,6.0,2.0,4.0,1.0,1.0,8.0,1.0,2.0,1.0,1.0,1.0,1.0,1.0,5.0,1.0,3.0,3.0,2.0,6.0,2.0,5.0,2.0,4.0,2.0,4.0,5.0,3.0,3.0,4.0,3.0,4.0,48.0,2.0,1.0,32.0,2.0,1.0,1.0,1.0,1.0,1.0,1.0,1.0,5.0,2.0,1.0,1.0,5.0,4.0,6.0,5.0,1.0,2.0,4.0,6.0,5.0,6.0,1.0,4.0,6.0,4.0,6.0,256.0,1.0,16.0,8.0,1.0,1.0,1.0,1.0,1.0,1.0,1.0,5.0,6.0,6.0,6.0,4.0,5.0,5.0,6.0,5.0,5.0,6.0,1.0,4.0,6.0,4.0,3.0,4.0,6.0,16.0,1.0,1.0,384.0,3.0,1.0,1.0,1.0,1.0,1.0,1.0,1.0,10881073488.0,113824356.0,15250600.0,0.1690918571428571,36.0,514.0,514.0,1.2385311823602737e+18,27.571428571428573,28.419379285714285,78.57142857142857,198.57142857142858
512000.0,32000000.0,256.0,64.0,3.0,46.0,10.0,2.0,2.0,2.0,1.0,2.0,1.0,1.0,6.0,2.0,2.0,5.0,2.0,6.0,5.0,6.0,6.0,4.0,2.0,3.0,4.0,6.0,1.0,4.0,5.0,1.0,256.0,384.0,1.0,64.0,8.0,1.0,1.0,1.0,1.0,1.0,1.0,1.0,2.0,5.0,6.0,5.0,4.0,4.0,6.0,5.0,1.0,1.0,4.0,6.0,3.0,2.0,6.0,5.0,6.0,6.0,64.0,8.0,1.0,16.0,32.0,1.0,16.0,1.0,1.0,1.0,1.0,1.0,5.0,3.0,2.0,6.0,6.0,5.0,6.0,5.0,5.0,4.0,4.0,3.0,3.0,1.0,4.0,6.0,1.0,3.0,32.0,64.0,1.0,16.0,1.0,1.0,64.0,1.0,1.0,1.0,1.0,1.0,2.0,3.0,6.0,1.0,5.0,3.0,6.0,1.0,6.0,5.0,4.0,6.0,2.0,4.0,4.0,3.0,4.0,5.0,1.0,16.0,1.0,16.0,3.0,1.0,1.0,1.0,1.0,1.0,1.0,1.0,5.0,4.0,2.0,6.0,5.0,5.0,2.0,6.0,1.0,1.0,2.0,3.0,1.0,6.0,4.0,2.0,3.0,3.0,64.0,32.0,1.0,96.0,12.0,1.0,1.0,1.0,1.0,1.0,1.0,1.0,3.0,5.0,1.0,6.0,1.0,4.0,5.0,5.0,1.0,6.0,5.0,1.0,1.0,1.0,2.0,2.0,3.0,6.0,768.0,768.0,1.0,48.0,256.0,1.0,1.0,1.0,1.0,1.0,1.0,1.0,470635308.0,17772160.040000007,786181000.0,4.968023928571429,920.0,514.0,2424832.0,8364206014250695.0,17.714285714285715,0.21713789285714288,78.57142857142857,131328.0
2048000.0,1024000.0,256.0,64.0,1.0,36.0,4.0,10.0,6.0,5.0,6.0,1.0,4.0,2.0,4.0,3.0,6.0,2.0,3.0,3.0,4.0,1.0,3.0,6.0,3.0,3.0,4.0,5.0,6.0,4.0,6.0,1.0,2.0,6.0,1.0,32.0,18.0,1.0,1.0,1.0,1.0,1.0,1.0,1.0,1.0,1.0,2.0,5.0,3.0,3.0,2.0,5.0,6.0,1.0,2.0,1.0,4.0,5.0,6.0,5.0,2.0,4.0,2.0,8.0,1.0,4.0,4.0,1.0,4.0,128.0,1.0,1.0,1.0,1.0,2.0,1.0,4.0,2.0,1.0,6.0,4.0,5.0,6.0,4.0,3.0,5.0,2.0,4.0,4.0,3.0,3.0,5.0,1.0,32.0,1.0,4.0,128.0,1.0,16.0,1.0,1.0,1.0,1.0,1.0,6.0,6.0,4.0,1.0,1.0,4.0,2.0,6.0,3.0,3.0,3.0,4.0,5.0,5.0,2.0,2.0,4.0,4.0,128.0,6.0,1.0,6.0,768.0,1.0,1.0,1.0,1.0,1.0,1.0,1.0,1.0,4.0,3.0,5.0,5.0,5.0,3.0,3.0,2.0,3.0,3.0,3.0,1.0,3.0,4.0,2.0,6.0,6.0,128.0,16.0,1.0,12.0,32.0,1.0,1.0,1.0,1.0,1.0,1.0,1.0,6.0,4.0,4.0,2.0,1.0,5.0,2.0,6.0,2.0,4.0,3.0,3.0,1.0,4.0,4.0,4.0,5.0,6.0,1024.0,256.0,1.0,128.0,24.0,1.0,1.0,1.0,1.0,1.0,1.0,1.0,1121845824.0,71617754.4,4641100.0,0.05274115714285716,10.0,514.0,2836.0,8.034407869789763e+16,9.563008571428572,16.438115714285715,78.57142857142857,441.14285714285717
512.0,32000.0,256.0,64.0,2.0,46.0,28.0,44.0,2.0,6.0,5.0,3.0,3.0,2.0,1.0,5.0,2.0,1.0,5.0,4.0,1.0,4.0,4.0,5.0,3.0,6.0,3.0,3.0,6.0,4.0,3.0,4.0,384.0,384.0,1.0,2.0,768.0,1.0,1.0,1.0,1.0,1.0,1.0,1.0,6.0,6.0,5.0,5.0,1.0,6.0,1.0,1.0,3.0,5.0,1.0,2.0,4.0,3.0,5.0,4.0,2.0,1.0,1.0,2.0,1.0,1.0,1.0,1.0,2.0,2.0,1.0,1.0,1.0,1.0,2.0,1.0,4.0,4.0,3.0,6.0,1.0,6.0,3.0,4.0,3.0,4.0,2.0,3.0,6.0,1.0,2.0,6.0,1.0,2.0,1.0,1.0,2.0,1.0,1.0,1.0,1.0,1.0,1.0,1.0,2.0,5.0,3.0,2.0,2.0,2.0,1.0,3.0,1.0,1.0,5.0,4.0,6.0,3.0,3.0,3.0,5.0,4.0,1.0,12.0,1.0,192.0,128.0,1.0,1.0,1.0,1.0,1.0,1.0,1.0,6.0,1.0,4.0,2.0,6.0,6.0,4.0,2.0,3.0,5.0,5.0,5.0,4.0,5.0,6.0,3.0,6.0,2.0,12.0,32.0,1.0,256.0,64.0,1.0,1.0,1.0,1.0,1.0,1.0,1.0,6.0,3.0,3.0,3.0,6.0,4.0,3.0,4.0,4.0,6.0,4.0,3.0,3.0,6.0,2.0,6.0,3.0,4.0,768.0,64.0,1.0,16.0,768.0,1.0,1.0,1.0,1.0,1.0,1.0,1.0,569789352.0,24968242.46,1248150000.0,6.337921785714284,1232.0,514.0,504832.0,1.4226638691862286e+16,35.822449999999996,16.946739214285714,78.57142857142857,36355.71428571428
1024000.0,8192000.0,256.0,64.0,3.0,30.0,44.0,10.0,2.0,5.0,3.0,5.0,5.0,1.0,2.0,6.0,4.0,3.0,4.0,5.0,2.0,5.0,1.0,5.0,4.0,6.0,4.0,5.0,4.0,2.0,5.0,5.0,6.0,128.0,1.0,384.0,1.0,1.0,1.0,1.0,1.0,1.0,1.0,1.0,1.0,1.0,1.0,6.0,3.0,4.0,1.0,5.0,3.0,1.0,6.0,2.0,1.0,6.0,1.0,5.0,4.0,4.0,2.0,4.0,1.0,16.0,32.0,1.0,8.0,64.0,1.0,1.0,1.0,1.0,2.0,3.0,6.0,4.0,6.0,4.0,5.0,5.0,6.0,2.0,6.0,2.0,1.0,5.0,5.0,2.0,5.0,6.0,8.0,1.0,1.0,64.0,128.0,1.0,1.0,64.0,1.0,1.0,1.0,1.0,6.0,1.0,3.0,6.0,2.0,5.0,3.0,3.0,6.0,2.0,2.0,1.0,3.0,3.0,5.0,5.0,2.0,1.0,64.0,16.0,1.0,256.0,192.0,1.0,1.0,1.0,1.0,1.0,1.0,1.0,5.0,4.0,1.0,4.0,4.0,1.0,2.0,5.0,2.0,5.0,1.0,5.0,6.0,1.0,5.0,5.0,4.0,4.0,32.0,768.0,1.0,512.0,512.0,1.0,1.0,1.0,1.0,1.0,1.0,1.0,4.0,3.0,2.0,4.0,2.0,2.0,1.0,6.0,5.0,6.0,2.0,4.0,6.0,2.0,4.0,2.0,2.0,2.0,768.0,128.0,1.0,1.0,12.0,1.0,1.0,1.0,1.0,1.0,1.0,1.0,1720866048.0,18032439.44,93872200000.0,136.7258214285714,13200.0,514.0,5570560.0,3.1031412794912136e+16,3.440475,0.32142857142857145,78.57142857142857,291840.0
128.0,16000.0,256.0,64.0,1.0,12.0,8.0,2.0,2.0,4.0,6.0,4.0,5.0,6.0,6.0,4.0,3.0,1.0,2.0,3.0,6.0,4.0,2.0,2.0,4.0,1.0,4.0,6.0,2.0,3.0,2.0,5.0,2.0,4.0,1.0,9.0,24.0,1.0,1.0,1.0,1.0,1.0,1.0,1.0,4.0,1.0,2.0,6.0,6.0,6.0,6.0,3.0,2.0,2.0,5.0,6.0,3.0,2.0,6.0,2.0,1.0,1.0,64.0,2.0,1.0,1.0,8.0,1.0,64.0,16.0,1.0,1.0,1.0,1.0,2.0,5.0,1.0,4.0,1.0,3.0,6.0,2.0,1.0,3.0,5.0,2.0,5.0,6.0,6.0,1.0,6.0,2.0,4.0,2.0,1.0,16.0,16.0,1.0,1.0,64.0,1.0,1.0,1.0,1.0,3.0,2.0,4.0,2.0,2.0,3.0,6.0,5.0,3.0,3.0,6.0,4.0,3.0,2.0,6.0,3.0,2.0,2.0,96.0,64.0,1.0,64.0,24.0,1.0,1.0,1.0,1.0,1.0,1.0,1.0,4.0,6.0,2.0,6.0,3.0,5.0,3.0,4.0,3.0,6.0,3.0,4.0,4.0,2.0,1.0,1.0,6.0,2.0,32.0,128.0,1.0,8.0,768.0,1.0,1.0,1.0,1.0,1.0,1.0,1.0,2.0,6.0,1.0,6.0,4.0,1.0,3.0,5.0,1.0,2.0,4.0,6.0,3.0,5.0,4.0,2.0,1.0,3.0,16.0,3072.0,1.0,8.0,256.0,1.0,1.0,1.0,1.0,1.0,1.0,1.0,11022631248.0,96913019.04,1518260.0,0.015532942857142854,2.0,514.0,514.0,1.0682364720083231e+18,1.8571428571428572,2.2862207142857143,78.57142857142857,82.0
16000.0,32000.0,256.0,64.0,2.0,12.0,12.0,38.0,5.0,4.0,3.0,3.0,5.0,1.0,5.0,1.0,1.0,6.0,3.0,1.0,1.0,5.0,2.0,2.0,5.0,4.0,3.0,2.0,4.0,5.0,6.0,4.0,384.0,16.0,1.0,2.0,768.0,1.0,1.0,1.0,1.0,1.0,1.0,1.0,3.0,4.0,6.0,5.0,3.0,2.0,4.0,2.0,4.0,6.0,5.0,5.0,4.0,3.0,2.0,6.0,3.0,4.0,2.0,64.0,1.0,1.0,8.0,1.0,2.0,2.0,1.0,1.0,1.0,1.0,1.0,1.0,1.0,6.0,4.0,6.0,5.0,4.0,1.0,2.0,3.0,4.0,3.0,4.0,3.0,4.0,3.0,6.0,8.0,64.0,1.0,16.0,8.0,1.0,1.0,8.0,1.0,1.0,1.0,1.0,6.0,2.0,3.0,2.0,2.0,6.0,1.0,4.0,5.0,3.0,2.0,2.0,3.0,6.0,4.0,3.0,4.0,3.0,384.0,96.0,1.0,128.0,384.0,1.0,1.0,1.0,1.0,1.0,1.0,1.0,2.0,3.0,5.0,2.0,5.0,4.0,5.0,6.0,5.0,1.0,5.0,5.0,4.0,2.0,5.0,2.0,2.0,4.0,384.0,192.0,1.0,1536.0,1.0,1.0,1.0,1.0,1.0,1.0,1.0,1.0,1.0,6.0,5.0,2.0,1.0,5.0,2.0,1.0,4.0,4.0,3.0,5.0,1.0,5.0,1.0,1.0,6.0,2.0,48.0,24.0,1.0,64.0,8.0,1.0,1.0,1.0,1.0,1.0,1.0,1.0,1594121856.0,23011654.48,282142000.0,2.243969642857143,456.0,514.0,425984.0,3.668338134928831e+16,9.272742857142859,2.4797015749999995,78.57142857142857,27782.285714285714
16000.0,32000000.0,256.0,64.0,1.0,44.0,12.0,24.0,3.0,5.0,6.0,3.0,4.0,6.0,5.0,2.0,3.0,2.0,2.0,5.0,1.0,6.0,6.0,6.0,5.0,5.0,5.0,2.0,5.0,3.0,6.0,6.0,12.0,384.0,1.0,8.0,12.0,1.0,1.0,1.0,1.0,1.0,1.0,1.0,1.0,1.0,6.0,4.0,5.0,1.0,6.0,5.0,6.0,2.0,5.0,6.0,3.0,2.0,5.0,3.0,5.0,5.0,4.0,2.0,1.0,32.0,32.0,1.0,16.0,8.0,1.0,1.0,1.0,1.0,4.0,6.0,3.0,6.0,6.0,3.0,6.0,1.0,3.0,2.0,1.0,6.0,1.0,3.0,1.0,6.0,1.0,1.0,16.0,1.0,1.0,128.0,16.0,1.0,1.0,4.0,1.0,1.0,1.0,1.0,1.0,1.0,6.0,2.0,2.0,3.0,6.0,1.0,5.0,6.0,6.0,4.0,6.0,5.0,1.0,5.0,5.0,1.0,64.0,48.0,1.0,768.0,32.0,1.0,1.0,1.0,1.0,1.0,1.0,1.0,5.0,2.0,1.0,1.0,3.0,5.0,3.0,1.0,2.0,3.0,5.0,2.0,6.0,5.0,6.0,5.0,5.0,1.0,4.0,3.0,1.0,768.0,256.0,1.0,1.0,1.0,1.0,1.0,1.0,1.0,5.0,2.0,4.0,1.0,4.0,4.0,2.0,1.0,3.0,5.0,4.0,1.0,3.0,5.0,3.0,1.0,3.0,6.0,48.0,3.0,1.0,96.0,6.0,1.0,1.0,1.0,1.0,1.0,1.0,1.0,10885792080.0,83591552.63999999,10268200.0,0.114708,24.0,514.0,514.0,9.099602616834149e+17,18.428542857142862,18.57389357142857,78.57142857142857,157.42857142857142
512000.0,4096000.0,256.0,64.0,1.0,48.0,20.0,34.0,4.0,5.0,6.0,5.0,5.0,1.0,4.0,4.0,5.0,5.0,6.0,6.0,3.0,2.0,2.0,6.0,5.0,2.0,2.0,1.0,6.0,6.0,2.0,6.0,12.0,192.0,1.0,384.0,12.0,1.0,1.0,1.0,1.0,1.0,1.0,1.0,3.0,4.0,5.0,4.0,4.0,6.0,1.0,2.0,6.0,3.0,2.0,1.0,6.0,5.0,6.0,5.0,5.0,2.0,16.0,32.0,1.0,128.0,2.0,1.0,64.0,1.0,1.0,1.0,1.0,1.0,1.0,3.0,6.0,3.0,3.0,4.0,6.0,3.0,6.0,2.0,1.0,4.0,1.0,1.0,6.0,2.0,5.0,2.0,4.0,16.0,1.0,8.0,32.0,1.0,64.0,8.0,1.0,1.0,1.0,1.0,5.0,6.0,3.0,6.0,3.0,5.0,2.0,2.0,6.0,2.0,5.0,5.0,6.0,4.0,6.0,2.0,4.0,2.0,32.0,384.0,1.0,32.0,2.0,1.0,1.0,1.0,1.0,1.0,1.0,1.0,4.0,6.0,4.0,2.0,3.0,5.0,2.0,5.0,3.0,4.0,5.0,3.0,2.0,6.0,6.0,4.0,2.0,2.0,12.0,48.0,1.0,192.0,4.0,1.0,1.0,1.0,1.0,1.0,1.0,1.0,2.0,3.0,1.0,3.0,6.0,2.0,2.0,3.0,4.0,4.0,6.0,6.0,4.0,4.0,1.0,4.0,4.0,5.0,2.0,8.0,1.0,24.0,48.0,1.0,1.0,1.0,1.0,1.0,1.0,1.0,10881073488.0,82894333.44,14410000.0,0.16001100000000001,34.0,514.0,514.0,9.019793338994158e+17,27.571428571428573,27.57590785714286,78.57142857142857,191.71428571428572
16000.0,32000.0,256.0,64.0,2.0,18.0,38.0,26.0,1.0,3.0,1.0,1.0,1.0,5.0,2.0,5.0,4.0,3.0,3.0,1.0,4.0,5.0,5.0,2.0,6.0,1.0,6.0,5.0,4.0,5.0,1.0,6.0,48.0,2.0,1.0,384.0,4.0,1.0,1.0,1.0,1.0,1.0,1.0,1.0,5.0,4.0,1.0,1.0,4.0,5.0,1.0,3.0,1.0,1.0,2.0,2.0,3.0,1.0,2.0,1.0,6.0,3.0,2.0,1.0,1.0,1.0,16.0,1.0,8.0,1.0,1.0,1.0,1.0,1.0,1.0,4.0,3.0,4.0,5.0,6.0,4.0,1.0,3.0,6.0,5.0,4.0,6.0,4.0,2.0,6.0,5.0,5.0,4.0,4.0,1.0,32.0,1.0,1.0,8.0,64.0,1.0,1.0,1.0,1.0,6.0,2.0,1.0,1.0,5.0,2.0,6.0,1.0,6.0,6.0,5.0,4.0,3.0,3.0,4.0,5.0,3.0,6.0,1.0,8.0,1.0,128.0,1.0,1.0,1.0,1.0,1.0,1.0,1.0,1.0,4.0,1.0,5.0,5.0,1.0,5.0,4.0,2.0,6.0,3.0,3.0,6.0,5.0,1.0,5.0,4.0,1.0,1.0,2.0,8.0,1.0,64.0,8.0,1.0,1.0,1.0,1.0,1.0,1.0,1.0,4.0,6.0,2.0,5.0,5.0,6.0,3.0,3.0,6.0,5.0,4.0,4.0,6.0,2.0,6.0,2.0,1.0,1.0,192.0,128.0,1.0,4.0,6.0,1.0,1.0,1.0,1.0,1.0,1.0,1.0,3413662836.0,40000666.08,878205000.0,4.8826575,988.0,514.0,34816.0,1.365487872125418e+17,1.4642857142857142,0.5724268321428572,78.57142857142857,1450.0714285714287
2048.0,4096000.0,256.0,64.0,3.0,22.0,12.0,42.0,2.0,3.0,3.0,4.0,1.0,3.0,1.0,5.0,6.0,3.0,2.0,2.0,5.0,6.0,4.0,3.0,6.0,4.0,3.0,1.0,6.0,4.0,4.0,3.0,128.0,192.0,1.0,96.0,32.0,1.0,1.0,1.0,1.0,1.0,1.0,1.0,6.0,5.0,2.0,6.0,6.0,4.0,5.0,2.0,3.0,6.0,6.0,4.0,6.0,1.0,1.0,4.0,2.0,2.0,2.0,64.0,1.0,128.0,64.0,1.0,4.0,2.0,1.0,1.0,1.0,1.0,1.0,3.0,2.0,1.0,3.0,2.0,6.0,2.0,6.0,1.0,5.0,4.0,1.0,6.0,3.0,2.0,6.0,5.0,2.0,2.0,1.0,4.0,1.0,1.0,32.0,16.0,1.0,1.0,1.0,1.0,1.0,4.0,5.0,2.0,6.0,5.0,5.0,4.0,3.0,5.0,5.0,5.0,5.0,6.0,6.0,6.0,3.0,5.0,8.0,6.0,1.0,12.0,6.0,1.0,1.0,1.0,1.0,1.0,1.0,1.0,6.0,2.0,2.0,1.0,3.0,4.0,6.0,2.0,4.0,2.0,1.0,5.0,1.0,6.0,3.0,1.0,5.0,5.0,64.0,192.0,1.0,6.0,3.0,1.0,1.0,1.0,1.0,1.0,1.0,1.0,4.0,3.0,6.0,3.0,4.0,3.0,5.0,2.0,2.0,6.0,6.0,1.0,2.0,4.0,4.0,6.0,5.0,2.0,32.0,2.0,1.0,2.0,32.0,1.0,1.0,1.0,1.0,1.0,1.0,1.0,3668491752.0,19751114.360000003,66918400000.0,103.79514285714285,11088.0,514.0,110592.0,7.245680012246877e+16,29.678571428571427,7.8828370607142855,78.57142857142857,14541.714285714286
128.0,4096000.0,256.0,64.0,2.0,16.0,14.0,10.0,1.0,1.0,2.0,2.0,4.0,3.0,2.0,2.0,3.0,2.0,6.0,1.0,6.0,6.0,3.0,4.0,4.0,2.0,3.0,1.0,2.0,5.0,3.0,6.0,96.0,64.0,1.0,192.0,16.0,1.0,1.0,1.0,1.0,1.0,1.0,1.0,6.0,2.0,2.0,4.0,4.0,4.0,3.0,4.0,2.0,3.0,5.0,5.0,1.0,1.0,4.0,1.0,3.0,3.0,64.0,8.0,1.0,128.0,1.0,1.0,2.0,4.0,1.0,1.0,1.0,1.0,6.0,6.0,1.0,3.0,5.0,3.0,2.0,2.0,6.0,5.0,3.0,6.0,4.0,4.0,5.0,6.0,1.0,4.0,4.0,4.0,1.0,4.0,2.0,1.0,32.0,64.0,1.0,1.0,1.0,1.0,3.0,4.0,6.0,1.0,3.0,6.0,1.0,6.0,2.0,4.0,4.0,2.0,2.0,2.0,6.0,1.0,4.0,4.0,384.0,192.0,1.0,4.0,3.0,1.0,1.0,1.0,1.0,1.0,1.0,1.0,6.0,1.0,3.0,4.0,5.0,1.0,6.0,1.0,1.0,2.0,2.0,6.0,3.0,6.0,6.0,5.0,6.0,1.0,256.0,96.0,1.0,96.0,2.0,1.0,1.0,1.0,1.0,1.0,1.0,1.0,6.0,6.0,1.0,3.0,6.0,4.0,1.0,1.0,6.0,1.0,6.0,5.0,1.0,2.0,4.0,4.0,4.0,2.0,4.0,3072.0,1.0,48.0,12.0,1.0,1.0,1.0,1.0,1.0,1.0,1.0,11184425700.0,23934057.04,64584600.0,0.6576151071428571,140.0,514.0,51072.0,2.6768868266344192e+17,1.0,0.5328740821428571,78.57142857142857,3881.714285714286
64000.0,128000.0,256.0,64.0,3.0,20.0,48.0,38.0,3.0,1.0,5.0,2.0,6.0,3.0,2.0,2.0,5.0,3.0,4.0,5.0,3.0,1.0,4.0,1.0,5.0,4.0,2.0,1.0,5.0,6.0,5.0,2.0,2.0,2.0,1.0,256.0,9.0,1.0,1.0,1.0,1.0,1.0,1.0,1.0,6.0,3.0,5.0,3.0,2.0,4.0,2.0,4.0,1.0,3.0,2.0,2.0,3.0,1.0,1.0,1.0,3.0,2.0,64.0,64.0,1.0,1.0,128.0,1.0,1.0,32.0,1.0,1.0,1.0,1.0,5.0,4.0,6.0,2.0,2.0,3.0,4.0,6.0,6.0,5.0,1.0,6.0,5.0,5.0,3.0,5.0,2.0,6.0,64.0,2.0,1.0,32.0,128.0,1.0,16.0,8.0,1.0,1.0,1.0,1.0,2.0,3.0,5.0,2.0,4.0,4.0,1.0,3.0,6.0,6.0,1.0,6.0,4.0,3.0,2.0,5.0,5.0,6.0,6.0,256.0,1.0,96.0,8.0,1.0,1.0,1.0,1.0,1.0,1.0,1.0,6.0,4.0,2.0,6.0,5.0,5.0,6.0,1.0,3.0,1.0,3.0,5.0,1.0,5.0,1.0,6.0,5.0,4.0,3.0,768.0,1.0,3072.0,128.0,1.0,1.0,1.0,1.0,1.0,1.0,1.0,3.0,3.0,5.0,5.0,6.0,6.0,1.0,5.0,6.0,2.0,1.0,5.0,1.0,1.0,3.0,5.0,6.0,2.0,4.0,384.0,1.0,48.0,6.0,1.0,1.0,1.0,1.0,1.0,1.0,1.0,3670089000.0,23643585.4,692212000000.0,747.9676071428571,36480.0,514.0,5701632.0,8.677406269710059e+16,441.10714285714283,6.1450892928571434,78.57142857142857,238208.0
128.0,32000.0,256.0,64.0,3.0,30.0,38.0,6.0,5.0,3.0,3.0,4.0,1.0,1.0,5.0,3.0,4.0,5.0,2.0,6.0,1.0,5.0,6.0,3.0,1.0,6.0,6.0,3.0,5.0,6.0,4.0,4.0,48.0,256.0,1.0,384.0,36.0,1.0,1.0,1.0,1.0,1.0,1.0,1.0,1.0,5.0,5.0,6.0,6.0,1.0,3.0,5.0,5.0,5.0,4.0,3.0,3.0,2.0,1.0,6.0,4.0,4.0,64.0,64.0,1.0,16.0,2.0,1.0,16.0,8.0,1.0,1.0,1.0,1.0,1.0,2.0,3.0,5.0,3.0,6.0,2.0,6.0,1.0,1.0,2.0,5.0,6.0,1.0,4.0,6.0,2.0,1.0,2.0,4.0,1.0,4.0,4.0,1.0,8.0,4.0,1.0,1.0,1.0,1.0,2.0,3.0,4.0,2.0,6.0,6.0,4.0,3.0,6.0,1.0,4.0,5.0,5.0,3.0,1.0,1.0,6.0,2.0,32.0,96.0,1.0,64.0,256.0,1.0,1.0,1.0,1.0,1.0,1.0,1.0,3.0,3.0,1.0,4.0,5.0,4.0,4.0,2.0,4.0,4.0,1.0,1.0,3.0,1.0,1.0,5.0,6.0,1.0,128.0,64.0,1.0,4.0,2.0,1.0,1.0,1.0,1.0,1.0,1.0,1.0,5.0,3.0,2.0,4.0,5.0,3.0,3.0,1.0,6.0,2.0,3.0,5.0,5.0,1.0,1.0,1.0,2.0,4.0,64.0,1536.0,1.0,1.0,192.0,1.0,1.0,1.0,1.0,1.0,1.0,1.0,2363446008.0,17870787.239999995,26474000000.0,51.744800000000005,6840.0,514.0,2015232.0,4.223664076219533e+16,31.09091071428571,3.4747026500000002,78.57142857142857,137490.2857142857
512000.0,64000.0,256.0,64.0,3.0,40.0,44.0,4.0,1.0,1.0,1.0,1.0,6.0,3.0,2.0,4.0,4.0,6.0,6.0,2.0,5.0,3.0,3.0,5.0,4.0,2.0,3.0,1.0,3.0,5.0,4.0,3.0,4.0,384.0,1.0,576.0,24.0,1.0,1.0,1.0,1.0,1.0,1.0,1.0,4.0,3.0,5.0,6.0,3.0,4.0,2.0,1.0,2.0,6.0,4.0,6.0,2.0,6.0,3.0,5.0,5.0,3.0,64.0,2.0,1.0,64.0,128.0,1.0,64.0,32.0,1.0,1.0,1.0,1.0,1.0,2.0,3.0,4.0,4.0,1.0,3.0,6.0,1.0,6.0,3.0,2.0,1.0,1.0,3.0,4.0,1.0,1.0,2.0,1.0,1.0,1.0,64.0,1.0,16.0,16.0,1.0,1.0,1.0,1.0,6.0,4.0,3.0,6.0,5.0,4.0,6.0,6.0,1.0,6.0,5.0,2.0,5.0,5.0,5.0,1.0,2.0,3.0,32.0,12.0,1.0,16.0,48.0,1.0,1.0,1.0,1.0,1.0,1.0,1.0,6.0,1.0,2.0,4.0,4.0,6.0,4.0,2.0,3.0,5.0,4.0,5.0,2.0,3.0,1.0,5.0,4.0,3.0,6.0,12.0,1.0,512.0,1536.0,1.0,1.0,1.0,1.0,1.0,1.0,1.0,4.0,4.0,1.0,1.0,1.0,2.0,1.0,3.0,6.0,3.0,2.0,1.0,4.0,1.0,2.0,1.0,4.0,6.0,128.0,384.0,1.0,768.0,96.0,1.0,1.0,1.0,1.0,1.0,1.0,1.0,3256865280.0,19552887.980000004,27965500000.0,53.700407142857145,7040.0,514.0,884736.0,6.368112198579134e+16,1.8214285714285714,0.21019367857142854,78.57142857142857,91053.71428571429
16000.0,32000000.0,256.0,64.0,3.0,42.0,20.0,26.0,3.0,4.0,1.0,6.0,3.0,3.0,3.0,3.0,6.0,2.0,6.0,3.0,3.0,5.0,1.0,1.0,3.0,1.0,3.0,4.0,6.0,6.0,1.0,4.0,8.0,96.0,1.0,128.0,24.0,1.0,1.0,1.0,1.0,1.0,1.0,1.0,2.0,3.0,1.0,6.0,4.0,1.0,3.0,2.0,3.0,3.0,4.0,6.0,2.0,2.0,3.0,3.0,2.0,6.0,64.0,1.0,1.0,4.0,64.0,1.0,128.0,16.0,1.0,1.0,1.0,1.0,1.0,5.0,4.0,5.0,1.0,3.0,4.0,3.0,5.0,6.0,5.0,5.0,2.0,6.0,2.0,1.0,3.0,3.0,32.0,1.0,1.0,16.0,4.0,1.0,8.0,2.0,1.0,1.0,1.0,1.0,5.0,4.0,1.0,2.0,3.0,3.0,5.0,5.0,2.0,4.0,2.0,3.0,6.0,1.0,5.0,4.0,6.0,4.0,12.0,64.0,1.0,192.0,192.0,1.0,1.0,1.0,1.0,1.0,1.0,1.0,2.0,2.0,2.0,1.0,4.0,4.0,1.0,6.0,1.0,1.0,3.0,2.0,4.0,2.0,1.0,3.0,1.0,6.0,32.0,16.0,1.0,3072.0,96.0,1.0,1.0,1.0,1.0,1.0,1.0,1.0,2.0,3.0,6.0,1.0,4.0,5.0,5.0,6.0,1.0,2.0,4.0,5.0,1.0,6.0,3.0,4.0,5.0,6.0,12.0,3072.0,1.0,3.0,768.0,1.0,1.0,1.0,1.0,1.0,1.0,1.0,230836476.0,18485677.759999998,251476000000.0,308.13096428571424,21840.0,514.0,5701632.0,4267168710589973.5,28.296714285714284,0.6052826428571428,78.57142857142857,263497.14285714284
2048000.0,1024000.0,256.0,64.0,1.0,48.0,38.0,38.0,6.0,3.0,2.0,2.0,2.0,6.0,5.0,3.0,1.0,6.0,5.0,3.0,4.0,2.0,6.0,5.0,2.0,3.0,5.0,3.0,1.0,2.0,5.0,2.0,384.0,3.0,1.0,6.0,1152.0,1.0,1.0,1.0,1.0,1.0,1.0,1.0,4.0,4.0,2.0,6.0,1.0,3.0,3.0,4.0,4.0,6.0,5.0,4.0,3.0,6.0,4.0,5.0,1.0,6.0,8.0,8.0,1.0,64.0,8.0,1.0,128.0,128.0,1.0,1.0,1.0,1.0,1.0,4.0,4.0,6.0,4.0,2.0,1.0,2.0,2.0,2.0,3.0,5.0,6.0,5.0,4.0,3.0,6.0,1.0,2.0,128.0,1.0,64.0,64.0,1.0,16.0,64.0,1.0,1.0,1.0,1.0,4.0,5.0,4.0,6.0,5.0,4.0,3.0,3.0,3.0,5.0,2.0,4.0,5.0,6.0,6.0,5.0,1.0,6.0,128.0,48.0,1.0,128.0,8.0,1.0,1.0,1.0,1.0,1.0,1.0,1.0,6.0,1.0,4.0,5.0,5.0,6.0,5.0,3.0,4.0,2.0,5.0,6.0,2.0,4.0,2.0,6.0,5.0,3.0,128.0,8.0,1.0,384.0,256.0,1.0,1.0,1.0,1.0,1.0,1.0,1.0,6.0,4.0,4.0,6.0,4.0,2.0,3.0,3.0,6.0,5.0,3.0,6.0,4.0,4.0,5.0,1.0,3.0,1.0,512.0,192.0,1.0,6.0,8.0,1.0,1.0,1.0,1.0,1.0,1.0,1.0,303170784.0,41205363.36,16096200.0,0.1828814285714286,38.0,514.0,10060.0,1.2492262314856074e+16,32.70143214285714,35.58178892857142,78.57142857142857,1569.142857142857
64000.0,2048000.0,256.0,64.0,2.0,38.0,20.0,12.0,4.0,5.0,5.0,3.0,6.0,2.0,2.0,4.0,4.0,1.0,4.0,3.0,2.0,4.0,4.0,2.0,3.0,2.0,2.0,4.0,5.0,3.0,1.0,2.0,2.0,16.0,1.0,48.0,32.0,1.0,1.0,1.0,1.0,1.0,1.0,1.0,3.0,1.0,2.0,4.0,2.0,5.0,6.0,5.0,6.0,4.0,3.0,6.0,3.0,3.0,4.0,2.0,3.0,4.0,16.0,2.0,1.0,128.0,4.0,1.0,32.0,16.0,1.0,1.0,1.0,1.0,4.0,3.0,3.0,2.0,1.0,2.0,6.0,5.0,4.0,1.0,5.0,1.0,5.0,2.0,3.0,1.0,6.0,4.0,16.0,8.0,1.0,64.0,1.0,1.0,4.0,2.0,1.0,1.0,1.0,1.0,4.0,6.0,2.0,1.0,3.0,1.0,4.0,6.0,6.0,2.0,2.0,4.0,3.0,6.0,2.0,2.0,6.0,2.0,128.0,128.0,1.0,256.0,3.0,1.0,1.0,1.0,1.0,1.0,1.0,1.0,3.0,6.0,4.0,4.0,2.0,2.0,5.0,1.0,6.0,6.0,4.0,4.0,1.0,2.0,5.0,6.0,1.0,5.0,32.0,6.0,1.0,24.0,384.0,1.0,1.0,1.0,1.0,1.0,1.0,1.0,5.0,3.0,6.0,6.0,2.0,5.0,4.0,3.0,2.0,6.0,1.0,6.0,3.0,3.0,3.0,4.0,4.0,6.0,48.0,1536.0,1.0,48.0,32.0,1.0,1.0,1.0,1.0,1.0,1.0,1.0,1398449640.0,29122329.64,122410000.0,1.1202632142857143,240.0,514.0,34304.0,4.072611140101933e+16,3.440478571428571,1.5284310357142854,78.57142857142857,2777.714285714286
32000.0,32000000.0,256.0,64.0,1.0,26.0,8.0,36.0,2.0,5.0,2.0,2.0,3.0,6.0,1.0,3.0,1.0,2.0,5.0,3.0,1.0,4.0,2.0,3.0,5.0,4.0,4.0,6.0,6.0,1.0,1.0,6.0,3.0,24.0,1.0,24.0,12.0,1.0,1.0,1.0,1.0,1.0,1.0,1.0,5.0,4.0,4.0,4.0,2.0,2.0,6.0,4.0,3.0,6.0,3.0,2.0,2.0,2.0,5.0,3.0,1.0,4.0,8.0,64.0,1.0,32.0,16.0,1.0,4.0,2.0,1.0,1.0,1.0,1.0,3.0,1.0,5.0,2.0,5.0,5.0,5.0,4.0,2.0,3.0,5.0,5.0,3.0,5.0,5.0,6.0,4.0,4.0,4.0,4.0,1.0,4.0,8.0,1.0,1.0,2.0,1.0,1.0,1.0,1.0,4.0,3.0,6.0,3.0,3.0,4.0,6.0,6.0,4.0,6.0,3.0,2.0,6.0,3.0,1.0,4.0,4.0,3.0,192.0,2.0,1.0,128.0,192.0,1.0,1.0,1.0,1.0,1.0,1.0,1.0,6.0,3.0,6.0,6.0,4.0,1.0,6.0,2.0,6.0,2.0,4.0,4.0,5.0,6.0,5.0,3.0,5.0,1.0,32.0,1.0,1.0,3.0,32.0,1.0,1.0,1.0,1.0,1.0,1.0,1.0,2.0,5.0,4.0,3.0,4.0,4.0,4.0,2.0,5.0,1.0,4.0,5.0,6.0,3.0,1.0,6.0,5.0,1.0,128.0,4.0,1.0,8.0,64.0,1.0,1.0,1.0,1.0,1.0,1.0,1.0,11173626192.0,97614952.80000001,15250600.0,0.16867785714285713,36.0,514.0,514.0,1.0907129933369239e+18,1.0,1.4290778571428573,78.57142857142857,78.57142857142857
8192.0,2048000.0,256.0,64.0,1.0,32.0,46.0,16.0,2.0,2.0,2.0,2.0,2.0,2.0,5.0,2.0,2.0,2.0,5.0,4.0,4.0,5.0,3.0,3.0,1.0,3.0,1.0,5.0,5.0,6.0,6.0,2.0,12.0,48.0,1.0,9.0,768.0,1.0,1.0,1.0,1.0,1.0,1.0,1.0,1.0,2.0,3.0,6.0,5.0,2.0,6.0,2.0,2.0,5.0,3.0,6.0,5.0,2.0,6.0,2.0,6.0,3.0,32.0,1.0,1.0,1.0,32.0,1.0,32.0,64.0,1.0,1.0,1.0,1.0,1.0,5.0,2.0,6.0,1.0,2.0,5.0,3.0,3.0,3.0,1.0,1.0,5.0,6.0,4.0,1.0,3.0,3.0,4.0,4.0,1.0,2.0,1.0,1.0,16.0,2.0,1.0,1.0,1.0,1.0,3.0,5.0,5.0,6.0,3.0,5.0,1.0,3.0,2.0,6.0,2.0,4.0,2.0,1.0,4.0,2.0,6.0,2.0,64.0,192.0,1.0,48.0,32.0,1.0,1.0,1.0,1.0,1.0,1.0,1.0,6.0,5.0,1.0,1.0,4.0,5.0,1.0,3.0,3.0,1.0,2.0,3.0,2.0,1.0,1.0,4.0,6.0,2.0,24.0,384.0,1.0,512.0,16.0,1.0,1.0,1.0,1.0,1.0,1.0,1.0,1.0,3.0,4.0,5.0,6.0,5.0,2.0,5.0,1.0,6.0,3.0,5.0,2.0,3.0,4.0,3.0,3.0,4.0,128.0,16.0,1.0,48.0,1.0,1.0,1.0,1.0,1.0,1.0,1.0,1.0,698352336.0,51756810.239999995,7028500.0,0.08055197142857141,16.0,514.0,4384.0,3.614448933501272e+16,16.0,15.058460357142854,78.57142857142857,682.8571428571429
1024.0,2048000.0,256.0,64.0,3.0,4.0,38.0,40.0,6.0,6.0,6.0,5.0,4.0,6.0,3.0,5.0,6.0,3.0,2.0,3.0,6.0,6.0,1.0,6.0,2.0,1.0,5.0,5.0,2.0,1.0,3.0,1.0,32.0,6.0,1.0,144.0,2.0,1.0,1.0,1.0,1.0,1.0,1.0,1.0,4.0,1.0,4.0,4.0,2.0,6.0,1.0,5.0,4.0,4.0,1.0,2.0,4.0,3.0,5.0,5.0,5.0,4.0,1.0,32.0,1.0,32.0,128.0,1.0,32.0,4.0,1.0,1.0,1.0,1.0,4.0,4.0,5.0,2.0,3.0,3.0,4.0,2.0,2.0,2.0,2.0,1.0,5.0,3.0,2.0,4.0,6.0,2.0,8.0,128.0,1.0,8.0,8.0,1.0,32.0,16.0,1.0,1.0,1.0,1.0,5.0,4.0,5.0,3.0,5.0,3.0,4.0,1.0,6.0,2.0,3.0,6.0,2.0,1.0,2.0,2.0,5.0,6.0,384.0,192.0,1.0,16.0,4.0,1.0,1.0,1.0,1.0,1.0,1.0,1.0,2.0,4.0,3.0,5.0,1.0,6.0,1.0,2.0,4.0,6.0,5.0,3.0,5.0,4.0,5.0,6.0,2.0,6.0,192.0,3.0,1.0,1024.0,16.0,1.0,1.0,1.0,1.0,1.0,1.0,1.0,2.0,5.0,6.0,1.0,6.0,2.0,1.0,6.0,1.0,1.0,1.0,5.0,3.0,1.0,6.0,5.0,3.0,3.0,96.0,32.0,1.0,32.0,384.0,1.0,1.0,1.0,1.0,1.0,1.0,1.0,250552356.0,17958642.64,21177800000.0,43.959960714285714,6080.0,514.0,2031616.0,4499580224014060.0,32.285714285714285,0.5502233464285714,78.57142857142857,118857.14285714286
128.0,8192000.0,256.0,64.0,1.0,18.0,12.0,40.0,6.0,3.0,3.0,4.0,2.0,4.0,6.0,1.0,2.0,3.0,4.0,4.0,5.0,2.0,5.0,5.0,6.0,4.0,5.0,6.0,1.0,3.0,1.0,3.0,192.0,384.0,1.0,96.0,96.0,1.0,1.0,1.0,1.0,1.0,1.0,1.0,1.0,6.0,6.0,5.0,2.0,5.0,6.0,1.0,4.0,1.0,4.0,5.0,4.0,5.0,3.0,1.0,3.0,2.0,64.0,8.0,1.0,32.0,128.0,1.0,4.0,32.0,1.0,1.0,1.0,1.0,2.0,2.0,3.0,1.0,5.0,5.0,5.0,1.0,1.0,2.0,4.0,6.0,6.0,6.0,6.0,3.0,1.0,1.0,16.0,32.0,1.0,4.0,128.0,1.0,1.0,16.0,1.0,1.0,1.0,1.0,4.0,2.0,3.0,4.0,4.0,3.0,3.0,3.0,6.0,1.0,6.0,1.0,4.0,3.0,3.0,1.0,1.0,3.0,192.0,96.0,1.0,192.0,8.0,1.0,1.0,1.0,1.0,1.0,1.0,1.0,3.0,6.0,4.0,4.0,4.0,6.0,5.0,1.0,5.0,6.0,6.0,2.0,5.0,3.0,2.0,3.0,1.0,5.0,1.0,48.0,1.0,8.0,48.0,1.0,1.0,1.0,1.0,1.0,1.0,1.0,5.0,4.0,6.0,6.0,6.0,1.0,6.0,4.0,4.0,5.0,6.0,5.0,2.0,4.0,5.0,3.0,6.0,4.0,768.0,4.0,1.0,12.0,96.0,1.0,1.0,1.0,1.0,1.0,1.0,1.0,289015056.0,49465022.400000006,16945000.0,0.19222442857142857,40.0,514.0,10576.0,1.4296136218977256e+16,32.96771785714286,30.274327857142854,78.57142857142857,1649.7142857142858
256000.0,64000.0,256.0,64.0,2.0,2.0,32.0,6.0,1.0,2.0,1.0,4.0,5.0,6.0,2.0,4.0,1.0,1.0,1.0,5.0,2.0,3.0,2.0,1.0,5.0,6.0,1.0,5.0,2.0,6.0,6.0,5.0,16.0,6.0,1.0,12.0,2.0,1.0,1.0,1.0,1.0,1.0,1.0,1.0,6.0,1.0,1.0,2.0,1.0,5.0,3.0,1.0,5.0,6.0,3.0,3.0,2.0,3.0,2.0,5.0,3.0,1.0,2.0,8.0,1.0,8.0,1.0,1.0,4.0,4.0,1.0,1.0,1.0,1.0,1.0,1.0,6.0,1.0,5.0,4.0,3.0,6.0,6.0,6.0,5.0,4.0,5.0,2.0,2.0,2.0,1.0,1.0,2.0,32.0,1.0,8.0,4.0,1.0,8.0,1.0,1.0,1.0,1.0,1.0,3.0,2.0,5.0,3.0,2.0,5.0,6.0,2.0,4.0,2.0,1.0,6.0,6.0,5.0,4.0,6.0,2.0,1.0,48.0,2.0,1.0,3.0,768.0,1.0,1.0,1.0,1.0,1.0,1.0,1.0,3.0,1.0,4.0,5.0,5.0,5.0,1.0,3.0,4.0,5.0,3.0,1.0,4.0,4.0,5.0,1.0,1.0,2.0,16.0,6.0,1.0,3.0,256.0,1.0,1.0,1.0,1.0,1.0,1.0,1.0,2.0,4.0,5.0,1.0,3.0,5.0,4.0,4.0,4.0,5.0,2.0,4.0,6.0,1.0,2.0,4.0,6.0,3.0,2.0,384.0,1.0,24.0,192.0,1.0,1.0,1.0,1.0,1.0,1.0,1.0,11216486832.0,45452284.519999996,93378200.0,0.8873033571428571,192.0,514.0,6752.0,5.098149508028974e+17,1.0,0.7302884642857143,78.57142857142857,468.85714285714283
8192.0,32000000.0,256.0,64.0,3.0,28.0,26.0,8.0,2.0,3.0,3.0,2.0,3.0,4.0,2.0,2.0,6.0,4.0,2.0,6.0,3.0,2.0,5.0,5.0,5.0,6.0,6.0,4.0,2.0,2.0,6.0,1.0,24.0,6.0,1.0,128.0,576.0,1.0,1.0,1.0,1.0,1.0,1.0,1.0,4.0,6.0,4.0,4.0,6.0,3.0,5.0,1.0,2.0,4.0,4.0,6.0,4.0,1.0,1.0,1.0,6.0,2.0,32.0,8.0,1.0,64.0,128.0,1.0,128.0,4.0,1.0,1.0,1.0,1.0,2.0,4.0,4.0,5.0,1.0,5.0,5.0,3.0,3.0,2.0,5.0,3.0,5.0,6.0,2.0,3.0,6.0,4.0,16.0,128.0,1.0,8.0,4.0,1.0,32.0,1.0,1.0,1.0,1.0,1.0,3.0,2.0,6.0,2.0,4.0,1.0,1.0,1.0,5.0,5.0,4.0,2.0,1.0,4.0,6.0,4.0,5.0,4.0,3.0,12.0,1.0,16.0,128.0,1.0,1.0,1.0,1.0,1.0,1.0,1.0,2.0,1.0,4.0,4.0,4.0,3.0,2.0,1.0,6.0,6.0,4.0,1.0,2.0,2.0,3.0,6.0,2.0,3.0,48.0,128.0,1.0,384.0,1536.0,1.0,1.0,1.0,1.0,1.0,1.0,1.0,2.0,1.0,3.0,3.0,2.0,1.0,4.0,2.0,1.0,1.0,2.0,6.0,1.0,5.0,2.0,2.0,6.0,3.0,1536.0,192.0,1.0,24.0,128.0,1.0,1.0,1.0,1.0,1.0,1.0,1.0,2398442808.0,18694393.419999998,19526200000.0,41.38085,5824.0,514.0,819200.0,4.483743344812152e+16,5.107142857142857,0.06984746428571428,78.57142857142857,92050.28571428571
128.0,16000000.0,256.0,64.0,2.0,34.0,20.0,4.0,2.0,4.0,3.0,1.0,3.0,5.0,4.0,1.0,4.0,3.0,1.0,5.0,3.0,4.0,6.0,6.0,4.0,4.0,2.0,4.0,5.0,4.0,2.0,6.0,24.0,192.0,1.0,192.0,9.0,1.0,1.0,1.0,1.0,1.0,1.0,1.0,2.0,2.0,5.0,4.0,2.0,5.0,4.0,6.0,2.0,2.0,3.0,4.0,2.0,1.0,5.0,3.0,5.0,1.0,32.0,64.0,1.0,4.0,16.0,1.0,64.0,64.0,1.0,1.0,1.0,1.0,6.0,4.0,2.0,6.0,5.0,5.0,4.0,1.0,1.0,3.0,4.0,2.0,1.0,3.0,5.0,4.0,1.0,5.0,32.0,128.0,1.0,128.0,64.0,1.0,16.0,64.0,1.0,1.0,1.0,1.0,4.0,1.0,4.0,3.0,2.0,3.0,6.0,1.0,4.0,1.0,3.0,6.0,2.0,1.0,1.0,6.0,6.0,4.0,6.0,96.0,1.0,32.0,16.0,1.0,1.0,1.0,1.0,1.0,1.0,1.0,2.0,1.0,2.0,1.0,2.0,4.0,4.0,3.0,6.0,1.0,5.0,5.0,5.0,5.0,5.0,5.0,3.0,3.0,96.0,32.0,1.0,48.0,1024.0,1.0,1.0,1.0,1.0,1.0,1.0,1.0,2.0,4.0,4.0,4.0,3.0,3.0,6.0,1.0,2.0,3.0,6.0,3.0,2.0,3.0,4.0,6.0,5.0,6.0,48.0,768.0,1.0,12.0,32.0,1.0,1.0,1.0,1.0,1.0,1.0,1.0,3020165064.0,21160057.120000005,34777400.0,0.3930954285714286,80.0,514.0,23552.0,6.390686526606847e+16,3.9642857142857144,0.39535790000000015,78.57142857142857,7112.571428571428
1024.0,512000.0,256.0,64.0,1.0,18.0,18.0,8.0,6.0,4.0,4.0,4.0,4.0,4.0,1.0,2.0,1.0,4.0,6.0,2.0,6.0,4.0,6.0,1.0,5.0,2.0,2.0,6.0,1.0,2.0,2.0,2.0,24.0,12.0,1.0,576.0,32.0,1.0,1.0,1.0,1.0,1.0,1.0,1.0,4.0,4.0,6.0,6.0,5.0,5.0,4.0,1.0,3.0,2.0,4.0,1.0,1.0,5.0,5.0,3.0,3.0,2.0,8.0,2.0,1.0,16.0,4.0,1.0,2.0,64.0,1.0,1.0,1.0,1.0,4.0,1.0,4.0,6.0,2.0,5.0,5.0,3.0,3.0,2.0,5.0,4.0,3.0,4.0,5.0,5.0,2.0,4.0,32.0,4.0,1.0,128.0,8.0,1.0,2.0,8.0,1.0,1.0,1.0,1.0,3.0,4.0,1.0,2.0,2.0,2.0,6.0,6.0,5.0,3.0,5.0,3.0,3.0,5.0,4.0,1.0,5.0,6.0,3.0,384.0,1.0,96.0,1.0,1.0,1.0,1.0,1.0,1.0,1.0,1.0,6.0,1.0,2.0,5.0,6.0,5.0,3.0,4.0,3.0,6.0,1.0,4.0,2.0,5.0,4.0,3.0,2.0,5.0,32.0,6.0,1.0,16.0,512.0,1.0,1.0,1.0,1.0,1.0,1.0,1.0,2.0,2.0,5.0,6.0,4.0,6.0,4.0,3.0,1.0,6.0,4.0,6.0,4.0,3.0,6.0,4.0,5.0,5.0,64.0,24.0,1.0,1.0,6.0,1.0,1.0,1.0,1.0,1.0,1.0,1.0,1396703760.0,60248241.599999994,3853450.0,0.04347084285714287,8.0,514.0,2320.0,8.41489455761084e+16,8.0,13.963518214285713,78.57142857142857,360.57142857142856
512000.0,16000.0,256.0,64.0,2.0,48.0,18.0,8.0,3.0,1.0,5.0,5.0,5.0,2.0,4.0,4.0,4.0,4.0,2.0,6.0,6.0,5.0,6.0,6.0,5.0,6.0,2.0,2.0,6.0,6.0,4.0,4.0,8.0,128.0,1.0,128.0,4.0,1.0,1.0,1.0,1.0,1.0,1.0,1.0,2.0,2.0,5.0,1.0,1.0,4.0,6.0,3.0,1.0,4.0,6.0,2.0,2.0,1.0,6.0,2.0,4.0,5.0,4.0,32.0,1.0,8.0,128.0,1.0,1.0,32.0,1.0,1.0,1.0,1.0,5.0,1.0,5.0,4.0,2.0,4.0,6.0,3.0,6.0,6.0,2.0,4.0,5.0,3.0,5.0,4.0,4.0,6.0,4.0,8.0,1.0,2.0,16.0,1.0,1.0,16.0,1.0,1.0,1.0,1.0,3.0,4.0,6.0,5.0,6.0,6.0,1.0,6.0,4.0,4.0,4.0,1.0,4.0,5.0,1.0,2.0,4.0,6.0,2.0,384.0,1.0,768.0,256.0,1.0,1.0,1.0,1.0,1.0,1.0,1.0,6.0,3.0,5.0,4.0,3.0,3.0,3.0,5.0,2.0,4.0,2.0,3.0,2.0,1.0,2.0,6.0,5.0,2.0,256.0,192.0,1.0,16.0,96.0,1.0,1.0,1.0,1.0,1.0,1.0,1.0,4.0,4.0,1.0,2.0,2.0,2.0,3.0,4.0,2.0,5.0,6.0,2.0,5.0,1.0,1.0,1.0,5.0,2.0,256.0,512.0,1.0,32.0,2.0,1.0,1.0,1.0,1.0,1.0,1.0,1.0,10892730024.0,30126972.16,66703600.0,0.6880223214285716,144.0,514.0,67072.0,3.2816497417944416e+17,13.857142857142858,3.2508762999999994,78.57142857142857,7336.0
32000.0,64000.0,256.0,64.0,3.0,14.0,2.0,42.0,4.0,4.0,3.0,1.0,6.0,6.0,1.0,5.0,2.0,3.0,4.0,2.0,1.0,3.0,6.0,4.0,2.0,2.0,3.0,2.0,3.0,4.0,6.0,2.0,768.0,12.0,1.0,48.0,6.0,1.0,1.0,1.0,1.0,1.0,1.0,1.0,3.0,5.0,3.0,3.0,5.0,3.0,2.0,6.0,1.0,3.0,5.0,3.0,2.0,6.0,5.0,5.0,5.0,6.0,2.0,8.0,1.0,1.0,4.0,1.0,4.0,64.0,1.0,1.0,1.0,1.0,5.0,4.0,1.0,6.0,3.0,3.0,2.0,3.0,5.0,6.0,1.0,2.0,4.0,2.0,2.0,2.0,6.0,1.0,4.0,8.0,1.0,1.0,64.0,1.0,64.0,4.0,1.0,1.0,1.0,1.0,3.0,3.0,2.0,3.0,6.0,5.0,3.0,6.0,5.0,2.0,1.0,6.0,1.0,5.0,1.0,6.0,2.0,1.0,2.0,2.0,1.0,3.0,12.0,1.0,1.0,1.0,1.0,1.0,1.0,1.0,5.0,5.0,1.0,3.0,1.0,1.0,1.0,3.0,6.0,3.0,1.0,3.0,3.0,3.0,3.0,5.0,4.0,5.0,8.0,16.0,1.0,1.0,1024.0,1.0,1.0,1.0,1.0,1.0,1.0,1.0,1.0,2.0,5.0,3.0,5.0,2.0,6.0,1.0,3.0,5.0,6.0,5.0,4.0,1.0,1.0,4.0,2.0,1.0,4.0,64.0,1.0,6.0,24.0,1.0,1.0,1.0,1.0,1.0,1.0,1.0,2206391664.0,21839944.400000006,1157870000.0,5.994301428571428,1176.0,514.0,299008.0,4.8187471266383496e+16,3.5,0.3633170821428572,78.57142857142857,26890.85714285714
128.0,128000.0,256.0,64.0,1.0,46.0,14.0,20.0,5.0,1.0,5.0,3.0,4.0,4.0,4.0,6.0,4.0,1.0,2.0,2.0,4.0,3.0,6.0,3.0,5.0,1.0,3.0,3.0,3.0,3.0,4.0,2.0,4.0,256.0,1.0,768.0,18.0,1.0,1.0,1.0,1.0,1.0,1.0,1.0,1.0,5.0,3.0,5.0,4.0,1.0,3.0,4.0,4.0,3.0,1.0,2.0,3.0,5.0,5.0,4.0,1.0,5.0,2.0,1.0,1.0,128.0,32.0,1.0,32.0,64.0,1.0,1.0,1.0,1.0,4.0,1.0,2.0,3.0,4.0,3.0,6.0,2.0,3.0,5.0,6.0,5.0,2.0,2.0,3.0,3.0,6.0,6.0,64.0,64.0,1.0,1.0,64.0,1.0,2.0,16.0,1.0,1.0,1.0,1.0,6.0,1.0,4.0,6.0,1.0,6.0,5.0,3.0,2.0,4.0,5.0,4.0,2.0,3.0,6.0,5.0,3.0,3.0,2.0,8.0,1.0,16.0,768.0,1.0,1.0,1.0,1.0,1.0,1.0,1.0,2.0,2.0,6.0,1.0,4.0,3.0,1.0,6.0,1.0,4.0,4.0,4.0,3.0,3.0,5.0,5.0,3.0,3.0,1.0,128.0,1.0,12.0,96.0,1.0,1.0,1.0,1.0,1.0,1.0,1.0,5.0,5.0,6.0,4.0,5.0,2.0,3.0,1.0,3.0,5.0,4.0,3.0,6.0,4.0,1.0,3.0,2.0,6.0,4.0,768.0,1.0,4.0,64.0,1.0,1.0,1.0,1.0,1.0,1.0,1.0,567411504.0,26568524.64,8640490.0,0.09909237142857144,20.0,514.0,5416.0,1.5075286525043458e+16,17.516192857142855,20.259909642857142,78.57142857142857,844.0
256.0,128000.0,256.0,64.0,3.0,10.0,18.0,22.0,5.0,5.0,4.0,3.0,2.0,2.0,6.0,6.0,6.0,4.0,6.0,4.0,5.0,5.0,3.0,2.0,1.0,3.0,4.0,5.0,4.0,6.0,1.0,2.0,8.0,32.0,1.0,576.0,32.0,1.0,1.0,1.0,1.0,1.0,1.0,1.0,3.0,1.0,3.0,3.0,5.0,3.0,4.0,6.0,6.0,1.0,6.0,2.0,4.0,2.0,4.0,6.0,2.0,4.0,16.0,16.0,1.0,8.0,2.0,1.0,4.0,2.0,1.0,1.0,1.0,1.0,5.0,2.0,2.0,3.0,6.0,4.0,2.0,6.0,6.0,6.0,1.0,5.0,3.0,4.0,4.0,6.0,2.0,2.0,128.0,16.0,1.0,4.0,2.0,1.0,32.0,4.0,1.0,1.0,1.0,1.0,1.0,3.0,6.0,6.0,3.0,1.0,2.0,4.0,2.0,1.0,5.0,2.0,4.0,2.0,2.0,5.0,2.0,1.0,768.0,128.0,1.0,96.0,64.0,1.0,1.0,1.0,1.0,1.0,1.0,1.0,4.0,1.0,2.0,5.0,2.0,2.0,5.0,1.0,4.0,1.0,1.0,6.0,6.0,3.0,3.0,5.0,1.0,2.0,128.0,192.0,1.0,24.0,256.0,1.0,1.0,1.0,1.0,1.0,1.0,1.0,6.0,3.0,6.0,4.0,4.0,4.0,2.0,4.0,3.0,3.0,1.0,4.0,2.0,3.0,5.0,4.0,2.0,1.0,12.0,768.0,1.0,64.0,8.0,1.0,1.0,1.0,1.0,1.0,1.0,1.0,845564832.0,18024897.36,9515420000.0,25.05226428571429,3960.0,514.0,1196032.0,1.5241219308025644e+16,25.071428571428573,3.693823357142857,78.57142857142857,105389.71428571429
512000.0,8192000.0,256.0,64.0,2.0,48.0,36.0,30.0,4.0,5.0,6.0,1.0,5.0,2.0,2.0,2.0,4.0,1.0,2.0,2.0,6.0,2.0,2.0,3.0,4.0,3.0,6.0,1.0,1.0,5.0,4.0,4.0,1.0,192.0,1.0,36.0,1.0,1.0,1.0,1.0,1.0,1.0,1.0,1.0,3.0,6.0,2.0,3.0,3.0,4.0,6.0,5.0,6.0,5.0,1.0,2.0,6.0,5.0,5.0,2.0,1.0,2.0,8.0,8.0,1.0,2.0,64.0,1.0,64.0,64.0,1.0,1.0,1.0,1.0,2.0,3.0,2.0,3.0,3.0,2.0,5.0,1.0,6.0,2.0,5.0,3.0,5.0,4.0,1.0,2.0,2.0,3.0,128.0,16.0,1.0,128.0,1.0,1.0,8.0,64.0,1.0,1.0,1.0,1.0,4.0,6.0,2.0,6.0,5.0,3.0,3.0,2.0,3.0,5.0,5.0,3.0,6.0,3.0,1.0,2.0,1.0,6.0,6.0,6.0,1.0,6.0,128.0,1.0,1.0,1.0,1.0,1.0,1.0,1.0,6.0,5.0,3.0,5.0,5.0,5.0,4.0,2.0,6.0,5.0,1.0,2.0,3.0,1.0,3.0,3.0,5.0,2.0,128.0,96.0,1.0,3072.0,2.0,1.0,1.0,1.0,1.0,1.0,1.0,1.0,5.0,2.0,5.0,5.0,1.0,3.0,1.0,5.0,2.0,3.0,4.0,6.0,3.0,3.0,2.0,2.0,4.0,1.0,2.0,12.0,1.0,48.0,256.0,1.0,1.0,1.0,1.0,1.0,1.0,1.0,4910557248.0,38332230.92,1010550000.0,5.387113571428572,1080.0,514.0,25472.0,1.882326143762157e+17,6.321428571428571,0.9549655214285715,78.57142857142857,3561.5
64000.0,64000.0,256.0,64.0,2.0,20.0,22.0,38.0,1.0,3.0,3.0,6.0,6.0,4.0,6.0,2.0,6.0,2.0,3.0,4.0,1.0,3.0,5.0,4.0,6.0,1.0,1.0,2.0,3.0,5.0,2.0,3.0,1.0,64.0,1.0,4.0,768.0,1.0,1.0,1.0,1.0,1.0,1.0,1.0,6.0,2.0,3.0,1.0,5.0,3.0,6.0,1.0,2.0,5.0,3.0,5.0,6.0,1.0,6.0,4.0,6.0,4.0,1.0,32.0,1.0,1.0,4.0,1.0,16.0,128.0,1.0,1.0,1.0,1.0,6.0,3.0,1.0,5.0,2.0,3.0,4.0,4.0,3.0,6.0,5.0,1.0,5.0,6.0,6.0,6.0,1.0,4.0,8.0,8.0,1.0,8.0,64.0,1.0,16.0,8.0,1.0,1.0,1.0,1.0,1.0,3.0,3.0,6.0,1.0,4.0,4.0,2.0,1.0,3.0,6.0,4.0,5.0,4.0,6.0,4.0,2.0,4.0,8.0,384.0,1.0,16.0,32.0,1.0,1.0,1.0,1.0,1.0,1.0,1.0,5.0,6.0,4.0,3.0,3.0,5.0,3.0,1.0,5.0,5.0,6.0,6.0,3.0,3.0,1.0,3.0,6.0,2.0,1.0,16.0,1.0,1024.0,48.0,1.0,1.0,1.0,1.0,1.0,1.0,1.0,3.0,3.0,4.0,5.0,2.0,2.0,4.0,4.0,6.0,5.0,6.0,1.0,3.0,3.0,1.0,2.0,5.0,3.0,8.0,768.0,1.0,192.0,128.0,1.0,1.0,1.0,1.0,1.0,1.0,1.0,11189339604.0,51255925.07999998,678455000.0,4.080191428571428,836.0,514.0,36864.0,5.735199524373007e+17,1.0,0.5367539642857143,78.57142857142857,2235.4285714285716
512.0,32000000.0,256.0,64.0,3.0,42.0,30.0,26.0,5.0,6.0,4.0,3.0,6.0,3.0,6.0,2.0,1.0,3.0,2.0,5.0,4.0,2.0,1.0,6.0,6.0,6.0,3.0,1.0,5.0,5.0,4.0,6.0,16.0,8.0,1.0,4.0,384.0,1.0,1.0,1.0,1.0,1.0,1.0,1.0,4.0,1.0,5.0,3.0,5.0,4.0,3.0,4.0,5.0,5.0,4.0,6.0,1.0,1.0,4.0,2.0,5.0,4.0,16.0,32.0,1.0,32.0,1.0,1.0,4.0,64.0,1.0,1.0,1.0,1.0,5.0,6.0,1.0,1.0,2.0,3.0,4.0,5.0,4.0,1.0,3.0,5.0,6.0,3.0,1.0,5.0,4.0,4.0,64.0,8.0,1.0,16.0,8.0,1.0,64.0,16.0,1.0,1.0,1.0,1.0,5.0,3.0,4.0,4.0,1.0,1.0,4.0,3.0,2.0,5.0,6.0,5.0,1.0,3.0,5.0,2.0,5.0,5.0,2.0,8.0,1.0,768.0,8.0,1.0,1.0,1.0,1.0,1.0,1.0,1.0,5.0,6.0,6.0,6.0,1.0,6.0,3.0,3.0,3.0,6.0,2.0,1.0,6.0,3.0,5.0,4.0,4.0,4.0,96.0,1.0,1.0,512.0,768.0,1.0,1.0,1.0,1.0,1.0,1.0,1.0,4.0,4.0,6.0,3.0,6.0,6.0,6.0,2.0,1.0,1.0,4.0,2.0,2.0,3.0,3.0,3.0,2.0,5.0,3.0,48.0,1.0,64.0,768.0,1.0,1.0,1.0,1.0,1.0,1.0,1.0,2630652624.0,19232866.180000003,559520000000.0,617.9373928571429,32760.0,514.0,1204224.0,5.0594989883457864e+16,56.892857142857146,0.955171,78.57142857142857,108178.28571428571
8192.0,32000000.0,256.0,64.0,1.0,6.0,36.0,20.0,5.0,4.0,6.0,3.0,4.0,5.0,2.0,1.0,6.0,4.0,1.0,3.0,3.0,5.0,1.0,5.0,5.0,6.0,4.0,2.0,6.0,3.0,3.0,3.0,8.0,128.0,1.0,24.0,72.0,1.0,1.0,1.0,1.0,1.0,1.0,1.0,2.0,5.0,4.0,4.0,3.0,2.0,5.0,5.0,1.0,1.0,6.0,5.0,6.0,2.0,2.0,3.0,3.0,6.0,16.0,16.0,1.0,8.0,32.0,1.0,4.0,8.0,1.0,1.0,1.0,1.0,6.0,3.0,6.0,6.0,2.0,4.0,5.0,5.0,2.0,6.0,6.0,5.0,1.0,4.0,2.0,2.0,2.0,1.0,8.0,1.0,1.0,2.0,8.0,1.0,4.0,4.0,1.0,1.0,1.0,1.0,4.0,6.0,5.0,5.0,6.0,1.0,1.0,3.0,3.0,5.0,1.0,3.0,2.0,3.0,6.0,4.0,1.0,6.0,8.0,12.0,1.0,2.0,48.0,1.0,1.0,1.0,1.0,1.0,1.0,1.0,3.0,2.0,3.0,5.0,6.0,1.0,1.0,2.0,5.0,4.0,3.0,3.0,5.0,2.0,2.0,6.0,4.0,4.0,192.0,128.0,1.0,4.0,2.0,1.0,1.0,1.0,1.0,1.0,1.0,1.0,1.0,5.0,6.0,4.0,3.0,4.0,6.0,1.0,3.0,3.0,6.0,3.0,4.0,1.0,5.0,3.0,2.0,1.0,1024.0,2.0,1.0,4.0,1.0,1.0,1.0,1.0,1.0,1.0,1.0,1.0,10889331024.0,71519944.80000001,8639980.0,0.09667651428571428,20.0,514.0,514.0,7.788043537454076e+17,14.83672857142857,15.262707500000001,78.57142857142857,143.71428571428572
1024.0,64000.0,256.0,64.0,2.0,14.0,16.0,20.0,2.0,2.0,4.0,5.0,2.0,3.0,1.0,1.0,5.0,6.0,1.0,5.0,1.0,2.0,2.0,4.0,4.0,5.0,6.0,4.0,2.0,4.0,3.0,5.0,128.0,48.0,1.0,16.0,4.0,1.0,1.0,1.0,1.0,1.0,1.0,1.0,3.0,1.0,5.0,4.0,4.0,6.0,6.0,1.0,2.0,6.0,2.0,1.0,5.0,2.0,2.0,5.0,5.0,1.0,1.0,1.0,1.0,128.0,8.0,1.0,2.0,128.0,1.0,1.0,1.0,1.0,1.0,4.0,6.0,6.0,4.0,2.0,6.0,3.0,4.0,2.0,3.0,3.0,6.0,4.0,5.0,1.0,3.0,5.0,2.0,8.0,1.0,4.0,2.0,1.0,32.0,32.0,1.0,1.0,1.0,1.0,5.0,1.0,1.0,2.0,3.0,2.0,2.0,3.0,3.0,3.0,2.0,6.0,4.0,1.0,1.0,6.0,6.0,2.0,3.0,768.0,1.0,32.0,256.0,1.0,1.0,1.0,1.0,1.0,1.0,1.0,1.0,6.0,2.0,4.0,2.0,3.0,3.0,5.0,6.0,6.0,3.0,6.0,1.0,4.0,4.0,5.0,2.0,5.0,64.0,256.0,1.0,8.0,12.0,1.0,1.0,1.0,1.0,1.0,1.0,1.0,1.0,6.0,1.0,2.0,6.0,3.0,1.0,5.0,5.0,6.0,5.0,1.0,2.0,3.0,3.0,1.0,3.0,5.0,6.0,12.0,1.0,24.0,48.0,1.0,1.0,1.0,1.0,1.0,1.0,1.0,10967624748.0,29059700.08,176009000.0,1.4968100000000002,320.0,514.0,19456.0,3.1871588576686554e+17,7.857142857142857,3.8418547857142857,78.57142857142857,1930.857142857143
4096.0,512000.0,256.0,64.0,2.0,20.0,28.0,16.0,3.0,2.0,3.0,3.0,6.0,5.0,5.0,3.0,2.0,5.0,2.0,3.0,3.0,4.0,4.0,5.0,4.0,1.0,4.0,1.0,1.0,3.0,4.0,3.0,64.0,4.0,1.0,9.0,9.0,1.0,1.0,1.0,1.0,1.0,1.0,1.0,4.0,2.0,1.0,5.0,3.0,1.0,2.0,2.0,4.0,5.0,2.0,1.0,3.0,1.0,1.0,3.0,4.0,4.0,16.0,2.0,1.0,4.0,1.0,1.0,32.0,1.0,1.0,1.0,1.0,1.0,6.0,2.0,4.0,2.0,2.0,2.0,4.0,2.0,1.0,2.0,4.0,3.0,1.0,1.0,3.0,6.0,1.0,3.0,2.0,2.0,1.0,4.0,1.0,1.0,64.0,1.0,1.0,1.0,1.0,1.0,6.0,6.0,4.0,1.0,1.0,6.0,2.0,1.0,6.0,3.0,1.0,4.0,5.0,6.0,1.0,2.0,4.0,5.0,8.0,12.0,1.0,256.0,48.0,1.0,1.0,1.0,1.0,1.0,1.0,1.0,6.0,4.0,6.0,2.0,4.0,4.0,4.0,6.0,5.0,6.0,1.0,1.0,2.0,3.0,1.0,3.0,1.0,4.0,4.0,48.0,1.0,1536.0,256.0,1.0,1.0,1.0,1.0,1.0,1.0,1.0,5.0,4.0,4.0,1.0,5.0,6.0,5.0,6.0,5.0,1.0,3.0,2.0,4.0,1.0,4.0,6.0,6.0,2.0,48.0,3.0,1.0,1.0,6.0,1.0,1.0,1.0,1.0,1.0,1.0,1.0,11334694380.0,50376916.52,275342000.0,2.1198610714285713,448.0,514.0,68608.0,5.710069525609732e+17,1.0,0.6317385714285715,78.57142857142857,3156.5
2048.0,16000000.0,256.0,64.0,2.0,44.0,40.0,22.0,1.0,5.0,5.0,5.0,3.0,1.0,6.0,4.0,1.0,1.0,5.0,5.0,4.0,5.0,1.0,5.0,5.0,1.0,5.0,3.0,6.0,2.0,1.0,5.0,2.0,192.0,1.0,8.0,576.0,1.0,1.0,1.0,1.0,1.0,1.0,1.0,5.0,6.0,6.0,5.0,6.0,6.0,5.0,1.0,3.0,1.0,5.0,2.0,3.0,1.0,1.0,5.0,1.0,1.0,64.0,1.0,1.0,4.0,64.0,1.0,4.0,4.0,1.0,1.0,1.0,1.0,1.0,3.0,5.0,5.0,4.0,3.0,2.0,3.0,6.0,3.0,1.0,2.0,4.0,4.0,6.0,6.0,4.0,4.0,2.0,8.0,1.0,1.0,128.0,1.0,16.0,1.0,1.0,1.0,1.0,1.0,6.0,4.0,4.0,1.0,6.0,2.0,6.0,2.0,5.0,3.0,6.0,1.0,6.0,4.0,6.0,5.0,1.0,3.0,192.0,1.0,1.0,1.0,8.0,1.0,1.0,1.0,1.0,1.0,1.0,1.0,1.0,5.0,6.0,4.0,5.0,3.0,5.0,1.0,4.0,6.0,4.0,3.0,3.0,5.0,1.0,1.0,2.0,6.0,64.0,256.0,1.0,4.0,96.0,1.0,1.0,1.0,1.0,1.0,1.0,1.0,5.0,2.0,5.0,4.0,6.0,5.0,6.0,1.0,4.0,2.0,5.0,5.0,5.0,1.0,3.0,4.0,3.0,6.0,768.0,128.0,1.0,24.0,16.0,1.0,1.0,1.0,1.0,1.0,1.0,1.0,353829804.0,29440836.040000007,733889000.0,4.37131107142857,880.0,514.0,360448.0,1.0417045245629338e+16,73.45714285714287,53.94703571428572,78.57142857142857,19662.85714285714
32000.0,256000.0,256.0,64.0,3.0,12.0,48.0,38.0,5.0,2.0,1.0,5.0,4.0,2.0,5.0,1.0,2.0,1.0,2.0,6.0,6.0,5.0,4.0,2.0,6.0,6.0,1.0,3.0,3.0,5.0,6.0,5.0,2.0,3.0,1.0,32.0,32.0,1.0,1.0,1.0,1.0,1.0,1.0,1.0,5.0,2.0,6.0,6.0,3.0,6.0,4.0,5.0,3.0,6.0,6.0,1.0,5.0,5.0,6.0,4.0,5.0,3.0,64.0,4.0,1.0,8.0,16.0,1.0,8.0,2.0,1.0,1.0,1.0,1.0,1.0,4.0,1.0,1.0,6.0,1.0,6.0,1.0,1.0,3.0,1.0,6.0,1.0,1.0,2.0,6.0,2.0,3.0,1.0,128.0,1.0,8.0,4.0,1.0,2.0,4.0,1.0,1.0,1.0,1.0,6.0,2.0,4.0,2.0,4.0,5.0,2.0,1.0,1.0,2.0,1.0,1.0,5.0,6.0,1.0,2.0,3.0,5.0,8.0,32.0,1.0,24.0,256.0,1.0,1.0,1.0,1.0,1.0,1.0,1.0,4.0,4.0,5.0,4.0,2.0,3.0,4.0,3.0,4.0,4.0,6.0,1.0,4.0,6.0,3.0,3.0,2.0,5.0,48.0,256.0,1.0,6.0,96.0,1.0,1.0,1.0,1.0,1.0,1.0,1.0,2.0,4.0,5.0,4.0,5.0,3.0,5.0,2.0,2.0,4.0,6.0,4.0,3.0,5.0,3.0,5.0,1.0,6.0,4.0,6.0,1.0,384.0,3.0,1.0,1.0,1.0,1.0,1.0,1.0,1.0,2145067764.0,18455533.019999996,252564000000.0,308.4805,21888.0,514.0,368640.0,3.958836894863956e+16,2.233692857142857,0.10394171428571429,78.57142857142857,35657.142857142855
1024000.0,2048000.0,256.0,64.0,1.0,18.0,4.0,42.0,4.0,3.0,6.0,3.0,4.0,2.0,3.0,1.0,5.0,3.0,6.0,4.0,2.0,5.0,3.0,1.0,5.0,2.0,3.0,5.0,5.0,6.0,1.0,4.0,96.0,16.0,1.0,8.0,72.0,1.0,1.0,1.0,1.0,1.0,1.0,1.0,3.0,5.0,4.0,3.0,5.0,4.0,4.0,6.0,5.0,4.0,4.0,5.0,2.0,1.0,5.0,3.0,3.0,2.0,64.0,4.0,1.0,4.0,128.0,1.0,1.0,32.0,1.0,1.0,1.0,1.0,2.0,2.0,4.0,1.0,1.0,3.0,5.0,5.0,2.0,5.0,5.0,1.0,5.0,5.0,1.0,4.0,4.0,4.0,2.0,64.0,1.0,32.0,1.0,1.0,4.0,32.0,1.0,1.0,1.0,1.0,4.0,2.0,2.0,2.0,5.0,2.0,3.0,6.0,2.0,2.0,3.0,6.0,3.0,5.0,2.0,2.0,2.0,1.0,4.0,48.0,1.0,768.0,96.0,1.0,1.0,1.0,1.0,1.0,1.0,1.0,1.0,1.0,5.0,1.0,2.0,6.0,2.0,1.0,2.0,3.0,1.0,1.0,2.0,2.0,3.0,4.0,2.0,6.0,6.0,12.0,1.0,16.0,48.0,1.0,1.0,1.0,1.0,1.0,1.0,1.0,6.0,6.0,6.0,5.0,3.0,5.0,1.0,2.0,2.0,2.0,6.0,2.0,5.0,6.0,5.0,1.0,3.0,4.0,2.0,96.0,1.0,3.0,2.0,1.0,1.0,1.0,1.0,1.0,1.0,1.0,10881073488.0,100002357.60000002,17796800.0,0.19635614285714284,42.0,514.0,514.0,1.0881330020188556e+18,27.571428571428573,27.577236071428572,78.57142857142857,219.14285714285714
4096.0,32000.0,256.0,64.0,3.0,40.0,28.0,40.0,5.0,2.0,4.0,5.0,5.0,5.0,5.0,2.0,2.0,6.0,4.0,6.0,2.0,2.0,6.0,4.0,1.0,1.0,3.0,3.0,3.0,4.0,1.0,1.0,8.0,256.0,1.0,1152.0,32.0,1.0,1.0,1.0,1.0,1.0,1.0,1.0,1.0,2.0,6.0,1.0,5.0,3.0,1.0,1.0,2.0,3.0,2.0,1.0,1.0,4.0,2.0,6.0,5.0,2.0,2.0,1.0,1.0,32.0,2.0,1.0,4.0,64.0,1.0,1.0,1.0,1.0,2.0,5.0,3.0,6.0,3.0,4.0,5.0,4.0,2.0,2.0,2.0,5.0,2.0,3.0,3.0,1.0,3.0,1.0,1.0,8.0,1.0,32.0,128.0,1.0,64.0,32.0,1.0,1.0,1.0,1.0,2.0,3.0,2.0,5.0,1.0,4.0,4.0,5.0,4.0,2.0,2.0,6.0,2.0,1.0,5.0,4.0,2.0,4.0,96.0,64.0,1.0,64.0,3.0,1.0,1.0,1.0,1.0,1.0,1.0,1.0,3.0,5.0,5.0,5.0,1.0,3.0,2.0,1.0,5.0,6.0,4.0,5.0,6.0,1.0,5.0,6.0,2.0,1.0,48.0,1.0,1.0,24.0,4.0,1.0,1.0,1.0,1.0,1.0,1.0,1.0,5.0,3.0,2.0,2.0,2.0,2.0,5.0,1.0,3.0,6.0,3.0,2.0,1.0,3.0,6.0,6.0,5.0,2.0,1024.0,8.0,1.0,2.0,768.0,1.0,1.0,1.0,1.0,1.0,1.0,1.0,2469701364.0,17741106.6,1040030000000.0,1082.020357142857,44800.0,514.0,5701632.0,4.381523516888941e+16,21.642857142857142,0.16462053571428573,78.57142857142857,339163.4285714286
1024000.0,256000.0,256.0,64.0,3.0,32.0,46.0,8.0,1.0,4.0,3.0,2.0,3.0,5.0,4.0,6.0,1.0,3.0,3.0,6.0,4.0,5.0,5.0,4.0,5.0,2.0,6.0,6.0,5.0,3.0,3.0,6.0,1.0,96.0,1.0,3.0,96.0,1.0,1.0,1.0,1.0,1.0,1.0,1.0,6.0,3.0,3.0,3.0,3.0,5.0,5.0,1.0,2.0,5.0,1.0,2.0,4.0,4.0,4.0,5.0,3.0,3.0,4.0,32.0,1.0,8.0,16.0,1.0,4.0,32.0,1.0,1.0,1.0,1.0,5.0,5.0,3.0,6.0,3.0,3.0,2.0,4.0,6.0,5.0,1.0,2.0,5.0,6.0,2.0,6.0,3.0,3.0,2.0,1.0,1.0,32.0,128.0,1.0,16.0,4.0,1.0,1.0,1.0,1.0,3.0,5.0,1.0,2.0,1.0,2.0,1.0,5.0,5.0,2.0,4.0,2.0,2.0,1.0,6.0,1.0,4.0,1.0,32.0,192.0,1.0,64.0,384.0,1.0,1.0,1.0,1.0,1.0,1.0,1.0,6.0,2.0,3.0,5.0,5.0,3.0,3.0,2.0,1.0,1.0,5.0,1.0,5.0,4.0,4.0,1.0,2.0,1.0,12.0,48.0,1.0,1.0,1.0,1.0,1.0,1.0,1.0,1.0,1.0,1.0,4.0,6.0,6.0,3.0,2.0,5.0,5.0,2.0,6.0,4.0,2.0,5.0,3.0,3.0,1.0,2.0,3.0,5.0,16.0,1024.0,1.0,96.0,4.0,1.0,1.0,1.0,1.0,1.0,1.0,1.0,4046804124.0,18757591.48,75199400000.0,113.85,11776.0,514.0,483328.0,7.590829855757126e+16,12.535714285714286,3.499264696428572,78.57142857142857,34417.142857142855
64000.0,64000.0,256.0,64.0,1.0,46.0,38.0,12.0,1.0,3.0,3.0,4.0,1.0,3.0,2.0,1.0,2.0,4.0,2.0,3.0,2.0,2.0,4.0,4.0,6.0,1.0,1.0,2.0,2.0,6.0,2.0,2.0,768.0,3.0,1.0,64.0,4.0,1.0,1.0,1.0,1.0,1.0,1.0,1.0,1.0,3.0,1.0,4.0,5.0,5.0,2.0,6.0,4.0,2.0,6.0,6.0,5.0,3.0,6.0,6.0,4.0,4.0,64.0,1.0,1.0,32.0,8.0,1.0,32.0,1.0,1.0,1.0,1.0,1.0,1.0,1.0,1.0,3.0,3.0,4.0,2.0,6.0,1.0,5.0,3.0,4.0,5.0,2.0,3.0,5.0,1.0,1.0,8.0,8.0,1.0,4.0,4.0,1.0,32.0,1.0,1.0,1.0,1.0,1.0,1.0,3.0,3.0,6.0,1.0,1.0,6.0,3.0,1.0,5.0,2.0,3.0,6.0,5.0,5.0,1.0,1.0,4.0,6.0,16.0,1.0,192.0,64.0,1.0,1.0,1.0,1.0,1.0,1.0,1.0,1.0,1.0,2.0,1.0,3.0,3.0,3.0,4.0,2.0,1.0,2.0,2.0,2.0,3.0,1.0,6.0,5.0,2.0,384.0,8.0,1.0,128.0,128.0,1.0,1.0,1.0,1.0,1.0,1.0,1.0,6.0,2.0,6.0,6.0,6.0,6.0,2.0,2.0,6.0,1.0,2.0,5.0,4.0,5.0,6.0,2.0,6.0,6.0,6.0,8.0,1.0,96.0,32.0,1.0,1.0,1.0,1.0,1.0,1.0,1.0,11173626192.0,113799904.8,5432530.0,0.06048252857142857,12.0,514.0,514.0,1.2715575969203866e+18,1.0,1.0041835714285714,78.57142857142857,78.57142857142857
2048000.0,16000000.0,256.0,64.0,3.0,34.0,10.0,46.0,1.0,3.0,6.0,4.0,6.0,3.0,1.0,6.0,6.0,2.0,4.0,2.0,6.0,1.0,4.0,6.0,2.0,5.0,6.0,5.0,1.0,5.0,3.0,1.0,2.0,96.0,1.0,9.0,9.0,1.0,1.0,1.0,1.0,1.0,1.0,1.0,1.0,4.0,5.0,1.0,3.0,1.0,6.0,2.0,4.0,6.0,4.0,5.0,1.0,2.0,5.0,5.0,1.0,5.0,1.0,64.0,1.0,8.0,16.0,1.0,8.0,32.0,1.0,1.0,1.0,1.0,5.0,5.0,4.0,1.0,5.0,4.0,6.0,1.0,1.0,6.0,1.0,1.0,5.0,3.0,2.0,5.0,3.0,2.0,4.0,64.0,1.0,32.0,64.0,1.0,1.0,32.0,1.0,1.0,1.0,1.0,2.0,2.0,2.0,2.0,5.0,6.0,4.0,3.0,3.0,6.0,1.0,3.0,4.0,1.0,2.0,2.0,5.0,6.0,2.0,1.0,1.0,384.0,1.0,1.0,1.0,1.0,1.0,1.0,1.0,1.0,6.0,5.0,6.0,1.0,6.0,6.0,1.0,3.0,1.0,2.0,1.0,2.0,1.0,2.0,4.0,5.0,2.0,1.0,8.0,48.0,1.0,2.0,192.0,1.0,1.0,1.0,1.0,1.0,1.0,1.0,1.0,1.0,3.0,5.0,2.0,1.0,2.0,4.0,3.0,4.0,2.0,4.0,6.0,1.0,3.0,4.0,4.0,1.0,256.0,1024.0,1.0,768.0,12.0,1.0,1.0,1.0,1.0,1.0,1.0,1.0,10996232736.0,21334232.080000006,130671000000.0,177.87071428571429,15640.0,514.0,2031616.0,2.3459618119551744e+17,2.7142857142857144,0.021961035714285714,78.57142857142857,100203.42857142857
256000.0,2048000.0,256.0,64.0,3.0,36.0,36.0,48.0,6.0,3.0,3.0,6.0,2.0,6.0,3.0,3.0,6.0,3.0,6.0,2.0,5.0,2.0,6.0,4.0,4.0,4.0,1.0,2.0,6.0,1.0,6.0,2.0,768.0,256.0,1.0,384.0,576.0,1.0,1.0,1.0,1.0,1.0,1.0,1.0,2.0,6.0,5.0,2.0,1.0,2.0,6.0,4.0,6.0,4.0,6.0,5.0,3.0,3.0,3.0,5.0,4.0,6.0,8.0,1.0,1.0,2.0,2.0,1.0,4.0,4.0,1.0,1.0,1.0,1.0,1.0,5.0,3.0,5.0,2.0,2.0,5.0,3.0,4.0,2.0,5.0,1.0,1.0,2.0,6.0,4.0,6.0,3.0,32.0,2.0,1.0,32.0,16.0,1.0,1.0,16.0,1.0,1.0,1.0,1.0,3.0,2.0,6.0,4.0,4.0,2.0,1.0,3.0,2.0,1.0,2.0,4.0,4.0,3.0,4.0,4.0,4.0,4.0,3.0,128.0,1.0,192.0,256.0,1.0,1.0,1.0,1.0,1.0,1.0,1.0,2.0,2.0,6.0,2.0,5.0,2.0,4.0,1.0,3.0,3.0,6.0,2.0,2.0,6.0,6.0,2.0,6.0,2.0,8.0,192.0,1.0,1536.0,6.0,1.0,1.0,1.0,1.0,1.0,1.0,1.0,6.0,2.0,2.0,1.0,6.0,6.0,6.0,3.0,4.0,4.0,1.0,5.0,5.0,2.0,2.0,1.0,1.0,6.0,768.0,384.0,1.0,32.0,24.0,1.0,1.0,1.0,1.0,1.0,1.0,1.0,4741670880.0,18048121.92,1996020000000.0,1976.0289285714287,62208.0,514.0,2949120.0,8.55782541467537e+16,5.678571428571429,1.29492,78.57142857142857,214059.42857142858
32000.0,32000000.0,256.0,64.0,3.0,44.0,26.0,46.0,3.0,6.0,4.0,1.0,1.0,5.0,3.0,1.0,2.0,1.0,6.0,2.0,4.0,3.0,5.0,2.0,5.0,6.0,5.0,4.0,6.0,3.0,1.0,5.0,192.0,384.0,1.0,256.0,576.0,1.0,1.0,1.0,1.0,1.0,1.0,1.0,1.0,2.0,3.0,5.0,3.0,2.0,1.0,2.0,1.0,3.0,5.0,5.0,2.0,5.0,6.0,5.0,3.0,1.0,1.0,1.0,1.0,128.0,16.0,1.0,2.0,1.0,1.0,1.0,1.0,1.0,5.0,5.0,4.0,6.0,3.0,3.0,3.0,6.0,5.0,4.0,5.0,1.0,3.0,4.0,6.0,1.0,2.0,6.0,1.0,1.0,1.0,64.0,2.0,1.0,4.0,32.0,1.0,1.0,1.0,1.0,5.0,4.0,6.0,1.0,2.0,4.0,3.0,5.0,2.0,4.0,5.0,2.0,3.0,3.0,5.0,4.0,2.0,1.0,48.0,32.0,1.0,12.0,2.0,1.0,1.0,1.0,1.0,1.0,1.0,1.0,3.0,4.0,2.0,3.0,6.0,2.0,3.0,5.0,2.0,1.0,2.0,3.0,3.0,2.0,3.0,2.0,2.0,4.0,16.0,3.0,1.0,4.0,192.0,1.0,1.0,1.0,1.0,1.0,1.0,1.0,6.0,6.0,1.0,5.0,1.0,4.0,6.0,3.0,3.0,2.0,5.0,3.0,1.0,3.0,1.0,4.0,4.0,1.0,128.0,3072.0,1.0,6.0,128.0,1.0,1.0,1.0,1.0,1.0,1.0,1.0,1728000696.0,19998287.560000002,1431490000000.0,1451.12,52624.0,514.0,5668864.0,3.4557054822488144e+16,5.928571428571429,1.5940174642857143,78.57142857142857,324253.14285714284
16000.0,128000.0,256.0,64.0,1.0,2.0,44.0,20.0,6.0,6.0,5.0,3.0,1.0,5.0,2.0,2.0,2.0,3.0,1.0,2.0,6.0,1.0,5.0,5.0,1.0,4.0,1.0,5.0,3.0,1.0,3.0,2.0,1.0,64.0,1.0,3.0,128.0,1.0,1.0,1.0,1.0,1.0,1.0,1.0,6.0,3.0,2.0,2.0,6.0,5.0,4.0,5.0,3.0,4.0,5.0,5.0,6.0,1.0,1.0,2.0,6.0,6.0,2.0,2.0,1.0,128.0,128.0,1.0,1.0,2.0,1.0,1.0,1.0,1.0,3.0,6.0,4.0,1.0,1.0,6.0,3.0,2.0,1.0,6.0,6.0,6.0,3.0,6.0,5.0,1.0,3.0,1.0,2.0,8.0,1.0,1.0,16.0,1.0,8.0,32.0,1.0,1.0,1.0,1.0,3.0,3.0,5.0,3.0,1.0,4.0,3.0,6.0,1.0,6.0,6.0,1.0,3.0,2.0,5.0,2.0,1.0,4.0,24.0,384.0,1.0,12.0,96.0,1.0,1.0,1.0,1.0,1.0,1.0,1.0,5.0,5.0,2.0,6.0,5.0,6.0,2.0,6.0,2.0,3.0,4.0,4.0,3.0,1.0,1.0,4.0,2.0,3.0,4.0,1.0,1.0,24.0,512.0,1.0,1.0,1.0,1.0,1.0,1.0,1.0,6.0,1.0,6.0,1.0,1.0,6.0,5.0,2.0,6.0,2.0,4.0,5.0,5.0,3.0,4.0,5.0,4.0,4.0,96.0,6.0,1.0,1.0,128.0,1.0,1.0,1.0,1.0,1.0,1.0,1.0,567411504.0,34909611.84,8640490.0,0.09909237142857144,20.0,514.0,5416.0,1.980811535819061e+16,17.516192857142855,22.107068214285714,78.57142857142857,844.0
1024000.0,1024000.0,256.0,64.0,3.0,24.0,44.0,12.0,5.0,3.0,3.0,5.0,6.0,4.0,5.0,1.0,2.0,5.0,6.0,2.0,1.0,6.0,1.0,2.0,1.0,3.0,5.0,6.0,5.0,2.0,6.0,3.0,6.0,3.0,1.0,1.0,128.0,1.0,1.0,1.0,1.0,1.0,1.0,1.0,5.0,5.0,2.0,1.0,3.0,1.0,5.0,2.0,5.0,5.0,2.0,6.0,1.0,5.0,5.0,4.0,5.0,1.0,8.0,1.0,1.0,8.0,2.0,1.0,16.0,1.0,1.0,1.0,1.0,1.0,4.0,1.0,5.0,5.0,1.0,5.0,3.0,6.0,5.0,2.0,1.0,5.0,3.0,1.0,1.0,6.0,3.0,4.0,128.0,1.0,1.0,4.0,64.0,1.0,16.0,8.0,1.0,1.0,1.0,1.0,5.0,4.0,5.0,4.0,1.0,1.0,2.0,1.0,1.0,6.0,4.0,4.0,5.0,3.0,2.0,1.0,5.0,6.0,192.0,4.0,1.0,48.0,384.0,1.0,1.0,1.0,1.0,1.0,1.0,1.0,1.0,6.0,5.0,6.0,5.0,1.0,3.0,6.0,5.0,5.0,2.0,1.0,2.0,6.0,5.0,2.0,4.0,4.0,3.0,6.0,1.0,32.0,32.0,1.0,1.0,1.0,1.0,1.0,1.0,1.0,3.0,4.0,3.0,3.0,6.0,3.0,3.0,2.0,5.0,4.0,6.0,6.0,4.0,3.0,5.0,5.0,2.0,2.0,32.0,48.0,1.0,6.0,128.0,1.0,1.0,1.0,1.0,1.0,1.0,1.0,5661306024.0,23357310.72,86707100000.0,127.44210714285714,12672.0,514.0,294912.0,1.3223288388357578e+17,22.78572857142857,1.004021417857143,78.57142857142857,24150.85714285714
1024.0,256000.0,256.0,64.0,3.0,38.0,38.0,22.0,5.0,1.0,3.0,4.0,5.0,3.0,3.0,5.0,5.0,1.0,4.0,1.0,5.0,6.0,1.0,6.0,1.0,5.0,2.0,2.0,2.0,1.0,5.0,1.0,6.0,64.0,1.0,48.0,6.0,1.0,1.0,1.0,1.0,1.0,1.0,1.0,4.0,1.0,1.0,5.0,6.0,1.0,4.0,1.0,5.0,2.0,2.0,3.0,3.0,6.0,4.0,6.0,6.0,1.0,16.0,64.0,1.0,8.0,32.0,1.0,32.0,2.0,1.0,1.0,1.0,1.0,3.0,5.0,2.0,4.0,5.0,4.0,3.0,5.0,5.0,2.0,4.0,3.0,3.0,6.0,4.0,2.0,4.0,2.0,64.0,4.0,1.0,1.0,4.0,1.0,64.0,16.0,1.0,1.0,1.0,1.0,4.0,1.0,6.0,4.0,3.0,1.0,4.0,5.0,6.0,6.0,4.0,4.0,3.0,3.0,6.0,3.0,2.0,4.0,96.0,48.0,1.0,192.0,12.0,1.0,1.0,1.0,1.0,1.0,1.0,1.0,6.0,2.0,2.0,6.0,5.0,5.0,2.0,6.0,2.0,1.0,6.0,6.0,3.0,3.0,5.0,1.0,4.0,1.0,192.0,2.0,1.0,768.0,24.0,1.0,1.0,1.0,1.0,1.0,1.0,1.0,3.0,6.0,3.0,2.0,4.0,3.0,4.0,1.0,2.0,1.0,4.0,5.0,4.0,3.0,5.0,3.0,6.0,6.0,192.0,24.0,1.0,384.0,16.0,1.0,1.0,1.0,1.0,1.0,1.0,1.0,1700808864.0,17744156.96,526518000000.0,585.7937857142857,31768.0,514.0,3244032.0,3.0179419441775296e+16,2.7142857142857144,0.0029761892857142857,78.57142857142857,213504.0
8192.0,64000.0,256.0,64.0,3.0,24.0,16.0,28.0,6.0,3.0,3.0,3.0,2.0,3.0,5.0,2.0,4.0,4.0,5.0,4.0,6.0,4.0,3.0,2.0,2.0,3.0,3.0,3.0,1.0,6.0,3.0,3.0,24.0,128.0,1.0,12.0,256.0,1.0,1.0,1.0,1.0,1.0,1.0,1.0,2.0,6.0,5.0,2.0,4.0,2.0,4.0,1.0,3.0,5.0,4.0,4.0,1.0,2.0,3.0,5.0,1.0,2.0,2.0,8.0,1.0,1.0,1.0,1.0,4.0,128.0,1.0,1.0,1.0,1.0,1.0,4.0,6.0,5.0,6.0,6.0,2.0,2.0,4.0,2.0,4.0,2.0,2.0,3.0,4.0,5.0,2.0,2.0,4.0,128.0,1.0,64.0,32.0,1.0,8.0,1.0,1.0,1.0,1.0,1.0,4.0,3.0,4.0,3.0,5.0,3.0,5.0,4.0,3.0,2.0,5.0,4.0,5.0,1.0,1.0,2.0,5.0,6.0,8.0,12.0,1.0,384.0,256.0,1.0,1.0,1.0,1.0,1.0,1.0,1.0,2.0,6.0,3.0,5.0,3.0,3.0,6.0,4.0,6.0,1.0,4.0,2.0,5.0,3.0,5.0,1.0,4.0,6.0,192.0,64.0,1.0,2.0,256.0,1.0,1.0,1.0,1.0,1.0,1.0,1.0,5.0,6.0,6.0,3.0,6.0,1.0,6.0,5.0,3.0,1.0,2.0,1.0,5.0,4.0,4.0,1.0,4.0,4.0,12.0,3.0,1.0,8.0,256.0,1.0,1.0,1.0,1.0,1.0,1.0,1.0,220391388.0,17857078.479999997,63049600000.0,99.31727857142857,10752.0,514.0,655360.0,3935546311832129.5,33.92966785714285,0.40871899999999994,78.57142857142857,86619.42857142857
32000.0,512000.0,256.0,64.0,2.0,4.0,30.0,24.0,5.0,4.0,6.0,5.0,2.0,6.0,5.0,4.0,6.0,4.0,1.0,4.0,6.0,6.0,1.0,6.0,5.0,4.0,1.0,2.0,5.0,5.0,6.0,6.0,4.0,24.0,1.0,128.0,384.0,1.0,1.0,1.0,1.0,1.0,1.0,1.0,4.0,4.0,5.0,2.0,3.0,6.0,2.0,4.0,2.0,6.0,1.0,1.0,3.0,1.0,6.0,4.0,6.0,2.0,64.0,4.0,1.0,4.0,4.0,1.0,32.0,128.0,1.0,1.0,1.0,1.0,6.0,2.0,3.0,4.0,6.0,5.0,3.0,5.0,3.0,3.0,6.0,1.0,4.0,5.0,2.0,4.0,5.0,5.0,64.0,4.0,1.0,64.0,4.0,1.0,64.0,16.0,1.0,1.0,1.0,1.0,4.0,4.0,4.0,2.0,2.0,5.0,3.0,2.0,3.0,5.0,3.0,3.0,4.0,4.0,2.0,5.0,3.0,1.0,3.0,2.0,1.0,48.0,6.0,1.0,1.0,1.0,1.0,1.0,1.0,1.0,2.0,1.0,6.0,5.0,4.0,4.0,1.0,1.0,1.0,4.0,3.0,5.0,3.0,3.0,4.0,6.0,2.0,4.0,64.0,48.0,1.0,384.0,2.0,1.0,1.0,1.0,1.0,1.0,1.0,1.0,2.0,6.0,5.0,5.0,5.0,4.0,1.0,5.0,6.0,6.0,6.0,1.0,2.0,2.0,4.0,5.0,1.0,3.0,32.0,192.0,1.0,8.0,4.0,1.0,1.0,1.0,1.0,1.0,1.0,1.0,10948503312.0,28041704.0,541856000.0,3.4835775000000004,720.0,514.0,34816.0,3.0701468911812365e+17,3.5714285714285716,0.8887426000000002,78.57142857142857,3463.714285714286
16000.0,128000.0,256.0,64.0,1.0,32.0,48.0,26.0,1.0,4.0,4.0,4.0,6.0,6.0,1.0,3.0,6.0,4.0,3.0,6.0,3.0,2.0,1.0,5.0,1.0,2.0,1.0,6.0,4.0,6.0,2.0,6.0,192.0,24.0,1.0,18.0,8.0,1.0,1.0,1.0,1.0,1.0,1.0,1.0,5.0,2.0,6.0,5.0,2.0,1.0,3.0,3.0,5.0,6.0,3.0,6.0,1.0,4.0,5.0,5.0,3.0,5.0,8.0,4.0,1.0,1.0,1.0,1.0,1.0,16.0,1.0,1.0,1.0,1.0,3.0,2.0,4.0,4.0,5.0,5.0,4.0,1.0,2.0,5.0,4.0,5.0,6.0,3.0,5.0,6.0,1.0,5.0,2.0,4.0,1.0,2.0,4.0,1.0,16.0,8.0,1.0,1.0,1.0,1.0,3.0,1.0,1.0,1.0,5.0,6.0,2.0,2.0,4.0,6.0,4.0,5.0,3.0,3.0,1.0,4.0,6.0,6.0,64.0,96.0,1.0,48.0,32.0,1.0,1.0,1.0,1.0,1.0,1.0,1.0,4.0,2.0,2.0,6.0,2.0,5.0,2.0,2.0,6.0,4.0,5.0,5.0,3.0,3.0,6.0,5.0,4.0,2.0,3.0,64.0,1.0,1536.0,128.0,1.0,1.0,1.0,1.0,1.0,1.0,1.0,6.0,4.0,1.0,1.0,2.0,3.0,6.0,4.0,2.0,1.0,5.0,3.0,5.0,3.0,3.0,3.0,6.0,4.0,768.0,4.0,1.0,8.0,2.0,1.0,1.0,1.0,1.0,1.0,1.0,1.0,11173626192.0,80720124.0,11088400.0,0.12342900000000001,26.0,514.0,514.0,9.019364917478879e+17,1.0,1.4222078571428571,78.57142857142857,78.57142857142857
512000.0,1024000.0,256.0,64.0,1.0,24.0,46.0,46.0,6.0,4.0,3.0,4.0,4.0,3.0,3.0,2.0,1.0,3.0,4.0,3.0,2.0,4.0,6.0,4.0,3.0,2.0,5.0,6.0,2.0,3.0,2.0,5.0,32.0,192.0,1.0,144.0,3.0,1.0,1.0,1.0,1.0,1.0,1.0,1.0,2.0,5.0,5.0,6.0,5.0,4.0,4.0,3.0,6.0,1.0,2.0,3.0,1.0,4.0,4.0,3.0,4.0,2.0,32.0,1.0,1.0,64.0,4.0,1.0,64.0,16.0,1.0,1.0,1.0,1.0,2.0,6.0,4.0,3.0,5.0,1.0,4.0,2.0,3.0,2.0,2.0,3.0,6.0,6.0,4.0,3.0,4.0,3.0,16.0,8.0,1.0,8.0,2.0,1.0,64.0,4.0,1.0,1.0,1.0,1.0,4.0,1.0,6.0,1.0,1.0,4.0,5.0,3.0,4.0,5.0,6.0,4.0,4.0,1.0,5.0,2.0,6.0,4.0,4.0,1.0,1.0,2.0,6.0,1.0,1.0,1.0,1.0,1.0,1.0,1.0,6.0,2.0,1.0,3.0,3.0,3.0,5.0,2.0,2.0,4.0,5.0,1.0,2.0,2.0,2.0,1.0,2.0,2.0,4.0,384.0,1.0,8.0,24.0,1.0,1.0,1.0,1.0,1.0,1.0,1.0,3.0,1.0,1.0,3.0,3.0,5.0,1.0,4.0,3.0,5.0,1.0,6.0,4.0,5.0,3.0,4.0,1.0,6.0,2.0,128.0,1.0,64.0,12.0,1.0,1.0,1.0,1.0,1.0,1.0,1.0,247727520.0,49352361.120000005,19515900.0,0.22027185714285719,46.0,514.0,12124.0,1.2225938026402024e+16,38.47787857142857,39.09096714285714,78.57142857142857,1891.4285714285713
2048000.0,16000000.0,256.0,64.0,2.0,18.0,12.0,24.0,3.0,5.0,4.0,2.0,6.0,4.0,5.0,4.0,1.0,1.0,1.0,1.0,6.0,6.0,6.0,4.0,1.0,3.0,4.0,6.0,4.0,5.0,3.0,5.0,16.0,96.0,1.0,768.0,8.0,1.0,1.0,1.0,1.0,1.0,1.0,1.0,3.0,1.0,3.0,1.0,1.0,4.0,6.0,2.0,6.0,1.0,4.0,4.0,2.0,1.0,4.0,5.0,3.0,4.0,16.0,8.0,1.0,128.0,4.0,1.0,1.0,8.0,1.0,1.0,1.0,1.0,6.0,5.0,4.0,5.0,4.0,5.0,2.0,5.0,3.0,3.0,3.0,1.0,6.0,2.0,4.0,3.0,2.0,5.0,4.0,4.0,1.0,64.0,128.0,1.0,32.0,32.0,1.0,1.0,1.0,1.0,2.0,2.0,3.0,6.0,5.0,2.0,1.0,3.0,1.0,6.0,1.0,3.0,3.0,3.0,3.0,1.0,2.0,3.0,4.0,12.0,1.0,12.0,16.0,1.0,1.0,1.0,1.0,1.0,1.0,1.0,4.0,6.0,3.0,5.0,6.0,5.0,4.0,6.0,5.0,1.0,4.0,6.0,2.0,2.0,1.0,1.0,4.0,5.0,48.0,2.0,1.0,1.0,4.0,1.0,1.0,1.0,1.0,1.0,1.0,1.0,4.0,3.0,3.0,5.0,6.0,6.0,1.0,1.0,1.0,6.0,1.0,2.0,2.0,3.0,5.0,3.0,5.0,3.0,3072.0,12.0,1.0,768.0,32.0,1.0,1.0,1.0,1.0,1.0,1.0,1.0,4329714360.0,46576296.10000001,153785000.0,1.347889642857143,288.0,514.0,12032.0,2.0166205805978205e+17,12.178557142857146,3.9600521785714284,78.57142857142857,2957.8571428571427
2048.0,32000000.0,256.0,64.0,2.0,46.0,42.0,42.0,2.0,3.0,4.0,5.0,6.0,3.0,4.0,4.0,1.0,3.0,5.0,5.0,4.0,1.0,3.0,5.0,1.0,3.0,6.0,4.0,5.0,4.0,5.0,5.0,16.0,3.0,1.0,16.0,288.0,1.0,1.0,1.0,1.0,1.0,1.0,1.0,2.0,3.0,6.0,1.0,3.0,1.0,2.0,2.0,3.0,4.0,6.0,3.0,1.0,3.0,2.0,3.0,5.0,6.0,32.0,1.0,1.0,32.0,8.0,1.0,64.0,128.0,1.0,1.0,1.0,1.0,4.0,3.0,3.0,5.0,1.0,4.0,2.0,5.0,6.0,1.0,4.0,1.0,6.0,2.0,2.0,2.0,6.0,2.0,128.0,4.0,1.0,16.0,2.0,1.0,64.0,16.0,1.0,1.0,1.0,1.0,1.0,3.0,2.0,4.0,1.0,6.0,1.0,6.0,3.0,2.0,4.0,1.0,6.0,4.0,4.0,6.0,1.0,5.0,96.0,4.0,1.0,16.0,384.0,1.0,1.0,1.0,1.0,1.0,1.0,1.0,3.0,4.0,6.0,3.0,4.0,3.0,2.0,6.0,3.0,6.0,6.0,3.0,2.0,6.0,3.0,4.0,5.0,6.0,32.0,8.0,1.0,128.0,512.0,1.0,1.0,1.0,1.0,1.0,1.0,1.0,1.0,5.0,1.0,1.0,4.0,6.0,6.0,2.0,1.0,4.0,1.0,5.0,2.0,2.0,6.0,2.0,2.0,3.0,384.0,128.0,1.0,16.0,8.0,1.0,1.0,1.0,1.0,1.0,1.0,1.0,11175709932.0,26161120.240000002,2264960000.0,9.316152857142855,1764.0,514.0,36864.0,2.923690912984143e+17,1.0,0.6869381271428573,78.57142857142857,3587.4285714285716
16000.0,32000.0,256.0,64.0,3.0,34.0,8.0,36.0,4.0,5.0,3.0,2.0,5.0,6.0,4.0,2.0,4.0,1.0,4.0,6.0,6.0,3.0,1.0,1.0,2.0,6.0,5.0,1.0,5.0,6.0,4.0,2.0,2.0,32.0,1.0,192.0,192.0,1.0,1.0,1.0,1.0,1.0,1.0,1.0,2.0,4.0,6.0,1.0,5.0,4.0,5.0,6.0,1.0,1.0,4.0,2.0,6.0,6.0,6.0,6.0,4.0,4.0,32.0,32.0,1.0,16.0,16.0,1.0,2.0,16.0,1.0,1.0,1.0,1.0,4.0,1.0,4.0,1.0,3.0,2.0,4.0,6.0,3.0,1.0,5.0,6.0,1.0,4.0,1.0,2.0,1.0,1.0,64.0,64.0,1.0,8.0,16.0,1.0,16.0,16.0,1.0,1.0,1.0,1.0,4.0,3.0,4.0,4.0,5.0,5.0,3.0,2.0,4.0,5.0,6.0,5.0,5.0,6.0,2.0,1.0,6.0,3.0,32.0,32.0,1.0,12.0,128.0,1.0,1.0,1.0,1.0,1.0,1.0,1.0,5.0,5.0,3.0,3.0,2.0,2.0,2.0,6.0,2.0,2.0,3.0,5.0,1.0,2.0,2.0,3.0,4.0,6.0,768.0,192.0,1.0,384.0,4.0,1.0,1.0,1.0,1.0,1.0,1.0,1.0,3.0,2.0,3.0,6.0,2.0,6.0,6.0,6.0,6.0,3.0,5.0,4.0,1.0,2.0,1.0,1.0,5.0,3.0,3.0,48.0,1.0,24.0,24.0,1.0,1.0,1.0,1.0,1.0,1.0,1.0,7192017276.0,18631370.72,52629800000.0,86.19635714285714,9792.0,514.0,884736.0,1.3399714009380054e+17,1.8214285714285714,0.06399391785714285,78.57142857142857,39652.57142857143
512000.0,64000.0,256.0,64.0,3.0,16.0,28.0,10.0,3.0,6.0,3.0,2.0,4.0,3.0,3.0,4.0,5.0,3.0,1.0,6.0,4.0,1.0,4.0,4.0,1.0,4.0,6.0,3.0,5.0,2.0,5.0,1.0,24.0,24.0,1.0,576.0,36.0,1.0,1.0,1.0,1.0,1.0,1.0,1.0,1.0,3.0,2.0,6.0,3.0,2.0,3.0,2.0,1.0,1.0,4.0,4.0,3.0,5.0,5.0,3.0,6.0,6.0,8.0,16.0,1.0,64.0,16.0,1.0,16.0,128.0,1.0,1.0,1.0,1.0,3.0,4.0,1.0,2.0,2.0,6.0,6.0,2.0,4.0,3.0,5.0,1.0,3.0,2.0,3.0,6.0,1.0,5.0,1.0,128.0,1.0,2.0,8.0,1.0,1.0,16.0,1.0,1.0,1.0,1.0,2.0,2.0,5.0,2.0,3.0,4.0,6.0,6.0,1.0,2.0,4.0,5.0,2.0,3.0,2.0,5.0,4.0,3.0,384.0,64.0,1.0,48.0,2.0,1.0,1.0,1.0,1.0,1.0,1.0,1.0,6.0,6.0,4.0,5.0,1.0,4.0,1.0,4.0,6.0,2.0,4.0,5.0,5.0,5.0,6.0,3.0,1.0,5.0,4.0,768.0,1.0,192.0,128.0,1.0,1.0,1.0,1.0,1.0,1.0,1.0,1.0,2.0,2.0,5.0,3.0,1.0,2.0,6.0,1.0,5.0,1.0,5.0,1.0,6.0,1.0,4.0,1.0,1.0,1024.0,192.0,1.0,2.0,128.0,1.0,1.0,1.0,1.0,1.0,1.0,1.0,234847680.0,18120404.240000002,11952500000.0,30.174078571428566,4480.0,514.0,5701632.0,4255534896426163.5,24.397967857142856,0.1882440357142857,78.57142857142857,354669.71428571426
256.0,64000.0,256.0,64.0,2.0,8.0,42.0,32.0,1.0,1.0,3.0,4.0,1.0,6.0,4.0,5.0,1.0,3.0,4.0,5.0,5.0,2.0,1.0,3.0,3.0,5.0,4.0,3.0,3.0,6.0,2.0,5.0,64.0,6.0,1.0,1.0,96.0,1.0,1.0,1.0,1.0,1.0,1.0,1.0,3.0,1.0,2.0,3.0,6.0,6.0,5.0,3.0,4.0,1.0,4.0,4.0,2.0,6.0,1.0,6.0,3.0,5.0,16.0,32.0,1.0,1.0,4.0,1.0,1.0,128.0,1.0,1.0,1.0,1.0,6.0,1.0,6.0,4.0,4.0,6.0,1.0,6.0,5.0,5.0,5.0,6.0,2.0,2.0,4.0,6.0,5.0,1.0,128.0,128.0,1.0,1.0,4.0,1.0,64.0,1.0,1.0,1.0,1.0,1.0,5.0,6.0,2.0,6.0,3.0,3.0,2.0,4.0,3.0,5.0,3.0,1.0,1.0,1.0,1.0,4.0,5.0,6.0,4.0,3.0,1.0,4.0,6.0,1.0,1.0,1.0,1.0,1.0,1.0,1.0,4.0,1.0,6.0,4.0,5.0,6.0,5.0,1.0,4.0,4.0,1.0,5.0,4.0,6.0,1.0,1.0,4.0,5.0,32.0,768.0,1.0,48.0,6.0,1.0,1.0,1.0,1.0,1.0,1.0,1.0,3.0,3.0,5.0,6.0,4.0,2.0,1.0,5.0,2.0,5.0,1.0,3.0,3.0,2.0,3.0,1.0,1.0,5.0,192.0,3.0,1.0,32.0,3.0,1.0,1.0,1.0,1.0,1.0,1.0,1.0,11191665228.0,34621003.56,1438200000.0,6.845424642857143,1344.0,514.0,10112.0,3.874666817009162e+17,1.0,0.8596731,78.57142857142857,794.5
128.0,512000.0,256.0,64.0,3.0,28.0,16.0,2.0,4.0,6.0,4.0,2.0,6.0,1.0,4.0,6.0,2.0,4.0,1.0,2.0,5.0,4.0,1.0,3.0,4.0,4.0,6.0,1.0,1.0,4.0,6.0,3.0,192.0,96.0,1.0,384.0,128.0,1.0,1.0,1.0,1.0,1.0,1.0,1.0,4.0,2.0,4.0,5.0,2.0,2.0,5.0,4.0,4.0,2.0,1.0,6.0,4.0,5.0,3.0,3.0,1.0,2.0,16.0,32.0,1.0,16.0,4.0,1.0,4.0,16.0,1.0,1.0,1.0,1.0,3.0,4.0,5.0,3.0,2.0,3.0,3.0,2.0,5.0,1.0,5.0,3.0,5.0,2.0,3.0,4.0,6.0,4.0,2.0,64.0,1.0,1.0,1.0,1.0,16.0,2.0,1.0,1.0,1.0,1.0,4.0,6.0,3.0,1.0,6.0,6.0,2.0,2.0,4.0,1.0,4.0,4.0,1.0,2.0,2.0,2.0,4.0,1.0,192.0,32.0,1.0,64.0,1.0,1.0,1.0,1.0,1.0,1.0,1.0,1.0,3.0,2.0,2.0,2.0,6.0,6.0,5.0,1.0,4.0,4.0,2.0,5.0,1.0,3.0,6.0,4.0,1.0,4.0,32.0,3.0,1.0,64.0,8.0,1.0,1.0,1.0,1.0,1.0,1.0,1.0,1.0,4.0,2.0,6.0,2.0,4.0,4.0,4.0,3.0,2.0,1.0,3.0,5.0,6.0,1.0,6.0,2.0,4.0,128.0,8.0,1.0,12.0,256.0,1.0,1.0,1.0,1.0,1.0,1.0,1.0,981645984.0,18391072.72,754635000.0,4.772776071428573,896.0,514.0,1425408.0,1.8053522677039956e+16,31.624674999999996,1.2991070249999999,78.57142857142857,111561.14285714286
8192.0,32000.0,256.0,64.0,3.0,44.0,8.0,16.0,3.0,1.0,5.0,1.0,4.0,3.0,6.0,2.0,2.0,1.0,1.0,4.0,6.0,2.0,1.0,6.0,6.0,6.0,4.0,6.0,3.0,4.0,5.0,1.0,3.0,192.0,1.0,6.0,48.0,1.0,1.0,1.0,1.0,1.0,1.0,1.0,1.0,1.0,4.0,1.0,6.0,2.0,3.0,6.0,1.0,3.0,3.0,3.0,1.0,3.0,5.0,5.0,1.0,3.0,1.0,32.0,1.0,64.0,16.0,1.0,128.0,1.0,1.0,1.0,1.0,1.0,6.0,5.0,5.0,5.0,3.0,4.0,3.0,2.0,3.0,3.0,4.0,3.0,5.0,6.0,5.0,3.0,4.0,5.0,2.0,4.0,1.0,32.0,64.0,1.0,32.0,4.0,1.0,1.0,1.0,1.0,3.0,5.0,1.0,2.0,3.0,1.0,4.0,2.0,4.0,3.0,4.0,6.0,5.0,6.0,4.0,3.0,3.0,1.0,16.0,2.0,1.0,768.0,96.0,1.0,1.0,1.0,1.0,1.0,1.0,1.0,5.0,5.0,6.0,1.0,3.0,4.0,5.0,2.0,3.0,6.0,4.0,1.0,3.0,6.0,2.0,1.0,3.0,3.0,1.0,96.0,1.0,1024.0,128.0,1.0,1.0,1.0,1.0,1.0,1.0,1.0,2.0,5.0,3.0,6.0,2.0,6.0,6.0,1.0,5.0,6.0,5.0,6.0,1.0,4.0,6.0,6.0,1.0,3.0,192.0,16.0,1.0,12.0,64.0,1.0,1.0,1.0,1.0,1.0,1.0,1.0,5411998032.0,18638643.099999998,18331400000.0,39.40025714285714,5632.0,514.0,483328.0,1.0087229977635037e+17,2.9285714285714284,0.4187127964285714,78.57142857142857,47616.0
256000.0,16000.0,256.0,64.0,2.0,12.0,34.0,16.0,5.0,2.0,6.0,4.0,2.0,4.0,6.0,5.0,1.0,5.0,2.0,4.0,1.0,2.0,3.0,6.0,5.0,6.0,4.0,6.0,1.0,3.0,1.0,1.0,3.0,12.0,1.0,288.0,32.0,1.0,1.0,1.0,1.0,1.0,1.0,1.0,2.0,6.0,2.0,2.0,6.0,3.0,3.0,6.0,3.0,5.0,2.0,5.0,5.0,6.0,3.0,3.0,1.0,5.0,2.0,64.0,1.0,2.0,1.0,1.0,64.0,2.0,1.0,1.0,1.0,1.0,5.0,3.0,4.0,6.0,3.0,6.0,5.0,1.0,6.0,1.0,6.0,5.0,3.0,2.0,3.0,6.0,5.0,1.0,128.0,64.0,1.0,32.0,2.0,1.0,16.0,2.0,1.0,1.0,1.0,1.0,1.0,3.0,2.0,6.0,5.0,3.0,2.0,2.0,5.0,3.0,1.0,5.0,4.0,3.0,5.0,6.0,2.0,3.0,48.0,256.0,1.0,24.0,2.0,1.0,1.0,1.0,1.0,1.0,1.0,1.0,6.0,6.0,1.0,3.0,3.0,3.0,3.0,1.0,1.0,1.0,3.0,1.0,2.0,3.0,3.0,5.0,1.0,6.0,128.0,3.0,1.0,768.0,48.0,1.0,1.0,1.0,1.0,1.0,1.0,1.0,5.0,1.0,1.0,4.0,4.0,4.0,2.0,5.0,2.0,5.0,1.0,6.0,4.0,6.0,5.0,4.0,4.0,1.0,96.0,32.0,1.0,3.0,6.0,1.0,1.0,1.0,1.0,1.0,1.0,1.0,2405954244.0,34230911.64,360791000.0,2.601481071428571,544.0,514.0,13344.0,8.2358007136247e+16,248.21428571428572,23.38303871428571,78.57142857142857,5501.142857142857
16000.0,16000000.0,256.0,64.0,1.0,42.0,42.0,12.0,5.0,4.0,2.0,3.0,2.0,5.0,3.0,1.0,5.0,5.0,2.0,2.0,3.0,1.0,3.0,2.0,3.0,4.0,6.0,3.0,5.0,5.0,1.0,4.0,3.0,6.0,1.0,1.0,2.0,1.0,1.0,1.0,1.0,1.0,1.0,1.0,4.0,4.0,1.0,5.0,4.0,4.0,1.0,5.0,3.0,2.0,6.0,2.0,5.0,2.0,6.0,3.0,1.0,3.0,16.0,64.0,1.0,2.0,128.0,1.0,4.0,4.0,1.0,1.0,1.0,1.0,5.0,1.0,4.0,4.0,4.0,4.0,2.0,3.0,1.0,6.0,6.0,6.0,3.0,3.0,1.0,6.0,2.0,6.0,64.0,64.0,1.0,16.0,128.0,1.0,2.0,16.0,1.0,1.0,1.0,1.0,5.0,6.0,3.0,2.0,2.0,2.0,1.0,1.0,3.0,2.0,5.0,2.0,3.0,2.0,6.0,6.0,1.0,1.0,12.0,6.0,1.0,24.0,8.0,1.0,1.0,1.0,1.0,1.0,1.0,1.0,2.0,5.0,3.0,2.0,6.0,1.0,5.0,2.0,6.0,1.0,6.0,3.0,1.0,3.0,4.0,3.0,4.0,2.0,384.0,8.0,1.0,3.0,48.0,1.0,1.0,1.0,1.0,1.0,1.0,1.0,1.0,3.0,6.0,1.0,2.0,1.0,3.0,6.0,5.0,3.0,6.0,4.0,1.0,6.0,5.0,6.0,5.0,6.0,32.0,1536.0,1.0,6.0,6.0,1.0,1.0,1.0,1.0,1.0,1.0,1.0,933102192.0,57002291.04,5432820.0,0.06201137142857143,12.0,514.0,3352.0,5.318896271844596e+16,11.272757142857145,10.51635107142857,78.57142857142857,521.7142857142857
256.0,64000.0,256.0,64.0,3.0,44.0,42.0,44.0,3.0,1.0,6.0,4.0,3.0,3.0,2.0,5.0,4.0,1.0,2.0,2.0,5.0,6.0,6.0,4.0,4.0,5.0,3.0,5.0,1.0,2.0,3.0,2.0,128.0,2.0,1.0,48.0,18.0,1.0,1.0,1.0,1.0,1.0,1.0,1.0,5.0,5.0,1.0,5.0,2.0,5.0,2.0,3.0,3.0,6.0,4.0,4.0,2.0,1.0,3.0,5.0,6.0,3.0,16.0,8.0,1.0,128.0,64.0,1.0,64.0,64.0,1.0,1.0,1.0,1.0,3.0,4.0,6.0,5.0,5.0,2.0,1.0,6.0,2.0,5.0,1.0,1.0,1.0,2.0,6.0,1.0,5.0,2.0,8.0,128.0,1.0,1.0,32.0,1.0,32.0,8.0,1.0,1.0,1.0,1.0,1.0,6.0,2.0,1.0,5.0,2.0,4.0,6.0,3.0,2.0,1.0,4.0,2.0,4.0,1.0,4.0,5.0,3.0,384.0,384.0,1.0,2.0,6.0,1.0,1.0,1.0,1.0,1.0,1.0,1.0,2.0,4.0,2.0,3.0,6.0,4.0,6.0,3.0,5.0,5.0,5.0,1.0,4.0,3.0,3.0,4.0,3.0,4.0,256.0,24.0,1.0,1536.0,32.0,1.0,1.0,1.0,1.0,1.0,1.0,1.0,6.0,4.0,3.0,1.0,6.0,3.0,2.0,6.0,1.0,6.0,2.0,2.0,3.0,3.0,6.0,5.0,5.0,1.0,1.0,2.0,1.0,16.0,192.0,1.0,1.0,1.0,1.0,1.0,1.0,1.0,5184355752.0,26218182.580000002,3400610000000.0,3262.750714285714,81312.0,514.0,1245184.0,1.3592438566560922e+17,16.202382142857143,0.3682239607142857,78.57142857142857,81892.57142857143
256000.0,128000.0,256.0,64.0,3.0,6.0,34.0,12.0,2.0,6.0,1.0,5.0,1.0,1.0,1.0,5.0,5.0,2.0,6.0,6.0,3.0,3.0,6.0,6.0,1.0,5.0,5.0,6.0,2.0,3.0,3.0,3.0,3.0,8.0,1.0,144.0,16.0,1.0,1.0,1.0,1.0,1.0,1.0,1.0,3.0,6.0,5.0,6.0,6.0,6.0,6.0,3.0,6.0,1.0,4.0,3.0,2.0,4.0,4.0,4.0,1.0,6.0,64.0,8.0,1.0,1.0,64.0,1.0,2.0,4.0,1.0,1.0,1.0,1.0,3.0,5.0,3.0,3.0,2.0,6.0,3.0,2.0,4.0,4.0,3.0,1.0,6.0,4.0,2.0,3.0,2.0,1.0,1.0,64.0,1.0,8.0,128.0,1.0,32.0,64.0,1.0,1.0,1.0,1.0,2.0,3.0,6.0,1.0,3.0,1.0,6.0,4.0,2.0,6.0,3.0,3.0,1.0,1.0,1.0,2.0,6.0,3.0,32.0,96.0,1.0,2.0,384.0,1.0,1.0,1.0,1.0,1.0,1.0,1.0,4.0,1.0,6.0,5.0,2.0,1.0,1.0,1.0,5.0,2.0,3.0,5.0,2.0,1.0,6.0,2.0,6.0,4.0,6.0,96.0,1.0,384.0,192.0,1.0,1.0,1.0,1.0,1.0,1.0,1.0,3.0,2.0,1.0,1.0,1.0,1.0,5.0,2.0,1.0,4.0,6.0,2.0,2.0,2.0,1.0,4.0,3.0,4.0,2.0,64.0,1.0,48.0,2.0,1.0,1.0,1.0,1.0,1.0,1.0,1.0,893343588.0,19593058.479999997,3996330000.0,13.937350000000002,2448.0,514.0,1056768.0,1.7503333162417024e+16,9.857142857142858,0.13058046428571427,78.57142857142857,85412.57142857143
1024.0,64000.0,256.0,64.0,2.0,30.0,24.0,46.0,2.0,4.0,5.0,1.0,2.0,2.0,3.0,6.0,5.0,3.0,4.0,6.0,5.0,3.0,5.0,5.0,6.0,1.0,1.0,6.0,4.0,2.0,6.0,4.0,96.0,4.0,1.0,48.0,96.0,1.0,1.0,1.0,1.0,1.0,1.0,1.0,4.0,6.0,6.0,3.0,2.0,6.0,1.0,5.0,5.0,1.0,1.0,2.0,1.0,2.0,2.0,3.0,1.0,5.0,16.0,16.0,1.0,32.0,1.0,1.0,4.0,8.0,1.0,1.0,1.0,1.0,2.0,6.0,3.0,1.0,2.0,4.0,5.0,2.0,3.0,2.0,2.0,3.0,5.0,2.0,5.0,3.0,2.0,3.0,2.0,1.0,1.0,1.0,4.0,1.0,1.0,2.0,1.0,1.0,1.0,1.0,5.0,6.0,2.0,1.0,3.0,3.0,5.0,2.0,6.0,5.0,2.0,4.0,2.0,1.0,5.0,5.0,2.0,3.0,24.0,192.0,1.0,3.0,64.0,1.0,1.0,1.0,1.0,1.0,1.0,1.0,3.0,4.0,5.0,6.0,3.0,3.0,2.0,3.0,1.0,1.0,3.0,2.0,2.0,3.0,4.0,5.0,2.0,1.0,48.0,768.0,1.0,16.0,48.0,1.0,1.0,1.0,1.0,1.0,1.0,1.0,5.0,5.0,3.0,3.0,2.0,4.0,5.0,5.0,5.0,3.0,4.0,3.0,4.0,1.0,3.0,5.0,4.0,5.0,48.0,128.0,1.0,8.0,128.0,1.0,1.0,1.0,1.0,1.0,1.0,1.0,1118775228.0,23671423.720000003,1046490000.0,5.517389642857141,1104.0,514.0,17920.0,2.6483002469427612e+16,17.82141428571429,10.486617214285713,78.57142857142857,3375.1428571428573
128.0,2048000.0,256.0,64.0,2.0,6.0,12.0,32.0,2.0,6.0,1.0,6.0,3.0,5.0,6.0,5.0,3.0,1.0,6.0,2.0,3.0,1.0,1.0,6.0,4.0,6.0,6.0,6.0,2.0,1.0,2.0,3.0,3.0,6.0,1.0,1152.0,256.0,1.0,1.0,1.0,1.0,1.0,1.0,1.0,3.0,5.0,4.0,4.0,4.0,2.0,3.0,5.0,4.0,5.0,3.0,3.0,3.0,4.0,2.0,2.0,1.0,5.0,8.0,16.0,1.0,32.0,1.0,1.0,8.0,1.0,1.0,1.0,1.0,1.0,4.0,3.0,5.0,1.0,6.0,4.0,6.0,6.0,3.0,5.0,2.0,6.0,4.0,5.0,4.0,1.0,4.0,4.0,1.0,4.0,1.0,128.0,128.0,1.0,16.0,32.0,1.0,1.0,1.0,1.0,5.0,2.0,2.0,2.0,6.0,4.0,6.0,6.0,2.0,4.0,5.0,5.0,5.0,6.0,2.0,1.0,6.0,5.0,12.0,128.0,1.0,12.0,32.0,1.0,1.0,1.0,1.0,1.0,1.0,1.0,3.0,3.0,6.0,2.0,3.0,3.0,4.0,6.0,5.0,3.0,4.0,6.0,4.0,3.0,2.0,3.0,2.0,3.0,16.0,6.0,1.0,192.0,768.0,1.0,1.0,1.0,1.0,1.0,1.0,1.0,1.0,5.0,6.0,6.0,1.0,3.0,3.0,1.0,4.0,1.0,3.0,3.0,5.0,4.0,5.0,6.0,1.0,4.0,48.0,1536.0,1.0,32.0,64.0,1.0,1.0,1.0,1.0,1.0,1.0,1.0,1307580996.0,25755494.8,223648000.0,1.9707735714285717,384.0,514.0,619008.0,3.367739554305682e+16,6.832267857142857,4.892070750000001,78.57142857142857,50147.42857142857
512000.0,256000.0,256.0,64.0,1.0,40.0,26.0,40.0,1.0,6.0,4.0,4.0,5.0,5.0,4.0,1.0,2.0,4.0,6.0,1.0,3.0,1.0,6.0,1.0,2.0,3.0,5.0,2.0,2.0,5.0,5.0,6.0,2.0,384.0,1.0,16.0,1.0,1.0,1.0,1.0,1.0,1.0,1.0,1.0,3.0,5.0,4.0,2.0,1.0,1.0,4.0,5.0,4.0,4.0,6.0,3.0,5.0,1.0,2.0,3.0,1.0,6.0,2.0,4.0,1.0,16.0,1.0,1.0,4.0,8.0,1.0,1.0,1.0,1.0,6.0,5.0,3.0,5.0,1.0,3.0,4.0,4.0,2.0,3.0,4.0,5.0,5.0,1.0,3.0,2.0,6.0,3.0,128.0,1.0,1.0,128.0,32.0,1.0,4.0,1.0,1.0,1.0,1.0,1.0,3.0,3.0,4.0,4.0,6.0,3.0,3.0,4.0,1.0,3.0,4.0,4.0,6.0,6.0,2.0,3.0,2.0,4.0,128.0,256.0,1.0,1.0,384.0,1.0,1.0,1.0,1.0,1.0,1.0,1.0,1.0,2.0,6.0,5.0,1.0,6.0,6.0,4.0,6.0,6.0,2.0,3.0,5.0,2.0,4.0,3.0,2.0,1.0,64.0,24.0,1.0,1024.0,6.0,1.0,1.0,1.0,1.0,1.0,1.0,1.0,3.0,3.0,5.0,5.0,4.0,1.0,6.0,2.0,6.0,1.0,6.0,3.0,5.0,2.0,6.0,6.0,1.0,4.0,8.0,512.0,1.0,128.0,32.0,1.0,1.0,1.0,1.0,1.0,1.0,1.0,286654800.0,66940475.51999999,16945000.0,0.19222442857142857,40.0,514.0,10576.0,1.9188808622090492e+16,33.015007142857144,33.017535714285714,78.57142857142857,1649.7142857142858
32000.0,128000.0,256.0,64.0,1.0,48.0,44.0,6.0,3.0,3.0,4.0,5.0,3.0,6.0,5.0,6.0,5.0,1.0,2.0,4.0,3.0,5.0,2.0,1.0,1.0,1.0,1.0,3.0,1.0,5.0,3.0,4.0,32.0,384.0,1.0,18.0,48.0,1.0,1.0,1.0,1.0,1.0,1.0,1.0,1.0,1.0,1.0,2.0,5.0,4.0,3.0,2.0,5.0,4.0,2.0,2.0,5.0,1.0,5.0,4.0,3.0,5.0,32.0,64.0,1.0,1.0,16.0,1.0,64.0,2.0,1.0,1.0,1.0,1.0,4.0,3.0,4.0,3.0,5.0,4.0,6.0,4.0,6.0,3.0,4.0,2.0,6.0,2.0,5.0,6.0,3.0,2.0,8.0,2.0,1.0,2.0,32.0,1.0,4.0,64.0,1.0,1.0,1.0,1.0,6.0,5.0,2.0,6.0,4.0,3.0,4.0,1.0,1.0,5.0,4.0,1.0,2.0,3.0,6.0,1.0,6.0,5.0,2.0,256.0,1.0,3.0,48.0,1.0,1.0,1.0,1.0,1.0,1.0,1.0,5.0,4.0,6.0,6.0,2.0,1.0,6.0,5.0,5.0,1.0,3.0,1.0,3.0,1.0,6.0,6.0,4.0,5.0,24.0,384.0,1.0,2.0,16.0,1.0,1.0,1.0,1.0,1.0,1.0,1.0,3.0,3.0,1.0,3.0,1.0,6.0,4.0,2.0,2.0,2.0,6.0,2.0,4.0,4.0,4.0,3.0,5.0,1.0,96.0,64.0,1.0,192.0,3.0,1.0,1.0,1.0,1.0,1.0,1.0,1.0,11173626192.0,84243415.2,3069750.0,0.033505700000000006,6.0,514.0,514.0,9.41304430582251e+17,1.0,1.0006346428571427,78.57142857142857,78.57142857142857
16000.0,128000.0,256.0,64.0,2.0,36.0,18.0,24.0,6.0,4.0,4.0,5.0,4.0,5.0,5.0,1.0,4.0,4.0,6.0,3.0,3.0,4.0,1.0,3.0,4.0,3.0,2.0,6.0,5.0,6.0,6.0,5.0,1.0,1.0,1.0,1.0,64.0,1.0,1.0,1.0,1.0,1.0,1.0,1.0,4.0,6.0,6.0,4.0,5.0,2.0,4.0,3.0,1.0,4.0,5.0,6.0,4.0,3.0,3.0,2.0,3.0,2.0,1.0,8.0,1.0,2.0,64.0,1.0,8.0,1.0,1.0,1.0,1.0,1.0,4.0,5.0,4.0,5.0,1.0,2.0,6.0,3.0,3.0,2.0,5.0,1.0,6.0,5.0,5.0,1.0,5.0,1.0,1.0,2.0,1.0,32.0,8.0,1.0,64.0,64.0,1.0,1.0,1.0,1.0,3.0,2.0,3.0,3.0,2.0,2.0,2.0,3.0,3.0,2.0,6.0,1.0,5.0,4.0,4.0,4.0,1.0,5.0,1.0,16.0,1.0,6.0,48.0,1.0,1.0,1.0,1.0,1.0,1.0,1.0,4.0,2.0,2.0,6.0,3.0,1.0,3.0,5.0,2.0,3.0,3.0,2.0,5.0,4.0,2.0,5.0,2.0,6.0,2.0,3.0,1.0,192.0,6.0,1.0,1.0,1.0,1.0,1.0,1.0,1.0,5.0,4.0,6.0,5.0,5.0,5.0,2.0,2.0,1.0,6.0,4.0,4.0,6.0,5.0,4.0,2.0,6.0,1.0,48.0,24.0,1.0,6.0,16.0,1.0,1.0,1.0,1.0,1.0,1.0,1.0,662027880.0,35211777.239999995,262018000.0,2.0535664285714286,432.0,514.0,117312.0,2.331117823722945e+16,16.184839285714286,3.5952751428571426,78.57142857142857,6589.0
32000.0,64000.0,256.0,64.0,3.0,2.0,14.0,32.0,2.0,1.0,1.0,1.0,3.0,6.0,4.0,5.0,1.0,6.0,6.0,3.0,5.0,5.0,3.0,4.0,1.0,1.0,4.0,1.0,1.0,2.0,1.0,1.0,96.0,128.0,1.0,32.0,36.0,1.0,1.0,1.0,1.0,1.0,1.0,1.0,2.0,5.0,3.0,2.0,1.0,2.0,5.0,3.0,1.0,4.0,2.0,5.0,1.0,6.0,6.0,6.0,5.0,5.0,8.0,8.0,1.0,32.0,128.0,1.0,64.0,64.0,1.0,1.0,1.0,1.0,4.0,5.0,1.0,4.0,4.0,4.0,2.0,3.0,3.0,2.0,5.0,1.0,3.0,1.0,6.0,3.0,6.0,2.0,128.0,128.0,1.0,16.0,128.0,1.0,8.0,8.0,1.0,1.0,1.0,1.0,1.0,6.0,2.0,1.0,4.0,2.0,4.0,1.0,6.0,6.0,5.0,3.0,1.0,1.0,2.0,1.0,3.0,2.0,192.0,24.0,1.0,6.0,192.0,1.0,1.0,1.0,1.0,1.0,1.0,1.0,1.0,1.0,5.0,3.0,3.0,5.0,2.0,6.0,1.0,6.0,5.0,6.0,1.0,3.0,2.0,1.0,4.0,6.0,3.0,384.0,1.0,256.0,24.0,1.0,1.0,1.0,1.0,1.0,1.0,1.0,2.0,5.0,4.0,1.0,6.0,6.0,6.0,1.0,2.0,4.0,1.0,5.0,3.0,2.0,3.0,1.0,5.0,2.0,12.0,1.0,1.0,6.0,6.0,1.0,1.0,1.0,1.0,1.0,1.0,1.0,4985329932.0,22291276.799999997,754524000.0,4.543667142857141,896.0,514.0,360448.0,1.1112936945353717e+17,19.285714285714285,0.6350213928571429,78.57142857142857,45152.57142857143
32000.0,32000000.0,256.0,64.0,3.0,48.0,14.0,44.0,2.0,5.0,3.0,3.0,3.0,1.0,2.0,6.0,3.0,5.0,2.0,3.0,4.0,1.0,4.0,2.0,6.0,4.0,2.0,4.0,1.0,3.0,5.0,4.0,256.0,384.0,1.0,576.0,384.0,1.0,1.0,1.0,1.0,1.0,1.0,1.0,3.0,5.0,5.0,3.0,1.0,5.0,1.0,1.0,3.0,2.0,6.0,3.0,5.0,4.0,2.0,3.0,1.0,3.0,32.0,16.0,1.0,8.0,1.0,1.0,4.0,1.0,1.0,1.0,1.0,1.0,1.0,3.0,4.0,4.0,2.0,2.0,6.0,1.0,5.0,6.0,5.0,5.0,3.0,1.0,4.0,4.0,3.0,3.0,16.0,128.0,1.0,4.0,1.0,1.0,2.0,1.0,1.0,1.0,1.0,1.0,3.0,2.0,1.0,5.0,5.0,5.0,5.0,2.0,5.0,1.0,6.0,6.0,1.0,3.0,6.0,3.0,5.0,2.0,3.0,768.0,1.0,4.0,1.0,1.0,1.0,1.0,1.0,1.0,1.0,1.0,2.0,3.0,1.0,3.0,1.0,2.0,2.0,3.0,2.0,1.0,3.0,2.0,3.0,1.0,1.0,6.0,6.0,4.0,3.0,8.0,1.0,32.0,16.0,1.0,1.0,1.0,1.0,1.0,1.0,1.0,1.0,6.0,5.0,1.0,6.0,1.0,2.0,4.0,6.0,2.0,2.0,6.0,1.0,4.0,5.0,2.0,1.0,1.0,3072.0,3072.0,1.0,2.0,256.0,1.0,1.0,1.0,1.0,1.0,1.0,1.0,1987133040.0,19773354.919999998,456906000000.0,517.2027857142857,29568.0,514.0,5636096.0,3.929228687317855e+16,58.535714285714285,4.581847499999999,78.57142857142857,336605.71428571426
256000.0,16000.0,256.0,64.0,3.0,42.0,48.0,14.0,4.0,6.0,4.0,5.0,3.0,1.0,4.0,5.0,4.0,5.0,2.0,1.0,2.0,2.0,4.0,5.0,1.0,6.0,6.0,6.0,4.0,6.0,5.0,3.0,768.0,24.0,1.0,2304.0,96.0,1.0,1.0,1.0,1.0,1.0,1.0,1.0,3.0,3.0,1.0,3.0,6.0,2.0,2.0,1.0,6.0,2.0,4.0,5.0,2.0,3.0,5.0,1.0,1.0,4.0,4.0,2.0,1.0,64.0,32.0,1.0,2.0,8.0,1.0,1.0,1.0,1.0,5.0,4.0,2.0,4.0,4.0,6.0,2.0,3.0,4.0,5.0,5.0,5.0,6.0,2.0,6.0,2.0,5.0,2.0,16.0,128.0,1.0,128.0,32.0,1.0,1.0,4.0,1.0,1.0,1.0,1.0,5.0,4.0,5.0,6.0,3.0,6.0,4.0,1.0,2.0,5.0,5.0,2.0,1.0,6.0,1.0,5.0,3.0,4.0,16.0,1.0,1.0,384.0,96.0,1.0,1.0,1.0,1.0,1.0,1.0,1.0,6.0,4.0,5.0,4.0,1.0,4.0,5.0,2.0,1.0,4.0,6.0,1.0,1.0,5.0,2.0,6.0,6.0,1.0,4.0,1.0,1.0,1024.0,2.0,1.0,1.0,1.0,1.0,1.0,1.0,1.0,4.0,4.0,6.0,3.0,5.0,6.0,5.0,4.0,3.0,5.0,5.0,4.0,5.0,2.0,5.0,4.0,4.0,1.0,96.0,6.0,1.0,384.0,96.0,1.0,1.0,1.0,1.0,1.0,1.0,1.0,2252014020.0,20450751.159999996,416806000000.0,476.67003571428575,28224.0,514.0,4325376.0,4.6055378331851256e+16,6.178571428571429,0.28143602500000003,78.57142857142857,204132.57142857142
2048.0,8192000.0,256.0,64.0,2.0,14.0,8.0,30.0,5.0,2.0,4.0,4.0,1.0,1.0,4.0,4.0,3.0,2.0,5.0,4.0,6.0,4.0,2.0,2.0,5.0,4.0,1.0,2.0,4.0,4.0,3.0,5.0,2.0,768.0,1.0,9.0,16.0,1.0,1.0,1.0,1.0,1.0,1.0,1.0,2.0,5.0,4.0,3.0,6.0,5.0,5.0,5.0,5.0,4.0,3.0,3.0,3.0,5.0,2.0,3.0,3.0,6.0,4.0,2.0,1.0,8.0,64.0,1.0,4.0,4.0,1.0,1.0,1.0,1.0,1.0,5.0,3.0,2.0,1.0,3.0,4.0,5.0,5.0,6.0,2.0,3.0,4.0,4.0,6.0,1.0,6.0,3.0,16.0,8.0,1.0,1.0,128.0,1.0,2.0,32.0,1.0,1.0,1.0,1.0,1.0,5.0,4.0,6.0,2.0,1.0,5.0,5.0,1.0,3.0,1.0,3.0,2.0,2.0,1.0,6.0,2.0,2.0,192.0,6.0,1.0,768.0,256.0,1.0,1.0,1.0,1.0,1.0,1.0,1.0,5.0,5.0,1.0,4.0,1.0,6.0,2.0,3.0,3.0,2.0,2.0,5.0,2.0,1.0,4.0,3.0,1.0,1.0,1.0,1.0,1.0,32.0,512.0,1.0,1.0,1.0,1.0,1.0,1.0,1.0,3.0,5.0,5.0,5.0,5.0,2.0,3.0,5.0,4.0,4.0,1.0,5.0,6.0,6.0,1.0,4.0,6.0,2.0,16.0,128.0,1.0,3.0,16.0,1.0,1.0,1.0,1.0,1.0,1.0,1.0,1374919296.0,27407635.699999996,122417000.0,1.1309060714285715,240.0,514.0,102400.0,3.768328718166846e+16,21.714285714285715,9.389488607142859,78.57142857142857,5863.428571428572
1024.0,512000.0,256.0,64.0,2.0,18.0,4.0,48.0,3.0,3.0,4.0,1.0,4.0,5.0,4.0,2.0,6.0,3.0,2.0,3.0,5.0,2.0,6.0,2.0,1.0,3.0,5.0,1.0,2.0,5.0,6.0,5.0,256.0,24.0,1.0,2304.0,16.0,1.0,1.0,1.0,1.0,1.0,1.0,1.0,6.0,4.0,4.0,4.0,1.0,3.0,1.0,3.0,1.0,1.0,1.0,2.0,3.0,2.0,6.0,1.0,5.0,6.0,4.0,8.0,1.0,2.0,128.0,1.0,4.0,1.0,1.0,1.0,1.0,1.0,5.0,6.0,4.0,6.0,1.0,5.0,6.0,4.0,4.0,4.0,5.0,6.0,1.0,2.0,2.0,3.0,5.0,1.0,32.0,2.0,1.0,32.0,16.0,1.0,4.0,32.0,1.0,1.0,1.0,1.0,3.0,6.0,3.0,5.0,6.0,3.0,1.0,4.0,1.0,5.0,6.0,5.0,3.0,4.0,4.0,6.0,1.0,1.0,128.0,8.0,1.0,384.0,256.0,1.0,1.0,1.0,1.0,1.0,1.0,1.0,4.0,5.0,6.0,4.0,5.0,6.0,5.0,4.0,4.0,2.0,5.0,6.0,6.0,5.0,1.0,3.0,6.0,2.0,192.0,64.0,1.0,48.0,128.0,1.0,1.0,1.0,1.0,1.0,1.0,1.0,4.0,4.0,6.0,6.0,2.0,6.0,4.0,1.0,4.0,5.0,2.0,1.0,5.0,3.0,1.0,1.0,1.0,1.0,512.0,3.0,1.0,32.0,768.0,1.0,1.0,1.0,1.0,1.0,1.0,1.0,11080797696.0,24949337.019999996,93385000.0,0.9016405714285715,192.0,514.0,71680.0,2.7645855616794346e+17,2.2857142857142856,1.0424009107142858,78.57142857142857,4624.571428571428
256.0,16000000.0,256.0,64.0,3.0,20.0,8.0,46.0,3.0,1.0,5.0,5.0,6.0,1.0,6.0,2.0,3.0,6.0,3.0,4.0,4.0,6.0,1.0,3.0,3.0,3.0,5.0,2.0,6.0,3.0,5.0,6.0,24.0,2.0,1.0,48.0,32.0,1.0,1.0,1.0,1.0,1.0,1.0,1.0,2.0,4.0,3.0,2.0,6.0,4.0,6.0,5.0,6.0,2.0,1.0,5.0,4.0,2.0,1.0,1.0,6.0,1.0,4.0,1.0,1.0,64.0,2.0,1.0,1.0,2.0,1.0,1.0,1.0,1.0,6.0,5.0,4.0,1.0,2.0,1.0,4.0,3.0,6.0,1.0,4.0,5.0,6.0,1.0,4.0,2.0,3.0,3.0,2.0,16.0,1.0,32.0,64.0,1.0,16.0,16.0,1.0,1.0,1.0,1.0,2.0,3.0,5.0,6.0,2.0,3.0,3.0,1.0,6.0,1.0,3.0,5.0,2.0,2.0,5.0,3.0,2.0,6.0,24.0,3.0,1.0,128.0,96.0,1.0,1.0,1.0,1.0,1.0,1.0,1.0,3.0,5.0,2.0,5.0,6.0,4.0,2.0,3.0,5.0,6.0,6.0,4.0,2.0,1.0,3.0,3.0,6.0,3.0,256.0,192.0,1.0,256.0,1024.0,1.0,1.0,1.0,1.0,1.0,1.0,1.0,4.0,6.0,5.0,5.0,5.0,2.0,6.0,3.0,3.0,1.0,1.0,3.0,2.0,5.0,5.0,1.0,2.0,1.0,96.0,64.0,1.0,6.0,192.0,1.0,1.0,1.0,1.0,1.0,1.0,1.0,11137050972.0,19191478.859999996,30436800000.0,56.979214285714285,7360.0,514.0,851968.0,2.1373647829188042e+17,1.4285714285714286,0.30017655,78.57142857142857,39037.71428571428
8192.0,256000.0,256.0,64.0,2.0,38.0,6.0,34.0,2.0,4.0,4.0,5.0,2.0,3.0,1.0,5.0,1.0,2.0,4.0,2.0,6.0,4.0,6.0,6.0,2.0,3.0,6.0,6.0,2.0,1.0,5.0,5.0,64.0,768.0,1.0,1.0,192.0,1.0,1.0,1.0,1.0,1.0,1.0,1.0,1.0,1.0,6.0,1.0,3.0,2.0,6.0,1.0,1.0,1.0,5.0,6.0,4.0,3.0,1.0,6.0,3.0,4.0,16.0,32.0,1.0,4.0,2.0,1.0,8.0,2.0,1.0,1.0,1.0,1.0,4.0,4.0,3.0,1.0,6.0,2.0,5.0,6.0,2.0,4.0,6.0,6.0,3.0,4.0,4.0,4.0,1.0,6.0,1.0,64.0,1.0,1.0,8.0,1.0,32.0,32.0,1.0,1.0,1.0,1.0,1.0,2.0,3.0,6.0,5.0,2.0,4.0,3.0,4.0,1.0,1.0,3.0,2.0,1.0,1.0,6.0,5.0,3.0,256.0,128.0,1.0,2.0,12.0,1.0,1.0,1.0,1.0,1.0,1.0,1.0,6.0,6.0,1.0,3.0,2.0,2.0,2.0,5.0,3.0,4.0,6.0,2.0,6.0,5.0,5.0,5.0,6.0,1.0,3.0,2.0,1.0,6.0,3072.0,1.0,1.0,1.0,1.0,1.0,1.0,1.0,3.0,3.0,1.0,4.0,5.0,2.0,2.0,2.0,4.0,2.0,6.0,3.0,5.0,6.0,6.0,3.0,3.0,2.0,6.0,96.0,1.0,1.0,4.0,1.0,1.0,1.0,1.0,1.0,1.0,1.0,7639761408.0,32771909.919999998,100418000.0,0.9488450000000002,204.0,514.0,33792.0,2.5036957267326835e+17,1.6428571428571428,0.9515032428571427,78.57142857142857,2058.1428571428573
128.0,4096000.0,256.0,64.0,1.0,16.0,46.0,32.0,1.0,6.0,5.0,2.0,3.0,5.0,1.0,3.0,1.0,1.0,2.0,4.0,4.0,1.0,6.0,5.0,1.0,4.0,3.0,3.0,3.0,5.0,3.0,4.0,96.0,2.0,1.0,36.0,4.0,1.0,1.0,1.0,1.0,1.0,1.0,1.0,5.0,6.0,6.0,3.0,5.0,1.0,5.0,3.0,1.0,3.0,1.0,5.0,3.0,2.0,4.0,1.0,3.0,1.0,16.0,32.0,1.0,2.0,64.0,1.0,16.0,64.0,1.0,1.0,1.0,1.0,4.0,5.0,4.0,5.0,5.0,4.0,6.0,2.0,5.0,2.0,6.0,3.0,3.0,5.0,4.0,1.0,4.0,1.0,8.0,2.0,1.0,1.0,128.0,1.0,2.0,4.0,1.0,1.0,1.0,1.0,4.0,5.0,3.0,5.0,1.0,6.0,2.0,1.0,2.0,6.0,1.0,2.0,2.0,1.0,1.0,1.0,2.0,6.0,1.0,768.0,1.0,1.0,768.0,1.0,1.0,1.0,1.0,1.0,1.0,1.0,1.0,5.0,3.0,1.0,6.0,4.0,2.0,6.0,4.0,3.0,6.0,3.0,3.0,3.0,3.0,3.0,2.0,5.0,32.0,2.0,1.0,192.0,4.0,1.0,1.0,1.0,1.0,1.0,1.0,1.0,5.0,3.0,3.0,3.0,4.0,6.0,4.0,2.0,3.0,6.0,5.0,2.0,5.0,6.0,2.0,5.0,5.0,4.0,64.0,2.0,1.0,24.0,12.0,1.0,1.0,1.0,1.0,1.0,1.0,1.0,349176144.0,67890372.0,13574300.0,0.154875,32.0,514.0,8512.0,2.370569830968557e+16,32.0,32.5307,78.57142857142857,1327.4285714285713
256000.0,16000000.0,256.0,64.0,3.0,8.0,18.0,32.0,3.0,4.0,5.0,2.0,4.0,5.0,4.0,2.0,5.0,2.0,1.0,4.0,4.0,2.0,4.0,6.0,6.0,5.0,3.0,1.0,2.0,1.0,5.0,5.0,2.0,128.0,1.0,288.0,4.0,1.0,1.0,1.0,1.0,1.0,1.0,1.0,2.0,2.0,3.0,6.0,3.0,2.0,4.0,5.0,5.0,4.0,4.0,2.0,6.0,3.0,4.0,2.0,3.0,5.0,32.0,16.0,1.0,1.0,128.0,1.0,64.0,8.0,1.0,1.0,1.0,1.0,2.0,5.0,2.0,1.0,6.0,4.0,6.0,5.0,2.0,2.0,1.0,5.0,1.0,5.0,6.0,2.0,4.0,6.0,2.0,2.0,1.0,128.0,64.0,1.0,2.0,2.0,1.0,1.0,1.0,1.0,6.0,6.0,1.0,1.0,2.0,4.0,4.0,2.0,2.0,3.0,2.0,1.0,1.0,3.0,1.0,5.0,2.0,5.0,16.0,64.0,1.0,48.0,4.0,1.0,1.0,1.0,1.0,1.0,1.0,1.0,2.0,3.0,4.0,1.0,2.0,3.0,5.0,6.0,6.0,6.0,4.0,6.0,1.0,2.0,5.0,4.0,1.0,3.0,64.0,4.0,1.0,12.0,3.0,1.0,1.0,1.0,1.0,1.0,1.0,1.0,5.0,5.0,1.0,3.0,2.0,4.0,6.0,6.0,2.0,3.0,5.0,1.0,5.0,6.0,1.0,2.0,5.0,4.0,128.0,24.0,1.0,64.0,384.0,1.0,1.0,1.0,1.0,1.0,1.0,1.0,2309741460.0,19833876.12,12593900000.0,30.172796428571427,4608.0,514.0,229376.0,4.581112598686794e+16,112.10714285714286,46.21263235714285,78.57142857142857,39689.142857142855
2048.0,4096000.0,256.0,64.0,3.0,18.0,34.0,6.0,1.0,5.0,5.0,2.0,2.0,4.0,6.0,5.0,1.0,1.0,6.0,5.0,4.0,4.0,1.0,6.0,1.0,1.0,3.0,6.0,5.0,6.0,4.0,5.0,24.0,12.0,1.0,1.0,18.0,1.0,1.0,1.0,1.0,1.0,1.0,1.0,1.0,2.0,1.0,1.0,6.0,6.0,3.0,3.0,2.0,1.0,3.0,2.0,2.0,1.0,6.0,6.0,6.0,5.0,32.0,64.0,1.0,1.0,32.0,1.0,1.0,2.0,1.0,1.0,1.0,1.0,4.0,2.0,4.0,2.0,4.0,3.0,1.0,4.0,5.0,3.0,1.0,4.0,5.0,4.0,2.0,3.0,5.0,5.0,16.0,4.0,1.0,1.0,32.0,1.0,32.0,64.0,1.0,1.0,1.0,1.0,5.0,5.0,5.0,2.0,1.0,5.0,4.0,2.0,4.0,4.0,4.0,2.0,1.0,2.0,1.0,2.0,4.0,3.0,128.0,16.0,1.0,48.0,1.0,1.0,1.0,1.0,1.0,1.0,1.0,1.0,6.0,6.0,2.0,4.0,6.0,2.0,4.0,5.0,5.0,2.0,2.0,3.0,5.0,1.0,2.0,5.0,4.0,4.0,192.0,6.0,1.0,96.0,96.0,1.0,1.0,1.0,1.0,1.0,1.0,1.0,5.0,4.0,6.0,1.0,6.0,4.0,1.0,3.0,2.0,5.0,5.0,2.0,1.0,6.0,3.0,2.0,6.0,5.0,96.0,512.0,1.0,1.0,128.0,1.0,1.0,1.0,1.0,1.0,1.0,1.0,1095735588.0,18323386.18,8284520000.0,22.822053571428572,3672.0,514.0,1155072.0,2.0077586330093372e+16,8.785714285714286,0.18415178571428573,78.57142857142857,113579.42857142857
2048000.0,128000.0,256.0,64.0,3.0,38.0,2.0,38.0,5.0,4.0,4.0,2.0,1.0,4.0,3.0,3.0,5.0,5.0,6.0,6.0,3.0,3.0,3.0,2.0,2.0,3.0,1.0,2.0,1.0,5.0,6.0,2.0,64.0,128.0,1.0,3.0,144.0,1.0,1.0,1.0,1.0,1.0,1.0,1.0,5.0,2.0,3.0,4.0,5.0,1.0,5.0,3.0,6.0,1.0,1.0,1.0,1.0,4.0,6.0,3.0,4.0,1.0,8.0,64.0,1.0,4.0,1.0,1.0,32.0,1.0,1.0,1.0,1.0,1.0,2.0,1.0,5.0,6.0,4.0,3.0,1.0,1.0,5.0,4.0,5.0,1.0,4.0,1.0,2.0,6.0,4.0,3.0,4.0,64.0,1.0,128.0,128.0,1.0,1.0,32.0,1.0,1.0,1.0,1.0,5.0,3.0,2.0,2.0,3.0,5.0,4.0,5.0,5.0,3.0,4.0,4.0,5.0,2.0,2.0,2.0,4.0,5.0,64.0,3.0,1.0,16.0,128.0,1.0,1.0,1.0,1.0,1.0,1.0,1.0,6.0,1.0,3.0,3.0,2.0,6.0,1.0,4.0,5.0,1.0,3.0,1.0,2.0,3.0,2.0,5.0,6.0,4.0,96.0,64.0,1.0,2.0,4.0,1.0,1.0,1.0,1.0,1.0,1.0,1.0,1.0,4.0,5.0,4.0,3.0,6.0,2.0,3.0,1.0,6.0,4.0,4.0,6.0,1.0,1.0,1.0,1.0,5.0,3072.0,32.0,1.0,4.0,96.0,1.0,1.0,1.0,1.0,1.0,1.0,1.0,2463797616.0,17763912.480000004,5362080000.0,17.036575,2888.0,514.0,1400832.0,4.376668521905666e+16,3.642857142857143,0.030273428571428573,78.57142857142857,111908.57142857143
128.0,16000.0,256.0,64.0,2.0,8.0,2.0,40.0,5.0,6.0,6.0,6.0,1.0,4.0,4.0,3.0,6.0,5.0,2.0,2.0,2.0,5.0,5.0,2.0,3.0,4.0,3.0,6.0,1.0,6.0,3.0,6.0,96.0,32.0,1.0,32.0,1152.0,1.0,1.0,1.0,1.0,1.0,1.0,1.0,6.0,1.0,5.0,1.0,6.0,1.0,4.0,6.0,6.0,5.0,2.0,4.0,2.0,2.0,2.0,2.0,4.0,4.0,2.0,8.0,1.0,16.0,1.0,1.0,16.0,1.0,1.0,1.0,1.0,1.0,5.0,2.0,4.0,1.0,1.0,5.0,4.0,2.0,1.0,4.0,1.0,4.0,1.0,4.0,1.0,3.0,4.0,6.0,4.0,64.0,1.0,128.0,4.0,1.0,8.0,1.0,1.0,1.0,1.0,1.0,1.0,4.0,1.0,5.0,1.0,4.0,2.0,6.0,6.0,4.0,3.0,5.0,4.0,6.0,5.0,5.0,3.0,5.0,3.0,192.0,1.0,12.0,768.0,1.0,1.0,1.0,1.0,1.0,1.0,1.0,1.0,5.0,5.0,6.0,3.0,4.0,6.0,3.0,6.0,1.0,5.0,3.0,2.0,3.0,6.0,3.0,3.0,1.0,24.0,1.0,1.0,3072.0,12.0,1.0,1.0,1.0,1.0,1.0,1.0,1.0,3.0,5.0,3.0,2.0,1.0,6.0,1.0,1.0,3.0,4.0,4.0,3.0,6.0,5.0,6.0,3.0,1.0,6.0,8.0,128.0,1.0,24.0,768.0,1.0,1.0,1.0,1.0,1.0,1.0,1.0,5630642988.0,38739684.14,34778000.0,0.37576878571428574,80.0,514.0,28672.0,2.1812933086022582e+17,2.0,1.1568228071428575,78.57142857142857,2090.285714285714
128.0,2048000.0,256.0,64.0,3.0,30.0,18.0,26.0,5.0,1.0,1.0,6.0,1.0,5.0,4.0,5.0,6.0,1.0,3.0,5.0,4.0,5.0,4.0,6.0,3.0,2.0,5.0,3.0,1.0,4.0,1.0,4.0,4.0,2.0,1.0,24.0,288.0,1.0,1.0,1.0,1.0,1.0,1.0,1.0,1.0,4.0,5.0,6.0,6.0,6.0,2.0,2.0,5.0,6.0,6.0,6.0,1.0,2.0,2.0,3.0,1.0,1.0,1.0,32.0,1.0,1.0,128.0,1.0,8.0,16.0,1.0,1.0,1.0,1.0,1.0,6.0,5.0,3.0,5.0,2.0,3.0,1.0,5.0,4.0,4.0,4.0,1.0,1.0,4.0,5.0,3.0,1.0,8.0,128.0,1.0,128.0,8.0,1.0,2.0,32.0,1.0,1.0,1.0,1.0,2.0,6.0,3.0,3.0,1.0,2.0,5.0,4.0,4.0,6.0,4.0,6.0,4.0,6.0,6.0,6.0,5.0,3.0,256.0,64.0,1.0,768.0,32.0,1.0,1.0,1.0,1.0,1.0,1.0,1.0,5.0,5.0,4.0,1.0,3.0,5.0,6.0,3.0,3.0,6.0,5.0,2.0,5.0,2.0,2.0,2.0,3.0,1.0,6.0,3.0,1.0,1536.0,128.0,1.0,1.0,1.0,1.0,1.0,1.0,1.0,5.0,1.0,5.0,5.0,3.0,2.0,5.0,5.0,6.0,1.0,5.0,5.0,5.0,3.0,4.0,2.0,2.0,4.0,64.0,1536.0,1.0,24.0,24.0,1.0,1.0,1.0,1.0,1.0,1.0,1.0,3720409224.0,23290372.240000002,105855000000.0,149.81421428571429,14040.0,514.0,655360.0,8.664971571208955e+16,14.428571428571429,0.2728329642857143,78.57142857142857,84580.57142857143
2048000.0,32000.0,256.0,64.0,2.0,48.0,30.0,16.0,4.0,5.0,6.0,1.0,1.0,5.0,2.0,2.0,1.0,6.0,6.0,2.0,3.0,1.0,1.0,3.0,2.0,2.0,4.0,1.0,3.0,6.0,5.0,6.0,6.0,64.0,1.0,256.0,4.0,1.0,1.0,1.0,1.0,1.0,1.0,1.0,1.0,5.0,3.0,2.0,3.0,1.0,6.0,3.0,5.0,2.0,6.0,4.0,2.0,4.0,4.0,2.0,6.0,4.0,64.0,64.0,1.0,8.0,64.0,1.0,2.0,64.0,1.0,1.0,1.0,1.0,1.0,6.0,4.0,2.0,3.0,3.0,4.0,5.0,3.0,2.0,1.0,3.0,4.0,5.0,1.0,5.0,6.0,5.0,32.0,8.0,1.0,128.0,128.0,1.0,2.0,32.0,1.0,1.0,1.0,1.0,2.0,1.0,2.0,6.0,4.0,5.0,3.0,1.0,2.0,5.0,1.0,3.0,5.0,6.0,2.0,1.0,4.0,1.0,12.0,1.0,1.0,64.0,4.0,1.0,1.0,1.0,1.0,1.0,1.0,1.0,2.0,1.0,5.0,6.0,5.0,3.0,4.0,1.0,2.0,6.0,4.0,3.0,4.0,4.0,2.0,2.0,4.0,1.0,2.0,48.0,1.0,128.0,24.0,1.0,1.0,1.0,1.0,1.0,1.0,1.0,3.0,2.0,6.0,3.0,2.0,5.0,3.0,2.0,3.0,3.0,5.0,6.0,1.0,5.0,2.0,1.0,2.0,1.0,3.0,1536.0,1.0,12.0,8.0,1.0,1.0,1.0,1.0,1.0,1.0,1.0,1666857564.0,36532713.760000005,302777000.0,2.3090300000000004,480.0,514.0,18368.0,6.089483026430289e+16,183.8572857142857,16.215478535714283,78.57142857142857,12496.285714285714
256000.0,2048000.0,256.0,64.0,3.0,28.0,30.0,28.0,3.0,4.0,4.0,6.0,4.0,3.0,1.0,5.0,2.0,1.0,6.0,5.0,6.0,3.0,5.0,5.0,6.0,6.0,6.0,2.0,4.0,3.0,4.0,2.0,256.0,2.0,1.0,16.0,1.0,1.0,1.0,1.0,1.0,1.0,1.0,1.0,2.0,5.0,5.0,5.0,5.0,1.0,5.0,3.0,5.0,5.0,2.0,1.0,5.0,3.0,1.0,1.0,1.0,6.0,8.0,8.0,1.0,128.0,4.0,1.0,4.0,16.0,1.0,1.0,1.0,1.0,6.0,3.0,3.0,6.0,3.0,6.0,6.0,2.0,1.0,6.0,3.0,5.0,1.0,2.0,5.0,1.0,6.0,4.0,8.0,16.0,1.0,32.0,8.0,1.0,64.0,2.0,1.0,1.0,1.0,1.0,6.0,4.0,4.0,6.0,3.0,5.0,4.0,2.0,5.0,1.0,1.0,3.0,3.0,2.0,3.0,4.0,6.0,3.0,12.0,4.0,1.0,16.0,16.0,1.0,1.0,1.0,1.0,1.0,1.0,1.0,6.0,5.0,1.0,2.0,5.0,1.0,6.0,3.0,1.0,6.0,2.0,6.0,2.0,5.0,4.0,1.0,2.0,3.0,128.0,8.0,1.0,1024.0,2.0,1.0,1.0,1.0,1.0,1.0,1.0,1.0,2.0,3.0,2.0,1.0,5.0,1.0,1.0,1.0,1.0,4.0,2.0,1.0,4.0,5.0,4.0,5.0,6.0,2.0,3072.0,1.0,1.0,768.0,24.0,1.0,1.0,1.0,1.0,1.0,1.0,1.0,1452553476.0,18863249.860000003,290957000000.0,348.96757142857143,23520.0,514.0,5701632.0,2.7399879152799516e+16,33.051585714285714,3.4856766535714288,78.57142857142857,232388.57142857142
128.0,512000.0,256.0,64.0,3.0,16.0,6.0,22.0,5.0,2.0,1.0,6.0,3.0,5.0,2.0,5.0,6.0,2.0,1.0,6.0,3.0,4.0,4.0,6.0,6.0,1.0,6.0,2.0,5.0,1.0,5.0,3.0,1.0,256.0,1.0,96.0,768.0,1.0,1.0,1.0,1.0,1.0,1.0,1.0,3.0,2.0,2.0,6.0,5.0,6.0,2.0,4.0,5.0,2.0,6.0,4.0,3.0,6.0,2.0,4.0,4.0,2.0,1.0,16.0,1.0,32.0,2.0,1.0,8.0,16.0,1.0,1.0,1.0,1.0,5.0,4.0,5.0,3.0,5.0,4.0,2.0,5.0,1.0,1.0,2.0,4.0,6.0,1.0,3.0,3.0,6.0,2.0,1.0,8.0,1.0,16.0,2.0,1.0,1.0,16.0,1.0,1.0,1.0,1.0,4.0,4.0,2.0,6.0,3.0,3.0,2.0,5.0,3.0,2.0,3.0,4.0,3.0,5.0,1.0,5.0,2.0,2.0,48.0,2.0,1.0,2.0,6.0,1.0,1.0,1.0,1.0,1.0,1.0,1.0,4.0,5.0,5.0,4.0,6.0,2.0,3.0,2.0,2.0,6.0,4.0,2.0,3.0,4.0,3.0,2.0,4.0,4.0,768.0,24.0,1.0,8.0,16.0,1.0,1.0,1.0,1.0,1.0,1.0,1.0,1.0,2.0,3.0,2.0,5.0,1.0,5.0,5.0,3.0,1.0,2.0,3.0,5.0,3.0,5.0,2.0,5.0,1.0,6.0,12.0,1.0,4.0,128.0,1.0,1.0,1.0,1.0,1.0,1.0,1.0,3187177200.0,19408517.6,3086260000.0,11.580428571428575,2112.0,514.0,655360.0,6.185838478051873e+16,4.688813571428573,0.2696937964285714,78.57142857142857,34891.42857142857
2048.0,4096000.0,256.0,64.0,3.0,46.0,36.0,20.0,1.0,1.0,4.0,6.0,2.0,6.0,1.0,1.0,5.0,6.0,2.0,6.0,3.0,1.0,1.0,3.0,1.0,1.0,2.0,5.0,4.0,6.0,4.0,5.0,6.0,6.0,1.0,288.0,288.0,1.0,1.0,1.0,1.0,1.0,1.0,1.0,4.0,5.0,5.0,1.0,1.0,5.0,1.0,5.0,2.0,5.0,2.0,1.0,1.0,3.0,1.0,5.0,6.0,6.0,2.0,2.0,1.0,64.0,4.0,1.0,8.0,64.0,1.0,1.0,1.0,1.0,1.0,1.0,2.0,6.0,2.0,6.0,2.0,6.0,4.0,5.0,1.0,1.0,4.0,5.0,2.0,6.0,4.0,4.0,32.0,2.0,1.0,1.0,32.0,1.0,4.0,8.0,1.0,1.0,1.0,1.0,6.0,1.0,5.0,2.0,2.0,2.0,6.0,6.0,5.0,3.0,6.0,1.0,4.0,6.0,4.0,2.0,5.0,3.0,6.0,96.0,1.0,12.0,2.0,1.0,1.0,1.0,1.0,1.0,1.0,1.0,4.0,2.0,4.0,2.0,2.0,5.0,5.0,2.0,4.0,5.0,6.0,3.0,1.0,4.0,3.0,6.0,2.0,4.0,768.0,6.0,1.0,16.0,64.0,1.0,1.0,1.0,1.0,1.0,1.0,1.0,6.0,4.0,4.0,5.0,6.0,4.0,6.0,3.0,2.0,2.0,6.0,4.0,3.0,5.0,4.0,1.0,6.0,5.0,8.0,12.0,1.0,1.0,96.0,1.0,1.0,1.0,1.0,1.0,1.0,1.0,10955426520.0,21407155.84,571744000000.0,629.6473571428571,33120.0,514.0,311296.0,2.3452452280730886e+17,5.285714285714286,1.6464318571428571,78.57142857142857,21115.428571428572
2048000.0,64000.0,256.0,64.0,3.0,12.0,6.0,34.0,1.0,4.0,1.0,2.0,1.0,6.0,6.0,2.0,6.0,4.0,6.0,6.0,3.0,3.0,5.0,1.0,5.0,5.0,3.0,4.0,1.0,3.0,6.0,5.0,24.0,384.0,1.0,2.0,24.0,1.0,1.0,1.0,1.0,1.0,1.0,1.0,5.0,5.0,4.0,4.0,6.0,3.0,3.0,4.0,5.0,1.0,5.0,5.0,5.0,6.0,1.0,6.0,2.0,1.0,8.0,1.0,1.0,4.0,8.0,1.0,1.0,8.0,1.0,1.0,1.0,1.0,5.0,6.0,3.0,4.0,6.0,2.0,4.0,6.0,6.0,1.0,4.0,4.0,6.0,2.0,5.0,4.0,6.0,6.0,16.0,32.0,1.0,2.0,128.0,1.0,64.0,64.0,1.0,1.0,1.0,1.0,2.0,1.0,2.0,5.0,4.0,3.0,6.0,6.0,5.0,1.0,3.0,5.0,1.0,2.0,1.0,2.0,6.0,2.0,64.0,2.0,1.0,16.0,96.0,1.0,1.0,1.0,1.0,1.0,1.0,1.0,1.0,6.0,4.0,6.0,1.0,6.0,4.0,1.0,4.0,4.0,4.0,5.0,1.0,3.0,1.0,6.0,6.0,1.0,8.0,128.0,1.0,384.0,128.0,1.0,1.0,1.0,1.0,1.0,1.0,1.0,4.0,6.0,6.0,4.0,1.0,5.0,5.0,6.0,4.0,6.0,5.0,3.0,2.0,3.0,1.0,5.0,1.0,6.0,1536.0,3.0,1.0,2.0,32.0,1.0,1.0,1.0,1.0,1.0,1.0,1.0,2613122208.0,18372861.380000003,3996280000.0,13.797182142857144,2448.0,514.0,499712.0,4.801053209658354e+16,4.076838928571428,0.09272709285714284,78.57142857142857,44781.71428571428
128.0,4096000.0,256.0,64.0,3.0,26.0,30.0,24.0,1.0,2.0,4.0,3.0,2.0,2.0,4.0,6.0,6.0,3.0,6.0,4.0,6.0,2.0,4.0,4.0,2.0,2.0,2.0,6.0,3.0,6.0,1.0,1.0,48.0,256.0,1.0,48.0,32.0,1.0,1.0,1.0,1.0,1.0,1.0,1.0,6.0,4.0,2.0,3.0,3.0,2.0,5.0,5.0,1.0,1.0,2.0,3.0,3.0,1.0,2.0,5.0,3.0,6.0,1.0,32.0,1.0,1.0,1.0,1.0,32.0,1.0,1.0,1.0,1.0,1.0,3.0,4.0,2.0,6.0,1.0,6.0,6.0,5.0,3.0,5.0,1.0,6.0,5.0,6.0,2.0,1.0,1.0,6.0,32.0,128.0,1.0,8.0,1.0,1.0,2.0,64.0,1.0,1.0,1.0,1.0,1.0,1.0,5.0,5.0,4.0,6.0,1.0,6.0,6.0,6.0,1.0,5.0,3.0,4.0,3.0,1.0,1.0,1.0,192.0,12.0,1.0,16.0,6.0,1.0,1.0,1.0,1.0,1.0,1.0,1.0,2.0,5.0,1.0,2.0,1.0,3.0,2.0,2.0,4.0,2.0,2.0,4.0,2.0,5.0,1.0,4.0,6.0,1.0,64.0,192.0,1.0,32.0,3072.0,1.0,1.0,1.0,1.0,1.0,1.0,1.0,2.0,3.0,2.0,3.0,6.0,1.0,3.0,1.0,6.0,5.0,6.0,6.0,3.0,1.0,2.0,3.0,6.0,5.0,1536.0,128.0,1.0,6.0,2.0,1.0,1.0,1.0,1.0,1.0,1.0,1.0,2607636048.0,19430930.560000002,185787000000.0,238.10521428571428,18720.0,514.0,2015232.0,5.066879497444083e+16,3.4285714285714284,0.04794452499999999,78.57142857142857,104493.71428571429
512000.0,16000000.0,256.0,64.0,2.0,10.0,38.0,28.0,1.0,5.0,5.0,4.0,2.0,1.0,3.0,1.0,6.0,4.0,1.0,6.0,1.0,2.0,6.0,1.0,3.0,3.0,6.0,5.0,3.0,6.0,2.0,3.0,3.0,384.0,1.0,64.0,288.0,1.0,1.0,1.0,1.0,1.0,1.0,1.0,4.0,1.0,2.0,6.0,1.0,3.0,4.0,2.0,1.0,3.0,3.0,5.0,6.0,2.0,6.0,6.0,1.0,3.0,64.0,2.0,1.0,4.0,2.0,1.0,32.0,64.0,1.0,1.0,1.0,1.0,5.0,4.0,4.0,3.0,3.0,1.0,1.0,1.0,5.0,3.0,5.0,4.0,6.0,4.0,4.0,4.0,5.0,1.0,16.0,8.0,1.0,128.0,64.0,1.0,16.0,32.0,1.0,1.0,1.0,1.0,3.0,4.0,4.0,4.0,4.0,1.0,1.0,4.0,2.0,2.0,5.0,5.0,3.0,1.0,1.0,6.0,4.0,1.0,192.0,256.0,1.0,4.0,2.0,1.0,1.0,1.0,1.0,1.0,1.0,1.0,2.0,1.0,2.0,1.0,6.0,3.0,5.0,4.0,6.0,3.0,3.0,6.0,4.0,6.0,3.0,3.0,1.0,5.0,12.0,192.0,1.0,16.0,48.0,1.0,1.0,1.0,1.0,1.0,1.0,1.0,2.0,6.0,4.0,5.0,2.0,4.0,2.0,5.0,4.0,3.0,6.0,4.0,6.0,1.0,6.0,3.0,4.0,4.0,1.0,1.0,1.0,12.0,48.0,1.0,1.0,1.0,1.0,1.0,1.0,1.0,334156080.0,38724061.88,986968000.0,5.422482499999999,1064.0,514.0,588032.0,1.2939880719498232e+16,237.96103928571426,100.02664996428572,78.57142857142857,39029.142857142855
32000.0,4096000.0,256.0,64.0,3.0,42.0,20.0,14.0,2.0,6.0,2.0,4.0,2.0,5.0,4.0,5.0,4.0,4.0,6.0,3.0,5.0,4.0,6.0,6.0,6.0,2.0,2.0,3.0,4.0,6.0,5.0,6.0,8.0,768.0,1.0,18.0,2304.0,1.0,1.0,1.0,1.0,1.0,1.0,1.0,1.0,3.0,5.0,3.0,1.0,2.0,3.0,3.0,5.0,2.0,6.0,1.0,4.0,1.0,2.0,1.0,1.0,2.0,32.0,2.0,1.0,64.0,2.0,1.0,8.0,8.0,1.0,1.0,1.0,1.0,6.0,5.0,3.0,6.0,3.0,5.0,6.0,6.0,6.0,2.0,2.0,2.0,1.0,4.0,1.0,6.0,3.0,4.0,64.0,64.0,1.0,2.0,4.0,1.0,32.0,8.0,1.0,1.0,1.0,1.0,4.0,6.0,2.0,3.0,2.0,3.0,6.0,3.0,2.0,4.0,2.0,3.0,5.0,2.0,5.0,2.0,5.0,6.0,6.0,96.0,1.0,6.0,6.0,1.0,1.0,1.0,1.0,1.0,1.0,1.0,5.0,6.0,2.0,3.0,1.0,4.0,3.0,5.0,1.0,4.0,2.0,2.0,1.0,5.0,1.0,5.0,1.0,4.0,96.0,128.0,1.0,4.0,1536.0,1.0,1.0,1.0,1.0,1.0,1.0,1.0,6.0,5.0,2.0,5.0,6.0,1.0,2.0,4.0,1.0,6.0,6.0,4.0,4.0,4.0,5.0,6.0,3.0,6.0,16.0,256.0,1.0,4.0,768.0,1.0,1.0,1.0,1.0,1.0,1.0,1.0,8265410016.0,17940879.0,75001700000.0,114.33096428571429,11760.0,514.0,4325376.0,1.4828872098244406e+17,15.857142857142858,0.265625,78.57142857142857,242441.14285714287
512000.0,256000.0,256.0,64.0,1.0,4.0,10.0,6.0,3.0,4.0,4.0,5.0,4.0,3.0,1.0,5.0,2.0,2.0,5.0,3.0,2.0,6.0,4.0,2.0,1.0,5.0,5.0,2.0,3.0,1.0,4.0,6.0,6.0,4.0,1.0,576.0,32.0,1.0,1.0,1.0,1.0,1.0,1.0,1.0,1.0,1.0,4.0,3.0,2.0,6.0,3.0,3.0,3.0,5.0,2.0,3.0,5.0,1.0,2.0,6.0,3.0,3.0,32.0,32.0,1.0,1.0,1.0,1.0,1.0,32.0,1.0,1.0,1.0,1.0,5.0,1.0,2.0,1.0,2.0,5.0,6.0,3.0,4.0,2.0,2.0,6.0,3.0,5.0,4.0,5.0,2.0,5.0,2.0,128.0,1.0,4.0,64.0,1.0,16.0,64.0,1.0,1.0,1.0,1.0,5.0,2.0,4.0,5.0,6.0,5.0,6.0,1.0,4.0,6.0,2.0,5.0,2.0,5.0,4.0,4.0,3.0,5.0,1.0,64.0,1.0,32.0,48.0,1.0,1.0,1.0,1.0,1.0,1.0,1.0,5.0,6.0,3.0,1.0,4.0,1.0,3.0,1.0,3.0,1.0,2.0,5.0,6.0,5.0,4.0,5.0,6.0,6.0,6.0,6.0,1.0,2.0,768.0,1.0,1.0,1.0,1.0,1.0,1.0,1.0,4.0,4.0,2.0,2.0,2.0,5.0,2.0,6.0,4.0,5.0,6.0,2.0,3.0,5.0,6.0,2.0,2.0,6.0,384.0,384.0,1.0,4.0,256.0,1.0,1.0,1.0,1.0,1.0,1.0,1.0,11173626192.0,89164783.20000002,3069750.0,0.033505700000000006,6.0,514.0,514.0,9.962939569675218e+17,1.0,1.4258075000000001,78.57142857142857,78.57142857142857
2048.0,16000.0,256.0,64.0,3.0,8.0,46.0,24.0,1.0,5.0,1.0,6.0,3.0,4.0,5.0,5.0,6.0,5.0,3.0,2.0,5.0,1.0,1.0,1.0,5.0,3.0,1.0,3.0,6.0,1.0,3.0,3.0,128.0,64.0,1.0,36.0,96.0,1.0,1.0,1.0,1.0,1.0,1.0,1.0,5.0,1.0,1.0,3.0,2.0,5.0,1.0,3.0,6.0,4.0,4.0,1.0,2.0,6.0,6.0,5.0,6.0,6.0,16.0,1.0,1.0,4.0,1.0,1.0,64.0,128.0,1.0,1.0,1.0,1.0,5.0,2.0,1.0,3.0,6.0,4.0,1.0,1.0,6.0,6.0,1.0,1.0,5.0,3.0,3.0,4.0,3.0,5.0,32.0,4.0,1.0,8.0,32.0,1.0,8.0,1.0,1.0,1.0,1.0,1.0,5.0,6.0,2.0,6.0,3.0,1.0,1.0,6.0,5.0,6.0,6.0,5.0,5.0,6.0,2.0,6.0,6.0,6.0,24.0,48.0,1.0,384.0,2.0,1.0,1.0,1.0,1.0,1.0,1.0,1.0,4.0,1.0,6.0,5.0,5.0,3.0,3.0,4.0,1.0,6.0,6.0,6.0,3.0,4.0,5.0,2.0,4.0,6.0,6.0,96.0,1.0,3072.0,2.0,1.0,1.0,1.0,1.0,1.0,1.0,1.0,5.0,6.0,6.0,2.0,1.0,1.0,6.0,2.0,4.0,3.0,4.0,3.0,6.0,2.0,1.0,3.0,5.0,3.0,32.0,1536.0,1.0,6.0,32.0,1.0,1.0,1.0,1.0,1.0,1.0,1.0,1880040480.0,18363740.2,43149300000.0,74.18291785714287,8832.0,514.0,1400832.0,3.4524574940203296e+16,6.734875000000001,0.20882893571428568,78.57142857142857,79634.28571428571
2048000.0,2048000.0,256.0,64.0,2.0,28.0,22.0,32.0,5.0,2.0,3.0,4.0,6.0,6.0,1.0,3.0,5.0,2.0,1.0,1.0,1.0,4.0,3.0,1.0,2.0,6.0,4.0,3.0,4.0,1.0,4.0,1.0,96.0,64.0,1.0,4.0,256.0,1.0,1.0,1.0,1.0,1.0,1.0,1.0,6.0,6.0,6.0,4.0,6.0,6.0,2.0,2.0,2.0,3.0,1.0,5.0,4.0,4.0,1.0,3.0,3.0,3.0,8.0,4.0,1.0,128.0,8.0,1.0,32.0,64.0,1.0,1.0,1.0,1.0,5.0,3.0,3.0,2.0,1.0,3.0,2.0,5.0,6.0,4.0,3.0,4.0,5.0,6.0,5.0,1.0,2.0,2.0,64.0,2.0,1.0,2.0,32.0,1.0,32.0,2.0,1.0,1.0,1.0,1.0,2.0,3.0,2.0,3.0,4.0,2.0,4.0,4.0,2.0,1.0,4.0,5.0,5.0,1.0,4.0,1.0,2.0,3.0,32.0,256.0,1.0,128.0,6.0,1.0,1.0,1.0,1.0,1.0,1.0,1.0,5.0,2.0,3.0,2.0,2.0,4.0,6.0,2.0,1.0,6.0,5.0,5.0,3.0,4.0,3.0,6.0,1.0,2.0,128.0,192.0,1.0,128.0,384.0,1.0,1.0,1.0,1.0,1.0,1.0,1.0,5.0,6.0,4.0,6.0,5.0,2.0,3.0,2.0,3.0,6.0,4.0,3.0,2.0,3.0,1.0,5.0,4.0,6.0,1.0,6.0,1.0,24.0,64.0,1.0,1.0,1.0,1.0,1.0,1.0,1.0,11193951300.0,37755089.44,524098000.0,3.407301428571428,704.0,514.0,98304.0,4.2262863251850426e+17,1.0,0.5287561428571429,78.57142857142857,5109.142857142857
256000.0,16000000.0,256.0,64.0,3.0,44.0,36.0,14.0,1.0,1.0,2.0,2.0,3.0,1.0,5.0,3.0,5.0,5.0,6.0,3.0,6.0,2.0,5.0,1.0,3.0,6.0,3.0,3.0,3.0,6.0,5.0,1.0,96.0,1.0,1.0,2304.0,36.0,1.0,1.0,1.0,1.0,1.0,1.0,1.0,5.0,6.0,5.0,5.0,2.0,5.0,5.0,5.0,6.0,4.0,5.0,3.0,2.0,5.0,4.0,3.0,1.0,1.0,2.0,1.0,1.0,1.0,64.0,1.0,128.0,64.0,1.0,1.0,1.0,1.0,3.0,3.0,4.0,2.0,6.0,3.0,6.0,2.0,1.0,1.0,5.0,4.0,4.0,3.0,2.0,4.0,5.0,2.0,8.0,8.0,1.0,2.0,2.0,1.0,4.0,16.0,1.0,1.0,1.0,1.0,2.0,2.0,6.0,2.0,4.0,3.0,3.0,5.0,1.0,1.0,3.0,4.0,5.0,3.0,6.0,4.0,2.0,3.0,48.0,384.0,1.0,192.0,3.0,1.0,1.0,1.0,1.0,1.0,1.0,1.0,6.0,5.0,3.0,1.0,1.0,1.0,2.0,6.0,1.0,6.0,6.0,1.0,1.0,1.0,3.0,1.0,1.0,2.0,8.0,3.0,1.0,16.0,512.0,1.0,1.0,1.0,1.0,1.0,1.0,1.0,4.0,1.0,6.0,1.0,1.0,3.0,1.0,1.0,4.0,1.0,4.0,2.0,1.0,2.0,5.0,5.0,1.0,2.0,32.0,3072.0,1.0,24.0,48.0,1.0,1.0,1.0,1.0,1.0,1.0,1.0,10988652768.0,20206210.4,259142000000.0,315.55760714285714,22176.0,514.0,1093632.0,2.2203902984275037e+17,2.7142857142857144,0.6248062857142858,78.57142857142857,99881.14285714286
256.0,8192000.0,256.0,64.0,1.0,28.0,14.0,20.0,3.0,1.0,1.0,3.0,1.0,5.0,4.0,2.0,6.0,1.0,6.0,5.0,3.0,1.0,1.0,4.0,1.0,4.0,1.0,4.0,2.0,3.0,5.0,4.0,128.0,128.0,1.0,2.0,2.0,1.0,1.0,1.0,1.0,1.0,1.0,1.0,6.0,2.0,1.0,4.0,4.0,6.0,3.0,3.0,6.0,3.0,2.0,5.0,1.0,2.0,3.0,1.0,6.0,3.0,64.0,2.0,1.0,128.0,1.0,1.0,16.0,2.0,1.0,1.0,1.0,1.0,3.0,4.0,5.0,2.0,4.0,3.0,3.0,4.0,1.0,6.0,3.0,6.0,5.0,4.0,1.0,2.0,2.0,2.0,32.0,8.0,1.0,128.0,4.0,1.0,2.0,64.0,1.0,1.0,1.0,1.0,3.0,6.0,6.0,4.0,3.0,5.0,4.0,6.0,4.0,5.0,2.0,6.0,2.0,2.0,3.0,5.0,4.0,3.0,256.0,32.0,1.0,24.0,6.0,1.0,1.0,1.0,1.0,1.0,1.0,1.0,6.0,1.0,6.0,3.0,4.0,5.0,6.0,2.0,3.0,1.0,5.0,5.0,1.0,4.0,4.0,6.0,3.0,5.0,3.0,12.0,1.0,4.0,256.0,1.0,1.0,1.0,1.0,1.0,1.0,1.0,3.0,5.0,6.0,1.0,5.0,5.0,6.0,3.0,2.0,6.0,3.0,2.0,3.0,4.0,5.0,3.0,4.0,5.0,3072.0,768.0,1.0,8.0,16.0,1.0,1.0,1.0,1.0,1.0,1.0,1.0,11173626192.0,114488124.0,8639980.0,0.09645177142857142,20.0,514.0,514.0,1.2792475009993439e+18,1.0,1.422765,78.57142857142857,78.57142857142857
64000.0,128000.0,256.0,64.0,1.0,44.0,40.0,36.0,3.0,4.0,3.0,5.0,5.0,5.0,5.0,6.0,4.0,5.0,2.0,6.0,4.0,4.0,5.0,1.0,3.0,3.0,3.0,2.0,6.0,4.0,3.0,4.0,256.0,3.0,1.0,32.0,2304.0,1.0,1.0,1.0,1.0,1.0,1.0,1.0,1.0,3.0,3.0,4.0,5.0,6.0,4.0,1.0,1.0,3.0,6.0,6.0,6.0,3.0,6.0,5.0,6.0,2.0,16.0,4.0,1.0,64.0,64.0,1.0,32.0,128.0,1.0,1.0,1.0,1.0,6.0,1.0,1.0,2.0,3.0,3.0,4.0,6.0,1.0,1.0,6.0,4.0,4.0,4.0,5.0,3.0,6.0,6.0,1.0,4.0,1.0,64.0,2.0,1.0,4.0,2.0,1.0,1.0,1.0,1.0,5.0,2.0,6.0,5.0,1.0,4.0,1.0,4.0,1.0,3.0,1.0,6.0,5.0,6.0,2.0,6.0,2.0,2.0,384.0,48.0,1.0,32.0,24.0,1.0,1.0,1.0,1.0,1.0,1.0,1.0,4.0,1.0,2.0,6.0,3.0,2.0,2.0,6.0,2.0,4.0,1.0,2.0,3.0,2.0,4.0,2.0,3.0,3.0,24.0,12.0,1.0,512.0,192.0,1.0,1.0,1.0,1.0,1.0,1.0,1.0,1.0,4.0,4.0,1.0,6.0,6.0,4.0,5.0,6.0,6.0,3.0,2.0,1.0,3.0,2.0,5.0,2.0,4.0,24.0,96.0,1.0,32.0,128.0,1.0,1.0,1.0,1.0,1.0,1.0,1.0,11173626192.0,88471106.4,15250600.0,0.16867785714285713,36.0,514.0,514.0,9.88543071706259e+17,1.0,1.0039046428571428,78.57142857142857,78.57142857142857
8192.0,16000000.0,256.0,64.0,3.0,14.0,18.0,36.0,1.0,1.0,4.0,2.0,5.0,2.0,5.0,5.0,6.0,1.0,6.0,3.0,6.0,4.0,4.0,5.0,2.0,4.0,1.0,1.0,1.0,2.0,2.0,2.0,4.0,24.0,1.0,36.0,128.0,1.0,1.0,1.0,1.0,1.0,1.0,1.0,3.0,1.0,4.0,4.0,3.0,3.0,5.0,6.0,2.0,2.0,5.0,1.0,5.0,3.0,2.0,4.0,6.0,1.0,32.0,16.0,1.0,16.0,4.0,1.0,4.0,2.0,1.0,1.0,1.0,1.0,1.0,5.0,2.0,3.0,4.0,3.0,4.0,5.0,1.0,5.0,6.0,2.0,3.0,1.0,2.0,4.0,2.0,2.0,1.0,32.0,1.0,2.0,32.0,1.0,32.0,16.0,1.0,1.0,1.0,1.0,2.0,4.0,3.0,2.0,3.0,2.0,1.0,1.0,3.0,2.0,2.0,6.0,4.0,1.0,6.0,2.0,2.0,3.0,64.0,32.0,1.0,256.0,4.0,1.0,1.0,1.0,1.0,1.0,1.0,1.0,6.0,5.0,4.0,2.0,4.0,4.0,1.0,2.0,5.0,2.0,6.0,4.0,1.0,5.0,6.0,2.0,3.0,3.0,192.0,2.0,1.0,24.0,512.0,1.0,1.0,1.0,1.0,1.0,1.0,1.0,5.0,2.0,6.0,4.0,3.0,3.0,1.0,3.0,6.0,3.0,1.0,4.0,4.0,4.0,3.0,5.0,3.0,4.0,1024.0,1536.0,1.0,48.0,64.0,1.0,1.0,1.0,1.0,1.0,1.0,1.0,11026742976.0,18558085.060000002,45431300000.0,77.02226785714286,9072.0,514.0,606208.0,2.0463523408336557e+17,1.8571428571428572,0.23071665714285713,78.57142857142857,44050.28571428572
256000.0,16000000.0,256.0,64.0,1.0,34.0,6.0,18.0,6.0,6.0,3.0,2.0,1.0,3.0,2.0,2.0,1.0,2.0,2.0,1.0,3.0,2.0,5.0,5.0,6.0,6.0,5.0,3.0,6.0,1.0,3.0,2.0,6.0,8.0,1.0,64.0,1.0,1.0,1.0,1.0,1.0,1.0,1.0,1.0,4.0,6.0,6.0,4.0,3.0,6.0,3.0,4.0,2.0,1.0,2.0,5.0,5.0,3.0,6.0,3.0,6.0,2.0,16.0,4.0,1.0,1.0,8.0,1.0,1.0,128.0,1.0,1.0,1.0,1.0,4.0,6.0,4.0,3.0,6.0,2.0,2.0,4.0,6.0,1.0,6.0,2.0,2.0,5.0,3.0,2.0,5.0,3.0,16.0,64.0,1.0,64.0,16.0,1.0,64.0,2.0,1.0,1.0,1.0,1.0,6.0,2.0,2.0,6.0,5.0,5.0,5.0,6.0,6.0,4.0,5.0,6.0,6.0,4.0,4.0,4.0,2.0,6.0,24.0,384.0,1.0,64.0,24.0,1.0,1.0,1.0,1.0,1.0,1.0,1.0,2.0,2.0,4.0,2.0,1.0,6.0,1.0,4.0,1.0,1.0,6.0,5.0,1.0,1.0,6.0,4.0,1.0,2.0,1.0,3.0,1.0,64.0,8.0,1.0,1.0,1.0,1.0,1.0,1.0,1.0,6.0,6.0,5.0,1.0,4.0,3.0,3.0,6.0,5.0,1.0,2.0,5.0,4.0,4.0,6.0,4.0,2.0,3.0,8.0,3072.0,1.0,8.0,128.0,1.0,1.0,1.0,1.0,1.0,1.0,1.0,626393856.0,22828973.28,7832460.0,0.08982214285714286,18.0,514.0,4900.0,1.4299928601380168e+16,16.269514285714287,19.79078821428572,78.57142857142857,763.4285714285714
1024.0,1024000.0,256.0,64.0,2.0,30.0,34.0,8.0,5.0,5.0,2.0,4.0,6.0,2.0,6.0,1.0,6.0,2.0,3.0,6.0,2.0,4.0,3.0,3.0,1.0,6.0,5.0,1.0,5.0,5.0,4.0,3.0,1.0,48.0,1.0,12.0,48.0,1.0,1.0,1.0,1.0,1.0,1.0,1.0,4.0,3.0,2.0,5.0,5.0,3.0,6.0,4.0,2.0,6.0,4.0,3.0,5.0,4.0,5.0,3.0,3.0,5.0,8.0,32.0,1.0,4.0,64.0,1.0,64.0,4.0,1.0,1.0,1.0,1.0,5.0,2.0,4.0,3.0,4.0,3.0,4.0,5.0,2.0,6.0,5.0,6.0,3.0,5.0,1.0,2.0,1.0,4.0,128.0,1.0,1.0,128.0,64.0,1.0,16.0,64.0,1.0,1.0,1.0,1.0,5.0,2.0,2.0,5.0,4.0,4.0,1.0,6.0,5.0,2.0,3.0,6.0,2.0,1.0,5.0,4.0,1.0,6.0,3.0,32.0,1.0,12.0,32.0,1.0,1.0,1.0,1.0,1.0,1.0,1.0,3.0,2.0,2.0,2.0,3.0,6.0,2.0,3.0,5.0,4.0,5.0,5.0,3.0,4.0,5.0,2.0,6.0,2.0,128.0,24.0,1.0,6.0,6.0,1.0,1.0,1.0,1.0,1.0,1.0,1.0,1.0,5.0,1.0,2.0,4.0,4.0,4.0,2.0,3.0,5.0,3.0,3.0,4.0,5.0,2.0,3.0,3.0,6.0,512.0,512.0,1.0,96.0,768.0,1.0,1.0,1.0,1.0,1.0,1.0,1.0,4100219424.0,36310056.95999999,143090000.0,1.2984599999999997,272.0,514.0,253952.0,1.4887920083393837e+17,4.571428571428571,1.3539088107142856,78.57142857142857,10628.57142857143
2048.0,128000.0,256.0,64.0,1.0,48.0,44.0,30.0,3.0,3.0,3.0,3.0,3.0,5.0,6.0,1.0,1.0,2.0,4.0,1.0,6.0,1.0,6.0,4.0,5.0,2.0,5.0,1.0,2.0,4.0,5.0,5.0,6.0,768.0,1.0,2.0,24.0,1.0,1.0,1.0,1.0,1.0,1.0,1.0,6.0,6.0,1.0,5.0,3.0,6.0,3.0,3.0,3.0,3.0,5.0,2.0,3.0,5.0,6.0,1.0,6.0,5.0,4.0,64.0,1.0,8.0,64.0,1.0,32.0,32.0,1.0,1.0,1.0,1.0,4.0,5.0,3.0,3.0,1.0,5.0,6.0,4.0,4.0,6.0,2.0,6.0,3.0,1.0,6.0,4.0,2.0,3.0,32.0,16.0,1.0,32.0,128.0,1.0,4.0,8.0,1.0,1.0,1.0,1.0,4.0,2.0,2.0,5.0,1.0,2.0,2.0,4.0,5.0,1.0,4.0,1.0,4.0,1.0,1.0,3.0,3.0,1.0,4.0,24.0,1.0,256.0,6.0,1.0,1.0,1.0,1.0,1.0,1.0,1.0,4.0,2.0,1.0,4.0,6.0,3.0,5.0,4.0,3.0,2.0,6.0,3.0,2.0,5.0,6.0,1.0,2.0,5.0,2.0,128.0,1.0,16.0,6.0,1.0,1.0,1.0,1.0,1.0,1.0,1.0,2.0,4.0,4.0,6.0,3.0,1.0,5.0,5.0,2.0,5.0,1.0,3.0,4.0,5.0,1.0,5.0,5.0,2.0,3.0,16.0,1.0,384.0,12.0,1.0,1.0,1.0,1.0,1.0,1.0,1.0,11173626192.0,101831815.19999999,12741000.0,0.14151657142857144,30.0,514.0,514.0,1.1378306374976236e+18,1.0,1.4257564285714286,78.57142857142857,78.57142857142857
256.0,4096000.0,256.0,64.0,3.0,36.0,24.0,24.0,4.0,5.0,1.0,3.0,2.0,3.0,2.0,1.0,3.0,2.0,3.0,1.0,2.0,3.0,4.0,4.0,3.0,4.0,4.0,6.0,4.0,4.0,1.0,2.0,2.0,32.0,1.0,36.0,2304.0,1.0,1.0,1.0,1.0,1.0,1.0,1.0,3.0,3.0,1.0,3.0,5.0,2.0,5.0,6.0,1.0,2.0,6.0,6.0,4.0,6.0,5.0,3.0,6.0,1.0,64.0,1.0,1.0,128.0,32.0,1.0,128.0,1.0,1.0,1.0,1.0,1.0,2.0,6.0,6.0,3.0,6.0,5.0,5.0,5.0,6.0,5.0,5.0,5.0,4.0,4.0,4.0,1.0,3.0,2.0,16.0,64.0,1.0,1.0,1.0,1.0,2.0,64.0,1.0,1.0,1.0,1.0,2.0,3.0,4.0,3.0,5.0,6.0,2.0,4.0,2.0,3.0,1.0,2.0,6.0,2.0,6.0,2.0,6.0,4.0,12.0,1.0,1.0,96.0,96.0,1.0,1.0,1.0,1.0,1.0,1.0,1.0,2.0,1.0,6.0,6.0,2.0,3.0,6.0,3.0,4.0,1.0,5.0,3.0,4.0,4.0,2.0,1.0,1.0,4.0,1.0,48.0,1.0,768.0,384.0,1.0,1.0,1.0,1.0,1.0,1.0,1.0,3.0,6.0,3.0,2.0,6.0,2.0,4.0,5.0,5.0,2.0,3.0,6.0,3.0,6.0,5.0,3.0,6.0,2.0,8.0,32.0,1.0,12.0,2.0,1.0,1.0,1.0,1.0,1.0,1.0,1.0,254005776.0,19081215.800000004,227098000000.0,282.02957142857144,20736.0,514.0,897024.0,4846739026302462.0,75.99998571428571,2.2801340357142856,78.57142857142857,106349.71428571429
64000.0,32000000.0,256.0,64.0,3.0,6.0,14.0,46.0,3.0,6.0,2.0,2.0,6.0,6.0,6.0,1.0,1.0,5.0,1.0,6.0,5.0,4.0,4.0,5.0,2.0,1.0,5.0,4.0,1.0,3.0,3.0,6.0,8.0,2.0,1.0,48.0,1.0,1.0,1.0,1.0,1.0,1.0,1.0,1.0,6.0,6.0,2.0,3.0,1.0,2.0,4.0,6.0,2.0,1.0,2.0,1.0,1.0,4.0,2.0,3.0,5.0,1.0,1.0,16.0,1.0,64.0,8.0,1.0,128.0,1.0,1.0,1.0,1.0,1.0,4.0,4.0,3.0,3.0,2.0,3.0,3.0,5.0,1.0,2.0,3.0,4.0,5.0,4.0,6.0,1.0,6.0,4.0,8.0,16.0,1.0,32.0,32.0,1.0,32.0,8.0,1.0,1.0,1.0,1.0,6.0,5.0,5.0,5.0,6.0,5.0,2.0,6.0,3.0,6.0,5.0,5.0,2.0,1.0,5.0,4.0,3.0,2.0,48.0,24.0,1.0,768.0,64.0,1.0,1.0,1.0,1.0,1.0,1.0,1.0,3.0,3.0,5.0,1.0,5.0,2.0,1.0,3.0,2.0,5.0,4.0,5.0,1.0,5.0,3.0,3.0,2.0,4.0,48.0,96.0,1.0,2.0,96.0,1.0,1.0,1.0,1.0,1.0,1.0,1.0,1.0,5.0,4.0,6.0,5.0,3.0,2.0,3.0,3.0,3.0,6.0,2.0,3.0,5.0,2.0,5.0,4.0,2.0,48.0,256.0,1.0,64.0,256.0,1.0,1.0,1.0,1.0,1.0,1.0,1.0,3370992444.0,19471664.919999998,9095670000.0,24.132978571428577,3864.0,514.0,589824.0,6.563883531741986e+16,3.1190475,0.08086868928571429,78.57142857142857,59483.42857142857
64000.0,256000.0,256.0,64.0,1.0,30.0,2.0,18.0,2.0,4.0,3.0,6.0,4.0,2.0,6.0,1.0,4.0,5.0,3.0,2.0,3.0,4.0,6.0,1.0,3.0,2.0,6.0,4.0,6.0,5.0,4.0,2.0,256.0,24.0,1.0,1152.0,96.0,1.0,1.0,1.0,1.0,1.0,1.0,1.0,6.0,2.0,2.0,6.0,5.0,1.0,3.0,6.0,4.0,2.0,3.0,5.0,6.0,6.0,5.0,3.0,6.0,4.0,64.0,64.0,1.0,8.0,16.0,1.0,8.0,8.0,1.0,1.0,1.0,1.0,6.0,5.0,5.0,1.0,2.0,3.0,1.0,2.0,1.0,5.0,1.0,3.0,2.0,2.0,2.0,4.0,5.0,1.0,1.0,32.0,1.0,64.0,4.0,1.0,32.0,1.0,1.0,1.0,1.0,1.0,5.0,3.0,1.0,3.0,5.0,3.0,2.0,2.0,6.0,4.0,4.0,6.0,6.0,2.0,3.0,6.0,3.0,2.0,48.0,24.0,1.0,192.0,16.0,1.0,1.0,1.0,1.0,1.0,1.0,1.0,5.0,1.0,2.0,4.0,2.0,3.0,4.0,6.0,4.0,5.0,3.0,4.0,5.0,3.0,5.0,6.0,6.0,5.0,192.0,1.0,1.0,2.0,512.0,1.0,1.0,1.0,1.0,1.0,1.0,1.0,3.0,3.0,2.0,4.0,6.0,6.0,1.0,5.0,3.0,1.0,5.0,6.0,5.0,1.0,2.0,1.0,4.0,2.0,48.0,256.0,1.0,16.0,8.0,1.0,1.0,1.0,1.0,1.0,1.0,1.0,11173626192.0,67364839.2,7832000.0,0.08745948571428572,18.0,514.0,514.0,7.527095317049884e+17,1.0,1.0000778571428568,78.57142857142857,78.57142857142857
512.0,8192000.0,256.0,64.0,2.0,8.0,18.0,46.0,1.0,1.0,6.0,3.0,2.0,5.0,3.0,3.0,2.0,1.0,5.0,3.0,5.0,5.0,4.0,1.0,2.0,2.0,1.0,2.0,1.0,6.0,4.0,6.0,2.0,64.0,1.0,48.0,8.0,1.0,1.0,1.0,1.0,1.0,1.0,1.0,5.0,3.0,3.0,4.0,2.0,5.0,4.0,5.0,6.0,5.0,6.0,2.0,4.0,6.0,6.0,3.0,2.0,4.0,1.0,2.0,1.0,16.0,1.0,1.0,16.0,16.0,1.0,1.0,1.0,1.0,5.0,1.0,1.0,3.0,1.0,4.0,1.0,2.0,3.0,2.0,3.0,3.0,3.0,2.0,1.0,4.0,3.0,3.0,2.0,16.0,1.0,8.0,4.0,1.0,2.0,16.0,1.0,1.0,1.0,1.0,1.0,3.0,2.0,1.0,4.0,6.0,6.0,1.0,4.0,1.0,2.0,1.0,6.0,4.0,3.0,2.0,6.0,2.0,192.0,2.0,1.0,8.0,8.0,1.0,1.0,1.0,1.0,1.0,1.0,1.0,1.0,2.0,4.0,4.0,1.0,2.0,3.0,1.0,3.0,3.0,3.0,3.0,6.0,5.0,5.0,3.0,2.0,2.0,2.0,256.0,1.0,128.0,768.0,1.0,1.0,1.0,1.0,1.0,1.0,1.0,6.0,4.0,6.0,4.0,6.0,3.0,4.0,5.0,5.0,5.0,5.0,1.0,2.0,6.0,4.0,3.0,5.0,2.0,48.0,96.0,1.0,48.0,128.0,1.0,1.0,1.0,1.0,1.0,1.0,1.0,10903610100.0,35682697.71999999,668594000.0,4.040483571428571,828.0,514.0,33792.0,3.8907022325503885e+17,10.428571428571429,6.532685957142857,78.57142857142857,2846.5714285714284
2048.0,32000.0,256.0,64.0,3.0,22.0,30.0,28.0,4.0,6.0,6.0,4.0,5.0,6.0,3.0,1.0,2.0,5.0,1.0,5.0,1.0,4.0,3.0,2.0,2.0,4.0,3.0,3.0,6.0,4.0,5.0,1.0,2.0,96.0,1.0,288.0,9.0,1.0,1.0,1.0,1.0,1.0,1.0,1.0,3.0,6.0,1.0,4.0,2.0,5.0,4.0,5.0,3.0,2.0,2.0,4.0,6.0,2.0,4.0,2.0,4.0,2.0,8.0,32.0,1.0,128.0,8.0,1.0,1.0,128.0,1.0,1.0,1.0,1.0,6.0,1.0,1.0,1.0,2.0,5.0,1.0,1.0,4.0,3.0,5.0,6.0,1.0,4.0,6.0,3.0,5.0,1.0,32.0,32.0,1.0,2.0,64.0,1.0,2.0,32.0,1.0,1.0,1.0,1.0,3.0,1.0,4.0,3.0,4.0,6.0,1.0,3.0,5.0,4.0,3.0,1.0,4.0,6.0,4.0,1.0,2.0,5.0,384.0,1.0,1.0,192.0,96.0,1.0,1.0,1.0,1.0,1.0,1.0,1.0,3.0,4.0,2.0,3.0,4.0,2.0,6.0,3.0,6.0,1.0,6.0,4.0,4.0,2.0,6.0,1.0,6.0,5.0,24.0,12.0,1.0,1024.0,12.0,1.0,1.0,1.0,1.0,1.0,1.0,1.0,6.0,2.0,6.0,3.0,4.0,5.0,1.0,6.0,5.0,4.0,3.0,5.0,2.0,3.0,3.0,3.0,1.0,5.0,192.0,48.0,1.0,4.0,2.0,1.0,1.0,1.0,1.0,1.0,1.0,1.0,1955144064.0,18325169.18,181145000000.0,233.16789285714287,18480.0,514.0,983040.0,3.5828345744072748e+16,25.983332142857144,0.22296628571428573,78.57142857142857,120137.14285714286
128000.0,64000.0,256.0,64.0,2.0,2.0,30.0,44.0,5.0,2.0,1.0,4.0,3.0,2.0,1.0,1.0,2.0,1.0,2.0,6.0,3.0,5.0,2.0,1.0,1.0,2.0,1.0,4.0,3.0,2.0,4.0,5.0,16.0,128.0,1.0,12.0,96.0,1.0,1.0,1.0,1.0,1.0,1.0,1.0,1.0,3.0,6.0,1.0,3.0,4.0,5.0,1.0,5.0,5.0,6.0,5.0,1.0,4.0,5.0,2.0,4.0,6.0,2.0,16.0,1.0,8.0,1.0,1.0,16.0,2.0,1.0,1.0,1.0,1.0,3.0,3.0,1.0,6.0,2.0,3.0,6.0,1.0,3.0,2.0,3.0,4.0,1.0,4.0,3.0,3.0,2.0,1.0,32.0,8.0,1.0,32.0,16.0,1.0,8.0,1.0,1.0,1.0,1.0,1.0,5.0,6.0,1.0,4.0,1.0,2.0,1.0,1.0,2.0,3.0,6.0,5.0,5.0,2.0,1.0,2.0,3.0,6.0,384.0,768.0,1.0,96.0,384.0,1.0,1.0,1.0,1.0,1.0,1.0,1.0,4.0,6.0,4.0,1.0,4.0,2.0,3.0,2.0,6.0,1.0,1.0,4.0,2.0,5.0,3.0,6.0,4.0,6.0,96.0,768.0,1.0,256.0,4.0,1.0,1.0,1.0,1.0,1.0,1.0,1.0,5.0,2.0,1.0,2.0,5.0,5.0,6.0,5.0,6.0,4.0,5.0,2.0,4.0,4.0,6.0,6.0,4.0,5.0,48.0,192.0,1.0,128.0,768.0,1.0,1.0,1.0,1.0,1.0,1.0,1.0,1210441404.0,19129975.560000002,1396470000.0,6.8960842857142834,1320.0,514.0,770048.0,2.315571447533209e+16,15.690475000000001,8.822709039285716,78.57142857142857,54889.71428571428
8192.0,128000.0,256.0,64.0,3.0,26.0,40.0,38.0,1.0,2.0,4.0,6.0,1.0,5.0,3.0,6.0,6.0,5.0,5.0,1.0,1.0,2.0,4.0,5.0,3.0,1.0,5.0,1.0,1.0,3.0,3.0,3.0,48.0,4.0,1.0,24.0,2304.0,1.0,1.0,1.0,1.0,1.0,1.0,1.0,1.0,1.0,1.0,5.0,2.0,1.0,3.0,3.0,1.0,3.0,1.0,1.0,2.0,2.0,6.0,4.0,6.0,6.0,4.0,1.0,1.0,2.0,16.0,1.0,64.0,128.0,1.0,1.0,1.0,1.0,5.0,1.0,5.0,4.0,2.0,1.0,6.0,5.0,2.0,4.0,1.0,5.0,5.0,5.0,6.0,6.0,4.0,2.0,2.0,64.0,1.0,8.0,2.0,1.0,8.0,2.0,1.0,1.0,1.0,1.0,3.0,1.0,6.0,1.0,2.0,6.0,1.0,5.0,5.0,6.0,6.0,6.0,3.0,5.0,2.0,6.0,5.0,6.0,1.0,256.0,1.0,128.0,6.0,1.0,1.0,1.0,1.0,1.0,1.0,1.0,6.0,5.0,1.0,5.0,1.0,4.0,3.0,4.0,2.0,2.0,3.0,6.0,5.0,4.0,1.0,1.0,1.0,2.0,768.0,48.0,1.0,768.0,64.0,1.0,1.0,1.0,1.0,1.0,1.0,1.0,6.0,1.0,4.0,2.0,1.0,3.0,1.0,3.0,3.0,4.0,1.0,2.0,2.0,4.0,4.0,6.0,4.0,6.0,3.0,12.0,1.0,96.0,128.0,1.0,1.0,1.0,1.0,1.0,1.0,1.0,10973655480.0,19502941.660000004,811120000000.0,862.3755357142857,39520.0,514.0,1572864.0,2.1401856262337933e+17,14.714285714285714,2.805410653571429,78.57142857142857,96000.0
512000.0,128000.0,256.0,64.0,3.0,34.0,26.0,26.0,3.0,6.0,2.0,6.0,2.0,1.0,2.0,6.0,6.0,2.0,2.0,1.0,1.0,6.0,5.0,4.0,4.0,5.0,1.0,6.0,3.0,2.0,2.0,3.0,768.0,12.0,1.0,64.0,768.0,1.0,1.0,1.0,1.0,1.0,1.0,1.0,2.0,6.0,5.0,2.0,3.0,5.0,2.0,5.0,1.0,1.0,5.0,2.0,4.0,3.0,4.0,6.0,2.0,1.0,64.0,2.0,1.0,1.0,16.0,1.0,64.0,8.0,1.0,1.0,1.0,1.0,1.0,6.0,5.0,3.0,3.0,3.0,2.0,6.0,6.0,2.0,6.0,3.0,2.0,2.0,2.0,2.0,2.0,2.0,1.0,32.0,1.0,8.0,8.0,1.0,16.0,2.0,1.0,1.0,1.0,1.0,3.0,2.0,5.0,2.0,3.0,3.0,1.0,3.0,4.0,6.0,3.0,4.0,2.0,6.0,3.0,6.0,2.0,3.0,16.0,96.0,1.0,64.0,768.0,1.0,1.0,1.0,1.0,1.0,1.0,1.0,3.0,6.0,2.0,6.0,2.0,2.0,2.0,2.0,3.0,3.0,4.0,4.0,2.0,3.0,6.0,3.0,5.0,6.0,1.0,4.0,1.0,768.0,64.0,1.0,1.0,1.0,1.0,1.0,1.0,1.0,1.0,1.0,4.0,1.0,2.0,4.0,1.0,1.0,3.0,4.0,6.0,6.0,5.0,6.0,4.0,3.0,6.0,5.0,3072.0,32.0,1.0,24.0,128.0,1.0,1.0,1.0,1.0,1.0,1.0,1.0,1097053992.0,20704307.359999996,278048000000.0,336.23967857142856,22984.0,514.0,5668864.0,2.2713743040882976e+16,19.142857142857142,0.406064,78.57142857142857,407332.5714285714
1024.0,64000.0,256.0,64.0,2.0,36.0,38.0,16.0,4.0,1.0,2.0,4.0,5.0,4.0,6.0,6.0,3.0,6.0,6.0,3.0,4.0,4.0,2.0,3.0,3.0,2.0,3.0,6.0,3.0,4.0,4.0,5.0,12.0,6.0,1.0,36.0,144.0,1.0,1.0,1.0,1.0,1.0,1.0,1.0,2.0,5.0,4.0,2.0,5.0,2.0,6.0,2.0,5.0,3.0,6.0,1.0,3.0,2.0,5.0,6.0,1.0,6.0,32.0,4.0,1.0,16.0,1.0,1.0,16.0,128.0,1.0,1.0,1.0,1.0,4.0,1.0,3.0,6.0,6.0,2.0,1.0,1.0,4.0,3.0,3.0,1.0,1.0,3.0,4.0,5.0,5.0,4.0,8.0,2.0,1.0,1.0,4.0,1.0,64.0,1.0,1.0,1.0,1.0,1.0,2.0,5.0,3.0,3.0,3.0,6.0,3.0,4.0,4.0,2.0,3.0,1.0,2.0,2.0,5.0,4.0,4.0,3.0,48.0,3.0,1.0,6.0,256.0,1.0,1.0,1.0,1.0,1.0,1.0,1.0,1.0,1.0,5.0,5.0,3.0,3.0,1.0,5.0,1.0,3.0,5.0,3.0,4.0,2.0,5.0,5.0,4.0,5.0,24.0,24.0,1.0,24.0,32.0,1.0,1.0,1.0,1.0,1.0,1.0,1.0,5.0,1.0,4.0,3.0,1.0,5.0,2.0,5.0,3.0,6.0,4.0,2.0,6.0,1.0,1.0,6.0,2.0,5.0,1024.0,1.0,1.0,64.0,4.0,1.0,1.0,1.0,1.0,1.0,1.0,1.0,4880646696.0,43843474.68000001,422980000.0,2.9064232142857134,608.0,514.0,13440.0,2.139845098381017e+17,3.357142857142857,0.9726822857142859,78.57142857142857,1085.2857142857142
1024000.0,2048000.0,256.0,64.0,2.0,2.0,26.0,12.0,1.0,2.0,3.0,2.0,4.0,3.0,5.0,2.0,5.0,4.0,6.0,4.0,4.0,2.0,1.0,6.0,4.0,5.0,6.0,5.0,3.0,2.0,6.0,4.0,256.0,16.0,1.0,4.0,4.0,1.0,1.0,1.0,1.0,1.0,1.0,1.0,6.0,6.0,4.0,5.0,2.0,6.0,1.0,4.0,3.0,4.0,5.0,3.0,5.0,4.0,6.0,1.0,6.0,4.0,32.0,8.0,1.0,16.0,64.0,1.0,4.0,2.0,1.0,1.0,1.0,1.0,2.0,6.0,5.0,5.0,6.0,5.0,4.0,3.0,5.0,6.0,5.0,6.0,6.0,1.0,5.0,6.0,3.0,3.0,32.0,16.0,1.0,128.0,8.0,1.0,4.0,8.0,1.0,1.0,1.0,1.0,4.0,6.0,2.0,3.0,2.0,4.0,6.0,3.0,3.0,3.0,5.0,3.0,2.0,6.0,2.0,4.0,3.0,5.0,24.0,24.0,1.0,64.0,6.0,1.0,1.0,1.0,1.0,1.0,1.0,1.0,6.0,3.0,4.0,2.0,5.0,1.0,4.0,4.0,6.0,6.0,3.0,4.0,1.0,1.0,6.0,3.0,4.0,1.0,6.0,96.0,1.0,12.0,32.0,1.0,1.0,1.0,1.0,1.0,1.0,1.0,2.0,4.0,2.0,1.0,5.0,6.0,5.0,1.0,5.0,2.0,2.0,5.0,2.0,6.0,4.0,4.0,6.0,3.0,96.0,3.0,1.0,768.0,48.0,1.0,1.0,1.0,1.0,1.0,1.0,1.0,10986738300.0,26959976.5,170355000.0,1.4569914285714287,312.0,514.0,13344.0,2.962022063796499e+17,2.7142857142857144,0.8882713821428572,78.57142857142857,1461.142857142857
256000.0,256000.0,256.0,64.0,2.0,8.0,32.0,22.0,4.0,3.0,5.0,6.0,5.0,5.0,6.0,5.0,1.0,2.0,3.0,5.0,2.0,3.0,4.0,6.0,6.0,2.0,3.0,1.0,3.0,5.0,3.0,6.0,128.0,16.0,1.0,32.0,9.0,1.0,1.0,1.0,1.0,1.0,1.0,1.0,2.0,5.0,5.0,6.0,6.0,2.0,2.0,3.0,5.0,6.0,1.0,2.0,1.0,6.0,3.0,3.0,3.0,6.0,4.0,8.0,1.0,32.0,32.0,1.0,64.0,4.0,1.0,1.0,1.0,1.0,5.0,5.0,5.0,1.0,6.0,3.0,2.0,6.0,3.0,6.0,1.0,2.0,3.0,6.0,5.0,2.0,2.0,1.0,1.0,32.0,1.0,8.0,32.0,1.0,8.0,32.0,1.0,1.0,1.0,1.0,2.0,5.0,3.0,4.0,6.0,2.0,6.0,1.0,3.0,2.0,6.0,4.0,2.0,3.0,5.0,6.0,2.0,3.0,192.0,192.0,1.0,16.0,192.0,1.0,1.0,1.0,1.0,1.0,1.0,1.0,3.0,3.0,6.0,3.0,3.0,5.0,3.0,3.0,2.0,2.0,3.0,2.0,5.0,3.0,6.0,4.0,6.0,3.0,12.0,128.0,1.0,3072.0,256.0,1.0,1.0,1.0,1.0,1.0,1.0,1.0,4.0,6.0,3.0,6.0,3.0,3.0,5.0,3.0,5.0,2.0,3.0,1.0,2.0,6.0,6.0,3.0,3.0,5.0,96.0,3.0,1.0,384.0,8.0,1.0,1.0,1.0,1.0,1.0,1.0,1.0,10932253836.0,27423896.760000005,524096000.0,3.4084235714285716,704.0,514.0,74752.0,2.9980500055257805e+17,5.285714285714286,3.541070447499999,78.57142857142857,5433.714285714285
512.0,2048000.0,256.0,64.0,1.0,46.0,2.0,20.0,6.0,5.0,3.0,1.0,1.0,6.0,2.0,5.0,1.0,4.0,3.0,5.0,5.0,5.0,3.0,5.0,3.0,6.0,5.0,4.0,2.0,4.0,2.0,2.0,768.0,64.0,1.0,288.0,36.0,1.0,1.0,1.0,1.0,1.0,1.0,1.0,3.0,5.0,4.0,4.0,1.0,1.0,5.0,1.0,5.0,6.0,6.0,2.0,4.0,3.0,1.0,5.0,1.0,1.0,8.0,4.0,1.0,16.0,32.0,1.0,128.0,32.0,1.0,1.0,1.0,1.0,4.0,3.0,5.0,2.0,4.0,3.0,4.0,3.0,4.0,6.0,2.0,3.0,2.0,6.0,3.0,5.0,3.0,2.0,8.0,4.0,1.0,128.0,2.0,1.0,32.0,4.0,1.0,1.0,1.0,1.0,4.0,5.0,2.0,3.0,1.0,3.0,2.0,2.0,3.0,5.0,5.0,1.0,3.0,4.0,5.0,5.0,4.0,6.0,256.0,24.0,1.0,64.0,64.0,1.0,1.0,1.0,1.0,1.0,1.0,1.0,5.0,3.0,4.0,3.0,1.0,5.0,6.0,3.0,1.0,5.0,4.0,6.0,6.0,5.0,2.0,5.0,6.0,4.0,128.0,256.0,1.0,3.0,384.0,1.0,1.0,1.0,1.0,1.0,1.0,1.0,3.0,5.0,3.0,1.0,2.0,4.0,6.0,6.0,3.0,1.0,4.0,5.0,5.0,4.0,6.0,4.0,1.0,2.0,2.0,16.0,1.0,768.0,12.0,1.0,1.0,1.0,1.0,1.0,1.0,1.0,567411504.0,26674011.84,8640490.0,0.09909237142857144,20.0,514.0,5416.0,1.5135141175848208e+16,17.516192857142855,22.106495357142858,78.57142857142857,844.0
2048000.0,16000.0,256.0,64.0,3.0,18.0,12.0,44.0,4.0,2.0,1.0,4.0,1.0,1.0,3.0,6.0,6.0,6.0,1.0,5.0,5.0,3.0,3.0,3.0,6.0,3.0,4.0,3.0,2.0,3.0,3.0,3.0,16.0,64.0,1.0,8.0,96.0,1.0,1.0,1.0,1.0,1.0,1.0,1.0,3.0,2.0,1.0,6.0,1.0,2.0,3.0,5.0,3.0,5.0,6.0,6.0,3.0,2.0,3.0,1.0,2.0,2.0,1.0,1.0,1.0,16.0,64.0,1.0,1.0,4.0,1.0,1.0,1.0,1.0,2.0,1.0,4.0,2.0,6.0,2.0,1.0,1.0,4.0,2.0,6.0,4.0,2.0,4.0,4.0,2.0,3.0,5.0,32.0,8.0,1.0,4.0,32.0,1.0,1.0,64.0,1.0,1.0,1.0,1.0,6.0,1.0,4.0,3.0,2.0,4.0,6.0,2.0,5.0,5.0,5.0,1.0,2.0,5.0,3.0,3.0,4.0,2.0,6.0,384.0,1.0,256.0,64.0,1.0,1.0,1.0,1.0,1.0,1.0,1.0,1.0,5.0,5.0,6.0,5.0,4.0,6.0,5.0,1.0,1.0,2.0,4.0,1.0,2.0,2.0,3.0,1.0,6.0,192.0,6.0,1.0,1.0,1.0,1.0,1.0,1.0,1.0,1.0,1.0,1.0,6.0,1.0,2.0,5.0,5.0,1.0,3.0,5.0,4.0,1.0,2.0,4.0,3.0,3.0,3.0,6.0,5.0,4.0,3072.0,1536.0,1.0,32.0,4.0,1.0,1.0,1.0,1.0,1.0,1.0,1.0,1867883400.0,17743993.900000002,49687000000.0,82.64882857142858,9504.0,514.0,991232.0,3.3143711655511264e+16,122.57142857142857,3.6625157535714292,78.57142857142857,92614.85714285714
32000.0,64000.0,256.0,64.0,3.0,28.0,42.0,8.0,1.0,2.0,6.0,2.0,5.0,3.0,1.0,5.0,6.0,6.0,3.0,1.0,4.0,1.0,4.0,5.0,1.0,4.0,5.0,4.0,5.0,2.0,4.0,3.0,6.0,24.0,1.0,36.0,18.0,1.0,1.0,1.0,1.0,1.0,1.0,1.0,4.0,4.0,2.0,1.0,4.0,4.0,1.0,4.0,5.0,2.0,1.0,4.0,4.0,1.0,1.0,1.0,6.0,5.0,1.0,32.0,1.0,1.0,4.0,1.0,1.0,4.0,1.0,1.0,1.0,1.0,5.0,6.0,2.0,6.0,4.0,5.0,5.0,5.0,2.0,6.0,4.0,2.0,1.0,5.0,1.0,1.0,3.0,6.0,16.0,8.0,1.0,128.0,128.0,1.0,64.0,64.0,1.0,1.0,1.0,1.0,3.0,6.0,2.0,4.0,4.0,1.0,6.0,4.0,3.0,1.0,1.0,5.0,3.0,1.0,4.0,4.0,1.0,4.0,768.0,64.0,1.0,48.0,32.0,1.0,1.0,1.0,1.0,1.0,1.0,1.0,2.0,3.0,2.0,1.0,5.0,5.0,1.0,6.0,6.0,6.0,6.0,2.0,3.0,2.0,2.0,6.0,2.0,3.0,48.0,256.0,1.0,1024.0,12.0,1.0,1.0,1.0,1.0,1.0,1.0,1.0,6.0,3.0,3.0,6.0,5.0,5.0,1.0,2.0,2.0,2.0,5.0,3.0,2.0,1.0,2.0,5.0,2.0,1.0,192.0,96.0,1.0,24.0,96.0,1.0,1.0,1.0,1.0,1.0,1.0,1.0,11042024868.0,18745103.560000002,48724900000.0,81.30322142857143,9408.0,514.0,851968.0,2.0698389966275536e+17,7.428571428571429,0.20905412857142855,78.57142857142857,58301.71428571428
1024000.0,64000.0,256.0,64.0,1.0,40.0,34.0,6.0,4.0,1.0,2.0,5.0,6.0,4.0,3.0,4.0,2.0,5.0,1.0,1.0,3.0,5.0,2.0,2.0,4.0,3.0,3.0,5.0,5.0,4.0,5.0,5.0,96.0,1.0,1.0,24.0,768.0,1.0,1.0,1.0,1.0,1.0,1.0,1.0,3.0,4.0,4.0,5.0,6.0,4.0,3.0,1.0,1.0,5.0,6.0,4.0,5.0,6.0,3.0,1.0,2.0,2.0,1.0,8.0,1.0,32.0,8.0,1.0,64.0,32.0,1.0,1.0,1.0,1.0,1.0,6.0,1.0,4.0,6.0,5.0,4.0,1.0,4.0,2.0,4.0,5.0,3.0,2.0,3.0,3.0,2.0,1.0,128.0,8.0,1.0,2.0,8.0,1.0,8.0,4.0,1.0,1.0,1.0,1.0,6.0,4.0,3.0,6.0,1.0,3.0,6.0,2.0,4.0,2.0,2.0,2.0,4.0,2.0,1.0,4.0,6.0,4.0,12.0,384.0,1.0,8.0,1.0,1.0,1.0,1.0,1.0,1.0,1.0,1.0,3.0,3.0,6.0,4.0,2.0,6.0,1.0,3.0,3.0,3.0,1.0,6.0,4.0,1.0,4.0,2.0,3.0,3.0,768.0,192.0,1.0,1.0,64.0,1.0,1.0,1.0,1.0,1.0,1.0,1.0,6.0,4.0,3.0,6.0,1.0,6.0,5.0,1.0,3.0,6.0,1.0,6.0,6.0,5.0,4.0,1.0,5.0,2.0,192.0,48.0,1.0,24.0,256.0,1.0,1.0,1.0,1.0,1.0,1.0,1.0,11173626192.0,80031904.80000001,3069750.0,0.033505700000000006,6.0,514.0,514.0,8.942465876689307e+17,1.0,1.0036264285714285,78.57142857142857,78.57142857142857
512000.0,64000.0,256.0,64.0,1.0,16.0,24.0,16.0,2.0,1.0,1.0,2.0,5.0,1.0,2.0,3.0,5.0,3.0,4.0,3.0,5.0,6.0,4.0,3.0,6.0,3.0,3.0,5.0,2.0,6.0,4.0,5.0,128.0,8.0,1.0,36.0,64.0,1.0,1.0,1.0,1.0,1.0,1.0,1.0,4.0,3.0,3.0,6.0,4.0,5.0,2.0,3.0,2.0,6.0,3.0,4.0,3.0,1.0,5.0,1.0,2.0,6.0,8.0,1.0,1.0,128.0,32.0,1.0,64.0,8.0,1.0,1.0,1.0,1.0,5.0,2.0,2.0,5.0,6.0,2.0,4.0,6.0,6.0,2.0,1.0,2.0,5.0,5.0,5.0,6.0,2.0,4.0,1.0,2.0,1.0,128.0,2.0,1.0,64.0,32.0,1.0,1.0,1.0,1.0,4.0,5.0,1.0,4.0,5.0,6.0,5.0,3.0,3.0,5.0,1.0,1.0,5.0,2.0,3.0,4.0,3.0,3.0,32.0,8.0,1.0,4.0,12.0,1.0,1.0,1.0,1.0,1.0,1.0,1.0,6.0,2.0,5.0,2.0,1.0,4.0,6.0,2.0,5.0,4.0,2.0,4.0,5.0,3.0,4.0,5.0,2.0,4.0,6.0,3.0,1.0,8.0,8.0,1.0,1.0,1.0,1.0,1.0,1.0,1.0,4.0,5.0,3.0,5.0,1.0,6.0,2.0,3.0,3.0,1.0,3.0,2.0,6.0,1.0,4.0,3.0,1.0,4.0,128.0,256.0,1.0,64.0,12.0,1.0,1.0,1.0,1.0,1.0,1.0,1.0,11173626192.0,80031904.80000001,7028100.0,0.0784671142857143,16.0,514.0,514.0,8.942465876689307e+17,1.0,1.0036264285714285,78.57142857142857,78.57142857142857
128.0,128000.0,256.0,64.0,2.0,26.0,42.0,8.0,3.0,1.0,6.0,6.0,4.0,6.0,2.0,4.0,6.0,5.0,6.0,4.0,5.0,6.0,3.0,5.0,6.0,2.0,3.0,1.0,1.0,1.0,1.0,5.0,192.0,384.0,1.0,256.0,128.0,1.0,1.0,1.0,1.0,1.0,1.0,1.0,1.0,4.0,1.0,6.0,4.0,5.0,3.0,3.0,6.0,6.0,1.0,3.0,3.0,5.0,4.0,6.0,4.0,6.0,8.0,32.0,1.0,16.0,8.0,1.0,16.0,16.0,1.0,1.0,1.0,1.0,3.0,6.0,2.0,5.0,1.0,1.0,6.0,3.0,2.0,5.0,1.0,1.0,6.0,3.0,1.0,6.0,2.0,3.0,4.0,16.0,1.0,128.0,1.0,1.0,4.0,16.0,1.0,1.0,1.0,1.0,1.0,6.0,5.0,4.0,2.0,2.0,1.0,4.0,6.0,3.0,2.0,2.0,2.0,2.0,5.0,1.0,1.0,2.0,48.0,1.0,1.0,64.0,24.0,1.0,1.0,1.0,1.0,1.0,1.0,1.0,5.0,2.0,3.0,4.0,1.0,3.0,5.0,4.0,5.0,4.0,5.0,1.0,2.0,4.0,2.0,5.0,1.0,6.0,6.0,24.0,1.0,3072.0,1024.0,1.0,1.0,1.0,1.0,1.0,1.0,1.0,3.0,3.0,1.0,5.0,4.0,1.0,3.0,2.0,1.0,4.0,4.0,1.0,1.0,4.0,6.0,6.0,4.0,3.0,512.0,48.0,1.0,1.0,6.0,1.0,1.0,1.0,1.0,1.0,1.0,1.0,10901449932.0,25018140.560000002,187538000.0,1.6264239285714284,336.0,514.0,275968.0,2.7273400670657846e+17,10.428571428571429,2.1130081571428567,78.57142857142857,17306.85714285714
8192.0,256000.0,256.0,64.0,1.0,18.0,14.0,24.0,4.0,1.0,1.0,5.0,5.0,2.0,6.0,2.0,6.0,3.0,3.0,5.0,1.0,5.0,1.0,1.0,4.0,5.0,3.0,6.0,6.0,4.0,4.0,1.0,6.0,4.0,1.0,16.0,16.0,1.0,1.0,1.0,1.0,1.0,1.0,1.0,2.0,3.0,3.0,1.0,3.0,2.0,4.0,6.0,1.0,3.0,4.0,5.0,2.0,5.0,2.0,1.0,1.0,5.0,16.0,1.0,1.0,16.0,128.0,1.0,2.0,4.0,1.0,1.0,1.0,1.0,5.0,6.0,5.0,3.0,2.0,6.0,2.0,1.0,1.0,4.0,6.0,3.0,6.0,5.0,6.0,1.0,6.0,5.0,4.0,64.0,1.0,4.0,16.0,1.0,8.0,2.0,1.0,1.0,1.0,1.0,4.0,2.0,4.0,2.0,6.0,6.0,2.0,4.0,6.0,2.0,6.0,6.0,6.0,3.0,2.0,1.0,6.0,1.0,2.0,48.0,1.0,48.0,16.0,1.0,1.0,1.0,1.0,1.0,1.0,1.0,3.0,6.0,6.0,1.0,4.0,2.0,1.0,3.0,4.0,1.0,3.0,1.0,6.0,1.0,2.0,4.0,1.0,4.0,6.0,2.0,1.0,384.0,16.0,1.0,1.0,1.0,1.0,1.0,1.0,1.0,2.0,3.0,4.0,1.0,6.0,1.0,6.0,2.0,1.0,3.0,5.0,6.0,5.0,5.0,3.0,5.0,1.0,6.0,3072.0,8.0,1.0,192.0,768.0,1.0,1.0,1.0,1.0,1.0,1.0,1.0,11173626192.0,80031904.80000001,10268200.0,0.1144362857142857,24.0,514.0,514.0,8.942465876689307e+17,1.0,1.0036264285714285,78.57142857142857,78.57142857142857
256000.0,1024000.0,256.0,64.0,1.0,20.0,44.0,26.0,4.0,1.0,2.0,2.0,6.0,2.0,1.0,5.0,1.0,6.0,5.0,6.0,5.0,4.0,3.0,5.0,6.0,1.0,2.0,4.0,5.0,2.0,5.0,5.0,3.0,32.0,1.0,384.0,2.0,1.0,1.0,1.0,1.0,1.0,1.0,1.0,6.0,3.0,3.0,2.0,3.0,3.0,3.0,3.0,6.0,3.0,6.0,5.0,5.0,5.0,5.0,4.0,5.0,1.0,4.0,32.0,1.0,128.0,4.0,1.0,1.0,1.0,1.0,1.0,1.0,1.0,3.0,5.0,2.0,1.0,5.0,4.0,1.0,1.0,1.0,3.0,5.0,1.0,5.0,1.0,1.0,3.0,6.0,5.0,64.0,1.0,1.0,4.0,2.0,1.0,64.0,16.0,1.0,1.0,1.0,1.0,3.0,4.0,6.0,3.0,3.0,3.0,3.0,5.0,4.0,3.0,4.0,6.0,1.0,3.0,6.0,3.0,2.0,3.0,64.0,4.0,1.0,16.0,6.0,1.0,1.0,1.0,1.0,1.0,1.0,1.0,6.0,3.0,3.0,6.0,1.0,5.0,4.0,3.0,5.0,6.0,4.0,3.0,6.0,5.0,3.0,5.0,5.0,6.0,768.0,96.0,1.0,12.0,2.0,1.0,1.0,1.0,1.0,1.0,1.0,1.0,6.0,5.0,3.0,6.0,1.0,5.0,1.0,6.0,6.0,2.0,3.0,1.0,2.0,1.0,4.0,1.0,2.0,5.0,32.0,1024.0,1.0,2.0,32.0,1.0,1.0,1.0,1.0,1.0,1.0,1.0,11173626192.0,84243415.2,11088400.0,0.12342900000000001,26.0,514.0,514.0,9.41304430582251e+17,1.0,1.0006346428571427,78.57142857142857,78.57142857142857
4096.0,4096000.0,256.0,64.0,3.0,40.0,20.0,38.0,4.0,2.0,4.0,6.0,1.0,1.0,6.0,6.0,4.0,3.0,3.0,3.0,6.0,3.0,5.0,5.0,1.0,2.0,5.0,2.0,6.0,3.0,2.0,4.0,24.0,64.0,1.0,72.0,16.0,1.0,1.0,1.0,1.0,1.0,1.0,1.0,6.0,3.0,6.0,4.0,4.0,1.0,5.0,3.0,6.0,1.0,5.0,1.0,6.0,1.0,4.0,3.0,1.0,5.0,2.0,32.0,1.0,32.0,2.0,1.0,2.0,8.0,1.0,1.0,1.0,1.0,6.0,1.0,2.0,3.0,6.0,3.0,6.0,2.0,3.0,3.0,2.0,3.0,3.0,5.0,1.0,4.0,4.0,3.0,4.0,4.0,1.0,2.0,4.0,1.0,1.0,32.0,1.0,1.0,1.0,1.0,2.0,1.0,4.0,6.0,5.0,3.0,5.0,3.0,5.0,5.0,5.0,3.0,3.0,1.0,5.0,2.0,2.0,6.0,12.0,2.0,1.0,128.0,192.0,1.0,1.0,1.0,1.0,1.0,1.0,1.0,6.0,3.0,2.0,1.0,4.0,3.0,2.0,1.0,3.0,5.0,3.0,6.0,3.0,4.0,1.0,1.0,1.0,1.0,48.0,24.0,1.0,12.0,3072.0,1.0,1.0,1.0,1.0,1.0,1.0,1.0,1.0,6.0,1.0,5.0,6.0,4.0,2.0,2.0,4.0,2.0,6.0,1.0,2.0,4.0,4.0,6.0,3.0,4.0,12.0,48.0,1.0,64.0,128.0,1.0,1.0,1.0,1.0,1.0,1.0,1.0,4064671500.0,19201936.080000002,482651000000.0,541.8031071428571,30400.0,514.0,1093632.0,7.804956232919773e+16,14.678571428571429,1.2278414178571428,78.57142857142857,46258.28571428572
64000.0,32000000.0,256.0,64.0,1.0,14.0,12.0,6.0,4.0,1.0,6.0,6.0,6.0,3.0,1.0,2.0,6.0,6.0,5.0,2.0,2.0,5.0,2.0,4.0,4.0,2.0,1.0,2.0,6.0,5.0,1.0,4.0,12.0,16.0,1.0,9.0,9.0,1.0,1.0,1.0,1.0,1.0,1.0,1.0,1.0,4.0,5.0,5.0,2.0,6.0,5.0,3.0,3.0,6.0,5.0,3.0,2.0,6.0,3.0,1.0,5.0,1.0,64.0,2.0,1.0,128.0,128.0,1.0,32.0,128.0,1.0,1.0,1.0,1.0,2.0,3.0,4.0,3.0,1.0,3.0,5.0,2.0,3.0,2.0,5.0,3.0,2.0,6.0,3.0,5.0,4.0,3.0,64.0,32.0,1.0,16.0,16.0,1.0,4.0,32.0,1.0,1.0,1.0,1.0,3.0,1.0,5.0,4.0,2.0,2.0,6.0,1.0,4.0,5.0,4.0,3.0,5.0,1.0,5.0,1.0,3.0,5.0,6.0,192.0,1.0,128.0,16.0,1.0,1.0,1.0,1.0,1.0,1.0,1.0,2.0,5.0,5.0,5.0,4.0,5.0,1.0,5.0,4.0,2.0,1.0,6.0,3.0,5.0,6.0,5.0,4.0,2.0,1.0,6.0,1.0,8.0,256.0,1.0,1.0,1.0,1.0,1.0,1.0,1.0,3.0,1.0,4.0,2.0,6.0,5.0,1.0,1.0,5.0,1.0,2.0,2.0,2.0,3.0,4.0,2.0,5.0,3.0,384.0,12.0,1.0,8.0,24.0,1.0,1.0,1.0,1.0,1.0,1.0,1.0,10923540816.0,114032925.6,3069750.0,0.033564842857142854,6.0,514.0,514.0,1.2456433171594913e+18,5.12986857142857,5.977806428571428,78.57142857142857,95.71428571428571
16000.0,1024000.0,256.0,64.0,3.0,16.0,34.0,32.0,6.0,1.0,2.0,6.0,6.0,2.0,6.0,1.0,6.0,6.0,5.0,4.0,6.0,3.0,1.0,4.0,6.0,1.0,4.0,1.0,6.0,2.0,1.0,3.0,64.0,12.0,1.0,576.0,9.0,1.0,1.0,1.0,1.0,1.0,1.0,1.0,6.0,2.0,1.0,2.0,3.0,6.0,4.0,5.0,1.0,1.0,5.0,3.0,1.0,3.0,5.0,3.0,2.0,1.0,8.0,8.0,1.0,8.0,64.0,1.0,8.0,64.0,1.0,1.0,1.0,1.0,1.0,4.0,4.0,5.0,6.0,1.0,1.0,4.0,6.0,6.0,6.0,6.0,3.0,4.0,6.0,2.0,2.0,5.0,64.0,1.0,1.0,32.0,16.0,1.0,1.0,2.0,1.0,1.0,1.0,1.0,6.0,6.0,2.0,4.0,6.0,3.0,5.0,3.0,2.0,1.0,1.0,4.0,3.0,6.0,3.0,6.0,1.0,1.0,6.0,4.0,1.0,1.0,16.0,1.0,1.0,1.0,1.0,1.0,1.0,1.0,2.0,1.0,4.0,5.0,4.0,4.0,2.0,5.0,3.0,5.0,3.0,1.0,4.0,5.0,3.0,6.0,3.0,1.0,1.0,6.0,1.0,96.0,192.0,1.0,1.0,1.0,1.0,1.0,1.0,1.0,2.0,2.0,6.0,2.0,3.0,5.0,3.0,6.0,5.0,6.0,4.0,5.0,2.0,3.0,6.0,5.0,4.0,6.0,24.0,96.0,1.0,3.0,3.0,1.0,1.0,1.0,1.0,1.0,1.0,1.0,835595040.0,17935020.72,161127000000.0,211.34435714285712,17408.0,514.0,1228800.0,1.4986414355929228e+16,6.428571428571429,0.02706475,78.57142857142857,77686.85714285714
8192.0,64000.0,256.0,64.0,1.0,22.0,10.0,32.0,5.0,2.0,4.0,1.0,4.0,3.0,4.0,3.0,6.0,5.0,6.0,5.0,6.0,3.0,1.0,4.0,5.0,4.0,1.0,2.0,2.0,2.0,5.0,6.0,384.0,12.0,1.0,2304.0,2304.0,1.0,1.0,1.0,1.0,1.0,1.0,1.0,3.0,1.0,4.0,3.0,6.0,2.0,5.0,5.0,1.0,5.0,2.0,3.0,2.0,3.0,2.0,5.0,2.0,3.0,32.0,4.0,1.0,4.0,64.0,1.0,32.0,1.0,1.0,1.0,1.0,1.0,1.0,5.0,2.0,3.0,1.0,3.0,2.0,2.0,3.0,1.0,4.0,1.0,4.0,5.0,3.0,4.0,4.0,5.0,2.0,1.0,1.0,1.0,2.0,1.0,32.0,1.0,1.0,1.0,1.0,1.0,6.0,2.0,5.0,4.0,3.0,3.0,5.0,1.0,1.0,4.0,4.0,1.0,4.0,4.0,5.0,2.0,3.0,4.0,12.0,128.0,1.0,64.0,64.0,1.0,1.0,1.0,1.0,1.0,1.0,1.0,6.0,4.0,1.0,3.0,3.0,6.0,5.0,2.0,2.0,2.0,3.0,4.0,3.0,6.0,4.0,4.0,5.0,6.0,64.0,2.0,1.0,192.0,12.0,1.0,1.0,1.0,1.0,1.0,1.0,1.0,1.0,2.0,4.0,2.0,4.0,6.0,2.0,3.0,6.0,3.0,1.0,6.0,5.0,1.0,4.0,2.0,3.0,6.0,1024.0,256.0,1.0,128.0,128.0,1.0,1.0,1.0,1.0,1.0,1.0,1.0,349176912.0,49395465.12,13574300.0,0.154875,32.0,514.0,8512.0,1.7247755977405308e+16,32.0,29.92864714285714,78.57142857142857,1327.4285714285713
2048.0,128000.0,256.0,64.0,2.0,44.0,16.0,2.0,1.0,6.0,1.0,1.0,6.0,4.0,6.0,6.0,5.0,3.0,4.0,3.0,3.0,4.0,1.0,1.0,1.0,4.0,5.0,3.0,4.0,1.0,3.0,2.0,6.0,96.0,1.0,96.0,8.0,1.0,1.0,1.0,1.0,1.0,1.0,1.0,5.0,3.0,5.0,6.0,1.0,6.0,3.0,1.0,3.0,2.0,4.0,3.0,1.0,4.0,4.0,3.0,5.0,4.0,2.0,1.0,1.0,1.0,4.0,1.0,1.0,2.0,1.0,1.0,1.0,1.0,2.0,2.0,5.0,6.0,5.0,6.0,5.0,3.0,1.0,1.0,5.0,6.0,1.0,5.0,1.0,1.0,6.0,2.0,8.0,2.0,1.0,16.0,2.0,1.0,1.0,64.0,1.0,1.0,1.0,1.0,1.0,1.0,4.0,3.0,6.0,2.0,4.0,2.0,6.0,3.0,5.0,5.0,6.0,5.0,2.0,4.0,6.0,4.0,16.0,384.0,1.0,32.0,384.0,1.0,1.0,1.0,1.0,1.0,1.0,1.0,2.0,1.0,2.0,5.0,2.0,1.0,1.0,6.0,6.0,1.0,1.0,6.0,5.0,3.0,5.0,3.0,3.0,6.0,768.0,256.0,1.0,8.0,256.0,1.0,1.0,1.0,1.0,1.0,1.0,1.0,5.0,6.0,4.0,6.0,5.0,3.0,3.0,5.0,1.0,3.0,4.0,5.0,6.0,5.0,2.0,2.0,1.0,6.0,2.0,16.0,1.0,192.0,4.0,1.0,1.0,1.0,1.0,1.0,1.0,1.0,729277248.0,29701372.240000006,13590400.0,0.19607342857142854,32.0,514.0,163840.0,2.16605350090108e+16,15.857142857142858,6.6278023571428575,78.57142857142857,13268.857142857143
1024.0,1024000.0,256.0,64.0,3.0,6.0,36.0,38.0,5.0,1.0,4.0,3.0,2.0,6.0,3.0,4.0,1.0,3.0,3.0,5.0,6.0,1.0,1.0,6.0,6.0,2.0,5.0,2.0,2.0,5.0,5.0,5.0,96.0,64.0,1.0,192.0,24.0,1.0,1.0,1.0,1.0,1.0,1.0,1.0,1.0,3.0,6.0,5.0,4.0,4.0,3.0,2.0,1.0,5.0,4.0,2.0,6.0,2.0,1.0,3.0,3.0,4.0,16.0,8.0,1.0,2.0,64.0,1.0,8.0,1.0,1.0,1.0,1.0,1.0,3.0,6.0,6.0,5.0,2.0,5.0,1.0,3.0,5.0,3.0,4.0,3.0,4.0,3.0,1.0,6.0,3.0,4.0,8.0,2.0,1.0,64.0,32.0,1.0,32.0,1.0,1.0,1.0,1.0,1.0,3.0,3.0,3.0,2.0,1.0,3.0,2.0,4.0,1.0,2.0,3.0,3.0,1.0,6.0,6.0,2.0,4.0,1.0,192.0,192.0,1.0,24.0,48.0,1.0,1.0,1.0,1.0,1.0,1.0,1.0,6.0,4.0,6.0,1.0,3.0,2.0,4.0,1.0,5.0,3.0,3.0,5.0,1.0,5.0,2.0,6.0,4.0,4.0,768.0,96.0,1.0,64.0,6.0,1.0,1.0,1.0,1.0,1.0,1.0,1.0,3.0,1.0,4.0,5.0,2.0,3.0,1.0,1.0,3.0,1.0,2.0,5.0,4.0,3.0,2.0,4.0,2.0,6.0,96.0,1536.0,1.0,12.0,768.0,1.0,1.0,1.0,1.0,1.0,1.0,1.0,3516476880.0,18126574.660000004,37490900000.0,66.88128928571427,8208.0,514.0,2949120.0,6.374168070548387e+16,3.5357142857142856,0.2764136928571429,78.57142857142857,127085.71428571429
128.0,32000000.0,256.0,64.0,2.0,48.0,28.0,18.0,5.0,3.0,1.0,3.0,4.0,6.0,6.0,4.0,3.0,1.0,2.0,4.0,4.0,2.0,6.0,4.0,3.0,5.0,1.0,1.0,6.0,2.0,2.0,1.0,64.0,16.0,1.0,64.0,1152.0,1.0,1.0,1.0,1.0,1.0,1.0,1.0,6.0,4.0,3.0,3.0,3.0,5.0,5.0,2.0,3.0,6.0,5.0,5.0,1.0,3.0,3.0,2.0,1.0,2.0,1.0,32.0,1.0,64.0,64.0,1.0,128.0,16.0,1.0,1.0,1.0,1.0,6.0,5.0,6.0,3.0,3.0,2.0,2.0,6.0,6.0,3.0,4.0,4.0,1.0,4.0,2.0,3.0,6.0,4.0,64.0,64.0,1.0,8.0,2.0,1.0,4.0,4.0,1.0,1.0,1.0,1.0,1.0,5.0,5.0,3.0,3.0,3.0,5.0,2.0,1.0,2.0,1.0,1.0,5.0,5.0,3.0,1.0,1.0,2.0,384.0,48.0,1.0,256.0,192.0,1.0,1.0,1.0,1.0,1.0,1.0,1.0,3.0,3.0,4.0,4.0,6.0,6.0,6.0,3.0,5.0,4.0,6.0,1.0,1.0,3.0,4.0,2.0,6.0,6.0,1.0,64.0,1.0,1536.0,1.0,1.0,1.0,1.0,1.0,1.0,1.0,1.0,1.0,6.0,5.0,2.0,3.0,5.0,1.0,1.0,5.0,4.0,5.0,5.0,2.0,1.0,6.0,3.0,5.0,1.0,128.0,512.0,1.0,1.0,1.0,1.0,1.0,1.0,1.0,1.0,1.0,1.0,4268457768.0,35223271.42,324051000.0,2.4054207142857145,504.0,514.0,79872.0,1.503490465070714e+17,9.035714285714286,4.6161715,78.57142857142857,6146.357142857143
128000.0,16000.0,256.0,64.0,3.0,2.0,4.0,10.0,6.0,3.0,1.0,6.0,2.0,5.0,3.0,5.0,1.0,5.0,1.0,4.0,4.0,4.0,3.0,3.0,5.0,2.0,1.0,5.0,2.0,6.0,5.0,3.0,2.0,384.0,1.0,4.0,96.0,1.0,1.0,1.0,1.0,1.0,1.0,1.0,6.0,1.0,3.0,1.0,3.0,3.0,6.0,5.0,5.0,4.0,2.0,6.0,3.0,2.0,3.0,3.0,2.0,1.0,1.0,8.0,1.0,2.0,4.0,1.0,8.0,32.0,1.0,1.0,1.0,1.0,6.0,4.0,5.0,3.0,1.0,2.0,3.0,6.0,3.0,3.0,5.0,3.0,5.0,1.0,5.0,2.0,4.0,4.0,8.0,64.0,1.0,1.0,1.0,1.0,8.0,4.0,1.0,1.0,1.0,1.0,5.0,6.0,6.0,3.0,3.0,2.0,5.0,3.0,6.0,3.0,5.0,5.0,5.0,6.0,5.0,2.0,1.0,1.0,2.0,16.0,1.0,32.0,48.0,1.0,1.0,1.0,1.0,1.0,1.0,1.0,3.0,1.0,3.0,5.0,3.0,4.0,1.0,3.0,5.0,2.0,5.0,2.0,6.0,4.0,2.0,1.0,2.0,2.0,256.0,16.0,1.0,6.0,32.0,1.0,1.0,1.0,1.0,1.0,1.0,1.0,2.0,4.0,2.0,2.0,5.0,2.0,3.0,5.0,3.0,5.0,2.0,4.0,3.0,6.0,6.0,2.0,6.0,5.0,192.0,32.0,1.0,12.0,192.0,1.0,1.0,1.0,1.0,1.0,1.0,1.0,6199807176.0,18180281.519999996,34813300.0,0.4799272857142858,80.0,514.0,368640.0,1.1271423982939616e+17,1.9821428571428572,0.16210942964285713,78.57142857142857,32281.14285714286
256000.0,8192000.0,256.0,64.0,2.0,42.0,44.0,2.0,2.0,3.0,4.0,6.0,4.0,3.0,5.0,2.0,6.0,6.0,1.0,5.0,6.0,4.0,2.0,3.0,6.0,2.0,5.0,5.0,2.0,4.0,3.0,3.0,24.0,32.0,1.0,128.0,64.0,1.0,1.0,1.0,1.0,1.0,1.0,1.0,1.0,5.0,2.0,6.0,2.0,1.0,3.0,5.0,3.0,2.0,6.0,6.0,1.0,4.0,2.0,1.0,1.0,1.0,2.0,16.0,1.0,2.0,2.0,1.0,1.0,32.0,1.0,1.0,1.0,1.0,5.0,6.0,2.0,1.0,1.0,1.0,1.0,3.0,2.0,3.0,5.0,1.0,5.0,6.0,5.0,2.0,5.0,1.0,2.0,32.0,1.0,4.0,64.0,1.0,32.0,4.0,1.0,1.0,1.0,1.0,1.0,2.0,3.0,5.0,3.0,5.0,4.0,4.0,6.0,5.0,4.0,6.0,6.0,5.0,5.0,5.0,6.0,1.0,128.0,96.0,1.0,2.0,96.0,1.0,1.0,1.0,1.0,1.0,1.0,1.0,1.0,4.0,1.0,1.0,2.0,4.0,4.0,2.0,4.0,2.0,2.0,3.0,4.0,1.0,3.0,1.0,3.0,4.0,768.0,16.0,1.0,16.0,1536.0,1.0,1.0,1.0,1.0,1.0,1.0,1.0,5.0,1.0,6.0,4.0,2.0,6.0,1.0,5.0,3.0,4.0,1.0,3.0,3.0,6.0,2.0,4.0,6.0,2.0,1536.0,1.0,1.0,32.0,16.0,1.0,1.0,1.0,1.0,1.0,1.0,1.0,11142527676.0,37048074.620000005,38539600.0,0.41315435714285714,88.0,514.0,25600.0,4.1280919679586323e+17,1.4285714285714286,0.6171408321428571,78.57142857142857,2325.714285714286
32000.0,1024000.0,256.0,64.0,3.0,46.0,48.0,20.0,3.0,2.0,2.0,4.0,4.0,3.0,3.0,4.0,2.0,3.0,6.0,4.0,3.0,3.0,2.0,4.0,6.0,3.0,3.0,1.0,1.0,3.0,6.0,1.0,16.0,12.0,1.0,576.0,6.0,1.0,1.0,1.0,1.0,1.0,1.0,1.0,6.0,2.0,3.0,2.0,4.0,1.0,2.0,2.0,3.0,6.0,6.0,2.0,3.0,2.0,1.0,5.0,2.0,2.0,64.0,32.0,1.0,1.0,32.0,1.0,2.0,4.0,1.0,1.0,1.0,1.0,3.0,6.0,1.0,2.0,5.0,2.0,3.0,3.0,6.0,2.0,1.0,4.0,2.0,4.0,1.0,1.0,2.0,3.0,32.0,1.0,1.0,128.0,1.0,1.0,64.0,32.0,1.0,1.0,1.0,1.0,3.0,1.0,3.0,6.0,6.0,4.0,3.0,2.0,1.0,4.0,3.0,4.0,2.0,4.0,2.0,6.0,2.0,6.0,64.0,96.0,1.0,64.0,128.0,1.0,1.0,1.0,1.0,1.0,1.0,1.0,5.0,4.0,1.0,5.0,2.0,2.0,4.0,3.0,1.0,2.0,2.0,1.0,4.0,1.0,4.0,1.0,1.0,3.0,8.0,24.0,1.0,256.0,1.0,1.0,1.0,1.0,1.0,1.0,1.0,1.0,5.0,5.0,5.0,3.0,3.0,5.0,1.0,6.0,1.0,1.0,3.0,1.0,3.0,4.0,5.0,6.0,4.0,3.0,2.0,1.0,1.0,2.0,64.0,1.0,1.0,1.0,1.0,1.0,1.0,1.0,4676021544.0,27032568.1,1010770000000.0,1053.1217857142856,44160.0,514.0,169984.0,1.2640487082524715e+17,8.535714285714286,1.1255763214285712,78.57142857142857,26980.571428571428
32000.0,4096000.0,256.0,64.0,1.0,22.0,26.0,40.0,6.0,4.0,5.0,5.0,1.0,2.0,3.0,6.0,5.0,5.0,6.0,1.0,2.0,6.0,1.0,5.0,6.0,1.0,6.0,1.0,5.0,5.0,4.0,3.0,96.0,3.0,1.0,384.0,1.0,1.0,1.0,1.0,1.0,1.0,1.0,1.0,6.0,6.0,5.0,5.0,3.0,5.0,2.0,3.0,5.0,6.0,1.0,4.0,6.0,5.0,6.0,2.0,3.0,3.0,4.0,8.0,1.0,64.0,128.0,1.0,64.0,2.0,1.0,1.0,1.0,1.0,1.0,2.0,6.0,2.0,2.0,6.0,3.0,4.0,6.0,3.0,1.0,3.0,4.0,6.0,5.0,2.0,6.0,1.0,16.0,64.0,1.0,16.0,64.0,1.0,64.0,4.0,1.0,1.0,1.0,1.0,3.0,4.0,2.0,6.0,6.0,6.0,6.0,2.0,3.0,6.0,2.0,6.0,6.0,2.0,1.0,5.0,2.0,1.0,64.0,1.0,1.0,384.0,192.0,1.0,1.0,1.0,1.0,1.0,1.0,1.0,1.0,1.0,3.0,3.0,6.0,2.0,2.0,6.0,5.0,2.0,2.0,2.0,4.0,5.0,1.0,5.0,1.0,3.0,4.0,96.0,1.0,2.0,4.0,1.0,1.0,1.0,1.0,1.0,1.0,1.0,6.0,5.0,2.0,3.0,5.0,3.0,3.0,3.0,6.0,2.0,5.0,1.0,5.0,4.0,5.0,2.0,1.0,6.0,64.0,1536.0,1.0,64.0,12.0,1.0,1.0,1.0,1.0,1.0,1.0,1.0,289015056.0,37285449.599999994,16945000.0,0.19222442857142857,40.0,514.0,10576.0,1.0776056304129176e+16,32.96771785714286,38.28177821428571,78.57142857142857,1649.7142857142858
1024000.0,32000.0,256.0,64.0,3.0,32.0,30.0,38.0,6.0,3.0,3.0,4.0,2.0,6.0,5.0,3.0,2.0,6.0,3.0,4.0,5.0,2.0,4.0,5.0,6.0,1.0,6.0,6.0,5.0,4.0,3.0,1.0,256.0,4.0,1.0,9.0,768.0,1.0,1.0,1.0,1.0,1.0,1.0,1.0,5.0,1.0,2.0,1.0,4.0,3.0,6.0,6.0,4.0,1.0,5.0,4.0,3.0,1.0,3.0,2.0,1.0,6.0,2.0,32.0,1.0,32.0,2.0,1.0,32.0,1.0,1.0,1.0,1.0,1.0,1.0,6.0,2.0,3.0,6.0,2.0,6.0,6.0,6.0,1.0,6.0,3.0,6.0,6.0,5.0,4.0,4.0,2.0,8.0,32.0,1.0,2.0,64.0,1.0,8.0,8.0,1.0,1.0,1.0,1.0,1.0,4.0,5.0,5.0,1.0,3.0,3.0,6.0,5.0,3.0,1.0,6.0,1.0,6.0,4.0,3.0,3.0,4.0,256.0,24.0,1.0,768.0,8.0,1.0,1.0,1.0,1.0,1.0,1.0,1.0,5.0,2.0,1.0,1.0,2.0,1.0,3.0,6.0,4.0,4.0,2.0,3.0,6.0,2.0,4.0,1.0,5.0,3.0,96.0,4.0,1.0,64.0,1024.0,1.0,1.0,1.0,1.0,1.0,1.0,1.0,1.0,4.0,2.0,5.0,4.0,2.0,1.0,6.0,1.0,4.0,2.0,4.0,5.0,2.0,4.0,3.0,1.0,4.0,2.0,768.0,1.0,2.0,96.0,1.0,1.0,1.0,1.0,1.0,1.0,1.0,2701474548.0,17734002.199999996,692211000000.0,748.0002857142857,36480.0,514.0,2031616.0,4.790795557747599e+16,3.2142857142857144,0.0,78.57142857142857,247661.7142857143
128000.0,256000.0,256.0,64.0,1.0,40.0,44.0,2.0,3.0,4.0,2.0,1.0,5.0,6.0,1.0,2.0,4.0,4.0,2.0,3.0,3.0,4.0,6.0,5.0,1.0,3.0,4.0,3.0,3.0,3.0,5.0,3.0,96.0,128.0,1.0,16.0,9.0,1.0,1.0,1.0,1.0,1.0,1.0,1.0,3.0,2.0,5.0,3.0,2.0,2.0,4.0,1.0,2.0,3.0,2.0,6.0,4.0,3.0,1.0,6.0,5.0,6.0,1.0,32.0,1.0,1.0,2.0,1.0,32.0,64.0,1.0,1.0,1.0,1.0,3.0,1.0,1.0,5.0,5.0,2.0,2.0,2.0,4.0,2.0,4.0,5.0,4.0,3.0,5.0,2.0,3.0,4.0,1.0,4.0,1.0,2.0,2.0,1.0,2.0,32.0,1.0,1.0,1.0,1.0,6.0,5.0,5.0,1.0,4.0,1.0,5.0,1.0,5.0,6.0,3.0,6.0,6.0,2.0,2.0,4.0,6.0,1.0,192.0,32.0,1.0,1.0,96.0,1.0,1.0,1.0,1.0,1.0,1.0,1.0,4.0,4.0,3.0,3.0,5.0,5.0,4.0,4.0,2.0,5.0,6.0,3.0,3.0,5.0,4.0,1.0,3.0,2.0,48.0,12.0,1.0,256.0,8.0,1.0,1.0,1.0,1.0,1.0,1.0,1.0,4.0,1.0,1.0,3.0,3.0,1.0,3.0,3.0,5.0,2.0,1.0,6.0,6.0,4.0,3.0,3.0,2.0,4.0,768.0,12.0,1.0,6.0,3.0,1.0,1.0,1.0,1.0,1.0,1.0,1.0,11173626192.0,84254210.39999999,1518260.0,0.015521114285714285,2.0,514.0,514.0,9.414250521117187e+17,1.0,1.0036264285714285,78.57142857142857,78.57142857142857
32000.0,8192000.0,256.0,64.0,3.0,18.0,48.0,28.0,4.0,5.0,1.0,5.0,4.0,1.0,1.0,4.0,2.0,3.0,5.0,5.0,6.0,4.0,5.0,1.0,4.0,1.0,2.0,3.0,6.0,2.0,5.0,5.0,256.0,16.0,1.0,18.0,192.0,1.0,1.0,1.0,1.0,1.0,1.0,1.0,5.0,6.0,5.0,3.0,2.0,2.0,2.0,4.0,5.0,1.0,4.0,4.0,2.0,3.0,4.0,1.0,3.0,4.0,32.0,8.0,1.0,128.0,4.0,1.0,2.0,1.0,1.0,1.0,1.0,1.0,2.0,1.0,4.0,2.0,4.0,4.0,3.0,1.0,6.0,1.0,2.0,6.0,4.0,5.0,4.0,3.0,5.0,1.0,16.0,8.0,1.0,8.0,64.0,1.0,2.0,2.0,1.0,1.0,1.0,1.0,3.0,1.0,2.0,1.0,2.0,4.0,3.0,2.0,1.0,3.0,2.0,1.0,3.0,4.0,6.0,1.0,5.0,1.0,3.0,8.0,1.0,64.0,16.0,1.0,1.0,1.0,1.0,1.0,1.0,1.0,5.0,3.0,1.0,6.0,5.0,1.0,5.0,3.0,1.0,6.0,6.0,2.0,6.0,6.0,1.0,6.0,6.0,6.0,48.0,32.0,1.0,1536.0,128.0,1.0,1.0,1.0,1.0,1.0,1.0,1.0,1.0,2.0,5.0,6.0,5.0,2.0,6.0,6.0,5.0,4.0,6.0,2.0,6.0,1.0,4.0,2.0,3.0,5.0,3072.0,192.0,1.0,8.0,2.0,1.0,1.0,1.0,1.0,1.0,1.0,1.0,197937096.0,18461572.92,307554000000.0,365.7960357142857,24192.0,514.0,1785856.0,3654230131377040.5,34.81632142857143,1.909038214285714,78.57142857142857,162422.85714285713
64000.0,64000.0,256.0,64.0,3.0,28.0,20.0,20.0,1.0,3.0,3.0,4.0,1.0,6.0,1.0,6.0,5.0,6.0,1.0,3.0,4.0,1.0,4.0,6.0,5.0,5.0,3.0,1.0,2.0,1.0,1.0,2.0,16.0,192.0,1.0,384.0,1152.0,1.0,1.0,1.0,1.0,1.0,1.0,1.0,4.0,1.0,4.0,6.0,2.0,3.0,2.0,3.0,4.0,5.0,5.0,5.0,1.0,6.0,4.0,2.0,4.0,2.0,64.0,64.0,1.0,4.0,4.0,1.0,1.0,4.0,1.0,1.0,1.0,1.0,2.0,6.0,1.0,1.0,6.0,5.0,4.0,4.0,4.0,5.0,2.0,4.0,5.0,1.0,4.0,3.0,2.0,1.0,2.0,128.0,1.0,8.0,64.0,1.0,4.0,64.0,1.0,1.0,1.0,1.0,3.0,2.0,1.0,4.0,1.0,4.0,4.0,3.0,4.0,5.0,1.0,1.0,4.0,5.0,5.0,3.0,1.0,3.0,48.0,64.0,1.0,24.0,3.0,1.0,1.0,1.0,1.0,1.0,1.0,1.0,1.0,1.0,2.0,3.0,3.0,2.0,6.0,2.0,4.0,1.0,2.0,6.0,6.0,3.0,3.0,5.0,6.0,2.0,6.0,24.0,1.0,8.0,4.0,1.0,1.0,1.0,1.0,1.0,1.0,1.0,6.0,4.0,4.0,5.0,1.0,4.0,5.0,6.0,5.0,5.0,5.0,2.0,5.0,4.0,3.0,1.0,2.0,2.0,2.0,64.0,1.0,256.0,8.0,1.0,1.0,1.0,1.0,1.0,1.0,1.0,1866130212.0,18883138.939999998,68233700000.0,105.51957142857144,11200.0,514.0,786432.0,3.5238396073327652e+16,6.364285714285713,0.4296245642857142,78.57142857142857,51410.28571428572
8192.0,16000.0,256.0,64.0,1.0,44.0,32.0,18.0,6.0,2.0,3.0,2.0,4.0,2.0,1.0,1.0,4.0,2.0,3.0,2.0,6.0,4.0,5.0,3.0,2.0,5.0,1.0,5.0,4.0,6.0,3.0,1.0,32.0,64.0,1.0,3.0,96.0,1.0,1.0,1.0,1.0,1.0,1.0,1.0,5.0,3.0,6.0,2.0,4.0,4.0,6.0,2.0,5.0,1.0,6.0,4.0,2.0,6.0,3.0,2.0,3.0,6.0,16.0,16.0,1.0,4.0,8.0,1.0,1.0,8.0,1.0,1.0,1.0,1.0,2.0,2.0,3.0,2.0,2.0,2.0,5.0,5.0,3.0,3.0,1.0,4.0,3.0,5.0,6.0,6.0,6.0,6.0,1.0,32.0,1.0,1.0,4.0,1.0,64.0,1.0,1.0,1.0,1.0,1.0,4.0,1.0,2.0,2.0,2.0,5.0,2.0,6.0,4.0,2.0,3.0,6.0,6.0,6.0,5.0,2.0,2.0,1.0,16.0,384.0,1.0,4.0,48.0,1.0,1.0,1.0,1.0,1.0,1.0,1.0,6.0,4.0,3.0,5.0,5.0,2.0,6.0,4.0,5.0,6.0,6.0,2.0,2.0,5.0,1.0,4.0,4.0,1.0,1.0,768.0,1.0,1024.0,1024.0,1.0,1.0,1.0,1.0,1.0,1.0,1.0,5.0,2.0,4.0,6.0,4.0,1.0,1.0,1.0,2.0,3.0,5.0,4.0,5.0,1.0,3.0,1.0,3.0,2.0,8.0,96.0,1.0,6.0,4.0,1.0,1.0,1.0,1.0,1.0,1.0,1.0,626393856.0,52222284.00000001,7832460.0,0.08982214285714286,18.0,514.0,4900.0,3.2711717843887108e+16,16.269514285714287,25.866234642857144,78.57142857142857,763.4285714285714
1024.0,1024000.0,256.0,64.0,1.0,32.0,10.0,14.0,6.0,3.0,5.0,3.0,6.0,3.0,4.0,2.0,2.0,1.0,4.0,2.0,6.0,2.0,3.0,4.0,2.0,1.0,6.0,2.0,4.0,5.0,3.0,5.0,256.0,96.0,1.0,64.0,32.0,1.0,1.0,1.0,1.0,1.0,1.0,1.0,3.0,6.0,5.0,4.0,5.0,2.0,4.0,2.0,5.0,3.0,2.0,5.0,4.0,5.0,5.0,6.0,4.0,6.0,1.0,4.0,1.0,4.0,1.0,1.0,1.0,128.0,1.0,1.0,1.0,1.0,3.0,5.0,2.0,3.0,5.0,5.0,1.0,1.0,2.0,3.0,2.0,6.0,2.0,4.0,4.0,2.0,2.0,1.0,2.0,32.0,1.0,128.0,1.0,1.0,2.0,64.0,1.0,1.0,1.0,1.0,2.0,3.0,2.0,4.0,6.0,2.0,6.0,1.0,5.0,4.0,3.0,4.0,6.0,1.0,6.0,3.0,4.0,6.0,768.0,2.0,1.0,1.0,128.0,1.0,1.0,1.0,1.0,1.0,1.0,1.0,5.0,4.0,1.0,4.0,6.0,6.0,5.0,5.0,3.0,5.0,6.0,4.0,4.0,5.0,6.0,3.0,5.0,2.0,768.0,24.0,1.0,16.0,8.0,1.0,1.0,1.0,1.0,1.0,1.0,1.0,3.0,1.0,3.0,1.0,2.0,3.0,4.0,4.0,5.0,1.0,4.0,4.0,2.0,6.0,5.0,5.0,1.0,3.0,16.0,384.0,1.0,64.0,48.0,1.0,1.0,1.0,1.0,1.0,1.0,1.0,802161312.0,57560340.0,6228620.0,0.07128174285714285,14.0,514.0,3868.0,4.617267785356608e+16,12.966228571428573,21.209823928571424,78.57142857142857,602.2857142857143
256000.0,4096000.0,256.0,64.0,2.0,46.0,44.0,8.0,6.0,6.0,6.0,3.0,3.0,2.0,1.0,5.0,4.0,3.0,4.0,2.0,3.0,3.0,2.0,5.0,5.0,3.0,4.0,2.0,3.0,6.0,3.0,5.0,4.0,6.0,1.0,768.0,6.0,1.0,1.0,1.0,1.0,1.0,1.0,1.0,1.0,3.0,4.0,3.0,3.0,5.0,2.0,5.0,4.0,5.0,4.0,2.0,5.0,3.0,5.0,3.0,6.0,6.0,32.0,64.0,1.0,4.0,128.0,1.0,1.0,4.0,1.0,1.0,1.0,1.0,6.0,4.0,2.0,1.0,5.0,6.0,2.0,5.0,5.0,2.0,5.0,4.0,2.0,1.0,1.0,2.0,5.0,6.0,32.0,128.0,1.0,8.0,64.0,1.0,1.0,64.0,1.0,1.0,1.0,1.0,2.0,1.0,4.0,5.0,1.0,2.0,4.0,1.0,6.0,1.0,4.0,4.0,4.0,6.0,6.0,1.0,2.0,6.0,192.0,384.0,1.0,8.0,12.0,1.0,1.0,1.0,1.0,1.0,1.0,1.0,2.0,1.0,4.0,1.0,1.0,1.0,6.0,5.0,5.0,6.0,4.0,2.0,2.0,5.0,6.0,3.0,5.0,3.0,128.0,3.0,1.0,4.0,128.0,1.0,1.0,1.0,1.0,1.0,1.0,1.0,1.0,5.0,2.0,2.0,6.0,4.0,6.0,3.0,3.0,4.0,2.0,5.0,3.0,3.0,3.0,2.0,1.0,5.0,384.0,96.0,1.0,48.0,96.0,1.0,1.0,1.0,1.0,1.0,1.0,1.0,99940584.0,18047164.52,199387000.0,1.8190578571428573,352.0,514.0,1093632.0,1803644161672879.8,41.75239285714286,2.0272495000000004,78.57142857142857,50884.57142857143
4096.0,64000.0,256.0,64.0,1.0,40.0,16.0,36.0,4.0,3.0,4.0,1.0,4.0,2.0,1.0,5.0,5.0,3.0,5.0,1.0,2.0,3.0,5.0,6.0,2.0,5.0,1.0,4.0,2.0,4.0,5.0,2.0,24.0,2.0,1.0,3.0,1.0,1.0,1.0,1.0,1.0,1.0,1.0,1.0,1.0,3.0,3.0,5.0,2.0,2.0,3.0,1.0,4.0,2.0,6.0,4.0,6.0,6.0,5.0,3.0,6.0,4.0,16.0,16.0,1.0,128.0,8.0,1.0,32.0,128.0,1.0,1.0,1.0,1.0,1.0,2.0,6.0,1.0,6.0,1.0,5.0,5.0,6.0,1.0,6.0,1.0,6.0,5.0,4.0,1.0,3.0,2.0,128.0,64.0,1.0,1.0,8.0,1.0,2.0,4.0,1.0,1.0,1.0,1.0,1.0,3.0,5.0,3.0,5.0,5.0,2.0,2.0,2.0,3.0,3.0,1.0,3.0,6.0,6.0,4.0,5.0,4.0,6.0,24.0,1.0,6.0,4.0,1.0,1.0,1.0,1.0,1.0,1.0,1.0,3.0,2.0,3.0,5.0,5.0,5.0,2.0,1.0,3.0,6.0,5.0,6.0,2.0,6.0,2.0,2.0,1.0,2.0,32.0,768.0,1.0,2.0,48.0,1.0,1.0,1.0,1.0,1.0,1.0,1.0,1.0,3.0,1.0,5.0,6.0,2.0,3.0,5.0,1.0,1.0,4.0,6.0,4.0,6.0,1.0,4.0,3.0,2.0,2.0,192.0,1.0,384.0,64.0,1.0,1.0,1.0,1.0,1.0,1.0,1.0,318506160.0,69815309.28000002,15251500.0,0.17354228571428568,36.0,514.0,9544.0,2.223660606798517e+16,32.44457857142858,32.29995,78.57142857142857,1488.5714285714287
8192.0,512000.0,256.0,64.0,1.0,34.0,4.0,20.0,2.0,1.0,2.0,6.0,5.0,3.0,5.0,2.0,2.0,1.0,6.0,5.0,3.0,1.0,2.0,4.0,6.0,5.0,3.0,6.0,5.0,1.0,5.0,2.0,192.0,32.0,1.0,1152.0,72.0,1.0,1.0,1.0,1.0,1.0,1.0,1.0,4.0,1.0,6.0,4.0,6.0,3.0,6.0,1.0,6.0,3.0,1.0,4.0,5.0,1.0,2.0,6.0,2.0,4.0,64.0,2.0,1.0,2.0,2.0,1.0,16.0,128.0,1.0,1.0,1.0,1.0,5.0,3.0,4.0,5.0,5.0,1.0,5.0,2.0,6.0,5.0,3.0,6.0,4.0,3.0,2.0,2.0,1.0,5.0,16.0,8.0,1.0,8.0,64.0,1.0,16.0,4.0,1.0,1.0,1.0,1.0,3.0,5.0,5.0,4.0,2.0,3.0,4.0,6.0,4.0,1.0,5.0,4.0,3.0,2.0,2.0,6.0,4.0,4.0,12.0,6.0,1.0,8.0,2.0,1.0,1.0,1.0,1.0,1.0,1.0,1.0,1.0,2.0,4.0,1.0,5.0,4.0,1.0,3.0,3.0,4.0,3.0,3.0,3.0,3.0,2.0,2.0,5.0,1.0,2.0,32.0,1.0,96.0,192.0,1.0,1.0,1.0,1.0,1.0,1.0,1.0,2.0,2.0,5.0,6.0,5.0,2.0,6.0,6.0,6.0,1.0,5.0,1.0,6.0,1.0,2.0,4.0,4.0,6.0,4.0,24.0,1.0,4.0,48.0,1.0,1.0,1.0,1.0,1.0,1.0,1.0,11173626192.0,80026519.2,8639980.0,0.09645177142857142,20.0,514.0,514.0,8.94186410987711e+17,1.0,1.0003564285714284,78.57142857142857,78.57142857142857
32000.0,512000.0,256.0,64.0,3.0,4.0,38.0,42.0,3.0,4.0,1.0,2.0,4.0,2.0,3.0,4.0,6.0,4.0,6.0,4.0,1.0,3.0,4.0,6.0,2.0,6.0,5.0,2.0,3.0,1.0,4.0,1.0,96.0,768.0,1.0,6.0,96.0,1.0,1.0,1.0,1.0,1.0,1.0,1.0,1.0,3.0,1.0,4.0,2.0,1.0,3.0,1.0,1.0,1.0,6.0,4.0,4.0,6.0,6.0,2.0,5.0,4.0,8.0,1.0,1.0,4.0,8.0,1.0,8.0,1.0,1.0,1.0,1.0,1.0,3.0,3.0,1.0,2.0,3.0,6.0,4.0,5.0,4.0,1.0,1.0,2.0,1.0,4.0,6.0,2.0,6.0,5.0,8.0,2.0,1.0,1.0,2.0,1.0,8.0,1.0,1.0,1.0,1.0,1.0,4.0,4.0,1.0,4.0,5.0,1.0,3.0,6.0,4.0,5.0,6.0,3.0,2.0,6.0,2.0,2.0,1.0,6.0,12.0,384.0,1.0,192.0,6.0,1.0,1.0,1.0,1.0,1.0,1.0,1.0,2.0,5.0,3.0,2.0,3.0,5.0,3.0,2.0,3.0,2.0,3.0,5.0,3.0,5.0,4.0,2.0,1.0,3.0,16.0,768.0,1.0,1536.0,768.0,1.0,1.0,1.0,1.0,1.0,1.0,1.0,6.0,3.0,6.0,5.0,5.0,2.0,4.0,6.0,3.0,6.0,4.0,1.0,4.0,5.0,5.0,2.0,6.0,5.0,3072.0,3.0,1.0,48.0,12.0,1.0,1.0,1.0,1.0,1.0,1.0,1.0,541626672.0,17979312.0,23226000000.0,47.70004285714285,6384.0,514.0,5308416.0,9738074923409664.0,13.0,0.41229532142857145,78.57142857142857,325412.5714285714
512.0,1024000.0,256.0,64.0,1.0,16.0,48.0,24.0,5.0,5.0,6.0,3.0,4.0,2.0,6.0,5.0,6.0,1.0,4.0,3.0,1.0,5.0,1.0,6.0,2.0,1.0,2.0,3.0,6.0,6.0,6.0,3.0,96.0,768.0,1.0,6.0,12.0,1.0,1.0,1.0,1.0,1.0,1.0,1.0,1.0,3.0,2.0,2.0,2.0,2.0,5.0,3.0,2.0,6.0,2.0,5.0,6.0,4.0,6.0,2.0,5.0,6.0,32.0,16.0,1.0,8.0,16.0,1.0,8.0,64.0,1.0,1.0,1.0,1.0,5.0,4.0,6.0,3.0,6.0,6.0,3.0,6.0,3.0,6.0,5.0,3.0,3.0,4.0,1.0,5.0,6.0,4.0,128.0,128.0,1.0,4.0,2.0,1.0,64.0,16.0,1.0,1.0,1.0,1.0,3.0,3.0,3.0,3.0,1.0,3.0,3.0,2.0,4.0,4.0,3.0,6.0,2.0,4.0,2.0,2.0,6.0,2.0,4.0,32.0,1.0,24.0,128.0,1.0,1.0,1.0,1.0,1.0,1.0,1.0,3.0,3.0,1.0,2.0,5.0,6.0,1.0,6.0,3.0,3.0,6.0,1.0,2.0,1.0,2.0,5.0,2.0,4.0,64.0,6.0,1.0,192.0,8.0,1.0,1.0,1.0,1.0,1.0,1.0,1.0,5.0,3.0,6.0,6.0,1.0,1.0,1.0,2.0,5.0,5.0,4.0,3.0,1.0,1.0,5.0,4.0,2.0,4.0,1.0,16.0,1.0,256.0,32.0,1.0,1.0,1.0,1.0,1.0,1.0,1.0,10885792080.0,83585916.96000001,10268200.0,0.114708,24.0,514.0,514.0,9.098989128427058e+17,18.428542857142862,18.571428928571425,78.57142857142857,157.42857142857142
1024.0,256000.0,256.0,64.0,1.0,32.0,24.0,44.0,2.0,2.0,3.0,2.0,4.0,5.0,2.0,2.0,2.0,1.0,1.0,1.0,4.0,5.0,6.0,5.0,1.0,5.0,6.0,1.0,2.0,1.0,4.0,1.0,32.0,48.0,1.0,48.0,256.0,1.0,1.0,1.0,1.0,1.0,1.0,1.0,5.0,6.0,5.0,1.0,6.0,6.0,5.0,4.0,6.0,4.0,5.0,4.0,6.0,5.0,4.0,3.0,3.0,4.0,64.0,4.0,1.0,32.0,128.0,1.0,128.0,128.0,1.0,1.0,1.0,1.0,1.0,4.0,4.0,6.0,3.0,3.0,1.0,1.0,1.0,3.0,2.0,1.0,1.0,2.0,6.0,2.0,3.0,6.0,64.0,128.0,1.0,2.0,64.0,1.0,4.0,16.0,1.0,1.0,1.0,1.0,1.0,2.0,1.0,2.0,6.0,2.0,3.0,6.0,6.0,5.0,3.0,4.0,4.0,1.0,6.0,1.0,4.0,4.0,128.0,12.0,1.0,32.0,4.0,1.0,1.0,1.0,1.0,1.0,1.0,1.0,3.0,5.0,6.0,2.0,4.0,1.0,4.0,2.0,1.0,5.0,2.0,6.0,4.0,2.0,2.0,1.0,6.0,2.0,24.0,3.0,1.0,8.0,96.0,1.0,1.0,1.0,1.0,1.0,1.0,1.0,2.0,5.0,3.0,6.0,1.0,3.0,1.0,5.0,2.0,6.0,5.0,3.0,3.0,2.0,4.0,4.0,6.0,3.0,1536.0,3.0,1.0,2.0,192.0,1.0,1.0,1.0,1.0,1.0,1.0,1.0,11173626192.0,68063887.2,18653700.0,0.20494271428571423,44.0,514.0,514.0,7.605204327472536e+17,1.0,1.4252507142857143,78.57142857142857,78.57142857142857
1024000.0,32000.0,256.0,64.0,1.0,28.0,44.0,30.0,1.0,3.0,4.0,4.0,2.0,1.0,1.0,4.0,3.0,4.0,1.0,5.0,5.0,6.0,5.0,4.0,2.0,3.0,2.0,6.0,2.0,5.0,4.0,4.0,48.0,48.0,1.0,192.0,192.0,1.0,1.0,1.0,1.0,1.0,1.0,1.0,1.0,5.0,6.0,1.0,6.0,2.0,2.0,4.0,5.0,6.0,2.0,1.0,5.0,2.0,4.0,5.0,5.0,4.0,1.0,64.0,1.0,32.0,8.0,1.0,128.0,2.0,1.0,1.0,1.0,1.0,4.0,3.0,6.0,3.0,4.0,5.0,4.0,1.0,1.0,4.0,2.0,5.0,1.0,4.0,3.0,4.0,1.0,3.0,32.0,1.0,1.0,128.0,4.0,1.0,64.0,8.0,1.0,1.0,1.0,1.0,2.0,1.0,5.0,4.0,4.0,6.0,4.0,6.0,2.0,6.0,1.0,1.0,6.0,5.0,2.0,6.0,2.0,2.0,96.0,384.0,1.0,128.0,96.0,1.0,1.0,1.0,1.0,1.0,1.0,1.0,6.0,6.0,1.0,4.0,2.0,6.0,4.0,4.0,1.0,4.0,4.0,5.0,4.0,1.0,1.0,4.0,5.0,6.0,768.0,16.0,1.0,64.0,48.0,1.0,1.0,1.0,1.0,1.0,1.0,1.0,3.0,5.0,4.0,1.0,4.0,2.0,3.0,2.0,4.0,1.0,3.0,1.0,3.0,1.0,5.0,4.0,4.0,1.0,768.0,1.0,1.0,96.0,4.0,1.0,1.0,1.0,1.0,1.0,1.0,1.0,10884612432.0,79384899.83999999,12741000.0,0.14185942857142855,30.0,514.0,514.0,8.640738677115387e+17,20.257128571428574,20.683322142857143,78.57142857142857,178.0
16000.0,4096000.0,256.0,64.0,2.0,10.0,28.0,34.0,4.0,3.0,6.0,2.0,6.0,5.0,4.0,1.0,5.0,5.0,6.0,2.0,3.0,6.0,1.0,6.0,3.0,1.0,2.0,4.0,3.0,4.0,5.0,3.0,6.0,6.0,1.0,288.0,24.0,1.0,1.0,1.0,1.0,1.0,1.0,1.0,4.0,4.0,6.0,3.0,6.0,2.0,5.0,6.0,3.0,3.0,1.0,6.0,4.0,2.0,6.0,2.0,2.0,1.0,8.0,16.0,1.0,64.0,8.0,1.0,32.0,16.0,1.0,1.0,1.0,1.0,3.0,6.0,5.0,1.0,2.0,1.0,3.0,1.0,3.0,5.0,6.0,6.0,2.0,3.0,5.0,3.0,6.0,2.0,64.0,2.0,1.0,64.0,4.0,1.0,16.0,1.0,1.0,1.0,1.0,1.0,6.0,1.0,3.0,5.0,6.0,2.0,3.0,4.0,2.0,1.0,3.0,5.0,1.0,4.0,5.0,6.0,6.0,1.0,128.0,2.0,1.0,192.0,384.0,1.0,1.0,1.0,1.0,1.0,1.0,1.0,2.0,6.0,5.0,4.0,3.0,1.0,3.0,6.0,6.0,5.0,2.0,2.0,5.0,2.0,3.0,5.0,3.0,1.0,64.0,96.0,1.0,4.0,1536.0,1.0,1.0,1.0,1.0,1.0,1.0,1.0,4.0,2.0,4.0,5.0,1.0,1.0,6.0,6.0,5.0,6.0,5.0,1.0,3.0,5.0,2.0,3.0,6.0,6.0,32.0,16.0,1.0,64.0,6.0,1.0,1.0,1.0,1.0,1.0,1.0,1.0,10899064236.0,27672121.719999995,828769000.0,4.702007857142855,952.0,514.0,50432.0,3.0160023217269075e+17,12.714271428571433,4.51629114642857,78.57142857142857,4894.857142857143
2048.0,2048000.0,256.0,64.0,1.0,44.0,18.0,28.0,1.0,2.0,1.0,6.0,6.0,6.0,3.0,6.0,3.0,4.0,5.0,5.0,5.0,3.0,5.0,4.0,4.0,6.0,4.0,6.0,2.0,1.0,4.0,4.0,64.0,3.0,1.0,1.0,9.0,1.0,1.0,1.0,1.0,1.0,1.0,1.0,3.0,4.0,6.0,5.0,3.0,1.0,1.0,6.0,2.0,6.0,6.0,3.0,5.0,5.0,2.0,6.0,3.0,6.0,4.0,32.0,1.0,1.0,64.0,1.0,4.0,2.0,1.0,1.0,1.0,1.0,5.0,6.0,3.0,6.0,2.0,6.0,5.0,3.0,3.0,3.0,2.0,6.0,4.0,1.0,3.0,3.0,2.0,4.0,8.0,2.0,1.0,2.0,8.0,1.0,8.0,4.0,1.0,1.0,1.0,1.0,1.0,2.0,4.0,3.0,5.0,2.0,1.0,4.0,6.0,1.0,6.0,1.0,5.0,2.0,1.0,5.0,2.0,4.0,384.0,6.0,1.0,32.0,4.0,1.0,1.0,1.0,1.0,1.0,1.0,1.0,3.0,2.0,4.0,2.0,4.0,2.0,2.0,5.0,2.0,3.0,2.0,4.0,3.0,4.0,1.0,3.0,4.0,4.0,8.0,48.0,1.0,768.0,32.0,1.0,1.0,1.0,1.0,1.0,1.0,1.0,3.0,2.0,4.0,6.0,6.0,4.0,4.0,3.0,2.0,2.0,2.0,5.0,6.0,1.0,1.0,1.0,2.0,1.0,384.0,1.0,1.0,256.0,64.0,1.0,1.0,1.0,1.0,1.0,1.0,1.0,11173626192.0,96910519.2,11912700.0,0.13246971428571433,28.0,514.0,514.0,1.082841915613439e+18,1.0,1.0006349999999997,78.57142857142857,78.57142857142857
2048000.0,32000.0,256.0,64.0,1.0,20.0,28.0,2.0,6.0,5.0,6.0,1.0,5.0,2.0,3.0,6.0,5.0,4.0,5.0,2.0,5.0,4.0,6.0,6.0,3.0,3.0,2.0,3.0,2.0,1.0,6.0,2.0,192.0,256.0,1.0,48.0,2.0,1.0,1.0,1.0,1.0,1.0,1.0,1.0,2.0,3.0,3.0,4.0,4.0,5.0,3.0,6.0,1.0,5.0,2.0,6.0,6.0,1.0,5.0,6.0,5.0,5.0,1.0,32.0,1.0,2.0,128.0,1.0,64.0,16.0,1.0,1.0,1.0,1.0,2.0,5.0,6.0,5.0,6.0,3.0,4.0,5.0,4.0,2.0,4.0,6.0,1.0,6.0,4.0,3.0,1.0,1.0,4.0,2.0,1.0,64.0,16.0,1.0,2.0,4.0,1.0,1.0,1.0,1.0,5.0,3.0,1.0,2.0,6.0,3.0,6.0,4.0,1.0,2.0,2.0,6.0,6.0,1.0,3.0,2.0,5.0,5.0,384.0,24.0,1.0,48.0,2.0,1.0,1.0,1.0,1.0,1.0,1.0,1.0,4.0,4.0,1.0,6.0,1.0,6.0,5.0,4.0,6.0,3.0,3.0,1.0,6.0,2.0,5.0,1.0,4.0,1.0,1.0,192.0,1.0,6.0,1.0,1.0,1.0,1.0,1.0,1.0,1.0,1.0,6.0,1.0,5.0,6.0,3.0,1.0,6.0,4.0,2.0,3.0,4.0,4.0,2.0,1.0,3.0,1.0,2.0,1.0,384.0,24.0,1.0,192.0,4.0,1.0,1.0,1.0,1.0,1.0,1.0,1.0,5586813312.0,56790455.04000001,1518290.0,0.0156601,2.0,514.0,772.0,3.1727767021200954e+17,2.0,2.7372282142857136,78.57142857142857,118.85714285714286
256000.0,4096000.0,256.0,64.0,3.0,16.0,28.0,2.0,1.0,3.0,3.0,1.0,3.0,2.0,2.0,5.0,2.0,3.0,2.0,1.0,5.0,2.0,4.0,2.0,3.0,3.0,6.0,1.0,4.0,6.0,4.0,2.0,96.0,48.0,1.0,192.0,1152.0,1.0,1.0,1.0,1.0,1.0,1.0,1.0,4.0,1.0,6.0,2.0,6.0,1.0,4.0,5.0,3.0,6.0,1.0,3.0,6.0,2.0,4.0,2.0,5.0,5.0,4.0,8.0,1.0,128.0,4.0,1.0,128.0,16.0,1.0,1.0,1.0,1.0,3.0,6.0,2.0,1.0,4.0,1.0,6.0,6.0,2.0,5.0,1.0,1.0,2.0,3.0,6.0,2.0,4.0,2.0,16.0,16.0,1.0,16.0,4.0,1.0,4.0,2.0,1.0,1.0,1.0,1.0,1.0,1.0,1.0,4.0,4.0,2.0,3.0,2.0,5.0,1.0,2.0,6.0,2.0,6.0,6.0,4.0,2.0,5.0,384.0,8.0,1.0,3.0,1.0,1.0,1.0,1.0,1.0,1.0,1.0,1.0,4.0,1.0,6.0,5.0,3.0,5.0,5.0,1.0,2.0,1.0,5.0,1.0,3.0,2.0,5.0,6.0,1.0,5.0,64.0,192.0,1.0,24.0,64.0,1.0,1.0,1.0,1.0,1.0,1.0,1.0,2.0,4.0,5.0,3.0,3.0,4.0,2.0,1.0,4.0,1.0,4.0,5.0,3.0,5.0,2.0,2.0,3.0,6.0,3072.0,96.0,1.0,384.0,64.0,1.0,1.0,1.0,1.0,1.0,1.0,1.0,3482720256.0,17958848.300000004,755070000.0,5.339224285714286,896.0,514.0,5603328.0,6.254564474884118e+16,11.571428571428571,0.7723235714285714,78.57142857142857,275748.5714285714
16000.0,16000000.0,256.0,64.0,3.0,38.0,30.0,6.0,1.0,4.0,1.0,6.0,2.0,2.0,4.0,2.0,1.0,1.0,6.0,4.0,4.0,2.0,4.0,5.0,2.0,4.0,5.0,5.0,6.0,1.0,3.0,6.0,3.0,3.0,1.0,36.0,128.0,1.0,1.0,1.0,1.0,1.0,1.0,1.0,1.0,6.0,1.0,2.0,3.0,3.0,5.0,6.0,6.0,6.0,5.0,1.0,5.0,5.0,3.0,5.0,3.0,3.0,2.0,1.0,1.0,32.0,64.0,1.0,128.0,128.0,1.0,1.0,1.0,1.0,4.0,6.0,3.0,6.0,1.0,2.0,5.0,1.0,6.0,2.0,5.0,5.0,2.0,6.0,1.0,1.0,6.0,3.0,8.0,1.0,1.0,1.0,1.0,1.0,64.0,64.0,1.0,1.0,1.0,1.0,5.0,4.0,1.0,4.0,5.0,2.0,5.0,6.0,5.0,2.0,4.0,5.0,5.0,3.0,3.0,6.0,6.0,3.0,64.0,24.0,1.0,384.0,96.0,1.0,1.0,1.0,1.0,1.0,1.0,1.0,1.0,2.0,5.0,1.0,2.0,1.0,1.0,5.0,5.0,3.0,1.0,4.0,2.0,2.0,3.0,2.0,6.0,6.0,4.0,8.0,1.0,128.0,32.0,1.0,1.0,1.0,1.0,1.0,1.0,1.0,2.0,1.0,2.0,2.0,6.0,2.0,1.0,4.0,6.0,1.0,1.0,5.0,4.0,2.0,3.0,3.0,5.0,1.0,3.0,1.0,1.0,1.0,64.0,1.0,1.0,1.0,1.0,1.0,1.0,1.0,2297796312.0,29926467.759999998,26473800000.0,51.32864285714285,6840.0,514.0,163840.0,6.87649272501149e+16,2.476189285714286,1.117578857142857,78.57142857142857,16870.85714285714
256000.0,64000.0,256.0,64.0,3.0,20.0,42.0,44.0,3.0,4.0,4.0,2.0,4.0,2.0,1.0,2.0,2.0,5.0,4.0,4.0,3.0,4.0,6.0,6.0,1.0,4.0,6.0,2.0,6.0,1.0,6.0,4.0,96.0,96.0,1.0,192.0,36.0,1.0,1.0,1.0,1.0,1.0,1.0,1.0,4.0,6.0,1.0,1.0,1.0,5.0,4.0,5.0,5.0,6.0,2.0,6.0,5.0,4.0,3.0,4.0,4.0,1.0,64.0,64.0,1.0,64.0,16.0,1.0,4.0,32.0,1.0,1.0,1.0,1.0,3.0,4.0,2.0,1.0,4.0,1.0,6.0,1.0,6.0,5.0,6.0,5.0,2.0,6.0,2.0,4.0,6.0,4.0,16.0,64.0,1.0,2.0,128.0,1.0,32.0,8.0,1.0,1.0,1.0,1.0,4.0,4.0,5.0,6.0,3.0,5.0,5.0,2.0,3.0,1.0,4.0,2.0,2.0,4.0,6.0,2.0,6.0,5.0,4.0,6.0,1.0,2.0,192.0,1.0,1.0,1.0,1.0,1.0,1.0,1.0,4.0,3.0,2.0,4.0,5.0,1.0,3.0,4.0,4.0,6.0,2.0,5.0,4.0,3.0,2.0,6.0,3.0,2.0,64.0,96.0,1.0,96.0,1024.0,1.0,1.0,1.0,1.0,1.0,1.0,1.0,4.0,2.0,6.0,4.0,6.0,3.0,3.0,6.0,5.0,2.0,2.0,4.0,4.0,4.0,4.0,2.0,5.0,4.0,128.0,3.0,1.0,3.0,384.0,1.0,1.0,1.0,1.0,1.0,1.0,1.0,3522169788.0,18358378.48,710360000000.0,765.1524285714286,36960.0,514.0,1138688.0,6.466132603892536e+16,9.321428571428571,0.017578142857142858,78.57142857142857,116827.42857142857
2048000.0,512000.0,256.0,64.0,1.0,16.0,26.0,26.0,2.0,3.0,1.0,6.0,6.0,2.0,2.0,4.0,5.0,3.0,4.0,1.0,6.0,5.0,4.0,6.0,3.0,2.0,3.0,6.0,3.0,1.0,4.0,1.0,12.0,12.0,1.0,3.0,288.0,1.0,1.0,1.0,1.0,1.0,1.0,1.0,2.0,1.0,4.0,3.0,3.0,3.0,6.0,4.0,1.0,3.0,3.0,5.0,4.0,3.0,1.0,1.0,6.0,2.0,2.0,64.0,1.0,2.0,32.0,1.0,8.0,16.0,1.0,1.0,1.0,1.0,2.0,6.0,2.0,4.0,5.0,6.0,2.0,6.0,4.0,3.0,6.0,1.0,4.0,4.0,5.0,3.0,4.0,2.0,8.0,32.0,1.0,128.0,16.0,1.0,32.0,64.0,1.0,1.0,1.0,1.0,1.0,5.0,1.0,5.0,4.0,5.0,5.0,1.0,1.0,5.0,1.0,4.0,5.0,6.0,1.0,4.0,6.0,6.0,3.0,768.0,1.0,12.0,24.0,1.0,1.0,1.0,1.0,1.0,1.0,1.0,3.0,5.0,2.0,4.0,3.0,4.0,4.0,2.0,2.0,5.0,1.0,5.0,2.0,5.0,1.0,5.0,4.0,4.0,96.0,64.0,1.0,12.0,24.0,1.0,1.0,1.0,1.0,1.0,1.0,1.0,1.0,5.0,2.0,6.0,1.0,5.0,3.0,6.0,1.0,2.0,2.0,3.0,3.0,6.0,6.0,6.0,3.0,1.0,3072.0,768.0,1.0,6.0,8.0,1.0,1.0,1.0,1.0,1.0,1.0,1.0,11173626192.0,118016786.4,11088400.0,0.12342900000000001,26.0,514.0,514.0,1.3186754556147095e+18,1.0,1.0044617857142857,78.57142857142857,78.57142857142857
128000.0,128000.0,256.0,64.0,3.0,36.0,12.0,48.0,2.0,3.0,2.0,3.0,6.0,5.0,3.0,3.0,3.0,1.0,2.0,3.0,6.0,6.0,6.0,2.0,2.0,4.0,4.0,6.0,2.0,3.0,4.0,1.0,2.0,1.0,1.0,1.0,72.0,1.0,1.0,1.0,1.0,1.0,1.0,1.0,3.0,6.0,2.0,1.0,5.0,1.0,4.0,3.0,3.0,6.0,6.0,5.0,3.0,5.0,2.0,3.0,6.0,4.0,16.0,16.0,1.0,1.0,8.0,1.0,1.0,64.0,1.0,1.0,1.0,1.0,1.0,2.0,5.0,3.0,3.0,5.0,5.0,5.0,3.0,6.0,6.0,6.0,6.0,1.0,2.0,5.0,3.0,6.0,16.0,2.0,1.0,16.0,4.0,1.0,64.0,32.0,1.0,1.0,1.0,1.0,6.0,6.0,1.0,3.0,4.0,1.0,2.0,4.0,6.0,4.0,6.0,6.0,3.0,3.0,6.0,6.0,6.0,4.0,16.0,1.0,1.0,4.0,4.0,1.0,1.0,1.0,1.0,1.0,1.0,1.0,4.0,1.0,3.0,3.0,3.0,4.0,5.0,4.0,2.0,4.0,3.0,6.0,6.0,6.0,1.0,2.0,6.0,5.0,64.0,48.0,1.0,2.0,1.0,1.0,1.0,1.0,1.0,1.0,1.0,1.0,4.0,4.0,3.0,3.0,3.0,6.0,2.0,3.0,2.0,4.0,5.0,4.0,6.0,5.0,1.0,6.0,5.0,3.0,1024.0,1024.0,1.0,4.0,128.0,1.0,1.0,1.0,1.0,1.0,1.0,1.0,7702858800.0,24192060.879999995,227098000000.0,281.7480357142857,20736.0,514.0,557056.0,1.863480290396437e+17,2.5,0.1846391,78.57142857142857,24782.85714285714
2048.0,32000000.0,256.0,64.0,3.0,8.0,34.0,2.0,3.0,2.0,5.0,4.0,1.0,1.0,1.0,5.0,3.0,1.0,1.0,3.0,1.0,3.0,6.0,3.0,1.0,1.0,6.0,2.0,4.0,1.0,5.0,1.0,12.0,32.0,1.0,1152.0,144.0,1.0,1.0,1.0,1.0,1.0,1.0,1.0,4.0,6.0,5.0,3.0,5.0,5.0,3.0,3.0,2.0,4.0,2.0,2.0,1.0,2.0,3.0,5.0,6.0,5.0,4.0,64.0,1.0,64.0,4.0,1.0,2.0,64.0,1.0,1.0,1.0,1.0,1.0,6.0,4.0,3.0,6.0,3.0,3.0,5.0,2.0,6.0,1.0,5.0,6.0,3.0,5.0,5.0,2.0,6.0,32.0,32.0,1.0,1.0,32.0,1.0,32.0,64.0,1.0,1.0,1.0,1.0,6.0,2.0,3.0,1.0,6.0,5.0,3.0,6.0,6.0,3.0,5.0,4.0,6.0,4.0,6.0,5.0,5.0,5.0,96.0,32.0,1.0,4.0,12.0,1.0,1.0,1.0,1.0,1.0,1.0,1.0,3.0,2.0,2.0,2.0,6.0,2.0,1.0,4.0,1.0,3.0,1.0,3.0,2.0,2.0,6.0,5.0,1.0,4.0,24.0,4.0,1.0,192.0,1.0,1.0,1.0,1.0,1.0,1.0,1.0,1.0,4.0,1.0,2.0,5.0,2.0,2.0,6.0,5.0,3.0,6.0,4.0,3.0,6.0,5.0,4.0,5.0,5.0,3.0,3.0,24.0,1.0,6.0,192.0,1.0,1.0,1.0,1.0,1.0,1.0,1.0,6173156844.0,19433201.560000002,360829000.0,2.724224285714286,544.0,514.0,376832.0,1.1996420121094549e+17,2.8392857142857144,0.007207964285714286,78.57142857142857,41078.857142857145
16000.0,2048000.0,256.0,64.0,2.0,40.0,24.0,28.0,1.0,5.0,1.0,5.0,2.0,5.0,5.0,4.0,6.0,3.0,3.0,1.0,6.0,6.0,2.0,6.0,1.0,1.0,1.0,6.0,1.0,6.0,1.0,3.0,3.0,24.0,1.0,96.0,6.0,1.0,1.0,1.0,1.0,1.0,1.0,1.0,4.0,3.0,1.0,5.0,5.0,6.0,1.0,4.0,6.0,1.0,6.0,5.0,3.0,6.0,4.0,4.0,4.0,3.0,2.0,2.0,1.0,2.0,64.0,1.0,128.0,128.0,1.0,1.0,1.0,1.0,6.0,2.0,5.0,5.0,1.0,4.0,5.0,5.0,3.0,3.0,2.0,2.0,4.0,5.0,1.0,2.0,5.0,4.0,8.0,64.0,1.0,128.0,16.0,1.0,64.0,8.0,1.0,1.0,1.0,1.0,4.0,4.0,2.0,4.0,1.0,5.0,4.0,5.0,3.0,2.0,2.0,4.0,1.0,5.0,4.0,2.0,5.0,1.0,8.0,384.0,1.0,128.0,64.0,1.0,1.0,1.0,1.0,1.0,1.0,1.0,4.0,3.0,1.0,3.0,2.0,4.0,3.0,5.0,4.0,1.0,5.0,1.0,2.0,6.0,3.0,2.0,5.0,4.0,32.0,384.0,1.0,2.0,96.0,1.0,1.0,1.0,1.0,1.0,1.0,1.0,5.0,5.0,6.0,5.0,4.0,2.0,6.0,5.0,6.0,4.0,3.0,4.0,4.0,4.0,5.0,6.0,2.0,5.0,48.0,128.0,1.0,8.0,6.0,1.0,1.0,1.0,1.0,1.0,1.0,1.0,535668060.0,23554316.919999994,489361000.0,3.2909025000000005,672.0,514.0,194560.0,1.2617295249161572e+16,15.476175000000003,5.296229428571429,78.57142857142857,18682.285714285714
4096.0,512000.0,256.0,64.0,2.0,30.0,8.0,28.0,4.0,6.0,4.0,6.0,1.0,2.0,2.0,4.0,2.0,5.0,4.0,1.0,5.0,4.0,3.0,2.0,5.0,1.0,3.0,3.0,4.0,4.0,6.0,5.0,12.0,192.0,1.0,18.0,144.0,1.0,1.0,1.0,1.0,1.0,1.0,1.0,6.0,3.0,3.0,6.0,5.0,3.0,3.0,5.0,5.0,1.0,1.0,1.0,1.0,6.0,5.0,2.0,4.0,1.0,4.0,16.0,1.0,128.0,8.0,1.0,1.0,128.0,1.0,1.0,1.0,1.0,1.0,4.0,6.0,6.0,2.0,2.0,3.0,5.0,6.0,5.0,4.0,2.0,6.0,3.0,5.0,2.0,3.0,5.0,16.0,32.0,1.0,64.0,128.0,1.0,4.0,32.0,1.0,1.0,1.0,1.0,6.0,5.0,3.0,3.0,3.0,3.0,3.0,4.0,3.0,5.0,3.0,5.0,1.0,3.0,2.0,2.0,2.0,1.0,192.0,32.0,1.0,192.0,8.0,1.0,1.0,1.0,1.0,1.0,1.0,1.0,6.0,6.0,1.0,2.0,4.0,3.0,4.0,2.0,1.0,2.0,1.0,2.0,1.0,6.0,2.0,2.0,4.0,5.0,12.0,2.0,1.0,6.0,8.0,1.0,1.0,1.0,1.0,1.0,1.0,1.0,4.0,6.0,2.0,5.0,6.0,1.0,3.0,1.0,4.0,1.0,5.0,3.0,2.0,5.0,4.0,3.0,6.0,2.0,384.0,512.0,1.0,24.0,192.0,1.0,1.0,1.0,1.0,1.0,1.0,1.0,1454253444.0,27620639.04,112500000.0,1.0902335,224.0,514.0,294912.0,4.0167409449400856e+16,5.428571428571429,3.5855602142857146,78.57142857142857,15877.714285714286
256.0,32000.0,256.0,64.0,2.0,32.0,32.0,18.0,2.0,5.0,5.0,2.0,5.0,6.0,1.0,4.0,2.0,5.0,5.0,6.0,4.0,5.0,2.0,6.0,3.0,4.0,3.0,5.0,5.0,5.0,6.0,6.0,192.0,32.0,1.0,6.0,288.0,1.0,1.0,1.0,1.0,1.0,1.0,1.0,5.0,6.0,2.0,4.0,6.0,1.0,5.0,6.0,2.0,5.0,5.0,2.0,3.0,5.0,5.0,6.0,5.0,1.0,8.0,16.0,1.0,32.0,128.0,1.0,128.0,16.0,1.0,1.0,1.0,1.0,5.0,2.0,6.0,1.0,4.0,5.0,5.0,1.0,1.0,6.0,5.0,4.0,4.0,1.0,4.0,1.0,5.0,5.0,64.0,32.0,1.0,1.0,32.0,1.0,16.0,64.0,1.0,1.0,1.0,1.0,3.0,3.0,4.0,3.0,4.0,1.0,5.0,5.0,5.0,4.0,1.0,2.0,1.0,4.0,3.0,4.0,5.0,5.0,4.0,3.0,1.0,64.0,12.0,1.0,1.0,1.0,1.0,1.0,1.0,1.0,3.0,3.0,6.0,5.0,4.0,4.0,3.0,5.0,3.0,4.0,1.0,4.0,2.0,3.0,2.0,6.0,6.0,4.0,768.0,96.0,1.0,64.0,1024.0,1.0,1.0,1.0,1.0,1.0,1.0,1.0,2.0,3.0,2.0,3.0,4.0,5.0,5.0,2.0,4.0,4.0,6.0,4.0,1.0,3.0,6.0,3.0,1.0,2.0,2.0,384.0,1.0,24.0,64.0,1.0,1.0,1.0,1.0,1.0,1.0,1.0,1218631980.0,30150601.6,391368000.0,2.755567142857143,576.0,514.0,53248.0,3.674248732599917e+16,8.928571428571429,1.5740854999999998,78.57142857142857,3891.714285714286
512.0,16000.0,256.0,64.0,1.0,48.0,34.0,40.0,3.0,3.0,2.0,3.0,4.0,1.0,3.0,3.0,6.0,6.0,4.0,3.0,5.0,2.0,5.0,6.0,5.0,4.0,1.0,1.0,5.0,5.0,2.0,5.0,2.0,6.0,1.0,128.0,1.0,1.0,1.0,1.0,1.0,1.0,1.0,1.0,1.0,2.0,1.0,3.0,5.0,4.0,6.0,6.0,2.0,5.0,2.0,6.0,6.0,1.0,4.0,3.0,2.0,5.0,64.0,16.0,1.0,64.0,1.0,1.0,4.0,64.0,1.0,1.0,1.0,1.0,6.0,5.0,3.0,5.0,1.0,6.0,6.0,2.0,5.0,2.0,3.0,5.0,2.0,4.0,1.0,6.0,6.0,5.0,1.0,128.0,1.0,1.0,8.0,1.0,2.0,16.0,1.0,1.0,1.0,1.0,1.0,5.0,5.0,5.0,2.0,5.0,6.0,1.0,5.0,5.0,6.0,5.0,5.0,4.0,1.0,5.0,3.0,6.0,48.0,32.0,1.0,8.0,16.0,1.0,1.0,1.0,1.0,1.0,1.0,1.0,5.0,4.0,1.0,4.0,1.0,6.0,2.0,2.0,6.0,3.0,2.0,3.0,4.0,6.0,2.0,3.0,6.0,2.0,1.0,192.0,1.0,12.0,512.0,1.0,1.0,1.0,1.0,1.0,1.0,1.0,6.0,2.0,6.0,3.0,5.0,2.0,5.0,2.0,2.0,1.0,4.0,4.0,2.0,3.0,4.0,5.0,6.0,3.0,48.0,1.0,1.0,32.0,6.0,1.0,1.0,1.0,1.0,1.0,1.0,1.0,11173626192.0,101143668.0,16944000.0,0.18680328571428573,40.0,514.0,514.0,1.1301415379197522e+18,1.0,1.0072264285714285,78.57142857142857,78.57142857142857
512000.0,32000000.0,256.0,64.0,3.0,6.0,20.0,4.0,5.0,5.0,4.0,3.0,2.0,5.0,3.0,1.0,3.0,4.0,2.0,6.0,1.0,3.0,5.0,3.0,5.0,2.0,5.0,3.0,6.0,4.0,1.0,5.0,8.0,4.0,1.0,2304.0,16.0,1.0,1.0,1.0,1.0,1.0,1.0,1.0,3.0,3.0,6.0,5.0,2.0,5.0,3.0,6.0,5.0,3.0,4.0,3.0,2.0,1.0,3.0,1.0,4.0,5.0,16.0,2.0,1.0,32.0,8.0,1.0,64.0,64.0,1.0,1.0,1.0,1.0,6.0,4.0,1.0,5.0,4.0,1.0,5.0,3.0,2.0,5.0,6.0,3.0,2.0,3.0,6.0,1.0,1.0,6.0,64.0,1.0,1.0,2.0,1.0,1.0,1.0,64.0,1.0,1.0,1.0,1.0,1.0,5.0,4.0,6.0,6.0,2.0,6.0,6.0,4.0,4.0,1.0,5.0,5.0,5.0,5.0,5.0,5.0,5.0,256.0,2.0,1.0,16.0,2.0,1.0,1.0,1.0,1.0,1.0,1.0,1.0,1.0,4.0,2.0,2.0,2.0,6.0,1.0,2.0,6.0,1.0,6.0,1.0,6.0,6.0,5.0,5.0,3.0,4.0,6.0,768.0,1.0,192.0,12.0,1.0,1.0,1.0,1.0,1.0,1.0,1.0,3.0,5.0,6.0,1.0,6.0,1.0,5.0,2.0,5.0,6.0,2.0,5.0,3.0,6.0,1.0,3.0,2.0,2.0,1024.0,384.0,1.0,1.0,32.0,1.0,1.0,1.0,1.0,1.0,1.0,1.0,450083184.0,17927251.779999997,302880000.0,2.6334514285714286,480.0,514.0,991232.0,8068754561512066.0,15.571428571428571,0.10714285714285714,78.57142857142857,106532.57142857143
1024.0,64000.0,256.0,64.0,2.0,40.0,38.0,36.0,3.0,6.0,4.0,1.0,4.0,5.0,2.0,4.0,3.0,6.0,2.0,6.0,6.0,5.0,6.0,4.0,5.0,6.0,2.0,1.0,3.0,4.0,4.0,5.0,4.0,3.0,1.0,1.0,576.0,1.0,1.0,1.0,1.0,1.0,1.0,1.0,6.0,2.0,1.0,4.0,3.0,3.0,2.0,2.0,4.0,2.0,4.0,6.0,4.0,1.0,2.0,1.0,6.0,6.0,32.0,16.0,1.0,1.0,8.0,1.0,8.0,4.0,1.0,1.0,1.0,1.0,3.0,4.0,3.0,6.0,1.0,4.0,1.0,5.0,6.0,1.0,5.0,1.0,2.0,2.0,3.0,3.0,3.0,3.0,128.0,16.0,1.0,128.0,2.0,1.0,8.0,4.0,1.0,1.0,1.0,1.0,2.0,2.0,2.0,5.0,4.0,3.0,2.0,2.0,1.0,2.0,1.0,3.0,6.0,1.0,5.0,4.0,3.0,6.0,256.0,1.0,1.0,6.0,1.0,1.0,1.0,1.0,1.0,1.0,1.0,1.0,5.0,2.0,6.0,6.0,1.0,3.0,1.0,5.0,4.0,4.0,5.0,3.0,6.0,1.0,6.0,2.0,4.0,5.0,768.0,16.0,1.0,48.0,128.0,1.0,1.0,1.0,1.0,1.0,1.0,1.0,6.0,2.0,4.0,6.0,3.0,1.0,5.0,5.0,4.0,2.0,2.0,6.0,6.0,1.0,2.0,5.0,5.0,2.0,192.0,1024.0,1.0,8.0,128.0,1.0,1.0,1.0,1.0,1.0,1.0,1.0,333160524.0,26896450.84,1480650000.0,7.084093571428572,1368.0,514.0,529408.0,8960835655594640.0,32.369353571428576,8.496231785714285,78.57142857142857,30417.714285714286
2048000.0,16000.0,256.0,64.0,2.0,12.0,46.0,22.0,1.0,6.0,5.0,3.0,4.0,6.0,5.0,4.0,2.0,1.0,4.0,4.0,5.0,3.0,2.0,2.0,5.0,2.0,3.0,4.0,2.0,5.0,2.0,1.0,6.0,96.0,1.0,576.0,256.0,1.0,1.0,1.0,1.0,1.0,1.0,1.0,5.0,5.0,1.0,4.0,2.0,6.0,2.0,2.0,5.0,1.0,2.0,4.0,5.0,1.0,5.0,1.0,2.0,4.0,16.0,8.0,1.0,64.0,16.0,1.0,64.0,64.0,1.0,1.0,1.0,1.0,5.0,1.0,6.0,3.0,3.0,4.0,3.0,3.0,4.0,6.0,5.0,5.0,5.0,1.0,2.0,1.0,2.0,6.0,2.0,64.0,1.0,1.0,8.0,1.0,4.0,16.0,1.0,1.0,1.0,1.0,6.0,3.0,5.0,3.0,2.0,5.0,2.0,1.0,2.0,2.0,6.0,1.0,5.0,2.0,4.0,5.0,4.0,4.0,24.0,12.0,1.0,96.0,256.0,1.0,1.0,1.0,1.0,1.0,1.0,1.0,3.0,3.0,5.0,6.0,3.0,5.0,6.0,4.0,5.0,3.0,4.0,1.0,6.0,1.0,4.0,1.0,6.0,4.0,96.0,192.0,1.0,24.0,6.0,1.0,1.0,1.0,1.0,1.0,1.0,1.0,3.0,3.0,6.0,1.0,5.0,2.0,2.0,4.0,6.0,6.0,4.0,1.0,1.0,6.0,3.0,5.0,5.0,5.0,6.0,24.0,1.0,48.0,32.0,1.0,1.0,1.0,1.0,1.0,1.0,1.0,674037552.0,22880683.840000004,911951000.0,5.168061428571429,1012.0,514.0,553472.0,1.5422440123599562e+16,24.702396428571422,8.667277392857141,78.57142857142857,46789.71428571428
128.0,16000.0,256.0,64.0,2.0,42.0,18.0,18.0,4.0,2.0,6.0,6.0,2.0,3.0,1.0,1.0,5.0,1.0,2.0,6.0,1.0,3.0,2.0,2.0,4.0,1.0,1.0,2.0,2.0,5.0,5.0,2.0,6.0,48.0,1.0,192.0,64.0,1.0,1.0,1.0,1.0,1.0,1.0,1.0,3.0,6.0,5.0,4.0,3.0,5.0,4.0,4.0,3.0,1.0,4.0,6.0,2.0,4.0,1.0,6.0,1.0,4.0,4.0,64.0,1.0,16.0,128.0,1.0,128.0,8.0,1.0,1.0,1.0,1.0,4.0,5.0,4.0,3.0,1.0,2.0,1.0,2.0,3.0,6.0,3.0,6.0,5.0,6.0,2.0,6.0,4.0,4.0,16.0,16.0,1.0,32.0,32.0,1.0,8.0,8.0,1.0,1.0,1.0,1.0,3.0,5.0,2.0,3.0,1.0,1.0,5.0,6.0,6.0,3.0,3.0,1.0,6.0,5.0,2.0,1.0,6.0,5.0,64.0,12.0,1.0,768.0,128.0,1.0,1.0,1.0,1.0,1.0,1.0,1.0,1.0,3.0,4.0,6.0,3.0,4.0,3.0,3.0,5.0,1.0,5.0,5.0,5.0,1.0,6.0,2.0,5.0,4.0,6.0,256.0,1.0,6.0,4.0,1.0,1.0,1.0,1.0,1.0,1.0,1.0,4.0,5.0,4.0,4.0,4.0,6.0,2.0,4.0,6.0,5.0,5.0,2.0,1.0,5.0,1.0,5.0,5.0,6.0,24.0,32.0,1.0,96.0,4.0,1.0,1.0,1.0,1.0,1.0,1.0,1.0,10901506728.0,27760866.76,178862000.0,1.5359510714285716,324.0,514.0,38912.0,3.026352757592516e+17,10.428571428571429,1.9123104000000002,78.57142857142857,7734.285714285715
1024000.0,16000000.0,256.0,64.0,2.0,6.0,20.0,30.0,3.0,5.0,1.0,6.0,4.0,4.0,6.0,2.0,4.0,4.0,6.0,5.0,3.0,5.0,6.0,2.0,3.0,6.0,2.0,6.0,6.0,3.0,2.0,6.0,128.0,192.0,1.0,8.0,2304.0,1.0,1.0,1.0,1.0,1.0,1.0,1.0,3.0,2.0,4.0,1.0,2.0,4.0,6.0,3.0,1.0,5.0,6.0,5.0,5.0,6.0,5.0,6.0,4.0,6.0,32.0,64.0,1.0,8.0,64.0,1.0,4.0,64.0,1.0,1.0,1.0,1.0,6.0,6.0,2.0,2.0,3.0,5.0,1.0,3.0,3.0,6.0,4.0,5.0,3.0,5.0,1.0,1.0,1.0,6.0,64.0,4.0,1.0,8.0,32.0,1.0,4.0,32.0,1.0,1.0,1.0,1.0,5.0,2.0,6.0,2.0,4.0,4.0,2.0,3.0,1.0,1.0,1.0,1.0,2.0,5.0,6.0,5.0,4.0,1.0,768.0,192.0,1.0,24.0,32.0,1.0,1.0,1.0,1.0,1.0,1.0,1.0,6.0,4.0,4.0,5.0,6.0,6.0,4.0,6.0,6.0,1.0,6.0,1.0,3.0,6.0,2.0,3.0,3.0,5.0,12.0,768.0,1.0,3.0,96.0,1.0,1.0,1.0,1.0,1.0,1.0,1.0,3.0,4.0,4.0,3.0,6.0,3.0,4.0,5.0,6.0,1.0,6.0,2.0,2.0,6.0,6.0,3.0,3.0,3.0,48.0,1.0,1.0,16.0,96.0,1.0,1.0,1.0,1.0,1.0,1.0,1.0,1853596056.0,43123672.16,414983000.0,2.877441785714286,600.0,514.0,64512.0,7.9933868636013e+16,8.678571428571429,2.3025136785714286,78.57142857142857,4342.0
32000.0,64000.0,256.0,64.0,1.0,6.0,4.0,36.0,1.0,1.0,5.0,2.0,1.0,4.0,5.0,5.0,1.0,2.0,5.0,6.0,5.0,6.0,4.0,1.0,1.0,4.0,6.0,6.0,1.0,6.0,3.0,2.0,64.0,24.0,1.0,36.0,18.0,1.0,1.0,1.0,1.0,1.0,1.0,1.0,3.0,5.0,5.0,6.0,6.0,5.0,6.0,6.0,3.0,3.0,2.0,5.0,4.0,3.0,5.0,6.0,4.0,1.0,32.0,8.0,1.0,2.0,2.0,1.0,4.0,32.0,1.0,1.0,1.0,1.0,4.0,5.0,3.0,3.0,1.0,2.0,1.0,5.0,6.0,6.0,5.0,1.0,6.0,5.0,3.0,1.0,4.0,1.0,32.0,64.0,1.0,4.0,32.0,1.0,4.0,8.0,1.0,1.0,1.0,1.0,5.0,6.0,4.0,2.0,4.0,1.0,4.0,2.0,5.0,3.0,5.0,3.0,4.0,1.0,2.0,3.0,6.0,1.0,1.0,48.0,1.0,64.0,8.0,1.0,1.0,1.0,1.0,1.0,1.0,1.0,3.0,3.0,4.0,2.0,5.0,3.0,1.0,1.0,5.0,4.0,3.0,2.0,6.0,1.0,4.0,6.0,3.0,5.0,8.0,24.0,1.0,384.0,96.0,1.0,1.0,1.0,1.0,1.0,1.0,1.0,4.0,2.0,5.0,1.0,6.0,1.0,3.0,1.0,3.0,5.0,6.0,1.0,2.0,6.0,6.0,4.0,4.0,6.0,8.0,128.0,1.0,12.0,1.0,1.0,1.0,1.0,1.0,1.0,1.0,1.0,10881073488.0,83189326.08,15250600.0,0.1690918571428571,36.0,514.0,514.0,9.05189170493675e+17,27.571428571428573,27.57667928571428,78.57142857142857,198.57142857142858
1024.0,2048000.0,256.0,64.0,3.0,10.0,32.0,30.0,2.0,1.0,2.0,5.0,1.0,2.0,1.0,4.0,4.0,3.0,6.0,4.0,1.0,4.0,6.0,5.0,5.0,6.0,6.0,3.0,2.0,2.0,4.0,6.0,128.0,768.0,1.0,96.0,2304.0,1.0,1.0,1.0,1.0,1.0,1.0,1.0,5.0,3.0,5.0,2.0,5.0,4.0,4.0,2.0,2.0,4.0,5.0,2.0,3.0,5.0,5.0,1.0,2.0,5.0,8.0,16.0,1.0,128.0,8.0,1.0,2.0,64.0,1.0,1.0,1.0,1.0,6.0,2.0,2.0,1.0,1.0,2.0,1.0,3.0,1.0,3.0,3.0,5.0,2.0,6.0,3.0,5.0,3.0,4.0,1.0,64.0,1.0,4.0,128.0,1.0,8.0,16.0,1.0,1.0,1.0,1.0,2.0,1.0,2.0,4.0,5.0,5.0,5.0,3.0,2.0,4.0,6.0,6.0,2.0,3.0,1.0,1.0,5.0,3.0,12.0,4.0,1.0,768.0,128.0,1.0,1.0,1.0,1.0,1.0,1.0,1.0,1.0,2.0,6.0,6.0,5.0,2.0,6.0,6.0,6.0,1.0,1.0,1.0,4.0,2.0,5.0,1.0,1.0,1.0,64.0,64.0,1.0,16.0,1024.0,1.0,1.0,1.0,1.0,1.0,1.0,1.0,3.0,5.0,3.0,1.0,3.0,5.0,2.0,2.0,4.0,1.0,6.0,2.0,1.0,2.0,5.0,4.0,5.0,5.0,12.0,32.0,1.0,1.0,12.0,1.0,1.0,1.0,1.0,1.0,1.0,1.0,5779189296.0,20178032.479999997,50658900000.0,84.24305357142856,9600.0,514.0,4325376.0,1.1661266932275632e+17,111.89285714285714,2.4812592857142852,78.57142857142857,196635.42857142858
256.0,512000.0,256.0,64.0,1.0,16.0,24.0,32.0,3.0,1.0,5.0,2.0,3.0,5.0,6.0,1.0,6.0,6.0,6.0,6.0,3.0,2.0,6.0,4.0,2.0,1.0,4.0,5.0,4.0,1.0,2.0,5.0,16.0,16.0,1.0,1.0,144.0,1.0,1.0,1.0,1.0,1.0,1.0,1.0,1.0,4.0,5.0,2.0,1.0,4.0,1.0,2.0,3.0,4.0,6.0,5.0,6.0,6.0,2.0,3.0,2.0,4.0,1.0,8.0,1.0,32.0,64.0,1.0,32.0,8.0,1.0,1.0,1.0,1.0,5.0,6.0,5.0,3.0,4.0,1.0,4.0,1.0,4.0,5.0,4.0,1.0,3.0,3.0,6.0,4.0,1.0,3.0,16.0,16.0,1.0,16.0,32.0,1.0,2.0,8.0,1.0,1.0,1.0,1.0,5.0,3.0,3.0,6.0,1.0,2.0,5.0,6.0,5.0,3.0,2.0,2.0,5.0,5.0,1.0,6.0,3.0,2.0,4.0,16.0,1.0,1.0,96.0,1.0,1.0,1.0,1.0,1.0,1.0,1.0,2.0,2.0,3.0,5.0,2.0,3.0,4.0,2.0,5.0,5.0,4.0,4.0,4.0,2.0,4.0,2.0,2.0,6.0,1.0,768.0,1.0,32.0,768.0,1.0,1.0,1.0,1.0,1.0,1.0,1.0,6.0,3.0,4.0,5.0,2.0,6.0,6.0,5.0,5.0,3.0,4.0,3.0,1.0,1.0,1.0,1.0,3.0,2.0,3.0,8.0,1.0,768.0,48.0,1.0,1.0,1.0,1.0,1.0,1.0,1.0,10881073488.0,79179984.96,13573500.0,0.15093314285714285,32.0,514.0,514.0,8.615632351284947e+17,27.571428571428573,27.57590785714286,78.57142857142857,184.85714285714286
2048.0,8192000.0,256.0,64.0,3.0,46.0,46.0,10.0,3.0,6.0,3.0,4.0,4.0,6.0,5.0,1.0,4.0,6.0,3.0,5.0,1.0,4.0,6.0,2.0,3.0,1.0,5.0,3.0,3.0,4.0,2.0,4.0,8.0,2.0,1.0,72.0,1.0,1.0,1.0,1.0,1.0,1.0,1.0,1.0,4.0,1.0,1.0,6.0,5.0,6.0,3.0,6.0,1.0,3.0,3.0,2.0,2.0,1.0,3.0,6.0,3.0,3.0,32.0,64.0,1.0,4.0,1.0,1.0,32.0,16.0,1.0,1.0,1.0,1.0,4.0,3.0,5.0,2.0,4.0,1.0,6.0,4.0,3.0,1.0,5.0,5.0,2.0,3.0,1.0,1.0,1.0,6.0,4.0,64.0,1.0,128.0,4.0,1.0,64.0,8.0,1.0,1.0,1.0,1.0,6.0,5.0,6.0,2.0,6.0,2.0,5.0,6.0,6.0,5.0,4.0,1.0,1.0,3.0,1.0,1.0,6.0,2.0,128.0,16.0,1.0,1.0,256.0,1.0,1.0,1.0,1.0,1.0,1.0,1.0,3.0,6.0,4.0,3.0,2.0,6.0,6.0,1.0,3.0,5.0,6.0,1.0,6.0,3.0,4.0,5.0,3.0,4.0,6.0,1.0,1.0,16.0,8.0,1.0,1.0,1.0,1.0,1.0,1.0,1.0,1.0,6.0,2.0,1.0,5.0,4.0,6.0,3.0,1.0,5.0,1.0,6.0,1.0,5.0,6.0,3.0,5.0,5.0,128.0,384.0,1.0,4.0,4.0,1.0,1.0,1.0,1.0,1.0,1.0,1.0,733212612.0,21849261.840000004,236314000000.0,291.6346785714286,21160.0,514.0,610304.0,1.6020154343978328e+16,18.135714285714283,0.5966517857142858,78.57142857142857,81741.71428571429
128.0,1024000.0,256.0,64.0,1.0,36.0,38.0,36.0,2.0,3.0,4.0,1.0,4.0,1.0,1.0,4.0,2.0,3.0,5.0,4.0,4.0,3.0,1.0,4.0,5.0,3.0,2.0,3.0,5.0,1.0,4.0,3.0,256.0,256.0,1.0,64.0,12.0,1.0,1.0,1.0,1.0,1.0,1.0,1.0,4.0,5.0,1.0,1.0,4.0,1.0,4.0,4.0,3.0,4.0,2.0,3.0,6.0,5.0,5.0,2.0,3.0,5.0,64.0,8.0,1.0,64.0,32.0,1.0,16.0,4.0,1.0,1.0,1.0,1.0,6.0,4.0,6.0,1.0,2.0,1.0,4.0,3.0,4.0,1.0,3.0,2.0,2.0,1.0,6.0,6.0,3.0,3.0,128.0,8.0,1.0,128.0,64.0,1.0,4.0,16.0,1.0,1.0,1.0,1.0,3.0,6.0,2.0,5.0,2.0,2.0,6.0,5.0,2.0,3.0,2.0,3.0,3.0,3.0,3.0,5.0,4.0,2.0,32.0,768.0,1.0,768.0,384.0,1.0,1.0,1.0,1.0,1.0,1.0,1.0,6.0,2.0,5.0,3.0,3.0,1.0,1.0,1.0,1.0,5.0,1.0,4.0,6.0,2.0,6.0,5.0,2.0,4.0,24.0,8.0,1.0,128.0,1.0,1.0,1.0,1.0,1.0,1.0,1.0,1.0,6.0,1.0,2.0,5.0,6.0,4.0,4.0,6.0,3.0,6.0,2.0,2.0,3.0,3.0,4.0,2.0,3.0,1.0,1.0,1024.0,1.0,4.0,1.0,1.0,1.0,1.0,1.0,1.0,1.0,1.0,10881073488.0,79158135.83999999,15250600.0,0.1690918571428571,36.0,514.0,514.0,8.613254932481265e+17,27.571428571428573,27.57590785714286,78.57142857142857,198.57142857142858
256.0,16000.0,256.0,64.0,1.0,26.0,22.0,8.0,4.0,2.0,3.0,4.0,6.0,3.0,2.0,6.0,2.0,3.0,2.0,1.0,6.0,4.0,6.0,1.0,2.0,5.0,2.0,3.0,6.0,5.0,5.0,2.0,96.0,1.0,1.0,12.0,96.0,1.0,1.0,1.0,1.0,1.0,1.0,1.0,2.0,6.0,2.0,3.0,6.0,1.0,2.0,6.0,3.0,2.0,2.0,1.0,6.0,1.0,3.0,4.0,2.0,2.0,2.0,8.0,1.0,8.0,8.0,1.0,1.0,1.0,1.0,1.0,1.0,1.0,2.0,1.0,1.0,5.0,5.0,4.0,3.0,4.0,1.0,6.0,6.0,3.0,2.0,3.0,5.0,3.0,1.0,1.0,1.0,1.0,1.0,32.0,2.0,1.0,8.0,64.0,1.0,1.0,1.0,1.0,5.0,5.0,6.0,3.0,5.0,6.0,5.0,3.0,1.0,4.0,3.0,6.0,3.0,2.0,6.0,5.0,6.0,1.0,64.0,128.0,1.0,8.0,6.0,1.0,1.0,1.0,1.0,1.0,1.0,1.0,6.0,4.0,4.0,6.0,2.0,2.0,3.0,2.0,5.0,6.0,1.0,1.0,3.0,3.0,4.0,5.0,2.0,1.0,16.0,24.0,1.0,16.0,128.0,1.0,1.0,1.0,1.0,1.0,1.0,1.0,4.0,4.0,6.0,6.0,3.0,3.0,1.0,5.0,6.0,5.0,1.0,2.0,2.0,6.0,4.0,3.0,1.0,4.0,768.0,128.0,1.0,4.0,64.0,1.0,1.0,1.0,1.0,1.0,1.0,1.0,11173626192.0,97609567.20000002,3853260.0,0.042497942857142854,8.0,514.0,514.0,1.0906528166557043e+18,1.0,1.4258078571428572,78.57142857142857,78.57142857142857
512000.0,32000000.0,256.0,64.0,2.0,2.0,32.0,38.0,1.0,5.0,2.0,3.0,1.0,5.0,4.0,6.0,4.0,3.0,2.0,4.0,4.0,5.0,3.0,2.0,3.0,3.0,6.0,2.0,1.0,3.0,4.0,3.0,256.0,32.0,1.0,18.0,12.0,1.0,1.0,1.0,1.0,1.0,1.0,1.0,2.0,4.0,6.0,3.0,1.0,5.0,3.0,5.0,1.0,2.0,4.0,1.0,1.0,5.0,2.0,3.0,4.0,3.0,32.0,1.0,1.0,2.0,128.0,1.0,8.0,4.0,1.0,1.0,1.0,1.0,4.0,1.0,6.0,5.0,5.0,5.0,2.0,1.0,1.0,2.0,4.0,1.0,1.0,1.0,2.0,1.0,5.0,1.0,16.0,64.0,1.0,32.0,128.0,1.0,64.0,4.0,1.0,1.0,1.0,1.0,2.0,4.0,1.0,5.0,3.0,1.0,3.0,4.0,6.0,2.0,6.0,3.0,6.0,6.0,6.0,1.0,1.0,5.0,6.0,768.0,1.0,128.0,3.0,1.0,1.0,1.0,1.0,1.0,1.0,1.0,1.0,1.0,3.0,4.0,4.0,3.0,2.0,2.0,4.0,5.0,5.0,6.0,2.0,2.0,2.0,5.0,5.0,5.0,16.0,1.0,1.0,128.0,48.0,1.0,1.0,1.0,1.0,1.0,1.0,1.0,1.0,2.0,2.0,5.0,2.0,6.0,4.0,1.0,1.0,1.0,4.0,3.0,5.0,2.0,3.0,1.0,3.0,1.0,48.0,256.0,1.0,192.0,24.0,1.0,1.0,1.0,1.0,1.0,1.0,1.0,382851804.0,35277243.52000001,1222020000.0,6.234899642857143,1216.0,514.0,396544.0,1.3505956321779314e+16,20.0,13.671188678571433,78.57142857142857,32328.0
256.0,128000.0,256.0,64.0,3.0,10.0,38.0,30.0,3.0,6.0,2.0,2.0,6.0,5.0,1.0,6.0,5.0,4.0,6.0,2.0,2.0,3.0,5.0,2.0,5.0,2.0,4.0,1.0,3.0,1.0,6.0,1.0,96.0,8.0,1.0,3.0,1.0,1.0,1.0,1.0,1.0,1.0,1.0,1.0,3.0,6.0,2.0,5.0,4.0,2.0,4.0,2.0,5.0,3.0,6.0,5.0,2.0,4.0,1.0,4.0,5.0,1.0,4.0,64.0,1.0,2.0,32.0,1.0,2.0,16.0,1.0,1.0,1.0,1.0,3.0,1.0,6.0,6.0,6.0,1.0,4.0,2.0,6.0,2.0,3.0,6.0,4.0,5.0,2.0,3.0,4.0,1.0,32.0,4.0,1.0,4.0,4.0,1.0,8.0,2.0,1.0,1.0,1.0,1.0,5.0,6.0,2.0,1.0,6.0,4.0,1.0,5.0,5.0,1.0,2.0,1.0,6.0,6.0,2.0,5.0,1.0,4.0,2.0,128.0,1.0,128.0,256.0,1.0,1.0,1.0,1.0,1.0,1.0,1.0,4.0,6.0,2.0,6.0,1.0,3.0,2.0,6.0,5.0,2.0,3.0,2.0,6.0,5.0,6.0,5.0,6.0,1.0,3.0,24.0,1.0,64.0,2.0,1.0,1.0,1.0,1.0,1.0,1.0,1.0,1.0,1.0,5.0,5.0,3.0,4.0,4.0,6.0,6.0,2.0,6.0,2.0,5.0,6.0,6.0,1.0,1.0,1.0,768.0,192.0,1.0,96.0,128.0,1.0,1.0,1.0,1.0,1.0,1.0,1.0,1616409024.0,18963042.759999998,70614100000.0,108.52310714285714,11400.0,514.0,1540096.0,3.0652033439761864e+16,6.163358214285714,0.4218083214285714,78.57142857142857,87209.14285714286
512.0,16000.0,256.0,64.0,1.0,12.0,24.0,26.0,5.0,2.0,5.0,6.0,4.0,2.0,6.0,2.0,4.0,2.0,5.0,3.0,3.0,6.0,5.0,1.0,1.0,5.0,1.0,1.0,4.0,3.0,4.0,6.0,128.0,4.0,1.0,4.0,6.0,1.0,1.0,1.0,1.0,1.0,1.0,1.0,4.0,5.0,6.0,1.0,3.0,4.0,1.0,4.0,6.0,1.0,6.0,5.0,4.0,4.0,2.0,1.0,6.0,3.0,64.0,4.0,1.0,128.0,1.0,1.0,16.0,4.0,1.0,1.0,1.0,1.0,3.0,3.0,4.0,2.0,5.0,5.0,5.0,6.0,4.0,6.0,1.0,4.0,6.0,5.0,4.0,3.0,3.0,2.0,16.0,1.0,1.0,8.0,4.0,1.0,8.0,4.0,1.0,1.0,1.0,1.0,6.0,2.0,2.0,4.0,1.0,1.0,1.0,1.0,6.0,5.0,3.0,2.0,3.0,4.0,3.0,1.0,5.0,6.0,24.0,128.0,1.0,8.0,192.0,1.0,1.0,1.0,1.0,1.0,1.0,1.0,4.0,2.0,2.0,6.0,4.0,4.0,6.0,3.0,1.0,4.0,1.0,4.0,2.0,5.0,3.0,4.0,2.0,1.0,96.0,12.0,1.0,3.0,24.0,1.0,1.0,1.0,1.0,1.0,1.0,1.0,5.0,3.0,5.0,4.0,2.0,1.0,3.0,3.0,6.0,2.0,5.0,4.0,3.0,4.0,3.0,1.0,1.0,5.0,1536.0,192.0,1.0,24.0,768.0,1.0,1.0,1.0,1.0,1.0,1.0,1.0,11173626192.0,105349735.20000002,11088400.0,0.12342900000000001,26.0,514.0,514.0,1.1771385605509844e+18,1.0,1.000913214285714,78.57142857142857,78.57142857142857
16000.0,4096000.0,256.0,64.0,2.0,32.0,6.0,16.0,4.0,1.0,2.0,2.0,3.0,2.0,1.0,6.0,3.0,4.0,6.0,4.0,2.0,4.0,2.0,2.0,1.0,5.0,4.0,3.0,1.0,3.0,4.0,6.0,96.0,64.0,1.0,12.0,384.0,1.0,1.0,1.0,1.0,1.0,1.0,1.0,3.0,5.0,5.0,1.0,3.0,6.0,3.0,3.0,6.0,5.0,2.0,2.0,6.0,1.0,1.0,5.0,3.0,2.0,2.0,64.0,1.0,2.0,8.0,1.0,64.0,8.0,1.0,1.0,1.0,1.0,2.0,4.0,2.0,6.0,3.0,1.0,1.0,3.0,4.0,5.0,4.0,4.0,4.0,5.0,3.0,6.0,3.0,1.0,8.0,4.0,1.0,1.0,1.0,1.0,2.0,8.0,1.0,1.0,1.0,1.0,6.0,5.0,5.0,6.0,5.0,3.0,1.0,5.0,2.0,3.0,6.0,6.0,2.0,5.0,2.0,3.0,1.0,6.0,16.0,128.0,1.0,128.0,768.0,1.0,1.0,1.0,1.0,1.0,1.0,1.0,6.0,6.0,6.0,4.0,5.0,2.0,3.0,1.0,5.0,6.0,6.0,2.0,6.0,2.0,1.0,3.0,1.0,2.0,6.0,32.0,1.0,64.0,1024.0,1.0,1.0,1.0,1.0,1.0,1.0,1.0,2.0,3.0,2.0,3.0,3.0,5.0,4.0,4.0,2.0,5.0,1.0,4.0,2.0,1.0,4.0,2.0,2.0,6.0,48.0,4.0,1.0,192.0,192.0,1.0,1.0,1.0,1.0,1.0,1.0,1.0,1891889124.0,20481928.579999994,42375500.0,0.4777721785714285,96.0,514.0,110592.0,3.874953791904675e+16,5.422075000000001,3.005753535714286,78.57142857142857,10438.285714285714
2048000.0,256000.0,256.0,64.0,1.0,34.0,2.0,16.0,1.0,5.0,3.0,2.0,5.0,3.0,4.0,5.0,6.0,4.0,5.0,1.0,1.0,5.0,6.0,5.0,2.0,5.0,5.0,3.0,5.0,5.0,4.0,4.0,6.0,768.0,1.0,32.0,18.0,1.0,1.0,1.0,1.0,1.0,1.0,1.0,2.0,2.0,4.0,5.0,3.0,1.0,3.0,2.0,1.0,6.0,3.0,2.0,3.0,4.0,6.0,4.0,1.0,1.0,8.0,1.0,1.0,64.0,8.0,1.0,2.0,2.0,1.0,1.0,1.0,1.0,2.0,3.0,4.0,1.0,3.0,3.0,3.0,1.0,5.0,5.0,6.0,1.0,5.0,1.0,6.0,4.0,2.0,5.0,1.0,2.0,1.0,2.0,16.0,1.0,16.0,1.0,1.0,1.0,1.0,1.0,6.0,4.0,1.0,4.0,1.0,1.0,2.0,2.0,2.0,1.0,2.0,1.0,6.0,6.0,6.0,6.0,5.0,4.0,16.0,16.0,1.0,12.0,128.0,1.0,1.0,1.0,1.0,1.0,1.0,1.0,2.0,2.0,4.0,5.0,1.0,4.0,5.0,1.0,2.0,2.0,1.0,2.0,1.0,1.0,3.0,2.0,4.0,2.0,256.0,12.0,1.0,384.0,32.0,1.0,1.0,1.0,1.0,1.0,1.0,1.0,2.0,4.0,6.0,3.0,6.0,4.0,3.0,2.0,6.0,3.0,2.0,6.0,3.0,1.0,3.0,6.0,5.0,2.0,8.0,3072.0,1.0,24.0,6.0,1.0,1.0,1.0,1.0,1.0,1.0,1.0,698351952.0,67411610.4,7028500.0,0.08055197142857141,16.0,514.0,4384.0,4.70770297103035e+16,16.0,16.47502857142857,78.57142857142857,682.8571428571429
256000.0,512000.0,256.0,64.0,2.0,14.0,8.0,26.0,1.0,1.0,5.0,5.0,6.0,6.0,4.0,6.0,3.0,4.0,5.0,3.0,6.0,5.0,1.0,1.0,4.0,3.0,4.0,1.0,6.0,6.0,5.0,3.0,1.0,768.0,1.0,384.0,1.0,1.0,1.0,1.0,1.0,1.0,1.0,1.0,4.0,1.0,6.0,2.0,3.0,5.0,4.0,1.0,5.0,3.0,3.0,4.0,6.0,5.0,4.0,2.0,4.0,5.0,8.0,8.0,1.0,128.0,32.0,1.0,128.0,64.0,1.0,1.0,1.0,1.0,6.0,3.0,1.0,6.0,1.0,5.0,1.0,4.0,2.0,1.0,4.0,2.0,3.0,4.0,1.0,1.0,2.0,4.0,4.0,4.0,1.0,64.0,128.0,1.0,8.0,2.0,1.0,1.0,1.0,1.0,2.0,1.0,3.0,4.0,3.0,1.0,3.0,3.0,3.0,4.0,6.0,3.0,6.0,3.0,1.0,5.0,2.0,1.0,768.0,384.0,1.0,4.0,4.0,1.0,1.0,1.0,1.0,1.0,1.0,1.0,5.0,2.0,5.0,4.0,4.0,5.0,6.0,2.0,6.0,4.0,1.0,2.0,2.0,1.0,4.0,4.0,5.0,2.0,768.0,1.0,1.0,12.0,3072.0,1.0,1.0,1.0,1.0,1.0,1.0,1.0,4.0,3.0,5.0,4.0,6.0,3.0,2.0,1.0,6.0,3.0,6.0,5.0,2.0,6.0,2.0,6.0,3.0,2.0,384.0,64.0,1.0,2.0,16.0,1.0,1.0,1.0,1.0,1.0,1.0,1.0,11197752252.0,45669709.16000001,102804000.0,0.9851519285714285,208.0,514.0,102400.0,5.1139808859457517e+17,1.0,0.31465820107142856,78.57142857142857,7157.5
4096.0,4096000.0,256.0,64.0,3.0,14.0,28.0,46.0,3.0,4.0,1.0,4.0,2.0,6.0,1.0,5.0,6.0,2.0,3.0,3.0,5.0,2.0,1.0,5.0,3.0,3.0,4.0,2.0,3.0,3.0,5.0,5.0,96.0,48.0,1.0,24.0,48.0,1.0,1.0,1.0,1.0,1.0,1.0,1.0,4.0,5.0,6.0,3.0,4.0,6.0,5.0,1.0,4.0,3.0,3.0,1.0,5.0,4.0,1.0,1.0,2.0,1.0,64.0,64.0,1.0,2.0,16.0,1.0,32.0,1.0,1.0,1.0,1.0,1.0,6.0,2.0,5.0,5.0,4.0,5.0,5.0,3.0,2.0,1.0,6.0,5.0,6.0,3.0,1.0,4.0,6.0,4.0,16.0,8.0,1.0,128.0,16.0,1.0,8.0,64.0,1.0,1.0,1.0,1.0,6.0,6.0,1.0,6.0,3.0,3.0,3.0,4.0,4.0,2.0,6.0,4.0,6.0,1.0,6.0,1.0,2.0,5.0,64.0,4.0,1.0,64.0,2.0,1.0,1.0,1.0,1.0,1.0,1.0,1.0,6.0,6.0,2.0,5.0,6.0,6.0,4.0,3.0,5.0,4.0,4.0,5.0,2.0,2.0,6.0,1.0,3.0,6.0,192.0,24.0,1.0,3.0,4.0,1.0,1.0,1.0,1.0,1.0,1.0,1.0,1.0,3.0,6.0,6.0,2.0,2.0,2.0,2.0,5.0,3.0,5.0,1.0,4.0,2.0,4.0,6.0,6.0,3.0,256.0,512.0,1.0,2.0,96.0,1.0,1.0,1.0,1.0,1.0,1.0,1.0,4323540540.0,18400460.279999994,172636000000.0,223.6642857142857,18032.0,514.0,253952.0,7.955513597523973e+16,8.428571428571429,0.2788202178571429,78.57142857142857,26752.0
1024000.0,4096000.0,256.0,64.0,1.0,34.0,2.0,36.0,2.0,5.0,4.0,6.0,3.0,1.0,2.0,2.0,2.0,2.0,6.0,1.0,5.0,6.0,2.0,3.0,2.0,5.0,6.0,1.0,4.0,2.0,4.0,1.0,256.0,8.0,1.0,72.0,32.0,1.0,1.0,1.0,1.0,1.0,1.0,1.0,6.0,4.0,1.0,1.0,6.0,6.0,4.0,3.0,4.0,2.0,1.0,5.0,1.0,2.0,4.0,3.0,6.0,6.0,1.0,8.0,1.0,8.0,32.0,1.0,16.0,16.0,1.0,1.0,1.0,1.0,6.0,6.0,3.0,1.0,5.0,1.0,6.0,2.0,4.0,6.0,6.0,6.0,4.0,6.0,1.0,3.0,3.0,5.0,8.0,32.0,1.0,1.0,1.0,1.0,1.0,64.0,1.0,1.0,1.0,1.0,6.0,5.0,2.0,4.0,2.0,4.0,1.0,1.0,2.0,5.0,2.0,5.0,6.0,1.0,5.0,1.0,4.0,4.0,24.0,128.0,1.0,768.0,3.0,1.0,1.0,1.0,1.0,1.0,1.0,1.0,2.0,3.0,3.0,5.0,6.0,2.0,1.0,3.0,5.0,1.0,1.0,1.0,4.0,3.0,4.0,2.0,2.0,6.0,384.0,6.0,1.0,192.0,32.0,1.0,1.0,1.0,1.0,1.0,1.0,1.0,4.0,5.0,6.0,3.0,6.0,2.0,4.0,4.0,6.0,5.0,2.0,6.0,4.0,4.0,4.0,2.0,3.0,2.0,1536.0,12.0,1.0,16.0,6.0,1.0,1.0,1.0,1.0,1.0,1.0,1.0,11173626192.0,68069272.8,15250600.0,0.16867785714285713,36.0,514.0,514.0,7.605806094284731e+17,1.0,1.4285207142857144,78.57142857142857,78.57142857142857
1024.0,2048000.0,256.0,64.0,1.0,42.0,6.0,24.0,6.0,1.0,1.0,4.0,1.0,3.0,4.0,5.0,5.0,5.0,6.0,5.0,2.0,2.0,6.0,1.0,3.0,5.0,6.0,5.0,4.0,5.0,3.0,2.0,32.0,12.0,1.0,48.0,288.0,1.0,1.0,1.0,1.0,1.0,1.0,1.0,6.0,5.0,4.0,6.0,5.0,2.0,3.0,2.0,5.0,4.0,2.0,6.0,4.0,1.0,2.0,6.0,6.0,6.0,2.0,8.0,1.0,4.0,128.0,1.0,1.0,16.0,1.0,1.0,1.0,1.0,1.0,6.0,2.0,1.0,1.0,5.0,2.0,1.0,5.0,3.0,4.0,3.0,5.0,6.0,6.0,1.0,2.0,2.0,16.0,32.0,1.0,2.0,8.0,1.0,2.0,2.0,1.0,1.0,1.0,1.0,1.0,2.0,4.0,5.0,3.0,4.0,2.0,3.0,4.0,5.0,1.0,2.0,6.0,3.0,5.0,4.0,5.0,4.0,768.0,128.0,1.0,256.0,32.0,1.0,1.0,1.0,1.0,1.0,1.0,1.0,6.0,4.0,3.0,3.0,4.0,5.0,2.0,5.0,2.0,3.0,2.0,4.0,5.0,6.0,3.0,2.0,2.0,6.0,1.0,2.0,1.0,2.0,1.0,1.0,1.0,1.0,1.0,1.0,1.0,1.0,3.0,1.0,1.0,6.0,5.0,1.0,1.0,1.0,5.0,1.0,2.0,6.0,6.0,6.0,5.0,1.0,5.0,1.0,64.0,1024.0,1.0,6.0,48.0,1.0,1.0,1.0,1.0,1.0,1.0,1.0,467141520.0,38488065.120000005,10268800.0,0.1176325714285714,24.0,514.0,6448.0,1.7979373242015784e+16,21.714257142857146,26.66268142857142,78.57142857142857,1005.1428571428571
512.0,8192000.0,256.0,64.0,2.0,32.0,10.0,20.0,6.0,6.0,3.0,6.0,1.0,3.0,3.0,2.0,2.0,2.0,2.0,5.0,5.0,5.0,1.0,2.0,5.0,5.0,2.0,5.0,6.0,3.0,1.0,3.0,48.0,96.0,1.0,576.0,48.0,1.0,1.0,1.0,1.0,1.0,1.0,1.0,6.0,5.0,5.0,4.0,1.0,3.0,6.0,4.0,5.0,4.0,6.0,2.0,2.0,5.0,1.0,2.0,4.0,4.0,32.0,2.0,1.0,4.0,128.0,1.0,1.0,16.0,1.0,1.0,1.0,1.0,1.0,6.0,2.0,2.0,1.0,4.0,3.0,4.0,6.0,3.0,4.0,2.0,2.0,5.0,2.0,6.0,2.0,5.0,16.0,64.0,1.0,128.0,16.0,1.0,64.0,4.0,1.0,1.0,1.0,1.0,6.0,2.0,3.0,1.0,5.0,2.0,2.0,3.0,3.0,6.0,2.0,2.0,4.0,4.0,5.0,6.0,1.0,4.0,12.0,24.0,1.0,48.0,6.0,1.0,1.0,1.0,1.0,1.0,1.0,1.0,1.0,1.0,5.0,3.0,3.0,1.0,5.0,4.0,6.0,3.0,5.0,6.0,3.0,1.0,2.0,3.0,2.0,6.0,3.0,48.0,1.0,2.0,16.0,1.0,1.0,1.0,1.0,1.0,1.0,1.0,3.0,4.0,1.0,6.0,1.0,3.0,3.0,2.0,5.0,5.0,6.0,2.0,1.0,2.0,2.0,3.0,1.0,6.0,32.0,8.0,1.0,96.0,768.0,1.0,1.0,1.0,1.0,1.0,1.0,1.0,249721284.0,19913611.86,98071500.0,0.9660633571428573,200.0,514.0,181248.0,4972852722756828.0,82.55697857142857,20.180689607142856,78.57142857142857,12469.42857142857
32000.0,128000.0,256.0,64.0,1.0,30.0,12.0,42.0,2.0,2.0,5.0,4.0,2.0,1.0,6.0,2.0,6.0,6.0,2.0,6.0,4.0,3.0,6.0,3.0,3.0,6.0,2.0,3.0,2.0,3.0,4.0,1.0,1.0,96.0,1.0,48.0,1.0,1.0,1.0,1.0,1.0,1.0,1.0,1.0,5.0,5.0,4.0,4.0,2.0,4.0,5.0,4.0,2.0,1.0,2.0,4.0,1.0,4.0,6.0,2.0,3.0,3.0,8.0,64.0,1.0,4.0,8.0,1.0,1.0,8.0,1.0,1.0,1.0,1.0,2.0,5.0,4.0,4.0,3.0,2.0,2.0,1.0,1.0,5.0,4.0,6.0,5.0,5.0,3.0,6.0,1.0,2.0,4.0,128.0,1.0,2.0,8.0,1.0,1.0,4.0,1.0,1.0,1.0,1.0,1.0,4.0,6.0,6.0,4.0,3.0,1.0,4.0,6.0,5.0,2.0,2.0,3.0,6.0,2.0,4.0,3.0,6.0,768.0,256.0,1.0,48.0,24.0,1.0,1.0,1.0,1.0,1.0,1.0,1.0,1.0,1.0,3.0,1.0,3.0,5.0,2.0,4.0,2.0,6.0,2.0,3.0,2.0,5.0,1.0,5.0,6.0,1.0,192.0,384.0,1.0,2.0,24.0,1.0,1.0,1.0,1.0,1.0,1.0,1.0,1.0,3.0,5.0,5.0,3.0,3.0,2.0,6.0,4.0,1.0,3.0,5.0,1.0,6.0,6.0,1.0,6.0,1.0,3072.0,512.0,1.0,256.0,3.0,1.0,1.0,1.0,1.0,1.0,1.0,1.0,10881073488.0,117574582.56000003,17796800.0,0.19635614285714284,42.0,514.0,514.0,1.2793376731562834e+18,27.571428571428573,27.996100357142858,78.57142857142857,219.14285714285714
256.0,1024000.0,256.0,64.0,2.0,30.0,40.0,32.0,2.0,5.0,6.0,2.0,2.0,6.0,5.0,3.0,1.0,5.0,6.0,1.0,1.0,4.0,1.0,1.0,2.0,6.0,6.0,6.0,4.0,2.0,2.0,5.0,768.0,64.0,1.0,6.0,576.0,1.0,1.0,1.0,1.0,1.0,1.0,1.0,4.0,4.0,3.0,4.0,2.0,2.0,5.0,6.0,5.0,1.0,3.0,5.0,6.0,3.0,2.0,1.0,3.0,2.0,2.0,8.0,1.0,64.0,16.0,1.0,128.0,128.0,1.0,1.0,1.0,1.0,4.0,4.0,3.0,1.0,3.0,6.0,6.0,4.0,1.0,3.0,4.0,6.0,6.0,6.0,3.0,1.0,5.0,2.0,1.0,64.0,1.0,128.0,4.0,1.0,2.0,32.0,1.0,1.0,1.0,1.0,1.0,6.0,5.0,6.0,5.0,3.0,1.0,3.0,3.0,5.0,1.0,2.0,4.0,2.0,4.0,6.0,6.0,5.0,24.0,96.0,1.0,1.0,6.0,1.0,1.0,1.0,1.0,1.0,1.0,1.0,2.0,4.0,6.0,3.0,1.0,5.0,4.0,4.0,5.0,5.0,5.0,5.0,6.0,5.0,5.0,2.0,6.0,3.0,24.0,16.0,1.0,192.0,96.0,1.0,1.0,1.0,1.0,1.0,1.0,1.0,3.0,4.0,2.0,6.0,4.0,1.0,4.0,6.0,4.0,5.0,5.0,5.0,1.0,3.0,6.0,4.0,1.0,5.0,128.0,24.0,1.0,256.0,64.0,1.0,1.0,1.0,1.0,1.0,1.0,1.0,11028364644.0,26916254.599999994,1328000000.0,6.4992575,1280.0,514.0,31744.0,2.968422705795423e+17,14.285714285714286,12.44543323214286,78.57142857142857,5225.714285714285
256.0,16000.0,256.0,64.0,2.0,16.0,32.0,46.0,5.0,6.0,4.0,4.0,3.0,6.0,6.0,6.0,3.0,4.0,3.0,2.0,4.0,5.0,1.0,1.0,1.0,1.0,4.0,4.0,6.0,6.0,1.0,2.0,48.0,64.0,1.0,128.0,24.0,1.0,1.0,1.0,1.0,1.0,1.0,1.0,3.0,6.0,6.0,4.0,5.0,1.0,1.0,4.0,3.0,4.0,6.0,6.0,2.0,3.0,4.0,2.0,5.0,4.0,1.0,8.0,1.0,2.0,64.0,1.0,1.0,2.0,1.0,1.0,1.0,1.0,1.0,3.0,6.0,1.0,1.0,6.0,4.0,4.0,5.0,6.0,4.0,2.0,2.0,6.0,3.0,3.0,2.0,4.0,4.0,16.0,1.0,128.0,32.0,1.0,8.0,2.0,1.0,1.0,1.0,1.0,2.0,3.0,1.0,5.0,5.0,1.0,2.0,2.0,6.0,4.0,6.0,6.0,2.0,1.0,1.0,6.0,5.0,4.0,48.0,12.0,1.0,12.0,8.0,1.0,1.0,1.0,1.0,1.0,1.0,1.0,3.0,6.0,3.0,1.0,4.0,5.0,3.0,3.0,5.0,2.0,4.0,2.0,1.0,5.0,6.0,2.0,1.0,4.0,96.0,24.0,1.0,128.0,768.0,1.0,1.0,1.0,1.0,1.0,1.0,1.0,1.0,4.0,3.0,3.0,6.0,2.0,1.0,4.0,5.0,4.0,5.0,5.0,6.0,6.0,2.0,3.0,1.0,5.0,12.0,8.0,1.0,8.0,256.0,1.0,1.0,1.0,1.0,1.0,1.0,1.0,422485080.0,22567630.680000003,1671210000.0,7.743494285714286,1472.0,514.0,907264.0,9534487253250256.0,19.714285714285715,10.218090964285716,78.57142857142857,48446.57142857143
512000.0,16000000.0,256.0,64.0,3.0,32.0,30.0,40.0,2.0,4.0,5.0,2.0,6.0,1.0,3.0,5.0,5.0,5.0,1.0,6.0,5.0,3.0,2.0,2.0,4.0,4.0,2.0,4.0,4.0,1.0,1.0,6.0,64.0,96.0,1.0,72.0,64.0,1.0,1.0,1.0,1.0,1.0,1.0,1.0,6.0,1.0,1.0,1.0,1.0,4.0,3.0,2.0,1.0,3.0,3.0,5.0,5.0,2.0,6.0,4.0,5.0,4.0,2.0,1.0,1.0,16.0,8.0,1.0,2.0,64.0,1.0,1.0,1.0,1.0,4.0,2.0,5.0,6.0,6.0,4.0,1.0,3.0,5.0,1.0,1.0,4.0,6.0,6.0,2.0,4.0,4.0,1.0,1.0,4.0,1.0,2.0,2.0,1.0,8.0,4.0,1.0,1.0,1.0,1.0,1.0,1.0,1.0,4.0,3.0,4.0,6.0,3.0,4.0,2.0,1.0,6.0,6.0,6.0,1.0,3.0,5.0,1.0,192.0,192.0,1.0,384.0,16.0,1.0,1.0,1.0,1.0,1.0,1.0,1.0,5.0,5.0,3.0,6.0,3.0,6.0,3.0,3.0,4.0,3.0,3.0,1.0,6.0,1.0,5.0,6.0,3.0,6.0,256.0,256.0,1.0,1024.0,24.0,1.0,1.0,1.0,1.0,1.0,1.0,1.0,6.0,6.0,6.0,3.0,4.0,3.0,6.0,3.0,3.0,3.0,6.0,3.0,2.0,4.0,6.0,1.0,4.0,6.0,1.0,1.0,1.0,16.0,4.0,1.0,1.0,1.0,1.0,1.0,1.0,1.0,1288462452.0,34132366.56,766216000000.0,818.9235357142857,38400.0,514.0,851968.0,4.397827271046041e+16,59.142857142857146,18.04221507142857,78.57142857142857,44209.142857142855
8192.0,2048000.0,256.0,64.0,1.0,36.0,36.0,32.0,3.0,1.0,5.0,4.0,4.0,4.0,2.0,3.0,6.0,6.0,1.0,5.0,1.0,1.0,3.0,1.0,5.0,3.0,2.0,4.0,4.0,6.0,5.0,3.0,1.0,96.0,1.0,3.0,3.0,1.0,1.0,1.0,1.0,1.0,1.0,1.0,3.0,4.0,1.0,3.0,1.0,5.0,2.0,6.0,1.0,1.0,4.0,3.0,3.0,4.0,6.0,3.0,2.0,2.0,32.0,1.0,1.0,2.0,8.0,1.0,2.0,16.0,1.0,1.0,1.0,1.0,3.0,3.0,6.0,1.0,3.0,2.0,3.0,1.0,1.0,2.0,1.0,1.0,1.0,6.0,3.0,5.0,6.0,3.0,1.0,4.0,1.0,4.0,128.0,1.0,8.0,8.0,1.0,1.0,1.0,1.0,1.0,1.0,3.0,3.0,5.0,4.0,6.0,2.0,3.0,5.0,6.0,1.0,3.0,4.0,1.0,5.0,4.0,1.0,64.0,24.0,1.0,4.0,3.0,1.0,1.0,1.0,1.0,1.0,1.0,1.0,1.0,2.0,4.0,2.0,2.0,3.0,1.0,3.0,1.0,4.0,4.0,1.0,6.0,3.0,2.0,1.0,3.0,2.0,96.0,3.0,1.0,2.0,32.0,1.0,1.0,1.0,1.0,1.0,1.0,1.0,3.0,1.0,5.0,6.0,2.0,1.0,5.0,4.0,5.0,4.0,4.0,4.0,3.0,4.0,1.0,4.0,1.0,6.0,1536.0,3.0,1.0,384.0,128.0,1.0,1.0,1.0,1.0,1.0,1.0,1.0,10881073488.0,101157583.19999999,13573500.0,0.15093314285714285,32.0,514.0,514.0,1.1007030966676741e+18,27.571428571428573,28.419378928571426,78.57142857142857,184.85714285714286
64000.0,256000.0,256.0,64.0,2.0,42.0,42.0,28.0,1.0,6.0,4.0,1.0,2.0,6.0,3.0,1.0,1.0,5.0,6.0,5.0,6.0,2.0,4.0,2.0,2.0,3.0,5.0,5.0,2.0,6.0,3.0,6.0,24.0,192.0,1.0,12.0,48.0,1.0,1.0,1.0,1.0,1.0,1.0,1.0,4.0,2.0,5.0,1.0,5.0,2.0,4.0,2.0,4.0,2.0,2.0,1.0,3.0,6.0,1.0,6.0,5.0,6.0,32.0,64.0,1.0,32.0,4.0,1.0,16.0,16.0,1.0,1.0,1.0,1.0,2.0,3.0,3.0,1.0,4.0,2.0,4.0,6.0,4.0,1.0,3.0,6.0,1.0,5.0,1.0,1.0,6.0,3.0,32.0,128.0,1.0,16.0,32.0,1.0,16.0,16.0,1.0,1.0,1.0,1.0,3.0,6.0,3.0,3.0,1.0,4.0,6.0,4.0,3.0,6.0,3.0,4.0,4.0,5.0,2.0,4.0,4.0,6.0,16.0,24.0,1.0,48.0,192.0,1.0,1.0,1.0,1.0,1.0,1.0,1.0,3.0,4.0,2.0,4.0,3.0,2.0,1.0,4.0,5.0,5.0,2.0,1.0,3.0,1.0,4.0,5.0,4.0,6.0,128.0,2.0,1.0,128.0,16.0,1.0,1.0,1.0,1.0,1.0,1.0,1.0,1.0,5.0,5.0,1.0,4.0,6.0,6.0,6.0,1.0,3.0,2.0,1.0,4.0,3.0,4.0,5.0,6.0,3.0,384.0,3.0,1.0,3.0,384.0,1.0,1.0,1.0,1.0,1.0,1.0,1.0,344580072.0,31383808.899999995,1157860000.0,6.0115807142857145,1176.0,514.0,212992.0,1.081423513039624e+16,21.763264285714286,1.691577392857143,78.57142857142857,31899.0
256000.0,2048000.0,256.0,64.0,3.0,32.0,12.0,30.0,6.0,4.0,1.0,4.0,5.0,2.0,5.0,5.0,4.0,2.0,4.0,2.0,1.0,1.0,2.0,6.0,2.0,1.0,6.0,3.0,2.0,5.0,5.0,6.0,32.0,12.0,1.0,1152.0,32.0,1.0,1.0,1.0,1.0,1.0,1.0,1.0,5.0,2.0,6.0,5.0,4.0,5.0,4.0,5.0,3.0,4.0,4.0,2.0,2.0,3.0,1.0,6.0,4.0,4.0,2.0,16.0,1.0,1.0,2.0,1.0,64.0,128.0,1.0,1.0,1.0,1.0,3.0,3.0,2.0,2.0,5.0,6.0,3.0,1.0,5.0,3.0,2.0,4.0,5.0,1.0,6.0,3.0,6.0,2.0,4.0,128.0,1.0,32.0,32.0,1.0,1.0,64.0,1.0,1.0,1.0,1.0,1.0,3.0,3.0,3.0,5.0,2.0,4.0,1.0,5.0,2.0,4.0,5.0,6.0,6.0,5.0,1.0,5.0,3.0,2.0,6.0,1.0,768.0,3.0,1.0,1.0,1.0,1.0,1.0,1.0,1.0,2.0,2.0,6.0,6.0,3.0,2.0,2.0,1.0,6.0,3.0,2.0,4.0,4.0,5.0,4.0,4.0,2.0,4.0,16.0,128.0,1.0,8.0,128.0,1.0,1.0,1.0,1.0,1.0,1.0,1.0,4.0,2.0,6.0,1.0,6.0,6.0,2.0,4.0,1.0,3.0,3.0,4.0,4.0,1.0,4.0,3.0,4.0,4.0,256.0,384.0,1.0,768.0,1.0,1.0,1.0,1.0,1.0,1.0,1.0,1.0,593970876.0,17764437.36,72062300000.0,111.13514285714285,11520.0,514.0,5701632.0,1.0551558420366328e+16,27.714285714285715,0.15252975,78.57142857142857,338541.71428571426
1024000.0,1024000.0,256.0,64.0,1.0,12.0,26.0,14.0,5.0,3.0,5.0,4.0,4.0,2.0,4.0,5.0,1.0,2.0,2.0,2.0,1.0,3.0,2.0,5.0,2.0,5.0,2.0,5.0,1.0,5.0,3.0,5.0,64.0,1.0,1.0,48.0,3.0,1.0,1.0,1.0,1.0,1.0,1.0,1.0,2.0,3.0,4.0,1.0,1.0,1.0,2.0,4.0,3.0,5.0,5.0,3.0,2.0,3.0,3.0,3.0,6.0,1.0,32.0,32.0,1.0,32.0,1.0,1.0,64.0,1.0,1.0,1.0,1.0,1.0,2.0,2.0,2.0,6.0,5.0,5.0,3.0,5.0,1.0,5.0,1.0,6.0,1.0,1.0,6.0,1.0,4.0,3.0,4.0,8.0,1.0,2.0,128.0,1.0,2.0,1.0,1.0,1.0,1.0,1.0,1.0,1.0,1.0,1.0,1.0,1.0,6.0,3.0,6.0,4.0,4.0,6.0,6.0,1.0,3.0,3.0,1.0,1.0,3.0,2.0,1.0,96.0,768.0,1.0,1.0,1.0,1.0,1.0,1.0,1.0,3.0,6.0,2.0,1.0,6.0,1.0,3.0,6.0,4.0,6.0,4.0,3.0,5.0,4.0,1.0,1.0,5.0,3.0,384.0,12.0,1.0,96.0,768.0,1.0,1.0,1.0,1.0,1.0,1.0,1.0,6.0,4.0,5.0,4.0,4.0,2.0,3.0,5.0,2.0,6.0,6.0,4.0,4.0,5.0,5.0,5.0,5.0,5.0,3.0,256.0,1.0,2.0,16.0,1.0,1.0,1.0,1.0,1.0,1.0,1.0,802161312.0,52786848.48,6228620.0,0.07128174285714285,14.0,514.0,3868.0,4.2343567633062e+16,12.966228571428573,16.362205357142855,78.57142857142857,602.2857142857143
512000.0,2048000.0,256.0,64.0,3.0,46.0,8.0,10.0,1.0,4.0,4.0,6.0,6.0,6.0,4.0,2.0,3.0,1.0,3.0,1.0,2.0,4.0,2.0,1.0,5.0,5.0,1.0,3.0,6.0,4.0,1.0,4.0,96.0,48.0,1.0,72.0,18.0,1.0,1.0,1.0,1.0,1.0,1.0,1.0,3.0,5.0,4.0,1.0,5.0,2.0,1.0,3.0,4.0,1.0,6.0,2.0,4.0,3.0,6.0,4.0,1.0,4.0,1.0,8.0,1.0,64.0,64.0,1.0,1.0,16.0,1.0,1.0,1.0,1.0,4.0,4.0,5.0,5.0,2.0,1.0,1.0,5.0,3.0,6.0,1.0,4.0,5.0,5.0,3.0,4.0,5.0,1.0,16.0,8.0,1.0,128.0,1.0,1.0,4.0,32.0,1.0,1.0,1.0,1.0,6.0,2.0,2.0,6.0,2.0,4.0,1.0,6.0,3.0,4.0,4.0,4.0,6.0,4.0,5.0,1.0,4.0,1.0,32.0,8.0,1.0,64.0,64.0,1.0,1.0,1.0,1.0,1.0,1.0,1.0,2.0,2.0,1.0,6.0,2.0,5.0,3.0,1.0,6.0,1.0,5.0,2.0,6.0,3.0,6.0,3.0,2.0,3.0,32.0,6.0,1.0,192.0,3.0,1.0,1.0,1.0,1.0,1.0,1.0,1.0,1.0,1.0,4.0,3.0,5.0,4.0,4.0,5.0,3.0,6.0,3.0,1.0,3.0,5.0,2.0,2.0,3.0,1.0,48.0,768.0,1.0,3.0,768.0,1.0,1.0,1.0,1.0,1.0,1.0,1.0,11182891140.0,18605934.080000006,8317620000.0,22.72948214285714,3680.0,514.0,1572864.0,2.0806813537465613e+17,1.0,0.042255707142857146,78.57142857142857,68845.71428571429
512000.0,32000000.0,256.0,64.0,1.0,38.0,42.0,48.0,5.0,4.0,2.0,3.0,3.0,4.0,1.0,1.0,6.0,3.0,2.0,6.0,3.0,4.0,4.0,5.0,1.0,5.0,1.0,4.0,2.0,1.0,1.0,2.0,12.0,192.0,1.0,24.0,2304.0,1.0,1.0,1.0,1.0,1.0,1.0,1.0,2.0,1.0,4.0,3.0,6.0,5.0,4.0,6.0,3.0,6.0,2.0,4.0,1.0,5.0,2.0,4.0,1.0,6.0,64.0,1.0,1.0,128.0,32.0,1.0,32.0,32.0,1.0,1.0,1.0,1.0,2.0,4.0,2.0,4.0,6.0,6.0,6.0,2.0,5.0,6.0,4.0,1.0,4.0,5.0,6.0,6.0,1.0,6.0,4.0,4.0,1.0,16.0,4.0,1.0,4.0,32.0,1.0,1.0,1.0,1.0,4.0,2.0,3.0,4.0,4.0,3.0,5.0,4.0,5.0,1.0,2.0,6.0,4.0,3.0,6.0,6.0,6.0,1.0,8.0,1.0,1.0,24.0,2.0,1.0,1.0,1.0,1.0,1.0,1.0,1.0,1.0,1.0,4.0,4.0,3.0,3.0,3.0,2.0,3.0,3.0,6.0,4.0,6.0,6.0,3.0,3.0,3.0,2.0,3.0,256.0,1.0,1024.0,4.0,1.0,1.0,1.0,1.0,1.0,1.0,1.0,6.0,6.0,6.0,1.0,4.0,4.0,6.0,5.0,4.0,3.0,3.0,3.0,1.0,6.0,3.0,1.0,1.0,3.0,1536.0,256.0,1.0,12.0,128.0,1.0,1.0,1.0,1.0,1.0,1.0,1.0,234751440.0,49671167.52,20381000.0,0.2296288571428572,48.0,514.0,12640.0,1.166037810180123e+16,38.85715714285714,50.25605714285714,78.57142857142857,1972.0
4096.0,8192000.0,256.0,64.0,3.0,22.0,26.0,2.0,6.0,2.0,4.0,2.0,6.0,1.0,1.0,6.0,5.0,6.0,4.0,3.0,4.0,4.0,2.0,3.0,2.0,5.0,5.0,1.0,3.0,3.0,5.0,4.0,6.0,12.0,1.0,12.0,24.0,1.0,1.0,1.0,1.0,1.0,1.0,1.0,4.0,4.0,4.0,5.0,2.0,1.0,2.0,3.0,1.0,5.0,6.0,6.0,5.0,1.0,6.0,3.0,6.0,5.0,16.0,4.0,1.0,2.0,2.0,1.0,4.0,16.0,1.0,1.0,1.0,1.0,3.0,2.0,6.0,1.0,4.0,3.0,3.0,1.0,3.0,1.0,5.0,2.0,2.0,1.0,1.0,1.0,5.0,2.0,32.0,1.0,1.0,128.0,16.0,1.0,2.0,16.0,1.0,1.0,1.0,1.0,3.0,2.0,4.0,5.0,2.0,2.0,2.0,2.0,5.0,5.0,3.0,3.0,1.0,2.0,2.0,3.0,4.0,1.0,384.0,8.0,1.0,768.0,8.0,1.0,1.0,1.0,1.0,1.0,1.0,1.0,4.0,3.0,3.0,2.0,5.0,4.0,6.0,1.0,2.0,1.0,2.0,2.0,3.0,3.0,1.0,1.0,5.0,1.0,64.0,24.0,1.0,1024.0,4.0,1.0,1.0,1.0,1.0,1.0,1.0,1.0,2.0,1.0,6.0,5.0,4.0,2.0,6.0,3.0,2.0,3.0,3.0,5.0,4.0,6.0,4.0,2.0,4.0,2.0,4.0,3072.0,1.0,384.0,384.0,1.0,1.0,1.0,1.0,1.0,1.0,1.0,4546727868.0,18425225.160000004,1108030000.0,6.643607499999999,1144.0,514.0,3244032.0,8.377448470914678e+16,8.154760714285715,1.460409142857143,78.57142857142857,266244.5714285714
512.0,32000.0,256.0,64.0,2.0,18.0,32.0,40.0,3.0,6.0,5.0,2.0,3.0,6.0,4.0,4.0,6.0,5.0,2.0,5.0,4.0,5.0,3.0,1.0,4.0,4.0,4.0,1.0,6.0,6.0,6.0,3.0,96.0,32.0,1.0,256.0,12.0,1.0,1.0,1.0,1.0,1.0,1.0,1.0,1.0,6.0,5.0,5.0,3.0,6.0,3.0,2.0,5.0,6.0,3.0,5.0,1.0,2.0,5.0,2.0,2.0,4.0,1.0,4.0,1.0,128.0,4.0,1.0,1.0,128.0,1.0,1.0,1.0,1.0,6.0,2.0,3.0,6.0,3.0,1.0,5.0,4.0,6.0,1.0,3.0,1.0,6.0,2.0,2.0,2.0,6.0,1.0,4.0,128.0,1.0,2.0,16.0,1.0,4.0,64.0,1.0,1.0,1.0,1.0,1.0,4.0,5.0,3.0,6.0,6.0,1.0,5.0,3.0,5.0,5.0,3.0,3.0,6.0,4.0,3.0,2.0,4.0,128.0,32.0,1.0,128.0,2.0,1.0,1.0,1.0,1.0,1.0,1.0,1.0,3.0,3.0,2.0,4.0,1.0,5.0,5.0,3.0,6.0,5.0,2.0,1.0,3.0,4.0,3.0,1.0,2.0,3.0,8.0,256.0,1.0,2.0,192.0,1.0,1.0,1.0,1.0,1.0,1.0,1.0,1.0,3.0,3.0,4.0,5.0,6.0,4.0,2.0,6.0,4.0,3.0,4.0,6.0,4.0,3.0,5.0,2.0,5.0,6.0,2.0,1.0,256.0,8.0,1.0,1.0,1.0,1.0,1.0,1.0,1.0,350620284.0,29611035.64,1328020000.0,6.5138975,1280.0,514.0,131072.0,1.0382229725630922e+16,32.0,15.263494750000003,78.57142857142857,9468.285714285714
2048.0,64000.0,256.0,64.0,3.0,14.0,40.0,28.0,4.0,1.0,1.0,6.0,2.0,5.0,6.0,2.0,1.0,4.0,2.0,4.0,6.0,5.0,4.0,1.0,2.0,1.0,5.0,3.0,5.0,1.0,4.0,6.0,768.0,384.0,1.0,96.0,2.0,1.0,1.0,1.0,1.0,1.0,1.0,1.0,3.0,1.0,3.0,5.0,1.0,4.0,5.0,1.0,4.0,5.0,1.0,2.0,6.0,3.0,5.0,4.0,3.0,2.0,16.0,64.0,1.0,8.0,1.0,1.0,1.0,4.0,1.0,1.0,1.0,1.0,4.0,5.0,2.0,4.0,6.0,6.0,1.0,5.0,2.0,2.0,4.0,1.0,2.0,1.0,3.0,2.0,1.0,6.0,64.0,64.0,1.0,16.0,8.0,1.0,8.0,64.0,1.0,1.0,1.0,1.0,1.0,3.0,5.0,5.0,6.0,2.0,6.0,5.0,4.0,6.0,6.0,3.0,3.0,4.0,5.0,4.0,6.0,5.0,96.0,384.0,1.0,768.0,16.0,1.0,1.0,1.0,1.0,1.0,1.0,1.0,5.0,6.0,5.0,6.0,6.0,3.0,6.0,2.0,1.0,1.0,1.0,3.0,2.0,5.0,2.0,1.0,2.0,5.0,3.0,16.0,1.0,1536.0,1536.0,1.0,1.0,1.0,1.0,1.0,1.0,1.0,5.0,6.0,4.0,6.0,6.0,1.0,4.0,1.0,4.0,1.0,5.0,6.0,3.0,1.0,1.0,6.0,1.0,4.0,384.0,384.0,1.0,12.0,3.0,1.0,1.0,1.0,1.0,1.0,1.0,1.0,1656174744.0,20134130.199999996,131325000000.0,178.497,15680.0,514.0,884736.0,3.334563792964766e+16,18.923457142857142,1.3173110714285716,78.57142857142857,70610.28571428571
1024.0,16000.0,256.0,64.0,2.0,34.0,12.0,38.0,5.0,4.0,5.0,4.0,5.0,2.0,6.0,6.0,2.0,6.0,3.0,2.0,5.0,1.0,3.0,4.0,1.0,2.0,4.0,2.0,1.0,2.0,4.0,5.0,6.0,8.0,1.0,16.0,128.0,1.0,1.0,1.0,1.0,1.0,1.0,1.0,5.0,5.0,4.0,1.0,1.0,5.0,1.0,2.0,1.0,2.0,2.0,2.0,1.0,4.0,1.0,4.0,2.0,3.0,64.0,8.0,1.0,16.0,4.0,1.0,64.0,16.0,1.0,1.0,1.0,1.0,1.0,4.0,3.0,4.0,5.0,5.0,2.0,4.0,4.0,2.0,5.0,2.0,3.0,6.0,4.0,3.0,4.0,6.0,4.0,16.0,1.0,2.0,32.0,1.0,32.0,1.0,1.0,1.0,1.0,1.0,2.0,2.0,2.0,2.0,2.0,3.0,2.0,2.0,6.0,4.0,1.0,6.0,2.0,3.0,4.0,5.0,4.0,2.0,64.0,1.0,1.0,12.0,768.0,1.0,1.0,1.0,1.0,1.0,1.0,1.0,6.0,3.0,1.0,6.0,4.0,3.0,1.0,5.0,5.0,1.0,5.0,3.0,2.0,2.0,1.0,1.0,2.0,5.0,8.0,8.0,1.0,192.0,3072.0,1.0,1.0,1.0,1.0,1.0,1.0,1.0,2.0,5.0,3.0,1.0,6.0,4.0,2.0,4.0,5.0,4.0,2.0,3.0,2.0,1.0,6.0,5.0,5.0,6.0,1024.0,12.0,1.0,3.0,8.0,1.0,1.0,1.0,1.0,1.0,1.0,1.0,939767544.0,24790640.7,282109000.0,2.1747475,456.0,514.0,110592.0,2.329743952482544e+16,61.1169,16.815733428571427,78.57142857142857,7718.285714285715
256000.0,1024000.0,256.0,64.0,2.0,6.0,48.0,22.0,3.0,1.0,3.0,3.0,2.0,5.0,6.0,2.0,3.0,6.0,4.0,2.0,3.0,4.0,4.0,1.0,6.0,4.0,2.0,3.0,4.0,4.0,6.0,2.0,192.0,256.0,1.0,3.0,36.0,1.0,1.0,1.0,1.0,1.0,1.0,1.0,3.0,3.0,1.0,2.0,2.0,3.0,5.0,1.0,4.0,6.0,4.0,5.0,3.0,1.0,4.0,3.0,1.0,1.0,4.0,2.0,1.0,8.0,8.0,1.0,32.0,128.0,1.0,1.0,1.0,1.0,4.0,4.0,5.0,3.0,6.0,5.0,3.0,4.0,6.0,4.0,3.0,4.0,1.0,3.0,3.0,4.0,2.0,1.0,16.0,1.0,1.0,1.0,2.0,1.0,32.0,64.0,1.0,1.0,1.0,1.0,3.0,6.0,2.0,1.0,4.0,3.0,6.0,4.0,2.0,6.0,1.0,2.0,5.0,1.0,4.0,1.0,2.0,4.0,64.0,12.0,1.0,48.0,48.0,1.0,1.0,1.0,1.0,1.0,1.0,1.0,3.0,1.0,2.0,1.0,5.0,1.0,3.0,1.0,4.0,2.0,2.0,5.0,4.0,6.0,3.0,4.0,5.0,4.0,768.0,24.0,1.0,96.0,128.0,1.0,1.0,1.0,1.0,1.0,1.0,1.0,2.0,5.0,4.0,1.0,2.0,1.0,1.0,6.0,3.0,3.0,5.0,3.0,2.0,4.0,1.0,1.0,2.0,6.0,12.0,12.0,1.0,192.0,192.0,1.0,1.0,1.0,1.0,1.0,1.0,1.0,1039149024.0,24933115.199999996,975193000.0,5.2652825,1056.0,514.0,56832.0,2.590922232535956e+16,3.333332142857143,1.1388098571428573,78.57142857142857,6048.857142857143
1024.0,512000.0,256.0,64.0,3.0,26.0,48.0,42.0,2.0,4.0,2.0,6.0,3.0,5.0,3.0,3.0,2.0,5.0,4.0,2.0,6.0,1.0,2.0,3.0,1.0,2.0,1.0,2.0,1.0,5.0,5.0,3.0,16.0,4.0,1.0,576.0,32.0,1.0,1.0,1.0,1.0,1.0,1.0,1.0,6.0,5.0,1.0,5.0,1.0,1.0,3.0,6.0,1.0,5.0,5.0,1.0,1.0,3.0,4.0,1.0,6.0,2.0,32.0,16.0,1.0,8.0,32.0,1.0,32.0,64.0,1.0,1.0,1.0,1.0,3.0,1.0,6.0,6.0,4.0,4.0,4.0,5.0,5.0,1.0,4.0,6.0,5.0,5.0,3.0,6.0,1.0,5.0,32.0,1.0,1.0,128.0,128.0,1.0,2.0,2.0,1.0,1.0,1.0,1.0,3.0,3.0,1.0,6.0,3.0,5.0,2.0,6.0,1.0,5.0,2.0,3.0,1.0,4.0,6.0,2.0,1.0,1.0,192.0,2.0,1.0,128.0,128.0,1.0,1.0,1.0,1.0,1.0,1.0,1.0,3.0,5.0,5.0,5.0,4.0,3.0,6.0,1.0,3.0,6.0,3.0,1.0,5.0,4.0,3.0,3.0,2.0,2.0,6.0,192.0,1.0,1024.0,4.0,1.0,1.0,1.0,1.0,1.0,1.0,1.0,1.0,4.0,2.0,5.0,1.0,4.0,4.0,1.0,4.0,1.0,1.0,6.0,1.0,3.0,5.0,3.0,3.0,1.0,96.0,192.0,1.0,384.0,3.0,1.0,1.0,1.0,1.0,1.0,1.0,1.0,2252941152.0,18930964.7,1420270000000.0,1439.6839285714286,52416.0,514.0,704512.0,4.2650349419689336e+16,19.678571428571427,4.839296535714285,78.57142857142857,54619.42857142857
64000.0,2048000.0,256.0,64.0,1.0,14.0,48.0,4.0,4.0,4.0,5.0,1.0,3.0,2.0,4.0,4.0,5.0,3.0,2.0,6.0,4.0,1.0,5.0,2.0,1.0,1.0,6.0,4.0,2.0,6.0,2.0,5.0,16.0,48.0,1.0,2304.0,24.0,1.0,1.0,1.0,1.0,1.0,1.0,1.0,2.0,3.0,1.0,3.0,2.0,2.0,3.0,5.0,6.0,1.0,3.0,6.0,2.0,4.0,6.0,1.0,3.0,6.0,1.0,16.0,1.0,16.0,16.0,1.0,128.0,64.0,1.0,1.0,1.0,1.0,4.0,6.0,6.0,6.0,1.0,6.0,3.0,1.0,1.0,1.0,3.0,1.0,4.0,6.0,6.0,1.0,4.0,1.0,16.0,8.0,1.0,2.0,16.0,1.0,2.0,4.0,1.0,1.0,1.0,1.0,3.0,2.0,1.0,2.0,2.0,5.0,2.0,2.0,4.0,2.0,2.0,1.0,6.0,5.0,5.0,1.0,3.0,1.0,48.0,6.0,1.0,96.0,8.0,1.0,1.0,1.0,1.0,1.0,1.0,1.0,2.0,5.0,1.0,4.0,3.0,6.0,3.0,6.0,4.0,3.0,6.0,3.0,4.0,6.0,4.0,4.0,4.0,6.0,3.0,2.0,1.0,512.0,2.0,1.0,1.0,1.0,1.0,1.0,1.0,1.0,2.0,4.0,1.0,1.0,1.0,5.0,2.0,5.0,6.0,1.0,6.0,5.0,4.0,4.0,1.0,1.0,6.0,3.0,4.0,384.0,1.0,96.0,32.0,1.0,1.0,1.0,1.0,1.0,1.0,1.0,10947133776.0,84588463.19999999,2290310.0,0.02454884285714285,4.0,514.0,514.0,9.260012225566529e+17,3.5714285714285716,4.4188092857142856,78.57142857142857,88.85714285714286
512.0,64000.0,256.0,64.0,3.0,24.0,14.0,28.0,4.0,6.0,2.0,5.0,2.0,2.0,2.0,4.0,5.0,2.0,4.0,2.0,6.0,3.0,2.0,2.0,1.0,2.0,3.0,1.0,3.0,2.0,1.0,1.0,96.0,128.0,1.0,24.0,48.0,1.0,1.0,1.0,1.0,1.0,1.0,1.0,6.0,5.0,6.0,3.0,6.0,2.0,2.0,5.0,4.0,5.0,4.0,6.0,6.0,3.0,6.0,1.0,6.0,1.0,1.0,32.0,1.0,4.0,128.0,1.0,64.0,2.0,1.0,1.0,1.0,1.0,5.0,6.0,6.0,1.0,2.0,6.0,4.0,1.0,4.0,1.0,2.0,1.0,3.0,4.0,6.0,6.0,4.0,5.0,128.0,2.0,1.0,128.0,1.0,1.0,64.0,2.0,1.0,1.0,1.0,1.0,5.0,1.0,4.0,2.0,5.0,4.0,4.0,1.0,5.0,1.0,3.0,6.0,5.0,1.0,1.0,1.0,5.0,2.0,16.0,6.0,1.0,3.0,2.0,1.0,1.0,1.0,1.0,1.0,1.0,1.0,4.0,2.0,2.0,6.0,4.0,4.0,3.0,5.0,5.0,2.0,4.0,4.0,6.0,1.0,1.0,6.0,3.0,1.0,384.0,768.0,1.0,32.0,3072.0,1.0,1.0,1.0,1.0,1.0,1.0,1.0,1.0,4.0,6.0,5.0,6.0,4.0,4.0,2.0,6.0,2.0,5.0,6.0,2.0,5.0,6.0,6.0,2.0,1.0,256.0,1024.0,1.0,24.0,4.0,1.0,1.0,1.0,1.0,1.0,1.0,1.0,437132892.0,18101709.119999997,48725400000.0,82.21950357142856,9408.0,514.0,5701632.0,7912852457768374.0,40.73802142857143,0.5530303571428571,78.57142857142857,323885.71428571426
128.0,8192000.0,256.0,64.0,3.0,20.0,18.0,6.0,2.0,1.0,4.0,2.0,1.0,1.0,3.0,6.0,1.0,4.0,6.0,5.0,4.0,1.0,1.0,1.0,6.0,1.0,3.0,2.0,3.0,3.0,2.0,3.0,2.0,128.0,1.0,16.0,6.0,1.0,1.0,1.0,1.0,1.0,1.0,1.0,5.0,4.0,1.0,5.0,5.0,6.0,2.0,2.0,5.0,2.0,5.0,5.0,5.0,1.0,3.0,6.0,1.0,1.0,8.0,64.0,1.0,4.0,16.0,1.0,4.0,32.0,1.0,1.0,1.0,1.0,6.0,1.0,1.0,1.0,5.0,2.0,4.0,3.0,2.0,1.0,2.0,2.0,1.0,2.0,2.0,6.0,3.0,6.0,8.0,32.0,1.0,8.0,16.0,1.0,4.0,16.0,1.0,1.0,1.0,1.0,4.0,2.0,3.0,4.0,3.0,3.0,1.0,4.0,5.0,5.0,2.0,1.0,6.0,1.0,1.0,3.0,6.0,1.0,12.0,8.0,1.0,2.0,16.0,1.0,1.0,1.0,1.0,1.0,1.0,1.0,6.0,1.0,2.0,5.0,4.0,4.0,1.0,5.0,3.0,5.0,1.0,3.0,3.0,2.0,2.0,4.0,1.0,5.0,24.0,2.0,1.0,1536.0,48.0,1.0,1.0,1.0,1.0,1.0,1.0,1.0,2.0,2.0,4.0,1.0,6.0,3.0,3.0,2.0,1.0,1.0,3.0,4.0,1.0,4.0,2.0,4.0,4.0,6.0,512.0,384.0,1.0,4.0,128.0,1.0,1.0,1.0,1.0,1.0,1.0,1.0,3809044452.0,19464616.959999993,3209200000.0,11.910296428571428,2160.0,514.0,473088.0,7.414159124179309e+16,21.714285714285715,0.5374155,78.57142857142857,41888.0
2048000.0,256000.0,256.0,64.0,3.0,10.0,16.0,16.0,1.0,6.0,6.0,5.0,1.0,5.0,6.0,5.0,1.0,4.0,4.0,5.0,6.0,3.0,4.0,4.0,1.0,4.0,2.0,2.0,3.0,4.0,4.0,1.0,128.0,24.0,1.0,32.0,768.0,1.0,1.0,1.0,1.0,1.0,1.0,1.0,5.0,5.0,6.0,1.0,5.0,3.0,5.0,6.0,2.0,4.0,5.0,6.0,2.0,6.0,1.0,3.0,2.0,4.0,64.0,16.0,1.0,4.0,1.0,1.0,64.0,128.0,1.0,1.0,1.0,1.0,5.0,2.0,3.0,5.0,6.0,3.0,3.0,6.0,6.0,2.0,3.0,1.0,5.0,5.0,4.0,4.0,3.0,1.0,2.0,8.0,1.0,1.0,32.0,1.0,64.0,64.0,1.0,1.0,1.0,1.0,3.0,6.0,1.0,2.0,1.0,4.0,1.0,2.0,3.0,1.0,3.0,3.0,1.0,6.0,2.0,5.0,6.0,5.0,768.0,64.0,1.0,3.0,128.0,1.0,1.0,1.0,1.0,1.0,1.0,1.0,2.0,3.0,6.0,5.0,2.0,6.0,4.0,3.0,5.0,3.0,3.0,6.0,4.0,3.0,6.0,4.0,1.0,6.0,192.0,2.0,1.0,24.0,1536.0,1.0,1.0,1.0,1.0,1.0,1.0,1.0,5.0,4.0,2.0,3.0,1.0,4.0,1.0,6.0,3.0,3.0,5.0,5.0,4.0,6.0,3.0,1.0,1.0,6.0,1536.0,128.0,1.0,128.0,12.0,1.0,1.0,1.0,1.0,1.0,1.0,1.0,3520846212.0,17831953.82,4325440000.0,15.335957142857142,2560.0,514.0,2916352.0,6.278356705970593e+16,9.178571428571429,0.13392857142857142,78.57142857142857,273554.28571428574
4096.0,128000.0,256.0,64.0,2.0,40.0,30.0,34.0,5.0,3.0,6.0,1.0,1.0,3.0,3.0,4.0,4.0,4.0,5.0,4.0,6.0,6.0,4.0,6.0,5.0,1.0,3.0,6.0,6.0,1.0,3.0,1.0,4.0,6.0,1.0,64.0,32.0,1.0,1.0,1.0,1.0,1.0,1.0,1.0,4.0,6.0,2.0,3.0,4.0,2.0,1.0,4.0,4.0,6.0,2.0,6.0,4.0,5.0,2.0,4.0,1.0,3.0,16.0,64.0,1.0,8.0,16.0,1.0,64.0,128.0,1.0,1.0,1.0,1.0,1.0,6.0,6.0,6.0,1.0,4.0,5.0,3.0,6.0,5.0,1.0,4.0,5.0,5.0,1.0,2.0,4.0,1.0,16.0,64.0,1.0,4.0,64.0,1.0,64.0,32.0,1.0,1.0,1.0,1.0,6.0,2.0,2.0,6.0,1.0,4.0,6.0,6.0,5.0,6.0,5.0,6.0,2.0,3.0,6.0,5.0,6.0,5.0,192.0,16.0,1.0,3.0,256.0,1.0,1.0,1.0,1.0,1.0,1.0,1.0,1.0,2.0,2.0,6.0,6.0,5.0,5.0,6.0,5.0,4.0,3.0,2.0,5.0,4.0,4.0,3.0,4.0,2.0,24.0,3.0,1.0,384.0,8.0,1.0,1.0,1.0,1.0,1.0,1.0,1.0,3.0,3.0,3.0,4.0,6.0,3.0,5.0,3.0,4.0,3.0,1.0,3.0,1.0,5.0,2.0,1.0,3.0,5.0,32.0,3072.0,1.0,3.0,1.0,1.0,1.0,1.0,1.0,1.0,1.0,1.0,2086016340.0,28737515.32,923256000.0,5.066359285714285,1020.0,514.0,9472.0,5.994692652852033e+16,29.392857142857142,2.6474487500000006,78.57142857142857,4816.571428571428
16000.0,8192000.0,256.0,64.0,1.0,34.0,32.0,12.0,3.0,5.0,4.0,5.0,5.0,5.0,2.0,2.0,4.0,4.0,4.0,4.0,6.0,4.0,3.0,5.0,4.0,1.0,1.0,3.0,1.0,5.0,6.0,2.0,8.0,8.0,1.0,128.0,128.0,1.0,1.0,1.0,1.0,1.0,1.0,1.0,1.0,4.0,4.0,4.0,4.0,5.0,6.0,1.0,5.0,4.0,3.0,2.0,5.0,2.0,5.0,6.0,6.0,4.0,16.0,16.0,1.0,2.0,1.0,1.0,1.0,4.0,1.0,1.0,1.0,1.0,2.0,1.0,1.0,2.0,3.0,5.0,3.0,1.0,3.0,4.0,5.0,3.0,5.0,1.0,1.0,5.0,2.0,3.0,2.0,2.0,1.0,128.0,64.0,1.0,8.0,8.0,1.0,1.0,1.0,1.0,5.0,6.0,1.0,6.0,1.0,6.0,2.0,1.0,4.0,4.0,2.0,2.0,4.0,6.0,1.0,1.0,5.0,1.0,1.0,24.0,1.0,6.0,24.0,1.0,1.0,1.0,1.0,1.0,1.0,1.0,4.0,5.0,2.0,5.0,2.0,6.0,4.0,3.0,1.0,5.0,2.0,4.0,3.0,2.0,2.0,6.0,3.0,2.0,12.0,768.0,1.0,16.0,3072.0,1.0,1.0,1.0,1.0,1.0,1.0,1.0,3.0,6.0,3.0,6.0,2.0,6.0,4.0,5.0,5.0,6.0,3.0,3.0,6.0,6.0,1.0,4.0,6.0,3.0,2.0,24.0,1.0,12.0,96.0,1.0,1.0,1.0,1.0,1.0,1.0,1.0,931922256.0,68067218.4,5432820.0,0.06201137142857143,12.0,514.0,3352.0,6.343335573097271e+16,11.688342857142855,11.689242857142858,78.57142857142857,521.7142857142857
8192.0,256000.0,256.0,64.0,2.0,32.0,4.0,26.0,2.0,5.0,3.0,5.0,2.0,3.0,3.0,4.0,4.0,3.0,1.0,4.0,2.0,2.0,1.0,3.0,6.0,6.0,3.0,6.0,2.0,5.0,3.0,6.0,3.0,8.0,1.0,12.0,2.0,1.0,1.0,1.0,1.0,1.0,1.0,1.0,2.0,4.0,4.0,1.0,2.0,2.0,5.0,3.0,1.0,4.0,2.0,5.0,6.0,6.0,6.0,3.0,6.0,1.0,16.0,4.0,1.0,64.0,16.0,1.0,16.0,4.0,1.0,1.0,1.0,1.0,6.0,1.0,1.0,4.0,5.0,2.0,3.0,6.0,5.0,5.0,2.0,5.0,4.0,3.0,5.0,3.0,6.0,6.0,128.0,16.0,1.0,2.0,1.0,1.0,8.0,32.0,1.0,1.0,1.0,1.0,1.0,6.0,1.0,1.0,4.0,4.0,5.0,1.0,6.0,6.0,5.0,3.0,2.0,4.0,4.0,2.0,5.0,1.0,48.0,24.0,1.0,12.0,8.0,1.0,1.0,1.0,1.0,1.0,1.0,1.0,4.0,1.0,6.0,2.0,4.0,4.0,1.0,5.0,3.0,1.0,1.0,3.0,5.0,4.0,6.0,3.0,1.0,2.0,16.0,128.0,1.0,32.0,512.0,1.0,1.0,1.0,1.0,1.0,1.0,1.0,5.0,3.0,6.0,4.0,3.0,2.0,5.0,3.0,2.0,2.0,6.0,6.0,1.0,2.0,3.0,4.0,4.0,1.0,128.0,1024.0,1.0,768.0,8.0,1.0,1.0,1.0,1.0,1.0,1.0,1.0,2794765308.0,23385437.44,46261500.0,0.49408060714285723,104.0,514.0,49152.0,6.535680926971634e+16,4.0,1.0957552892857143,78.57142857142857,4532.0
2048000.0,16000.0,256.0,64.0,3.0,36.0,8.0,40.0,4.0,4.0,2.0,5.0,4.0,6.0,6.0,4.0,2.0,1.0,2.0,2.0,6.0,1.0,3.0,1.0,6.0,5.0,6.0,1.0,5.0,1.0,4.0,2.0,256.0,12.0,1.0,64.0,6.0,1.0,1.0,1.0,1.0,1.0,1.0,1.0,2.0,2.0,1.0,1.0,5.0,3.0,2.0,1.0,5.0,5.0,4.0,5.0,3.0,4.0,1.0,5.0,2.0,3.0,32.0,8.0,1.0,4.0,1.0,1.0,2.0,64.0,1.0,1.0,1.0,1.0,4.0,5.0,6.0,1.0,1.0,5.0,2.0,4.0,3.0,1.0,2.0,3.0,3.0,5.0,4.0,3.0,2.0,2.0,4.0,16.0,1.0,1.0,2.0,1.0,16.0,64.0,1.0,1.0,1.0,1.0,5.0,4.0,4.0,1.0,3.0,6.0,4.0,6.0,6.0,2.0,6.0,2.0,6.0,1.0,4.0,6.0,1.0,5.0,48.0,128.0,1.0,96.0,2.0,1.0,1.0,1.0,1.0,1.0,1.0,1.0,1.0,4.0,6.0,2.0,5.0,6.0,2.0,1.0,5.0,3.0,1.0,5.0,3.0,4.0,4.0,4.0,5.0,5.0,192.0,768.0,1.0,192.0,2.0,1.0,1.0,1.0,1.0,1.0,1.0,1.0,3.0,1.0,3.0,2.0,3.0,3.0,6.0,6.0,5.0,2.0,4.0,3.0,5.0,6.0,1.0,1.0,2.0,2.0,6.0,1024.0,1.0,16.0,8.0,1.0,1.0,1.0,1.0,1.0,1.0,1.0,1044483120.0,18249160.32,72061800000.0,110.10560714285714,11520.0,514.0,540672.0,1.90609399084138e+16,7.823810714285715,1.0798007142857142,78.57142857142857,40109.71428571428
8192.0,512000.0,256.0,64.0,3.0,44.0,48.0,10.0,1.0,1.0,5.0,1.0,5.0,3.0,6.0,5.0,5.0,5.0,4.0,6.0,6.0,1.0,4.0,3.0,1.0,3.0,2.0,3.0,6.0,5.0,1.0,5.0,2.0,4.0,1.0,36.0,3.0,1.0,1.0,1.0,1.0,1.0,1.0,1.0,1.0,1.0,5.0,2.0,4.0,6.0,6.0,5.0,4.0,1.0,3.0,3.0,1.0,6.0,5.0,5.0,5.0,6.0,64.0,64.0,1.0,128.0,2.0,1.0,2.0,128.0,1.0,1.0,1.0,1.0,3.0,4.0,3.0,6.0,1.0,4.0,6.0,4.0,2.0,4.0,4.0,6.0,1.0,2.0,4.0,4.0,5.0,4.0,1.0,128.0,1.0,4.0,1.0,1.0,16.0,2.0,1.0,1.0,1.0,1.0,3.0,6.0,3.0,2.0,3.0,4.0,1.0,6.0,1.0,2.0,5.0,6.0,4.0,1.0,3.0,1.0,1.0,3.0,12.0,32.0,1.0,192.0,8.0,1.0,1.0,1.0,1.0,1.0,1.0,1.0,4.0,1.0,4.0,5.0,6.0,2.0,3.0,6.0,5.0,5.0,1.0,2.0,3.0,6.0,3.0,6.0,4.0,6.0,64.0,48.0,1.0,256.0,64.0,1.0,1.0,1.0,1.0,1.0,1.0,1.0,1.0,2.0,2.0,3.0,4.0,5.0,6.0,4.0,4.0,6.0,2.0,6.0,6.0,2.0,4.0,2.0,3.0,4.0,192.0,1.0,1.0,768.0,768.0,1.0,1.0,1.0,1.0,1.0,1.0,1.0,11083910964.0,21072383.56,235436000000.0,290.6458928571428,21120.0,514.0,540672.0,2.3356442317829734e+17,2.2857142857142856,0.023296062142857146,78.57142857142857,62035.42857142857
256.0,16000000.0,256.0,64.0,2.0,18.0,36.0,10.0,4.0,2.0,6.0,2.0,1.0,4.0,2.0,6.0,5.0,4.0,6.0,5.0,2.0,3.0,3.0,2.0,5.0,6.0,2.0,3.0,3.0,1.0,4.0,2.0,768.0,12.0,1.0,144.0,12.0,1.0,1.0,1.0,1.0,1.0,1.0,1.0,4.0,5.0,3.0,2.0,1.0,2.0,3.0,6.0,5.0,1.0,4.0,2.0,3.0,3.0,3.0,5.0,3.0,6.0,32.0,1.0,1.0,2.0,4.0,1.0,64.0,128.0,1.0,1.0,1.0,1.0,4.0,4.0,2.0,1.0,6.0,1.0,5.0,3.0,3.0,5.0,4.0,1.0,2.0,2.0,4.0,4.0,4.0,5.0,64.0,32.0,1.0,1.0,32.0,1.0,32.0,2.0,1.0,1.0,1.0,1.0,4.0,2.0,5.0,1.0,1.0,2.0,1.0,4.0,5.0,4.0,5.0,5.0,4.0,2.0,2.0,6.0,6.0,2.0,6.0,64.0,1.0,32.0,3.0,1.0,1.0,1.0,1.0,1.0,1.0,1.0,4.0,3.0,6.0,3.0,1.0,2.0,1.0,6.0,4.0,4.0,6.0,5.0,2.0,1.0,5.0,3.0,2.0,1.0,24.0,12.0,1.0,2.0,32.0,1.0,1.0,1.0,1.0,1.0,1.0,1.0,2.0,2.0,6.0,2.0,3.0,4.0,1.0,3.0,3.0,4.0,2.0,2.0,4.0,6.0,6.0,3.0,2.0,5.0,96.0,1536.0,1.0,96.0,4.0,1.0,1.0,1.0,1.0,1.0,1.0,1.0,1673872320.0,36558829.239999995,205256000.0,1.6942485714285715,360.0,514.0,26368.0,6.119481231644262e+16,111.55714285714285,4.912958642857143,78.57142857142857,3553.285714285714
256.0,128000.0,256.0,64.0,1.0,24.0,38.0,6.0,2.0,5.0,6.0,1.0,6.0,1.0,6.0,3.0,1.0,2.0,6.0,2.0,6.0,5.0,6.0,4.0,1.0,5.0,6.0,4.0,3.0,2.0,2.0,4.0,8.0,128.0,1.0,18.0,1152.0,1.0,1.0,1.0,1.0,1.0,1.0,1.0,4.0,5.0,2.0,1.0,2.0,5.0,3.0,1.0,4.0,4.0,2.0,3.0,4.0,6.0,5.0,4.0,6.0,5.0,64.0,2.0,1.0,32.0,128.0,1.0,32.0,16.0,1.0,1.0,1.0,1.0,6.0,5.0,1.0,5.0,4.0,6.0,6.0,6.0,2.0,4.0,2.0,4.0,1.0,3.0,3.0,2.0,1.0,3.0,1.0,4.0,1.0,32.0,8.0,1.0,1.0,32.0,1.0,1.0,1.0,1.0,5.0,5.0,1.0,2.0,2.0,5.0,2.0,6.0,6.0,5.0,4.0,5.0,5.0,4.0,4.0,6.0,1.0,6.0,16.0,6.0,1.0,4.0,6.0,1.0,1.0,1.0,1.0,1.0,1.0,1.0,6.0,6.0,6.0,2.0,2.0,4.0,6.0,2.0,1.0,1.0,1.0,6.0,4.0,5.0,4.0,4.0,4.0,4.0,128.0,48.0,1.0,16.0,6.0,1.0,1.0,1.0,1.0,1.0,1.0,1.0,4.0,1.0,2.0,3.0,2.0,4.0,3.0,3.0,6.0,5.0,3.0,6.0,3.0,4.0,1.0,4.0,6.0,5.0,2.0,256.0,1.0,16.0,32.0,1.0,1.0,1.0,1.0,1.0,1.0,1.0,10923540816.0,101371245.6,3069750.0,0.033564842857142854,6.0,514.0,514.0,1.1073329388803603e+18,5.12986857142857,5.9775278571428565,78.57142857142857,95.71428571428571
64000.0,16000000.0,256.0,64.0,3.0,14.0,40.0,26.0,5.0,6.0,4.0,3.0,2.0,5.0,4.0,1.0,4.0,6.0,4.0,4.0,1.0,1.0,5.0,2.0,6.0,4.0,4.0,1.0,1.0,1.0,6.0,6.0,128.0,48.0,1.0,576.0,48.0,1.0,1.0,1.0,1.0,1.0,1.0,1.0,3.0,1.0,2.0,3.0,3.0,5.0,6.0,2.0,6.0,2.0,1.0,3.0,5.0,6.0,5.0,2.0,5.0,2.0,4.0,4.0,1.0,8.0,64.0,1.0,2.0,64.0,1.0,1.0,1.0,1.0,1.0,1.0,5.0,3.0,4.0,4.0,4.0,2.0,5.0,1.0,6.0,6.0,5.0,4.0,6.0,5.0,4.0,6.0,16.0,64.0,1.0,2.0,32.0,1.0,8.0,4.0,1.0,1.0,1.0,1.0,3.0,4.0,3.0,2.0,6.0,5.0,1.0,6.0,1.0,3.0,1.0,4.0,6.0,6.0,2.0,6.0,4.0,5.0,8.0,3.0,1.0,192.0,12.0,1.0,1.0,1.0,1.0,1.0,1.0,1.0,2.0,2.0,1.0,5.0,4.0,1.0,2.0,1.0,3.0,1.0,5.0,5.0,2.0,3.0,2.0,5.0,5.0,5.0,32.0,16.0,1.0,2.0,192.0,1.0,1.0,1.0,1.0,1.0,1.0,1.0,4.0,1.0,1.0,4.0,3.0,5.0,2.0,3.0,1.0,1.0,6.0,6.0,6.0,2.0,5.0,6.0,1.0,6.0,16.0,8.0,1.0,96.0,6.0,1.0,1.0,1.0,1.0,1.0,1.0,1.0,879099936.0,19529761.12,113634000000.0,158.70225,14560.0,514.0,1064960.0,1.716861175068729e+16,9.714285714285714,0.5645461428571428,78.57142857142857,94281.14285714286
256.0,256000.0,256.0,64.0,1.0,18.0,18.0,44.0,2.0,5.0,2.0,5.0,6.0,2.0,2.0,2.0,3.0,1.0,4.0,1.0,3.0,3.0,5.0,4.0,3.0,6.0,2.0,1.0,3.0,4.0,2.0,2.0,16.0,4.0,1.0,48.0,1.0,1.0,1.0,1.0,1.0,1.0,1.0,1.0,3.0,5.0,3.0,6.0,5.0,3.0,5.0,4.0,5.0,6.0,5.0,1.0,2.0,2.0,3.0,6.0,5.0,3.0,32.0,2.0,1.0,128.0,1.0,1.0,64.0,32.0,1.0,1.0,1.0,1.0,1.0,3.0,6.0,5.0,5.0,1.0,2.0,4.0,6.0,4.0,4.0,4.0,2.0,6.0,3.0,6.0,5.0,3.0,2.0,4.0,1.0,128.0,128.0,1.0,2.0,2.0,1.0,1.0,1.0,1.0,3.0,4.0,2.0,4.0,1.0,4.0,3.0,6.0,5.0,1.0,4.0,3.0,5.0,2.0,1.0,4.0,2.0,5.0,64.0,384.0,1.0,64.0,3.0,1.0,1.0,1.0,1.0,1.0,1.0,1.0,5.0,2.0,4.0,1.0,6.0,2.0,1.0,6.0,5.0,4.0,6.0,3.0,3.0,6.0,3.0,3.0,4.0,4.0,1.0,192.0,1.0,48.0,1536.0,1.0,1.0,1.0,1.0,1.0,1.0,1.0,4.0,5.0,5.0,2.0,6.0,5.0,3.0,6.0,4.0,3.0,2.0,2.0,1.0,6.0,3.0,4.0,5.0,2.0,192.0,8.0,1.0,32.0,8.0,1.0,1.0,1.0,1.0,1.0,1.0,1.0,11173626192.0,101837272.80000001,18653700.0,0.20494271428571423,44.0,514.0,514.0,1.1378916186799293e+18,1.0,1.4290778571428573,78.57142857142857,78.57142857142857
2048.0,16000.0,256.0,64.0,3.0,36.0,46.0,32.0,1.0,2.0,1.0,1.0,5.0,4.0,1.0,5.0,6.0,6.0,6.0,3.0,4.0,2.0,4.0,2.0,5.0,4.0,1.0,2.0,4.0,6.0,1.0,5.0,8.0,16.0,1.0,72.0,1.0,1.0,1.0,1.0,1.0,1.0,1.0,1.0,1.0,2.0,2.0,2.0,2.0,5.0,4.0,3.0,6.0,6.0,4.0,6.0,5.0,3.0,6.0,4.0,2.0,3.0,64.0,4.0,1.0,16.0,64.0,1.0,32.0,64.0,1.0,1.0,1.0,1.0,1.0,4.0,1.0,1.0,5.0,3.0,5.0,5.0,1.0,1.0,3.0,6.0,5.0,2.0,5.0,1.0,3.0,1.0,8.0,32.0,1.0,64.0,1.0,1.0,8.0,64.0,1.0,1.0,1.0,1.0,6.0,4.0,6.0,3.0,6.0,1.0,6.0,3.0,2.0,4.0,2.0,4.0,3.0,3.0,4.0,3.0,4.0,1.0,12.0,1.0,1.0,6.0,3.0,1.0,1.0,1.0,1.0,1.0,1.0,1.0,6.0,6.0,5.0,6.0,6.0,4.0,4.0,4.0,5.0,5.0,1.0,3.0,5.0,1.0,4.0,4.0,2.0,3.0,48.0,48.0,1.0,64.0,192.0,1.0,1.0,1.0,1.0,1.0,1.0,1.0,1.0,6.0,1.0,2.0,3.0,5.0,1.0,4.0,5.0,4.0,3.0,2.0,1.0,2.0,1.0,6.0,6.0,5.0,64.0,4.0,1.0,48.0,48.0,1.0,1.0,1.0,1.0,1.0,1.0,1.0,3452514192.0,19829932.159999996,1451440000000.0,1468.7610714285713,52992.0,514.0,79872.0,6.84631222087972e+16,9.428571428571429,0.05861263928571429,78.57142857142857,22706.85714285714
512000.0,32000000.0,256.0,64.0,3.0,48.0,8.0,6.0,3.0,2.0,5.0,6.0,6.0,2.0,4.0,6.0,6.0,1.0,5.0,4.0,4.0,5.0,2.0,4.0,4.0,4.0,4.0,1.0,5.0,6.0,2.0,4.0,128.0,48.0,1.0,256.0,3.0,1.0,1.0,1.0,1.0,1.0,1.0,1.0,4.0,6.0,4.0,1.0,3.0,4.0,5.0,6.0,1.0,2.0,1.0,1.0,1.0,3.0,2.0,1.0,4.0,4.0,8.0,16.0,1.0,1.0,128.0,1.0,1.0,4.0,1.0,1.0,1.0,1.0,5.0,3.0,4.0,6.0,6.0,4.0,1.0,6.0,5.0,3.0,3.0,1.0,1.0,1.0,3.0,2.0,4.0,5.0,128.0,16.0,1.0,16.0,8.0,1.0,64.0,1.0,1.0,1.0,1.0,1.0,6.0,5.0,1.0,3.0,1.0,6.0,6.0,2.0,6.0,5.0,6.0,2.0,5.0,2.0,3.0,3.0,2.0,4.0,32.0,96.0,1.0,8.0,384.0,1.0,1.0,1.0,1.0,1.0,1.0,1.0,1.0,6.0,1.0,1.0,3.0,2.0,4.0,3.0,5.0,5.0,2.0,5.0,3.0,1.0,4.0,6.0,4.0,5.0,4.0,32.0,1.0,512.0,1.0,1.0,1.0,1.0,1.0,1.0,1.0,1.0,5.0,2.0,3.0,6.0,2.0,5.0,2.0,5.0,3.0,4.0,4.0,5.0,4.0,4.0,1.0,1.0,1.0,6.0,1536.0,512.0,1.0,64.0,8.0,1.0,1.0,1.0,1.0,1.0,1.0,1.0,11201108520.0,18423314.14,3592180000.0,12.876514285714283,2304.0,514.0,606208.0,2.0636154098019046e+17,1.0,0.020833332142857146,78.57142857142857,52571.42857142857
256000.0,1024000.0,256.0,64.0,1.0,40.0,46.0,36.0,6.0,5.0,6.0,1.0,4.0,4.0,6.0,5.0,6.0,6.0,2.0,1.0,1.0,3.0,6.0,6.0,5.0,2.0,5.0,3.0,4.0,4.0,2.0,1.0,16.0,12.0,1.0,384.0,288.0,1.0,1.0,1.0,1.0,1.0,1.0,1.0,4.0,4.0,3.0,5.0,1.0,6.0,1.0,3.0,1.0,6.0,6.0,1.0,6.0,5.0,3.0,1.0,2.0,3.0,32.0,2.0,1.0,8.0,2.0,1.0,32.0,16.0,1.0,1.0,1.0,1.0,4.0,6.0,1.0,5.0,2.0,4.0,3.0,6.0,4.0,5.0,3.0,1.0,5.0,6.0,4.0,1.0,2.0,4.0,128.0,32.0,1.0,16.0,16.0,1.0,32.0,8.0,1.0,1.0,1.0,1.0,1.0,6.0,1.0,1.0,1.0,5.0,1.0,5.0,6.0,5.0,6.0,2.0,1.0,3.0,5.0,3.0,1.0,3.0,32.0,6.0,1.0,192.0,768.0,1.0,1.0,1.0,1.0,1.0,1.0,1.0,6.0,1.0,1.0,1.0,4.0,2.0,6.0,5.0,3.0,3.0,1.0,6.0,4.0,1.0,6.0,1.0,3.0,1.0,24.0,48.0,1.0,64.0,3.0,1.0,1.0,1.0,1.0,1.0,1.0,1.0,1.0,4.0,3.0,3.0,1.0,4.0,4.0,6.0,2.0,4.0,1.0,6.0,6.0,2.0,2.0,1.0,2.0,2.0,64.0,24.0,1.0,2.0,96.0,1.0,1.0,1.0,1.0,1.0,1.0,1.0,318506160.0,24934040.160000004,15251500.0,0.17354228571428568,36.0,514.0,9544.0,7941645384647387.0,32.44457857142858,28.892913928571435,78.57142857142857,1488.5714285714287
128.0,4096000.0,256.0,64.0,3.0,44.0,26.0,36.0,2.0,1.0,3.0,2.0,6.0,3.0,3.0,6.0,6.0,4.0,4.0,3.0,2.0,5.0,2.0,4.0,1.0,6.0,2.0,1.0,2.0,3.0,4.0,6.0,2.0,3.0,1.0,256.0,4.0,1.0,1.0,1.0,1.0,1.0,1.0,1.0,6.0,5.0,6.0,1.0,4.0,2.0,1.0,6.0,6.0,4.0,5.0,4.0,6.0,1.0,2.0,4.0,2.0,5.0,32.0,4.0,1.0,8.0,128.0,1.0,1.0,128.0,1.0,1.0,1.0,1.0,5.0,4.0,5.0,4.0,5.0,2.0,4.0,4.0,1.0,5.0,1.0,6.0,6.0,3.0,5.0,2.0,6.0,5.0,32.0,16.0,1.0,4.0,1.0,1.0,2.0,1.0,1.0,1.0,1.0,1.0,6.0,4.0,1.0,1.0,6.0,4.0,5.0,6.0,2.0,1.0,4.0,6.0,5.0,1.0,1.0,6.0,6.0,4.0,64.0,384.0,1.0,16.0,3.0,1.0,1.0,1.0,1.0,1.0,1.0,1.0,6.0,6.0,2.0,1.0,5.0,5.0,6.0,6.0,2.0,4.0,3.0,5.0,3.0,1.0,5.0,4.0,1.0,6.0,256.0,2.0,1.0,384.0,384.0,1.0,1.0,1.0,1.0,1.0,1.0,1.0,1.0,5.0,5.0,1.0,3.0,4.0,3.0,1.0,4.0,4.0,1.0,4.0,6.0,5.0,1.0,5.0,2.0,6.0,24.0,16.0,1.0,256.0,2.0,1.0,1.0,1.0,1.0,1.0,1.0,1.0,10963471548.0,22741834.28,880196000000.0,928.5153928571428,41184.0,514.0,360448.0,2.4932945307811107e+17,11.97142857142857,0.40729648214285713,78.57142857142857,43627.42857142857
8192.0,16000000.0,256.0,64.0,3.0,30.0,12.0,24.0,3.0,2.0,5.0,5.0,1.0,1.0,4.0,4.0,1.0,3.0,1.0,2.0,4.0,2.0,3.0,3.0,2.0,3.0,6.0,1.0,3.0,4.0,6.0,3.0,256.0,16.0,1.0,128.0,6.0,1.0,1.0,1.0,1.0,1.0,1.0,1.0,5.0,6.0,6.0,1.0,1.0,1.0,5.0,3.0,1.0,6.0,5.0,5.0,2.0,1.0,6.0,5.0,4.0,6.0,2.0,16.0,1.0,32.0,64.0,1.0,2.0,2.0,1.0,1.0,1.0,1.0,5.0,6.0,1.0,6.0,1.0,5.0,6.0,3.0,6.0,1.0,3.0,2.0,4.0,2.0,5.0,2.0,2.0,2.0,64.0,8.0,1.0,32.0,4.0,1.0,64.0,8.0,1.0,1.0,1.0,1.0,6.0,6.0,5.0,6.0,2.0,6.0,6.0,5.0,4.0,2.0,2.0,4.0,1.0,2.0,1.0,4.0,2.0,3.0,48.0,384.0,1.0,768.0,192.0,1.0,1.0,1.0,1.0,1.0,1.0,1.0,6.0,1.0,6.0,5.0,3.0,4.0,5.0,2.0,6.0,3.0,1.0,2.0,6.0,5.0,6.0,1.0,1.0,6.0,64.0,768.0,1.0,1536.0,3.0,1.0,1.0,1.0,1.0,1.0,1.0,1.0,1.0,3.0,5.0,6.0,5.0,5.0,6.0,6.0,1.0,1.0,4.0,1.0,1.0,4.0,1.0,5.0,4.0,1.0,64.0,3072.0,1.0,12.0,384.0,1.0,1.0,1.0,1.0,1.0,1.0,1.0,575045064.0,17841348.24,41366200000.0,72.50853571428571,8640.0,514.0,3244032.0,1.0259579240517086e+16,24.66667857142857,1.164681107142857,78.57142857142857,270646.85714285716
512000.0,8192000.0,256.0,64.0,2.0,30.0,46.0,4.0,3.0,1.0,6.0,1.0,2.0,5.0,1.0,5.0,6.0,5.0,3.0,4.0,3.0,4.0,1.0,4.0,3.0,1.0,1.0,3.0,1.0,3.0,6.0,5.0,32.0,384.0,1.0,4.0,24.0,1.0,1.0,1.0,1.0,1.0,1.0,1.0,1.0,1.0,5.0,3.0,3.0,6.0,2.0,5.0,1.0,2.0,6.0,2.0,5.0,1.0,2.0,4.0,2.0,4.0,2.0,64.0,1.0,16.0,4.0,1.0,1.0,1.0,1.0,1.0,1.0,1.0,4.0,4.0,5.0,6.0,3.0,5.0,4.0,1.0,3.0,1.0,4.0,4.0,4.0,6.0,5.0,2.0,4.0,4.0,16.0,8.0,1.0,8.0,16.0,1.0,32.0,64.0,1.0,1.0,1.0,1.0,2.0,3.0,1.0,4.0,1.0,2.0,3.0,4.0,1.0,3.0,3.0,2.0,2.0,6.0,6.0,5.0,4.0,3.0,192.0,48.0,1.0,8.0,6.0,1.0,1.0,1.0,1.0,1.0,1.0,1.0,4.0,3.0,2.0,6.0,6.0,3.0,1.0,5.0,4.0,6.0,1.0,1.0,6.0,1.0,1.0,5.0,2.0,6.0,192.0,6.0,1.0,48.0,32.0,1.0,1.0,1.0,1.0,1.0,1.0,1.0,2.0,1.0,1.0,1.0,5.0,6.0,4.0,5.0,6.0,3.0,1.0,6.0,6.0,1.0,6.0,4.0,4.0,5.0,1.0,4.0,1.0,96.0,32.0,1.0,1.0,1.0,1.0,1.0,1.0,1.0,10952375424.0,41510245.92,88769100.0,0.8576765714285713,184.0,514.0,14400.0,4.546357972584043e+17,19.28572857142857,8.286568892857144,78.57142857142857,2693.714285714286
2048.0,32000000.0,256.0,64.0,3.0,28.0,46.0,38.0,3.0,3.0,4.0,2.0,5.0,6.0,2.0,1.0,6.0,3.0,2.0,4.0,5.0,1.0,2.0,1.0,1.0,1.0,6.0,6.0,6.0,4.0,1.0,2.0,6.0,768.0,1.0,128.0,2.0,1.0,1.0,1.0,1.0,1.0,1.0,1.0,5.0,3.0,3.0,2.0,5.0,2.0,4.0,3.0,2.0,4.0,4.0,4.0,3.0,1.0,2.0,5.0,4.0,4.0,32.0,1.0,1.0,1.0,32.0,1.0,2.0,4.0,1.0,1.0,1.0,1.0,5.0,5.0,2.0,6.0,3.0,4.0,3.0,5.0,1.0,2.0,3.0,1.0,3.0,4.0,2.0,3.0,5.0,5.0,16.0,8.0,1.0,1.0,8.0,1.0,1.0,32.0,1.0,1.0,1.0,1.0,6.0,4.0,5.0,3.0,4.0,6.0,3.0,4.0,4.0,2.0,1.0,2.0,1.0,4.0,6.0,1.0,3.0,5.0,24.0,384.0,1.0,128.0,1.0,1.0,1.0,1.0,1.0,1.0,1.0,1.0,1.0,6.0,3.0,6.0,1.0,6.0,4.0,6.0,2.0,5.0,4.0,6.0,5.0,6.0,3.0,6.0,4.0,3.0,48.0,24.0,1.0,2.0,512.0,1.0,1.0,1.0,1.0,1.0,1.0,1.0,4.0,6.0,1.0,6.0,2.0,3.0,5.0,1.0,5.0,4.0,5.0,3.0,2.0,1.0,6.0,1.0,6.0,5.0,192.0,16.0,1.0,384.0,8.0,1.0,1.0,1.0,1.0,1.0,1.0,1.0,11195491536.0,18282074.120000005,1239600000000.0,1269.8389285714286,48944.0,514.0,425984.0,2.046768060709847e+17,1.4285714285714286,0.03552825357142857,78.57142857142857,42678.857142857145
16000.0,512000.0,256.0,64.0,3.0,34.0,24.0,28.0,1.0,4.0,5.0,4.0,6.0,1.0,4.0,6.0,2.0,2.0,1.0,3.0,5.0,6.0,3.0,6.0,1.0,4.0,6.0,2.0,5.0,5.0,6.0,1.0,48.0,128.0,1.0,24.0,18.0,1.0,1.0,1.0,1.0,1.0,1.0,1.0,3.0,1.0,4.0,6.0,1.0,5.0,5.0,4.0,6.0,2.0,3.0,4.0,3.0,5.0,1.0,5.0,1.0,2.0,1.0,64.0,1.0,2.0,32.0,1.0,1.0,1.0,1.0,1.0,1.0,1.0,4.0,1.0,1.0,1.0,4.0,5.0,4.0,1.0,3.0,3.0,2.0,6.0,4.0,2.0,3.0,4.0,4.0,4.0,8.0,2.0,1.0,4.0,8.0,1.0,1.0,4.0,1.0,1.0,1.0,1.0,3.0,3.0,4.0,3.0,4.0,4.0,5.0,4.0,1.0,6.0,4.0,6.0,4.0,3.0,3.0,5.0,1.0,4.0,768.0,64.0,1.0,12.0,8.0,1.0,1.0,1.0,1.0,1.0,1.0,1.0,4.0,2.0,4.0,1.0,6.0,4.0,5.0,6.0,6.0,5.0,3.0,1.0,5.0,3.0,1.0,1.0,3.0,4.0,4.0,4.0,1.0,4.0,2.0,1.0,1.0,1.0,1.0,1.0,1.0,1.0,4.0,5.0,1.0,1.0,4.0,3.0,4.0,1.0,3.0,4.0,3.0,4.0,1.0,2.0,6.0,2.0,3.0,2.0,768.0,96.0,1.0,64.0,96.0,1.0,1.0,1.0,1.0,1.0,1.0,1.0,2553160836.0,22925945.16,274819000000.0,331.5764642857143,22848.0,514.0,368640.0,5.853362531079575e+16,9.416667857142857,0.9548628214285713,78.57142857142857,24586.285714285714
8192.0,1024000.0,256.0,64.0,1.0,28.0,38.0,24.0,5.0,6.0,3.0,3.0,3.0,2.0,4.0,1.0,6.0,1.0,2.0,2.0,4.0,2.0,1.0,3.0,3.0,2.0,1.0,6.0,1.0,1.0,3.0,6.0,16.0,768.0,1.0,6.0,8.0,1.0,1.0,1.0,1.0,1.0,1.0,1.0,5.0,2.0,1.0,3.0,5.0,2.0,2.0,5.0,2.0,3.0,3.0,3.0,4.0,4.0,1.0,3.0,2.0,5.0,4.0,16.0,1.0,128.0,32.0,1.0,2.0,64.0,1.0,1.0,1.0,1.0,4.0,1.0,2.0,6.0,3.0,4.0,3.0,5.0,2.0,1.0,1.0,1.0,3.0,4.0,1.0,4.0,2.0,6.0,32.0,2.0,1.0,64.0,128.0,1.0,8.0,4.0,1.0,1.0,1.0,1.0,6.0,5.0,2.0,4.0,6.0,1.0,2.0,3.0,1.0,4.0,5.0,6.0,6.0,1.0,6.0,1.0,4.0,6.0,24.0,64.0,1.0,24.0,12.0,1.0,1.0,1.0,1.0,1.0,1.0,1.0,6.0,4.0,4.0,6.0,2.0,1.0,5.0,3.0,1.0,6.0,2.0,6.0,6.0,5.0,3.0,6.0,4.0,3.0,384.0,6.0,1.0,2.0,512.0,1.0,1.0,1.0,1.0,1.0,1.0,1.0,1.0,5.0,2.0,4.0,2.0,1.0,3.0,1.0,6.0,6.0,3.0,5.0,4.0,3.0,4.0,3.0,6.0,5.0,1536.0,3.0,1.0,32.0,12.0,1.0,1.0,1.0,1.0,1.0,1.0,1.0,467140944.0,66560131.19999999,10268800.0,0.1176325714285714,24.0,514.0,6448.0,3.109296252153185e+16,21.714257142857146,21.721500000000002,78.57142857142857,1005.1428571428571
2048000.0,32000000.0,256.0,64.0,2.0,28.0,2.0,14.0,5.0,2.0,2.0,3.0,5.0,1.0,5.0,5.0,1.0,5.0,5.0,5.0,5.0,4.0,5.0,5.0,5.0,5.0,5.0,5.0,1.0,2.0,4.0,4.0,768.0,3.0,1.0,96.0,3.0,1.0,1.0,1.0,1.0,1.0,1.0,1.0,3.0,5.0,4.0,4.0,3.0,1.0,4.0,4.0,2.0,3.0,3.0,5.0,1.0,4.0,6.0,3.0,4.0,5.0,8.0,8.0,1.0,32.0,32.0,1.0,2.0,16.0,1.0,1.0,1.0,1.0,1.0,6.0,5.0,1.0,2.0,2.0,4.0,4.0,5.0,3.0,6.0,2.0,5.0,4.0,4.0,6.0,5.0,2.0,16.0,32.0,1.0,64.0,2.0,1.0,1.0,64.0,1.0,1.0,1.0,1.0,5.0,4.0,1.0,1.0,1.0,3.0,1.0,2.0,5.0,1.0,2.0,2.0,3.0,6.0,5.0,1.0,2.0,4.0,48.0,12.0,1.0,768.0,8.0,1.0,1.0,1.0,1.0,1.0,1.0,1.0,3.0,2.0,4.0,3.0,1.0,4.0,2.0,4.0,1.0,2.0,2.0,2.0,5.0,1.0,4.0,3.0,1.0,5.0,24.0,12.0,1.0,6.0,3.0,1.0,1.0,1.0,1.0,1.0,1.0,1.0,5.0,4.0,1.0,4.0,4.0,6.0,6.0,1.0,3.0,5.0,2.0,4.0,4.0,5.0,4.0,4.0,2.0,3.0,3.0,12.0,1.0,384.0,48.0,1.0,1.0,1.0,1.0,1.0,1.0,1.0,5591028708.0,29750814.28,11914100.0,0.13827467857142858,28.0,514.0,14400.0,1.6633765672585635e+17,2.0,0.948459392857143,78.57142857142857,1761.2857142857142
2048000.0,32000000.0,256.0,64.0,3.0,48.0,10.0,12.0,6.0,6.0,5.0,1.0,3.0,5.0,1.0,4.0,1.0,2.0,2.0,4.0,1.0,3.0,6.0,6.0,1.0,4.0,5.0,5.0,2.0,3.0,4.0,3.0,8.0,24.0,1.0,4.0,144.0,1.0,1.0,1.0,1.0,1.0,1.0,1.0,2.0,6.0,5.0,4.0,5.0,2.0,4.0,4.0,5.0,4.0,3.0,4.0,3.0,3.0,2.0,3.0,4.0,5.0,8.0,64.0,1.0,2.0,8.0,1.0,128.0,64.0,1.0,1.0,1.0,1.0,5.0,6.0,2.0,2.0,3.0,2.0,5.0,2.0,1.0,6.0,6.0,2.0,5.0,2.0,2.0,3.0,4.0,3.0,16.0,32.0,1.0,16.0,16.0,1.0,64.0,64.0,1.0,1.0,1.0,1.0,5.0,2.0,5.0,4.0,6.0,3.0,6.0,2.0,5.0,4.0,4.0,5.0,1.0,6.0,6.0,6.0,1.0,4.0,4.0,256.0,1.0,12.0,6.0,1.0,1.0,1.0,1.0,1.0,1.0,1.0,3.0,3.0,3.0,1.0,1.0,4.0,1.0,3.0,6.0,3.0,2.0,3.0,3.0,2.0,5.0,2.0,6.0,5.0,6.0,24.0,1.0,1.0,12.0,1.0,1.0,1.0,1.0,1.0,1.0,1.0,3.0,2.0,4.0,3.0,1.0,5.0,1.0,1.0,5.0,2.0,6.0,6.0,4.0,6.0,1.0,3.0,3.0,6.0,128.0,48.0,1.0,64.0,96.0,1.0,1.0,1.0,1.0,1.0,1.0,1.0,287258400.0,17743977.939999998,19123800000.0,40.794974999999994,5760.0,514.0,1400832.0,5097106712679695.0,55.642885714285704,0.8378907142857144,78.57142857142857,99840.0
8192.0,1024000.0,256.0,64.0,3.0,26.0,10.0,24.0,2.0,6.0,2.0,6.0,4.0,1.0,2.0,6.0,1.0,2.0,6.0,3.0,2.0,6.0,1.0,6.0,6.0,6.0,1.0,3.0,6.0,4.0,5.0,6.0,24.0,96.0,1.0,3.0,64.0,1.0,1.0,1.0,1.0,1.0,1.0,1.0,2.0,6.0,3.0,1.0,6.0,1.0,6.0,6.0,4.0,5.0,3.0,4.0,3.0,5.0,1.0,4.0,6.0,4.0,1.0,8.0,1.0,2.0,64.0,1.0,64.0,8.0,1.0,1.0,1.0,1.0,2.0,2.0,4.0,3.0,4.0,1.0,3.0,6.0,5.0,1.0,2.0,6.0,2.0,2.0,5.0,5.0,5.0,2.0,1.0,32.0,1.0,1.0,128.0,1.0,2.0,64.0,1.0,1.0,1.0,1.0,3.0,6.0,4.0,4.0,5.0,4.0,6.0,2.0,4.0,1.0,3.0,2.0,3.0,3.0,3.0,2.0,1.0,5.0,32.0,128.0,1.0,32.0,2.0,1.0,1.0,1.0,1.0,1.0,1.0,1.0,1.0,2.0,4.0,6.0,1.0,6.0,5.0,5.0,2.0,6.0,6.0,5.0,5.0,6.0,2.0,3.0,5.0,1.0,4.0,16.0,1.0,48.0,384.0,1.0,1.0,1.0,1.0,1.0,1.0,1.0,2.0,1.0,6.0,2.0,4.0,1.0,2.0,6.0,3.0,1.0,3.0,2.0,4.0,1.0,6.0,6.0,3.0,5.0,3072.0,12.0,1.0,8.0,32.0,1.0,1.0,1.0,1.0,1.0,1.0,1.0,1099641756.0,18762257.32,22244200000.0,46.13755,6240.0,514.0,5693440.0,2.0631761585888656e+16,3.9285714285714284,0.0230655,78.57142857142857,291108.5714285714
256.0,1024000.0,256.0,64.0,3.0,42.0,16.0,14.0,4.0,2.0,6.0,2.0,5.0,6.0,5.0,2.0,1.0,4.0,2.0,5.0,3.0,5.0,2.0,2.0,3.0,1.0,3.0,5.0,1.0,3.0,1.0,1.0,16.0,768.0,1.0,36.0,1152.0,1.0,1.0,1.0,1.0,1.0,1.0,1.0,5.0,1.0,3.0,5.0,6.0,2.0,4.0,1.0,1.0,2.0,4.0,3.0,6.0,4.0,1.0,3.0,1.0,4.0,32.0,16.0,1.0,64.0,8.0,1.0,1.0,32.0,1.0,1.0,1.0,1.0,3.0,3.0,6.0,3.0,4.0,6.0,6.0,4.0,6.0,3.0,1.0,3.0,6.0,4.0,4.0,2.0,3.0,1.0,1.0,32.0,1.0,4.0,64.0,1.0,64.0,1.0,1.0,1.0,1.0,1.0,4.0,1.0,4.0,3.0,3.0,5.0,4.0,4.0,4.0,5.0,6.0,3.0,2.0,3.0,5.0,3.0,5.0,5.0,32.0,4.0,1.0,8.0,192.0,1.0,1.0,1.0,1.0,1.0,1.0,1.0,1.0,6.0,1.0,3.0,2.0,1.0,1.0,1.0,6.0,2.0,3.0,3.0,2.0,2.0,3.0,1.0,2.0,5.0,384.0,6.0,1.0,96.0,48.0,1.0,1.0,1.0,1.0,1.0,1.0,1.0,2.0,4.0,2.0,2.0,2.0,5.0,1.0,1.0,5.0,1.0,3.0,5.0,3.0,3.0,2.0,2.0,6.0,6.0,1024.0,8.0,1.0,48.0,12.0,1.0,1.0,1.0,1.0,1.0,1.0,1.0,11099151528.0,18224285.96,48725000000.0,81.52599642857143,9408.0,514.0,2260992.0,2.0227411135964294e+17,2.2857142857142856,0.0007440464285714285,78.57142857142857,122880.0
128000.0,64000.0,256.0,64.0,3.0,36.0,14.0,28.0,6.0,5.0,3.0,6.0,1.0,6.0,5.0,5.0,5.0,2.0,1.0,4.0,4.0,4.0,1.0,6.0,2.0,4.0,1.0,3.0,3.0,5.0,1.0,2.0,128.0,12.0,1.0,144.0,12.0,1.0,1.0,1.0,1.0,1.0,1.0,1.0,6.0,2.0,5.0,2.0,3.0,2.0,5.0,1.0,2.0,6.0,6.0,3.0,5.0,6.0,1.0,5.0,1.0,6.0,8.0,64.0,1.0,128.0,32.0,1.0,64.0,16.0,1.0,1.0,1.0,1.0,1.0,6.0,6.0,4.0,1.0,6.0,2.0,2.0,3.0,1.0,3.0,5.0,4.0,2.0,3.0,1.0,2.0,1.0,1.0,2.0,1.0,8.0,128.0,1.0,64.0,4.0,1.0,1.0,1.0,1.0,6.0,2.0,1.0,3.0,1.0,6.0,5.0,3.0,5.0,3.0,5.0,5.0,5.0,1.0,1.0,5.0,1.0,5.0,12.0,384.0,1.0,768.0,12.0,1.0,1.0,1.0,1.0,1.0,1.0,1.0,5.0,3.0,6.0,3.0,1.0,1.0,6.0,3.0,2.0,5.0,6.0,4.0,5.0,1.0,5.0,6.0,6.0,1.0,24.0,12.0,1.0,256.0,24.0,1.0,1.0,1.0,1.0,1.0,1.0,1.0,2.0,1.0,4.0,4.0,2.0,3.0,2.0,5.0,4.0,1.0,4.0,6.0,4.0,3.0,5.0,5.0,1.0,4.0,12.0,768.0,1.0,384.0,64.0,1.0,1.0,1.0,1.0,1.0,1.0,1.0,2081293644.0,17754338.160000004,106916000000.0,151.59007142857143,14112.0,514.0,3244032.0,3.6951991165834664e+16,15.714285714285714,0.0059523928571428575,78.57142857142857,248100.57142857142
4096.0,16000000.0,256.0,64.0,3.0,32.0,34.0,12.0,5.0,2.0,2.0,1.0,3.0,1.0,5.0,2.0,1.0,4.0,5.0,3.0,1.0,3.0,4.0,2.0,3.0,6.0,4.0,4.0,5.0,2.0,5.0,2.0,1.0,192.0,1.0,4.0,16.0,1.0,1.0,1.0,1.0,1.0,1.0,1.0,3.0,6.0,5.0,5.0,5.0,5.0,4.0,6.0,5.0,2.0,2.0,4.0,4.0,2.0,5.0,5.0,3.0,3.0,16.0,4.0,1.0,64.0,2.0,1.0,4.0,64.0,1.0,1.0,1.0,1.0,6.0,6.0,2.0,1.0,3.0,1.0,3.0,6.0,2.0,5.0,3.0,4.0,4.0,1.0,6.0,2.0,2.0,5.0,1.0,1.0,1.0,16.0,16.0,1.0,1.0,8.0,1.0,1.0,1.0,1.0,3.0,5.0,4.0,4.0,3.0,3.0,5.0,4.0,1.0,1.0,2.0,3.0,3.0,1.0,4.0,4.0,6.0,5.0,6.0,24.0,1.0,6.0,768.0,1.0,1.0,1.0,1.0,1.0,1.0,1.0,3.0,6.0,5.0,5.0,2.0,2.0,2.0,2.0,4.0,3.0,2.0,1.0,4.0,1.0,4.0,6.0,4.0,5.0,256.0,3.0,1.0,192.0,32.0,1.0,1.0,1.0,1.0,1.0,1.0,1.0,3.0,4.0,4.0,3.0,1.0,3.0,1.0,2.0,5.0,6.0,1.0,6.0,3.0,4.0,2.0,5.0,6.0,5.0,16.0,768.0,1.0,1.0,1.0,1.0,1.0,1.0,1.0,1.0,1.0,1.0,1216812336.0,17724799.68,91889600000.0,133.83967857142858,13056.0,514.0,1572864.0,2.1567754903752852e+16,121.85714285714286,5.04619085,78.57142857142857,123145.14285714286
256.0,64000.0,256.0,64.0,1.0,6.0,28.0,16.0,1.0,2.0,1.0,6.0,1.0,2.0,3.0,1.0,4.0,2.0,5.0,6.0,3.0,3.0,1.0,6.0,1.0,4.0,3.0,6.0,4.0,4.0,4.0,4.0,128.0,3.0,1.0,3.0,192.0,1.0,1.0,1.0,1.0,1.0,1.0,1.0,3.0,6.0,1.0,4.0,3.0,1.0,6.0,4.0,4.0,6.0,5.0,2.0,3.0,1.0,3.0,4.0,6.0,5.0,4.0,16.0,1.0,8.0,1.0,1.0,32.0,1.0,1.0,1.0,1.0,1.0,5.0,3.0,3.0,5.0,6.0,2.0,5.0,2.0,5.0,1.0,6.0,1.0,6.0,1.0,4.0,5.0,2.0,1.0,8.0,4.0,1.0,32.0,4.0,1.0,16.0,64.0,1.0,1.0,1.0,1.0,2.0,5.0,1.0,4.0,6.0,5.0,1.0,6.0,1.0,1.0,5.0,2.0,5.0,2.0,3.0,2.0,2.0,2.0,24.0,192.0,1.0,8.0,4.0,1.0,1.0,1.0,1.0,1.0,1.0,1.0,6.0,1.0,3.0,6.0,3.0,6.0,6.0,2.0,5.0,2.0,5.0,5.0,4.0,4.0,6.0,1.0,1.0,4.0,24.0,128.0,1.0,256.0,512.0,1.0,1.0,1.0,1.0,1.0,1.0,1.0,5.0,2.0,6.0,2.0,3.0,6.0,1.0,2.0,2.0,5.0,2.0,2.0,4.0,5.0,2.0,4.0,6.0,1.0,1536.0,192.0,1.0,32.0,64.0,1.0,1.0,1.0,1.0,1.0,1.0,1.0,11173626192.0,96910519.20000002,7028100.0,0.0784671142857143,16.0,514.0,514.0,1.0828419156134391e+18,1.0,1.0006349999999997,78.57142857142857,78.57142857142857
512000.0,8192000.0,256.0,64.0,3.0,22.0,30.0,4.0,5.0,3.0,3.0,5.0,1.0,4.0,5.0,6.0,2.0,4.0,2.0,4.0,6.0,5.0,3.0,1.0,2.0,1.0,5.0,2.0,3.0,3.0,5.0,4.0,1.0,128.0,1.0,1.0,1152.0,1.0,1.0,1.0,1.0,1.0,1.0,1.0,4.0,2.0,2.0,2.0,6.0,6.0,2.0,5.0,6.0,5.0,5.0,5.0,2.0,2.0,1.0,6.0,5.0,5.0,16.0,16.0,1.0,4.0,128.0,1.0,32.0,64.0,1.0,1.0,1.0,1.0,2.0,4.0,3.0,2.0,4.0,4.0,6.0,3.0,5.0,4.0,5.0,5.0,2.0,1.0,5.0,1.0,4.0,3.0,32.0,16.0,1.0,2.0,32.0,1.0,16.0,32.0,1.0,1.0,1.0,1.0,1.0,5.0,2.0,1.0,6.0,5.0,5.0,3.0,4.0,4.0,4.0,2.0,6.0,1.0,6.0,5.0,5.0,5.0,3.0,32.0,1.0,8.0,2.0,1.0,1.0,1.0,1.0,1.0,1.0,1.0,4.0,6.0,6.0,1.0,2.0,5.0,2.0,6.0,5.0,5.0,1.0,6.0,3.0,1.0,1.0,2.0,4.0,1.0,16.0,4.0,1.0,6.0,4.0,1.0,1.0,1.0,1.0,1.0,1.0,1.0,5.0,5.0,3.0,2.0,6.0,1.0,3.0,2.0,6.0,2.0,2.0,1.0,5.0,1.0,2.0,1.0,6.0,5.0,768.0,128.0,1.0,48.0,16.0,1.0,1.0,1.0,1.0,1.0,1.0,1.0,1740491820.0,19357260.159999996,4568140000.0,15.471092857142855,2640.0,514.0,2260992.0,3.3691152966091884e+16,4.785714285714286,0.06398814285714287,78.57142857142857,155597.7142857143
256.0,32000000.0,256.0,64.0,1.0,34.0,18.0,32.0,6.0,3.0,4.0,3.0,5.0,5.0,1.0,2.0,6.0,4.0,5.0,6.0,4.0,1.0,3.0,1.0,1.0,3.0,1.0,5.0,6.0,6.0,3.0,5.0,768.0,3.0,1.0,288.0,768.0,1.0,1.0,1.0,1.0,1.0,1.0,1.0,3.0,6.0,2.0,1.0,5.0,6.0,1.0,6.0,1.0,2.0,3.0,5.0,4.0,4.0,2.0,3.0,1.0,4.0,8.0,2.0,1.0,2.0,4.0,1.0,1.0,64.0,1.0,1.0,1.0,1.0,4.0,4.0,6.0,6.0,5.0,3.0,3.0,3.0,1.0,4.0,3.0,3.0,1.0,5.0,1.0,3.0,6.0,1.0,64.0,2.0,1.0,2.0,1.0,1.0,2.0,4.0,1.0,1.0,1.0,1.0,5.0,1.0,3.0,6.0,4.0,1.0,1.0,4.0,6.0,2.0,4.0,6.0,2.0,5.0,3.0,4.0,5.0,1.0,1.0,2.0,1.0,128.0,768.0,1.0,1.0,1.0,1.0,1.0,1.0,1.0,1.0,3.0,6.0,2.0,3.0,4.0,5.0,5.0,2.0,3.0,2.0,2.0,5.0,1.0,6.0,1.0,2.0,5.0,96.0,256.0,1.0,2.0,32.0,1.0,1.0,1.0,1.0,1.0,1.0,1.0,5.0,1.0,4.0,6.0,5.0,5.0,5.0,3.0,3.0,6.0,2.0,3.0,5.0,4.0,3.0,6.0,1.0,1.0,384.0,6.0,1.0,128.0,384.0,1.0,1.0,1.0,1.0,1.0,1.0,1.0,349176912.0,37237597.44,13574300.0,0.154875,32.0,514.0,8512.0,1.3002509284398304e+16,32.0,29.874458571428573,78.57142857142857,1327.4285714285713
256.0,2048000.0,256.0,64.0,3.0,2.0,28.0,16.0,2.0,4.0,2.0,1.0,6.0,4.0,3.0,4.0,4.0,3.0,2.0,1.0,3.0,4.0,1.0,3.0,2.0,5.0,5.0,1.0,1.0,2.0,2.0,5.0,384.0,768.0,1.0,32.0,32.0,1.0,1.0,1.0,1.0,1.0,1.0,1.0,4.0,6.0,1.0,2.0,3.0,1.0,5.0,6.0,5.0,4.0,4.0,2.0,1.0,3.0,6.0,1.0,6.0,3.0,16.0,4.0,1.0,2.0,2.0,1.0,32.0,64.0,1.0,1.0,1.0,1.0,4.0,1.0,4.0,6.0,3.0,4.0,4.0,1.0,2.0,1.0,3.0,3.0,6.0,6.0,3.0,5.0,6.0,1.0,4.0,2.0,1.0,32.0,128.0,1.0,4.0,8.0,1.0,1.0,1.0,1.0,5.0,2.0,4.0,6.0,3.0,6.0,1.0,1.0,5.0,2.0,4.0,6.0,2.0,3.0,6.0,6.0,1.0,6.0,32.0,4.0,1.0,4.0,192.0,1.0,1.0,1.0,1.0,1.0,1.0,1.0,3.0,2.0,1.0,6.0,6.0,4.0,6.0,5.0,6.0,5.0,4.0,1.0,2.0,3.0,3.0,3.0,3.0,2.0,384.0,6.0,1.0,64.0,128.0,1.0,1.0,1.0,1.0,1.0,1.0,1.0,5.0,3.0,4.0,3.0,2.0,3.0,3.0,5.0,3.0,3.0,1.0,2.0,3.0,2.0,6.0,2.0,2.0,4.0,12.0,768.0,1.0,192.0,6.0,1.0,1.0,1.0,1.0,1.0,1.0,1.0,4984041120.0,18391047.479999997,754543000.0,4.530782499999999,896.0,514.0,540672.0,9.166173688019237e+16,3.6785714285714284,0.6384858214285716,78.57142857142857,41417.142857142855
512000.0,16000.0,256.0,64.0,3.0,48.0,8.0,42.0,5.0,2.0,5.0,5.0,5.0,6.0,1.0,6.0,5.0,6.0,2.0,4.0,1.0,6.0,4.0,2.0,5.0,5.0,2.0,4.0,1.0,3.0,2.0,2.0,128.0,8.0,1.0,6.0,16.0,1.0,1.0,1.0,1.0,1.0,1.0,1.0,1.0,6.0,4.0,4.0,6.0,2.0,4.0,5.0,3.0,6.0,2.0,3.0,3.0,6.0,4.0,5.0,4.0,1.0,1.0,4.0,1.0,64.0,16.0,1.0,8.0,128.0,1.0,1.0,1.0,1.0,5.0,4.0,1.0,6.0,3.0,5.0,5.0,6.0,4.0,6.0,3.0,4.0,1.0,5.0,3.0,6.0,3.0,1.0,64.0,8.0,1.0,16.0,2.0,1.0,64.0,32.0,1.0,1.0,1.0,1.0,2.0,1.0,4.0,4.0,6.0,5.0,3.0,6.0,5.0,5.0,2.0,4.0,6.0,2.0,6.0,4.0,1.0,2.0,6.0,12.0,1.0,384.0,4.0,1.0,1.0,1.0,1.0,1.0,1.0,1.0,4.0,4.0,4.0,3.0,1.0,3.0,1.0,3.0,2.0,1.0,1.0,5.0,6.0,6.0,2.0,4.0,3.0,3.0,4.0,128.0,1.0,48.0,256.0,1.0,1.0,1.0,1.0,1.0,1.0,1.0,3.0,4.0,4.0,6.0,3.0,1.0,6.0,2.0,3.0,5.0,5.0,4.0,3.0,1.0,2.0,5.0,2.0,1.0,512.0,48.0,1.0,12.0,8.0,1.0,1.0,1.0,1.0,1.0,1.0,1.0,1932432336.0,20235161.68,138759000000.0,186.61342857142859,16128.0,514.0,163840.0,3.910308075462008e+16,124.25,5.529637882142858,78.57142857142857,29440.0
2048000.0,16000000.0,256.0,64.0,1.0,18.0,4.0,28.0,5.0,1.0,4.0,4.0,6.0,4.0,6.0,6.0,6.0,1.0,1.0,2.0,6.0,3.0,3.0,5.0,3.0,3.0,3.0,4.0,1.0,6.0,4.0,4.0,3.0,768.0,1.0,384.0,3.0,1.0,1.0,1.0,1.0,1.0,1.0,1.0,4.0,5.0,6.0,6.0,2.0,5.0,4.0,5.0,6.0,4.0,1.0,2.0,5.0,4.0,3.0,5.0,3.0,1.0,2.0,8.0,1.0,1.0,4.0,1.0,8.0,1.0,1.0,1.0,1.0,1.0,4.0,3.0,5.0,2.0,3.0,2.0,5.0,3.0,6.0,2.0,5.0,3.0,1.0,4.0,6.0,4.0,4.0,1.0,64.0,32.0,1.0,1.0,32.0,1.0,8.0,32.0,1.0,1.0,1.0,1.0,2.0,3.0,1.0,1.0,5.0,3.0,4.0,2.0,3.0,1.0,1.0,3.0,5.0,6.0,5.0,1.0,3.0,3.0,4.0,96.0,1.0,384.0,3.0,1.0,1.0,1.0,1.0,1.0,1.0,1.0,3.0,1.0,3.0,5.0,3.0,3.0,5.0,5.0,2.0,4.0,3.0,5.0,5.0,2.0,4.0,4.0,5.0,5.0,4.0,12.0,1.0,192.0,1.0,1.0,1.0,1.0,1.0,1.0,1.0,1.0,4.0,4.0,4.0,6.0,4.0,1.0,4.0,1.0,6.0,3.0,6.0,2.0,6.0,6.0,2.0,5.0,2.0,4.0,1536.0,1536.0,1.0,384.0,12.0,1.0,1.0,1.0,1.0,1.0,1.0,1.0,11173626192.0,84942463.2,11912700.0,0.13246971428571433,28.0,514.0,514.0,9.491153316245162e+17,1.0,1.4258075000000001,78.57142857142857,78.57142857142857
1024000.0,32000.0,256.0,64.0,2.0,8.0,12.0,20.0,2.0,6.0,2.0,3.0,2.0,6.0,2.0,1.0,6.0,6.0,1.0,5.0,4.0,6.0,3.0,2.0,3.0,2.0,3.0,5.0,3.0,1.0,5.0,2.0,12.0,8.0,1.0,6.0,1.0,1.0,1.0,1.0,1.0,1.0,1.0,1.0,6.0,6.0,2.0,6.0,2.0,3.0,5.0,1.0,4.0,3.0,4.0,1.0,1.0,4.0,6.0,6.0,6.0,6.0,4.0,32.0,1.0,64.0,32.0,1.0,2.0,2.0,1.0,1.0,1.0,1.0,2.0,6.0,3.0,3.0,4.0,6.0,3.0,6.0,3.0,1.0,4.0,6.0,1.0,4.0,2.0,1.0,5.0,6.0,16.0,1.0,1.0,32.0,16.0,1.0,16.0,8.0,1.0,1.0,1.0,1.0,6.0,3.0,1.0,4.0,6.0,5.0,1.0,2.0,1.0,4.0,2.0,5.0,2.0,2.0,2.0,6.0,3.0,6.0,4.0,64.0,1.0,192.0,1.0,1.0,1.0,1.0,1.0,1.0,1.0,1.0,4.0,1.0,4.0,1.0,3.0,6.0,3.0,2.0,1.0,5.0,4.0,3.0,4.0,5.0,5.0,1.0,6.0,1.0,1.0,3.0,1.0,256.0,8.0,1.0,1.0,1.0,1.0,1.0,1.0,1.0,5.0,3.0,6.0,3.0,4.0,5.0,4.0,2.0,3.0,5.0,5.0,4.0,4.0,5.0,3.0,2.0,3.0,6.0,256.0,2.0,1.0,24.0,32.0,1.0,1.0,1.0,1.0,1.0,1.0,1.0,1001355996.0,45450151.720000006,122415000.0,1.129377857142857,240.0,514.0,75392.0,4.551178194393172e+16,6.809525,4.079506928571429,78.57142857142857,5420.571428571428
4096.0,16000000.0,256.0,64.0,1.0,36.0,44.0,6.0,4.0,1.0,4.0,4.0,5.0,3.0,3.0,3.0,2.0,1.0,1.0,5.0,4.0,4.0,6.0,5.0,2.0,2.0,5.0,5.0,6.0,6.0,6.0,5.0,4.0,256.0,1.0,96.0,36.0,1.0,1.0,1.0,1.0,1.0,1.0,1.0,2.0,3.0,4.0,3.0,4.0,4.0,5.0,5.0,6.0,3.0,4.0,5.0,3.0,5.0,5.0,5.0,6.0,4.0,32.0,32.0,1.0,16.0,1.0,1.0,32.0,16.0,1.0,1.0,1.0,1.0,2.0,6.0,4.0,5.0,5.0,6.0,5.0,6.0,4.0,2.0,2.0,2.0,4.0,3.0,3.0,4.0,1.0,3.0,64.0,64.0,1.0,4.0,128.0,1.0,64.0,8.0,1.0,1.0,1.0,1.0,2.0,6.0,3.0,3.0,1.0,4.0,1.0,3.0,5.0,1.0,3.0,2.0,1.0,1.0,4.0,2.0,6.0,2.0,384.0,128.0,1.0,96.0,96.0,1.0,1.0,1.0,1.0,1.0,1.0,1.0,1.0,3.0,1.0,3.0,4.0,2.0,4.0,2.0,1.0,2.0,5.0,6.0,1.0,4.0,2.0,3.0,5.0,2.0,8.0,1.0,1.0,3072.0,256.0,1.0,1.0,1.0,1.0,1.0,1.0,1.0,2.0,5.0,3.0,4.0,1.0,5.0,6.0,5.0,4.0,6.0,3.0,6.0,4.0,1.0,3.0,1.0,5.0,4.0,12.0,2.0,1.0,64.0,96.0,1.0,1.0,1.0,1.0,1.0,1.0,1.0,11173626192.0,84942444.0,3069750.0,0.033505700000000006,6.0,514.0,514.0,9.491151170908933e+17,1.0,1.4222078571428571,78.57142857142857,78.57142857142857
1024000.0,32000.0,256.0,64.0,3.0,40.0,4.0,8.0,1.0,5.0,4.0,6.0,4.0,6.0,1.0,1.0,5.0,1.0,1.0,2.0,1.0,5.0,2.0,3.0,1.0,1.0,4.0,4.0,1.0,6.0,2.0,3.0,48.0,16.0,1.0,9.0,12.0,1.0,1.0,1.0,1.0,1.0,1.0,1.0,3.0,5.0,3.0,2.0,3.0,4.0,4.0,1.0,6.0,1.0,5.0,4.0,6.0,2.0,4.0,6.0,3.0,5.0,16.0,4.0,1.0,16.0,32.0,1.0,64.0,8.0,1.0,1.0,1.0,1.0,2.0,1.0,1.0,2.0,1.0,1.0,6.0,4.0,1.0,3.0,1.0,3.0,4.0,5.0,6.0,5.0,2.0,2.0,64.0,2.0,1.0,1.0,64.0,1.0,16.0,1.0,1.0,1.0,1.0,1.0,3.0,5.0,4.0,1.0,5.0,6.0,2.0,2.0,3.0,2.0,2.0,3.0,5.0,3.0,6.0,3.0,2.0,6.0,96.0,256.0,1.0,384.0,2.0,1.0,1.0,1.0,1.0,1.0,1.0,1.0,6.0,2.0,5.0,1.0,1.0,1.0,3.0,6.0,5.0,5.0,2.0,5.0,3.0,6.0,2.0,6.0,5.0,2.0,128.0,96.0,1.0,1.0,512.0,1.0,1.0,1.0,1.0,1.0,1.0,1.0,4.0,2.0,5.0,4.0,3.0,4.0,2.0,5.0,4.0,5.0,4.0,2.0,5.0,2.0,6.0,2.0,5.0,3.0,256.0,64.0,1.0,24.0,8.0,1.0,1.0,1.0,1.0,1.0,1.0,1.0,5456283516.0,18200721.46,1328040000.0,6.603130714285714,1280.0,514.0,360448.0,9.930829648150546e+16,4.348214285714286,0.16613188214285715,78.57142857142857,35332.57142857143
2048000.0,128000.0,256.0,64.0,3.0,38.0,42.0,36.0,1.0,5.0,3.0,2.0,1.0,6.0,1.0,5.0,4.0,3.0,3.0,5.0,4.0,6.0,2.0,4.0,1.0,5.0,5.0,5.0,3.0,2.0,2.0,4.0,3.0,64.0,1.0,256.0,18.0,1.0,1.0,1.0,1.0,1.0,1.0,1.0,1.0,2.0,2.0,5.0,2.0,5.0,5.0,6.0,1.0,4.0,5.0,5.0,4.0,4.0,6.0,4.0,5.0,5.0,16.0,16.0,1.0,1.0,32.0,1.0,4.0,128.0,1.0,1.0,1.0,1.0,5.0,6.0,3.0,3.0,4.0,5.0,4.0,5.0,6.0,1.0,6.0,2.0,2.0,3.0,3.0,1.0,6.0,2.0,2.0,2.0,1.0,1.0,4.0,1.0,16.0,1.0,1.0,1.0,1.0,1.0,6.0,6.0,2.0,4.0,5.0,1.0,6.0,1.0,1.0,6.0,4.0,2.0,4.0,1.0,5.0,6.0,4.0,6.0,384.0,12.0,1.0,6.0,3.0,1.0,1.0,1.0,1.0,1.0,1.0,1.0,4.0,6.0,4.0,2.0,1.0,5.0,2.0,2.0,2.0,1.0,5.0,4.0,1.0,2.0,1.0,3.0,5.0,4.0,128.0,16.0,1.0,32.0,256.0,1.0,1.0,1.0,1.0,1.0,1.0,1.0,4.0,1.0,1.0,1.0,3.0,5.0,5.0,5.0,4.0,2.0,3.0,6.0,6.0,3.0,6.0,6.0,6.0,3.0,384.0,192.0,1.0,256.0,96.0,1.0,1.0,1.0,1.0,1.0,1.0,1.0,2515370508.0,18678913.54,1704410000000.0,1704.8882142857144,57456.0,514.0,360448.0,4.698438823999788e+16,57.57142857142857,3.7302657464285716,78.57142857142857,32345.14285714286
8192.0,512000.0,256.0,64.0,2.0,26.0,20.0,26.0,6.0,6.0,6.0,1.0,3.0,2.0,3.0,4.0,6.0,2.0,5.0,4.0,5.0,6.0,6.0,3.0,4.0,1.0,1.0,4.0,3.0,5.0,2.0,1.0,256.0,192.0,1.0,384.0,256.0,1.0,1.0,1.0,1.0,1.0,1.0,1.0,1.0,4.0,3.0,2.0,6.0,2.0,5.0,5.0,5.0,2.0,5.0,3.0,5.0,1.0,1.0,2.0,4.0,1.0,8.0,2.0,1.0,4.0,1.0,1.0,1.0,4.0,1.0,1.0,1.0,1.0,2.0,4.0,4.0,1.0,6.0,5.0,5.0,3.0,4.0,4.0,2.0,6.0,1.0,2.0,6.0,2.0,5.0,5.0,1.0,128.0,1.0,128.0,16.0,1.0,16.0,1.0,1.0,1.0,1.0,1.0,4.0,6.0,4.0,2.0,2.0,2.0,5.0,4.0,5.0,4.0,5.0,4.0,1.0,4.0,5.0,2.0,4.0,2.0,192.0,24.0,1.0,24.0,12.0,1.0,1.0,1.0,1.0,1.0,1.0,1.0,2.0,3.0,4.0,4.0,4.0,5.0,1.0,4.0,1.0,5.0,6.0,2.0,1.0,6.0,4.0,4.0,6.0,4.0,128.0,6.0,1.0,3.0,256.0,1.0,1.0,1.0,1.0,1.0,1.0,1.0,3.0,6.0,1.0,2.0,5.0,4.0,4.0,3.0,5.0,4.0,3.0,6.0,1.0,1.0,6.0,6.0,5.0,4.0,8.0,512.0,1.0,24.0,1.0,1.0,1.0,1.0,1.0,1.0,1.0,1.0,303091716.0,24042173.420000006,338614000.0,2.571431785714286,520.0,514.0,655360.0,7286983598237390.0,145.40389642857141,60.72529278571429,78.57142857142857,31323.714285714286
4096.0,32000000.0,256.0,64.0,3.0,46.0,26.0,2.0,6.0,5.0,4.0,2.0,1.0,5.0,6.0,1.0,4.0,3.0,6.0,6.0,3.0,2.0,2.0,1.0,1.0,4.0,6.0,1.0,3.0,2.0,2.0,2.0,96.0,256.0,1.0,3.0,1152.0,1.0,1.0,1.0,1.0,1.0,1.0,1.0,6.0,6.0,5.0,5.0,4.0,6.0,1.0,2.0,6.0,1.0,4.0,2.0,6.0,4.0,5.0,1.0,2.0,6.0,2.0,4.0,1.0,8.0,8.0,1.0,8.0,32.0,1.0,1.0,1.0,1.0,3.0,2.0,4.0,4.0,4.0,3.0,3.0,4.0,6.0,1.0,1.0,3.0,5.0,1.0,3.0,5.0,5.0,4.0,64.0,32.0,1.0,4.0,8.0,1.0,64.0,16.0,1.0,1.0,1.0,1.0,4.0,5.0,5.0,6.0,1.0,3.0,3.0,3.0,3.0,2.0,1.0,1.0,1.0,1.0,2.0,4.0,6.0,1.0,24.0,8.0,1.0,1.0,96.0,1.0,1.0,1.0,1.0,1.0,1.0,1.0,1.0,5.0,6.0,3.0,1.0,2.0,3.0,6.0,3.0,2.0,2.0,5.0,1.0,4.0,4.0,1.0,1.0,3.0,6.0,32.0,1.0,8.0,12.0,1.0,1.0,1.0,1.0,1.0,1.0,1.0,6.0,2.0,3.0,6.0,1.0,5.0,4.0,3.0,5.0,5.0,2.0,6.0,2.0,4.0,3.0,6.0,6.0,1.0,96.0,48.0,1.0,2.0,128.0,1.0,1.0,1.0,1.0,1.0,1.0,1.0,189975864.0,17804831.040000007,3836800000.0,13.857875000000003,2392.0,514.0,2260992.0,3382488160198020.0,64.83810714285714,1.1505322857142861,78.57142857142857,169801.14285714287
512.0,128000.0,256.0,64.0,1.0,4.0,38.0,20.0,1.0,5.0,3.0,2.0,3.0,2.0,6.0,4.0,1.0,6.0,4.0,3.0,4.0,3.0,6.0,4.0,5.0,2.0,4.0,4.0,6.0,2.0,2.0,3.0,128.0,384.0,1.0,1.0,1152.0,1.0,1.0,1.0,1.0,1.0,1.0,1.0,4.0,6.0,6.0,5.0,2.0,6.0,4.0,6.0,2.0,6.0,5.0,4.0,1.0,2.0,2.0,4.0,5.0,5.0,2.0,8.0,1.0,8.0,128.0,1.0,16.0,128.0,1.0,1.0,1.0,1.0,1.0,1.0,4.0,1.0,1.0,6.0,4.0,4.0,1.0,6.0,1.0,4.0,4.0,4.0,1.0,5.0,1.0,1.0,64.0,4.0,1.0,4.0,8.0,1.0,16.0,4.0,1.0,1.0,1.0,1.0,6.0,2.0,1.0,6.0,4.0,3.0,5.0,4.0,5.0,6.0,6.0,3.0,2.0,5.0,1.0,2.0,5.0,4.0,24.0,64.0,1.0,32.0,6.0,1.0,1.0,1.0,1.0,1.0,1.0,1.0,6.0,2.0,2.0,5.0,2.0,5.0,5.0,6.0,2.0,6.0,2.0,4.0,6.0,5.0,1.0,2.0,5.0,2.0,64.0,1.0,1.0,3072.0,4.0,1.0,1.0,1.0,1.0,1.0,1.0,1.0,5.0,3.0,3.0,6.0,4.0,4.0,5.0,4.0,2.0,1.0,2.0,5.0,1.0,1.0,2.0,5.0,4.0,1.0,6.0,4.0,1.0,256.0,128.0,1.0,1.0,1.0,1.0,1.0,1.0,1.0,565051728.0,66945612.480000004,8640490.0,0.09909237142857144,20.0,514.0,5416.0,3.782773401384237e+16,18.50184285714285,18.924671428571433,78.57142857142857,844.0
1024000.0,16000.0,256.0,64.0,3.0,26.0,20.0,12.0,4.0,4.0,4.0,2.0,4.0,1.0,2.0,1.0,2.0,4.0,6.0,5.0,1.0,5.0,2.0,3.0,5.0,4.0,2.0,5.0,1.0,1.0,1.0,2.0,768.0,16.0,1.0,768.0,2304.0,1.0,1.0,1.0,1.0,1.0,1.0,1.0,3.0,2.0,5.0,5.0,3.0,4.0,4.0,6.0,2.0,5.0,4.0,1.0,6.0,6.0,6.0,3.0,1.0,5.0,32.0,2.0,1.0,128.0,128.0,1.0,64.0,8.0,1.0,1.0,1.0,1.0,2.0,3.0,3.0,5.0,6.0,1.0,4.0,1.0,4.0,6.0,5.0,2.0,6.0,3.0,4.0,2.0,2.0,2.0,128.0,8.0,1.0,2.0,1.0,1.0,4.0,4.0,1.0,1.0,1.0,1.0,4.0,3.0,5.0,3.0,1.0,3.0,2.0,1.0,2.0,5.0,3.0,5.0,2.0,5.0,4.0,4.0,6.0,1.0,192.0,4.0,1.0,4.0,24.0,1.0,1.0,1.0,1.0,1.0,1.0,1.0,4.0,2.0,6.0,4.0,6.0,1.0,2.0,3.0,2.0,3.0,3.0,1.0,1.0,5.0,2.0,3.0,5.0,3.0,6.0,32.0,1.0,64.0,96.0,1.0,1.0,1.0,1.0,1.0,1.0,1.0,4.0,1.0,5.0,4.0,2.0,4.0,4.0,2.0,2.0,3.0,1.0,6.0,6.0,1.0,2.0,6.0,3.0,4.0,4.0,2.0,1.0,192.0,24.0,1.0,1.0,1.0,1.0,1.0,1.0,1.0,1093075944.0,18219477.480000004,22244100000.0,45.818239285714284,6240.0,514.0,4325376.0,1.9915272545637744e+16,20.27857142857143,1.5580378571428575,78.57142857142857,198553.14285714287
16000.0,1024000.0,256.0,64.0,2.0,26.0,34.0,44.0,5.0,5.0,4.0,3.0,3.0,2.0,5.0,2.0,1.0,6.0,1.0,5.0,5.0,2.0,5.0,6.0,3.0,4.0,4.0,6.0,6.0,4.0,5.0,3.0,384.0,6.0,1.0,72.0,8.0,1.0,1.0,1.0,1.0,1.0,1.0,1.0,4.0,3.0,4.0,3.0,2.0,2.0,3.0,2.0,2.0,3.0,2.0,3.0,6.0,6.0,1.0,3.0,6.0,2.0,16.0,4.0,1.0,32.0,32.0,1.0,128.0,8.0,1.0,1.0,1.0,1.0,3.0,4.0,3.0,4.0,2.0,1.0,5.0,6.0,6.0,3.0,2.0,6.0,6.0,4.0,5.0,3.0,1.0,1.0,32.0,4.0,1.0,8.0,2.0,1.0,2.0,2.0,1.0,1.0,1.0,1.0,1.0,3.0,2.0,2.0,1.0,1.0,5.0,1.0,4.0,6.0,2.0,6.0,4.0,1.0,4.0,5.0,4.0,6.0,16.0,16.0,1.0,16.0,768.0,1.0,1.0,1.0,1.0,1.0,1.0,1.0,4.0,4.0,4.0,3.0,4.0,4.0,1.0,4.0,4.0,3.0,5.0,2.0,4.0,5.0,4.0,4.0,2.0,5.0,384.0,3.0,1.0,12.0,12.0,1.0,1.0,1.0,1.0,1.0,1.0,1.0,2.0,3.0,6.0,2.0,6.0,1.0,1.0,6.0,6.0,2.0,6.0,2.0,2.0,2.0,2.0,4.0,4.0,6.0,1024.0,32.0,1.0,2.0,4.0,1.0,1.0,1.0,1.0,1.0,1.0,1.0,82125648.0,24918280.42,1716680000.0,7.791082857142858,1496.0,514.0,283392.0,2046429926538212.2,285.7142857142857,21.859990714285715,78.57142857142857,21903.428571428572
64000.0,256000.0,256.0,64.0,2.0,4.0,32.0,48.0,5.0,4.0,5.0,5.0,1.0,4.0,3.0,1.0,4.0,2.0,2.0,4.0,5.0,5.0,3.0,1.0,6.0,4.0,1.0,1.0,6.0,2.0,1.0,3.0,256.0,12.0,1.0,1.0,16.0,1.0,1.0,1.0,1.0,1.0,1.0,1.0,2.0,5.0,2.0,2.0,5.0,1.0,3.0,2.0,3.0,6.0,1.0,3.0,1.0,2.0,3.0,1.0,3.0,5.0,8.0,8.0,1.0,64.0,128.0,1.0,2.0,32.0,1.0,1.0,1.0,1.0,1.0,1.0,6.0,2.0,5.0,4.0,6.0,5.0,6.0,6.0,1.0,2.0,6.0,1.0,4.0,1.0,6.0,5.0,8.0,32.0,1.0,2.0,4.0,1.0,4.0,16.0,1.0,1.0,1.0,1.0,3.0,4.0,3.0,3.0,4.0,4.0,1.0,5.0,2.0,2.0,3.0,2.0,4.0,6.0,3.0,1.0,1.0,1.0,384.0,32.0,1.0,384.0,6.0,1.0,1.0,1.0,1.0,1.0,1.0,1.0,3.0,6.0,1.0,6.0,6.0,1.0,2.0,1.0,4.0,6.0,1.0,6.0,3.0,1.0,5.0,6.0,6.0,6.0,3.0,12.0,1.0,8.0,256.0,1.0,1.0,1.0,1.0,1.0,1.0,1.0,3.0,1.0,4.0,6.0,5.0,2.0,2.0,6.0,4.0,6.0,3.0,1.0,3.0,3.0,4.0,5.0,2.0,5.0,48.0,16.0,1.0,32.0,8.0,1.0,1.0,1.0,1.0,1.0,1.0,1.0,361252692.0,19996926.940000005,1793860000.0,8.02240642857143,1536.0,514.0,207360.0,7223943688802324.0,38.57142857142857,8.501574392857142,78.57142857142857,21401.14285714286
2048.0,16000.0,256.0,64.0,2.0,18.0,12.0,6.0,6.0,1.0,1.0,1.0,5.0,5.0,5.0,5.0,4.0,1.0,6.0,4.0,2.0,3.0,1.0,4.0,3.0,3.0,4.0,5.0,1.0,5.0,6.0,1.0,8.0,12.0,1.0,72.0,96.0,1.0,1.0,1.0,1.0,1.0,1.0,1.0,5.0,3.0,6.0,5.0,2.0,4.0,4.0,5.0,3.0,2.0,3.0,4.0,1.0,3.0,3.0,5.0,1.0,5.0,16.0,64.0,1.0,128.0,32.0,1.0,16.0,8.0,1.0,1.0,1.0,1.0,3.0,1.0,4.0,6.0,1.0,2.0,1.0,2.0,4.0,5.0,2.0,5.0,5.0,3.0,5.0,6.0,3.0,4.0,64.0,2.0,1.0,2.0,32.0,1.0,8.0,1.0,1.0,1.0,1.0,1.0,1.0,1.0,1.0,4.0,6.0,1.0,6.0,1.0,6.0,5.0,1.0,5.0,3.0,6.0,4.0,5.0,3.0,6.0,3.0,24.0,1.0,768.0,48.0,1.0,1.0,1.0,1.0,1.0,1.0,1.0,3.0,4.0,3.0,1.0,5.0,6.0,6.0,1.0,4.0,6.0,4.0,5.0,5.0,5.0,3.0,1.0,5.0,2.0,128.0,8.0,1.0,64.0,256.0,1.0,1.0,1.0,1.0,1.0,1.0,1.0,2.0,3.0,5.0,3.0,5.0,3.0,1.0,2.0,2.0,2.0,1.0,4.0,2.0,2.0,4.0,6.0,1.0,1.0,24.0,384.0,1.0,12.0,8.0,1.0,1.0,1.0,1.0,1.0,1.0,1.0,973248876.0,21198371.96,31086700.0,0.36712967857142853,72.0,514.0,80384.0,2.0631291683099916e+16,7.974042857142859,5.258881928571428,78.57142857142857,10170.857142857143
128000.0,4096000.0,256.0,64.0,3.0,22.0,6.0,30.0,5.0,1.0,6.0,3.0,2.0,1.0,3.0,6.0,1.0,3.0,6.0,2.0,6.0,1.0,6.0,6.0,4.0,5.0,4.0,6.0,3.0,3.0,5.0,6.0,384.0,24.0,1.0,192.0,8.0,1.0,1.0,1.0,1.0,1.0,1.0,1.0,3.0,2.0,1.0,2.0,3.0,3.0,2.0,5.0,4.0,5.0,2.0,1.0,5.0,1.0,3.0,6.0,1.0,4.0,4.0,64.0,1.0,2.0,1.0,1.0,64.0,4.0,1.0,1.0,1.0,1.0,4.0,5.0,2.0,3.0,2.0,2.0,2.0,3.0,2.0,5.0,6.0,2.0,4.0,6.0,5.0,5.0,1.0,4.0,64.0,32.0,1.0,32.0,128.0,1.0,8.0,4.0,1.0,1.0,1.0,1.0,1.0,3.0,5.0,2.0,6.0,4.0,5.0,2.0,3.0,6.0,1.0,1.0,3.0,1.0,2.0,1.0,2.0,1.0,32.0,48.0,1.0,12.0,128.0,1.0,1.0,1.0,1.0,1.0,1.0,1.0,5.0,3.0,6.0,2.0,3.0,4.0,2.0,5.0,5.0,5.0,5.0,6.0,5.0,3.0,1.0,2.0,1.0,5.0,32.0,24.0,1.0,3072.0,24.0,1.0,1.0,1.0,1.0,1.0,1.0,1.0,1.0,2.0,5.0,1.0,2.0,3.0,4.0,4.0,4.0,2.0,4.0,5.0,1.0,4.0,5.0,3.0,6.0,3.0,512.0,128.0,1.0,256.0,48.0,1.0,1.0,1.0,1.0,1.0,1.0,1.0,4762196544.0,18427192.14,9515400000.0,24.996657142857146,3960.0,514.0,991232.0,8.775391072473197e+16,11.904776071428572,0.09449404642857144,78.57142857142857,89270.85714285714
16000.0,64000.0,256.0,64.0,3.0,10.0,38.0,14.0,2.0,1.0,5.0,5.0,4.0,5.0,6.0,2.0,3.0,6.0,6.0,4.0,3.0,3.0,3.0,5.0,1.0,4.0,6.0,1.0,6.0,6.0,6.0,3.0,256.0,192.0,1.0,144.0,128.0,1.0,1.0,1.0,1.0,1.0,1.0,1.0,2.0,2.0,4.0,1.0,4.0,2.0,4.0,2.0,4.0,1.0,5.0,1.0,1.0,2.0,6.0,2.0,3.0,2.0,2.0,64.0,1.0,32.0,16.0,1.0,64.0,128.0,1.0,1.0,1.0,1.0,4.0,5.0,5.0,4.0,6.0,3.0,4.0,6.0,1.0,1.0,4.0,4.0,2.0,3.0,1.0,4.0,4.0,3.0,16.0,16.0,1.0,8.0,2.0,1.0,4.0,1.0,1.0,1.0,1.0,1.0,1.0,5.0,3.0,1.0,5.0,6.0,6.0,5.0,3.0,6.0,5.0,5.0,6.0,5.0,3.0,3.0,5.0,3.0,256.0,3.0,1.0,192.0,64.0,1.0,1.0,1.0,1.0,1.0,1.0,1.0,5.0,1.0,1.0,3.0,4.0,5.0,4.0,2.0,5.0,1.0,3.0,5.0,3.0,1.0,4.0,6.0,3.0,4.0,3.0,96.0,1.0,128.0,192.0,1.0,1.0,1.0,1.0,1.0,1.0,1.0,4.0,3.0,3.0,3.0,4.0,6.0,5.0,2.0,2.0,1.0,1.0,4.0,3.0,6.0,5.0,5.0,3.0,2.0,32.0,12.0,1.0,24.0,64.0,1.0,1.0,1.0,1.0,1.0,1.0,1.0,11042709696.0,18542849.76,16470100000.0,36.44618571428572,5320.0,514.0,212992.0,2.047633068362233e+17,4.0,0.48515165714285713,78.57142857142857,32091.428571428572
1024.0,8192000.0,256.0,64.0,1.0,22.0,4.0,4.0,2.0,3.0,6.0,3.0,3.0,3.0,4.0,4.0,3.0,4.0,5.0,3.0,2.0,5.0,4.0,5.0,4.0,3.0,5.0,4.0,5.0,2.0,3.0,2.0,1.0,2.0,1.0,96.0,2304.0,1.0,1.0,1.0,1.0,1.0,1.0,1.0,6.0,2.0,6.0,4.0,3.0,6.0,5.0,3.0,4.0,3.0,3.0,5.0,6.0,4.0,6.0,4.0,4.0,3.0,16.0,32.0,1.0,16.0,2.0,1.0,4.0,64.0,1.0,1.0,1.0,1.0,3.0,2.0,5.0,1.0,2.0,3.0,6.0,4.0,3.0,4.0,5.0,3.0,3.0,6.0,2.0,1.0,4.0,3.0,32.0,1.0,1.0,32.0,128.0,1.0,4.0,64.0,1.0,1.0,1.0,1.0,3.0,1.0,4.0,1.0,6.0,3.0,5.0,2.0,3.0,5.0,1.0,6.0,1.0,5.0,6.0,6.0,6.0,1.0,1.0,128.0,1.0,8.0,256.0,1.0,1.0,1.0,1.0,1.0,1.0,1.0,1.0,2.0,3.0,6.0,5.0,3.0,6.0,3.0,2.0,6.0,4.0,5.0,5.0,6.0,5.0,6.0,6.0,4.0,1.0,64.0,1.0,48.0,3.0,1.0,1.0,1.0,1.0,1.0,1.0,1.0,2.0,6.0,6.0,1.0,2.0,5.0,2.0,2.0,2.0,6.0,4.0,1.0,6.0,4.0,1.0,1.0,4.0,1.0,96.0,384.0,1.0,1.0,24.0,1.0,1.0,1.0,1.0,1.0,1.0,1.0,10947133776.0,87951964.80000001,2290310.0,0.02454884285714285,4.0,514.0,514.0,9.628219245276433e+17,3.5714285714285716,3.5986689285714286,78.57142857142857,88.85714285714286
512.0,32000.0,256.0,64.0,1.0,30.0,2.0,46.0,4.0,3.0,6.0,3.0,1.0,1.0,4.0,3.0,2.0,5.0,2.0,2.0,4.0,1.0,1.0,4.0,6.0,1.0,5.0,5.0,2.0,1.0,3.0,1.0,3.0,2.0,1.0,144.0,384.0,1.0,1.0,1.0,1.0,1.0,1.0,1.0,2.0,4.0,4.0,5.0,3.0,6.0,6.0,4.0,6.0,3.0,6.0,4.0,6.0,6.0,6.0,1.0,5.0,5.0,64.0,2.0,1.0,2.0,2.0,1.0,64.0,4.0,1.0,1.0,1.0,1.0,4.0,6.0,1.0,4.0,3.0,2.0,3.0,5.0,3.0,4.0,3.0,5.0,5.0,3.0,6.0,2.0,3.0,3.0,64.0,32.0,1.0,8.0,32.0,1.0,8.0,1.0,1.0,1.0,1.0,1.0,4.0,2.0,4.0,1.0,3.0,6.0,6.0,3.0,1.0,6.0,5.0,6.0,1.0,6.0,6.0,1.0,1.0,1.0,128.0,1.0,1.0,1.0,3.0,1.0,1.0,1.0,1.0,1.0,1.0,1.0,6.0,2.0,4.0,6.0,4.0,4.0,3.0,4.0,3.0,6.0,2.0,1.0,2.0,1.0,5.0,6.0,3.0,1.0,16.0,1.0,1.0,12.0,128.0,1.0,1.0,1.0,1.0,1.0,1.0,1.0,5.0,2.0,6.0,6.0,5.0,1.0,5.0,3.0,6.0,1.0,4.0,4.0,3.0,1.0,6.0,1.0,2.0,1.0,8.0,96.0,1.0,4.0,96.0,1.0,1.0,1.0,1.0,1.0,1.0,1.0,10879893840.0,70658731.19999999,19514700.0,0.2145498571428572,46.0,514.0,514.0,7.687594943250957e+17,32.142871428571425,32.1476075,78.57142857142857,232.85714285714286
128000.0,2048000.0,256.0,64.0,1.0,44.0,20.0,32.0,5.0,5.0,2.0,2.0,4.0,4.0,2.0,4.0,2.0,2.0,1.0,5.0,6.0,5.0,4.0,4.0,1.0,1.0,2.0,2.0,6.0,1.0,1.0,2.0,32.0,256.0,1.0,4.0,64.0,1.0,1.0,1.0,1.0,1.0,1.0,1.0,4.0,4.0,1.0,4.0,5.0,4.0,1.0,4.0,4.0,2.0,6.0,1.0,6.0,5.0,2.0,3.0,6.0,1.0,64.0,32.0,1.0,8.0,1.0,1.0,1.0,1.0,1.0,1.0,1.0,1.0,3.0,3.0,5.0,2.0,5.0,4.0,2.0,5.0,4.0,4.0,6.0,3.0,6.0,6.0,3.0,6.0,1.0,1.0,16.0,16.0,1.0,1.0,16.0,1.0,16.0,64.0,1.0,1.0,1.0,1.0,1.0,3.0,5.0,2.0,6.0,3.0,1.0,3.0,5.0,4.0,3.0,2.0,3.0,2.0,5.0,6.0,6.0,3.0,48.0,24.0,1.0,16.0,16.0,1.0,1.0,1.0,1.0,1.0,1.0,1.0,2.0,2.0,3.0,1.0,5.0,2.0,1.0,2.0,3.0,6.0,2.0,6.0,1.0,3.0,5.0,3.0,3.0,4.0,12.0,768.0,1.0,3.0,1536.0,1.0,1.0,1.0,1.0,1.0,1.0,1.0,6.0,2.0,4.0,3.0,2.0,2.0,3.0,2.0,5.0,5.0,1.0,3.0,6.0,4.0,1.0,4.0,6.0,5.0,12.0,8.0,1.0,128.0,64.0,1.0,1.0,1.0,1.0,1.0,1.0,1.0,349176912.0,37234577.28,13574300.0,0.154875,32.0,514.0,8512.0,1.300145471425576e+16,32.0,28.6469275,78.57142857142857,1327.4285714285713
2048.0,512000.0,256.0,64.0,1.0,16.0,20.0,46.0,6.0,5.0,4.0,1.0,6.0,6.0,3.0,3.0,3.0,5.0,4.0,3.0,3.0,4.0,4.0,1.0,5.0,3.0,5.0,3.0,3.0,1.0,5.0,1.0,64.0,384.0,1.0,1.0,32.0,1.0,1.0,1.0,1.0,1.0,1.0,1.0,4.0,3.0,2.0,4.0,1.0,1.0,4.0,3.0,2.0,1.0,2.0,4.0,3.0,1.0,4.0,4.0,1.0,5.0,64.0,1.0,1.0,8.0,4.0,1.0,32.0,64.0,1.0,1.0,1.0,1.0,2.0,6.0,5.0,1.0,1.0,6.0,6.0,5.0,4.0,2.0,6.0,2.0,6.0,2.0,6.0,6.0,2.0,2.0,8.0,8.0,1.0,1.0,64.0,1.0,1.0,4.0,1.0,1.0,1.0,1.0,5.0,1.0,6.0,3.0,6.0,5.0,1.0,4.0,3.0,5.0,2.0,5.0,5.0,6.0,3.0,5.0,5.0,5.0,8.0,1.0,1.0,384.0,16.0,1.0,1.0,1.0,1.0,1.0,1.0,1.0,5.0,6.0,5.0,5.0,2.0,2.0,2.0,6.0,3.0,1.0,3.0,4.0,3.0,4.0,5.0,1.0,6.0,5.0,16.0,12.0,1.0,2.0,768.0,1.0,1.0,1.0,1.0,1.0,1.0,1.0,6.0,3.0,4.0,4.0,6.0,4.0,5.0,4.0,5.0,5.0,1.0,1.0,4.0,3.0,6.0,5.0,5.0,5.0,48.0,1536.0,1.0,24.0,16.0,1.0,1.0,1.0,1.0,1.0,1.0,1.0,247727520.0,40463227.68000001,19515900.0,0.22027185714285719,46.0,514.0,12124.0,1.0023855044361756e+16,38.47787857142857,35.16885178571429,78.57142857142857,1891.4285714285713
128.0,2048000.0,256.0,64.0,1.0,32.0,22.0,36.0,1.0,3.0,2.0,4.0,5.0,3.0,1.0,5.0,6.0,6.0,5.0,6.0,2.0,1.0,5.0,4.0,6.0,2.0,2.0,6.0,4.0,3.0,1.0,5.0,192.0,6.0,1.0,4.0,128.0,1.0,1.0,1.0,1.0,1.0,1.0,1.0,3.0,5.0,1.0,2.0,3.0,6.0,4.0,4.0,6.0,1.0,2.0,5.0,4.0,3.0,3.0,2.0,1.0,6.0,4.0,1.0,1.0,128.0,32.0,1.0,1.0,16.0,1.0,1.0,1.0,1.0,2.0,1.0,5.0,4.0,2.0,4.0,3.0,3.0,3.0,6.0,4.0,1.0,2.0,1.0,5.0,1.0,2.0,1.0,1.0,8.0,1.0,64.0,16.0,1.0,16.0,64.0,1.0,1.0,1.0,1.0,1.0,1.0,5.0,4.0,3.0,4.0,6.0,3.0,3.0,5.0,6.0,4.0,4.0,3.0,2.0,4.0,6.0,3.0,12.0,96.0,1.0,192.0,256.0,1.0,1.0,1.0,1.0,1.0,1.0,1.0,3.0,1.0,6.0,1.0,4.0,1.0,1.0,5.0,4.0,2.0,2.0,1.0,2.0,5.0,5.0,1.0,3.0,5.0,48.0,3.0,1.0,192.0,128.0,1.0,1.0,1.0,1.0,1.0,1.0,1.0,5.0,1.0,4.0,6.0,4.0,1.0,6.0,2.0,4.0,1.0,4.0,2.0,3.0,3.0,6.0,1.0,3.0,2.0,32.0,16.0,1.0,3.0,96.0,1.0,1.0,1.0,1.0,1.0,1.0,1.0,11173626192.0,96915890.39999999,15250600.0,0.16867785714285713,36.0,514.0,514.0,1.0829019313944412e+18,1.0,1.0039049999999998,78.57142857142857,78.57142857142857
256000.0,8192000.0,256.0,64.0,2.0,34.0,46.0,18.0,3.0,4.0,3.0,6.0,3.0,1.0,6.0,3.0,2.0,1.0,4.0,6.0,2.0,6.0,5.0,2.0,5.0,5.0,6.0,5.0,4.0,1.0,3.0,1.0,96.0,128.0,1.0,12.0,144.0,1.0,1.0,1.0,1.0,1.0,1.0,1.0,1.0,2.0,4.0,5.0,5.0,1.0,1.0,1.0,1.0,5.0,3.0,1.0,5.0,3.0,3.0,4.0,6.0,3.0,2.0,1.0,1.0,4.0,1.0,1.0,128.0,32.0,1.0,1.0,1.0,1.0,2.0,5.0,5.0,5.0,4.0,3.0,6.0,2.0,5.0,3.0,6.0,3.0,4.0,5.0,6.0,2.0,1.0,3.0,4.0,4.0,1.0,4.0,64.0,1.0,32.0,8.0,1.0,1.0,1.0,1.0,1.0,3.0,1.0,5.0,1.0,2.0,1.0,1.0,3.0,2.0,6.0,5.0,2.0,1.0,4.0,5.0,2.0,2.0,24.0,3.0,1.0,96.0,256.0,1.0,1.0,1.0,1.0,1.0,1.0,1.0,6.0,2.0,2.0,1.0,6.0,2.0,4.0,4.0,2.0,4.0,3.0,6.0,6.0,3.0,2.0,1.0,3.0,5.0,8.0,48.0,1.0,16.0,3072.0,1.0,1.0,1.0,1.0,1.0,1.0,1.0,1.0,1.0,4.0,6.0,5.0,3.0,3.0,1.0,3.0,5.0,3.0,4.0,2.0,4.0,5.0,1.0,4.0,5.0,3.0,3072.0,1.0,64.0,1.0,1.0,1.0,1.0,1.0,1.0,1.0,1.0,4337830932.0,28538749.939999998,668593000.0,4.038890714285715,828.0,514.0,29952.0,1.2379627225034514e+17,3.75,1.1401282499999998,78.57142857142857,2385.0714285714284
2048.0,16000000.0,256.0,64.0,2.0,34.0,18.0,40.0,1.0,4.0,5.0,1.0,3.0,6.0,1.0,1.0,2.0,2.0,3.0,4.0,4.0,4.0,4.0,5.0,5.0,1.0,6.0,2.0,5.0,5.0,3.0,6.0,48.0,64.0,1.0,4.0,288.0,1.0,1.0,1.0,1.0,1.0,1.0,1.0,2.0,5.0,5.0,1.0,3.0,1.0,5.0,4.0,2.0,3.0,6.0,3.0,3.0,3.0,1.0,5.0,4.0,4.0,2.0,4.0,1.0,1.0,64.0,1.0,16.0,1.0,1.0,1.0,1.0,1.0,4.0,2.0,2.0,4.0,4.0,4.0,4.0,1.0,3.0,2.0,5.0,2.0,5.0,5.0,5.0,2.0,1.0,2.0,16.0,16.0,1.0,2.0,128.0,1.0,2.0,2.0,1.0,1.0,1.0,1.0,2.0,3.0,5.0,6.0,6.0,3.0,6.0,3.0,3.0,2.0,2.0,3.0,1.0,2.0,1.0,1.0,6.0,6.0,128.0,12.0,1.0,6.0,384.0,1.0,1.0,1.0,1.0,1.0,1.0,1.0,6.0,3.0,6.0,1.0,3.0,6.0,2.0,5.0,2.0,1.0,5.0,5.0,3.0,3.0,4.0,3.0,3.0,1.0,16.0,96.0,1.0,12.0,64.0,1.0,1.0,1.0,1.0,1.0,1.0,1.0,2.0,6.0,5.0,6.0,1.0,3.0,2.0,5.0,1.0,5.0,3.0,2.0,4.0,3.0,6.0,2.0,5.0,1.0,1536.0,6.0,1.0,96.0,6.0,1.0,1.0,1.0,1.0,1.0,1.0,1.0,11177128764.0,27348483.26,541854000.0,3.4754328571428568,720.0,514.0,13696.0,3.056775188971185e+17,1.4285714285714286,0.7145999785714288,78.57142857142857,1103.4285714285713
128.0,32000.0,256.0,64.0,2.0,8.0,6.0,44.0,3.0,1.0,4.0,1.0,6.0,1.0,4.0,1.0,2.0,6.0,4.0,2.0,5.0,2.0,3.0,2.0,3.0,4.0,2.0,1.0,2.0,2.0,2.0,1.0,24.0,24.0,1.0,72.0,72.0,1.0,1.0,1.0,1.0,1.0,1.0,1.0,4.0,1.0,2.0,6.0,4.0,6.0,3.0,4.0,4.0,6.0,1.0,5.0,3.0,5.0,1.0,4.0,1.0,5.0,2.0,8.0,1.0,4.0,128.0,1.0,128.0,1.0,1.0,1.0,1.0,1.0,2.0,5.0,2.0,5.0,4.0,5.0,5.0,3.0,4.0,5.0,2.0,6.0,5.0,5.0,3.0,6.0,1.0,4.0,32.0,4.0,1.0,64.0,16.0,1.0,8.0,32.0,1.0,1.0,1.0,1.0,6.0,5.0,6.0,4.0,5.0,2.0,2.0,6.0,4.0,3.0,1.0,3.0,5.0,1.0,2.0,3.0,6.0,4.0,64.0,192.0,1.0,3.0,128.0,1.0,1.0,1.0,1.0,1.0,1.0,1.0,1.0,2.0,2.0,3.0,6.0,4.0,3.0,3.0,5.0,4.0,5.0,4.0,1.0,2.0,2.0,4.0,6.0,6.0,8.0,1.0,1.0,1024.0,4.0,1.0,1.0,1.0,1.0,1.0,1.0,1.0,1.0,6.0,3.0,3.0,6.0,4.0,6.0,1.0,5.0,2.0,5.0,1.0,3.0,3.0,2.0,4.0,2.0,3.0,24.0,1024.0,1.0,32.0,24.0,1.0,1.0,1.0,1.0,1.0,1.0,1.0,11067851856.0,37078486.900000006,137805000.0,1.2320650000000002,264.0,514.0,28032.0,4.1037920005383674e+17,4.0,1.3602014857142855,78.57142857142857,2357.4285714285716
1024.0,32000.0,256.0,64.0,1.0,4.0,44.0,4.0,3.0,6.0,4.0,6.0,3.0,1.0,6.0,6.0,5.0,4.0,5.0,5.0,2.0,3.0,2.0,2.0,6.0,3.0,1.0,1.0,4.0,6.0,2.0,5.0,6.0,8.0,1.0,9.0,3.0,1.0,1.0,1.0,1.0,1.0,1.0,1.0,4.0,1.0,3.0,5.0,1.0,2.0,3.0,6.0,5.0,4.0,5.0,5.0,5.0,3.0,1.0,3.0,3.0,3.0,16.0,2.0,1.0,128.0,2.0,1.0,32.0,1.0,1.0,1.0,1.0,1.0,1.0,4.0,1.0,4.0,6.0,4.0,6.0,6.0,5.0,4.0,5.0,3.0,5.0,1.0,4.0,2.0,6.0,1.0,128.0,64.0,1.0,64.0,32.0,1.0,1.0,1.0,1.0,1.0,1.0,1.0,6.0,3.0,1.0,2.0,3.0,3.0,3.0,6.0,4.0,5.0,3.0,4.0,5.0,5.0,2.0,2.0,4.0,5.0,32.0,256.0,1.0,256.0,256.0,1.0,1.0,1.0,1.0,1.0,1.0,1.0,5.0,6.0,4.0,3.0,5.0,5.0,2.0,4.0,4.0,2.0,1.0,3.0,6.0,4.0,2.0,2.0,3.0,1.0,24.0,64.0,1.0,3.0,96.0,1.0,1.0,1.0,1.0,1.0,1.0,1.0,5.0,1.0,1.0,4.0,1.0,5.0,1.0,2.0,5.0,6.0,3.0,4.0,3.0,1.0,6.0,6.0,4.0,3.0,32.0,4.0,1.0,256.0,128.0,1.0,1.0,1.0,1.0,1.0,1.0,1.0,2793406800.0,66824227.2,2290390.0,0.02493031428571428,4.0,514.0,1288.0,1.8666725066522496e+17,4.0,4.000312857142856,78.57142857142857,199.42857142857142
8192.0,32000.0,256.0,64.0,3.0,2.0,44.0,24.0,5.0,4.0,3.0,5.0,4.0,5.0,1.0,5.0,1.0,1.0,5.0,2.0,3.0,2.0,3.0,4.0,1.0,3.0,5.0,5.0,2.0,2.0,1.0,3.0,768.0,384.0,1.0,8.0,256.0,1.0,1.0,1.0,1.0,1.0,1.0,1.0,1.0,6.0,2.0,1.0,6.0,5.0,3.0,6.0,5.0,5.0,3.0,1.0,6.0,5.0,4.0,5.0,5.0,6.0,64.0,4.0,1.0,8.0,128.0,1.0,2.0,2.0,1.0,1.0,1.0,1.0,3.0,1.0,6.0,4.0,1.0,2.0,6.0,4.0,6.0,6.0,2.0,1.0,6.0,5.0,3.0,6.0,5.0,6.0,64.0,128.0,1.0,128.0,32.0,1.0,64.0,8.0,1.0,1.0,1.0,1.0,5.0,1.0,5.0,1.0,1.0,6.0,5.0,6.0,2.0,3.0,2.0,4.0,3.0,5.0,2.0,1.0,3.0,4.0,2.0,128.0,1.0,12.0,384.0,1.0,1.0,1.0,1.0,1.0,1.0,1.0,4.0,6.0,5.0,2.0,5.0,3.0,4.0,4.0,3.0,2.0,4.0,3.0,2.0,4.0,6.0,3.0,3.0,6.0,24.0,4.0,1.0,1.0,256.0,1.0,1.0,1.0,1.0,1.0,1.0,1.0,3.0,3.0,6.0,5.0,6.0,5.0,3.0,4.0,3.0,2.0,5.0,3.0,6.0,1.0,5.0,6.0,2.0,1.0,2.0,96.0,1.0,192.0,1.0,1.0,1.0,1.0,1.0,1.0,1.0,1.0,7109985648.0,18194856.12,3086260000.0,11.741285714285713,2112.0,514.0,655360.0,1.2936516588062498e+17,1.1071428571428572,0.0011160714285714285,78.57142857142857,81517.71428571429
128.0,1024000.0,256.0,64.0,1.0,34.0,14.0,30.0,1.0,6.0,4.0,1.0,3.0,6.0,2.0,2.0,5.0,5.0,6.0,2.0,1.0,3.0,1.0,2.0,2.0,1.0,1.0,2.0,3.0,1.0,1.0,6.0,64.0,384.0,1.0,36.0,36.0,1.0,1.0,1.0,1.0,1.0,1.0,1.0,3.0,5.0,2.0,1.0,4.0,2.0,4.0,2.0,2.0,5.0,1.0,6.0,2.0,4.0,6.0,4.0,1.0,4.0,32.0,64.0,1.0,1.0,1.0,1.0,4.0,4.0,1.0,1.0,1.0,1.0,1.0,6.0,1.0,4.0,1.0,6.0,4.0,3.0,6.0,1.0,1.0,5.0,4.0,6.0,2.0,2.0,1.0,4.0,64.0,1.0,1.0,4.0,16.0,1.0,1.0,2.0,1.0,1.0,1.0,1.0,1.0,3.0,3.0,3.0,5.0,4.0,4.0,3.0,4.0,1.0,4.0,4.0,1.0,3.0,6.0,5.0,1.0,3.0,384.0,96.0,1.0,12.0,4.0,1.0,1.0,1.0,1.0,1.0,1.0,1.0,4.0,6.0,2.0,5.0,6.0,5.0,4.0,5.0,3.0,2.0,3.0,1.0,6.0,5.0,6.0,6.0,3.0,4.0,96.0,192.0,1.0,2.0,12.0,1.0,1.0,1.0,1.0,1.0,1.0,1.0,3.0,1.0,3.0,5.0,4.0,2.0,2.0,5.0,5.0,4.0,6.0,4.0,4.0,6.0,4.0,2.0,3.0,4.0,16.0,1536.0,1.0,96.0,256.0,1.0,1.0,1.0,1.0,1.0,1.0,1.0,377487696.0,67828823.52,12741800.0,0.14554685714285712,30.0,514.0,7996.0,2.560454631295541e+16,26.186582142857137,26.615110714285713,78.57142857142857,1246.857142857143
8192.0,512000.0,256.0,64.0,2.0,8.0,32.0,20.0,5.0,6.0,5.0,1.0,4.0,3.0,2.0,3.0,5.0,1.0,5.0,3.0,4.0,5.0,2.0,2.0,4.0,5.0,6.0,6.0,4.0,5.0,4.0,5.0,16.0,4.0,1.0,24.0,384.0,1.0,1.0,1.0,1.0,1.0,1.0,1.0,5.0,5.0,2.0,5.0,6.0,1.0,2.0,5.0,3.0,4.0,3.0,3.0,5.0,2.0,6.0,4.0,2.0,3.0,32.0,16.0,1.0,16.0,1.0,1.0,8.0,32.0,1.0,1.0,1.0,1.0,4.0,3.0,1.0,4.0,4.0,3.0,2.0,2.0,5.0,1.0,6.0,4.0,4.0,3.0,1.0,2.0,6.0,6.0,4.0,1.0,1.0,2.0,4.0,1.0,32.0,1.0,1.0,1.0,1.0,1.0,5.0,3.0,1.0,3.0,1.0,5.0,1.0,1.0,6.0,4.0,5.0,3.0,5.0,1.0,2.0,2.0,4.0,3.0,48.0,192.0,1.0,6.0,12.0,1.0,1.0,1.0,1.0,1.0,1.0,1.0,3.0,1.0,2.0,4.0,4.0,3.0,3.0,6.0,4.0,6.0,1.0,3.0,5.0,1.0,3.0,1.0,3.0,1.0,96.0,3.0,1.0,12.0,8.0,1.0,1.0,1.0,1.0,1.0,1.0,1.0,6.0,2.0,3.0,2.0,1.0,2.0,2.0,3.0,1.0,3.0,3.0,2.0,2.0,3.0,5.0,1.0,2.0,1.0,12.0,256.0,1.0,48.0,96.0,1.0,1.0,1.0,1.0,1.0,1.0,1.0,87199068.0,28587182.799999997,455659000.0,3.1358160714285717,640.0,514.0,205824.0,2492775696905630.0,266.2857142857143,38.524657142857144,78.57142857142857,20782.571428571428
256000.0,32000.0,256.0,64.0,1.0,16.0,8.0,22.0,3.0,6.0,4.0,2.0,2.0,6.0,1.0,6.0,6.0,4.0,6.0,6.0,4.0,6.0,3.0,3.0,5.0,5.0,1.0,4.0,2.0,5.0,4.0,5.0,4.0,12.0,1.0,24.0,2304.0,1.0,1.0,1.0,1.0,1.0,1.0,1.0,2.0,2.0,3.0,4.0,6.0,4.0,1.0,2.0,2.0,3.0,1.0,1.0,4.0,6.0,2.0,2.0,2.0,4.0,8.0,16.0,1.0,8.0,1.0,1.0,32.0,8.0,1.0,1.0,1.0,1.0,2.0,1.0,2.0,4.0,3.0,5.0,1.0,3.0,6.0,5.0,2.0,2.0,2.0,2.0,1.0,3.0,2.0,6.0,128.0,32.0,1.0,64.0,8.0,1.0,4.0,2.0,1.0,1.0,1.0,1.0,6.0,6.0,6.0,1.0,1.0,6.0,2.0,6.0,1.0,6.0,2.0,6.0,2.0,1.0,1.0,6.0,5.0,3.0,4.0,384.0,1.0,16.0,384.0,1.0,1.0,1.0,1.0,1.0,1.0,1.0,3.0,4.0,5.0,1.0,1.0,3.0,4.0,1.0,4.0,3.0,5.0,1.0,3.0,4.0,1.0,5.0,3.0,5.0,256.0,3.0,1.0,1536.0,8.0,1.0,1.0,1.0,1.0,1.0,1.0,1.0,6.0,6.0,6.0,2.0,1.0,5.0,4.0,2.0,1.0,5.0,2.0,1.0,6.0,4.0,1.0,6.0,5.0,6.0,3.0,768.0,1.0,256.0,2.0,1.0,1.0,1.0,1.0,1.0,1.0,1.0,509608272.0,67373515.2,9452600.0,0.10836268571428574,22.0,514.0,5932.0,3.4334100659637736e+16,21.42038571428572,21.424800000000005,78.57142857142857,924.5714285714286
2048.0,8192000.0,256.0,64.0,3.0,30.0,24.0,42.0,1.0,5.0,5.0,1.0,3.0,4.0,5.0,5.0,3.0,2.0,5.0,3.0,4.0,6.0,5.0,5.0,4.0,2.0,1.0,2.0,4.0,5.0,5.0,4.0,64.0,1.0,1.0,32.0,64.0,1.0,1.0,1.0,1.0,1.0,1.0,1.0,1.0,4.0,6.0,6.0,1.0,4.0,6.0,4.0,4.0,5.0,1.0,1.0,3.0,4.0,4.0,4.0,6.0,4.0,8.0,16.0,1.0,2.0,128.0,1.0,8.0,2.0,1.0,1.0,1.0,1.0,1.0,1.0,4.0,5.0,3.0,5.0,5.0,4.0,1.0,1.0,2.0,1.0,1.0,4.0,1.0,3.0,3.0,1.0,16.0,8.0,1.0,32.0,32.0,1.0,64.0,4.0,1.0,1.0,1.0,1.0,6.0,1.0,4.0,5.0,5.0,5.0,4.0,5.0,6.0,1.0,4.0,1.0,5.0,2.0,5.0,2.0,1.0,3.0,64.0,32.0,1.0,16.0,768.0,1.0,1.0,1.0,1.0,1.0,1.0,1.0,5.0,5.0,3.0,5.0,1.0,5.0,2.0,4.0,3.0,1.0,4.0,6.0,3.0,4.0,4.0,2.0,1.0,3.0,96.0,384.0,1.0,96.0,64.0,1.0,1.0,1.0,1.0,1.0,1.0,1.0,5.0,4.0,5.0,5.0,6.0,1.0,4.0,3.0,1.0,3.0,4.0,4.0,3.0,2.0,4.0,3.0,6.0,4.0,512.0,48.0,1.0,4.0,256.0,1.0,1.0,1.0,1.0,1.0,1.0,1.0,2532916632.0,18085414.76,477646000000.0,537.3455,30240.0,514.0,3047424.0,4.5808847842222296e+16,30.5,1.3683035714285714,78.57142857142857,194962.2857142857
512000.0,16000000.0,256.0,64.0,3.0,2.0,26.0,40.0,4.0,1.0,1.0,6.0,4.0,4.0,5.0,5.0,2.0,5.0,6.0,4.0,6.0,3.0,5.0,2.0,2.0,2.0,1.0,4.0,2.0,3.0,5.0,6.0,24.0,1.0,1.0,128.0,6.0,1.0,1.0,1.0,1.0,1.0,1.0,1.0,1.0,5.0,5.0,3.0,3.0,1.0,5.0,1.0,3.0,5.0,2.0,6.0,2.0,1.0,3.0,6.0,3.0,5.0,64.0,8.0,1.0,32.0,1.0,1.0,64.0,1.0,1.0,1.0,1.0,1.0,1.0,1.0,5.0,1.0,1.0,5.0,2.0,5.0,1.0,4.0,6.0,1.0,4.0,3.0,6.0,5.0,5.0,1.0,128.0,64.0,1.0,4.0,4.0,1.0,2.0,64.0,1.0,1.0,1.0,1.0,1.0,6.0,5.0,1.0,3.0,4.0,1.0,4.0,2.0,3.0,1.0,2.0,1.0,6.0,2.0,5.0,5.0,3.0,12.0,2.0,1.0,96.0,96.0,1.0,1.0,1.0,1.0,1.0,1.0,1.0,6.0,6.0,5.0,4.0,4.0,6.0,2.0,6.0,3.0,2.0,4.0,2.0,3.0,1.0,5.0,4.0,2.0,2.0,128.0,96.0,1.0,3072.0,64.0,1.0,1.0,1.0,1.0,1.0,1.0,1.0,6.0,4.0,5.0,4.0,2.0,3.0,5.0,1.0,2.0,1.0,5.0,5.0,5.0,2.0,1.0,2.0,3.0,4.0,3072.0,48.0,1.0,32.0,384.0,1.0,1.0,1.0,1.0,1.0,1.0,1.0,3249360324.0,18684145.059999995,3005860000.0,11.914857142857143,2080.0,514.0,3244032.0,6.0711519645824584e+16,6.190475,0.05312189285714286,78.57142857142857,190582.85714285713
1024000.0,32000000.0,256.0,64.0,1.0,48.0,26.0,38.0,2.0,4.0,5.0,5.0,4.0,1.0,1.0,1.0,6.0,6.0,1.0,1.0,1.0,2.0,3.0,2.0,1.0,2.0,6.0,5.0,2.0,3.0,3.0,3.0,64.0,12.0,1.0,16.0,24.0,1.0,1.0,1.0,1.0,1.0,1.0,1.0,1.0,1.0,2.0,5.0,6.0,4.0,6.0,2.0,1.0,2.0,5.0,2.0,3.0,4.0,4.0,4.0,1.0,5.0,32.0,2.0,1.0,128.0,2.0,1.0,64.0,8.0,1.0,1.0,1.0,1.0,2.0,3.0,6.0,1.0,6.0,2.0,4.0,4.0,3.0,5.0,1.0,1.0,1.0,2.0,5.0,3.0,6.0,3.0,32.0,128.0,1.0,128.0,4.0,1.0,4.0,64.0,1.0,1.0,1.0,1.0,1.0,5.0,2.0,5.0,1.0,3.0,3.0,4.0,6.0,4.0,4.0,6.0,2.0,6.0,3.0,3.0,2.0,6.0,192.0,128.0,1.0,1.0,768.0,1.0,1.0,1.0,1.0,1.0,1.0,1.0,3.0,3.0,1.0,1.0,4.0,5.0,3.0,1.0,6.0,4.0,5.0,4.0,6.0,6.0,1.0,6.0,4.0,5.0,96.0,8.0,1.0,3072.0,192.0,1.0,1.0,1.0,1.0,1.0,1.0,1.0,1.0,3.0,5.0,6.0,1.0,5.0,4.0,3.0,2.0,1.0,5.0,5.0,6.0,4.0,5.0,6.0,5.0,3.0,4.0,6.0,1.0,3.0,32.0,1.0,1.0,1.0,1.0,1.0,1.0,1.0,10881073488.0,71616684.0,16095200.0,0.1781765714285715,38.0,514.0,514.0,7.792664015708739e+17,27.571428571428573,28.418821785714282,78.57142857142857,205.42857142857142
128.0,16000.0,256.0,64.0,3.0,32.0,18.0,2.0,4.0,4.0,1.0,3.0,1.0,5.0,6.0,2.0,3.0,3.0,5.0,6.0,3.0,3.0,4.0,5.0,2.0,5.0,6.0,3.0,5.0,4.0,1.0,4.0,192.0,1.0,1.0,16.0,12.0,1.0,1.0,1.0,1.0,1.0,1.0,1.0,3.0,1.0,2.0,3.0,5.0,3.0,2.0,6.0,1.0,6.0,3.0,1.0,5.0,3.0,6.0,2.0,6.0,3.0,2.0,1.0,1.0,1.0,2.0,1.0,16.0,16.0,1.0,1.0,1.0,1.0,3.0,2.0,1.0,1.0,1.0,1.0,5.0,3.0,5.0,1.0,4.0,6.0,2.0,4.0,3.0,6.0,5.0,5.0,16.0,32.0,1.0,4.0,8.0,1.0,8.0,32.0,1.0,1.0,1.0,1.0,2.0,3.0,1.0,4.0,1.0,6.0,3.0,2.0,5.0,3.0,1.0,2.0,1.0,3.0,5.0,4.0,6.0,1.0,12.0,256.0,1.0,768.0,192.0,1.0,1.0,1.0,1.0,1.0,1.0,1.0,1.0,5.0,6.0,2.0,4.0,6.0,4.0,5.0,5.0,6.0,1.0,3.0,6.0,2.0,2.0,1.0,5.0,1.0,24.0,16.0,1.0,512.0,16.0,1.0,1.0,1.0,1.0,1.0,1.0,1.0,1.0,1.0,5.0,2.0,2.0,4.0,3.0,3.0,4.0,1.0,6.0,6.0,2.0,4.0,2.0,5.0,6.0,1.0,3072.0,16.0,1.0,16.0,2.0,1.0,1.0,1.0,1.0,1.0,1.0,1.0,1553107992.0,18865024.340000004,1120220000.0,5.991360357142859,1152.0,514.0,888832.0,2.9299420071728532e+16,5.957792857142857,0.5403451428571429,78.57142857142857,64424.0
64000.0,512000.0,256.0,64.0,2.0,34.0,34.0,36.0,5.0,5.0,5.0,1.0,3.0,3.0,5.0,6.0,5.0,5.0,4.0,4.0,3.0,4.0,4.0,2.0,3.0,3.0,5.0,1.0,2.0,5.0,6.0,3.0,2.0,768.0,1.0,768.0,1152.0,1.0,1.0,1.0,1.0,1.0,1.0,1.0,6.0,2.0,4.0,1.0,3.0,3.0,2.0,3.0,3.0,2.0,1.0,6.0,4.0,5.0,2.0,1.0,6.0,1.0,2.0,1.0,1.0,1.0,1.0,1.0,32.0,16.0,1.0,1.0,1.0,1.0,3.0,5.0,1.0,2.0,3.0,4.0,1.0,3.0,3.0,4.0,1.0,3.0,1.0,1.0,2.0,1.0,5.0,1.0,16.0,2.0,1.0,8.0,1.0,1.0,8.0,4.0,1.0,1.0,1.0,1.0,3.0,1.0,3.0,5.0,1.0,5.0,1.0,1.0,1.0,4.0,5.0,1.0,5.0,1.0,4.0,6.0,6.0,2.0,6.0,16.0,1.0,128.0,3.0,1.0,1.0,1.0,1.0,1.0,1.0,1.0,1.0,2.0,6.0,4.0,1.0,3.0,4.0,1.0,4.0,6.0,1.0,1.0,3.0,2.0,1.0,3.0,1.0,6.0,256.0,48.0,1.0,96.0,1536.0,1.0,1.0,1.0,1.0,1.0,1.0,1.0,3.0,6.0,1.0,5.0,6.0,5.0,6.0,3.0,1.0,5.0,6.0,4.0,6.0,4.0,2.0,3.0,6.0,2.0,32.0,12.0,1.0,768.0,3.0,1.0,1.0,1.0,1.0,1.0,1.0,1.0,67071840.0,19415717.779999994,1235040000.0,6.275284285714287,1224.0,514.0,368640.0,1302247916425314.8,92.4675,26.63681657142857,78.57142857142857,31124.85714285714
4096.0,1024000.0,256.0,64.0,1.0,6.0,18.0,40.0,3.0,2.0,6.0,4.0,6.0,1.0,2.0,5.0,1.0,6.0,4.0,5.0,2.0,3.0,6.0,1.0,4.0,6.0,3.0,6.0,3.0,4.0,3.0,4.0,2.0,256.0,1.0,64.0,6.0,1.0,1.0,1.0,1.0,1.0,1.0,1.0,2.0,2.0,2.0,6.0,5.0,1.0,2.0,3.0,4.0,3.0,2.0,3.0,1.0,2.0,6.0,1.0,3.0,5.0,1.0,1.0,1.0,32.0,128.0,1.0,1.0,16.0,1.0,1.0,1.0,1.0,2.0,2.0,6.0,4.0,2.0,3.0,5.0,1.0,2.0,1.0,5.0,5.0,5.0,3.0,2.0,5.0,6.0,4.0,128.0,2.0,1.0,2.0,128.0,1.0,64.0,8.0,1.0,1.0,1.0,1.0,2.0,4.0,5.0,6.0,6.0,4.0,5.0,2.0,3.0,3.0,6.0,5.0,3.0,5.0,6.0,3.0,2.0,5.0,24.0,4.0,1.0,12.0,96.0,1.0,1.0,1.0,1.0,1.0,1.0,1.0,4.0,5.0,5.0,2.0,1.0,5.0,3.0,2.0,4.0,2.0,4.0,5.0,3.0,5.0,5.0,2.0,3.0,4.0,64.0,48.0,1.0,2.0,8.0,1.0,1.0,1.0,1.0,1.0,1.0,1.0,3.0,5.0,3.0,1.0,1.0,5.0,4.0,4.0,5.0,4.0,3.0,1.0,2.0,1.0,3.0,2.0,2.0,3.0,1536.0,3.0,1.0,96.0,128.0,1.0,1.0,1.0,1.0,1.0,1.0,1.0,10881073488.0,100712431.68,16944000.0,0.18726528571428575,40.0,514.0,514.0,1.0958593702652594e+18,27.571428571428573,27.99582178571428,78.57142857142857,212.28571428571428
2048.0,2048000.0,256.0,64.0,2.0,44.0,8.0,42.0,2.0,5.0,5.0,6.0,3.0,1.0,4.0,1.0,3.0,3.0,2.0,6.0,1.0,1.0,6.0,3.0,4.0,1.0,3.0,1.0,6.0,3.0,3.0,6.0,768.0,192.0,1.0,18.0,192.0,1.0,1.0,1.0,1.0,1.0,1.0,1.0,2.0,1.0,2.0,2.0,3.0,4.0,2.0,6.0,2.0,1.0,2.0,3.0,5.0,5.0,2.0,3.0,3.0,5.0,16.0,1.0,1.0,2.0,64.0,1.0,8.0,64.0,1.0,1.0,1.0,1.0,3.0,1.0,6.0,4.0,5.0,3.0,4.0,3.0,5.0,4.0,6.0,2.0,2.0,2.0,6.0,5.0,4.0,4.0,4.0,128.0,1.0,2.0,128.0,1.0,1.0,16.0,1.0,1.0,1.0,1.0,1.0,1.0,5.0,2.0,2.0,4.0,3.0,2.0,6.0,3.0,3.0,5.0,1.0,5.0,4.0,2.0,3.0,1.0,768.0,8.0,1.0,6.0,768.0,1.0,1.0,1.0,1.0,1.0,1.0,1.0,1.0,3.0,1.0,6.0,2.0,2.0,6.0,4.0,4.0,5.0,1.0,2.0,3.0,6.0,6.0,1.0,2.0,2.0,768.0,256.0,1.0,512.0,4.0,1.0,1.0,1.0,1.0,1.0,1.0,1.0,1.0,3.0,6.0,2.0,3.0,3.0,4.0,3.0,3.0,4.0,4.0,2.0,5.0,1.0,6.0,3.0,5.0,5.0,6.0,4.0,1.0,6.0,24.0,1.0,1.0,1.0,1.0,1.0,1.0,1.0,1992610008.0,24020099.3,187517000.0,1.5835385714285717,336.0,514.0,68608.0,4.786269025833379e+16,2.9285714285714284,1.5392235714285714,78.57142857142857,4876.0
16000.0,128000.0,256.0,64.0,1.0,34.0,34.0,16.0,6.0,2.0,5.0,5.0,1.0,3.0,4.0,5.0,1.0,5.0,3.0,1.0,4.0,3.0,4.0,5.0,6.0,2.0,2.0,6.0,6.0,5.0,1.0,4.0,32.0,8.0,1.0,72.0,18.0,1.0,1.0,1.0,1.0,1.0,1.0,1.0,5.0,5.0,5.0,1.0,4.0,2.0,2.0,1.0,4.0,4.0,3.0,5.0,4.0,3.0,6.0,3.0,3.0,2.0,4.0,2.0,1.0,1.0,32.0,1.0,1.0,4.0,1.0,1.0,1.0,1.0,4.0,4.0,4.0,6.0,2.0,3.0,5.0,3.0,5.0,3.0,5.0,3.0,6.0,5.0,6.0,1.0,2.0,2.0,4.0,2.0,1.0,4.0,64.0,1.0,64.0,32.0,1.0,1.0,1.0,1.0,5.0,2.0,4.0,5.0,3.0,3.0,6.0,6.0,4.0,1.0,5.0,6.0,1.0,4.0,2.0,5.0,1.0,4.0,384.0,32.0,1.0,256.0,128.0,1.0,1.0,1.0,1.0,1.0,1.0,1.0,2.0,6.0,3.0,3.0,1.0,5.0,1.0,6.0,2.0,2.0,3.0,3.0,5.0,4.0,3.0,6.0,5.0,3.0,8.0,24.0,1.0,3072.0,1024.0,1.0,1.0,1.0,1.0,1.0,1.0,1.0,2.0,5.0,3.0,2.0,5.0,6.0,5.0,4.0,3.0,6.0,2.0,2.0,6.0,1.0,1.0,1.0,4.0,4.0,256.0,6.0,1.0,32.0,16.0,1.0,1.0,1.0,1.0,1.0,1.0,1.0,698352336.0,39080099.52,7028500.0,0.08055197142857141,16.0,514.0,4384.0,2.729167879090448e+16,16.0,14.9570325,78.57142857142857,682.8571428571429
128.0,32000.0,256.0,64.0,3.0,28.0,18.0,12.0,6.0,5.0,1.0,2.0,4.0,4.0,2.0,6.0,5.0,2.0,2.0,3.0,3.0,2.0,2.0,3.0,2.0,4.0,4.0,6.0,3.0,5.0,4.0,2.0,16.0,96.0,1.0,768.0,16.0,1.0,1.0,1.0,1.0,1.0,1.0,1.0,4.0,1.0,5.0,2.0,2.0,3.0,5.0,3.0,6.0,5.0,4.0,2.0,3.0,6.0,1.0,3.0,6.0,3.0,64.0,1.0,1.0,8.0,8.0,1.0,4.0,1.0,1.0,1.0,1.0,1.0,3.0,6.0,1.0,4.0,3.0,3.0,4.0,2.0,5.0,3.0,6.0,2.0,3.0,3.0,5.0,6.0,1.0,4.0,64.0,2.0,1.0,128.0,2.0,1.0,64.0,64.0,1.0,1.0,1.0,1.0,5.0,5.0,4.0,6.0,1.0,2.0,1.0,4.0,5.0,4.0,4.0,1.0,6.0,5.0,4.0,3.0,2.0,3.0,384.0,64.0,1.0,16.0,256.0,1.0,1.0,1.0,1.0,1.0,1.0,1.0,2.0,4.0,6.0,1.0,6.0,3.0,3.0,5.0,3.0,1.0,1.0,6.0,4.0,2.0,4.0,3.0,4.0,5.0,3.0,64.0,1.0,1536.0,512.0,1.0,1.0,1.0,1.0,1.0,1.0,1.0,6.0,3.0,3.0,2.0,1.0,3.0,5.0,6.0,5.0,1.0,2.0,6.0,4.0,1.0,1.0,4.0,2.0,4.0,128.0,64.0,1.0,256.0,48.0,1.0,1.0,1.0,1.0,1.0,1.0,1.0,353385600.0,17895526.479999997,20967800000.0,44.271899999999995,6048.0,514.0,2949120.0,6324021362450687.0,26.285714285714285,0.13885807142857143,78.57142857142857,300278.85714285716
16000.0,256000.0,256.0,64.0,2.0,26.0,6.0,44.0,6.0,4.0,4.0,1.0,4.0,1.0,6.0,1.0,2.0,6.0,3.0,3.0,6.0,4.0,2.0,5.0,1.0,3.0,5.0,1.0,3.0,4.0,2.0,5.0,48.0,16.0,1.0,12.0,6.0,1.0,1.0,1.0,1.0,1.0,1.0,1.0,2.0,5.0,4.0,1.0,4.0,5.0,4.0,6.0,2.0,3.0,3.0,6.0,5.0,2.0,3.0,1.0,3.0,5.0,4.0,8.0,1.0,32.0,1.0,1.0,1.0,64.0,1.0,1.0,1.0,1.0,5.0,3.0,6.0,5.0,3.0,2.0,6.0,5.0,1.0,5.0,6.0,3.0,6.0,1.0,6.0,4.0,3.0,6.0,32.0,32.0,1.0,2.0,2.0,1.0,32.0,32.0,1.0,1.0,1.0,1.0,3.0,6.0,2.0,3.0,5.0,2.0,5.0,3.0,2.0,5.0,1.0,1.0,5.0,4.0,1.0,2.0,3.0,6.0,1.0,12.0,1.0,2.0,96.0,1.0,1.0,1.0,1.0,1.0,1.0,1.0,4.0,3.0,1.0,1.0,1.0,2.0,1.0,6.0,3.0,5.0,3.0,3.0,6.0,1.0,2.0,6.0,2.0,4.0,8.0,2.0,1.0,64.0,3072.0,1.0,1.0,1.0,1.0,1.0,1.0,1.0,2.0,5.0,3.0,3.0,6.0,5.0,3.0,1.0,3.0,3.0,6.0,6.0,1.0,5.0,5.0,6.0,4.0,6.0,1536.0,12.0,1.0,256.0,64.0,1.0,1.0,1.0,1.0,1.0,1.0,1.0,243847128.0,21126457.520000003,137806000.0,1.2487592857142855,264.0,514.0,44032.0,5151625991066003.0,21.089712857142857,3.5073579642857142,78.57142857142857,7197.142857142857
512.0,4096000.0,256.0,64.0,1.0,6.0,12.0,20.0,5.0,5.0,3.0,4.0,4.0,6.0,5.0,5.0,6.0,4.0,1.0,4.0,6.0,2.0,1.0,3.0,1.0,2.0,1.0,4.0,6.0,4.0,1.0,3.0,12.0,48.0,1.0,18.0,576.0,1.0,1.0,1.0,1.0,1.0,1.0,1.0,6.0,6.0,6.0,3.0,5.0,5.0,1.0,3.0,1.0,6.0,5.0,1.0,1.0,5.0,1.0,6.0,5.0,1.0,2.0,64.0,1.0,16.0,64.0,1.0,16.0,32.0,1.0,1.0,1.0,1.0,6.0,1.0,2.0,3.0,4.0,2.0,4.0,5.0,1.0,4.0,3.0,1.0,2.0,5.0,1.0,1.0,4.0,4.0,128.0,8.0,1.0,32.0,64.0,1.0,8.0,8.0,1.0,1.0,1.0,1.0,3.0,6.0,6.0,3.0,1.0,6.0,1.0,6.0,1.0,6.0,1.0,4.0,5.0,1.0,5.0,3.0,5.0,4.0,256.0,12.0,1.0,12.0,32.0,1.0,1.0,1.0,1.0,1.0,1.0,1.0,4.0,1.0,6.0,5.0,4.0,4.0,5.0,1.0,1.0,4.0,6.0,2.0,2.0,1.0,1.0,4.0,3.0,5.0,12.0,8.0,1.0,4.0,32.0,1.0,1.0,1.0,1.0,1.0,1.0,1.0,4.0,5.0,3.0,3.0,1.0,4.0,2.0,4.0,6.0,4.0,1.0,5.0,1.0,1.0,2.0,5.0,2.0,1.0,1.0,16.0,1.0,12.0,64.0,1.0,1.0,1.0,1.0,1.0,1.0,1.0,11173626192.0,80042733.6,8639980.0,0.09645177142857142,20.0,514.0,514.0,8.943675846322383e+17,1.0,1.0102178571428573,78.57142857142857,78.57142857142857
2048000.0,1024000.0,256.0,64.0,1.0,18.0,24.0,42.0,4.0,3.0,2.0,2.0,5.0,5.0,4.0,4.0,6.0,2.0,3.0,4.0,6.0,4.0,4.0,5.0,4.0,2.0,2.0,1.0,1.0,6.0,3.0,4.0,48.0,192.0,1.0,6.0,256.0,1.0,1.0,1.0,1.0,1.0,1.0,1.0,4.0,5.0,6.0,1.0,5.0,4.0,2.0,1.0,6.0,4.0,6.0,2.0,1.0,1.0,5.0,5.0,4.0,2.0,4.0,32.0,1.0,8.0,64.0,1.0,8.0,64.0,1.0,1.0,1.0,1.0,1.0,3.0,6.0,3.0,2.0,1.0,4.0,2.0,3.0,4.0,1.0,2.0,6.0,2.0,1.0,6.0,1.0,3.0,32.0,128.0,1.0,2.0,4.0,1.0,64.0,2.0,1.0,1.0,1.0,1.0,3.0,4.0,3.0,2.0,1.0,3.0,6.0,5.0,2.0,6.0,2.0,3.0,6.0,2.0,4.0,3.0,2.0,6.0,24.0,128.0,1.0,256.0,32.0,1.0,1.0,1.0,1.0,1.0,1.0,1.0,5.0,5.0,5.0,3.0,1.0,2.0,1.0,1.0,4.0,6.0,4.0,2.0,5.0,1.0,4.0,2.0,6.0,1.0,8.0,96.0,1.0,48.0,4.0,1.0,1.0,1.0,1.0,1.0,1.0,1.0,3.0,1.0,3.0,1.0,3.0,5.0,3.0,4.0,2.0,3.0,4.0,1.0,1.0,3.0,1.0,5.0,2.0,4.0,1.0,16.0,1.0,16.0,768.0,1.0,1.0,1.0,1.0,1.0,1.0,1.0,11173626192.0,84254224.80000001,17796800.0,0.1958718571428571,42.0,514.0,514.0,9.414252130119361e+17,1.0,1.0036264285714285,78.57142857142857,78.57142857142857
64000.0,128000.0,256.0,64.0,2.0,26.0,42.0,32.0,3.0,2.0,3.0,4.0,3.0,1.0,1.0,1.0,1.0,3.0,3.0,5.0,6.0,2.0,6.0,4.0,1.0,6.0,1.0,5.0,1.0,5.0,3.0,6.0,16.0,32.0,1.0,768.0,256.0,1.0,1.0,1.0,1.0,1.0,1.0,1.0,5.0,3.0,4.0,1.0,3.0,2.0,4.0,3.0,3.0,6.0,3.0,5.0,2.0,4.0,1.0,5.0,2.0,2.0,64.0,8.0,1.0,1.0,16.0,1.0,64.0,2.0,1.0,1.0,1.0,1.0,6.0,5.0,1.0,3.0,3.0,1.0,6.0,4.0,5.0,1.0,3.0,5.0,5.0,3.0,6.0,3.0,1.0,4.0,1.0,16.0,1.0,4.0,64.0,1.0,4.0,16.0,1.0,1.0,1.0,1.0,2.0,3.0,5.0,4.0,6.0,1.0,5.0,4.0,5.0,5.0,5.0,1.0,4.0,2.0,4.0,4.0,1.0,5.0,12.0,768.0,1.0,12.0,128.0,1.0,1.0,1.0,1.0,1.0,1.0,1.0,6.0,1.0,2.0,3.0,4.0,5.0,2.0,3.0,4.0,4.0,1.0,5.0,3.0,6.0,1.0,2.0,4.0,1.0,16.0,32.0,1.0,6.0,12.0,1.0,1.0,1.0,1.0,1.0,1.0,1.0,1.0,3.0,5.0,4.0,1.0,3.0,2.0,2.0,2.0,1.0,6.0,3.0,3.0,2.0,3.0,4.0,6.0,6.0,512.0,64.0,1.0,3.0,384.0,1.0,1.0,1.0,1.0,1.0,1.0,1.0,779401932.0,24280541.020000003,1438210000.0,6.856089642857143,1344.0,514.0,77824.0,1.8924300580993252e+16,6.571428571428571,2.858543142857142,78.57142857142857,3886.285714285714
256000.0,256000.0,256.0,64.0,1.0,40.0,2.0,12.0,4.0,1.0,4.0,6.0,1.0,6.0,6.0,6.0,5.0,3.0,2.0,6.0,6.0,1.0,5.0,1.0,4.0,3.0,3.0,2.0,4.0,3.0,5.0,1.0,2.0,8.0,1.0,384.0,96.0,1.0,1.0,1.0,1.0,1.0,1.0,1.0,6.0,4.0,6.0,1.0,4.0,1.0,1.0,3.0,4.0,1.0,3.0,1.0,3.0,5.0,5.0,2.0,2.0,2.0,16.0,32.0,1.0,32.0,8.0,1.0,8.0,32.0,1.0,1.0,1.0,1.0,2.0,4.0,4.0,4.0,4.0,2.0,3.0,2.0,5.0,4.0,3.0,2.0,5.0,1.0,4.0,6.0,6.0,2.0,64.0,64.0,1.0,8.0,2.0,1.0,4.0,4.0,1.0,1.0,1.0,1.0,2.0,1.0,4.0,1.0,6.0,1.0,5.0,6.0,5.0,5.0,1.0,1.0,2.0,1.0,3.0,5.0,1.0,2.0,192.0,32.0,1.0,768.0,192.0,1.0,1.0,1.0,1.0,1.0,1.0,1.0,6.0,6.0,4.0,3.0,1.0,4.0,4.0,6.0,6.0,2.0,3.0,5.0,6.0,5.0,3.0,1.0,1.0,3.0,3.0,32.0,1.0,6.0,768.0,1.0,1.0,1.0,1.0,1.0,1.0,1.0,2.0,5.0,4.0,3.0,5.0,4.0,6.0,6.0,4.0,3.0,5.0,2.0,1.0,2.0,1.0,2.0,2.0,2.0,256.0,3.0,1.0,128.0,128.0,1.0,1.0,1.0,1.0,1.0,1.0,1.0,11173626192.0,84942444.0,5432530.0,0.06048252857142857,12.0,514.0,514.0,9.491151170908933e+17,1.0,1.4222078571428571,78.57142857142857,78.57142857142857
16000.0,2048000.0,256.0,64.0,1.0,16.0,36.0,28.0,3.0,2.0,6.0,1.0,3.0,2.0,6.0,5.0,6.0,1.0,1.0,3.0,2.0,4.0,2.0,2.0,6.0,5.0,2.0,1.0,6.0,1.0,1.0,5.0,64.0,64.0,1.0,2.0,8.0,1.0,1.0,1.0,1.0,1.0,1.0,1.0,6.0,1.0,2.0,4.0,5.0,1.0,4.0,6.0,1.0,4.0,5.0,2.0,4.0,5.0,6.0,2.0,5.0,3.0,64.0,32.0,1.0,1.0,1.0,1.0,16.0,32.0,1.0,1.0,1.0,1.0,3.0,1.0,5.0,2.0,4.0,6.0,5.0,6.0,4.0,6.0,5.0,3.0,3.0,5.0,4.0,6.0,4.0,3.0,1.0,128.0,1.0,8.0,4.0,1.0,16.0,8.0,1.0,1.0,1.0,1.0,1.0,2.0,5.0,2.0,6.0,4.0,2.0,6.0,1.0,2.0,6.0,5.0,4.0,5.0,6.0,3.0,1.0,5.0,768.0,1.0,1.0,2.0,384.0,1.0,1.0,1.0,1.0,1.0,1.0,1.0,5.0,3.0,4.0,4.0,3.0,1.0,3.0,5.0,6.0,3.0,2.0,5.0,6.0,6.0,2.0,1.0,2.0,2.0,32.0,768.0,1.0,4.0,256.0,1.0,1.0,1.0,1.0,1.0,1.0,1.0,6.0,5.0,5.0,6.0,6.0,1.0,6.0,3.0,5.0,5.0,4.0,3.0,1.0,5.0,1.0,2.0,1.0,4.0,1024.0,6.0,1.0,256.0,128.0,1.0,1.0,1.0,1.0,1.0,1.0,1.0,10884612432.0,88512679.20000002,11912700.0,0.1327885714285714,28.0,514.0,514.0,9.63426208409948e+17,20.257128571428574,21.104800357142857,78.57142857142857,171.14285714285714
4096.0,1024000.0,256.0,64.0,2.0,14.0,16.0,6.0,2.0,3.0,5.0,2.0,2.0,6.0,1.0,1.0,3.0,3.0,2.0,2.0,5.0,5.0,4.0,4.0,4.0,4.0,6.0,3.0,1.0,2.0,3.0,3.0,128.0,3.0,1.0,32.0,384.0,1.0,1.0,1.0,1.0,1.0,1.0,1.0,2.0,2.0,5.0,4.0,5.0,3.0,6.0,4.0,6.0,5.0,1.0,4.0,1.0,6.0,6.0,6.0,3.0,4.0,64.0,2.0,1.0,1.0,1.0,1.0,128.0,4.0,1.0,1.0,1.0,1.0,3.0,3.0,1.0,6.0,3.0,5.0,4.0,4.0,5.0,6.0,6.0,5.0,6.0,5.0,2.0,1.0,3.0,6.0,64.0,4.0,1.0,16.0,8.0,1.0,16.0,2.0,1.0,1.0,1.0,1.0,3.0,4.0,2.0,4.0,1.0,1.0,4.0,2.0,2.0,5.0,3.0,2.0,4.0,5.0,4.0,3.0,5.0,6.0,64.0,6.0,1.0,64.0,2.0,1.0,1.0,1.0,1.0,1.0,1.0,1.0,3.0,5.0,6.0,1.0,3.0,4.0,2.0,5.0,6.0,4.0,1.0,6.0,1.0,1.0,4.0,4.0,5.0,4.0,64.0,24.0,1.0,1536.0,256.0,1.0,1.0,1.0,1.0,1.0,1.0,1.0,2.0,5.0,4.0,3.0,2.0,1.0,3.0,5.0,5.0,4.0,4.0,1.0,1.0,6.0,5.0,3.0,3.0,6.0,512.0,1536.0,1.0,12.0,6.0,1.0,1.0,1.0,1.0,1.0,1.0,1.0,11006944680.0,26257178.32,42378500.0,0.47079239285714275,96.0,514.0,138752.0,2.8901130922113536e+17,2.7142857142857144,1.0217186249999999,78.57142857142857,8415.142857142857
256.0,16000.0,256.0,64.0,1.0,32.0,22.0,26.0,2.0,4.0,6.0,2.0,4.0,4.0,3.0,2.0,1.0,4.0,1.0,2.0,1.0,3.0,2.0,1.0,3.0,6.0,5.0,1.0,4.0,3.0,1.0,2.0,2.0,6.0,1.0,18.0,12.0,1.0,1.0,1.0,1.0,1.0,1.0,1.0,5.0,6.0,3.0,5.0,5.0,2.0,1.0,3.0,2.0,5.0,6.0,5.0,1.0,2.0,6.0,6.0,6.0,2.0,32.0,4.0,1.0,8.0,4.0,1.0,1.0,32.0,1.0,1.0,1.0,1.0,2.0,4.0,4.0,5.0,4.0,6.0,2.0,3.0,2.0,5.0,2.0,6.0,4.0,6.0,6.0,6.0,4.0,2.0,4.0,32.0,1.0,32.0,16.0,1.0,16.0,32.0,1.0,1.0,1.0,1.0,1.0,4.0,3.0,1.0,3.0,5.0,2.0,1.0,5.0,1.0,1.0,4.0,4.0,1.0,2.0,4.0,4.0,3.0,96.0,12.0,1.0,2.0,16.0,1.0,1.0,1.0,1.0,1.0,1.0,1.0,2.0,4.0,1.0,2.0,2.0,4.0,2.0,3.0,5.0,3.0,6.0,4.0,4.0,4.0,6.0,4.0,1.0,6.0,256.0,32.0,1.0,1024.0,128.0,1.0,1.0,1.0,1.0,1.0,1.0,1.0,4.0,1.0,1.0,2.0,2.0,1.0,2.0,4.0,1.0,2.0,4.0,3.0,3.0,4.0,2.0,6.0,1.0,6.0,16.0,3072.0,1.0,8.0,768.0,1.0,1.0,1.0,1.0,1.0,1.0,1.0,10884612432.0,84295956.00000001,11088400.0,0.12372471428571427,26.0,514.0,514.0,9.175288106449252e+17,20.257128571428574,21.104522142857142,78.57142857142857,164.28571428571428
512000.0,4096000.0,256.0,64.0,1.0,4.0,46.0,24.0,4.0,6.0,4.0,2.0,5.0,1.0,3.0,5.0,3.0,4.0,1.0,5.0,4.0,6.0,3.0,2.0,5.0,6.0,6.0,5.0,5.0,2.0,4.0,1.0,4.0,4.0,1.0,384.0,6.0,1.0,1.0,1.0,1.0,1.0,1.0,1.0,5.0,5.0,4.0,3.0,1.0,3.0,2.0,3.0,4.0,2.0,4.0,5.0,2.0,5.0,1.0,4.0,6.0,5.0,1.0,8.0,1.0,16.0,16.0,1.0,1.0,4.0,1.0,1.0,1.0,1.0,6.0,6.0,2.0,6.0,6.0,5.0,3.0,5.0,5.0,1.0,2.0,1.0,1.0,5.0,6.0,5.0,1.0,2.0,1.0,1.0,1.0,16.0,8.0,1.0,16.0,64.0,1.0,1.0,1.0,1.0,2.0,5.0,6.0,5.0,2.0,6.0,1.0,2.0,6.0,1.0,3.0,4.0,6.0,6.0,4.0,5.0,2.0,4.0,4.0,12.0,1.0,24.0,768.0,1.0,1.0,1.0,1.0,1.0,1.0,1.0,2.0,4.0,2.0,4.0,5.0,6.0,3.0,4.0,1.0,3.0,5.0,5.0,1.0,1.0,5.0,1.0,6.0,3.0,24.0,6.0,1.0,2.0,8.0,1.0,1.0,1.0,1.0,1.0,1.0,1.0,1.0,2.0,1.0,3.0,3.0,5.0,3.0,4.0,1.0,3.0,1.0,5.0,2.0,4.0,5.0,2.0,2.0,3.0,384.0,8.0,1.0,768.0,6.0,1.0,1.0,1.0,1.0,1.0,1.0,1.0,467140944.0,67412831.04,10268800.0,0.1176325714285714,24.0,514.0,6448.0,3.1491293529738104e+16,21.714257142857146,22.142785714285715,78.57142857142857,1005.1428571428571
4096.0,16000.0,256.0,64.0,2.0,48.0,34.0,20.0,3.0,2.0,4.0,2.0,3.0,3.0,5.0,6.0,2.0,3.0,6.0,5.0,5.0,5.0,4.0,3.0,5.0,3.0,4.0,4.0,4.0,2.0,3.0,1.0,3.0,192.0,1.0,256.0,64.0,1.0,1.0,1.0,1.0,1.0,1.0,1.0,5.0,1.0,2.0,5.0,3.0,3.0,5.0,5.0,6.0,2.0,5.0,2.0,3.0,3.0,1.0,1.0,4.0,1.0,64.0,1.0,1.0,8.0,64.0,1.0,8.0,128.0,1.0,1.0,1.0,1.0,6.0,4.0,4.0,3.0,3.0,4.0,1.0,3.0,6.0,3.0,1.0,4.0,6.0,4.0,2.0,1.0,5.0,3.0,64.0,64.0,1.0,1.0,32.0,1.0,1.0,8.0,1.0,1.0,1.0,1.0,6.0,3.0,3.0,1.0,3.0,3.0,5.0,2.0,1.0,3.0,6.0,1.0,2.0,1.0,4.0,1.0,4.0,5.0,256.0,64.0,1.0,32.0,2.0,1.0,1.0,1.0,1.0,1.0,1.0,1.0,6.0,5.0,5.0,5.0,6.0,5.0,4.0,4.0,1.0,5.0,2.0,1.0,3.0,6.0,4.0,1.0,4.0,1.0,128.0,32.0,1.0,12.0,6.0,1.0,1.0,1.0,1.0,1.0,1.0,1.0,3.0,2.0,2.0,6.0,6.0,1.0,3.0,5.0,1.0,4.0,5.0,1.0,2.0,4.0,5.0,5.0,2.0,3.0,48.0,512.0,1.0,16.0,12.0,1.0,1.0,1.0,1.0,1.0,1.0,1.0,1430735952.0,24808108.959999993,497932000.0,3.2848792857142857,680.0,514.0,17536.0,3.549385339020532e+16,228.10714285714286,100.79529896428573,78.57142857142857,5133.142857142857
256.0,32000000.0,256.0,64.0,2.0,38.0,48.0,42.0,2.0,2.0,6.0,1.0,4.0,6.0,1.0,6.0,4.0,3.0,5.0,6.0,4.0,4.0,2.0,1.0,5.0,5.0,4.0,3.0,3.0,6.0,6.0,6.0,384.0,256.0,1.0,1152.0,128.0,1.0,1.0,1.0,1.0,1.0,1.0,1.0,3.0,2.0,5.0,1.0,1.0,1.0,2.0,2.0,4.0,2.0,5.0,4.0,4.0,4.0,6.0,6.0,5.0,5.0,32.0,4.0,1.0,16.0,64.0,1.0,8.0,16.0,1.0,1.0,1.0,1.0,6.0,4.0,2.0,3.0,3.0,6.0,4.0,5.0,4.0,1.0,4.0,6.0,6.0,4.0,5.0,4.0,3.0,6.0,1.0,4.0,1.0,64.0,1.0,1.0,32.0,2.0,1.0,1.0,1.0,1.0,2.0,4.0,1.0,6.0,3.0,1.0,6.0,2.0,1.0,5.0,5.0,4.0,6.0,6.0,3.0,5.0,4.0,3.0,128.0,256.0,1.0,192.0,128.0,1.0,1.0,1.0,1.0,1.0,1.0,1.0,2.0,2.0,4.0,5.0,5.0,1.0,4.0,3.0,4.0,4.0,6.0,3.0,3.0,3.0,1.0,6.0,6.0,3.0,768.0,128.0,1.0,32.0,4.0,1.0,1.0,1.0,1.0,1.0,1.0,1.0,2.0,3.0,2.0,6.0,6.0,2.0,2.0,5.0,3.0,1.0,2.0,6.0,3.0,3.0,4.0,4.0,6.0,3.0,384.0,3072.0,1.0,128.0,2.0,1.0,1.0,1.0,1.0,1.0,1.0,1.0,10888271028.0,26734380.480000004,2847330000.0,10.911742857142857,2016.0,514.0,163840.0,2.9109118043191277e+17,20.714285714285715,10.859887731785717,78.57142857142857,16549.428571428572
128.0,32000000.0,256.0,64.0,2.0,38.0,2.0,26.0,4.0,4.0,4.0,1.0,5.0,5.0,3.0,4.0,1.0,1.0,1.0,1.0,4.0,1.0,5.0,4.0,3.0,1.0,5.0,4.0,6.0,5.0,3.0,6.0,2.0,2.0,1.0,72.0,16.0,1.0,1.0,1.0,1.0,1.0,1.0,1.0,3.0,2.0,2.0,2.0,2.0,4.0,5.0,5.0,6.0,5.0,5.0,4.0,2.0,6.0,3.0,1.0,5.0,4.0,32.0,8.0,1.0,32.0,1.0,1.0,64.0,32.0,1.0,1.0,1.0,1.0,3.0,1.0,6.0,6.0,5.0,2.0,4.0,1.0,2.0,5.0,3.0,2.0,2.0,1.0,6.0,3.0,3.0,1.0,16.0,16.0,1.0,2.0,128.0,1.0,1.0,32.0,1.0,1.0,1.0,1.0,1.0,6.0,1.0,6.0,3.0,3.0,1.0,3.0,4.0,6.0,6.0,1.0,5.0,4.0,5.0,4.0,4.0,5.0,384.0,768.0,1.0,8.0,128.0,1.0,1.0,1.0,1.0,1.0,1.0,1.0,4.0,5.0,4.0,6.0,5.0,2.0,3.0,1.0,6.0,6.0,6.0,3.0,2.0,1.0,1.0,4.0,4.0,1.0,16.0,768.0,1.0,2.0,512.0,1.0,1.0,1.0,1.0,1.0,1.0,1.0,5.0,2.0,6.0,6.0,5.0,5.0,3.0,4.0,5.0,3.0,3.0,1.0,3.0,3.0,1.0,5.0,4.0,6.0,768.0,3072.0,1.0,128.0,6.0,1.0,1.0,1.0,1.0,1.0,1.0,1.0,11180498844.0,27670115.32,22143600.0,0.2818386428571429,52.0,514.0,207360.0,3.093656923486067e+17,1.0,0.4952983428571429,78.57142857142857,11839.42857142857
256.0,8192000.0,256.0,64.0,1.0,14.0,12.0,10.0,6.0,3.0,3.0,4.0,3.0,4.0,1.0,3.0,5.0,6.0,1.0,5.0,2.0,1.0,3.0,1.0,6.0,3.0,1.0,3.0,2.0,5.0,4.0,1.0,4.0,48.0,1.0,64.0,24.0,1.0,1.0,1.0,1.0,1.0,1.0,1.0,1.0,1.0,3.0,5.0,2.0,4.0,6.0,6.0,6.0,6.0,2.0,3.0,4.0,5.0,1.0,4.0,4.0,1.0,4.0,4.0,1.0,8.0,4.0,1.0,4.0,8.0,1.0,1.0,1.0,1.0,5.0,3.0,4.0,4.0,1.0,3.0,2.0,1.0,1.0,5.0,4.0,5.0,5.0,3.0,1.0,1.0,2.0,5.0,1.0,128.0,1.0,32.0,32.0,1.0,8.0,64.0,1.0,1.0,1.0,1.0,6.0,3.0,2.0,4.0,2.0,1.0,4.0,6.0,4.0,1.0,3.0,5.0,4.0,4.0,4.0,5.0,2.0,3.0,16.0,768.0,1.0,6.0,768.0,1.0,1.0,1.0,1.0,1.0,1.0,1.0,4.0,4.0,5.0,3.0,4.0,3.0,2.0,3.0,2.0,1.0,3.0,2.0,4.0,3.0,1.0,3.0,2.0,6.0,384.0,256.0,1.0,1.0,128.0,1.0,1.0,1.0,1.0,1.0,1.0,1.0,2.0,4.0,6.0,1.0,1.0,6.0,2.0,6.0,6.0,4.0,1.0,1.0,6.0,3.0,3.0,5.0,6.0,1.0,8.0,6.0,1.0,2.0,16.0,1.0,1.0,1.0,1.0,1.0,1.0,1.0,1121845824.0,36857916.95999999,4641100.0,0.05274115714285716,10.0,514.0,2836.0,4.134890022291477e+16,9.563008571428572,8.627407857142858,78.57142857142857,441.14285714285717
8192.0,16000.0,256.0,64.0,2.0,22.0,32.0,42.0,1.0,1.0,3.0,5.0,1.0,3.0,3.0,6.0,3.0,5.0,1.0,3.0,4.0,1.0,1.0,3.0,2.0,1.0,2.0,1.0,3.0,3.0,6.0,1.0,32.0,24.0,1.0,192.0,32.0,1.0,1.0,1.0,1.0,1.0,1.0,1.0,5.0,1.0,3.0,1.0,5.0,5.0,2.0,2.0,3.0,3.0,3.0,5.0,5.0,5.0,4.0,6.0,6.0,6.0,4.0,4.0,1.0,32.0,1.0,1.0,4.0,4.0,1.0,1.0,1.0,1.0,2.0,4.0,5.0,2.0,3.0,5.0,5.0,6.0,5.0,6.0,4.0,4.0,1.0,1.0,5.0,1.0,6.0,4.0,4.0,4.0,1.0,2.0,4.0,1.0,32.0,2.0,1.0,1.0,1.0,1.0,3.0,2.0,1.0,2.0,6.0,1.0,6.0,4.0,1.0,1.0,2.0,5.0,1.0,5.0,3.0,4.0,4.0,5.0,48.0,8.0,1.0,6.0,16.0,1.0,1.0,1.0,1.0,1.0,1.0,1.0,5.0,3.0,4.0,6.0,5.0,5.0,4.0,6.0,5.0,6.0,5.0,5.0,3.0,4.0,5.0,5.0,3.0,2.0,48.0,12.0,1.0,1024.0,24.0,1.0,1.0,1.0,1.0,1.0,1.0,1.0,3.0,4.0,2.0,4.0,1.0,1.0,6.0,4.0,1.0,4.0,4.0,4.0,5.0,3.0,2.0,6.0,5.0,2.0,1536.0,2.0,1.0,8.0,8.0,1.0,1.0,1.0,1.0,1.0,1.0,1.0,11005800072.0,29234810.619999997,1438200000.0,6.8467475,1344.0,514.0,15872.0,3.2175248082650234e+17,2.7142857142857144,0.7726241964285714,78.57142857142857,1178.2857142857142
2048.0,4096000.0,256.0,64.0,3.0,32.0,42.0,26.0,6.0,6.0,3.0,5.0,1.0,3.0,6.0,2.0,1.0,6.0,6.0,1.0,6.0,1.0,6.0,1.0,1.0,2.0,3.0,3.0,3.0,2.0,6.0,6.0,2.0,3.0,1.0,144.0,3.0,1.0,1.0,1.0,1.0,1.0,1.0,1.0,1.0,1.0,5.0,5.0,3.0,2.0,2.0,6.0,1.0,4.0,5.0,2.0,2.0,6.0,3.0,4.0,3.0,5.0,16.0,64.0,1.0,32.0,32.0,1.0,128.0,32.0,1.0,1.0,1.0,1.0,2.0,5.0,2.0,2.0,5.0,4.0,4.0,4.0,4.0,4.0,6.0,2.0,4.0,2.0,1.0,2.0,6.0,5.0,32.0,16.0,1.0,8.0,2.0,1.0,2.0,32.0,1.0,1.0,1.0,1.0,2.0,4.0,5.0,1.0,4.0,3.0,1.0,5.0,4.0,4.0,4.0,2.0,2.0,5.0,3.0,1.0,1.0,2.0,192.0,24.0,1.0,12.0,8.0,1.0,1.0,1.0,1.0,1.0,1.0,1.0,5.0,2.0,4.0,5.0,4.0,2.0,3.0,3.0,5.0,5.0,6.0,5.0,2.0,6.0,6.0,4.0,6.0,4.0,256.0,384.0,1.0,4.0,256.0,1.0,1.0,1.0,1.0,1.0,1.0,1.0,4.0,6.0,5.0,6.0,2.0,4.0,3.0,1.0,2.0,6.0,1.0,3.0,3.0,3.0,4.0,3.0,3.0,3.0,192.0,32.0,1.0,256.0,128.0,1.0,1.0,1.0,1.0,1.0,1.0,1.0,485154192.0,17880431.439999998,635713000000.0,692.6471428571429,34944.0,514.0,2424832.0,8674766267884595.0,38.42857142857143,0.8033856071428571,78.57142857142857,137874.2857142857
512.0,4096000.0,256.0,64.0,2.0,8.0,30.0,44.0,3.0,1.0,3.0,1.0,2.0,6.0,6.0,5.0,1.0,4.0,6.0,3.0,2.0,2.0,2.0,5.0,1.0,4.0,6.0,1.0,2.0,1.0,5.0,4.0,8.0,2.0,1.0,6.0,256.0,1.0,1.0,1.0,1.0,1.0,1.0,1.0,5.0,4.0,5.0,2.0,4.0,2.0,6.0,5.0,5.0,5.0,5.0,2.0,6.0,2.0,2.0,6.0,5.0,1.0,32.0,4.0,1.0,64.0,64.0,1.0,2.0,128.0,1.0,1.0,1.0,1.0,4.0,3.0,1.0,6.0,1.0,2.0,4.0,6.0,6.0,1.0,2.0,4.0,2.0,2.0,2.0,1.0,2.0,6.0,64.0,16.0,1.0,4.0,32.0,1.0,32.0,2.0,1.0,1.0,1.0,1.0,4.0,4.0,3.0,5.0,2.0,6.0,5.0,5.0,6.0,3.0,3.0,1.0,4.0,6.0,4.0,2.0,3.0,4.0,8.0,128.0,1.0,8.0,16.0,1.0,1.0,1.0,1.0,1.0,1.0,1.0,4.0,6.0,1.0,3.0,5.0,6.0,4.0,6.0,1.0,5.0,1.0,5.0,2.0,3.0,1.0,1.0,3.0,4.0,12.0,768.0,1.0,96.0,128.0,1.0,1.0,1.0,1.0,1.0,1.0,1.0,6.0,5.0,5.0,6.0,4.0,5.0,2.0,6.0,6.0,2.0,1.0,1.0,2.0,2.0,5.0,3.0,1.0,5.0,3.0,3072.0,1.0,48.0,768.0,1.0,1.0,1.0,1.0,1.0,1.0,1.0,3035468460.0,31624918.839999996,1396390000.0,6.714296071428571,1320.0,514.0,29952.0,9.599644368887978e+16,9.464285714285714,4.769944285714285,78.57142857142857,2196.285714285714
1024000.0,128000.0,256.0,64.0,1.0,34.0,20.0,4.0,3.0,2.0,3.0,1.0,4.0,4.0,4.0,1.0,6.0,3.0,4.0,3.0,2.0,1.0,5.0,5.0,2.0,5.0,2.0,1.0,4.0,1.0,5.0,2.0,2.0,8.0,1.0,1.0,32.0,1.0,1.0,1.0,1.0,1.0,1.0,1.0,2.0,1.0,6.0,3.0,1.0,6.0,1.0,5.0,5.0,5.0,5.0,6.0,4.0,4.0,3.0,6.0,4.0,3.0,32.0,1.0,1.0,4.0,2.0,1.0,64.0,32.0,1.0,1.0,1.0,1.0,4.0,3.0,2.0,2.0,2.0,4.0,4.0,4.0,6.0,1.0,2.0,2.0,1.0,1.0,2.0,3.0,6.0,5.0,128.0,8.0,1.0,2.0,8.0,1.0,32.0,2.0,1.0,1.0,1.0,1.0,4.0,1.0,3.0,6.0,6.0,5.0,5.0,4.0,2.0,2.0,3.0,2.0,6.0,6.0,3.0,3.0,3.0,6.0,64.0,3.0,1.0,4.0,6.0,1.0,1.0,1.0,1.0,1.0,1.0,1.0,1.0,5.0,6.0,3.0,5.0,2.0,1.0,2.0,4.0,1.0,2.0,6.0,3.0,3.0,6.0,1.0,5.0,6.0,6.0,256.0,1.0,1024.0,96.0,1.0,1.0,1.0,1.0,1.0,1.0,1.0,1.0,2.0,4.0,2.0,5.0,6.0,6.0,6.0,4.0,2.0,3.0,4.0,6.0,4.0,2.0,3.0,1.0,6.0,256.0,512.0,1.0,12.0,768.0,1.0,1.0,1.0,1.0,1.0,1.0,1.0,11173626192.0,67370210.39999999,2290310.0,0.024513357142857146,4.0,514.0,514.0,7.527695474859907e+17,1.0,1.003347857142857,78.57142857142857,78.57142857142857
128.0,8192000.0,256.0,64.0,1.0,38.0,16.0,8.0,3.0,3.0,4.0,1.0,2.0,2.0,2.0,3.0,3.0,6.0,2.0,3.0,4.0,1.0,5.0,6.0,3.0,2.0,1.0,2.0,3.0,6.0,1.0,2.0,256.0,48.0,1.0,192.0,1152.0,1.0,1.0,1.0,1.0,1.0,1.0,1.0,2.0,6.0,6.0,6.0,1.0,6.0,6.0,5.0,2.0,3.0,2.0,1.0,6.0,3.0,1.0,3.0,2.0,3.0,1.0,1.0,1.0,128.0,8.0,1.0,8.0,16.0,1.0,1.0,1.0,1.0,4.0,6.0,1.0,4.0,4.0,3.0,1.0,6.0,1.0,6.0,5.0,6.0,1.0,2.0,5.0,1.0,6.0,1.0,1.0,64.0,1.0,64.0,8.0,1.0,1.0,32.0,1.0,1.0,1.0,1.0,4.0,4.0,3.0,4.0,3.0,6.0,2.0,5.0,6.0,1.0,2.0,4.0,1.0,3.0,2.0,2.0,4.0,3.0,64.0,4.0,1.0,768.0,6.0,1.0,1.0,1.0,1.0,1.0,1.0,1.0,6.0,5.0,4.0,2.0,4.0,4.0,4.0,5.0,6.0,4.0,5.0,4.0,6.0,6.0,4.0,2.0,2.0,6.0,6.0,32.0,1.0,16.0,16.0,1.0,1.0,1.0,1.0,1.0,1.0,1.0,3.0,1.0,6.0,4.0,2.0,6.0,2.0,5.0,3.0,3.0,1.0,6.0,6.0,3.0,1.0,6.0,4.0,2.0,6.0,8.0,1.0,192.0,768.0,1.0,1.0,1.0,1.0,1.0,1.0,1.0,10909385040.0,84287709.60000001,3853260.0,0.04258074285714287,8.0,514.0,514.0,9.195270781661044e+17,7.0,7.425996071428572,78.57142857142857,102.57142857142857
2048.0,1024000.0,256.0,64.0,2.0,16.0,30.0,22.0,2.0,2.0,1.0,2.0,5.0,5.0,5.0,2.0,2.0,3.0,2.0,4.0,2.0,1.0,3.0,6.0,1.0,5.0,3.0,5.0,2.0,6.0,1.0,6.0,2.0,1.0,1.0,576.0,2304.0,1.0,1.0,1.0,1.0,1.0,1.0,1.0,3.0,5.0,5.0,6.0,2.0,2.0,5.0,2.0,5.0,6.0,6.0,5.0,6.0,5.0,3.0,3.0,1.0,5.0,4.0,8.0,1.0,16.0,2.0,1.0,128.0,64.0,1.0,1.0,1.0,1.0,3.0,5.0,4.0,5.0,3.0,3.0,3.0,2.0,2.0,4.0,6.0,6.0,1.0,6.0,6.0,5.0,2.0,5.0,64.0,64.0,1.0,128.0,32.0,1.0,2.0,16.0,1.0,1.0,1.0,1.0,1.0,6.0,2.0,4.0,2.0,4.0,6.0,4.0,1.0,1.0,3.0,3.0,1.0,5.0,6.0,2.0,1.0,3.0,128.0,48.0,1.0,1.0,192.0,1.0,1.0,1.0,1.0,1.0,1.0,1.0,1.0,4.0,1.0,3.0,1.0,4.0,5.0,5.0,2.0,2.0,4.0,3.0,5.0,6.0,6.0,4.0,5.0,3.0,96.0,3.0,1.0,384.0,16.0,1.0,1.0,1.0,1.0,1.0,1.0,1.0,1.0,3.0,3.0,6.0,3.0,1.0,3.0,5.0,4.0,3.0,4.0,4.0,5.0,6.0,1.0,2.0,4.0,3.0,96.0,1.0,1.0,128.0,2.0,1.0,1.0,1.0,1.0,1.0,1.0,1.0,11188889508.0,58650663.16000002,476595000.0,3.193858571428571,660.0,514.0,148864.0,6.562357896681663e+17,1.0,0.20153513214285712,78.57142857142857,8228.714285714286
2048.0,16000.0,256.0,64.0,1.0,10.0,2.0,30.0,3.0,2.0,2.0,1.0,3.0,6.0,5.0,4.0,6.0,5.0,6.0,6.0,1.0,3.0,5.0,2.0,3.0,2.0,5.0,5.0,1.0,2.0,5.0,3.0,64.0,4.0,1.0,3.0,3.0,1.0,1.0,1.0,1.0,1.0,1.0,1.0,6.0,1.0,6.0,6.0,5.0,2.0,2.0,6.0,2.0,6.0,1.0,3.0,1.0,3.0,1.0,3.0,4.0,6.0,16.0,4.0,1.0,64.0,16.0,1.0,1.0,2.0,1.0,1.0,1.0,1.0,4.0,6.0,6.0,3.0,2.0,5.0,2.0,2.0,3.0,2.0,5.0,3.0,3.0,4.0,5.0,5.0,5.0,6.0,4.0,64.0,1.0,32.0,8.0,1.0,8.0,16.0,1.0,1.0,1.0,1.0,5.0,1.0,3.0,5.0,6.0,6.0,5.0,5.0,5.0,5.0,1.0,5.0,3.0,5.0,2.0,1.0,4.0,3.0,12.0,64.0,1.0,4.0,2.0,1.0,1.0,1.0,1.0,1.0,1.0,1.0,2.0,1.0,6.0,5.0,2.0,4.0,4.0,4.0,6.0,6.0,6.0,4.0,6.0,3.0,1.0,6.0,5.0,6.0,48.0,192.0,1.0,384.0,1024.0,1.0,1.0,1.0,1.0,1.0,1.0,1.0,4.0,1.0,5.0,1.0,4.0,5.0,4.0,2.0,5.0,2.0,2.0,2.0,5.0,2.0,6.0,5.0,6.0,3.0,256.0,24.0,1.0,4.0,96.0,1.0,1.0,1.0,1.0,1.0,1.0,1.0,11173626192.0,72286168.80000001,12741000.0,0.14151657142857144,30.0,514.0,514.0,8.076986290230134e+17,1.0,1.4287989285714287,78.57142857142857,78.57142857142857
512.0,512000.0,256.0,64.0,1.0,30.0,30.0,34.0,5.0,4.0,2.0,4.0,3.0,6.0,2.0,5.0,5.0,5.0,3.0,4.0,1.0,6.0,2.0,1.0,5.0,6.0,1.0,1.0,5.0,3.0,2.0,4.0,4.0,192.0,1.0,384.0,96.0,1.0,1.0,1.0,1.0,1.0,1.0,1.0,5.0,6.0,6.0,5.0,5.0,2.0,1.0,6.0,4.0,2.0,3.0,3.0,4.0,6.0,3.0,1.0,6.0,1.0,8.0,1.0,1.0,8.0,1.0,1.0,4.0,16.0,1.0,1.0,1.0,1.0,5.0,1.0,4.0,1.0,1.0,3.0,4.0,2.0,1.0,3.0,2.0,4.0,6.0,4.0,2.0,5.0,6.0,3.0,4.0,32.0,1.0,64.0,32.0,1.0,8.0,16.0,1.0,1.0,1.0,1.0,5.0,1.0,3.0,2.0,3.0,5.0,4.0,6.0,4.0,6.0,5.0,6.0,6.0,2.0,5.0,4.0,3.0,5.0,256.0,64.0,1.0,2.0,1.0,1.0,1.0,1.0,1.0,1.0,1.0,1.0,1.0,1.0,4.0,4.0,4.0,4.0,5.0,3.0,6.0,2.0,2.0,3.0,4.0,2.0,5.0,6.0,3.0,5.0,16.0,4.0,1.0,4.0,64.0,1.0,1.0,1.0,1.0,1.0,1.0,1.0,2.0,1.0,2.0,6.0,6.0,6.0,4.0,3.0,5.0,6.0,5.0,4.0,2.0,4.0,3.0,2.0,1.0,1.0,512.0,384.0,1.0,48.0,256.0,1.0,1.0,1.0,1.0,1.0,1.0,1.0,11173626192.0,84254224.80000001,14410000.0,0.15962099999999999,34.0,514.0,514.0,9.414252130119361e+17,1.0,1.0036264285714285,78.57142857142857,78.57142857142857
8192.0,64000.0,256.0,64.0,1.0,34.0,40.0,14.0,2.0,1.0,3.0,2.0,4.0,5.0,2.0,1.0,5.0,1.0,2.0,2.0,6.0,1.0,5.0,5.0,2.0,1.0,6.0,4.0,1.0,1.0,5.0,6.0,64.0,4.0,1.0,24.0,18.0,1.0,1.0,1.0,1.0,1.0,1.0,1.0,4.0,2.0,3.0,2.0,2.0,5.0,1.0,3.0,2.0,3.0,6.0,5.0,6.0,4.0,2.0,2.0,2.0,2.0,16.0,8.0,1.0,4.0,16.0,1.0,8.0,16.0,1.0,1.0,1.0,1.0,5.0,2.0,4.0,1.0,4.0,5.0,4.0,1.0,6.0,1.0,2.0,4.0,1.0,5.0,4.0,1.0,4.0,3.0,1.0,64.0,1.0,8.0,1.0,1.0,8.0,4.0,1.0,1.0,1.0,1.0,2.0,4.0,3.0,6.0,4.0,5.0,2.0,2.0,6.0,3.0,2.0,5.0,1.0,1.0,3.0,1.0,6.0,5.0,4.0,16.0,1.0,6.0,2.0,1.0,1.0,1.0,1.0,1.0,1.0,1.0,5.0,6.0,4.0,5.0,6.0,2.0,2.0,5.0,6.0,3.0,5.0,4.0,2.0,2.0,3.0,4.0,6.0,3.0,1.0,32.0,1.0,24.0,2.0,1.0,1.0,1.0,1.0,1.0,1.0,1.0,3.0,1.0,3.0,5.0,3.0,3.0,4.0,1.0,6.0,5.0,4.0,2.0,6.0,2.0,6.0,2.0,4.0,6.0,6.0,64.0,1.0,384.0,96.0,1.0,1.0,1.0,1.0,1.0,1.0,1.0,11173626192.0,68063887.2,6228280.0,0.06947487142857142,14.0,514.0,514.0,7.605204327472536e+17,1.0,1.4252507142857143,78.57142857142857,78.57142857142857
512000.0,32000.0,256.0,64.0,3.0,6.0,46.0,34.0,1.0,6.0,4.0,2.0,2.0,4.0,4.0,2.0,3.0,6.0,3.0,4.0,6.0,4.0,3.0,5.0,6.0,3.0,5.0,6.0,5.0,5.0,6.0,6.0,6.0,48.0,1.0,768.0,384.0,1.0,1.0,1.0,1.0,1.0,1.0,1.0,4.0,6.0,1.0,1.0,2.0,3.0,3.0,4.0,2.0,3.0,5.0,6.0,4.0,3.0,5.0,4.0,2.0,5.0,8.0,16.0,1.0,128.0,16.0,1.0,1.0,16.0,1.0,1.0,1.0,1.0,5.0,2.0,1.0,2.0,6.0,3.0,4.0,2.0,1.0,4.0,5.0,6.0,6.0,2.0,6.0,2.0,6.0,2.0,8.0,1.0,1.0,128.0,1.0,1.0,4.0,2.0,1.0,1.0,1.0,1.0,4.0,3.0,5.0,2.0,5.0,3.0,5.0,1.0,4.0,1.0,5.0,2.0,3.0,2.0,5.0,6.0,2.0,6.0,64.0,1.0,1.0,384.0,64.0,1.0,1.0,1.0,1.0,1.0,1.0,1.0,2.0,2.0,3.0,2.0,2.0,2.0,1.0,6.0,6.0,4.0,2.0,3.0,5.0,3.0,1.0,4.0,2.0,3.0,24.0,8.0,1.0,192.0,8.0,1.0,1.0,1.0,1.0,1.0,1.0,1.0,3.0,2.0,5.0,5.0,4.0,6.0,5.0,6.0,6.0,1.0,2.0,1.0,2.0,6.0,6.0,4.0,3.0,6.0,4.0,64.0,1.0,768.0,48.0,1.0,1.0,1.0,1.0,1.0,1.0,1.0,5785422000.0,18844296.619999997,48485800000.0,80.9997892857143,9384.0,514.0,626688.0,1.0902220823987363e+17,8.1190475,0.48251489285714283,78.57142857142857,58907.42857142857
2048.0,256000.0,256.0,64.0,1.0,22.0,6.0,16.0,2.0,2.0,3.0,2.0,3.0,3.0,5.0,2.0,1.0,4.0,3.0,3.0,1.0,5.0,1.0,6.0,5.0,2.0,6.0,3.0,2.0,6.0,2.0,4.0,48.0,64.0,1.0,32.0,18.0,1.0,1.0,1.0,1.0,1.0,1.0,1.0,2.0,1.0,5.0,6.0,6.0,6.0,6.0,4.0,3.0,5.0,6.0,1.0,2.0,2.0,5.0,3.0,6.0,6.0,64.0,64.0,1.0,64.0,4.0,1.0,16.0,8.0,1.0,1.0,1.0,1.0,2.0,1.0,3.0,3.0,4.0,1.0,4.0,5.0,5.0,6.0,6.0,6.0,2.0,5.0,1.0,6.0,3.0,2.0,64.0,64.0,1.0,128.0,4.0,1.0,8.0,32.0,1.0,1.0,1.0,1.0,2.0,4.0,2.0,2.0,5.0,2.0,2.0,3.0,2.0,3.0,4.0,5.0,6.0,1.0,5.0,2.0,5.0,5.0,32.0,32.0,1.0,192.0,16.0,1.0,1.0,1.0,1.0,1.0,1.0,1.0,3.0,3.0,1.0,4.0,4.0,4.0,2.0,2.0,5.0,3.0,1.0,1.0,1.0,6.0,1.0,6.0,5.0,4.0,192.0,6.0,1.0,12.0,12.0,1.0,1.0,1.0,1.0,1.0,1.0,1.0,3.0,6.0,1.0,5.0,4.0,3.0,4.0,1.0,2.0,5.0,4.0,2.0,1.0,3.0,3.0,3.0,1.0,2.0,2.0,1.0,1.0,768.0,32.0,1.0,1.0,1.0,1.0,1.0,1.0,1.0,10890510672.0,100487252.64000002,7028100.0,0.07864454285714285,16.0,514.0,514.0,1.0943574972758803e+18,13.857142857142858,13.967329285714284,78.57142857142857,130.0
256.0,2048000.0,256.0,64.0,2.0,6.0,22.0,44.0,4.0,1.0,1.0,1.0,5.0,2.0,5.0,1.0,5.0,4.0,2.0,3.0,1.0,2.0,5.0,5.0,6.0,5.0,1.0,2.0,5.0,6.0,3.0,3.0,3.0,6.0,1.0,36.0,4.0,1.0,1.0,1.0,1.0,1.0,1.0,1.0,4.0,6.0,3.0,5.0,4.0,5.0,1.0,3.0,3.0,6.0,1.0,4.0,4.0,6.0,2.0,4.0,4.0,4.0,4.0,1.0,1.0,8.0,2.0,1.0,8.0,16.0,1.0,1.0,1.0,1.0,6.0,4.0,6.0,1.0,6.0,6.0,2.0,1.0,3.0,6.0,2.0,1.0,3.0,1.0,2.0,4.0,2.0,6.0,2.0,4.0,1.0,16.0,1.0,1.0,64.0,8.0,1.0,1.0,1.0,1.0,6.0,5.0,5.0,5.0,2.0,4.0,6.0,5.0,1.0,4.0,5.0,1.0,1.0,2.0,6.0,6.0,6.0,3.0,8.0,384.0,1.0,2.0,12.0,1.0,1.0,1.0,1.0,1.0,1.0,1.0,1.0,3.0,1.0,6.0,6.0,5.0,2.0,1.0,2.0,4.0,6.0,1.0,3.0,4.0,2.0,2.0,5.0,4.0,2.0,256.0,1.0,512.0,6.0,1.0,1.0,1.0,1.0,1.0,1.0,1.0,2.0,3.0,5.0,2.0,2.0,5.0,2.0,4.0,2.0,2.0,1.0,1.0,2.0,2.0,6.0,1.0,5.0,4.0,1.0,12.0,1.0,128.0,768.0,1.0,1.0,1.0,1.0,1.0,1.0,1.0,6711091608.0,50054858.44000001,850577000.0,4.775602857142857,968.0,514.0,33280.0,3.3592274041631206e+17,1.7857142857142858,0.9301965714285716,78.57142857142857,1464.5714285714287
256.0,512000.0,256.0,64.0,1.0,10.0,12.0,2.0,1.0,5.0,1.0,3.0,5.0,5.0,4.0,6.0,4.0,1.0,6.0,4.0,2.0,4.0,4.0,1.0,2.0,6.0,4.0,5.0,4.0,3.0,1.0,4.0,64.0,4.0,1.0,9.0,24.0,1.0,1.0,1.0,1.0,1.0,1.0,1.0,5.0,2.0,5.0,5.0,3.0,2.0,4.0,1.0,1.0,4.0,2.0,2.0,6.0,4.0,6.0,4.0,4.0,1.0,4.0,8.0,1.0,1.0,32.0,1.0,8.0,4.0,1.0,1.0,1.0,1.0,4.0,5.0,4.0,5.0,5.0,5.0,5.0,2.0,3.0,1.0,2.0,6.0,1.0,4.0,5.0,4.0,4.0,5.0,16.0,64.0,1.0,4.0,32.0,1.0,1.0,64.0,1.0,1.0,1.0,1.0,6.0,2.0,1.0,2.0,2.0,6.0,5.0,2.0,5.0,3.0,6.0,1.0,5.0,2.0,3.0,1.0,5.0,5.0,12.0,64.0,1.0,768.0,2.0,1.0,1.0,1.0,1.0,1.0,1.0,1.0,5.0,6.0,1.0,1.0,4.0,3.0,6.0,4.0,2.0,6.0,2.0,1.0,4.0,5.0,5.0,3.0,1.0,5.0,128.0,128.0,1.0,1.0,96.0,1.0,1.0,1.0,1.0,1.0,1.0,1.0,3.0,2.0,3.0,6.0,4.0,2.0,4.0,2.0,5.0,2.0,1.0,4.0,6.0,2.0,4.0,3.0,6.0,2.0,192.0,1024.0,1.0,8.0,2.0,1.0,1.0,1.0,1.0,1.0,1.0,1.0,5586813264.0,82476146.39999998,1518290.0,0.0156601,2.0,514.0,772.0,4.607788286711257e+17,2.0,2.425275714285714,78.57142857142857,118.85714285714286
64000.0,128000.0,256.0,64.0,3.0,4.0,38.0,12.0,4.0,4.0,6.0,5.0,3.0,3.0,2.0,1.0,5.0,5.0,1.0,1.0,5.0,3.0,3.0,3.0,2.0,5.0,6.0,3.0,1.0,1.0,1.0,1.0,12.0,128.0,1.0,256.0,128.0,1.0,1.0,1.0,1.0,1.0,1.0,1.0,2.0,3.0,3.0,2.0,1.0,1.0,4.0,6.0,3.0,1.0,3.0,2.0,1.0,4.0,6.0,3.0,5.0,5.0,2.0,16.0,1.0,32.0,16.0,1.0,16.0,1.0,1.0,1.0,1.0,1.0,2.0,2.0,1.0,2.0,5.0,5.0,2.0,6.0,6.0,6.0,2.0,4.0,1.0,2.0,6.0,2.0,4.0,3.0,1.0,128.0,1.0,2.0,4.0,1.0,16.0,64.0,1.0,1.0,1.0,1.0,4.0,2.0,4.0,2.0,4.0,2.0,5.0,1.0,5.0,3.0,4.0,5.0,2.0,4.0,2.0,6.0,2.0,1.0,384.0,256.0,1.0,24.0,2.0,1.0,1.0,1.0,1.0,1.0,1.0,1.0,6.0,6.0,3.0,2.0,6.0,2.0,4.0,1.0,4.0,5.0,3.0,4.0,5.0,5.0,5.0,3.0,2.0,4.0,12.0,128.0,1.0,24.0,64.0,1.0,1.0,1.0,1.0,1.0,1.0,1.0,4.0,1.0,5.0,4.0,5.0,6.0,2.0,2.0,6.0,4.0,3.0,4.0,5.0,6.0,3.0,6.0,3.0,1.0,384.0,6.0,1.0,64.0,768.0,1.0,1.0,1.0,1.0,1.0,1.0,1.0,1404096576.0,18015281.76,2397840000.0,9.857485714285712,1824.0,514.0,884736.0,2.5295195434891256e+16,5.337660714285714,0.16815476428571427,78.57142857142857,54930.28571428572
256000.0,8192000.0,256.0,64.0,1.0,4.0,12.0,40.0,3.0,2.0,5.0,6.0,4.0,3.0,6.0,5.0,6.0,4.0,5.0,5.0,2.0,6.0,1.0,1.0,1.0,6.0,1.0,3.0,6.0,2.0,3.0,5.0,16.0,32.0,1.0,3.0,64.0,1.0,1.0,1.0,1.0,1.0,1.0,1.0,3.0,6.0,1.0,4.0,1.0,1.0,3.0,6.0,6.0,4.0,4.0,4.0,5.0,1.0,2.0,4.0,1.0,4.0,8.0,1.0,1.0,2.0,64.0,1.0,4.0,2.0,1.0,1.0,1.0,1.0,5.0,3.0,3.0,6.0,3.0,5.0,4.0,3.0,1.0,3.0,5.0,4.0,5.0,5.0,1.0,6.0,1.0,1.0,16.0,16.0,1.0,2.0,1.0,1.0,8.0,1.0,1.0,1.0,1.0,1.0,1.0,2.0,5.0,3.0,6.0,4.0,6.0,4.0,4.0,4.0,1.0,3.0,6.0,1.0,1.0,3.0,3.0,3.0,4.0,128.0,1.0,96.0,6.0,1.0,1.0,1.0,1.0,1.0,1.0,1.0,6.0,2.0,1.0,4.0,6.0,4.0,3.0,1.0,6.0,1.0,2.0,5.0,3.0,4.0,6.0,6.0,1.0,4.0,12.0,128.0,1.0,96.0,3072.0,1.0,1.0,1.0,1.0,1.0,1.0,1.0,6.0,2.0,5.0,6.0,4.0,1.0,3.0,1.0,3.0,4.0,6.0,5.0,6.0,4.0,4.0,5.0,6.0,5.0,16.0,24.0,1.0,48.0,128.0,1.0,1.0,1.0,1.0,1.0,1.0,1.0,11173626192.0,96910519.2,16944000.0,0.18680328571428573,40.0,514.0,514.0,1.082841915613439e+18,1.0,1.0006349999999997,78.57142857142857,78.57142857142857
1024000.0,32000.0,256.0,64.0,2.0,32.0,34.0,46.0,1.0,5.0,2.0,2.0,4.0,4.0,5.0,5.0,3.0,4.0,1.0,1.0,4.0,4.0,2.0,3.0,2.0,5.0,4.0,6.0,5.0,3.0,3.0,3.0,192.0,1.0,1.0,48.0,2304.0,1.0,1.0,1.0,1.0,1.0,1.0,1.0,6.0,1.0,2.0,6.0,3.0,2.0,1.0,3.0,4.0,4.0,5.0,4.0,1.0,5.0,1.0,6.0,5.0,5.0,2.0,32.0,1.0,4.0,8.0,1.0,16.0,128.0,1.0,1.0,1.0,1.0,2.0,6.0,1.0,4.0,1.0,5.0,5.0,3.0,4.0,1.0,4.0,2.0,6.0,1.0,5.0,3.0,4.0,5.0,4.0,1.0,1.0,8.0,128.0,1.0,1.0,64.0,1.0,1.0,1.0,1.0,2.0,6.0,4.0,2.0,6.0,3.0,1.0,2.0,4.0,1.0,2.0,4.0,6.0,6.0,4.0,6.0,4.0,1.0,4.0,768.0,1.0,1.0,16.0,1.0,1.0,1.0,1.0,1.0,1.0,1.0,1.0,4.0,3.0,2.0,6.0,3.0,6.0,3.0,3.0,1.0,1.0,1.0,2.0,2.0,5.0,6.0,5.0,6.0,16.0,48.0,1.0,2.0,16.0,1.0,1.0,1.0,1.0,1.0,1.0,1.0,5.0,2.0,1.0,6.0,4.0,3.0,2.0,2.0,4.0,4.0,2.0,5.0,6.0,6.0,4.0,4.0,4.0,5.0,1024.0,4.0,1.0,3.0,256.0,1.0,1.0,1.0,1.0,1.0,1.0,1.0,377696628.0,36214945.88,1848890000.0,8.179509285714285,1564.0,514.0,421312.0,1.3678262942078494e+16,24.956521428571428,13.8171075,78.57142857142857,19408.85714285714
512.0,16000.0,256.0,64.0,2.0,36.0,6.0,42.0,3.0,4.0,2.0,3.0,4.0,3.0,2.0,3.0,3.0,3.0,3.0,6.0,5.0,2.0,4.0,5.0,6.0,1.0,2.0,1.0,1.0,5.0,6.0,2.0,96.0,4.0,1.0,144.0,2304.0,1.0,1.0,1.0,1.0,1.0,1.0,1.0,2.0,2.0,2.0,1.0,6.0,2.0,1.0,3.0,4.0,5.0,6.0,6.0,4.0,5.0,2.0,2.0,1.0,6.0,4.0,2.0,1.0,16.0,4.0,1.0,128.0,1.0,1.0,1.0,1.0,1.0,5.0,2.0,1.0,5.0,6.0,1.0,4.0,4.0,5.0,3.0,4.0,3.0,4.0,3.0,4.0,5.0,3.0,1.0,1.0,64.0,1.0,128.0,4.0,1.0,4.0,4.0,1.0,1.0,1.0,1.0,4.0,1.0,4.0,6.0,3.0,6.0,2.0,2.0,1.0,1.0,2.0,6.0,4.0,5.0,2.0,3.0,1.0,3.0,3.0,48.0,1.0,24.0,32.0,1.0,1.0,1.0,1.0,1.0,1.0,1.0,1.0,1.0,2.0,6.0,1.0,6.0,4.0,2.0,6.0,5.0,1.0,1.0,3.0,3.0,5.0,4.0,2.0,1.0,384.0,256.0,1.0,1.0,1.0,1.0,1.0,1.0,1.0,1.0,1.0,1.0,6.0,2.0,6.0,5.0,3.0,5.0,4.0,2.0,6.0,1.0,4.0,2.0,3.0,2.0,6.0,6.0,1.0,6.0,4.0,3072.0,1.0,32.0,32.0,1.0,1.0,1.0,1.0,1.0,1.0,1.0,1949451156.0,27684165.76,130055000.0,1.2158146428571428,252.0,514.0,229120.0,5.3968928943727624e+16,5.380949285714287,4.435002714285715,78.57142857142857,14079.42857142857
16000.0,64000.0,256.0,64.0,1.0,24.0,30.0,48.0,4.0,2.0,6.0,6.0,6.0,3.0,1.0,3.0,3.0,3.0,2.0,2.0,2.0,5.0,4.0,1.0,3.0,5.0,2.0,5.0,2.0,3.0,6.0,6.0,48.0,12.0,1.0,12.0,128.0,1.0,1.0,1.0,1.0,1.0,1.0,1.0,1.0,1.0,1.0,6.0,4.0,3.0,3.0,1.0,1.0,5.0,1.0,3.0,4.0,6.0,6.0,2.0,6.0,4.0,32.0,8.0,1.0,8.0,1.0,1.0,128.0,2.0,1.0,1.0,1.0,1.0,2.0,6.0,3.0,6.0,6.0,5.0,2.0,5.0,2.0,3.0,6.0,6.0,5.0,6.0,3.0,5.0,6.0,6.0,32.0,16.0,1.0,128.0,1.0,1.0,16.0,1.0,1.0,1.0,1.0,1.0,6.0,6.0,6.0,3.0,5.0,3.0,1.0,1.0,1.0,2.0,2.0,5.0,3.0,3.0,5.0,3.0,2.0,5.0,256.0,4.0,1.0,8.0,1.0,1.0,1.0,1.0,1.0,1.0,1.0,1.0,5.0,3.0,5.0,4.0,5.0,5.0,6.0,1.0,2.0,3.0,6.0,5.0,1.0,3.0,2.0,3.0,5.0,4.0,192.0,1.0,1.0,1024.0,1024.0,1.0,1.0,1.0,1.0,1.0,1.0,1.0,5.0,5.0,1.0,4.0,6.0,6.0,6.0,6.0,3.0,5.0,1.0,4.0,6.0,1.0,1.0,2.0,3.0,3.0,8.0,96.0,1.0,3.0,192.0,1.0,1.0,1.0,1.0,1.0,1.0,1.0,10879893840.0,96929556.0,20379700.0,0.22365257142857145,48.0,514.0,514.0,1.054583279238335e+18,32.142871428571425,32.777929285714286,78.57142857142857,239.71428571428572
1024000.0,512000.0,256.0,64.0,2.0,34.0,24.0,38.0,6.0,1.0,1.0,2.0,5.0,2.0,3.0,2.0,6.0,2.0,4.0,1.0,3.0,5.0,4.0,1.0,6.0,6.0,1.0,1.0,3.0,6.0,5.0,4.0,64.0,384.0,1.0,1152.0,16.0,1.0,1.0,1.0,1.0,1.0,1.0,1.0,4.0,5.0,4.0,1.0,2.0,1.0,2.0,5.0,5.0,1.0,5.0,4.0,4.0,2.0,1.0,1.0,5.0,3.0,8.0,32.0,1.0,64.0,8.0,1.0,2.0,128.0,1.0,1.0,1.0,1.0,3.0,3.0,5.0,1.0,3.0,4.0,4.0,1.0,3.0,5.0,3.0,6.0,5.0,6.0,5.0,5.0,1.0,1.0,2.0,128.0,1.0,1.0,16.0,1.0,2.0,32.0,1.0,1.0,1.0,1.0,1.0,2.0,4.0,1.0,3.0,2.0,6.0,3.0,1.0,3.0,4.0,4.0,3.0,3.0,6.0,6.0,2.0,4.0,1.0,48.0,1.0,8.0,24.0,1.0,1.0,1.0,1.0,1.0,1.0,1.0,5.0,1.0,5.0,1.0,3.0,1.0,4.0,3.0,3.0,6.0,2.0,1.0,6.0,3.0,5.0,4.0,4.0,1.0,2.0,256.0,1.0,384.0,1.0,1.0,1.0,1.0,1.0,1.0,1.0,1.0,2.0,5.0,4.0,6.0,1.0,3.0,3.0,3.0,3.0,4.0,2.0,5.0,1.0,1.0,4.0,5.0,6.0,3.0,4.0,16.0,1.0,768.0,384.0,1.0,1.0,1.0,1.0,1.0,1.0,1.0,594737928.0,18775652.24,775406000.0,4.529500714285714,912.0,514.0,225280.0,1.1166592510066158e+16,15.571414285714289,4.140966296428572,78.57142857142857,16512.571428571428
64000.0,256000.0,256.0,64.0,3.0,16.0,18.0,28.0,5.0,6.0,2.0,1.0,1.0,3.0,6.0,6.0,6.0,1.0,4.0,4.0,1.0,3.0,3.0,3.0,2.0,6.0,6.0,3.0,3.0,5.0,3.0,1.0,3.0,3.0,1.0,288.0,12.0,1.0,1.0,1.0,1.0,1.0,1.0,1.0,6.0,2.0,3.0,2.0,5.0,6.0,1.0,4.0,6.0,4.0,2.0,4.0,2.0,6.0,5.0,6.0,3.0,4.0,64.0,16.0,1.0,64.0,128.0,1.0,32.0,1.0,1.0,1.0,1.0,1.0,2.0,5.0,3.0,1.0,2.0,4.0,3.0,3.0,4.0,2.0,5.0,5.0,2.0,2.0,2.0,4.0,2.0,4.0,32.0,2.0,1.0,2.0,128.0,1.0,4.0,4.0,1.0,1.0,1.0,1.0,3.0,3.0,5.0,2.0,1.0,1.0,4.0,2.0,4.0,2.0,6.0,5.0,5.0,1.0,2.0,5.0,1.0,6.0,32.0,256.0,1.0,24.0,12.0,1.0,1.0,1.0,1.0,1.0,1.0,1.0,1.0,5.0,2.0,3.0,6.0,1.0,5.0,4.0,4.0,2.0,5.0,6.0,1.0,2.0,2.0,6.0,1.0,1.0,96.0,16.0,1.0,256.0,2.0,1.0,1.0,1.0,1.0,1.0,1.0,1.0,2.0,2.0,5.0,4.0,5.0,3.0,3.0,2.0,3.0,2.0,2.0,5.0,3.0,4.0,5.0,2.0,5.0,2.0,8.0,2.0,1.0,6.0,12.0,1.0,1.0,1.0,1.0,1.0,1.0,1.0,501868212.0,23325784.360000003,36241200000.0,65.10595714285714,8064.0,514.0,1335296.0,1.1706469690250766e+16,18.285714285714285,1.7156363214285715,78.57142857142857,97801.14285714286
512000.0,128000.0,256.0,64.0,3.0,28.0,6.0,30.0,3.0,5.0,3.0,1.0,1.0,4.0,5.0,4.0,3.0,1.0,1.0,4.0,6.0,4.0,1.0,3.0,6.0,1.0,4.0,4.0,4.0,2.0,2.0,6.0,24.0,1.0,1.0,2.0,48.0,1.0,1.0,1.0,1.0,1.0,1.0,1.0,4.0,2.0,4.0,3.0,3.0,3.0,2.0,1.0,6.0,4.0,4.0,1.0,2.0,4.0,3.0,3.0,3.0,1.0,8.0,64.0,1.0,64.0,16.0,1.0,4.0,1.0,1.0,1.0,1.0,1.0,3.0,3.0,3.0,6.0,6.0,6.0,5.0,3.0,3.0,3.0,4.0,5.0,1.0,6.0,2.0,4.0,1.0,6.0,64.0,64.0,1.0,16.0,8.0,1.0,4.0,64.0,1.0,1.0,1.0,1.0,2.0,6.0,5.0,1.0,4.0,2.0,3.0,2.0,2.0,4.0,2.0,3.0,3.0,6.0,6.0,4.0,6.0,3.0,2.0,128.0,1.0,128.0,24.0,1.0,1.0,1.0,1.0,1.0,1.0,1.0,5.0,3.0,6.0,5.0,6.0,3.0,2.0,5.0,3.0,6.0,3.0,3.0,6.0,2.0,1.0,2.0,6.0,5.0,768.0,32.0,1.0,96.0,192.0,1.0,1.0,1.0,1.0,1.0,1.0,1.0,3.0,6.0,4.0,4.0,3.0,2.0,3.0,5.0,6.0,2.0,1.0,6.0,4.0,1.0,5.0,5.0,6.0,3.0,32.0,192.0,1.0,32.0,384.0,1.0,1.0,1.0,1.0,1.0,1.0,1.0,327947208.0,18271200.82,14884700000.0,34.738910714285716,5040.0,514.0,5652480.0,5991989295726311.0,91.57157142857142,1.4810267857142858,78.57142857142857,270665.14285714284
4096.0,1024000.0,256.0,64.0,2.0,4.0,12.0,46.0,5.0,6.0,4.0,2.0,3.0,6.0,3.0,5.0,6.0,6.0,1.0,2.0,3.0,3.0,3.0,3.0,1.0,2.0,3.0,5.0,5.0,2.0,1.0,6.0,768.0,24.0,1.0,4.0,128.0,1.0,1.0,1.0,1.0,1.0,1.0,1.0,5.0,6.0,2.0,4.0,5.0,4.0,3.0,6.0,6.0,2.0,3.0,6.0,3.0,5.0,1.0,1.0,3.0,6.0,8.0,1.0,1.0,4.0,2.0,1.0,32.0,8.0,1.0,1.0,1.0,1.0,6.0,3.0,2.0,6.0,5.0,1.0,6.0,4.0,4.0,6.0,6.0,5.0,2.0,1.0,2.0,4.0,5.0,2.0,64.0,4.0,1.0,8.0,1.0,1.0,32.0,64.0,1.0,1.0,1.0,1.0,6.0,1.0,5.0,3.0,6.0,6.0,6.0,5.0,4.0,2.0,1.0,5.0,6.0,6.0,6.0,1.0,5.0,3.0,3.0,64.0,1.0,768.0,4.0,1.0,1.0,1.0,1.0,1.0,1.0,1.0,1.0,1.0,6.0,1.0,4.0,3.0,3.0,2.0,4.0,5.0,5.0,3.0,4.0,4.0,1.0,4.0,2.0,4.0,128.0,6.0,1.0,1024.0,384.0,1.0,1.0,1.0,1.0,1.0,1.0,1.0,6.0,1.0,4.0,6.0,3.0,3.0,6.0,5.0,3.0,5.0,5.0,6.0,4.0,6.0,5.0,4.0,6.0,4.0,1024.0,768.0,1.0,12.0,768.0,1.0,1.0,1.0,1.0,1.0,1.0,1.0,1122911988.0,22676088.219999995,368411000.0,2.774386428571428,552.0,514.0,726528.0,2.5463251303183576e+16,11.082282142857144,5.737844810714286,78.57142857142857,44074.28571428572
128000.0,1024000.0,256.0,64.0,1.0,16.0,16.0,34.0,6.0,2.0,2.0,5.0,4.0,3.0,1.0,4.0,4.0,1.0,1.0,4.0,3.0,5.0,1.0,3.0,4.0,6.0,1.0,5.0,4.0,2.0,3.0,6.0,384.0,32.0,1.0,576.0,16.0,1.0,1.0,1.0,1.0,1.0,1.0,1.0,4.0,5.0,4.0,6.0,6.0,1.0,5.0,6.0,6.0,1.0,6.0,2.0,3.0,1.0,3.0,5.0,4.0,5.0,16.0,1.0,1.0,128.0,2.0,1.0,8.0,16.0,1.0,1.0,1.0,1.0,1.0,6.0,2.0,1.0,2.0,4.0,3.0,6.0,1.0,3.0,3.0,3.0,3.0,6.0,5.0,4.0,6.0,2.0,16.0,16.0,1.0,64.0,1.0,1.0,2.0,2.0,1.0,1.0,1.0,1.0,1.0,3.0,1.0,5.0,6.0,1.0,4.0,5.0,4.0,3.0,1.0,1.0,1.0,6.0,2.0,2.0,5.0,4.0,6.0,8.0,1.0,6.0,16.0,1.0,1.0,1.0,1.0,1.0,1.0,1.0,5.0,5.0,5.0,6.0,3.0,3.0,3.0,5.0,3.0,4.0,6.0,3.0,1.0,5.0,2.0,4.0,1.0,2.0,768.0,6.0,1.0,6.0,3072.0,1.0,1.0,1.0,1.0,1.0,1.0,1.0,2.0,3.0,1.0,3.0,1.0,2.0,2.0,2.0,5.0,4.0,3.0,1.0,6.0,6.0,4.0,5.0,2.0,4.0,6.0,48.0,1.0,3.0,64.0,1.0,1.0,1.0,1.0,1.0,1.0,1.0,333841536.0,53794675.2,14410900.0,0.16420714285714288,34.0,514.0,9028.0,1.7958896997389108e+16,32.21186071428571,40.98926,78.57142857142857,1408.0
128.0,16000000.0,256.0,64.0,1.0,24.0,22.0,20.0,2.0,2.0,1.0,4.0,4.0,4.0,3.0,5.0,1.0,4.0,3.0,1.0,2.0,6.0,5.0,1.0,5.0,2.0,2.0,3.0,2.0,5.0,1.0,5.0,768.0,128.0,1.0,9.0,2.0,1.0,1.0,1.0,1.0,1.0,1.0,1.0,3.0,6.0,4.0,3.0,1.0,6.0,1.0,1.0,1.0,2.0,4.0,5.0,4.0,1.0,1.0,2.0,6.0,1.0,2.0,2.0,1.0,16.0,128.0,1.0,32.0,4.0,1.0,1.0,1.0,1.0,3.0,1.0,3.0,1.0,3.0,4.0,1.0,2.0,1.0,3.0,1.0,4.0,2.0,5.0,4.0,3.0,4.0,1.0,128.0,128.0,1.0,64.0,32.0,1.0,1.0,64.0,1.0,1.0,1.0,1.0,1.0,1.0,6.0,6.0,6.0,1.0,1.0,3.0,4.0,1.0,5.0,4.0,5.0,3.0,6.0,6.0,2.0,3.0,8.0,48.0,1.0,128.0,48.0,1.0,1.0,1.0,1.0,1.0,1.0,1.0,1.0,5.0,1.0,5.0,6.0,5.0,5.0,5.0,5.0,2.0,1.0,1.0,2.0,1.0,3.0,6.0,1.0,4.0,8.0,128.0,1.0,96.0,16.0,1.0,1.0,1.0,1.0,1.0,1.0,1.0,3.0,1.0,6.0,3.0,2.0,3.0,5.0,1.0,3.0,1.0,2.0,6.0,4.0,6.0,1.0,2.0,4.0,4.0,8.0,8.0,1.0,6.0,12.0,1.0,1.0,1.0,1.0,1.0,1.0,1.0,11173626192.0,97609567.20000002,8639980.0,0.09645177142857142,20.0,514.0,514.0,1.0906528166557043e+18,1.0,1.4258078571428572,78.57142857142857,78.57142857142857
512.0,32000000.0,256.0,64.0,1.0,18.0,8.0,24.0,3.0,3.0,3.0,2.0,6.0,4.0,3.0,4.0,2.0,2.0,2.0,4.0,3.0,5.0,6.0,5.0,5.0,5.0,2.0,1.0,3.0,5.0,5.0,3.0,256.0,64.0,1.0,96.0,768.0,1.0,1.0,1.0,1.0,1.0,1.0,1.0,1.0,3.0,1.0,1.0,4.0,4.0,4.0,2.0,1.0,1.0,3.0,3.0,3.0,2.0,2.0,1.0,6.0,4.0,16.0,32.0,1.0,4.0,32.0,1.0,8.0,64.0,1.0,1.0,1.0,1.0,6.0,1.0,6.0,4.0,4.0,6.0,3.0,1.0,1.0,2.0,2.0,4.0,1.0,5.0,5.0,4.0,3.0,5.0,2.0,4.0,1.0,64.0,1.0,1.0,2.0,8.0,1.0,1.0,1.0,1.0,2.0,1.0,3.0,3.0,2.0,4.0,5.0,4.0,3.0,5.0,2.0,3.0,5.0,2.0,5.0,1.0,4.0,5.0,192.0,6.0,1.0,3.0,12.0,1.0,1.0,1.0,1.0,1.0,1.0,1.0,5.0,6.0,2.0,4.0,2.0,1.0,2.0,6.0,4.0,2.0,3.0,6.0,2.0,3.0,6.0,5.0,1.0,2.0,64.0,2.0,1.0,6.0,48.0,1.0,1.0,1.0,1.0,1.0,1.0,1.0,6.0,3.0,4.0,5.0,2.0,1.0,3.0,1.0,3.0,2.0,4.0,2.0,2.0,4.0,3.0,5.0,3.0,4.0,32.0,48.0,1.0,6.0,192.0,1.0,1.0,1.0,1.0,1.0,1.0,1.0,11173626192.0,101831887.20000002,10268200.0,0.1144362857142857,24.0,514.0,514.0,1.1378314419987098e+18,1.0,1.4258078571428572,78.57142857142857,78.57142857142857
1024.0,512000.0,256.0,64.0,2.0,36.0,2.0,26.0,6.0,4.0,1.0,6.0,6.0,2.0,4.0,6.0,5.0,6.0,1.0,5.0,3.0,3.0,2.0,1.0,4.0,3.0,6.0,3.0,4.0,2.0,5.0,4.0,32.0,48.0,1.0,96.0,64.0,1.0,1.0,1.0,1.0,1.0,1.0,1.0,6.0,5.0,2.0,4.0,2.0,1.0,4.0,5.0,4.0,6.0,4.0,4.0,1.0,4.0,5.0,2.0,4.0,6.0,32.0,32.0,1.0,32.0,128.0,1.0,8.0,2.0,1.0,1.0,1.0,1.0,6.0,2.0,1.0,3.0,4.0,2.0,6.0,6.0,1.0,3.0,3.0,5.0,1.0,5.0,2.0,3.0,1.0,1.0,8.0,16.0,1.0,4.0,1.0,1.0,1.0,32.0,1.0,1.0,1.0,1.0,1.0,5.0,4.0,2.0,5.0,4.0,5.0,6.0,4.0,3.0,1.0,6.0,3.0,6.0,2.0,2.0,1.0,3.0,4.0,256.0,1.0,1.0,6.0,1.0,1.0,1.0,1.0,1.0,1.0,1.0,3.0,4.0,5.0,2.0,5.0,2.0,2.0,1.0,6.0,3.0,4.0,3.0,1.0,5.0,4.0,5.0,1.0,4.0,6.0,256.0,1.0,16.0,4.0,1.0,1.0,1.0,1.0,1.0,1.0,1.0,6.0,5.0,5.0,1.0,2.0,4.0,6.0,3.0,4.0,1.0,1.0,4.0,1.0,6.0,4.0,6.0,3.0,5.0,12.0,512.0,1.0,4.0,24.0,1.0,1.0,1.0,1.0,1.0,1.0,1.0,5598063948.0,25227470.08,22126300.0,0.2544702142857143,52.0,514.0,40960.0,1.4122499075409667e+17,2.0,0.8717221392857145,78.57142857142857,3906.5714285714284
1024.0,4096000.0,256.0,64.0,3.0,8.0,8.0,28.0,6.0,5.0,1.0,2.0,6.0,3.0,5.0,4.0,6.0,5.0,1.0,5.0,3.0,3.0,1.0,6.0,2.0,6.0,3.0,4.0,6.0,1.0,6.0,3.0,64.0,384.0,1.0,256.0,8.0,1.0,1.0,1.0,1.0,1.0,1.0,1.0,5.0,1.0,2.0,1.0,1.0,4.0,3.0,4.0,2.0,4.0,3.0,6.0,6.0,1.0,3.0,5.0,1.0,1.0,4.0,8.0,1.0,64.0,128.0,1.0,16.0,16.0,1.0,1.0,1.0,1.0,6.0,1.0,3.0,3.0,3.0,1.0,6.0,5.0,6.0,4.0,3.0,5.0,4.0,3.0,6.0,3.0,4.0,2.0,4.0,4.0,1.0,1.0,128.0,1.0,16.0,32.0,1.0,1.0,1.0,1.0,1.0,2.0,4.0,2.0,6.0,5.0,5.0,5.0,5.0,1.0,3.0,6.0,2.0,1.0,6.0,1.0,1.0,3.0,128.0,192.0,1.0,3.0,3.0,1.0,1.0,1.0,1.0,1.0,1.0,1.0,2.0,3.0,5.0,1.0,2.0,6.0,6.0,5.0,5.0,3.0,3.0,4.0,4.0,5.0,4.0,4.0,6.0,3.0,8.0,32.0,1.0,1024.0,16.0,1.0,1.0,1.0,1.0,1.0,1.0,1.0,6.0,5.0,2.0,3.0,1.0,1.0,1.0,2.0,3.0,4.0,6.0,6.0,4.0,3.0,3.0,5.0,6.0,4.0,384.0,96.0,1.0,8.0,24.0,1.0,1.0,1.0,1.0,1.0,1.0,1.0,350711520.0,17803956.6,2326570000.0,9.860340714285716,1792.0,514.0,940032.0,6244052681200033.0,84.42871428571428,1.6083364357142855,78.57142857142857,112173.71428571429
1024000.0,1024000.0,256.0,64.0,1.0,44.0,10.0,48.0,5.0,3.0,1.0,5.0,4.0,4.0,6.0,5.0,3.0,2.0,2.0,2.0,2.0,3.0,2.0,3.0,2.0,4.0,1.0,5.0,4.0,2.0,6.0,2.0,1.0,16.0,1.0,4.0,48.0,1.0,1.0,1.0,1.0,1.0,1.0,1.0,2.0,3.0,2.0,1.0,1.0,5.0,3.0,1.0,3.0,6.0,1.0,1.0,1.0,1.0,3.0,3.0,3.0,6.0,16.0,64.0,1.0,1.0,1.0,1.0,1.0,8.0,1.0,1.0,1.0,1.0,5.0,5.0,6.0,5.0,4.0,2.0,3.0,6.0,5.0,4.0,1.0,1.0,5.0,3.0,4.0,1.0,1.0,4.0,8.0,1.0,1.0,1.0,128.0,1.0,2.0,32.0,1.0,1.0,1.0,1.0,5.0,3.0,3.0,1.0,3.0,3.0,1.0,2.0,1.0,5.0,3.0,1.0,4.0,5.0,5.0,6.0,1.0,5.0,4.0,768.0,1.0,64.0,48.0,1.0,1.0,1.0,1.0,1.0,1.0,1.0,4.0,6.0,1.0,4.0,1.0,3.0,4.0,2.0,3.0,1.0,2.0,5.0,5.0,3.0,4.0,6.0,4.0,4.0,32.0,2.0,1.0,16.0,12.0,1.0,1.0,1.0,1.0,1.0,1.0,1.0,3.0,6.0,6.0,2.0,1.0,5.0,4.0,6.0,2.0,1.0,6.0,3.0,3.0,2.0,6.0,4.0,5.0,3.0,64.0,1.0,1.0,8.0,6.0,1.0,1.0,1.0,1.0,1.0,1.0,1.0,234751440.0,36388901.760000005,20381000.0,0.2296288571428572,48.0,514.0,12640.0,8542347088178536.0,38.85715714285714,35.34789178571428,78.57142857142857,1972.0
16000.0,64000.0,256.0,64.0,1.0,16.0,16.0,44.0,5.0,4.0,6.0,6.0,5.0,3.0,2.0,2.0,4.0,2.0,4.0,6.0,2.0,3.0,6.0,2.0,1.0,2.0,2.0,4.0,3.0,1.0,2.0,2.0,256.0,64.0,1.0,1152.0,9.0,1.0,1.0,1.0,1.0,1.0,1.0,1.0,1.0,1.0,4.0,3.0,3.0,4.0,2.0,6.0,3.0,3.0,6.0,6.0,3.0,2.0,2.0,3.0,3.0,4.0,8.0,8.0,1.0,16.0,32.0,1.0,64.0,2.0,1.0,1.0,1.0,1.0,2.0,5.0,3.0,2.0,3.0,3.0,6.0,5.0,2.0,1.0,3.0,4.0,1.0,1.0,2.0,5.0,4.0,2.0,128.0,32.0,1.0,8.0,8.0,1.0,8.0,32.0,1.0,1.0,1.0,1.0,5.0,3.0,3.0,5.0,6.0,4.0,5.0,4.0,1.0,5.0,4.0,4.0,6.0,6.0,3.0,6.0,4.0,6.0,2.0,3.0,1.0,768.0,6.0,1.0,1.0,1.0,1.0,1.0,1.0,1.0,2.0,2.0,1.0,3.0,1.0,1.0,4.0,2.0,3.0,6.0,1.0,6.0,3.0,5.0,6.0,1.0,4.0,5.0,12.0,8.0,1.0,2.0,1024.0,1.0,1.0,1.0,1.0,1.0,1.0,1.0,5.0,3.0,5.0,1.0,1.0,6.0,2.0,6.0,4.0,2.0,6.0,2.0,1.0,6.0,6.0,5.0,2.0,1.0,3072.0,192.0,1.0,4.0,32.0,1.0,1.0,1.0,1.0,1.0,1.0,1.0,10879893840.0,112882440.48,18653700.0,0.20545185714285716,44.0,514.0,514.0,1.2281489688225188e+18,32.142871428571425,32.148165000000006,78.57142857142857,226.0
1024000.0,8192000.0,256.0,64.0,2.0,16.0,44.0,48.0,6.0,2.0,4.0,4.0,4.0,1.0,1.0,6.0,5.0,2.0,5.0,4.0,5.0,2.0,5.0,6.0,4.0,3.0,4.0,3.0,1.0,1.0,4.0,3.0,48.0,32.0,1.0,256.0,4.0,1.0,1.0,1.0,1.0,1.0,1.0,1.0,2.0,1.0,1.0,5.0,6.0,3.0,6.0,4.0,3.0,1.0,3.0,4.0,3.0,3.0,2.0,4.0,5.0,6.0,64.0,32.0,1.0,4.0,64.0,1.0,64.0,64.0,1.0,1.0,1.0,1.0,5.0,6.0,5.0,2.0,2.0,4.0,2.0,6.0,4.0,4.0,5.0,5.0,4.0,6.0,3.0,5.0,5.0,6.0,32.0,2.0,1.0,64.0,4.0,1.0,32.0,64.0,1.0,1.0,1.0,1.0,5.0,1.0,2.0,6.0,5.0,4.0,6.0,2.0,6.0,1.0,5.0,3.0,6.0,1.0,2.0,3.0,6.0,1.0,768.0,96.0,1.0,128.0,96.0,1.0,1.0,1.0,1.0,1.0,1.0,1.0,4.0,6.0,4.0,1.0,3.0,2.0,4.0,4.0,5.0,1.0,4.0,2.0,2.0,5.0,2.0,2.0,4.0,6.0,6.0,128.0,1.0,3.0,768.0,1.0,1.0,1.0,1.0,1.0,1.0,1.0,2.0,3.0,4.0,2.0,3.0,5.0,4.0,1.0,3.0,2.0,2.0,6.0,4.0,3.0,2.0,5.0,4.0,1.0,24.0,96.0,1.0,4.0,384.0,1.0,1.0,1.0,1.0,1.0,1.0,1.0,399707628.0,18005603.64,3086230000.0,11.597060714285716,2112.0,514.0,368640.0,7196977121652566.0,470.4761928571428,76.79102771428573,78.57142857142857,39709.142857142855
2048.0,16000.0,256.0,64.0,2.0,40.0,44.0,16.0,6.0,5.0,2.0,3.0,6.0,3.0,2.0,6.0,6.0,2.0,5.0,3.0,6.0,6.0,4.0,1.0,6.0,4.0,1.0,2.0,5.0,1.0,6.0,5.0,3.0,96.0,1.0,36.0,288.0,1.0,1.0,1.0,1.0,1.0,1.0,1.0,3.0,4.0,3.0,2.0,4.0,5.0,4.0,5.0,3.0,3.0,2.0,3.0,6.0,6.0,2.0,5.0,2.0,5.0,2.0,1.0,1.0,1.0,64.0,1.0,8.0,2.0,1.0,1.0,1.0,1.0,3.0,5.0,4.0,3.0,5.0,5.0,4.0,6.0,1.0,4.0,2.0,4.0,1.0,3.0,3.0,1.0,2.0,4.0,64.0,8.0,1.0,128.0,128.0,1.0,2.0,64.0,1.0,1.0,1.0,1.0,1.0,2.0,6.0,2.0,6.0,4.0,6.0,5.0,4.0,6.0,6.0,1.0,3.0,5.0,4.0,2.0,4.0,1.0,4.0,96.0,1.0,768.0,64.0,1.0,1.0,1.0,1.0,1.0,1.0,1.0,6.0,3.0,1.0,5.0,5.0,3.0,1.0,3.0,6.0,1.0,6.0,1.0,5.0,4.0,1.0,6.0,4.0,3.0,256.0,48.0,1.0,32.0,96.0,1.0,1.0,1.0,1.0,1.0,1.0,1.0,4.0,4.0,5.0,6.0,2.0,6.0,1.0,2.0,5.0,5.0,3.0,6.0,2.0,6.0,1.0,1.0,6.0,4.0,1536.0,1536.0,1.0,96.0,48.0,1.0,1.0,1.0,1.0,1.0,1.0,1.0,2142295260.0,18477280.96,524202000.0,3.6228957142857143,704.0,514.0,1093632.0,3.958379141829625e+16,24.109524999999998,9.292702785714287,78.57142857142857,67599.42857142857
2048.0,2048000.0,256.0,64.0,1.0,22.0,16.0,38.0,4.0,5.0,3.0,6.0,6.0,1.0,1.0,4.0,1.0,2.0,3.0,6.0,4.0,3.0,5.0,1.0,2.0,1.0,4.0,6.0,2.0,1.0,4.0,3.0,1.0,64.0,1.0,18.0,144.0,1.0,1.0,1.0,1.0,1.0,1.0,1.0,6.0,3.0,1.0,5.0,4.0,2.0,4.0,2.0,3.0,2.0,4.0,1.0,5.0,5.0,4.0,3.0,3.0,3.0,8.0,16.0,1.0,4.0,4.0,1.0,1.0,32.0,1.0,1.0,1.0,1.0,3.0,1.0,4.0,3.0,2.0,4.0,6.0,5.0,2.0,1.0,3.0,5.0,1.0,6.0,5.0,1.0,5.0,6.0,1.0,8.0,1.0,8.0,64.0,1.0,32.0,32.0,1.0,1.0,1.0,1.0,3.0,2.0,5.0,2.0,3.0,2.0,2.0,2.0,5.0,2.0,3.0,3.0,4.0,6.0,2.0,4.0,5.0,4.0,192.0,384.0,1.0,32.0,384.0,1.0,1.0,1.0,1.0,1.0,1.0,1.0,1.0,2.0,2.0,2.0,6.0,6.0,4.0,6.0,5.0,4.0,6.0,4.0,4.0,2.0,1.0,2.0,3.0,6.0,384.0,8.0,1.0,1024.0,1536.0,1.0,1.0,1.0,1.0,1.0,1.0,1.0,1.0,6.0,5.0,6.0,3.0,2.0,6.0,5.0,6.0,5.0,3.0,1.0,6.0,1.0,3.0,5.0,1.0,3.0,48.0,128.0,1.0,768.0,48.0,1.0,1.0,1.0,1.0,1.0,1.0,1.0,11173626192.0,84942463.2,16095200.0,0.17773942857142852,38.0,514.0,514.0,9.491153316245162e+17,1.0,1.4258075000000001,78.57142857142857,78.57142857142857
2048000.0,4096000.0,256.0,64.0,2.0,18.0,48.0,26.0,5.0,6.0,5.0,6.0,1.0,1.0,2.0,3.0,5.0,1.0,1.0,1.0,3.0,3.0,1.0,5.0,4.0,5.0,3.0,4.0,3.0,2.0,6.0,5.0,128.0,64.0,1.0,6.0,4.0,1.0,1.0,1.0,1.0,1.0,1.0,1.0,1.0,3.0,6.0,2.0,5.0,2.0,4.0,5.0,4.0,1.0,4.0,2.0,1.0,3.0,4.0,3.0,2.0,3.0,2.0,4.0,1.0,1.0,1.0,1.0,16.0,32.0,1.0,1.0,1.0,1.0,5.0,2.0,1.0,1.0,6.0,3.0,6.0,4.0,3.0,6.0,5.0,5.0,5.0,4.0,5.0,3.0,5.0,3.0,2.0,128.0,1.0,64.0,16.0,1.0,4.0,1.0,1.0,1.0,1.0,1.0,5.0,2.0,1.0,5.0,6.0,6.0,6.0,6.0,4.0,6.0,4.0,6.0,2.0,3.0,4.0,1.0,2.0,5.0,96.0,96.0,1.0,2.0,3.0,1.0,1.0,1.0,1.0,1.0,1.0,1.0,3.0,6.0,3.0,5.0,6.0,2.0,4.0,1.0,1.0,6.0,4.0,2.0,5.0,6.0,2.0,6.0,3.0,5.0,8.0,12.0,1.0,384.0,8.0,1.0,1.0,1.0,1.0,1.0,1.0,1.0,2.0,3.0,6.0,5.0,1.0,5.0,1.0,3.0,6.0,2.0,4.0,3.0,6.0,5.0,2.0,2.0,6.0,6.0,3.0,3.0,1.0,4.0,384.0,1.0,1.0,1.0,1.0,1.0,1.0,1.0,249669648.0,25701278.92,1274480000.0,6.344439642857144,1248.0,514.0,106496.0,6416829261106221.0,28.571442857142852,11.16951592857143,78.57142857142857,12344.57142857143
64000.0,8192000.0,256.0,64.0,1.0,48.0,30.0,48.0,1.0,6.0,1.0,3.0,3.0,4.0,1.0,6.0,6.0,2.0,4.0,1.0,2.0,3.0,4.0,6.0,5.0,6.0,3.0,2.0,5.0,4.0,3.0,3.0,32.0,6.0,1.0,3.0,576.0,1.0,1.0,1.0,1.0,1.0,1.0,1.0,1.0,3.0,6.0,5.0,4.0,2.0,2.0,2.0,1.0,4.0,2.0,2.0,5.0,5.0,3.0,1.0,6.0,3.0,4.0,2.0,1.0,32.0,2.0,1.0,128.0,16.0,1.0,1.0,1.0,1.0,3.0,2.0,6.0,6.0,3.0,4.0,5.0,2.0,5.0,4.0,5.0,4.0,1.0,5.0,3.0,3.0,6.0,5.0,16.0,128.0,1.0,1.0,32.0,1.0,8.0,8.0,1.0,1.0,1.0,1.0,5.0,3.0,5.0,2.0,2.0,5.0,2.0,2.0,5.0,4.0,6.0,6.0,1.0,5.0,6.0,2.0,1.0,1.0,64.0,32.0,1.0,6.0,2.0,1.0,1.0,1.0,1.0,1.0,1.0,1.0,4.0,3.0,2.0,1.0,6.0,4.0,6.0,1.0,6.0,6.0,5.0,4.0,4.0,2.0,2.0,4.0,1.0,6.0,8.0,6.0,1.0,1536.0,16.0,1.0,1.0,1.0,1.0,1.0,1.0,1.0,2.0,4.0,6.0,4.0,4.0,1.0,3.0,4.0,6.0,4.0,5.0,5.0,4.0,5.0,5.0,1.0,6.0,6.0,1536.0,3.0,1.0,384.0,24.0,1.0,1.0,1.0,1.0,1.0,1.0,1.0,233570640.0,67105802.400000006,20381000.0,0.2296288571428572,48.0,514.0,12640.0,1.5673945214281538e+16,43.428599999999996,43.854942857142866,78.57142857142857,1972.0
2048000.0,64000.0,256.0,64.0,2.0,10.0,44.0,6.0,3.0,1.0,2.0,6.0,4.0,6.0,2.0,3.0,5.0,1.0,1.0,4.0,4.0,6.0,3.0,1.0,3.0,6.0,1.0,6.0,3.0,1.0,1.0,3.0,96.0,384.0,1.0,128.0,576.0,1.0,1.0,1.0,1.0,1.0,1.0,1.0,5.0,5.0,3.0,3.0,1.0,3.0,2.0,3.0,5.0,6.0,1.0,4.0,6.0,4.0,4.0,4.0,3.0,3.0,64.0,1.0,1.0,128.0,8.0,1.0,16.0,1.0,1.0,1.0,1.0,1.0,1.0,2.0,6.0,6.0,6.0,4.0,4.0,5.0,2.0,5.0,1.0,5.0,2.0,4.0,3.0,3.0,5.0,2.0,16.0,2.0,1.0,8.0,2.0,1.0,64.0,64.0,1.0,1.0,1.0,1.0,5.0,1.0,3.0,2.0,4.0,3.0,6.0,4.0,2.0,2.0,2.0,3.0,1.0,1.0,2.0,3.0,6.0,1.0,64.0,48.0,1.0,128.0,256.0,1.0,1.0,1.0,1.0,1.0,1.0,1.0,4.0,2.0,2.0,5.0,3.0,1.0,4.0,6.0,1.0,3.0,6.0,2.0,2.0,5.0,1.0,1.0,4.0,2.0,384.0,24.0,1.0,4.0,384.0,1.0,1.0,1.0,1.0,1.0,1.0,1.0,6.0,5.0,3.0,6.0,3.0,4.0,1.0,6.0,6.0,6.0,1.0,1.0,6.0,2.0,3.0,6.0,6.0,3.0,768.0,256.0,1.0,1.0,6.0,1.0,1.0,1.0,1.0,1.0,1.0,1.0,11193502152.0,40235745.06,137810000.0,1.2509867857142858,264.0,514.0,81920.0,4.503788989164334e+17,1.0,0.690249005,78.57142857142857,7842.0
2048.0,2048000.0,256.0,64.0,1.0,6.0,12.0,12.0,4.0,4.0,2.0,3.0,5.0,6.0,5.0,1.0,6.0,2.0,5.0,6.0,3.0,3.0,1.0,5.0,1.0,5.0,2.0,4.0,5.0,6.0,5.0,4.0,12.0,32.0,1.0,18.0,128.0,1.0,1.0,1.0,1.0,1.0,1.0,1.0,3.0,4.0,1.0,3.0,3.0,1.0,1.0,1.0,1.0,3.0,6.0,6.0,2.0,4.0,3.0,4.0,2.0,1.0,1.0,32.0,1.0,1.0,4.0,1.0,128.0,1.0,1.0,1.0,1.0,1.0,1.0,1.0,6.0,3.0,2.0,1.0,2.0,1.0,6.0,2.0,4.0,1.0,3.0,2.0,1.0,1.0,1.0,1.0,64.0,32.0,1.0,32.0,8.0,1.0,4.0,4.0,1.0,1.0,1.0,1.0,2.0,2.0,2.0,1.0,1.0,6.0,1.0,6.0,4.0,1.0,1.0,6.0,6.0,3.0,1.0,5.0,3.0,1.0,64.0,768.0,1.0,1.0,384.0,1.0,1.0,1.0,1.0,1.0,1.0,1.0,2.0,6.0,3.0,6.0,4.0,4.0,1.0,5.0,2.0,3.0,5.0,3.0,3.0,5.0,5.0,1.0,1.0,3.0,16.0,2.0,1.0,24.0,6.0,1.0,1.0,1.0,1.0,1.0,1.0,1.0,2.0,5.0,6.0,6.0,2.0,1.0,1.0,3.0,4.0,3.0,5.0,2.0,3.0,3.0,2.0,2.0,3.0,5.0,96.0,256.0,1.0,32.0,256.0,1.0,1.0,1.0,1.0,1.0,1.0,1.0,11173626192.0,97604124.0,5432530.0,0.06048252857142857,12.0,514.0,514.0,1.0905919963736159e+18,1.0,1.4224864285714287,78.57142857142857,78.57142857142857
256000.0,64000.0,256.0,64.0,3.0,28.0,38.0,16.0,3.0,4.0,1.0,1.0,6.0,2.0,6.0,6.0,6.0,6.0,2.0,3.0,2.0,4.0,5.0,1.0,3.0,5.0,2.0,6.0,4.0,1.0,1.0,3.0,16.0,32.0,1.0,64.0,1152.0,1.0,1.0,1.0,1.0,1.0,1.0,1.0,5.0,4.0,3.0,1.0,1.0,1.0,6.0,3.0,6.0,6.0,1.0,2.0,2.0,6.0,5.0,1.0,5.0,5.0,4.0,64.0,1.0,1.0,128.0,1.0,2.0,4.0,1.0,1.0,1.0,1.0,2.0,1.0,5.0,2.0,2.0,3.0,3.0,3.0,1.0,6.0,2.0,2.0,6.0,4.0,1.0,3.0,2.0,6.0,32.0,4.0,1.0,4.0,8.0,1.0,32.0,4.0,1.0,1.0,1.0,1.0,1.0,4.0,2.0,2.0,5.0,3.0,6.0,6.0,5.0,3.0,4.0,1.0,5.0,5.0,5.0,4.0,4.0,3.0,32.0,256.0,1.0,24.0,24.0,1.0,1.0,1.0,1.0,1.0,1.0,1.0,1.0,6.0,1.0,6.0,3.0,6.0,3.0,1.0,6.0,2.0,2.0,1.0,5.0,3.0,4.0,6.0,3.0,4.0,24.0,24.0,1.0,768.0,12.0,1.0,1.0,1.0,1.0,1.0,1.0,1.0,2.0,6.0,3.0,4.0,5.0,3.0,5.0,4.0,3.0,5.0,5.0,3.0,1.0,3.0,5.0,5.0,3.0,2.0,1024.0,1.0,1.0,32.0,6.0,1.0,1.0,1.0,1.0,1.0,1.0,1.0,777998160.0,19235065.800000004,154241000000.0,203.7152857142857,17024.0,514.0,376832.0,1.4964845799878932e+16,83.07142857142857,1.8457968214285718,78.57142857142857,46006.857142857145
16000.0,4096000.0,256.0,64.0,2.0,34.0,38.0,20.0,2.0,6.0,5.0,6.0,3.0,6.0,5.0,3.0,4.0,5.0,1.0,2.0,6.0,6.0,1.0,6.0,1.0,4.0,1.0,1.0,6.0,2.0,3.0,6.0,96.0,384.0,1.0,256.0,32.0,1.0,1.0,1.0,1.0,1.0,1.0,1.0,1.0,4.0,1.0,2.0,6.0,2.0,6.0,3.0,4.0,4.0,5.0,5.0,6.0,6.0,4.0,4.0,1.0,1.0,64.0,64.0,1.0,128.0,32.0,1.0,64.0,2.0,1.0,1.0,1.0,1.0,4.0,1.0,2.0,1.0,5.0,1.0,1.0,3.0,3.0,4.0,2.0,6.0,6.0,1.0,6.0,4.0,3.0,5.0,2.0,1.0,1.0,16.0,64.0,1.0,2.0,1.0,1.0,1.0,1.0,1.0,2.0,1.0,5.0,3.0,2.0,4.0,1.0,1.0,1.0,1.0,4.0,1.0,5.0,2.0,5.0,3.0,6.0,1.0,2.0,128.0,1.0,128.0,4.0,1.0,1.0,1.0,1.0,1.0,1.0,1.0,2.0,2.0,3.0,1.0,6.0,2.0,1.0,6.0,4.0,5.0,4.0,5.0,1.0,6.0,3.0,2.0,4.0,4.0,768.0,256.0,1.0,512.0,48.0,1.0,1.0,1.0,1.0,1.0,1.0,1.0,3.0,1.0,6.0,5.0,4.0,1.0,5.0,3.0,6.0,6.0,4.0,5.0,5.0,2.0,5.0,2.0,2.0,1.0,768.0,1536.0,1.0,192.0,192.0,1.0,1.0,1.0,1.0,1.0,1.0,1.0,1180931484.0,21064919.599999998,587565000.0,4.146877857142857,760.0,514.0,1523712.0,2.4876226763568684e+16,8.857142857142858,3.8552157142857144,78.57142857142857,136054.57142857142
32000.0,128000.0,256.0,64.0,1.0,28.0,20.0,42.0,2.0,3.0,4.0,4.0,3.0,5.0,1.0,6.0,1.0,1.0,4.0,6.0,2.0,3.0,3.0,3.0,5.0,5.0,1.0,4.0,1.0,5.0,3.0,2.0,16.0,3.0,1.0,32.0,288.0,1.0,1.0,1.0,1.0,1.0,1.0,1.0,6.0,1.0,2.0,5.0,6.0,2.0,3.0,6.0,4.0,5.0,3.0,5.0,1.0,1.0,4.0,4.0,6.0,5.0,2.0,8.0,1.0,32.0,16.0,1.0,4.0,32.0,1.0,1.0,1.0,1.0,5.0,5.0,1.0,1.0,5.0,6.0,1.0,5.0,5.0,3.0,5.0,6.0,3.0,2.0,5.0,5.0,5.0,3.0,32.0,4.0,1.0,1.0,8.0,1.0,32.0,2.0,1.0,1.0,1.0,1.0,4.0,2.0,5.0,2.0,1.0,3.0,3.0,2.0,5.0,4.0,3.0,6.0,4.0,3.0,3.0,3.0,2.0,1.0,96.0,48.0,1.0,48.0,32.0,1.0,1.0,1.0,1.0,1.0,1.0,1.0,3.0,4.0,2.0,5.0,4.0,3.0,6.0,6.0,2.0,5.0,4.0,3.0,4.0,3.0,3.0,1.0,4.0,1.0,12.0,48.0,1.0,48.0,16.0,1.0,1.0,1.0,1.0,1.0,1.0,1.0,4.0,4.0,1.0,3.0,6.0,4.0,2.0,5.0,5.0,5.0,1.0,1.0,4.0,4.0,5.0,5.0,5.0,4.0,2.0,3.0,1.0,256.0,48.0,1.0,1.0,1.0,1.0,1.0,1.0,1.0,11173626192.0,80037276.0,17796800.0,0.1958718571428571,42.0,514.0,514.0,8.94306603449933e+17,1.0,1.0068964285714284,78.57142857142857,78.57142857142857
16000.0,64000.0,256.0,64.0,2.0,46.0,6.0,28.0,2.0,1.0,6.0,2.0,1.0,5.0,5.0,1.0,4.0,6.0,1.0,1.0,5.0,2.0,6.0,1.0,1.0,5.0,1.0,1.0,1.0,3.0,2.0,4.0,192.0,96.0,1.0,192.0,288.0,1.0,1.0,1.0,1.0,1.0,1.0,1.0,2.0,2.0,6.0,6.0,1.0,6.0,5.0,3.0,3.0,6.0,1.0,4.0,6.0,1.0,4.0,3.0,2.0,1.0,1.0,2.0,1.0,8.0,4.0,1.0,128.0,1.0,1.0,1.0,1.0,1.0,5.0,1.0,1.0,4.0,1.0,4.0,2.0,2.0,4.0,5.0,1.0,4.0,4.0,5.0,3.0,4.0,4.0,3.0,32.0,128.0,1.0,32.0,1.0,1.0,8.0,8.0,1.0,1.0,1.0,1.0,5.0,2.0,5.0,5.0,5.0,1.0,5.0,3.0,5.0,6.0,4.0,3.0,4.0,4.0,3.0,5.0,4.0,1.0,12.0,8.0,1.0,2.0,6.0,1.0,1.0,1.0,1.0,1.0,1.0,1.0,3.0,6.0,3.0,3.0,4.0,1.0,2.0,5.0,5.0,6.0,2.0,5.0,4.0,2.0,5.0,6.0,3.0,5.0,6.0,128.0,1.0,4.0,64.0,1.0,1.0,1.0,1.0,1.0,1.0,1.0,6.0,2.0,6.0,4.0,3.0,5.0,3.0,1.0,2.0,2.0,6.0,6.0,6.0,3.0,4.0,2.0,4.0,1.0,128.0,1.0,1.0,2.0,48.0,1.0,1.0,1.0,1.0,1.0,1.0,1.0,10957754136.0,41420634.2,79755100.0,0.7931881428571427,168.0,514.0,110592.0,4.538771257207931e+17,4.350648571428572,2.122269214285714,78.57142857142857,5577.285714285715
64000.0,4096000.0,256.0,64.0,2.0,38.0,8.0,44.0,5.0,3.0,2.0,6.0,3.0,4.0,6.0,4.0,1.0,4.0,1.0,1.0,6.0,1.0,1.0,2.0,4.0,3.0,3.0,3.0,6.0,4.0,1.0,5.0,32.0,96.0,1.0,128.0,12.0,1.0,1.0,1.0,1.0,1.0,1.0,1.0,1.0,6.0,3.0,5.0,3.0,1.0,4.0,4.0,5.0,6.0,2.0,3.0,4.0,3.0,1.0,5.0,4.0,2.0,16.0,8.0,1.0,128.0,32.0,1.0,4.0,64.0,1.0,1.0,1.0,1.0,6.0,2.0,1.0,2.0,2.0,1.0,4.0,6.0,4.0,3.0,5.0,2.0,5.0,1.0,4.0,2.0,2.0,6.0,128.0,64.0,1.0,128.0,1.0,1.0,1.0,4.0,1.0,1.0,1.0,1.0,2.0,1.0,3.0,2.0,2.0,4.0,5.0,1.0,1.0,2.0,3.0,2.0,2.0,3.0,1.0,1.0,5.0,2.0,4.0,16.0,1.0,192.0,256.0,1.0,1.0,1.0,1.0,1.0,1.0,1.0,5.0,6.0,5.0,5.0,4.0,3.0,6.0,6.0,2.0,3.0,6.0,4.0,5.0,3.0,6.0,5.0,2.0,2.0,2.0,768.0,1.0,4.0,1536.0,1.0,1.0,1.0,1.0,1.0,1.0,1.0,1.0,6.0,6.0,4.0,6.0,5.0,3.0,3.0,6.0,1.0,5.0,2.0,6.0,4.0,5.0,2.0,5.0,6.0,8.0,4.0,1.0,2.0,96.0,1.0,1.0,1.0,1.0,1.0,1.0,1.0,3074098944.0,31605061.399999995,199279000.0,1.6533585714285715,352.0,514.0,51712.0,9.715708587479515e+16,18.642857142857142,10.21576935714286,78.57142857142857,2854.5714285714284
128000.0,512000.0,256.0,64.0,2.0,40.0,40.0,24.0,5.0,5.0,6.0,1.0,2.0,2.0,4.0,3.0,1.0,3.0,2.0,1.0,5.0,2.0,6.0,3.0,2.0,2.0,1.0,4.0,6.0,1.0,2.0,2.0,768.0,6.0,1.0,288.0,144.0,1.0,1.0,1.0,1.0,1.0,1.0,1.0,3.0,6.0,2.0,2.0,5.0,6.0,2.0,2.0,2.0,3.0,4.0,4.0,6.0,6.0,1.0,4.0,2.0,6.0,1.0,8.0,1.0,32.0,32.0,1.0,32.0,1.0,1.0,1.0,1.0,1.0,6.0,3.0,5.0,6.0,5.0,2.0,3.0,2.0,3.0,6.0,3.0,3.0,4.0,1.0,4.0,5.0,1.0,1.0,64.0,2.0,1.0,128.0,64.0,1.0,4.0,8.0,1.0,1.0,1.0,1.0,5.0,1.0,6.0,5.0,2.0,4.0,4.0,4.0,6.0,4.0,3.0,4.0,4.0,6.0,5.0,1.0,6.0,1.0,128.0,128.0,1.0,1.0,3.0,1.0,1.0,1.0,1.0,1.0,1.0,1.0,3.0,2.0,6.0,2.0,5.0,2.0,5.0,6.0,1.0,2.0,2.0,6.0,6.0,5.0,4.0,5.0,1.0,2.0,16.0,256.0,1.0,12.0,1024.0,1.0,1.0,1.0,1.0,1.0,1.0,1.0,6.0,1.0,1.0,1.0,4.0,2.0,6.0,1.0,2.0,1.0,1.0,2.0,4.0,4.0,4.0,1.0,6.0,2.0,3.0,48.0,1.0,128.0,8.0,1.0,1.0,1.0,1.0,1.0,1.0,1.0,1944012036.0,28152799.480000004,839640000.0,4.7550035714285706,960.0,514.0,40128.0,5.472938103621455e+16,29.08333214285714,20.248953535714286,78.57142857142857,7882.857142857143
32000.0,16000.0,256.0,64.0,3.0,40.0,8.0,26.0,1.0,5.0,1.0,1.0,6.0,3.0,3.0,5.0,4.0,4.0,2.0,2.0,5.0,2.0,6.0,3.0,3.0,4.0,5.0,3.0,2.0,4.0,3.0,1.0,64.0,3.0,1.0,768.0,18.0,1.0,1.0,1.0,1.0,1.0,1.0,1.0,5.0,3.0,1.0,6.0,6.0,6.0,2.0,1.0,4.0,2.0,6.0,6.0,6.0,6.0,1.0,3.0,2.0,3.0,64.0,32.0,1.0,2.0,64.0,1.0,4.0,8.0,1.0,1.0,1.0,1.0,3.0,4.0,3.0,3.0,2.0,3.0,5.0,1.0,3.0,1.0,6.0,5.0,4.0,6.0,6.0,4.0,5.0,5.0,64.0,128.0,1.0,1.0,4.0,1.0,8.0,4.0,1.0,1.0,1.0,1.0,6.0,5.0,3.0,2.0,4.0,2.0,4.0,6.0,3.0,1.0,2.0,1.0,5.0,1.0,1.0,4.0,2.0,6.0,128.0,12.0,1.0,384.0,96.0,1.0,1.0,1.0,1.0,1.0,1.0,1.0,2.0,5.0,5.0,4.0,5.0,4.0,5.0,5.0,3.0,2.0,6.0,1.0,4.0,2.0,3.0,6.0,4.0,3.0,32.0,96.0,1.0,16.0,8.0,1.0,1.0,1.0,1.0,1.0,1.0,1.0,3.0,2.0,5.0,5.0,2.0,3.0,6.0,6.0,5.0,2.0,1.0,6.0,3.0,3.0,6.0,3.0,5.0,4.0,192.0,768.0,1.0,384.0,192.0,1.0,1.0,1.0,1.0,1.0,1.0,1.0,4290025272.0,19182301.240000002,38477100000.0,67.95698214285714,8320.0,514.0,884736.0,8.229255709471694e+16,5.678571428571429,0.44433583214285716,78.57142857142857,57773.71428571428
1024000.0,512000.0,256.0,64.0,3.0,44.0,14.0,8.0,2.0,2.0,3.0,3.0,5.0,6.0,1.0,2.0,3.0,1.0,5.0,6.0,5.0,2.0,2.0,1.0,6.0,3.0,3.0,2.0,4.0,3.0,6.0,6.0,96.0,48.0,1.0,576.0,3.0,1.0,1.0,1.0,1.0,1.0,1.0,1.0,1.0,2.0,5.0,2.0,4.0,2.0,3.0,3.0,4.0,1.0,4.0,5.0,3.0,4.0,5.0,3.0,4.0,6.0,64.0,8.0,1.0,16.0,16.0,1.0,2.0,8.0,1.0,1.0,1.0,1.0,3.0,2.0,3.0,3.0,5.0,2.0,1.0,1.0,1.0,6.0,6.0,2.0,5.0,6.0,6.0,1.0,5.0,6.0,1.0,4.0,1.0,1.0,64.0,1.0,16.0,4.0,1.0,1.0,1.0,1.0,4.0,2.0,5.0,5.0,4.0,1.0,4.0,4.0,6.0,1.0,5.0,4.0,5.0,6.0,2.0,6.0,2.0,5.0,32.0,24.0,1.0,3.0,48.0,1.0,1.0,1.0,1.0,1.0,1.0,1.0,6.0,6.0,4.0,5.0,3.0,3.0,4.0,5.0,1.0,3.0,6.0,6.0,4.0,1.0,6.0,5.0,5.0,5.0,12.0,24.0,1.0,1536.0,6.0,1.0,1.0,1.0,1.0,1.0,1.0,1.0,1.0,1.0,3.0,6.0,3.0,5.0,6.0,1.0,4.0,5.0,2.0,1.0,1.0,4.0,5.0,2.0,3.0,3.0,4.0,24.0,1.0,4.0,2.0,1.0,1.0,1.0,1.0,1.0,1.0,1.0,11028469332.0,19498564.3,14272100000.0,32.91801785714286,4928.0,514.0,473088.0,2.1503931840058006e+17,2.7142857142857144,0.30490838928571434,78.57142857142857,30672.0
2048000.0,256000.0,256.0,64.0,1.0,18.0,34.0,16.0,1.0,1.0,4.0,6.0,2.0,3.0,5.0,3.0,5.0,2.0,1.0,1.0,6.0,3.0,4.0,1.0,1.0,4.0,1.0,6.0,4.0,6.0,4.0,5.0,24.0,2.0,1.0,12.0,256.0,1.0,1.0,1.0,1.0,1.0,1.0,1.0,6.0,5.0,5.0,6.0,4.0,3.0,3.0,5.0,6.0,3.0,3.0,3.0,1.0,6.0,3.0,5.0,6.0,4.0,4.0,4.0,1.0,4.0,2.0,1.0,2.0,128.0,1.0,1.0,1.0,1.0,3.0,4.0,4.0,2.0,5.0,6.0,1.0,6.0,4.0,6.0,3.0,2.0,6.0,3.0,5.0,2.0,2.0,5.0,2.0,16.0,1.0,64.0,1.0,1.0,1.0,2.0,1.0,1.0,1.0,1.0,5.0,4.0,2.0,1.0,4.0,2.0,3.0,3.0,3.0,3.0,4.0,5.0,6.0,6.0,1.0,4.0,1.0,4.0,8.0,192.0,1.0,32.0,12.0,1.0,1.0,1.0,1.0,1.0,1.0,1.0,4.0,1.0,5.0,2.0,2.0,6.0,4.0,2.0,5.0,4.0,5.0,6.0,6.0,5.0,6.0,5.0,4.0,2.0,64.0,96.0,1.0,3072.0,3.0,1.0,1.0,1.0,1.0,1.0,1.0,1.0,1.0,3.0,2.0,5.0,1.0,3.0,5.0,5.0,5.0,5.0,6.0,2.0,4.0,2.0,5.0,5.0,5.0,6.0,2.0,384.0,1.0,1.0,64.0,1.0,1.0,1.0,1.0,1.0,1.0,1.0,11173626192.0,80720124.0,7028100.0,0.0784671142857143,16.0,514.0,514.0,9.019364917478879e+17,1.0,1.4222078571428571,78.57142857142857,78.57142857142857
2048.0,32000.0,256.0,64.0,2.0,12.0,46.0,16.0,5.0,4.0,4.0,5.0,3.0,2.0,2.0,6.0,4.0,6.0,2.0,4.0,3.0,6.0,2.0,2.0,1.0,5.0,3.0,1.0,4.0,1.0,2.0,2.0,256.0,48.0,1.0,16.0,1152.0,1.0,1.0,1.0,1.0,1.0,1.0,1.0,2.0,6.0,4.0,5.0,6.0,1.0,1.0,4.0,3.0,6.0,5.0,2.0,6.0,6.0,3.0,4.0,4.0,3.0,1.0,32.0,1.0,1.0,32.0,1.0,4.0,16.0,1.0,1.0,1.0,1.0,3.0,4.0,5.0,2.0,4.0,6.0,6.0,1.0,3.0,1.0,5.0,2.0,4.0,6.0,5.0,1.0,5.0,5.0,16.0,8.0,1.0,8.0,16.0,1.0,1.0,16.0,1.0,1.0,1.0,1.0,5.0,1.0,4.0,3.0,6.0,2.0,3.0,2.0,6.0,3.0,5.0,2.0,2.0,5.0,5.0,4.0,1.0,2.0,2.0,64.0,1.0,96.0,1.0,1.0,1.0,1.0,1.0,1.0,1.0,1.0,2.0,1.0,5.0,2.0,5.0,1.0,4.0,5.0,6.0,2.0,5.0,6.0,4.0,3.0,2.0,3.0,4.0,2.0,128.0,2.0,1.0,16.0,192.0,1.0,1.0,1.0,1.0,1.0,1.0,1.0,4.0,4.0,3.0,5.0,3.0,3.0,1.0,3.0,5.0,6.0,2.0,6.0,4.0,3.0,2.0,4.0,4.0,6.0,256.0,256.0,1.0,1.0,384.0,1.0,1.0,1.0,1.0,1.0,1.0,1.0,593650836.0,20251524.06,559961000.0,3.690092857142857,736.0,514.0,792832.0,1.2022334188493114e+16,24.619049999999998,18.07205042857143,78.57142857142857,39505.42857142857
256000.0,4096000.0,256.0,64.0,2.0,34.0,16.0,4.0,2.0,4.0,6.0,4.0,3.0,3.0,2.0,3.0,4.0,3.0,2.0,2.0,4.0,2.0,1.0,4.0,5.0,4.0,4.0,6.0,2.0,5.0,2.0,5.0,128.0,128.0,1.0,96.0,16.0,1.0,1.0,1.0,1.0,1.0,1.0,1.0,6.0,2.0,5.0,6.0,5.0,2.0,4.0,2.0,2.0,3.0,1.0,4.0,6.0,1.0,4.0,1.0,5.0,4.0,2.0,4.0,1.0,32.0,2.0,1.0,32.0,16.0,1.0,1.0,1.0,1.0,3.0,2.0,4.0,6.0,4.0,4.0,2.0,4.0,1.0,5.0,2.0,3.0,5.0,3.0,1.0,6.0,5.0,1.0,32.0,32.0,1.0,32.0,32.0,1.0,4.0,64.0,1.0,1.0,1.0,1.0,6.0,5.0,2.0,2.0,3.0,1.0,4.0,6.0,2.0,2.0,4.0,1.0,4.0,1.0,4.0,1.0,1.0,4.0,1.0,24.0,1.0,3.0,64.0,1.0,1.0,1.0,1.0,1.0,1.0,1.0,3.0,1.0,6.0,3.0,5.0,1.0,3.0,6.0,6.0,2.0,5.0,1.0,1.0,4.0,6.0,3.0,2.0,6.0,768.0,12.0,1.0,3072.0,3072.0,1.0,1.0,1.0,1.0,1.0,1.0,1.0,5.0,5.0,1.0,2.0,5.0,3.0,2.0,6.0,4.0,2.0,2.0,6.0,3.0,5.0,6.0,4.0,4.0,6.0,192.0,8.0,1.0,32.0,1.0,1.0,1.0,1.0,1.0,1.0,1.0,1.0,5529323280.0,43375325.67999999,27536700.0,0.424067607142857,64.0,514.0,863232.0,2.398361980600058e+17,34.714285714285715,4.576829285714286,78.57142857142857,37243.07142857143
64000.0,8192000.0,256.0,64.0,3.0,30.0,14.0,38.0,5.0,3.0,1.0,2.0,4.0,5.0,2.0,3.0,4.0,1.0,4.0,1.0,5.0,5.0,1.0,6.0,2.0,3.0,4.0,2.0,3.0,5.0,2.0,3.0,1.0,256.0,1.0,2.0,1152.0,1.0,1.0,1.0,1.0,1.0,1.0,1.0,6.0,5.0,6.0,4.0,4.0,1.0,5.0,3.0,2.0,6.0,2.0,6.0,6.0,5.0,4.0,4.0,2.0,1.0,16.0,1.0,1.0,16.0,32.0,1.0,4.0,8.0,1.0,1.0,1.0,1.0,4.0,2.0,4.0,1.0,4.0,1.0,3.0,5.0,2.0,2.0,6.0,5.0,3.0,3.0,2.0,5.0,2.0,2.0,1.0,16.0,1.0,8.0,128.0,1.0,1.0,1.0,1.0,1.0,1.0,1.0,5.0,5.0,3.0,6.0,1.0,6.0,3.0,3.0,6.0,4.0,6.0,5.0,6.0,6.0,6.0,1.0,3.0,1.0,256.0,64.0,1.0,64.0,96.0,1.0,1.0,1.0,1.0,1.0,1.0,1.0,2.0,5.0,4.0,6.0,6.0,4.0,2.0,4.0,4.0,3.0,4.0,4.0,5.0,1.0,4.0,2.0,6.0,6.0,96.0,32.0,1.0,3072.0,16.0,1.0,1.0,1.0,1.0,1.0,1.0,1.0,4.0,6.0,2.0,6.0,2.0,5.0,1.0,5.0,6.0,1.0,5.0,1.0,1.0,3.0,5.0,6.0,4.0,1.0,16.0,32.0,1.0,192.0,4.0,1.0,1.0,1.0,1.0,1.0,1.0,1.0,1875296160.0,17854954.100000005,135948000000.0,184.56014285714286,15960.0,514.0,5701632.0,3.3483326860706264e+16,6.5,0.23214285714285715,78.57142857142857,337920.0
1024000.0,2048000.0,256.0,64.0,1.0,32.0,18.0,44.0,2.0,2.0,4.0,1.0,6.0,1.0,5.0,3.0,1.0,2.0,4.0,4.0,4.0,1.0,5.0,6.0,5.0,1.0,2.0,4.0,5.0,6.0,1.0,6.0,96.0,12.0,1.0,64.0,1.0,1.0,1.0,1.0,1.0,1.0,1.0,1.0,3.0,6.0,5.0,2.0,5.0,1.0,4.0,4.0,4.0,2.0,2.0,1.0,5.0,6.0,3.0,2.0,3.0,1.0,8.0,32.0,1.0,8.0,2.0,1.0,1.0,32.0,1.0,1.0,1.0,1.0,3.0,5.0,5.0,5.0,3.0,2.0,6.0,2.0,5.0,6.0,2.0,3.0,3.0,3.0,3.0,1.0,2.0,3.0,128.0,8.0,1.0,8.0,1.0,1.0,32.0,1.0,1.0,1.0,1.0,1.0,6.0,3.0,1.0,2.0,3.0,3.0,2.0,5.0,6.0,1.0,4.0,4.0,3.0,1.0,3.0,2.0,2.0,6.0,2.0,384.0,1.0,384.0,12.0,1.0,1.0,1.0,1.0,1.0,1.0,1.0,1.0,3.0,2.0,5.0,4.0,3.0,5.0,5.0,3.0,2.0,5.0,2.0,4.0,1.0,6.0,5.0,6.0,1.0,3.0,96.0,1.0,2.0,1536.0,1.0,1.0,1.0,1.0,1.0,1.0,1.0,5.0,1.0,5.0,2.0,6.0,5.0,6.0,3.0,6.0,2.0,5.0,5.0,4.0,5.0,1.0,1.0,4.0,4.0,96.0,64.0,1.0,192.0,32.0,1.0,1.0,1.0,1.0,1.0,1.0,1.0,11173626192.0,96915904.80000001,18653700.0,0.20494271428571423,44.0,514.0,514.0,1.0829020922946587e+18,1.0,1.003905,78.57142857142857,78.57142857142857
1024000.0,128000.0,256.0,64.0,2.0,34.0,34.0,42.0,4.0,1.0,3.0,5.0,6.0,3.0,3.0,6.0,3.0,2.0,1.0,4.0,3.0,4.0,3.0,6.0,6.0,5.0,2.0,4.0,5.0,6.0,1.0,3.0,1.0,384.0,1.0,72.0,12.0,1.0,1.0,1.0,1.0,1.0,1.0,1.0,1.0,2.0,2.0,4.0,5.0,4.0,4.0,2.0,3.0,5.0,5.0,6.0,4.0,5.0,5.0,5.0,6.0,2.0,1.0,32.0,1.0,8.0,8.0,1.0,128.0,64.0,1.0,1.0,1.0,1.0,2.0,2.0,1.0,3.0,1.0,2.0,6.0,2.0,6.0,2.0,1.0,5.0,2.0,3.0,3.0,6.0,4.0,2.0,8.0,8.0,1.0,128.0,64.0,1.0,16.0,1.0,1.0,1.0,1.0,1.0,4.0,5.0,4.0,1.0,6.0,3.0,5.0,2.0,2.0,6.0,5.0,2.0,1.0,5.0,5.0,5.0,5.0,5.0,4.0,12.0,1.0,64.0,384.0,1.0,1.0,1.0,1.0,1.0,1.0,1.0,1.0,4.0,6.0,4.0,1.0,2.0,6.0,3.0,2.0,6.0,4.0,5.0,1.0,1.0,4.0,4.0,2.0,6.0,32.0,48.0,1.0,128.0,6.0,1.0,1.0,1.0,1.0,1.0,1.0,1.0,1.0,6.0,1.0,3.0,1.0,3.0,3.0,6.0,1.0,2.0,3.0,4.0,6.0,6.0,6.0,4.0,3.0,3.0,192.0,32.0,1.0,16.0,2.0,1.0,1.0,1.0,1.0,1.0,1.0,1.0,11176603656.0,41678551.04,1589170000.0,7.3309403571428575,1428.0,514.0,17920.0,4.658246459304466e+17,1.0,0.7326797785714286,78.57142857142857,2437.4285714285716
128.0,16000000.0,256.0,64.0,1.0,6.0,2.0,32.0,4.0,1.0,2.0,5.0,5.0,6.0,1.0,3.0,3.0,5.0,5.0,5.0,6.0,2.0,3.0,4.0,1.0,5.0,6.0,2.0,2.0,2.0,4.0,1.0,48.0,3.0,1.0,48.0,192.0,1.0,1.0,1.0,1.0,1.0,1.0,1.0,4.0,4.0,6.0,5.0,2.0,5.0,1.0,6.0,5.0,3.0,1.0,2.0,5.0,5.0,2.0,1.0,4.0,6.0,8.0,32.0,1.0,1.0,8.0,1.0,4.0,32.0,1.0,1.0,1.0,1.0,4.0,1.0,2.0,6.0,2.0,2.0,1.0,5.0,6.0,3.0,1.0,4.0,2.0,2.0,1.0,6.0,6.0,6.0,4.0,64.0,1.0,2.0,4.0,1.0,2.0,32.0,1.0,1.0,1.0,1.0,1.0,6.0,1.0,1.0,6.0,3.0,5.0,4.0,5.0,2.0,5.0,6.0,4.0,1.0,5.0,6.0,1.0,1.0,128.0,8.0,1.0,12.0,1.0,1.0,1.0,1.0,1.0,1.0,1.0,1.0,4.0,3.0,3.0,2.0,1.0,6.0,2.0,5.0,4.0,2.0,6.0,6.0,4.0,2.0,5.0,5.0,1.0,6.0,16.0,6.0,1.0,6.0,512.0,1.0,1.0,1.0,1.0,1.0,1.0,1.0,6.0,4.0,3.0,6.0,4.0,2.0,3.0,4.0,2.0,5.0,5.0,6.0,2.0,3.0,4.0,1.0,1.0,4.0,4.0,24.0,1.0,128.0,24.0,1.0,1.0,1.0,1.0,1.0,1.0,1.0,11173626192.0,84248839.20000002,13573500.0,0.1505671428571429,32.0,514.0,514.0,9.413650363307165e+17,1.0,1.0003564285714284,78.57142857142857,78.57142857142857
2048.0,128000.0,256.0,64.0,1.0,16.0,32.0,48.0,6.0,5.0,6.0,4.0,6.0,1.0,1.0,4.0,5.0,1.0,1.0,4.0,2.0,5.0,6.0,2.0,6.0,2.0,1.0,4.0,4.0,4.0,1.0,5.0,24.0,8.0,1.0,384.0,576.0,1.0,1.0,1.0,1.0,1.0,1.0,1.0,2.0,6.0,6.0,2.0,3.0,4.0,5.0,6.0,3.0,1.0,2.0,2.0,4.0,5.0,1.0,2.0,1.0,5.0,64.0,8.0,1.0,64.0,1.0,1.0,32.0,1.0,1.0,1.0,1.0,1.0,5.0,5.0,6.0,4.0,4.0,4.0,3.0,6.0,3.0,3.0,1.0,1.0,5.0,2.0,1.0,3.0,2.0,2.0,64.0,2.0,1.0,64.0,128.0,1.0,1.0,16.0,1.0,1.0,1.0,1.0,6.0,5.0,1.0,4.0,4.0,5.0,3.0,5.0,1.0,4.0,1.0,5.0,4.0,5.0,2.0,6.0,2.0,2.0,384.0,384.0,1.0,24.0,64.0,1.0,1.0,1.0,1.0,1.0,1.0,1.0,5.0,1.0,1.0,2.0,6.0,6.0,3.0,6.0,3.0,6.0,5.0,2.0,5.0,5.0,4.0,4.0,4.0,2.0,24.0,12.0,1.0,8.0,3072.0,1.0,1.0,1.0,1.0,1.0,1.0,1.0,1.0,6.0,6.0,2.0,2.0,5.0,5.0,6.0,5.0,4.0,3.0,3.0,3.0,4.0,4.0,6.0,4.0,4.0,8.0,4.0,1.0,768.0,256.0,1.0,1.0,1.0,1.0,1.0,1.0,1.0,234751440.0,53014517.760000005,20381000.0,0.2296288571428572,48.0,514.0,12640.0,1.2445234385065576e+16,38.85715714285714,37.011250000000004,78.57142857142857,1972.0
256.0,256000.0,256.0,64.0,3.0,38.0,48.0,30.0,1.0,6.0,4.0,2.0,2.0,1.0,5.0,3.0,6.0,2.0,4.0,2.0,4.0,3.0,4.0,4.0,2.0,3.0,3.0,3.0,6.0,1.0,3.0,3.0,192.0,32.0,1.0,2.0,8.0,1.0,1.0,1.0,1.0,1.0,1.0,1.0,6.0,5.0,3.0,5.0,4.0,4.0,1.0,4.0,4.0,1.0,3.0,4.0,6.0,3.0,2.0,5.0,4.0,4.0,1.0,4.0,1.0,64.0,1.0,1.0,1.0,64.0,1.0,1.0,1.0,1.0,1.0,3.0,1.0,4.0,1.0,4.0,5.0,6.0,5.0,3.0,4.0,3.0,3.0,5.0,1.0,6.0,5.0,1.0,16.0,64.0,1.0,32.0,64.0,1.0,16.0,2.0,1.0,1.0,1.0,1.0,4.0,3.0,6.0,1.0,2.0,4.0,4.0,3.0,5.0,3.0,5.0,4.0,1.0,1.0,5.0,5.0,5.0,1.0,768.0,384.0,1.0,256.0,2.0,1.0,1.0,1.0,1.0,1.0,1.0,1.0,3.0,3.0,3.0,1.0,5.0,3.0,2.0,4.0,5.0,4.0,4.0,6.0,6.0,1.0,3.0,4.0,3.0,4.0,24.0,12.0,1.0,8.0,48.0,1.0,1.0,1.0,1.0,1.0,1.0,1.0,1.0,4.0,4.0,3.0,6.0,6.0,5.0,5.0,6.0,5.0,2.0,3.0,6.0,6.0,5.0,4.0,5.0,2.0,3.0,128.0,1.0,4.0,32.0,1.0,1.0,1.0,1.0,1.0,1.0,1.0,656086296.0,18598350.02,1546950000000.0,1558.384642857143,54720.0,514.0,1507328.0,1.2202122576333326e+16,37.67857142857143,1.8299851071428572,78.57142857142857,110427.42857142857
64000.0,128000.0,256.0,64.0,3.0,30.0,18.0,12.0,2.0,4.0,4.0,2.0,6.0,1.0,3.0,6.0,1.0,3.0,4.0,5.0,1.0,2.0,6.0,3.0,4.0,2.0,6.0,2.0,4.0,4.0,5.0,4.0,2.0,768.0,1.0,256.0,192.0,1.0,1.0,1.0,1.0,1.0,1.0,1.0,1.0,1.0,2.0,5.0,1.0,2.0,5.0,3.0,2.0,4.0,4.0,3.0,3.0,1.0,5.0,1.0,3.0,3.0,1.0,64.0,1.0,16.0,16.0,1.0,32.0,4.0,1.0,1.0,1.0,1.0,1.0,4.0,5.0,6.0,3.0,5.0,4.0,6.0,5.0,6.0,5.0,1.0,3.0,1.0,3.0,3.0,6.0,5.0,8.0,1.0,1.0,2.0,4.0,1.0,1.0,1.0,1.0,1.0,1.0,1.0,6.0,5.0,6.0,4.0,5.0,1.0,2.0,2.0,6.0,3.0,5.0,5.0,4.0,5.0,4.0,3.0,1.0,5.0,32.0,1.0,1.0,256.0,128.0,1.0,1.0,1.0,1.0,1.0,1.0,1.0,2.0,2.0,4.0,6.0,6.0,6.0,6.0,2.0,1.0,5.0,4.0,4.0,6.0,2.0,5.0,6.0,2.0,4.0,6.0,96.0,1.0,32.0,2.0,1.0,1.0,1.0,1.0,1.0,1.0,1.0,5.0,5.0,2.0,5.0,4.0,5.0,1.0,5.0,5.0,6.0,1.0,3.0,5.0,4.0,2.0,6.0,3.0,1.0,6.0,6.0,1.0,384.0,6.0,1.0,1.0,1.0,1.0,1.0,1.0,1.0,3102874356.0,21529437.72,23891800000.0,47.67052857142857,6480.0,514.0,655360.0,6.68031402004871e+16,3.857142857142857,0.8056723464285714,78.57142857142857,34853.71428571428
32000.0,512000.0,256.0,64.0,3.0,28.0,44.0,40.0,1.0,1.0,3.0,6.0,6.0,3.0,2.0,5.0,3.0,4.0,4.0,2.0,3.0,3.0,6.0,3.0,3.0,5.0,3.0,3.0,6.0,4.0,6.0,4.0,4.0,2.0,1.0,768.0,384.0,1.0,1.0,1.0,1.0,1.0,1.0,1.0,2.0,4.0,1.0,4.0,3.0,4.0,4.0,3.0,6.0,2.0,2.0,4.0,1.0,5.0,3.0,6.0,3.0,3.0,2.0,64.0,1.0,4.0,16.0,1.0,8.0,2.0,1.0,1.0,1.0,1.0,6.0,1.0,4.0,4.0,5.0,3.0,4.0,3.0,4.0,3.0,6.0,2.0,4.0,3.0,6.0,1.0,5.0,3.0,64.0,64.0,1.0,8.0,128.0,1.0,64.0,32.0,1.0,1.0,1.0,1.0,1.0,4.0,4.0,3.0,1.0,3.0,4.0,6.0,3.0,5.0,5.0,1.0,1.0,2.0,3.0,1.0,2.0,1.0,32.0,32.0,1.0,48.0,96.0,1.0,1.0,1.0,1.0,1.0,1.0,1.0,4.0,3.0,4.0,3.0,5.0,4.0,2.0,4.0,1.0,3.0,6.0,1.0,6.0,5.0,6.0,1.0,6.0,1.0,768.0,768.0,1.0,8.0,24.0,1.0,1.0,1.0,1.0,1.0,1.0,1.0,1.0,5.0,5.0,6.0,4.0,2.0,2.0,1.0,5.0,5.0,5.0,1.0,2.0,6.0,6.0,2.0,2.0,4.0,16.0,3072.0,1.0,2.0,2.0,1.0,1.0,1.0,1.0,1.0,1.0,1.0,10963020312.0,20847685.840000004,1256540000000.0,1285.885357142857,49280.0,514.0,799232.0,2.285536033221148e+17,14.714285714285714,0.05344721535714286,78.57142857142857,64749.71428571428
1024.0,4096000.0,256.0,64.0,2.0,28.0,24.0,6.0,5.0,4.0,6.0,1.0,5.0,5.0,3.0,5.0,2.0,1.0,2.0,4.0,3.0,2.0,2.0,1.0,4.0,2.0,1.0,1.0,5.0,6.0,1.0,5.0,96.0,384.0,1.0,144.0,18.0,1.0,1.0,1.0,1.0,1.0,1.0,1.0,2.0,3.0,3.0,4.0,1.0,1.0,6.0,5.0,2.0,4.0,6.0,1.0,2.0,1.0,4.0,6.0,1.0,6.0,16.0,16.0,1.0,4.0,1.0,1.0,128.0,16.0,1.0,1.0,1.0,1.0,3.0,2.0,4.0,5.0,2.0,3.0,2.0,3.0,1.0,4.0,1.0,2.0,2.0,2.0,5.0,1.0,1.0,4.0,2.0,4.0,1.0,128.0,1.0,1.0,8.0,4.0,1.0,1.0,1.0,1.0,6.0,1.0,1.0,6.0,2.0,6.0,3.0,4.0,2.0,6.0,6.0,2.0,3.0,4.0,1.0,6.0,3.0,1.0,96.0,64.0,1.0,384.0,2.0,1.0,1.0,1.0,1.0,1.0,1.0,1.0,1.0,6.0,3.0,6.0,1.0,2.0,4.0,3.0,5.0,6.0,1.0,2.0,1.0,2.0,4.0,1.0,1.0,4.0,64.0,2.0,1.0,32.0,128.0,1.0,1.0,1.0,1.0,1.0,1.0,1.0,1.0,5.0,3.0,5.0,4.0,2.0,3.0,4.0,6.0,1.0,6.0,3.0,6.0,6.0,6.0,2.0,1.0,1.0,384.0,8.0,1.0,12.0,48.0,1.0,1.0,1.0,1.0,1.0,1.0,1.0,3338455572.0,31879778.8,66700000.0,0.6776468928571429,144.0,514.0,32640.0,1.0642922516898747e+17,32.63637785714285,11.769866357142856,78.57142857142857,4328.571428571428
128.0,4096000.0,256.0,64.0,2.0,18.0,44.0,20.0,5.0,6.0,6.0,2.0,5.0,1.0,4.0,4.0,3.0,2.0,5.0,2.0,6.0,5.0,6.0,4.0,3.0,5.0,2.0,6.0,1.0,3.0,6.0,4.0,32.0,4.0,1.0,4.0,1152.0,1.0,1.0,1.0,1.0,1.0,1.0,1.0,1.0,5.0,6.0,2.0,3.0,1.0,1.0,5.0,2.0,4.0,2.0,4.0,6.0,1.0,2.0,4.0,2.0,1.0,8.0,1.0,1.0,128.0,64.0,1.0,2.0,2.0,1.0,1.0,1.0,1.0,4.0,4.0,1.0,1.0,1.0,1.0,3.0,3.0,3.0,2.0,6.0,3.0,1.0,5.0,2.0,6.0,3.0,4.0,4.0,128.0,1.0,8.0,8.0,1.0,1.0,16.0,1.0,1.0,1.0,1.0,4.0,5.0,1.0,5.0,6.0,4.0,6.0,1.0,6.0,4.0,1.0,6.0,3.0,4.0,6.0,3.0,6.0,4.0,3.0,2.0,1.0,128.0,3.0,1.0,1.0,1.0,1.0,1.0,1.0,1.0,6.0,6.0,5.0,4.0,6.0,5.0,3.0,3.0,2.0,3.0,1.0,5.0,5.0,1.0,1.0,4.0,3.0,1.0,3.0,2.0,1.0,16.0,32.0,1.0,1.0,1.0,1.0,1.0,1.0,1.0,6.0,4.0,4.0,1.0,3.0,1.0,6.0,2.0,5.0,2.0,4.0,1.0,1.0,1.0,2.0,6.0,2.0,3.0,4.0,384.0,1.0,3.0,64.0,1.0,1.0,1.0,1.0,1.0,1.0,1.0,314810160.0,34984790.8,733871000.0,4.3433,880.0,514.0,183552.0,1.1013567589314528e+16,14.459867857142857,4.683069285714286,78.57142857142857,11542.857142857143
1024.0,32000000.0,256.0,64.0,1.0,36.0,46.0,28.0,5.0,2.0,6.0,4.0,4.0,4.0,4.0,1.0,2.0,4.0,6.0,3.0,5.0,2.0,1.0,2.0,1.0,5.0,5.0,2.0,4.0,3.0,4.0,1.0,2.0,24.0,1.0,288.0,768.0,1.0,1.0,1.0,1.0,1.0,1.0,1.0,3.0,5.0,2.0,3.0,3.0,6.0,6.0,1.0,5.0,6.0,1.0,2.0,1.0,5.0,1.0,2.0,1.0,4.0,2.0,1.0,1.0,4.0,4.0,1.0,2.0,16.0,1.0,1.0,1.0,1.0,5.0,2.0,5.0,1.0,1.0,5.0,4.0,4.0,6.0,4.0,2.0,6.0,6.0,5.0,4.0,1.0,6.0,5.0,4.0,32.0,1.0,4.0,2.0,1.0,16.0,2.0,1.0,1.0,1.0,1.0,1.0,5.0,5.0,5.0,2.0,1.0,6.0,3.0,5.0,4.0,3.0,1.0,4.0,6.0,2.0,5.0,5.0,4.0,192.0,48.0,1.0,4.0,96.0,1.0,1.0,1.0,1.0,1.0,1.0,1.0,1.0,3.0,3.0,1.0,3.0,2.0,4.0,1.0,5.0,2.0,5.0,4.0,5.0,3.0,3.0,4.0,2.0,1.0,16.0,64.0,1.0,96.0,512.0,1.0,1.0,1.0,1.0,1.0,1.0,1.0,5.0,3.0,4.0,1.0,6.0,5.0,5.0,6.0,5.0,3.0,4.0,4.0,5.0,4.0,2.0,3.0,6.0,2.0,8.0,3.0,1.0,6.0,8.0,1.0,1.0,1.0,1.0,1.0,1.0,1.0,10884612432.0,71289863.04,11912700.0,0.1327885714285714,28.0,514.0,514.0,7.759625295207613e+17,20.257128571428574,20.3429075,78.57142857142857,171.14285714285714
512.0,32000000.0,256.0,64.0,2.0,30.0,46.0,42.0,1.0,4.0,1.0,3.0,3.0,5.0,3.0,4.0,3.0,1.0,3.0,4.0,2.0,6.0,2.0,5.0,4.0,5.0,1.0,3.0,5.0,6.0,2.0,5.0,8.0,12.0,1.0,144.0,192.0,1.0,1.0,1.0,1.0,1.0,1.0,1.0,4.0,1.0,1.0,1.0,4.0,2.0,1.0,5.0,5.0,6.0,6.0,6.0,5.0,4.0,2.0,2.0,1.0,5.0,1.0,1.0,1.0,4.0,8.0,1.0,4.0,32.0,1.0,1.0,1.0,1.0,1.0,6.0,6.0,1.0,3.0,6.0,6.0,2.0,5.0,1.0,2.0,4.0,2.0,4.0,1.0,1.0,1.0,4.0,4.0,16.0,1.0,4.0,32.0,1.0,64.0,64.0,1.0,1.0,1.0,1.0,3.0,3.0,6.0,6.0,5.0,4.0,2.0,3.0,1.0,5.0,1.0,6.0,3.0,3.0,2.0,3.0,4.0,2.0,24.0,48.0,1.0,256.0,32.0,1.0,1.0,1.0,1.0,1.0,1.0,1.0,5.0,5.0,5.0,3.0,2.0,5.0,6.0,6.0,5.0,3.0,2.0,6.0,3.0,3.0,1.0,5.0,1.0,6.0,256.0,384.0,1.0,192.0,1024.0,1.0,1.0,1.0,1.0,1.0,1.0,1.0,1.0,2.0,2.0,4.0,1.0,5.0,6.0,3.0,4.0,6.0,6.0,3.0,5.0,3.0,3.0,6.0,3.0,1.0,96.0,3.0,1.0,128.0,32.0,1.0,1.0,1.0,1.0,1.0,1.0,1.0,396836904.0,25886288.92,2646030000.0,10.367528571428572,1932.0,514.0,212992.0,1.0272634751062304e+16,8.371428571428572,2.3953413571428572,78.57142857142857,10445.714285714286
512000.0,8192000.0,256.0,64.0,1.0,36.0,46.0,38.0,2.0,5.0,1.0,2.0,6.0,1.0,1.0,6.0,5.0,6.0,3.0,2.0,5.0,3.0,6.0,3.0,4.0,5.0,6.0,2.0,1.0,3.0,5.0,2.0,96.0,2.0,1.0,2304.0,32.0,1.0,1.0,1.0,1.0,1.0,1.0,1.0,2.0,5.0,2.0,4.0,3.0,5.0,3.0,6.0,5.0,1.0,1.0,5.0,6.0,2.0,2.0,6.0,4.0,5.0,4.0,64.0,1.0,64.0,64.0,1.0,2.0,4.0,1.0,1.0,1.0,1.0,4.0,5.0,6.0,1.0,3.0,3.0,5.0,5.0,4.0,2.0,6.0,4.0,6.0,3.0,2.0,3.0,6.0,4.0,1.0,16.0,1.0,1.0,128.0,1.0,1.0,2.0,1.0,1.0,1.0,1.0,3.0,1.0,5.0,3.0,3.0,6.0,1.0,6.0,5.0,3.0,2.0,4.0,5.0,4.0,2.0,4.0,4.0,1.0,4.0,2.0,1.0,4.0,24.0,1.0,1.0,1.0,1.0,1.0,1.0,1.0,2.0,2.0,1.0,6.0,5.0,6.0,4.0,3.0,5.0,6.0,6.0,1.0,5.0,5.0,4.0,3.0,4.0,2.0,48.0,192.0,1.0,1.0,24.0,1.0,1.0,1.0,1.0,1.0,1.0,1.0,3.0,1.0,4.0,5.0,5.0,4.0,4.0,1.0,1.0,4.0,4.0,1.0,6.0,6.0,5.0,4.0,6.0,6.0,2.0,16.0,1.0,192.0,2.0,1.0,1.0,1.0,1.0,1.0,1.0,1.0,11173626192.0,67364839.2,16095200.0,0.17773942857142852,38.0,514.0,514.0,7.527095317049884e+17,1.0,1.0000778571428568,78.57142857142857,78.57142857142857
2048.0,4096000.0,256.0,64.0,2.0,36.0,46.0,26.0,3.0,6.0,6.0,5.0,5.0,1.0,6.0,6.0,5.0,1.0,6.0,6.0,3.0,3.0,3.0,6.0,1.0,1.0,5.0,5.0,6.0,4.0,1.0,4.0,256.0,96.0,1.0,6.0,2304.0,1.0,1.0,1.0,1.0,1.0,1.0,1.0,3.0,4.0,2.0,4.0,6.0,5.0,2.0,2.0,6.0,6.0,3.0,6.0,5.0,3.0,1.0,4.0,2.0,6.0,32.0,1.0,1.0,4.0,32.0,1.0,1.0,1.0,1.0,1.0,1.0,1.0,5.0,2.0,2.0,2.0,2.0,1.0,5.0,1.0,4.0,1.0,5.0,3.0,1.0,3.0,1.0,4.0,1.0,4.0,4.0,32.0,1.0,64.0,16.0,1.0,16.0,8.0,1.0,1.0,1.0,1.0,5.0,3.0,4.0,1.0,5.0,4.0,2.0,2.0,3.0,3.0,5.0,4.0,5.0,1.0,3.0,3.0,5.0,3.0,12.0,4.0,1.0,12.0,256.0,1.0,1.0,1.0,1.0,1.0,1.0,1.0,5.0,2.0,1.0,4.0,2.0,5.0,2.0,4.0,2.0,5.0,5.0,3.0,6.0,2.0,4.0,2.0,2.0,5.0,3.0,128.0,1.0,12.0,768.0,1.0,1.0,1.0,1.0,1.0,1.0,1.0,4.0,6.0,4.0,5.0,3.0,2.0,5.0,1.0,6.0,4.0,4.0,3.0,5.0,3.0,4.0,1.0,1.0,1.0,1536.0,8.0,1.0,64.0,16.0,1.0,1.0,1.0,1.0,1.0,1.0,1.0,336272616.0,27348778.639999997,1189720000.0,6.096453928571429,1196.0,514.0,202240.0,9196645337677722.0,46.19047857142857,17.532694892857144,78.57142857142857,24401.428571428572
1024000.0,512000.0,256.0,64.0,1.0,4.0,2.0,30.0,2.0,5.0,1.0,2.0,2.0,4.0,5.0,1.0,5.0,2.0,3.0,1.0,4.0,1.0,5.0,4.0,1.0,6.0,2.0,2.0,2.0,4.0,1.0,3.0,6.0,1.0,1.0,2304.0,96.0,1.0,1.0,1.0,1.0,1.0,1.0,1.0,3.0,1.0,6.0,3.0,4.0,3.0,3.0,3.0,5.0,3.0,3.0,1.0,4.0,4.0,1.0,1.0,3.0,2.0,8.0,64.0,1.0,4.0,128.0,1.0,4.0,16.0,1.0,1.0,1.0,1.0,5.0,6.0,5.0,3.0,2.0,4.0,1.0,3.0,4.0,4.0,4.0,6.0,3.0,6.0,6.0,5.0,2.0,2.0,4.0,1.0,1.0,32.0,32.0,1.0,2.0,64.0,1.0,1.0,1.0,1.0,1.0,2.0,5.0,5.0,2.0,5.0,3.0,6.0,3.0,1.0,3.0,2.0,1.0,3.0,3.0,3.0,3.0,4.0,128.0,384.0,1.0,24.0,1.0,1.0,1.0,1.0,1.0,1.0,1.0,1.0,4.0,2.0,5.0,6.0,3.0,1.0,1.0,2.0,6.0,5.0,1.0,6.0,2.0,2.0,6.0,4.0,3.0,4.0,128.0,6.0,1.0,1024.0,768.0,1.0,1.0,1.0,1.0,1.0,1.0,1.0,5.0,5.0,3.0,5.0,2.0,4.0,6.0,4.0,1.0,4.0,1.0,3.0,1.0,2.0,5.0,3.0,1.0,3.0,384.0,384.0,1.0,6.0,3.0,1.0,1.0,1.0,1.0,1.0,1.0,1.0,377487696.0,67402794.24,12741800.0,0.14554685714285712,30.0,514.0,7996.0,2.5443725501619668e+16,26.186582142857137,26.612496428571426,78.57142857142857,1246.857142857143
4096.0,128000.0,256.0,64.0,3.0,12.0,46.0,16.0,3.0,3.0,1.0,3.0,1.0,6.0,1.0,2.0,3.0,4.0,3.0,4.0,4.0,2.0,3.0,4.0,5.0,4.0,5.0,2.0,5.0,4.0,6.0,4.0,48.0,6.0,1.0,768.0,576.0,1.0,1.0,1.0,1.0,1.0,1.0,1.0,6.0,1.0,3.0,2.0,4.0,5.0,1.0,2.0,6.0,2.0,1.0,3.0,5.0,4.0,6.0,2.0,4.0,4.0,8.0,32.0,1.0,4.0,16.0,1.0,4.0,8.0,1.0,1.0,1.0,1.0,4.0,3.0,4.0,1.0,3.0,3.0,2.0,5.0,5.0,2.0,2.0,1.0,4.0,1.0,3.0,2.0,4.0,4.0,4.0,2.0,1.0,16.0,64.0,1.0,1.0,2.0,1.0,1.0,1.0,1.0,1.0,3.0,1.0,1.0,3.0,2.0,5.0,2.0,1.0,2.0,4.0,3.0,1.0,4.0,4.0,4.0,5.0,2.0,128.0,24.0,1.0,96.0,1.0,1.0,1.0,1.0,1.0,1.0,1.0,1.0,5.0,1.0,3.0,1.0,1.0,1.0,1.0,2.0,2.0,6.0,1.0,3.0,5.0,2.0,2.0,5.0,2.0,2.0,48.0,2.0,1.0,4.0,4.0,1.0,1.0,1.0,1.0,1.0,1.0,1.0,5.0,3.0,6.0,1.0,3.0,2.0,2.0,3.0,2.0,6.0,2.0,6.0,5.0,4.0,1.0,5.0,2.0,2.0,8.0,192.0,1.0,24.0,24.0,1.0,1.0,1.0,1.0,1.0,1.0,1.0,263292468.0,18832410.12,43149200000.0,73.9665464285714,8832.0,514.0,282624.0,4958431738882976.0,39.07142857142857,4.350210714285714,78.57142857142857,16916.571428571428
4096.0,64000.0,256.0,64.0,2.0,12.0,20.0,12.0,1.0,6.0,4.0,4.0,1.0,6.0,6.0,3.0,3.0,5.0,3.0,2.0,5.0,5.0,3.0,6.0,1.0,6.0,2.0,1.0,6.0,2.0,3.0,4.0,64.0,4.0,1.0,144.0,64.0,1.0,1.0,1.0,1.0,1.0,1.0,1.0,1.0,4.0,6.0,6.0,2.0,6.0,2.0,3.0,5.0,3.0,5.0,2.0,2.0,1.0,5.0,5.0,3.0,6.0,32.0,64.0,1.0,64.0,4.0,1.0,32.0,2.0,1.0,1.0,1.0,1.0,4.0,4.0,1.0,3.0,6.0,4.0,4.0,2.0,4.0,4.0,2.0,6.0,3.0,2.0,1.0,2.0,1.0,5.0,1.0,4.0,1.0,32.0,32.0,1.0,32.0,4.0,1.0,1.0,1.0,1.0,5.0,3.0,4.0,6.0,3.0,2.0,3.0,3.0,2.0,2.0,5.0,4.0,5.0,1.0,4.0,1.0,4.0,4.0,96.0,192.0,1.0,768.0,96.0,1.0,1.0,1.0,1.0,1.0,1.0,1.0,1.0,5.0,1.0,4.0,6.0,5.0,4.0,5.0,3.0,1.0,5.0,4.0,2.0,5.0,3.0,4.0,4.0,5.0,16.0,4.0,1.0,8.0,16.0,1.0,1.0,1.0,1.0,1.0,1.0,1.0,2.0,1.0,4.0,5.0,4.0,1.0,2.0,6.0,4.0,4.0,1.0,6.0,6.0,6.0,3.0,6.0,1.0,3.0,4.0,64.0,1.0,6.0,16.0,1.0,1.0,1.0,1.0,1.0,1.0,1.0,698804820.0,29362909.64,122442000.0,1.2139539285714285,240.0,514.0,344064.0,2.0518942785656464e+16,10.838775000000002,4.249463928571428,78.57142857142857,29934.85714285714
32000.0,16000.0,256.0,64.0,3.0,32.0,10.0,6.0,5.0,6.0,5.0,5.0,2.0,1.0,6.0,4.0,2.0,6.0,2.0,2.0,1.0,5.0,3.0,4.0,1.0,2.0,6.0,5.0,1.0,6.0,1.0,4.0,4.0,768.0,1.0,36.0,36.0,1.0,1.0,1.0,1.0,1.0,1.0,1.0,4.0,2.0,1.0,2.0,5.0,2.0,6.0,6.0,1.0,5.0,4.0,5.0,1.0,1.0,1.0,3.0,4.0,1.0,32.0,1.0,1.0,64.0,1.0,1.0,4.0,128.0,1.0,1.0,1.0,1.0,2.0,6.0,2.0,2.0,1.0,6.0,2.0,6.0,3.0,5.0,5.0,6.0,4.0,5.0,3.0,2.0,3.0,1.0,128.0,4.0,1.0,128.0,1.0,1.0,32.0,64.0,1.0,1.0,1.0,1.0,2.0,4.0,1.0,1.0,6.0,1.0,3.0,4.0,5.0,1.0,4.0,3.0,3.0,1.0,3.0,1.0,2.0,1.0,16.0,384.0,1.0,16.0,768.0,1.0,1.0,1.0,1.0,1.0,1.0,1.0,3.0,3.0,6.0,5.0,3.0,4.0,4.0,4.0,5.0,1.0,1.0,3.0,3.0,2.0,3.0,5.0,1.0,4.0,2.0,96.0,1.0,3072.0,32.0,1.0,1.0,1.0,1.0,1.0,1.0,1.0,4.0,5.0,2.0,1.0,6.0,3.0,4.0,2.0,3.0,2.0,5.0,5.0,1.0,3.0,1.0,6.0,2.0,1.0,192.0,768.0,1.0,6.0,64.0,1.0,1.0,1.0,1.0,1.0,1.0,1.0,583685712.0,17907807.479999997,2618070000.0,11.154575000000003,1920.0,514.0,2260992.0,1.0452531359322724e+16,59.02858571428572,0.08035714285714286,78.57142857142857,260096.0
1024000.0,256000.0,256.0,64.0,3.0,24.0,8.0,38.0,2.0,3.0,6.0,2.0,5.0,5.0,4.0,2.0,5.0,2.0,3.0,6.0,3.0,4.0,1.0,5.0,2.0,1.0,1.0,4.0,5.0,5.0,2.0,6.0,16.0,192.0,1.0,2304.0,8.0,1.0,1.0,1.0,1.0,1.0,1.0,1.0,3.0,6.0,5.0,5.0,6.0,5.0,1.0,5.0,3.0,4.0,3.0,1.0,1.0,5.0,1.0,3.0,1.0,3.0,1.0,4.0,1.0,4.0,128.0,1.0,4.0,64.0,1.0,1.0,1.0,1.0,4.0,1.0,4.0,3.0,6.0,2.0,3.0,2.0,1.0,6.0,4.0,2.0,5.0,4.0,4.0,6.0,1.0,1.0,4.0,8.0,1.0,2.0,128.0,1.0,8.0,16.0,1.0,1.0,1.0,1.0,3.0,2.0,2.0,2.0,5.0,1.0,1.0,4.0,4.0,2.0,3.0,2.0,4.0,2.0,5.0,3.0,2.0,6.0,16.0,1.0,1.0,256.0,12.0,1.0,1.0,1.0,1.0,1.0,1.0,1.0,1.0,6.0,3.0,3.0,5.0,3.0,5.0,4.0,1.0,3.0,4.0,6.0,4.0,2.0,4.0,4.0,6.0,5.0,1.0,768.0,1.0,1536.0,48.0,1.0,1.0,1.0,1.0,1.0,1.0,1.0,2.0,1.0,2.0,6.0,6.0,3.0,2.0,6.0,4.0,3.0,1.0,1.0,1.0,3.0,1.0,1.0,1.0,3.0,1024.0,32.0,1.0,4.0,2.0,1.0,1.0,1.0,1.0,1.0,1.0,1.0,10992211080.0,18268078.7,29934400000.0,56.820082142857125,7296.0,514.0,2949120.0,2.00806577096452e+17,2.7142857142857144,0.3769221225,78.57142857142857,195474.2857142857
256000.0,32000.0,256.0,64.0,2.0,16.0,16.0,2.0,1.0,3.0,1.0,3.0,4.0,4.0,3.0,5.0,6.0,2.0,6.0,6.0,6.0,6.0,2.0,4.0,2.0,2.0,2.0,5.0,3.0,3.0,4.0,2.0,24.0,3.0,1.0,1152.0,144.0,1.0,1.0,1.0,1.0,1.0,1.0,1.0,4.0,2.0,2.0,6.0,1.0,3.0,1.0,4.0,2.0,5.0,2.0,5.0,1.0,6.0,4.0,3.0,6.0,6.0,4.0,2.0,1.0,8.0,4.0,1.0,8.0,16.0,1.0,1.0,1.0,1.0,6.0,1.0,5.0,5.0,1.0,5.0,2.0,5.0,2.0,5.0,3.0,4.0,4.0,3.0,3.0,2.0,6.0,3.0,128.0,2.0,1.0,2.0,2.0,1.0,1.0,1.0,1.0,1.0,1.0,1.0,6.0,3.0,6.0,6.0,1.0,3.0,6.0,3.0,3.0,6.0,3.0,6.0,4.0,3.0,2.0,3.0,5.0,5.0,12.0,48.0,1.0,6.0,48.0,1.0,1.0,1.0,1.0,1.0,1.0,1.0,6.0,6.0,3.0,6.0,4.0,5.0,5.0,5.0,2.0,3.0,2.0,3.0,5.0,2.0,2.0,5.0,5.0,5.0,3.0,8.0,1.0,768.0,12.0,1.0,1.0,1.0,1.0,1.0,1.0,1.0,3.0,2.0,1.0,2.0,3.0,4.0,1.0,2.0,2.0,4.0,6.0,5.0,6.0,5.0,3.0,3.0,5.0,3.0,8.0,96.0,1.0,8.0,64.0,1.0,1.0,1.0,1.0,1.0,1.0,1.0,11215110648.0,32314448.679999996,13577400.0,0.15681607142857143,32.0,514.0,38496.0,3.624101174753175e+17,1.0,0.41912932857142854,78.57142857142857,1890.0
256000.0,2048000.0,256.0,64.0,3.0,10.0,4.0,32.0,2.0,2.0,1.0,3.0,1.0,5.0,1.0,5.0,5.0,1.0,4.0,1.0,5.0,3.0,6.0,5.0,5.0,2.0,2.0,5.0,5.0,2.0,6.0,4.0,1.0,256.0,1.0,6.0,4.0,1.0,1.0,1.0,1.0,1.0,1.0,1.0,6.0,5.0,4.0,1.0,6.0,1.0,4.0,3.0,2.0,2.0,5.0,5.0,4.0,4.0,6.0,1.0,5.0,4.0,64.0,16.0,1.0,64.0,128.0,1.0,4.0,32.0,1.0,1.0,1.0,1.0,3.0,5.0,2.0,1.0,6.0,6.0,1.0,2.0,2.0,2.0,2.0,4.0,1.0,2.0,1.0,6.0,5.0,6.0,128.0,16.0,1.0,64.0,32.0,1.0,4.0,32.0,1.0,1.0,1.0,1.0,6.0,6.0,5.0,3.0,4.0,3.0,4.0,1.0,5.0,5.0,2.0,5.0,3.0,3.0,4.0,4.0,1.0,6.0,8.0,64.0,1.0,3.0,3.0,1.0,1.0,1.0,1.0,1.0,1.0,1.0,2.0,6.0,3.0,3.0,1.0,5.0,2.0,4.0,3.0,5.0,2.0,1.0,2.0,2.0,2.0,3.0,2.0,5.0,192.0,96.0,1.0,3072.0,1024.0,1.0,1.0,1.0,1.0,1.0,1.0,1.0,5.0,2.0,5.0,3.0,3.0,1.0,4.0,4.0,2.0,2.0,3.0,2.0,6.0,3.0,1.0,6.0,3.0,3.0,96.0,96.0,1.0,128.0,4.0,1.0,1.0,1.0,1.0,1.0,1.0,1.0,3086826612.0,19460631.64,1328210000.0,6.83521607142857,1280.0,514.0,2015232.0,6.007159563268121e+16,16.321428571428573,0.02137975,78.57142857142857,102605.71428571429
128.0,4096000.0,256.0,64.0,2.0,4.0,22.0,22.0,4.0,2.0,5.0,5.0,5.0,3.0,6.0,2.0,2.0,3.0,4.0,5.0,1.0,2.0,4.0,3.0,4.0,4.0,3.0,1.0,4.0,1.0,6.0,5.0,64.0,256.0,1.0,12.0,9.0,1.0,1.0,1.0,1.0,1.0,1.0,1.0,5.0,1.0,2.0,3.0,6.0,2.0,4.0,2.0,6.0,2.0,6.0,2.0,1.0,4.0,2.0,4.0,1.0,3.0,64.0,8.0,1.0,2.0,2.0,1.0,32.0,64.0,1.0,1.0,1.0,1.0,2.0,5.0,4.0,6.0,3.0,6.0,3.0,6.0,6.0,3.0,5.0,1.0,1.0,5.0,4.0,1.0,5.0,5.0,16.0,8.0,1.0,64.0,8.0,1.0,16.0,16.0,1.0,1.0,1.0,1.0,6.0,5.0,1.0,2.0,1.0,6.0,3.0,6.0,1.0,3.0,3.0,2.0,5.0,5.0,4.0,4.0,3.0,3.0,768.0,192.0,1.0,16.0,64.0,1.0,1.0,1.0,1.0,1.0,1.0,1.0,5.0,6.0,5.0,4.0,5.0,4.0,4.0,3.0,1.0,4.0,4.0,5.0,2.0,6.0,6.0,3.0,5.0,6.0,384.0,32.0,1.0,3072.0,512.0,1.0,1.0,1.0,1.0,1.0,1.0,1.0,6.0,2.0,6.0,5.0,1.0,2.0,1.0,4.0,3.0,3.0,5.0,6.0,2.0,4.0,4.0,3.0,4.0,4.0,512.0,64.0,1.0,384.0,48.0,1.0,1.0,1.0,1.0,1.0,1.0,1.0,10947298500.0,20658810.88,306298000.0,2.3278942857142857,484.0,514.0,172032.0,2.2615816935840768e+17,3.5714285714285716,0.46685475357142847,78.57142857142857,12260.57142857143
128000.0,16000000.0,256.0,64.0,2.0,32.0,36.0,42.0,3.0,5.0,4.0,6.0,1.0,4.0,3.0,3.0,4.0,1.0,5.0,1.0,6.0,2.0,6.0,5.0,1.0,4.0,1.0,5.0,4.0,5.0,6.0,3.0,4.0,256.0,1.0,48.0,24.0,1.0,1.0,1.0,1.0,1.0,1.0,1.0,5.0,1.0,5.0,6.0,6.0,1.0,1.0,2.0,5.0,4.0,2.0,1.0,2.0,4.0,4.0,2.0,2.0,5.0,4.0,32.0,1.0,16.0,1.0,1.0,8.0,64.0,1.0,1.0,1.0,1.0,6.0,5.0,3.0,4.0,5.0,5.0,6.0,4.0,1.0,6.0,1.0,5.0,6.0,4.0,5.0,6.0,5.0,5.0,128.0,64.0,1.0,4.0,16.0,1.0,16.0,1.0,1.0,1.0,1.0,1.0,3.0,2.0,3.0,4.0,5.0,4.0,6.0,1.0,1.0,3.0,4.0,1.0,6.0,3.0,5.0,6.0,4.0,6.0,768.0,384.0,1.0,32.0,128.0,1.0,1.0,1.0,1.0,1.0,1.0,1.0,4.0,5.0,1.0,5.0,2.0,1.0,5.0,4.0,1.0,5.0,3.0,4.0,1.0,4.0,2.0,6.0,6.0,1.0,12.0,8.0,1.0,3072.0,64.0,1.0,1.0,1.0,1.0,1.0,1.0,1.0,6.0,4.0,6.0,1.0,6.0,4.0,1.0,5.0,1.0,2.0,6.0,2.0,4.0,5.0,1.0,6.0,3.0,1.0,256.0,8.0,1.0,4.0,16.0,1.0,1.0,1.0,1.0,1.0,1.0,1.0,1355991000.0,29728600.32,1747340000.0,7.829496428571428,1512.0,514.0,131072.0,4.031171447651712e+16,5.428571428571429,1.2887517857142856,78.57142857142857,6066.285714285715
128000.0,512000.0,256.0,64.0,1.0,34.0,48.0,46.0,3.0,5.0,2.0,4.0,4.0,6.0,3.0,5.0,4.0,4.0,2.0,1.0,1.0,2.0,1.0,3.0,5.0,4.0,4.0,1.0,6.0,6.0,2.0,6.0,24.0,6.0,1.0,6.0,64.0,1.0,1.0,1.0,1.0,1.0,1.0,1.0,1.0,3.0,4.0,1.0,1.0,4.0,4.0,4.0,5.0,4.0,4.0,2.0,5.0,3.0,5.0,2.0,1.0,2.0,16.0,8.0,1.0,2.0,32.0,1.0,128.0,32.0,1.0,1.0,1.0,1.0,3.0,5.0,6.0,5.0,5.0,4.0,6.0,5.0,5.0,6.0,5.0,5.0,3.0,3.0,3.0,3.0,2.0,1.0,128.0,1.0,1.0,128.0,8.0,1.0,64.0,1.0,1.0,1.0,1.0,1.0,2.0,6.0,2.0,6.0,3.0,4.0,3.0,1.0,6.0,3.0,2.0,3.0,4.0,3.0,5.0,5.0,1.0,3.0,96.0,768.0,1.0,192.0,12.0,1.0,1.0,1.0,1.0,1.0,1.0,1.0,5.0,4.0,5.0,5.0,2.0,1.0,4.0,6.0,6.0,6.0,5.0,3.0,6.0,4.0,3.0,2.0,1.0,3.0,16.0,4.0,1.0,1024.0,2.0,1.0,1.0,1.0,1.0,1.0,1.0,1.0,2.0,1.0,5.0,3.0,1.0,3.0,1.0,4.0,1.0,1.0,3.0,3.0,2.0,6.0,6.0,1.0,5.0,1.0,32.0,16.0,1.0,128.0,12.0,1.0,1.0,1.0,1.0,1.0,1.0,1.0,11173626192.0,84248839.20000002,19514700.0,0.21401757142857145,46.0,514.0,514.0,9.413650363307165e+17,1.0,1.0003564285714284,78.57142857142857,78.57142857142857
1024000.0,8192000.0,256.0,64.0,3.0,24.0,36.0,32.0,4.0,5.0,5.0,5.0,6.0,6.0,5.0,3.0,4.0,4.0,4.0,4.0,6.0,5.0,6.0,4.0,2.0,3.0,4.0,3.0,4.0,5.0,1.0,5.0,4.0,16.0,1.0,2304.0,12.0,1.0,1.0,1.0,1.0,1.0,1.0,1.0,4.0,6.0,2.0,5.0,3.0,4.0,2.0,4.0,1.0,1.0,3.0,3.0,4.0,2.0,6.0,6.0,4.0,5.0,64.0,32.0,1.0,128.0,8.0,1.0,16.0,64.0,1.0,1.0,1.0,1.0,4.0,1.0,5.0,1.0,6.0,1.0,6.0,3.0,6.0,5.0,2.0,4.0,4.0,5.0,4.0,5.0,2.0,6.0,1.0,64.0,1.0,128.0,32.0,1.0,2.0,64.0,1.0,1.0,1.0,1.0,6.0,5.0,2.0,6.0,3.0,3.0,2.0,1.0,4.0,5.0,3.0,2.0,6.0,1.0,2.0,1.0,4.0,5.0,6.0,4.0,1.0,2.0,8.0,1.0,1.0,1.0,1.0,1.0,1.0,1.0,6.0,6.0,6.0,6.0,3.0,2.0,4.0,5.0,5.0,2.0,1.0,2.0,1.0,3.0,5.0,4.0,5.0,6.0,48.0,32.0,1.0,64.0,3.0,1.0,1.0,1.0,1.0,1.0,1.0,1.0,5.0,4.0,6.0,3.0,5.0,2.0,2.0,3.0,1.0,6.0,4.0,3.0,1.0,2.0,5.0,6.0,3.0,6.0,1536.0,512.0,1.0,16.0,24.0,1.0,1.0,1.0,1.0,1.0,1.0,1.0,2256046848.0,19415545.300000004,400184000000.0,459.54139285714285,27648.0,514.0,667648.0,4.380237977626622e+16,18.321428571428573,0.04222470714285714,78.57142857142857,77224.0
512.0,2048000.0,256.0,64.0,3.0,10.0,16.0,16.0,3.0,1.0,3.0,1.0,5.0,5.0,6.0,1.0,6.0,2.0,1.0,1.0,3.0,4.0,3.0,3.0,5.0,2.0,1.0,6.0,5.0,4.0,1.0,4.0,24.0,1.0,1.0,256.0,72.0,1.0,1.0,1.0,1.0,1.0,1.0,1.0,1.0,5.0,4.0,5.0,6.0,3.0,2.0,6.0,4.0,1.0,2.0,6.0,4.0,4.0,6.0,4.0,3.0,4.0,2.0,4.0,1.0,8.0,4.0,1.0,4.0,8.0,1.0,1.0,1.0,1.0,6.0,6.0,3.0,3.0,4.0,2.0,5.0,4.0,6.0,1.0,5.0,2.0,2.0,2.0,2.0,2.0,2.0,2.0,4.0,8.0,1.0,1.0,16.0,1.0,2.0,2.0,1.0,1.0,1.0,1.0,4.0,1.0,5.0,2.0,5.0,6.0,2.0,1.0,6.0,3.0,5.0,3.0,2.0,2.0,4.0,5.0,6.0,2.0,32.0,24.0,1.0,24.0,768.0,1.0,1.0,1.0,1.0,1.0,1.0,1.0,3.0,6.0,5.0,1.0,1.0,3.0,1.0,1.0,3.0,2.0,1.0,6.0,6.0,2.0,4.0,5.0,5.0,2.0,192.0,8.0,1.0,3.0,768.0,1.0,1.0,1.0,1.0,1.0,1.0,1.0,4.0,4.0,3.0,3.0,5.0,6.0,5.0,5.0,6.0,5.0,2.0,5.0,5.0,6.0,5.0,4.0,5.0,3.0,1536.0,3.0,1.0,64.0,256.0,1.0,1.0,1.0,1.0,1.0,1.0,1.0,4608507528.0,18837234.94,4325270000.0,14.65477857142857,2560.0,514.0,1245184.0,8.681153902769464e+16,3.357142857142857,0.36637776428571434,78.57142857142857,76109.71428571429
8192.0,64000.0,256.0,64.0,3.0,38.0,46.0,44.0,2.0,3.0,3.0,2.0,1.0,1.0,2.0,2.0,5.0,3.0,4.0,1.0,2.0,3.0,1.0,4.0,4.0,6.0,4.0,5.0,4.0,1.0,4.0,3.0,64.0,48.0,1.0,24.0,8.0,1.0,1.0,1.0,1.0,1.0,1.0,1.0,6.0,6.0,5.0,4.0,1.0,2.0,3.0,5.0,4.0,5.0,2.0,6.0,1.0,2.0,1.0,6.0,3.0,2.0,8.0,1.0,1.0,128.0,16.0,1.0,128.0,16.0,1.0,1.0,1.0,1.0,1.0,2.0,1.0,2.0,5.0,5.0,6.0,1.0,1.0,5.0,5.0,1.0,6.0,6.0,2.0,4.0,6.0,2.0,128.0,128.0,1.0,8.0,64.0,1.0,1.0,64.0,1.0,1.0,1.0,1.0,4.0,4.0,3.0,1.0,4.0,6.0,2.0,4.0,1.0,3.0,6.0,4.0,4.0,2.0,4.0,3.0,1.0,3.0,64.0,12.0,1.0,192.0,24.0,1.0,1.0,1.0,1.0,1.0,1.0,1.0,5.0,2.0,6.0,2.0,6.0,5.0,5.0,4.0,1.0,1.0,6.0,5.0,2.0,6.0,6.0,5.0,4.0,3.0,96.0,3.0,1.0,48.0,3072.0,1.0,1.0,1.0,1.0,1.0,1.0,1.0,1.0,2.0,3.0,2.0,2.0,4.0,3.0,1.0,6.0,5.0,1.0,5.0,3.0,5.0,4.0,3.0,1.0,5.0,1024.0,1.0,1.0,1.0,3.0,1.0,1.0,1.0,1.0,1.0,1.0,1.0,1352584860.0,18255863.240000002,3044140000000.0,2938.1139285714285,76912.0,514.0,1400832.0,2.4692604224654548e+16,1192.8432642857142,25.153201357142855,78.57142857142857,131602.2857142857
1024.0,16000000.0,256.0,64.0,2.0,20.0,38.0,12.0,1.0,5.0,2.0,2.0,5.0,4.0,3.0,4.0,3.0,6.0,5.0,5.0,4.0,6.0,6.0,6.0,4.0,1.0,4.0,1.0,1.0,3.0,4.0,1.0,16.0,128.0,1.0,48.0,2.0,1.0,1.0,1.0,1.0,1.0,1.0,1.0,5.0,3.0,3.0,6.0,4.0,3.0,5.0,4.0,6.0,3.0,1.0,1.0,1.0,1.0,2.0,3.0,2.0,1.0,2.0,32.0,1.0,8.0,64.0,1.0,1.0,32.0,1.0,1.0,1.0,1.0,3.0,3.0,6.0,6.0,3.0,1.0,6.0,5.0,3.0,3.0,3.0,5.0,1.0,2.0,5.0,2.0,1.0,5.0,16.0,16.0,1.0,64.0,4.0,1.0,8.0,32.0,1.0,1.0,1.0,1.0,6.0,5.0,2.0,3.0,5.0,5.0,6.0,6.0,1.0,6.0,3.0,1.0,6.0,3.0,5.0,5.0,1.0,6.0,96.0,16.0,1.0,48.0,6.0,1.0,1.0,1.0,1.0,1.0,1.0,1.0,1.0,1.0,5.0,5.0,3.0,2.0,6.0,5.0,3.0,1.0,2.0,3.0,6.0,2.0,2.0,6.0,5.0,5.0,24.0,256.0,1.0,1.0,12.0,1.0,1.0,1.0,1.0,1.0,1.0,1.0,4.0,5.0,3.0,5.0,1.0,3.0,5.0,2.0,3.0,3.0,4.0,6.0,3.0,3.0,5.0,1.0,5.0,6.0,48.0,512.0,1.0,24.0,8.0,1.0,1.0,1.0,1.0,1.0,1.0,1.0,325058988.0,20765753.68,282110000.0,2.187283214285715,456.0,514.0,119296.0,6750094876278076.0,25.53882857142857,7.169434035714285,78.57142857142857,11351.42857142857
256.0,2048000.0,256.0,64.0,1.0,20.0,20.0,28.0,3.0,6.0,5.0,1.0,2.0,5.0,2.0,5.0,2.0,6.0,5.0,6.0,4.0,6.0,2.0,3.0,3.0,2.0,2.0,4.0,4.0,3.0,4.0,2.0,768.0,48.0,1.0,192.0,9.0,1.0,1.0,1.0,1.0,1.0,1.0,1.0,4.0,5.0,3.0,2.0,5.0,4.0,1.0,2.0,4.0,3.0,2.0,3.0,3.0,5.0,5.0,4.0,3.0,5.0,64.0,2.0,1.0,2.0,32.0,1.0,64.0,4.0,1.0,1.0,1.0,1.0,1.0,6.0,5.0,2.0,3.0,3.0,4.0,5.0,5.0,3.0,5.0,1.0,5.0,3.0,5.0,1.0,5.0,4.0,8.0,8.0,1.0,2.0,8.0,1.0,4.0,4.0,1.0,1.0,1.0,1.0,1.0,5.0,6.0,3.0,2.0,1.0,2.0,1.0,5.0,4.0,6.0,5.0,1.0,5.0,3.0,1.0,6.0,3.0,8.0,96.0,1.0,16.0,24.0,1.0,1.0,1.0,1.0,1.0,1.0,1.0,1.0,2.0,6.0,4.0,1.0,3.0,5.0,1.0,2.0,5.0,3.0,4.0,6.0,5.0,1.0,2.0,6.0,6.0,48.0,16.0,1.0,384.0,64.0,1.0,1.0,1.0,1.0,1.0,1.0,1.0,5.0,6.0,4.0,2.0,3.0,1.0,5.0,3.0,1.0,2.0,6.0,6.0,5.0,1.0,1.0,2.0,5.0,6.0,256.0,64.0,1.0,4.0,32.0,1.0,1.0,1.0,1.0,1.0,1.0,1.0,404619600.0,67834372.80000001,11913400.0,0.13622185714285712,28.0,514.0,7480.0,2.7447116788586884e+16,25.890839285714286,26.314053571428573,78.57142857142857,1166.2857142857142
2048.0,1024000.0,256.0,64.0,3.0,44.0,6.0,42.0,2.0,2.0,6.0,2.0,2.0,6.0,4.0,3.0,6.0,1.0,6.0,2.0,1.0,1.0,6.0,4.0,3.0,6.0,1.0,2.0,1.0,3.0,1.0,2.0,48.0,12.0,1.0,32.0,12.0,1.0,1.0,1.0,1.0,1.0,1.0,1.0,5.0,3.0,2.0,2.0,1.0,5.0,4.0,2.0,5.0,2.0,5.0,3.0,4.0,1.0,4.0,2.0,2.0,4.0,2.0,32.0,1.0,2.0,2.0,1.0,1.0,2.0,1.0,1.0,1.0,1.0,4.0,3.0,4.0,3.0,5.0,2.0,5.0,4.0,2.0,3.0,5.0,4.0,2.0,6.0,5.0,6.0,5.0,1.0,8.0,8.0,1.0,16.0,32.0,1.0,32.0,4.0,1.0,1.0,1.0,1.0,1.0,6.0,4.0,4.0,5.0,4.0,6.0,5.0,3.0,5.0,5.0,1.0,5.0,5.0,6.0,6.0,2.0,6.0,12.0,12.0,1.0,96.0,6.0,1.0,1.0,1.0,1.0,1.0,1.0,1.0,2.0,3.0,1.0,4.0,2.0,5.0,3.0,4.0,4.0,4.0,4.0,2.0,2.0,4.0,1.0,6.0,2.0,5.0,6.0,4.0,1.0,3.0,4.0,1.0,1.0,1.0,1.0,1.0,1.0,1.0,5.0,3.0,3.0,1.0,3.0,3.0,6.0,4.0,4.0,6.0,6.0,4.0,2.0,1.0,6.0,6.0,5.0,3.0,512.0,1536.0,1.0,4.0,4.0,1.0,1.0,1.0,1.0,1.0,1.0,1.0,1636348332.0,25283636.860000003,66918400000.0,103.81925,11088.0,514.0,406528.0,4.137283700275472e+16,36.692307142857146,4.211829964285714,78.57142857142857,21556.0
2048000.0,16000.0,256.0,64.0,1.0,26.0,4.0,48.0,6.0,1.0,2.0,1.0,5.0,2.0,5.0,4.0,3.0,6.0,1.0,3.0,6.0,1.0,2.0,4.0,2.0,2.0,4.0,4.0,1.0,1.0,3.0,2.0,1.0,16.0,1.0,288.0,768.0,1.0,1.0,1.0,1.0,1.0,1.0,1.0,2.0,2.0,5.0,5.0,2.0,3.0,6.0,3.0,2.0,2.0,5.0,4.0,6.0,3.0,1.0,6.0,4.0,4.0,16.0,2.0,1.0,1.0,128.0,1.0,1.0,2.0,1.0,1.0,1.0,1.0,3.0,2.0,1.0,1.0,4.0,6.0,6.0,6.0,3.0,6.0,6.0,5.0,5.0,2.0,6.0,3.0,2.0,2.0,64.0,16.0,1.0,64.0,2.0,1.0,4.0,16.0,1.0,1.0,1.0,1.0,4.0,3.0,2.0,5.0,5.0,5.0,6.0,6.0,4.0,4.0,2.0,3.0,2.0,1.0,1.0,1.0,5.0,3.0,3.0,768.0,1.0,64.0,3.0,1.0,1.0,1.0,1.0,1.0,1.0,1.0,1.0,1.0,4.0,5.0,1.0,3.0,5.0,3.0,4.0,2.0,4.0,5.0,6.0,6.0,2.0,1.0,6.0,1.0,128.0,256.0,1.0,48.0,8.0,1.0,1.0,1.0,1.0,1.0,1.0,1.0,5.0,2.0,1.0,6.0,5.0,3.0,1.0,1.0,5.0,3.0,2.0,6.0,6.0,1.0,2.0,6.0,3.0,5.0,24.0,3072.0,1.0,192.0,192.0,1.0,1.0,1.0,1.0,1.0,1.0,1.0,234751440.0,20546614.08,20381000.0,0.2296288571428572,48.0,514.0,12640.0,4823347242404275.0,38.85715714285714,32.239542857142865,78.57142857142857,1972.0
32000.0,2048000.0,256.0,64.0,2.0,38.0,40.0,36.0,5.0,5.0,4.0,1.0,4.0,3.0,1.0,1.0,2.0,1.0,5.0,4.0,5.0,1.0,6.0,3.0,1.0,3.0,6.0,1.0,2.0,4.0,4.0,5.0,256.0,6.0,1.0,18.0,128.0,1.0,1.0,1.0,1.0,1.0,1.0,1.0,3.0,6.0,2.0,1.0,4.0,6.0,5.0,5.0,2.0,3.0,2.0,4.0,3.0,1.0,3.0,5.0,2.0,2.0,8.0,4.0,1.0,2.0,64.0,1.0,8.0,16.0,1.0,1.0,1.0,1.0,3.0,6.0,4.0,5.0,3.0,2.0,5.0,6.0,5.0,6.0,3.0,5.0,4.0,4.0,3.0,2.0,5.0,5.0,1.0,1.0,1.0,128.0,64.0,1.0,16.0,1.0,1.0,1.0,1.0,1.0,3.0,4.0,5.0,4.0,1.0,4.0,2.0,1.0,3.0,1.0,6.0,4.0,3.0,3.0,2.0,3.0,5.0,5.0,3.0,48.0,1.0,128.0,128.0,1.0,1.0,1.0,1.0,1.0,1.0,1.0,4.0,5.0,5.0,1.0,3.0,5.0,1.0,2.0,6.0,1.0,2.0,2.0,1.0,6.0,6.0,3.0,4.0,5.0,2.0,256.0,1.0,4.0,2.0,1.0,1.0,1.0,1.0,1.0,1.0,1.0,2.0,5.0,4.0,4.0,3.0,6.0,1.0,6.0,4.0,4.0,3.0,2.0,6.0,6.0,6.0,2.0,3.0,2.0,3072.0,24.0,1.0,8.0,768.0,1.0,1.0,1.0,1.0,1.0,1.0,1.0,74855304.0,27366038.58,1611350000.0,7.457270000000002,1440.0,514.0,263168.0,2048493137181628.2,526.8246428571429,22.690786428571432,78.57142857142857,19037.714285714286
8192.0,16000000.0,256.0,64.0,3.0,4.0,16.0,20.0,3.0,5.0,1.0,1.0,1.0,6.0,3.0,2.0,2.0,1.0,6.0,4.0,5.0,5.0,3.0,1.0,6.0,2.0,1.0,6.0,1.0,2.0,5.0,2.0,256.0,48.0,1.0,1.0,64.0,1.0,1.0,1.0,1.0,1.0,1.0,1.0,6.0,6.0,6.0,6.0,4.0,5.0,3.0,6.0,6.0,6.0,4.0,1.0,6.0,4.0,1.0,2.0,2.0,4.0,2.0,4.0,1.0,4.0,128.0,1.0,64.0,2.0,1.0,1.0,1.0,1.0,2.0,3.0,1.0,5.0,4.0,6.0,1.0,6.0,3.0,5.0,5.0,3.0,5.0,1.0,4.0,2.0,5.0,1.0,32.0,1.0,1.0,32.0,2.0,1.0,8.0,32.0,1.0,1.0,1.0,1.0,5.0,2.0,6.0,2.0,1.0,1.0,1.0,2.0,3.0,6.0,3.0,5.0,1.0,5.0,6.0,3.0,5.0,1.0,16.0,16.0,1.0,6.0,256.0,1.0,1.0,1.0,1.0,1.0,1.0,1.0,2.0,4.0,5.0,2.0,6.0,1.0,4.0,3.0,5.0,2.0,3.0,5.0,2.0,3.0,6.0,1.0,6.0,6.0,192.0,6.0,1.0,24.0,3.0,1.0,1.0,1.0,1.0,1.0,1.0,1.0,1.0,4.0,6.0,3.0,4.0,6.0,1.0,4.0,4.0,4.0,4.0,3.0,6.0,3.0,2.0,1.0,4.0,5.0,384.0,128.0,1.0,256.0,24.0,1.0,1.0,1.0,1.0,1.0,1.0,1.0,125324856.0,18856541.2,1328040000.0,6.592892142857142,1280.0,514.0,360448.0,2363193310548067.0,45.85035714285715,3.9670478571428576,78.57142857142857,32365.714285714286
16000.0,64000.0,256.0,64.0,1.0,40.0,8.0,4.0,4.0,3.0,3.0,3.0,5.0,5.0,3.0,6.0,1.0,6.0,6.0,4.0,6.0,2.0,4.0,2.0,4.0,1.0,2.0,2.0,2.0,3.0,6.0,4.0,12.0,8.0,1.0,1152.0,2304.0,1.0,1.0,1.0,1.0,1.0,1.0,1.0,5.0,2.0,5.0,4.0,4.0,3.0,5.0,6.0,6.0,5.0,2.0,1.0,5.0,2.0,3.0,6.0,1.0,2.0,64.0,32.0,1.0,8.0,4.0,1.0,16.0,8.0,1.0,1.0,1.0,1.0,4.0,2.0,4.0,1.0,2.0,4.0,1.0,6.0,3.0,3.0,4.0,3.0,6.0,3.0,3.0,3.0,3.0,4.0,1.0,16.0,1.0,8.0,4.0,1.0,1.0,2.0,1.0,1.0,1.0,1.0,2.0,6.0,5.0,3.0,3.0,6.0,3.0,5.0,1.0,4.0,6.0,1.0,2.0,6.0,2.0,2.0,6.0,3.0,1.0,6.0,1.0,32.0,64.0,1.0,1.0,1.0,1.0,1.0,1.0,1.0,3.0,3.0,4.0,2.0,5.0,1.0,3.0,3.0,3.0,6.0,5.0,1.0,2.0,5.0,5.0,6.0,1.0,6.0,256.0,4.0,1.0,2.0,2.0,1.0,1.0,1.0,1.0,1.0,1.0,1.0,1.0,2.0,2.0,6.0,5.0,2.0,2.0,6.0,5.0,4.0,4.0,4.0,3.0,2.0,6.0,4.0,6.0,6.0,24.0,16.0,1.0,6.0,96.0,1.0,1.0,1.0,1.0,1.0,1.0,1.0,11173626192.0,88465735.2,2290310.0,0.024513357142857146,4.0,514.0,514.0,9.884830559252564e+17,1.0,1.0006346428571427,78.57142857142857,78.57142857142857
64000.0,8192000.0,256.0,64.0,1.0,8.0,46.0,36.0,3.0,2.0,4.0,2.0,3.0,3.0,6.0,3.0,6.0,1.0,2.0,5.0,4.0,5.0,5.0,1.0,6.0,2.0,4.0,3.0,1.0,2.0,5.0,4.0,96.0,32.0,1.0,4.0,18.0,1.0,1.0,1.0,1.0,1.0,1.0,1.0,2.0,2.0,3.0,6.0,5.0,1.0,2.0,4.0,3.0,4.0,3.0,5.0,3.0,6.0,2.0,5.0,1.0,5.0,64.0,4.0,1.0,4.0,32.0,1.0,32.0,64.0,1.0,1.0,1.0,1.0,6.0,5.0,1.0,3.0,4.0,1.0,5.0,5.0,2.0,4.0,3.0,5.0,1.0,3.0,5.0,1.0,4.0,6.0,1.0,32.0,1.0,16.0,16.0,1.0,4.0,16.0,1.0,1.0,1.0,1.0,3.0,6.0,6.0,4.0,3.0,6.0,2.0,3.0,2.0,1.0,6.0,3.0,1.0,3.0,5.0,1.0,2.0,3.0,2.0,192.0,1.0,12.0,4.0,1.0,1.0,1.0,1.0,1.0,1.0,1.0,6.0,4.0,2.0,6.0,5.0,1.0,2.0,5.0,5.0,6.0,5.0,6.0,2.0,4.0,4.0,1.0,2.0,2.0,32.0,384.0,1.0,64.0,16.0,1.0,1.0,1.0,1.0,1.0,1.0,1.0,2.0,3.0,6.0,5.0,5.0,3.0,6.0,3.0,6.0,5.0,5.0,2.0,3.0,1.0,1.0,6.0,6.0,3.0,1.0,1536.0,1.0,16.0,128.0,1.0,1.0,1.0,1.0,1.0,1.0,1.0,10881073488.0,88484599.19999999,15250600.0,0.1690918571428571,36.0,514.0,514.0,9.628074264514259e+17,27.571428571428573,28.102686071428572,78.57142857142857,198.57142857142858
1024.0,32000000.0,256.0,64.0,2.0,28.0,44.0,16.0,2.0,4.0,1.0,6.0,2.0,1.0,4.0,3.0,5.0,3.0,3.0,4.0,5.0,3.0,3.0,4.0,2.0,3.0,1.0,6.0,5.0,4.0,6.0,5.0,2.0,96.0,1.0,48.0,256.0,1.0,1.0,1.0,1.0,1.0,1.0,1.0,4.0,2.0,6.0,2.0,3.0,2.0,3.0,1.0,4.0,6.0,1.0,1.0,4.0,3.0,1.0,5.0,2.0,4.0,1.0,32.0,1.0,1.0,16.0,1.0,16.0,1.0,1.0,1.0,1.0,1.0,4.0,6.0,4.0,5.0,3.0,5.0,6.0,4.0,6.0,6.0,4.0,5.0,5.0,5.0,2.0,4.0,6.0,3.0,8.0,4.0,1.0,1.0,32.0,1.0,1.0,16.0,1.0,1.0,1.0,1.0,1.0,6.0,5.0,1.0,4.0,3.0,2.0,3.0,4.0,1.0,1.0,5.0,3.0,1.0,4.0,4.0,4.0,5.0,4.0,64.0,1.0,96.0,1.0,1.0,1.0,1.0,1.0,1.0,1.0,1.0,2.0,1.0,5.0,1.0,3.0,5.0,3.0,6.0,4.0,6.0,1.0,4.0,2.0,6.0,3.0,2.0,4.0,1.0,3.0,768.0,1.0,384.0,384.0,1.0,1.0,1.0,1.0,1.0,1.0,1.0,2.0,3.0,6.0,6.0,3.0,6.0,6.0,3.0,5.0,6.0,6.0,4.0,3.0,5.0,6.0,2.0,3.0,1.0,2.0,64.0,1.0,768.0,256.0,1.0,1.0,1.0,1.0,1.0,1.0,1.0,2021628360.0,43834930.12,524099000.0,3.412225357142857,704.0,514.0,101376.0,8.861793788921019e+16,2.607142857142857,1.3559855,78.57142857142857,6536.285714285715
1024000.0,8192000.0,256.0,64.0,2.0,16.0,36.0,38.0,4.0,4.0,4.0,6.0,5.0,6.0,2.0,3.0,1.0,3.0,2.0,6.0,3.0,6.0,3.0,3.0,4.0,4.0,1.0,5.0,3.0,2.0,2.0,1.0,2.0,1.0,1.0,768.0,2304.0,1.0,1.0,1.0,1.0,1.0,1.0,1.0,4.0,2.0,6.0,1.0,1.0,3.0,4.0,6.0,6.0,5.0,1.0,1.0,4.0,1.0,4.0,3.0,6.0,1.0,4.0,4.0,1.0,1.0,16.0,1.0,16.0,2.0,1.0,1.0,1.0,1.0,1.0,2.0,3.0,6.0,2.0,1.0,3.0,1.0,6.0,6.0,5.0,6.0,2.0,1.0,2.0,6.0,5.0,6.0,32.0,32.0,1.0,4.0,32.0,1.0,64.0,16.0,1.0,1.0,1.0,1.0,5.0,4.0,2.0,3.0,4.0,2.0,3.0,5.0,4.0,3.0,3.0,4.0,6.0,3.0,4.0,4.0,4.0,3.0,128.0,12.0,1.0,96.0,192.0,1.0,1.0,1.0,1.0,1.0,1.0,1.0,4.0,2.0,2.0,6.0,3.0,2.0,3.0,4.0,2.0,3.0,4.0,3.0,3.0,3.0,4.0,1.0,1.0,1.0,128.0,1.0,1.0,16.0,6.0,1.0,1.0,1.0,1.0,1.0,1.0,1.0,1.0,4.0,6.0,3.0,6.0,2.0,5.0,4.0,3.0,6.0,1.0,6.0,4.0,3.0,3.0,1.0,4.0,1.0,128.0,96.0,1.0,12.0,384.0,1.0,1.0,1.0,1.0,1.0,1.0,1.0,11197352316.0,49414677.08,1480620000.0,7.013323928571428,1368.0,514.0,198400.0,5.533135488461301e+17,1.0,0.659012317857143,78.57142857142857,9905.0
64000.0,16000000.0,256.0,64.0,3.0,32.0,28.0,30.0,2.0,6.0,4.0,3.0,2.0,1.0,5.0,4.0,2.0,4.0,6.0,2.0,5.0,3.0,4.0,1.0,3.0,5.0,5.0,2.0,3.0,1.0,5.0,3.0,3.0,384.0,1.0,576.0,36.0,1.0,1.0,1.0,1.0,1.0,1.0,1.0,6.0,1.0,6.0,1.0,3.0,4.0,2.0,1.0,6.0,1.0,2.0,4.0,3.0,5.0,4.0,4.0,2.0,1.0,1.0,1.0,1.0,128.0,1.0,1.0,2.0,2.0,1.0,1.0,1.0,1.0,6.0,5.0,6.0,2.0,2.0,5.0,3.0,4.0,4.0,3.0,6.0,1.0,2.0,6.0,4.0,5.0,3.0,5.0,2.0,1.0,1.0,4.0,8.0,1.0,2.0,4.0,1.0,1.0,1.0,1.0,4.0,5.0,3.0,4.0,6.0,5.0,4.0,3.0,1.0,4.0,6.0,5.0,3.0,3.0,2.0,4.0,2.0,3.0,768.0,2.0,1.0,1.0,24.0,1.0,1.0,1.0,1.0,1.0,1.0,1.0,5.0,5.0,3.0,6.0,5.0,6.0,3.0,1.0,5.0,6.0,2.0,1.0,5.0,2.0,3.0,4.0,5.0,5.0,192.0,12.0,1.0,192.0,512.0,1.0,1.0,1.0,1.0,1.0,1.0,1.0,4.0,4.0,3.0,3.0,2.0,2.0,2.0,6.0,1.0,4.0,2.0,4.0,5.0,2.0,6.0,1.0,1.0,3.0,1536.0,8.0,1.0,4.0,96.0,1.0,1.0,1.0,1.0,1.0,1.0,1.0,1997734848.0,18704102.32,378548000000.0,438.54735714285715,26880.0,514.0,2924544.0,3.736583700522165e+16,15.928571428571429,5.8435744285714275,78.57142857142857,311386.85714285716
128000.0,2048000.0,256.0,64.0,1.0,4.0,34.0,32.0,4.0,5.0,2.0,1.0,4.0,3.0,1.0,4.0,2.0,6.0,4.0,2.0,4.0,1.0,5.0,3.0,5.0,2.0,6.0,6.0,3.0,3.0,2.0,6.0,384.0,16.0,1.0,96.0,12.0,1.0,1.0,1.0,1.0,1.0,1.0,1.0,1.0,2.0,1.0,3.0,6.0,6.0,2.0,2.0,2.0,5.0,6.0,5.0,2.0,2.0,4.0,1.0,3.0,4.0,64.0,1.0,1.0,64.0,4.0,1.0,2.0,32.0,1.0,1.0,1.0,1.0,1.0,5.0,4.0,2.0,1.0,4.0,5.0,4.0,4.0,3.0,2.0,3.0,6.0,6.0,5.0,2.0,1.0,4.0,128.0,1.0,1.0,16.0,2.0,1.0,1.0,32.0,1.0,1.0,1.0,1.0,3.0,4.0,6.0,5.0,2.0,1.0,2.0,1.0,3.0,6.0,2.0,1.0,6.0,4.0,4.0,4.0,2.0,1.0,256.0,24.0,1.0,384.0,3.0,1.0,1.0,1.0,1.0,1.0,1.0,1.0,6.0,4.0,1.0,6.0,5.0,5.0,5.0,4.0,6.0,5.0,5.0,2.0,3.0,3.0,5.0,1.0,6.0,2.0,8.0,4.0,1.0,4.0,32.0,1.0,1.0,1.0,1.0,1.0,1.0,1.0,5.0,2.0,2.0,6.0,3.0,4.0,5.0,4.0,3.0,5.0,3.0,6.0,4.0,6.0,1.0,1.0,1.0,5.0,32.0,24.0,1.0,1.0,768.0,1.0,1.0,1.0,1.0,1.0,1.0,1.0,349176144.0,67201890.72,13574300.0,0.154875,32.0,514.0,8512.0,2.3465297071118984e+16,32.0,32.107142857142854,78.57142857142857,1327.4285714285713
128.0,512000.0,256.0,64.0,1.0,18.0,40.0,22.0,5.0,6.0,6.0,2.0,5.0,3.0,6.0,1.0,2.0,1.0,2.0,4.0,2.0,2.0,1.0,5.0,3.0,5.0,5.0,1.0,2.0,6.0,6.0,5.0,96.0,3.0,1.0,24.0,768.0,1.0,1.0,1.0,1.0,1.0,1.0,1.0,2.0,5.0,1.0,4.0,3.0,2.0,3.0,2.0,5.0,4.0,2.0,4.0,5.0,5.0,5.0,2.0,5.0,1.0,1.0,8.0,1.0,8.0,8.0,1.0,4.0,1.0,1.0,1.0,1.0,1.0,5.0,2.0,5.0,6.0,2.0,6.0,6.0,5.0,1.0,6.0,1.0,1.0,3.0,4.0,5.0,6.0,6.0,1.0,16.0,2.0,1.0,64.0,1.0,1.0,4.0,16.0,1.0,1.0,1.0,1.0,2.0,2.0,1.0,5.0,1.0,3.0,2.0,1.0,5.0,1.0,6.0,6.0,3.0,3.0,4.0,4.0,3.0,5.0,32.0,48.0,1.0,96.0,192.0,1.0,1.0,1.0,1.0,1.0,1.0,1.0,1.0,3.0,3.0,4.0,5.0,2.0,1.0,4.0,3.0,6.0,3.0,2.0,5.0,4.0,2.0,2.0,2.0,2.0,3.0,192.0,1.0,8.0,12.0,1.0,1.0,1.0,1.0,1.0,1.0,1.0,4.0,1.0,1.0,3.0,1.0,1.0,6.0,6.0,6.0,4.0,1.0,4.0,2.0,5.0,1.0,4.0,3.0,6.0,32.0,384.0,1.0,768.0,96.0,1.0,1.0,1.0,1.0,1.0,1.0,1.0,509608272.0,67478705.75999999,9452600.0,0.10836268571428574,22.0,514.0,5932.0,3.438770663915004e+16,21.42038571428572,21.846171428571427,78.57142857142857,924.5714285714286
1024000.0,128000.0,256.0,64.0,3.0,38.0,32.0,8.0,3.0,1.0,4.0,3.0,6.0,4.0,5.0,2.0,3.0,2.0,3.0,1.0,6.0,2.0,2.0,4.0,4.0,1.0,1.0,5.0,1.0,5.0,4.0,4.0,96.0,768.0,1.0,144.0,4.0,1.0,1.0,1.0,1.0,1.0,1.0,1.0,6.0,4.0,2.0,5.0,1.0,1.0,5.0,3.0,1.0,6.0,6.0,4.0,3.0,4.0,4.0,6.0,2.0,4.0,1.0,64.0,1.0,4.0,64.0,1.0,4.0,128.0,1.0,1.0,1.0,1.0,2.0,5.0,2.0,2.0,4.0,2.0,4.0,5.0,4.0,4.0,5.0,6.0,6.0,2.0,4.0,2.0,1.0,4.0,16.0,4.0,1.0,1.0,64.0,1.0,16.0,32.0,1.0,1.0,1.0,1.0,4.0,4.0,1.0,2.0,1.0,5.0,6.0,5.0,2.0,6.0,2.0,2.0,6.0,3.0,6.0,5.0,2.0,5.0,16.0,8.0,1.0,4.0,2.0,1.0,1.0,1.0,1.0,1.0,1.0,1.0,4.0,1.0,5.0,6.0,5.0,6.0,5.0,1.0,4.0,3.0,4.0,1.0,3.0,1.0,1.0,5.0,3.0,3.0,4.0,12.0,1.0,4.0,32.0,1.0,1.0,1.0,1.0,1.0,1.0,1.0,2.0,3.0,5.0,5.0,4.0,6.0,6.0,4.0,1.0,3.0,6.0,4.0,6.0,4.0,1.0,3.0,6.0,3.0,512.0,96.0,1.0,8.0,48.0,1.0,1.0,1.0,1.0,1.0,1.0,1.0,10956504588.0,19598122.680000007,51968500000.0,85.37733571428572,9728.0,514.0,454656.0,2.1472692105960694e+17,14.714285714285714,0.005967878571428571,78.57142857142857,44356.57142857143
512.0,128000.0,256.0,64.0,3.0,18.0,20.0,46.0,5.0,6.0,5.0,4.0,1.0,4.0,6.0,3.0,4.0,5.0,5.0,1.0,5.0,4.0,6.0,1.0,2.0,1.0,4.0,5.0,3.0,4.0,1.0,3.0,32.0,32.0,1.0,1.0,48.0,1.0,1.0,1.0,1.0,1.0,1.0,1.0,3.0,5.0,3.0,6.0,3.0,2.0,3.0,3.0,1.0,1.0,2.0,2.0,1.0,2.0,5.0,6.0,2.0,4.0,64.0,8.0,1.0,4.0,2.0,1.0,8.0,4.0,1.0,1.0,1.0,1.0,1.0,2.0,2.0,4.0,3.0,6.0,5.0,3.0,1.0,6.0,6.0,1.0,6.0,2.0,6.0,1.0,2.0,5.0,8.0,8.0,1.0,8.0,16.0,1.0,1.0,16.0,1.0,1.0,1.0,1.0,3.0,6.0,5.0,1.0,2.0,5.0,1.0,1.0,1.0,4.0,3.0,2.0,4.0,6.0,4.0,2.0,5.0,1.0,192.0,12.0,1.0,12.0,6.0,1.0,1.0,1.0,1.0,1.0,1.0,1.0,1.0,2.0,4.0,3.0,5.0,3.0,2.0,2.0,4.0,1.0,6.0,5.0,4.0,1.0,2.0,5.0,3.0,1.0,24.0,3.0,1.0,768.0,4.0,1.0,1.0,1.0,1.0,1.0,1.0,1.0,3.0,4.0,3.0,1.0,5.0,4.0,6.0,2.0,3.0,6.0,5.0,2.0,5.0,1.0,6.0,6.0,4.0,6.0,768.0,64.0,1.0,48.0,32.0,1.0,1.0,1.0,1.0,1.0,1.0,1.0,325296360.0,18705411.68,146122000000.0,195.0094642857143,16560.0,514.0,1560576.0,6084802331805485.0,240.57142857142858,5.321676571428572,78.57142857142857,106550.85714285714
2048000.0,2048000.0,256.0,64.0,1.0,46.0,6.0,4.0,5.0,1.0,5.0,5.0,4.0,3.0,2.0,6.0,4.0,6.0,3.0,2.0,1.0,6.0,3.0,2.0,5.0,4.0,6.0,4.0,6.0,6.0,5.0,2.0,4.0,2.0,1.0,72.0,3.0,1.0,1.0,1.0,1.0,1.0,1.0,1.0,4.0,4.0,4.0,3.0,5.0,6.0,3.0,4.0,4.0,2.0,3.0,4.0,6.0,4.0,5.0,2.0,1.0,4.0,64.0,2.0,1.0,8.0,2.0,1.0,128.0,2.0,1.0,1.0,1.0,1.0,3.0,5.0,4.0,6.0,3.0,5.0,5.0,3.0,2.0,6.0,1.0,6.0,4.0,2.0,6.0,6.0,2.0,4.0,16.0,1.0,1.0,64.0,8.0,1.0,64.0,1.0,1.0,1.0,1.0,1.0,1.0,2.0,3.0,2.0,3.0,1.0,4.0,3.0,5.0,3.0,4.0,1.0,1.0,2.0,3.0,3.0,6.0,4.0,256.0,48.0,1.0,64.0,4.0,1.0,1.0,1.0,1.0,1.0,1.0,1.0,6.0,3.0,1.0,1.0,3.0,1.0,3.0,5.0,3.0,5.0,5.0,4.0,6.0,1.0,3.0,3.0,2.0,5.0,32.0,12.0,1.0,1536.0,1024.0,1.0,1.0,1.0,1.0,1.0,1.0,1.0,3.0,3.0,6.0,1.0,6.0,6.0,5.0,1.0,4.0,3.0,5.0,6.0,5.0,2.0,2.0,1.0,4.0,4.0,3072.0,12.0,1.0,256.0,128.0,1.0,1.0,1.0,1.0,1.0,1.0,1.0,2793406896.0,35700684.480000004,2290390.0,0.02493031428571428,4.0,514.0,1288.0,9.97265382183522e+16,4.0,3.6924317857142857,78.57142857142857,199.42857142857142
4096.0,8192000.0,256.0,64.0,3.0,46.0,6.0,36.0,3.0,2.0,3.0,4.0,5.0,1.0,2.0,2.0,4.0,4.0,4.0,6.0,6.0,6.0,1.0,4.0,6.0,3.0,3.0,5.0,2.0,1.0,1.0,2.0,64.0,8.0,1.0,36.0,3.0,1.0,1.0,1.0,1.0,1.0,1.0,1.0,2.0,4.0,4.0,1.0,2.0,4.0,2.0,1.0,6.0,3.0,1.0,2.0,4.0,6.0,4.0,2.0,5.0,1.0,2.0,64.0,1.0,2.0,4.0,1.0,32.0,1.0,1.0,1.0,1.0,1.0,4.0,5.0,2.0,2.0,3.0,1.0,1.0,5.0,3.0,3.0,5.0,2.0,3.0,6.0,5.0,6.0,1.0,4.0,32.0,16.0,1.0,8.0,16.0,1.0,8.0,2.0,1.0,1.0,1.0,1.0,3.0,6.0,1.0,5.0,1.0,6.0,6.0,1.0,1.0,4.0,4.0,2.0,6.0,4.0,4.0,6.0,3.0,6.0,6.0,64.0,1.0,768.0,4.0,1.0,1.0,1.0,1.0,1.0,1.0,1.0,2.0,4.0,4.0,3.0,1.0,5.0,3.0,5.0,6.0,1.0,3.0,4.0,6.0,4.0,5.0,6.0,2.0,4.0,4.0,4.0,1.0,2.0,384.0,1.0,1.0,1.0,1.0,1.0,1.0,1.0,2.0,4.0,3.0,3.0,6.0,1.0,3.0,6.0,2.0,2.0,3.0,3.0,1.0,2.0,2.0,2.0,1.0,2.0,2.0,384.0,1.0,1.0,8.0,1.0,1.0,1.0,1.0,1.0,1.0,1.0,3381386076.0,23901031.360000007,54132800000.0,88.02952857142857,9936.0,514.0,311296.0,8.081861464274336e+16,8.428571428571429,0.63539525,78.57142857142857,22509.714285714286
4096.0,32000000.0,256.0,64.0,1.0,42.0,32.0,18.0,5.0,6.0,4.0,4.0,4.0,2.0,1.0,5.0,3.0,4.0,4.0,1.0,5.0,6.0,4.0,3.0,4.0,3.0,2.0,5.0,4.0,4.0,1.0,3.0,16.0,96.0,1.0,64.0,9.0,1.0,1.0,1.0,1.0,1.0,1.0,1.0,2.0,2.0,1.0,3.0,4.0,5.0,4.0,1.0,2.0,6.0,1.0,4.0,1.0,5.0,1.0,3.0,4.0,2.0,1.0,4.0,1.0,16.0,8.0,1.0,32.0,128.0,1.0,1.0,1.0,1.0,1.0,1.0,3.0,5.0,6.0,3.0,5.0,2.0,1.0,4.0,2.0,6.0,6.0,2.0,1.0,1.0,5.0,1.0,16.0,2.0,1.0,4.0,64.0,1.0,1.0,1.0,1.0,1.0,1.0,1.0,2.0,3.0,6.0,3.0,4.0,1.0,2.0,1.0,3.0,2.0,1.0,4.0,5.0,6.0,1.0,5.0,6.0,1.0,768.0,256.0,1.0,8.0,16.0,1.0,1.0,1.0,1.0,1.0,1.0,1.0,1.0,4.0,1.0,4.0,1.0,3.0,1.0,4.0,5.0,2.0,5.0,1.0,2.0,4.0,4.0,4.0,1.0,4.0,48.0,32.0,1.0,1.0,192.0,1.0,1.0,1.0,1.0,1.0,1.0,1.0,2.0,6.0,2.0,3.0,6.0,6.0,3.0,1.0,6.0,2.0,4.0,5.0,3.0,3.0,1.0,2.0,5.0,4.0,384.0,16.0,1.0,12.0,8.0,1.0,1.0,1.0,1.0,1.0,1.0,1.0,625213776.0,67923278.88,7832460.0,0.08982214285714286,18.0,514.0,4900.0,4.246656966686585e+16,16.274496428571428,16.27865357142857,78.57142857142857,763.4285714285714
512000.0,256000.0,256.0,64.0,2.0,16.0,34.0,42.0,5.0,3.0,1.0,4.0,1.0,5.0,1.0,2.0,6.0,2.0,3.0,6.0,2.0,3.0,1.0,5.0,1.0,4.0,4.0,6.0,6.0,2.0,2.0,5.0,768.0,768.0,1.0,288.0,1.0,1.0,1.0,1.0,1.0,1.0,1.0,1.0,5.0,5.0,4.0,5.0,4.0,2.0,6.0,4.0,3.0,3.0,6.0,4.0,2.0,2.0,1.0,4.0,6.0,6.0,1.0,8.0,1.0,4.0,32.0,1.0,128.0,4.0,1.0,1.0,1.0,1.0,4.0,2.0,2.0,4.0,2.0,1.0,3.0,2.0,1.0,2.0,6.0,1.0,1.0,2.0,2.0,6.0,5.0,4.0,8.0,4.0,1.0,64.0,32.0,1.0,1.0,64.0,1.0,1.0,1.0,1.0,4.0,4.0,5.0,6.0,2.0,3.0,5.0,3.0,1.0,1.0,1.0,6.0,2.0,5.0,2.0,6.0,2.0,4.0,16.0,16.0,1.0,128.0,6.0,1.0,1.0,1.0,1.0,1.0,1.0,1.0,6.0,1.0,1.0,2.0,5.0,5.0,1.0,2.0,1.0,6.0,5.0,6.0,2.0,6.0,2.0,4.0,2.0,3.0,48.0,32.0,1.0,8.0,384.0,1.0,1.0,1.0,1.0,1.0,1.0,1.0,1.0,4.0,3.0,4.0,6.0,5.0,4.0,6.0,2.0,5.0,6.0,4.0,6.0,1.0,3.0,5.0,2.0,5.0,768.0,512.0,1.0,12.0,16.0,1.0,1.0,1.0,1.0,1.0,1.0,1.0,3520473360.0,17918998.800000004,1589260000.0,7.510925714285714,1428.0,514.0,863232.0,6.308335791327198e+16,29.392857142857142,3.8744167678571424,78.57142857142857,54605.71428571428
128000.0,256000.0,256.0,64.0,1.0,30.0,26.0,10.0,4.0,3.0,5.0,4.0,4.0,3.0,5.0,5.0,2.0,6.0,5.0,5.0,1.0,3.0,3.0,5.0,6.0,5.0,5.0,2.0,4.0,3.0,3.0,3.0,128.0,6.0,1.0,9.0,2.0,1.0,1.0,1.0,1.0,1.0,1.0,1.0,6.0,3.0,1.0,1.0,3.0,1.0,6.0,4.0,2.0,1.0,5.0,2.0,6.0,3.0,4.0,4.0,2.0,6.0,4.0,8.0,1.0,2.0,4.0,1.0,64.0,16.0,1.0,1.0,1.0,1.0,2.0,4.0,1.0,6.0,3.0,2.0,1.0,6.0,3.0,3.0,3.0,3.0,4.0,3.0,5.0,1.0,4.0,4.0,32.0,16.0,1.0,8.0,32.0,1.0,1.0,16.0,1.0,1.0,1.0,1.0,5.0,6.0,2.0,6.0,4.0,4.0,4.0,3.0,3.0,3.0,2.0,1.0,4.0,5.0,3.0,5.0,1.0,4.0,32.0,768.0,1.0,6.0,64.0,1.0,1.0,1.0,1.0,1.0,1.0,1.0,3.0,1.0,2.0,6.0,5.0,4.0,6.0,4.0,1.0,2.0,6.0,3.0,5.0,4.0,6.0,5.0,1.0,4.0,256.0,96.0,1.0,24.0,384.0,1.0,1.0,1.0,1.0,1.0,1.0,1.0,3.0,1.0,2.0,2.0,5.0,1.0,4.0,1.0,3.0,2.0,6.0,1.0,1.0,3.0,2.0,4.0,3.0,3.0,192.0,24.0,1.0,32.0,4.0,1.0,1.0,1.0,1.0,1.0,1.0,1.0,10903486800.0,87215436.48,4640860.0,0.05159674285714287,10.0,514.0,514.0,9.509523604159185e+17,8.281004285714285,8.285144642857144,78.57142857142857,109.42857142857143
8192.0,2048000.0,256.0,64.0,1.0,16.0,46.0,16.0,2.0,6.0,1.0,4.0,2.0,6.0,3.0,6.0,4.0,1.0,6.0,3.0,3.0,6.0,4.0,2.0,3.0,4.0,1.0,2.0,5.0,1.0,2.0,4.0,8.0,384.0,1.0,1.0,96.0,1.0,1.0,1.0,1.0,1.0,1.0,1.0,1.0,6.0,4.0,4.0,6.0,6.0,6.0,6.0,6.0,4.0,1.0,2.0,5.0,3.0,3.0,1.0,3.0,1.0,1.0,32.0,1.0,32.0,16.0,1.0,128.0,4.0,1.0,1.0,1.0,1.0,1.0,3.0,2.0,4.0,5.0,5.0,2.0,2.0,6.0,2.0,1.0,2.0,4.0,2.0,5.0,3.0,5.0,4.0,128.0,128.0,1.0,1.0,8.0,1.0,4.0,16.0,1.0,1.0,1.0,1.0,5.0,2.0,3.0,5.0,2.0,2.0,6.0,1.0,3.0,3.0,3.0,2.0,5.0,5.0,3.0,3.0,3.0,2.0,256.0,1.0,1.0,256.0,384.0,1.0,1.0,1.0,1.0,1.0,1.0,1.0,4.0,2.0,5.0,1.0,6.0,6.0,1.0,3.0,5.0,2.0,5.0,6.0,5.0,3.0,2.0,2.0,2.0,2.0,384.0,2.0,1.0,384.0,128.0,1.0,1.0,1.0,1.0,1.0,1.0,1.0,4.0,3.0,4.0,4.0,1.0,4.0,1.0,6.0,3.0,4.0,4.0,4.0,4.0,6.0,3.0,3.0,5.0,6.0,96.0,192.0,1.0,2.0,64.0,1.0,1.0,1.0,1.0,1.0,1.0,1.0,698351952.0,68535012.0,7028500.0,0.08055197142857141,16.0,514.0,4384.0,4.786155941054342e+16,16.0,16.053571428571427,78.57142857142857,682.8571428571429
2048000.0,4096000.0,256.0,64.0,2.0,32.0,38.0,24.0,6.0,5.0,5.0,5.0,4.0,5.0,4.0,2.0,4.0,3.0,1.0,2.0,6.0,6.0,5.0,1.0,2.0,4.0,6.0,5.0,5.0,1.0,4.0,3.0,6.0,3.0,1.0,1152.0,384.0,1.0,1.0,1.0,1.0,1.0,1.0,1.0,5.0,6.0,5.0,5.0,5.0,3.0,5.0,4.0,4.0,1.0,4.0,2.0,4.0,4.0,1.0,2.0,4.0,5.0,16.0,64.0,1.0,8.0,4.0,1.0,1.0,1.0,1.0,1.0,1.0,1.0,6.0,5.0,2.0,6.0,4.0,2.0,4.0,4.0,4.0,6.0,3.0,1.0,5.0,1.0,4.0,6.0,5.0,4.0,2.0,64.0,1.0,4.0,4.0,1.0,1.0,1.0,1.0,1.0,1.0,1.0,2.0,1.0,5.0,3.0,1.0,4.0,5.0,5.0,6.0,2.0,2.0,3.0,6.0,5.0,1.0,1.0,1.0,3.0,8.0,96.0,1.0,96.0,64.0,1.0,1.0,1.0,1.0,1.0,1.0,1.0,3.0,6.0,1.0,6.0,2.0,4.0,6.0,3.0,2.0,6.0,2.0,5.0,6.0,2.0,2.0,1.0,5.0,6.0,1.0,4.0,1.0,128.0,8.0,1.0,1.0,1.0,1.0,1.0,1.0,1.0,2.0,3.0,4.0,6.0,4.0,5.0,2.0,3.0,1.0,4.0,1.0,3.0,3.0,3.0,1.0,3.0,1.0,5.0,64.0,8.0,1.0,1.0,12.0,1.0,1.0,1.0,1.0,1.0,1.0,1.0,133802076.0,33760192.9,775405000.0,4.528749285714286,912.0,514.0,215040.0,4517183896180460.0,129.13789642857142,13.151978571428572,78.57142857142857,16293.714285714286
256.0,16000000.0,256.0,64.0,1.0,32.0,32.0,34.0,5.0,5.0,6.0,3.0,2.0,1.0,1.0,6.0,4.0,3.0,4.0,1.0,1.0,1.0,3.0,5.0,5.0,4.0,6.0,1.0,4.0,1.0,5.0,4.0,768.0,32.0,1.0,1.0,48.0,1.0,1.0,1.0,1.0,1.0,1.0,1.0,5.0,5.0,1.0,3.0,3.0,2.0,4.0,4.0,2.0,4.0,3.0,1.0,4.0,6.0,4.0,5.0,2.0,5.0,32.0,32.0,1.0,64.0,2.0,1.0,128.0,1.0,1.0,1.0,1.0,1.0,5.0,2.0,1.0,4.0,4.0,1.0,1.0,1.0,2.0,3.0,3.0,5.0,1.0,3.0,4.0,6.0,1.0,2.0,32.0,64.0,1.0,4.0,128.0,1.0,64.0,1.0,1.0,1.0,1.0,1.0,1.0,1.0,1.0,4.0,6.0,1.0,4.0,2.0,4.0,3.0,4.0,2.0,2.0,1.0,1.0,2.0,3.0,1.0,3.0,16.0,1.0,32.0,192.0,1.0,1.0,1.0,1.0,1.0,1.0,1.0,5.0,2.0,6.0,1.0,3.0,6.0,2.0,3.0,2.0,2.0,4.0,2.0,6.0,1.0,6.0,1.0,4.0,2.0,4.0,48.0,1.0,1536.0,512.0,1.0,1.0,1.0,1.0,1.0,1.0,1.0,5.0,6.0,1.0,2.0,1.0,1.0,4.0,6.0,1.0,1.0,1.0,2.0,1.0,3.0,4.0,2.0,4.0,5.0,16.0,12.0,1.0,48.0,192.0,1.0,1.0,1.0,1.0,1.0,1.0,1.0,10881073488.0,84267876.0,14410000.0,0.16001100000000001,34.0,514.0,514.0,9.169249514336714e+17,27.571428571428573,28.102407857142857,78.57142857142857,191.71428571428572
256000.0,8192000.0,256.0,64.0,1.0,36.0,48.0,46.0,5.0,3.0,3.0,1.0,6.0,3.0,5.0,4.0,6.0,2.0,2.0,4.0,5.0,1.0,6.0,1.0,4.0,3.0,6.0,5.0,5.0,3.0,1.0,5.0,16.0,48.0,1.0,36.0,144.0,1.0,1.0,1.0,1.0,1.0,1.0,1.0,6.0,1.0,2.0,6.0,2.0,6.0,6.0,5.0,1.0,4.0,5.0,6.0,6.0,2.0,4.0,6.0,2.0,3.0,4.0,8.0,1.0,16.0,64.0,1.0,64.0,1.0,1.0,1.0,1.0,1.0,4.0,4.0,3.0,3.0,2.0,5.0,6.0,5.0,6.0,2.0,4.0,5.0,2.0,6.0,5.0,5.0,6.0,2.0,8.0,128.0,1.0,32.0,16.0,1.0,1.0,4.0,1.0,1.0,1.0,1.0,3.0,1.0,5.0,5.0,3.0,2.0,5.0,6.0,2.0,1.0,4.0,3.0,5.0,3.0,4.0,3.0,6.0,6.0,192.0,24.0,1.0,8.0,384.0,1.0,1.0,1.0,1.0,1.0,1.0,1.0,1.0,5.0,1.0,1.0,1.0,5.0,2.0,5.0,4.0,5.0,3.0,1.0,5.0,5.0,2.0,2.0,3.0,6.0,4.0,1.0,1.0,24.0,1024.0,1.0,1.0,1.0,1.0,1.0,1.0,1.0,3.0,6.0,5.0,3.0,2.0,3.0,5.0,1.0,4.0,2.0,1.0,6.0,6.0,3.0,3.0,4.0,6.0,2.0,1.0,32.0,1.0,4.0,64.0,1.0,1.0,1.0,1.0,1.0,1.0,1.0,11173626192.0,68063887.2,19514700.0,0.21401757142857145,46.0,514.0,514.0,7.605204327472536e+17,1.0,1.4252507142857143,78.57142857142857,78.57142857142857
256.0,256000.0,256.0,64.0,2.0,26.0,28.0,30.0,5.0,1.0,5.0,5.0,1.0,6.0,3.0,3.0,3.0,3.0,6.0,4.0,5.0,4.0,5.0,4.0,4.0,1.0,4.0,2.0,5.0,3.0,2.0,5.0,768.0,32.0,1.0,16.0,48.0,1.0,1.0,1.0,1.0,1.0,1.0,1.0,4.0,2.0,1.0,2.0,3.0,4.0,1.0,2.0,5.0,1.0,2.0,4.0,3.0,5.0,6.0,2.0,3.0,1.0,16.0,64.0,1.0,1.0,16.0,1.0,16.0,2.0,1.0,1.0,1.0,1.0,2.0,5.0,2.0,3.0,2.0,5.0,3.0,3.0,1.0,5.0,2.0,2.0,3.0,5.0,3.0,5.0,3.0,4.0,32.0,128.0,1.0,16.0,16.0,1.0,8.0,8.0,1.0,1.0,1.0,1.0,6.0,1.0,6.0,6.0,5.0,4.0,1.0,5.0,5.0,6.0,5.0,3.0,5.0,4.0,4.0,5.0,4.0,4.0,8.0,192.0,1.0,256.0,4.0,1.0,1.0,1.0,1.0,1.0,1.0,1.0,6.0,4.0,1.0,3.0,2.0,4.0,2.0,5.0,2.0,5.0,6.0,1.0,3.0,3.0,6.0,4.0,1.0,2.0,24.0,8.0,1.0,3.0,8.0,1.0,1.0,1.0,1.0,1.0,1.0,1.0,5.0,2.0,5.0,2.0,5.0,3.0,2.0,4.0,1.0,5.0,3.0,3.0,4.0,2.0,4.0,3.0,3.0,5.0,32.0,3.0,1.0,2.0,768.0,1.0,1.0,1.0,1.0,1.0,1.0,1.0,1984795560.0,41592012.36,683407000.0,4.098744642857143,840.0,514.0,13312.0,8.255164146359312e+16,14.964285714285714,6.434300892857144,78.57142857142857,1546.7142857142858
1024000.0,64000.0,256.0,64.0,1.0,10.0,6.0,22.0,2.0,4.0,4.0,2.0,1.0,4.0,3.0,5.0,4.0,2.0,6.0,3.0,3.0,4.0,3.0,6.0,4.0,6.0,1.0,6.0,6.0,6.0,5.0,3.0,3.0,192.0,1.0,768.0,96.0,1.0,1.0,1.0,1.0,1.0,1.0,1.0,6.0,2.0,3.0,5.0,2.0,5.0,2.0,3.0,1.0,2.0,1.0,6.0,2.0,2.0,2.0,1.0,2.0,1.0,16.0,16.0,1.0,128.0,128.0,1.0,64.0,8.0,1.0,1.0,1.0,1.0,5.0,6.0,4.0,6.0,2.0,2.0,4.0,5.0,1.0,5.0,1.0,2.0,3.0,2.0,4.0,1.0,1.0,5.0,16.0,128.0,1.0,128.0,16.0,1.0,2.0,64.0,1.0,1.0,1.0,1.0,2.0,6.0,3.0,5.0,4.0,4.0,2.0,2.0,1.0,1.0,2.0,3.0,4.0,5.0,4.0,1.0,6.0,1.0,3.0,96.0,1.0,192.0,4.0,1.0,1.0,1.0,1.0,1.0,1.0,1.0,5.0,3.0,1.0,1.0,1.0,2.0,1.0,6.0,2.0,2.0,5.0,3.0,4.0,3.0,3.0,6.0,6.0,4.0,24.0,256.0,1.0,24.0,128.0,1.0,1.0,1.0,1.0,1.0,1.0,1.0,2.0,6.0,2.0,3.0,1.0,1.0,2.0,6.0,5.0,1.0,4.0,1.0,4.0,3.0,4.0,1.0,6.0,5.0,48.0,12.0,1.0,96.0,96.0,1.0,1.0,1.0,1.0,1.0,1.0,1.0,509608272.0,67461684.96,9452600.0,0.10836268571428574,22.0,514.0,5932.0,3.4379032698673984e+16,21.42038571428572,21.491828571428567,78.57142857142857,924.5714285714286
2048000.0,256000.0,256.0,64.0,3.0,18.0,8.0,26.0,4.0,3.0,3.0,5.0,1.0,2.0,6.0,6.0,2.0,4.0,6.0,4.0,5.0,4.0,5.0,3.0,4.0,6.0,6.0,4.0,6.0,6.0,6.0,6.0,3.0,64.0,1.0,128.0,18.0,1.0,1.0,1.0,1.0,1.0,1.0,1.0,3.0,4.0,2.0,2.0,3.0,3.0,3.0,6.0,6.0,6.0,3.0,6.0,3.0,5.0,3.0,6.0,1.0,1.0,64.0,8.0,1.0,16.0,1.0,1.0,4.0,64.0,1.0,1.0,1.0,1.0,2.0,4.0,4.0,6.0,1.0,5.0,4.0,2.0,2.0,5.0,1.0,4.0,5.0,4.0,5.0,4.0,1.0,2.0,2.0,1.0,1.0,2.0,4.0,1.0,64.0,4.0,1.0,1.0,1.0,1.0,1.0,1.0,5.0,5.0,4.0,1.0,6.0,5.0,4.0,3.0,5.0,3.0,6.0,3.0,4.0,2.0,1.0,6.0,192.0,32.0,1.0,8.0,4.0,1.0,1.0,1.0,1.0,1.0,1.0,1.0,6.0,1.0,4.0,3.0,2.0,2.0,2.0,3.0,5.0,5.0,1.0,2.0,2.0,6.0,3.0,3.0,4.0,1.0,6.0,96.0,1.0,256.0,64.0,1.0,1.0,1.0,1.0,1.0,1.0,1.0,2.0,6.0,2.0,2.0,4.0,2.0,6.0,3.0,6.0,5.0,6.0,1.0,3.0,5.0,5.0,4.0,3.0,5.0,1.0,96.0,1.0,3.0,4.0,1.0,1.0,1.0,1.0,1.0,1.0,1.0,379072368.0,22780651.799999997,8584220000.0,23.042492857142857,3744.0,514.0,139264.0,8635515622409461.0,17.45239285714286,1.036491357142857,78.57142857142857,15796.57142857143
128.0,512000.0,256.0,64.0,1.0,24.0,32.0,40.0,4.0,1.0,5.0,5.0,6.0,1.0,5.0,1.0,4.0,2.0,1.0,1.0,3.0,6.0,4.0,6.0,2.0,4.0,2.0,1.0,2.0,1.0,6.0,2.0,16.0,768.0,1.0,6.0,384.0,1.0,1.0,1.0,1.0,1.0,1.0,1.0,5.0,2.0,1.0,4.0,5.0,4.0,3.0,4.0,5.0,3.0,5.0,2.0,3.0,6.0,2.0,2.0,5.0,1.0,64.0,4.0,1.0,128.0,1.0,1.0,32.0,1.0,1.0,1.0,1.0,1.0,5.0,2.0,4.0,6.0,1.0,4.0,4.0,4.0,5.0,2.0,5.0,2.0,1.0,1.0,5.0,1.0,5.0,5.0,64.0,8.0,1.0,128.0,8.0,1.0,1.0,64.0,1.0,1.0,1.0,1.0,5.0,5.0,4.0,6.0,5.0,6.0,4.0,6.0,1.0,1.0,1.0,3.0,1.0,2.0,4.0,6.0,4.0,1.0,384.0,64.0,1.0,256.0,192.0,1.0,1.0,1.0,1.0,1.0,1.0,1.0,2.0,4.0,4.0,3.0,3.0,4.0,1.0,3.0,5.0,4.0,6.0,5.0,3.0,4.0,2.0,5.0,5.0,3.0,768.0,768.0,1.0,24.0,3072.0,1.0,1.0,1.0,1.0,1.0,1.0,1.0,2.0,6.0,2.0,2.0,1.0,2.0,2.0,5.0,1.0,6.0,3.0,2.0,3.0,5.0,3.0,4.0,1.0,1.0,12.0,3.0,1.0,96.0,16.0,1.0,1.0,1.0,1.0,1.0,1.0,1.0,11173626192.0,105360492.0,16944000.0,0.18680328571428573,40.0,514.0,514.0,1.1772587530132065e+18,1.0,1.0074532142857142,78.57142857142857,78.57142857142857
64000.0,1024000.0,256.0,64.0,1.0,24.0,44.0,22.0,6.0,4.0,3.0,6.0,3.0,4.0,3.0,3.0,5.0,5.0,6.0,3.0,6.0,1.0,3.0,5.0,2.0,5.0,2.0,2.0,2.0,3.0,5.0,5.0,192.0,8.0,1.0,36.0,24.0,1.0,1.0,1.0,1.0,1.0,1.0,1.0,4.0,4.0,4.0,4.0,3.0,6.0,6.0,3.0,4.0,4.0,4.0,4.0,2.0,2.0,1.0,2.0,2.0,3.0,8.0,8.0,1.0,2.0,32.0,1.0,4.0,4.0,1.0,1.0,1.0,1.0,6.0,6.0,3.0,6.0,2.0,1.0,4.0,2.0,5.0,1.0,4.0,5.0,6.0,3.0,5.0,5.0,2.0,2.0,2.0,128.0,1.0,32.0,2.0,1.0,16.0,8.0,1.0,1.0,1.0,1.0,4.0,4.0,6.0,6.0,2.0,4.0,3.0,6.0,6.0,4.0,4.0,5.0,4.0,2.0,4.0,5.0,2.0,4.0,6.0,128.0,1.0,768.0,256.0,1.0,1.0,1.0,1.0,1.0,1.0,1.0,2.0,4.0,6.0,5.0,1.0,6.0,1.0,1.0,1.0,2.0,1.0,2.0,4.0,1.0,6.0,4.0,2.0,4.0,192.0,3.0,1.0,32.0,4.0,1.0,1.0,1.0,1.0,1.0,1.0,1.0,6.0,1.0,5.0,3.0,3.0,4.0,6.0,2.0,3.0,3.0,1.0,6.0,1.0,4.0,5.0,4.0,4.0,4.0,192.0,1536.0,1.0,96.0,48.0,1.0,1.0,1.0,1.0,1.0,1.0,1.0,509608800.0,38488265.279999994,9452600.0,0.10836268571428574,22.0,514.0,5932.0,1.961395868342246e+16,21.42038571428572,19.1804525,78.57142857142857,924.5714285714286
256000.0,32000.0,256.0,64.0,3.0,6.0,24.0,2.0,4.0,2.0,5.0,1.0,4.0,3.0,4.0,5.0,3.0,6.0,5.0,6.0,4.0,5.0,6.0,3.0,3.0,2.0,4.0,5.0,4.0,2.0,3.0,4.0,96.0,64.0,1.0,128.0,128.0,1.0,1.0,1.0,1.0,1.0,1.0,1.0,1.0,6.0,1.0,1.0,5.0,1.0,5.0,6.0,6.0,5.0,3.0,5.0,6.0,4.0,5.0,3.0,4.0,1.0,64.0,8.0,1.0,128.0,32.0,1.0,32.0,8.0,1.0,1.0,1.0,1.0,4.0,4.0,1.0,5.0,3.0,2.0,3.0,3.0,6.0,5.0,5.0,6.0,1.0,5.0,1.0,5.0,6.0,5.0,1.0,128.0,1.0,4.0,1.0,1.0,1.0,16.0,1.0,1.0,1.0,1.0,2.0,2.0,1.0,2.0,6.0,3.0,3.0,3.0,2.0,3.0,2.0,5.0,3.0,6.0,3.0,1.0,1.0,6.0,16.0,24.0,1.0,384.0,1.0,1.0,1.0,1.0,1.0,1.0,1.0,1.0,6.0,3.0,5.0,6.0,1.0,4.0,6.0,2.0,2.0,2.0,5.0,3.0,2.0,4.0,3.0,3.0,2.0,4.0,192.0,768.0,1.0,16.0,4.0,1.0,1.0,1.0,1.0,1.0,1.0,1.0,4.0,3.0,1.0,1.0,6.0,1.0,6.0,4.0,3.0,4.0,4.0,1.0,3.0,3.0,4.0,4.0,4.0,2.0,64.0,16.0,1.0,12.0,384.0,1.0,1.0,1.0,1.0,1.0,1.0,1.0,4237618176.0,18331048.060000002,153808000.0,1.5342603571428572,288.0,514.0,225280.0,7.767998244418555e+16,50.71427142857142,0.4192088321428571,78.57142857142857,56978.28571428572
4096.0,8192000.0,256.0,64.0,1.0,2.0,16.0,10.0,6.0,3.0,4.0,2.0,2.0,1.0,5.0,6.0,1.0,4.0,1.0,3.0,5.0,6.0,2.0,2.0,2.0,5.0,4.0,1.0,1.0,6.0,6.0,5.0,12.0,64.0,1.0,1.0,64.0,1.0,1.0,1.0,1.0,1.0,1.0,1.0,5.0,2.0,5.0,6.0,3.0,5.0,3.0,4.0,2.0,3.0,2.0,4.0,4.0,4.0,4.0,3.0,2.0,1.0,4.0,1.0,1.0,16.0,16.0,1.0,64.0,8.0,1.0,1.0,1.0,1.0,5.0,5.0,1.0,4.0,6.0,5.0,1.0,1.0,3.0,2.0,2.0,1.0,5.0,4.0,6.0,3.0,4.0,4.0,64.0,16.0,1.0,1.0,4.0,1.0,4.0,8.0,1.0,1.0,1.0,1.0,6.0,5.0,4.0,5.0,5.0,5.0,5.0,4.0,6.0,3.0,5.0,6.0,5.0,6.0,6.0,4.0,6.0,3.0,16.0,384.0,1.0,6.0,96.0,1.0,1.0,1.0,1.0,1.0,1.0,1.0,4.0,4.0,4.0,2.0,5.0,1.0,6.0,2.0,2.0,6.0,4.0,6.0,5.0,6.0,1.0,3.0,4.0,1.0,8.0,12.0,1.0,128.0,4.0,1.0,1.0,1.0,1.0,1.0,1.0,1.0,6.0,2.0,2.0,2.0,3.0,3.0,5.0,4.0,6.0,2.0,2.0,5.0,1.0,2.0,5.0,1.0,2.0,5.0,256.0,48.0,1.0,128.0,12.0,1.0,1.0,1.0,1.0,1.0,1.0,1.0,1121845824.0,62033092.31999999,4641100.0,0.05274115714285716,10.0,514.0,2836.0,6.959156556899846e+16,9.563008571428572,9.272201071428572,78.57142857142857,441.14285714285717
2048000.0,1024000.0,256.0,64.0,2.0,10.0,36.0,18.0,3.0,3.0,3.0,5.0,2.0,4.0,3.0,4.0,1.0,1.0,2.0,1.0,2.0,4.0,6.0,6.0,6.0,6.0,5.0,3.0,2.0,4.0,5.0,4.0,96.0,16.0,1.0,18.0,96.0,1.0,1.0,1.0,1.0,1.0,1.0,1.0,6.0,6.0,5.0,5.0,6.0,4.0,1.0,2.0,1.0,2.0,4.0,5.0,3.0,3.0,3.0,2.0,6.0,4.0,8.0,16.0,1.0,8.0,128.0,1.0,128.0,4.0,1.0,1.0,1.0,1.0,1.0,5.0,4.0,2.0,1.0,1.0,1.0,4.0,2.0,5.0,6.0,6.0,2.0,5.0,5.0,2.0,1.0,1.0,32.0,2.0,1.0,4.0,4.0,1.0,2.0,32.0,1.0,1.0,1.0,1.0,1.0,3.0,2.0,3.0,6.0,4.0,3.0,5.0,3.0,3.0,2.0,2.0,1.0,5.0,1.0,3.0,6.0,5.0,128.0,1.0,1.0,3.0,6.0,1.0,1.0,1.0,1.0,1.0,1.0,1.0,6.0,3.0,1.0,3.0,5.0,1.0,3.0,2.0,6.0,6.0,5.0,4.0,3.0,1.0,4.0,6.0,1.0,5.0,16.0,6.0,1.0,2.0,128.0,1.0,1.0,1.0,1.0,1.0,1.0,1.0,6.0,1.0,4.0,2.0,2.0,3.0,5.0,5.0,5.0,5.0,6.0,2.0,1.0,3.0,1.0,5.0,5.0,6.0,128.0,12.0,1.0,128.0,768.0,1.0,1.0,1.0,1.0,1.0,1.0,1.0,11188464228.0,29250724.36,463970000.0,3.111372500000001,648.0,514.0,38912.0,3.2727068314494816e+17,1.0,0.4037826285714286,78.57142857142857,1958.7857142857142
128.0,4096000.0,256.0,64.0,1.0,28.0,28.0,16.0,5.0,2.0,5.0,4.0,6.0,6.0,5.0,5.0,2.0,6.0,3.0,4.0,4.0,3.0,1.0,2.0,3.0,1.0,2.0,3.0,5.0,1.0,3.0,2.0,48.0,24.0,1.0,8.0,1152.0,1.0,1.0,1.0,1.0,1.0,1.0,1.0,2.0,5.0,2.0,1.0,5.0,1.0,6.0,5.0,1.0,1.0,4.0,5.0,5.0,2.0,2.0,2.0,2.0,3.0,1.0,64.0,1.0,32.0,2.0,1.0,128.0,4.0,1.0,1.0,1.0,1.0,2.0,6.0,2.0,3.0,5.0,6.0,3.0,5.0,6.0,4.0,4.0,4.0,2.0,1.0,4.0,3.0,4.0,4.0,32.0,8.0,1.0,8.0,1.0,1.0,32.0,32.0,1.0,1.0,1.0,1.0,2.0,6.0,1.0,5.0,6.0,2.0,2.0,5.0,3.0,4.0,2.0,5.0,4.0,1.0,1.0,6.0,1.0,4.0,48.0,24.0,1.0,6.0,96.0,1.0,1.0,1.0,1.0,1.0,1.0,1.0,6.0,2.0,3.0,3.0,3.0,2.0,6.0,6.0,1.0,2.0,1.0,1.0,2.0,2.0,2.0,3.0,3.0,2.0,1.0,32.0,1.0,1024.0,12.0,1.0,1.0,1.0,1.0,1.0,1.0,1.0,1.0,2.0,6.0,5.0,6.0,6.0,3.0,5.0,6.0,5.0,1.0,3.0,4.0,3.0,4.0,3.0,2.0,6.0,12.0,256.0,1.0,3.0,128.0,1.0,1.0,1.0,1.0,1.0,1.0,1.0,11173626192.0,80031890.39999999,7028100.0,0.0784671142857143,16.0,514.0,514.0,8.942464267687132e+17,1.0,1.0036264285714283,78.57142857142857,78.57142857142857
1024.0,128000.0,256.0,64.0,3.0,6.0,2.0,28.0,6.0,4.0,3.0,3.0,6.0,1.0,2.0,5.0,2.0,6.0,2.0,5.0,6.0,3.0,4.0,6.0,3.0,2.0,4.0,1.0,3.0,6.0,1.0,4.0,256.0,16.0,1.0,768.0,24.0,1.0,1.0,1.0,1.0,1.0,1.0,1.0,2.0,1.0,1.0,3.0,5.0,5.0,3.0,5.0,6.0,5.0,4.0,2.0,1.0,4.0,6.0,1.0,1.0,4.0,4.0,2.0,1.0,2.0,16.0,1.0,2.0,8.0,1.0,1.0,1.0,1.0,3.0,4.0,1.0,5.0,4.0,6.0,4.0,4.0,4.0,1.0,6.0,3.0,3.0,1.0,1.0,5.0,2.0,5.0,1.0,64.0,1.0,1.0,64.0,1.0,8.0,16.0,1.0,1.0,1.0,1.0,4.0,6.0,4.0,4.0,6.0,4.0,1.0,6.0,6.0,3.0,6.0,1.0,2.0,6.0,2.0,1.0,3.0,1.0,192.0,1.0,1.0,128.0,256.0,1.0,1.0,1.0,1.0,1.0,1.0,1.0,3.0,5.0,1.0,3.0,3.0,5.0,4.0,5.0,3.0,6.0,5.0,6.0,5.0,1.0,6.0,5.0,2.0,6.0,48.0,768.0,1.0,768.0,16.0,1.0,1.0,1.0,1.0,1.0,1.0,1.0,2.0,4.0,1.0,1.0,1.0,5.0,2.0,5.0,5.0,1.0,2.0,2.0,3.0,4.0,3.0,6.0,6.0,4.0,16.0,384.0,1.0,2.0,2.0,1.0,1.0,1.0,1.0,1.0,1.0,1.0,829232676.0,19878400.659999996,187673000.0,2.144328571428572,336.0,514.0,1572864.0,1.6483819373891964e+16,12.5143,0.2963170357142857,78.57142857142857,167424.0
512.0,2048000.0,256.0,64.0,1.0,34.0,6.0,44.0,4.0,4.0,5.0,6.0,1.0,1.0,2.0,5.0,5.0,4.0,6.0,4.0,1.0,6.0,2.0,5.0,6.0,1.0,4.0,2.0,5.0,3.0,4.0,6.0,96.0,384.0,1.0,288.0,256.0,1.0,1.0,1.0,1.0,1.0,1.0,1.0,6.0,5.0,6.0,2.0,3.0,2.0,1.0,3.0,1.0,5.0,3.0,2.0,6.0,3.0,6.0,5.0,3.0,6.0,32.0,1.0,1.0,64.0,32.0,1.0,64.0,64.0,1.0,1.0,1.0,1.0,4.0,5.0,6.0,6.0,2.0,1.0,5.0,2.0,5.0,6.0,6.0,4.0,4.0,6.0,3.0,6.0,2.0,6.0,64.0,8.0,1.0,64.0,16.0,1.0,4.0,8.0,1.0,1.0,1.0,1.0,3.0,6.0,2.0,3.0,1.0,5.0,1.0,5.0,2.0,2.0,3.0,5.0,5.0,1.0,4.0,6.0,1.0,3.0,12.0,32.0,1.0,768.0,16.0,1.0,1.0,1.0,1.0,1.0,1.0,1.0,3.0,5.0,2.0,3.0,3.0,4.0,2.0,5.0,1.0,3.0,6.0,4.0,3.0,5.0,5.0,3.0,3.0,6.0,2.0,128.0,1.0,16.0,768.0,1.0,1.0,1.0,1.0,1.0,1.0,1.0,3.0,6.0,6.0,3.0,4.0,1.0,2.0,1.0,6.0,6.0,1.0,3.0,6.0,5.0,2.0,6.0,6.0,6.0,96.0,1.0,1.0,6.0,1.0,1.0,1.0,1.0,1.0,1.0,1.0,1.0,11173626192.0,84259667.99999999,18653700.0,0.20494271428571423,44.0,514.0,514.0,9.414860332940241e+17,1.0,1.006947857142857,78.57142857142857,78.57142857142857
256.0,8192000.0,256.0,64.0,3.0,28.0,6.0,12.0,2.0,4.0,1.0,4.0,4.0,3.0,6.0,1.0,2.0,1.0,1.0,1.0,4.0,1.0,4.0,1.0,1.0,1.0,1.0,1.0,3.0,6.0,6.0,4.0,192.0,24.0,1.0,384.0,36.0,1.0,1.0,1.0,1.0,1.0,1.0,1.0,4.0,3.0,1.0,6.0,4.0,3.0,3.0,6.0,6.0,6.0,2.0,6.0,1.0,4.0,6.0,6.0,1.0,2.0,16.0,16.0,1.0,2.0,16.0,1.0,8.0,128.0,1.0,1.0,1.0,1.0,1.0,4.0,1.0,4.0,4.0,2.0,3.0,1.0,6.0,2.0,1.0,1.0,6.0,2.0,6.0,3.0,4.0,3.0,128.0,16.0,1.0,1.0,8.0,1.0,2.0,4.0,1.0,1.0,1.0,1.0,4.0,1.0,2.0,3.0,6.0,5.0,3.0,3.0,5.0,3.0,4.0,4.0,2.0,5.0,3.0,5.0,4.0,4.0,384.0,192.0,1.0,256.0,6.0,1.0,1.0,1.0,1.0,1.0,1.0,1.0,2.0,1.0,2.0,4.0,6.0,1.0,2.0,1.0,3.0,5.0,6.0,5.0,6.0,5.0,6.0,4.0,1.0,4.0,32.0,16.0,1.0,128.0,48.0,1.0,1.0,1.0,1.0,1.0,1.0,1.0,1.0,2.0,5.0,4.0,2.0,1.0,4.0,5.0,4.0,6.0,6.0,2.0,2.0,3.0,6.0,4.0,4.0,3.0,2.0,96.0,1.0,4.0,768.0,1.0,1.0,1.0,1.0,1.0,1.0,1.0,4562144136.0,18388421.5,2847460000.0,11.400632142857145,2016.0,514.0,1425408.0,8.389062931652133e+16,11.5,0.23809525,78.57142857142857,158253.7142857143
2048000.0,64000.0,256.0,64.0,2.0,10.0,10.0,36.0,5.0,6.0,2.0,4.0,3.0,1.0,5.0,1.0,2.0,4.0,4.0,2.0,5.0,2.0,3.0,2.0,6.0,2.0,3.0,1.0,3.0,5.0,3.0,3.0,4.0,64.0,1.0,576.0,128.0,1.0,1.0,1.0,1.0,1.0,1.0,1.0,3.0,2.0,1.0,2.0,6.0,1.0,5.0,2.0,2.0,3.0,5.0,5.0,2.0,3.0,6.0,1.0,6.0,6.0,16.0,4.0,1.0,32.0,8.0,1.0,1.0,16.0,1.0,1.0,1.0,1.0,1.0,5.0,3.0,1.0,6.0,6.0,1.0,5.0,2.0,1.0,1.0,3.0,3.0,4.0,3.0,2.0,2.0,1.0,128.0,4.0,1.0,64.0,4.0,1.0,64.0,2.0,1.0,1.0,1.0,1.0,3.0,3.0,6.0,5.0,6.0,6.0,6.0,2.0,1.0,3.0,1.0,2.0,1.0,1.0,5.0,3.0,2.0,1.0,1.0,384.0,1.0,6.0,192.0,1.0,1.0,1.0,1.0,1.0,1.0,1.0,4.0,4.0,5.0,5.0,4.0,4.0,6.0,4.0,2.0,4.0,4.0,5.0,4.0,1.0,2.0,1.0,1.0,3.0,192.0,8.0,1.0,384.0,1024.0,1.0,1.0,1.0,1.0,1.0,1.0,1.0,1.0,1.0,4.0,1.0,4.0,3.0,2.0,6.0,6.0,1.0,6.0,1.0,2.0,4.0,5.0,2.0,2.0,5.0,48.0,4.0,1.0,128.0,3.0,1.0,1.0,1.0,1.0,1.0,1.0,1.0,327622680.0,31254665.599999998,205330000.0,1.8198125,360.0,514.0,739328.0,1.0239737306375808e+16,32.75824107142857,10.761530714285714,78.57142857142857,39950.0
512000.0,128000.0,256.0,64.0,1.0,4.0,46.0,18.0,2.0,3.0,4.0,4.0,1.0,3.0,2.0,1.0,4.0,6.0,5.0,5.0,6.0,5.0,3.0,6.0,4.0,3.0,6.0,5.0,6.0,6.0,4.0,3.0,3.0,256.0,1.0,384.0,256.0,1.0,1.0,1.0,1.0,1.0,1.0,1.0,6.0,6.0,4.0,5.0,2.0,6.0,5.0,2.0,1.0,1.0,2.0,3.0,2.0,5.0,4.0,2.0,5.0,6.0,2.0,2.0,1.0,32.0,4.0,1.0,16.0,1.0,1.0,1.0,1.0,1.0,5.0,4.0,6.0,5.0,1.0,2.0,3.0,2.0,6.0,1.0,5.0,5.0,3.0,2.0,3.0,5.0,2.0,6.0,1.0,64.0,1.0,1.0,1.0,1.0,2.0,16.0,1.0,1.0,1.0,1.0,1.0,4.0,5.0,1.0,6.0,6.0,6.0,5.0,3.0,2.0,2.0,1.0,3.0,3.0,4.0,2.0,5.0,1.0,192.0,192.0,1.0,2.0,128.0,1.0,1.0,1.0,1.0,1.0,1.0,1.0,3.0,2.0,5.0,1.0,3.0,6.0,3.0,2.0,3.0,2.0,5.0,5.0,5.0,3.0,4.0,1.0,4.0,2.0,384.0,24.0,1.0,256.0,128.0,1.0,1.0,1.0,1.0,1.0,1.0,1.0,1.0,5.0,3.0,4.0,2.0,6.0,3.0,5.0,3.0,5.0,6.0,5.0,4.0,6.0,6.0,5.0,3.0,1.0,64.0,1.0,1.0,1.0,16.0,1.0,1.0,1.0,1.0,1.0,1.0,1.0,10890510672.0,83635250.88000001,7832000.0,0.08766057142857143,18.0,514.0,514.0,9.108305922640375e+17,13.857142857142858,14.280164999999997,78.57142857142857,136.85714285714286
512000.0,16000.0,256.0,64.0,3.0,36.0,38.0,30.0,3.0,3.0,3.0,6.0,2.0,5.0,1.0,1.0,3.0,3.0,5.0,4.0,1.0,1.0,3.0,4.0,3.0,1.0,5.0,1.0,2.0,4.0,3.0,6.0,16.0,8.0,1.0,4.0,24.0,1.0,1.0,1.0,1.0,1.0,1.0,1.0,5.0,2.0,2.0,1.0,4.0,3.0,5.0,5.0,3.0,6.0,3.0,6.0,3.0,2.0,2.0,3.0,5.0,3.0,4.0,8.0,1.0,128.0,128.0,1.0,32.0,128.0,1.0,1.0,1.0,1.0,3.0,3.0,4.0,2.0,3.0,3.0,1.0,3.0,1.0,2.0,1.0,4.0,4.0,5.0,6.0,1.0,2.0,4.0,4.0,32.0,1.0,4.0,2.0,1.0,64.0,16.0,1.0,1.0,1.0,1.0,3.0,6.0,3.0,4.0,1.0,5.0,1.0,1.0,5.0,1.0,4.0,1.0,4.0,6.0,3.0,1.0,3.0,3.0,16.0,32.0,1.0,3.0,64.0,1.0,1.0,1.0,1.0,1.0,1.0,1.0,4.0,1.0,2.0,6.0,4.0,1.0,5.0,4.0,3.0,5.0,4.0,2.0,3.0,6.0,5.0,4.0,5.0,5.0,192.0,24.0,1.0,768.0,24.0,1.0,1.0,1.0,1.0,1.0,1.0,1.0,5.0,6.0,6.0,3.0,6.0,5.0,5.0,5.0,5.0,2.0,4.0,3.0,1.0,6.0,6.0,4.0,5.0,4.0,3.0,64.0,1.0,1.0,16.0,1.0,1.0,1.0,1.0,1.0,1.0,1.0,1894939800.0,20025543.82,874107000000.0,922.66575,41040.0,514.0,540672.0,3.794720000116204e+16,5.25,0.26516775,78.57142857142857,39414.857142857145
1024000.0,16000000.0,256.0,64.0,2.0,48.0,36.0,38.0,2.0,1.0,3.0,6.0,4.0,3.0,2.0,5.0,3.0,3.0,2.0,2.0,1.0,4.0,5.0,5.0,5.0,2.0,4.0,5.0,5.0,2.0,6.0,6.0,768.0,12.0,1.0,8.0,288.0,1.0,1.0,1.0,1.0,1.0,1.0,1.0,4.0,6.0,4.0,5.0,1.0,5.0,6.0,1.0,1.0,5.0,4.0,5.0,1.0,6.0,4.0,6.0,2.0,1.0,64.0,4.0,1.0,128.0,64.0,1.0,128.0,16.0,1.0,1.0,1.0,1.0,5.0,5.0,1.0,3.0,1.0,4.0,3.0,6.0,6.0,2.0,1.0,5.0,1.0,6.0,5.0,3.0,6.0,4.0,32.0,128.0,1.0,128.0,16.0,1.0,4.0,2.0,1.0,1.0,1.0,1.0,1.0,3.0,6.0,6.0,5.0,2.0,2.0,3.0,2.0,3.0,5.0,6.0,6.0,3.0,4.0,1.0,6.0,4.0,4.0,768.0,1.0,256.0,48.0,1.0,1.0,1.0,1.0,1.0,1.0,1.0,3.0,5.0,3.0,5.0,2.0,6.0,6.0,2.0,5.0,5.0,2.0,4.0,6.0,3.0,2.0,1.0,2.0,5.0,4.0,32.0,1.0,64.0,12.0,1.0,1.0,1.0,1.0,1.0,1.0,1.0,1.0,1.0,2.0,4.0,4.0,6.0,1.0,5.0,4.0,6.0,5.0,3.0,3.0,1.0,5.0,1.0,3.0,6.0,1.0,1536.0,1.0,2.0,768.0,1.0,1.0,1.0,1.0,1.0,1.0,1.0,11188814712.0,49507825.83999999,1480600000.0,6.987879642857141,1368.0,514.0,13696.0,5.5393389011772563e+17,1.0,0.34522796428571434,78.57142857142857,2529.285714285714
1024.0,4096000.0,256.0,64.0,1.0,38.0,10.0,30.0,1.0,6.0,4.0,2.0,4.0,3.0,4.0,4.0,5.0,2.0,5.0,1.0,4.0,3.0,2.0,2.0,5.0,6.0,3.0,4.0,1.0,2.0,5.0,6.0,12.0,12.0,1.0,768.0,288.0,1.0,1.0,1.0,1.0,1.0,1.0,1.0,6.0,5.0,4.0,3.0,4.0,5.0,5.0,1.0,1.0,5.0,4.0,1.0,6.0,5.0,3.0,6.0,1.0,5.0,16.0,1.0,1.0,32.0,4.0,1.0,16.0,8.0,1.0,1.0,1.0,1.0,6.0,3.0,4.0,6.0,1.0,3.0,1.0,1.0,2.0,4.0,1.0,6.0,1.0,3.0,5.0,5.0,2.0,3.0,4.0,16.0,1.0,8.0,64.0,1.0,4.0,64.0,1.0,1.0,1.0,1.0,5.0,6.0,2.0,6.0,4.0,4.0,4.0,5.0,3.0,1.0,1.0,5.0,1.0,6.0,5.0,2.0,3.0,2.0,64.0,64.0,1.0,384.0,3.0,1.0,1.0,1.0,1.0,1.0,1.0,1.0,1.0,2.0,3.0,4.0,5.0,3.0,2.0,2.0,3.0,4.0,2.0,2.0,5.0,2.0,3.0,4.0,3.0,1.0,24.0,128.0,1.0,6.0,64.0,1.0,1.0,1.0,1.0,1.0,1.0,1.0,2.0,4.0,3.0,5.0,3.0,3.0,5.0,3.0,4.0,2.0,5.0,3.0,1.0,2.0,3.0,4.0,2.0,5.0,24.0,2.0,1.0,96.0,96.0,1.0,1.0,1.0,1.0,1.0,1.0,1.0,377487696.0,67824608.64000002,12741800.0,0.14554685714285712,30.0,514.0,7996.0,2.56029552476153e+16,26.186582142857137,26.612496428571426,78.57142857142857,1246.857142857143
8192.0,1024000.0,256.0,64.0,3.0,36.0,32.0,14.0,6.0,5.0,6.0,3.0,4.0,4.0,3.0,6.0,6.0,5.0,4.0,1.0,6.0,5.0,4.0,5.0,2.0,3.0,5.0,5.0,5.0,4.0,3.0,2.0,128.0,4.0,1.0,4.0,1152.0,1.0,1.0,1.0,1.0,1.0,1.0,1.0,5.0,6.0,3.0,6.0,6.0,1.0,5.0,1.0,2.0,3.0,4.0,6.0,2.0,2.0,1.0,5.0,3.0,3.0,8.0,2.0,1.0,16.0,2.0,1.0,64.0,2.0,1.0,1.0,1.0,1.0,4.0,2.0,5.0,3.0,3.0,4.0,2.0,1.0,6.0,6.0,1.0,5.0,5.0,1.0,5.0,5.0,5.0,5.0,2.0,4.0,1.0,128.0,1.0,1.0,2.0,8.0,1.0,1.0,1.0,1.0,4.0,4.0,4.0,2.0,2.0,1.0,3.0,6.0,2.0,5.0,6.0,6.0,2.0,3.0,3.0,4.0,4.0,2.0,6.0,24.0,1.0,3.0,2.0,1.0,1.0,1.0,1.0,1.0,1.0,1.0,1.0,2.0,6.0,6.0,1.0,1.0,1.0,1.0,5.0,5.0,3.0,1.0,2.0,6.0,4.0,1.0,1.0,3.0,2.0,64.0,1.0,3.0,768.0,1.0,1.0,1.0,1.0,1.0,1.0,1.0,3.0,4.0,4.0,4.0,6.0,1.0,2.0,6.0,2.0,4.0,6.0,3.0,3.0,2.0,5.0,6.0,1.0,1.0,12.0,96.0,1.0,8.0,48.0,1.0,1.0,1.0,1.0,1.0,1.0,1.0,249569364.0,17747443.839999996,138759000000.0,187.2164285714286,16128.0,514.0,2260992.0,4429218271774517.0,287.85714285714283,8.50655692857143,78.57142857142857,204260.57142857142
16000.0,4096000.0,256.0,64.0,1.0,38.0,46.0,46.0,1.0,2.0,2.0,1.0,4.0,3.0,6.0,6.0,6.0,6.0,3.0,5.0,2.0,2.0,1.0,3.0,3.0,5.0,6.0,1.0,4.0,3.0,3.0,1.0,192.0,384.0,1.0,2304.0,64.0,1.0,1.0,1.0,1.0,1.0,1.0,1.0,6.0,4.0,2.0,4.0,3.0,6.0,1.0,5.0,4.0,1.0,6.0,6.0,3.0,1.0,1.0,2.0,2.0,1.0,4.0,2.0,1.0,64.0,16.0,1.0,128.0,128.0,1.0,1.0,1.0,1.0,1.0,1.0,4.0,6.0,2.0,5.0,6.0,4.0,3.0,3.0,1.0,5.0,3.0,4.0,3.0,2.0,3.0,5.0,32.0,128.0,1.0,16.0,64.0,1.0,2.0,2.0,1.0,1.0,1.0,1.0,1.0,2.0,3.0,4.0,3.0,1.0,2.0,6.0,4.0,3.0,1.0,3.0,5.0,5.0,6.0,2.0,5.0,6.0,768.0,128.0,1.0,32.0,4.0,1.0,1.0,1.0,1.0,1.0,1.0,1.0,1.0,1.0,3.0,3.0,2.0,6.0,5.0,3.0,2.0,1.0,6.0,1.0,5.0,2.0,2.0,5.0,1.0,5.0,32.0,4.0,1.0,192.0,32.0,1.0,1.0,1.0,1.0,1.0,1.0,1.0,5.0,6.0,6.0,3.0,1.0,2.0,3.0,1.0,5.0,6.0,2.0,4.0,3.0,5.0,5.0,5.0,1.0,3.0,3.0,768.0,1.0,768.0,96.0,1.0,1.0,1.0,1.0,1.0,1.0,1.0,11173626192.0,84259668.00000001,19514700.0,0.21401757142857145,46.0,514.0,514.0,9.414860332940244e+17,1.0,1.006947857142857,78.57142857142857,78.57142857142857
2048.0,16000.0,256.0,64.0,2.0,16.0,30.0,26.0,5.0,6.0,3.0,6.0,1.0,3.0,3.0,6.0,6.0,6.0,6.0,2.0,6.0,3.0,2.0,4.0,4.0,6.0,3.0,2.0,3.0,6.0,4.0,2.0,1.0,1.0,1.0,6.0,64.0,1.0,1.0,1.0,1.0,1.0,1.0,1.0,3.0,3.0,4.0,3.0,3.0,1.0,2.0,6.0,5.0,5.0,3.0,1.0,6.0,3.0,1.0,6.0,1.0,5.0,64.0,2.0,1.0,64.0,8.0,1.0,4.0,32.0,1.0,1.0,1.0,1.0,3.0,4.0,4.0,2.0,2.0,3.0,4.0,6.0,2.0,1.0,3.0,5.0,2.0,2.0,5.0,2.0,1.0,3.0,4.0,64.0,1.0,8.0,1.0,1.0,2.0,2.0,1.0,1.0,1.0,1.0,4.0,3.0,1.0,6.0,2.0,4.0,4.0,1.0,5.0,3.0,5.0,4.0,4.0,4.0,4.0,6.0,4.0,6.0,24.0,24.0,1.0,256.0,48.0,1.0,1.0,1.0,1.0,1.0,1.0,1.0,2.0,1.0,2.0,5.0,6.0,4.0,4.0,6.0,4.0,6.0,5.0,2.0,2.0,6.0,6.0,5.0,2.0,3.0,8.0,3.0,1.0,192.0,96.0,1.0,1.0,1.0,1.0,1.0,1.0,1.0,2.0,3.0,5.0,4.0,1.0,1.0,2.0,5.0,4.0,3.0,6.0,6.0,4.0,3.0,6.0,1.0,1.0,5.0,8.0,12.0,1.0,24.0,4.0,1.0,1.0,1.0,1.0,1.0,1.0,1.0,523629384.0,37369159.239999995,610873000.0,3.914800357142857,780.0,514.0,755328.0,1.9567589833439104e+16,21.005967857142856,7.076474285714285,78.57142857142857,38800.28571428572
512000.0,512000.0,256.0,64.0,1.0,12.0,22.0,6.0,6.0,6.0,4.0,5.0,4.0,2.0,1.0,1.0,6.0,5.0,5.0,6.0,1.0,2.0,1.0,6.0,6.0,6.0,4.0,3.0,2.0,6.0,5.0,4.0,8.0,24.0,1.0,384.0,144.0,1.0,1.0,1.0,1.0,1.0,1.0,1.0,5.0,6.0,3.0,2.0,3.0,6.0,2.0,1.0,5.0,2.0,1.0,6.0,1.0,2.0,4.0,6.0,1.0,6.0,2.0,64.0,1.0,8.0,128.0,1.0,32.0,64.0,1.0,1.0,1.0,1.0,3.0,3.0,3.0,6.0,3.0,5.0,3.0,6.0,4.0,6.0,4.0,3.0,3.0,3.0,2.0,1.0,5.0,6.0,4.0,128.0,1.0,64.0,4.0,1.0,8.0,8.0,1.0,1.0,1.0,1.0,6.0,4.0,5.0,4.0,5.0,5.0,4.0,4.0,3.0,4.0,6.0,3.0,2.0,1.0,1.0,6.0,5.0,4.0,12.0,8.0,1.0,1.0,64.0,1.0,1.0,1.0,1.0,1.0,1.0,1.0,4.0,6.0,6.0,2.0,2.0,1.0,3.0,1.0,1.0,6.0,5.0,1.0,5.0,3.0,5.0,2.0,3.0,1.0,3.0,48.0,1.0,768.0,64.0,1.0,1.0,1.0,1.0,1.0,1.0,1.0,2.0,2.0,4.0,5.0,2.0,4.0,1.0,4.0,1.0,3.0,3.0,2.0,2.0,6.0,3.0,4.0,6.0,5.0,48.0,768.0,1.0,48.0,4.0,1.0,1.0,1.0,1.0,1.0,1.0,1.0,1863844320.0,45011338.08,3069880.0,0.03420062857142857,6.0,514.0,1804.0,8.38941268160077e+16,5.844154285714285,7.570175000000001,78.57142857142857,280.0
32000.0,16000.0,256.0,64.0,3.0,38.0,4.0,2.0,5.0,2.0,1.0,6.0,6.0,3.0,6.0,3.0,6.0,3.0,2.0,2.0,2.0,3.0,1.0,3.0,3.0,6.0,6.0,1.0,4.0,4.0,2.0,4.0,3.0,4.0,1.0,18.0,1152.0,1.0,1.0,1.0,1.0,1.0,1.0,1.0,1.0,2.0,1.0,1.0,2.0,6.0,1.0,2.0,3.0,6.0,5.0,4.0,5.0,5.0,4.0,6.0,2.0,1.0,1.0,4.0,1.0,8.0,16.0,1.0,128.0,32.0,1.0,1.0,1.0,1.0,6.0,1.0,5.0,2.0,5.0,1.0,3.0,3.0,6.0,1.0,2.0,3.0,1.0,6.0,4.0,2.0,3.0,4.0,8.0,128.0,1.0,4.0,4.0,1.0,32.0,1.0,1.0,1.0,1.0,1.0,4.0,4.0,6.0,3.0,2.0,4.0,3.0,2.0,4.0,4.0,4.0,4.0,1.0,4.0,6.0,5.0,5.0,4.0,64.0,64.0,1.0,4.0,192.0,1.0,1.0,1.0,1.0,1.0,1.0,1.0,3.0,3.0,5.0,5.0,2.0,2.0,4.0,6.0,3.0,2.0,4.0,5.0,1.0,2.0,1.0,3.0,6.0,5.0,128.0,48.0,1.0,3.0,1024.0,1.0,1.0,1.0,1.0,1.0,1.0,1.0,4.0,4.0,5.0,1.0,2.0,1.0,5.0,6.0,3.0,5.0,4.0,5.0,4.0,2.0,5.0,3.0,4.0,4.0,2.0,6.0,1.0,128.0,6.0,1.0,1.0,1.0,1.0,1.0,1.0,1.0,6353491584.0,23577473.44,164823000.0,1.557326071428571,304.0,514.0,557056.0,1.4979927907302355e+17,1.5446428571428572,0.138148725,78.57142857142857,41600.0
1024.0,2048000.0,256.0,64.0,1.0,38.0,42.0,14.0,1.0,1.0,2.0,3.0,2.0,2.0,6.0,1.0,3.0,5.0,1.0,4.0,2.0,3.0,6.0,3.0,1.0,4.0,6.0,2.0,4.0,2.0,2.0,2.0,48.0,384.0,1.0,192.0,8.0,1.0,1.0,1.0,1.0,1.0,1.0,1.0,5.0,2.0,2.0,6.0,1.0,3.0,4.0,1.0,4.0,1.0,5.0,2.0,1.0,3.0,6.0,2.0,3.0,1.0,1.0,32.0,1.0,4.0,32.0,1.0,1.0,64.0,1.0,1.0,1.0,1.0,6.0,3.0,6.0,1.0,2.0,4.0,2.0,6.0,1.0,5.0,2.0,4.0,1.0,3.0,1.0,6.0,5.0,4.0,32.0,8.0,1.0,2.0,16.0,1.0,32.0,1.0,1.0,1.0,1.0,1.0,6.0,4.0,3.0,1.0,5.0,5.0,2.0,1.0,3.0,1.0,4.0,2.0,4.0,3.0,5.0,2.0,3.0,1.0,96.0,256.0,1.0,16.0,6.0,1.0,1.0,1.0,1.0,1.0,1.0,1.0,6.0,3.0,2.0,5.0,4.0,5.0,5.0,2.0,5.0,2.0,2.0,4.0,1.0,6.0,4.0,4.0,3.0,6.0,3.0,256.0,1.0,256.0,768.0,1.0,1.0,1.0,1.0,1.0,1.0,1.0,1.0,4.0,2.0,4.0,2.0,4.0,1.0,6.0,5.0,4.0,3.0,4.0,4.0,2.0,4.0,5.0,4.0,6.0,768.0,128.0,1.0,16.0,768.0,1.0,1.0,1.0,1.0,1.0,1.0,1.0,11173626192.0,84953272.79999998,6228280.0,0.06947487142857142,14.0,514.0,514.0,9.49236114054201e+17,1.0,1.4287992857142857,78.57142857142857,78.57142857142857
128.0,2048000.0,256.0,64.0,2.0,42.0,32.0,22.0,6.0,6.0,4.0,6.0,1.0,1.0,2.0,2.0,2.0,2.0,4.0,4.0,1.0,4.0,1.0,5.0,5.0,6.0,5.0,2.0,1.0,1.0,3.0,6.0,96.0,192.0,1.0,72.0,384.0,1.0,1.0,1.0,1.0,1.0,1.0,1.0,4.0,2.0,4.0,3.0,3.0,2.0,4.0,3.0,5.0,4.0,2.0,2.0,2.0,3.0,5.0,3.0,6.0,6.0,16.0,1.0,1.0,1.0,128.0,1.0,4.0,4.0,1.0,1.0,1.0,1.0,2.0,4.0,6.0,4.0,1.0,2.0,6.0,3.0,3.0,6.0,5.0,6.0,3.0,3.0,1.0,1.0,6.0,6.0,2.0,128.0,1.0,32.0,1.0,1.0,4.0,2.0,1.0,1.0,1.0,1.0,6.0,6.0,3.0,3.0,4.0,5.0,6.0,4.0,6.0,4.0,1.0,1.0,5.0,5.0,2.0,3.0,4.0,3.0,32.0,192.0,1.0,768.0,24.0,1.0,1.0,1.0,1.0,1.0,1.0,1.0,4.0,1.0,5.0,1.0,3.0,4.0,5.0,4.0,4.0,3.0,3.0,6.0,1.0,2.0,6.0,2.0,1.0,3.0,96.0,128.0,1.0,1536.0,48.0,1.0,1.0,1.0,1.0,1.0,1.0,1.0,4.0,1.0,4.0,1.0,2.0,6.0,3.0,4.0,5.0,1.0,4.0,1.0,2.0,1.0,6.0,2.0,3.0,6.0,256.0,12.0,1.0,8.0,6.0,1.0,1.0,1.0,1.0,1.0,1.0,1.0,81038028.0,21065184.16,524122000.0,3.5080746428571428,704.0,514.0,325632.0,1707080983783236.5,54.285714285714285,14.840170000000004,78.57142857142857,34318.28571428572
512000.0,2048000.0,256.0,64.0,2.0,46.0,18.0,38.0,2.0,4.0,1.0,3.0,6.0,3.0,5.0,6.0,5.0,4.0,4.0,1.0,5.0,2.0,1.0,5.0,4.0,4.0,6.0,5.0,6.0,5.0,5.0,6.0,16.0,64.0,1.0,3.0,36.0,1.0,1.0,1.0,1.0,1.0,1.0,1.0,2.0,2.0,1.0,6.0,3.0,6.0,2.0,1.0,3.0,2.0,6.0,1.0,2.0,4.0,3.0,5.0,5.0,1.0,16.0,2.0,1.0,1.0,64.0,1.0,32.0,16.0,1.0,1.0,1.0,1.0,3.0,4.0,1.0,5.0,6.0,6.0,6.0,6.0,4.0,4.0,3.0,4.0,1.0,1.0,5.0,3.0,2.0,6.0,8.0,2.0,1.0,1.0,128.0,1.0,16.0,8.0,1.0,1.0,1.0,1.0,6.0,3.0,6.0,3.0,1.0,3.0,4.0,2.0,4.0,4.0,4.0,6.0,5.0,6.0,3.0,5.0,3.0,5.0,192.0,32.0,1.0,1.0,24.0,1.0,1.0,1.0,1.0,1.0,1.0,1.0,5.0,6.0,5.0,4.0,4.0,1.0,4.0,2.0,2.0,5.0,5.0,1.0,2.0,1.0,3.0,6.0,2.0,2.0,6.0,384.0,1.0,8.0,48.0,1.0,1.0,1.0,1.0,1.0,1.0,1.0,4.0,5.0,6.0,6.0,1.0,5.0,3.0,3.0,1.0,3.0,5.0,6.0,4.0,2.0,1.0,2.0,2.0,2.0,128.0,1.0,1.0,12.0,2.0,1.0,1.0,1.0,1.0,1.0,1.0,1.0,4408418964.0,37930103.260000005,502250000.0,3.2899849999999997,684.0,514.0,8512.0,1.6721178651786224e+17,1.3571428571428572,0.71424595,78.57142857142857,705.2857142857143
1024000.0,64000.0,256.0,64.0,2.0,8.0,8.0,36.0,5.0,4.0,3.0,6.0,4.0,5.0,4.0,2.0,6.0,4.0,2.0,1.0,3.0,5.0,1.0,5.0,3.0,1.0,2.0,5.0,6.0,5.0,5.0,2.0,24.0,256.0,1.0,256.0,128.0,1.0,1.0,1.0,1.0,1.0,1.0,1.0,4.0,5.0,5.0,3.0,6.0,3.0,2.0,4.0,2.0,2.0,6.0,3.0,4.0,4.0,2.0,1.0,4.0,2.0,64.0,32.0,1.0,64.0,32.0,1.0,16.0,128.0,1.0,1.0,1.0,1.0,4.0,6.0,1.0,1.0,3.0,1.0,6.0,5.0,3.0,3.0,1.0,2.0,5.0,2.0,2.0,1.0,5.0,4.0,64.0,32.0,1.0,32.0,64.0,1.0,4.0,1.0,1.0,1.0,1.0,1.0,2.0,3.0,2.0,5.0,4.0,1.0,1.0,4.0,2.0,6.0,3.0,1.0,3.0,6.0,5.0,3.0,4.0,2.0,96.0,3.0,1.0,6.0,4.0,1.0,1.0,1.0,1.0,1.0,1.0,1.0,5.0,1.0,1.0,2.0,1.0,1.0,3.0,1.0,6.0,6.0,1.0,5.0,3.0,1.0,6.0,1.0,3.0,6.0,4.0,8.0,1.0,128.0,256.0,1.0,1.0,1.0,1.0,1.0,1.0,1.0,2.0,1.0,6.0,5.0,2.0,1.0,4.0,1.0,4.0,3.0,5.0,5.0,2.0,4.0,1.0,1.0,6.0,5.0,6.0,128.0,1.0,24.0,1.0,1.0,1.0,1.0,1.0,1.0,1.0,1.0,1955091144.0,27139229.0,153789000.0,1.357248214285714,288.0,514.0,45056.0,5.3059666272887976e+16,28.75,1.2213816071428572,78.57142857142857,5669.857142857143
8192.0,1024000.0,256.0,64.0,1.0,48.0,26.0,6.0,6.0,1.0,5.0,1.0,3.0,3.0,5.0,1.0,2.0,5.0,4.0,4.0,5.0,6.0,5.0,6.0,4.0,5.0,4.0,4.0,1.0,3.0,4.0,2.0,16.0,64.0,1.0,96.0,18.0,1.0,1.0,1.0,1.0,1.0,1.0,1.0,2.0,4.0,6.0,5.0,2.0,6.0,5.0,2.0,4.0,6.0,4.0,5.0,6.0,4.0,3.0,2.0,2.0,5.0,2.0,4.0,1.0,4.0,16.0,1.0,128.0,2.0,1.0,1.0,1.0,1.0,1.0,5.0,1.0,2.0,2.0,1.0,1.0,6.0,2.0,6.0,4.0,5.0,3.0,5.0,2.0,4.0,3.0,6.0,128.0,8.0,1.0,64.0,32.0,1.0,16.0,2.0,1.0,1.0,1.0,1.0,2.0,3.0,1.0,3.0,5.0,2.0,3.0,5.0,2.0,4.0,3.0,1.0,4.0,1.0,4.0,1.0,6.0,4.0,1.0,32.0,1.0,192.0,2.0,1.0,1.0,1.0,1.0,1.0,1.0,1.0,6.0,6.0,1.0,3.0,4.0,3.0,2.0,4.0,1.0,5.0,6.0,5.0,1.0,5.0,4.0,2.0,2.0,5.0,2.0,32.0,1.0,384.0,1536.0,1.0,1.0,1.0,1.0,1.0,1.0,1.0,4.0,2.0,6.0,3.0,3.0,1.0,1.0,5.0,1.0,2.0,1.0,4.0,5.0,2.0,3.0,3.0,3.0,1.0,24.0,96.0,1.0,64.0,32.0,1.0,1.0,1.0,1.0,1.0,1.0,1.0,1863844320.0,44300626.56,3069880.0,0.03420062857142857,6.0,514.0,1804.0,8.256947118629714e+16,5.844154285714285,5.346556428571428,78.57142857142857,280.0
1024.0,16000000.0,256.0,64.0,3.0,22.0,22.0,40.0,1.0,6.0,6.0,2.0,6.0,5.0,1.0,2.0,2.0,3.0,6.0,6.0,3.0,5.0,2.0,6.0,4.0,4.0,4.0,5.0,5.0,4.0,1.0,1.0,768.0,2.0,1.0,72.0,96.0,1.0,1.0,1.0,1.0,1.0,1.0,1.0,6.0,1.0,3.0,2.0,3.0,5.0,4.0,3.0,3.0,6.0,1.0,4.0,4.0,4.0,3.0,6.0,2.0,4.0,1.0,2.0,1.0,4.0,1.0,1.0,128.0,16.0,1.0,1.0,1.0,1.0,4.0,1.0,1.0,3.0,3.0,6.0,2.0,3.0,4.0,6.0,6.0,1.0,2.0,4.0,3.0,3.0,3.0,3.0,32.0,16.0,1.0,4.0,8.0,1.0,4.0,1.0,1.0,1.0,1.0,1.0,4.0,1.0,4.0,2.0,1.0,4.0,2.0,3.0,3.0,3.0,3.0,2.0,6.0,3.0,2.0,4.0,3.0,1.0,768.0,768.0,1.0,6.0,768.0,1.0,1.0,1.0,1.0,1.0,1.0,1.0,1.0,1.0,4.0,4.0,5.0,6.0,2.0,3.0,2.0,6.0,4.0,1.0,6.0,3.0,4.0,6.0,5.0,6.0,96.0,96.0,1.0,6.0,1024.0,1.0,1.0,1.0,1.0,1.0,1.0,1.0,6.0,4.0,4.0,3.0,2.0,4.0,6.0,2.0,1.0,5.0,2.0,1.0,2.0,4.0,4.0,6.0,4.0,3.0,48.0,1536.0,1.0,64.0,16.0,1.0,1.0,1.0,1.0,1.0,1.0,1.0,2646683040.0,18123439.279999994,198453000000.0,252.53564285714288,19360.0,514.0,3981312.0,4.796699936884579e+16,83.28571428571429,26.752221428571428,78.57142857142857,357828.5714285714
4096.0,2048000.0,256.0,64.0,1.0,24.0,4.0,28.0,6.0,4.0,2.0,1.0,1.0,4.0,4.0,5.0,3.0,5.0,5.0,4.0,1.0,1.0,5.0,2.0,6.0,6.0,4.0,5.0,2.0,3.0,5.0,3.0,64.0,6.0,1.0,96.0,24.0,1.0,1.0,1.0,1.0,1.0,1.0,1.0,3.0,2.0,1.0,1.0,5.0,5.0,2.0,3.0,6.0,3.0,3.0,6.0,2.0,3.0,1.0,5.0,1.0,2.0,8.0,1.0,1.0,16.0,16.0,1.0,8.0,128.0,1.0,1.0,1.0,1.0,2.0,5.0,5.0,5.0,4.0,6.0,3.0,1.0,4.0,2.0,5.0,2.0,1.0,1.0,6.0,5.0,5.0,3.0,2.0,2.0,1.0,64.0,8.0,1.0,32.0,64.0,1.0,1.0,1.0,1.0,1.0,4.0,1.0,6.0,3.0,4.0,6.0,3.0,6.0,6.0,5.0,6.0,2.0,1.0,3.0,2.0,3.0,3.0,24.0,48.0,1.0,96.0,768.0,1.0,1.0,1.0,1.0,1.0,1.0,1.0,2.0,1.0,3.0,1.0,2.0,6.0,2.0,4.0,2.0,3.0,6.0,4.0,2.0,1.0,3.0,4.0,2.0,2.0,16.0,1.0,1.0,48.0,1.0,1.0,1.0,1.0,1.0,1.0,1.0,1.0,4.0,3.0,3.0,4.0,6.0,6.0,6.0,3.0,1.0,2.0,1.0,3.0,1.0,1.0,1.0,2.0,5.0,5.0,96.0,3.0,1.0,24.0,3.0,1.0,1.0,1.0,1.0,1.0,1.0,1.0,406979568.0,33503683.200000003,11913400.0,0.13622185714285712,28.0,514.0,7480.0,1.3635314515144858e+16,24.050453571428577,21.28446178571429,78.57142857142857,1166.2857142857142
16000.0,64000.0,256.0,64.0,2.0,26.0,36.0,4.0,3.0,5.0,5.0,2.0,2.0,5.0,4.0,1.0,2.0,4.0,6.0,1.0,2.0,6.0,3.0,5.0,4.0,3.0,4.0,2.0,6.0,4.0,2.0,6.0,3.0,64.0,1.0,1.0,32.0,1.0,1.0,1.0,1.0,1.0,1.0,1.0,2.0,6.0,3.0,6.0,4.0,1.0,1.0,1.0,4.0,4.0,2.0,1.0,4.0,4.0,4.0,4.0,6.0,1.0,1.0,64.0,1.0,16.0,8.0,1.0,2.0,64.0,1.0,1.0,1.0,1.0,2.0,2.0,2.0,4.0,3.0,5.0,5.0,3.0,6.0,3.0,1.0,6.0,2.0,3.0,4.0,4.0,4.0,5.0,16.0,64.0,1.0,32.0,128.0,1.0,4.0,64.0,1.0,1.0,1.0,1.0,3.0,6.0,3.0,2.0,1.0,2.0,4.0,4.0,2.0,5.0,6.0,4.0,2.0,5.0,6.0,2.0,5.0,1.0,192.0,16.0,1.0,8.0,6.0,1.0,1.0,1.0,1.0,1.0,1.0,1.0,5.0,5.0,6.0,3.0,3.0,1.0,4.0,6.0,1.0,3.0,1.0,4.0,3.0,3.0,1.0,4.0,6.0,5.0,12.0,48.0,1.0,192.0,1536.0,1.0,1.0,1.0,1.0,1.0,1.0,1.0,6.0,6.0,6.0,3.0,5.0,6.0,1.0,1.0,4.0,1.0,6.0,1.0,6.0,3.0,2.0,1.0,4.0,5.0,768.0,96.0,1.0,128.0,96.0,1.0,1.0,1.0,1.0,1.0,1.0,1.0,798257928.0,24553552.92,66781300.0,0.8233147857142854,144.0,514.0,814080.0,1.960006827895755e+16,23.857142857142858,13.188547857142854,78.57142857142857,46551.142857142855
4096.0,1024000.0,256.0,64.0,3.0,30.0,28.0,12.0,5.0,5.0,3.0,6.0,5.0,3.0,6.0,2.0,5.0,2.0,3.0,2.0,2.0,2.0,2.0,6.0,2.0,2.0,3.0,2.0,2.0,4.0,2.0,6.0,12.0,64.0,1.0,48.0,18.0,1.0,1.0,1.0,1.0,1.0,1.0,1.0,1.0,2.0,3.0,1.0,6.0,3.0,2.0,1.0,1.0,5.0,1.0,3.0,1.0,3.0,1.0,2.0,5.0,1.0,8.0,32.0,1.0,4.0,4.0,1.0,64.0,64.0,1.0,1.0,1.0,1.0,4.0,6.0,5.0,2.0,1.0,2.0,6.0,2.0,3.0,4.0,4.0,1.0,6.0,1.0,5.0,6.0,1.0,5.0,128.0,2.0,1.0,128.0,8.0,1.0,1.0,4.0,1.0,1.0,1.0,1.0,4.0,1.0,4.0,5.0,4.0,4.0,1.0,6.0,5.0,4.0,4.0,4.0,2.0,5.0,5.0,4.0,6.0,6.0,256.0,128.0,1.0,128.0,3.0,1.0,1.0,1.0,1.0,1.0,1.0,1.0,4.0,2.0,5.0,6.0,3.0,4.0,6.0,6.0,3.0,1.0,6.0,2.0,1.0,6.0,1.0,6.0,6.0,5.0,192.0,6.0,1.0,1024.0,1.0,1.0,1.0,1.0,1.0,1.0,1.0,1.0,6.0,4.0,3.0,4.0,2.0,3.0,1.0,2.0,5.0,6.0,3.0,1.0,5.0,3.0,1.0,1.0,6.0,4.0,768.0,1536.0,1.0,1.0,1.0,1.0,1.0,1.0,1.0,1.0,1.0,1.0,2269583784.0,18092504.92,55657100000.0,90.08123571428573,10080.0,514.0,704512.0,4.106245577837222e+16,83.00014285714285,2.168899892857143,78.57142857142857,63424.0
512.0,128000.0,256.0,64.0,3.0,40.0,24.0,42.0,5.0,1.0,2.0,1.0,5.0,6.0,2.0,1.0,5.0,2.0,3.0,3.0,2.0,6.0,2.0,4.0,3.0,6.0,2.0,6.0,4.0,3.0,6.0,6.0,768.0,3.0,1.0,128.0,192.0,1.0,1.0,1.0,1.0,1.0,1.0,1.0,1.0,4.0,6.0,3.0,1.0,4.0,2.0,3.0,2.0,3.0,5.0,3.0,6.0,1.0,5.0,6.0,1.0,3.0,32.0,8.0,1.0,16.0,8.0,1.0,64.0,128.0,1.0,1.0,1.0,1.0,5.0,5.0,1.0,1.0,6.0,1.0,3.0,2.0,2.0,5.0,2.0,5.0,4.0,3.0,6.0,5.0,3.0,2.0,16.0,1.0,1.0,128.0,64.0,1.0,64.0,32.0,1.0,1.0,1.0,1.0,5.0,6.0,3.0,1.0,2.0,3.0,3.0,6.0,5.0,5.0,3.0,3.0,6.0,3.0,2.0,2.0,3.0,1.0,64.0,32.0,1.0,4.0,768.0,1.0,1.0,1.0,1.0,1.0,1.0,1.0,4.0,4.0,6.0,6.0,3.0,6.0,4.0,6.0,3.0,1.0,1.0,2.0,4.0,2.0,1.0,6.0,1.0,3.0,8.0,6.0,1.0,1024.0,512.0,1.0,1.0,1.0,1.0,1.0,1.0,1.0,4.0,6.0,6.0,2.0,5.0,1.0,6.0,1.0,5.0,1.0,1.0,3.0,1.0,4.0,4.0,4.0,3.0,5.0,4.0,3072.0,1.0,8.0,64.0,1.0,1.0,1.0,1.0,1.0,1.0,1.0,3486114096.0,19788259.68,843977000000.0,893.9661071428571,40320.0,514.0,1196032.0,6.898413100575645e+16,10.402596428571428,0.36284722500000005,78.57142857142857,98523.42857142857
1024.0,64000.0,256.0,64.0,2.0,32.0,10.0,46.0,5.0,2.0,6.0,4.0,3.0,3.0,5.0,6.0,4.0,3.0,2.0,5.0,4.0,1.0,6.0,2.0,1.0,5.0,1.0,3.0,3.0,5.0,4.0,1.0,768.0,64.0,1.0,9.0,128.0,1.0,1.0,1.0,1.0,1.0,1.0,1.0,6.0,3.0,4.0,6.0,6.0,4.0,4.0,1.0,6.0,6.0,6.0,1.0,5.0,5.0,6.0,5.0,1.0,6.0,64.0,16.0,1.0,128.0,8.0,1.0,128.0,1.0,1.0,1.0,1.0,1.0,1.0,1.0,6.0,1.0,1.0,2.0,1.0,2.0,1.0,5.0,3.0,3.0,3.0,3.0,2.0,2.0,6.0,4.0,32.0,8.0,1.0,2.0,128.0,1.0,2.0,8.0,1.0,1.0,1.0,1.0,2.0,5.0,2.0,5.0,5.0,5.0,3.0,6.0,5.0,4.0,3.0,1.0,3.0,4.0,5.0,4.0,1.0,1.0,256.0,64.0,1.0,48.0,12.0,1.0,1.0,1.0,1.0,1.0,1.0,1.0,2.0,2.0,3.0,5.0,6.0,1.0,5.0,6.0,6.0,1.0,3.0,2.0,6.0,3.0,1.0,6.0,6.0,6.0,4.0,384.0,1.0,64.0,512.0,1.0,1.0,1.0,1.0,1.0,1.0,1.0,6.0,4.0,1.0,4.0,3.0,3.0,6.0,3.0,1.0,5.0,1.0,4.0,4.0,3.0,5.0,3.0,6.0,4.0,8.0,12.0,1.0,256.0,768.0,1.0,1.0,1.0,1.0,1.0,1.0,1.0,1477736364.0,24849350.08,285511000.0,2.1855189285714287,460.0,514.0,71680.0,3.67207882349823e+16,97.65914285714287,17.795433535714285,78.57142857142857,5158.857142857143
64000.0,32000000.0,256.0,64.0,2.0,30.0,10.0,42.0,2.0,5.0,6.0,5.0,5.0,5.0,2.0,4.0,2.0,3.0,4.0,5.0,6.0,2.0,2.0,6.0,3.0,6.0,1.0,5.0,5.0,4.0,5.0,1.0,768.0,96.0,1.0,2304.0,72.0,1.0,1.0,1.0,1.0,1.0,1.0,1.0,6.0,1.0,5.0,4.0,4.0,5.0,1.0,5.0,1.0,5.0,6.0,6.0,1.0,5.0,3.0,5.0,3.0,5.0,16.0,32.0,1.0,16.0,2.0,1.0,2.0,64.0,1.0,1.0,1.0,1.0,5.0,2.0,3.0,1.0,5.0,1.0,1.0,3.0,4.0,4.0,4.0,6.0,6.0,2.0,2.0,1.0,3.0,6.0,64.0,2.0,1.0,128.0,16.0,1.0,2.0,2.0,1.0,1.0,1.0,1.0,3.0,1.0,3.0,3.0,1.0,4.0,3.0,3.0,3.0,4.0,1.0,5.0,3.0,5.0,4.0,6.0,5.0,3.0,16.0,768.0,1.0,96.0,24.0,1.0,1.0,1.0,1.0,1.0,1.0,1.0,2.0,4.0,6.0,5.0,5.0,5.0,2.0,3.0,3.0,3.0,1.0,3.0,6.0,2.0,1.0,1.0,3.0,4.0,48.0,48.0,1.0,1536.0,512.0,1.0,1.0,1.0,1.0,1.0,1.0,1.0,5.0,3.0,5.0,4.0,5.0,4.0,2.0,6.0,1.0,2.0,4.0,2.0,2.0,2.0,5.0,2.0,6.0,1.0,4.0,32.0,1.0,128.0,3.0,1.0,1.0,1.0,1.0,1.0,1.0,1.0,1425593328.0,28615956.919999998,252200000.0,2.006993214285714,420.0,514.0,192512.0,4.079471725948742e+16,66.3504642857143,25.789767107142854,78.57142857142857,10035.142857142857
8192.0,16000.0,256.0,64.0,3.0,24.0,36.0,34.0,5.0,5.0,1.0,5.0,3.0,6.0,1.0,2.0,1.0,3.0,4.0,2.0,3.0,3.0,1.0,4.0,1.0,5.0,4.0,1.0,4.0,6.0,6.0,4.0,24.0,3.0,1.0,36.0,64.0,1.0,1.0,1.0,1.0,1.0,1.0,1.0,5.0,3.0,6.0,6.0,2.0,3.0,4.0,2.0,1.0,1.0,1.0,6.0,5.0,5.0,1.0,5.0,6.0,4.0,2.0,64.0,1.0,128.0,64.0,1.0,1.0,16.0,1.0,1.0,1.0,1.0,4.0,3.0,6.0,4.0,1.0,4.0,6.0,1.0,1.0,2.0,1.0,5.0,4.0,3.0,6.0,4.0,5.0,5.0,1.0,8.0,1.0,2.0,16.0,1.0,64.0,64.0,1.0,1.0,1.0,1.0,4.0,1.0,5.0,6.0,5.0,3.0,5.0,4.0,3.0,2.0,2.0,5.0,5.0,5.0,4.0,3.0,6.0,2.0,3.0,6.0,1.0,2.0,8.0,1.0,1.0,1.0,1.0,1.0,1.0,1.0,2.0,2.0,2.0,4.0,2.0,3.0,5.0,5.0,2.0,3.0,3.0,1.0,4.0,5.0,4.0,3.0,2.0,5.0,8.0,768.0,1.0,12.0,24.0,1.0,1.0,1.0,1.0,1.0,1.0,1.0,4.0,5.0,1.0,6.0,5.0,2.0,3.0,1.0,1.0,4.0,2.0,4.0,5.0,2.0,1.0,4.0,5.0,2.0,256.0,1.0,1.0,6.0,64.0,1.0,1.0,1.0,1.0,1.0,1.0,1.0,283054488.0,19398566.6,451064000000.0,510.30485714285714,29376.0,514.0,239616.0,5490851336896901.0,469.2857142857143,8.055117714285714,78.57142857142857,24780.571428571428
128000.0,4096000.0,256.0,64.0,3.0,32.0,40.0,28.0,2.0,5.0,3.0,3.0,3.0,2.0,1.0,5.0,3.0,1.0,5.0,4.0,1.0,4.0,6.0,6.0,6.0,2.0,1.0,5.0,2.0,2.0,2.0,5.0,128.0,8.0,1.0,24.0,72.0,1.0,1.0,1.0,1.0,1.0,1.0,1.0,6.0,6.0,5.0,2.0,2.0,5.0,1.0,1.0,1.0,5.0,3.0,1.0,5.0,2.0,4.0,5.0,5.0,5.0,16.0,32.0,1.0,64.0,1.0,1.0,128.0,8.0,1.0,1.0,1.0,1.0,3.0,5.0,3.0,6.0,2.0,5.0,3.0,1.0,5.0,5.0,5.0,6.0,6.0,5.0,3.0,3.0,1.0,6.0,2.0,64.0,1.0,16.0,8.0,1.0,1.0,1.0,1.0,1.0,1.0,1.0,6.0,4.0,2.0,3.0,1.0,5.0,1.0,2.0,1.0,1.0,1.0,3.0,5.0,3.0,1.0,1.0,3.0,1.0,1.0,24.0,1.0,2.0,1.0,1.0,1.0,1.0,1.0,1.0,1.0,1.0,1.0,4.0,2.0,3.0,3.0,2.0,4.0,6.0,2.0,1.0,2.0,1.0,2.0,5.0,4.0,2.0,5.0,2.0,384.0,384.0,1.0,6.0,6.0,1.0,1.0,1.0,1.0,1.0,1.0,1.0,5.0,2.0,2.0,6.0,1.0,6.0,4.0,2.0,5.0,5.0,4.0,3.0,1.0,4.0,3.0,4.0,5.0,2.0,384.0,1024.0,1.0,64.0,24.0,1.0,1.0,1.0,1.0,1.0,1.0,1.0,553701444.0,18046994.36,668378000000.0,724.4988214285714,35840.0,514.0,2015232.0,9992646836991856.0,21.0,0.15020453571428571,78.57142857142857,147936.0
8192.0,1024000.0,256.0,64.0,3.0,26.0,26.0,24.0,2.0,5.0,3.0,3.0,6.0,6.0,5.0,6.0,4.0,2.0,4.0,6.0,2.0,3.0,2.0,6.0,5.0,1.0,5.0,3.0,4.0,6.0,4.0,3.0,384.0,192.0,1.0,768.0,8.0,1.0,1.0,1.0,1.0,1.0,1.0,1.0,1.0,3.0,5.0,4.0,3.0,4.0,4.0,6.0,2.0,5.0,3.0,2.0,2.0,1.0,2.0,5.0,1.0,4.0,8.0,8.0,1.0,8.0,16.0,1.0,32.0,16.0,1.0,1.0,1.0,1.0,2.0,1.0,2.0,3.0,4.0,6.0,5.0,2.0,6.0,4.0,4.0,1.0,5.0,4.0,3.0,3.0,6.0,3.0,1.0,2.0,1.0,128.0,4.0,1.0,16.0,8.0,1.0,1.0,1.0,1.0,2.0,5.0,5.0,2.0,5.0,4.0,2.0,5.0,5.0,4.0,4.0,2.0,1.0,3.0,6.0,3.0,6.0,1.0,16.0,64.0,1.0,192.0,3.0,1.0,1.0,1.0,1.0,1.0,1.0,1.0,1.0,1.0,3.0,5.0,2.0,5.0,1.0,3.0,2.0,2.0,2.0,5.0,2.0,5.0,2.0,2.0,3.0,3.0,64.0,6.0,1.0,1024.0,16.0,1.0,1.0,1.0,1.0,1.0,1.0,1.0,3.0,4.0,3.0,4.0,3.0,1.0,3.0,6.0,3.0,2.0,1.0,3.0,3.0,1.0,6.0,4.0,5.0,2.0,64.0,192.0,1.0,24.0,4.0,1.0,1.0,1.0,1.0,1.0,1.0,1.0,1836568968.0,19212849.82,140379000000.0,188.49289285714286,16224.0,514.0,884736.0,3.5285723766256388e+16,6.25,1.1843745107142858,78.57142857142857,54518.857142857145
2048.0,1024000.0,256.0,64.0,3.0,32.0,38.0,46.0,1.0,3.0,2.0,6.0,4.0,2.0,1.0,4.0,4.0,4.0,6.0,1.0,5.0,4.0,2.0,3.0,3.0,4.0,5.0,5.0,2.0,3.0,6.0,3.0,96.0,3.0,1.0,576.0,1152.0,1.0,1.0,1.0,1.0,1.0,1.0,1.0,4.0,2.0,2.0,5.0,2.0,5.0,4.0,3.0,4.0,6.0,6.0,5.0,1.0,3.0,6.0,1.0,1.0,4.0,2.0,16.0,1.0,2.0,2.0,1.0,8.0,32.0,1.0,1.0,1.0,1.0,4.0,1.0,1.0,5.0,1.0,3.0,4.0,4.0,6.0,3.0,1.0,2.0,6.0,6.0,5.0,1.0,5.0,3.0,32.0,64.0,1.0,8.0,2.0,1.0,8.0,1.0,1.0,1.0,1.0,1.0,2.0,4.0,1.0,2.0,5.0,2.0,6.0,6.0,6.0,2.0,3.0,2.0,6.0,3.0,2.0,6.0,6.0,1.0,64.0,192.0,1.0,1.0,16.0,1.0,1.0,1.0,1.0,1.0,1.0,1.0,5.0,1.0,6.0,5.0,1.0,2.0,3.0,2.0,2.0,3.0,6.0,5.0,6.0,2.0,5.0,1.0,1.0,1.0,6.0,3.0,1.0,48.0,256.0,1.0,1.0,1.0,1.0,1.0,1.0,1.0,6.0,1.0,3.0,3.0,6.0,1.0,4.0,3.0,6.0,4.0,4.0,5.0,2.0,2.0,4.0,1.0,1.0,5.0,64.0,192.0,1.0,6.0,12.0,1.0,1.0,1.0,1.0,1.0,1.0,1.0,1886239896.0,21077816.200000003,1615990000000.0,1622.5232142857144,55936.0,514.0,540672.0,3.975781783699512e+16,4.272892857142857,0.5661734785714285,78.57142857142857,27419.428571428572
1024000.0,512000.0,256.0,64.0,3.0,10.0,2.0,36.0,6.0,1.0,4.0,4.0,6.0,1.0,2.0,6.0,2.0,6.0,1.0,1.0,2.0,4.0,4.0,1.0,6.0,3.0,6.0,2.0,3.0,2.0,3.0,6.0,16.0,128.0,1.0,9.0,48.0,1.0,1.0,1.0,1.0,1.0,1.0,1.0,4.0,2.0,4.0,6.0,5.0,3.0,6.0,4.0,5.0,3.0,1.0,1.0,1.0,2.0,5.0,1.0,3.0,5.0,32.0,1.0,1.0,16.0,16.0,1.0,8.0,8.0,1.0,1.0,1.0,1.0,4.0,2.0,2.0,6.0,2.0,2.0,6.0,1.0,3.0,5.0,4.0,2.0,2.0,5.0,5.0,2.0,5.0,1.0,16.0,8.0,1.0,64.0,32.0,1.0,8.0,64.0,1.0,1.0,1.0,1.0,6.0,4.0,4.0,4.0,4.0,6.0,4.0,4.0,3.0,3.0,1.0,4.0,2.0,6.0,5.0,4.0,6.0,2.0,128.0,1.0,1.0,192.0,48.0,1.0,1.0,1.0,1.0,1.0,1.0,1.0,5.0,2.0,4.0,4.0,5.0,4.0,5.0,2.0,5.0,3.0,1.0,6.0,4.0,5.0,6.0,2.0,6.0,6.0,64.0,16.0,1.0,384.0,24.0,1.0,1.0,1.0,1.0,1.0,1.0,1.0,2.0,5.0,4.0,6.0,1.0,6.0,6.0,5.0,6.0,5.0,6.0,6.0,3.0,5.0,3.0,6.0,5.0,1.0,4.0,64.0,1.0,24.0,3.0,1.0,1.0,1.0,1.0,1.0,1.0,1.0,1598232480.0,18382448.760000005,541931000.0,3.756142142857142,720.0,514.0,753664.0,2.9379426670167732e+16,35.27142857142857,0.9851169035714287,78.57142857142857,82468.57142857143
128000.0,256000.0,256.0,64.0,3.0,26.0,34.0,8.0,5.0,4.0,2.0,4.0,1.0,1.0,2.0,6.0,5.0,3.0,5.0,3.0,2.0,1.0,4.0,5.0,5.0,4.0,2.0,4.0,4.0,3.0,6.0,4.0,96.0,12.0,1.0,8.0,192.0,1.0,1.0,1.0,1.0,1.0,1.0,1.0,5.0,6.0,5.0,3.0,2.0,3.0,6.0,5.0,4.0,1.0,2.0,5.0,6.0,4.0,4.0,6.0,1.0,5.0,2.0,1.0,1.0,128.0,128.0,1.0,64.0,4.0,1.0,1.0,1.0,1.0,5.0,2.0,6.0,5.0,1.0,4.0,2.0,4.0,3.0,5.0,4.0,1.0,3.0,3.0,1.0,5.0,6.0,4.0,4.0,16.0,1.0,8.0,4.0,1.0,8.0,64.0,1.0,1.0,1.0,1.0,6.0,2.0,4.0,2.0,4.0,1.0,6.0,5.0,4.0,4.0,2.0,3.0,1.0,3.0,1.0,1.0,3.0,4.0,6.0,8.0,1.0,1.0,256.0,1.0,1.0,1.0,1.0,1.0,1.0,1.0,3.0,1.0,6.0,4.0,1.0,3.0,2.0,5.0,5.0,6.0,3.0,5.0,3.0,4.0,4.0,1.0,6.0,1.0,2.0,768.0,1.0,12.0,384.0,1.0,1.0,1.0,1.0,1.0,1.0,1.0,1.0,4.0,6.0,1.0,5.0,3.0,4.0,1.0,2.0,1.0,4.0,6.0,5.0,6.0,2.0,2.0,2.0,5.0,512.0,192.0,1.0,12.0,1.0,1.0,1.0,1.0,1.0,1.0,1.0,1.0,198073728.0,17741648.72,28207900000.0,54.12037142857143,7072.0,514.0,884736.0,3514154502836828.0,51.714285714285715,0.4406619642857143,78.57142857142857,113700.57142857143
256.0,4096000.0,256.0,64.0,2.0,48.0,6.0,12.0,6.0,6.0,2.0,1.0,5.0,3.0,4.0,5.0,2.0,2.0,5.0,5.0,2.0,4.0,4.0,3.0,2.0,5.0,6.0,5.0,3.0,3.0,6.0,5.0,64.0,8.0,1.0,18.0,128.0,1.0,1.0,1.0,1.0,1.0,1.0,1.0,6.0,6.0,6.0,4.0,3.0,5.0,6.0,4.0,2.0,4.0,1.0,3.0,4.0,5.0,5.0,1.0,2.0,4.0,64.0,2.0,1.0,128.0,128.0,1.0,16.0,16.0,1.0,1.0,1.0,1.0,2.0,1.0,1.0,1.0,1.0,4.0,6.0,4.0,5.0,5.0,1.0,4.0,6.0,2.0,4.0,4.0,2.0,4.0,2.0,16.0,1.0,32.0,8.0,1.0,1.0,16.0,1.0,1.0,1.0,1.0,4.0,5.0,4.0,4.0,3.0,5.0,2.0,2.0,6.0,3.0,2.0,2.0,1.0,5.0,2.0,1.0,5.0,1.0,768.0,12.0,1.0,256.0,768.0,1.0,1.0,1.0,1.0,1.0,1.0,1.0,5.0,4.0,4.0,4.0,4.0,1.0,4.0,2.0,2.0,2.0,5.0,3.0,6.0,1.0,4.0,3.0,3.0,4.0,6.0,6.0,1.0,16.0,768.0,1.0,1.0,1.0,1.0,1.0,1.0,1.0,4.0,3.0,4.0,6.0,2.0,3.0,5.0,3.0,2.0,4.0,6.0,6.0,5.0,1.0,3.0,6.0,5.0,3.0,1024.0,768.0,1.0,64.0,24.0,1.0,1.0,1.0,1.0,1.0,1.0,1.0,224474472.0,19857845.26,31176100.0,0.4783399642857143,72.0,514.0,940032.0,4457579329796203.0,54.26861428571428,15.248450785714287,78.57142857142857,42405.71428571428
128.0,512000.0,256.0,64.0,2.0,22.0,40.0,48.0,2.0,3.0,6.0,1.0,3.0,5.0,2.0,1.0,3.0,1.0,5.0,5.0,1.0,1.0,1.0,2.0,4.0,1.0,5.0,3.0,3.0,2.0,4.0,5.0,16.0,48.0,1.0,192.0,64.0,1.0,1.0,1.0,1.0,1.0,1.0,1.0,1.0,3.0,6.0,6.0,2.0,4.0,4.0,6.0,1.0,6.0,5.0,5.0,3.0,2.0,1.0,6.0,2.0,1.0,4.0,1.0,1.0,4.0,16.0,1.0,2.0,8.0,1.0,1.0,1.0,1.0,6.0,4.0,4.0,2.0,6.0,4.0,1.0,3.0,5.0,1.0,6.0,2.0,4.0,4.0,5.0,2.0,4.0,4.0,32.0,32.0,1.0,128.0,8.0,1.0,2.0,32.0,1.0,1.0,1.0,1.0,4.0,5.0,4.0,1.0,1.0,6.0,5.0,2.0,1.0,1.0,5.0,6.0,6.0,6.0,5.0,1.0,3.0,1.0,256.0,4.0,1.0,16.0,128.0,1.0,1.0,1.0,1.0,1.0,1.0,1.0,5.0,4.0,4.0,3.0,3.0,5.0,2.0,3.0,1.0,3.0,5.0,1.0,1.0,4.0,6.0,3.0,4.0,2.0,16.0,768.0,1.0,3072.0,24.0,1.0,1.0,1.0,1.0,1.0,1.0,1.0,4.0,3.0,6.0,1.0,4.0,1.0,4.0,2.0,4.0,5.0,6.0,3.0,2.0,3.0,1.0,4.0,3.0,2.0,128.0,512.0,1.0,768.0,6.0,1.0,1.0,1.0,1.0,1.0,1.0,1.0,10881916656.0,22057873.54,2617840000.0,10.275975714285714,1920.0,514.0,35840.0,2.4003194147086768e+17,27.571428571428573,13.764224808571427,78.57142857142857,5425.142857142857
2048000.0,8192000.0,256.0,64.0,1.0,40.0,6.0,44.0,5.0,2.0,2.0,6.0,1.0,4.0,6.0,1.0,2.0,5.0,4.0,6.0,4.0,2.0,6.0,5.0,1.0,4.0,1.0,3.0,4.0,3.0,5.0,6.0,1.0,64.0,1.0,9.0,16.0,1.0,1.0,1.0,1.0,1.0,1.0,1.0,6.0,1.0,5.0,2.0,4.0,6.0,3.0,5.0,3.0,6.0,5.0,2.0,5.0,3.0,4.0,6.0,4.0,3.0,16.0,4.0,1.0,4.0,128.0,1.0,1.0,32.0,1.0,1.0,1.0,1.0,6.0,2.0,5.0,6.0,2.0,6.0,5.0,5.0,6.0,2.0,4.0,3.0,1.0,5.0,5.0,1.0,2.0,3.0,64.0,64.0,1.0,2.0,64.0,1.0,16.0,4.0,1.0,1.0,1.0,1.0,5.0,5.0,2.0,4.0,3.0,6.0,5.0,1.0,4.0,2.0,2.0,4.0,5.0,2.0,5.0,2.0,5.0,3.0,128.0,3.0,1.0,12.0,32.0,1.0,1.0,1.0,1.0,1.0,1.0,1.0,4.0,3.0,3.0,2.0,6.0,1.0,3.0,5.0,1.0,5.0,2.0,6.0,3.0,4.0,2.0,2.0,1.0,4.0,6.0,24.0,1.0,128.0,64.0,1.0,1.0,1.0,1.0,1.0,1.0,1.0,1.0,2.0,5.0,1.0,4.0,3.0,5.0,2.0,4.0,4.0,1.0,2.0,4.0,1.0,6.0,1.0,3.0,6.0,8.0,256.0,1.0,128.0,24.0,1.0,1.0,1.0,1.0,1.0,1.0,1.0,11173626192.0,97609567.2,18653700.0,0.20494271428571423,44.0,514.0,514.0,1.0906528166557042e+18,1.0,1.4258078571428572,78.57142857142857,78.57142857142857
16000.0,256000.0,256.0,64.0,2.0,4.0,48.0,22.0,2.0,1.0,3.0,6.0,5.0,1.0,5.0,3.0,2.0,3.0,2.0,3.0,1.0,3.0,1.0,3.0,2.0,3.0,1.0,2.0,3.0,2.0,3.0,2.0,64.0,128.0,1.0,144.0,2304.0,1.0,1.0,1.0,1.0,1.0,1.0,1.0,1.0,3.0,6.0,5.0,6.0,3.0,4.0,1.0,2.0,3.0,4.0,6.0,4.0,2.0,5.0,3.0,3.0,5.0,32.0,8.0,1.0,4.0,64.0,1.0,32.0,64.0,1.0,1.0,1.0,1.0,2.0,4.0,3.0,3.0,5.0,2.0,3.0,2.0,5.0,3.0,2.0,2.0,4.0,3.0,1.0,2.0,1.0,5.0,4.0,16.0,1.0,8.0,16.0,1.0,2.0,8.0,1.0,1.0,1.0,1.0,5.0,6.0,3.0,2.0,1.0,3.0,2.0,6.0,4.0,4.0,5.0,4.0,6.0,1.0,2.0,2.0,1.0,1.0,6.0,6.0,1.0,128.0,6.0,1.0,1.0,1.0,1.0,1.0,1.0,1.0,2.0,6.0,2.0,1.0,4.0,3.0,5.0,5.0,5.0,4.0,5.0,2.0,1.0,6.0,5.0,3.0,3.0,4.0,256.0,256.0,1.0,1.0,32.0,1.0,1.0,1.0,1.0,1.0,1.0,1.0,2.0,4.0,6.0,1.0,2.0,4.0,5.0,4.0,1.0,5.0,4.0,5.0,6.0,3.0,6.0,1.0,6.0,4.0,16.0,2.0,1.0,4.0,384.0,1.0,1.0,1.0,1.0,1.0,1.0,1.0,11179983924.0,27701379.0,975194000.0,5.263389642857144,1056.0,514.0,71680.0,3.097009718926312e+17,1.0,0.2921583825,78.57142857142857,5500.285714285715
512000.0,64000.0,256.0,64.0,3.0,42.0,36.0,22.0,6.0,6.0,3.0,4.0,2.0,5.0,3.0,4.0,3.0,3.0,5.0,3.0,1.0,6.0,5.0,6.0,4.0,5.0,3.0,5.0,3.0,4.0,2.0,3.0,3.0,3.0,1.0,2304.0,64.0,1.0,1.0,1.0,1.0,1.0,1.0,1.0,4.0,5.0,1.0,3.0,5.0,1.0,5.0,2.0,5.0,5.0,1.0,2.0,6.0,3.0,2.0,5.0,4.0,2.0,2.0,64.0,1.0,32.0,4.0,1.0,128.0,32.0,1.0,1.0,1.0,1.0,4.0,3.0,4.0,1.0,1.0,1.0,5.0,5.0,3.0,6.0,2.0,4.0,5.0,2.0,5.0,6.0,6.0,1.0,2.0,64.0,1.0,64.0,128.0,1.0,4.0,2.0,1.0,1.0,1.0,1.0,6.0,2.0,6.0,2.0,1.0,3.0,6.0,3.0,2.0,2.0,5.0,2.0,3.0,3.0,2.0,6.0,4.0,6.0,48.0,32.0,1.0,768.0,8.0,1.0,1.0,1.0,1.0,1.0,1.0,1.0,6.0,6.0,4.0,3.0,3.0,2.0,6.0,5.0,2.0,3.0,4.0,4.0,2.0,6.0,6.0,6.0,2.0,2.0,1.0,384.0,1.0,2.0,2.0,1.0,1.0,1.0,1.0,1.0,1.0,1.0,5.0,1.0,6.0,5.0,4.0,2.0,6.0,1.0,2.0,2.0,6.0,3.0,3.0,6.0,1.0,1.0,1.0,6.0,8.0,96.0,1.0,64.0,128.0,1.0,1.0,1.0,1.0,1.0,1.0,1.0,1936450164.0,17840177.42,576671000000.0,635.0687142857143,33264.0,514.0,1605632.0,3.45466144907481e+16,72.80607142857141,0.6157806428571428,78.57142857142857,190829.7142857143
2048000.0,32000000.0,256.0,64.0,3.0,26.0,38.0,30.0,1.0,5.0,4.0,4.0,3.0,2.0,2.0,2.0,3.0,2.0,5.0,2.0,4.0,3.0,4.0,2.0,1.0,2.0,2.0,2.0,6.0,1.0,5.0,4.0,3.0,6.0,1.0,1152.0,48.0,1.0,1.0,1.0,1.0,1.0,1.0,1.0,6.0,3.0,3.0,4.0,3.0,5.0,4.0,4.0,4.0,3.0,2.0,4.0,4.0,1.0,6.0,2.0,5.0,1.0,4.0,32.0,1.0,32.0,64.0,1.0,4.0,4.0,1.0,1.0,1.0,1.0,3.0,5.0,6.0,1.0,5.0,4.0,1.0,5.0,5.0,6.0,3.0,5.0,6.0,3.0,6.0,1.0,5.0,1.0,64.0,64.0,1.0,16.0,2.0,1.0,64.0,16.0,1.0,1.0,1.0,1.0,2.0,3.0,4.0,4.0,4.0,2.0,5.0,1.0,4.0,6.0,5.0,5.0,6.0,6.0,4.0,2.0,4.0,3.0,384.0,128.0,1.0,8.0,16.0,1.0,1.0,1.0,1.0,1.0,1.0,1.0,6.0,4.0,2.0,3.0,3.0,2.0,4.0,3.0,1.0,6.0,1.0,2.0,3.0,2.0,6.0,5.0,2.0,3.0,128.0,1.0,1.0,48.0,16.0,1.0,1.0,1.0,1.0,1.0,1.0,1.0,6.0,6.0,6.0,6.0,6.0,6.0,4.0,4.0,3.0,3.0,6.0,4.0,2.0,1.0,5.0,1.0,2.0,1.0,48.0,4.0,1.0,6.0,192.0,1.0,1.0,1.0,1.0,1.0,1.0,1.0,2553414516.0,18970667.54,459105000000.0,518.51975,29640.0,514.0,671744.0,4.843997787484601e+16,16.404760714285715,0.011501714285714287,78.57142857142857,83145.14285714286
128000.0,32000.0,256.0,64.0,1.0,28.0,38.0,44.0,2.0,2.0,1.0,2.0,2.0,6.0,2.0,1.0,3.0,1.0,6.0,6.0,6.0,5.0,1.0,2.0,1.0,5.0,1.0,5.0,3.0,3.0,3.0,3.0,1.0,128.0,1.0,4.0,3.0,1.0,1.0,1.0,1.0,1.0,1.0,1.0,5.0,1.0,3.0,4.0,4.0,6.0,1.0,5.0,2.0,1.0,3.0,5.0,6.0,4.0,2.0,3.0,2.0,2.0,64.0,16.0,1.0,64.0,8.0,1.0,8.0,2.0,1.0,1.0,1.0,1.0,4.0,6.0,6.0,5.0,2.0,1.0,2.0,2.0,5.0,5.0,3.0,1.0,2.0,2.0,1.0,3.0,3.0,4.0,16.0,128.0,1.0,2.0,16.0,1.0,2.0,8.0,1.0,1.0,1.0,1.0,2.0,5.0,2.0,1.0,3.0,5.0,6.0,1.0,5.0,5.0,4.0,5.0,3.0,2.0,5.0,6.0,5.0,1.0,6.0,3.0,1.0,12.0,24.0,1.0,1.0,1.0,1.0,1.0,1.0,1.0,6.0,6.0,2.0,4.0,2.0,3.0,4.0,6.0,5.0,4.0,4.0,1.0,5.0,3.0,5.0,4.0,1.0,1.0,192.0,32.0,1.0,192.0,16.0,1.0,1.0,1.0,1.0,1.0,1.0,1.0,4.0,3.0,1.0,5.0,3.0,4.0,3.0,5.0,6.0,1.0,2.0,3.0,4.0,6.0,2.0,2.0,3.0,6.0,4.0,384.0,1.0,8.0,32.0,1.0,1.0,1.0,1.0,1.0,1.0,1.0,11173626192.0,96910519.20000002,18653700.0,0.20494271428571423,44.0,514.0,514.0,1.0828419156134391e+18,1.0,1.0006349999999997,78.57142857142857,78.57142857142857
32000.0,16000.0,256.0,64.0,1.0,8.0,8.0,48.0,2.0,5.0,1.0,2.0,2.0,4.0,3.0,1.0,5.0,2.0,2.0,3.0,5.0,5.0,2.0,5.0,5.0,6.0,2.0,2.0,5.0,4.0,2.0,2.0,2.0,24.0,1.0,288.0,2.0,1.0,1.0,1.0,1.0,1.0,1.0,1.0,6.0,5.0,6.0,1.0,6.0,1.0,1.0,3.0,3.0,3.0,4.0,3.0,6.0,6.0,2.0,6.0,4.0,4.0,16.0,64.0,1.0,16.0,1.0,1.0,4.0,128.0,1.0,1.0,1.0,1.0,4.0,3.0,1.0,4.0,4.0,3.0,2.0,2.0,1.0,1.0,5.0,6.0,6.0,2.0,2.0,5.0,6.0,3.0,128.0,32.0,1.0,8.0,16.0,1.0,32.0,8.0,1.0,1.0,1.0,1.0,3.0,2.0,5.0,6.0,1.0,6.0,6.0,2.0,5.0,4.0,5.0,5.0,5.0,6.0,1.0,6.0,4.0,5.0,128.0,4.0,1.0,256.0,6.0,1.0,1.0,1.0,1.0,1.0,1.0,1.0,1.0,1.0,3.0,5.0,4.0,5.0,2.0,6.0,1.0,4.0,6.0,6.0,6.0,6.0,5.0,5.0,5.0,6.0,48.0,8.0,1.0,1024.0,96.0,1.0,1.0,1.0,1.0,1.0,1.0,1.0,6.0,2.0,6.0,5.0,2.0,4.0,2.0,5.0,1.0,4.0,4.0,1.0,4.0,3.0,6.0,3.0,2.0,6.0,64.0,48.0,1.0,128.0,32.0,1.0,1.0,1.0,1.0,1.0,1.0,1.0,233570640.0,66087176.16000001,20381000.0,0.2296288571428572,48.0,514.0,12640.0,1.5436024031483946e+16,43.428599999999996,43.43194285714286,78.57142857142857,1972.0
32000.0,8192000.0,256.0,64.0,3.0,30.0,28.0,2.0,2.0,3.0,1.0,5.0,2.0,3.0,2.0,4.0,3.0,6.0,4.0,6.0,1.0,6.0,4.0,5.0,6.0,2.0,5.0,1.0,6.0,4.0,2.0,1.0,128.0,12.0,1.0,288.0,3.0,1.0,1.0,1.0,1.0,1.0,1.0,1.0,6.0,6.0,5.0,2.0,6.0,5.0,4.0,4.0,6.0,6.0,5.0,3.0,3.0,6.0,1.0,2.0,6.0,4.0,1.0,8.0,1.0,32.0,16.0,1.0,64.0,1.0,1.0,1.0,1.0,1.0,3.0,3.0,2.0,1.0,1.0,1.0,5.0,2.0,1.0,5.0,5.0,2.0,6.0,6.0,6.0,5.0,2.0,5.0,32.0,32.0,1.0,32.0,32.0,1.0,1.0,2.0,1.0,1.0,1.0,1.0,2.0,2.0,3.0,5.0,4.0,3.0,3.0,4.0,4.0,3.0,4.0,6.0,2.0,2.0,1.0,4.0,3.0,1.0,128.0,192.0,1.0,128.0,128.0,1.0,1.0,1.0,1.0,1.0,1.0,1.0,5.0,3.0,6.0,1.0,5.0,1.0,1.0,3.0,3.0,5.0,6.0,6.0,5.0,5.0,4.0,2.0,2.0,6.0,96.0,1.0,1.0,512.0,1024.0,1.0,1.0,1.0,1.0,1.0,1.0,1.0,6.0,6.0,5.0,6.0,3.0,6.0,5.0,2.0,4.0,6.0,4.0,1.0,2.0,2.0,4.0,6.0,2.0,5.0,384.0,256.0,1.0,96.0,1.0,1.0,1.0,1.0,1.0,1.0,1.0,1.0,3214125216.0,18159118.560000002,2085280000.0,8.933054285714286,1680.0,514.0,483328.0,5.836568086402962e+16,3.107142857142857,0.09747022857142859,78.57142857142857,38802.28571428572
512.0,1024000.0,256.0,64.0,1.0,40.0,8.0,48.0,6.0,6.0,5.0,6.0,5.0,4.0,2.0,2.0,2.0,6.0,4.0,5.0,3.0,1.0,1.0,1.0,4.0,4.0,4.0,5.0,3.0,1.0,6.0,1.0,1.0,64.0,1.0,72.0,192.0,1.0,1.0,1.0,1.0,1.0,1.0,1.0,1.0,2.0,1.0,3.0,1.0,3.0,1.0,5.0,5.0,3.0,2.0,4.0,3.0,3.0,3.0,2.0,4.0,3.0,64.0,16.0,1.0,1.0,64.0,1.0,128.0,4.0,1.0,1.0,1.0,1.0,1.0,3.0,6.0,3.0,2.0,2.0,1.0,3.0,2.0,4.0,1.0,5.0,6.0,4.0,4.0,6.0,6.0,6.0,2.0,128.0,1.0,8.0,1.0,1.0,64.0,64.0,1.0,1.0,1.0,1.0,6.0,2.0,4.0,3.0,4.0,2.0,3.0,3.0,3.0,3.0,1.0,2.0,2.0,6.0,5.0,1.0,4.0,3.0,32.0,64.0,1.0,384.0,32.0,1.0,1.0,1.0,1.0,1.0,1.0,1.0,3.0,2.0,3.0,5.0,3.0,6.0,1.0,4.0,2.0,1.0,4.0,5.0,6.0,5.0,6.0,1.0,4.0,4.0,256.0,12.0,1.0,1.0,8.0,1.0,1.0,1.0,1.0,1.0,1.0,1.0,5.0,6.0,4.0,2.0,5.0,5.0,1.0,5.0,1.0,2.0,2.0,6.0,1.0,3.0,2.0,3.0,1.0,3.0,3.0,8.0,1.0,96.0,2.0,1.0,1.0,1.0,1.0,1.0,1.0,1.0,234751440.0,53013151.2,20381000.0,0.2296288571428572,48.0,514.0,12640.0,1.2444913583137728e+16,38.85715714285714,36.984678571428574,78.57142857142857,1972.0
2048000.0,16000000.0,256.0,64.0,3.0,30.0,42.0,40.0,4.0,5.0,6.0,4.0,5.0,3.0,2.0,2.0,3.0,1.0,5.0,2.0,4.0,6.0,5.0,3.0,3.0,5.0,5.0,1.0,2.0,2.0,3.0,3.0,3.0,24.0,1.0,32.0,4.0,1.0,1.0,1.0,1.0,1.0,1.0,1.0,4.0,4.0,2.0,4.0,4.0,2.0,3.0,5.0,1.0,1.0,2.0,2.0,5.0,3.0,3.0,4.0,5.0,3.0,4.0,8.0,1.0,16.0,8.0,1.0,128.0,4.0,1.0,1.0,1.0,1.0,3.0,1.0,1.0,2.0,5.0,5.0,6.0,4.0,6.0,1.0,6.0,3.0,1.0,6.0,6.0,4.0,5.0,5.0,128.0,128.0,1.0,32.0,8.0,1.0,2.0,2.0,1.0,1.0,1.0,1.0,1.0,6.0,5.0,3.0,6.0,4.0,1.0,4.0,6.0,5.0,1.0,3.0,1.0,5.0,5.0,2.0,1.0,4.0,384.0,16.0,1.0,128.0,768.0,1.0,1.0,1.0,1.0,1.0,1.0,1.0,6.0,5.0,3.0,6.0,3.0,6.0,1.0,4.0,1.0,3.0,1.0,2.0,5.0,2.0,6.0,6.0,2.0,6.0,384.0,1.0,1.0,4.0,256.0,1.0,1.0,1.0,1.0,1.0,1.0,1.0,1.0,3.0,5.0,2.0,6.0,1.0,3.0,1.0,6.0,4.0,6.0,5.0,4.0,4.0,2.0,1.0,2.0,3.0,24.0,32.0,1.0,2.0,3.0,1.0,1.0,1.0,1.0,1.0,1.0,1.0,3103330032.0,24313848.420000006,1313870000000.0,1339.8217857142856,50400.0,514.0,884736.0,7.545389599528176e+16,30.0,0.6653568214285714,78.57142857142857,59846.857142857145
2048.0,4096000.0,256.0,64.0,1.0,4.0,46.0,14.0,5.0,3.0,6.0,5.0,6.0,5.0,3.0,6.0,1.0,6.0,1.0,1.0,2.0,2.0,1.0,6.0,1.0,1.0,2.0,2.0,3.0,1.0,3.0,4.0,3.0,128.0,1.0,64.0,64.0,1.0,1.0,1.0,1.0,1.0,1.0,1.0,5.0,4.0,2.0,5.0,2.0,2.0,3.0,4.0,1.0,1.0,6.0,2.0,5.0,3.0,2.0,4.0,4.0,4.0,4.0,2.0,1.0,128.0,1.0,1.0,32.0,2.0,1.0,1.0,1.0,1.0,5.0,2.0,1.0,1.0,6.0,3.0,4.0,4.0,6.0,2.0,6.0,2.0,6.0,6.0,1.0,3.0,4.0,1.0,2.0,1.0,1.0,128.0,128.0,1.0,8.0,8.0,1.0,1.0,1.0,1.0,2.0,1.0,6.0,5.0,3.0,5.0,2.0,2.0,5.0,4.0,3.0,4.0,3.0,4.0,6.0,3.0,1.0,5.0,64.0,768.0,1.0,16.0,12.0,1.0,1.0,1.0,1.0,1.0,1.0,1.0,5.0,6.0,6.0,3.0,5.0,3.0,1.0,2.0,2.0,5.0,3.0,3.0,5.0,5.0,3.0,5.0,1.0,6.0,24.0,32.0,1.0,96.0,1.0,1.0,1.0,1.0,1.0,1.0,1.0,1.0,4.0,5.0,6.0,1.0,4.0,3.0,5.0,1.0,6.0,6.0,1.0,6.0,1.0,1.0,4.0,4.0,2.0,5.0,128.0,384.0,1.0,8.0,1.0,1.0,1.0,1.0,1.0,1.0,1.0,1.0,10895229264.0,71368716.0,6228280.0,0.06962864285714285,14.0,514.0,514.0,7.775785230973051e+17,11.114285714285714,11.115593214285715,78.57142857142857,123.14285714285714
2048000.0,512000.0,256.0,64.0,3.0,12.0,30.0,4.0,5.0,5.0,1.0,1.0,3.0,6.0,6.0,2.0,2.0,2.0,6.0,2.0,2.0,5.0,1.0,2.0,2.0,3.0,4.0,2.0,6.0,2.0,2.0,2.0,24.0,128.0,1.0,3.0,72.0,1.0,1.0,1.0,1.0,1.0,1.0,1.0,6.0,5.0,3.0,3.0,2.0,3.0,6.0,4.0,2.0,1.0,6.0,5.0,5.0,4.0,1.0,3.0,2.0,4.0,4.0,16.0,1.0,8.0,8.0,1.0,1.0,8.0,1.0,1.0,1.0,1.0,3.0,1.0,5.0,4.0,3.0,4.0,1.0,4.0,2.0,5.0,2.0,1.0,5.0,2.0,6.0,2.0,6.0,6.0,64.0,2.0,1.0,32.0,64.0,1.0,16.0,8.0,1.0,1.0,1.0,1.0,5.0,1.0,1.0,6.0,6.0,1.0,4.0,2.0,3.0,5.0,6.0,2.0,2.0,1.0,1.0,2.0,4.0,1.0,16.0,8.0,1.0,768.0,8.0,1.0,1.0,1.0,1.0,1.0,1.0,1.0,5.0,1.0,4.0,2.0,1.0,3.0,3.0,1.0,4.0,3.0,1.0,4.0,4.0,6.0,2.0,3.0,5.0,1.0,3.0,12.0,1.0,3.0,768.0,1.0,1.0,1.0,1.0,1.0,1.0,1.0,2.0,1.0,1.0,5.0,4.0,6.0,5.0,2.0,1.0,6.0,5.0,3.0,4.0,6.0,2.0,1.0,5.0,2.0,2.0,3.0,1.0,48.0,192.0,1.0,1.0,1.0,1.0,1.0,1.0,1.0,1203675528.0,24637660.080000002,1611350000.0,7.480208928571429,1440.0,514.0,225280.0,2.9655748505478524e+16,35.92857142857143,2.2732751428571425,78.57142857142857,25686.85714285714
512.0,512000.0,256.0,64.0,2.0,8.0,8.0,12.0,2.0,1.0,6.0,2.0,3.0,6.0,4.0,4.0,4.0,1.0,6.0,4.0,4.0,2.0,3.0,1.0,3.0,6.0,2.0,5.0,6.0,1.0,4.0,4.0,24.0,2.0,1.0,3.0,3.0,1.0,1.0,1.0,1.0,1.0,1.0,1.0,4.0,5.0,6.0,1.0,4.0,5.0,1.0,5.0,5.0,2.0,1.0,3.0,1.0,4.0,1.0,2.0,2.0,2.0,64.0,16.0,1.0,2.0,1.0,1.0,2.0,128.0,1.0,1.0,1.0,1.0,6.0,2.0,5.0,4.0,5.0,5.0,1.0,4.0,1.0,1.0,6.0,4.0,5.0,6.0,5.0,4.0,4.0,1.0,32.0,8.0,1.0,128.0,16.0,1.0,32.0,8.0,1.0,1.0,1.0,1.0,2.0,1.0,5.0,1.0,3.0,6.0,2.0,1.0,4.0,6.0,5.0,4.0,3.0,2.0,5.0,2.0,5.0,2.0,64.0,24.0,1.0,1.0,384.0,1.0,1.0,1.0,1.0,1.0,1.0,1.0,1.0,3.0,4.0,2.0,4.0,4.0,2.0,6.0,5.0,6.0,2.0,4.0,5.0,5.0,3.0,1.0,1.0,1.0,768.0,1.0,1.0,4.0,1536.0,1.0,1.0,1.0,1.0,1.0,1.0,1.0,2.0,2.0,3.0,1.0,6.0,2.0,3.0,5.0,4.0,2.0,4.0,4.0,1.0,1.0,5.0,1.0,2.0,3.0,24.0,8.0,1.0,1.0,24.0,1.0,1.0,1.0,1.0,1.0,1.0,1.0,10924444620.0,62926862.36,42364700.0,0.4489303214285715,96.0,514.0,6448.0,6.874410229621825e+17,7.0,3.889643203571429,78.57142857142857,2078.4285714285716
256.0,64000.0,256.0,64.0,1.0,48.0,36.0,12.0,5.0,1.0,6.0,4.0,6.0,2.0,5.0,5.0,3.0,2.0,3.0,4.0,3.0,6.0,1.0,2.0,6.0,2.0,3.0,6.0,6.0,3.0,3.0,3.0,12.0,384.0,1.0,24.0,96.0,1.0,1.0,1.0,1.0,1.0,1.0,1.0,1.0,1.0,3.0,1.0,6.0,5.0,6.0,3.0,4.0,6.0,6.0,2.0,3.0,2.0,2.0,6.0,5.0,1.0,16.0,16.0,1.0,16.0,16.0,1.0,64.0,2.0,1.0,1.0,1.0,1.0,4.0,1.0,3.0,2.0,4.0,6.0,5.0,2.0,5.0,5.0,4.0,1.0,3.0,3.0,4.0,4.0,4.0,1.0,8.0,32.0,1.0,8.0,128.0,1.0,8.0,4.0,1.0,1.0,1.0,1.0,1.0,3.0,6.0,1.0,5.0,6.0,4.0,2.0,2.0,2.0,6.0,2.0,2.0,1.0,1.0,6.0,4.0,6.0,12.0,16.0,1.0,24.0,1.0,1.0,1.0,1.0,1.0,1.0,1.0,1.0,1.0,3.0,4.0,1.0,1.0,1.0,3.0,1.0,4.0,3.0,4.0,5.0,2.0,2.0,3.0,1.0,1.0,1.0,12.0,48.0,1.0,256.0,16.0,1.0,1.0,1.0,1.0,1.0,1.0,1.0,4.0,1.0,1.0,6.0,4.0,3.0,4.0,6.0,6.0,1.0,2.0,6.0,1.0,1.0,5.0,5.0,4.0,4.0,512.0,512.0,1.0,6.0,128.0,1.0,1.0,1.0,1.0,1.0,1.0,1.0,10898768208.0,79333267.19999999,5432530.0,0.06061264285714286,12.0,514.0,514.0,8.64634890396129e+17,9.701328571428572,9.705207857142861,78.57142857142857,116.28571428571429
128.0,8192000.0,256.0,64.0,1.0,42.0,48.0,14.0,6.0,4.0,3.0,5.0,2.0,1.0,2.0,4.0,1.0,5.0,2.0,6.0,5.0,1.0,1.0,4.0,3.0,1.0,2.0,4.0,1.0,3.0,4.0,2.0,128.0,24.0,1.0,3.0,768.0,1.0,1.0,1.0,1.0,1.0,1.0,1.0,3.0,5.0,3.0,3.0,3.0,6.0,5.0,2.0,5.0,5.0,2.0,4.0,4.0,5.0,6.0,2.0,3.0,4.0,8.0,16.0,1.0,32.0,1.0,1.0,32.0,128.0,1.0,1.0,1.0,1.0,1.0,5.0,2.0,6.0,3.0,2.0,4.0,1.0,4.0,4.0,6.0,4.0,3.0,4.0,4.0,3.0,4.0,4.0,4.0,4.0,1.0,2.0,128.0,1.0,8.0,64.0,1.0,1.0,1.0,1.0,5.0,2.0,6.0,6.0,2.0,6.0,4.0,1.0,4.0,4.0,4.0,1.0,3.0,3.0,1.0,4.0,5.0,6.0,768.0,96.0,1.0,1.0,12.0,1.0,1.0,1.0,1.0,1.0,1.0,1.0,1.0,4.0,1.0,4.0,5.0,5.0,3.0,4.0,4.0,1.0,1.0,5.0,1.0,2.0,6.0,6.0,5.0,2.0,8.0,256.0,1.0,3072.0,768.0,1.0,1.0,1.0,1.0,1.0,1.0,1.0,3.0,6.0,3.0,6.0,3.0,3.0,2.0,5.0,3.0,1.0,6.0,4.0,3.0,1.0,3.0,6.0,3.0,2.0,384.0,768.0,1.0,32.0,96.0,1.0,1.0,1.0,1.0,1.0,1.0,1.0,802161312.0,53194824.00000001,6228620.0,0.07128174285714285,14.0,514.0,3868.0,4.2670829811449096e+16,12.966228571428573,21.20384714285714,78.57142857142857,602.2857142857143
512000.0,16000000.0,256.0,64.0,2.0,24.0,12.0,10.0,3.0,3.0,6.0,4.0,5.0,1.0,5.0,4.0,4.0,5.0,6.0,4.0,3.0,2.0,1.0,4.0,3.0,6.0,5.0,4.0,1.0,2.0,5.0,2.0,48.0,6.0,1.0,1.0,2.0,1.0,1.0,1.0,1.0,1.0,1.0,1.0,6.0,2.0,1.0,5.0,6.0,2.0,4.0,5.0,1.0,2.0,1.0,6.0,1.0,3.0,6.0,6.0,2.0,6.0,8.0,16.0,1.0,2.0,128.0,1.0,128.0,4.0,1.0,1.0,1.0,1.0,3.0,1.0,4.0,4.0,5.0,2.0,4.0,1.0,1.0,5.0,3.0,4.0,1.0,4.0,3.0,4.0,6.0,1.0,64.0,4.0,1.0,2.0,8.0,1.0,32.0,8.0,1.0,1.0,1.0,1.0,5.0,1.0,3.0,3.0,6.0,5.0,5.0,6.0,3.0,4.0,3.0,1.0,3.0,1.0,3.0,6.0,1.0,1.0,3.0,8.0,1.0,12.0,2.0,1.0,1.0,1.0,1.0,1.0,1.0,1.0,3.0,4.0,6.0,5.0,4.0,6.0,4.0,3.0,5.0,1.0,4.0,5.0,6.0,1.0,5.0,5.0,1.0,1.0,12.0,768.0,1.0,768.0,128.0,1.0,1.0,1.0,1.0,1.0,1.0,1.0,4.0,6.0,1.0,3.0,2.0,5.0,3.0,4.0,4.0,6.0,5.0,2.0,3.0,3.0,6.0,6.0,6.0,2.0,96.0,1536.0,1.0,3.0,32.0,1.0,1.0,1.0,1.0,1.0,1.0,1.0,10910018928.0,30449014.56,54240900.0,0.562979642857143,120.0,514.0,38912.0,3.321993251885476e+17,8.14287142857143,3.0952109357142854,78.57142857142857,3187.1428571428573
2048.0,256000.0,256.0,64.0,1.0,42.0,12.0,28.0,2.0,1.0,3.0,2.0,6.0,4.0,4.0,2.0,1.0,5.0,3.0,4.0,5.0,1.0,1.0,6.0,5.0,3.0,4.0,3.0,3.0,4.0,5.0,3.0,12.0,16.0,1.0,32.0,192.0,1.0,1.0,1.0,1.0,1.0,1.0,1.0,1.0,1.0,6.0,2.0,2.0,6.0,3.0,6.0,6.0,3.0,3.0,5.0,3.0,1.0,5.0,5.0,6.0,6.0,64.0,16.0,1.0,32.0,8.0,1.0,128.0,4.0,1.0,1.0,1.0,1.0,1.0,6.0,4.0,4.0,5.0,1.0,4.0,5.0,3.0,5.0,2.0,1.0,1.0,3.0,4.0,5.0,5.0,5.0,32.0,64.0,1.0,128.0,128.0,1.0,16.0,2.0,1.0,1.0,1.0,1.0,5.0,2.0,2.0,6.0,4.0,2.0,4.0,6.0,6.0,6.0,1.0,3.0,1.0,3.0,6.0,4.0,2.0,3.0,3.0,12.0,1.0,8.0,768.0,1.0,1.0,1.0,1.0,1.0,1.0,1.0,2.0,2.0,6.0,3.0,4.0,1.0,1.0,2.0,1.0,2.0,4.0,6.0,1.0,3.0,5.0,2.0,2.0,4.0,1.0,64.0,1.0,1536.0,3072.0,1.0,1.0,1.0,1.0,1.0,1.0,1.0,1.0,2.0,2.0,6.0,2.0,5.0,5.0,4.0,2.0,6.0,1.0,2.0,5.0,2.0,2.0,6.0,2.0,4.0,32.0,128.0,1.0,128.0,128.0,1.0,1.0,1.0,1.0,1.0,1.0,1.0,11173626192.0,89170168.80000001,11912700.0,0.13246971428571433,28.0,514.0,514.0,9.963541336487414e+17,1.0,1.4290775000000002,78.57142857142857,78.57142857142857
128000.0,64000.0,256.0,64.0,3.0,22.0,4.0,28.0,3.0,4.0,5.0,6.0,6.0,2.0,1.0,6.0,1.0,4.0,5.0,5.0,4.0,3.0,6.0,6.0,4.0,2.0,3.0,6.0,3.0,3.0,5.0,5.0,24.0,96.0,1.0,4.0,192.0,1.0,1.0,1.0,1.0,1.0,1.0,1.0,2.0,3.0,3.0,4.0,5.0,3.0,4.0,1.0,4.0,6.0,6.0,5.0,3.0,6.0,5.0,1.0,5.0,3.0,64.0,16.0,1.0,2.0,4.0,1.0,8.0,2.0,1.0,1.0,1.0,1.0,4.0,5.0,1.0,4.0,4.0,6.0,5.0,3.0,1.0,3.0,4.0,6.0,5.0,1.0,1.0,2.0,3.0,4.0,64.0,128.0,1.0,32.0,1.0,1.0,32.0,16.0,1.0,1.0,1.0,1.0,4.0,1.0,6.0,3.0,2.0,3.0,2.0,5.0,1.0,4.0,4.0,2.0,3.0,3.0,5.0,4.0,6.0,3.0,24.0,192.0,1.0,48.0,1.0,1.0,1.0,1.0,1.0,1.0,1.0,1.0,3.0,1.0,4.0,1.0,5.0,6.0,2.0,3.0,1.0,3.0,6.0,2.0,6.0,3.0,3.0,5.0,6.0,6.0,16.0,48.0,1.0,512.0,64.0,1.0,1.0,1.0,1.0,1.0,1.0,1.0,3.0,5.0,3.0,4.0,5.0,5.0,2.0,5.0,5.0,5.0,2.0,3.0,6.0,4.0,1.0,6.0,3.0,6.0,96.0,3.0,1.0,16.0,96.0,1.0,1.0,1.0,1.0,1.0,1.0,1.0,10960345872.0,18699474.899999995,4042450000.0,13.834235714285715,2464.0,514.0,192512.0,2.0495271252878256e+17,7.857142857142857,0.30836129285714287,78.57142857142857,24676.571428571428
128.0,4096000.0,256.0,64.0,2.0,42.0,28.0,24.0,5.0,5.0,6.0,5.0,1.0,6.0,2.0,1.0,3.0,3.0,1.0,2.0,4.0,5.0,1.0,3.0,3.0,5.0,2.0,5.0,6.0,5.0,4.0,1.0,4.0,192.0,1.0,144.0,384.0,1.0,1.0,1.0,1.0,1.0,1.0,1.0,5.0,6.0,3.0,5.0,1.0,5.0,5.0,6.0,4.0,1.0,1.0,5.0,2.0,4.0,4.0,1.0,2.0,6.0,8.0,16.0,1.0,8.0,32.0,1.0,8.0,1.0,1.0,1.0,1.0,1.0,3.0,5.0,2.0,1.0,3.0,1.0,1.0,6.0,5.0,3.0,1.0,6.0,6.0,3.0,5.0,2.0,1.0,2.0,2.0,64.0,1.0,32.0,4.0,1.0,1.0,1.0,1.0,1.0,1.0,1.0,2.0,5.0,4.0,1.0,4.0,6.0,2.0,6.0,4.0,5.0,4.0,3.0,3.0,1.0,3.0,6.0,3.0,3.0,192.0,96.0,1.0,12.0,192.0,1.0,1.0,1.0,1.0,1.0,1.0,1.0,3.0,6.0,2.0,4.0,3.0,1.0,4.0,4.0,4.0,6.0,3.0,2.0,5.0,4.0,2.0,1.0,2.0,5.0,32.0,384.0,1.0,192.0,384.0,1.0,1.0,1.0,1.0,1.0,1.0,1.0,4.0,5.0,6.0,6.0,5.0,4.0,5.0,4.0,2.0,6.0,2.0,1.0,1.0,3.0,1.0,4.0,2.0,4.0,8.0,1.0,1.0,12.0,64.0,1.0,1.0,1.0,1.0,1.0,1.0,1.0,10887997524.0,37694560.36,489348000.0,3.2459739285714275,672.0,514.0,69632.0,4.1041827986794854e+17,20.257128571428574,5.532564810714284,78.57142857142857,5660.285714285715
256000.0,8192000.0,256.0,64.0,1.0,10.0,12.0,4.0,6.0,3.0,2.0,5.0,4.0,1.0,2.0,6.0,3.0,4.0,5.0,3.0,6.0,6.0,5.0,3.0,3.0,4.0,4.0,3.0,6.0,4.0,6.0,5.0,192.0,1.0,1.0,6.0,768.0,1.0,1.0,1.0,1.0,1.0,1.0,1.0,6.0,4.0,6.0,3.0,3.0,2.0,3.0,4.0,3.0,6.0,2.0,6.0,3.0,2.0,4.0,6.0,6.0,5.0,8.0,16.0,1.0,1.0,1.0,1.0,8.0,64.0,1.0,1.0,1.0,1.0,4.0,5.0,1.0,4.0,6.0,3.0,5.0,1.0,6.0,2.0,4.0,3.0,5.0,2.0,2.0,3.0,1.0,5.0,64.0,1.0,1.0,1.0,64.0,1.0,2.0,8.0,1.0,1.0,1.0,1.0,5.0,4.0,2.0,6.0,3.0,3.0,5.0,1.0,1.0,2.0,6.0,2.0,1.0,4.0,3.0,6.0,6.0,5.0,2.0,8.0,1.0,16.0,6.0,1.0,1.0,1.0,1.0,1.0,1.0,1.0,5.0,4.0,2.0,2.0,3.0,2.0,1.0,6.0,2.0,5.0,6.0,2.0,2.0,1.0,1.0,1.0,5.0,6.0,1.0,64.0,1.0,512.0,6.0,1.0,1.0,1.0,1.0,1.0,1.0,1.0,4.0,2.0,3.0,2.0,6.0,5.0,1.0,1.0,5.0,6.0,1.0,4.0,4.0,4.0,5.0,4.0,5.0,6.0,1.0,3.0,1.0,1.0,3.0,1.0,1.0,1.0,1.0,1.0,1.0,1.0,2793406896.0,35700554.879999995,2290390.0,0.02493031428571428,4.0,514.0,1288.0,9.972617619281843e+16,4.0,3.6921189285714284,78.57142857142857,199.42857142857142
256.0,64000.0,256.0,64.0,2.0,42.0,40.0,16.0,1.0,1.0,4.0,3.0,2.0,5.0,2.0,6.0,3.0,2.0,1.0,6.0,3.0,3.0,1.0,5.0,4.0,6.0,4.0,5.0,4.0,5.0,5.0,3.0,16.0,3.0,1.0,8.0,18.0,1.0,1.0,1.0,1.0,1.0,1.0,1.0,5.0,3.0,1.0,2.0,5.0,6.0,5.0,5.0,4.0,3.0,6.0,3.0,3.0,4.0,5.0,5.0,4.0,4.0,1.0,2.0,1.0,32.0,16.0,1.0,16.0,128.0,1.0,1.0,1.0,1.0,1.0,6.0,4.0,3.0,4.0,4.0,6.0,3.0,4.0,2.0,3.0,2.0,3.0,1.0,2.0,1.0,6.0,2.0,16.0,16.0,1.0,128.0,8.0,1.0,32.0,4.0,1.0,1.0,1.0,1.0,4.0,5.0,2.0,1.0,2.0,4.0,2.0,5.0,3.0,6.0,6.0,1.0,4.0,1.0,1.0,6.0,1.0,2.0,2.0,64.0,1.0,3.0,192.0,1.0,1.0,1.0,1.0,1.0,1.0,1.0,4.0,6.0,4.0,1.0,1.0,6.0,4.0,2.0,6.0,3.0,2.0,3.0,2.0,2.0,1.0,6.0,2.0,2.0,192.0,2.0,1.0,96.0,16.0,1.0,1.0,1.0,1.0,1.0,1.0,1.0,2.0,6.0,3.0,5.0,1.0,3.0,5.0,4.0,6.0,5.0,3.0,3.0,6.0,5.0,5.0,1.0,5.0,1.0,128.0,384.0,1.0,8.0,16.0,1.0,1.0,1.0,1.0,1.0,1.0,1.0,10922684568.0,33657645.519999996,455642000.0,3.0712557142857144,640.0,514.0,36864.0,3.676318453165183e+17,8.714285714285714,6.9140288057142865,78.57142857142857,2070.714285714286
32000.0,32000000.0,256.0,64.0,1.0,26.0,18.0,38.0,4.0,3.0,5.0,6.0,2.0,2.0,2.0,3.0,6.0,1.0,3.0,6.0,6.0,1.0,1.0,1.0,1.0,2.0,3.0,6.0,3.0,1.0,2.0,4.0,192.0,8.0,1.0,384.0,72.0,1.0,1.0,1.0,1.0,1.0,1.0,1.0,5.0,6.0,6.0,4.0,6.0,4.0,3.0,2.0,2.0,4.0,5.0,1.0,1.0,2.0,3.0,6.0,6.0,5.0,4.0,64.0,1.0,64.0,128.0,1.0,32.0,32.0,1.0,1.0,1.0,1.0,3.0,1.0,2.0,4.0,5.0,6.0,4.0,4.0,2.0,2.0,2.0,6.0,3.0,4.0,5.0,1.0,4.0,4.0,128.0,8.0,1.0,16.0,64.0,1.0,16.0,32.0,1.0,1.0,1.0,1.0,1.0,6.0,2.0,6.0,4.0,4.0,4.0,3.0,5.0,3.0,5.0,5.0,6.0,1.0,6.0,6.0,5.0,2.0,4.0,128.0,1.0,8.0,6.0,1.0,1.0,1.0,1.0,1.0,1.0,1.0,1.0,6.0,3.0,5.0,5.0,3.0,6.0,2.0,4.0,6.0,4.0,3.0,5.0,3.0,5.0,1.0,2.0,4.0,12.0,16.0,1.0,1.0,128.0,1.0,1.0,1.0,1.0,1.0,1.0,1.0,3.0,5.0,3.0,6.0,1.0,1.0,5.0,6.0,2.0,4.0,4.0,2.0,1.0,6.0,6.0,3.0,5.0,4.0,384.0,96.0,1.0,768.0,24.0,1.0,1.0,1.0,1.0,1.0,1.0,1.0,11173626192.0,98303172.0,16095200.0,0.17773942857142852,38.0,514.0,514.0,1.098402897415881e+18,1.0,1.8476592857142857,78.57142857142857,78.57142857142857
16000.0,16000.0,256.0,64.0,1.0,38.0,8.0,20.0,1.0,2.0,6.0,4.0,1.0,2.0,4.0,1.0,3.0,4.0,5.0,4.0,6.0,2.0,1.0,4.0,4.0,4.0,4.0,5.0,6.0,6.0,1.0,3.0,384.0,128.0,1.0,576.0,64.0,1.0,1.0,1.0,1.0,1.0,1.0,1.0,3.0,4.0,1.0,2.0,4.0,6.0,2.0,4.0,1.0,4.0,5.0,4.0,1.0,4.0,3.0,2.0,3.0,2.0,1.0,8.0,1.0,1.0,2.0,1.0,8.0,4.0,1.0,1.0,1.0,1.0,4.0,4.0,3.0,6.0,5.0,4.0,6.0,5.0,4.0,3.0,6.0,6.0,2.0,4.0,4.0,2.0,6.0,2.0,16.0,64.0,1.0,32.0,8.0,1.0,64.0,2.0,1.0,1.0,1.0,1.0,2.0,1.0,4.0,5.0,2.0,2.0,4.0,4.0,4.0,3.0,4.0,2.0,2.0,6.0,6.0,4.0,4.0,1.0,12.0,3.0,1.0,1.0,16.0,1.0,1.0,1.0,1.0,1.0,1.0,1.0,1.0,1.0,1.0,5.0,4.0,3.0,3.0,2.0,5.0,2.0,2.0,6.0,3.0,1.0,1.0,1.0,5.0,3.0,384.0,768.0,1.0,6.0,128.0,1.0,1.0,1.0,1.0,1.0,1.0,1.0,4.0,6.0,3.0,6.0,6.0,2.0,3.0,5.0,3.0,6.0,5.0,1.0,5.0,3.0,3.0,5.0,5.0,4.0,48.0,512.0,1.0,24.0,12.0,1.0,1.0,1.0,1.0,1.0,1.0,1.0,10889331024.0,84321679.20000002,8639980.0,0.09667651428571428,20.0,514.0,514.0,9.182066773083357e+17,14.83672857142857,15.684400357142858,78.57142857142857,143.71428571428572
8192.0,128000.0,256.0,64.0,1.0,16.0,40.0,14.0,6.0,3.0,1.0,5.0,6.0,3.0,4.0,3.0,2.0,2.0,1.0,5.0,6.0,1.0,6.0,3.0,4.0,5.0,1.0,2.0,2.0,3.0,1.0,1.0,48.0,768.0,1.0,3.0,3.0,1.0,1.0,1.0,1.0,1.0,1.0,1.0,2.0,1.0,2.0,3.0,6.0,4.0,1.0,5.0,4.0,4.0,6.0,2.0,5.0,4.0,3.0,1.0,3.0,5.0,8.0,32.0,1.0,32.0,1.0,1.0,4.0,1.0,1.0,1.0,1.0,1.0,6.0,1.0,2.0,2.0,3.0,1.0,4.0,2.0,3.0,3.0,6.0,4.0,5.0,1.0,3.0,6.0,3.0,1.0,64.0,128.0,1.0,16.0,16.0,1.0,16.0,4.0,1.0,1.0,1.0,1.0,3.0,2.0,1.0,6.0,5.0,1.0,5.0,2.0,2.0,2.0,4.0,6.0,2.0,2.0,1.0,3.0,2.0,4.0,192.0,384.0,1.0,192.0,6.0,1.0,1.0,1.0,1.0,1.0,1.0,1.0,2.0,1.0,6.0,5.0,2.0,6.0,1.0,5.0,6.0,6.0,2.0,3.0,6.0,3.0,6.0,5.0,4.0,4.0,96.0,128.0,1.0,768.0,1024.0,1.0,1.0,1.0,1.0,1.0,1.0,1.0,5.0,6.0,6.0,2.0,5.0,4.0,4.0,1.0,2.0,5.0,1.0,1.0,3.0,4.0,6.0,5.0,3.0,1.0,6.0,1536.0,1.0,8.0,48.0,1.0,1.0,1.0,1.0,1.0,1.0,1.0,802161312.0,52231544.16,6228620.0,0.07128174285714285,14.0,514.0,3868.0,4.189812399117154e+16,12.966228571428573,12.039205357142858,78.57142857142857,602.2857142857143
2048.0,8192000.0,256.0,64.0,1.0,8.0,4.0,32.0,3.0,5.0,6.0,5.0,1.0,5.0,6.0,3.0,5.0,6.0,6.0,6.0,2.0,4.0,2.0,5.0,2.0,5.0,4.0,6.0,4.0,4.0,2.0,2.0,1.0,3.0,1.0,768.0,48.0,1.0,1.0,1.0,1.0,1.0,1.0,1.0,6.0,5.0,4.0,4.0,4.0,3.0,4.0,3.0,2.0,4.0,4.0,5.0,1.0,3.0,6.0,2.0,2.0,4.0,16.0,64.0,1.0,128.0,32.0,1.0,4.0,1.0,1.0,1.0,1.0,1.0,3.0,1.0,4.0,2.0,3.0,5.0,3.0,2.0,5.0,6.0,6.0,4.0,4.0,4.0,3.0,3.0,4.0,4.0,1.0,8.0,1.0,128.0,16.0,1.0,4.0,4.0,1.0,1.0,1.0,1.0,3.0,2.0,6.0,1.0,3.0,4.0,1.0,6.0,5.0,5.0,5.0,5.0,1.0,5.0,2.0,1.0,6.0,5.0,16.0,3.0,1.0,16.0,32.0,1.0,1.0,1.0,1.0,1.0,1.0,1.0,6.0,1.0,6.0,4.0,1.0,2.0,3.0,4.0,2.0,1.0,2.0,5.0,3.0,3.0,6.0,4.0,3.0,5.0,3.0,24.0,1.0,16.0,3072.0,1.0,1.0,1.0,1.0,1.0,1.0,1.0,2.0,5.0,3.0,5.0,2.0,6.0,1.0,6.0,6.0,2.0,3.0,1.0,2.0,1.0,5.0,5.0,4.0,4.0,1536.0,6.0,1.0,96.0,48.0,1.0,1.0,1.0,1.0,1.0,1.0,1.0,10881073488.0,83915823.84,13573500.0,0.15093314285714285,32.0,514.0,514.0,9.130942460091023e+17,27.571428571428573,27.995543214285714,78.57142857142857,184.85714285714286
64000.0,4096000.0,256.0,64.0,3.0,16.0,4.0,18.0,2.0,4.0,6.0,3.0,3.0,5.0,4.0,6.0,5.0,2.0,6.0,5.0,1.0,6.0,5.0,1.0,6.0,1.0,4.0,4.0,6.0,5.0,5.0,5.0,12.0,256.0,1.0,24.0,18.0,1.0,1.0,1.0,1.0,1.0,1.0,1.0,2.0,3.0,1.0,4.0,4.0,4.0,3.0,5.0,6.0,2.0,2.0,4.0,5.0,5.0,5.0,5.0,1.0,4.0,2.0,2.0,1.0,8.0,32.0,1.0,1.0,32.0,1.0,1.0,1.0,1.0,1.0,5.0,2.0,3.0,4.0,6.0,3.0,3.0,6.0,5.0,1.0,2.0,2.0,3.0,6.0,5.0,4.0,6.0,32.0,16.0,1.0,32.0,64.0,1.0,2.0,8.0,1.0,1.0,1.0,1.0,3.0,6.0,5.0,3.0,3.0,2.0,4.0,2.0,3.0,1.0,5.0,5.0,2.0,2.0,2.0,4.0,1.0,4.0,96.0,16.0,1.0,96.0,4.0,1.0,1.0,1.0,1.0,1.0,1.0,1.0,1.0,3.0,5.0,2.0,4.0,3.0,5.0,2.0,6.0,2.0,6.0,6.0,6.0,4.0,1.0,3.0,2.0,5.0,2.0,2.0,1.0,3.0,2.0,1.0,1.0,1.0,1.0,1.0,1.0,1.0,4.0,4.0,4.0,2.0,3.0,2.0,5.0,5.0,3.0,3.0,5.0,1.0,5.0,2.0,3.0,6.0,6.0,2.0,96.0,1024.0,1.0,6.0,384.0,1.0,1.0,1.0,1.0,1.0,1.0,1.0,3500434080.0,31902889.120000005,1120250000.0,5.966523571428571,1152.0,514.0,1146880.0,1.1167396032610923e+17,69.64285714285714,6.093485535714285,78.57142857142857,57225.57142857143
256.0,16000.0,256.0,64.0,2.0,30.0,2.0,16.0,1.0,6.0,3.0,1.0,2.0,6.0,2.0,4.0,4.0,6.0,3.0,4.0,1.0,1.0,5.0,2.0,1.0,1.0,4.0,5.0,4.0,3.0,4.0,6.0,12.0,96.0,1.0,48.0,576.0,1.0,1.0,1.0,1.0,1.0,1.0,1.0,6.0,2.0,1.0,1.0,5.0,2.0,4.0,3.0,3.0,4.0,2.0,4.0,3.0,3.0,5.0,4.0,5.0,3.0,4.0,64.0,1.0,128.0,4.0,1.0,16.0,16.0,1.0,1.0,1.0,1.0,1.0,5.0,1.0,4.0,3.0,4.0,1.0,6.0,4.0,2.0,5.0,2.0,5.0,6.0,2.0,5.0,5.0,2.0,4.0,64.0,1.0,1.0,2.0,1.0,32.0,16.0,1.0,1.0,1.0,1.0,1.0,6.0,2.0,1.0,1.0,3.0,5.0,3.0,6.0,5.0,6.0,5.0,3.0,2.0,4.0,2.0,3.0,3.0,128.0,256.0,1.0,16.0,16.0,1.0,1.0,1.0,1.0,1.0,1.0,1.0,5.0,6.0,1.0,3.0,4.0,1.0,6.0,3.0,5.0,5.0,6.0,4.0,2.0,1.0,3.0,1.0,2.0,3.0,24.0,16.0,1.0,6.0,1024.0,1.0,1.0,1.0,1.0,1.0,1.0,1.0,3.0,5.0,6.0,4.0,5.0,3.0,4.0,5.0,5.0,1.0,3.0,5.0,2.0,6.0,3.0,1.0,5.0,4.0,1024.0,2.0,1.0,256.0,192.0,1.0,1.0,1.0,1.0,1.0,1.0,1.0,5588493504.0,28206863.799999997,13583800.0,0.1743072857142857,32.0,514.0,100352.0,1.5763387511451274e+17,2.0,0.7304225871428571,78.57142857142857,6960.0
256.0,8192000.0,256.0,64.0,2.0,4.0,28.0,38.0,6.0,2.0,2.0,6.0,2.0,1.0,2.0,5.0,3.0,4.0,2.0,6.0,2.0,4.0,3.0,1.0,3.0,1.0,5.0,4.0,3.0,3.0,3.0,3.0,32.0,32.0,1.0,384.0,128.0,1.0,1.0,1.0,1.0,1.0,1.0,1.0,4.0,6.0,3.0,3.0,3.0,4.0,2.0,1.0,3.0,6.0,3.0,4.0,2.0,3.0,1.0,3.0,1.0,6.0,64.0,4.0,1.0,4.0,2.0,1.0,32.0,4.0,1.0,1.0,1.0,1.0,5.0,4.0,3.0,2.0,4.0,6.0,2.0,2.0,6.0,1.0,3.0,6.0,6.0,3.0,5.0,6.0,2.0,2.0,128.0,64.0,1.0,32.0,128.0,1.0,8.0,8.0,1.0,1.0,1.0,1.0,5.0,5.0,4.0,3.0,6.0,3.0,2.0,3.0,6.0,2.0,5.0,2.0,3.0,5.0,3.0,2.0,1.0,1.0,192.0,8.0,1.0,96.0,16.0,1.0,1.0,1.0,1.0,1.0,1.0,1.0,2.0,1.0,6.0,4.0,2.0,2.0,5.0,4.0,3.0,2.0,4.0,1.0,2.0,4.0,4.0,5.0,2.0,4.0,6.0,4.0,1.0,48.0,32.0,1.0,1.0,1.0,1.0,1.0,1.0,1.0,4.0,2.0,3.0,1.0,2.0,1.0,5.0,3.0,2.0,2.0,6.0,4.0,1.0,2.0,1.0,1.0,2.0,5.0,12.0,512.0,1.0,3.0,4.0,1.0,1.0,1.0,1.0,1.0,1.0,1.0,509965560.0,18333490.099999998,986951000.0,5.382194999999999,1064.0,514.0,425984.0,9349448545600954.0,11.32245,1.8203229642857142,78.57142857142857,27352.0
32000.0,256000.0,256.0,64.0,3.0,14.0,48.0,2.0,6.0,5.0,6.0,5.0,2.0,3.0,5.0,4.0,1.0,5.0,4.0,3.0,1.0,3.0,5.0,3.0,1.0,4.0,5.0,4.0,3.0,5.0,4.0,1.0,384.0,128.0,1.0,32.0,72.0,1.0,1.0,1.0,1.0,1.0,1.0,1.0,5.0,6.0,5.0,1.0,6.0,3.0,5.0,2.0,1.0,6.0,4.0,3.0,2.0,6.0,1.0,5.0,6.0,3.0,16.0,32.0,1.0,16.0,1.0,1.0,16.0,128.0,1.0,1.0,1.0,1.0,2.0,6.0,2.0,1.0,4.0,5.0,2.0,1.0,5.0,4.0,1.0,3.0,6.0,5.0,2.0,4.0,2.0,5.0,2.0,2.0,1.0,8.0,2.0,1.0,8.0,1.0,1.0,1.0,1.0,1.0,5.0,5.0,6.0,5.0,1.0,5.0,2.0,2.0,6.0,6.0,4.0,4.0,5.0,3.0,4.0,5.0,6.0,5.0,96.0,96.0,1.0,12.0,96.0,1.0,1.0,1.0,1.0,1.0,1.0,1.0,4.0,3.0,5.0,5.0,2.0,4.0,5.0,2.0,6.0,6.0,5.0,3.0,5.0,3.0,1.0,5.0,5.0,4.0,3.0,64.0,1.0,12.0,256.0,1.0,1.0,1.0,1.0,1.0,1.0,1.0,5.0,4.0,5.0,4.0,4.0,4.0,6.0,1.0,5.0,1.0,6.0,3.0,2.0,4.0,4.0,1.0,4.0,2.0,512.0,1536.0,1.0,1.0,768.0,1.0,1.0,1.0,1.0,1.0,1.0,1.0,2710021464.0,17847387.479999997,1438790000.0,7.746327500000001,1344.0,514.0,5701632.0,4.836680314712486e+16,96.27142857142856,7.530723821428572,78.57142857142857,261924.57142857142
512000.0,8192000.0,256.0,64.0,1.0,46.0,26.0,8.0,2.0,5.0,6.0,6.0,6.0,3.0,6.0,3.0,5.0,1.0,6.0,4.0,1.0,1.0,6.0,3.0,6.0,2.0,6.0,4.0,5.0,1.0,3.0,4.0,8.0,384.0,1.0,2.0,48.0,1.0,1.0,1.0,1.0,1.0,1.0,1.0,4.0,2.0,4.0,5.0,4.0,4.0,1.0,5.0,1.0,2.0,4.0,5.0,2.0,4.0,4.0,2.0,4.0,3.0,32.0,32.0,1.0,8.0,32.0,1.0,16.0,8.0,1.0,1.0,1.0,1.0,5.0,3.0,4.0,4.0,2.0,5.0,5.0,6.0,2.0,3.0,1.0,1.0,6.0,3.0,3.0,2.0,2.0,4.0,4.0,1.0,1.0,1.0,16.0,1.0,8.0,2.0,1.0,1.0,1.0,1.0,2.0,2.0,6.0,5.0,1.0,5.0,5.0,5.0,3.0,4.0,5.0,2.0,3.0,6.0,3.0,6.0,1.0,3.0,3.0,3.0,1.0,32.0,16.0,1.0,1.0,1.0,1.0,1.0,1.0,1.0,5.0,1.0,1.0,1.0,1.0,1.0,2.0,5.0,6.0,2.0,2.0,5.0,1.0,6.0,4.0,5.0,4.0,5.0,256.0,8.0,1.0,96.0,8.0,1.0,1.0,1.0,1.0,1.0,1.0,1.0,2.0,6.0,1.0,1.0,4.0,4.0,2.0,2.0,6.0,2.0,5.0,2.0,1.0,2.0,5.0,4.0,4.0,2.0,256.0,2.0,1.0,192.0,128.0,1.0,1.0,1.0,1.0,1.0,1.0,1.0,10909385040.0,105359325.6,3853260.0,0.04258074285714287,8.0,514.0,514.0,1.149405450525129e+18,7.0,7.423133214285715,78.57142857142857,102.57142857142857
512000.0,16000000.0,256.0,64.0,3.0,30.0,20.0,36.0,4.0,6.0,3.0,2.0,5.0,6.0,4.0,3.0,4.0,6.0,5.0,6.0,5.0,1.0,3.0,3.0,6.0,1.0,3.0,3.0,6.0,3.0,2.0,6.0,32.0,6.0,1.0,192.0,2.0,1.0,1.0,1.0,1.0,1.0,1.0,1.0,4.0,3.0,5.0,4.0,5.0,1.0,2.0,2.0,1.0,6.0,5.0,6.0,5.0,1.0,4.0,4.0,2.0,2.0,16.0,8.0,1.0,2.0,4.0,1.0,32.0,16.0,1.0,1.0,1.0,1.0,3.0,3.0,1.0,4.0,4.0,4.0,5.0,5.0,6.0,5.0,3.0,3.0,5.0,3.0,6.0,5.0,5.0,2.0,2.0,1.0,1.0,1.0,8.0,1.0,4.0,1.0,1.0,1.0,1.0,1.0,6.0,4.0,5.0,2.0,5.0,2.0,1.0,1.0,2.0,4.0,4.0,4.0,6.0,3.0,2.0,1.0,6.0,2.0,192.0,3.0,1.0,8.0,6.0,1.0,1.0,1.0,1.0,1.0,1.0,1.0,1.0,4.0,5.0,6.0,2.0,3.0,5.0,3.0,1.0,3.0,6.0,3.0,6.0,1.0,1.0,2.0,4.0,6.0,8.0,128.0,1.0,4.0,512.0,1.0,1.0,1.0,1.0,1.0,1.0,1.0,4.0,1.0,4.0,4.0,6.0,1.0,1.0,6.0,5.0,3.0,2.0,4.0,3.0,5.0,4.0,1.0,5.0,4.0,2.0,256.0,1.0,48.0,768.0,1.0,1.0,1.0,1.0,1.0,1.0,1.0,4521273720.0,18551125.9,246071000000.0,301.96875,21600.0,514.0,1474560.0,8.387471800808134e+16,15.25,1.9836309642857142,78.57142857142857,114192.0
512.0,256000.0,256.0,64.0,2.0,24.0,48.0,36.0,2.0,3.0,2.0,2.0,1.0,6.0,3.0,6.0,5.0,2.0,3.0,6.0,2.0,6.0,4.0,5.0,2.0,4.0,2.0,5.0,3.0,2.0,6.0,3.0,2.0,48.0,1.0,24.0,192.0,1.0,1.0,1.0,1.0,1.0,1.0,1.0,5.0,2.0,6.0,1.0,2.0,2.0,3.0,3.0,2.0,6.0,2.0,2.0,5.0,4.0,1.0,4.0,6.0,2.0,16.0,32.0,1.0,32.0,2.0,1.0,16.0,1.0,1.0,1.0,1.0,1.0,6.0,6.0,5.0,6.0,5.0,1.0,6.0,1.0,5.0,6.0,1.0,5.0,3.0,4.0,1.0,3.0,2.0,3.0,4.0,32.0,1.0,64.0,32.0,1.0,32.0,64.0,1.0,1.0,1.0,1.0,5.0,3.0,3.0,6.0,1.0,5.0,1.0,1.0,2.0,4.0,6.0,1.0,3.0,5.0,2.0,1.0,4.0,5.0,8.0,192.0,1.0,4.0,128.0,1.0,1.0,1.0,1.0,1.0,1.0,1.0,1.0,2.0,5.0,5.0,2.0,6.0,6.0,5.0,4.0,1.0,4.0,1.0,2.0,2.0,2.0,5.0,2.0,2.0,1.0,2.0,1.0,2.0,192.0,1.0,1.0,1.0,1.0,1.0,1.0,1.0,3.0,4.0,5.0,6.0,1.0,4.0,3.0,1.0,1.0,4.0,4.0,1.0,3.0,5.0,2.0,4.0,3.0,5.0,512.0,32.0,1.0,768.0,16.0,1.0,1.0,1.0,1.0,1.0,1.0,1.0,2478017112.0,41062170.8,2187050000.0,9.093652142857142,1728.0,514.0,13312.0,1.0175276189826672e+17,16.214285714285715,4.3356105000000005,78.57142857142857,1996.142857142857
32000.0,128000.0,256.0,64.0,2.0,42.0,20.0,24.0,6.0,4.0,6.0,1.0,6.0,1.0,5.0,3.0,2.0,2.0,4.0,3.0,6.0,4.0,4.0,5.0,3.0,2.0,6.0,1.0,1.0,6.0,2.0,4.0,256.0,768.0,1.0,768.0,4.0,1.0,1.0,1.0,1.0,1.0,1.0,1.0,6.0,1.0,1.0,2.0,4.0,1.0,2.0,2.0,1.0,1.0,1.0,1.0,3.0,4.0,6.0,5.0,2.0,1.0,16.0,2.0,1.0,8.0,16.0,1.0,4.0,16.0,1.0,1.0,1.0,1.0,2.0,4.0,5.0,5.0,1.0,3.0,5.0,2.0,6.0,5.0,6.0,4.0,2.0,3.0,5.0,1.0,6.0,4.0,2.0,16.0,1.0,8.0,16.0,1.0,8.0,1.0,1.0,1.0,1.0,1.0,4.0,3.0,6.0,4.0,5.0,2.0,4.0,5.0,2.0,2.0,5.0,1.0,6.0,1.0,2.0,6.0,1.0,4.0,256.0,32.0,1.0,3.0,16.0,1.0,1.0,1.0,1.0,1.0,1.0,1.0,4.0,6.0,1.0,4.0,2.0,1.0,1.0,5.0,4.0,1.0,4.0,2.0,3.0,6.0,2.0,6.0,4.0,5.0,3.0,4.0,1.0,2.0,1024.0,1.0,1.0,1.0,1.0,1.0,1.0,1.0,2.0,5.0,2.0,2.0,5.0,2.0,1.0,6.0,3.0,3.0,6.0,6.0,3.0,2.0,5.0,1.0,3.0,3.0,32.0,16.0,1.0,256.0,16.0,1.0,1.0,1.0,1.0,1.0,1.0,1.0,1367039892.0,27772279.639999993,302798000.0,2.328227857142857,480.0,514.0,203776.0,3.796581415965939e+16,36.21043928571429,10.113458121428572,78.57142857142857,18061.14285714286
1024.0,512000.0,256.0,64.0,2.0,38.0,14.0,38.0,2.0,5.0,4.0,5.0,6.0,3.0,2.0,1.0,4.0,4.0,1.0,6.0,5.0,5.0,1.0,2.0,2.0,6.0,3.0,2.0,2.0,6.0,2.0,6.0,96.0,4.0,1.0,144.0,64.0,1.0,1.0,1.0,1.0,1.0,1.0,1.0,2.0,6.0,1.0,6.0,2.0,1.0,3.0,4.0,3.0,1.0,5.0,5.0,2.0,5.0,1.0,4.0,3.0,4.0,1.0,16.0,1.0,32.0,1.0,1.0,32.0,16.0,1.0,1.0,1.0,1.0,2.0,4.0,2.0,1.0,1.0,3.0,1.0,6.0,3.0,1.0,3.0,4.0,2.0,4.0,6.0,6.0,5.0,5.0,64.0,128.0,1.0,2.0,16.0,1.0,4.0,64.0,1.0,1.0,1.0,1.0,6.0,5.0,3.0,6.0,6.0,2.0,1.0,5.0,1.0,4.0,6.0,5.0,2.0,5.0,1.0,5.0,3.0,3.0,4.0,32.0,1.0,96.0,16.0,1.0,1.0,1.0,1.0,1.0,1.0,1.0,6.0,1.0,3.0,6.0,1.0,2.0,5.0,3.0,3.0,4.0,5.0,1.0,5.0,5.0,6.0,6.0,2.0,2.0,16.0,64.0,1.0,768.0,1536.0,1.0,1.0,1.0,1.0,1.0,1.0,1.0,3.0,2.0,6.0,5.0,1.0,4.0,2.0,1.0,2.0,6.0,3.0,5.0,1.0,6.0,2.0,3.0,1.0,6.0,1024.0,1536.0,1.0,4.0,64.0,1.0,1.0,1.0,1.0,1.0,1.0,1.0,1383052632.0,24581250.28,349623000.0,2.588175714285715,532.0,514.0,271360.0,3.399716289760474e+16,4.4489785714285714,1.4432023607142859,78.57142857142857,18928.85714285714
8192.0,8192000.0,256.0,64.0,2.0,16.0,8.0,26.0,5.0,2.0,6.0,1.0,4.0,3.0,5.0,3.0,1.0,5.0,6.0,4.0,4.0,4.0,4.0,6.0,6.0,4.0,6.0,4.0,6.0,1.0,6.0,6.0,256.0,16.0,1.0,64.0,1152.0,1.0,1.0,1.0,1.0,1.0,1.0,1.0,1.0,3.0,4.0,4.0,1.0,1.0,4.0,3.0,2.0,4.0,1.0,1.0,3.0,5.0,4.0,4.0,1.0,2.0,1.0,2.0,1.0,16.0,2.0,1.0,2.0,4.0,1.0,1.0,1.0,1.0,4.0,4.0,5.0,5.0,2.0,5.0,1.0,1.0,5.0,3.0,6.0,5.0,4.0,3.0,2.0,4.0,2.0,4.0,1.0,64.0,1.0,128.0,4.0,1.0,8.0,64.0,1.0,1.0,1.0,1.0,6.0,4.0,3.0,5.0,6.0,6.0,6.0,6.0,4.0,3.0,6.0,1.0,3.0,3.0,1.0,2.0,2.0,1.0,192.0,8.0,1.0,8.0,64.0,1.0,1.0,1.0,1.0,1.0,1.0,1.0,6.0,2.0,2.0,2.0,6.0,3.0,6.0,6.0,5.0,6.0,2.0,6.0,6.0,4.0,4.0,4.0,3.0,1.0,48.0,64.0,1.0,2.0,6.0,1.0,1.0,1.0,1.0,1.0,1.0,1.0,3.0,6.0,3.0,6.0,6.0,6.0,4.0,3.0,1.0,1.0,3.0,4.0,4.0,3.0,6.0,1.0,2.0,4.0,8.0,192.0,1.0,384.0,3.0,1.0,1.0,1.0,1.0,1.0,1.0,1.0,940919892.0,22758655.179999996,102795000.0,0.9668137857142858,208.0,514.0,22528.0,2.1414071374030836e+16,8.857142857142858,6.191583214285716,78.57142857142857,1842.2857142857142
256.0,128000.0,256.0,64.0,2.0,14.0,36.0,12.0,6.0,3.0,6.0,6.0,1.0,3.0,1.0,3.0,2.0,5.0,6.0,4.0,6.0,5.0,1.0,3.0,5.0,5.0,1.0,1.0,6.0,6.0,5.0,5.0,16.0,48.0,1.0,3.0,192.0,1.0,1.0,1.0,1.0,1.0,1.0,1.0,6.0,3.0,2.0,6.0,4.0,1.0,5.0,5.0,3.0,4.0,3.0,3.0,5.0,6.0,2.0,4.0,5.0,1.0,8.0,32.0,1.0,32.0,8.0,1.0,2.0,2.0,1.0,1.0,1.0,1.0,5.0,1.0,5.0,2.0,2.0,1.0,3.0,3.0,6.0,6.0,6.0,1.0,6.0,3.0,2.0,2.0,5.0,5.0,16.0,8.0,1.0,16.0,64.0,1.0,4.0,4.0,1.0,1.0,1.0,1.0,5.0,2.0,6.0,4.0,5.0,3.0,3.0,5.0,3.0,1.0,3.0,5.0,4.0,1.0,1.0,6.0,1.0,2.0,8.0,256.0,1.0,48.0,768.0,1.0,1.0,1.0,1.0,1.0,1.0,1.0,2.0,6.0,6.0,1.0,6.0,1.0,2.0,2.0,6.0,5.0,2.0,4.0,6.0,5.0,5.0,5.0,4.0,1.0,6.0,24.0,1.0,384.0,4.0,1.0,1.0,1.0,1.0,1.0,1.0,1.0,3.0,4.0,2.0,4.0,2.0,5.0,3.0,5.0,5.0,4.0,4.0,4.0,3.0,5.0,4.0,3.0,3.0,3.0,128.0,128.0,1.0,12.0,1.0,1.0,1.0,1.0,1.0,1.0,1.0,1.0,417854076.0,18106756.94,262088000.0,2.178067857142857,432.0,514.0,792832.0,7565982190520288.0,38.285714285714285,7.12797025,78.57142857142857,42676.57142857143
16000.0,1024000.0,256.0,64.0,1.0,4.0,36.0,10.0,4.0,5.0,5.0,3.0,6.0,5.0,6.0,6.0,6.0,5.0,1.0,1.0,1.0,3.0,2.0,6.0,3.0,5.0,6.0,3.0,2.0,2.0,2.0,4.0,384.0,1.0,1.0,12.0,1152.0,1.0,1.0,1.0,1.0,1.0,1.0,1.0,6.0,3.0,2.0,4.0,5.0,1.0,2.0,1.0,6.0,1.0,6.0,4.0,4.0,2.0,6.0,4.0,2.0,1.0,1.0,2.0,1.0,4.0,128.0,1.0,2.0,8.0,1.0,1.0,1.0,1.0,5.0,5.0,3.0,2.0,4.0,6.0,6.0,6.0,4.0,1.0,6.0,3.0,3.0,4.0,5.0,4.0,3.0,6.0,128.0,1.0,1.0,8.0,2.0,1.0,8.0,8.0,1.0,1.0,1.0,1.0,3.0,1.0,3.0,3.0,3.0,6.0,3.0,2.0,4.0,4.0,4.0,2.0,2.0,4.0,4.0,3.0,6.0,2.0,2.0,6.0,1.0,32.0,3.0,1.0,1.0,1.0,1.0,1.0,1.0,1.0,1.0,3.0,2.0,5.0,1.0,5.0,4.0,4.0,2.0,2.0,6.0,4.0,1.0,3.0,5.0,5.0,2.0,1.0,192.0,256.0,1.0,64.0,768.0,1.0,1.0,1.0,1.0,1.0,1.0,1.0,1.0,4.0,6.0,3.0,2.0,2.0,3.0,6.0,6.0,2.0,3.0,1.0,4.0,3.0,1.0,2.0,3.0,3.0,384.0,2.0,1.0,256.0,128.0,1.0,1.0,1.0,1.0,1.0,1.0,1.0,11173626192.0,89170168.80000001,4640860.0,0.051490285714285704,10.0,514.0,514.0,9.963541336487414e+17,1.0,1.4290775000000002,78.57142857142857,78.57142857142857
64000.0,512000.0,256.0,64.0,1.0,20.0,6.0,28.0,6.0,4.0,2.0,3.0,4.0,5.0,2.0,1.0,5.0,4.0,2.0,5.0,3.0,6.0,5.0,2.0,3.0,1.0,1.0,4.0,3.0,1.0,4.0,1.0,24.0,8.0,1.0,16.0,18.0,1.0,1.0,1.0,1.0,1.0,1.0,1.0,2.0,3.0,2.0,5.0,6.0,5.0,5.0,4.0,6.0,3.0,1.0,5.0,6.0,1.0,5.0,6.0,1.0,5.0,32.0,8.0,1.0,64.0,128.0,1.0,4.0,8.0,1.0,1.0,1.0,1.0,5.0,3.0,6.0,6.0,1.0,5.0,2.0,6.0,3.0,5.0,5.0,1.0,6.0,5.0,5.0,5.0,5.0,4.0,1.0,2.0,1.0,128.0,16.0,1.0,4.0,32.0,1.0,1.0,1.0,1.0,3.0,1.0,1.0,5.0,4.0,3.0,2.0,5.0,2.0,6.0,6.0,2.0,6.0,2.0,6.0,2.0,6.0,5.0,1.0,24.0,1.0,32.0,4.0,1.0,1.0,1.0,1.0,1.0,1.0,1.0,4.0,4.0,5.0,3.0,1.0,1.0,6.0,5.0,2.0,3.0,6.0,3.0,6.0,3.0,5.0,4.0,3.0,6.0,12.0,256.0,1.0,3.0,6.0,1.0,1.0,1.0,1.0,1.0,1.0,1.0,4.0,2.0,4.0,4.0,4.0,3.0,1.0,4.0,2.0,1.0,5.0,2.0,2.0,1.0,5.0,5.0,2.0,1.0,6.0,3.0,1.0,2.0,8.0,1.0,1.0,1.0,1.0,1.0,1.0,1.0,406979568.0,33496376.64,11913400.0,0.13622185714285712,28.0,514.0,7480.0,1.3632340894512492e+16,24.050453571428577,21.1786475,78.57142857142857,1166.2857142857142
2048.0,2048000.0,256.0,64.0,2.0,12.0,42.0,22.0,2.0,2.0,5.0,2.0,6.0,1.0,6.0,4.0,3.0,5.0,1.0,5.0,2.0,4.0,2.0,2.0,4.0,1.0,4.0,4.0,5.0,6.0,4.0,4.0,2.0,32.0,1.0,2.0,288.0,1.0,1.0,1.0,1.0,1.0,1.0,1.0,6.0,4.0,4.0,5.0,1.0,2.0,5.0,1.0,1.0,5.0,1.0,4.0,5.0,1.0,6.0,5.0,2.0,3.0,64.0,4.0,1.0,64.0,128.0,1.0,1.0,32.0,1.0,1.0,1.0,1.0,5.0,5.0,2.0,2.0,5.0,4.0,2.0,4.0,2.0,4.0,5.0,1.0,2.0,4.0,4.0,4.0,4.0,6.0,4.0,16.0,1.0,1.0,1.0,1.0,1.0,2.0,1.0,1.0,1.0,1.0,3.0,3.0,5.0,2.0,4.0,6.0,6.0,6.0,6.0,5.0,4.0,1.0,5.0,2.0,5.0,6.0,2.0,2.0,24.0,32.0,1.0,192.0,2.0,1.0,1.0,1.0,1.0,1.0,1.0,1.0,6.0,6.0,5.0,3.0,3.0,6.0,4.0,6.0,4.0,5.0,6.0,5.0,2.0,1.0,4.0,4.0,6.0,4.0,384.0,768.0,1.0,24.0,64.0,1.0,1.0,1.0,1.0,1.0,1.0,1.0,1.0,2.0,6.0,4.0,2.0,2.0,1.0,6.0,5.0,6.0,6.0,1.0,3.0,5.0,3.0,2.0,2.0,4.0,12.0,32.0,1.0,16.0,48.0,1.0,1.0,1.0,1.0,1.0,1.0,1.0,11217574248.0,33720673.76,791239000.0,4.5541792857142855,924.0,514.0,122880.0,3.782641615953853e+17,1.0,0.4802884035714287,78.57142857142857,5221.714285714285
128000.0,16000000.0,256.0,64.0,3.0,32.0,24.0,42.0,3.0,2.0,3.0,1.0,1.0,3.0,5.0,5.0,3.0,4.0,4.0,2.0,1.0,2.0,2.0,2.0,2.0,3.0,6.0,4.0,2.0,2.0,4.0,3.0,32.0,64.0,1.0,9.0,384.0,1.0,1.0,1.0,1.0,1.0,1.0,1.0,1.0,5.0,2.0,1.0,6.0,5.0,6.0,6.0,1.0,5.0,6.0,5.0,6.0,6.0,4.0,1.0,4.0,1.0,2.0,8.0,1.0,4.0,16.0,1.0,16.0,64.0,1.0,1.0,1.0,1.0,6.0,3.0,3.0,6.0,2.0,4.0,5.0,6.0,3.0,4.0,4.0,5.0,3.0,3.0,3.0,4.0,2.0,1.0,16.0,16.0,1.0,64.0,4.0,1.0,32.0,1.0,1.0,1.0,1.0,1.0,5.0,3.0,3.0,4.0,3.0,4.0,4.0,4.0,5.0,3.0,5.0,2.0,3.0,5.0,6.0,3.0,3.0,4.0,64.0,768.0,1.0,24.0,12.0,1.0,1.0,1.0,1.0,1.0,1.0,1.0,6.0,5.0,2.0,3.0,2.0,1.0,2.0,4.0,4.0,6.0,6.0,5.0,4.0,3.0,1.0,4.0,6.0,5.0,96.0,6.0,1.0,6.0,96.0,1.0,1.0,1.0,1.0,1.0,1.0,1.0,5.0,3.0,2.0,4.0,4.0,2.0,5.0,4.0,4.0,5.0,3.0,1.0,5.0,6.0,2.0,5.0,6.0,6.0,768.0,3.0,1.0,3.0,768.0,1.0,1.0,1.0,1.0,1.0,1.0,1.0,2498460792.0,17767950.6,542628000000.0,601.8878571428571,32256.0,514.0,5701632.0,4.439252792829288e+16,69.46428571428571,1.5546875,78.57142857142857,274505.14285714284
512000.0,512000.0,256.0,64.0,3.0,10.0,8.0,10.0,5.0,2.0,4.0,5.0,6.0,6.0,5.0,6.0,4.0,3.0,6.0,5.0,2.0,6.0,2.0,1.0,1.0,4.0,6.0,1.0,2.0,2.0,4.0,5.0,128.0,1.0,1.0,2.0,96.0,1.0,1.0,1.0,1.0,1.0,1.0,1.0,4.0,5.0,3.0,4.0,2.0,5.0,6.0,6.0,3.0,5.0,4.0,2.0,6.0,4.0,5.0,5.0,4.0,5.0,16.0,64.0,1.0,16.0,4.0,1.0,2.0,2.0,1.0,1.0,1.0,1.0,4.0,2.0,6.0,2.0,6.0,3.0,1.0,6.0,5.0,6.0,3.0,2.0,2.0,1.0,1.0,2.0,3.0,5.0,1.0,64.0,1.0,1.0,64.0,1.0,16.0,8.0,1.0,1.0,1.0,1.0,1.0,4.0,2.0,3.0,5.0,3.0,5.0,2.0,2.0,4.0,3.0,6.0,2.0,1.0,6.0,4.0,5.0,2.0,8.0,96.0,1.0,96.0,8.0,1.0,1.0,1.0,1.0,1.0,1.0,1.0,2.0,4.0,6.0,5.0,1.0,6.0,1.0,1.0,3.0,3.0,3.0,1.0,2.0,1.0,6.0,6.0,5.0,5.0,768.0,768.0,1.0,384.0,64.0,1.0,1.0,1.0,1.0,1.0,1.0,1.0,6.0,2.0,3.0,2.0,6.0,1.0,6.0,6.0,4.0,2.0,6.0,4.0,4.0,4.0,5.0,3.0,3.0,3.0,2.0,96.0,1.0,768.0,256.0,1.0,1.0,1.0,1.0,1.0,1.0,1.0,5207799744.0,18223880.82,634683000.0,4.079270357142857,800.0,514.0,884736.0,9.490632186908251e+16,4.606215357142857,0.22677946071428573,78.57142857142857,56384.0
8192.0,8192000.0,256.0,64.0,2.0,24.0,30.0,8.0,2.0,5.0,3.0,1.0,1.0,2.0,5.0,1.0,1.0,4.0,2.0,1.0,5.0,5.0,5.0,2.0,4.0,2.0,1.0,5.0,2.0,3.0,4.0,4.0,3.0,384.0,1.0,1.0,384.0,1.0,1.0,1.0,1.0,1.0,1.0,1.0,6.0,6.0,6.0,3.0,3.0,6.0,6.0,6.0,4.0,1.0,4.0,3.0,4.0,2.0,6.0,5.0,1.0,5.0,8.0,16.0,1.0,4.0,4.0,1.0,4.0,16.0,1.0,1.0,1.0,1.0,6.0,1.0,4.0,1.0,3.0,1.0,4.0,3.0,4.0,5.0,6.0,6.0,2.0,4.0,6.0,3.0,5.0,1.0,16.0,32.0,1.0,4.0,64.0,1.0,8.0,1.0,1.0,1.0,1.0,1.0,5.0,6.0,4.0,3.0,3.0,1.0,1.0,3.0,5.0,2.0,5.0,3.0,5.0,2.0,3.0,2.0,5.0,1.0,64.0,12.0,1.0,1.0,12.0,1.0,1.0,1.0,1.0,1.0,1.0,1.0,1.0,6.0,2.0,5.0,4.0,6.0,4.0,2.0,5.0,4.0,6.0,6.0,4.0,6.0,6.0,4.0,6.0,4.0,384.0,3.0,1.0,8.0,384.0,1.0,1.0,1.0,1.0,1.0,1.0,1.0,3.0,1.0,1.0,5.0,4.0,2.0,2.0,5.0,5.0,2.0,3.0,1.0,6.0,4.0,3.0,4.0,6.0,1.0,2.0,1536.0,1.0,6.0,16.0,1.0,1.0,1.0,1.0,1.0,1.0,1.0,398153112.0,35208513.56,122413000.0,1.1372546428571428,240.0,514.0,63648.0,1.40183792428082e+16,38.37853928571429,5.592763928571429,78.57142857142857,7704.714285714285
256.0,256000.0,256.0,64.0,3.0,46.0,18.0,32.0,6.0,2.0,5.0,2.0,2.0,6.0,5.0,4.0,6.0,2.0,4.0,2.0,6.0,3.0,2.0,6.0,2.0,3.0,2.0,3.0,2.0,5.0,4.0,3.0,32.0,256.0,1.0,1152.0,48.0,1.0,1.0,1.0,1.0,1.0,1.0,1.0,4.0,3.0,4.0,1.0,5.0,2.0,2.0,4.0,6.0,3.0,3.0,6.0,3.0,5.0,5.0,5.0,1.0,1.0,8.0,16.0,1.0,8.0,32.0,1.0,1.0,128.0,1.0,1.0,1.0,1.0,2.0,4.0,3.0,5.0,5.0,1.0,1.0,2.0,3.0,5.0,4.0,1.0,4.0,4.0,1.0,5.0,2.0,1.0,16.0,2.0,1.0,128.0,16.0,1.0,2.0,4.0,1.0,1.0,1.0,1.0,3.0,4.0,1.0,2.0,3.0,6.0,5.0,2.0,1.0,5.0,3.0,5.0,2.0,3.0,1.0,2.0,3.0,1.0,8.0,48.0,1.0,128.0,3.0,1.0,1.0,1.0,1.0,1.0,1.0,1.0,3.0,2.0,3.0,3.0,4.0,5.0,3.0,2.0,2.0,5.0,3.0,3.0,2.0,5.0,3.0,3.0,6.0,2.0,48.0,12.0,1.0,2.0,8.0,1.0,1.0,1.0,1.0,1.0,1.0,1.0,4.0,6.0,4.0,5.0,6.0,6.0,2.0,3.0,1.0,5.0,4.0,2.0,3.0,3.0,3.0,4.0,3.0,1.0,48.0,192.0,1.0,24.0,1.0,1.0,1.0,1.0,1.0,1.0,1.0,1.0,1463925000.0,17738997.519999996,367955000000.0,427.33260714285717,26496.0,514.0,2260992.0,2.596856194446599e+16,10.392857142857142,0.11504835714285713,78.57142857142857,164278.85714285713
2048000.0,1024000.0,256.0,64.0,2.0,10.0,10.0,30.0,4.0,6.0,5.0,6.0,4.0,1.0,4.0,1.0,2.0,6.0,6.0,5.0,1.0,6.0,2.0,6.0,5.0,6.0,1.0,1.0,6.0,4.0,1.0,4.0,4.0,2.0,1.0,24.0,72.0,1.0,1.0,1.0,1.0,1.0,1.0,1.0,5.0,2.0,1.0,3.0,5.0,5.0,4.0,1.0,1.0,2.0,4.0,6.0,3.0,1.0,4.0,4.0,2.0,3.0,64.0,64.0,1.0,4.0,32.0,1.0,32.0,1.0,1.0,1.0,1.0,1.0,1.0,2.0,2.0,1.0,4.0,5.0,4.0,5.0,2.0,4.0,2.0,5.0,2.0,2.0,3.0,5.0,1.0,2.0,8.0,128.0,1.0,32.0,4.0,1.0,2.0,64.0,1.0,1.0,1.0,1.0,3.0,5.0,5.0,4.0,1.0,5.0,6.0,2.0,3.0,6.0,5.0,6.0,6.0,6.0,2.0,5.0,3.0,5.0,3.0,16.0,1.0,96.0,24.0,1.0,1.0,1.0,1.0,1.0,1.0,1.0,4.0,4.0,4.0,4.0,6.0,5.0,2.0,3.0,6.0,5.0,5.0,3.0,5.0,3.0,5.0,2.0,2.0,4.0,96.0,768.0,1.0,96.0,192.0,1.0,1.0,1.0,1.0,1.0,1.0,1.0,6.0,6.0,1.0,4.0,1.0,6.0,5.0,6.0,4.0,5.0,5.0,2.0,6.0,2.0,6.0,3.0,4.0,3.0,16.0,8.0,1.0,32.0,192.0,1.0,1.0,1.0,1.0,1.0,1.0,1.0,1340528376.0,27129759.64,162043000.0,1.4864503571428573,300.0,514.0,454656.0,3.6368212631479544e+16,8.057142857142857,0.8964272857142859,78.57142857142857,26579.428571428572
2048.0,16000.0,256.0,64.0,3.0,12.0,22.0,14.0,4.0,4.0,3.0,6.0,4.0,6.0,6.0,6.0,6.0,1.0,2.0,1.0,4.0,1.0,6.0,1.0,2.0,3.0,5.0,5.0,1.0,1.0,5.0,2.0,48.0,768.0,1.0,256.0,16.0,1.0,1.0,1.0,1.0,1.0,1.0,1.0,6.0,2.0,1.0,2.0,5.0,6.0,1.0,2.0,3.0,6.0,3.0,1.0,6.0,2.0,6.0,1.0,1.0,5.0,32.0,8.0,1.0,8.0,32.0,1.0,8.0,2.0,1.0,1.0,1.0,1.0,3.0,6.0,2.0,5.0,5.0,6.0,2.0,3.0,5.0,4.0,6.0,4.0,6.0,6.0,4.0,6.0,4.0,4.0,16.0,2.0,1.0,4.0,16.0,1.0,8.0,16.0,1.0,1.0,1.0,1.0,1.0,2.0,6.0,5.0,1.0,3.0,5.0,2.0,4.0,2.0,4.0,2.0,1.0,6.0,4.0,6.0,2.0,3.0,8.0,1.0,1.0,384.0,192.0,1.0,1.0,1.0,1.0,1.0,1.0,1.0,1.0,3.0,6.0,1.0,2.0,6.0,5.0,2.0,6.0,1.0,3.0,4.0,1.0,1.0,4.0,1.0,5.0,3.0,12.0,96.0,1.0,3072.0,8.0,1.0,1.0,1.0,1.0,1.0,1.0,1.0,4.0,5.0,6.0,5.0,2.0,6.0,2.0,2.0,3.0,5.0,1.0,4.0,5.0,3.0,5.0,5.0,1.0,3.0,64.0,96.0,1.0,6.0,48.0,1.0,1.0,1.0,1.0,1.0,1.0,1.0,1837764108.0,18948364.800000004,8383900000.0,22.894639285714284,3696.0,514.0,1400832.0,3.482262473473061e+16,5.621428571428572,0.17833878571428569,78.57142857142857,80859.42857142857
512000.0,128000.0,256.0,64.0,1.0,24.0,18.0,2.0,6.0,3.0,3.0,5.0,1.0,5.0,4.0,6.0,3.0,4.0,2.0,2.0,2.0,6.0,2.0,5.0,4.0,3.0,5.0,1.0,6.0,3.0,1.0,6.0,128.0,2.0,1.0,768.0,9.0,1.0,1.0,1.0,1.0,1.0,1.0,1.0,5.0,3.0,1.0,2.0,1.0,4.0,4.0,3.0,1.0,4.0,3.0,4.0,3.0,2.0,1.0,3.0,1.0,5.0,2.0,4.0,1.0,2.0,4.0,1.0,64.0,2.0,1.0,1.0,1.0,1.0,2.0,6.0,1.0,4.0,4.0,2.0,1.0,2.0,1.0,5.0,3.0,3.0,5.0,6.0,3.0,6.0,1.0,6.0,8.0,8.0,1.0,128.0,2.0,1.0,8.0,8.0,1.0,1.0,1.0,1.0,6.0,6.0,5.0,5.0,1.0,1.0,3.0,6.0,4.0,4.0,2.0,3.0,5.0,6.0,6.0,5.0,5.0,4.0,256.0,2.0,1.0,1.0,96.0,1.0,1.0,1.0,1.0,1.0,1.0,1.0,6.0,1.0,4.0,6.0,4.0,6.0,4.0,1.0,1.0,3.0,2.0,4.0,4.0,3.0,1.0,3.0,2.0,5.0,96.0,32.0,1.0,48.0,384.0,1.0,1.0,1.0,1.0,1.0,1.0,1.0,2.0,1.0,1.0,1.0,4.0,1.0,6.0,6.0,5.0,1.0,4.0,5.0,2.0,4.0,5.0,6.0,2.0,1.0,24.0,384.0,1.0,1.0,96.0,1.0,1.0,1.0,1.0,1.0,1.0,1.0,5586813312.0,64552345.44,1518290.0,0.0156601,2.0,514.0,772.0,3.6064190282501446e+17,2.0,1.9428353571428572,78.57142857142857,118.85714285714286
32000.0,32000000.0,256.0,64.0,3.0,26.0,22.0,46.0,2.0,3.0,1.0,5.0,1.0,5.0,1.0,1.0,5.0,5.0,3.0,4.0,2.0,3.0,3.0,6.0,6.0,5.0,3.0,5.0,2.0,6.0,3.0,5.0,64.0,96.0,1.0,4.0,18.0,1.0,1.0,1.0,1.0,1.0,1.0,1.0,3.0,4.0,6.0,3.0,5.0,4.0,4.0,5.0,3.0,4.0,5.0,6.0,1.0,5.0,2.0,2.0,4.0,6.0,2.0,16.0,1.0,4.0,16.0,1.0,32.0,128.0,1.0,1.0,1.0,1.0,4.0,2.0,4.0,4.0,6.0,1.0,1.0,4.0,1.0,3.0,6.0,5.0,3.0,5.0,6.0,4.0,4.0,6.0,2.0,128.0,1.0,128.0,2.0,1.0,16.0,64.0,1.0,1.0,1.0,1.0,6.0,3.0,1.0,1.0,6.0,4.0,3.0,5.0,6.0,5.0,5.0,6.0,5.0,3.0,3.0,6.0,4.0,1.0,3.0,768.0,1.0,6.0,128.0,1.0,1.0,1.0,1.0,1.0,1.0,1.0,2.0,4.0,4.0,3.0,2.0,5.0,1.0,6.0,2.0,4.0,3.0,3.0,2.0,3.0,4.0,3.0,2.0,3.0,256.0,384.0,1.0,384.0,48.0,1.0,1.0,1.0,1.0,1.0,1.0,1.0,5.0,6.0,5.0,4.0,5.0,2.0,1.0,2.0,6.0,3.0,5.0,5.0,5.0,3.0,2.0,6.0,3.0,5.0,512.0,6.0,1.0,1.0,6.0,1.0,1.0,1.0,1.0,1.0,1.0,1.0,4807562580.0,20293621.04,362932000000.0,421.9246428571428,26312.0,514.0,491520.0,9.756285312460467e+16,3.8214285714285716,0.09126208571428572,78.57142857142857,70706.28571428571
8192.0,256000.0,256.0,64.0,2.0,48.0,32.0,22.0,2.0,1.0,4.0,5.0,1.0,6.0,5.0,3.0,6.0,3.0,4.0,6.0,6.0,3.0,3.0,6.0,5.0,3.0,2.0,5.0,5.0,6.0,6.0,3.0,64.0,256.0,1.0,12.0,2.0,1.0,1.0,1.0,1.0,1.0,1.0,1.0,5.0,3.0,2.0,3.0,6.0,6.0,3.0,3.0,4.0,3.0,6.0,1.0,1.0,6.0,4.0,6.0,1.0,2.0,16.0,16.0,1.0,2.0,4.0,1.0,1.0,8.0,1.0,1.0,1.0,1.0,4.0,3.0,3.0,6.0,1.0,2.0,2.0,6.0,5.0,2.0,4.0,3.0,6.0,5.0,4.0,4.0,5.0,6.0,8.0,32.0,1.0,2.0,4.0,1.0,1.0,1.0,1.0,1.0,1.0,1.0,3.0,1.0,2.0,5.0,2.0,1.0,3.0,5.0,4.0,6.0,2.0,2.0,2.0,2.0,3.0,2.0,6.0,4.0,192.0,2.0,1.0,128.0,24.0,1.0,1.0,1.0,1.0,1.0,1.0,1.0,1.0,4.0,1.0,1.0,1.0,6.0,6.0,2.0,1.0,5.0,4.0,6.0,1.0,6.0,2.0,2.0,2.0,3.0,256.0,6.0,1.0,4.0,512.0,1.0,1.0,1.0,1.0,1.0,1.0,1.0,1.0,1.0,4.0,4.0,3.0,3.0,1.0,3.0,3.0,1.0,1.0,6.0,1.0,6.0,6.0,3.0,6.0,4.0,1024.0,768.0,1.0,16.0,6.0,1.0,1.0,1.0,1.0,1.0,1.0,1.0,11189286348.0,26482318.119999997,524110000.0,3.418715714285714,704.0,514.0,207360.0,2.96318240603509e+17,1.0,1.0261628214285714,78.57142857142857,8417.714285714286
1024000.0,4096000.0,256.0,64.0,3.0,10.0,6.0,26.0,6.0,3.0,4.0,2.0,1.0,1.0,6.0,1.0,2.0,5.0,6.0,4.0,6.0,3.0,3.0,1.0,4.0,1.0,3.0,5.0,1.0,1.0,2.0,6.0,1.0,32.0,1.0,16.0,9.0,1.0,1.0,1.0,1.0,1.0,1.0,1.0,1.0,4.0,1.0,5.0,3.0,2.0,3.0,5.0,5.0,4.0,1.0,3.0,5.0,6.0,3.0,2.0,5.0,6.0,64.0,64.0,1.0,16.0,16.0,1.0,128.0,8.0,1.0,1.0,1.0,1.0,4.0,5.0,2.0,4.0,6.0,5.0,4.0,3.0,3.0,1.0,1.0,5.0,1.0,4.0,6.0,6.0,5.0,1.0,4.0,128.0,1.0,128.0,8.0,1.0,2.0,16.0,1.0,1.0,1.0,1.0,1.0,5.0,2.0,6.0,6.0,6.0,2.0,4.0,2.0,4.0,5.0,3.0,5.0,5.0,5.0,5.0,6.0,6.0,128.0,32.0,1.0,96.0,64.0,1.0,1.0,1.0,1.0,1.0,1.0,1.0,5.0,2.0,4.0,5.0,6.0,3.0,3.0,2.0,1.0,3.0,5.0,3.0,4.0,5.0,6.0,3.0,4.0,1.0,192.0,16.0,1.0,384.0,48.0,1.0,1.0,1.0,1.0,1.0,1.0,1.0,1.0,5.0,6.0,3.0,3.0,2.0,2.0,5.0,6.0,3.0,6.0,1.0,1.0,1.0,2.0,6.0,6.0,5.0,1.0,192.0,1.0,64.0,1.0,1.0,1.0,1.0,1.0,1.0,1.0,1.0,552116592.0,17870029.080000002,1841030000.0,8.442105714285713,1560.0,514.0,884736.0,9866339554590496.0,60.89284285714285,0.9306382392857144,78.57142857142857,102326.85714285714
4096.0,256000.0,256.0,64.0,1.0,26.0,20.0,12.0,1.0,5.0,6.0,2.0,4.0,6.0,3.0,6.0,2.0,2.0,5.0,5.0,2.0,4.0,2.0,5.0,1.0,1.0,6.0,4.0,3.0,6.0,4.0,6.0,192.0,32.0,1.0,3.0,128.0,1.0,1.0,1.0,1.0,1.0,1.0,1.0,1.0,4.0,4.0,5.0,6.0,6.0,4.0,2.0,4.0,4.0,2.0,6.0,6.0,4.0,1.0,2.0,5.0,2.0,16.0,32.0,1.0,64.0,4.0,1.0,2.0,1.0,1.0,1.0,1.0,1.0,5.0,1.0,2.0,4.0,3.0,1.0,4.0,3.0,3.0,5.0,3.0,2.0,3.0,1.0,6.0,2.0,5.0,6.0,128.0,2.0,1.0,4.0,32.0,1.0,1.0,1.0,1.0,1.0,1.0,1.0,3.0,6.0,6.0,6.0,3.0,4.0,4.0,2.0,1.0,5.0,4.0,5.0,5.0,1.0,3.0,4.0,4.0,2.0,64.0,16.0,1.0,24.0,6.0,1.0,1.0,1.0,1.0,1.0,1.0,1.0,2.0,3.0,1.0,3.0,5.0,4.0,1.0,3.0,4.0,4.0,1.0,2.0,2.0,5.0,1.0,2.0,2.0,3.0,1.0,16.0,1.0,1024.0,1536.0,1.0,1.0,1.0,1.0,1.0,1.0,1.0,4.0,3.0,2.0,2.0,1.0,6.0,6.0,4.0,4.0,6.0,2.0,4.0,2.0,2.0,1.0,2.0,4.0,4.0,768.0,24.0,1.0,768.0,192.0,1.0,1.0,1.0,1.0,1.0,1.0,1.0,10898768208.0,83555587.19999999,5432530.0,0.06061264285714286,12.0,514.0,514.0,9.106529773761316e+17,9.701328571428572,9.70520785714286,78.57142857142857,116.28571428571429
4096.0,4096000.0,256.0,64.0,3.0,48.0,24.0,12.0,4.0,2.0,1.0,1.0,5.0,4.0,5.0,4.0,1.0,3.0,1.0,3.0,3.0,5.0,4.0,5.0,2.0,6.0,5.0,6.0,2.0,5.0,4.0,4.0,96.0,48.0,1.0,384.0,192.0,1.0,1.0,1.0,1.0,1.0,1.0,1.0,2.0,1.0,1.0,5.0,2.0,2.0,2.0,6.0,3.0,5.0,5.0,1.0,2.0,5.0,6.0,3.0,4.0,4.0,32.0,64.0,1.0,32.0,64.0,1.0,8.0,64.0,1.0,1.0,1.0,1.0,4.0,1.0,2.0,1.0,4.0,1.0,6.0,6.0,6.0,6.0,3.0,4.0,1.0,3.0,3.0,2.0,3.0,5.0,64.0,64.0,1.0,2.0,8.0,1.0,2.0,32.0,1.0,1.0,1.0,1.0,6.0,4.0,4.0,6.0,1.0,2.0,5.0,1.0,1.0,3.0,2.0,2.0,1.0,3.0,4.0,1.0,5.0,3.0,64.0,128.0,1.0,768.0,32.0,1.0,1.0,1.0,1.0,1.0,1.0,1.0,2.0,5.0,3.0,5.0,4.0,2.0,2.0,1.0,3.0,5.0,6.0,2.0,4.0,1.0,5.0,6.0,3.0,4.0,16.0,24.0,1.0,1.0,12.0,1.0,1.0,1.0,1.0,1.0,1.0,1.0,5.0,6.0,6.0,4.0,1.0,1.0,1.0,6.0,6.0,5.0,5.0,6.0,3.0,6.0,2.0,2.0,3.0,5.0,8.0,6.0,1.0,3.0,2.0,1.0,1.0,1.0,1.0,1.0,1.0,1.0,7183680708.0,27380518.16,102705000000.0,146.0364642857143,13824.0,514.0,425984.0,1.9669290008103565e+17,1.5714285714285714,0.020955392857142856,78.57142857142857,35633.71428571428
128.0,2048000.0,256.0,64.0,3.0,30.0,36.0,18.0,1.0,6.0,3.0,3.0,4.0,2.0,2.0,4.0,1.0,1.0,2.0,2.0,4.0,3.0,4.0,3.0,4.0,3.0,6.0,1.0,3.0,1.0,2.0,2.0,1.0,32.0,1.0,3.0,192.0,1.0,1.0,1.0,1.0,1.0,1.0,1.0,5.0,4.0,6.0,3.0,1.0,1.0,3.0,3.0,2.0,4.0,4.0,3.0,1.0,4.0,4.0,4.0,6.0,2.0,4.0,64.0,1.0,1.0,64.0,1.0,4.0,1.0,1.0,1.0,1.0,1.0,4.0,2.0,2.0,1.0,1.0,5.0,4.0,2.0,3.0,3.0,2.0,5.0,2.0,1.0,1.0,5.0,4.0,1.0,64.0,1.0,1.0,32.0,2.0,1.0,32.0,8.0,1.0,1.0,1.0,1.0,1.0,4.0,1.0,2.0,6.0,2.0,2.0,5.0,3.0,3.0,2.0,5.0,5.0,3.0,5.0,4.0,5.0,4.0,1.0,16.0,1.0,96.0,6.0,1.0,1.0,1.0,1.0,1.0,1.0,1.0,6.0,6.0,4.0,3.0,2.0,2.0,4.0,2.0,2.0,6.0,4.0,2.0,3.0,6.0,4.0,4.0,2.0,4.0,8.0,6.0,1.0,8.0,1536.0,1.0,1.0,1.0,1.0,1.0,1.0,1.0,3.0,5.0,3.0,3.0,5.0,1.0,1.0,5.0,3.0,1.0,4.0,6.0,4.0,4.0,1.0,5.0,5.0,6.0,32.0,768.0,1.0,6.0,3.0,1.0,1.0,1.0,1.0,1.0,1.0,1.0,2395918464.0,19235160.619999997,200065000000.0,253.31560714285712,19440.0,514.0,696320.0,4.608587648746368e+16,16.271428571428572,0.03653275000000001,78.57142857142857,85321.14285714286
256000.0,8192000.0,256.0,64.0,3.0,6.0,32.0,6.0,2.0,4.0,4.0,5.0,2.0,3.0,5.0,4.0,6.0,3.0,2.0,5.0,3.0,2.0,2.0,3.0,5.0,1.0,5.0,2.0,2.0,5.0,2.0,6.0,4.0,128.0,1.0,6.0,384.0,1.0,1.0,1.0,1.0,1.0,1.0,1.0,6.0,2.0,3.0,4.0,3.0,6.0,4.0,6.0,3.0,4.0,4.0,6.0,1.0,6.0,5.0,2.0,4.0,3.0,4.0,32.0,1.0,1.0,4.0,1.0,1.0,1.0,1.0,1.0,1.0,1.0,1.0,6.0,5.0,2.0,5.0,4.0,6.0,4.0,3.0,1.0,1.0,2.0,3.0,2.0,3.0,6.0,5.0,5.0,16.0,2.0,1.0,1.0,8.0,1.0,1.0,16.0,1.0,1.0,1.0,1.0,5.0,4.0,6.0,3.0,6.0,6.0,2.0,2.0,2.0,4.0,6.0,3.0,6.0,5.0,2.0,1.0,2.0,2.0,64.0,64.0,1.0,48.0,128.0,1.0,1.0,1.0,1.0,1.0,1.0,1.0,4.0,6.0,1.0,4.0,2.0,5.0,2.0,1.0,3.0,6.0,4.0,5.0,5.0,4.0,3.0,4.0,1.0,6.0,768.0,1.0,1.0,2.0,1.0,1.0,1.0,1.0,1.0,1.0,1.0,1.0,2.0,4.0,3.0,2.0,3.0,5.0,4.0,3.0,3.0,2.0,3.0,3.0,3.0,6.0,5.0,5.0,4.0,6.0,192.0,512.0,1.0,3.0,1.0,1.0,1.0,1.0,1.0,1.0,1.0,1.0,3537475344.0,23384461.639999997,1120160000.0,5.848721785714286,1152.0,514.0,229376.0,8.27219564842138e+16,6.571428571428571,1.7468718142857145,78.57142857142857,23080.0
256.0,8192000.0,256.0,64.0,2.0,46.0,20.0,22.0,2.0,6.0,5.0,1.0,3.0,6.0,4.0,6.0,5.0,6.0,3.0,3.0,6.0,5.0,4.0,1.0,1.0,4.0,4.0,3.0,5.0,2.0,2.0,3.0,64.0,32.0,1.0,144.0,12.0,1.0,1.0,1.0,1.0,1.0,1.0,1.0,4.0,1.0,2.0,2.0,3.0,6.0,4.0,6.0,5.0,5.0,5.0,1.0,2.0,1.0,6.0,3.0,6.0,5.0,32.0,4.0,1.0,8.0,16.0,1.0,4.0,1.0,1.0,1.0,1.0,1.0,3.0,2.0,5.0,4.0,4.0,2.0,5.0,2.0,1.0,1.0,5.0,5.0,5.0,3.0,3.0,2.0,5.0,4.0,8.0,32.0,1.0,8.0,128.0,1.0,32.0,64.0,1.0,1.0,1.0,1.0,1.0,2.0,6.0,1.0,1.0,1.0,3.0,6.0,1.0,3.0,3.0,3.0,1.0,6.0,2.0,3.0,4.0,3.0,2.0,6.0,1.0,2.0,768.0,1.0,1.0,1.0,1.0,1.0,1.0,1.0,3.0,1.0,1.0,1.0,1.0,1.0,2.0,3.0,6.0,5.0,4.0,3.0,3.0,4.0,5.0,3.0,3.0,1.0,384.0,6.0,1.0,256.0,16.0,1.0,1.0,1.0,1.0,1.0,1.0,1.0,2.0,6.0,5.0,6.0,2.0,5.0,4.0,4.0,3.0,1.0,5.0,3.0,4.0,6.0,3.0,5.0,5.0,5.0,32.0,64.0,1.0,192.0,3.0,1.0,1.0,1.0,1.0,1.0,1.0,1.0,580813860.0,24096595.759999998,268647000.0,2.112843571428571,440.0,514.0,87296.0,1.3995636796225232e+16,16.474725,7.65775407142857,78.57142857142857,12454.857142857143
512000.0,16000.0,256.0,64.0,2.0,36.0,2.0,8.0,4.0,4.0,3.0,6.0,3.0,4.0,5.0,1.0,5.0,5.0,5.0,3.0,6.0,1.0,6.0,6.0,5.0,6.0,3.0,5.0,4.0,5.0,1.0,1.0,768.0,192.0,1.0,128.0,144.0,1.0,1.0,1.0,1.0,1.0,1.0,1.0,6.0,3.0,3.0,2.0,3.0,5.0,1.0,6.0,1.0,5.0,4.0,2.0,5.0,2.0,6.0,4.0,6.0,5.0,32.0,16.0,1.0,32.0,2.0,1.0,2.0,8.0,1.0,1.0,1.0,1.0,5.0,4.0,3.0,5.0,2.0,5.0,5.0,3.0,5.0,2.0,6.0,6.0,4.0,3.0,5.0,5.0,1.0,6.0,4.0,64.0,1.0,8.0,4.0,1.0,32.0,16.0,1.0,1.0,1.0,1.0,4.0,2.0,3.0,6.0,5.0,5.0,4.0,4.0,1.0,5.0,6.0,5.0,3.0,6.0,4.0,3.0,4.0,3.0,3.0,8.0,1.0,48.0,3.0,1.0,1.0,1.0,1.0,1.0,1.0,1.0,5.0,6.0,5.0,4.0,1.0,3.0,4.0,5.0,4.0,5.0,4.0,5.0,2.0,2.0,4.0,2.0,1.0,4.0,192.0,128.0,1.0,1536.0,3.0,1.0,1.0,1.0,1.0,1.0,1.0,1.0,1.0,4.0,4.0,2.0,3.0,1.0,3.0,6.0,6.0,3.0,1.0,2.0,6.0,4.0,1.0,4.0,1.0,3.0,384.0,1024.0,1.0,6.0,256.0,1.0,1.0,1.0,1.0,1.0,1.0,1.0,1609283484.0,26906102.42,7041680.0,0.11226060714285716,16.0,514.0,131072.0,4.329954624331843e+16,6.107142857142857,2.1270334142857146,78.57142857142857,9873.785714285714
64000.0,512000.0,256.0,64.0,3.0,30.0,20.0,8.0,4.0,2.0,3.0,1.0,2.0,4.0,5.0,5.0,2.0,6.0,5.0,2.0,5.0,6.0,6.0,3.0,4.0,5.0,2.0,1.0,6.0,1.0,1.0,5.0,2.0,4.0,1.0,12.0,192.0,1.0,1.0,1.0,1.0,1.0,1.0,1.0,4.0,1.0,1.0,2.0,6.0,5.0,3.0,4.0,2.0,3.0,2.0,2.0,1.0,6.0,1.0,4.0,2.0,5.0,16.0,64.0,1.0,8.0,2.0,1.0,128.0,32.0,1.0,1.0,1.0,1.0,3.0,3.0,6.0,3.0,2.0,1.0,5.0,2.0,2.0,4.0,3.0,3.0,5.0,5.0,4.0,5.0,5.0,3.0,2.0,1.0,1.0,32.0,128.0,1.0,2.0,4.0,1.0,1.0,1.0,1.0,5.0,5.0,3.0,1.0,4.0,5.0,1.0,6.0,4.0,2.0,6.0,4.0,5.0,2.0,3.0,2.0,4.0,2.0,96.0,8.0,1.0,1.0,192.0,1.0,1.0,1.0,1.0,1.0,1.0,1.0,6.0,2.0,6.0,6.0,4.0,4.0,5.0,2.0,4.0,2.0,2.0,1.0,6.0,2.0,4.0,2.0,5.0,6.0,192.0,768.0,1.0,1.0,64.0,1.0,1.0,1.0,1.0,1.0,1.0,1.0,6.0,5.0,1.0,4.0,1.0,5.0,3.0,5.0,3.0,3.0,4.0,4.0,5.0,5.0,6.0,6.0,5.0,2.0,24.0,32.0,1.0,32.0,6.0,1.0,1.0,1.0,1.0,1.0,1.0,1.0,4010309448.0,17953156.46,13588300000.0,31.90398214285714,4800.0,514.0,540672.0,7.199771297296024e+16,23.872464285714287,2.7111515357142855,78.57142857142857,61755.42857142857
4096.0,8192000.0,256.0,64.0,3.0,18.0,26.0,20.0,6.0,2.0,2.0,4.0,6.0,2.0,1.0,6.0,1.0,5.0,6.0,5.0,1.0,4.0,5.0,2.0,6.0,3.0,2.0,4.0,5.0,3.0,5.0,3.0,4.0,128.0,1.0,9.0,64.0,1.0,1.0,1.0,1.0,1.0,1.0,1.0,1.0,4.0,1.0,4.0,1.0,1.0,2.0,2.0,2.0,6.0,3.0,2.0,6.0,3.0,3.0,3.0,6.0,6.0,8.0,64.0,1.0,32.0,2.0,1.0,16.0,8.0,1.0,1.0,1.0,1.0,2.0,2.0,2.0,5.0,4.0,3.0,1.0,2.0,4.0,2.0,1.0,2.0,2.0,5.0,6.0,4.0,3.0,1.0,2.0,64.0,1.0,2.0,128.0,1.0,8.0,2.0,1.0,1.0,1.0,1.0,2.0,2.0,4.0,3.0,2.0,4.0,1.0,3.0,4.0,4.0,4.0,4.0,6.0,5.0,2.0,2.0,1.0,3.0,64.0,3.0,1.0,12.0,3.0,1.0,1.0,1.0,1.0,1.0,1.0,1.0,1.0,6.0,3.0,5.0,6.0,5.0,6.0,5.0,5.0,3.0,5.0,3.0,3.0,4.0,3.0,2.0,5.0,4.0,192.0,1.0,1.0,24.0,3.0,1.0,1.0,1.0,1.0,1.0,1.0,1.0,5.0,6.0,3.0,4.0,5.0,2.0,6.0,4.0,3.0,6.0,3.0,3.0,2.0,5.0,1.0,2.0,1.0,3.0,2.0,192.0,1.0,12.0,2.0,1.0,1.0,1.0,1.0,1.0,1.0,1.0,1901094240.0,17706832.14,48247300000.0,80.75769285714284,9360.0,514.0,863232.0,3.3662356590000876e+16,2.642857142857143,0.009362599999999999,78.57142857142857,77165.71428571429
32000.0,4096000.0,256.0,64.0,1.0,34.0,18.0,38.0,6.0,5.0,3.0,1.0,2.0,6.0,4.0,5.0,1.0,1.0,4.0,5.0,4.0,5.0,3.0,4.0,1.0,5.0,6.0,2.0,5.0,4.0,5.0,4.0,32.0,256.0,1.0,6.0,1152.0,1.0,1.0,1.0,1.0,1.0,1.0,1.0,5.0,5.0,3.0,6.0,1.0,6.0,4.0,5.0,3.0,2.0,3.0,4.0,2.0,4.0,2.0,1.0,3.0,2.0,4.0,4.0,1.0,32.0,64.0,1.0,32.0,4.0,1.0,1.0,1.0,1.0,3.0,3.0,1.0,6.0,6.0,4.0,2.0,3.0,3.0,3.0,3.0,4.0,1.0,1.0,4.0,5.0,1.0,1.0,1.0,16.0,1.0,32.0,128.0,1.0,1.0,1.0,1.0,1.0,1.0,1.0,6.0,2.0,3.0,2.0,6.0,5.0,2.0,2.0,6.0,3.0,3.0,4.0,6.0,5.0,4.0,5.0,4.0,3.0,96.0,256.0,1.0,4.0,3.0,1.0,1.0,1.0,1.0,1.0,1.0,1.0,2.0,4.0,4.0,3.0,4.0,4.0,3.0,4.0,4.0,1.0,5.0,3.0,5.0,6.0,3.0,3.0,5.0,2.0,4.0,2.0,1.0,48.0,3.0,1.0,1.0,1.0,1.0,1.0,1.0,1.0,6.0,2.0,4.0,3.0,5.0,4.0,4.0,3.0,1.0,3.0,5.0,4.0,3.0,5.0,2.0,2.0,1.0,5.0,512.0,512.0,1.0,128.0,16.0,1.0,1.0,1.0,1.0,1.0,1.0,1.0,303170784.0,53592346.56,16096200.0,0.1828814285714286,38.0,514.0,10060.0,1.6247633722994904e+16,32.70143214285714,30.223616785714285,78.57142857142857,1569.142857142857
512.0,32000000.0,256.0,64.0,3.0,36.0,4.0,12.0,2.0,4.0,2.0,1.0,5.0,1.0,5.0,4.0,6.0,5.0,1.0,5.0,1.0,4.0,5.0,5.0,5.0,6.0,2.0,1.0,2.0,5.0,3.0,3.0,256.0,96.0,1.0,16.0,128.0,1.0,1.0,1.0,1.0,1.0,1.0,1.0,2.0,6.0,1.0,1.0,1.0,6.0,5.0,2.0,3.0,6.0,6.0,5.0,3.0,2.0,1.0,2.0,6.0,5.0,2.0,8.0,1.0,8.0,4.0,1.0,2.0,4.0,1.0,1.0,1.0,1.0,6.0,1.0,2.0,5.0,3.0,4.0,2.0,6.0,1.0,5.0,3.0,1.0,1.0,3.0,2.0,5.0,3.0,2.0,32.0,8.0,1.0,16.0,128.0,1.0,2.0,1.0,1.0,1.0,1.0,1.0,6.0,3.0,2.0,5.0,1.0,4.0,1.0,2.0,5.0,6.0,3.0,4.0,5.0,4.0,1.0,6.0,1.0,5.0,12.0,256.0,1.0,2.0,32.0,1.0,1.0,1.0,1.0,1.0,1.0,1.0,2.0,6.0,5.0,2.0,5.0,4.0,1.0,2.0,1.0,5.0,5.0,6.0,1.0,5.0,4.0,2.0,3.0,5.0,768.0,1.0,1.0,128.0,32.0,1.0,1.0,1.0,1.0,1.0,1.0,1.0,6.0,4.0,5.0,3.0,6.0,3.0,6.0,1.0,3.0,6.0,4.0,3.0,1.0,2.0,3.0,2.0,5.0,3.0,768.0,32.0,1.0,2.0,8.0,1.0,1.0,1.0,1.0,1.0,1.0,1.0,1118594832.0,17972914.2,2187090000.0,9.209974999999998,1728.0,514.0,425984.0,2.0104408940099412e+16,20.436510714285713,0.8212163214285714,78.57142857142857,35712.0
256.0,256000.0,256.0,64.0,1.0,18.0,34.0,22.0,4.0,6.0,4.0,2.0,5.0,6.0,5.0,2.0,6.0,6.0,4.0,4.0,4.0,2.0,2.0,5.0,6.0,5.0,5.0,2.0,1.0,2.0,2.0,1.0,384.0,32.0,1.0,12.0,144.0,1.0,1.0,1.0,1.0,1.0,1.0,1.0,5.0,2.0,4.0,1.0,5.0,5.0,1.0,2.0,3.0,3.0,4.0,6.0,6.0,5.0,4.0,2.0,5.0,2.0,32.0,64.0,1.0,8.0,64.0,1.0,4.0,1.0,1.0,1.0,1.0,1.0,2.0,1.0,6.0,5.0,4.0,3.0,6.0,2.0,1.0,6.0,1.0,3.0,2.0,5.0,3.0,1.0,4.0,6.0,4.0,8.0,1.0,32.0,128.0,1.0,32.0,4.0,1.0,1.0,1.0,1.0,5.0,2.0,5.0,6.0,4.0,2.0,1.0,2.0,5.0,5.0,4.0,4.0,4.0,6.0,5.0,3.0,1.0,5.0,4.0,4.0,1.0,128.0,8.0,1.0,1.0,1.0,1.0,1.0,1.0,1.0,5.0,5.0,4.0,2.0,1.0,3.0,1.0,3.0,5.0,4.0,1.0,5.0,3.0,4.0,2.0,3.0,1.0,6.0,256.0,4.0,1.0,32.0,32.0,1.0,1.0,1.0,1.0,1.0,1.0,1.0,2.0,5.0,4.0,2.0,2.0,6.0,3.0,5.0,6.0,4.0,6.0,2.0,4.0,3.0,5.0,3.0,5.0,3.0,32.0,3072.0,1.0,8.0,128.0,1.0,1.0,1.0,1.0,1.0,1.0,1.0,509608272.0,67677084.96,9452600.0,0.10836268571428574,22.0,514.0,5932.0,3.4488802320462784e+16,21.42038571428572,21.846171428571427,78.57142857142857,924.5714285714286
2048000.0,512000.0,256.0,64.0,2.0,40.0,44.0,16.0,2.0,6.0,1.0,3.0,3.0,6.0,5.0,5.0,1.0,5.0,5.0,3.0,1.0,5.0,2.0,5.0,4.0,3.0,3.0,1.0,6.0,1.0,2.0,6.0,96.0,32.0,1.0,18.0,288.0,1.0,1.0,1.0,1.0,1.0,1.0,1.0,3.0,3.0,1.0,6.0,1.0,6.0,6.0,5.0,2.0,6.0,3.0,2.0,6.0,5.0,5.0,2.0,6.0,2.0,64.0,4.0,1.0,1.0,1.0,1.0,2.0,128.0,1.0,1.0,1.0,1.0,2.0,1.0,4.0,6.0,3.0,4.0,5.0,1.0,1.0,1.0,4.0,6.0,3.0,6.0,6.0,1.0,4.0,2.0,32.0,1.0,1.0,8.0,64.0,1.0,16.0,8.0,1.0,1.0,1.0,1.0,5.0,2.0,2.0,5.0,1.0,4.0,5.0,2.0,5.0,5.0,6.0,3.0,3.0,6.0,5.0,2.0,3.0,4.0,1.0,96.0,1.0,64.0,3.0,1.0,1.0,1.0,1.0,1.0,1.0,1.0,4.0,6.0,2.0,4.0,1.0,4.0,5.0,1.0,6.0,1.0,3.0,2.0,1.0,6.0,2.0,3.0,6.0,6.0,384.0,48.0,1.0,384.0,1024.0,1.0,1.0,1.0,1.0,1.0,1.0,1.0,1.0,5.0,1.0,4.0,3.0,6.0,6.0,2.0,3.0,3.0,1.0,6.0,5.0,1.0,3.0,6.0,2.0,3.0,512.0,256.0,1.0,32.0,6.0,1.0,1.0,1.0,1.0,1.0,1.0,1.0,636490476.0,23046123.48,524192000.0,3.5858825000000007,704.0,514.0,995328.0,1.4668638103739976e+16,30.000017857142854,12.0383645,78.57142857142857,56871.142857142855
64000.0,512000.0,256.0,64.0,3.0,8.0,16.0,48.0,5.0,6.0,3.0,2.0,2.0,3.0,5.0,5.0,3.0,6.0,5.0,3.0,3.0,6.0,5.0,3.0,5.0,1.0,2.0,4.0,4.0,3.0,4.0,6.0,128.0,3.0,1.0,96.0,72.0,1.0,1.0,1.0,1.0,1.0,1.0,1.0,2.0,1.0,3.0,2.0,1.0,4.0,5.0,3.0,1.0,4.0,5.0,2.0,2.0,6.0,5.0,3.0,6.0,5.0,8.0,4.0,1.0,64.0,64.0,1.0,128.0,64.0,1.0,1.0,1.0,1.0,6.0,5.0,4.0,2.0,1.0,6.0,1.0,4.0,6.0,5.0,6.0,2.0,2.0,2.0,5.0,1.0,5.0,2.0,8.0,16.0,1.0,2.0,8.0,1.0,64.0,32.0,1.0,1.0,1.0,1.0,6.0,3.0,3.0,5.0,2.0,3.0,5.0,2.0,2.0,5.0,6.0,3.0,6.0,3.0,3.0,3.0,4.0,1.0,2.0,64.0,1.0,1.0,128.0,1.0,1.0,1.0,1.0,1.0,1.0,1.0,2.0,1.0,6.0,4.0,5.0,6.0,1.0,1.0,6.0,1.0,6.0,5.0,1.0,2.0,2.0,3.0,6.0,1.0,16.0,768.0,1.0,256.0,6.0,1.0,1.0,1.0,1.0,1.0,1.0,1.0,5.0,4.0,6.0,1.0,6.0,3.0,4.0,3.0,3.0,5.0,4.0,1.0,3.0,2.0,5.0,3.0,1.0,1.0,128.0,3.0,1.0,2.0,32.0,1.0,1.0,1.0,1.0,1.0,1.0,1.0,104640312.0,18044796.6,21601300000.0,44.81237857142857,6144.0,514.0,3866624.0,1888213146200539.2,289.14285714285717,16.03571439285714,78.57142857142857,183149.7142857143
256000.0,128000.0,256.0,64.0,2.0,20.0,42.0,38.0,1.0,6.0,3.0,6.0,1.0,5.0,6.0,5.0,4.0,5.0,3.0,5.0,1.0,6.0,2.0,6.0,3.0,6.0,6.0,5.0,5.0,4.0,3.0,5.0,32.0,48.0,1.0,64.0,4.0,1.0,1.0,1.0,1.0,1.0,1.0,1.0,3.0,6.0,5.0,4.0,6.0,5.0,5.0,3.0,1.0,1.0,6.0,5.0,3.0,4.0,3.0,5.0,1.0,2.0,64.0,4.0,1.0,8.0,2.0,1.0,1.0,1.0,1.0,1.0,1.0,1.0,4.0,1.0,2.0,5.0,5.0,3.0,4.0,5.0,5.0,5.0,1.0,4.0,2.0,3.0,1.0,3.0,5.0,6.0,4.0,64.0,1.0,16.0,1.0,1.0,2.0,2.0,1.0,1.0,1.0,1.0,5.0,1.0,6.0,3.0,6.0,3.0,3.0,4.0,6.0,5.0,1.0,5.0,1.0,1.0,4.0,1.0,5.0,6.0,32.0,64.0,1.0,8.0,16.0,1.0,1.0,1.0,1.0,1.0,1.0,1.0,1.0,3.0,1.0,6.0,3.0,4.0,6.0,5.0,6.0,3.0,3.0,4.0,1.0,3.0,1.0,1.0,2.0,5.0,96.0,8.0,1.0,96.0,768.0,1.0,1.0,1.0,1.0,1.0,1.0,1.0,5.0,2.0,3.0,3.0,3.0,1.0,5.0,3.0,1.0,2.0,5.0,6.0,2.0,6.0,2.0,3.0,6.0,6.0,12.0,192.0,1.0,96.0,12.0,1.0,1.0,1.0,1.0,1.0,1.0,1.0,331496412.0,22095157.5,1912770000.0,8.442650714285715,1596.0,514.0,813056.0,7324465433824890.0,32.32653214285715,9.805700785714286,78.57142857142857,41118.857142857145
128.0,1024000.0,256.0,64.0,2.0,46.0,12.0,32.0,3.0,4.0,5.0,2.0,2.0,3.0,1.0,1.0,3.0,4.0,4.0,3.0,6.0,3.0,5.0,2.0,2.0,6.0,5.0,2.0,5.0,4.0,4.0,1.0,16.0,8.0,1.0,48.0,64.0,1.0,1.0,1.0,1.0,1.0,1.0,1.0,4.0,5.0,5.0,4.0,4.0,6.0,6.0,5.0,1.0,6.0,1.0,6.0,4.0,1.0,2.0,1.0,4.0,3.0,16.0,4.0,1.0,2.0,32.0,1.0,1.0,1.0,1.0,1.0,1.0,1.0,3.0,2.0,5.0,6.0,6.0,1.0,5.0,6.0,6.0,1.0,6.0,1.0,1.0,6.0,1.0,2.0,5.0,4.0,64.0,128.0,1.0,2.0,8.0,1.0,8.0,8.0,1.0,1.0,1.0,1.0,3.0,5.0,6.0,4.0,4.0,1.0,1.0,1.0,2.0,1.0,5.0,1.0,5.0,5.0,3.0,4.0,3.0,5.0,1.0,384.0,1.0,768.0,64.0,1.0,1.0,1.0,1.0,1.0,1.0,1.0,2.0,6.0,5.0,5.0,4.0,3.0,3.0,2.0,4.0,3.0,2.0,2.0,1.0,5.0,2.0,2.0,2.0,6.0,384.0,192.0,1.0,1024.0,512.0,1.0,1.0,1.0,1.0,1.0,1.0,1.0,3.0,6.0,3.0,6.0,3.0,6.0,6.0,6.0,3.0,6.0,4.0,5.0,1.0,3.0,6.0,1.0,5.0,6.0,1024.0,96.0,1.0,8.0,64.0,1.0,1.0,1.0,1.0,1.0,1.0,1.0,725566584.0,23922466.36,223623000.0,1.8646964285714287,384.0,514.0,376832.0,1.7357342197680114e+16,20.25972857142857,6.89932537142857,78.57142857142857,19401.14285714286
2048000.0,256000.0,256.0,64.0,1.0,20.0,14.0,6.0,3.0,3.0,3.0,1.0,2.0,6.0,4.0,4.0,3.0,5.0,1.0,5.0,4.0,1.0,2.0,1.0,6.0,2.0,5.0,1.0,2.0,5.0,2.0,5.0,8.0,64.0,1.0,8.0,144.0,1.0,1.0,1.0,1.0,1.0,1.0,1.0,4.0,4.0,2.0,3.0,4.0,5.0,5.0,1.0,2.0,4.0,1.0,6.0,1.0,1.0,6.0,6.0,4.0,3.0,8.0,8.0,1.0,8.0,32.0,1.0,64.0,1.0,1.0,1.0,1.0,1.0,1.0,4.0,3.0,6.0,6.0,4.0,3.0,1.0,4.0,4.0,2.0,5.0,3.0,4.0,2.0,1.0,5.0,5.0,8.0,4.0,1.0,64.0,32.0,1.0,16.0,16.0,1.0,1.0,1.0,1.0,5.0,5.0,2.0,1.0,5.0,3.0,5.0,1.0,6.0,1.0,6.0,4.0,5.0,2.0,2.0,6.0,6.0,4.0,24.0,192.0,1.0,24.0,64.0,1.0,1.0,1.0,1.0,1.0,1.0,1.0,6.0,3.0,5.0,2.0,3.0,1.0,3.0,1.0,2.0,5.0,4.0,2.0,3.0,4.0,4.0,4.0,5.0,4.0,16.0,2.0,1.0,8.0,384.0,1.0,1.0,1.0,1.0,1.0,1.0,1.0,3.0,1.0,2.0,2.0,4.0,3.0,2.0,3.0,2.0,3.0,2.0,3.0,6.0,3.0,3.0,2.0,5.0,1.0,3.0,8.0,1.0,384.0,1.0,1.0,1.0,1.0,1.0,1.0,1.0,1.0,11173626192.0,84265053.6,3069750.0,0.033505700000000006,6.0,514.0,514.0,9.415462099752438e+17,1.0,1.010217857142857,78.57142857142857,78.57142857142857
2048.0,256000.0,256.0,64.0,3.0,30.0,16.0,2.0,2.0,1.0,5.0,4.0,6.0,4.0,2.0,2.0,1.0,6.0,1.0,3.0,3.0,3.0,5.0,1.0,2.0,4.0,3.0,3.0,6.0,2.0,5.0,2.0,24.0,24.0,1.0,64.0,16.0,1.0,1.0,1.0,1.0,1.0,1.0,1.0,6.0,5.0,3.0,3.0,2.0,1.0,4.0,2.0,3.0,5.0,2.0,2.0,6.0,2.0,6.0,1.0,4.0,6.0,32.0,32.0,1.0,2.0,1.0,1.0,2.0,64.0,1.0,1.0,1.0,1.0,2.0,3.0,5.0,1.0,4.0,6.0,4.0,2.0,3.0,2.0,2.0,2.0,2.0,2.0,3.0,5.0,4.0,6.0,2.0,1.0,1.0,1.0,8.0,1.0,2.0,2.0,1.0,1.0,1.0,1.0,5.0,5.0,3.0,1.0,5.0,1.0,3.0,2.0,2.0,5.0,4.0,6.0,4.0,2.0,4.0,2.0,2.0,5.0,192.0,96.0,1.0,1.0,1.0,1.0,1.0,1.0,1.0,1.0,1.0,1.0,1.0,3.0,1.0,5.0,6.0,3.0,2.0,2.0,5.0,4.0,4.0,6.0,1.0,1.0,2.0,4.0,4.0,5.0,16.0,192.0,1.0,1.0,1024.0,1.0,1.0,1.0,1.0,1.0,1.0,1.0,1.0,5.0,6.0,4.0,1.0,6.0,1.0,6.0,3.0,4.0,6.0,2.0,3.0,4.0,2.0,5.0,5.0,2.0,3.0,4.0,1.0,32.0,768.0,1.0,1.0,1.0,1.0,1.0,1.0,1.0,11116989756.0,23099506.9,839709000.0,4.855743571428572,960.0,514.0,704512.0,2.567969815759513e+17,7.428571428571429,1.959522433571428,78.57142857142857,37082.28571428572
128.0,128000.0,256.0,64.0,3.0,22.0,8.0,6.0,2.0,2.0,2.0,4.0,4.0,3.0,6.0,3.0,3.0,1.0,3.0,2.0,6.0,2.0,6.0,3.0,5.0,2.0,3.0,1.0,6.0,3.0,2.0,5.0,256.0,96.0,1.0,48.0,2.0,1.0,1.0,1.0,1.0,1.0,1.0,1.0,4.0,4.0,5.0,4.0,4.0,5.0,5.0,6.0,1.0,3.0,2.0,5.0,5.0,1.0,3.0,2.0,2.0,4.0,64.0,16.0,1.0,16.0,128.0,1.0,16.0,64.0,1.0,1.0,1.0,1.0,2.0,4.0,3.0,3.0,4.0,1.0,6.0,1.0,6.0,1.0,3.0,3.0,3.0,1.0,6.0,3.0,6.0,4.0,128.0,32.0,1.0,128.0,4.0,1.0,4.0,8.0,1.0,1.0,1.0,1.0,4.0,1.0,6.0,4.0,4.0,6.0,5.0,3.0,2.0,1.0,4.0,3.0,3.0,4.0,5.0,2.0,6.0,2.0,48.0,192.0,1.0,6.0,96.0,1.0,1.0,1.0,1.0,1.0,1.0,1.0,3.0,4.0,6.0,3.0,5.0,5.0,2.0,3.0,3.0,3.0,1.0,4.0,6.0,6.0,4.0,2.0,5.0,6.0,12.0,12.0,1.0,3072.0,3.0,1.0,1.0,1.0,1.0,1.0,1.0,1.0,2.0,2.0,1.0,2.0,1.0,2.0,6.0,5.0,1.0,4.0,5.0,6.0,4.0,1.0,3.0,5.0,5.0,3.0,1536.0,64.0,1.0,12.0,64.0,1.0,1.0,1.0,1.0,1.0,1.0,1.0,11175082824.0,19072197.96,975277000.0,5.566779642857143,1056.0,514.0,863232.0,2.1313339183872384e+17,1.0,0.0027901785714285715,78.57142857142857,93440.0
16000.0,1024000.0,256.0,64.0,1.0,8.0,46.0,30.0,5.0,3.0,1.0,4.0,1.0,6.0,3.0,3.0,4.0,1.0,6.0,2.0,1.0,3.0,4.0,6.0,4.0,2.0,1.0,1.0,5.0,2.0,6.0,6.0,6.0,192.0,1.0,1.0,384.0,1.0,1.0,1.0,1.0,1.0,1.0,1.0,3.0,4.0,2.0,5.0,4.0,4.0,4.0,5.0,3.0,3.0,3.0,6.0,2.0,1.0,2.0,1.0,5.0,3.0,64.0,4.0,1.0,2.0,2.0,1.0,4.0,64.0,1.0,1.0,1.0,1.0,6.0,5.0,2.0,1.0,2.0,4.0,1.0,4.0,4.0,3.0,2.0,3.0,3.0,3.0,5.0,4.0,4.0,2.0,8.0,32.0,1.0,128.0,8.0,1.0,16.0,16.0,1.0,1.0,1.0,1.0,4.0,1.0,1.0,3.0,1.0,3.0,4.0,3.0,2.0,1.0,6.0,4.0,4.0,2.0,4.0,1.0,3.0,4.0,16.0,6.0,1.0,1.0,3.0,1.0,1.0,1.0,1.0,1.0,1.0,1.0,4.0,2.0,3.0,2.0,1.0,3.0,2.0,2.0,2.0,3.0,4.0,4.0,5.0,6.0,6.0,5.0,2.0,5.0,64.0,96.0,1.0,8.0,256.0,1.0,1.0,1.0,1.0,1.0,1.0,1.0,2.0,2.0,6.0,4.0,5.0,2.0,4.0,5.0,3.0,5.0,3.0,1.0,6.0,5.0,3.0,3.0,6.0,1.0,6.0,48.0,1.0,6.0,1.0,1.0,1.0,1.0,1.0,1.0,1.0,1.0,11173626192.0,84254210.39999999,12741000.0,0.14151657142857144,30.0,514.0,514.0,9.414250521117187e+17,1.0,1.0036264285714285,78.57142857142857,78.57142857142857
512000.0,2048000.0,256.0,64.0,1.0,2.0,30.0,42.0,3.0,1.0,6.0,6.0,3.0,3.0,5.0,4.0,1.0,6.0,2.0,1.0,4.0,3.0,4.0,6.0,2.0,4.0,2.0,6.0,4.0,1.0,3.0,6.0,48.0,96.0,1.0,16.0,96.0,1.0,1.0,1.0,1.0,1.0,1.0,1.0,1.0,2.0,1.0,6.0,5.0,2.0,5.0,4.0,4.0,1.0,1.0,1.0,1.0,2.0,2.0,2.0,4.0,1.0,2.0,1.0,1.0,2.0,128.0,1.0,8.0,128.0,1.0,1.0,1.0,1.0,6.0,6.0,6.0,1.0,4.0,4.0,6.0,4.0,6.0,6.0,6.0,3.0,5.0,3.0,4.0,6.0,6.0,1.0,2.0,8.0,1.0,8.0,2.0,1.0,2.0,2.0,1.0,1.0,1.0,1.0,1.0,3.0,5.0,4.0,4.0,6.0,6.0,3.0,4.0,1.0,4.0,3.0,6.0,2.0,6.0,1.0,5.0,2.0,32.0,12.0,1.0,768.0,24.0,1.0,1.0,1.0,1.0,1.0,1.0,1.0,6.0,5.0,4.0,1.0,2.0,1.0,6.0,4.0,1.0,2.0,5.0,3.0,5.0,5.0,6.0,2.0,6.0,2.0,4.0,2.0,1.0,192.0,32.0,1.0,1.0,1.0,1.0,1.0,1.0,1.0,2.0,4.0,2.0,1.0,6.0,4.0,6.0,2.0,5.0,1.0,6.0,3.0,1.0,6.0,3.0,4.0,4.0,5.0,64.0,8.0,1.0,96.0,24.0,1.0,1.0,1.0,1.0,1.0,1.0,1.0,10881073488.0,96251364.96000001,17796800.0,0.19635614285714284,42.0,514.0,514.0,1.0473181754500682e+18,27.571428571428573,27.995543571428566,78.57142857142857,219.14285714285714
512000.0,32000000.0,256.0,64.0,1.0,36.0,12.0,6.0,6.0,5.0,5.0,3.0,3.0,1.0,1.0,3.0,4.0,2.0,3.0,4.0,1.0,2.0,6.0,5.0,4.0,6.0,1.0,3.0,1.0,1.0,1.0,1.0,8.0,8.0,1.0,384.0,128.0,1.0,1.0,1.0,1.0,1.0,1.0,1.0,6.0,5.0,6.0,5.0,2.0,2.0,4.0,1.0,3.0,6.0,1.0,1.0,2.0,6.0,4.0,3.0,5.0,2.0,32.0,8.0,1.0,8.0,128.0,1.0,2.0,128.0,1.0,1.0,1.0,1.0,6.0,2.0,3.0,5.0,1.0,5.0,6.0,1.0,6.0,5.0,5.0,1.0,2.0,5.0,6.0,4.0,3.0,3.0,32.0,4.0,1.0,64.0,2.0,1.0,32.0,2.0,1.0,1.0,1.0,1.0,6.0,6.0,4.0,1.0,3.0,5.0,4.0,5.0,6.0,5.0,4.0,5.0,6.0,5.0,4.0,6.0,2.0,6.0,8.0,3.0,1.0,128.0,256.0,1.0,1.0,1.0,1.0,1.0,1.0,1.0,2.0,3.0,3.0,4.0,6.0,5.0,5.0,2.0,5.0,3.0,2.0,3.0,1.0,5.0,4.0,2.0,5.0,5.0,384.0,12.0,1.0,3072.0,3.0,1.0,1.0,1.0,1.0,1.0,1.0,1.0,5.0,6.0,4.0,5.0,4.0,1.0,4.0,1.0,1.0,2.0,2.0,3.0,1.0,5.0,3.0,2.0,4.0,1.0,96.0,256.0,1.0,96.0,48.0,1.0,1.0,1.0,1.0,1.0,1.0,1.0,1863844320.0,75035928.0,3069880.0,0.03420062857142857,6.0,514.0,1804.0,1.3985528819872896e+17,5.844154285714285,10.304061071428572,78.57142857142857,280.0
256.0,16000000.0,256.0,64.0,3.0,14.0,2.0,24.0,3.0,4.0,6.0,6.0,2.0,6.0,5.0,3.0,3.0,6.0,5.0,2.0,1.0,6.0,5.0,3.0,4.0,1.0,5.0,3.0,1.0,6.0,6.0,4.0,96.0,768.0,1.0,72.0,256.0,1.0,1.0,1.0,1.0,1.0,1.0,1.0,2.0,4.0,3.0,2.0,1.0,2.0,6.0,4.0,5.0,2.0,4.0,3.0,3.0,4.0,5.0,3.0,6.0,5.0,16.0,8.0,1.0,1.0,8.0,1.0,128.0,128.0,1.0,1.0,1.0,1.0,4.0,1.0,6.0,6.0,2.0,2.0,6.0,2.0,4.0,4.0,5.0,1.0,6.0,5.0,5.0,5.0,1.0,4.0,64.0,2.0,1.0,1.0,64.0,1.0,4.0,8.0,1.0,1.0,1.0,1.0,4.0,2.0,4.0,6.0,6.0,3.0,5.0,2.0,6.0,1.0,5.0,4.0,2.0,3.0,5.0,3.0,1.0,4.0,768.0,4.0,1.0,4.0,6.0,1.0,1.0,1.0,1.0,1.0,1.0,1.0,2.0,1.0,5.0,5.0,3.0,5.0,4.0,3.0,5.0,2.0,6.0,4.0,1.0,3.0,3.0,2.0,4.0,4.0,192.0,192.0,1.0,128.0,4.0,1.0,1.0,1.0,1.0,1.0,1.0,1.0,1.0,5.0,3.0,2.0,1.0,3.0,2.0,3.0,3.0,2.0,3.0,2.0,6.0,3.0,4.0,6.0,1.0,1.0,1024.0,6.0,1.0,96.0,6.0,1.0,1.0,1.0,1.0,1.0,1.0,1.0,11045642316.0,18019318.52,489409000.0,3.4542489285714293,672.0,514.0,655360.0,1.990349471499945e+17,4.0,0.033482142857142856,78.57142857142857,66029.71428571429
2048.0,64000.0,256.0,64.0,3.0,38.0,10.0,14.0,1.0,1.0,1.0,6.0,5.0,2.0,6.0,6.0,4.0,5.0,6.0,2.0,5.0,6.0,1.0,5.0,5.0,3.0,3.0,5.0,2.0,2.0,4.0,6.0,32.0,24.0,1.0,8.0,576.0,1.0,1.0,1.0,1.0,1.0,1.0,1.0,3.0,3.0,6.0,6.0,4.0,4.0,5.0,6.0,6.0,1.0,3.0,4.0,4.0,1.0,1.0,5.0,5.0,4.0,4.0,1.0,1.0,16.0,32.0,1.0,128.0,32.0,1.0,1.0,1.0,1.0,2.0,3.0,4.0,5.0,6.0,3.0,3.0,5.0,5.0,2.0,3.0,4.0,4.0,3.0,4.0,2.0,5.0,2.0,64.0,8.0,1.0,8.0,64.0,1.0,64.0,8.0,1.0,1.0,1.0,1.0,6.0,6.0,6.0,1.0,2.0,3.0,3.0,2.0,1.0,6.0,3.0,2.0,5.0,1.0,4.0,3.0,5.0,2.0,6.0,768.0,1.0,4.0,96.0,1.0,1.0,1.0,1.0,1.0,1.0,1.0,1.0,5.0,3.0,2.0,5.0,1.0,6.0,5.0,3.0,4.0,6.0,4.0,4.0,5.0,1.0,1.0,3.0,6.0,2.0,12.0,1.0,1024.0,128.0,1.0,1.0,1.0,1.0,1.0,1.0,1.0,6.0,3.0,5.0,3.0,1.0,2.0,3.0,5.0,5.0,1.0,2.0,5.0,5.0,5.0,5.0,2.0,5.0,3.0,1536.0,32.0,1.0,3.0,24.0,1.0,1.0,1.0,1.0,1.0,1.0,1.0,11175150552.0,19545274.52,16470100000.0,36.54897142857142,5320.0,514.0,473088.0,2.1842138534116954e+17,1.0,0.09728422499999999,78.57142857142857,61878.857142857145
256000.0,1024000.0,256.0,64.0,3.0,8.0,2.0,16.0,2.0,2.0,3.0,4.0,2.0,1.0,1.0,6.0,4.0,5.0,4.0,5.0,5.0,5.0,4.0,6.0,5.0,5.0,5.0,1.0,1.0,6.0,2.0,2.0,768.0,192.0,1.0,96.0,12.0,1.0,1.0,1.0,1.0,1.0,1.0,1.0,5.0,5.0,5.0,1.0,2.0,3.0,4.0,4.0,5.0,5.0,1.0,3.0,1.0,1.0,3.0,1.0,5.0,1.0,4.0,2.0,1.0,1.0,4.0,1.0,64.0,16.0,1.0,1.0,1.0,1.0,3.0,6.0,6.0,3.0,6.0,3.0,5.0,2.0,2.0,4.0,3.0,2.0,1.0,6.0,5.0,2.0,1.0,2.0,4.0,8.0,1.0,16.0,1.0,1.0,16.0,4.0,1.0,1.0,1.0,1.0,2.0,5.0,5.0,1.0,5.0,3.0,6.0,2.0,4.0,4.0,2.0,4.0,1.0,4.0,3.0,2.0,6.0,1.0,24.0,16.0,1.0,3.0,64.0,1.0,1.0,1.0,1.0,1.0,1.0,1.0,2.0,5.0,4.0,3.0,1.0,2.0,1.0,2.0,3.0,6.0,5.0,4.0,6.0,2.0,1.0,1.0,3.0,4.0,3.0,3.0,1.0,12.0,3.0,1.0,1.0,1.0,1.0,1.0,1.0,1.0,3.0,1.0,3.0,2.0,3.0,6.0,6.0,3.0,5.0,3.0,3.0,1.0,3.0,5.0,1.0,6.0,2.0,3.0,16.0,3.0,1.0,2.0,3.0,1.0,1.0,1.0,1.0,1.0,1.0,1.0,2901391020.0,25858881.96,132643000.0,1.2388664285714286,256.0,514.0,368640.0,7.5026727905984e+16,6.5,0.8000251178571428,78.57142857142857,15288.285714285714
512000.0,16000000.0,256.0,64.0,1.0,28.0,16.0,32.0,2.0,2.0,4.0,4.0,2.0,1.0,5.0,3.0,4.0,6.0,3.0,6.0,2.0,2.0,5.0,3.0,2.0,2.0,5.0,2.0,5.0,1.0,6.0,5.0,192.0,768.0,1.0,12.0,576.0,1.0,1.0,1.0,1.0,1.0,1.0,1.0,6.0,6.0,3.0,4.0,1.0,5.0,3.0,5.0,1.0,3.0,5.0,1.0,2.0,2.0,3.0,5.0,6.0,6.0,2.0,1.0,1.0,1.0,128.0,1.0,2.0,8.0,1.0,1.0,1.0,1.0,6.0,3.0,4.0,6.0,5.0,1.0,1.0,2.0,6.0,1.0,1.0,4.0,3.0,3.0,4.0,2.0,2.0,4.0,64.0,16.0,1.0,64.0,32.0,1.0,64.0,1.0,1.0,1.0,1.0,1.0,3.0,3.0,4.0,6.0,5.0,3.0,6.0,6.0,3.0,4.0,2.0,3.0,6.0,5.0,2.0,2.0,2.0,5.0,2.0,384.0,1.0,1.0,48.0,1.0,1.0,1.0,1.0,1.0,1.0,1.0,4.0,5.0,5.0,3.0,3.0,2.0,5.0,6.0,4.0,6.0,3.0,1.0,2.0,5.0,4.0,2.0,3.0,2.0,256.0,24.0,1.0,96.0,512.0,1.0,1.0,1.0,1.0,1.0,1.0,1.0,2.0,6.0,2.0,3.0,3.0,3.0,6.0,6.0,4.0,1.0,6.0,4.0,6.0,4.0,6.0,2.0,5.0,3.0,12.0,48.0,1.0,1.0,128.0,1.0,1.0,1.0,1.0,1.0,1.0,1.0,10881073488.0,82894460.16,13573500.0,0.15093314285714285,32.0,514.0,514.0,9.019807127490482e+17,27.571428571428573,27.578350714285712,78.57142857142857,184.85714285714286
2048.0,256000.0,256.0,64.0,2.0,2.0,22.0,26.0,3.0,6.0,5.0,5.0,1.0,2.0,3.0,4.0,1.0,4.0,1.0,6.0,1.0,3.0,3.0,1.0,1.0,1.0,5.0,3.0,2.0,2.0,2.0,2.0,64.0,192.0,1.0,36.0,96.0,1.0,1.0,1.0,1.0,1.0,1.0,1.0,2.0,2.0,3.0,4.0,2.0,5.0,4.0,1.0,1.0,3.0,6.0,4.0,1.0,4.0,1.0,6.0,1.0,4.0,1.0,32.0,1.0,8.0,1.0,1.0,64.0,1.0,1.0,1.0,1.0,1.0,3.0,4.0,4.0,1.0,4.0,2.0,3.0,5.0,6.0,5.0,1.0,1.0,1.0,1.0,4.0,5.0,3.0,2.0,1.0,4.0,1.0,128.0,16.0,1.0,1.0,8.0,1.0,1.0,1.0,1.0,4.0,4.0,6.0,4.0,2.0,3.0,2.0,5.0,6.0,4.0,5.0,1.0,5.0,6.0,6.0,5.0,4.0,6.0,2.0,192.0,1.0,16.0,96.0,1.0,1.0,1.0,1.0,1.0,1.0,1.0,1.0,3.0,1.0,5.0,3.0,4.0,1.0,5.0,6.0,4.0,3.0,4.0,4.0,5.0,5.0,5.0,4.0,4.0,384.0,32.0,1.0,12.0,256.0,1.0,1.0,1.0,1.0,1.0,1.0,1.0,5.0,2.0,1.0,3.0,2.0,1.0,4.0,1.0,1.0,3.0,2.0,3.0,3.0,2.0,5.0,3.0,4.0,3.0,6.0,48.0,1.0,128.0,4.0,1.0,1.0,1.0,1.0,1.0,1.0,1.0,558050268.0,24885785.559999995,387517000.0,2.7883310714285714,572.0,514.0,320512.0,1.3887519301148528e+16,15.428553571428576,8.265163214285714,78.57142857142857,19185.714285714286
2048000.0,32000.0,256.0,64.0,1.0,28.0,28.0,22.0,4.0,4.0,1.0,3.0,1.0,1.0,1.0,3.0,2.0,5.0,3.0,4.0,1.0,2.0,3.0,4.0,6.0,6.0,2.0,3.0,2.0,1.0,6.0,6.0,12.0,2.0,1.0,768.0,9.0,1.0,1.0,1.0,1.0,1.0,1.0,1.0,4.0,6.0,5.0,3.0,5.0,6.0,5.0,1.0,2.0,3.0,1.0,6.0,6.0,5.0,2.0,5.0,4.0,5.0,2.0,16.0,1.0,4.0,32.0,1.0,2.0,32.0,1.0,1.0,1.0,1.0,4.0,6.0,3.0,1.0,1.0,6.0,1.0,4.0,3.0,3.0,6.0,2.0,3.0,1.0,3.0,3.0,1.0,3.0,128.0,4.0,1.0,4.0,16.0,1.0,2.0,1.0,1.0,1.0,1.0,1.0,3.0,5.0,4.0,6.0,3.0,1.0,5.0,4.0,3.0,2.0,1.0,1.0,2.0,4.0,2.0,3.0,6.0,2.0,48.0,768.0,1.0,768.0,64.0,1.0,1.0,1.0,1.0,1.0,1.0,1.0,2.0,4.0,4.0,3.0,5.0,5.0,5.0,1.0,2.0,2.0,6.0,2.0,5.0,2.0,2.0,1.0,4.0,2.0,24.0,24.0,1.0,768.0,96.0,1.0,1.0,1.0,1.0,1.0,1.0,1.0,2.0,4.0,6.0,5.0,5.0,5.0,5.0,1.0,3.0,4.0,5.0,1.0,1.0,3.0,6.0,2.0,5.0,2.0,1.0,256.0,1.0,16.0,3.0,1.0,1.0,1.0,1.0,1.0,1.0,1.0,509608800.0,54904697.28,9452600.0,0.10836268571428574,22.0,514.0,5932.0,2.7979916895224064e+16,21.42038571428572,20.644134285714284,78.57142857142857,924.5714285714286
8192.0,4096000.0,256.0,64.0,2.0,24.0,10.0,12.0,5.0,3.0,6.0,3.0,1.0,2.0,5.0,2.0,6.0,6.0,4.0,6.0,3.0,5.0,3.0,2.0,6.0,2.0,2.0,2.0,6.0,2.0,2.0,2.0,4.0,24.0,1.0,288.0,32.0,1.0,1.0,1.0,1.0,1.0,1.0,1.0,3.0,3.0,6.0,1.0,4.0,4.0,3.0,5.0,3.0,4.0,1.0,2.0,4.0,1.0,1.0,2.0,1.0,6.0,64.0,16.0,1.0,16.0,128.0,1.0,1.0,8.0,1.0,1.0,1.0,1.0,1.0,5.0,1.0,6.0,2.0,2.0,5.0,4.0,3.0,2.0,1.0,2.0,1.0,6.0,1.0,4.0,3.0,6.0,128.0,2.0,1.0,128.0,2.0,1.0,32.0,16.0,1.0,1.0,1.0,1.0,1.0,2.0,5.0,5.0,2.0,2.0,1.0,4.0,5.0,2.0,4.0,5.0,4.0,1.0,1.0,1.0,3.0,2.0,64.0,3.0,1.0,3.0,256.0,1.0,1.0,1.0,1.0,1.0,1.0,1.0,2.0,1.0,3.0,4.0,1.0,4.0,3.0,6.0,6.0,3.0,5.0,1.0,5.0,3.0,1.0,2.0,4.0,5.0,96.0,3.0,1.0,64.0,48.0,1.0,1.0,1.0,1.0,1.0,1.0,1.0,5.0,5.0,1.0,1.0,4.0,4.0,3.0,1.0,1.0,6.0,3.0,6.0,2.0,6.0,5.0,5.0,3.0,3.0,12.0,32.0,1.0,48.0,12.0,1.0,1.0,1.0,1.0,1.0,1.0,1.0,2516698212.0,30885279.639999993,54238200.0,0.55825175,120.0,514.0,13344.0,7.772892804710798e+16,37.97251428571428,4.066845607142857,78.57142857142857,1816.642857142857
2048.0,4096000.0,256.0,64.0,2.0,10.0,42.0,34.0,2.0,6.0,5.0,4.0,6.0,6.0,6.0,6.0,6.0,5.0,3.0,2.0,3.0,2.0,4.0,4.0,4.0,6.0,3.0,2.0,2.0,6.0,6.0,1.0,768.0,96.0,1.0,8.0,576.0,1.0,1.0,1.0,1.0,1.0,1.0,1.0,2.0,6.0,5.0,5.0,3.0,6.0,5.0,2.0,3.0,5.0,6.0,3.0,3.0,4.0,6.0,1.0,2.0,6.0,32.0,8.0,1.0,16.0,64.0,1.0,4.0,128.0,1.0,1.0,1.0,1.0,1.0,3.0,1.0,3.0,3.0,5.0,4.0,3.0,1.0,4.0,4.0,3.0,4.0,6.0,2.0,1.0,1.0,3.0,8.0,1.0,1.0,128.0,8.0,1.0,1.0,1.0,1.0,1.0,1.0,1.0,6.0,3.0,2.0,5.0,5.0,5.0,5.0,3.0,4.0,6.0,1.0,6.0,5.0,1.0,4.0,2.0,5.0,3.0,3.0,1.0,1.0,48.0,64.0,1.0,1.0,1.0,1.0,1.0,1.0,1.0,6.0,1.0,2.0,5.0,2.0,5.0,6.0,2.0,3.0,3.0,6.0,5.0,2.0,6.0,6.0,1.0,5.0,4.0,6.0,6.0,1.0,24.0,256.0,1.0,1.0,1.0,1.0,1.0,1.0,1.0,1.0,2.0,2.0,1.0,5.0,3.0,1.0,2.0,2.0,5.0,6.0,6.0,6.0,2.0,1.0,3.0,4.0,2.0,64.0,256.0,1.0,64.0,128.0,1.0,1.0,1.0,1.0,1.0,1.0,1.0,567470172.0,24925981.039999995,1589200000.0,7.442035714285715,1428.0,514.0,294912.0,1.4144750748037536e+16,13.897960714285713,6.845796428571428,78.57142857142857,34638.57142857143
256.0,16000000.0,256.0,64.0,2.0,24.0,2.0,48.0,3.0,5.0,5.0,4.0,2.0,2.0,5.0,1.0,2.0,5.0,5.0,2.0,2.0,2.0,1.0,6.0,2.0,6.0,5.0,5.0,3.0,1.0,3.0,1.0,96.0,48.0,1.0,24.0,24.0,1.0,1.0,1.0,1.0,1.0,1.0,1.0,4.0,6.0,1.0,2.0,6.0,4.0,3.0,4.0,1.0,3.0,6.0,6.0,4.0,4.0,1.0,4.0,1.0,2.0,16.0,2.0,1.0,1.0,32.0,1.0,8.0,32.0,1.0,1.0,1.0,1.0,5.0,2.0,3.0,2.0,4.0,1.0,6.0,6.0,2.0,3.0,6.0,5.0,4.0,2.0,5.0,2.0,5.0,1.0,4.0,32.0,1.0,64.0,1.0,1.0,4.0,1.0,1.0,1.0,1.0,1.0,3.0,1.0,1.0,3.0,5.0,6.0,4.0,2.0,5.0,4.0,5.0,1.0,1.0,2.0,5.0,1.0,2.0,4.0,384.0,768.0,1.0,2.0,64.0,1.0,1.0,1.0,1.0,1.0,1.0,1.0,4.0,2.0,2.0,3.0,4.0,5.0,5.0,6.0,6.0,4.0,6.0,5.0,6.0,5.0,1.0,2.0,6.0,3.0,256.0,768.0,1.0,512.0,32.0,1.0,1.0,1.0,1.0,1.0,1.0,1.0,1.0,1.0,3.0,2.0,2.0,5.0,5.0,5.0,6.0,3.0,5.0,5.0,2.0,4.0,5.0,4.0,6.0,4.0,24.0,64.0,1.0,768.0,96.0,1.0,1.0,1.0,1.0,1.0,1.0,1.0,5544373020.0,19992809.02,42376000.0,0.4802010000000001,96.0,514.0,114688.0,1.1084759092450064e+17,8.0,2.674216825,78.57142857142857,11142.285714285714
8192.0,256000.0,256.0,64.0,3.0,38.0,26.0,46.0,5.0,3.0,4.0,6.0,4.0,2.0,1.0,3.0,2.0,6.0,5.0,4.0,2.0,5.0,2.0,4.0,4.0,6.0,1.0,6.0,3.0,3.0,6.0,3.0,16.0,128.0,1.0,576.0,48.0,1.0,1.0,1.0,1.0,1.0,1.0,1.0,6.0,4.0,2.0,3.0,5.0,1.0,1.0,5.0,6.0,6.0,1.0,3.0,4.0,5.0,6.0,5.0,1.0,5.0,32.0,16.0,1.0,8.0,2.0,1.0,64.0,128.0,1.0,1.0,1.0,1.0,1.0,6.0,6.0,1.0,5.0,2.0,1.0,4.0,2.0,6.0,5.0,1.0,1.0,6.0,1.0,6.0,3.0,3.0,16.0,8.0,1.0,4.0,1.0,1.0,32.0,1.0,1.0,1.0,1.0,1.0,2.0,5.0,1.0,5.0,2.0,2.0,2.0,6.0,1.0,5.0,2.0,3.0,5.0,1.0,4.0,4.0,2.0,4.0,384.0,192.0,1.0,256.0,64.0,1.0,1.0,1.0,1.0,1.0,1.0,1.0,6.0,6.0,6.0,6.0,5.0,3.0,2.0,6.0,2.0,6.0,6.0,2.0,2.0,3.0,2.0,3.0,3.0,4.0,24.0,6.0,1.0,48.0,512.0,1.0,1.0,1.0,1.0,1.0,1.0,1.0,3.0,4.0,2.0,1.0,6.0,4.0,6.0,2.0,2.0,6.0,6.0,4.0,2.0,5.0,3.0,1.0,6.0,5.0,12.0,128.0,1.0,192.0,96.0,1.0,1.0,1.0,1.0,1.0,1.0,1.0,2126140080.0,18869530.379999995,1070080000000.0,1109.5264285714286,45448.0,514.0,360448.0,4.0119264831695624e+16,29.178571428571427,1.201823025,78.57142857142857,40246.857142857145
16000.0,512000.0,256.0,64.0,3.0,20.0,10.0,30.0,1.0,5.0,2.0,3.0,1.0,6.0,1.0,1.0,3.0,2.0,1.0,5.0,1.0,3.0,3.0,6.0,6.0,5.0,4.0,2.0,1.0,3.0,5.0,6.0,768.0,6.0,1.0,8.0,48.0,1.0,1.0,1.0,1.0,1.0,1.0,1.0,5.0,5.0,3.0,1.0,4.0,6.0,1.0,1.0,4.0,4.0,1.0,5.0,1.0,6.0,1.0,6.0,1.0,2.0,32.0,2.0,1.0,64.0,8.0,1.0,64.0,8.0,1.0,1.0,1.0,1.0,6.0,5.0,1.0,2.0,1.0,4.0,5.0,6.0,4.0,1.0,4.0,3.0,6.0,6.0,5.0,5.0,4.0,5.0,128.0,1.0,1.0,64.0,32.0,1.0,4.0,4.0,1.0,1.0,1.0,1.0,3.0,3.0,1.0,4.0,3.0,4.0,6.0,2.0,6.0,4.0,6.0,5.0,5.0,5.0,6.0,5.0,1.0,5.0,8.0,96.0,1.0,128.0,24.0,1.0,1.0,1.0,1.0,1.0,1.0,1.0,1.0,3.0,3.0,4.0,4.0,3.0,2.0,1.0,4.0,5.0,2.0,4.0,1.0,2.0,6.0,1.0,6.0,6.0,12.0,48.0,1.0,96.0,1536.0,1.0,1.0,1.0,1.0,1.0,1.0,1.0,3.0,5.0,4.0,2.0,4.0,6.0,2.0,2.0,1.0,1.0,6.0,1.0,5.0,5.0,2.0,4.0,2.0,6.0,192.0,6.0,1.0,192.0,12.0,1.0,1.0,1.0,1.0,1.0,1.0,1.0,1624124544.0,18247998.92,20654400000.0,42.95161785714286,6000.0,514.0,552960.0,2.9637022924857496e+16,5.285714285714286,0.009486607142857142,78.57142857142857,53613.71428571428
1024000.0,4096000.0,256.0,64.0,2.0,6.0,48.0,6.0,2.0,5.0,2.0,2.0,1.0,2.0,4.0,1.0,4.0,1.0,3.0,5.0,3.0,3.0,3.0,3.0,6.0,6.0,5.0,6.0,4.0,2.0,2.0,1.0,192.0,12.0,1.0,384.0,128.0,1.0,1.0,1.0,1.0,1.0,1.0,1.0,3.0,1.0,6.0,5.0,3.0,6.0,4.0,1.0,3.0,3.0,3.0,4.0,5.0,1.0,2.0,2.0,6.0,5.0,64.0,64.0,1.0,1.0,8.0,1.0,8.0,8.0,1.0,1.0,1.0,1.0,2.0,6.0,3.0,4.0,5.0,6.0,6.0,3.0,6.0,4.0,3.0,1.0,1.0,6.0,2.0,5.0,3.0,5.0,128.0,128.0,1.0,64.0,64.0,1.0,8.0,32.0,1.0,1.0,1.0,1.0,3.0,1.0,2.0,3.0,4.0,4.0,6.0,6.0,3.0,6.0,4.0,2.0,3.0,3.0,2.0,3.0,4.0,2.0,8.0,12.0,1.0,8.0,32.0,1.0,1.0,1.0,1.0,1.0,1.0,1.0,2.0,3.0,4.0,2.0,4.0,3.0,6.0,1.0,1.0,2.0,1.0,1.0,6.0,4.0,2.0,1.0,6.0,5.0,192.0,32.0,1.0,16.0,48.0,1.0,1.0,1.0,1.0,1.0,1.0,1.0,2.0,6.0,1.0,3.0,5.0,5.0,2.0,6.0,6.0,2.0,5.0,5.0,4.0,3.0,5.0,2.0,1.0,1.0,64.0,768.0,1.0,128.0,16.0,1.0,1.0,1.0,1.0,1.0,1.0,1.0,70645368.0,19874920.28,153848000.0,1.5610114285714285,288.0,514.0,615424.0,1404071057151263.0,141.20763571428571,10.981570714285716,78.57142857142857,64731.42857142857
256000.0,16000.0,256.0,64.0,3.0,36.0,38.0,20.0,3.0,3.0,3.0,4.0,5.0,1.0,3.0,5.0,2.0,3.0,5.0,1.0,2.0,5.0,1.0,6.0,2.0,1.0,2.0,1.0,2.0,1.0,6.0,6.0,48.0,256.0,1.0,256.0,72.0,1.0,1.0,1.0,1.0,1.0,1.0,1.0,1.0,4.0,1.0,3.0,2.0,6.0,4.0,1.0,1.0,1.0,5.0,6.0,3.0,3.0,5.0,2.0,2.0,5.0,8.0,8.0,1.0,4.0,16.0,1.0,4.0,2.0,1.0,1.0,1.0,1.0,1.0,6.0,6.0,5.0,5.0,3.0,3.0,3.0,6.0,6.0,1.0,6.0,2.0,5.0,5.0,2.0,2.0,3.0,1.0,1.0,1.0,8.0,64.0,1.0,8.0,8.0,1.0,1.0,1.0,1.0,6.0,6.0,6.0,2.0,4.0,4.0,5.0,6.0,4.0,1.0,5.0,6.0,6.0,2.0,4.0,5.0,4.0,2.0,4.0,12.0,1.0,48.0,8.0,1.0,1.0,1.0,1.0,1.0,1.0,1.0,3.0,1.0,5.0,3.0,6.0,5.0,5.0,3.0,5.0,5.0,6.0,5.0,4.0,3.0,6.0,5.0,6.0,3.0,128.0,12.0,1.0,768.0,3072.0,1.0,1.0,1.0,1.0,1.0,1.0,1.0,2.0,5.0,4.0,5.0,4.0,5.0,6.0,2.0,4.0,2.0,6.0,1.0,6.0,6.0,2.0,5.0,6.0,2.0,64.0,8.0,1.0,12.0,32.0,1.0,1.0,1.0,1.0,1.0,1.0,1.0,1338519732.0,19790142.98,392000000000.0,451.27696428571426,27360.0,514.0,1605632.0,2.648949687783128e+16,5.238096428571429,0.8372885750000001,78.57142857142857,69012.57142857143
16000.0,16000.0,256.0,64.0,1.0,2.0,42.0,16.0,1.0,2.0,4.0,6.0,2.0,3.0,3.0,2.0,6.0,4.0,6.0,6.0,6.0,1.0,5.0,5.0,1.0,1.0,2.0,4.0,1.0,1.0,1.0,1.0,768.0,8.0,1.0,24.0,256.0,1.0,1.0,1.0,1.0,1.0,1.0,1.0,5.0,4.0,5.0,4.0,5.0,4.0,5.0,5.0,1.0,5.0,2.0,1.0,2.0,3.0,4.0,4.0,3.0,6.0,1.0,2.0,1.0,2.0,1.0,1.0,8.0,16.0,1.0,1.0,1.0,1.0,5.0,5.0,6.0,5.0,3.0,2.0,1.0,1.0,5.0,6.0,1.0,1.0,2.0,5.0,4.0,1.0,1.0,3.0,2.0,128.0,1.0,8.0,4.0,1.0,16.0,4.0,1.0,1.0,1.0,1.0,1.0,4.0,2.0,5.0,5.0,6.0,2.0,2.0,6.0,1.0,1.0,4.0,2.0,3.0,1.0,2.0,4.0,1.0,12.0,96.0,1.0,128.0,384.0,1.0,1.0,1.0,1.0,1.0,1.0,1.0,6.0,5.0,1.0,2.0,5.0,1.0,4.0,5.0,4.0,4.0,5.0,2.0,5.0,4.0,4.0,5.0,4.0,3.0,768.0,64.0,1.0,6.0,1024.0,1.0,1.0,1.0,1.0,1.0,1.0,1.0,4.0,2.0,2.0,6.0,6.0,4.0,3.0,5.0,6.0,1.0,4.0,5.0,6.0,6.0,2.0,1.0,2.0,6.0,24.0,128.0,1.0,6.0,24.0,1.0,1.0,1.0,1.0,1.0,1.0,1.0,11173626192.0,85636068.0,7028100.0,0.0784671142857143,16.0,514.0,514.0,9.56865412384693e+17,1.0,1.8476589285714287,78.57142857142857,78.57142857142857
512.0,2048000.0,256.0,64.0,3.0,24.0,30.0,26.0,2.0,6.0,1.0,2.0,5.0,6.0,2.0,3.0,1.0,6.0,4.0,4.0,4.0,4.0,4.0,5.0,1.0,3.0,6.0,1.0,1.0,1.0,6.0,3.0,24.0,128.0,1.0,8.0,18.0,1.0,1.0,1.0,1.0,1.0,1.0,1.0,2.0,4.0,5.0,5.0,4.0,5.0,2.0,6.0,2.0,6.0,5.0,4.0,2.0,2.0,4.0,2.0,6.0,1.0,32.0,32.0,1.0,2.0,128.0,1.0,64.0,128.0,1.0,1.0,1.0,1.0,6.0,3.0,6.0,3.0,1.0,2.0,2.0,4.0,2.0,3.0,6.0,1.0,3.0,5.0,1.0,6.0,5.0,1.0,64.0,16.0,1.0,64.0,64.0,1.0,1.0,8.0,1.0,1.0,1.0,1.0,6.0,6.0,1.0,3.0,3.0,4.0,4.0,5.0,6.0,1.0,1.0,6.0,2.0,4.0,1.0,5.0,3.0,5.0,2.0,4.0,1.0,192.0,384.0,1.0,1.0,1.0,1.0,1.0,1.0,1.0,5.0,1.0,6.0,2.0,1.0,3.0,2.0,6.0,1.0,4.0,3.0,1.0,5.0,3.0,5.0,5.0,2.0,4.0,1.0,1.0,1.0,128.0,256.0,1.0,1.0,1.0,1.0,1.0,1.0,1.0,4.0,6.0,2.0,6.0,6.0,1.0,3.0,1.0,1.0,3.0,2.0,3.0,3.0,4.0,5.0,3.0,3.0,3.0,1.0,2.0,1.0,6.0,192.0,1.0,1.0,1.0,1.0,1.0,1.0,1.0,2016232008.0,38317740.04,185787000000.0,237.99689285714288,18720.0,514.0,727296.0,7.72574539428712e+16,2.690475,0.45994575000000004,78.57142857142857,73170.28571428571
1024.0,512000.0,256.0,64.0,3.0,24.0,20.0,40.0,3.0,6.0,5.0,3.0,4.0,3.0,1.0,1.0,1.0,6.0,2.0,5.0,2.0,3.0,5.0,3.0,4.0,6.0,2.0,5.0,1.0,2.0,4.0,6.0,16.0,2.0,1.0,144.0,72.0,1.0,1.0,1.0,1.0,1.0,1.0,1.0,4.0,3.0,5.0,5.0,4.0,5.0,6.0,1.0,1.0,5.0,2.0,4.0,1.0,6.0,5.0,6.0,5.0,4.0,1.0,16.0,1.0,32.0,4.0,1.0,4.0,128.0,1.0,1.0,1.0,1.0,6.0,5.0,4.0,4.0,6.0,2.0,3.0,6.0,3.0,6.0,5.0,3.0,5.0,2.0,1.0,1.0,3.0,4.0,1.0,64.0,1.0,64.0,64.0,1.0,8.0,2.0,1.0,1.0,1.0,1.0,6.0,3.0,2.0,6.0,6.0,5.0,1.0,6.0,4.0,4.0,4.0,3.0,6.0,5.0,1.0,6.0,6.0,6.0,256.0,6.0,1.0,64.0,4.0,1.0,1.0,1.0,1.0,1.0,1.0,1.0,5.0,2.0,4.0,2.0,2.0,2.0,3.0,2.0,3.0,1.0,2.0,4.0,4.0,2.0,5.0,1.0,5.0,5.0,2.0,256.0,1.0,384.0,32.0,1.0,1.0,1.0,1.0,1.0,1.0,1.0,3.0,6.0,1.0,6.0,4.0,1.0,3.0,2.0,6.0,2.0,1.0,2.0,6.0,3.0,4.0,2.0,4.0,5.0,64.0,96.0,1.0,96.0,24.0,1.0,1.0,1.0,1.0,1.0,1.0,1.0,1173038424.0,18591282.319999997,195247000000.0,248.4395357142857,19200.0,514.0,2326528.0,2.180828851279186e+16,32.42857142857143,1.1331845357142858,78.57142857142857,162669.7142857143
256000.0,512000.0,256.0,64.0,3.0,22.0,32.0,30.0,5.0,5.0,1.0,4.0,3.0,3.0,2.0,1.0,6.0,6.0,6.0,2.0,2.0,3.0,1.0,4.0,6.0,2.0,4.0,2.0,2.0,2.0,3.0,4.0,64.0,24.0,1.0,256.0,128.0,1.0,1.0,1.0,1.0,1.0,1.0,1.0,4.0,6.0,2.0,4.0,1.0,2.0,4.0,6.0,5.0,5.0,5.0,4.0,5.0,5.0,5.0,5.0,2.0,5.0,16.0,4.0,1.0,1.0,64.0,1.0,128.0,2.0,1.0,1.0,1.0,1.0,5.0,6.0,6.0,5.0,4.0,6.0,4.0,4.0,6.0,5.0,3.0,3.0,2.0,2.0,6.0,5.0,2.0,5.0,2.0,32.0,1.0,1.0,64.0,1.0,2.0,8.0,1.0,1.0,1.0,1.0,5.0,4.0,4.0,1.0,1.0,6.0,4.0,2.0,2.0,5.0,6.0,4.0,6.0,1.0,4.0,4.0,3.0,3.0,16.0,6.0,1.0,12.0,16.0,1.0,1.0,1.0,1.0,1.0,1.0,1.0,6.0,1.0,2.0,2.0,5.0,3.0,1.0,6.0,3.0,2.0,3.0,1.0,4.0,2.0,2.0,5.0,1.0,5.0,384.0,8.0,1.0,1.0,4.0,1.0,1.0,1.0,1.0,1.0,1.0,1.0,2.0,4.0,1.0,5.0,6.0,5.0,5.0,3.0,6.0,2.0,1.0,1.0,4.0,5.0,2.0,4.0,2.0,2.0,256.0,16.0,1.0,384.0,2.0,1.0,1.0,1.0,1.0,1.0,1.0,1.0,621553932.0,17754254.840000004,235437000000.0,291.03957142857143,21120.0,514.0,3244032.0,1.1035226905532034e+16,125.71428571428571,1.7897290392857141,78.57142857142857,176201.14285714287
64000.0,4096000.0,256.0,64.0,3.0,22.0,34.0,32.0,6.0,1.0,3.0,1.0,2.0,2.0,3.0,5.0,6.0,5.0,1.0,5.0,2.0,6.0,1.0,6.0,5.0,3.0,5.0,2.0,6.0,1.0,3.0,2.0,768.0,4.0,1.0,128.0,1152.0,1.0,1.0,1.0,1.0,1.0,1.0,1.0,3.0,5.0,3.0,5.0,4.0,5.0,5.0,2.0,4.0,4.0,4.0,3.0,5.0,6.0,3.0,5.0,6.0,4.0,1.0,1.0,1.0,16.0,1.0,1.0,16.0,128.0,1.0,1.0,1.0,1.0,1.0,1.0,2.0,2.0,1.0,4.0,4.0,5.0,3.0,6.0,1.0,4.0,1.0,4.0,2.0,1.0,4.0,5.0,1.0,8.0,1.0,32.0,16.0,1.0,4.0,8.0,1.0,1.0,1.0,1.0,4.0,2.0,5.0,1.0,4.0,3.0,2.0,2.0,1.0,6.0,3.0,3.0,5.0,5.0,5.0,1.0,2.0,2.0,4.0,48.0,1.0,24.0,8.0,1.0,1.0,1.0,1.0,1.0,1.0,1.0,2.0,3.0,4.0,4.0,3.0,1.0,5.0,6.0,2.0,5.0,6.0,4.0,4.0,2.0,2.0,6.0,2.0,3.0,6.0,384.0,1.0,6.0,384.0,1.0,1.0,1.0,1.0,1.0,1.0,1.0,6.0,5.0,2.0,2.0,6.0,4.0,3.0,1.0,6.0,2.0,4.0,2.0,2.0,6.0,6.0,1.0,1.0,5.0,48.0,128.0,1.0,1.0,32.0,1.0,1.0,1.0,1.0,1.0,1.0,1.0,4894817424.0,17799522.36,301177000000.0,359.24725,23936.0,514.0,2260992.0,8.71254121866056e+16,87.96442857142856,5.635046071428571,78.57142857142857,162459.42857142858
256.0,8192000.0,256.0,64.0,3.0,14.0,12.0,32.0,2.0,2.0,4.0,1.0,1.0,4.0,4.0,5.0,4.0,4.0,2.0,3.0,5.0,4.0,2.0,5.0,4.0,1.0,1.0,1.0,4.0,5.0,4.0,1.0,64.0,64.0,1.0,8.0,8.0,1.0,1.0,1.0,1.0,1.0,1.0,1.0,6.0,1.0,1.0,3.0,3.0,2.0,4.0,4.0,4.0,6.0,3.0,1.0,2.0,3.0,1.0,3.0,1.0,5.0,2.0,2.0,1.0,2.0,16.0,1.0,8.0,4.0,1.0,1.0,1.0,1.0,2.0,5.0,5.0,4.0,4.0,3.0,2.0,3.0,3.0,6.0,2.0,3.0,3.0,2.0,6.0,2.0,3.0,6.0,64.0,2.0,1.0,64.0,4.0,1.0,32.0,16.0,1.0,1.0,1.0,1.0,6.0,2.0,6.0,2.0,6.0,3.0,6.0,1.0,3.0,1.0,2.0,4.0,4.0,1.0,5.0,1.0,6.0,3.0,48.0,3.0,1.0,16.0,32.0,1.0,1.0,1.0,1.0,1.0,1.0,1.0,6.0,2.0,5.0,1.0,5.0,6.0,6.0,5.0,2.0,5.0,6.0,1.0,5.0,3.0,4.0,6.0,6.0,2.0,768.0,12.0,1.0,8.0,512.0,1.0,1.0,1.0,1.0,1.0,1.0,1.0,2.0,3.0,2.0,2.0,4.0,3.0,2.0,5.0,2.0,3.0,2.0,2.0,6.0,2.0,3.0,5.0,2.0,4.0,1024.0,32.0,1.0,24.0,24.0,1.0,1.0,1.0,1.0,1.0,1.0,1.0,856358856.0,20227658.240000002,16796900000.0,37.07386785714285,5376.0,514.0,1114112.0,1.7322134269965376e+16,11.392857142857142,3.202991635714286,78.57142857142857,64950.857142857145
8192.0,16000.0,256.0,64.0,2.0,40.0,8.0,30.0,5.0,1.0,3.0,4.0,6.0,6.0,3.0,4.0,1.0,4.0,5.0,2.0,2.0,2.0,3.0,5.0,3.0,5.0,3.0,5.0,4.0,4.0,3.0,2.0,32.0,384.0,1.0,12.0,96.0,1.0,1.0,1.0,1.0,1.0,1.0,1.0,2.0,4.0,3.0,2.0,5.0,4.0,4.0,2.0,4.0,2.0,5.0,2.0,3.0,3.0,1.0,3.0,3.0,5.0,2.0,8.0,1.0,8.0,8.0,1.0,128.0,2.0,1.0,1.0,1.0,1.0,4.0,2.0,4.0,2.0,5.0,4.0,3.0,3.0,1.0,3.0,3.0,2.0,3.0,2.0,6.0,1.0,2.0,6.0,8.0,32.0,1.0,4.0,8.0,1.0,4.0,4.0,1.0,1.0,1.0,1.0,3.0,2.0,1.0,6.0,1.0,4.0,5.0,4.0,3.0,4.0,1.0,3.0,5.0,6.0,6.0,5.0,2.0,6.0,3.0,3.0,1.0,768.0,48.0,1.0,1.0,1.0,1.0,1.0,1.0,1.0,3.0,5.0,5.0,1.0,2.0,4.0,6.0,5.0,5.0,2.0,2.0,3.0,2.0,6.0,5.0,6.0,1.0,4.0,384.0,128.0,1.0,1536.0,512.0,1.0,1.0,1.0,1.0,1.0,1.0,1.0,1.0,6.0,2.0,2.0,6.0,2.0,4.0,4.0,4.0,1.0,4.0,1.0,6.0,1.0,5.0,1.0,5.0,6.0,1024.0,192.0,1.0,48.0,3.0,1.0,1.0,1.0,1.0,1.0,1.0,1.0,11179683696.0,20435903.360000003,122437000.0,1.1567785714285714,240.0,514.0,294912.0,2.2846693560682365e+17,1.0,0.32738839000000003,78.57142857142857,13362.285714285714
2048000.0,512000.0,256.0,64.0,2.0,42.0,26.0,20.0,5.0,3.0,1.0,6.0,2.0,6.0,1.0,4.0,3.0,2.0,2.0,2.0,3.0,3.0,1.0,3.0,5.0,1.0,3.0,3.0,4.0,3.0,2.0,3.0,768.0,384.0,1.0,12.0,1.0,1.0,1.0,1.0,1.0,1.0,1.0,1.0,1.0,3.0,5.0,6.0,4.0,4.0,1.0,4.0,1.0,4.0,2.0,5.0,6.0,1.0,6.0,4.0,1.0,2.0,8.0,32.0,1.0,1.0,2.0,1.0,128.0,8.0,1.0,1.0,1.0,1.0,4.0,3.0,4.0,6.0,3.0,2.0,6.0,3.0,5.0,3.0,4.0,2.0,5.0,6.0,6.0,4.0,5.0,2.0,32.0,2.0,1.0,32.0,2.0,1.0,1.0,32.0,1.0,1.0,1.0,1.0,2.0,1.0,5.0,6.0,3.0,2.0,2.0,1.0,6.0,4.0,3.0,6.0,3.0,2.0,5.0,1.0,3.0,3.0,192.0,4.0,1.0,4.0,48.0,1.0,1.0,1.0,1.0,1.0,1.0,1.0,4.0,1.0,1.0,4.0,4.0,3.0,6.0,2.0,6.0,2.0,2.0,3.0,5.0,2.0,5.0,1.0,1.0,6.0,256.0,4.0,1.0,1.0,3072.0,1.0,1.0,1.0,1.0,1.0,1.0,1.0,1.0,6.0,2.0,3.0,3.0,3.0,6.0,2.0,6.0,4.0,5.0,3.0,5.0,6.0,6.0,5.0,2.0,2.0,1024.0,1.0,1.0,8.0,2.0,1.0,1.0,1.0,1.0,1.0,1.0,1.0,11235467916.0,39858029.58,338556000.0,2.476368928571429,520.0,514.0,99328.0,4.478236125410689e+17,1.0,0.8158303392857142,78.57142857142857,3770.714285714286
16000.0,128000.0,256.0,64.0,1.0,48.0,34.0,2.0,4.0,3.0,4.0,1.0,4.0,5.0,3.0,6.0,1.0,6.0,4.0,6.0,2.0,4.0,3.0,3.0,5.0,4.0,4.0,4.0,1.0,3.0,2.0,3.0,6.0,2.0,1.0,256.0,32.0,1.0,1.0,1.0,1.0,1.0,1.0,1.0,6.0,5.0,6.0,1.0,3.0,2.0,1.0,5.0,1.0,4.0,5.0,6.0,5.0,5.0,6.0,6.0,6.0,3.0,2.0,16.0,1.0,1.0,1.0,1.0,1.0,2.0,1.0,1.0,1.0,1.0,3.0,1.0,5.0,2.0,5.0,4.0,4.0,1.0,6.0,6.0,6.0,3.0,2.0,1.0,3.0,2.0,5.0,6.0,32.0,16.0,1.0,32.0,16.0,1.0,1.0,64.0,1.0,1.0,1.0,1.0,3.0,1.0,1.0,4.0,3.0,3.0,5.0,3.0,4.0,4.0,4.0,6.0,4.0,3.0,2.0,2.0,1.0,6.0,128.0,3.0,1.0,1.0,24.0,1.0,1.0,1.0,1.0,1.0,1.0,1.0,3.0,1.0,4.0,6.0,4.0,4.0,1.0,1.0,4.0,2.0,3.0,4.0,5.0,6.0,3.0,1.0,2.0,6.0,384.0,24.0,1.0,4.0,1536.0,1.0,1.0,1.0,1.0,1.0,1.0,1.0,4.0,1.0,3.0,6.0,4.0,1.0,5.0,4.0,5.0,2.0,3.0,4.0,2.0,6.0,5.0,5.0,2.0,6.0,1.0,3.0,1.0,2.0,96.0,1.0,1.0,1.0,1.0,1.0,1.0,1.0,11173626192.0,101143596.0,1518260.0,0.015521114285714285,2.0,514.0,514.0,1.1301407334186665e+18,1.0,1.007175,78.57142857142857,78.57142857142857
2048.0,32000.0,256.0,64.0,2.0,16.0,14.0,36.0,2.0,1.0,5.0,3.0,3.0,1.0,6.0,2.0,3.0,3.0,2.0,3.0,2.0,5.0,3.0,5.0,5.0,5.0,3.0,5.0,1.0,5.0,2.0,1.0,768.0,192.0,1.0,6.0,32.0,1.0,1.0,1.0,1.0,1.0,1.0,1.0,2.0,3.0,2.0,3.0,6.0,1.0,3.0,3.0,6.0,1.0,4.0,4.0,1.0,6.0,6.0,1.0,2.0,4.0,2.0,64.0,1.0,4.0,32.0,1.0,128.0,4.0,1.0,1.0,1.0,1.0,1.0,4.0,6.0,2.0,4.0,5.0,4.0,5.0,4.0,1.0,2.0,1.0,6.0,2.0,2.0,5.0,3.0,3.0,2.0,128.0,1.0,1.0,4.0,1.0,2.0,32.0,1.0,1.0,1.0,1.0,3.0,1.0,3.0,2.0,6.0,5.0,3.0,3.0,2.0,4.0,4.0,6.0,3.0,3.0,2.0,4.0,4.0,3.0,4.0,32.0,1.0,128.0,768.0,1.0,1.0,1.0,1.0,1.0,1.0,1.0,6.0,3.0,1.0,4.0,4.0,3.0,3.0,2.0,3.0,5.0,1.0,6.0,3.0,3.0,2.0,3.0,5.0,3.0,64.0,2.0,1.0,1536.0,8.0,1.0,1.0,1.0,1.0,1.0,1.0,1.0,6.0,5.0,1.0,6.0,1.0,6.0,5.0,6.0,3.0,4.0,2.0,2.0,6.0,3.0,2.0,2.0,4.0,1.0,6.0,2.0,1.0,24.0,8.0,1.0,1.0,1.0,1.0,1.0,1.0,1.0,10907501628.0,39239161.68000001,324048000.0,2.396943214285714,504.0,514.0,52992.0,4.2800121990595526e+17,9.285742857142859,5.965850642857142,78.57142857142857,3689.714285714286
1024.0,64000.0,256.0,64.0,2.0,8.0,8.0,10.0,5.0,5.0,1.0,5.0,2.0,1.0,5.0,2.0,2.0,4.0,6.0,1.0,6.0,4.0,1.0,4.0,4.0,5.0,6.0,1.0,2.0,1.0,3.0,3.0,2.0,12.0,1.0,48.0,192.0,1.0,1.0,1.0,1.0,1.0,1.0,1.0,5.0,4.0,2.0,6.0,2.0,6.0,3.0,5.0,5.0,1.0,5.0,1.0,4.0,1.0,1.0,4.0,1.0,1.0,2.0,1.0,1.0,128.0,128.0,1.0,32.0,4.0,1.0,1.0,1.0,1.0,5.0,3.0,4.0,5.0,6.0,5.0,6.0,1.0,1.0,5.0,6.0,1.0,3.0,2.0,6.0,2.0,6.0,3.0,64.0,4.0,1.0,32.0,4.0,1.0,2.0,4.0,1.0,1.0,1.0,1.0,2.0,4.0,4.0,3.0,4.0,5.0,3.0,4.0,2.0,5.0,5.0,6.0,6.0,1.0,5.0,6.0,5.0,5.0,1.0,128.0,1.0,4.0,768.0,1.0,1.0,1.0,1.0,1.0,1.0,1.0,5.0,3.0,3.0,5.0,5.0,5.0,3.0,6.0,2.0,5.0,4.0,6.0,2.0,1.0,2.0,5.0,6.0,3.0,8.0,768.0,1.0,3.0,48.0,1.0,1.0,1.0,1.0,1.0,1.0,1.0,3.0,4.0,3.0,6.0,1.0,1.0,3.0,6.0,6.0,1.0,1.0,2.0,2.0,1.0,6.0,5.0,4.0,2.0,3.0,512.0,1.0,384.0,3.0,1.0,1.0,1.0,1.0,1.0,1.0,1.0,373744200.0,31940557.540000007,34776900.0,0.37941032142857134,80.0,514.0,17920.0,1.193759812534127e+16,53.072514285714284,12.168304999999998,78.57142857142857,3145.714285714286
4096.0,256000.0,256.0,64.0,3.0,44.0,40.0,12.0,6.0,4.0,3.0,3.0,3.0,6.0,2.0,4.0,6.0,1.0,4.0,4.0,4.0,5.0,5.0,6.0,3.0,2.0,1.0,6.0,5.0,1.0,5.0,4.0,3.0,3.0,1.0,1.0,4.0,1.0,1.0,1.0,1.0,1.0,1.0,1.0,6.0,5.0,2.0,4.0,3.0,1.0,5.0,6.0,5.0,4.0,6.0,4.0,6.0,5.0,2.0,6.0,5.0,4.0,4.0,4.0,1.0,128.0,2.0,1.0,128.0,8.0,1.0,1.0,1.0,1.0,3.0,1.0,4.0,2.0,4.0,5.0,4.0,5.0,4.0,6.0,1.0,6.0,4.0,3.0,4.0,6.0,4.0,4.0,8.0,32.0,1.0,128.0,8.0,1.0,64.0,64.0,1.0,1.0,1.0,1.0,5.0,2.0,1.0,3.0,5.0,2.0,4.0,1.0,2.0,2.0,1.0,2.0,3.0,6.0,1.0,1.0,2.0,6.0,48.0,128.0,1.0,32.0,12.0,1.0,1.0,1.0,1.0,1.0,1.0,1.0,3.0,4.0,3.0,4.0,1.0,6.0,1.0,3.0,1.0,1.0,5.0,5.0,3.0,2.0,4.0,3.0,2.0,4.0,3.0,24.0,1.0,1024.0,24.0,1.0,1.0,1.0,1.0,1.0,1.0,1.0,4.0,3.0,5.0,6.0,6.0,3.0,1.0,6.0,2.0,1.0,1.0,1.0,5.0,4.0,5.0,2.0,6.0,2.0,1.0,2.0,1.0,2.0,16.0,1.0,1.0,1.0,1.0,1.0,1.0,1.0,138935868.0,20615297.919999994,235436000000.0,290.9152142857143,21120.0,514.0,2031616.0,2864204310593794.0,48.22661071428571,0.47995525000000006,78.57142857142857,140133.7142857143
256000.0,16000.0,256.0,64.0,1.0,32.0,34.0,22.0,3.0,3.0,5.0,3.0,3.0,5.0,6.0,5.0,2.0,3.0,4.0,5.0,6.0,5.0,1.0,3.0,4.0,4.0,3.0,6.0,6.0,3.0,4.0,2.0,96.0,96.0,1.0,4.0,72.0,1.0,1.0,1.0,1.0,1.0,1.0,1.0,6.0,2.0,4.0,4.0,3.0,6.0,1.0,1.0,2.0,3.0,5.0,2.0,4.0,6.0,4.0,5.0,6.0,4.0,2.0,2.0,1.0,16.0,2.0,1.0,16.0,16.0,1.0,1.0,1.0,1.0,5.0,1.0,6.0,4.0,5.0,5.0,4.0,1.0,2.0,6.0,2.0,4.0,1.0,5.0,5.0,4.0,6.0,2.0,16.0,16.0,1.0,2.0,8.0,1.0,64.0,32.0,1.0,1.0,1.0,1.0,5.0,6.0,5.0,1.0,6.0,4.0,2.0,4.0,2.0,6.0,2.0,3.0,5.0,2.0,4.0,3.0,3.0,6.0,2.0,256.0,1.0,64.0,768.0,1.0,1.0,1.0,1.0,1.0,1.0,1.0,2.0,2.0,4.0,3.0,3.0,1.0,1.0,5.0,6.0,1.0,5.0,6.0,1.0,2.0,6.0,5.0,6.0,3.0,24.0,192.0,1.0,192.0,1536.0,1.0,1.0,1.0,1.0,1.0,1.0,1.0,1.0,4.0,2.0,6.0,6.0,4.0,1.0,2.0,3.0,1.0,1.0,5.0,5.0,2.0,3.0,2.0,5.0,6.0,4.0,6.0,1.0,4.0,192.0,1.0,1.0,1.0,1.0,1.0,1.0,1.0,10885792080.0,96944992.80000001,9452030.0,0.10569240000000002,22.0,514.0,514.0,1.0553230348178972e+18,18.428542857142862,18.924657857142858,78.57142857142857,150.57142857142858
512000.0,1024000.0,256.0,64.0,2.0,12.0,36.0,20.0,6.0,6.0,3.0,5.0,6.0,2.0,2.0,1.0,2.0,3.0,5.0,4.0,5.0,5.0,1.0,2.0,2.0,3.0,3.0,3.0,2.0,6.0,3.0,6.0,384.0,1.0,1.0,2304.0,576.0,1.0,1.0,1.0,1.0,1.0,1.0,1.0,6.0,3.0,2.0,4.0,4.0,5.0,5.0,2.0,4.0,1.0,3.0,3.0,3.0,3.0,3.0,6.0,3.0,4.0,16.0,8.0,1.0,4.0,16.0,1.0,32.0,8.0,1.0,1.0,1.0,1.0,3.0,3.0,4.0,6.0,2.0,4.0,1.0,1.0,5.0,5.0,2.0,1.0,4.0,6.0,4.0,1.0,3.0,4.0,16.0,64.0,1.0,4.0,2.0,1.0,64.0,64.0,1.0,1.0,1.0,1.0,3.0,5.0,2.0,1.0,2.0,6.0,5.0,1.0,3.0,1.0,3.0,3.0,3.0,4.0,5.0,5.0,1.0,3.0,12.0,3.0,1.0,3.0,256.0,1.0,1.0,1.0,1.0,1.0,1.0,1.0,2.0,3.0,5.0,5.0,5.0,4.0,6.0,4.0,4.0,1.0,1.0,1.0,3.0,6.0,2.0,1.0,3.0,3.0,48.0,128.0,1.0,1.0,96.0,1.0,1.0,1.0,1.0,1.0,1.0,1.0,2.0,4.0,2.0,3.0,4.0,4.0,1.0,6.0,4.0,5.0,4.0,4.0,2.0,2.0,6.0,2.0,4.0,4.0,32.0,96.0,1.0,48.0,48.0,1.0,1.0,1.0,1.0,1.0,1.0,1.0,261250344.0,18397847.42,541896000.0,3.6032703571428564,720.0,514.0,417792.0,4806443967334513.0,67.62025000000001,3.0361043928571427,78.57142857142857,38158.0
128.0,512000.0,256.0,64.0,2.0,46.0,32.0,30.0,5.0,6.0,6.0,6.0,4.0,6.0,6.0,1.0,3.0,2.0,2.0,1.0,5.0,4.0,1.0,2.0,6.0,1.0,2.0,4.0,1.0,3.0,1.0,2.0,128.0,8.0,1.0,72.0,12.0,1.0,1.0,1.0,1.0,1.0,1.0,1.0,5.0,5.0,3.0,1.0,1.0,2.0,1.0,3.0,6.0,4.0,4.0,2.0,5.0,4.0,6.0,6.0,1.0,6.0,8.0,1.0,1.0,4.0,32.0,1.0,4.0,8.0,1.0,1.0,1.0,1.0,5.0,5.0,4.0,6.0,2.0,3.0,5.0,1.0,2.0,6.0,4.0,1.0,1.0,4.0,3.0,4.0,2.0,6.0,64.0,128.0,1.0,8.0,64.0,1.0,1.0,64.0,1.0,1.0,1.0,1.0,5.0,4.0,6.0,5.0,2.0,4.0,6.0,4.0,3.0,2.0,5.0,3.0,2.0,4.0,3.0,2.0,2.0,1.0,768.0,96.0,1.0,1.0,6.0,1.0,1.0,1.0,1.0,1.0,1.0,1.0,3.0,2.0,1.0,3.0,3.0,3.0,2.0,2.0,5.0,4.0,2.0,3.0,6.0,3.0,1.0,2.0,2.0,4.0,64.0,64.0,1.0,1536.0,1536.0,1.0,1.0,1.0,1.0,1.0,1.0,1.0,2.0,1.0,5.0,4.0,1.0,2.0,4.0,3.0,1.0,3.0,4.0,3.0,2.0,6.0,5.0,1.0,3.0,2.0,48.0,64.0,1.0,32.0,48.0,1.0,1.0,1.0,1.0,1.0,1.0,1.0,2088022800.0,20371627.28,839719000.0,4.905134285714286,960.0,514.0,802816.0,4.253642223374198e+16,64.92857142857143,44.25501575,78.57142857142857,51397.71428571428
128.0,1024000.0,256.0,64.0,1.0,32.0,30.0,46.0,6.0,5.0,4.0,3.0,2.0,5.0,5.0,2.0,4.0,1.0,5.0,6.0,4.0,4.0,2.0,2.0,2.0,6.0,1.0,3.0,4.0,2.0,2.0,5.0,192.0,4.0,1.0,4.0,4.0,1.0,1.0,1.0,1.0,1.0,1.0,1.0,2.0,5.0,3.0,5.0,2.0,1.0,4.0,1.0,2.0,5.0,1.0,5.0,6.0,2.0,6.0,2.0,3.0,3.0,16.0,2.0,1.0,128.0,64.0,1.0,2.0,2.0,1.0,1.0,1.0,1.0,4.0,4.0,4.0,2.0,5.0,2.0,2.0,2.0,2.0,6.0,6.0,4.0,4.0,1.0,6.0,5.0,4.0,4.0,64.0,1.0,1.0,16.0,2.0,1.0,8.0,64.0,1.0,1.0,1.0,1.0,4.0,5.0,2.0,2.0,1.0,5.0,5.0,4.0,3.0,5.0,3.0,2.0,2.0,4.0,4.0,3.0,5.0,4.0,384.0,48.0,1.0,192.0,24.0,1.0,1.0,1.0,1.0,1.0,1.0,1.0,5.0,1.0,6.0,6.0,5.0,3.0,3.0,4.0,1.0,3.0,3.0,3.0,3.0,6.0,6.0,1.0,2.0,5.0,256.0,12.0,1.0,512.0,64.0,1.0,1.0,1.0,1.0,1.0,1.0,1.0,6.0,4.0,5.0,6.0,2.0,1.0,2.0,4.0,3.0,5.0,5.0,2.0,4.0,4.0,3.0,4.0,3.0,2.0,8.0,16.0,1.0,12.0,256.0,1.0,1.0,1.0,1.0,1.0,1.0,1.0,247727520.0,52383959.03999999,19515900.0,0.22027185714285719,46.0,514.0,12124.0,1.2976948260760778e+16,38.47787857142857,36.72345892857143,78.57142857142857,1891.4285714285713
1024.0,32000000.0,256.0,64.0,2.0,8.0,6.0,10.0,1.0,6.0,4.0,2.0,4.0,4.0,3.0,3.0,2.0,2.0,5.0,1.0,2.0,5.0,3.0,2.0,4.0,4.0,2.0,6.0,1.0,5.0,3.0,6.0,12.0,768.0,1.0,144.0,9.0,1.0,1.0,1.0,1.0,1.0,1.0,1.0,4.0,6.0,4.0,4.0,6.0,5.0,3.0,1.0,4.0,3.0,1.0,6.0,3.0,3.0,3.0,1.0,4.0,3.0,64.0,32.0,1.0,2.0,1.0,1.0,1.0,64.0,1.0,1.0,1.0,1.0,3.0,5.0,1.0,3.0,2.0,4.0,1.0,5.0,5.0,2.0,2.0,2.0,3.0,2.0,3.0,1.0,4.0,3.0,16.0,4.0,1.0,128.0,64.0,1.0,16.0,16.0,1.0,1.0,1.0,1.0,2.0,6.0,1.0,4.0,1.0,6.0,2.0,3.0,5.0,5.0,2.0,3.0,6.0,2.0,3.0,1.0,5.0,5.0,256.0,768.0,1.0,4.0,384.0,1.0,1.0,1.0,1.0,1.0,1.0,1.0,3.0,1.0,4.0,1.0,5.0,1.0,2.0,6.0,5.0,1.0,4.0,4.0,2.0,6.0,2.0,3.0,6.0,2.0,48.0,192.0,1.0,12.0,256.0,1.0,1.0,1.0,1.0,1.0,1.0,1.0,6.0,6.0,6.0,5.0,3.0,3.0,4.0,4.0,1.0,1.0,3.0,5.0,2.0,2.0,4.0,5.0,6.0,2.0,8.0,24.0,1.0,192.0,1.0,1.0,1.0,1.0,1.0,1.0,1.0,1.0,1857051024.0,22309236.119999997,25664400.0,0.30045871428571436,60.0,514.0,83968.0,4.1429389781303784e+16,10.204469285714286,3.280051785714286,78.57142857142857,6692.571428571428
1024000.0,32000.0,256.0,64.0,2.0,34.0,24.0,38.0,2.0,3.0,2.0,1.0,1.0,1.0,1.0,4.0,5.0,3.0,5.0,6.0,4.0,2.0,1.0,4.0,5.0,4.0,3.0,1.0,3.0,3.0,4.0,3.0,96.0,32.0,1.0,3.0,3.0,1.0,1.0,1.0,1.0,1.0,1.0,1.0,4.0,2.0,5.0,1.0,3.0,6.0,3.0,4.0,1.0,3.0,6.0,3.0,2.0,3.0,2.0,3.0,1.0,1.0,4.0,32.0,1.0,8.0,64.0,1.0,32.0,32.0,1.0,1.0,1.0,1.0,6.0,6.0,3.0,6.0,4.0,1.0,6.0,5.0,3.0,1.0,4.0,1.0,5.0,6.0,6.0,1.0,4.0,4.0,8.0,32.0,1.0,2.0,64.0,1.0,32.0,1.0,1.0,1.0,1.0,1.0,5.0,2.0,6.0,6.0,3.0,1.0,6.0,5.0,3.0,6.0,4.0,1.0,3.0,1.0,1.0,5.0,2.0,3.0,256.0,64.0,1.0,64.0,8.0,1.0,1.0,1.0,1.0,1.0,1.0,1.0,5.0,2.0,6.0,2.0,5.0,1.0,3.0,1.0,5.0,2.0,4.0,6.0,6.0,1.0,4.0,4.0,2.0,3.0,8.0,384.0,1.0,384.0,6.0,1.0,1.0,1.0,1.0,1.0,1.0,1.0,2.0,5.0,2.0,2.0,1.0,3.0,2.0,6.0,6.0,5.0,2.0,4.0,2.0,4.0,2.0,4.0,1.0,5.0,6.0,1024.0,1.0,8.0,24.0,1.0,1.0,1.0,1.0,1.0,1.0,1.0,54766440.0,22945542.72,775392000.0,4.513642857142857,912.0,514.0,90112.0,1256645688642316.8,167.22092857142857,16.078875,78.57142857142857,11915.42857142857
128000.0,4096000.0,256.0,64.0,3.0,2.0,40.0,2.0,2.0,3.0,3.0,4.0,5.0,1.0,2.0,2.0,1.0,4.0,4.0,3.0,6.0,1.0,6.0,2.0,1.0,2.0,3.0,2.0,6.0,5.0,6.0,6.0,24.0,96.0,1.0,144.0,36.0,1.0,1.0,1.0,1.0,1.0,1.0,1.0,4.0,2.0,1.0,2.0,3.0,2.0,6.0,2.0,1.0,3.0,5.0,4.0,6.0,4.0,6.0,2.0,1.0,4.0,8.0,2.0,1.0,1.0,128.0,1.0,8.0,16.0,1.0,1.0,1.0,1.0,6.0,4.0,4.0,5.0,4.0,4.0,3.0,4.0,6.0,6.0,2.0,2.0,6.0,6.0,5.0,6.0,4.0,2.0,1.0,32.0,1.0,4.0,64.0,1.0,16.0,1.0,1.0,1.0,1.0,1.0,1.0,5.0,6.0,2.0,5.0,3.0,4.0,4.0,5.0,4.0,3.0,1.0,3.0,2.0,5.0,5.0,6.0,2.0,1.0,768.0,1.0,64.0,12.0,1.0,1.0,1.0,1.0,1.0,1.0,1.0,5.0,2.0,5.0,2.0,2.0,6.0,4.0,3.0,4.0,4.0,5.0,1.0,6.0,1.0,2.0,3.0,5.0,2.0,128.0,12.0,1.0,128.0,3072.0,1.0,1.0,1.0,1.0,1.0,1.0,1.0,4.0,2.0,4.0,3.0,6.0,5.0,4.0,2.0,1.0,2.0,5.0,6.0,2.0,4.0,3.0,6.0,1.0,6.0,12.0,256.0,1.0,384.0,8.0,1.0,1.0,1.0,1.0,1.0,1.0,1.0,5710584648.0,18101828.48,75496300.0,1.0484565714285714,160.0,514.0,1605632.0,1.0337202381861718e+17,1.5714285714285714,0.03404017857142857,78.57142857142857,90331.42857142857
64000.0,512000.0,256.0,64.0,2.0,10.0,44.0,34.0,4.0,6.0,5.0,5.0,1.0,3.0,4.0,6.0,3.0,5.0,1.0,2.0,5.0,4.0,1.0,4.0,3.0,5.0,3.0,4.0,6.0,2.0,6.0,6.0,4.0,24.0,1.0,48.0,3.0,1.0,1.0,1.0,1.0,1.0,1.0,1.0,6.0,4.0,2.0,2.0,5.0,2.0,3.0,6.0,6.0,4.0,3.0,6.0,5.0,1.0,5.0,2.0,5.0,6.0,16.0,64.0,1.0,32.0,16.0,1.0,128.0,2.0,1.0,1.0,1.0,1.0,5.0,3.0,3.0,5.0,4.0,4.0,4.0,1.0,3.0,3.0,6.0,6.0,3.0,3.0,3.0,1.0,3.0,6.0,1.0,128.0,1.0,32.0,16.0,1.0,4.0,16.0,1.0,1.0,1.0,1.0,3.0,6.0,5.0,2.0,1.0,4.0,6.0,2.0,2.0,3.0,5.0,4.0,5.0,2.0,1.0,5.0,1.0,5.0,2.0,128.0,1.0,48.0,64.0,1.0,1.0,1.0,1.0,1.0,1.0,1.0,1.0,3.0,3.0,6.0,1.0,1.0,6.0,5.0,2.0,2.0,2.0,2.0,1.0,6.0,5.0,4.0,2.0,3.0,192.0,4.0,1.0,2.0,1.0,1.0,1.0,1.0,1.0,1.0,1.0,1.0,5.0,1.0,4.0,3.0,3.0,5.0,3.0,4.0,2.0,3.0,2.0,1.0,3.0,3.0,3.0,2.0,3.0,4.0,128.0,64.0,1.0,48.0,96.0,1.0,1.0,1.0,1.0,1.0,1.0,1.0,444091668.0,27377377.96,1716680000.0,7.790015714285715,1496.0,514.0,299008.0,1.2158065443722838e+16,24.805442857142857,15.045112392857142,78.57142857142857,21594.285714285714
128.0,32000.0,256.0,64.0,1.0,28.0,4.0,44.0,4.0,5.0,6.0,2.0,3.0,4.0,4.0,5.0,1.0,2.0,4.0,4.0,4.0,2.0,5.0,2.0,6.0,6.0,4.0,6.0,3.0,6.0,5.0,1.0,192.0,24.0,1.0,64.0,144.0,1.0,1.0,1.0,1.0,1.0,1.0,1.0,5.0,2.0,4.0,2.0,6.0,6.0,5.0,4.0,6.0,1.0,1.0,4.0,4.0,1.0,4.0,5.0,5.0,6.0,4.0,1.0,1.0,16.0,16.0,1.0,8.0,2.0,1.0,1.0,1.0,1.0,5.0,5.0,6.0,2.0,4.0,3.0,6.0,3.0,5.0,6.0,4.0,2.0,5.0,6.0,5.0,1.0,6.0,5.0,4.0,4.0,1.0,1.0,2.0,1.0,2.0,16.0,1.0,1.0,1.0,1.0,6.0,6.0,3.0,5.0,4.0,5.0,2.0,6.0,4.0,6.0,5.0,1.0,2.0,6.0,4.0,4.0,3.0,5.0,96.0,4.0,1.0,3.0,12.0,1.0,1.0,1.0,1.0,1.0,1.0,1.0,1.0,2.0,5.0,5.0,2.0,4.0,3.0,2.0,3.0,6.0,1.0,6.0,4.0,4.0,4.0,3.0,4.0,2.0,8.0,4.0,1.0,1024.0,192.0,1.0,1.0,1.0,1.0,1.0,1.0,1.0,5.0,3.0,1.0,2.0,5.0,6.0,6.0,6.0,6.0,5.0,5.0,4.0,1.0,6.0,2.0,1.0,4.0,5.0,1536.0,384.0,1.0,384.0,384.0,1.0,1.0,1.0,1.0,1.0,1.0,1.0,10879893840.0,100451832.0,18653700.0,0.20545185714285716,44.0,514.0,514.0,1.0929052681935149e+18,32.142871428571425,32.35743607142858,78.57142857142857,226.0
128000.0,64000.0,256.0,64.0,2.0,30.0,40.0,2.0,3.0,3.0,4.0,1.0,1.0,5.0,5.0,3.0,1.0,5.0,3.0,6.0,1.0,1.0,5.0,1.0,2.0,3.0,5.0,6.0,5.0,4.0,3.0,6.0,24.0,24.0,1.0,36.0,4.0,1.0,1.0,1.0,1.0,1.0,1.0,1.0,6.0,1.0,3.0,3.0,3.0,2.0,1.0,2.0,1.0,4.0,1.0,3.0,3.0,1.0,1.0,6.0,5.0,5.0,8.0,32.0,1.0,32.0,1.0,1.0,32.0,4.0,1.0,1.0,1.0,1.0,3.0,4.0,1.0,6.0,4.0,3.0,6.0,4.0,6.0,2.0,3.0,6.0,1.0,3.0,5.0,1.0,6.0,6.0,4.0,128.0,1.0,1.0,8.0,1.0,4.0,2.0,1.0,1.0,1.0,1.0,6.0,4.0,2.0,5.0,4.0,2.0,2.0,6.0,3.0,3.0,3.0,3.0,1.0,1.0,3.0,6.0,1.0,2.0,48.0,256.0,1.0,64.0,1.0,1.0,1.0,1.0,1.0,1.0,1.0,1.0,4.0,6.0,3.0,3.0,3.0,6.0,3.0,4.0,2.0,2.0,5.0,1.0,6.0,6.0,5.0,2.0,5.0,1.0,32.0,3.0,1.0,32.0,4.0,1.0,1.0,1.0,1.0,1.0,1.0,1.0,1.0,4.0,4.0,2.0,6.0,1.0,1.0,6.0,6.0,2.0,1.0,4.0,1.0,2.0,6.0,4.0,6.0,6.0,768.0,64.0,1.0,256.0,2.0,1.0,1.0,1.0,1.0,1.0,1.0,1.0,11049174156.0,41309911.099999994,34776800.0,0.37353010714285717,80.0,514.0,17152.0,4.564404021127775e+17,1.8571428571428572,1.2203803464285716,78.57142857142857,1441.4285714285713
32000.0,128000.0,256.0,64.0,3.0,2.0,10.0,32.0,5.0,1.0,6.0,4.0,4.0,6.0,2.0,6.0,1.0,6.0,3.0,2.0,3.0,1.0,2.0,6.0,4.0,3.0,1.0,4.0,6.0,6.0,3.0,3.0,12.0,48.0,1.0,256.0,3.0,1.0,1.0,1.0,1.0,1.0,1.0,1.0,4.0,5.0,4.0,2.0,2.0,5.0,6.0,1.0,6.0,2.0,3.0,1.0,1.0,6.0,5.0,6.0,3.0,6.0,16.0,8.0,1.0,128.0,2.0,1.0,8.0,32.0,1.0,1.0,1.0,1.0,3.0,5.0,5.0,6.0,3.0,2.0,1.0,6.0,3.0,5.0,5.0,1.0,1.0,2.0,5.0,1.0,5.0,5.0,1.0,2.0,1.0,128.0,4.0,1.0,8.0,64.0,1.0,1.0,1.0,1.0,1.0,4.0,5.0,2.0,2.0,5.0,3.0,3.0,1.0,2.0,6.0,5.0,6.0,4.0,4.0,3.0,3.0,4.0,48.0,768.0,1.0,8.0,256.0,1.0,1.0,1.0,1.0,1.0,1.0,1.0,1.0,1.0,5.0,6.0,5.0,4.0,2.0,3.0,4.0,1.0,6.0,6.0,6.0,1.0,4.0,5.0,2.0,2.0,1.0,32.0,1.0,512.0,16.0,1.0,1.0,1.0,1.0,1.0,1.0,1.0,3.0,3.0,1.0,1.0,5.0,2.0,1.0,1.0,6.0,6.0,6.0,3.0,6.0,1.0,2.0,3.0,1.0,6.0,6.0,64.0,1.0,2.0,8.0,1.0,1.0,1.0,1.0,1.0,1.0,1.0,4692954816.0,19068028.700000003,455706000.0,3.2397449999999997,640.0,514.0,655360.0,8.948539711929123e+16,8.821428571428571,0.42753287142857144,78.57142857142857,50907.42857142857
64000.0,1024000.0,256.0,64.0,3.0,28.0,22.0,2.0,2.0,2.0,1.0,6.0,6.0,6.0,2.0,5.0,3.0,4.0,3.0,2.0,6.0,2.0,5.0,3.0,2.0,3.0,5.0,1.0,3.0,2.0,2.0,5.0,768.0,12.0,1.0,144.0,9.0,1.0,1.0,1.0,1.0,1.0,1.0,1.0,2.0,6.0,4.0,5.0,6.0,6.0,1.0,6.0,1.0,6.0,2.0,4.0,2.0,2.0,6.0,2.0,2.0,5.0,64.0,32.0,1.0,64.0,4.0,1.0,16.0,32.0,1.0,1.0,1.0,1.0,3.0,4.0,5.0,3.0,6.0,2.0,1.0,1.0,4.0,4.0,4.0,3.0,6.0,6.0,2.0,2.0,5.0,2.0,64.0,64.0,1.0,16.0,8.0,1.0,32.0,1.0,1.0,1.0,1.0,1.0,5.0,4.0,2.0,4.0,3.0,4.0,3.0,3.0,2.0,5.0,6.0,3.0,2.0,2.0,4.0,1.0,2.0,4.0,48.0,384.0,1.0,4.0,3.0,1.0,1.0,1.0,1.0,1.0,1.0,1.0,3.0,4.0,1.0,1.0,2.0,1.0,2.0,3.0,6.0,4.0,2.0,6.0,6.0,3.0,2.0,4.0,6.0,4.0,3.0,48.0,1.0,24.0,192.0,1.0,1.0,1.0,1.0,1.0,1.0,1.0,2.0,1.0,1.0,1.0,4.0,3.0,4.0,3.0,6.0,3.0,2.0,4.0,4.0,3.0,4.0,2.0,6.0,2.0,24.0,1024.0,1.0,1.0,6.0,1.0,1.0,1.0,1.0,1.0,1.0,1.0,11176071288.0,18183582.96,1248140000.0,6.359805000000001,1232.0,514.0,454656.0,2.0322101943222205e+17,1.0,0.0008370535714285714,78.57142857142857,42697.142857142855
2048.0,8192000.0,256.0,64.0,1.0,4.0,32.0,16.0,6.0,4.0,4.0,3.0,1.0,1.0,1.0,1.0,2.0,6.0,6.0,2.0,1.0,4.0,5.0,4.0,1.0,1.0,6.0,5.0,1.0,6.0,2.0,3.0,8.0,768.0,1.0,6.0,256.0,1.0,1.0,1.0,1.0,1.0,1.0,1.0,3.0,3.0,5.0,3.0,1.0,2.0,2.0,3.0,2.0,2.0,4.0,6.0,4.0,4.0,4.0,4.0,4.0,1.0,64.0,1.0,1.0,2.0,64.0,1.0,2.0,32.0,1.0,1.0,1.0,1.0,4.0,2.0,3.0,2.0,1.0,2.0,4.0,2.0,6.0,5.0,6.0,5.0,4.0,3.0,3.0,3.0,3.0,3.0,2.0,16.0,1.0,4.0,64.0,1.0,1.0,4.0,1.0,1.0,1.0,1.0,6.0,1.0,4.0,6.0,3.0,5.0,4.0,4.0,6.0,5.0,3.0,6.0,5.0,4.0,5.0,3.0,4.0,5.0,128.0,4.0,1.0,64.0,384.0,1.0,1.0,1.0,1.0,1.0,1.0,1.0,4.0,6.0,2.0,4.0,3.0,5.0,4.0,6.0,4.0,4.0,5.0,6.0,6.0,4.0,2.0,1.0,1.0,2.0,12.0,256.0,1.0,12.0,4.0,1.0,1.0,1.0,1.0,1.0,1.0,1.0,2.0,6.0,5.0,3.0,3.0,4.0,2.0,1.0,6.0,3.0,1.0,2.0,2.0,6.0,1.0,5.0,6.0,5.0,1.0,512.0,1.0,2.0,4.0,1.0,1.0,1.0,1.0,1.0,1.0,1.0,698352336.0,39329142.72,7028500.0,0.08055197142857141,16.0,514.0,4384.0,2.746559869138939e+16,16.0,14.396908928571428,78.57142857142857,682.8571428571429
256000.0,128000.0,256.0,64.0,2.0,4.0,26.0,46.0,6.0,1.0,1.0,6.0,3.0,6.0,2.0,1.0,4.0,3.0,2.0,3.0,1.0,2.0,4.0,1.0,2.0,4.0,2.0,6.0,3.0,5.0,6.0,1.0,96.0,24.0,1.0,288.0,384.0,1.0,1.0,1.0,1.0,1.0,1.0,1.0,3.0,5.0,2.0,2.0,5.0,4.0,6.0,4.0,5.0,1.0,6.0,1.0,5.0,2.0,6.0,5.0,5.0,1.0,1.0,64.0,1.0,128.0,1.0,1.0,128.0,4.0,1.0,1.0,1.0,1.0,6.0,1.0,6.0,2.0,2.0,2.0,5.0,5.0,5.0,2.0,1.0,2.0,1.0,3.0,6.0,4.0,1.0,1.0,4.0,16.0,1.0,32.0,32.0,1.0,8.0,32.0,1.0,1.0,1.0,1.0,1.0,3.0,2.0,5.0,4.0,4.0,5.0,6.0,3.0,5.0,2.0,6.0,6.0,1.0,3.0,5.0,5.0,2.0,1.0,64.0,1.0,12.0,12.0,1.0,1.0,1.0,1.0,1.0,1.0,1.0,6.0,5.0,2.0,6.0,2.0,4.0,2.0,2.0,1.0,6.0,3.0,3.0,5.0,5.0,1.0,1.0,4.0,4.0,96.0,256.0,1.0,24.0,32.0,1.0,1.0,1.0,1.0,1.0,1.0,1.0,4.0,1.0,2.0,6.0,1.0,1.0,3.0,5.0,5.0,3.0,1.0,4.0,4.0,1.0,1.0,3.0,3.0,6.0,64.0,512.0,1.0,1.0,128.0,1.0,1.0,1.0,1.0,1.0,1.0,1.0,827605968.0,26154811.279999997,1189760000.0,6.182508571428572,1196.0,514.0,592896.0,2.1645877907241716e+16,18.628557142857147,2.6455052678571427,78.57142857142857,49344.0
4096.0,512000.0,256.0,64.0,3.0,48.0,2.0,2.0,1.0,2.0,3.0,6.0,3.0,1.0,6.0,6.0,1.0,1.0,4.0,3.0,3.0,6.0,3.0,3.0,6.0,5.0,2.0,6.0,4.0,6.0,6.0,3.0,768.0,4.0,1.0,24.0,288.0,1.0,1.0,1.0,1.0,1.0,1.0,1.0,4.0,5.0,3.0,4.0,4.0,1.0,4.0,2.0,5.0,4.0,1.0,4.0,3.0,1.0,1.0,6.0,3.0,1.0,8.0,32.0,1.0,4.0,4.0,1.0,64.0,16.0,1.0,1.0,1.0,1.0,5.0,1.0,6.0,6.0,4.0,6.0,2.0,4.0,4.0,4.0,5.0,2.0,5.0,5.0,2.0,6.0,6.0,3.0,64.0,2.0,1.0,1.0,4.0,1.0,1.0,8.0,1.0,1.0,1.0,1.0,5.0,5.0,1.0,4.0,1.0,1.0,6.0,4.0,6.0,6.0,5.0,5.0,2.0,6.0,4.0,1.0,6.0,4.0,3.0,384.0,1.0,16.0,128.0,1.0,1.0,1.0,1.0,1.0,1.0,1.0,2.0,4.0,6.0,6.0,5.0,6.0,2.0,3.0,1.0,1.0,2.0,6.0,5.0,6.0,2.0,4.0,6.0,3.0,4.0,12.0,1.0,256.0,1024.0,1.0,1.0,1.0,1.0,1.0,1.0,1.0,4.0,1.0,4.0,3.0,1.0,5.0,2.0,2.0,5.0,2.0,6.0,2.0,1.0,2.0,4.0,2.0,3.0,4.0,384.0,12.0,1.0,6.0,192.0,1.0,1.0,1.0,1.0,1.0,1.0,1.0,11061472008.0,19291938.479999997,93451700.0,1.0833645714285716,192.0,514.0,712704.0,2.1339723747657802e+17,1.8571428571428572,0.23298017857142858,78.57142857142857,57298.28571428572
64000.0,128000.0,256.0,64.0,1.0,8.0,42.0,20.0,5.0,2.0,2.0,5.0,4.0,1.0,1.0,4.0,3.0,4.0,6.0,1.0,2.0,5.0,4.0,5.0,5.0,1.0,1.0,1.0,5.0,4.0,2.0,6.0,4.0,6.0,1.0,4.0,48.0,1.0,1.0,1.0,1.0,1.0,1.0,1.0,6.0,6.0,5.0,2.0,6.0,4.0,6.0,5.0,5.0,6.0,1.0,6.0,3.0,3.0,1.0,2.0,1.0,4.0,16.0,32.0,1.0,8.0,128.0,1.0,16.0,2.0,1.0,1.0,1.0,1.0,2.0,3.0,3.0,3.0,3.0,1.0,6.0,2.0,3.0,4.0,2.0,2.0,5.0,6.0,3.0,6.0,3.0,1.0,128.0,64.0,1.0,64.0,2.0,1.0,1.0,2.0,1.0,1.0,1.0,1.0,4.0,3.0,3.0,2.0,3.0,5.0,4.0,3.0,1.0,4.0,4.0,3.0,5.0,1.0,5.0,6.0,3.0,6.0,64.0,64.0,1.0,48.0,16.0,1.0,1.0,1.0,1.0,1.0,1.0,1.0,5.0,3.0,3.0,4.0,4.0,2.0,6.0,1.0,3.0,3.0,6.0,5.0,1.0,5.0,1.0,3.0,3.0,1.0,32.0,192.0,1.0,32.0,1536.0,1.0,1.0,1.0,1.0,1.0,1.0,1.0,3.0,3.0,2.0,5.0,6.0,5.0,5.0,5.0,1.0,1.0,3.0,5.0,2.0,1.0,4.0,2.0,3.0,5.0,12.0,16.0,1.0,64.0,192.0,1.0,1.0,1.0,1.0,1.0,1.0,1.0,567411504.0,38442083.519999996,8640490.0,0.09909237142857144,20.0,514.0,5416.0,2.1812480426976812e+16,17.516192857142855,15.59820892857143,78.57142857142857,844.0
256.0,4096000.0,256.0,64.0,3.0,4.0,20.0,32.0,1.0,3.0,5.0,6.0,4.0,6.0,4.0,6.0,3.0,4.0,3.0,2.0,1.0,1.0,2.0,5.0,6.0,6.0,3.0,4.0,2.0,2.0,4.0,4.0,6.0,6.0,1.0,18.0,48.0,1.0,1.0,1.0,1.0,1.0,1.0,1.0,2.0,1.0,6.0,1.0,4.0,1.0,1.0,5.0,1.0,3.0,2.0,1.0,6.0,6.0,4.0,6.0,6.0,2.0,4.0,8.0,1.0,32.0,1.0,1.0,128.0,1.0,1.0,1.0,1.0,1.0,4.0,2.0,1.0,5.0,3.0,3.0,1.0,1.0,5.0,1.0,1.0,5.0,3.0,4.0,2.0,4.0,3.0,6.0,64.0,2.0,1.0,4.0,1.0,1.0,2.0,4.0,1.0,1.0,1.0,1.0,3.0,3.0,4.0,5.0,2.0,6.0,4.0,4.0,4.0,5.0,5.0,4.0,1.0,1.0,6.0,5.0,3.0,5.0,64.0,3.0,1.0,24.0,12.0,1.0,1.0,1.0,1.0,1.0,1.0,1.0,5.0,2.0,1.0,3.0,3.0,3.0,3.0,6.0,6.0,6.0,2.0,3.0,5.0,5.0,4.0,1.0,4.0,4.0,16.0,4.0,1.0,1.0,1.0,1.0,1.0,1.0,1.0,1.0,1.0,1.0,6.0,3.0,5.0,1.0,3.0,3.0,5.0,4.0,5.0,3.0,5.0,5.0,3.0,2.0,1.0,5.0,3.0,1.0,1024.0,96.0,1.0,3.0,1.0,1.0,1.0,1.0,1.0,1.0,1.0,1.0,11187655920.0,21180398.32,4325170000.0,14.448260714285713,2560.0,514.0,269056.0,2.3695900865270605e+17,1.4285714285714286,0.17623779750000002,78.57142857142857,16254.857142857143
128000.0,1024000.0,256.0,64.0,2.0,18.0,38.0,2.0,6.0,1.0,2.0,6.0,5.0,6.0,1.0,5.0,1.0,2.0,4.0,1.0,5.0,4.0,6.0,4.0,4.0,3.0,2.0,3.0,1.0,4.0,3.0,4.0,6.0,24.0,1.0,576.0,9.0,1.0,1.0,1.0,1.0,1.0,1.0,1.0,2.0,2.0,4.0,4.0,5.0,6.0,5.0,2.0,6.0,5.0,6.0,2.0,5.0,2.0,5.0,1.0,4.0,3.0,2.0,2.0,1.0,2.0,2.0,1.0,4.0,16.0,1.0,1.0,1.0,1.0,4.0,4.0,2.0,3.0,6.0,2.0,5.0,5.0,2.0,5.0,2.0,6.0,4.0,5.0,2.0,1.0,2.0,6.0,32.0,1.0,1.0,64.0,128.0,1.0,32.0,16.0,1.0,1.0,1.0,1.0,3.0,4.0,1.0,2.0,5.0,1.0,5.0,6.0,2.0,4.0,2.0,4.0,3.0,1.0,3.0,3.0,5.0,6.0,24.0,32.0,1.0,16.0,24.0,1.0,1.0,1.0,1.0,1.0,1.0,1.0,6.0,1.0,2.0,4.0,2.0,1.0,2.0,3.0,6.0,2.0,6.0,4.0,2.0,1.0,4.0,2.0,5.0,5.0,64.0,16.0,1.0,1.0,32.0,1.0,1.0,1.0,1.0,1.0,1.0,1.0,6.0,6.0,3.0,1.0,2.0,2.0,1.0,2.0,4.0,2.0,4.0,5.0,1.0,5.0,6.0,3.0,4.0,6.0,12.0,512.0,1.0,4.0,96.0,1.0,1.0,1.0,1.0,1.0,1.0,1.0,373186200.0,25110259.779999997,32941900.0,0.4335265357142856,76.0,514.0,225280.0,9370802428311036.0,31.877550000000003,4.197232285714286,78.57142857142857,24126.0
64000.0,16000000.0,256.0,64.0,3.0,26.0,6.0,32.0,1.0,3.0,3.0,5.0,4.0,3.0,4.0,3.0,2.0,3.0,6.0,5.0,2.0,3.0,4.0,4.0,1.0,4.0,5.0,5.0,1.0,4.0,5.0,2.0,32.0,48.0,1.0,12.0,6.0,1.0,1.0,1.0,1.0,1.0,1.0,1.0,5.0,3.0,3.0,5.0,1.0,6.0,4.0,1.0,4.0,1.0,5.0,3.0,2.0,4.0,3.0,2.0,5.0,6.0,4.0,32.0,1.0,16.0,64.0,1.0,128.0,1.0,1.0,1.0,1.0,1.0,6.0,1.0,6.0,4.0,6.0,1.0,2.0,2.0,1.0,3.0,2.0,5.0,5.0,6.0,2.0,3.0,1.0,1.0,8.0,1.0,1.0,64.0,1.0,1.0,4.0,4.0,1.0,1.0,1.0,1.0,3.0,4.0,6.0,6.0,6.0,4.0,6.0,5.0,2.0,5.0,1.0,1.0,5.0,1.0,2.0,6.0,1.0,2.0,192.0,128.0,1.0,4.0,1.0,1.0,1.0,1.0,1.0,1.0,1.0,1.0,6.0,3.0,4.0,5.0,5.0,6.0,1.0,5.0,4.0,4.0,3.0,6.0,2.0,5.0,6.0,4.0,1.0,1.0,24.0,3.0,1.0,512.0,256.0,1.0,1.0,1.0,1.0,1.0,1.0,1.0,6.0,5.0,1.0,3.0,4.0,5.0,6.0,2.0,1.0,1.0,6.0,2.0,6.0,6.0,5.0,2.0,2.0,1.0,6.0,3.0,1.0,6.0,3.0,1.0,1.0,1.0,1.0,1.0,1.0,1.0,2886994776.0,22154934.700000003,14620200000.0,33.45172142857143,4992.0,514.0,161792.0,6.396118074152114e+16,8.785714285714286,0.13837560714285715,78.57142857142857,21300.85714285714
16000.0,128000.0,256.0,64.0,2.0,2.0,28.0,4.0,4.0,5.0,5.0,5.0,2.0,1.0,3.0,3.0,3.0,6.0,4.0,4.0,2.0,4.0,1.0,5.0,6.0,5.0,6.0,6.0,6.0,6.0,4.0,6.0,2.0,32.0,1.0,18.0,2.0,1.0,1.0,1.0,1.0,1.0,1.0,1.0,5.0,2.0,3.0,1.0,6.0,5.0,5.0,3.0,1.0,4.0,3.0,5.0,5.0,4.0,5.0,5.0,1.0,5.0,64.0,8.0,1.0,128.0,8.0,1.0,16.0,4.0,1.0,1.0,1.0,1.0,6.0,5.0,3.0,6.0,6.0,2.0,1.0,1.0,5.0,1.0,1.0,2.0,3.0,5.0,2.0,1.0,2.0,4.0,128.0,128.0,1.0,16.0,32.0,1.0,8.0,32.0,1.0,1.0,1.0,1.0,5.0,1.0,5.0,4.0,5.0,6.0,4.0,4.0,1.0,1.0,3.0,6.0,6.0,2.0,2.0,5.0,2.0,2.0,256.0,3.0,1.0,8.0,256.0,1.0,1.0,1.0,1.0,1.0,1.0,1.0,5.0,5.0,2.0,1.0,2.0,6.0,1.0,3.0,6.0,2.0,6.0,2.0,1.0,4.0,1.0,4.0,4.0,6.0,1.0,128.0,1.0,6.0,384.0,1.0,1.0,1.0,1.0,1.0,1.0,1.0,3.0,1.0,5.0,4.0,4.0,5.0,3.0,5.0,2.0,1.0,4.0,2.0,2.0,4.0,5.0,4.0,5.0,4.0,96.0,16.0,1.0,384.0,24.0,1.0,1.0,1.0,1.0,1.0,1.0,1.0,505324116.0,41704410.95999999,50234500.0,0.6127625714285716,112.0,514.0,197632.0,2.1074244601662708e+16,44.51342857142857,5.306726142857142,78.57142857142857,28282.85714285714
256000.0,256000.0,256.0,64.0,3.0,30.0,30.0,10.0,4.0,1.0,3.0,3.0,4.0,5.0,4.0,2.0,3.0,4.0,3.0,3.0,4.0,3.0,5.0,4.0,2.0,3.0,5.0,2.0,3.0,2.0,6.0,6.0,2.0,96.0,1.0,18.0,1152.0,1.0,1.0,1.0,1.0,1.0,1.0,1.0,6.0,5.0,2.0,5.0,3.0,6.0,4.0,2.0,5.0,2.0,2.0,2.0,4.0,6.0,6.0,5.0,2.0,2.0,16.0,64.0,1.0,8.0,32.0,1.0,1.0,8.0,1.0,1.0,1.0,1.0,1.0,4.0,6.0,3.0,4.0,3.0,1.0,3.0,5.0,5.0,4.0,4.0,3.0,5.0,4.0,3.0,5.0,6.0,2.0,32.0,1.0,8.0,128.0,1.0,1.0,8.0,1.0,1.0,1.0,1.0,6.0,5.0,1.0,4.0,1.0,1.0,2.0,3.0,6.0,6.0,2.0,5.0,4.0,3.0,2.0,5.0,4.0,6.0,2.0,48.0,1.0,768.0,256.0,1.0,1.0,1.0,1.0,1.0,1.0,1.0,4.0,1.0,5.0,2.0,5.0,5.0,5.0,4.0,1.0,1.0,3.0,4.0,1.0,1.0,5.0,5.0,3.0,4.0,16.0,8.0,1.0,1.0,1.0,1.0,1.0,1.0,1.0,1.0,1.0,1.0,6.0,3.0,2.0,6.0,3.0,3.0,2.0,4.0,2.0,6.0,1.0,5.0,3.0,4.0,3.0,3.0,6.0,3.0,512.0,3.0,1.0,2.0,2.0,1.0,1.0,1.0,1.0,1.0,1.0,1.0,2157636780.0,18993995.36,44740500000.0,76.11905357142857,9000.0,514.0,540672.0,4.0982142987885336e+16,11.369046428571428,0.7501794642857142,78.57142857142857,41354.28571428572
64000.0,512000.0,256.0,64.0,1.0,8.0,6.0,36.0,4.0,1.0,5.0,2.0,1.0,5.0,2.0,2.0,2.0,1.0,4.0,2.0,4.0,1.0,4.0,4.0,3.0,4.0,4.0,4.0,4.0,1.0,5.0,5.0,8.0,96.0,1.0,768.0,4.0,1.0,1.0,1.0,1.0,1.0,1.0,1.0,1.0,3.0,4.0,4.0,1.0,6.0,5.0,3.0,3.0,2.0,2.0,2.0,5.0,6.0,2.0,1.0,1.0,6.0,32.0,8.0,1.0,128.0,2.0,1.0,32.0,128.0,1.0,1.0,1.0,1.0,4.0,6.0,2.0,5.0,4.0,1.0,5.0,1.0,6.0,3.0,5.0,3.0,5.0,3.0,5.0,6.0,2.0,3.0,64.0,8.0,1.0,64.0,4.0,1.0,8.0,16.0,1.0,1.0,1.0,1.0,5.0,3.0,4.0,2.0,5.0,5.0,3.0,2.0,6.0,3.0,5.0,2.0,4.0,5.0,2.0,1.0,1.0,5.0,32.0,192.0,1.0,256.0,256.0,1.0,1.0,1.0,1.0,1.0,1.0,1.0,2.0,1.0,6.0,6.0,2.0,1.0,3.0,3.0,2.0,2.0,5.0,3.0,2.0,2.0,5.0,4.0,5.0,2.0,768.0,48.0,1.0,192.0,8.0,1.0,1.0,1.0,1.0,1.0,1.0,1.0,3.0,5.0,6.0,6.0,3.0,3.0,5.0,6.0,1.0,2.0,5.0,3.0,2.0,1.0,1.0,4.0,1.0,4.0,1024.0,16.0,1.0,48.0,96.0,1.0,1.0,1.0,1.0,1.0,1.0,1.0,10881073488.0,70906827.35999998,15250600.0,0.1690918571428571,36.0,514.0,514.0,7.715423993050889e+17,27.571428571428573,27.67885035714286,78.57142857142857,198.57142857142858
2048000.0,4096000.0,256.0,64.0,2.0,16.0,40.0,18.0,2.0,3.0,3.0,1.0,6.0,6.0,1.0,6.0,4.0,2.0,1.0,4.0,6.0,1.0,4.0,1.0,1.0,6.0,1.0,6.0,1.0,3.0,3.0,1.0,768.0,2.0,1.0,128.0,12.0,1.0,1.0,1.0,1.0,1.0,1.0,1.0,3.0,1.0,1.0,2.0,4.0,5.0,5.0,6.0,5.0,2.0,6.0,5.0,6.0,4.0,3.0,2.0,3.0,4.0,16.0,32.0,1.0,64.0,8.0,1.0,64.0,128.0,1.0,1.0,1.0,1.0,3.0,4.0,5.0,2.0,6.0,5.0,1.0,2.0,6.0,5.0,3.0,6.0,3.0,6.0,4.0,6.0,1.0,4.0,32.0,128.0,1.0,2.0,128.0,1.0,4.0,2.0,1.0,1.0,1.0,1.0,5.0,6.0,6.0,2.0,1.0,6.0,2.0,6.0,1.0,1.0,6.0,2.0,6.0,2.0,2.0,5.0,2.0,1.0,384.0,6.0,1.0,256.0,1.0,1.0,1.0,1.0,1.0,1.0,1.0,1.0,2.0,2.0,6.0,1.0,4.0,3.0,5.0,6.0,1.0,6.0,2.0,2.0,3.0,1.0,6.0,3.0,3.0,2.0,12.0,8.0,1.0,192.0,1024.0,1.0,1.0,1.0,1.0,1.0,1.0,1.0,1.0,1.0,5.0,2.0,5.0,5.0,6.0,4.0,1.0,5.0,4.0,6.0,1.0,5.0,3.0,4.0,3.0,2.0,256.0,48.0,1.0,48.0,768.0,1.0,1.0,1.0,1.0,1.0,1.0,1.0,11176920492.0,31417837.719999995,541858000.0,3.4878903571428577,720.0,514.0,54272.0,3.511546742269985e+17,1.0,0.47071715000000003,78.57142857142857,4714.142857142857
512.0,64000.0,256.0,64.0,1.0,22.0,40.0,40.0,3.0,4.0,5.0,2.0,4.0,2.0,5.0,1.0,6.0,3.0,3.0,4.0,4.0,2.0,1.0,2.0,3.0,1.0,3.0,4.0,3.0,4.0,5.0,5.0,12.0,24.0,1.0,256.0,2304.0,1.0,1.0,1.0,1.0,1.0,1.0,1.0,5.0,2.0,3.0,3.0,1.0,4.0,5.0,4.0,5.0,1.0,1.0,6.0,2.0,2.0,3.0,4.0,2.0,4.0,16.0,1.0,1.0,2.0,8.0,1.0,4.0,8.0,1.0,1.0,1.0,1.0,1.0,3.0,5.0,2.0,1.0,2.0,1.0,5.0,3.0,3.0,1.0,1.0,4.0,3.0,6.0,2.0,4.0,1.0,16.0,8.0,1.0,128.0,32.0,1.0,16.0,16.0,1.0,1.0,1.0,1.0,3.0,1.0,6.0,6.0,4.0,2.0,2.0,3.0,5.0,4.0,6.0,6.0,3.0,2.0,2.0,1.0,2.0,4.0,384.0,24.0,1.0,768.0,256.0,1.0,1.0,1.0,1.0,1.0,1.0,1.0,1.0,5.0,3.0,6.0,1.0,5.0,6.0,6.0,3.0,6.0,3.0,6.0,5.0,5.0,6.0,4.0,4.0,4.0,4.0,6.0,1.0,16.0,768.0,1.0,1.0,1.0,1.0,1.0,1.0,1.0,3.0,4.0,1.0,6.0,6.0,4.0,4.0,4.0,6.0,5.0,4.0,5.0,1.0,6.0,5.0,3.0,1.0,6.0,128.0,64.0,1.0,24.0,48.0,1.0,1.0,1.0,1.0,1.0,1.0,1.0,10881073488.0,95556140.16000001,16944000.0,0.18726528571428575,40.0,514.0,514.0,1.0397533833105882e+18,27.571428571428573,27.578629285714285,78.57142857142857,212.28571428571428
2048.0,32000.0,256.0,64.0,1.0,28.0,2.0,42.0,4.0,4.0,2.0,1.0,6.0,4.0,3.0,3.0,3.0,5.0,2.0,1.0,2.0,2.0,5.0,5.0,3.0,6.0,4.0,6.0,5.0,2.0,4.0,1.0,8.0,6.0,1.0,2304.0,144.0,1.0,1.0,1.0,1.0,1.0,1.0,1.0,3.0,2.0,4.0,2.0,5.0,1.0,1.0,4.0,4.0,4.0,3.0,4.0,1.0,5.0,6.0,1.0,6.0,4.0,8.0,16.0,1.0,2.0,2.0,1.0,2.0,8.0,1.0,1.0,1.0,1.0,4.0,3.0,1.0,1.0,2.0,1.0,1.0,2.0,6.0,5.0,6.0,3.0,2.0,4.0,5.0,6.0,1.0,6.0,128.0,16.0,1.0,8.0,2.0,1.0,32.0,1.0,1.0,1.0,1.0,1.0,1.0,1.0,5.0,4.0,6.0,1.0,5.0,5.0,2.0,2.0,1.0,1.0,3.0,6.0,3.0,1.0,2.0,6.0,32.0,8.0,1.0,8.0,24.0,1.0,1.0,1.0,1.0,1.0,1.0,1.0,3.0,5.0,2.0,4.0,6.0,4.0,1.0,1.0,2.0,2.0,3.0,6.0,3.0,1.0,4.0,3.0,6.0,2.0,128.0,4.0,1.0,3.0,4.0,1.0,1.0,1.0,1.0,1.0,1.0,1.0,2.0,2.0,2.0,6.0,1.0,4.0,4.0,6.0,2.0,3.0,5.0,1.0,1.0,2.0,5.0,4.0,1.0,5.0,8.0,1024.0,1.0,24.0,4.0,1.0,1.0,1.0,1.0,1.0,1.0,1.0,11173626192.0,102520068.0,17796800.0,0.1958718571428571,42.0,514.0,514.0,1.145520917010421e+18,1.0,1.8479375,78.57142857142857,78.57142857142857
2048.0,64000.0,256.0,64.0,2.0,22.0,2.0,48.0,6.0,6.0,6.0,3.0,4.0,5.0,5.0,5.0,6.0,2.0,4.0,3.0,3.0,1.0,5.0,1.0,1.0,1.0,6.0,3.0,6.0,6.0,4.0,5.0,256.0,8.0,1.0,144.0,384.0,1.0,1.0,1.0,1.0,1.0,1.0,1.0,6.0,5.0,6.0,2.0,3.0,6.0,6.0,4.0,5.0,6.0,3.0,2.0,4.0,3.0,1.0,4.0,4.0,6.0,2.0,1.0,1.0,4.0,8.0,1.0,1.0,8.0,1.0,1.0,1.0,1.0,1.0,2.0,6.0,5.0,5.0,5.0,3.0,6.0,3.0,1.0,4.0,2.0,5.0,2.0,2.0,1.0,6.0,4.0,128.0,64.0,1.0,128.0,128.0,1.0,16.0,32.0,1.0,1.0,1.0,1.0,2.0,3.0,3.0,1.0,5.0,4.0,4.0,1.0,2.0,4.0,5.0,2.0,3.0,4.0,3.0,6.0,4.0,6.0,2.0,256.0,1.0,768.0,4.0,1.0,1.0,1.0,1.0,1.0,1.0,1.0,1.0,4.0,6.0,3.0,2.0,4.0,2.0,6.0,2.0,4.0,4.0,5.0,5.0,1.0,3.0,5.0,1.0,4.0,3.0,2.0,1.0,32.0,96.0,1.0,1.0,1.0,1.0,1.0,1.0,1.0,1.0,4.0,4.0,1.0,2.0,1.0,2.0,1.0,5.0,3.0,2.0,3.0,2.0,1.0,2.0,1.0,6.0,4.0,128.0,384.0,1.0,6.0,768.0,1.0,1.0,1.0,1.0,1.0,1.0,1.0,540393132.0,24849404.980000004,42371300.0,0.5180442857142856,96.0,514.0,70144.0,1.34284477854786e+16,46.428557142857144,3.188947607142858,78.57142857142857,22111.428571428572
256.0,16000000.0,256.0,64.0,1.0,44.0,32.0,14.0,3.0,3.0,5.0,3.0,1.0,3.0,5.0,2.0,3.0,6.0,5.0,3.0,1.0,1.0,4.0,1.0,4.0,4.0,4.0,5.0,1.0,5.0,1.0,5.0,3.0,64.0,1.0,256.0,2304.0,1.0,1.0,1.0,1.0,1.0,1.0,1.0,3.0,6.0,6.0,4.0,4.0,1.0,5.0,6.0,6.0,5.0,2.0,5.0,5.0,3.0,6.0,3.0,3.0,6.0,16.0,1.0,1.0,1.0,64.0,1.0,32.0,4.0,1.0,1.0,1.0,1.0,5.0,1.0,2.0,4.0,6.0,3.0,2.0,3.0,5.0,4.0,6.0,4.0,4.0,6.0,3.0,2.0,1.0,4.0,64.0,8.0,1.0,8.0,64.0,1.0,32.0,32.0,1.0,1.0,1.0,1.0,6.0,2.0,4.0,4.0,1.0,6.0,4.0,3.0,1.0,3.0,5.0,6.0,5.0,4.0,5.0,6.0,2.0,4.0,3.0,12.0,1.0,32.0,96.0,1.0,1.0,1.0,1.0,1.0,1.0,1.0,1.0,3.0,3.0,1.0,4.0,5.0,5.0,5.0,1.0,1.0,3.0,6.0,4.0,6.0,1.0,2.0,1.0,6.0,16.0,48.0,1.0,512.0,256.0,1.0,1.0,1.0,1.0,1.0,1.0,1.0,5.0,1.0,1.0,2.0,6.0,2.0,3.0,5.0,5.0,1.0,3.0,5.0,4.0,5.0,2.0,4.0,3.0,4.0,512.0,64.0,1.0,6.0,12.0,1.0,1.0,1.0,1.0,1.0,1.0,1.0,10895229264.0,113160099.83999999,6228280.0,0.06962864285714285,14.0,514.0,514.0,1.2329052312939295e+18,11.114285714285714,11.203450714285715,78.57142857142857,123.14285714285714
4096.0,4096000.0,256.0,64.0,3.0,12.0,46.0,32.0,3.0,2.0,2.0,1.0,5.0,2.0,2.0,1.0,4.0,6.0,1.0,4.0,3.0,6.0,3.0,2.0,2.0,6.0,6.0,2.0,1.0,3.0,4.0,1.0,96.0,32.0,1.0,4.0,4.0,1.0,1.0,1.0,1.0,1.0,1.0,1.0,3.0,2.0,1.0,6.0,6.0,5.0,5.0,4.0,3.0,2.0,2.0,5.0,5.0,1.0,5.0,3.0,5.0,4.0,2.0,32.0,1.0,32.0,2.0,1.0,64.0,2.0,1.0,1.0,1.0,1.0,4.0,3.0,2.0,4.0,5.0,2.0,1.0,1.0,6.0,2.0,5.0,4.0,2.0,1.0,1.0,2.0,5.0,2.0,64.0,1.0,1.0,1.0,2.0,1.0,1.0,8.0,1.0,1.0,1.0,1.0,6.0,6.0,5.0,4.0,5.0,6.0,6.0,4.0,6.0,5.0,6.0,1.0,3.0,2.0,3.0,2.0,5.0,5.0,4.0,16.0,1.0,48.0,768.0,1.0,1.0,1.0,1.0,1.0,1.0,1.0,6.0,2.0,4.0,6.0,1.0,5.0,5.0,5.0,5.0,1.0,4.0,2.0,2.0,1.0,6.0,3.0,5.0,6.0,128.0,2.0,1.0,4.0,3072.0,1.0,1.0,1.0,1.0,1.0,1.0,1.0,3.0,4.0,6.0,2.0,2.0,3.0,2.0,5.0,2.0,5.0,1.0,5.0,1.0,6.0,1.0,4.0,4.0,4.0,4.0,32.0,1.0,768.0,128.0,1.0,1.0,1.0,1.0,1.0,1.0,1.0,296899560.0,19000167.92,165801000000.0,216.43839285714287,17664.0,514.0,1605632.0,5641141495374116.0,45.0,3.869620642857143,78.57142857142857,80352.0
1024.0,64000.0,256.0,64.0,3.0,36.0,20.0,48.0,1.0,4.0,4.0,2.0,5.0,6.0,5.0,3.0,5.0,5.0,6.0,4.0,4.0,2.0,5.0,2.0,2.0,5.0,1.0,4.0,2.0,3.0,4.0,5.0,8.0,16.0,1.0,2304.0,6.0,1.0,1.0,1.0,1.0,1.0,1.0,1.0,3.0,3.0,4.0,6.0,3.0,1.0,3.0,3.0,4.0,1.0,5.0,3.0,3.0,1.0,5.0,6.0,6.0,6.0,16.0,32.0,1.0,2.0,1.0,1.0,4.0,8.0,1.0,1.0,1.0,1.0,4.0,3.0,2.0,2.0,2.0,3.0,3.0,3.0,5.0,1.0,5.0,3.0,6.0,1.0,3.0,1.0,5.0,2.0,64.0,64.0,1.0,64.0,128.0,1.0,2.0,64.0,1.0,1.0,1.0,1.0,1.0,2.0,4.0,5.0,3.0,4.0,4.0,1.0,4.0,6.0,6.0,3.0,3.0,6.0,5.0,6.0,1.0,3.0,4.0,12.0,1.0,128.0,192.0,1.0,1.0,1.0,1.0,1.0,1.0,1.0,3.0,3.0,3.0,3.0,1.0,1.0,1.0,3.0,2.0,5.0,3.0,2.0,1.0,1.0,2.0,4.0,6.0,6.0,768.0,1.0,1.0,256.0,192.0,1.0,1.0,1.0,1.0,1.0,1.0,1.0,3.0,2.0,4.0,6.0,6.0,6.0,3.0,4.0,2.0,2.0,6.0,5.0,3.0,3.0,3.0,3.0,6.0,2.0,1536.0,8.0,1.0,6.0,48.0,1.0,1.0,1.0,1.0,1.0,1.0,1.0,1325208180.0,18897726.099999998,621964000000.0,679.0502857142857,34560.0,514.0,667648.0,2.5043421211119496e+16,17.342260714285715,0.1903834642857143,78.57142857142857,86870.85714285714
128.0,16000000.0,256.0,64.0,2.0,28.0,28.0,24.0,3.0,2.0,4.0,1.0,1.0,4.0,1.0,4.0,6.0,4.0,4.0,2.0,5.0,1.0,4.0,6.0,4.0,5.0,4.0,2.0,2.0,3.0,3.0,5.0,24.0,384.0,1.0,8.0,2.0,1.0,1.0,1.0,1.0,1.0,1.0,1.0,1.0,4.0,1.0,5.0,1.0,5.0,3.0,2.0,6.0,4.0,6.0,3.0,1.0,6.0,6.0,5.0,1.0,6.0,4.0,2.0,1.0,32.0,4.0,1.0,8.0,4.0,1.0,1.0,1.0,1.0,3.0,6.0,1.0,5.0,2.0,4.0,4.0,1.0,2.0,4.0,5.0,6.0,4.0,2.0,3.0,2.0,4.0,5.0,4.0,32.0,1.0,8.0,1.0,1.0,4.0,4.0,1.0,1.0,1.0,1.0,4.0,1.0,4.0,1.0,2.0,5.0,1.0,4.0,5.0,3.0,4.0,5.0,5.0,4.0,6.0,2.0,2.0,1.0,64.0,32.0,1.0,768.0,96.0,1.0,1.0,1.0,1.0,1.0,1.0,1.0,1.0,5.0,2.0,6.0,3.0,4.0,2.0,4.0,6.0,1.0,4.0,3.0,5.0,5.0,2.0,4.0,5.0,3.0,384.0,32.0,1.0,1.0,1.0,1.0,1.0,1.0,1.0,1.0,1.0,1.0,1.0,5.0,4.0,4.0,3.0,2.0,2.0,4.0,1.0,3.0,2.0,1.0,1.0,1.0,1.0,2.0,3.0,3.0,32.0,128.0,1.0,96.0,2.0,1.0,1.0,1.0,1.0,1.0,1.0,1.0,10893168180.0,44280889.81999999,489345000.0,3.237178214285714,672.0,514.0,38912.0,4.823591799693098e+17,13.857142857142858,5.027433282142857,78.57142857142857,3110.8571428571427
4096.0,16000.0,256.0,64.0,1.0,10.0,28.0,6.0,4.0,4.0,5.0,2.0,6.0,4.0,6.0,4.0,4.0,1.0,4.0,5.0,6.0,4.0,4.0,1.0,2.0,2.0,6.0,1.0,1.0,1.0,4.0,6.0,8.0,96.0,1.0,288.0,2304.0,1.0,1.0,1.0,1.0,1.0,1.0,1.0,6.0,2.0,2.0,1.0,6.0,6.0,4.0,1.0,4.0,5.0,1.0,2.0,1.0,2.0,5.0,3.0,2.0,4.0,64.0,8.0,1.0,16.0,64.0,1.0,128.0,2.0,1.0,1.0,1.0,1.0,4.0,6.0,2.0,1.0,6.0,5.0,4.0,1.0,4.0,2.0,5.0,3.0,3.0,4.0,1.0,1.0,4.0,5.0,32.0,16.0,1.0,128.0,4.0,1.0,32.0,16.0,1.0,1.0,1.0,1.0,3.0,4.0,3.0,3.0,3.0,3.0,6.0,5.0,4.0,3.0,4.0,5.0,6.0,3.0,6.0,3.0,5.0,3.0,768.0,3.0,1.0,3.0,384.0,1.0,1.0,1.0,1.0,1.0,1.0,1.0,4.0,1.0,1.0,5.0,6.0,2.0,2.0,2.0,3.0,3.0,3.0,3.0,4.0,2.0,5.0,2.0,6.0,1.0,96.0,8.0,1.0,384.0,16.0,1.0,1.0,1.0,1.0,1.0,1.0,1.0,1.0,5.0,4.0,6.0,1.0,3.0,1.0,4.0,6.0,6.0,2.0,4.0,5.0,4.0,1.0,6.0,6.0,2.0,4.0,192.0,1.0,8.0,16.0,1.0,1.0,1.0,1.0,1.0,1.0,1.0,11173626192.0,68069272.8,3069750.0,0.033505700000000006,6.0,514.0,514.0,7.605806094284731e+17,1.0,1.4285207142857144,78.57142857142857,78.57142857142857
1024.0,4096000.0,256.0,64.0,1.0,16.0,8.0,12.0,3.0,4.0,2.0,4.0,1.0,4.0,2.0,2.0,5.0,1.0,5.0,2.0,6.0,2.0,3.0,3.0,1.0,2.0,1.0,4.0,1.0,1.0,2.0,6.0,1.0,64.0,1.0,256.0,2.0,1.0,1.0,1.0,1.0,1.0,1.0,1.0,2.0,2.0,5.0,1.0,1.0,1.0,2.0,5.0,5.0,5.0,6.0,4.0,1.0,2.0,5.0,3.0,5.0,3.0,64.0,64.0,1.0,4.0,16.0,1.0,1.0,4.0,1.0,1.0,1.0,1.0,2.0,6.0,2.0,3.0,3.0,2.0,6.0,1.0,6.0,2.0,5.0,5.0,6.0,2.0,5.0,3.0,5.0,5.0,64.0,2.0,1.0,2.0,4.0,1.0,8.0,64.0,1.0,1.0,1.0,1.0,1.0,2.0,2.0,5.0,6.0,3.0,3.0,5.0,1.0,5.0,3.0,6.0,2.0,4.0,6.0,6.0,4.0,2.0,64.0,192.0,1.0,1.0,64.0,1.0,1.0,1.0,1.0,1.0,1.0,1.0,1.0,4.0,6.0,2.0,6.0,5.0,6.0,4.0,5.0,3.0,6.0,2.0,6.0,4.0,2.0,1.0,3.0,3.0,768.0,6.0,1.0,768.0,48.0,1.0,1.0,1.0,1.0,1.0,1.0,1.0,2.0,6.0,6.0,5.0,2.0,4.0,5.0,6.0,6.0,3.0,5.0,6.0,1.0,3.0,6.0,1.0,2.0,3.0,3072.0,24.0,1.0,24.0,48.0,1.0,1.0,1.0,1.0,1.0,1.0,1.0,931922256.0,70147188.0,5432820.0,0.06201137142857143,12.0,514.0,3352.0,6.537172569301613e+16,11.688342857142855,12.110785714285715,78.57142857142857,521.7142857142857
256000.0,128000.0,256.0,64.0,1.0,22.0,36.0,28.0,6.0,4.0,3.0,5.0,2.0,5.0,6.0,2.0,2.0,1.0,6.0,5.0,6.0,6.0,4.0,5.0,5.0,4.0,6.0,3.0,3.0,1.0,2.0,1.0,4.0,24.0,1.0,48.0,4.0,1.0,1.0,1.0,1.0,1.0,1.0,1.0,6.0,2.0,4.0,4.0,4.0,2.0,5.0,3.0,1.0,1.0,1.0,3.0,2.0,4.0,6.0,5.0,4.0,3.0,64.0,64.0,1.0,16.0,32.0,1.0,2.0,64.0,1.0,1.0,1.0,1.0,5.0,2.0,4.0,6.0,2.0,3.0,5.0,3.0,2.0,2.0,2.0,1.0,5.0,1.0,2.0,5.0,6.0,2.0,128.0,128.0,1.0,1.0,32.0,1.0,1.0,64.0,1.0,1.0,1.0,1.0,2.0,2.0,3.0,4.0,6.0,4.0,6.0,4.0,3.0,3.0,1.0,1.0,3.0,3.0,4.0,5.0,4.0,4.0,8.0,16.0,1.0,384.0,96.0,1.0,1.0,1.0,1.0,1.0,1.0,1.0,2.0,4.0,5.0,1.0,1.0,3.0,1.0,4.0,4.0,1.0,6.0,5.0,5.0,6.0,1.0,2.0,2.0,4.0,4.0,96.0,1.0,3.0,96.0,1.0,1.0,1.0,1.0,1.0,1.0,1.0,4.0,1.0,4.0,5.0,2.0,6.0,5.0,4.0,1.0,5.0,2.0,6.0,5.0,1.0,1.0,5.0,6.0,2.0,2.0,512.0,1.0,24.0,6.0,1.0,1.0,1.0,1.0,1.0,1.0,1.0,406979568.0,37966380.480000004,11913400.0,0.13622185714285712,28.0,514.0,7480.0,1.5451541126274034e+16,24.050453571428577,26.321304285714284,78.57142857142857,1166.2857142857142
512000.0,16000000.0,256.0,64.0,1.0,40.0,14.0,46.0,6.0,4.0,4.0,1.0,6.0,2.0,5.0,2.0,1.0,4.0,1.0,1.0,5.0,6.0,6.0,4.0,2.0,1.0,5.0,3.0,2.0,2.0,4.0,3.0,4.0,64.0,1.0,32.0,64.0,1.0,1.0,1.0,1.0,1.0,1.0,1.0,2.0,2.0,2.0,1.0,1.0,5.0,3.0,4.0,4.0,4.0,6.0,5.0,6.0,2.0,3.0,1.0,1.0,1.0,8.0,32.0,1.0,4.0,32.0,1.0,128.0,16.0,1.0,1.0,1.0,1.0,6.0,3.0,6.0,5.0,3.0,3.0,5.0,3.0,1.0,6.0,4.0,4.0,2.0,1.0,3.0,4.0,1.0,1.0,2.0,16.0,1.0,8.0,4.0,1.0,4.0,64.0,1.0,1.0,1.0,1.0,2.0,1.0,2.0,5.0,3.0,4.0,6.0,4.0,1.0,5.0,6.0,6.0,1.0,4.0,5.0,1.0,3.0,5.0,256.0,8.0,1.0,3.0,192.0,1.0,1.0,1.0,1.0,1.0,1.0,1.0,6.0,3.0,2.0,4.0,1.0,3.0,5.0,5.0,4.0,6.0,6.0,1.0,1.0,4.0,6.0,5.0,5.0,2.0,192.0,1.0,1.0,1.0,24.0,1.0,1.0,1.0,1.0,1.0,1.0,1.0,1.0,6.0,2.0,6.0,6.0,4.0,5.0,2.0,1.0,3.0,3.0,6.0,1.0,4.0,4.0,5.0,3.0,1.0,4.0,48.0,1.0,384.0,16.0,1.0,1.0,1.0,1.0,1.0,1.0,1.0,247727520.0,57101795.03999999,19515900.0,0.22027185714285719,46.0,514.0,12124.0,1.4145686072807498e+16,38.47787857142857,36.81742142857143,78.57142857142857,1891.4285714285713
256.0,512000.0,256.0,64.0,2.0,26.0,44.0,44.0,4.0,3.0,4.0,2.0,5.0,2.0,1.0,2.0,2.0,6.0,2.0,3.0,1.0,3.0,5.0,1.0,1.0,1.0,6.0,6.0,3.0,5.0,1.0,6.0,3.0,8.0,1.0,2.0,2304.0,1.0,1.0,1.0,1.0,1.0,1.0,1.0,6.0,4.0,2.0,3.0,2.0,3.0,4.0,1.0,6.0,2.0,5.0,5.0,2.0,4.0,1.0,4.0,2.0,1.0,32.0,2.0,1.0,16.0,64.0,1.0,64.0,8.0,1.0,1.0,1.0,1.0,5.0,4.0,2.0,6.0,1.0,2.0,3.0,3.0,5.0,4.0,1.0,1.0,4.0,6.0,4.0,1.0,1.0,2.0,16.0,8.0,1.0,32.0,1.0,1.0,16.0,64.0,1.0,1.0,1.0,1.0,2.0,3.0,6.0,2.0,2.0,2.0,3.0,6.0,1.0,3.0,1.0,5.0,5.0,6.0,3.0,3.0,3.0,3.0,64.0,6.0,1.0,384.0,64.0,1.0,1.0,1.0,1.0,1.0,1.0,1.0,5.0,3.0,1.0,6.0,5.0,4.0,3.0,3.0,4.0,2.0,3.0,5.0,2.0,3.0,1.0,2.0,4.0,2.0,24.0,96.0,1.0,192.0,24.0,1.0,1.0,1.0,1.0,1.0,1.0,1.0,5.0,1.0,2.0,1.0,4.0,5.0,1.0,3.0,2.0,1.0,6.0,1.0,4.0,5.0,5.0,2.0,6.0,5.0,768.0,12.0,1.0,384.0,384.0,1.0,1.0,1.0,1.0,1.0,1.0,1.0,1613925192.0,31064421.560000002,2655440000.0,10.374967142857141,1936.0,514.0,110592.0,5.0135652530591944e+16,5.892857142857143,1.0120125,78.57142857142857,5424.428571428572
128.0,16000000.0,256.0,64.0,1.0,34.0,20.0,10.0,5.0,1.0,6.0,2.0,4.0,3.0,1.0,2.0,5.0,2.0,4.0,6.0,4.0,1.0,1.0,1.0,4.0,3.0,4.0,3.0,4.0,4.0,3.0,1.0,48.0,16.0,1.0,9.0,2.0,1.0,1.0,1.0,1.0,1.0,1.0,1.0,3.0,3.0,3.0,6.0,5.0,5.0,6.0,6.0,1.0,1.0,1.0,1.0,4.0,4.0,2.0,4.0,3.0,1.0,64.0,8.0,1.0,128.0,128.0,1.0,64.0,16.0,1.0,1.0,1.0,1.0,2.0,6.0,3.0,2.0,4.0,2.0,6.0,5.0,6.0,1.0,4.0,1.0,1.0,4.0,4.0,1.0,6.0,6.0,4.0,32.0,1.0,2.0,2.0,1.0,2.0,64.0,1.0,1.0,1.0,1.0,1.0,2.0,4.0,1.0,4.0,5.0,4.0,1.0,1.0,2.0,4.0,4.0,4.0,1.0,1.0,6.0,3.0,4.0,6.0,8.0,1.0,2.0,6.0,1.0,1.0,1.0,1.0,1.0,1.0,1.0,3.0,2.0,1.0,5.0,3.0,1.0,3.0,4.0,6.0,5.0,2.0,4.0,6.0,5.0,4.0,5.0,5.0,4.0,128.0,256.0,1.0,48.0,32.0,1.0,1.0,1.0,1.0,1.0,1.0,1.0,4.0,6.0,5.0,3.0,1.0,3.0,2.0,1.0,2.0,6.0,3.0,5.0,6.0,6.0,1.0,3.0,4.0,4.0,96.0,96.0,1.0,32.0,256.0,1.0,1.0,1.0,1.0,1.0,1.0,1.0,10903486800.0,67391292.0,4640860.0,0.05159674285714287,10.0,514.0,514.0,7.348000627569457e+17,8.281004285714285,8.706507857142858,78.57142857142857,109.42857142857143
128.0,4096000.0,256.0,64.0,3.0,14.0,30.0,44.0,3.0,1.0,3.0,2.0,4.0,2.0,2.0,6.0,3.0,3.0,2.0,1.0,2.0,4.0,2.0,2.0,6.0,1.0,4.0,4.0,4.0,5.0,1.0,2.0,768.0,2.0,1.0,24.0,64.0,1.0,1.0,1.0,1.0,1.0,1.0,1.0,6.0,6.0,5.0,5.0,5.0,4.0,3.0,4.0,6.0,1.0,5.0,2.0,4.0,3.0,6.0,3.0,5.0,3.0,64.0,2.0,1.0,16.0,2.0,1.0,4.0,8.0,1.0,1.0,1.0,1.0,6.0,4.0,5.0,5.0,5.0,2.0,3.0,1.0,6.0,2.0,1.0,5.0,4.0,2.0,5.0,6.0,1.0,4.0,16.0,4.0,1.0,64.0,128.0,1.0,4.0,4.0,1.0,1.0,1.0,1.0,4.0,2.0,4.0,1.0,3.0,4.0,3.0,4.0,2.0,2.0,5.0,3.0,2.0,5.0,1.0,6.0,5.0,6.0,48.0,32.0,1.0,24.0,768.0,1.0,1.0,1.0,1.0,1.0,1.0,1.0,3.0,1.0,3.0,5.0,3.0,6.0,4.0,5.0,2.0,4.0,3.0,1.0,3.0,4.0,5.0,2.0,4.0,6.0,3.0,12.0,1.0,1024.0,24.0,1.0,1.0,1.0,1.0,1.0,1.0,1.0,2.0,2.0,6.0,3.0,4.0,3.0,1.0,5.0,6.0,5.0,1.0,2.0,2.0,3.0,1.0,2.0,2.0,1.0,256.0,8.0,1.0,384.0,384.0,1.0,1.0,1.0,1.0,1.0,1.0,1.0,1841324904.0,19224466.56,181145000000.0,232.91957142857143,18480.0,514.0,360448.0,3.539848904304321e+16,36.126374999999996,1.9642236892857143,78.57142857142857,48109.71428571428
256.0,2048000.0,256.0,64.0,3.0,6.0,4.0,46.0,5.0,2.0,1.0,2.0,2.0,4.0,2.0,6.0,3.0,5.0,3.0,3.0,1.0,6.0,5.0,2.0,4.0,1.0,3.0,2.0,3.0,3.0,2.0,5.0,384.0,2.0,1.0,2.0,36.0,1.0,1.0,1.0,1.0,1.0,1.0,1.0,5.0,6.0,5.0,3.0,2.0,4.0,2.0,6.0,2.0,4.0,3.0,1.0,1.0,4.0,5.0,5.0,2.0,1.0,1.0,2.0,1.0,32.0,128.0,1.0,2.0,4.0,1.0,1.0,1.0,1.0,6.0,5.0,2.0,3.0,5.0,4.0,5.0,3.0,6.0,2.0,4.0,6.0,1.0,3.0,5.0,3.0,2.0,3.0,1.0,32.0,1.0,16.0,128.0,1.0,64.0,64.0,1.0,1.0,1.0,1.0,4.0,2.0,6.0,4.0,3.0,5.0,1.0,1.0,2.0,1.0,5.0,3.0,3.0,4.0,1.0,2.0,3.0,3.0,16.0,16.0,1.0,96.0,96.0,1.0,1.0,1.0,1.0,1.0,1.0,1.0,3.0,4.0,4.0,1.0,1.0,1.0,3.0,2.0,2.0,6.0,6.0,1.0,3.0,3.0,3.0,4.0,4.0,6.0,4.0,128.0,1.0,512.0,256.0,1.0,1.0,1.0,1.0,1.0,1.0,1.0,4.0,4.0,4.0,6.0,5.0,4.0,3.0,2.0,2.0,1.0,5.0,5.0,4.0,4.0,5.0,4.0,1.0,3.0,3.0,32.0,1.0,48.0,768.0,1.0,1.0,1.0,1.0,1.0,1.0,1.0,730028016.0,17862094.64,1046600000.0,5.85323642857143,1104.0,514.0,1114112.0,1.3039829511643434e+16,121.8572857142857,5.329426785714285,78.57142857142857,100722.28571428571
512000.0,256000.0,256.0,64.0,1.0,26.0,44.0,40.0,1.0,5.0,4.0,1.0,5.0,2.0,2.0,4.0,4.0,2.0,5.0,5.0,4.0,1.0,5.0,2.0,2.0,2.0,5.0,3.0,5.0,5.0,4.0,3.0,1.0,6.0,1.0,48.0,6.0,1.0,1.0,1.0,1.0,1.0,1.0,1.0,1.0,1.0,6.0,5.0,2.0,2.0,5.0,2.0,2.0,2.0,1.0,4.0,6.0,2.0,4.0,6.0,2.0,4.0,32.0,2.0,1.0,64.0,128.0,1.0,128.0,4.0,1.0,1.0,1.0,1.0,2.0,1.0,3.0,6.0,6.0,5.0,2.0,5.0,5.0,2.0,6.0,4.0,3.0,2.0,5.0,5.0,2.0,6.0,64.0,2.0,1.0,4.0,16.0,1.0,1.0,16.0,1.0,1.0,1.0,1.0,4.0,6.0,5.0,1.0,6.0,1.0,6.0,5.0,1.0,3.0,3.0,1.0,3.0,3.0,6.0,6.0,2.0,6.0,1.0,128.0,1.0,768.0,16.0,1.0,1.0,1.0,1.0,1.0,1.0,1.0,5.0,6.0,2.0,6.0,6.0,4.0,3.0,4.0,5.0,1.0,4.0,3.0,3.0,2.0,5.0,5.0,3.0,5.0,256.0,6.0,1.0,2.0,12.0,1.0,1.0,1.0,1.0,1.0,1.0,1.0,2.0,1.0,2.0,2.0,4.0,5.0,1.0,2.0,6.0,2.0,4.0,4.0,2.0,4.0,1.0,5.0,4.0,6.0,768.0,512.0,1.0,1.0,96.0,1.0,1.0,1.0,1.0,1.0,1.0,1.0,286654800.0,67573751.03999999,16945000.0,0.19222442857142857,40.0,514.0,10576.0,1.9370340089620988e+16,33.015007142857144,33.12219285714286,78.57142857142857,1649.7142857142858
8192.0,4096000.0,256.0,64.0,2.0,22.0,42.0,36.0,3.0,6.0,2.0,4.0,2.0,3.0,6.0,1.0,3.0,4.0,2.0,5.0,2.0,3.0,2.0,4.0,6.0,2.0,6.0,5.0,1.0,1.0,2.0,3.0,64.0,48.0,1.0,32.0,768.0,1.0,1.0,1.0,1.0,1.0,1.0,1.0,3.0,6.0,1.0,3.0,1.0,5.0,4.0,6.0,5.0,2.0,6.0,6.0,2.0,4.0,1.0,2.0,2.0,2.0,16.0,16.0,1.0,4.0,2.0,1.0,2.0,64.0,1.0,1.0,1.0,1.0,2.0,2.0,1.0,6.0,3.0,5.0,6.0,1.0,1.0,5.0,3.0,1.0,2.0,2.0,3.0,6.0,3.0,1.0,1.0,4.0,1.0,8.0,2.0,1.0,2.0,1.0,1.0,1.0,1.0,1.0,4.0,6.0,3.0,5.0,6.0,4.0,4.0,2.0,6.0,1.0,2.0,5.0,5.0,1.0,2.0,2.0,3.0,5.0,48.0,4.0,1.0,16.0,32.0,1.0,1.0,1.0,1.0,1.0,1.0,1.0,5.0,6.0,5.0,3.0,3.0,6.0,2.0,5.0,5.0,2.0,4.0,1.0,4.0,1.0,5.0,6.0,1.0,1.0,2.0,24.0,1.0,96.0,64.0,1.0,1.0,1.0,1.0,1.0,1.0,1.0,5.0,4.0,2.0,3.0,1.0,5.0,4.0,4.0,2.0,6.0,1.0,3.0,3.0,5.0,6.0,5.0,2.0,3.0,3.0,48.0,1.0,2.0,96.0,1.0,1.0,1.0,1.0,1.0,1.0,1.0,370625064.0,32794952.74,1747400000.0,7.984406428571427,1512.0,514.0,699392.0,1.2154631458139474e+16,31.799999999999997,15.720074642857144,78.57142857142857,50967.42857142857
2048000.0,256000.0,256.0,64.0,2.0,32.0,14.0,10.0,1.0,4.0,4.0,4.0,4.0,6.0,3.0,5.0,6.0,1.0,1.0,4.0,5.0,6.0,2.0,3.0,6.0,1.0,6.0,5.0,5.0,6.0,5.0,5.0,4.0,96.0,1.0,32.0,48.0,1.0,1.0,1.0,1.0,1.0,1.0,1.0,1.0,1.0,6.0,6.0,2.0,6.0,6.0,5.0,2.0,1.0,2.0,1.0,2.0,5.0,1.0,2.0,3.0,2.0,32.0,8.0,1.0,4.0,128.0,1.0,16.0,1.0,1.0,1.0,1.0,1.0,3.0,3.0,5.0,4.0,5.0,5.0,2.0,5.0,2.0,5.0,5.0,3.0,2.0,1.0,4.0,2.0,4.0,4.0,8.0,1.0,1.0,16.0,1.0,1.0,1.0,32.0,1.0,1.0,1.0,1.0,4.0,6.0,6.0,6.0,2.0,3.0,3.0,5.0,1.0,5.0,3.0,4.0,5.0,1.0,3.0,3.0,2.0,3.0,4.0,1.0,1.0,256.0,3.0,1.0,1.0,1.0,1.0,1.0,1.0,1.0,2.0,2.0,1.0,5.0,5.0,3.0,5.0,5.0,4.0,3.0,5.0,2.0,6.0,2.0,5.0,6.0,3.0,3.0,24.0,192.0,1.0,384.0,512.0,1.0,1.0,1.0,1.0,1.0,1.0,1.0,5.0,2.0,4.0,3.0,5.0,1.0,3.0,1.0,2.0,1.0,5.0,3.0,1.0,3.0,1.0,2.0,1.0,6.0,3072.0,4.0,1.0,384.0,768.0,1.0,1.0,1.0,1.0,1.0,1.0,1.0,1724833776.0,32385267.519999996,64592000.0,0.6734141785714286,140.0,514.0,122880.0,5.585920326329175e+16,3.2390107142857145,0.8874409285714286,78.57142857142857,8461.07142857143
8192.0,32000000.0,256.0,64.0,3.0,38.0,32.0,34.0,3.0,4.0,3.0,3.0,4.0,3.0,4.0,2.0,2.0,3.0,6.0,4.0,4.0,4.0,4.0,3.0,6.0,6.0,2.0,6.0,1.0,1.0,2.0,5.0,6.0,16.0,1.0,2304.0,1.0,1.0,1.0,1.0,1.0,1.0,1.0,1.0,6.0,1.0,1.0,1.0,1.0,2.0,3.0,4.0,3.0,3.0,6.0,1.0,1.0,3.0,1.0,5.0,5.0,5.0,8.0,1.0,1.0,8.0,64.0,1.0,8.0,128.0,1.0,1.0,1.0,1.0,3.0,5.0,3.0,6.0,4.0,6.0,5.0,6.0,4.0,3.0,6.0,6.0,2.0,4.0,2.0,1.0,6.0,3.0,2.0,16.0,1.0,2.0,64.0,1.0,32.0,8.0,1.0,1.0,1.0,1.0,2.0,1.0,2.0,2.0,3.0,6.0,4.0,5.0,4.0,5.0,1.0,6.0,5.0,3.0,5.0,6.0,4.0,2.0,384.0,128.0,1.0,4.0,48.0,1.0,1.0,1.0,1.0,1.0,1.0,1.0,1.0,5.0,1.0,6.0,4.0,1.0,3.0,1.0,5.0,5.0,2.0,5.0,5.0,1.0,1.0,5.0,2.0,5.0,192.0,384.0,1.0,3.0,64.0,1.0,1.0,1.0,1.0,1.0,1.0,1.0,3.0,5.0,3.0,5.0,6.0,4.0,3.0,2.0,2.0,4.0,3.0,5.0,2.0,1.0,2.0,1.0,4.0,5.0,96.0,4.0,1.0,256.0,768.0,1.0,1.0,1.0,1.0,1.0,1.0,1.0,1554997632.0,18687132.82,886987000000.0,935.4677857142857,41344.0,514.0,2588672.0,2.9058447283969484e+16,48.642857142857146,0.3783482142857143,78.57142857142857,173348.57142857142
32000.0,256000.0,256.0,64.0,2.0,42.0,12.0,36.0,3.0,3.0,4.0,5.0,3.0,5.0,5.0,1.0,1.0,2.0,2.0,2.0,5.0,2.0,6.0,1.0,4.0,6.0,6.0,2.0,1.0,6.0,3.0,2.0,6.0,4.0,1.0,6.0,24.0,1.0,1.0,1.0,1.0,1.0,1.0,1.0,1.0,2.0,2.0,1.0,4.0,6.0,4.0,6.0,3.0,4.0,3.0,3.0,4.0,4.0,5.0,4.0,4.0,4.0,32.0,32.0,1.0,16.0,8.0,1.0,64.0,8.0,1.0,1.0,1.0,1.0,2.0,2.0,6.0,5.0,5.0,3.0,2.0,5.0,3.0,3.0,5.0,1.0,5.0,6.0,1.0,4.0,6.0,5.0,32.0,32.0,1.0,16.0,2.0,1.0,2.0,32.0,1.0,1.0,1.0,1.0,3.0,1.0,2.0,5.0,5.0,3.0,6.0,2.0,4.0,6.0,1.0,5.0,1.0,2.0,4.0,5.0,3.0,3.0,768.0,48.0,1.0,24.0,4.0,1.0,1.0,1.0,1.0,1.0,1.0,1.0,5.0,2.0,6.0,6.0,1.0,2.0,1.0,6.0,4.0,1.0,5.0,6.0,3.0,5.0,3.0,3.0,6.0,5.0,128.0,3.0,1.0,768.0,128.0,1.0,1.0,1.0,1.0,1.0,1.0,1.0,2.0,5.0,5.0,3.0,5.0,6.0,5.0,3.0,4.0,6.0,1.0,2.0,5.0,5.0,1.0,3.0,3.0,4.0,384.0,32.0,1.0,128.0,2.0,1.0,1.0,1.0,1.0,1.0,1.0,1.0,11176317936.0,27179608.720000003,262010000.0,2.040245357142857,432.0,514.0,34304.0,3.03767948430798e+17,1.0,0.4464839750000001,78.57142857142857,2729.714285714286
128.0,8192000.0,256.0,64.0,3.0,30.0,24.0,6.0,1.0,6.0,6.0,3.0,3.0,5.0,5.0,1.0,3.0,2.0,2.0,4.0,6.0,3.0,1.0,5.0,2.0,4.0,5.0,4.0,4.0,4.0,3.0,3.0,128.0,768.0,1.0,3.0,256.0,1.0,1.0,1.0,1.0,1.0,1.0,1.0,2.0,6.0,5.0,2.0,5.0,1.0,4.0,6.0,6.0,4.0,3.0,3.0,3.0,3.0,2.0,1.0,1.0,2.0,32.0,16.0,1.0,32.0,128.0,1.0,64.0,16.0,1.0,1.0,1.0,1.0,4.0,6.0,2.0,5.0,3.0,5.0,1.0,4.0,5.0,6.0,2.0,3.0,4.0,6.0,3.0,3.0,6.0,3.0,8.0,16.0,1.0,1.0,32.0,1.0,8.0,16.0,1.0,1.0,1.0,1.0,1.0,1.0,6.0,2.0,5.0,5.0,4.0,6.0,6.0,2.0,3.0,3.0,3.0,2.0,4.0,6.0,2.0,4.0,768.0,12.0,1.0,16.0,16.0,1.0,1.0,1.0,1.0,1.0,1.0,1.0,5.0,2.0,6.0,4.0,2.0,3.0,4.0,4.0,3.0,6.0,3.0,1.0,1.0,1.0,3.0,1.0,3.0,2.0,6.0,48.0,1.0,2.0,48.0,1.0,1.0,1.0,1.0,1.0,1.0,1.0,4.0,6.0,3.0,4.0,6.0,2.0,3.0,3.0,6.0,4.0,5.0,4.0,2.0,6.0,3.0,2.0,4.0,1.0,1536.0,32.0,1.0,384.0,32.0,1.0,1.0,1.0,1.0,1.0,1.0,1.0,2378796072.0,18088650.939999998,11173200000.0,28.737964285714288,4320.0,514.0,4259840.0,4.30292118038511e+16,7.154760714285715,0.16145832142857142,78.57142857142857,325814.85714285716
8192.0,32000000.0,256.0,64.0,1.0,32.0,2.0,34.0,3.0,5.0,2.0,5.0,2.0,3.0,2.0,2.0,1.0,6.0,1.0,4.0,3.0,4.0,6.0,4.0,6.0,1.0,3.0,3.0,3.0,5.0,4.0,3.0,12.0,4.0,1.0,576.0,128.0,1.0,1.0,1.0,1.0,1.0,1.0,1.0,1.0,6.0,6.0,2.0,1.0,1.0,1.0,4.0,3.0,1.0,6.0,5.0,2.0,3.0,1.0,6.0,4.0,2.0,64.0,8.0,1.0,4.0,16.0,1.0,128.0,128.0,1.0,1.0,1.0,1.0,3.0,3.0,3.0,2.0,4.0,1.0,4.0,1.0,3.0,3.0,2.0,1.0,5.0,6.0,6.0,1.0,6.0,4.0,4.0,8.0,1.0,16.0,8.0,1.0,8.0,8.0,1.0,1.0,1.0,1.0,5.0,6.0,3.0,3.0,5.0,2.0,6.0,5.0,4.0,6.0,5.0,1.0,6.0,5.0,4.0,5.0,3.0,6.0,8.0,6.0,1.0,48.0,12.0,1.0,1.0,1.0,1.0,1.0,1.0,1.0,6.0,6.0,1.0,5.0,2.0,2.0,4.0,2.0,6.0,5.0,6.0,3.0,6.0,1.0,1.0,2.0,4.0,4.0,2.0,768.0,1.0,256.0,48.0,1.0,1.0,1.0,1.0,1.0,1.0,1.0,4.0,6.0,6.0,2.0,1.0,4.0,4.0,2.0,3.0,5.0,3.0,4.0,5.0,2.0,4.0,1.0,5.0,6.0,256.0,1024.0,1.0,12.0,32.0,1.0,1.0,1.0,1.0,1.0,1.0,1.0,332661072.0,66704190.239999995,14410900.0,0.16420714285714288,34.0,514.0,9028.0,2.2189887432130336e+16,32.2294,32.65792857142857,78.57142857142857,1408.0
16000.0,32000.0,256.0,64.0,3.0,16.0,22.0,20.0,4.0,1.0,4.0,5.0,5.0,3.0,4.0,2.0,4.0,5.0,2.0,6.0,6.0,6.0,4.0,5.0,3.0,4.0,4.0,6.0,2.0,1.0,1.0,3.0,64.0,3.0,1.0,144.0,18.0,1.0,1.0,1.0,1.0,1.0,1.0,1.0,3.0,6.0,5.0,5.0,3.0,5.0,5.0,6.0,3.0,6.0,5.0,1.0,6.0,4.0,1.0,3.0,6.0,4.0,32.0,4.0,1.0,4.0,128.0,1.0,128.0,32.0,1.0,1.0,1.0,1.0,2.0,6.0,5.0,3.0,3.0,6.0,1.0,5.0,3.0,3.0,4.0,4.0,1.0,6.0,4.0,4.0,2.0,3.0,2.0,32.0,1.0,64.0,16.0,1.0,64.0,1.0,1.0,1.0,1.0,1.0,6.0,4.0,1.0,4.0,4.0,4.0,3.0,6.0,4.0,2.0,4.0,4.0,6.0,3.0,1.0,2.0,6.0,3.0,2.0,12.0,1.0,3.0,128.0,1.0,1.0,1.0,1.0,1.0,1.0,1.0,5.0,4.0,4.0,5.0,4.0,2.0,1.0,1.0,3.0,1.0,4.0,2.0,6.0,3.0,4.0,2.0,3.0,1.0,32.0,24.0,1.0,24.0,32.0,1.0,1.0,1.0,1.0,1.0,1.0,1.0,4.0,6.0,5.0,6.0,3.0,4.0,4.0,2.0,1.0,6.0,4.0,3.0,6.0,4.0,2.0,1.0,3.0,4.0,12.0,192.0,1.0,256.0,6.0,1.0,1.0,1.0,1.0,1.0,1.0,1.0,2154436752.0,18844657.120000005,27965400000.0,53.525310714285716,7040.0,514.0,212992.0,4.059962187816649e+16,3.4642857142857144,0.023390974999999998,78.57142857142857,40301.71428571428
32000.0,1024000.0,256.0,64.0,3.0,30.0,16.0,16.0,2.0,1.0,2.0,5.0,1.0,2.0,1.0,2.0,3.0,3.0,4.0,2.0,3.0,3.0,3.0,5.0,6.0,2.0,5.0,3.0,5.0,4.0,6.0,5.0,768.0,1.0,1.0,576.0,1152.0,1.0,1.0,1.0,1.0,1.0,1.0,1.0,2.0,4.0,6.0,6.0,3.0,5.0,4.0,2.0,1.0,6.0,4.0,2.0,1.0,3.0,5.0,6.0,1.0,5.0,32.0,4.0,1.0,4.0,16.0,1.0,16.0,8.0,1.0,1.0,1.0,1.0,5.0,3.0,4.0,3.0,6.0,5.0,3.0,4.0,2.0,4.0,1.0,1.0,1.0,3.0,3.0,1.0,3.0,3.0,16.0,32.0,1.0,16.0,32.0,1.0,16.0,64.0,1.0,1.0,1.0,1.0,6.0,2.0,2.0,6.0,3.0,1.0,4.0,5.0,4.0,5.0,1.0,5.0,1.0,1.0,1.0,4.0,3.0,1.0,48.0,96.0,1.0,12.0,3.0,1.0,1.0,1.0,1.0,1.0,1.0,1.0,4.0,3.0,2.0,3.0,1.0,2.0,6.0,6.0,4.0,6.0,2.0,5.0,6.0,3.0,6.0,1.0,4.0,5.0,1.0,64.0,1.0,384.0,96.0,1.0,1.0,1.0,1.0,1.0,1.0,1.0,6.0,4.0,5.0,5.0,3.0,4.0,3.0,1.0,5.0,3.0,5.0,6.0,5.0,1.0,5.0,6.0,4.0,1.0,192.0,6.0,1.0,32.0,8.0,1.0,1.0,1.0,1.0,1.0,1.0,1.0,1083822396.0,18163186.44,33012700000.0,60.72249642857143,7680.0,514.0,2260992.0,1.968566824639551e+16,42.92857142857143,2.7929941571428576,78.57142857142857,95643.42857142857
2048000.0,64000.0,256.0,64.0,2.0,8.0,18.0,28.0,6.0,6.0,5.0,6.0,2.0,1.0,2.0,3.0,5.0,5.0,5.0,5.0,2.0,6.0,6.0,6.0,1.0,5.0,5.0,6.0,5.0,6.0,5.0,4.0,96.0,16.0,1.0,1152.0,48.0,1.0,1.0,1.0,1.0,1.0,1.0,1.0,1.0,6.0,6.0,4.0,6.0,5.0,4.0,3.0,1.0,3.0,3.0,1.0,1.0,6.0,1.0,2.0,5.0,1.0,4.0,2.0,1.0,8.0,32.0,1.0,4.0,8.0,1.0,1.0,1.0,1.0,3.0,6.0,6.0,6.0,6.0,3.0,4.0,2.0,4.0,5.0,2.0,3.0,3.0,2.0,2.0,6.0,6.0,2.0,128.0,2.0,1.0,2.0,1.0,1.0,1.0,16.0,1.0,1.0,1.0,1.0,1.0,5.0,5.0,2.0,5.0,2.0,5.0,1.0,5.0,6.0,1.0,1.0,2.0,6.0,1.0,6.0,3.0,4.0,768.0,256.0,1.0,96.0,48.0,1.0,1.0,1.0,1.0,1.0,1.0,1.0,5.0,5.0,6.0,4.0,2.0,1.0,6.0,6.0,1.0,5.0,4.0,2.0,2.0,3.0,1.0,1.0,4.0,2.0,12.0,12.0,1.0,512.0,48.0,1.0,1.0,1.0,1.0,1.0,1.0,1.0,6.0,4.0,3.0,1.0,5.0,5.0,5.0,2.0,2.0,1.0,4.0,4.0,2.0,1.0,4.0,5.0,2.0,3.0,3072.0,384.0,1.0,128.0,3.0,1.0,1.0,1.0,1.0,1.0,1.0,1.0,195613668.0,18795342.68,324126000.0,2.5447785714285716,504.0,514.0,805632.0,3676625922951750.0,92.57142857142857,11.298061928571427,78.57142857142857,46540.28571428572
512.0,16000.0,256.0,64.0,3.0,26.0,34.0,18.0,2.0,4.0,3.0,5.0,2.0,3.0,3.0,1.0,1.0,2.0,6.0,5.0,5.0,5.0,2.0,1.0,3.0,3.0,5.0,6.0,2.0,3.0,1.0,3.0,64.0,12.0,1.0,32.0,9.0,1.0,1.0,1.0,1.0,1.0,1.0,1.0,5.0,6.0,2.0,6.0,2.0,2.0,6.0,4.0,5.0,1.0,6.0,2.0,1.0,4.0,4.0,3.0,6.0,1.0,32.0,4.0,1.0,2.0,16.0,1.0,1.0,128.0,1.0,1.0,1.0,1.0,2.0,6.0,4.0,6.0,4.0,6.0,1.0,5.0,1.0,4.0,6.0,6.0,4.0,2.0,6.0,2.0,5.0,4.0,2.0,1.0,1.0,2.0,32.0,1.0,32.0,64.0,1.0,1.0,1.0,1.0,4.0,1.0,4.0,2.0,5.0,5.0,4.0,3.0,2.0,1.0,5.0,6.0,5.0,6.0,3.0,6.0,5.0,5.0,2.0,8.0,1.0,2.0,768.0,1.0,1.0,1.0,1.0,1.0,1.0,1.0,2.0,6.0,5.0,5.0,5.0,6.0,5.0,5.0,1.0,2.0,1.0,6.0,3.0,5.0,4.0,4.0,4.0,1.0,24.0,256.0,1.0,256.0,96.0,1.0,1.0,1.0,1.0,1.0,1.0,1.0,6.0,3.0,3.0,1.0,5.0,3.0,3.0,2.0,2.0,4.0,4.0,4.0,5.0,3.0,1.0,4.0,6.0,5.0,3072.0,6.0,1.0,8.0,128.0,1.0,1.0,1.0,1.0,1.0,1.0,1.0,2400891216.0,18840087.64,135149000000.0,182.79417857142857,15912.0,514.0,1605632.0,4.523300092354617e+16,115.10714285714286,42.04527028928572,78.57142857142857,82889.14285714286
16000.0,16000000.0,256.0,64.0,2.0,4.0,2.0,44.0,4.0,1.0,6.0,4.0,6.0,1.0,1.0,4.0,2.0,5.0,4.0,2.0,2.0,3.0,1.0,5.0,3.0,3.0,1.0,6.0,5.0,1.0,6.0,6.0,64.0,32.0,1.0,6.0,48.0,1.0,1.0,1.0,1.0,1.0,1.0,1.0,5.0,4.0,3.0,6.0,6.0,2.0,2.0,4.0,2.0,1.0,2.0,1.0,1.0,6.0,4.0,5.0,1.0,5.0,64.0,1.0,1.0,1.0,64.0,1.0,16.0,128.0,1.0,1.0,1.0,1.0,3.0,5.0,1.0,6.0,6.0,2.0,1.0,5.0,6.0,1.0,5.0,2.0,5.0,5.0,3.0,5.0,1.0,4.0,4.0,2.0,1.0,8.0,2.0,1.0,64.0,32.0,1.0,1.0,1.0,1.0,2.0,1.0,6.0,3.0,1.0,3.0,2.0,5.0,2.0,4.0,3.0,5.0,3.0,4.0,6.0,1.0,5.0,1.0,1.0,2.0,1.0,48.0,6.0,1.0,1.0,1.0,1.0,1.0,1.0,1.0,1.0,6.0,1.0,4.0,5.0,6.0,1.0,6.0,1.0,6.0,3.0,1.0,4.0,6.0,1.0,5.0,6.0,3.0,768.0,256.0,1.0,2.0,16.0,1.0,1.0,1.0,1.0,1.0,1.0,1.0,6.0,1.0,3.0,5.0,1.0,4.0,2.0,2.0,2.0,5.0,5.0,3.0,4.0,5.0,3.0,4.0,5.0,6.0,12.0,3072.0,1.0,2.0,3.0,1.0,1.0,1.0,1.0,1.0,1.0,1.0,11030466660.0,33642869.08,38543900.0,0.4162714642857142,88.0,514.0,67072.0,3.7109654573368486e+17,1.8571428571428572,1.3079412607142857,78.57142857142857,3229.285714285714
16000.0,512000.0,256.0,64.0,1.0,48.0,16.0,12.0,4.0,5.0,2.0,6.0,4.0,4.0,6.0,2.0,5.0,3.0,6.0,6.0,1.0,5.0,2.0,5.0,4.0,6.0,6.0,2.0,3.0,6.0,3.0,3.0,192.0,32.0,1.0,6.0,24.0,1.0,1.0,1.0,1.0,1.0,1.0,1.0,3.0,2.0,1.0,4.0,1.0,2.0,5.0,4.0,5.0,6.0,5.0,6.0,2.0,6.0,6.0,4.0,2.0,1.0,64.0,1.0,1.0,4.0,32.0,1.0,32.0,4.0,1.0,1.0,1.0,1.0,2.0,1.0,3.0,2.0,5.0,6.0,5.0,3.0,2.0,5.0,6.0,6.0,1.0,4.0,2.0,2.0,3.0,2.0,8.0,2.0,1.0,8.0,64.0,1.0,4.0,16.0,1.0,1.0,1.0,1.0,6.0,2.0,2.0,1.0,4.0,3.0,1.0,4.0,2.0,2.0,3.0,3.0,4.0,6.0,5.0,5.0,2.0,6.0,1.0,384.0,1.0,24.0,1.0,1.0,1.0,1.0,1.0,1.0,1.0,1.0,5.0,6.0,4.0,6.0,4.0,1.0,1.0,2.0,1.0,4.0,3.0,6.0,4.0,5.0,6.0,5.0,2.0,2.0,4.0,96.0,1.0,24.0,128.0,1.0,1.0,1.0,1.0,1.0,1.0,1.0,5.0,5.0,3.0,1.0,3.0,5.0,5.0,6.0,3.0,1.0,1.0,6.0,3.0,4.0,1.0,4.0,6.0,2.0,1.0,256.0,1.0,3.0,128.0,1.0,1.0,1.0,1.0,1.0,1.0,1.0,11173626192.0,106742388.0,5432530.0,0.06048252857142857,12.0,514.0,514.0,1.1926995423534264e+18,1.0,1.8479375000000005,78.57142857142857,78.57142857142857
16000.0,512000.0,256.0,64.0,1.0,38.0,42.0,40.0,3.0,5.0,6.0,1.0,3.0,3.0,6.0,5.0,5.0,6.0,6.0,4.0,3.0,4.0,5.0,1.0,4.0,2.0,2.0,2.0,3.0,6.0,6.0,5.0,2.0,24.0,1.0,576.0,8.0,1.0,1.0,1.0,1.0,1.0,1.0,1.0,2.0,1.0,3.0,3.0,6.0,3.0,2.0,1.0,1.0,6.0,4.0,5.0,1.0,2.0,4.0,3.0,4.0,4.0,64.0,16.0,1.0,128.0,2.0,1.0,4.0,128.0,1.0,1.0,1.0,1.0,5.0,6.0,1.0,5.0,3.0,1.0,6.0,4.0,3.0,4.0,6.0,2.0,3.0,2.0,4.0,1.0,2.0,1.0,2.0,16.0,1.0,2.0,2.0,1.0,2.0,4.0,1.0,1.0,1.0,1.0,6.0,1.0,5.0,1.0,5.0,5.0,1.0,3.0,5.0,2.0,4.0,1.0,5.0,1.0,3.0,2.0,4.0,3.0,6.0,48.0,1.0,384.0,64.0,1.0,1.0,1.0,1.0,1.0,1.0,1.0,6.0,2.0,4.0,4.0,1.0,3.0,3.0,6.0,6.0,2.0,6.0,2.0,1.0,5.0,2.0,4.0,6.0,3.0,48.0,256.0,1.0,3.0,1.0,1.0,1.0,1.0,1.0,1.0,1.0,1.0,3.0,4.0,2.0,1.0,3.0,5.0,5.0,2.0,1.0,6.0,5.0,5.0,3.0,5.0,5.0,1.0,2.0,2.0,256.0,2.0,1.0,48.0,16.0,1.0,1.0,1.0,1.0,1.0,1.0,1.0,10881073488.0,100466685.12,16944000.0,0.18726528571428575,40.0,514.0,514.0,1.0931853838864762e+18,27.571428571428573,27.997215,78.57142857142857,212.28571428571428
16000.0,8192000.0,256.0,64.0,1.0,18.0,46.0,22.0,6.0,4.0,5.0,5.0,5.0,5.0,6.0,2.0,6.0,2.0,6.0,5.0,6.0,1.0,5.0,4.0,6.0,6.0,4.0,4.0,3.0,5.0,4.0,5.0,128.0,8.0,1.0,2.0,576.0,1.0,1.0,1.0,1.0,1.0,1.0,1.0,4.0,3.0,1.0,1.0,3.0,2.0,5.0,5.0,5.0,3.0,3.0,6.0,6.0,1.0,5.0,2.0,4.0,6.0,32.0,16.0,1.0,1.0,1.0,1.0,16.0,2.0,1.0,1.0,1.0,1.0,3.0,1.0,3.0,4.0,3.0,4.0,1.0,6.0,5.0,2.0,1.0,5.0,2.0,6.0,2.0,1.0,2.0,1.0,1.0,128.0,1.0,4.0,128.0,1.0,4.0,64.0,1.0,1.0,1.0,1.0,2.0,3.0,6.0,1.0,2.0,4.0,4.0,6.0,6.0,5.0,2.0,4.0,2.0,4.0,3.0,2.0,6.0,5.0,4.0,192.0,1.0,128.0,12.0,1.0,1.0,1.0,1.0,1.0,1.0,1.0,6.0,2.0,2.0,6.0,6.0,6.0,4.0,4.0,1.0,4.0,6.0,2.0,2.0,4.0,2.0,5.0,1.0,1.0,12.0,3.0,1.0,384.0,1536.0,1.0,1.0,1.0,1.0,1.0,1.0,1.0,2.0,3.0,2.0,2.0,6.0,2.0,3.0,3.0,5.0,2.0,5.0,1.0,3.0,1.0,1.0,5.0,4.0,3.0,1024.0,384.0,1.0,384.0,48.0,1.0,1.0,1.0,1.0,1.0,1.0,1.0,509608800.0,42251908.8,9452600.0,0.10836268571428574,22.0,514.0,5932.0,2.153194454127744e+16,21.42038571428572,20.013897500000002,78.57142857142857,924.5714285714286
256000.0,4096000.0,256.0,64.0,2.0,48.0,22.0,26.0,2.0,2.0,5.0,6.0,3.0,4.0,2.0,2.0,3.0,1.0,3.0,4.0,1.0,5.0,3.0,4.0,2.0,4.0,2.0,5.0,1.0,5.0,3.0,2.0,768.0,256.0,1.0,192.0,128.0,1.0,1.0,1.0,1.0,1.0,1.0,1.0,5.0,3.0,4.0,5.0,4.0,2.0,4.0,6.0,4.0,1.0,1.0,4.0,3.0,3.0,2.0,5.0,4.0,5.0,1.0,64.0,1.0,128.0,16.0,1.0,4.0,4.0,1.0,1.0,1.0,1.0,6.0,6.0,5.0,2.0,3.0,2.0,5.0,2.0,3.0,6.0,2.0,5.0,1.0,6.0,4.0,3.0,6.0,6.0,8.0,8.0,1.0,1.0,1.0,1.0,64.0,4.0,1.0,1.0,1.0,1.0,4.0,6.0,4.0,4.0,5.0,6.0,3.0,1.0,4.0,3.0,4.0,5.0,2.0,1.0,4.0,6.0,3.0,4.0,16.0,32.0,1.0,6.0,32.0,1.0,1.0,1.0,1.0,1.0,1.0,1.0,2.0,4.0,1.0,4.0,4.0,6.0,5.0,6.0,1.0,2.0,2.0,4.0,5.0,1.0,3.0,4.0,2.0,6.0,24.0,1.0,1.0,256.0,768.0,1.0,1.0,1.0,1.0,1.0,1.0,1.0,1.0,4.0,5.0,1.0,6.0,4.0,4.0,5.0,1.0,5.0,5.0,4.0,2.0,1.0,5.0,2.0,2.0,1.0,256.0,768.0,1.0,32.0,16.0,1.0,1.0,1.0,1.0,1.0,1.0,1.0,10954408428.0,35542852.120000005,387501000.0,2.761182857142858,572.0,514.0,163840.0,3.893509188184857e+17,3.5714285714285716,2.0435584642857143,78.57142857142857,11316.57142857143
512000.0,32000000.0,256.0,64.0,2.0,16.0,32.0,34.0,5.0,5.0,6.0,3.0,4.0,4.0,6.0,6.0,3.0,5.0,4.0,1.0,4.0,2.0,4.0,1.0,2.0,5.0,4.0,4.0,2.0,1.0,5.0,1.0,6.0,12.0,1.0,3.0,1.0,1.0,1.0,1.0,1.0,1.0,1.0,1.0,2.0,2.0,3.0,6.0,5.0,2.0,3.0,5.0,1.0,2.0,5.0,6.0,1.0,5.0,6.0,4.0,1.0,6.0,1.0,32.0,1.0,64.0,8.0,1.0,1.0,32.0,1.0,1.0,1.0,1.0,5.0,6.0,6.0,4.0,4.0,6.0,3.0,6.0,6.0,5.0,1.0,2.0,6.0,6.0,5.0,4.0,6.0,3.0,8.0,64.0,1.0,1.0,1.0,1.0,64.0,1.0,1.0,1.0,1.0,1.0,6.0,4.0,5.0,6.0,2.0,3.0,2.0,5.0,1.0,6.0,3.0,1.0,6.0,5.0,5.0,3.0,3.0,4.0,48.0,8.0,1.0,16.0,384.0,1.0,1.0,1.0,1.0,1.0,1.0,1.0,6.0,4.0,4.0,1.0,1.0,2.0,6.0,4.0,5.0,1.0,5.0,3.0,4.0,6.0,5.0,3.0,6.0,4.0,384.0,96.0,1.0,64.0,192.0,1.0,1.0,1.0,1.0,1.0,1.0,1.0,1.0,1.0,6.0,6.0,1.0,3.0,1.0,5.0,1.0,5.0,6.0,5.0,3.0,1.0,2.0,4.0,2.0,6.0,96.0,768.0,1.0,48.0,32.0,1.0,1.0,1.0,1.0,1.0,1.0,1.0,815074092.0,22675755.319999997,1022460000.0,5.4325285714285725,1088.0,514.0,53248.0,1.848242067786317e+16,126.21428571428571,67.29240578571428,78.57142857142857,4091.8571428571427
512.0,32000.0,256.0,64.0,3.0,14.0,42.0,48.0,6.0,4.0,4.0,2.0,1.0,3.0,3.0,5.0,5.0,5.0,1.0,6.0,5.0,1.0,3.0,5.0,2.0,1.0,4.0,3.0,1.0,4.0,1.0,2.0,6.0,384.0,1.0,576.0,144.0,1.0,1.0,1.0,1.0,1.0,1.0,1.0,6.0,3.0,2.0,6.0,6.0,2.0,1.0,6.0,2.0,4.0,2.0,3.0,4.0,5.0,3.0,4.0,2.0,2.0,2.0,8.0,1.0,16.0,4.0,1.0,16.0,32.0,1.0,1.0,1.0,1.0,6.0,2.0,2.0,4.0,2.0,6.0,3.0,4.0,1.0,3.0,2.0,1.0,2.0,1.0,2.0,3.0,2.0,2.0,64.0,128.0,1.0,8.0,16.0,1.0,8.0,8.0,1.0,1.0,1.0,1.0,3.0,2.0,6.0,4.0,3.0,1.0,1.0,1.0,5.0,6.0,5.0,3.0,6.0,6.0,4.0,3.0,5.0,5.0,384.0,96.0,1.0,2.0,4.0,1.0,1.0,1.0,1.0,1.0,1.0,1.0,3.0,6.0,4.0,5.0,3.0,5.0,1.0,5.0,5.0,4.0,3.0,6.0,5.0,1.0,6.0,2.0,5.0,3.0,16.0,384.0,1.0,4.0,128.0,1.0,1.0,1.0,1.0,1.0,1.0,1.0,5.0,3.0,4.0,3.0,2.0,3.0,6.0,2.0,6.0,2.0,6.0,5.0,6.0,3.0,1.0,3.0,5.0,2.0,1.0,3072.0,1.0,96.0,6.0,1.0,1.0,1.0,1.0,1.0,1.0,1.0,859703712.0,17711445.519999996,416806000000.0,476.3872857142857,28224.0,514.0,1400832.0,1.5226595458429766e+16,229.57142857142858,11.358979392857142,78.57142857142857,122221.71428571429
2048.0,16000000.0,256.0,64.0,3.0,10.0,46.0,46.0,2.0,4.0,5.0,3.0,2.0,1.0,2.0,5.0,4.0,4.0,3.0,6.0,6.0,5.0,3.0,3.0,3.0,5.0,2.0,6.0,6.0,4.0,6.0,6.0,6.0,32.0,1.0,576.0,8.0,1.0,1.0,1.0,1.0,1.0,1.0,1.0,3.0,4.0,4.0,3.0,2.0,1.0,4.0,1.0,6.0,1.0,3.0,4.0,3.0,3.0,3.0,1.0,6.0,6.0,4.0,2.0,1.0,32.0,2.0,1.0,2.0,128.0,1.0,1.0,1.0,1.0,2.0,6.0,2.0,2.0,4.0,1.0,3.0,1.0,1.0,4.0,3.0,6.0,3.0,3.0,5.0,4.0,1.0,2.0,2.0,32.0,1.0,2.0,64.0,1.0,4.0,16.0,1.0,1.0,1.0,1.0,2.0,6.0,2.0,1.0,4.0,2.0,3.0,5.0,2.0,4.0,1.0,3.0,1.0,4.0,5.0,1.0,4.0,6.0,1.0,96.0,1.0,8.0,96.0,1.0,1.0,1.0,1.0,1.0,1.0,1.0,5.0,1.0,5.0,3.0,3.0,1.0,6.0,2.0,6.0,3.0,5.0,3.0,2.0,3.0,1.0,3.0,6.0,2.0,128.0,3.0,1.0,1536.0,12.0,1.0,1.0,1.0,1.0,1.0,1.0,1.0,5.0,5.0,3.0,3.0,1.0,5.0,4.0,4.0,4.0,4.0,6.0,3.0,4.0,4.0,2.0,6.0,5.0,4.0,128.0,768.0,1.0,12.0,2.0,1.0,1.0,1.0,1.0,1.0,1.0,1.0,852165120.0,18482881.58,236314000000.0,291.55039285714287,21160.0,514.0,819200.0,1.5750466999566488e+16,65.16666785714285,3.059754314285714,78.57142857142857,57417.142857142855
2048.0,2048000.0,256.0,64.0,2.0,22.0,2.0,28.0,6.0,4.0,4.0,6.0,6.0,5.0,6.0,3.0,4.0,6.0,6.0,3.0,4.0,2.0,3.0,5.0,6.0,3.0,2.0,5.0,5.0,1.0,4.0,1.0,2.0,24.0,1.0,4.0,288.0,1.0,1.0,1.0,1.0,1.0,1.0,1.0,2.0,5.0,6.0,3.0,1.0,6.0,6.0,6.0,5.0,6.0,2.0,5.0,6.0,1.0,5.0,4.0,6.0,1.0,8.0,1.0,1.0,8.0,16.0,1.0,4.0,1.0,1.0,1.0,1.0,1.0,3.0,5.0,6.0,3.0,2.0,3.0,2.0,4.0,4.0,3.0,3.0,6.0,5.0,6.0,4.0,3.0,6.0,6.0,4.0,1.0,1.0,1.0,2.0,1.0,32.0,8.0,1.0,1.0,1.0,1.0,6.0,1.0,6.0,5.0,1.0,6.0,4.0,4.0,3.0,3.0,5.0,5.0,5.0,2.0,5.0,3.0,2.0,5.0,1.0,64.0,1.0,2.0,24.0,1.0,1.0,1.0,1.0,1.0,1.0,1.0,3.0,3.0,5.0,3.0,5.0,3.0,3.0,3.0,1.0,4.0,5.0,4.0,4.0,2.0,5.0,5.0,2.0,5.0,768.0,48.0,1.0,24.0,1024.0,1.0,1.0,1.0,1.0,1.0,1.0,1.0,5.0,5.0,4.0,3.0,3.0,5.0,6.0,5.0,1.0,1.0,6.0,1.0,2.0,2.0,4.0,6.0,4.0,6.0,192.0,512.0,1.0,384.0,2.0,1.0,1.0,1.0,1.0,1.0,1.0,1.0,5608836396.0,24239835.880000003,23891100.0,0.27642928571428577,56.0,514.0,100352.0,1.359572737168107e+17,2.0,1.2935999750000002,78.57142857142857,5001.428571428572
2048.0,1024000.0,256.0,64.0,2.0,2.0,16.0,44.0,4.0,6.0,6.0,1.0,1.0,5.0,5.0,2.0,6.0,1.0,2.0,5.0,1.0,5.0,4.0,3.0,4.0,1.0,6.0,4.0,4.0,6.0,3.0,4.0,6.0,192.0,1.0,768.0,96.0,1.0,1.0,1.0,1.0,1.0,1.0,1.0,3.0,1.0,3.0,6.0,4.0,6.0,4.0,4.0,3.0,5.0,2.0,3.0,6.0,4.0,3.0,2.0,6.0,4.0,1.0,1.0,1.0,1.0,1.0,1.0,4.0,2.0,1.0,1.0,1.0,1.0,5.0,6.0,6.0,5.0,2.0,4.0,2.0,6.0,2.0,4.0,3.0,5.0,3.0,2.0,4.0,2.0,4.0,6.0,128.0,16.0,1.0,128.0,128.0,1.0,8.0,1.0,1.0,1.0,1.0,1.0,5.0,1.0,3.0,5.0,4.0,1.0,1.0,6.0,4.0,5.0,1.0,5.0,6.0,5.0,1.0,5.0,3.0,1.0,96.0,8.0,1.0,64.0,8.0,1.0,1.0,1.0,1.0,1.0,1.0,1.0,4.0,2.0,4.0,1.0,4.0,1.0,1.0,3.0,4.0,1.0,3.0,2.0,2.0,4.0,1.0,3.0,2.0,3.0,2.0,384.0,1.0,96.0,1.0,1.0,1.0,1.0,1.0,1.0,1.0,1.0,2.0,5.0,2.0,4.0,4.0,3.0,5.0,5.0,2.0,3.0,6.0,3.0,2.0,1.0,1.0,4.0,2.0,3.0,12.0,12.0,1.0,24.0,12.0,1.0,1.0,1.0,1.0,1.0,1.0,1.0,897515424.0,30966655.12,524131000.0,3.4593371428571436,704.0,514.0,413184.0,2.7793050599888572e+16,16.285714285714285,7.363385557142858,78.57142857142857,20191.428571428572
1024000.0,512000.0,256.0,64.0,1.0,10.0,14.0,6.0,3.0,3.0,5.0,5.0,3.0,1.0,1.0,2.0,3.0,2.0,4.0,4.0,2.0,5.0,2.0,4.0,3.0,2.0,3.0,3.0,3.0,5.0,6.0,4.0,384.0,384.0,1.0,4.0,24.0,1.0,1.0,1.0,1.0,1.0,1.0,1.0,1.0,2.0,4.0,3.0,1.0,3.0,6.0,1.0,6.0,5.0,4.0,3.0,3.0,3.0,1.0,2.0,6.0,5.0,8.0,1.0,1.0,128.0,4.0,1.0,64.0,128.0,1.0,1.0,1.0,1.0,1.0,1.0,2.0,5.0,4.0,6.0,3.0,6.0,3.0,4.0,2.0,3.0,6.0,4.0,4.0,4.0,5.0,4.0,128.0,64.0,1.0,128.0,4.0,1.0,32.0,16.0,1.0,1.0,1.0,1.0,4.0,4.0,1.0,5.0,1.0,5.0,2.0,5.0,1.0,2.0,6.0,5.0,2.0,4.0,5.0,6.0,6.0,3.0,64.0,128.0,1.0,12.0,1.0,1.0,1.0,1.0,1.0,1.0,1.0,1.0,3.0,2.0,3.0,5.0,6.0,5.0,5.0,4.0,3.0,1.0,5.0,1.0,3.0,1.0,6.0,2.0,4.0,6.0,24.0,24.0,1.0,96.0,8.0,1.0,1.0,1.0,1.0,1.0,1.0,1.0,5.0,2.0,3.0,1.0,5.0,6.0,3.0,3.0,2.0,2.0,3.0,2.0,4.0,5.0,3.0,4.0,3.0,4.0,2.0,16.0,1.0,64.0,24.0,1.0,1.0,1.0,1.0,1.0,1.0,1.0,10923540816.0,88383813.60000001,3069750.0,0.033564842857142854,6.0,514.0,514.0,9.654641953333359e+17,5.12986857142857,5.130884642857143,78.57142857142857,95.71428571428571
512.0,8192000.0,256.0,64.0,1.0,48.0,38.0,26.0,3.0,4.0,5.0,2.0,1.0,3.0,3.0,5.0,5.0,5.0,2.0,2.0,2.0,3.0,3.0,5.0,4.0,6.0,3.0,4.0,5.0,6.0,4.0,3.0,96.0,8.0,1.0,96.0,18.0,1.0,1.0,1.0,1.0,1.0,1.0,1.0,1.0,3.0,2.0,3.0,1.0,3.0,4.0,5.0,2.0,6.0,6.0,1.0,2.0,2.0,5.0,4.0,3.0,4.0,4.0,4.0,1.0,1.0,64.0,1.0,128.0,4.0,1.0,1.0,1.0,1.0,5.0,6.0,3.0,1.0,1.0,1.0,1.0,1.0,5.0,1.0,3.0,1.0,6.0,4.0,3.0,5.0,2.0,3.0,4.0,128.0,1.0,4.0,16.0,1.0,64.0,32.0,1.0,1.0,1.0,1.0,6.0,1.0,3.0,4.0,1.0,1.0,5.0,2.0,5.0,1.0,1.0,1.0,5.0,4.0,2.0,5.0,2.0,1.0,384.0,6.0,1.0,32.0,192.0,1.0,1.0,1.0,1.0,1.0,1.0,1.0,4.0,1.0,2.0,2.0,5.0,2.0,3.0,5.0,4.0,1.0,1.0,6.0,5.0,2.0,6.0,4.0,5.0,1.0,3.0,768.0,1.0,3072.0,384.0,1.0,1.0,1.0,1.0,1.0,1.0,1.0,5.0,5.0,1.0,1.0,5.0,2.0,6.0,2.0,3.0,6.0,4.0,4.0,2.0,5.0,1.0,4.0,5.0,4.0,2.0,32.0,1.0,384.0,256.0,1.0,1.0,1.0,1.0,1.0,1.0,1.0,10884612432.0,95965752.47999999,11088400.0,0.12372471428571427,26.0,514.0,514.0,1.0445500224900428e+18,20.257128571428574,20.262100714285715,78.57142857142857,164.28571428571428
8192.0,32000000.0,256.0,64.0,3.0,42.0,16.0,30.0,4.0,1.0,4.0,1.0,6.0,2.0,3.0,4.0,1.0,6.0,1.0,3.0,3.0,2.0,4.0,4.0,5.0,5.0,2.0,6.0,1.0,5.0,5.0,5.0,2.0,32.0,1.0,192.0,1.0,1.0,1.0,1.0,1.0,1.0,1.0,1.0,4.0,3.0,2.0,5.0,6.0,3.0,1.0,4.0,3.0,6.0,5.0,4.0,2.0,1.0,4.0,2.0,4.0,5.0,16.0,1.0,1.0,32.0,4.0,1.0,4.0,1.0,1.0,1.0,1.0,1.0,2.0,2.0,3.0,1.0,6.0,4.0,1.0,4.0,4.0,5.0,1.0,4.0,5.0,5.0,4.0,2.0,4.0,3.0,32.0,128.0,1.0,2.0,128.0,1.0,2.0,4.0,1.0,1.0,1.0,1.0,4.0,3.0,6.0,3.0,6.0,3.0,1.0,5.0,5.0,4.0,2.0,6.0,4.0,3.0,1.0,4.0,4.0,2.0,6.0,48.0,1.0,2.0,256.0,1.0,1.0,1.0,1.0,1.0,1.0,1.0,6.0,5.0,1.0,4.0,1.0,1.0,4.0,4.0,2.0,3.0,4.0,1.0,2.0,6.0,2.0,6.0,1.0,1.0,256.0,768.0,1.0,24.0,1.0,1.0,1.0,1.0,1.0,1.0,1.0,1.0,5.0,5.0,3.0,3.0,4.0,5.0,6.0,5.0,1.0,3.0,4.0,6.0,2.0,2.0,4.0,1.0,1.0,3.0,1536.0,1.0,1.0,64.0,128.0,1.0,1.0,1.0,1.0,1.0,1.0,1.0,1750117872.0,18282799.239999995,214872000000.0,268.95671428571427,20160.0,514.0,819200.0,3.199705370011201e+16,11.821428571428571,0.44521942857142865,78.57142857142857,59483.42857142857
256.0,256000.0,256.0,64.0,2.0,2.0,18.0,4.0,1.0,3.0,3.0,2.0,1.0,1.0,6.0,1.0,4.0,3.0,1.0,6.0,1.0,1.0,5.0,5.0,3.0,6.0,6.0,4.0,6.0,5.0,3.0,5.0,96.0,24.0,1.0,768.0,576.0,1.0,1.0,1.0,1.0,1.0,1.0,1.0,1.0,3.0,3.0,4.0,3.0,6.0,1.0,2.0,4.0,4.0,6.0,5.0,2.0,6.0,2.0,5.0,3.0,2.0,32.0,2.0,1.0,128.0,64.0,1.0,4.0,64.0,1.0,1.0,1.0,1.0,1.0,1.0,4.0,3.0,1.0,4.0,1.0,6.0,6.0,3.0,5.0,6.0,1.0,4.0,1.0,5.0,4.0,3.0,32.0,64.0,1.0,1.0,1.0,1.0,16.0,16.0,1.0,1.0,1.0,1.0,1.0,5.0,4.0,1.0,2.0,5.0,2.0,3.0,1.0,2.0,5.0,3.0,6.0,4.0,2.0,3.0,5.0,3.0,384.0,128.0,1.0,64.0,32.0,1.0,1.0,1.0,1.0,1.0,1.0,1.0,2.0,1.0,4.0,3.0,1.0,6.0,1.0,1.0,6.0,5.0,5.0,2.0,6.0,3.0,1.0,6.0,5.0,4.0,384.0,24.0,1.0,1536.0,6.0,1.0,1.0,1.0,1.0,1.0,1.0,1.0,4.0,4.0,5.0,5.0,4.0,4.0,1.0,6.0,5.0,3.0,5.0,6.0,5.0,1.0,2.0,4.0,4.0,3.0,12.0,384.0,1.0,32.0,32.0,1.0,1.0,1.0,1.0,1.0,1.0,1.0,1283649360.0,20431821.700000003,31136500.0,0.47196449999999995,72.0,514.0,559104.0,2.6227294848839116e+16,32.48768571428572,3.907171535714286,78.57142857142857,40557.71428571428
1024000.0,512000.0,256.0,64.0,1.0,32.0,6.0,28.0,4.0,3.0,6.0,3.0,5.0,4.0,4.0,5.0,4.0,4.0,3.0,3.0,1.0,1.0,3.0,6.0,5.0,2.0,6.0,1.0,4.0,6.0,1.0,2.0,16.0,2.0,1.0,2.0,96.0,1.0,1.0,1.0,1.0,1.0,1.0,1.0,2.0,5.0,1.0,1.0,6.0,5.0,4.0,1.0,1.0,3.0,5.0,4.0,3.0,3.0,3.0,3.0,5.0,2.0,1.0,16.0,1.0,128.0,1.0,1.0,16.0,128.0,1.0,1.0,1.0,1.0,1.0,2.0,6.0,6.0,5.0,3.0,6.0,5.0,6.0,6.0,1.0,6.0,3.0,5.0,1.0,1.0,1.0,2.0,2.0,64.0,1.0,2.0,64.0,1.0,16.0,4.0,1.0,1.0,1.0,1.0,3.0,6.0,6.0,4.0,1.0,4.0,1.0,1.0,6.0,1.0,5.0,5.0,1.0,3.0,4.0,1.0,2.0,4.0,32.0,12.0,1.0,2.0,256.0,1.0,1.0,1.0,1.0,1.0,1.0,1.0,3.0,3.0,2.0,3.0,3.0,4.0,2.0,1.0,3.0,3.0,5.0,5.0,4.0,4.0,3.0,6.0,3.0,5.0,64.0,3.0,1.0,8.0,128.0,1.0,1.0,1.0,1.0,1.0,1.0,1.0,2.0,1.0,1.0,1.0,2.0,3.0,1.0,3.0,3.0,1.0,5.0,4.0,4.0,1.0,2.0,1.0,1.0,5.0,2.0,96.0,1.0,48.0,8.0,1.0,1.0,1.0,1.0,1.0,1.0,1.0,10884612432.0,71442789.6,11912700.0,0.1327885714285714,28.0,514.0,514.0,7.776270758569202e+17,20.257128571428574,20.39986464285714,78.57142857142857,171.14285714285714
256.0,64000.0,256.0,64.0,1.0,38.0,20.0,42.0,5.0,5.0,2.0,3.0,6.0,1.0,2.0,5.0,2.0,5.0,6.0,2.0,4.0,1.0,4.0,2.0,2.0,5.0,3.0,2.0,2.0,2.0,6.0,4.0,256.0,2.0,1.0,18.0,384.0,1.0,1.0,1.0,1.0,1.0,1.0,1.0,5.0,2.0,6.0,6.0,1.0,2.0,4.0,4.0,2.0,3.0,4.0,3.0,3.0,3.0,5.0,5.0,1.0,5.0,2.0,4.0,1.0,64.0,128.0,1.0,4.0,2.0,1.0,1.0,1.0,1.0,5.0,4.0,4.0,6.0,2.0,5.0,4.0,2.0,3.0,2.0,3.0,2.0,3.0,6.0,3.0,4.0,5.0,5.0,4.0,4.0,1.0,128.0,4.0,1.0,64.0,16.0,1.0,1.0,1.0,1.0,5.0,4.0,4.0,1.0,5.0,4.0,4.0,5.0,6.0,4.0,5.0,5.0,2.0,1.0,3.0,4.0,6.0,4.0,64.0,2.0,1.0,12.0,768.0,1.0,1.0,1.0,1.0,1.0,1.0,1.0,3.0,2.0,5.0,3.0,5.0,2.0,6.0,4.0,1.0,2.0,5.0,6.0,2.0,2.0,1.0,2.0,4.0,2.0,12.0,192.0,1.0,16.0,3.0,1.0,1.0,1.0,1.0,1.0,1.0,1.0,3.0,2.0,3.0,6.0,1.0,6.0,4.0,4.0,2.0,5.0,5.0,6.0,1.0,2.0,5.0,1.0,1.0,1.0,96.0,8.0,1.0,192.0,6.0,1.0,1.0,1.0,1.0,1.0,1.0,1.0,11173626192.0,84265053.60000001,17796800.0,0.1958718571428571,42.0,514.0,514.0,9.41546209975244e+17,1.0,1.010217857142857,78.57142857142857,78.57142857142857
128.0,32000000.0,256.0,64.0,1.0,16.0,8.0,20.0,1.0,4.0,2.0,6.0,3.0,4.0,2.0,5.0,6.0,2.0,1.0,6.0,2.0,5.0,6.0,4.0,2.0,2.0,6.0,1.0,6.0,1.0,1.0,4.0,256.0,256.0,1.0,72.0,18.0,1.0,1.0,1.0,1.0,1.0,1.0,1.0,3.0,1.0,2.0,2.0,4.0,2.0,5.0,4.0,4.0,3.0,3.0,2.0,4.0,4.0,1.0,6.0,1.0,6.0,4.0,16.0,1.0,1.0,4.0,1.0,4.0,16.0,1.0,1.0,1.0,1.0,6.0,6.0,3.0,3.0,5.0,5.0,6.0,4.0,3.0,2.0,2.0,4.0,6.0,4.0,2.0,6.0,2.0,2.0,4.0,1.0,1.0,8.0,32.0,1.0,8.0,1.0,1.0,1.0,1.0,1.0,2.0,1.0,5.0,1.0,6.0,1.0,5.0,3.0,1.0,6.0,6.0,4.0,4.0,3.0,5.0,6.0,2.0,2.0,6.0,192.0,1.0,1.0,4.0,1.0,1.0,1.0,1.0,1.0,1.0,1.0,6.0,3.0,4.0,3.0,4.0,4.0,2.0,4.0,1.0,1.0,5.0,5.0,5.0,6.0,5.0,5.0,1.0,5.0,32.0,12.0,1.0,64.0,48.0,1.0,1.0,1.0,1.0,1.0,1.0,1.0,3.0,6.0,3.0,1.0,2.0,1.0,3.0,6.0,3.0,6.0,3.0,2.0,2.0,6.0,4.0,6.0,4.0,5.0,8.0,1536.0,1.0,3.0,192.0,1.0,1.0,1.0,1.0,1.0,1.0,1.0,11173626192.0,101132839.20000002,8639980.0,0.09645177142857142,20.0,514.0,514.0,1.1300205409564445e+18,1.0,1.0006349999999997,78.57142857142857,78.57142857142857
8192.0,64000.0,256.0,64.0,1.0,24.0,14.0,2.0,4.0,3.0,3.0,5.0,2.0,3.0,4.0,1.0,3.0,4.0,2.0,4.0,1.0,2.0,2.0,2.0,4.0,4.0,4.0,1.0,5.0,6.0,3.0,1.0,6.0,768.0,1.0,192.0,48.0,1.0,1.0,1.0,1.0,1.0,1.0,1.0,5.0,4.0,4.0,1.0,3.0,4.0,2.0,4.0,5.0,5.0,4.0,1.0,4.0,4.0,3.0,2.0,2.0,4.0,8.0,32.0,1.0,1.0,32.0,1.0,8.0,16.0,1.0,1.0,1.0,1.0,6.0,3.0,2.0,4.0,4.0,1.0,6.0,5.0,4.0,5.0,5.0,5.0,3.0,3.0,2.0,3.0,3.0,3.0,64.0,128.0,1.0,1.0,2.0,1.0,4.0,8.0,1.0,1.0,1.0,1.0,6.0,5.0,2.0,3.0,3.0,4.0,5.0,4.0,4.0,1.0,3.0,3.0,2.0,1.0,4.0,6.0,2.0,5.0,128.0,32.0,1.0,96.0,96.0,1.0,1.0,1.0,1.0,1.0,1.0,1.0,6.0,2.0,3.0,5.0,2.0,1.0,4.0,6.0,2.0,2.0,4.0,4.0,4.0,4.0,1.0,4.0,1.0,5.0,128.0,96.0,1.0,12.0,16.0,1.0,1.0,1.0,1.0,1.0,1.0,1.0,2.0,3.0,1.0,5.0,4.0,1.0,3.0,5.0,6.0,5.0,4.0,1.0,5.0,4.0,1.0,2.0,3.0,2.0,3072.0,3072.0,1.0,256.0,768.0,1.0,1.0,1.0,1.0,1.0,1.0,1.0,11173626192.0,67364839.2,1518260.0,0.015521114285714285,2.0,514.0,514.0,7.527095317049884e+17,1.0,1.0000778571428568,78.57142857142857,78.57142857142857
128.0,8192000.0,256.0,64.0,3.0,24.0,4.0,32.0,1.0,5.0,3.0,3.0,5.0,3.0,1.0,3.0,4.0,1.0,1.0,1.0,1.0,1.0,5.0,4.0,5.0,5.0,4.0,4.0,4.0,3.0,6.0,5.0,384.0,384.0,1.0,3.0,24.0,1.0,1.0,1.0,1.0,1.0,1.0,1.0,1.0,2.0,3.0,3.0,5.0,4.0,1.0,3.0,1.0,1.0,2.0,1.0,3.0,1.0,6.0,6.0,4.0,5.0,8.0,32.0,1.0,4.0,1.0,1.0,64.0,32.0,1.0,1.0,1.0,1.0,1.0,5.0,5.0,3.0,6.0,1.0,3.0,5.0,6.0,1.0,4.0,3.0,5.0,5.0,3.0,4.0,2.0,6.0,4.0,128.0,1.0,128.0,1.0,1.0,8.0,16.0,1.0,1.0,1.0,1.0,4.0,6.0,1.0,3.0,2.0,3.0,3.0,5.0,6.0,3.0,2.0,3.0,6.0,1.0,1.0,1.0,2.0,3.0,96.0,6.0,1.0,384.0,2.0,1.0,1.0,1.0,1.0,1.0,1.0,1.0,3.0,6.0,5.0,4.0,1.0,2.0,3.0,2.0,3.0,6.0,5.0,6.0,6.0,3.0,3.0,2.0,3.0,5.0,2.0,768.0,1.0,768.0,32.0,1.0,1.0,1.0,1.0,1.0,1.0,1.0,5.0,3.0,4.0,2.0,1.0,4.0,2.0,3.0,3.0,5.0,2.0,2.0,5.0,6.0,3.0,2.0,4.0,4.0,3.0,48.0,1.0,3.0,6.0,1.0,1.0,1.0,1.0,1.0,1.0,1.0,1666725660.0,18117191.060000002,5992130000.0,18.856557142857145,3072.0,514.0,5505024.0,3.0196387226824604e+16,224.69047500000002,6.336960571428571,78.57142857142857,260297.14285714287
64000.0,128000.0,256.0,64.0,3.0,28.0,48.0,4.0,6.0,3.0,5.0,1.0,2.0,3.0,5.0,6.0,6.0,4.0,1.0,3.0,6.0,1.0,4.0,6.0,3.0,6.0,6.0,3.0,1.0,6.0,3.0,6.0,4.0,24.0,1.0,192.0,8.0,1.0,1.0,1.0,1.0,1.0,1.0,1.0,3.0,1.0,4.0,6.0,1.0,4.0,2.0,1.0,5.0,6.0,1.0,4.0,4.0,3.0,2.0,2.0,1.0,4.0,1.0,32.0,1.0,32.0,8.0,1.0,1.0,16.0,1.0,1.0,1.0,1.0,6.0,3.0,1.0,2.0,6.0,1.0,3.0,6.0,2.0,6.0,3.0,4.0,2.0,3.0,1.0,3.0,5.0,2.0,4.0,32.0,1.0,16.0,2.0,1.0,2.0,2.0,1.0,1.0,1.0,1.0,6.0,2.0,6.0,6.0,6.0,3.0,4.0,1.0,2.0,3.0,5.0,2.0,3.0,1.0,5.0,5.0,3.0,2.0,64.0,768.0,1.0,32.0,32.0,1.0,1.0,1.0,1.0,1.0,1.0,1.0,2.0,2.0,2.0,6.0,6.0,5.0,3.0,5.0,5.0,2.0,4.0,1.0,4.0,4.0,4.0,4.0,5.0,1.0,24.0,32.0,1.0,192.0,12.0,1.0,1.0,1.0,1.0,1.0,1.0,1.0,4.0,6.0,6.0,6.0,6.0,6.0,6.0,2.0,2.0,4.0,1.0,4.0,1.0,5.0,6.0,3.0,5.0,1.0,512.0,12.0,1.0,48.0,768.0,1.0,1.0,1.0,1.0,1.0,1.0,1.0,480981948.0,17835832.22,16797400000.0,37.72676071428572,5376.0,514.0,5701632.0,8578713325376764.0,65.0,2.174107142857143,78.57142857142857,254198.85714285713
2048.0,8192000.0,256.0,64.0,1.0,18.0,4.0,2.0,3.0,5.0,1.0,4.0,6.0,6.0,5.0,2.0,5.0,1.0,3.0,6.0,6.0,6.0,2.0,2.0,4.0,5.0,5.0,2.0,3.0,6.0,1.0,6.0,256.0,192.0,1.0,4.0,4.0,1.0,1.0,1.0,1.0,1.0,1.0,1.0,6.0,1.0,3.0,1.0,6.0,4.0,6.0,2.0,4.0,4.0,6.0,2.0,1.0,1.0,1.0,3.0,2.0,4.0,32.0,2.0,1.0,1.0,128.0,1.0,4.0,8.0,1.0,1.0,1.0,1.0,1.0,2.0,4.0,5.0,6.0,5.0,4.0,5.0,5.0,3.0,6.0,3.0,2.0,4.0,1.0,6.0,2.0,2.0,8.0,16.0,1.0,1.0,32.0,1.0,8.0,16.0,1.0,1.0,1.0,1.0,1.0,6.0,4.0,1.0,5.0,6.0,1.0,2.0,1.0,4.0,3.0,1.0,6.0,2.0,1.0,2.0,6.0,3.0,2.0,4.0,1.0,768.0,3.0,1.0,1.0,1.0,1.0,1.0,1.0,1.0,4.0,6.0,5.0,1.0,4.0,1.0,5.0,3.0,4.0,1.0,6.0,2.0,1.0,1.0,5.0,5.0,6.0,3.0,32.0,256.0,1.0,12.0,3072.0,1.0,1.0,1.0,1.0,1.0,1.0,1.0,1.0,4.0,2.0,1.0,4.0,4.0,3.0,4.0,1.0,2.0,6.0,4.0,2.0,6.0,6.0,6.0,6.0,3.0,6.0,6.0,1.0,6.0,128.0,1.0,1.0,1.0,1.0,1.0,1.0,1.0,11173626192.0,84259668.00000001,1518260.0,0.015521114285714285,2.0,514.0,514.0,9.414860332940244e+17,1.0,1.006947857142857,78.57142857142857,78.57142857142857
128000.0,16000.0,256.0,64.0,2.0,42.0,14.0,32.0,3.0,6.0,6.0,5.0,5.0,2.0,5.0,5.0,1.0,3.0,6.0,2.0,3.0,5.0,1.0,5.0,5.0,2.0,2.0,6.0,3.0,6.0,5.0,1.0,4.0,12.0,1.0,256.0,256.0,1.0,1.0,1.0,1.0,1.0,1.0,1.0,3.0,1.0,1.0,4.0,6.0,2.0,6.0,3.0,6.0,3.0,2.0,4.0,4.0,3.0,3.0,1.0,2.0,6.0,64.0,16.0,1.0,32.0,1.0,1.0,16.0,64.0,1.0,1.0,1.0,1.0,5.0,2.0,1.0,1.0,4.0,2.0,4.0,5.0,3.0,6.0,5.0,3.0,5.0,4.0,4.0,6.0,3.0,1.0,64.0,128.0,1.0,64.0,4.0,1.0,1.0,2.0,1.0,1.0,1.0,1.0,4.0,1.0,4.0,6.0,3.0,1.0,4.0,5.0,2.0,6.0,6.0,1.0,1.0,6.0,5.0,4.0,5.0,1.0,12.0,8.0,1.0,24.0,64.0,1.0,1.0,1.0,1.0,1.0,1.0,1.0,4.0,3.0,1.0,5.0,2.0,2.0,1.0,5.0,4.0,4.0,3.0,6.0,1.0,5.0,4.0,2.0,6.0,2.0,32.0,1.0,1.0,96.0,128.0,1.0,1.0,1.0,1.0,1.0,1.0,1.0,2.0,3.0,2.0,4.0,6.0,2.0,4.0,1.0,2.0,6.0,6.0,5.0,4.0,4.0,6.0,4.0,1.0,3.0,32.0,64.0,1.0,32.0,12.0,1.0,1.0,1.0,1.0,1.0,1.0,1.0,1024815888.0,36872331.52,275392000.0,2.2509032142857146,448.0,514.0,543744.0,3.778735116929919e+16,93.88335,5.989098071428572,78.57142857142857,41140.57142857143
1024000.0,32000000.0,256.0,64.0,3.0,8.0,38.0,22.0,4.0,6.0,1.0,6.0,6.0,5.0,6.0,6.0,6.0,1.0,6.0,4.0,1.0,1.0,1.0,4.0,1.0,5.0,4.0,1.0,6.0,4.0,3.0,1.0,256.0,192.0,1.0,1152.0,768.0,1.0,1.0,1.0,1.0,1.0,1.0,1.0,2.0,5.0,2.0,5.0,1.0,1.0,3.0,6.0,2.0,3.0,5.0,4.0,3.0,2.0,6.0,6.0,3.0,6.0,64.0,64.0,1.0,2.0,128.0,1.0,128.0,16.0,1.0,1.0,1.0,1.0,1.0,4.0,5.0,3.0,2.0,4.0,4.0,5.0,1.0,5.0,3.0,1.0,2.0,1.0,5.0,5.0,5.0,1.0,32.0,128.0,1.0,2.0,64.0,1.0,1.0,8.0,1.0,1.0,1.0,1.0,5.0,2.0,4.0,3.0,4.0,3.0,6.0,6.0,4.0,2.0,5.0,3.0,4.0,3.0,5.0,3.0,1.0,4.0,1.0,128.0,1.0,6.0,64.0,1.0,1.0,1.0,1.0,1.0,1.0,1.0,5.0,4.0,3.0,4.0,5.0,6.0,1.0,1.0,3.0,6.0,5.0,4.0,6.0,5.0,6.0,2.0,6.0,4.0,4.0,12.0,1.0,128.0,96.0,1.0,1.0,1.0,1.0,1.0,1.0,1.0,3.0,6.0,4.0,6.0,5.0,3.0,2.0,4.0,6.0,3.0,5.0,2.0,3.0,5.0,6.0,1.0,6.0,4.0,12.0,16.0,1.0,256.0,3.0,1.0,1.0,1.0,1.0,1.0,1.0,1.0,3399357528.0,19660224.14,25367600000.0,50.117239285714284,6688.0,514.0,1540096.0,6.683213093247633e+16,1.9642857142857142,0.02752978571428572,78.57142857142857,125037.71428571429
128.0,64000.0,256.0,64.0,1.0,14.0,30.0,24.0,5.0,3.0,4.0,6.0,1.0,5.0,5.0,6.0,4.0,6.0,6.0,4.0,1.0,3.0,4.0,5.0,6.0,2.0,4.0,2.0,5.0,2.0,3.0,1.0,3.0,768.0,1.0,1.0,256.0,1.0,1.0,1.0,1.0,1.0,1.0,1.0,2.0,2.0,6.0,6.0,5.0,6.0,1.0,1.0,2.0,2.0,6.0,6.0,1.0,4.0,1.0,4.0,4.0,3.0,16.0,4.0,1.0,128.0,128.0,1.0,4.0,64.0,1.0,1.0,1.0,1.0,3.0,4.0,6.0,5.0,6.0,6.0,3.0,2.0,3.0,4.0,1.0,1.0,1.0,1.0,6.0,4.0,2.0,4.0,1.0,1.0,1.0,8.0,128.0,1.0,16.0,8.0,1.0,1.0,1.0,1.0,2.0,1.0,1.0,2.0,2.0,5.0,5.0,1.0,1.0,1.0,5.0,4.0,2.0,6.0,1.0,5.0,6.0,1.0,4.0,16.0,1.0,384.0,4.0,1.0,1.0,1.0,1.0,1.0,1.0,1.0,6.0,3.0,3.0,1.0,3.0,2.0,4.0,6.0,5.0,2.0,1.0,3.0,1.0,3.0,1.0,2.0,4.0,1.0,2.0,64.0,1.0,128.0,2.0,1.0,1.0,1.0,1.0,1.0,1.0,1.0,5.0,5.0,5.0,6.0,1.0,2.0,1.0,1.0,1.0,6.0,6.0,2.0,4.0,1.0,5.0,3.0,3.0,2.0,32.0,384.0,1.0,128.0,16.0,1.0,1.0,1.0,1.0,1.0,1.0,1.0,11173626192.0,88476492.0,10268200.0,0.1144362857142857,24.0,514.0,514.0,9.886032483874785e+17,1.0,1.0071746428571429,78.57142857142857,78.57142857142857
1024000.0,256000.0,256.0,64.0,3.0,10.0,48.0,46.0,6.0,2.0,5.0,4.0,1.0,3.0,4.0,4.0,2.0,3.0,4.0,6.0,4.0,2.0,6.0,6.0,5.0,5.0,1.0,5.0,5.0,4.0,6.0,4.0,384.0,2.0,1.0,128.0,2304.0,1.0,1.0,1.0,1.0,1.0,1.0,1.0,4.0,1.0,2.0,4.0,6.0,4.0,2.0,1.0,4.0,6.0,1.0,2.0,6.0,3.0,2.0,2.0,3.0,5.0,16.0,64.0,1.0,8.0,1.0,1.0,4.0,8.0,1.0,1.0,1.0,1.0,6.0,5.0,1.0,5.0,5.0,3.0,3.0,2.0,2.0,2.0,4.0,6.0,5.0,5.0,5.0,6.0,1.0,6.0,32.0,128.0,1.0,8.0,32.0,1.0,2.0,32.0,1.0,1.0,1.0,1.0,2.0,4.0,2.0,2.0,3.0,2.0,3.0,5.0,6.0,5.0,4.0,1.0,1.0,5.0,5.0,2.0,1.0,5.0,192.0,8.0,1.0,128.0,768.0,1.0,1.0,1.0,1.0,1.0,1.0,1.0,2.0,1.0,2.0,2.0,1.0,4.0,1.0,6.0,4.0,5.0,1.0,2.0,4.0,6.0,3.0,4.0,2.0,5.0,384.0,24.0,1.0,64.0,128.0,1.0,1.0,1.0,1.0,1.0,1.0,1.0,5.0,1.0,2.0,2.0,4.0,4.0,1.0,5.0,3.0,2.0,1.0,6.0,6.0,6.0,4.0,4.0,1.0,2.0,6.0,8.0,1.0,16.0,768.0,1.0,1.0,1.0,1.0,1.0,1.0,1.0,3851853864.0,18026829.240000002,256940000000.0,313.77128571428574,22080.0,514.0,4325376.0,6.943671186376219e+16,8.351648214285714,0.21292628571428576,78.57142857142857,246838.85714285713
256.0,16000.0,256.0,64.0,1.0,24.0,42.0,34.0,5.0,4.0,6.0,6.0,2.0,4.0,4.0,2.0,4.0,2.0,5.0,2.0,1.0,5.0,1.0,4.0,5.0,2.0,3.0,3.0,4.0,1.0,3.0,1.0,768.0,12.0,1.0,72.0,144.0,1.0,1.0,1.0,1.0,1.0,1.0,1.0,3.0,3.0,3.0,1.0,4.0,4.0,5.0,3.0,3.0,2.0,6.0,1.0,2.0,4.0,3.0,2.0,1.0,5.0,64.0,32.0,1.0,8.0,2.0,1.0,16.0,8.0,1.0,1.0,1.0,1.0,6.0,2.0,2.0,4.0,1.0,5.0,4.0,5.0,1.0,6.0,3.0,6.0,1.0,5.0,2.0,5.0,4.0,4.0,128.0,128.0,1.0,1.0,32.0,1.0,8.0,32.0,1.0,1.0,1.0,1.0,1.0,1.0,5.0,1.0,3.0,3.0,1.0,1.0,2.0,6.0,4.0,1.0,1.0,5.0,3.0,5.0,3.0,5.0,384.0,96.0,1.0,4.0,32.0,1.0,1.0,1.0,1.0,1.0,1.0,1.0,3.0,5.0,1.0,5.0,2.0,4.0,2.0,1.0,3.0,6.0,2.0,6.0,3.0,6.0,1.0,2.0,4.0,4.0,4.0,48.0,1.0,6.0,32.0,1.0,1.0,1.0,1.0,1.0,1.0,1.0,6.0,4.0,4.0,1.0,1.0,3.0,5.0,4.0,4.0,2.0,5.0,3.0,1.0,5.0,3.0,4.0,5.0,3.0,48.0,1536.0,1.0,768.0,96.0,1.0,1.0,1.0,1.0,1.0,1.0,1.0,10881073488.0,105387506.4,14410000.0,0.16001100000000001,34.0,514.0,514.0,1.1467292018554703e+18,27.571428571428573,28.419378928571426,78.57142857142857,191.71428571428572
256.0,8192000.0,256.0,64.0,3.0,32.0,22.0,16.0,5.0,1.0,4.0,2.0,3.0,2.0,6.0,2.0,2.0,4.0,1.0,6.0,4.0,6.0,1.0,1.0,6.0,4.0,5.0,5.0,1.0,5.0,4.0,2.0,6.0,32.0,1.0,24.0,2.0,1.0,1.0,1.0,1.0,1.0,1.0,1.0,2.0,3.0,6.0,1.0,1.0,5.0,6.0,4.0,6.0,4.0,6.0,5.0,6.0,3.0,4.0,1.0,6.0,3.0,64.0,64.0,1.0,4.0,8.0,1.0,4.0,64.0,1.0,1.0,1.0,1.0,5.0,3.0,4.0,1.0,1.0,1.0,4.0,5.0,5.0,6.0,2.0,5.0,5.0,5.0,1.0,1.0,1.0,4.0,32.0,4.0,1.0,16.0,128.0,1.0,4.0,64.0,1.0,1.0,1.0,1.0,4.0,6.0,6.0,6.0,1.0,6.0,2.0,2.0,6.0,4.0,6.0,6.0,3.0,1.0,3.0,3.0,4.0,6.0,12.0,1.0,1.0,1.0,192.0,1.0,1.0,1.0,1.0,1.0,1.0,1.0,2.0,4.0,2.0,5.0,6.0,3.0,1.0,4.0,5.0,1.0,1.0,1.0,6.0,2.0,6.0,1.0,2.0,2.0,192.0,3.0,1.0,512.0,768.0,1.0,1.0,1.0,1.0,1.0,1.0,1.0,1.0,5.0,1.0,1.0,5.0,3.0,1.0,1.0,4.0,4.0,1.0,3.0,3.0,3.0,4.0,3.0,5.0,4.0,96.0,96.0,1.0,12.0,12.0,1.0,1.0,1.0,1.0,1.0,1.0,1.0,1173104064.0,17742991.200000003,68991000000.0,106.73807142857143,11264.0,514.0,1572864.0,2.081437508423624e+16,37.57142857142857,0.5697544642857143,78.57142857142857,138569.14285714287
32000.0,32000.0,256.0,64.0,1.0,28.0,16.0,14.0,3.0,6.0,4.0,4.0,3.0,4.0,5.0,4.0,3.0,4.0,5.0,6.0,3.0,3.0,1.0,5.0,3.0,1.0,6.0,5.0,3.0,4.0,5.0,4.0,96.0,6.0,1.0,32.0,24.0,1.0,1.0,1.0,1.0,1.0,1.0,1.0,3.0,4.0,5.0,5.0,3.0,2.0,3.0,6.0,2.0,2.0,5.0,4.0,6.0,5.0,5.0,2.0,3.0,1.0,1.0,4.0,1.0,64.0,1.0,1.0,16.0,1.0,1.0,1.0,1.0,1.0,5.0,4.0,3.0,3.0,4.0,4.0,5.0,4.0,5.0,3.0,4.0,4.0,6.0,2.0,5.0,5.0,1.0,1.0,1.0,4.0,1.0,16.0,128.0,1.0,32.0,16.0,1.0,1.0,1.0,1.0,5.0,4.0,5.0,2.0,6.0,2.0,4.0,2.0,2.0,3.0,4.0,2.0,1.0,2.0,6.0,5.0,4.0,4.0,3.0,24.0,1.0,2.0,8.0,1.0,1.0,1.0,1.0,1.0,1.0,1.0,3.0,4.0,1.0,3.0,1.0,4.0,3.0,4.0,6.0,6.0,2.0,6.0,2.0,1.0,2.0,3.0,6.0,1.0,16.0,96.0,1.0,3072.0,768.0,1.0,1.0,1.0,1.0,1.0,1.0,1.0,2.0,1.0,5.0,1.0,1.0,3.0,5.0,3.0,2.0,1.0,3.0,4.0,4.0,4.0,6.0,2.0,2.0,3.0,512.0,256.0,1.0,24.0,128.0,1.0,1.0,1.0,1.0,1.0,1.0,1.0,802160976.0,66946766.879999995,6228620.0,0.07128174285714285,14.0,514.0,3868.0,5.370208386050527e+16,12.966228571428573,12.967257142857145,78.57142857142857,602.2857142857143
64000.0,64000.0,256.0,64.0,3.0,36.0,36.0,24.0,3.0,3.0,1.0,6.0,4.0,4.0,5.0,6.0,4.0,1.0,2.0,3.0,2.0,6.0,6.0,1.0,3.0,6.0,5.0,2.0,6.0,1.0,1.0,1.0,384.0,64.0,1.0,768.0,1.0,1.0,1.0,1.0,1.0,1.0,1.0,1.0,2.0,6.0,3.0,3.0,1.0,1.0,2.0,5.0,1.0,5.0,5.0,6.0,1.0,3.0,3.0,4.0,2.0,5.0,4.0,8.0,1.0,8.0,8.0,1.0,8.0,16.0,1.0,1.0,1.0,1.0,3.0,5.0,1.0,6.0,1.0,6.0,5.0,3.0,5.0,5.0,2.0,5.0,3.0,2.0,3.0,4.0,2.0,2.0,32.0,8.0,1.0,32.0,2.0,1.0,2.0,2.0,1.0,1.0,1.0,1.0,4.0,1.0,5.0,6.0,6.0,2.0,6.0,1.0,3.0,5.0,2.0,2.0,1.0,3.0,3.0,1.0,6.0,2.0,12.0,128.0,1.0,12.0,1.0,1.0,1.0,1.0,1.0,1.0,1.0,1.0,3.0,5.0,5.0,2.0,2.0,5.0,2.0,3.0,6.0,1.0,6.0,3.0,2.0,4.0,2.0,5.0,3.0,3.0,4.0,32.0,1.0,64.0,4.0,1.0,1.0,1.0,1.0,1.0,1.0,1.0,4.0,5.0,6.0,5.0,5.0,3.0,5.0,6.0,4.0,6.0,1.0,1.0,5.0,5.0,2.0,3.0,4.0,3.0,12.0,1.0,1.0,3.0,1.0,1.0,1.0,1.0,1.0,1.0,1.0,1.0,11211057252.0,25567152.78,504987000000.0,563.9021785714285,31104.0,514.0,884736.0,2.8663481358721098e+17,1.0,0.10369237964285714,78.57142857142857,35412.857142857145
128000.0,512000.0,256.0,64.0,1.0,26.0,16.0,12.0,5.0,1.0,1.0,4.0,6.0,4.0,4.0,2.0,4.0,6.0,5.0,2.0,3.0,5.0,5.0,1.0,1.0,4.0,5.0,3.0,5.0,3.0,1.0,2.0,12.0,128.0,1.0,2.0,6.0,1.0,1.0,1.0,1.0,1.0,1.0,1.0,6.0,2.0,3.0,5.0,3.0,5.0,3.0,4.0,2.0,2.0,2.0,4.0,5.0,6.0,3.0,2.0,3.0,1.0,16.0,64.0,1.0,128.0,32.0,1.0,128.0,2.0,1.0,1.0,1.0,1.0,5.0,3.0,3.0,2.0,6.0,3.0,6.0,6.0,1.0,5.0,5.0,4.0,2.0,3.0,6.0,5.0,3.0,3.0,8.0,4.0,1.0,4.0,1.0,1.0,8.0,1.0,1.0,1.0,1.0,1.0,5.0,3.0,6.0,1.0,3.0,6.0,5.0,2.0,5.0,1.0,3.0,6.0,6.0,2.0,4.0,1.0,4.0,4.0,2.0,3.0,1.0,768.0,3.0,1.0,1.0,1.0,1.0,1.0,1.0,1.0,5.0,2.0,4.0,4.0,1.0,1.0,6.0,5.0,1.0,6.0,6.0,6.0,3.0,1.0,5.0,1.0,1.0,2.0,24.0,256.0,1.0,6.0,1.0,1.0,1.0,1.0,1.0,1.0,1.0,1.0,3.0,2.0,1.0,5.0,1.0,6.0,5.0,5.0,4.0,4.0,2.0,6.0,6.0,6.0,3.0,6.0,6.0,5.0,512.0,8.0,1.0,192.0,768.0,1.0,1.0,1.0,1.0,1.0,1.0,1.0,11173626192.0,68069272.80000001,5432530.0,0.06048252857142857,12.0,514.0,514.0,7.605806094284733e+17,1.0,1.4285207142857144,78.57142857142857,78.57142857142857
2048.0,64000.0,256.0,64.0,3.0,30.0,12.0,40.0,4.0,4.0,5.0,3.0,6.0,5.0,5.0,2.0,4.0,5.0,4.0,3.0,2.0,5.0,6.0,2.0,1.0,3.0,1.0,3.0,5.0,4.0,1.0,2.0,4.0,2.0,1.0,18.0,576.0,1.0,1.0,1.0,1.0,1.0,1.0,1.0,6.0,2.0,2.0,4.0,6.0,1.0,5.0,6.0,6.0,2.0,5.0,2.0,4.0,2.0,4.0,5.0,5.0,6.0,64.0,64.0,1.0,2.0,4.0,1.0,2.0,1.0,1.0,1.0,1.0,1.0,5.0,6.0,5.0,6.0,5.0,4.0,4.0,3.0,3.0,6.0,5.0,2.0,4.0,3.0,2.0,6.0,1.0,5.0,8.0,1.0,1.0,64.0,2.0,1.0,16.0,2.0,1.0,1.0,1.0,1.0,2.0,6.0,4.0,5.0,1.0,2.0,3.0,1.0,3.0,2.0,3.0,2.0,4.0,1.0,3.0,6.0,2.0,6.0,24.0,96.0,1.0,6.0,3.0,1.0,1.0,1.0,1.0,1.0,1.0,1.0,2.0,5.0,6.0,1.0,6.0,5.0,1.0,5.0,5.0,3.0,2.0,6.0,1.0,6.0,3.0,3.0,4.0,4.0,48.0,8.0,1.0,1024.0,1024.0,1.0,1.0,1.0,1.0,1.0,1.0,1.0,4.0,6.0,2.0,4.0,4.0,2.0,2.0,4.0,4.0,4.0,1.0,5.0,4.0,4.0,5.0,2.0,3.0,6.0,8.0,32.0,1.0,6.0,32.0,1.0,1.0,1.0,1.0,1.0,1.0,1.0,10973326152.0,22829437.880000003,111211000000.0,155.70371428571428,14400.0,514.0,372736.0,2.5051486772406346e+17,4.428571428571429,0.5520175142857143,78.57142857142857,22173.714285714286
16000.0,128000.0,256.0,64.0,1.0,8.0,12.0,48.0,5.0,1.0,3.0,4.0,4.0,1.0,1.0,2.0,3.0,6.0,1.0,5.0,4.0,5.0,4.0,1.0,4.0,1.0,2.0,5.0,5.0,6.0,1.0,4.0,384.0,12.0,1.0,32.0,64.0,1.0,1.0,1.0,1.0,1.0,1.0,1.0,4.0,4.0,3.0,6.0,4.0,6.0,4.0,3.0,3.0,3.0,4.0,3.0,5.0,6.0,1.0,5.0,5.0,6.0,8.0,8.0,1.0,16.0,8.0,1.0,16.0,128.0,1.0,1.0,1.0,1.0,4.0,1.0,5.0,5.0,2.0,3.0,1.0,1.0,3.0,4.0,5.0,2.0,5.0,6.0,5.0,1.0,6.0,4.0,2.0,2.0,1.0,1.0,16.0,1.0,8.0,16.0,1.0,1.0,1.0,1.0,3.0,1.0,4.0,2.0,2.0,6.0,6.0,3.0,1.0,4.0,4.0,5.0,6.0,3.0,3.0,6.0,1.0,3.0,8.0,6.0,1.0,6.0,2.0,1.0,1.0,1.0,1.0,1.0,1.0,1.0,1.0,3.0,2.0,5.0,4.0,3.0,1.0,1.0,1.0,4.0,3.0,4.0,2.0,4.0,3.0,1.0,1.0,5.0,192.0,256.0,1.0,6.0,12.0,1.0,1.0,1.0,1.0,1.0,1.0,1.0,5.0,5.0,1.0,4.0,2.0,4.0,3.0,3.0,3.0,5.0,1.0,3.0,5.0,6.0,6.0,3.0,1.0,4.0,24.0,512.0,1.0,96.0,24.0,1.0,1.0,1.0,1.0,1.0,1.0,1.0,234751440.0,64912300.8,20381000.0,0.2296288571428572,48.0,514.0,12640.0,1.5238256086513152e+16,38.85715714285714,37.18997142857143,78.57142857142857,1972.0
64000.0,512000.0,256.0,64.0,1.0,20.0,16.0,14.0,5.0,1.0,5.0,2.0,4.0,1.0,5.0,1.0,1.0,6.0,3.0,6.0,5.0,4.0,3.0,5.0,4.0,5.0,5.0,5.0,1.0,4.0,6.0,1.0,128.0,48.0,1.0,9.0,32.0,1.0,1.0,1.0,1.0,1.0,1.0,1.0,5.0,2.0,4.0,1.0,4.0,2.0,4.0,2.0,1.0,5.0,2.0,2.0,4.0,3.0,5.0,6.0,2.0,5.0,2.0,32.0,1.0,64.0,1.0,1.0,8.0,32.0,1.0,1.0,1.0,1.0,5.0,3.0,6.0,4.0,4.0,6.0,1.0,4.0,6.0,6.0,4.0,1.0,5.0,6.0,4.0,2.0,2.0,4.0,4.0,4.0,1.0,128.0,32.0,1.0,4.0,64.0,1.0,1.0,1.0,1.0,3.0,6.0,4.0,3.0,5.0,1.0,2.0,4.0,6.0,1.0,4.0,2.0,1.0,2.0,4.0,6.0,5.0,3.0,128.0,192.0,1.0,768.0,4.0,1.0,1.0,1.0,1.0,1.0,1.0,1.0,2.0,3.0,2.0,6.0,1.0,1.0,2.0,5.0,1.0,2.0,1.0,2.0,5.0,6.0,5.0,2.0,4.0,2.0,3.0,2.0,1.0,16.0,1.0,1.0,1.0,1.0,1.0,1.0,1.0,1.0,5.0,5.0,6.0,3.0,3.0,3.0,2.0,6.0,2.0,4.0,5.0,2.0,1.0,3.0,1.0,5.0,3.0,3.0,2.0,48.0,1.0,1.0,2.0,1.0,1.0,1.0,1.0,1.0,1.0,1.0,802161312.0,60541776.96000001,6228620.0,0.07128174285714285,14.0,514.0,3868.0,4.856427123704498e+16,12.966228571428573,12.605966785714285,78.57142857142857,602.2857142857143
512.0,128000.0,256.0,64.0,1.0,32.0,46.0,12.0,4.0,1.0,6.0,2.0,4.0,4.0,3.0,2.0,4.0,3.0,1.0,3.0,5.0,1.0,3.0,5.0,3.0,6.0,5.0,2.0,6.0,2.0,1.0,4.0,12.0,32.0,1.0,36.0,256.0,1.0,1.0,1.0,1.0,1.0,1.0,1.0,6.0,2.0,4.0,1.0,5.0,4.0,5.0,4.0,4.0,5.0,5.0,6.0,5.0,6.0,2.0,5.0,6.0,3.0,64.0,8.0,1.0,8.0,16.0,1.0,64.0,16.0,1.0,1.0,1.0,1.0,4.0,4.0,3.0,1.0,4.0,4.0,4.0,3.0,5.0,5.0,4.0,6.0,6.0,5.0,3.0,6.0,6.0,3.0,1.0,2.0,1.0,64.0,4.0,1.0,1.0,4.0,1.0,1.0,1.0,1.0,1.0,2.0,1.0,3.0,3.0,1.0,5.0,2.0,4.0,1.0,3.0,1.0,1.0,5.0,6.0,1.0,6.0,5.0,8.0,8.0,1.0,384.0,384.0,1.0,1.0,1.0,1.0,1.0,1.0,1.0,4.0,5.0,2.0,5.0,2.0,1.0,2.0,6.0,2.0,3.0,3.0,1.0,5.0,1.0,6.0,5.0,3.0,1.0,4.0,192.0,1.0,3.0,3072.0,1.0,1.0,1.0,1.0,1.0,1.0,1.0,5.0,1.0,6.0,6.0,3.0,2.0,6.0,5.0,3.0,2.0,6.0,1.0,3.0,6.0,6.0,2.0,3.0,3.0,12.0,192.0,1.0,256.0,32.0,1.0,1.0,1.0,1.0,1.0,1.0,1.0,10898768208.0,88350002.4,5432530.0,0.06061264285714286,12.0,514.0,514.0,9.629061973338437e+17,9.701328571428572,9.740800357142856,78.57142857142857,116.28571428571429
512.0,8192000.0,256.0,64.0,3.0,40.0,30.0,48.0,6.0,1.0,4.0,6.0,2.0,6.0,6.0,2.0,5.0,1.0,4.0,3.0,1.0,6.0,3.0,5.0,5.0,3.0,5.0,3.0,4.0,3.0,4.0,3.0,4.0,24.0,1.0,32.0,384.0,1.0,1.0,1.0,1.0,1.0,1.0,1.0,1.0,5.0,4.0,4.0,2.0,2.0,4.0,2.0,2.0,4.0,6.0,3.0,4.0,6.0,6.0,4.0,2.0,2.0,8.0,16.0,1.0,4.0,2.0,1.0,128.0,32.0,1.0,1.0,1.0,1.0,5.0,6.0,4.0,2.0,3.0,2.0,5.0,2.0,3.0,2.0,1.0,6.0,4.0,6.0,4.0,5.0,6.0,1.0,4.0,32.0,1.0,8.0,16.0,1.0,4.0,2.0,1.0,1.0,1.0,1.0,1.0,5.0,1.0,6.0,6.0,5.0,1.0,1.0,4.0,2.0,4.0,5.0,2.0,5.0,2.0,2.0,1.0,2.0,128.0,24.0,1.0,192.0,8.0,1.0,1.0,1.0,1.0,1.0,1.0,1.0,3.0,2.0,3.0,3.0,4.0,2.0,6.0,6.0,6.0,5.0,2.0,4.0,4.0,3.0,1.0,5.0,5.0,1.0,3.0,3.0,1.0,768.0,8.0,1.0,1.0,1.0,1.0,1.0,1.0,1.0,5.0,6.0,4.0,6.0,1.0,4.0,3.0,3.0,6.0,3.0,6.0,2.0,6.0,4.0,4.0,5.0,6.0,2.0,384.0,768.0,1.0,32.0,64.0,1.0,1.0,1.0,1.0,1.0,1.0,1.0,1317328200.0,17868655.04,1712910000000.0,1713.089642857143,57600.0,514.0,1196032.0,2.353888318026413e+16,6.234692857142856,0.1529549285714286,78.57142857142857,118253.71428571429
2048.0,16000000.0,256.0,64.0,3.0,30.0,32.0,2.0,5.0,5.0,3.0,5.0,6.0,6.0,1.0,1.0,5.0,4.0,6.0,2.0,4.0,4.0,4.0,4.0,4.0,1.0,3.0,1.0,4.0,1.0,6.0,6.0,1.0,64.0,1.0,12.0,256.0,1.0,1.0,1.0,1.0,1.0,1.0,1.0,3.0,5.0,2.0,4.0,4.0,1.0,1.0,6.0,5.0,4.0,2.0,6.0,3.0,2.0,4.0,1.0,4.0,6.0,32.0,8.0,1.0,2.0,64.0,1.0,4.0,16.0,1.0,1.0,1.0,1.0,3.0,3.0,1.0,4.0,6.0,4.0,1.0,3.0,1.0,4.0,1.0,3.0,5.0,3.0,6.0,6.0,4.0,5.0,2.0,32.0,1.0,128.0,16.0,1.0,8.0,8.0,1.0,1.0,1.0,1.0,1.0,2.0,5.0,4.0,4.0,4.0,2.0,6.0,3.0,1.0,3.0,5.0,5.0,3.0,3.0,4.0,1.0,6.0,1.0,24.0,1.0,1.0,192.0,1.0,1.0,1.0,1.0,1.0,1.0,1.0,3.0,3.0,2.0,4.0,6.0,6.0,3.0,2.0,3.0,6.0,5.0,1.0,1.0,5.0,1.0,4.0,6.0,1.0,64.0,16.0,1.0,8.0,96.0,1.0,1.0,1.0,1.0,1.0,1.0,1.0,4.0,5.0,6.0,1.0,6.0,2.0,4.0,3.0,5.0,3.0,2.0,5.0,1.0,2.0,4.0,4.0,6.0,5.0,384.0,32.0,1.0,64.0,8.0,1.0,1.0,1.0,1.0,1.0,1.0,1.0,7411350216.0,18586851.200000003,2617850000.0,10.332583571428572,1920.0,514.0,163840.0,1.3775366365587989e+17,1.9285714285714286,0.01688574857142857,78.57142857142857,21833.14285714286
512.0,256000.0,256.0,64.0,1.0,44.0,8.0,38.0,4.0,2.0,1.0,4.0,6.0,6.0,4.0,5.0,5.0,5.0,5.0,1.0,2.0,6.0,3.0,5.0,1.0,5.0,1.0,4.0,1.0,2.0,2.0,2.0,768.0,2.0,1.0,64.0,24.0,1.0,1.0,1.0,1.0,1.0,1.0,1.0,6.0,5.0,2.0,4.0,5.0,5.0,5.0,1.0,5.0,1.0,1.0,6.0,2.0,4.0,1.0,6.0,6.0,6.0,4.0,2.0,1.0,8.0,128.0,1.0,1.0,1.0,1.0,1.0,1.0,1.0,4.0,3.0,4.0,1.0,3.0,1.0,3.0,1.0,4.0,2.0,4.0,5.0,6.0,3.0,1.0,4.0,3.0,2.0,16.0,4.0,1.0,64.0,2.0,1.0,16.0,16.0,1.0,1.0,1.0,1.0,4.0,2.0,2.0,1.0,3.0,5.0,2.0,4.0,6.0,1.0,2.0,6.0,4.0,5.0,1.0,4.0,6.0,2.0,192.0,768.0,1.0,12.0,4.0,1.0,1.0,1.0,1.0,1.0,1.0,1.0,4.0,6.0,6.0,6.0,5.0,6.0,3.0,4.0,6.0,5.0,6.0,1.0,4.0,5.0,2.0,5.0,1.0,4.0,64.0,24.0,1.0,48.0,6.0,1.0,1.0,1.0,1.0,1.0,1.0,1.0,6.0,6.0,1.0,4.0,5.0,2.0,3.0,1.0,4.0,1.0,3.0,6.0,2.0,5.0,1.0,1.0,2.0,3.0,384.0,512.0,1.0,12.0,128.0,1.0,1.0,1.0,1.0,1.0,1.0,1.0,11173626192.0,118016800.8,16095200.0,0.17773942857142852,38.0,514.0,514.0,1.3186756165149266e+18,1.0,1.0044617857142857,78.57142857142857,78.57142857142857
8192.0,256000.0,256.0,64.0,2.0,28.0,20.0,46.0,1.0,3.0,4.0,1.0,4.0,4.0,2.0,3.0,6.0,4.0,2.0,4.0,6.0,1.0,3.0,5.0,6.0,4.0,6.0,5.0,5.0,2.0,2.0,4.0,64.0,2.0,1.0,24.0,128.0,1.0,1.0,1.0,1.0,1.0,1.0,1.0,2.0,2.0,5.0,6.0,4.0,2.0,1.0,6.0,6.0,1.0,1.0,3.0,6.0,5.0,5.0,5.0,4.0,4.0,4.0,1.0,1.0,8.0,16.0,1.0,1.0,64.0,1.0,1.0,1.0,1.0,5.0,5.0,1.0,4.0,1.0,6.0,6.0,5.0,2.0,2.0,1.0,3.0,4.0,4.0,6.0,4.0,1.0,4.0,64.0,2.0,1.0,2.0,4.0,1.0,4.0,2.0,1.0,1.0,1.0,1.0,6.0,1.0,6.0,6.0,3.0,3.0,3.0,1.0,2.0,4.0,5.0,4.0,5.0,1.0,6.0,4.0,6.0,3.0,384.0,8.0,1.0,2.0,32.0,1.0,1.0,1.0,1.0,1.0,1.0,1.0,1.0,3.0,2.0,4.0,2.0,3.0,4.0,6.0,6.0,6.0,4.0,4.0,1.0,4.0,4.0,5.0,5.0,6.0,1.0,4.0,1.0,24.0,1024.0,1.0,1.0,1.0,1.0,1.0,1.0,1.0,4.0,6.0,5.0,4.0,6.0,2.0,4.0,2.0,6.0,5.0,2.0,5.0,4.0,4.0,5.0,5.0,1.0,1.0,2.0,96.0,1.0,96.0,256.0,1.0,1.0,1.0,1.0,1.0,1.0,1.0,10893754776.0,49169743.36,785931000.0,4.5210675,920.0,514.0,25472.0,5.356431265626943e+17,14.83672857142857,10.090757607142857,78.57142857142857,1775.4285714285713
256000.0,32000000.0,256.0,64.0,2.0,42.0,26.0,18.0,6.0,3.0,3.0,5.0,5.0,1.0,1.0,2.0,4.0,4.0,5.0,2.0,5.0,5.0,4.0,5.0,3.0,4.0,6.0,5.0,3.0,6.0,4.0,2.0,6.0,32.0,1.0,18.0,6.0,1.0,1.0,1.0,1.0,1.0,1.0,1.0,4.0,4.0,5.0,2.0,2.0,5.0,5.0,3.0,2.0,1.0,5.0,6.0,6.0,5.0,6.0,3.0,6.0,4.0,2.0,4.0,1.0,128.0,128.0,1.0,128.0,2.0,1.0,1.0,1.0,1.0,5.0,6.0,4.0,2.0,1.0,4.0,3.0,5.0,1.0,1.0,2.0,3.0,2.0,6.0,2.0,3.0,5.0,4.0,2.0,16.0,1.0,2.0,1.0,1.0,32.0,16.0,1.0,1.0,1.0,1.0,2.0,3.0,3.0,3.0,4.0,6.0,5.0,5.0,1.0,4.0,4.0,4.0,5.0,2.0,4.0,4.0,2.0,4.0,192.0,24.0,1.0,16.0,32.0,1.0,1.0,1.0,1.0,1.0,1.0,1.0,2.0,6.0,2.0,2.0,6.0,5.0,3.0,2.0,1.0,4.0,3.0,2.0,3.0,6.0,5.0,6.0,1.0,2.0,2.0,128.0,1.0,12.0,768.0,1.0,1.0,1.0,1.0,1.0,1.0,1.0,5.0,1.0,5.0,4.0,2.0,1.0,1.0,2.0,3.0,2.0,1.0,5.0,5.0,4.0,1.0,4.0,2.0,4.0,128.0,128.0,1.0,6.0,24.0,1.0,1.0,1.0,1.0,1.0,1.0,1.0,472199928.0,18740604.159999996,292449000.0,2.362154642857143,468.0,514.0,824832.0,8849311935028499.0,19.257128571428574,8.407513928571428,78.57142857142857,44985.71428571428
32000.0,256000.0,256.0,64.0,2.0,18.0,4.0,6.0,4.0,1.0,5.0,4.0,4.0,3.0,2.0,1.0,6.0,1.0,3.0,3.0,2.0,5.0,4.0,3.0,4.0,2.0,3.0,5.0,3.0,3.0,2.0,3.0,8.0,24.0,1.0,24.0,576.0,1.0,1.0,1.0,1.0,1.0,1.0,1.0,5.0,2.0,6.0,4.0,4.0,3.0,6.0,1.0,2.0,2.0,3.0,1.0,5.0,4.0,2.0,6.0,3.0,2.0,32.0,32.0,1.0,4.0,64.0,1.0,1.0,4.0,1.0,1.0,1.0,1.0,5.0,1.0,6.0,2.0,2.0,4.0,4.0,6.0,4.0,2.0,6.0,4.0,2.0,2.0,3.0,1.0,2.0,1.0,64.0,32.0,1.0,2.0,16.0,1.0,2.0,32.0,1.0,1.0,1.0,1.0,1.0,2.0,5.0,6.0,5.0,4.0,1.0,6.0,3.0,6.0,6.0,3.0,1.0,5.0,5.0,3.0,3.0,1.0,32.0,3.0,1.0,3.0,96.0,1.0,1.0,1.0,1.0,1.0,1.0,1.0,4.0,1.0,5.0,5.0,6.0,4.0,3.0,6.0,3.0,6.0,6.0,5.0,5.0,1.0,3.0,2.0,5.0,1.0,4.0,192.0,1.0,4.0,8.0,1.0,1.0,1.0,1.0,1.0,1.0,1.0,6.0,5.0,5.0,4.0,2.0,2.0,5.0,2.0,3.0,4.0,2.0,2.0,1.0,6.0,4.0,1.0,4.0,2.0,4.0,4.0,1.0,6.0,3.0,1.0,1.0,1.0,1.0,1.0,1.0,1.0,2822554188.0,34849076.92,10269000.0,0.11769146428571428,24.0,514.0,8576.0,9.836340800848014e+16,18.821400000000004,6.711828535714285,78.57142857142857,1022.0714285714286
128.0,1024000.0,256.0,64.0,1.0,4.0,4.0,30.0,3.0,5.0,2.0,5.0,5.0,6.0,6.0,5.0,6.0,1.0,4.0,5.0,1.0,1.0,5.0,6.0,1.0,1.0,3.0,6.0,3.0,1.0,5.0,1.0,24.0,6.0,1.0,72.0,6.0,1.0,1.0,1.0,1.0,1.0,1.0,1.0,5.0,2.0,1.0,5.0,5.0,4.0,3.0,4.0,5.0,2.0,1.0,5.0,1.0,1.0,6.0,2.0,6.0,6.0,8.0,4.0,1.0,16.0,16.0,1.0,16.0,4.0,1.0,1.0,1.0,1.0,1.0,5.0,5.0,3.0,6.0,1.0,4.0,3.0,4.0,3.0,1.0,3.0,5.0,6.0,3.0,5.0,4.0,4.0,1.0,32.0,1.0,64.0,128.0,1.0,4.0,1.0,1.0,1.0,1.0,1.0,4.0,3.0,1.0,6.0,3.0,1.0,5.0,3.0,5.0,1.0,3.0,6.0,5.0,2.0,1.0,3.0,3.0,1.0,4.0,6.0,1.0,192.0,12.0,1.0,1.0,1.0,1.0,1.0,1.0,1.0,1.0,3.0,5.0,3.0,4.0,6.0,4.0,1.0,3.0,4.0,5.0,1.0,1.0,2.0,1.0,3.0,5.0,1.0,16.0,128.0,1.0,32.0,2.0,1.0,1.0,1.0,1.0,1.0,1.0,1.0,1.0,3.0,4.0,1.0,6.0,6.0,5.0,2.0,2.0,2.0,4.0,1.0,1.0,6.0,6.0,3.0,6.0,4.0,768.0,2.0,1.0,256.0,3.0,1.0,1.0,1.0,1.0,1.0,1.0,1.0,11173626192.0,113810733.59999996,12741000.0,0.14151657142857144,30.0,514.0,514.0,1.271678593883694e+18,1.0,1.010775,78.57142857142857,78.57142857142857
1024000.0,4096000.0,256.0,64.0,2.0,38.0,16.0,16.0,3.0,2.0,3.0,2.0,3.0,6.0,3.0,6.0,5.0,5.0,1.0,5.0,5.0,3.0,3.0,3.0,5.0,2.0,5.0,4.0,4.0,5.0,5.0,3.0,96.0,32.0,1.0,128.0,3.0,1.0,1.0,1.0,1.0,1.0,1.0,1.0,6.0,4.0,4.0,3.0,3.0,3.0,1.0,6.0,4.0,2.0,4.0,4.0,1.0,5.0,3.0,1.0,1.0,2.0,8.0,16.0,1.0,32.0,4.0,1.0,32.0,2.0,1.0,1.0,1.0,1.0,4.0,6.0,4.0,5.0,1.0,4.0,6.0,3.0,4.0,1.0,2.0,6.0,3.0,4.0,3.0,5.0,4.0,1.0,8.0,8.0,1.0,1.0,16.0,1.0,64.0,8.0,1.0,1.0,1.0,1.0,1.0,3.0,4.0,3.0,5.0,6.0,6.0,4.0,4.0,3.0,4.0,6.0,3.0,3.0,3.0,5.0,2.0,6.0,3.0,4.0,1.0,1.0,128.0,1.0,1.0,1.0,1.0,1.0,1.0,1.0,3.0,5.0,3.0,5.0,4.0,3.0,4.0,4.0,4.0,5.0,6.0,4.0,1.0,6.0,4.0,3.0,1.0,1.0,1.0,48.0,1.0,1536.0,12.0,1.0,1.0,1.0,1.0,1.0,1.0,1.0,5.0,5.0,4.0,4.0,3.0,2.0,2.0,2.0,2.0,3.0,3.0,1.0,6.0,1.0,1.0,3.0,1.0,5.0,3072.0,16.0,1.0,12.0,4.0,1.0,1.0,1.0,1.0,1.0,1.0,1.0,4377748092.0,36537411.55999999,132606000.0,1.1888378571428573,256.0,514.0,9152.0,1.599515837434087e+17,8.142857142857142,2.6233072500000003,78.57142857142857,787.3571428571429
1024000.0,32000000.0,256.0,64.0,2.0,18.0,24.0,38.0,6.0,5.0,3.0,1.0,5.0,4.0,4.0,5.0,6.0,5.0,5.0,3.0,4.0,1.0,3.0,2.0,3.0,4.0,5.0,3.0,5.0,2.0,3.0,3.0,128.0,24.0,1.0,48.0,32.0,1.0,1.0,1.0,1.0,1.0,1.0,1.0,5.0,6.0,5.0,2.0,3.0,4.0,3.0,5.0,5.0,2.0,6.0,6.0,2.0,4.0,3.0,5.0,1.0,4.0,2.0,4.0,1.0,1.0,32.0,1.0,16.0,8.0,1.0,1.0,1.0,1.0,5.0,4.0,5.0,5.0,4.0,5.0,3.0,4.0,2.0,2.0,3.0,2.0,6.0,6.0,5.0,1.0,1.0,2.0,4.0,16.0,1.0,8.0,128.0,1.0,32.0,32.0,1.0,1.0,1.0,1.0,2.0,2.0,5.0,3.0,3.0,6.0,2.0,6.0,3.0,1.0,6.0,1.0,1.0,5.0,5.0,1.0,6.0,5.0,768.0,24.0,1.0,24.0,16.0,1.0,1.0,1.0,1.0,1.0,1.0,1.0,4.0,3.0,1.0,4.0,5.0,2.0,2.0,3.0,3.0,1.0,2.0,5.0,4.0,1.0,5.0,3.0,5.0,4.0,256.0,1.0,1.0,2.0,1024.0,1.0,1.0,1.0,1.0,1.0,1.0,1.0,5.0,3.0,3.0,4.0,4.0,5.0,4.0,5.0,3.0,3.0,5.0,2.0,1.0,1.0,4.0,1.0,2.0,4.0,1.0,64.0,1.0,768.0,2.0,1.0,1.0,1.0,1.0,1.0,1.0,1.0,172251672.0,36351685.260000005,775403000.0,4.532276428571428,912.0,514.0,192512.0,6261638566052756.0,92.57142857142857,13.690759642857145,78.57142857142857,17316.571428571428
1024000.0,32000.0,256.0,64.0,1.0,26.0,16.0,30.0,6.0,5.0,1.0,5.0,1.0,3.0,2.0,4.0,2.0,6.0,6.0,1.0,5.0,5.0,2.0,3.0,1.0,4.0,6.0,4.0,3.0,3.0,2.0,4.0,1.0,4.0,1.0,96.0,12.0,1.0,1.0,1.0,1.0,1.0,1.0,1.0,6.0,6.0,2.0,6.0,6.0,3.0,5.0,6.0,2.0,6.0,2.0,3.0,5.0,5.0,2.0,3.0,5.0,2.0,2.0,2.0,1.0,1.0,64.0,1.0,4.0,32.0,1.0,1.0,1.0,1.0,1.0,6.0,2.0,5.0,6.0,4.0,1.0,5.0,1.0,1.0,2.0,4.0,5.0,5.0,3.0,4.0,4.0,2.0,32.0,64.0,1.0,64.0,1.0,1.0,2.0,1.0,1.0,1.0,1.0,1.0,5.0,6.0,4.0,3.0,5.0,2.0,4.0,5.0,6.0,5.0,2.0,6.0,5.0,1.0,1.0,4.0,5.0,2.0,64.0,384.0,1.0,768.0,384.0,1.0,1.0,1.0,1.0,1.0,1.0,1.0,1.0,2.0,5.0,3.0,4.0,5.0,2.0,5.0,6.0,5.0,3.0,3.0,5.0,3.0,4.0,5.0,4.0,6.0,2.0,12.0,1.0,8.0,3.0,1.0,1.0,1.0,1.0,1.0,1.0,1.0,6.0,2.0,3.0,1.0,5.0,5.0,3.0,1.0,1.0,3.0,2.0,4.0,3.0,1.0,2.0,2.0,5.0,3.0,24.0,64.0,1.0,8.0,6.0,1.0,1.0,1.0,1.0,1.0,1.0,1.0,379847712.0,21164288.64,12741800.0,0.14554685714285712,30.0,514.0,7996.0,8039206616011592.0,24.344296428571433,20.262480357142856,78.57142857142857,1246.857142857143
128000.0,64000.0,256.0,64.0,1.0,30.0,42.0,24.0,5.0,5.0,6.0,6.0,3.0,3.0,3.0,2.0,6.0,5.0,4.0,3.0,1.0,3.0,4.0,2.0,4.0,5.0,6.0,6.0,4.0,2.0,1.0,3.0,48.0,384.0,1.0,576.0,3.0,1.0,1.0,1.0,1.0,1.0,1.0,1.0,2.0,2.0,4.0,4.0,6.0,4.0,4.0,3.0,5.0,6.0,2.0,6.0,2.0,1.0,3.0,6.0,2.0,5.0,4.0,2.0,1.0,128.0,1.0,1.0,16.0,8.0,1.0,1.0,1.0,1.0,2.0,5.0,5.0,1.0,6.0,4.0,5.0,6.0,3.0,6.0,3.0,5.0,6.0,2.0,1.0,5.0,3.0,1.0,4.0,2.0,1.0,4.0,4.0,1.0,2.0,2.0,1.0,1.0,1.0,1.0,4.0,1.0,1.0,6.0,4.0,4.0,5.0,5.0,5.0,4.0,4.0,1.0,3.0,1.0,5.0,3.0,5.0,1.0,48.0,48.0,1.0,6.0,12.0,1.0,1.0,1.0,1.0,1.0,1.0,1.0,3.0,2.0,5.0,4.0,1.0,2.0,1.0,6.0,5.0,3.0,2.0,1.0,6.0,3.0,4.0,6.0,5.0,1.0,48.0,256.0,1.0,16.0,4.0,1.0,1.0,1.0,1.0,1.0,1.0,1.0,4.0,4.0,2.0,5.0,3.0,5.0,3.0,3.0,6.0,3.0,2.0,5.0,2.0,2.0,2.0,2.0,3.0,3.0,768.0,4.0,1.0,1.0,256.0,1.0,1.0,1.0,1.0,1.0,1.0,1.0,10885792080.0,66447425.28,10268200.0,0.114708,24.0,514.0,514.0,7.233328558494158e+17,18.428542857142862,18.43295785714286,78.57142857142857,157.42857142857142
128.0,8192000.0,256.0,64.0,1.0,24.0,26.0,40.0,2.0,5.0,2.0,5.0,6.0,2.0,4.0,1.0,4.0,3.0,2.0,6.0,4.0,5.0,4.0,6.0,5.0,4.0,2.0,5.0,6.0,2.0,3.0,3.0,3.0,96.0,1.0,768.0,1152.0,1.0,1.0,1.0,1.0,1.0,1.0,1.0,6.0,4.0,6.0,6.0,4.0,2.0,6.0,4.0,3.0,3.0,4.0,6.0,3.0,5.0,1.0,6.0,4.0,4.0,4.0,2.0,1.0,8.0,8.0,1.0,4.0,4.0,1.0,1.0,1.0,1.0,3.0,3.0,4.0,6.0,2.0,1.0,3.0,1.0,5.0,6.0,1.0,3.0,4.0,6.0,3.0,1.0,3.0,3.0,2.0,128.0,1.0,16.0,128.0,1.0,2.0,1.0,1.0,1.0,1.0,1.0,1.0,5.0,2.0,5.0,5.0,6.0,5.0,5.0,4.0,4.0,3.0,3.0,2.0,5.0,4.0,6.0,1.0,2.0,768.0,32.0,1.0,2.0,16.0,1.0,1.0,1.0,1.0,1.0,1.0,1.0,4.0,3.0,1.0,4.0,3.0,2.0,4.0,5.0,2.0,1.0,5.0,2.0,3.0,1.0,6.0,4.0,2.0,4.0,128.0,768.0,1.0,1536.0,256.0,1.0,1.0,1.0,1.0,1.0,1.0,1.0,4.0,3.0,5.0,5.0,3.0,2.0,5.0,1.0,1.0,6.0,1.0,1.0,2.0,5.0,5.0,3.0,4.0,4.0,3072.0,1024.0,1.0,192.0,768.0,1.0,1.0,1.0,1.0,1.0,1.0,1.0,11173626192.0,101143629.6,16944000.0,0.18680328571428573,40.0,514.0,514.0,1.1301411088525064e+18,1.0,1.010774642857143,78.57142857142857,78.57142857142857
8192.0,4096000.0,256.0,64.0,2.0,6.0,8.0,22.0,1.0,4.0,1.0,4.0,4.0,2.0,2.0,6.0,5.0,3.0,3.0,1.0,4.0,6.0,3.0,4.0,4.0,4.0,1.0,2.0,3.0,5.0,5.0,4.0,64.0,48.0,1.0,96.0,48.0,1.0,1.0,1.0,1.0,1.0,1.0,1.0,1.0,4.0,4.0,1.0,4.0,1.0,2.0,1.0,4.0,5.0,1.0,2.0,3.0,6.0,5.0,6.0,5.0,5.0,8.0,1.0,1.0,2.0,1.0,1.0,16.0,4.0,1.0,1.0,1.0,1.0,2.0,4.0,5.0,2.0,5.0,3.0,2.0,4.0,3.0,6.0,2.0,1.0,4.0,6.0,5.0,4.0,6.0,6.0,64.0,1.0,1.0,2.0,2.0,1.0,32.0,64.0,1.0,1.0,1.0,1.0,6.0,5.0,4.0,5.0,4.0,6.0,1.0,2.0,6.0,5.0,5.0,4.0,5.0,3.0,2.0,4.0,4.0,2.0,12.0,768.0,1.0,8.0,64.0,1.0,1.0,1.0,1.0,1.0,1.0,1.0,3.0,1.0,5.0,1.0,3.0,5.0,2.0,5.0,4.0,4.0,4.0,4.0,4.0,1.0,3.0,1.0,5.0,4.0,4.0,384.0,1.0,3.0,768.0,1.0,1.0,1.0,1.0,1.0,1.0,1.0,1.0,1.0,3.0,4.0,3.0,5.0,3.0,3.0,1.0,3.0,5.0,4.0,5.0,3.0,5.0,4.0,2.0,4.0,3.0,12.0,1.0,6.0,6.0,1.0,1.0,1.0,1.0,1.0,1.0,1.0,1402220244.0,29595788.64,84238300.0,0.8362293571428572,176.0,514.0,147456.0,4.149981396815323e+16,8.0,6.313286892857143,78.57142857142857,7273.142857142857
32000.0,64000.0,256.0,64.0,2.0,8.0,6.0,2.0,6.0,2.0,5.0,2.0,3.0,3.0,4.0,5.0,2.0,3.0,6.0,4.0,1.0,6.0,6.0,1.0,3.0,6.0,3.0,5.0,5.0,2.0,6.0,6.0,1.0,48.0,1.0,12.0,8.0,1.0,1.0,1.0,1.0,1.0,1.0,1.0,3.0,2.0,6.0,6.0,2.0,4.0,2.0,5.0,6.0,3.0,3.0,6.0,2.0,1.0,4.0,2.0,4.0,2.0,16.0,32.0,1.0,16.0,64.0,1.0,8.0,32.0,1.0,1.0,1.0,1.0,1.0,1.0,1.0,1.0,6.0,2.0,5.0,5.0,6.0,2.0,1.0,6.0,4.0,6.0,4.0,3.0,4.0,3.0,8.0,2.0,1.0,8.0,1.0,1.0,8.0,16.0,1.0,1.0,1.0,1.0,3.0,3.0,1.0,1.0,4.0,5.0,4.0,1.0,3.0,5.0,4.0,4.0,2.0,3.0,1.0,6.0,6.0,3.0,32.0,6.0,1.0,6.0,96.0,1.0,1.0,1.0,1.0,1.0,1.0,1.0,3.0,3.0,6.0,3.0,1.0,6.0,2.0,6.0,1.0,4.0,3.0,3.0,1.0,5.0,3.0,2.0,6.0,6.0,16.0,1.0,1.0,32.0,768.0,1.0,1.0,1.0,1.0,1.0,1.0,1.0,6.0,6.0,5.0,6.0,6.0,4.0,6.0,4.0,6.0,6.0,3.0,6.0,1.0,2.0,5.0,4.0,1.0,1.0,24.0,3.0,1.0,128.0,48.0,1.0,1.0,1.0,1.0,1.0,1.0,1.0,1851986448.0,25468176.520000003,5434410.0,0.07084732857142856,12.0,514.0,18624.0,4.716671777031181e+16,9.265831428571428,0.9756762142857144,78.57142857142857,3082.8571428571427
2048.0,64000.0,256.0,64.0,3.0,40.0,6.0,2.0,1.0,2.0,1.0,2.0,3.0,3.0,5.0,3.0,3.0,5.0,6.0,6.0,1.0,4.0,5.0,6.0,1.0,5.0,5.0,3.0,5.0,6.0,1.0,2.0,64.0,3.0,1.0,96.0,8.0,1.0,1.0,1.0,1.0,1.0,1.0,1.0,3.0,2.0,6.0,3.0,6.0,5.0,4.0,5.0,5.0,6.0,1.0,2.0,1.0,2.0,1.0,4.0,2.0,1.0,32.0,4.0,1.0,16.0,32.0,1.0,16.0,32.0,1.0,1.0,1.0,1.0,2.0,3.0,2.0,2.0,1.0,5.0,5.0,2.0,5.0,4.0,4.0,5.0,2.0,2.0,3.0,3.0,1.0,4.0,32.0,1.0,1.0,16.0,1.0,1.0,8.0,2.0,1.0,1.0,1.0,1.0,2.0,2.0,3.0,3.0,2.0,4.0,5.0,5.0,1.0,4.0,1.0,2.0,1.0,5.0,1.0,2.0,3.0,1.0,1.0,1.0,1.0,64.0,768.0,1.0,1.0,1.0,1.0,1.0,1.0,1.0,6.0,6.0,4.0,6.0,5.0,2.0,5.0,5.0,4.0,6.0,5.0,3.0,5.0,2.0,2.0,4.0,3.0,6.0,6.0,384.0,1.0,24.0,1024.0,1.0,1.0,1.0,1.0,1.0,1.0,1.0,4.0,6.0,2.0,5.0,6.0,2.0,6.0,6.0,4.0,1.0,6.0,1.0,4.0,3.0,4.0,2.0,4.0,6.0,16.0,64.0,1.0,2.0,12.0,1.0,1.0,1.0,1.0,1.0,1.0,1.0,5740474308.0,23472216.959999993,302896000.0,2.452553214285714,480.0,514.0,1146880.0,1.3474165841068182e+17,1.5714285714285714,0.09531573571428573,78.57142857142857,54098.28571428572
1024.0,1024000.0,256.0,64.0,1.0,14.0,32.0,30.0,3.0,5.0,5.0,5.0,4.0,2.0,4.0,3.0,3.0,3.0,4.0,4.0,5.0,6.0,4.0,3.0,6.0,2.0,1.0,4.0,1.0,2.0,2.0,4.0,128.0,32.0,1.0,3.0,9.0,1.0,1.0,1.0,1.0,1.0,1.0,1.0,3.0,6.0,3.0,3.0,6.0,2.0,3.0,5.0,4.0,2.0,3.0,5.0,3.0,1.0,5.0,2.0,5.0,3.0,8.0,16.0,1.0,8.0,8.0,1.0,128.0,32.0,1.0,1.0,1.0,1.0,1.0,2.0,6.0,2.0,4.0,4.0,4.0,4.0,6.0,5.0,2.0,3.0,2.0,4.0,3.0,1.0,3.0,6.0,1.0,4.0,1.0,8.0,64.0,1.0,2.0,2.0,1.0,1.0,1.0,1.0,3.0,6.0,1.0,2.0,3.0,5.0,3.0,1.0,2.0,1.0,3.0,3.0,5.0,2.0,3.0,5.0,4.0,1.0,1.0,256.0,1.0,4.0,1.0,1.0,1.0,1.0,1.0,1.0,1.0,1.0,4.0,5.0,2.0,4.0,5.0,6.0,2.0,5.0,6.0,5.0,3.0,6.0,4.0,3.0,4.0,1.0,5.0,6.0,32.0,96.0,1.0,1024.0,768.0,1.0,1.0,1.0,1.0,1.0,1.0,1.0,2.0,3.0,6.0,1.0,1.0,1.0,4.0,4.0,2.0,6.0,1.0,6.0,5.0,3.0,3.0,6.0,6.0,4.0,2.0,24.0,1.0,768.0,2.0,1.0,1.0,1.0,1.0,1.0,1.0,1.0,377487696.0,67807605.6,12741800.0,0.14554685714285712,30.0,514.0,7996.0,2.5596536809220696e+16,26.186582142857137,26.69619642857143,78.57142857142857,1246.857142857143
2048000.0,2048000.0,256.0,64.0,2.0,30.0,2.0,40.0,1.0,6.0,5.0,5.0,1.0,4.0,6.0,3.0,3.0,6.0,6.0,5.0,1.0,4.0,2.0,2.0,3.0,2.0,4.0,1.0,1.0,5.0,3.0,5.0,4.0,24.0,1.0,144.0,1152.0,1.0,1.0,1.0,1.0,1.0,1.0,1.0,5.0,1.0,2.0,3.0,4.0,1.0,3.0,1.0,6.0,4.0,2.0,6.0,3.0,1.0,6.0,2.0,1.0,3.0,32.0,1.0,1.0,4.0,2.0,1.0,16.0,4.0,1.0,1.0,1.0,1.0,2.0,6.0,5.0,1.0,4.0,2.0,1.0,3.0,3.0,1.0,4.0,2.0,3.0,3.0,1.0,6.0,3.0,5.0,16.0,8.0,1.0,1.0,32.0,1.0,32.0,64.0,1.0,1.0,1.0,1.0,6.0,1.0,2.0,3.0,3.0,6.0,6.0,2.0,1.0,4.0,6.0,2.0,1.0,2.0,3.0,6.0,2.0,3.0,96.0,6.0,1.0,1.0,64.0,1.0,1.0,1.0,1.0,1.0,1.0,1.0,4.0,3.0,5.0,2.0,4.0,2.0,2.0,4.0,4.0,2.0,1.0,4.0,3.0,1.0,6.0,4.0,2.0,1.0,48.0,256.0,1.0,16.0,3.0,1.0,1.0,1.0,1.0,1.0,1.0,1.0,2.0,1.0,6.0,6.0,1.0,4.0,1.0,2.0,3.0,1.0,6.0,2.0,2.0,5.0,5.0,2.0,5.0,5.0,768.0,256.0,1.0,96.0,128.0,1.0,1.0,1.0,1.0,1.0,1.0,1.0,5467495596.0,25606819.2,34797200.0,0.40738953571428577,80.0,514.0,212992.0,1.4000517120356824e+17,31.142857142857142,14.95085153571429,78.57142857142857,11255.714285714286
128000.0,64000.0,256.0,64.0,2.0,12.0,2.0,40.0,4.0,4.0,1.0,2.0,4.0,4.0,6.0,3.0,2.0,5.0,5.0,3.0,1.0,3.0,2.0,6.0,1.0,3.0,4.0,6.0,3.0,5.0,1.0,2.0,64.0,256.0,1.0,128.0,72.0,1.0,1.0,1.0,1.0,1.0,1.0,1.0,3.0,1.0,3.0,2.0,4.0,3.0,4.0,2.0,4.0,6.0,1.0,6.0,4.0,5.0,1.0,5.0,2.0,6.0,64.0,1.0,1.0,16.0,8.0,1.0,2.0,2.0,1.0,1.0,1.0,1.0,1.0,6.0,4.0,3.0,4.0,5.0,2.0,2.0,2.0,6.0,4.0,4.0,4.0,1.0,2.0,5.0,3.0,4.0,1.0,16.0,1.0,16.0,4.0,1.0,8.0,8.0,1.0,1.0,1.0,1.0,4.0,3.0,1.0,4.0,5.0,6.0,6.0,2.0,1.0,4.0,6.0,3.0,4.0,4.0,6.0,2.0,3.0,6.0,6.0,6.0,1.0,384.0,12.0,1.0,1.0,1.0,1.0,1.0,1.0,1.0,6.0,5.0,4.0,4.0,4.0,4.0,2.0,2.0,6.0,2.0,1.0,2.0,4.0,3.0,5.0,1.0,1.0,2.0,192.0,24.0,1.0,256.0,4.0,1.0,1.0,1.0,1.0,1.0,1.0,1.0,4.0,4.0,5.0,2.0,5.0,3.0,1.0,1.0,5.0,5.0,3.0,6.0,5.0,6.0,1.0,6.0,6.0,2.0,256.0,6.0,1.0,64.0,1.0,1.0,1.0,1.0,1.0,1.0,1.0,1.0,2378371236.0,20981487.979999997,34782200.0,0.3803021071428571,80.0,514.0,69632.0,4.9901767500111736e+16,14.071428571428571,3.943150464285714,78.57142857142857,3404.285714285714
2048.0,256000.0,256.0,64.0,1.0,32.0,10.0,34.0,3.0,6.0,2.0,3.0,5.0,3.0,1.0,1.0,6.0,4.0,5.0,2.0,2.0,3.0,1.0,2.0,5.0,5.0,5.0,2.0,1.0,1.0,6.0,2.0,8.0,384.0,1.0,12.0,192.0,1.0,1.0,1.0,1.0,1.0,1.0,1.0,6.0,4.0,6.0,5.0,4.0,6.0,1.0,6.0,2.0,2.0,4.0,5.0,4.0,2.0,2.0,6.0,6.0,3.0,32.0,32.0,1.0,64.0,4.0,1.0,64.0,2.0,1.0,1.0,1.0,1.0,6.0,4.0,4.0,4.0,2.0,2.0,1.0,4.0,5.0,5.0,1.0,1.0,4.0,6.0,6.0,5.0,3.0,6.0,1.0,8.0,1.0,64.0,64.0,1.0,64.0,1.0,1.0,1.0,1.0,1.0,1.0,4.0,2.0,3.0,3.0,1.0,6.0,1.0,4.0,3.0,3.0,2.0,4.0,6.0,5.0,4.0,1.0,4.0,128.0,1.0,1.0,64.0,256.0,1.0,1.0,1.0,1.0,1.0,1.0,1.0,4.0,4.0,3.0,3.0,1.0,5.0,4.0,1.0,5.0,2.0,6.0,3.0,6.0,1.0,4.0,3.0,5.0,3.0,8.0,3.0,1.0,12.0,2.0,1.0,1.0,1.0,1.0,1.0,1.0,1.0,2.0,6.0,2.0,1.0,1.0,2.0,4.0,3.0,3.0,2.0,6.0,2.0,2.0,3.0,2.0,3.0,4.0,2.0,16.0,768.0,1.0,8.0,32.0,1.0,1.0,1.0,1.0,1.0,1.0,1.0,332661072.0,67309343.52000001,14410900.0,0.16420714285714288,34.0,514.0,9028.0,2.2391198370979456e+16,32.2294,32.65548571428572,78.57142857142857,1408.0
1024.0,16000.0,256.0,64.0,3.0,20.0,8.0,10.0,3.0,2.0,1.0,6.0,5.0,3.0,2.0,3.0,4.0,1.0,2.0,1.0,1.0,1.0,2.0,2.0,5.0,4.0,6.0,4.0,5.0,6.0,6.0,1.0,48.0,48.0,1.0,768.0,576.0,1.0,1.0,1.0,1.0,1.0,1.0,1.0,2.0,5.0,4.0,2.0,6.0,2.0,4.0,6.0,2.0,6.0,6.0,2.0,6.0,3.0,3.0,3.0,3.0,4.0,1.0,1.0,1.0,2.0,4.0,1.0,1.0,32.0,1.0,1.0,1.0,1.0,3.0,6.0,3.0,5.0,3.0,1.0,2.0,2.0,3.0,6.0,2.0,1.0,6.0,2.0,6.0,4.0,4.0,4.0,64.0,8.0,1.0,64.0,8.0,1.0,2.0,1.0,1.0,1.0,1.0,1.0,6.0,3.0,2.0,3.0,3.0,1.0,3.0,3.0,2.0,2.0,2.0,2.0,3.0,6.0,5.0,2.0,4.0,6.0,384.0,3.0,1.0,8.0,12.0,1.0,1.0,1.0,1.0,1.0,1.0,1.0,5.0,3.0,3.0,3.0,2.0,4.0,4.0,1.0,3.0,1.0,4.0,6.0,3.0,1.0,5.0,1.0,6.0,4.0,192.0,64.0,1.0,192.0,8.0,1.0,1.0,1.0,1.0,1.0,1.0,1.0,5.0,5.0,1.0,2.0,3.0,5.0,1.0,6.0,4.0,1.0,3.0,3.0,2.0,6.0,6.0,2.0,4.0,3.0,96.0,4.0,1.0,2.0,3.0,1.0,1.0,1.0,1.0,1.0,1.0,1.0,2152052592.0,19041911.280000005,1920760000.0,8.410581428571428,1600.0,514.0,282624.0,4.097919452675805e+16,4.776530714285714,0.3739654428571429,78.57142857142857,24984.0
128.0,64000.0,256.0,64.0,3.0,28.0,40.0,2.0,4.0,4.0,5.0,1.0,5.0,6.0,2.0,1.0,6.0,5.0,3.0,1.0,5.0,5.0,5.0,4.0,1.0,5.0,1.0,5.0,5.0,1.0,3.0,5.0,32.0,384.0,1.0,4.0,2.0,1.0,1.0,1.0,1.0,1.0,1.0,1.0,5.0,4.0,2.0,3.0,3.0,4.0,5.0,6.0,3.0,3.0,2.0,2.0,4.0,3.0,3.0,2.0,1.0,6.0,64.0,32.0,1.0,16.0,2.0,1.0,4.0,64.0,1.0,1.0,1.0,1.0,5.0,4.0,5.0,4.0,1.0,4.0,4.0,3.0,3.0,1.0,6.0,6.0,2.0,6.0,2.0,1.0,2.0,5.0,8.0,1.0,1.0,4.0,4.0,1.0,32.0,1.0,1.0,1.0,1.0,1.0,6.0,2.0,2.0,5.0,3.0,5.0,2.0,2.0,1.0,4.0,5.0,4.0,2.0,2.0,4.0,2.0,1.0,6.0,16.0,12.0,1.0,8.0,24.0,1.0,1.0,1.0,1.0,1.0,1.0,1.0,2.0,6.0,4.0,6.0,4.0,1.0,1.0,5.0,5.0,6.0,6.0,1.0,2.0,1.0,3.0,2.0,6.0,6.0,192.0,16.0,1.0,8.0,24.0,1.0,1.0,1.0,1.0,1.0,1.0,1.0,5.0,4.0,1.0,5.0,2.0,2.0,1.0,1.0,5.0,1.0,2.0,5.0,3.0,4.0,2.0,6.0,2.0,5.0,3072.0,2.0,1.0,3.0,32.0,1.0,1.0,1.0,1.0,1.0,1.0,1.0,10893156024.0,18692364.9,3419410000.0,12.443303571428569,2240.0,514.0,991232.0,2.0361884731324115e+17,20.714285714285715,1.6012063764285718,78.57142857142857,47378.28571428572
128000.0,64000.0,256.0,64.0,2.0,42.0,22.0,38.0,2.0,4.0,6.0,3.0,6.0,2.0,6.0,2.0,4.0,4.0,5.0,4.0,6.0,6.0,4.0,6.0,4.0,3.0,3.0,1.0,3.0,3.0,2.0,6.0,32.0,32.0,1.0,256.0,32.0,1.0,1.0,1.0,1.0,1.0,1.0,1.0,1.0,6.0,2.0,4.0,2.0,1.0,3.0,5.0,1.0,4.0,3.0,5.0,2.0,3.0,2.0,3.0,4.0,4.0,1.0,16.0,1.0,2.0,8.0,1.0,128.0,8.0,1.0,1.0,1.0,1.0,4.0,6.0,5.0,5.0,4.0,3.0,2.0,5.0,2.0,1.0,5.0,6.0,2.0,2.0,3.0,1.0,3.0,3.0,1.0,32.0,1.0,16.0,16.0,1.0,1.0,64.0,1.0,1.0,1.0,1.0,5.0,2.0,6.0,5.0,6.0,6.0,1.0,5.0,3.0,6.0,3.0,2.0,3.0,4.0,1.0,5.0,6.0,4.0,384.0,8.0,1.0,768.0,2.0,1.0,1.0,1.0,1.0,1.0,1.0,1.0,6.0,2.0,5.0,6.0,4.0,6.0,1.0,4.0,3.0,6.0,1.0,4.0,5.0,3.0,2.0,5.0,6.0,1.0,96.0,1.0,1.0,128.0,4.0,1.0,1.0,1.0,1.0,1.0,1.0,1.0,1.0,6.0,1.0,2.0,6.0,3.0,2.0,3.0,5.0,1.0,6.0,6.0,5.0,1.0,6.0,5.0,2.0,4.0,6.0,48.0,1.0,48.0,2.0,1.0,1.0,1.0,1.0,1.0,1.0,1.0,10899084168.0,52946813.519999996,678453000.0,4.077777857142858,836.0,514.0,18432.0,5.770717769818803e+17,16.14284285714286,15.130294617857142,78.57142857142857,1536.0
512.0,4096000.0,256.0,64.0,3.0,22.0,48.0,44.0,2.0,6.0,6.0,4.0,3.0,2.0,6.0,5.0,1.0,4.0,3.0,6.0,4.0,6.0,3.0,1.0,3.0,1.0,5.0,3.0,3.0,1.0,3.0,5.0,12.0,96.0,1.0,3.0,3.0,1.0,1.0,1.0,1.0,1.0,1.0,1.0,5.0,5.0,4.0,3.0,4.0,5.0,3.0,4.0,3.0,4.0,5.0,5.0,2.0,3.0,4.0,6.0,4.0,2.0,32.0,32.0,1.0,128.0,128.0,1.0,32.0,8.0,1.0,1.0,1.0,1.0,1.0,2.0,5.0,4.0,6.0,4.0,3.0,4.0,6.0,3.0,2.0,1.0,3.0,4.0,4.0,1.0,2.0,6.0,16.0,8.0,1.0,2.0,16.0,1.0,32.0,4.0,1.0,1.0,1.0,1.0,2.0,2.0,2.0,5.0,2.0,1.0,5.0,3.0,6.0,4.0,3.0,2.0,2.0,2.0,3.0,2.0,6.0,1.0,6.0,24.0,1.0,12.0,64.0,1.0,1.0,1.0,1.0,1.0,1.0,1.0,6.0,1.0,6.0,4.0,6.0,1.0,5.0,2.0,6.0,6.0,5.0,4.0,2.0,5.0,3.0,2.0,4.0,3.0,256.0,1.0,1.0,48.0,1024.0,1.0,1.0,1.0,1.0,1.0,1.0,1.0,2.0,4.0,1.0,4.0,5.0,4.0,6.0,1.0,5.0,5.0,3.0,6.0,2.0,4.0,1.0,6.0,2.0,4.0,16.0,128.0,1.0,256.0,64.0,1.0,1.0,1.0,1.0,1.0,1.0,1.0,2655779904.0,18112325.0,1118060000000.0,1155.2607142857144,46464.0,514.0,2162688.0,4.81023487497168e+16,30.569389285714287,1.4700892857142858,78.57142857142857,113184.0
256000.0,16000000.0,256.0,64.0,2.0,28.0,12.0,28.0,5.0,4.0,5.0,1.0,3.0,3.0,2.0,2.0,3.0,3.0,2.0,4.0,2.0,4.0,5.0,4.0,3.0,1.0,2.0,4.0,1.0,2.0,6.0,1.0,192.0,192.0,1.0,12.0,768.0,1.0,1.0,1.0,1.0,1.0,1.0,1.0,1.0,3.0,2.0,2.0,3.0,1.0,1.0,2.0,4.0,1.0,5.0,1.0,2.0,6.0,2.0,2.0,4.0,2.0,4.0,1.0,1.0,128.0,8.0,1.0,4.0,128.0,1.0,1.0,1.0,1.0,2.0,2.0,3.0,2.0,3.0,3.0,5.0,5.0,3.0,1.0,5.0,2.0,3.0,4.0,6.0,4.0,6.0,5.0,128.0,128.0,1.0,2.0,16.0,1.0,4.0,32.0,1.0,1.0,1.0,1.0,5.0,5.0,5.0,3.0,3.0,1.0,5.0,4.0,4.0,5.0,6.0,4.0,5.0,1.0,4.0,6.0,2.0,1.0,1.0,2.0,1.0,96.0,12.0,1.0,1.0,1.0,1.0,1.0,1.0,1.0,4.0,5.0,2.0,4.0,2.0,4.0,5.0,3.0,5.0,3.0,5.0,4.0,6.0,2.0,2.0,3.0,2.0,2.0,4.0,4.0,1.0,32.0,2.0,1.0,1.0,1.0,1.0,1.0,1.0,1.0,6.0,1.0,4.0,4.0,4.0,2.0,1.0,1.0,5.0,5.0,3.0,1.0,1.0,3.0,2.0,4.0,5.0,5.0,128.0,192.0,1.0,48.0,96.0,1.0,1.0,1.0,1.0,1.0,1.0,1.0,1401197424.0,18962143.720000003,187567000.0,1.6669353571428571,336.0,514.0,552960.0,2.656970693398178e+16,21.428585714285713,6.566156867857144,78.57142857142857,29048.0
256000.0,2048000.0,256.0,64.0,3.0,14.0,30.0,42.0,6.0,5.0,6.0,6.0,6.0,2.0,5.0,5.0,1.0,4.0,4.0,4.0,3.0,2.0,3.0,2.0,3.0,4.0,1.0,2.0,5.0,5.0,4.0,5.0,192.0,256.0,1.0,48.0,1152.0,1.0,1.0,1.0,1.0,1.0,1.0,1.0,4.0,5.0,4.0,4.0,4.0,3.0,1.0,3.0,3.0,6.0,6.0,4.0,4.0,4.0,6.0,2.0,2.0,4.0,32.0,4.0,1.0,16.0,64.0,1.0,32.0,1.0,1.0,1.0,1.0,1.0,3.0,5.0,2.0,5.0,2.0,3.0,4.0,3.0,1.0,6.0,3.0,4.0,4.0,2.0,2.0,6.0,1.0,6.0,2.0,64.0,1.0,8.0,32.0,1.0,4.0,16.0,1.0,1.0,1.0,1.0,4.0,1.0,2.0,4.0,5.0,3.0,2.0,5.0,4.0,6.0,3.0,5.0,5.0,6.0,5.0,2.0,2.0,5.0,256.0,12.0,1.0,48.0,384.0,1.0,1.0,1.0,1.0,1.0,1.0,1.0,4.0,4.0,6.0,3.0,3.0,6.0,3.0,5.0,5.0,2.0,2.0,5.0,6.0,6.0,2.0,6.0,6.0,2.0,4.0,3.0,1.0,2.0,48.0,1.0,1.0,1.0,1.0,1.0,1.0,1.0,3.0,1.0,3.0,6.0,3.0,5.0,2.0,6.0,5.0,6.0,6.0,4.0,3.0,5.0,5.0,4.0,4.0,5.0,1.0,768.0,1.0,12.0,3.0,1.0,1.0,1.0,1.0,1.0,1.0,1.0,2405133900.0,18022853.400000002,165360000000.0,216.22414285714288,17640.0,514.0,2260992.0,4.3347375687070264e+16,17.989796428571427,0.22369260714285716,78.57142857142857,157046.85714285713
256000.0,16000.0,256.0,64.0,1.0,40.0,30.0,2.0,4.0,3.0,2.0,3.0,2.0,3.0,6.0,1.0,1.0,2.0,3.0,3.0,1.0,1.0,4.0,4.0,4.0,5.0,5.0,1.0,2.0,5.0,3.0,1.0,192.0,768.0,1.0,8.0,4.0,1.0,1.0,1.0,1.0,1.0,1.0,1.0,6.0,4.0,3.0,2.0,2.0,1.0,2.0,3.0,2.0,6.0,6.0,2.0,2.0,1.0,3.0,6.0,3.0,6.0,4.0,8.0,1.0,64.0,128.0,1.0,64.0,64.0,1.0,1.0,1.0,1.0,3.0,3.0,1.0,6.0,2.0,2.0,5.0,6.0,6.0,3.0,3.0,4.0,1.0,2.0,2.0,5.0,6.0,6.0,1.0,64.0,1.0,128.0,128.0,1.0,1.0,8.0,1.0,1.0,1.0,1.0,4.0,1.0,4.0,5.0,4.0,2.0,3.0,2.0,6.0,2.0,6.0,3.0,5.0,2.0,1.0,4.0,1.0,2.0,64.0,1.0,1.0,4.0,32.0,1.0,1.0,1.0,1.0,1.0,1.0,1.0,3.0,5.0,4.0,4.0,3.0,6.0,5.0,2.0,1.0,3.0,6.0,2.0,5.0,6.0,2.0,2.0,6.0,5.0,4.0,384.0,1.0,6.0,2.0,1.0,1.0,1.0,1.0,1.0,1.0,1.0,1.0,6.0,6.0,2.0,4.0,1.0,3.0,1.0,1.0,4.0,5.0,3.0,6.0,5.0,1.0,2.0,2.0,4.0,128.0,16.0,1.0,32.0,1.0,1.0,1.0,1.0,1.0,1.0,1.0,1.0,5586813312.0,61012605.599999994,1518290.0,0.0156601,2.0,514.0,772.0,3.408660371658857e+17,2.0,2.7436692857142853,78.57142857142857,118.85714285714286
1024000.0,128000.0,256.0,64.0,2.0,22.0,30.0,4.0,3.0,6.0,3.0,1.0,4.0,1.0,2.0,3.0,6.0,6.0,5.0,1.0,5.0,5.0,4.0,6.0,4.0,1.0,3.0,5.0,2.0,5.0,5.0,4.0,1.0,8.0,1.0,144.0,128.0,1.0,1.0,1.0,1.0,1.0,1.0,1.0,5.0,3.0,5.0,3.0,6.0,3.0,2.0,1.0,3.0,5.0,4.0,1.0,4.0,2.0,3.0,2.0,5.0,2.0,16.0,1.0,1.0,64.0,32.0,1.0,1.0,4.0,1.0,1.0,1.0,1.0,4.0,2.0,4.0,2.0,5.0,4.0,6.0,2.0,3.0,1.0,5.0,3.0,3.0,3.0,6.0,1.0,3.0,6.0,2.0,32.0,1.0,2.0,8.0,1.0,2.0,4.0,1.0,1.0,1.0,1.0,4.0,3.0,3.0,3.0,6.0,5.0,5.0,3.0,3.0,2.0,6.0,3.0,6.0,2.0,3.0,5.0,1.0,2.0,96.0,64.0,1.0,384.0,192.0,1.0,1.0,1.0,1.0,1.0,1.0,1.0,3.0,5.0,6.0,4.0,6.0,2.0,1.0,3.0,4.0,4.0,6.0,1.0,6.0,3.0,6.0,3.0,3.0,2.0,1.0,768.0,1.0,512.0,512.0,1.0,1.0,1.0,1.0,1.0,1.0,1.0,3.0,6.0,6.0,3.0,2.0,2.0,1.0,5.0,2.0,2.0,4.0,3.0,2.0,5.0,4.0,3.0,5.0,6.0,2.0,12.0,1.0,2.0,8.0,1.0,1.0,1.0,1.0,1.0,1.0,1.0,1151303004.0,51156252.11999999,54305600.0,0.738431,120.0,514.0,661760.0,5.889634673913736e+16,12.912075000000002,6.636762142857143,78.57142857142857,54042.57142857143
1024.0,2048000.0,256.0,64.0,3.0,28.0,8.0,46.0,4.0,5.0,1.0,6.0,1.0,1.0,4.0,3.0,5.0,6.0,2.0,5.0,6.0,6.0,3.0,2.0,5.0,6.0,2.0,6.0,5.0,5.0,5.0,5.0,16.0,32.0,1.0,4.0,48.0,1.0,1.0,1.0,1.0,1.0,1.0,1.0,2.0,6.0,5.0,1.0,3.0,1.0,5.0,4.0,3.0,1.0,4.0,3.0,5.0,6.0,1.0,1.0,3.0,4.0,1.0,1.0,1.0,4.0,2.0,1.0,32.0,32.0,1.0,1.0,1.0,1.0,2.0,1.0,6.0,5.0,2.0,3.0,5.0,6.0,6.0,5.0,3.0,1.0,5.0,2.0,5.0,3.0,6.0,4.0,8.0,64.0,1.0,16.0,8.0,1.0,32.0,32.0,1.0,1.0,1.0,1.0,6.0,3.0,4.0,4.0,2.0,5.0,6.0,1.0,3.0,5.0,4.0,6.0,4.0,1.0,3.0,2.0,3.0,1.0,256.0,24.0,1.0,128.0,3.0,1.0,1.0,1.0,1.0,1.0,1.0,1.0,4.0,4.0,1.0,6.0,2.0,1.0,4.0,2.0,3.0,5.0,2.0,6.0,1.0,5.0,4.0,1.0,5.0,6.0,192.0,3.0,1.0,96.0,2.0,1.0,1.0,1.0,1.0,1.0,1.0,1.0,5.0,2.0,2.0,1.0,4.0,2.0,2.0,1.0,2.0,5.0,2.0,4.0,2.0,3.0,2.0,3.0,4.0,4.0,48.0,96.0,1.0,24.0,12.0,1.0,1.0,1.0,1.0,1.0,1.0,1.0,350579580.0,19162731.32,58070100000.0,92.92265714285716,10304.0,514.0,163840.0,6718062297818446.0,19.714285714285715,1.210190107142857,78.57142857142857,15116.57142857143
16000.0,32000000.0,256.0,64.0,2.0,36.0,34.0,48.0,2.0,2.0,6.0,3.0,6.0,6.0,4.0,1.0,2.0,2.0,2.0,6.0,3.0,5.0,3.0,2.0,5.0,2.0,4.0,5.0,2.0,5.0,1.0,1.0,3.0,24.0,1.0,32.0,24.0,1.0,1.0,1.0,1.0,1.0,1.0,1.0,3.0,5.0,5.0,1.0,4.0,4.0,6.0,3.0,4.0,5.0,3.0,6.0,3.0,5.0,5.0,6.0,6.0,3.0,32.0,16.0,1.0,64.0,2.0,1.0,128.0,2.0,1.0,1.0,1.0,1.0,4.0,4.0,3.0,4.0,3.0,6.0,6.0,2.0,6.0,2.0,5.0,1.0,3.0,4.0,5.0,4.0,3.0,6.0,1.0,128.0,1.0,32.0,4.0,1.0,4.0,16.0,1.0,1.0,1.0,1.0,3.0,3.0,3.0,4.0,1.0,4.0,1.0,6.0,3.0,6.0,3.0,5.0,3.0,2.0,4.0,4.0,1.0,4.0,6.0,4.0,1.0,12.0,2.0,1.0,1.0,1.0,1.0,1.0,1.0,1.0,4.0,3.0,4.0,1.0,3.0,3.0,6.0,6.0,3.0,1.0,5.0,5.0,5.0,2.0,2.0,3.0,5.0,1.0,256.0,128.0,1.0,3.0,96.0,1.0,1.0,1.0,1.0,1.0,1.0,1.0,5.0,6.0,2.0,2.0,5.0,5.0,2.0,6.0,3.0,3.0,2.0,6.0,3.0,4.0,4.0,5.0,2.0,6.0,1.0,256.0,1.0,128.0,96.0,1.0,1.0,1.0,1.0,1.0,1.0,1.0,10888005312.0,41631613.28,1985750000.0,8.52667142857143,1632.0,514.0,34304.0,4.532852265397697e+17,20.714285714285715,7.453659954999999,78.57142857142857,3780.5714285714284
1024.0,512000.0,256.0,64.0,3.0,12.0,16.0,18.0,2.0,2.0,6.0,3.0,4.0,2.0,6.0,4.0,6.0,2.0,5.0,6.0,4.0,6.0,5.0,6.0,6.0,2.0,5.0,5.0,2.0,5.0,6.0,4.0,1.0,64.0,1.0,144.0,72.0,1.0,1.0,1.0,1.0,1.0,1.0,1.0,1.0,2.0,3.0,4.0,4.0,1.0,3.0,5.0,3.0,4.0,4.0,3.0,2.0,4.0,4.0,4.0,6.0,4.0,64.0,4.0,1.0,8.0,16.0,1.0,32.0,1.0,1.0,1.0,1.0,1.0,1.0,5.0,6.0,2.0,3.0,5.0,2.0,2.0,3.0,2.0,1.0,1.0,5.0,3.0,3.0,1.0,5.0,3.0,1.0,4.0,1.0,1.0,2.0,1.0,1.0,8.0,1.0,1.0,1.0,1.0,4.0,2.0,3.0,6.0,4.0,6.0,4.0,2.0,5.0,3.0,2.0,3.0,1.0,5.0,5.0,2.0,4.0,6.0,384.0,96.0,1.0,32.0,256.0,1.0,1.0,1.0,1.0,1.0,1.0,1.0,6.0,6.0,6.0,1.0,2.0,4.0,3.0,2.0,3.0,1.0,3.0,4.0,4.0,2.0,1.0,6.0,6.0,3.0,16.0,6.0,1.0,192.0,48.0,1.0,1.0,1.0,1.0,1.0,1.0,1.0,6.0,6.0,2.0,2.0,3.0,5.0,3.0,4.0,6.0,3.0,3.0,1.0,1.0,6.0,6.0,6.0,4.0,3.0,96.0,2.0,1.0,384.0,128.0,1.0,1.0,1.0,1.0,1.0,1.0,1.0,10949197536.0,19519254.519999996,7416750000.0,20.903328571428574,3456.0,514.0,360448.0,2.1372017349494083e+17,5.285714285714286,0.8653025892857142,78.57142857142857,34566.857142857145
2048000.0,32000000.0,256.0,64.0,1.0,18.0,8.0,36.0,3.0,3.0,3.0,6.0,3.0,3.0,4.0,5.0,5.0,4.0,2.0,3.0,2.0,6.0,3.0,4.0,2.0,3.0,5.0,4.0,2.0,5.0,4.0,2.0,64.0,12.0,1.0,144.0,16.0,1.0,1.0,1.0,1.0,1.0,1.0,1.0,6.0,5.0,4.0,6.0,2.0,4.0,1.0,3.0,2.0,1.0,2.0,1.0,6.0,2.0,3.0,4.0,6.0,5.0,2.0,1.0,1.0,128.0,4.0,1.0,32.0,32.0,1.0,1.0,1.0,1.0,1.0,6.0,5.0,1.0,5.0,1.0,2.0,5.0,5.0,4.0,1.0,2.0,3.0,4.0,3.0,1.0,1.0,4.0,2.0,4.0,1.0,4.0,1.0,1.0,64.0,8.0,1.0,1.0,1.0,1.0,2.0,3.0,2.0,3.0,4.0,2.0,1.0,5.0,1.0,4.0,3.0,6.0,5.0,4.0,5.0,1.0,3.0,6.0,1.0,24.0,1.0,768.0,192.0,1.0,1.0,1.0,1.0,1.0,1.0,1.0,1.0,6.0,6.0,5.0,4.0,5.0,3.0,1.0,4.0,2.0,5.0,3.0,1.0,6.0,1.0,5.0,1.0,1.0,8.0,192.0,1.0,1024.0,6.0,1.0,1.0,1.0,1.0,1.0,1.0,1.0,4.0,1.0,5.0,6.0,5.0,4.0,6.0,2.0,1.0,5.0,3.0,1.0,1.0,6.0,6.0,3.0,3.0,4.0,1024.0,128.0,1.0,96.0,192.0,1.0,1.0,1.0,1.0,1.0,1.0,1.0,11173626192.0,101143668.0,15250600.0,0.16867785714285713,36.0,514.0,514.0,1.1301415379197522e+18,1.0,1.0072264285714285,78.57142857142857,78.57142857142857
16000.0,8192000.0,256.0,64.0,1.0,16.0,22.0,2.0,1.0,4.0,1.0,2.0,6.0,1.0,1.0,1.0,1.0,6.0,1.0,1.0,1.0,2.0,4.0,1.0,5.0,5.0,3.0,3.0,3.0,3.0,4.0,3.0,1.0,1.0,1.0,96.0,72.0,1.0,1.0,1.0,1.0,1.0,1.0,1.0,4.0,6.0,4.0,3.0,5.0,1.0,6.0,3.0,4.0,4.0,2.0,4.0,1.0,4.0,2.0,3.0,5.0,4.0,8.0,8.0,1.0,64.0,128.0,1.0,8.0,8.0,1.0,1.0,1.0,1.0,5.0,6.0,2.0,1.0,5.0,1.0,6.0,4.0,2.0,6.0,3.0,6.0,5.0,2.0,4.0,2.0,1.0,4.0,2.0,64.0,1.0,2.0,32.0,1.0,4.0,16.0,1.0,1.0,1.0,1.0,6.0,6.0,6.0,4.0,1.0,4.0,6.0,2.0,1.0,6.0,4.0,3.0,5.0,4.0,5.0,1.0,6.0,4.0,3.0,384.0,1.0,768.0,384.0,1.0,1.0,1.0,1.0,1.0,1.0,1.0,2.0,5.0,3.0,6.0,4.0,4.0,2.0,3.0,3.0,1.0,6.0,3.0,6.0,2.0,6.0,5.0,1.0,3.0,192.0,16.0,1.0,8.0,3.0,1.0,1.0,1.0,1.0,1.0,1.0,1.0,5.0,1.0,3.0,3.0,4.0,3.0,5.0,4.0,2.0,4.0,4.0,3.0,2.0,5.0,5.0,2.0,6.0,2.0,24.0,768.0,1.0,384.0,6.0,1.0,1.0,1.0,1.0,1.0,1.0,1.0,11173626192.0,84942444.0,1518260.0,0.015521114285714285,2.0,514.0,514.0,9.491151170908933e+17,1.0,1.4222078571428571,78.57142857142857,78.57142857142857
512000.0,64000.0,256.0,64.0,2.0,20.0,48.0,6.0,1.0,3.0,4.0,1.0,2.0,3.0,4.0,3.0,3.0,1.0,2.0,5.0,1.0,2.0,3.0,4.0,1.0,4.0,4.0,2.0,6.0,4.0,3.0,1.0,32.0,6.0,1.0,24.0,8.0,1.0,1.0,1.0,1.0,1.0,1.0,1.0,6.0,6.0,4.0,1.0,4.0,3.0,1.0,6.0,1.0,5.0,3.0,5.0,1.0,4.0,3.0,1.0,6.0,4.0,32.0,8.0,1.0,16.0,16.0,1.0,4.0,32.0,1.0,1.0,1.0,1.0,6.0,2.0,4.0,4.0,6.0,4.0,1.0,4.0,1.0,1.0,2.0,3.0,3.0,5.0,4.0,6.0,2.0,2.0,2.0,32.0,1.0,64.0,2.0,1.0,64.0,1.0,1.0,1.0,1.0,1.0,2.0,2.0,6.0,2.0,6.0,2.0,5.0,6.0,4.0,1.0,3.0,5.0,4.0,6.0,4.0,1.0,2.0,5.0,384.0,3.0,1.0,256.0,32.0,1.0,1.0,1.0,1.0,1.0,1.0,1.0,5.0,3.0,1.0,3.0,5.0,6.0,1.0,5.0,4.0,5.0,1.0,1.0,1.0,3.0,6.0,3.0,6.0,2.0,16.0,64.0,1.0,1.0,3072.0,1.0,1.0,1.0,1.0,1.0,1.0,1.0,5.0,5.0,5.0,3.0,1.0,6.0,4.0,2.0,6.0,6.0,3.0,4.0,5.0,3.0,1.0,6.0,1.0,5.0,4.0,32.0,1.0,768.0,128.0,1.0,1.0,1.0,1.0,1.0,1.0,1.0,5102854212.0,44794301.32000001,153788000.0,1.3541389285714287,288.0,514.0,34816.0,2.285787891643592e+17,101.14841107142854,18.632031714285716,78.57142857142857,4769.142857142857
4096.0,64000.0,256.0,64.0,1.0,30.0,10.0,16.0,4.0,3.0,1.0,4.0,3.0,2.0,6.0,1.0,3.0,2.0,3.0,2.0,3.0,1.0,5.0,4.0,3.0,3.0,3.0,1.0,1.0,1.0,4.0,3.0,64.0,16.0,1.0,2304.0,12.0,1.0,1.0,1.0,1.0,1.0,1.0,1.0,4.0,5.0,6.0,3.0,4.0,3.0,2.0,5.0,6.0,3.0,4.0,4.0,4.0,1.0,1.0,4.0,6.0,2.0,1.0,32.0,1.0,16.0,4.0,1.0,16.0,2.0,1.0,1.0,1.0,1.0,1.0,6.0,4.0,6.0,2.0,5.0,4.0,5.0,5.0,2.0,1.0,3.0,5.0,4.0,5.0,2.0,6.0,6.0,4.0,128.0,1.0,1.0,32.0,1.0,1.0,8.0,1.0,1.0,1.0,1.0,5.0,6.0,2.0,1.0,2.0,5.0,5.0,4.0,5.0,5.0,6.0,6.0,1.0,4.0,2.0,1.0,6.0,3.0,16.0,2.0,1.0,2.0,192.0,1.0,1.0,1.0,1.0,1.0,1.0,1.0,2.0,3.0,3.0,2.0,5.0,5.0,2.0,1.0,4.0,2.0,1.0,6.0,4.0,2.0,2.0,6.0,2.0,3.0,2.0,256.0,1.0,192.0,128.0,1.0,1.0,1.0,1.0,1.0,1.0,1.0,5.0,2.0,5.0,6.0,3.0,1.0,5.0,3.0,6.0,5.0,2.0,5.0,3.0,4.0,2.0,6.0,5.0,3.0,512.0,192.0,1.0,8.0,384.0,1.0,1.0,1.0,1.0,1.0,1.0,1.0,698352336.0,43463550.72,7028500.0,0.08055197142857141,16.0,514.0,4384.0,3.035287217616648e+16,16.0,14.925145714285716,78.57142857142857,682.8571428571429
32000.0,8192000.0,256.0,64.0,3.0,20.0,20.0,44.0,5.0,5.0,5.0,1.0,2.0,2.0,4.0,2.0,6.0,5.0,2.0,1.0,1.0,2.0,3.0,6.0,1.0,4.0,3.0,2.0,2.0,2.0,4.0,3.0,24.0,4.0,1.0,1152.0,2304.0,1.0,1.0,1.0,1.0,1.0,1.0,1.0,6.0,1.0,6.0,4.0,1.0,1.0,2.0,2.0,4.0,3.0,2.0,5.0,2.0,3.0,5.0,1.0,1.0,4.0,8.0,16.0,1.0,128.0,128.0,1.0,8.0,32.0,1.0,1.0,1.0,1.0,1.0,5.0,2.0,1.0,3.0,1.0,1.0,2.0,5.0,5.0,1.0,5.0,1.0,2.0,2.0,6.0,2.0,4.0,8.0,128.0,1.0,16.0,1.0,1.0,4.0,16.0,1.0,1.0,1.0,1.0,4.0,1.0,6.0,3.0,6.0,4.0,1.0,1.0,3.0,5.0,1.0,2.0,1.0,2.0,1.0,1.0,3.0,1.0,128.0,256.0,1.0,192.0,1.0,1.0,1.0,1.0,1.0,1.0,1.0,1.0,2.0,4.0,3.0,1.0,2.0,1.0,5.0,2.0,1.0,2.0,5.0,5.0,5.0,3.0,3.0,5.0,3.0,2.0,12.0,64.0,1.0,768.0,32.0,1.0,1.0,1.0,1.0,1.0,1.0,1.0,1.0,3.0,6.0,5.0,5.0,2.0,2.0,4.0,3.0,1.0,1.0,6.0,6.0,5.0,2.0,1.0,5.0,6.0,1024.0,96.0,1.0,48.0,12.0,1.0,1.0,1.0,1.0,1.0,1.0,1.0,435358464.0,17744073.06,164626000000.0,215.69535714285712,17600.0,514.0,2924544.0,7725032392505379.0,49.914285714285704,1.7991071428571428,78.57142857142857,235008.0
128.0,64000.0,256.0,64.0,1.0,4.0,10.0,30.0,5.0,2.0,2.0,1.0,1.0,4.0,6.0,2.0,5.0,6.0,3.0,1.0,2.0,3.0,5.0,2.0,2.0,4.0,2.0,4.0,4.0,6.0,1.0,6.0,384.0,64.0,1.0,36.0,64.0,1.0,1.0,1.0,1.0,1.0,1.0,1.0,4.0,6.0,3.0,3.0,2.0,1.0,3.0,1.0,4.0,6.0,2.0,5.0,3.0,2.0,2.0,6.0,5.0,6.0,4.0,16.0,1.0,1.0,64.0,1.0,16.0,4.0,1.0,1.0,1.0,1.0,5.0,1.0,4.0,2.0,4.0,6.0,3.0,6.0,3.0,6.0,6.0,6.0,6.0,1.0,4.0,3.0,6.0,3.0,128.0,128.0,1.0,64.0,64.0,1.0,8.0,16.0,1.0,1.0,1.0,1.0,6.0,6.0,1.0,2.0,3.0,3.0,5.0,3.0,2.0,6.0,1.0,6.0,3.0,2.0,5.0,3.0,3.0,5.0,192.0,96.0,1.0,32.0,16.0,1.0,1.0,1.0,1.0,1.0,1.0,1.0,3.0,3.0,4.0,2.0,5.0,3.0,4.0,4.0,4.0,2.0,1.0,5.0,1.0,1.0,3.0,2.0,1.0,3.0,32.0,192.0,1.0,192.0,12.0,1.0,1.0,1.0,1.0,1.0,1.0,1.0,3.0,5.0,3.0,2.0,5.0,3.0,2.0,6.0,3.0,2.0,2.0,4.0,5.0,5.0,2.0,1.0,4.0,3.0,64.0,1536.0,1.0,3.0,32.0,1.0,1.0,1.0,1.0,1.0,1.0,1.0,379847712.0,33347192.64,12741800.0,0.14554685714285712,30.0,514.0,7996.0,1.266685482592724e+16,24.344296428571433,21.249367142857142,78.57142857142857,1246.857142857143
256000.0,128000.0,256.0,64.0,3.0,32.0,14.0,22.0,5.0,6.0,5.0,1.0,5.0,6.0,2.0,6.0,5.0,6.0,2.0,5.0,4.0,4.0,3.0,3.0,6.0,3.0,4.0,1.0,6.0,6.0,3.0,5.0,3.0,192.0,1.0,32.0,288.0,1.0,1.0,1.0,1.0,1.0,1.0,1.0,1.0,2.0,5.0,3.0,3.0,3.0,1.0,2.0,4.0,3.0,1.0,1.0,3.0,1.0,5.0,3.0,4.0,1.0,32.0,16.0,1.0,128.0,32.0,1.0,1.0,8.0,1.0,1.0,1.0,1.0,2.0,4.0,6.0,2.0,5.0,6.0,3.0,2.0,3.0,3.0,5.0,3.0,6.0,6.0,2.0,5.0,1.0,3.0,2.0,64.0,1.0,2.0,16.0,1.0,4.0,1.0,1.0,1.0,1.0,1.0,4.0,3.0,6.0,2.0,1.0,4.0,5.0,3.0,1.0,6.0,5.0,1.0,3.0,2.0,6.0,5.0,1.0,6.0,12.0,256.0,1.0,256.0,256.0,1.0,1.0,1.0,1.0,1.0,1.0,1.0,4.0,3.0,6.0,3.0,5.0,2.0,1.0,3.0,2.0,4.0,6.0,4.0,3.0,3.0,6.0,2.0,6.0,1.0,1.0,192.0,1.0,512.0,32.0,1.0,1.0,1.0,1.0,1.0,1.0,1.0,6.0,2.0,3.0,4.0,5.0,4.0,3.0,6.0,6.0,1.0,4.0,6.0,4.0,2.0,1.0,3.0,5.0,6.0,48.0,192.0,1.0,384.0,48.0,1.0,1.0,1.0,1.0,1.0,1.0,1.0,880696608.0,17927073.96,53295300000.0,87.4785642857143,9856.0,514.0,1884160.0,1.5788313227937128e+16,17.214285714285715,1.1830357142857142,78.57142857142857,168173.7142857143
32000.0,64000.0,256.0,64.0,1.0,46.0,46.0,34.0,5.0,1.0,2.0,5.0,5.0,5.0,2.0,6.0,6.0,6.0,1.0,4.0,6.0,3.0,2.0,4.0,4.0,5.0,1.0,6.0,4.0,3.0,5.0,1.0,1.0,12.0,1.0,256.0,48.0,1.0,1.0,1.0,1.0,1.0,1.0,1.0,5.0,6.0,2.0,1.0,3.0,4.0,5.0,2.0,3.0,4.0,5.0,3.0,1.0,4.0,4.0,2.0,5.0,6.0,4.0,1.0,1.0,128.0,64.0,1.0,32.0,4.0,1.0,1.0,1.0,1.0,6.0,4.0,5.0,6.0,4.0,6.0,4.0,4.0,6.0,4.0,1.0,4.0,6.0,4.0,2.0,6.0,5.0,2.0,2.0,64.0,1.0,16.0,64.0,1.0,32.0,32.0,1.0,1.0,1.0,1.0,4.0,2.0,5.0,2.0,4.0,5.0,5.0,2.0,1.0,5.0,3.0,2.0,5.0,6.0,5.0,6.0,5.0,6.0,16.0,2.0,1.0,4.0,6.0,1.0,1.0,1.0,1.0,1.0,1.0,1.0,1.0,3.0,6.0,3.0,1.0,3.0,1.0,4.0,2.0,1.0,6.0,6.0,3.0,5.0,1.0,5.0,3.0,5.0,128.0,6.0,1.0,384.0,64.0,1.0,1.0,1.0,1.0,1.0,1.0,1.0,6.0,2.0,2.0,3.0,5.0,1.0,4.0,6.0,6.0,4.0,2.0,5.0,4.0,6.0,1.0,2.0,4.0,4.0,192.0,512.0,1.0,1.0,2.0,1.0,1.0,1.0,1.0,1.0,1.0,1.0,333841536.0,70310197.44,14410900.0,0.16420714285714288,34.0,514.0,9028.0,2.3472464309832868e+16,32.21186071428571,38.512,78.57142857142857,1408.0
2048.0,512000.0,256.0,64.0,2.0,20.0,38.0,34.0,4.0,3.0,3.0,4.0,6.0,6.0,5.0,4.0,2.0,2.0,5.0,5.0,6.0,2.0,5.0,4.0,1.0,3.0,1.0,4.0,6.0,4.0,5.0,4.0,48.0,8.0,1.0,384.0,576.0,1.0,1.0,1.0,1.0,1.0,1.0,1.0,4.0,3.0,3.0,4.0,2.0,4.0,3.0,4.0,1.0,5.0,1.0,1.0,1.0,2.0,3.0,4.0,6.0,4.0,2.0,32.0,1.0,1.0,128.0,1.0,1.0,4.0,1.0,1.0,1.0,1.0,6.0,1.0,6.0,4.0,3.0,3.0,6.0,3.0,4.0,2.0,1.0,3.0,5.0,1.0,5.0,5.0,5.0,4.0,4.0,8.0,1.0,16.0,1.0,1.0,2.0,16.0,1.0,1.0,1.0,1.0,1.0,6.0,2.0,5.0,2.0,4.0,3.0,3.0,4.0,3.0,2.0,6.0,5.0,4.0,1.0,1.0,2.0,2.0,16.0,3.0,1.0,96.0,24.0,1.0,1.0,1.0,1.0,1.0,1.0,1.0,3.0,2.0,2.0,1.0,3.0,5.0,3.0,5.0,5.0,4.0,5.0,1.0,5.0,6.0,6.0,1.0,4.0,2.0,6.0,384.0,1.0,768.0,96.0,1.0,1.0,1.0,1.0,1.0,1.0,1.0,1.0,3.0,2.0,2.0,2.0,5.0,1.0,1.0,5.0,1.0,4.0,4.0,4.0,2.0,5.0,3.0,6.0,5.0,96.0,2.0,1.0,24.0,48.0,1.0,1.0,1.0,1.0,1.0,1.0,1.0,11268742488.0,32468014.96,1348360000.0,6.566972142857142,1292.0,514.0,106496.0,3.6587369968077165e+17,1.0,0.5199055000000001,78.57142857142857,5286.571428571428
512000.0,512000.0,256.0,64.0,3.0,28.0,4.0,40.0,2.0,3.0,4.0,1.0,5.0,6.0,2.0,5.0,6.0,2.0,5.0,5.0,6.0,2.0,2.0,1.0,6.0,1.0,3.0,6.0,3.0,3.0,5.0,2.0,32.0,16.0,1.0,18.0,6.0,1.0,1.0,1.0,1.0,1.0,1.0,1.0,5.0,3.0,3.0,3.0,5.0,6.0,2.0,1.0,6.0,5.0,2.0,1.0,4.0,6.0,1.0,1.0,1.0,4.0,1.0,8.0,1.0,64.0,16.0,1.0,32.0,1.0,1.0,1.0,1.0,1.0,4.0,2.0,5.0,1.0,1.0,4.0,5.0,4.0,6.0,1.0,2.0,5.0,6.0,1.0,1.0,4.0,5.0,2.0,128.0,4.0,1.0,16.0,64.0,1.0,2.0,32.0,1.0,1.0,1.0,1.0,3.0,1.0,6.0,1.0,5.0,4.0,1.0,2.0,1.0,2.0,3.0,5.0,5.0,4.0,4.0,1.0,1.0,1.0,48.0,128.0,1.0,128.0,4.0,1.0,1.0,1.0,1.0,1.0,1.0,1.0,2.0,4.0,4.0,4.0,5.0,6.0,2.0,5.0,1.0,3.0,6.0,2.0,3.0,1.0,1.0,3.0,1.0,5.0,768.0,3.0,1.0,48.0,1024.0,1.0,1.0,1.0,1.0,1.0,1.0,1.0,3.0,2.0,6.0,4.0,3.0,4.0,1.0,3.0,4.0,2.0,4.0,1.0,3.0,1.0,3.0,3.0,6.0,5.0,1.0,1024.0,1.0,192.0,12.0,1.0,1.0,1.0,1.0,1.0,1.0,1.0,11111988480.0,18883365.74,11952100000.0,29.352125,4480.0,514.0,2031616.0,2.0983174256650666e+17,1.4285714285714286,0.02898297857142857,78.57142857142857,116429.71428571429
256.0,16000.0,256.0,64.0,2.0,6.0,48.0,4.0,2.0,1.0,4.0,2.0,6.0,6.0,6.0,2.0,4.0,4.0,3.0,1.0,5.0,6.0,6.0,5.0,1.0,6.0,5.0,2.0,3.0,1.0,4.0,2.0,384.0,64.0,1.0,4.0,1152.0,1.0,1.0,1.0,1.0,1.0,1.0,1.0,4.0,4.0,2.0,2.0,3.0,2.0,6.0,5.0,6.0,2.0,1.0,6.0,1.0,6.0,2.0,2.0,5.0,4.0,64.0,64.0,1.0,128.0,1.0,1.0,128.0,64.0,1.0,1.0,1.0,1.0,1.0,3.0,3.0,2.0,2.0,2.0,3.0,2.0,4.0,2.0,5.0,3.0,2.0,5.0,4.0,5.0,2.0,6.0,4.0,16.0,1.0,2.0,4.0,1.0,4.0,4.0,1.0,1.0,1.0,1.0,6.0,4.0,6.0,1.0,6.0,1.0,2.0,6.0,3.0,3.0,5.0,2.0,6.0,5.0,5.0,4.0,2.0,5.0,768.0,96.0,1.0,1.0,2.0,1.0,1.0,1.0,1.0,1.0,1.0,1.0,1.0,2.0,2.0,4.0,5.0,6.0,4.0,4.0,4.0,2.0,2.0,1.0,4.0,6.0,6.0,4.0,5.0,6.0,24.0,4.0,1.0,48.0,32.0,1.0,1.0,1.0,1.0,1.0,1.0,1.0,6.0,5.0,4.0,3.0,6.0,5.0,1.0,3.0,6.0,1.0,5.0,2.0,6.0,1.0,4.0,5.0,6.0,2.0,1024.0,1536.0,1.0,96.0,384.0,1.0,1.0,1.0,1.0,1.0,1.0,1.0,11178773820.0,28844315.64,93427800.0,0.9642828571428572,192.0,514.0,483328.0,3.224440805322486e+17,1.0,0.16100495,78.57142857142857,22781.714285714286
256.0,8192000.0,256.0,64.0,2.0,32.0,20.0,8.0,6.0,1.0,3.0,4.0,2.0,1.0,3.0,4.0,4.0,6.0,5.0,5.0,4.0,1.0,5.0,5.0,2.0,5.0,3.0,2.0,2.0,1.0,1.0,6.0,16.0,48.0,1.0,6.0,3.0,1.0,1.0,1.0,1.0,1.0,1.0,1.0,3.0,4.0,1.0,3.0,6.0,2.0,2.0,6.0,3.0,5.0,3.0,3.0,6.0,1.0,5.0,6.0,4.0,4.0,32.0,2.0,1.0,8.0,4.0,1.0,2.0,64.0,1.0,1.0,1.0,1.0,6.0,1.0,5.0,2.0,2.0,2.0,4.0,2.0,6.0,1.0,5.0,2.0,1.0,6.0,6.0,2.0,1.0,6.0,32.0,64.0,1.0,8.0,2.0,1.0,2.0,1.0,1.0,1.0,1.0,1.0,3.0,1.0,2.0,4.0,5.0,2.0,5.0,2.0,6.0,3.0,2.0,3.0,6.0,4.0,3.0,3.0,1.0,2.0,2.0,128.0,1.0,32.0,48.0,1.0,1.0,1.0,1.0,1.0,1.0,1.0,2.0,4.0,4.0,5.0,5.0,2.0,3.0,6.0,1.0,5.0,4.0,6.0,4.0,6.0,4.0,2.0,5.0,5.0,96.0,8.0,1.0,12.0,3072.0,1.0,1.0,1.0,1.0,1.0,1.0,1.0,5.0,5.0,6.0,3.0,5.0,1.0,3.0,4.0,3.0,6.0,4.0,3.0,2.0,5.0,6.0,6.0,3.0,6.0,768.0,1024.0,1.0,16.0,384.0,1.0,1.0,1.0,1.0,1.0,1.0,1.0,1360207980.0,20026116.520000003,75421800.0,0.8671147857142858,160.0,514.0,888832.0,2.7239683498913836e+16,10.657142857142857,4.585001939285713,78.57142857142857,37768.57142857143
2048000.0,64000.0,256.0,64.0,1.0,40.0,44.0,14.0,1.0,6.0,5.0,5.0,4.0,6.0,6.0,3.0,1.0,1.0,1.0,3.0,6.0,2.0,3.0,3.0,1.0,2.0,5.0,5.0,6.0,3.0,4.0,3.0,768.0,8.0,1.0,36.0,128.0,1.0,1.0,1.0,1.0,1.0,1.0,1.0,5.0,5.0,4.0,5.0,4.0,1.0,2.0,2.0,2.0,1.0,6.0,5.0,6.0,5.0,6.0,4.0,4.0,1.0,8.0,32.0,1.0,8.0,16.0,1.0,64.0,128.0,1.0,1.0,1.0,1.0,6.0,3.0,2.0,1.0,6.0,6.0,3.0,2.0,5.0,1.0,2.0,2.0,1.0,3.0,2.0,3.0,6.0,5.0,4.0,128.0,1.0,2.0,1.0,1.0,16.0,1.0,1.0,1.0,1.0,1.0,6.0,6.0,1.0,6.0,3.0,3.0,6.0,1.0,2.0,2.0,6.0,3.0,5.0,6.0,1.0,1.0,4.0,4.0,48.0,16.0,1.0,3.0,48.0,1.0,1.0,1.0,1.0,1.0,1.0,1.0,5.0,1.0,5.0,2.0,2.0,5.0,6.0,6.0,6.0,4.0,5.0,3.0,3.0,1.0,3.0,3.0,4.0,4.0,24.0,384.0,1.0,1.0,16.0,1.0,1.0,1.0,1.0,1.0,1.0,1.0,2.0,3.0,4.0,2.0,4.0,2.0,6.0,5.0,6.0,3.0,2.0,5.0,5.0,4.0,6.0,3.0,2.0,2.0,2.0,48.0,1.0,4.0,32.0,1.0,1.0,1.0,1.0,1.0,1.0,1.0,802160976.0,67640260.80000001,6228620.0,0.07128174285714285,14.0,514.0,3868.0,5.425837762022255e+16,12.966228571428573,13.391799999999998,78.57142857142857,602.2857142857143
1024.0,128000.0,256.0,64.0,3.0,48.0,42.0,14.0,4.0,5.0,5.0,1.0,6.0,2.0,3.0,6.0,1.0,1.0,5.0,3.0,4.0,3.0,1.0,5.0,2.0,5.0,4.0,6.0,5.0,2.0,2.0,3.0,192.0,4.0,1.0,16.0,4.0,1.0,1.0,1.0,1.0,1.0,1.0,1.0,4.0,6.0,4.0,3.0,3.0,6.0,5.0,2.0,6.0,4.0,3.0,2.0,1.0,4.0,1.0,5.0,1.0,2.0,4.0,32.0,1.0,4.0,64.0,1.0,64.0,4.0,1.0,1.0,1.0,1.0,4.0,1.0,5.0,5.0,5.0,3.0,2.0,5.0,5.0,5.0,6.0,2.0,6.0,6.0,6.0,2.0,3.0,5.0,32.0,16.0,1.0,64.0,4.0,1.0,4.0,16.0,1.0,1.0,1.0,1.0,3.0,4.0,3.0,3.0,1.0,5.0,2.0,2.0,6.0,2.0,2.0,3.0,5.0,4.0,5.0,6.0,4.0,4.0,192.0,3.0,1.0,3.0,12.0,1.0,1.0,1.0,1.0,1.0,1.0,1.0,5.0,4.0,5.0,2.0,1.0,5.0,1.0,2.0,2.0,5.0,6.0,1.0,1.0,6.0,6.0,3.0,1.0,1.0,96.0,16.0,1.0,64.0,1.0,1.0,1.0,1.0,1.0,1.0,1.0,1.0,6.0,3.0,3.0,2.0,6.0,5.0,4.0,4.0,6.0,3.0,4.0,1.0,6.0,2.0,6.0,1.0,6.0,1.0,4.0,32.0,1.0,384.0,256.0,1.0,1.0,1.0,1.0,1.0,1.0,1.0,3440769276.0,19339742.759999998,416806000000.0,476.0377142857143,28224.0,514.0,131072.0,6.654359269435143e+16,56.357142857142854,2.1470114535714284,78.57142857142857,20827.428571428572
128.0,8192000.0,256.0,64.0,3.0,8.0,20.0,42.0,5.0,2.0,3.0,5.0,4.0,2.0,1.0,4.0,6.0,2.0,4.0,2.0,4.0,2.0,6.0,1.0,4.0,5.0,5.0,4.0,6.0,5.0,5.0,3.0,8.0,32.0,1.0,72.0,2.0,1.0,1.0,1.0,1.0,1.0,1.0,1.0,5.0,2.0,6.0,5.0,5.0,2.0,4.0,3.0,2.0,6.0,6.0,5.0,3.0,5.0,6.0,6.0,6.0,3.0,1.0,2.0,1.0,1.0,16.0,1.0,1.0,32.0,1.0,1.0,1.0,1.0,1.0,5.0,4.0,4.0,4.0,6.0,6.0,3.0,3.0,2.0,2.0,2.0,2.0,6.0,3.0,3.0,5.0,6.0,2.0,8.0,1.0,32.0,4.0,1.0,2.0,64.0,1.0,1.0,1.0,1.0,1.0,6.0,6.0,4.0,3.0,2.0,6.0,6.0,3.0,2.0,5.0,5.0,1.0,6.0,2.0,2.0,3.0,5.0,12.0,64.0,1.0,384.0,384.0,1.0,1.0,1.0,1.0,1.0,1.0,1.0,6.0,2.0,5.0,3.0,1.0,2.0,4.0,2.0,3.0,3.0,1.0,1.0,1.0,3.0,2.0,3.0,2.0,2.0,1.0,384.0,1.0,3072.0,2.0,1.0,1.0,1.0,1.0,1.0,1.0,1.0,2.0,6.0,2.0,4.0,1.0,2.0,2.0,1.0,5.0,4.0,2.0,6.0,5.0,2.0,4.0,1.0,6.0,2.0,3072.0,3.0,1.0,12.0,1.0,1.0,1.0,1.0,1.0,1.0,1.0,1.0,6001217532.0,17959836.5,25599000000.0,50.94626428571428,6720.0,514.0,5701632.0,1.0778088567565352e+17,7.464285714285714,0.15811010714285714,78.57142857142857,269129.14285714284
128.0,64000.0,256.0,64.0,2.0,4.0,16.0,30.0,5.0,6.0,6.0,4.0,4.0,6.0,3.0,2.0,4.0,4.0,3.0,3.0,3.0,4.0,6.0,5.0,1.0,4.0,2.0,4.0,6.0,2.0,4.0,3.0,1.0,192.0,1.0,1.0,32.0,1.0,1.0,1.0,1.0,1.0,1.0,1.0,6.0,6.0,2.0,2.0,3.0,2.0,6.0,4.0,2.0,6.0,2.0,6.0,2.0,1.0,2.0,4.0,3.0,1.0,8.0,16.0,1.0,2.0,2.0,1.0,1.0,1.0,1.0,1.0,1.0,1.0,5.0,2.0,5.0,6.0,2.0,3.0,1.0,6.0,3.0,2.0,5.0,1.0,2.0,3.0,4.0,6.0,2.0,1.0,4.0,2.0,1.0,16.0,2.0,1.0,32.0,4.0,1.0,1.0,1.0,1.0,1.0,5.0,5.0,4.0,2.0,4.0,3.0,3.0,6.0,5.0,6.0,6.0,1.0,1.0,2.0,4.0,5.0,4.0,16.0,64.0,1.0,2.0,32.0,1.0,1.0,1.0,1.0,1.0,1.0,1.0,3.0,3.0,3.0,3.0,1.0,1.0,2.0,4.0,6.0,3.0,6.0,1.0,2.0,3.0,3.0,2.0,4.0,4.0,192.0,12.0,1.0,768.0,384.0,1.0,1.0,1.0,1.0,1.0,1.0,1.0,5.0,6.0,3.0,5.0,1.0,4.0,6.0,4.0,6.0,2.0,3.0,6.0,1.0,4.0,1.0,4.0,5.0,4.0,1536.0,4.0,1.0,3.0,4.0,1.0,1.0,1.0,1.0,1.0,1.0,1.0,920437344.0,35959029.84,302856000.0,2.3655017857142853,480.0,514.0,764928.0,3.3098033918746348e+16,36.285714285714285,12.587577071428571,78.57142857142857,28865.14285714286
256.0,2048000.0,256.0,64.0,3.0,8.0,22.0,36.0,3.0,6.0,3.0,5.0,4.0,1.0,1.0,1.0,1.0,1.0,1.0,6.0,4.0,4.0,2.0,2.0,3.0,2.0,1.0,2.0,2.0,4.0,5.0,2.0,64.0,3.0,1.0,24.0,144.0,1.0,1.0,1.0,1.0,1.0,1.0,1.0,3.0,3.0,6.0,3.0,2.0,4.0,5.0,6.0,5.0,5.0,5.0,1.0,5.0,4.0,3.0,6.0,3.0,1.0,16.0,64.0,1.0,4.0,8.0,1.0,2.0,64.0,1.0,1.0,1.0,1.0,1.0,6.0,3.0,4.0,4.0,4.0,5.0,6.0,6.0,6.0,3.0,1.0,5.0,6.0,5.0,2.0,4.0,6.0,128.0,1.0,1.0,64.0,128.0,1.0,8.0,16.0,1.0,1.0,1.0,1.0,2.0,5.0,4.0,2.0,6.0,3.0,2.0,4.0,2.0,2.0,3.0,1.0,5.0,6.0,3.0,6.0,1.0,2.0,6.0,256.0,1.0,192.0,256.0,1.0,1.0,1.0,1.0,1.0,1.0,1.0,3.0,6.0,2.0,1.0,2.0,4.0,3.0,6.0,1.0,3.0,2.0,3.0,1.0,2.0,6.0,5.0,4.0,6.0,2.0,4.0,1.0,128.0,16.0,1.0,1.0,1.0,1.0,1.0,1.0,1.0,4.0,2.0,2.0,5.0,1.0,1.0,6.0,1.0,1.0,4.0,3.0,4.0,3.0,3.0,1.0,6.0,5.0,6.0,2.0,6.0,1.0,24.0,8.0,1.0,1.0,1.0,1.0,1.0,1.0,1.0,1718477616.0,24372444.759999998,22895900000.0,46.360021428571436,6336.0,514.0,589824.0,4.188350076725649e+16,4.821428571428571,0.12169440357142858,78.57142857142857,77120.0
16000.0,8192000.0,256.0,64.0,3.0,46.0,26.0,36.0,2.0,4.0,4.0,4.0,1.0,1.0,1.0,1.0,3.0,1.0,5.0,3.0,6.0,4.0,5.0,1.0,4.0,4.0,5.0,4.0,3.0,6.0,6.0,3.0,24.0,12.0,1.0,1.0,6.0,1.0,1.0,1.0,1.0,1.0,1.0,1.0,1.0,6.0,1.0,6.0,1.0,6.0,5.0,4.0,4.0,6.0,3.0,4.0,1.0,4.0,4.0,3.0,3.0,3.0,4.0,32.0,1.0,8.0,16.0,1.0,64.0,16.0,1.0,1.0,1.0,1.0,5.0,2.0,2.0,3.0,3.0,4.0,3.0,1.0,2.0,1.0,3.0,2.0,5.0,2.0,3.0,4.0,3.0,2.0,16.0,8.0,1.0,2.0,128.0,1.0,1.0,32.0,1.0,1.0,1.0,1.0,3.0,6.0,6.0,2.0,3.0,1.0,1.0,6.0,1.0,3.0,2.0,4.0,6.0,6.0,6.0,1.0,5.0,4.0,48.0,6.0,1.0,24.0,48.0,1.0,1.0,1.0,1.0,1.0,1.0,1.0,4.0,5.0,1.0,5.0,4.0,2.0,5.0,6.0,4.0,6.0,4.0,3.0,5.0,5.0,6.0,4.0,5.0,5.0,6.0,32.0,1.0,4.0,32.0,1.0,1.0,1.0,1.0,1.0,1.0,1.0,1.0,2.0,1.0,1.0,5.0,3.0,4.0,3.0,3.0,4.0,6.0,4.0,4.0,1.0,2.0,3.0,3.0,6.0,1536.0,96.0,1.0,2.0,1.0,1.0,1.0,1.0,1.0,1.0,1.0,1.0,333420768.0,18900079.459999997,961279000000.0,1006.125,43056.0,514.0,699392.0,6301679008814224.0,25.333335714285713,0.4439484285714286,78.57142857142857,72080.0
256000.0,2048000.0,256.0,64.0,3.0,24.0,20.0,18.0,1.0,4.0,2.0,4.0,6.0,2.0,4.0,4.0,5.0,1.0,3.0,5.0,3.0,3.0,2.0,4.0,2.0,3.0,5.0,4.0,1.0,6.0,1.0,2.0,48.0,32.0,1.0,768.0,4.0,1.0,1.0,1.0,1.0,1.0,1.0,1.0,3.0,3.0,4.0,1.0,4.0,6.0,4.0,3.0,4.0,2.0,3.0,5.0,3.0,6.0,4.0,1.0,6.0,3.0,64.0,4.0,1.0,4.0,16.0,1.0,2.0,1.0,1.0,1.0,1.0,1.0,3.0,1.0,3.0,4.0,6.0,1.0,4.0,1.0,5.0,1.0,5.0,6.0,4.0,3.0,5.0,2.0,1.0,3.0,16.0,64.0,1.0,1.0,16.0,1.0,1.0,1.0,1.0,1.0,1.0,1.0,1.0,2.0,4.0,4.0,5.0,5.0,3.0,1.0,5.0,6.0,2.0,1.0,6.0,5.0,4.0,4.0,5.0,1.0,256.0,128.0,1.0,8.0,2.0,1.0,1.0,1.0,1.0,1.0,1.0,1.0,6.0,1.0,3.0,2.0,1.0,3.0,1.0,4.0,1.0,6.0,3.0,5.0,2.0,5.0,2.0,4.0,1.0,1.0,64.0,384.0,1.0,16.0,2.0,1.0,1.0,1.0,1.0,1.0,1.0,1.0,4.0,2.0,2.0,1.0,5.0,2.0,5.0,6.0,1.0,5.0,6.0,1.0,5.0,2.0,5.0,2.0,2.0,1.0,256.0,1024.0,1.0,6.0,2.0,1.0,1.0,1.0,1.0,1.0,1.0,1.0,2080610208.0,19281005.62,41365800000.0,71.67337142857143,8640.0,514.0,282624.0,4.011625711347737e+16,9.792857142857141,6.290323464285714,78.57142857142857,28566.85714285714
16000.0,4096000.0,256.0,64.0,3.0,30.0,30.0,42.0,6.0,5.0,6.0,3.0,5.0,3.0,2.0,5.0,3.0,5.0,2.0,3.0,6.0,1.0,2.0,4.0,5.0,4.0,6.0,1.0,2.0,6.0,1.0,6.0,96.0,32.0,1.0,1152.0,8.0,1.0,1.0,1.0,1.0,1.0,1.0,1.0,4.0,4.0,1.0,1.0,2.0,2.0,3.0,3.0,2.0,5.0,5.0,1.0,4.0,2.0,3.0,2.0,5.0,2.0,4.0,8.0,1.0,128.0,2.0,1.0,16.0,8.0,1.0,1.0,1.0,1.0,1.0,6.0,3.0,6.0,3.0,2.0,6.0,5.0,4.0,6.0,2.0,1.0,6.0,3.0,4.0,2.0,1.0,3.0,2.0,1.0,1.0,64.0,4.0,1.0,2.0,8.0,1.0,1.0,1.0,1.0,3.0,3.0,3.0,3.0,2.0,6.0,6.0,4.0,1.0,5.0,4.0,2.0,3.0,6.0,2.0,4.0,6.0,1.0,32.0,4.0,1.0,16.0,96.0,1.0,1.0,1.0,1.0,1.0,1.0,1.0,6.0,2.0,4.0,3.0,1.0,1.0,1.0,1.0,5.0,5.0,4.0,5.0,1.0,1.0,6.0,2.0,1.0,4.0,4.0,6.0,1.0,3072.0,96.0,1.0,1.0,1.0,1.0,1.0,1.0,1.0,1.0,4.0,5.0,4.0,3.0,3.0,2.0,5.0,3.0,2.0,4.0,4.0,4.0,6.0,2.0,1.0,3.0,5.0,24.0,1.0,1.0,256.0,384.0,1.0,1.0,1.0,1.0,1.0,1.0,1.0,58974816.0,17917058.040000003,742686000000.0,796.7544285714285,37800.0,514.0,2260992.0,1056655201170320.8,236.8325,9.485714285714286,78.57142857142857,206784.0
16000.0,64000.0,256.0,64.0,2.0,16.0,18.0,22.0,6.0,5.0,4.0,4.0,6.0,1.0,4.0,2.0,3.0,1.0,2.0,2.0,1.0,1.0,3.0,5.0,2.0,6.0,3.0,6.0,4.0,1.0,5.0,5.0,128.0,12.0,1.0,384.0,36.0,1.0,1.0,1.0,1.0,1.0,1.0,1.0,4.0,1.0,3.0,4.0,3.0,1.0,2.0,5.0,1.0,4.0,3.0,2.0,4.0,2.0,4.0,1.0,5.0,6.0,32.0,16.0,1.0,128.0,128.0,1.0,128.0,16.0,1.0,1.0,1.0,1.0,5.0,1.0,2.0,2.0,3.0,1.0,2.0,1.0,2.0,4.0,6.0,1.0,1.0,3.0,2.0,5.0,5.0,4.0,64.0,128.0,1.0,4.0,32.0,1.0,1.0,16.0,1.0,1.0,1.0,1.0,6.0,6.0,3.0,4.0,3.0,1.0,2.0,6.0,2.0,3.0,3.0,3.0,4.0,2.0,2.0,2.0,5.0,3.0,3.0,8.0,1.0,12.0,192.0,1.0,1.0,1.0,1.0,1.0,1.0,1.0,1.0,5.0,5.0,6.0,4.0,4.0,3.0,6.0,1.0,4.0,2.0,2.0,2.0,5.0,3.0,5.0,1.0,6.0,3.0,64.0,1.0,4.0,3072.0,1.0,1.0,1.0,1.0,1.0,1.0,1.0,2.0,3.0,2.0,5.0,2.0,5.0,2.0,6.0,6.0,1.0,1.0,5.0,3.0,1.0,2.0,6.0,6.0,1.0,6.0,64.0,1.0,6.0,3.0,1.0,1.0,1.0,1.0,1.0,1.0,1.0,754341708.0,28589828.339999992,232977000.0,1.908627857142857,396.0,514.0,80064.0,2.15664999414224e+16,4.992450000000001,1.2448412142857141,78.57142857142857,15299.714285714286
2048.0,1024000.0,256.0,64.0,1.0,30.0,38.0,36.0,5.0,5.0,3.0,4.0,6.0,3.0,6.0,6.0,3.0,1.0,2.0,3.0,6.0,2.0,4.0,1.0,2.0,2.0,4.0,6.0,2.0,1.0,3.0,5.0,96.0,8.0,1.0,6.0,18.0,1.0,1.0,1.0,1.0,1.0,1.0,1.0,6.0,4.0,4.0,1.0,2.0,5.0,2.0,2.0,3.0,3.0,4.0,4.0,6.0,5.0,4.0,6.0,4.0,5.0,64.0,64.0,1.0,2.0,1.0,1.0,8.0,64.0,1.0,1.0,1.0,1.0,1.0,6.0,5.0,2.0,3.0,3.0,4.0,1.0,6.0,2.0,1.0,1.0,4.0,1.0,1.0,6.0,1.0,2.0,1.0,8.0,1.0,1.0,32.0,1.0,32.0,2.0,1.0,1.0,1.0,1.0,4.0,5.0,5.0,5.0,2.0,5.0,5.0,2.0,1.0,1.0,3.0,5.0,1.0,2.0,5.0,6.0,1.0,1.0,768.0,192.0,1.0,12.0,32.0,1.0,1.0,1.0,1.0,1.0,1.0,1.0,2.0,3.0,5.0,5.0,1.0,2.0,2.0,4.0,6.0,5.0,6.0,5.0,1.0,4.0,6.0,5.0,3.0,3.0,768.0,768.0,1.0,3072.0,1024.0,1.0,1.0,1.0,1.0,1.0,1.0,1.0,1.0,5.0,2.0,6.0,2.0,3.0,3.0,2.0,2.0,4.0,5.0,2.0,3.0,6.0,6.0,1.0,2.0,5.0,768.0,6.0,1.0,128.0,64.0,1.0,1.0,1.0,1.0,1.0,1.0,1.0,11173626192.0,118011415.2,15250600.0,0.16867785714285713,36.0,514.0,514.0,1.318615439833707e+18,1.0,1.0011917857142854,78.57142857142857,78.57142857142857
256.0,512000.0,256.0,64.0,3.0,20.0,14.0,48.0,5.0,6.0,2.0,1.0,3.0,6.0,3.0,6.0,1.0,1.0,5.0,6.0,5.0,3.0,4.0,5.0,6.0,3.0,3.0,4.0,6.0,3.0,6.0,5.0,768.0,1.0,1.0,144.0,3.0,1.0,1.0,1.0,1.0,1.0,1.0,1.0,4.0,3.0,6.0,6.0,5.0,5.0,4.0,3.0,1.0,6.0,5.0,6.0,5.0,1.0,2.0,2.0,4.0,6.0,1.0,8.0,1.0,8.0,4.0,1.0,128.0,4.0,1.0,1.0,1.0,1.0,6.0,2.0,3.0,2.0,3.0,5.0,6.0,6.0,6.0,3.0,4.0,4.0,1.0,3.0,3.0,4.0,5.0,1.0,16.0,32.0,1.0,8.0,128.0,1.0,32.0,8.0,1.0,1.0,1.0,1.0,3.0,3.0,6.0,1.0,5.0,4.0,6.0,1.0,1.0,3.0,5.0,4.0,6.0,6.0,3.0,6.0,2.0,1.0,24.0,48.0,1.0,6.0,128.0,1.0,1.0,1.0,1.0,1.0,1.0,1.0,1.0,5.0,6.0,4.0,4.0,5.0,2.0,3.0,1.0,2.0,6.0,6.0,3.0,3.0,6.0,6.0,6.0,6.0,1.0,24.0,1.0,384.0,1536.0,1.0,1.0,1.0,1.0,1.0,1.0,1.0,6.0,5.0,6.0,2.0,4.0,2.0,1.0,5.0,5.0,6.0,2.0,1.0,6.0,4.0,4.0,2.0,4.0,6.0,2.0,16.0,1.0,256.0,384.0,1.0,1.0,1.0,1.0,1.0,1.0,1.0,2914454556.0,18603308.779999997,97222600000.0,140.32060714285714,13440.0,514.0,4288512.0,5.421849803054579e+16,19.642857142857142,0.8937872142857143,78.57142857142857,208969.14285714287
8192.0,16000.0,256.0,64.0,3.0,22.0,8.0,24.0,6.0,2.0,4.0,3.0,1.0,4.0,6.0,4.0,6.0,6.0,2.0,2.0,3.0,5.0,2.0,3.0,1.0,1.0,6.0,2.0,6.0,6.0,6.0,2.0,24.0,8.0,1.0,36.0,18.0,1.0,1.0,1.0,1.0,1.0,1.0,1.0,5.0,3.0,2.0,2.0,6.0,4.0,5.0,2.0,6.0,4.0,1.0,5.0,5.0,3.0,5.0,2.0,3.0,4.0,1.0,64.0,1.0,2.0,2.0,1.0,32.0,64.0,1.0,1.0,1.0,1.0,2.0,5.0,6.0,1.0,1.0,4.0,1.0,6.0,6.0,5.0,6.0,1.0,4.0,4.0,2.0,3.0,5.0,2.0,2.0,1.0,1.0,32.0,128.0,1.0,2.0,32.0,1.0,1.0,1.0,1.0,2.0,5.0,4.0,1.0,1.0,6.0,5.0,2.0,2.0,4.0,1.0,5.0,6.0,4.0,5.0,6.0,2.0,5.0,384.0,3.0,1.0,4.0,2.0,1.0,1.0,1.0,1.0,1.0,1.0,1.0,5.0,3.0,1.0,6.0,4.0,3.0,6.0,6.0,6.0,1.0,4.0,5.0,2.0,6.0,1.0,4.0,2.0,6.0,192.0,384.0,1.0,96.0,768.0,1.0,1.0,1.0,1.0,1.0,1.0,1.0,4.0,6.0,6.0,5.0,5.0,2.0,4.0,3.0,3.0,3.0,2.0,6.0,1.0,6.0,1.0,4.0,6.0,1.0,128.0,3072.0,1.0,128.0,96.0,1.0,1.0,1.0,1.0,1.0,1.0,1.0,6136983204.0,17938736.46,10718100000.0,27.307753571428574,4224.0,514.0,1605632.0,1.1008972435600242e+17,74.75014285714285,2.5755208332142856,78.57142857142857,140585.14285714287
1024.0,128000.0,256.0,64.0,1.0,34.0,10.0,42.0,6.0,2.0,2.0,6.0,1.0,1.0,2.0,2.0,5.0,2.0,3.0,1.0,3.0,4.0,2.0,2.0,2.0,2.0,5.0,1.0,5.0,6.0,3.0,1.0,4.0,1.0,1.0,2.0,576.0,1.0,1.0,1.0,1.0,1.0,1.0,1.0,2.0,2.0,4.0,3.0,6.0,3.0,1.0,5.0,1.0,3.0,4.0,1.0,1.0,5.0,2.0,5.0,2.0,5.0,16.0,32.0,1.0,1.0,4.0,1.0,32.0,32.0,1.0,1.0,1.0,1.0,2.0,1.0,3.0,6.0,4.0,5.0,6.0,4.0,2.0,2.0,3.0,5.0,6.0,5.0,6.0,1.0,4.0,4.0,32.0,32.0,1.0,128.0,16.0,1.0,8.0,2.0,1.0,1.0,1.0,1.0,3.0,2.0,1.0,1.0,6.0,3.0,6.0,3.0,3.0,3.0,1.0,3.0,4.0,3.0,5.0,2.0,4.0,2.0,384.0,3.0,1.0,48.0,16.0,1.0,1.0,1.0,1.0,1.0,1.0,1.0,2.0,5.0,1.0,1.0,1.0,6.0,2.0,1.0,6.0,5.0,4.0,2.0,5.0,2.0,6.0,5.0,1.0,6.0,768.0,3.0,1.0,256.0,32.0,1.0,1.0,1.0,1.0,1.0,1.0,1.0,3.0,2.0,6.0,4.0,3.0,2.0,3.0,1.0,2.0,6.0,6.0,1.0,4.0,4.0,2.0,1.0,3.0,2.0,8.0,8.0,1.0,64.0,384.0,1.0,1.0,1.0,1.0,1.0,1.0,1.0,276038976.0,20962145.28,17797900.0,0.20156957142857143,42.0,514.0,11092.0,5786369117854434.0,33.24202857142858,32.29276321428572,78.57142857142857,1730.2857142857142
1024.0,16000.0,256.0,64.0,3.0,14.0,10.0,42.0,6.0,1.0,6.0,5.0,2.0,6.0,4.0,5.0,4.0,6.0,1.0,1.0,5.0,5.0,1.0,5.0,2.0,3.0,3.0,6.0,1.0,4.0,1.0,3.0,1.0,48.0,1.0,2.0,2.0,1.0,1.0,1.0,1.0,1.0,1.0,1.0,6.0,3.0,4.0,4.0,1.0,4.0,5.0,2.0,6.0,2.0,1.0,4.0,4.0,1.0,4.0,6.0,2.0,3.0,1.0,4.0,1.0,1.0,4.0,1.0,2.0,16.0,1.0,1.0,1.0,1.0,4.0,6.0,1.0,5.0,4.0,4.0,2.0,5.0,2.0,1.0,4.0,2.0,6.0,5.0,5.0,3.0,2.0,2.0,16.0,8.0,1.0,32.0,128.0,1.0,8.0,1.0,1.0,1.0,1.0,1.0,6.0,4.0,3.0,5.0,1.0,1.0,5.0,6.0,2.0,3.0,1.0,3.0,2.0,4.0,6.0,4.0,6.0,2.0,2.0,3.0,1.0,4.0,24.0,1.0,1.0,1.0,1.0,1.0,1.0,1.0,1.0,5.0,3.0,5.0,5.0,6.0,5.0,1.0,3.0,5.0,4.0,4.0,6.0,1.0,6.0,1.0,4.0,4.0,4.0,64.0,1.0,4.0,8.0,1.0,1.0,1.0,1.0,1.0,1.0,1.0,5.0,5.0,6.0,4.0,1.0,5.0,3.0,3.0,1.0,1.0,3.0,6.0,6.0,2.0,5.0,1.0,5.0,4.0,192.0,1024.0,1.0,16.0,192.0,1.0,1.0,1.0,1.0,1.0,1.0,1.0,1924604196.0,18683807.02,19881900000.0,41.95853571428571,5880.0,514.0,2015232.0,3.5958933387946256e+16,56.159774999999996,1.9864445535714284,78.57142857142857,103253.71428571429
2048000.0,8192000.0,256.0,64.0,2.0,20.0,22.0,34.0,5.0,4.0,3.0,1.0,1.0,5.0,5.0,3.0,4.0,4.0,1.0,4.0,6.0,2.0,4.0,4.0,4.0,3.0,3.0,4.0,3.0,5.0,4.0,6.0,48.0,32.0,1.0,96.0,9.0,1.0,1.0,1.0,1.0,1.0,1.0,1.0,6.0,4.0,4.0,5.0,2.0,1.0,2.0,4.0,3.0,6.0,5.0,6.0,5.0,3.0,1.0,1.0,6.0,2.0,8.0,8.0,1.0,16.0,32.0,1.0,2.0,1.0,1.0,1.0,1.0,1.0,6.0,1.0,3.0,4.0,5.0,1.0,4.0,3.0,4.0,5.0,5.0,1.0,6.0,1.0,2.0,6.0,5.0,1.0,2.0,64.0,1.0,2.0,1.0,1.0,64.0,2.0,1.0,1.0,1.0,1.0,3.0,2.0,4.0,4.0,5.0,4.0,3.0,3.0,3.0,4.0,6.0,1.0,6.0,1.0,4.0,2.0,4.0,6.0,16.0,96.0,1.0,96.0,384.0,1.0,1.0,1.0,1.0,1.0,1.0,1.0,1.0,5.0,5.0,2.0,5.0,4.0,1.0,3.0,4.0,2.0,3.0,4.0,5.0,6.0,1.0,1.0,3.0,4.0,192.0,384.0,1.0,8.0,32.0,1.0,1.0,1.0,1.0,1.0,1.0,1.0,1.0,5.0,2.0,3.0,4.0,6.0,2.0,4.0,2.0,1.0,5.0,3.0,5.0,2.0,4.0,6.0,4.0,5.0,384.0,2.0,1.0,96.0,2.0,1.0,1.0,1.0,1.0,1.0,1.0,1.0,1382452944.0,26726474.499999993,573591000.0,3.6932164285714286,748.0,514.0,210944.0,3.694809335526592e+16,14.497946428571433,4.293153164285715,78.57142857142857,22502.85714285714
2048000.0,1024000.0,256.0,64.0,2.0,22.0,8.0,40.0,6.0,6.0,3.0,1.0,1.0,4.0,5.0,4.0,2.0,4.0,4.0,6.0,3.0,5.0,3.0,5.0,4.0,2.0,1.0,2.0,2.0,6.0,3.0,1.0,192.0,3.0,1.0,8.0,12.0,1.0,1.0,1.0,1.0,1.0,1.0,1.0,6.0,6.0,1.0,1.0,3.0,2.0,2.0,3.0,3.0,1.0,4.0,3.0,4.0,1.0,5.0,1.0,1.0,4.0,4.0,64.0,1.0,8.0,4.0,1.0,2.0,8.0,1.0,1.0,1.0,1.0,5.0,3.0,4.0,3.0,2.0,5.0,2.0,4.0,5.0,6.0,5.0,3.0,3.0,6.0,4.0,3.0,2.0,5.0,64.0,32.0,1.0,64.0,16.0,1.0,1.0,1.0,1.0,1.0,1.0,1.0,2.0,5.0,2.0,5.0,3.0,1.0,3.0,5.0,3.0,3.0,4.0,5.0,1.0,6.0,6.0,2.0,1.0,2.0,128.0,128.0,1.0,96.0,64.0,1.0,1.0,1.0,1.0,1.0,1.0,1.0,2.0,3.0,5.0,1.0,4.0,1.0,4.0,5.0,3.0,5.0,1.0,2.0,3.0,6.0,1.0,1.0,2.0,1.0,1.0,24.0,1.0,3072.0,768.0,1.0,1.0,1.0,1.0,1.0,1.0,1.0,3.0,3.0,2.0,4.0,6.0,5.0,4.0,4.0,5.0,3.0,5.0,5.0,3.0,1.0,2.0,5.0,6.0,1.0,384.0,192.0,1.0,48.0,384.0,1.0,1.0,1.0,1.0,1.0,1.0,1.0,85809036.0,22488791.080000006,176064000.0,1.6307567857142857,320.0,514.0,552960.0,1929741483380199.2,68.11428571428571,25.55850428571428,78.57142857142857,40756.57142857143
512.0,64000.0,256.0,64.0,2.0,16.0,30.0,44.0,2.0,6.0,1.0,3.0,4.0,4.0,5.0,6.0,6.0,3.0,1.0,2.0,3.0,3.0,5.0,3.0,5.0,5.0,5.0,1.0,1.0,6.0,5.0,3.0,96.0,6.0,1.0,12.0,24.0,1.0,1.0,1.0,1.0,1.0,1.0,1.0,2.0,1.0,4.0,2.0,5.0,4.0,4.0,1.0,4.0,4.0,6.0,6.0,6.0,5.0,5.0,4.0,6.0,2.0,16.0,1.0,1.0,16.0,16.0,1.0,64.0,128.0,1.0,1.0,1.0,1.0,1.0,6.0,3.0,2.0,4.0,2.0,4.0,4.0,3.0,6.0,5.0,1.0,6.0,6.0,5.0,4.0,3.0,4.0,128.0,8.0,1.0,128.0,2.0,1.0,2.0,2.0,1.0,1.0,1.0,1.0,2.0,6.0,4.0,5.0,6.0,3.0,5.0,2.0,3.0,1.0,4.0,3.0,1.0,4.0,1.0,1.0,5.0,4.0,16.0,8.0,1.0,256.0,8.0,1.0,1.0,1.0,1.0,1.0,1.0,1.0,6.0,2.0,1.0,1.0,5.0,6.0,5.0,1.0,6.0,4.0,6.0,1.0,6.0,3.0,4.0,1.0,2.0,3.0,6.0,96.0,1.0,48.0,96.0,1.0,1.0,1.0,1.0,1.0,1.0,1.0,5.0,1.0,3.0,5.0,6.0,4.0,6.0,1.0,6.0,4.0,1.0,3.0,4.0,6.0,6.0,1.0,1.0,2.0,48.0,16.0,1.0,192.0,48.0,1.0,1.0,1.0,1.0,1.0,1.0,1.0,559416876.0,24254559.959999993,1396430000.0,6.824661428571428,1320.0,514.0,387456.0,1.3568410161577882e+16,15.741482142857146,4.6288943571428565,78.57142857142857,34186.28571428572
1024000.0,128000.0,256.0,64.0,3.0,2.0,10.0,36.0,4.0,1.0,2.0,3.0,4.0,1.0,4.0,5.0,5.0,2.0,3.0,5.0,6.0,4.0,2.0,3.0,1.0,3.0,2.0,5.0,5.0,1.0,4.0,1.0,1.0,384.0,1.0,144.0,8.0,1.0,1.0,1.0,1.0,1.0,1.0,1.0,3.0,5.0,1.0,3.0,1.0,6.0,1.0,1.0,6.0,5.0,6.0,5.0,5.0,2.0,2.0,6.0,1.0,4.0,32.0,16.0,1.0,32.0,4.0,1.0,16.0,1.0,1.0,1.0,1.0,1.0,3.0,6.0,6.0,1.0,3.0,4.0,3.0,4.0,2.0,4.0,2.0,5.0,3.0,4.0,4.0,1.0,4.0,5.0,1.0,128.0,1.0,1.0,1.0,1.0,2.0,64.0,1.0,1.0,1.0,1.0,4.0,2.0,1.0,3.0,6.0,4.0,5.0,1.0,6.0,5.0,5.0,1.0,3.0,3.0,5.0,3.0,3.0,6.0,32.0,192.0,1.0,128.0,2.0,1.0,1.0,1.0,1.0,1.0,1.0,1.0,2.0,5.0,4.0,3.0,4.0,4.0,3.0,2.0,1.0,2.0,1.0,2.0,4.0,6.0,3.0,6.0,3.0,3.0,3.0,2.0,1.0,96.0,384.0,1.0,1.0,1.0,1.0,1.0,1.0,1.0,5.0,5.0,5.0,3.0,6.0,1.0,1.0,3.0,3.0,2.0,4.0,3.0,4.0,2.0,3.0,4.0,1.0,4.0,16.0,48.0,1.0,768.0,8.0,1.0,1.0,1.0,1.0,1.0,1.0,1.0,5740657584.0,20528572.799999997,541900000.0,3.6495925000000002,720.0,514.0,454656.0,1.178475071330161e+17,1.5714285714285714,0.02859932142857143,78.57142857142857,51584.0
64000.0,32000.0,256.0,64.0,2.0,26.0,2.0,12.0,6.0,3.0,5.0,4.0,4.0,6.0,4.0,5.0,6.0,5.0,3.0,2.0,6.0,1.0,4.0,2.0,1.0,3.0,1.0,6.0,4.0,5.0,4.0,4.0,24.0,12.0,1.0,36.0,384.0,1.0,1.0,1.0,1.0,1.0,1.0,1.0,6.0,6.0,2.0,3.0,3.0,1.0,6.0,2.0,1.0,5.0,4.0,3.0,6.0,4.0,6.0,3.0,4.0,5.0,4.0,16.0,1.0,2.0,2.0,1.0,8.0,32.0,1.0,1.0,1.0,1.0,4.0,3.0,6.0,5.0,3.0,6.0,2.0,6.0,6.0,3.0,2.0,3.0,1.0,6.0,1.0,1.0,2.0,5.0,128.0,2.0,1.0,1.0,2.0,1.0,8.0,1.0,1.0,1.0,1.0,1.0,6.0,2.0,4.0,4.0,2.0,4.0,6.0,2.0,5.0,1.0,3.0,2.0,4.0,3.0,4.0,4.0,6.0,1.0,32.0,64.0,1.0,6.0,384.0,1.0,1.0,1.0,1.0,1.0,1.0,1.0,2.0,4.0,5.0,1.0,1.0,4.0,6.0,6.0,3.0,2.0,6.0,5.0,3.0,1.0,2.0,3.0,6.0,5.0,1.0,768.0,1.0,1536.0,2.0,1.0,1.0,1.0,1.0,1.0,1.0,1.0,2.0,1.0,1.0,6.0,2.0,1.0,5.0,6.0,1.0,1.0,6.0,1.0,1.0,3.0,5.0,1.0,3.0,4.0,8.0,3072.0,1.0,24.0,1.0,1.0,1.0,1.0,1.0,1.0,1.0,1.0,5634632700.0,45583059.54000001,10270100.0,0.11955110714285713,24.0,514.0,18688.0,2.56843797850131e+17,2.0,1.6386406249999996,78.57142857142857,1561.142857142857
4096.0,8192000.0,256.0,64.0,3.0,24.0,8.0,20.0,1.0,1.0,3.0,3.0,2.0,1.0,5.0,6.0,4.0,5.0,1.0,3.0,6.0,1.0,1.0,2.0,1.0,1.0,3.0,5.0,4.0,3.0,2.0,5.0,4.0,384.0,1.0,576.0,4.0,1.0,1.0,1.0,1.0,1.0,1.0,1.0,2.0,1.0,6.0,6.0,2.0,2.0,2.0,4.0,4.0,3.0,2.0,1.0,1.0,6.0,5.0,1.0,3.0,4.0,4.0,16.0,1.0,16.0,1.0,1.0,2.0,2.0,1.0,1.0,1.0,1.0,1.0,5.0,4.0,1.0,4.0,3.0,6.0,1.0,2.0,5.0,2.0,2.0,1.0,5.0,6.0,2.0,6.0,2.0,64.0,16.0,1.0,2.0,4.0,1.0,1.0,64.0,1.0,1.0,1.0,1.0,3.0,1.0,4.0,1.0,5.0,6.0,3.0,5.0,2.0,6.0,6.0,4.0,5.0,3.0,4.0,5.0,2.0,5.0,32.0,384.0,1.0,128.0,16.0,1.0,1.0,1.0,1.0,1.0,1.0,1.0,6.0,6.0,2.0,2.0,4.0,2.0,5.0,2.0,6.0,4.0,5.0,2.0,6.0,4.0,3.0,2.0,3.0,5.0,32.0,16.0,1.0,4.0,384.0,1.0,1.0,1.0,1.0,1.0,1.0,1.0,6.0,2.0,1.0,6.0,1.0,6.0,4.0,4.0,5.0,4.0,1.0,3.0,2.0,1.0,4.0,3.0,4.0,4.0,256.0,48.0,1.0,1.0,128.0,1.0,1.0,1.0,1.0,1.0,1.0,1.0,11037851376.0,18429154.939999998,8992220000.0,23.907110714285718,3840.0,514.0,688128.0,2.0341827321299616e+17,9.714271428571431,0.543340775,78.57142857142857,48786.28571428572
2048000.0,1024000.0,256.0,64.0,1.0,24.0,26.0,16.0,5.0,6.0,2.0,4.0,2.0,2.0,3.0,6.0,6.0,2.0,3.0,4.0,5.0,6.0,1.0,2.0,1.0,3.0,6.0,1.0,4.0,4.0,4.0,5.0,12.0,128.0,1.0,2304.0,64.0,1.0,1.0,1.0,1.0,1.0,1.0,1.0,6.0,6.0,6.0,5.0,6.0,6.0,2.0,5.0,2.0,4.0,1.0,5.0,5.0,2.0,6.0,4.0,2.0,1.0,1.0,64.0,1.0,128.0,2.0,1.0,128.0,4.0,1.0,1.0,1.0,1.0,2.0,3.0,3.0,5.0,1.0,5.0,5.0,6.0,2.0,5.0,1.0,4.0,1.0,4.0,1.0,5.0,5.0,2.0,8.0,32.0,1.0,4.0,128.0,1.0,4.0,8.0,1.0,1.0,1.0,1.0,6.0,4.0,3.0,2.0,3.0,1.0,1.0,3.0,2.0,2.0,2.0,2.0,6.0,2.0,1.0,2.0,1.0,6.0,16.0,64.0,1.0,96.0,12.0,1.0,1.0,1.0,1.0,1.0,1.0,1.0,2.0,1.0,5.0,4.0,1.0,4.0,6.0,3.0,3.0,2.0,5.0,6.0,3.0,2.0,6.0,2.0,1.0,4.0,256.0,16.0,1.0,256.0,48.0,1.0,1.0,1.0,1.0,1.0,1.0,1.0,2.0,3.0,3.0,3.0,5.0,3.0,2.0,3.0,2.0,1.0,4.0,2.0,2.0,4.0,2.0,4.0,6.0,2.0,384.0,2.0,1.0,2.0,64.0,1.0,1.0,1.0,1.0,1.0,1.0,1.0,698351952.0,67753891.2,7028500.0,0.08055197142857141,16.0,514.0,4384.0,4.7316062175115624e+16,16.0,16.0594,78.57142857142857,682.8571428571429
128000.0,16000000.0,256.0,64.0,1.0,30.0,8.0,34.0,1.0,4.0,4.0,4.0,5.0,5.0,6.0,6.0,3.0,5.0,2.0,2.0,1.0,6.0,2.0,3.0,1.0,3.0,3.0,3.0,6.0,2.0,6.0,1.0,384.0,256.0,1.0,192.0,96.0,1.0,1.0,1.0,1.0,1.0,1.0,1.0,2.0,3.0,4.0,4.0,5.0,1.0,2.0,4.0,4.0,3.0,2.0,3.0,2.0,5.0,4.0,6.0,2.0,1.0,16.0,64.0,1.0,32.0,2.0,1.0,64.0,32.0,1.0,1.0,1.0,1.0,3.0,5.0,2.0,3.0,2.0,4.0,5.0,6.0,6.0,1.0,6.0,3.0,1.0,4.0,4.0,1.0,6.0,3.0,4.0,8.0,1.0,8.0,32.0,1.0,8.0,32.0,1.0,1.0,1.0,1.0,3.0,1.0,4.0,2.0,3.0,1.0,6.0,6.0,6.0,4.0,5.0,3.0,1.0,3.0,1.0,1.0,2.0,3.0,96.0,32.0,1.0,32.0,4.0,1.0,1.0,1.0,1.0,1.0,1.0,1.0,6.0,5.0,4.0,5.0,5.0,4.0,2.0,5.0,5.0,1.0,2.0,2.0,3.0,3.0,6.0,2.0,4.0,3.0,48.0,768.0,1.0,128.0,32.0,1.0,1.0,1.0,1.0,1.0,1.0,1.0,2.0,2.0,5.0,5.0,4.0,5.0,6.0,1.0,5.0,6.0,4.0,5.0,4.0,6.0,6.0,6.0,6.0,1.0,3072.0,1024.0,1.0,4.0,32.0,1.0,1.0,1.0,1.0,1.0,1.0,1.0,11173626192.0,89858388.0,14410000.0,0.15962099999999999,34.0,514.0,514.0,1.0040440377276984e+18,1.0,1.8476589285714289,78.57142857142857,78.57142857142857
128.0,512000.0,256.0,64.0,3.0,36.0,16.0,46.0,1.0,6.0,5.0,4.0,1.0,2.0,2.0,3.0,4.0,4.0,4.0,4.0,4.0,5.0,5.0,1.0,5.0,6.0,3.0,1.0,2.0,2.0,3.0,6.0,8.0,24.0,1.0,96.0,256.0,1.0,1.0,1.0,1.0,1.0,1.0,1.0,1.0,3.0,3.0,6.0,3.0,1.0,3.0,6.0,1.0,2.0,5.0,6.0,1.0,3.0,4.0,2.0,6.0,3.0,8.0,8.0,1.0,4.0,128.0,1.0,8.0,64.0,1.0,1.0,1.0,1.0,6.0,4.0,3.0,6.0,5.0,1.0,1.0,4.0,1.0,1.0,2.0,6.0,6.0,3.0,6.0,3.0,6.0,3.0,16.0,1.0,1.0,32.0,16.0,1.0,32.0,32.0,1.0,1.0,1.0,1.0,2.0,3.0,3.0,1.0,4.0,4.0,2.0,2.0,2.0,3.0,6.0,4.0,4.0,2.0,4.0,1.0,2.0,5.0,64.0,24.0,1.0,128.0,96.0,1.0,1.0,1.0,1.0,1.0,1.0,1.0,5.0,2.0,1.0,2.0,6.0,2.0,6.0,5.0,2.0,6.0,5.0,3.0,6.0,3.0,6.0,6.0,3.0,1.0,3.0,6.0,1.0,128.0,192.0,1.0,1.0,1.0,1.0,1.0,1.0,1.0,2.0,4.0,6.0,3.0,2.0,2.0,2.0,3.0,6.0,6.0,6.0,4.0,4.0,4.0,4.0,3.0,1.0,6.0,1024.0,32.0,1.0,128.0,12.0,1.0,1.0,1.0,1.0,1.0,1.0,1.0,1340322540.0,20711619.16,367955000000.0,427.2664285714286,26496.0,514.0,1998848.0,2.7760250000043868e+16,6.464285714285714,0.4751675,78.57142857142857,145097.14285714287
256.0,2048000.0,256.0,64.0,3.0,22.0,38.0,6.0,3.0,4.0,3.0,2.0,1.0,1.0,2.0,4.0,3.0,4.0,2.0,5.0,2.0,1.0,2.0,2.0,6.0,2.0,1.0,2.0,1.0,5.0,2.0,1.0,1.0,3.0,1.0,128.0,48.0,1.0,1.0,1.0,1.0,1.0,1.0,1.0,1.0,3.0,5.0,2.0,6.0,1.0,4.0,3.0,6.0,5.0,4.0,6.0,5.0,4.0,3.0,6.0,4.0,1.0,16.0,64.0,1.0,64.0,32.0,1.0,2.0,128.0,1.0,1.0,1.0,1.0,5.0,2.0,6.0,1.0,2.0,6.0,2.0,5.0,4.0,2.0,3.0,2.0,3.0,1.0,1.0,6.0,5.0,2.0,128.0,8.0,1.0,128.0,16.0,1.0,1.0,64.0,1.0,1.0,1.0,1.0,5.0,4.0,1.0,6.0,2.0,1.0,3.0,6.0,3.0,4.0,3.0,6.0,5.0,2.0,4.0,5.0,4.0,6.0,24.0,128.0,1.0,384.0,32.0,1.0,1.0,1.0,1.0,1.0,1.0,1.0,5.0,2.0,6.0,6.0,1.0,3.0,1.0,1.0,6.0,4.0,4.0,5.0,1.0,6.0,2.0,2.0,1.0,5.0,16.0,6.0,1.0,768.0,16.0,1.0,1.0,1.0,1.0,1.0,1.0,1.0,5.0,5.0,4.0,6.0,6.0,3.0,5.0,1.0,2.0,2.0,5.0,1.0,1.0,1.0,6.0,5.0,6.0,1.0,192.0,24.0,1.0,128.0,256.0,1.0,1.0,1.0,1.0,1.0,1.0,1.0,645103356.0,22070174.439999998,14751900000.0,34.01564642857142,5016.0,514.0,692224.0,1.423754359874942e+16,17.357142857142858,0.6283023928571428,78.57142857142857,122962.28571428571
16000.0,8192000.0,256.0,64.0,1.0,24.0,8.0,4.0,6.0,1.0,4.0,1.0,5.0,4.0,4.0,6.0,3.0,4.0,4.0,1.0,6.0,3.0,3.0,5.0,4.0,3.0,5.0,4.0,6.0,4.0,1.0,2.0,768.0,6.0,1.0,64.0,144.0,1.0,1.0,1.0,1.0,1.0,1.0,1.0,1.0,2.0,1.0,1.0,5.0,1.0,3.0,2.0,5.0,2.0,3.0,6.0,5.0,5.0,4.0,2.0,4.0,6.0,1.0,64.0,1.0,4.0,16.0,1.0,1.0,32.0,1.0,1.0,1.0,1.0,6.0,6.0,4.0,5.0,6.0,1.0,5.0,3.0,3.0,2.0,3.0,4.0,1.0,4.0,4.0,1.0,3.0,4.0,8.0,128.0,1.0,16.0,4.0,1.0,16.0,8.0,1.0,1.0,1.0,1.0,1.0,1.0,3.0,6.0,2.0,4.0,4.0,3.0,2.0,5.0,3.0,4.0,2.0,4.0,5.0,2.0,2.0,3.0,192.0,3.0,1.0,1.0,24.0,1.0,1.0,1.0,1.0,1.0,1.0,1.0,3.0,4.0,2.0,3.0,2.0,4.0,3.0,5.0,2.0,1.0,1.0,5.0,4.0,5.0,6.0,1.0,6.0,6.0,64.0,128.0,1.0,768.0,48.0,1.0,1.0,1.0,1.0,1.0,1.0,1.0,4.0,1.0,5.0,3.0,5.0,3.0,6.0,1.0,3.0,3.0,4.0,4.0,3.0,4.0,5.0,3.0,6.0,3.0,16.0,48.0,1.0,768.0,6.0,1.0,1.0,1.0,1.0,1.0,1.0,1.0,2793406896.0,70063538.39999999,2290390.0,0.02493031428571428,4.0,514.0,1288.0,1.9571597132472077e+17,4.0,5.555810357142856,78.57142857142857,199.42857142857142
64000.0,4096000.0,256.0,64.0,1.0,32.0,28.0,28.0,1.0,6.0,4.0,1.0,5.0,4.0,3.0,3.0,3.0,1.0,6.0,2.0,3.0,3.0,4.0,6.0,3.0,3.0,1.0,4.0,5.0,1.0,3.0,2.0,768.0,12.0,1.0,48.0,1.0,1.0,1.0,1.0,1.0,1.0,1.0,1.0,5.0,1.0,5.0,6.0,2.0,2.0,1.0,5.0,4.0,6.0,4.0,6.0,5.0,1.0,5.0,6.0,5.0,6.0,16.0,8.0,1.0,32.0,32.0,1.0,16.0,16.0,1.0,1.0,1.0,1.0,4.0,4.0,1.0,5.0,3.0,1.0,4.0,3.0,1.0,4.0,6.0,3.0,1.0,3.0,5.0,4.0,4.0,6.0,4.0,32.0,1.0,4.0,32.0,1.0,1.0,64.0,1.0,1.0,1.0,1.0,4.0,6.0,5.0,3.0,1.0,6.0,6.0,1.0,4.0,1.0,1.0,1.0,6.0,3.0,5.0,6.0,1.0,3.0,32.0,256.0,1.0,128.0,4.0,1.0,1.0,1.0,1.0,1.0,1.0,1.0,5.0,4.0,6.0,1.0,2.0,2.0,3.0,5.0,4.0,1.0,6.0,3.0,2.0,6.0,3.0,4.0,2.0,1.0,2.0,64.0,1.0,64.0,16.0,1.0,1.0,1.0,1.0,1.0,1.0,1.0,3.0,6.0,2.0,2.0,3.0,3.0,6.0,3.0,6.0,5.0,6.0,2.0,1.0,5.0,5.0,5.0,4.0,2.0,6.0,24.0,1.0,768.0,6.0,1.0,1.0,1.0,1.0,1.0,1.0,1.0,404619600.0,68887927.2,11913400.0,0.13622185714285712,28.0,514.0,7480.0,2.787340554849312e+16,25.890839285714286,26.316753571428567,78.57142857142857,1166.2857142857142
1024.0,4096000.0,256.0,64.0,3.0,10.0,36.0,46.0,4.0,2.0,6.0,1.0,5.0,1.0,3.0,6.0,3.0,6.0,1.0,6.0,5.0,1.0,3.0,4.0,2.0,1.0,3.0,3.0,3.0,1.0,3.0,4.0,128.0,3.0,1.0,36.0,2304.0,1.0,1.0,1.0,1.0,1.0,1.0,1.0,5.0,6.0,2.0,3.0,4.0,4.0,5.0,3.0,2.0,4.0,6.0,4.0,5.0,6.0,1.0,1.0,4.0,5.0,4.0,32.0,1.0,16.0,64.0,1.0,8.0,32.0,1.0,1.0,1.0,1.0,4.0,3.0,1.0,6.0,4.0,1.0,4.0,1.0,5.0,2.0,6.0,5.0,4.0,3.0,4.0,2.0,2.0,2.0,8.0,8.0,1.0,8.0,64.0,1.0,64.0,8.0,1.0,1.0,1.0,1.0,6.0,3.0,1.0,4.0,4.0,1.0,5.0,4.0,6.0,2.0,6.0,2.0,5.0,1.0,2.0,2.0,2.0,4.0,12.0,192.0,1.0,256.0,6.0,1.0,1.0,1.0,1.0,1.0,1.0,1.0,6.0,4.0,3.0,5.0,1.0,5.0,3.0,4.0,2.0,3.0,5.0,4.0,2.0,4.0,1.0,5.0,1.0,1.0,16.0,384.0,1.0,12.0,12.0,1.0,1.0,1.0,1.0,1.0,1.0,1.0,6.0,2.0,4.0,1.0,3.0,6.0,4.0,3.0,5.0,5.0,5.0,1.0,2.0,2.0,3.0,4.0,4.0,6.0,6.0,96.0,1.0,96.0,8.0,1.0,1.0,1.0,1.0,1.0,1.0,1.0,1852573128.0,18104108.76,146121000000.0,194.89714285714288,16560.0,514.0,1212416.0,3.3539185395165404e+16,11.607142857142858,0.38169642857142855,78.57142857142857,73947.42857142857
32000.0,64000.0,256.0,64.0,1.0,30.0,34.0,26.0,4.0,3.0,3.0,3.0,5.0,1.0,2.0,2.0,3.0,1.0,4.0,3.0,3.0,4.0,4.0,3.0,3.0,5.0,6.0,1.0,4.0,1.0,5.0,1.0,16.0,16.0,1.0,96.0,9.0,1.0,1.0,1.0,1.0,1.0,1.0,1.0,5.0,6.0,5.0,1.0,2.0,3.0,1.0,5.0,2.0,1.0,6.0,6.0,1.0,2.0,1.0,4.0,1.0,3.0,4.0,16.0,1.0,32.0,4.0,1.0,4.0,32.0,1.0,1.0,1.0,1.0,4.0,5.0,3.0,5.0,5.0,6.0,4.0,3.0,6.0,2.0,5.0,3.0,3.0,6.0,5.0,1.0,3.0,6.0,4.0,8.0,1.0,128.0,128.0,1.0,8.0,32.0,1.0,1.0,1.0,1.0,6.0,6.0,1.0,1.0,4.0,1.0,3.0,5.0,6.0,3.0,2.0,1.0,4.0,2.0,2.0,5.0,6.0,5.0,384.0,256.0,1.0,6.0,24.0,1.0,1.0,1.0,1.0,1.0,1.0,1.0,3.0,6.0,6.0,2.0,2.0,6.0,3.0,6.0,4.0,5.0,3.0,2.0,2.0,5.0,5.0,4.0,5.0,6.0,96.0,8.0,1.0,16.0,8.0,1.0,1.0,1.0,1.0,1.0,1.0,1.0,3.0,6.0,4.0,4.0,6.0,5.0,6.0,6.0,3.0,1.0,4.0,3.0,2.0,1.0,6.0,1.0,4.0,4.0,192.0,64.0,1.0,48.0,4.0,1.0,1.0,1.0,1.0,1.0,1.0,1.0,11173626192.0,84953272.80000001,11088400.0,0.12342900000000001,26.0,514.0,514.0,9.492361140542013e+17,1.0,1.428799285714286,78.57142857142857,78.57142857142857
2048.0,1024000.0,256.0,64.0,2.0,10.0,20.0,12.0,4.0,3.0,6.0,4.0,4.0,6.0,6.0,1.0,4.0,5.0,1.0,2.0,5.0,3.0,6.0,1.0,5.0,6.0,4.0,3.0,4.0,3.0,3.0,5.0,6.0,768.0,1.0,3.0,36.0,1.0,1.0,1.0,1.0,1.0,1.0,1.0,1.0,3.0,2.0,4.0,4.0,3.0,1.0,4.0,2.0,2.0,5.0,5.0,4.0,4.0,3.0,2.0,3.0,4.0,4.0,16.0,1.0,32.0,2.0,1.0,32.0,64.0,1.0,1.0,1.0,1.0,2.0,3.0,2.0,4.0,3.0,4.0,5.0,6.0,1.0,1.0,6.0,6.0,6.0,1.0,3.0,2.0,3.0,6.0,4.0,4.0,1.0,1.0,128.0,1.0,1.0,4.0,1.0,1.0,1.0,1.0,4.0,6.0,4.0,6.0,2.0,5.0,5.0,6.0,5.0,1.0,1.0,6.0,6.0,4.0,6.0,6.0,3.0,3.0,4.0,24.0,1.0,24.0,128.0,1.0,1.0,1.0,1.0,1.0,1.0,1.0,3.0,3.0,3.0,2.0,6.0,4.0,5.0,1.0,4.0,5.0,3.0,3.0,2.0,4.0,2.0,6.0,5.0,5.0,4.0,384.0,1.0,8.0,8.0,1.0,1.0,1.0,1.0,1.0,1.0,1.0,3.0,1.0,3.0,6.0,2.0,5.0,1.0,3.0,2.0,6.0,1.0,1.0,6.0,5.0,2.0,2.0,6.0,1.0,3.0,512.0,1.0,128.0,6.0,1.0,1.0,1.0,1.0,1.0,1.0,1.0,10925040336.0,33930269.68,122407000.0,1.1151496428571428,240.0,514.0,7360.0,3.706895648653578e+17,8.714285714285714,6.4040897857142856,78.57142857142857,1296.2857142857142
512.0,4096000.0,256.0,64.0,2.0,2.0,8.0,36.0,3.0,4.0,5.0,6.0,5.0,6.0,5.0,1.0,4.0,5.0,5.0,6.0,5.0,3.0,1.0,1.0,2.0,2.0,5.0,5.0,6.0,4.0,6.0,1.0,768.0,1.0,1.0,12.0,16.0,1.0,1.0,1.0,1.0,1.0,1.0,1.0,1.0,3.0,3.0,3.0,6.0,1.0,1.0,6.0,5.0,6.0,6.0,3.0,5.0,5.0,2.0,2.0,1.0,6.0,8.0,8.0,1.0,8.0,8.0,1.0,1.0,1.0,1.0,1.0,1.0,1.0,3.0,1.0,6.0,6.0,6.0,6.0,3.0,6.0,2.0,3.0,3.0,2.0,1.0,5.0,4.0,6.0,6.0,1.0,128.0,8.0,1.0,1.0,8.0,1.0,64.0,4.0,1.0,1.0,1.0,1.0,3.0,6.0,5.0,3.0,6.0,1.0,5.0,1.0,3.0,3.0,5.0,3.0,3.0,4.0,3.0,4.0,4.0,2.0,8.0,96.0,1.0,768.0,8.0,1.0,1.0,1.0,1.0,1.0,1.0,1.0,4.0,6.0,5.0,1.0,2.0,4.0,1.0,1.0,1.0,5.0,2.0,2.0,3.0,2.0,4.0,4.0,1.0,6.0,48.0,3.0,1.0,4.0,1536.0,1.0,1.0,1.0,1.0,1.0,1.0,1.0,2.0,6.0,6.0,4.0,4.0,1.0,6.0,2.0,5.0,4.0,5.0,3.0,3.0,4.0,6.0,4.0,3.0,2.0,768.0,12.0,1.0,64.0,256.0,1.0,1.0,1.0,1.0,1.0,1.0,1.0,11184980460.0,37822123.28,153786000.0,1.3417946428571432,288.0,514.0,20992.0,4.230397098425111e+17,1.0,0.8976736535714287,78.57142857142857,1191.4285714285713
512000.0,8192000.0,256.0,64.0,3.0,10.0,6.0,22.0,1.0,3.0,2.0,2.0,2.0,5.0,2.0,1.0,3.0,6.0,3.0,5.0,4.0,2.0,4.0,3.0,4.0,4.0,1.0,5.0,2.0,6.0,4.0,1.0,384.0,64.0,1.0,72.0,9.0,1.0,1.0,1.0,1.0,1.0,1.0,1.0,1.0,4.0,6.0,3.0,2.0,5.0,2.0,6.0,2.0,4.0,5.0,6.0,5.0,2.0,4.0,3.0,4.0,6.0,1.0,4.0,1.0,2.0,2.0,1.0,1.0,64.0,1.0,1.0,1.0,1.0,5.0,2.0,2.0,4.0,1.0,1.0,6.0,3.0,5.0,3.0,6.0,1.0,3.0,5.0,5.0,4.0,1.0,5.0,8.0,4.0,1.0,4.0,8.0,1.0,8.0,16.0,1.0,1.0,1.0,1.0,4.0,3.0,5.0,5.0,3.0,4.0,3.0,4.0,1.0,1.0,3.0,4.0,4.0,1.0,2.0,5.0,4.0,3.0,2.0,128.0,1.0,8.0,96.0,1.0,1.0,1.0,1.0,1.0,1.0,1.0,6.0,6.0,1.0,4.0,5.0,3.0,5.0,3.0,6.0,5.0,1.0,1.0,6.0,6.0,2.0,3.0,6.0,5.0,8.0,384.0,1.0,48.0,768.0,1.0,1.0,1.0,1.0,1.0,1.0,1.0,1.0,1.0,4.0,2.0,2.0,5.0,3.0,1.0,6.0,2.0,3.0,2.0,6.0,3.0,4.0,1.0,5.0,1.0,6.0,64.0,1.0,384.0,6.0,1.0,1.0,1.0,1.0,1.0,1.0,1.0,2370066912.0,18666979.259999998,1396480000.0,6.869314285714285,1320.0,514.0,884736.0,4.424198989111624e+16,8.041125357142857,0.9449852357142857,78.57142857142857,47129.142857142855
128000.0,32000.0,256.0,64.0,1.0,42.0,48.0,40.0,1.0,2.0,2.0,5.0,5.0,2.0,6.0,2.0,2.0,5.0,5.0,6.0,5.0,1.0,5.0,3.0,4.0,1.0,6.0,4.0,2.0,6.0,5.0,3.0,6.0,64.0,1.0,24.0,96.0,1.0,1.0,1.0,1.0,1.0,1.0,1.0,3.0,5.0,4.0,5.0,3.0,5.0,3.0,2.0,2.0,3.0,4.0,3.0,4.0,2.0,2.0,3.0,2.0,6.0,1.0,4.0,1.0,1.0,8.0,1.0,2.0,16.0,1.0,1.0,1.0,1.0,5.0,4.0,4.0,3.0,4.0,2.0,1.0,5.0,4.0,5.0,6.0,6.0,1.0,2.0,5.0,4.0,3.0,2.0,4.0,16.0,1.0,2.0,2.0,1.0,2.0,32.0,1.0,1.0,1.0,1.0,1.0,6.0,4.0,1.0,4.0,4.0,1.0,5.0,2.0,1.0,2.0,5.0,2.0,4.0,4.0,3.0,4.0,2.0,192.0,768.0,1.0,64.0,768.0,1.0,1.0,1.0,1.0,1.0,1.0,1.0,1.0,3.0,3.0,1.0,6.0,3.0,3.0,1.0,6.0,3.0,4.0,1.0,6.0,4.0,6.0,5.0,4.0,3.0,64.0,6.0,1.0,3072.0,48.0,1.0,1.0,1.0,1.0,1.0,1.0,1.0,2.0,5.0,1.0,4.0,1.0,5.0,1.0,2.0,2.0,3.0,5.0,6.0,2.0,6.0,1.0,3.0,3.0,3.0,512.0,16.0,1.0,768.0,192.0,1.0,1.0,1.0,1.0,1.0,1.0,1.0,11173626192.0,89164783.20000002,16944000.0,0.18680328571428573,40.0,514.0,514.0,9.962939569675218e+17,1.0,1.4258075000000001,78.57142857142857,78.57142857142857
1024.0,8192000.0,256.0,64.0,3.0,36.0,20.0,6.0,4.0,4.0,6.0,3.0,1.0,2.0,3.0,2.0,3.0,4.0,3.0,6.0,4.0,2.0,3.0,6.0,1.0,2.0,4.0,1.0,1.0,5.0,4.0,4.0,8.0,384.0,1.0,12.0,128.0,1.0,1.0,1.0,1.0,1.0,1.0,1.0,6.0,3.0,4.0,3.0,4.0,3.0,5.0,4.0,2.0,4.0,5.0,1.0,6.0,6.0,5.0,2.0,6.0,2.0,8.0,64.0,1.0,64.0,8.0,1.0,32.0,2.0,1.0,1.0,1.0,1.0,2.0,1.0,6.0,1.0,6.0,4.0,3.0,5.0,6.0,4.0,2.0,4.0,1.0,6.0,6.0,3.0,1.0,5.0,1.0,64.0,1.0,64.0,4.0,1.0,8.0,4.0,1.0,1.0,1.0,1.0,5.0,2.0,5.0,5.0,6.0,3.0,3.0,1.0,3.0,6.0,3.0,1.0,3.0,3.0,4.0,4.0,3.0,5.0,12.0,8.0,1.0,12.0,4.0,1.0,1.0,1.0,1.0,1.0,1.0,1.0,6.0,3.0,4.0,1.0,1.0,6.0,3.0,5.0,6.0,6.0,4.0,4.0,3.0,6.0,2.0,4.0,3.0,6.0,6.0,16.0,1.0,384.0,3.0,1.0,1.0,1.0,1.0,1.0,1.0,1.0,3.0,6.0,2.0,3.0,1.0,1.0,2.0,6.0,4.0,4.0,2.0,3.0,6.0,5.0,1.0,3.0,3.0,1.0,6.0,1024.0,1.0,24.0,4.0,1.0,1.0,1.0,1.0,1.0,1.0,1.0,683871012.0,19498885.300000004,11172800000.0,27.793103571428574,4320.0,514.0,317440.0,1.3334722422982926e+16,280.8899714285714,4.658004392857143,78.57142857142857,51941.71428571428
2048.0,256000.0,256.0,64.0,1.0,14.0,34.0,10.0,1.0,2.0,5.0,6.0,2.0,4.0,5.0,2.0,2.0,4.0,1.0,5.0,4.0,1.0,3.0,5.0,1.0,3.0,4.0,1.0,6.0,4.0,4.0,1.0,12.0,4.0,1.0,768.0,18.0,1.0,1.0,1.0,1.0,1.0,1.0,1.0,6.0,3.0,4.0,1.0,1.0,4.0,5.0,6.0,2.0,6.0,3.0,3.0,6.0,5.0,2.0,1.0,5.0,6.0,64.0,32.0,1.0,64.0,32.0,1.0,8.0,16.0,1.0,1.0,1.0,1.0,3.0,4.0,6.0,6.0,2.0,4.0,3.0,5.0,1.0,4.0,4.0,3.0,6.0,4.0,3.0,6.0,3.0,4.0,2.0,2.0,1.0,2.0,1.0,1.0,4.0,32.0,1.0,1.0,1.0,1.0,1.0,1.0,6.0,4.0,3.0,2.0,2.0,5.0,2.0,3.0,6.0,2.0,6.0,1.0,4.0,3.0,4.0,2.0,192.0,2.0,1.0,768.0,1.0,1.0,1.0,1.0,1.0,1.0,1.0,1.0,3.0,3.0,3.0,6.0,4.0,6.0,5.0,2.0,5.0,2.0,6.0,1.0,3.0,2.0,1.0,2.0,2.0,6.0,384.0,32.0,1.0,128.0,128.0,1.0,1.0,1.0,1.0,1.0,1.0,1.0,1.0,5.0,4.0,5.0,6.0,5.0,6.0,4.0,4.0,2.0,3.0,5.0,6.0,4.0,2.0,5.0,3.0,1.0,768.0,128.0,1.0,3.0,256.0,1.0,1.0,1.0,1.0,1.0,1.0,1.0,11173626192.0,67364839.2,4640860.0,0.051490285714285704,10.0,514.0,514.0,7.527095317049884e+17,1.0,1.0000778571428568,78.57142857142857,78.57142857142857
128000.0,32000.0,256.0,64.0,1.0,20.0,38.0,4.0,5.0,3.0,3.0,4.0,6.0,6.0,3.0,4.0,5.0,2.0,3.0,3.0,6.0,6.0,3.0,1.0,1.0,5.0,3.0,3.0,4.0,5.0,3.0,2.0,12.0,6.0,1.0,1152.0,192.0,1.0,1.0,1.0,1.0,1.0,1.0,1.0,3.0,1.0,5.0,1.0,5.0,5.0,4.0,3.0,4.0,5.0,1.0,5.0,4.0,2.0,1.0,1.0,4.0,4.0,16.0,8.0,1.0,2.0,128.0,1.0,8.0,8.0,1.0,1.0,1.0,1.0,5.0,2.0,6.0,1.0,5.0,1.0,1.0,6.0,6.0,6.0,4.0,6.0,3.0,3.0,6.0,6.0,1.0,1.0,16.0,16.0,1.0,16.0,4.0,1.0,32.0,2.0,1.0,1.0,1.0,1.0,2.0,2.0,4.0,5.0,1.0,5.0,6.0,6.0,5.0,2.0,3.0,3.0,4.0,3.0,5.0,2.0,6.0,4.0,256.0,8.0,1.0,4.0,3.0,1.0,1.0,1.0,1.0,1.0,1.0,1.0,5.0,5.0,4.0,2.0,4.0,1.0,5.0,2.0,6.0,3.0,2.0,3.0,2.0,6.0,5.0,1.0,3.0,5.0,3.0,4.0,1.0,32.0,24.0,1.0,1.0,1.0,1.0,1.0,1.0,1.0,1.0,6.0,2.0,6.0,4.0,5.0,5.0,6.0,2.0,5.0,5.0,5.0,6.0,4.0,4.0,4.0,3.0,2.0,1024.0,64.0,1.0,128.0,128.0,1.0,1.0,1.0,1.0,1.0,1.0,1.0,11173626192.0,84254210.39999999,2290310.0,0.024513357142857146,4.0,514.0,514.0,9.414250521117187e+17,1.0,1.0036264285714285,78.57142857142857,78.57142857142857
8192.0,128000.0,256.0,64.0,3.0,44.0,48.0,46.0,2.0,2.0,1.0,1.0,3.0,2.0,6.0,1.0,5.0,4.0,1.0,3.0,1.0,6.0,2.0,4.0,3.0,1.0,6.0,1.0,3.0,3.0,1.0,4.0,24.0,8.0,1.0,768.0,4.0,1.0,1.0,1.0,1.0,1.0,1.0,1.0,6.0,6.0,6.0,1.0,2.0,6.0,4.0,2.0,2.0,1.0,3.0,5.0,1.0,1.0,4.0,5.0,1.0,1.0,8.0,64.0,1.0,2.0,1.0,1.0,2.0,128.0,1.0,1.0,1.0,1.0,6.0,6.0,4.0,3.0,2.0,3.0,2.0,3.0,4.0,2.0,1.0,2.0,1.0,6.0,2.0,4.0,5.0,2.0,4.0,16.0,1.0,32.0,64.0,1.0,8.0,64.0,1.0,1.0,1.0,1.0,3.0,3.0,2.0,6.0,5.0,4.0,5.0,6.0,4.0,6.0,4.0,4.0,4.0,2.0,2.0,4.0,2.0,6.0,192.0,128.0,1.0,2.0,768.0,1.0,1.0,1.0,1.0,1.0,1.0,1.0,5.0,6.0,6.0,6.0,6.0,5.0,5.0,6.0,2.0,1.0,3.0,1.0,5.0,5.0,1.0,2.0,6.0,2.0,48.0,96.0,1.0,4.0,16.0,1.0,1.0,1.0,1.0,1.0,1.0,1.0,3.0,3.0,5.0,6.0,2.0,4.0,4.0,4.0,3.0,2.0,5.0,4.0,2.0,6.0,5.0,4.0,3.0,3.0,2.0,1.0,1.0,12.0,1.0,1.0,1.0,1.0,1.0,1.0,1.0,1.0,2832478464.0,27081362.86,4847290000000.0,4572.3825,97152.0,514.0,540672.0,7.670737707671944e+16,59.214285714285715,3.351239142857143,78.57142857142857,41748.0
4096.0,32000000.0,256.0,64.0,1.0,26.0,24.0,30.0,1.0,1.0,3.0,1.0,6.0,3.0,2.0,4.0,1.0,3.0,6.0,2.0,5.0,6.0,3.0,2.0,6.0,1.0,1.0,1.0,3.0,4.0,5.0,5.0,4.0,4.0,1.0,1152.0,72.0,1.0,1.0,1.0,1.0,1.0,1.0,1.0,6.0,6.0,6.0,1.0,1.0,6.0,3.0,6.0,5.0,1.0,2.0,2.0,2.0,6.0,5.0,3.0,3.0,6.0,2.0,32.0,1.0,1.0,128.0,1.0,8.0,16.0,1.0,1.0,1.0,1.0,3.0,6.0,6.0,5.0,5.0,1.0,5.0,6.0,1.0,3.0,2.0,2.0,3.0,4.0,4.0,2.0,6.0,3.0,128.0,128.0,1.0,128.0,64.0,1.0,64.0,64.0,1.0,1.0,1.0,1.0,4.0,4.0,2.0,4.0,2.0,3.0,6.0,3.0,4.0,3.0,2.0,6.0,2.0,6.0,6.0,1.0,1.0,4.0,6.0,256.0,1.0,3.0,6.0,1.0,1.0,1.0,1.0,1.0,1.0,1.0,6.0,3.0,1.0,1.0,1.0,5.0,2.0,6.0,5.0,1.0,6.0,5.0,6.0,3.0,4.0,1.0,2.0,1.0,1.0,384.0,1.0,24.0,192.0,1.0,1.0,1.0,1.0,1.0,1.0,1.0,6.0,2.0,2.0,1.0,1.0,4.0,4.0,5.0,5.0,5.0,5.0,6.0,6.0,2.0,2.0,6.0,4.0,1.0,1024.0,384.0,1.0,48.0,3.0,1.0,1.0,1.0,1.0,1.0,1.0,1.0,11173626192.0,72974388.0,12741000.0,0.14151657142857144,30.0,514.0,514.0,8.153885331019704e+17,1.0,1.8473803571428573,78.57142857142857,78.57142857142857
2048000.0,64000.0,256.0,64.0,2.0,46.0,26.0,34.0,2.0,2.0,6.0,6.0,4.0,5.0,6.0,1.0,1.0,5.0,6.0,5.0,3.0,4.0,4.0,2.0,2.0,1.0,4.0,3.0,4.0,4.0,4.0,6.0,4.0,16.0,1.0,3.0,1.0,1.0,1.0,1.0,1.0,1.0,1.0,1.0,2.0,5.0,2.0,1.0,4.0,1.0,3.0,1.0,6.0,2.0,3.0,4.0,6.0,6.0,2.0,1.0,6.0,3.0,2.0,64.0,1.0,8.0,1.0,1.0,1.0,128.0,1.0,1.0,1.0,1.0,6.0,2.0,5.0,1.0,2.0,5.0,4.0,1.0,4.0,1.0,1.0,2.0,2.0,2.0,5.0,4.0,4.0,3.0,64.0,4.0,1.0,4.0,32.0,1.0,8.0,32.0,1.0,1.0,1.0,1.0,5.0,6.0,5.0,3.0,4.0,6.0,5.0,3.0,6.0,3.0,4.0,5.0,2.0,4.0,1.0,3.0,2.0,5.0,192.0,24.0,1.0,16.0,256.0,1.0,1.0,1.0,1.0,1.0,1.0,1.0,6.0,5.0,2.0,6.0,1.0,3.0,4.0,4.0,4.0,3.0,1.0,5.0,4.0,2.0,1.0,6.0,2.0,2.0,768.0,24.0,1.0,128.0,4.0,1.0,1.0,1.0,1.0,1.0,1.0,1.0,3.0,4.0,1.0,4.0,2.0,5.0,4.0,4.0,2.0,3.0,1.0,4.0,3.0,2.0,5.0,4.0,1.0,5.0,384.0,2.0,1.0,24.0,3.0,1.0,1.0,1.0,1.0,1.0,1.0,1.0,10909846320.0,42278768.39999999,738987000.0,4.328935357142857,884.0,514.0,11008.0,4.612548658428722e+17,14.542857142857141,4.594452107142857,78.57142857142857,1269.2857142857142
1024000.0,16000000.0,256.0,64.0,2.0,4.0,8.0,36.0,1.0,1.0,5.0,5.0,6.0,5.0,1.0,4.0,6.0,6.0,6.0,2.0,4.0,3.0,6.0,2.0,2.0,2.0,1.0,6.0,1.0,3.0,5.0,1.0,64.0,1.0,1.0,2304.0,2.0,1.0,1.0,1.0,1.0,1.0,1.0,1.0,6.0,2.0,6.0,6.0,1.0,5.0,3.0,3.0,4.0,3.0,2.0,4.0,1.0,1.0,3.0,5.0,1.0,2.0,8.0,32.0,1.0,128.0,4.0,1.0,4.0,16.0,1.0,1.0,1.0,1.0,4.0,2.0,1.0,6.0,2.0,3.0,1.0,6.0,5.0,4.0,6.0,2.0,4.0,4.0,3.0,4.0,6.0,4.0,4.0,4.0,1.0,16.0,16.0,1.0,8.0,8.0,1.0,1.0,1.0,1.0,3.0,5.0,6.0,5.0,6.0,1.0,3.0,3.0,1.0,3.0,2.0,3.0,2.0,1.0,5.0,3.0,1.0,4.0,16.0,6.0,1.0,2.0,1.0,1.0,1.0,1.0,1.0,1.0,1.0,1.0,5.0,1.0,2.0,4.0,4.0,5.0,2.0,6.0,1.0,5.0,5.0,1.0,2.0,2.0,5.0,5.0,5.0,3.0,8.0,96.0,1.0,384.0,256.0,1.0,1.0,1.0,1.0,1.0,1.0,1.0,2.0,3.0,4.0,3.0,5.0,1.0,6.0,1.0,1.0,4.0,5.0,4.0,1.0,2.0,6.0,5.0,2.0,5.0,32.0,24.0,1.0,192.0,12.0,1.0,1.0,1.0,1.0,1.0,1.0,1.0,10941642900.0,33138950.479999997,153792000.0,1.3489425000000004,288.0,514.0,71680.0,3.6259456223294355e+17,5.285714285714286,1.317385975,78.57142857142857,3262.285714285714
8192.0,256000.0,256.0,64.0,2.0,16.0,44.0,30.0,1.0,6.0,6.0,5.0,6.0,3.0,5.0,1.0,4.0,1.0,3.0,5.0,4.0,6.0,1.0,2.0,1.0,6.0,1.0,5.0,2.0,3.0,3.0,4.0,12.0,4.0,1.0,36.0,6.0,1.0,1.0,1.0,1.0,1.0,1.0,1.0,3.0,2.0,5.0,3.0,1.0,4.0,1.0,4.0,2.0,4.0,4.0,2.0,2.0,2.0,4.0,5.0,6.0,5.0,2.0,16.0,1.0,16.0,2.0,1.0,8.0,8.0,1.0,1.0,1.0,1.0,4.0,5.0,1.0,5.0,5.0,3.0,5.0,2.0,1.0,3.0,6.0,4.0,4.0,6.0,5.0,2.0,4.0,4.0,16.0,8.0,1.0,32.0,4.0,1.0,32.0,64.0,1.0,1.0,1.0,1.0,4.0,6.0,6.0,1.0,2.0,6.0,2.0,6.0,2.0,3.0,4.0,2.0,6.0,1.0,1.0,6.0,2.0,3.0,4.0,48.0,1.0,384.0,128.0,1.0,1.0,1.0,1.0,1.0,1.0,1.0,5.0,2.0,3.0,5.0,5.0,6.0,6.0,6.0,4.0,5.0,1.0,5.0,5.0,4.0,1.0,2.0,3.0,6.0,768.0,2.0,1.0,2.0,1536.0,1.0,1.0,1.0,1.0,1.0,1.0,1.0,2.0,2.0,2.0,4.0,6.0,1.0,2.0,2.0,6.0,6.0,1.0,3.0,5.0,1.0,4.0,4.0,3.0,4.0,1536.0,3072.0,1.0,3.0,192.0,1.0,1.0,1.0,1.0,1.0,1.0,1.0,384331668.0,29701088.92,1396470000.0,6.860130000000002,1320.0,514.0,832512.0,1.141506904603992e+16,333.9721107142857,71.24100560714285,78.57142857142857,44467.42857142857
512000.0,32000.0,256.0,64.0,2.0,16.0,2.0,10.0,3.0,6.0,6.0,3.0,1.0,6.0,3.0,6.0,4.0,4.0,5.0,2.0,5.0,4.0,2.0,6.0,5.0,2.0,4.0,4.0,6.0,2.0,4.0,4.0,4.0,24.0,1.0,12.0,768.0,1.0,1.0,1.0,1.0,1.0,1.0,1.0,5.0,4.0,2.0,1.0,1.0,2.0,5.0,2.0,3.0,5.0,4.0,3.0,6.0,5.0,3.0,6.0,2.0,1.0,4.0,32.0,1.0,8.0,128.0,1.0,4.0,4.0,1.0,1.0,1.0,1.0,6.0,5.0,1.0,3.0,2.0,2.0,4.0,3.0,4.0,3.0,3.0,1.0,2.0,5.0,3.0,1.0,3.0,2.0,32.0,128.0,1.0,2.0,32.0,1.0,1.0,8.0,1.0,1.0,1.0,1.0,5.0,3.0,2.0,5.0,4.0,6.0,5.0,3.0,1.0,5.0,1.0,2.0,1.0,6.0,6.0,4.0,2.0,5.0,4.0,6.0,1.0,32.0,96.0,1.0,1.0,1.0,1.0,1.0,1.0,1.0,1.0,6.0,5.0,3.0,3.0,6.0,3.0,6.0,2.0,4.0,3.0,2.0,3.0,5.0,4.0,3.0,2.0,1.0,16.0,6.0,1.0,6.0,3.0,1.0,1.0,1.0,1.0,1.0,1.0,1.0,5.0,4.0,5.0,1.0,3.0,3.0,3.0,2.0,1.0,4.0,1.0,6.0,4.0,1.0,6.0,2.0,2.0,2.0,1.0,6.0,1.0,2.0,24.0,1.0,1.0,1.0,1.0,1.0,1.0,1.0,5540072868.0,43457143.72,8641790.0,0.10075236428571428,20.0,514.0,17920.0,2.4075574284394858e+17,4.571428571428571,1.7752372142857142,78.57142857142857,1325.142857142857
8192.0,32000.0,256.0,64.0,2.0,24.0,38.0,6.0,4.0,6.0,5.0,2.0,3.0,1.0,3.0,6.0,6.0,4.0,3.0,2.0,2.0,4.0,5.0,6.0,3.0,3.0,3.0,5.0,1.0,3.0,1.0,5.0,12.0,96.0,1.0,1.0,9.0,1.0,1.0,1.0,1.0,1.0,1.0,1.0,6.0,6.0,5.0,5.0,2.0,6.0,4.0,4.0,6.0,6.0,5.0,6.0,6.0,5.0,2.0,5.0,1.0,1.0,64.0,8.0,1.0,32.0,16.0,1.0,2.0,4.0,1.0,1.0,1.0,1.0,1.0,4.0,4.0,3.0,5.0,5.0,1.0,6.0,2.0,4.0,1.0,1.0,6.0,2.0,6.0,5.0,1.0,4.0,64.0,1.0,1.0,16.0,16.0,1.0,16.0,16.0,1.0,1.0,1.0,1.0,1.0,5.0,1.0,5.0,4.0,6.0,1.0,5.0,6.0,5.0,4.0,1.0,3.0,3.0,4.0,1.0,4.0,5.0,6.0,64.0,1.0,64.0,2.0,1.0,1.0,1.0,1.0,1.0,1.0,1.0,3.0,6.0,2.0,1.0,3.0,2.0,4.0,1.0,2.0,2.0,5.0,3.0,5.0,3.0,2.0,3.0,2.0,5.0,24.0,192.0,1.0,512.0,8.0,1.0,1.0,1.0,1.0,1.0,1.0,1.0,2.0,1.0,4.0,1.0,6.0,2.0,1.0,4.0,2.0,3.0,2.0,3.0,2.0,3.0,6.0,3.0,3.0,2.0,16.0,8.0,1.0,24.0,48.0,1.0,1.0,1.0,1.0,1.0,1.0,1.0,328164024.0,23142748.12,114951000.0,1.1054692857142856,228.0,514.0,204800.0,7594617349477635.0,30.128182142857142,18.929272857142855,78.57142857142857,14849.142857142857
32000.0,128000.0,256.0,64.0,2.0,38.0,22.0,32.0,6.0,3.0,2.0,3.0,5.0,3.0,4.0,2.0,6.0,6.0,4.0,6.0,3.0,3.0,1.0,1.0,2.0,2.0,6.0,5.0,2.0,5.0,3.0,5.0,256.0,64.0,1.0,2.0,16.0,1.0,1.0,1.0,1.0,1.0,1.0,1.0,1.0,4.0,4.0,1.0,1.0,4.0,5.0,2.0,3.0,5.0,5.0,5.0,3.0,2.0,6.0,5.0,1.0,2.0,1.0,64.0,1.0,128.0,32.0,1.0,32.0,1.0,1.0,1.0,1.0,1.0,5.0,6.0,1.0,4.0,5.0,6.0,6.0,2.0,5.0,1.0,5.0,2.0,1.0,2.0,6.0,5.0,3.0,2.0,32.0,16.0,1.0,16.0,64.0,1.0,32.0,2.0,1.0,1.0,1.0,1.0,3.0,4.0,2.0,1.0,3.0,1.0,2.0,2.0,3.0,6.0,2.0,5.0,1.0,3.0,5.0,4.0,5.0,6.0,32.0,12.0,1.0,6.0,384.0,1.0,1.0,1.0,1.0,1.0,1.0,1.0,3.0,1.0,2.0,6.0,1.0,6.0,3.0,4.0,3.0,4.0,5.0,4.0,3.0,1.0,3.0,5.0,2.0,2.0,96.0,3.0,1.0,512.0,128.0,1.0,1.0,1.0,1.0,1.0,1.0,1.0,2.0,2.0,3.0,3.0,5.0,6.0,4.0,5.0,2.0,2.0,6.0,5.0,5.0,4.0,4.0,5.0,1.0,6.0,16.0,48.0,1.0,6.0,3.0,1.0,1.0,1.0,1.0,1.0,1.0,1.0,634969248.0,23918342.519999996,524109000.0,3.4520549999999997,704.0,514.0,200192.0,1.5187411963330822e+16,15.285696428571432,8.549644832142855,78.57142857142857,18081.714285714286
2048000.0,1024000.0,256.0,64.0,2.0,4.0,44.0,32.0,2.0,4.0,2.0,1.0,3.0,1.0,3.0,1.0,5.0,6.0,5.0,4.0,3.0,5.0,2.0,3.0,3.0,3.0,4.0,5.0,6.0,2.0,6.0,4.0,128.0,8.0,1.0,192.0,4.0,1.0,1.0,1.0,1.0,1.0,1.0,1.0,4.0,3.0,1.0,5.0,5.0,2.0,1.0,3.0,3.0,5.0,4.0,2.0,1.0,5.0,2.0,2.0,5.0,4.0,64.0,1.0,1.0,8.0,128.0,1.0,16.0,2.0,1.0,1.0,1.0,1.0,5.0,1.0,4.0,6.0,1.0,1.0,2.0,6.0,6.0,2.0,1.0,1.0,5.0,3.0,2.0,3.0,6.0,2.0,16.0,32.0,1.0,8.0,128.0,1.0,64.0,2.0,1.0,1.0,1.0,1.0,5.0,1.0,6.0,1.0,1.0,5.0,1.0,5.0,3.0,5.0,2.0,3.0,3.0,2.0,5.0,6.0,3.0,3.0,384.0,16.0,1.0,384.0,384.0,1.0,1.0,1.0,1.0,1.0,1.0,1.0,3.0,1.0,1.0,4.0,5.0,6.0,6.0,5.0,5.0,2.0,1.0,5.0,2.0,2.0,6.0,1.0,1.0,3.0,48.0,6.0,1.0,1024.0,48.0,1.0,1.0,1.0,1.0,1.0,1.0,1.0,2.0,3.0,3.0,6.0,2.0,5.0,1.0,3.0,6.0,6.0,2.0,3.0,3.0,6.0,6.0,3.0,2.0,4.0,6.0,24.0,1.0,32.0,32.0,1.0,1.0,1.0,1.0,1.0,1.0,1.0,802816368.0,25681421.92,1552630000.0,7.331944285714287,1408.0,514.0,567552.0,2.0617465870889988e+16,17.25510357142857,9.656085953571427,78.57142857142857,36006.28571428572
1024.0,16000000.0,256.0,64.0,2.0,30.0,20.0,22.0,4.0,3.0,2.0,6.0,3.0,5.0,3.0,5.0,5.0,2.0,4.0,4.0,5.0,1.0,3.0,3.0,6.0,1.0,6.0,5.0,3.0,1.0,3.0,4.0,24.0,16.0,1.0,32.0,32.0,1.0,1.0,1.0,1.0,1.0,1.0,1.0,2.0,1.0,2.0,5.0,2.0,1.0,6.0,4.0,3.0,5.0,1.0,3.0,1.0,2.0,6.0,6.0,4.0,5.0,1.0,8.0,1.0,2.0,4.0,1.0,128.0,128.0,1.0,1.0,1.0,1.0,6.0,3.0,6.0,5.0,1.0,6.0,6.0,1.0,5.0,3.0,4.0,6.0,3.0,3.0,3.0,2.0,5.0,5.0,16.0,32.0,1.0,16.0,4.0,1.0,2.0,8.0,1.0,1.0,1.0,1.0,6.0,1.0,5.0,3.0,5.0,3.0,4.0,6.0,1.0,2.0,3.0,5.0,4.0,2.0,2.0,4.0,4.0,2.0,192.0,48.0,1.0,8.0,24.0,1.0,1.0,1.0,1.0,1.0,1.0,1.0,6.0,1.0,4.0,5.0,6.0,5.0,4.0,2.0,1.0,3.0,3.0,6.0,3.0,3.0,4.0,4.0,2.0,4.0,96.0,3.0,1.0,384.0,96.0,1.0,1.0,1.0,1.0,1.0,1.0,1.0,2.0,1.0,2.0,2.0,2.0,6.0,3.0,5.0,2.0,5.0,3.0,6.0,5.0,5.0,4.0,6.0,5.0,1.0,2.0,4.0,1.0,384.0,6.0,1.0,1.0,1.0,1.0,1.0,1.0,1.0,11177913612.0,35705703.339999996,268641000.0,2.0782721428571427,440.0,514.0,25920.0,3.9911526739021984e+17,1.0,0.6722375464285715,78.57142857142857,2434.5714285714284
2048000.0,2048000.0,256.0,64.0,2.0,44.0,6.0,38.0,2.0,3.0,6.0,1.0,2.0,6.0,2.0,6.0,4.0,4.0,2.0,6.0,1.0,5.0,5.0,6.0,5.0,2.0,3.0,5.0,3.0,2.0,1.0,6.0,192.0,6.0,1.0,18.0,96.0,1.0,1.0,1.0,1.0,1.0,1.0,1.0,5.0,5.0,5.0,4.0,6.0,6.0,1.0,3.0,3.0,4.0,2.0,3.0,6.0,2.0,5.0,6.0,3.0,3.0,1.0,4.0,1.0,8.0,1.0,1.0,32.0,32.0,1.0,1.0,1.0,1.0,3.0,5.0,4.0,4.0,3.0,4.0,4.0,6.0,5.0,1.0,5.0,6.0,3.0,4.0,1.0,3.0,3.0,1.0,8.0,32.0,1.0,64.0,8.0,1.0,1.0,4.0,1.0,1.0,1.0,1.0,5.0,6.0,5.0,2.0,2.0,5.0,5.0,1.0,5.0,3.0,4.0,3.0,6.0,6.0,1.0,6.0,2.0,2.0,4.0,96.0,1.0,24.0,768.0,1.0,1.0,1.0,1.0,1.0,1.0,1.0,3.0,5.0,4.0,3.0,2.0,4.0,6.0,1.0,2.0,6.0,5.0,3.0,3.0,6.0,3.0,2.0,5.0,3.0,6.0,12.0,1.0,1536.0,128.0,1.0,1.0,1.0,1.0,1.0,1.0,1.0,3.0,3.0,1.0,6.0,5.0,6.0,5.0,4.0,3.0,6.0,4.0,6.0,3.0,3.0,1.0,4.0,4.0,6.0,1024.0,768.0,1.0,64.0,48.0,1.0,1.0,1.0,1.0,1.0,1.0,1.0,10937236860.0,25496785.72,114959000.0,1.0964026428571427,228.0,514.0,282624.0,2.7886438458830563e+17,4.350648571428572,2.398003392857143,78.57142857142857,12221.142857142857
4096.0,256000.0,256.0,64.0,2.0,42.0,46.0,4.0,6.0,4.0,5.0,5.0,2.0,6.0,4.0,4.0,4.0,5.0,4.0,6.0,4.0,4.0,4.0,2.0,5.0,1.0,3.0,1.0,1.0,4.0,6.0,6.0,384.0,256.0,1.0,24.0,9.0,1.0,1.0,1.0,1.0,1.0,1.0,1.0,2.0,3.0,3.0,1.0,6.0,5.0,1.0,2.0,3.0,1.0,2.0,2.0,4.0,6.0,6.0,5.0,1.0,3.0,8.0,8.0,1.0,64.0,64.0,1.0,4.0,4.0,1.0,1.0,1.0,1.0,6.0,6.0,2.0,4.0,2.0,4.0,3.0,1.0,4.0,1.0,6.0,3.0,6.0,1.0,5.0,5.0,4.0,2.0,4.0,2.0,1.0,8.0,2.0,1.0,2.0,32.0,1.0,1.0,1.0,1.0,3.0,1.0,3.0,5.0,2.0,3.0,5.0,2.0,5.0,4.0,1.0,5.0,5.0,4.0,1.0,2.0,1.0,3.0,256.0,24.0,1.0,3.0,8.0,1.0,1.0,1.0,1.0,1.0,1.0,1.0,6.0,6.0,3.0,3.0,3.0,1.0,2.0,5.0,4.0,2.0,2.0,5.0,6.0,5.0,5.0,6.0,5.0,5.0,6.0,3.0,1.0,3.0,96.0,1.0,1.0,1.0,1.0,1.0,1.0,1.0,2.0,6.0,5.0,1.0,6.0,5.0,3.0,3.0,1.0,3.0,4.0,1.0,5.0,1.0,5.0,4.0,4.0,3.0,384.0,96.0,1.0,2.0,24.0,1.0,1.0,1.0,1.0,1.0,1.0,1.0,1156770516.0,22886197.68,88850800.0,1.0172355000000002,184.0,514.0,799232.0,2.6474078699571604e+16,21.059525,6.975241042857143,78.57142857142857,48942.71428571428
128000.0,32000000.0,256.0,64.0,3.0,32.0,20.0,30.0,1.0,4.0,6.0,1.0,3.0,2.0,1.0,6.0,1.0,1.0,6.0,2.0,2.0,2.0,6.0,3.0,6.0,6.0,2.0,4.0,1.0,4.0,3.0,6.0,192.0,3.0,1.0,256.0,64.0,1.0,1.0,1.0,1.0,1.0,1.0,1.0,2.0,6.0,5.0,5.0,6.0,6.0,1.0,5.0,6.0,4.0,4.0,3.0,4.0,1.0,6.0,4.0,5.0,3.0,64.0,8.0,1.0,1.0,8.0,1.0,1.0,16.0,1.0,1.0,1.0,1.0,3.0,6.0,1.0,3.0,1.0,4.0,4.0,6.0,3.0,6.0,2.0,3.0,4.0,3.0,5.0,1.0,5.0,2.0,8.0,64.0,1.0,1.0,16.0,1.0,4.0,2.0,1.0,1.0,1.0,1.0,4.0,2.0,5.0,6.0,5.0,2.0,5.0,4.0,2.0,6.0,2.0,2.0,1.0,4.0,5.0,2.0,2.0,1.0,768.0,16.0,1.0,48.0,384.0,1.0,1.0,1.0,1.0,1.0,1.0,1.0,2.0,1.0,5.0,2.0,1.0,2.0,4.0,3.0,1.0,6.0,5.0,5.0,1.0,5.0,5.0,5.0,4.0,6.0,192.0,768.0,1.0,512.0,12.0,1.0,1.0,1.0,1.0,1.0,1.0,1.0,3.0,2.0,2.0,2.0,5.0,6.0,2.0,4.0,4.0,2.0,6.0,6.0,1.0,4.0,3.0,3.0,2.0,3.0,96.0,4.0,1.0,96.0,4.0,1.0,1.0,1.0,1.0,1.0,1.0,1.0,1353068736.0,18007226.759999998,195247000000.0,248.20617857142858,19200.0,514.0,1114112.0,2.4365015551018572e+16,138.5,5.496667278571429,78.57142857142857,95012.57142857143
128000.0,2048000.0,256.0,64.0,3.0,28.0,38.0,10.0,1.0,2.0,5.0,1.0,5.0,5.0,5.0,1.0,5.0,6.0,3.0,1.0,3.0,4.0,3.0,1.0,4.0,6.0,4.0,5.0,3.0,3.0,2.0,3.0,1.0,192.0,1.0,72.0,4.0,1.0,1.0,1.0,1.0,1.0,1.0,1.0,6.0,5.0,5.0,5.0,3.0,5.0,5.0,4.0,6.0,3.0,3.0,5.0,2.0,5.0,3.0,2.0,2.0,1.0,16.0,1.0,1.0,8.0,32.0,1.0,64.0,1.0,1.0,1.0,1.0,1.0,1.0,2.0,6.0,4.0,1.0,2.0,2.0,4.0,4.0,6.0,3.0,6.0,5.0,5.0,1.0,3.0,4.0,5.0,64.0,128.0,1.0,32.0,16.0,1.0,64.0,32.0,1.0,1.0,1.0,1.0,3.0,2.0,1.0,4.0,5.0,2.0,2.0,1.0,4.0,6.0,2.0,2.0,6.0,3.0,2.0,4.0,1.0,4.0,3.0,384.0,1.0,384.0,8.0,1.0,1.0,1.0,1.0,1.0,1.0,1.0,2.0,5.0,2.0,5.0,6.0,5.0,2.0,4.0,6.0,1.0,1.0,1.0,5.0,3.0,5.0,4.0,4.0,4.0,128.0,768.0,1.0,16.0,1024.0,1.0,1.0,1.0,1.0,1.0,1.0,1.0,1.0,2.0,5.0,2.0,1.0,6.0,2.0,5.0,2.0,1.0,6.0,1.0,2.0,3.0,4.0,3.0,3.0,1.0,512.0,1024.0,1.0,96.0,192.0,1.0,1.0,1.0,1.0,1.0,1.0,1.0,11113342056.0,17881851.1,61785700000.0,97.9364142857143,10640.0,514.0,2031616.0,1.9872712786875987e+17,1.4285714285714286,0.0,78.57142857142857,136667.42857142858
2048.0,16000000.0,256.0,64.0,1.0,40.0,32.0,16.0,4.0,2.0,2.0,3.0,1.0,6.0,2.0,1.0,5.0,5.0,2.0,5.0,5.0,5.0,6.0,5.0,2.0,3.0,3.0,2.0,6.0,5.0,4.0,5.0,256.0,16.0,1.0,36.0,144.0,1.0,1.0,1.0,1.0,1.0,1.0,1.0,5.0,6.0,4.0,5.0,6.0,4.0,2.0,1.0,6.0,3.0,2.0,5.0,4.0,1.0,2.0,3.0,5.0,3.0,2.0,4.0,1.0,128.0,2.0,1.0,1.0,8.0,1.0,1.0,1.0,1.0,5.0,1.0,5.0,3.0,5.0,5.0,4.0,3.0,4.0,6.0,2.0,3.0,1.0,1.0,4.0,2.0,2.0,6.0,1.0,32.0,1.0,32.0,8.0,1.0,8.0,8.0,1.0,1.0,1.0,1.0,2.0,5.0,6.0,1.0,1.0,5.0,5.0,1.0,4.0,3.0,4.0,4.0,1.0,3.0,6.0,6.0,6.0,1.0,6.0,128.0,1.0,16.0,4.0,1.0,1.0,1.0,1.0,1.0,1.0,1.0,6.0,2.0,1.0,6.0,2.0,6.0,1.0,1.0,6.0,5.0,1.0,6.0,6.0,2.0,5.0,3.0,5.0,3.0,3.0,128.0,1.0,32.0,16.0,1.0,1.0,1.0,1.0,1.0,1.0,1.0,6.0,1.0,1.0,5.0,6.0,4.0,2.0,2.0,5.0,5.0,2.0,2.0,5.0,6.0,2.0,5.0,1.0,2.0,64.0,1.0,1.0,48.0,96.0,1.0,1.0,1.0,1.0,1.0,1.0,1.0,11173626192.0,88471106.4,7028100.0,0.0784671142857143,16.0,514.0,514.0,9.88543071706259e+17,1.0,1.0039046428571428,78.57142857142857,78.57142857142857
256.0,128000.0,256.0,64.0,1.0,12.0,42.0,10.0,4.0,4.0,5.0,2.0,3.0,6.0,1.0,5.0,5.0,6.0,5.0,6.0,2.0,3.0,5.0,6.0,3.0,5.0,3.0,6.0,4.0,6.0,2.0,6.0,48.0,256.0,1.0,192.0,48.0,1.0,1.0,1.0,1.0,1.0,1.0,1.0,5.0,3.0,2.0,1.0,1.0,1.0,2.0,1.0,2.0,4.0,5.0,1.0,1.0,2.0,6.0,2.0,4.0,6.0,8.0,4.0,1.0,128.0,8.0,1.0,128.0,1.0,1.0,1.0,1.0,1.0,1.0,6.0,4.0,1.0,1.0,1.0,4.0,1.0,1.0,2.0,1.0,4.0,5.0,4.0,2.0,6.0,1.0,2.0,1.0,64.0,1.0,128.0,128.0,1.0,16.0,32.0,1.0,1.0,1.0,1.0,1.0,4.0,1.0,3.0,5.0,3.0,5.0,2.0,3.0,1.0,1.0,6.0,1.0,4.0,5.0,3.0,2.0,5.0,6.0,24.0,1.0,4.0,48.0,1.0,1.0,1.0,1.0,1.0,1.0,1.0,2.0,1.0,2.0,2.0,6.0,6.0,2.0,4.0,3.0,2.0,2.0,4.0,5.0,5.0,6.0,6.0,3.0,1.0,8.0,256.0,1.0,1024.0,96.0,1.0,1.0,1.0,1.0,1.0,1.0,1.0,4.0,4.0,3.0,5.0,3.0,2.0,6.0,2.0,3.0,2.0,6.0,4.0,3.0,5.0,3.0,4.0,3.0,5.0,1.0,1.0,1.0,2.0,2.0,1.0,1.0,1.0,1.0,1.0,1.0,1.0,11173626192.0,101821020.0,4640860.0,0.051490285714285704,10.0,514.0,514.0,1.1377100159681559e+18,1.0,1.422764642857143,78.57142857142857,78.57142857142857
2048000.0,32000.0,256.0,64.0,2.0,22.0,28.0,34.0,2.0,6.0,4.0,4.0,3.0,6.0,2.0,2.0,5.0,5.0,5.0,1.0,5.0,4.0,1.0,3.0,1.0,1.0,1.0,5.0,1.0,5.0,5.0,1.0,48.0,1.0,1.0,36.0,288.0,1.0,1.0,1.0,1.0,1.0,1.0,1.0,2.0,3.0,5.0,4.0,1.0,2.0,2.0,2.0,1.0,5.0,3.0,2.0,5.0,1.0,5.0,4.0,6.0,6.0,2.0,8.0,1.0,4.0,128.0,1.0,64.0,32.0,1.0,1.0,1.0,1.0,3.0,5.0,6.0,3.0,1.0,3.0,2.0,5.0,5.0,3.0,2.0,5.0,4.0,4.0,3.0,6.0,6.0,6.0,16.0,1.0,1.0,16.0,32.0,1.0,4.0,2.0,1.0,1.0,1.0,1.0,2.0,3.0,6.0,4.0,6.0,3.0,2.0,4.0,6.0,2.0,2.0,2.0,3.0,2.0,3.0,4.0,4.0,2.0,128.0,64.0,1.0,96.0,96.0,1.0,1.0,1.0,1.0,1.0,1.0,1.0,4.0,3.0,4.0,5.0,5.0,4.0,5.0,2.0,6.0,5.0,5.0,2.0,3.0,4.0,4.0,2.0,4.0,2.0,192.0,96.0,1.0,16.0,96.0,1.0,1.0,1.0,1.0,1.0,1.0,1.0,3.0,5.0,1.0,5.0,4.0,6.0,2.0,2.0,2.0,1.0,1.0,3.0,1.0,3.0,4.0,3.0,2.0,1.0,192.0,48.0,1.0,16.0,384.0,1.0,1.0,1.0,1.0,1.0,1.0,1.0,552739020.0,31091314.759999998,828794000.0,4.813726071428571,952.0,514.0,286720.0,1.7185382850953934e+16,13.170067857142856,7.104872439285716,78.57142857142857,37276.0
256.0,2048000.0,256.0,64.0,3.0,6.0,16.0,40.0,1.0,6.0,3.0,3.0,6.0,4.0,2.0,6.0,6.0,5.0,5.0,2.0,3.0,6.0,3.0,4.0,1.0,2.0,1.0,5.0,5.0,3.0,2.0,6.0,128.0,24.0,1.0,384.0,96.0,1.0,1.0,1.0,1.0,1.0,1.0,1.0,5.0,1.0,4.0,1.0,1.0,2.0,2.0,5.0,4.0,6.0,3.0,5.0,6.0,4.0,5.0,3.0,1.0,3.0,8.0,1.0,1.0,1.0,1.0,1.0,64.0,32.0,1.0,1.0,1.0,1.0,4.0,3.0,6.0,2.0,6.0,2.0,4.0,5.0,2.0,5.0,3.0,1.0,4.0,3.0,1.0,6.0,3.0,2.0,32.0,8.0,1.0,128.0,128.0,1.0,32.0,64.0,1.0,1.0,1.0,1.0,6.0,4.0,5.0,4.0,6.0,4.0,5.0,4.0,4.0,4.0,1.0,3.0,1.0,5.0,5.0,6.0,6.0,4.0,256.0,24.0,1.0,4.0,96.0,1.0,1.0,1.0,1.0,1.0,1.0,1.0,3.0,3.0,5.0,5.0,2.0,5.0,1.0,3.0,4.0,1.0,5.0,2.0,5.0,4.0,6.0,2.0,1.0,6.0,128.0,3.0,1.0,8.0,768.0,1.0,1.0,1.0,1.0,1.0,1.0,1.0,4.0,3.0,3.0,3.0,4.0,1.0,2.0,2.0,4.0,6.0,5.0,5.0,1.0,6.0,2.0,2.0,6.0,1.0,512.0,2.0,1.0,1.0,3.0,1.0,1.0,1.0,1.0,1.0,1.0,1.0,2374715760.0,17994613.2,8992300000.0,24.188564285714286,3840.0,514.0,1409024.0,4.273209156114403e+16,3.6347017857142854,0.3010358464285715,78.57142857142857,130363.42857142857
32000.0,128000.0,256.0,64.0,3.0,2.0,2.0,36.0,2.0,4.0,3.0,4.0,6.0,3.0,4.0,2.0,6.0,1.0,5.0,4.0,5.0,6.0,4.0,6.0,6.0,3.0,5.0,3.0,5.0,1.0,5.0,3.0,8.0,6.0,1.0,256.0,16.0,1.0,1.0,1.0,1.0,1.0,1.0,1.0,5.0,6.0,1.0,6.0,3.0,4.0,3.0,2.0,3.0,3.0,6.0,4.0,4.0,2.0,2.0,2.0,1.0,2.0,64.0,64.0,1.0,8.0,32.0,1.0,16.0,32.0,1.0,1.0,1.0,1.0,1.0,6.0,1.0,4.0,1.0,5.0,4.0,4.0,6.0,6.0,4.0,5.0,6.0,4.0,5.0,6.0,6.0,1.0,128.0,16.0,1.0,4.0,2.0,1.0,32.0,2.0,1.0,1.0,1.0,1.0,2.0,5.0,5.0,3.0,1.0,2.0,3.0,2.0,1.0,6.0,4.0,3.0,1.0,1.0,3.0,6.0,3.0,2.0,384.0,4.0,1.0,2.0,24.0,1.0,1.0,1.0,1.0,1.0,1.0,1.0,6.0,4.0,3.0,2.0,2.0,6.0,1.0,3.0,5.0,6.0,1.0,1.0,5.0,6.0,4.0,5.0,1.0,2.0,6.0,16.0,1.0,2.0,3072.0,1.0,1.0,1.0,1.0,1.0,1.0,1.0,3.0,6.0,5.0,3.0,2.0,3.0,3.0,5.0,1.0,2.0,6.0,5.0,1.0,3.0,4.0,6.0,4.0,4.0,48.0,3072.0,1.0,64.0,384.0,1.0,1.0,1.0,1.0,1.0,1.0,1.0,5590100544.0,20325675.16,67034000.0,1.2250575714285714,144.0,514.0,3244032.0,1.1362256776908328e+17,2.0,0.12134178571428571,78.57142857142857,162998.85714285713
64000.0,2048000.0,256.0,64.0,2.0,34.0,42.0,46.0,3.0,3.0,5.0,4.0,1.0,5.0,2.0,4.0,5.0,3.0,2.0,6.0,6.0,2.0,1.0,1.0,5.0,1.0,1.0,6.0,1.0,5.0,2.0,4.0,384.0,64.0,1.0,128.0,3.0,1.0,1.0,1.0,1.0,1.0,1.0,1.0,2.0,5.0,6.0,4.0,3.0,3.0,2.0,5.0,4.0,4.0,2.0,1.0,6.0,2.0,3.0,2.0,2.0,6.0,32.0,16.0,1.0,2.0,8.0,1.0,1.0,4.0,1.0,1.0,1.0,1.0,6.0,6.0,2.0,1.0,3.0,5.0,1.0,2.0,1.0,1.0,6.0,6.0,3.0,1.0,6.0,5.0,3.0,3.0,4.0,1.0,1.0,128.0,64.0,1.0,2.0,16.0,1.0,1.0,1.0,1.0,4.0,3.0,4.0,6.0,2.0,6.0,6.0,6.0,3.0,6.0,5.0,1.0,4.0,6.0,1.0,5.0,6.0,1.0,4.0,2.0,1.0,64.0,128.0,1.0,1.0,1.0,1.0,1.0,1.0,1.0,6.0,2.0,1.0,3.0,2.0,5.0,3.0,6.0,3.0,1.0,5.0,5.0,4.0,1.0,6.0,5.0,2.0,3.0,16.0,256.0,1.0,768.0,1536.0,1.0,1.0,1.0,1.0,1.0,1.0,1.0,6.0,1.0,6.0,5.0,6.0,6.0,2.0,1.0,2.0,1.0,2.0,6.0,4.0,5.0,1.0,1.0,3.0,6.0,32.0,4.0,1.0,12.0,32.0,1.0,1.0,1.0,1.0,1.0,1.0,1.0,10882017192.0,25695405.880000003,2646030000.0,10.378862857142856,1932.0,514.0,225280.0,2.7961784854157792e+17,27.571428571428573,20.122675064285712,78.57142857142857,13730.285714285714
256000.0,128000.0,256.0,64.0,2.0,8.0,30.0,18.0,6.0,3.0,2.0,6.0,2.0,2.0,2.0,1.0,5.0,3.0,2.0,5.0,3.0,3.0,4.0,3.0,2.0,5.0,2.0,1.0,1.0,1.0,4.0,5.0,4.0,3.0,1.0,128.0,96.0,1.0,1.0,1.0,1.0,1.0,1.0,1.0,3.0,4.0,4.0,2.0,2.0,4.0,2.0,6.0,1.0,3.0,5.0,2.0,4.0,1.0,6.0,1.0,3.0,3.0,16.0,16.0,1.0,32.0,8.0,1.0,1.0,128.0,1.0,1.0,1.0,1.0,6.0,6.0,2.0,2.0,4.0,3.0,3.0,3.0,6.0,2.0,3.0,4.0,3.0,3.0,4.0,2.0,6.0,6.0,128.0,1.0,1.0,4.0,1.0,1.0,8.0,64.0,1.0,1.0,1.0,1.0,4.0,2.0,3.0,6.0,3.0,4.0,1.0,6.0,6.0,6.0,3.0,3.0,6.0,5.0,3.0,2.0,4.0,1.0,8.0,96.0,1.0,32.0,384.0,1.0,1.0,1.0,1.0,1.0,1.0,1.0,4.0,6.0,3.0,3.0,6.0,6.0,4.0,1.0,2.0,5.0,6.0,4.0,4.0,6.0,6.0,5.0,4.0,6.0,6.0,2.0,1.0,384.0,384.0,1.0,1.0,1.0,1.0,1.0,1.0,1.0,5.0,2.0,5.0,4.0,4.0,2.0,2.0,1.0,5.0,6.0,1.0,4.0,5.0,3.0,6.0,3.0,2.0,6.0,192.0,3072.0,1.0,3.0,256.0,1.0,1.0,1.0,1.0,1.0,1.0,1.0,527187036.0,18392789.78,357126000.0,2.7025775000000003,540.0,514.0,805632.0,9696440327889292.0,16.18510357142857,1.5720404642857144,78.57142857142857,40569.71428571428
512.0,4096000.0,256.0,64.0,3.0,32.0,38.0,10.0,6.0,2.0,4.0,3.0,3.0,3.0,5.0,2.0,1.0,2.0,5.0,4.0,5.0,1.0,2.0,4.0,2.0,4.0,2.0,4.0,4.0,4.0,4.0,1.0,24.0,32.0,1.0,1152.0,8.0,1.0,1.0,1.0,1.0,1.0,1.0,1.0,4.0,3.0,5.0,4.0,3.0,5.0,6.0,1.0,6.0,6.0,6.0,1.0,1.0,1.0,2.0,2.0,6.0,6.0,2.0,32.0,1.0,4.0,8.0,1.0,1.0,4.0,1.0,1.0,1.0,1.0,4.0,2.0,2.0,5.0,4.0,2.0,4.0,3.0,6.0,6.0,5.0,1.0,4.0,6.0,2.0,3.0,2.0,4.0,32.0,4.0,1.0,1.0,32.0,1.0,4.0,32.0,1.0,1.0,1.0,1.0,2.0,2.0,1.0,4.0,3.0,1.0,2.0,5.0,1.0,2.0,6.0,2.0,4.0,2.0,1.0,1.0,2.0,6.0,1.0,1.0,1.0,24.0,128.0,1.0,1.0,1.0,1.0,1.0,1.0,1.0,6.0,2.0,2.0,2.0,3.0,5.0,1.0,6.0,4.0,1.0,3.0,1.0,3.0,3.0,5.0,3.0,5.0,2.0,6.0,32.0,1.0,16.0,192.0,1.0,1.0,1.0,1.0,1.0,1.0,1.0,3.0,2.0,1.0,1.0,1.0,3.0,6.0,3.0,6.0,6.0,2.0,1.0,2.0,1.0,2.0,4.0,4.0,6.0,192.0,8.0,1.0,32.0,2.0,1.0,1.0,1.0,1.0,1.0,1.0,1.0,545599176.0,18031004.04,80031300000.0,119.98889285714286,12160.0,514.0,2260992.0,9837700946676670.0,20.571428571428573,1.033234117857143,78.57142857142857,145801.14285714287
4096.0,32000000.0,256.0,64.0,1.0,46.0,14.0,2.0,6.0,1.0,2.0,4.0,3.0,4.0,6.0,6.0,1.0,3.0,5.0,5.0,3.0,5.0,1.0,4.0,1.0,2.0,6.0,3.0,4.0,3.0,1.0,6.0,768.0,384.0,1.0,9.0,6.0,1.0,1.0,1.0,1.0,1.0,1.0,1.0,5.0,1.0,1.0,3.0,6.0,5.0,6.0,2.0,5.0,4.0,6.0,5.0,3.0,5.0,3.0,4.0,2.0,4.0,2.0,1.0,1.0,2.0,4.0,1.0,2.0,64.0,1.0,1.0,1.0,1.0,5.0,5.0,4.0,1.0,2.0,3.0,2.0,2.0,6.0,4.0,3.0,5.0,2.0,4.0,4.0,1.0,1.0,2.0,32.0,64.0,1.0,16.0,16.0,1.0,2.0,1.0,1.0,1.0,1.0,1.0,6.0,4.0,4.0,6.0,1.0,4.0,4.0,6.0,3.0,4.0,6.0,3.0,6.0,1.0,2.0,4.0,2.0,5.0,2.0,192.0,1.0,3.0,384.0,1.0,1.0,1.0,1.0,1.0,1.0,1.0,3.0,1.0,4.0,5.0,3.0,3.0,6.0,3.0,2.0,6.0,4.0,1.0,1.0,1.0,2.0,5.0,1.0,2.0,384.0,32.0,1.0,32.0,256.0,1.0,1.0,1.0,1.0,1.0,1.0,1.0,3.0,5.0,3.0,6.0,4.0,3.0,6.0,1.0,5.0,4.0,5.0,6.0,3.0,2.0,5.0,3.0,2.0,3.0,1.0,2.0,1.0,96.0,32.0,1.0,1.0,1.0,1.0,1.0,1.0,1.0,5586813312.0,44150565.60000001,1518290.0,0.0156601,2.0,514.0,772.0,2.466609676264093e+17,2.0,2.7075032142857145,78.57142857142857,118.85714285714286
256000.0,2048000.0,256.0,64.0,1.0,8.0,14.0,38.0,4.0,5.0,6.0,3.0,2.0,4.0,1.0,1.0,6.0,5.0,5.0,2.0,4.0,3.0,3.0,1.0,2.0,3.0,6.0,2.0,3.0,1.0,1.0,6.0,4.0,128.0,1.0,32.0,9.0,1.0,1.0,1.0,1.0,1.0,1.0,1.0,3.0,4.0,4.0,2.0,3.0,1.0,3.0,5.0,1.0,5.0,6.0,2.0,3.0,6.0,6.0,1.0,4.0,5.0,1.0,4.0,1.0,1.0,64.0,1.0,64.0,2.0,1.0,1.0,1.0,1.0,6.0,1.0,1.0,5.0,3.0,4.0,4.0,3.0,5.0,2.0,4.0,1.0,3.0,4.0,6.0,4.0,6.0,2.0,16.0,1.0,1.0,1.0,1.0,1.0,8.0,16.0,1.0,1.0,1.0,1.0,5.0,5.0,5.0,1.0,5.0,1.0,3.0,4.0,4.0,6.0,6.0,6.0,4.0,2.0,6.0,6.0,2.0,5.0,32.0,32.0,1.0,768.0,1.0,1.0,1.0,1.0,1.0,1.0,1.0,1.0,4.0,4.0,4.0,6.0,6.0,1.0,5.0,2.0,2.0,6.0,3.0,3.0,1.0,6.0,4.0,1.0,5.0,1.0,4.0,384.0,1.0,768.0,24.0,1.0,1.0,1.0,1.0,1.0,1.0,1.0,4.0,1.0,5.0,4.0,3.0,3.0,1.0,1.0,5.0,1.0,5.0,4.0,3.0,1.0,2.0,4.0,2.0,6.0,3072.0,128.0,1.0,48.0,8.0,1.0,1.0,1.0,1.0,1.0,1.0,1.0,10881073488.0,84283788.0,16095200.0,0.1781765714285715,38.0,514.0,514.0,9.170980910750126e+17,27.571428571428573,28.41882214285714,78.57142857142857,205.42857142857142
256000.0,32000000.0,256.0,64.0,3.0,10.0,26.0,16.0,6.0,1.0,4.0,4.0,3.0,6.0,3.0,6.0,5.0,6.0,5.0,5.0,5.0,1.0,6.0,3.0,5.0,1.0,3.0,6.0,1.0,3.0,1.0,1.0,2.0,1.0,1.0,18.0,128.0,1.0,1.0,1.0,1.0,1.0,1.0,1.0,6.0,1.0,4.0,2.0,6.0,5.0,6.0,6.0,2.0,3.0,5.0,4.0,3.0,3.0,4.0,4.0,1.0,3.0,64.0,4.0,1.0,16.0,128.0,1.0,2.0,64.0,1.0,1.0,1.0,1.0,3.0,3.0,6.0,6.0,3.0,6.0,4.0,1.0,2.0,1.0,3.0,2.0,6.0,4.0,3.0,4.0,3.0,5.0,128.0,8.0,1.0,64.0,1.0,1.0,16.0,16.0,1.0,1.0,1.0,1.0,1.0,3.0,2.0,5.0,4.0,5.0,1.0,2.0,1.0,4.0,5.0,2.0,6.0,4.0,3.0,6.0,5.0,2.0,24.0,6.0,1.0,256.0,128.0,1.0,1.0,1.0,1.0,1.0,1.0,1.0,1.0,1.0,5.0,2.0,6.0,6.0,4.0,5.0,6.0,5.0,6.0,2.0,1.0,5.0,6.0,1.0,2.0,1.0,128.0,1.0,1.0,3072.0,6.0,1.0,1.0,1.0,1.0,1.0,1.0,1.0,2.0,6.0,2.0,5.0,2.0,3.0,4.0,3.0,3.0,5.0,3.0,4.0,2.0,2.0,2.0,6.0,2.0,3.0,1024.0,32.0,1.0,16.0,256.0,1.0,1.0,1.0,1.0,1.0,1.0,1.0,2289657036.0,18426138.02,10420400000.0,27.431032142857145,4160.0,514.0,5701632.0,4.2189536563800104e+16,8.673076785714287,0.1784187857142857,78.57142857142857,327899.4285714286
512.0,4096000.0,256.0,64.0,3.0,18.0,30.0,24.0,4.0,5.0,2.0,5.0,1.0,2.0,5.0,5.0,3.0,5.0,4.0,3.0,4.0,2.0,2.0,4.0,5.0,1.0,1.0,4.0,3.0,6.0,2.0,5.0,192.0,48.0,1.0,96.0,48.0,1.0,1.0,1.0,1.0,1.0,1.0,1.0,3.0,4.0,5.0,3.0,3.0,6.0,1.0,1.0,6.0,6.0,2.0,4.0,5.0,2.0,5.0,6.0,5.0,2.0,2.0,8.0,1.0,2.0,128.0,1.0,8.0,2.0,1.0,1.0,1.0,1.0,2.0,4.0,5.0,6.0,1.0,5.0,5.0,1.0,6.0,4.0,3.0,6.0,4.0,2.0,3.0,1.0,5.0,5.0,8.0,64.0,1.0,32.0,4.0,1.0,1.0,64.0,1.0,1.0,1.0,1.0,6.0,2.0,2.0,1.0,5.0,2.0,4.0,2.0,1.0,5.0,4.0,5.0,2.0,4.0,1.0,6.0,2.0,4.0,48.0,8.0,1.0,8.0,32.0,1.0,1.0,1.0,1.0,1.0,1.0,1.0,4.0,2.0,3.0,5.0,5.0,5.0,6.0,5.0,6.0,1.0,1.0,4.0,5.0,6.0,6.0,2.0,3.0,6.0,24.0,384.0,1.0,32.0,8.0,1.0,1.0,1.0,1.0,1.0,1.0,1.0,4.0,6.0,6.0,3.0,2.0,2.0,5.0,1.0,2.0,6.0,1.0,1.0,2.0,4.0,2.0,2.0,2.0,2.0,256.0,8.0,1.0,2.0,48.0,1.0,1.0,1.0,1.0,1.0,1.0,1.0,157697760.0,18087891.619999997,90579900000.0,132.2820357142857,12960.0,514.0,1155072.0,2852419991596771.0,46.57142857142857,0.3723955,78.57142857142857,114084.57142857143
256000.0,4096000.0,256.0,64.0,2.0,22.0,28.0,30.0,5.0,5.0,3.0,6.0,3.0,5.0,4.0,4.0,4.0,3.0,1.0,3.0,4.0,2.0,1.0,3.0,1.0,5.0,2.0,3.0,2.0,3.0,5.0,4.0,1.0,4.0,1.0,24.0,288.0,1.0,1.0,1.0,1.0,1.0,1.0,1.0,3.0,2.0,2.0,2.0,6.0,2.0,4.0,3.0,1.0,2.0,3.0,6.0,5.0,4.0,5.0,6.0,2.0,5.0,16.0,64.0,1.0,2.0,2.0,1.0,2.0,128.0,1.0,1.0,1.0,1.0,3.0,1.0,6.0,2.0,6.0,5.0,1.0,4.0,4.0,5.0,5.0,3.0,5.0,2.0,1.0,4.0,1.0,1.0,2.0,2.0,1.0,4.0,4.0,1.0,1.0,1.0,1.0,1.0,1.0,1.0,5.0,1.0,2.0,3.0,5.0,6.0,1.0,5.0,2.0,6.0,3.0,4.0,4.0,2.0,4.0,5.0,2.0,3.0,2.0,6.0,1.0,64.0,12.0,1.0,1.0,1.0,1.0,1.0,1.0,1.0,1.0,4.0,6.0,2.0,3.0,5.0,1.0,6.0,5.0,3.0,6.0,3.0,1.0,1.0,4.0,1.0,5.0,4.0,3.0,768.0,1.0,4.0,1.0,1.0,1.0,1.0,1.0,1.0,1.0,1.0,6.0,3.0,4.0,3.0,3.0,3.0,5.0,6.0,4.0,3.0,2.0,2.0,3.0,5.0,6.0,2.0,1.0,4.0,256.0,1.0,1.0,6.0,192.0,1.0,1.0,1.0,1.0,1.0,1.0,1.0,8133968232.0,73463401.04,683407000.0,4.0952424999999995,840.0,514.0,6448.0,5.975489702740358e+17,7.964285714285714,3.8056801071428574,78.57142857142857,531.5
512000.0,8192000.0,256.0,64.0,1.0,38.0,44.0,22.0,1.0,3.0,6.0,4.0,6.0,3.0,1.0,1.0,3.0,1.0,3.0,1.0,3.0,1.0,5.0,3.0,1.0,6.0,2.0,5.0,3.0,1.0,4.0,3.0,256.0,192.0,1.0,384.0,576.0,1.0,1.0,1.0,1.0,1.0,1.0,1.0,1.0,4.0,1.0,5.0,4.0,1.0,4.0,3.0,3.0,1.0,6.0,4.0,1.0,1.0,1.0,5.0,3.0,4.0,2.0,64.0,1.0,8.0,8.0,1.0,128.0,128.0,1.0,1.0,1.0,1.0,2.0,1.0,4.0,6.0,4.0,1.0,2.0,5.0,3.0,4.0,5.0,3.0,5.0,2.0,3.0,4.0,3.0,5.0,64.0,2.0,1.0,16.0,64.0,1.0,16.0,8.0,1.0,1.0,1.0,1.0,2.0,4.0,3.0,6.0,1.0,6.0,3.0,5.0,1.0,1.0,2.0,4.0,3.0,2.0,6.0,2.0,6.0,2.0,16.0,24.0,1.0,96.0,6.0,1.0,1.0,1.0,1.0,1.0,1.0,1.0,6.0,3.0,2.0,6.0,2.0,3.0,4.0,2.0,6.0,1.0,3.0,2.0,3.0,4.0,6.0,1.0,1.0,2.0,384.0,96.0,1.0,512.0,1024.0,1.0,1.0,1.0,1.0,1.0,1.0,1.0,5.0,4.0,1.0,1.0,1.0,1.0,1.0,2.0,1.0,6.0,1.0,3.0,6.0,2.0,3.0,2.0,3.0,2.0,1024.0,1536.0,1.0,3.0,48.0,1.0,1.0,1.0,1.0,1.0,1.0,1.0,10885792080.0,96129448.80000001,9452030.0,0.10569240000000002,22.0,514.0,514.0,1.0464451924018057e+18,18.428542857142862,18.43077214285714,78.57142857142857,150.57142857142858
256000.0,32000.0,256.0,64.0,2.0,12.0,34.0,44.0,3.0,2.0,2.0,4.0,4.0,3.0,5.0,1.0,1.0,4.0,1.0,4.0,1.0,3.0,3.0,4.0,3.0,5.0,5.0,1.0,3.0,2.0,5.0,5.0,128.0,48.0,1.0,64.0,96.0,1.0,1.0,1.0,1.0,1.0,1.0,1.0,2.0,4.0,2.0,3.0,6.0,5.0,3.0,2.0,4.0,6.0,2.0,1.0,5.0,5.0,3.0,5.0,1.0,3.0,16.0,8.0,1.0,64.0,128.0,1.0,1.0,128.0,1.0,1.0,1.0,1.0,6.0,6.0,5.0,2.0,6.0,1.0,5.0,1.0,6.0,5.0,2.0,2.0,4.0,3.0,4.0,5.0,1.0,6.0,2.0,64.0,1.0,32.0,8.0,1.0,32.0,2.0,1.0,1.0,1.0,1.0,2.0,1.0,6.0,4.0,3.0,4.0,5.0,1.0,3.0,4.0,3.0,3.0,1.0,2.0,1.0,6.0,4.0,1.0,384.0,1.0,1.0,6.0,384.0,1.0,1.0,1.0,1.0,1.0,1.0,1.0,2.0,1.0,5.0,4.0,6.0,6.0,5.0,4.0,3.0,5.0,1.0,5.0,5.0,4.0,5.0,3.0,3.0,4.0,128.0,24.0,1.0,128.0,256.0,1.0,1.0,1.0,1.0,1.0,1.0,1.0,2.0,3.0,6.0,6.0,6.0,4.0,2.0,6.0,5.0,1.0,4.0,2.0,3.0,5.0,1.0,6.0,5.0,1.0,1024.0,2.0,1.0,1.0,64.0,1.0,1.0,1.0,1.0,1.0,1.0,1.0,11193992244.0,48553965.879999995,1716650000.0,7.727510000000001,1496.0,514.0,45056.0,5.435127174761606e+17,1.0,0.6911967785714285,78.57142857142857,3476.0
2048.0,16000.0,256.0,64.0,2.0,20.0,46.0,28.0,3.0,5.0,3.0,1.0,1.0,5.0,5.0,2.0,3.0,3.0,5.0,5.0,4.0,5.0,1.0,5.0,6.0,6.0,6.0,1.0,2.0,6.0,3.0,1.0,96.0,256.0,1.0,768.0,256.0,1.0,1.0,1.0,1.0,1.0,1.0,1.0,1.0,1.0,2.0,2.0,6.0,5.0,6.0,6.0,1.0,3.0,4.0,1.0,4.0,5.0,6.0,2.0,5.0,4.0,4.0,1.0,1.0,32.0,128.0,1.0,1.0,1.0,1.0,1.0,1.0,1.0,3.0,4.0,5.0,6.0,1.0,1.0,3.0,2.0,6.0,5.0,2.0,3.0,3.0,6.0,2.0,4.0,2.0,2.0,1.0,8.0,1.0,16.0,8.0,1.0,1.0,8.0,1.0,1.0,1.0,1.0,3.0,5.0,5.0,6.0,5.0,6.0,2.0,2.0,3.0,2.0,5.0,1.0,3.0,6.0,2.0,1.0,3.0,5.0,768.0,6.0,1.0,8.0,32.0,1.0,1.0,1.0,1.0,1.0,1.0,1.0,3.0,4.0,2.0,6.0,2.0,2.0,6.0,2.0,6.0,4.0,2.0,6.0,6.0,5.0,1.0,3.0,2.0,4.0,8.0,16.0,1.0,6.0,64.0,1.0,1.0,1.0,1.0,1.0,1.0,1.0,6.0,5.0,6.0,5.0,3.0,2.0,2.0,6.0,2.0,4.0,3.0,3.0,6.0,1.0,3.0,6.0,4.0,2.0,48.0,256.0,1.0,16.0,1.0,1.0,1.0,1.0,1.0,1.0,1.0,1.0,545040888.0,22783011.739999995,1341650000.0,6.675104642857144,1288.0,514.0,991232.0,1.2417672950084022e+16,13.17297142857143,7.4367817857142855,78.57142857142857,43156.0
16000.0,1024000.0,256.0,64.0,3.0,28.0,22.0,30.0,6.0,5.0,3.0,4.0,1.0,3.0,5.0,2.0,1.0,2.0,2.0,4.0,4.0,1.0,6.0,1.0,2.0,1.0,5.0,4.0,4.0,5.0,3.0,5.0,3.0,256.0,1.0,2.0,2304.0,1.0,1.0,1.0,1.0,1.0,1.0,1.0,1.0,6.0,3.0,4.0,3.0,4.0,3.0,6.0,5.0,2.0,1.0,1.0,5.0,5.0,5.0,1.0,4.0,1.0,1.0,32.0,1.0,32.0,128.0,1.0,1.0,32.0,1.0,1.0,1.0,1.0,2.0,3.0,3.0,1.0,3.0,6.0,5.0,5.0,4.0,3.0,2.0,6.0,1.0,6.0,2.0,5.0,4.0,2.0,4.0,128.0,1.0,4.0,2.0,1.0,16.0,16.0,1.0,1.0,1.0,1.0,5.0,1.0,4.0,1.0,4.0,6.0,2.0,5.0,5.0,5.0,4.0,6.0,5.0,4.0,4.0,5.0,3.0,1.0,96.0,6.0,1.0,32.0,16.0,1.0,1.0,1.0,1.0,1.0,1.0,1.0,4.0,3.0,5.0,1.0,6.0,6.0,6.0,1.0,6.0,6.0,4.0,2.0,5.0,3.0,1.0,4.0,4.0,2.0,16.0,96.0,1.0,32.0,8.0,1.0,1.0,1.0,1.0,1.0,1.0,1.0,2.0,1.0,2.0,2.0,4.0,3.0,4.0,3.0,5.0,6.0,4.0,3.0,4.0,3.0,5.0,6.0,3.0,6.0,6.0,96.0,1.0,48.0,128.0,1.0,1.0,1.0,1.0,1.0,1.0,1.0,392275980.0,17880272.760000005,181145000000.0,233.57310714285714,18480.0,514.0,4325376.0,7014001519596307.0,10.043125,0.18824404642857143,78.57142857142857,237476.57142857142
256000.0,1024000.0,256.0,64.0,3.0,28.0,34.0,44.0,6.0,5.0,1.0,1.0,1.0,5.0,1.0,2.0,5.0,3.0,5.0,3.0,4.0,6.0,3.0,2.0,1.0,4.0,6.0,2.0,5.0,4.0,2.0,5.0,24.0,256.0,1.0,128.0,6.0,1.0,1.0,1.0,1.0,1.0,1.0,1.0,6.0,2.0,1.0,2.0,1.0,3.0,4.0,1.0,6.0,3.0,4.0,3.0,5.0,3.0,1.0,4.0,1.0,5.0,2.0,32.0,1.0,64.0,64.0,1.0,128.0,16.0,1.0,1.0,1.0,1.0,1.0,4.0,1.0,6.0,3.0,4.0,5.0,5.0,4.0,5.0,3.0,1.0,4.0,3.0,6.0,1.0,6.0,3.0,64.0,128.0,1.0,16.0,32.0,1.0,64.0,1.0,1.0,1.0,1.0,1.0,5.0,1.0,2.0,4.0,3.0,2.0,4.0,5.0,3.0,2.0,1.0,4.0,3.0,6.0,6.0,4.0,2.0,4.0,12.0,12.0,1.0,32.0,32.0,1.0,1.0,1.0,1.0,1.0,1.0,1.0,2.0,6.0,6.0,3.0,5.0,6.0,5.0,1.0,2.0,5.0,2.0,5.0,6.0,3.0,4.0,3.0,6.0,6.0,4.0,192.0,1.0,32.0,64.0,1.0,1.0,1.0,1.0,1.0,1.0,1.0,6.0,1.0,1.0,6.0,1.0,1.0,4.0,1.0,3.0,4.0,5.0,2.0,6.0,3.0,5.0,5.0,2.0,3.0,8.0,1.0,1.0,32.0,16.0,1.0,1.0,1.0,1.0,1.0,1.0,1.0,755205936.0,17761488.720000003,910270000000.0,957.3724285714285,41888.0,514.0,425984.0,1.3413581713541044e+16,7.078228571428572,0.03550173928571428,78.57142857142857,63158.857142857145
256.0,32000000.0,256.0,64.0,3.0,10.0,26.0,12.0,2.0,1.0,1.0,6.0,6.0,6.0,4.0,4.0,5.0,3.0,1.0,6.0,1.0,6.0,6.0,2.0,4.0,3.0,6.0,5.0,1.0,5.0,5.0,4.0,96.0,16.0,1.0,18.0,16.0,1.0,1.0,1.0,1.0,1.0,1.0,1.0,3.0,6.0,2.0,2.0,2.0,5.0,3.0,4.0,1.0,4.0,2.0,5.0,5.0,4.0,2.0,1.0,1.0,2.0,64.0,16.0,1.0,4.0,4.0,1.0,32.0,128.0,1.0,1.0,1.0,1.0,4.0,2.0,1.0,1.0,3.0,4.0,2.0,6.0,2.0,4.0,6.0,3.0,3.0,5.0,2.0,3.0,6.0,5.0,16.0,2.0,1.0,8.0,64.0,1.0,32.0,16.0,1.0,1.0,1.0,1.0,5.0,3.0,1.0,4.0,2.0,4.0,4.0,3.0,3.0,2.0,4.0,1.0,2.0,3.0,5.0,3.0,4.0,4.0,2.0,8.0,1.0,12.0,12.0,1.0,1.0,1.0,1.0,1.0,1.0,1.0,2.0,3.0,4.0,2.0,1.0,2.0,6.0,6.0,5.0,3.0,3.0,5.0,1.0,3.0,2.0,5.0,5.0,6.0,768.0,64.0,1.0,32.0,8.0,1.0,1.0,1.0,1.0,1.0,1.0,1.0,6.0,4.0,5.0,5.0,5.0,5.0,5.0,1.0,6.0,6.0,1.0,1.0,3.0,5.0,5.0,3.0,1.0,3.0,16.0,128.0,1.0,256.0,6.0,1.0,1.0,1.0,1.0,1.0,1.0,1.0,11175422112.0,18489232.64,6161510000.0,18.397978571428567,3120.0,514.0,253952.0,2.0662497927896813e+17,1.0,0.004795629285714286,78.57142857142857,27028.571428571428
1024000.0,256000.0,256.0,64.0,1.0,34.0,28.0,48.0,6.0,5.0,3.0,2.0,2.0,1.0,3.0,5.0,1.0,5.0,2.0,6.0,2.0,4.0,6.0,4.0,6.0,1.0,5.0,2.0,1.0,2.0,1.0,1.0,8.0,6.0,1.0,6.0,256.0,1.0,1.0,1.0,1.0,1.0,1.0,1.0,4.0,1.0,1.0,6.0,4.0,3.0,5.0,3.0,5.0,6.0,4.0,5.0,3.0,2.0,6.0,6.0,5.0,5.0,16.0,32.0,1.0,16.0,64.0,1.0,4.0,64.0,1.0,1.0,1.0,1.0,1.0,2.0,1.0,3.0,1.0,5.0,3.0,6.0,5.0,3.0,1.0,4.0,1.0,6.0,1.0,4.0,5.0,3.0,8.0,2.0,1.0,16.0,128.0,1.0,32.0,32.0,1.0,1.0,1.0,1.0,3.0,5.0,1.0,6.0,2.0,3.0,4.0,6.0,3.0,1.0,3.0,4.0,5.0,1.0,5.0,3.0,3.0,2.0,64.0,384.0,1.0,8.0,3.0,1.0,1.0,1.0,1.0,1.0,1.0,1.0,2.0,5.0,6.0,3.0,2.0,2.0,3.0,6.0,1.0,4.0,5.0,6.0,2.0,2.0,6.0,5.0,5.0,4.0,8.0,96.0,1.0,64.0,32.0,1.0,1.0,1.0,1.0,1.0,1.0,1.0,2.0,5.0,3.0,3.0,2.0,5.0,1.0,3.0,5.0,4.0,2.0,1.0,1.0,6.0,5.0,6.0,2.0,2.0,16.0,12.0,1.0,256.0,8.0,1.0,1.0,1.0,1.0,1.0,1.0,1.0,234751440.0,37177036.8,20381000.0,0.2296288571428572,48.0,514.0,12640.0,8727362923732991.0,38.85715714285714,34.018743928571425,78.57142857142857,1972.0
2048000.0,32000000.0,256.0,64.0,3.0,16.0,26.0,14.0,4.0,5.0,1.0,4.0,4.0,5.0,2.0,1.0,5.0,2.0,4.0,3.0,2.0,1.0,2.0,1.0,4.0,2.0,6.0,4.0,3.0,2.0,6.0,6.0,96.0,4.0,1.0,48.0,288.0,1.0,1.0,1.0,1.0,1.0,1.0,1.0,5.0,1.0,1.0,5.0,1.0,3.0,2.0,6.0,5.0,2.0,3.0,4.0,1.0,6.0,2.0,2.0,2.0,1.0,2.0,2.0,1.0,128.0,8.0,1.0,16.0,64.0,1.0,1.0,1.0,1.0,5.0,2.0,6.0,6.0,5.0,2.0,5.0,3.0,4.0,1.0,4.0,5.0,3.0,2.0,5.0,6.0,4.0,6.0,2.0,2.0,1.0,1.0,2.0,1.0,64.0,8.0,1.0,1.0,1.0,1.0,2.0,5.0,2.0,6.0,3.0,2.0,2.0,5.0,3.0,4.0,2.0,5.0,2.0,3.0,4.0,3.0,2.0,5.0,256.0,256.0,1.0,3.0,96.0,1.0,1.0,1.0,1.0,1.0,1.0,1.0,4.0,3.0,5.0,6.0,4.0,5.0,2.0,3.0,2.0,2.0,3.0,6.0,4.0,2.0,1.0,3.0,2.0,3.0,256.0,8.0,1.0,48.0,192.0,1.0,1.0,1.0,1.0,1.0,1.0,1.0,6.0,5.0,2.0,5.0,5.0,2.0,4.0,4.0,2.0,5.0,4.0,1.0,4.0,6.0,5.0,1.0,2.0,6.0,2.0,128.0,1.0,128.0,192.0,1.0,1.0,1.0,1.0,1.0,1.0,1.0,656296980.0,18563505.700000003,19526400000.0,41.63928214285714,5824.0,514.0,2424832.0,1.2183172729122788e+16,24.421035714285715,6.510049989285714,78.57142857142857,166966.85714285713
512.0,32000000.0,256.0,64.0,3.0,44.0,42.0,40.0,6.0,3.0,2.0,2.0,6.0,5.0,6.0,1.0,2.0,3.0,6.0,4.0,4.0,5.0,1.0,6.0,1.0,5.0,4.0,6.0,1.0,3.0,2.0,2.0,8.0,256.0,1.0,384.0,192.0,1.0,1.0,1.0,1.0,1.0,1.0,1.0,3.0,6.0,3.0,1.0,1.0,6.0,2.0,4.0,4.0,6.0,5.0,5.0,4.0,3.0,3.0,3.0,3.0,6.0,64.0,8.0,1.0,128.0,1.0,1.0,2.0,32.0,1.0,1.0,1.0,1.0,2.0,4.0,2.0,6.0,4.0,2.0,6.0,3.0,1.0,1.0,4.0,2.0,5.0,2.0,5.0,5.0,5.0,6.0,4.0,32.0,1.0,4.0,1.0,1.0,1.0,4.0,1.0,1.0,1.0,1.0,3.0,6.0,2.0,3.0,4.0,6.0,5.0,2.0,1.0,1.0,6.0,4.0,6.0,6.0,5.0,1.0,5.0,3.0,96.0,192.0,1.0,384.0,2.0,1.0,1.0,1.0,1.0,1.0,1.0,1.0,1.0,1.0,6.0,3.0,3.0,6.0,5.0,5.0,3.0,4.0,6.0,4.0,2.0,1.0,4.0,3.0,3.0,4.0,16.0,128.0,1.0,2.0,1024.0,1.0,1.0,1.0,1.0,1.0,1.0,1.0,1.0,5.0,6.0,5.0,4.0,2.0,2.0,6.0,5.0,5.0,5.0,5.0,1.0,4.0,6.0,4.0,6.0,4.0,1536.0,4.0,1.0,2.0,16.0,1.0,1.0,1.0,1.0,1.0,1.0,1.0,3758113644.0,17838246.000000004,2813010000000.0,2727.1078571428575,73920.0,514.0,2031616.0,6.703815567762844e+16,2.6785714285714284,0.33565842857142864,78.57142857142857,180676.57142857142
2048.0,32000000.0,256.0,64.0,1.0,34.0,38.0,4.0,2.0,4.0,4.0,1.0,3.0,3.0,3.0,1.0,4.0,3.0,2.0,6.0,2.0,3.0,5.0,3.0,3.0,3.0,4.0,1.0,5.0,5.0,3.0,6.0,384.0,48.0,1.0,128.0,6.0,1.0,1.0,1.0,1.0,1.0,1.0,1.0,5.0,2.0,3.0,1.0,2.0,5.0,1.0,6.0,1.0,4.0,1.0,3.0,1.0,1.0,2.0,3.0,1.0,4.0,32.0,1.0,1.0,8.0,4.0,1.0,64.0,64.0,1.0,1.0,1.0,1.0,3.0,3.0,1.0,2.0,1.0,3.0,6.0,2.0,5.0,1.0,4.0,1.0,2.0,2.0,6.0,1.0,1.0,2.0,128.0,8.0,1.0,32.0,64.0,1.0,32.0,8.0,1.0,1.0,1.0,1.0,6.0,3.0,2.0,4.0,4.0,2.0,6.0,2.0,6.0,4.0,6.0,3.0,6.0,1.0,5.0,2.0,4.0,4.0,128.0,48.0,1.0,48.0,768.0,1.0,1.0,1.0,1.0,1.0,1.0,1.0,2.0,2.0,4.0,3.0,3.0,6.0,4.0,4.0,3.0,3.0,2.0,5.0,3.0,6.0,5.0,3.0,4.0,2.0,4.0,192.0,1.0,4.0,256.0,1.0,1.0,1.0,1.0,1.0,1.0,1.0,2.0,1.0,5.0,5.0,1.0,6.0,1.0,3.0,5.0,5.0,4.0,6.0,3.0,1.0,4.0,5.0,4.0,5.0,3.0,128.0,1.0,384.0,16.0,1.0,1.0,1.0,1.0,1.0,1.0,1.0,2793406800.0,71592127.19999999,2290390.0,0.02493031428571428,4.0,514.0,1288.0,1.9998593494694493e+17,4.0,4.026477142857144,78.57142857142857,199.42857142857142
512.0,1024000.0,256.0,64.0,2.0,34.0,46.0,38.0,1.0,3.0,4.0,5.0,1.0,1.0,1.0,1.0,3.0,1.0,4.0,3.0,1.0,1.0,6.0,2.0,1.0,6.0,6.0,4.0,3.0,5.0,3.0,2.0,48.0,384.0,1.0,2304.0,144.0,1.0,1.0,1.0,1.0,1.0,1.0,1.0,6.0,6.0,4.0,5.0,3.0,5.0,6.0,5.0,5.0,3.0,5.0,4.0,3.0,2.0,4.0,4.0,4.0,1.0,8.0,1.0,1.0,1.0,2.0,1.0,128.0,64.0,1.0,1.0,1.0,1.0,5.0,3.0,5.0,3.0,4.0,4.0,4.0,4.0,4.0,1.0,6.0,6.0,6.0,5.0,6.0,4.0,1.0,6.0,1.0,8.0,1.0,4.0,128.0,1.0,16.0,32.0,1.0,1.0,1.0,1.0,2.0,3.0,6.0,1.0,5.0,4.0,1.0,5.0,5.0,4.0,1.0,6.0,3.0,4.0,2.0,1.0,5.0,3.0,384.0,2.0,1.0,1.0,48.0,1.0,1.0,1.0,1.0,1.0,1.0,1.0,2.0,6.0,4.0,5.0,5.0,6.0,3.0,6.0,5.0,2.0,3.0,5.0,1.0,2.0,1.0,1.0,3.0,1.0,64.0,384.0,1.0,8.0,192.0,1.0,1.0,1.0,1.0,1.0,1.0,1.0,2.0,2.0,1.0,6.0,3.0,5.0,1.0,6.0,2.0,2.0,3.0,2.0,5.0,1.0,3.0,4.0,5.0,2.0,12.0,512.0,1.0,96.0,24.0,1.0,1.0,1.0,1.0,1.0,1.0,1.0,10894207380.0,29994498.700000003,2230180000.0,9.219274999999998,1748.0,514.0,62976.0,3.267662890969404e+17,20.714285714285715,14.672654924999998,78.57142857142857,3503.8571428571427
16000.0,256000.0,256.0,64.0,1.0,28.0,38.0,24.0,1.0,4.0,2.0,2.0,2.0,5.0,5.0,6.0,6.0,6.0,3.0,5.0,1.0,6.0,4.0,3.0,5.0,4.0,1.0,3.0,1.0,6.0,4.0,5.0,24.0,6.0,1.0,192.0,128.0,1.0,1.0,1.0,1.0,1.0,1.0,1.0,1.0,4.0,2.0,2.0,5.0,5.0,3.0,4.0,6.0,5.0,6.0,6.0,6.0,3.0,6.0,2.0,1.0,4.0,1.0,32.0,1.0,128.0,8.0,1.0,32.0,8.0,1.0,1.0,1.0,1.0,2.0,6.0,1.0,2.0,2.0,1.0,6.0,6.0,6.0,5.0,1.0,3.0,2.0,2.0,5.0,2.0,3.0,3.0,128.0,8.0,1.0,4.0,2.0,1.0,64.0,2.0,1.0,1.0,1.0,1.0,1.0,3.0,5.0,2.0,4.0,1.0,6.0,4.0,3.0,3.0,3.0,2.0,3.0,5.0,4.0,2.0,4.0,6.0,384.0,6.0,1.0,1.0,2.0,1.0,1.0,1.0,1.0,1.0,1.0,1.0,3.0,1.0,6.0,4.0,5.0,5.0,2.0,3.0,1.0,6.0,4.0,4.0,3.0,6.0,1.0,1.0,3.0,3.0,384.0,32.0,1.0,12.0,6.0,1.0,1.0,1.0,1.0,1.0,1.0,1.0,2.0,1.0,6.0,4.0,6.0,1.0,4.0,1.0,1.0,3.0,1.0,4.0,6.0,5.0,2.0,4.0,2.0,6.0,1.0,1536.0,1.0,2.0,24.0,1.0,1.0,1.0,1.0,1.0,1.0,1.0,11173626192.0,101132786.39999999,10268200.0,0.1144362857142857,24.0,514.0,514.0,1.1300199509889812e+18,1.0,1.004183214285714,78.57142857142857,78.57142857142857
4096.0,32000.0,256.0,64.0,3.0,34.0,46.0,42.0,6.0,3.0,3.0,6.0,5.0,4.0,1.0,2.0,5.0,5.0,3.0,1.0,6.0,6.0,2.0,2.0,3.0,6.0,6.0,4.0,2.0,5.0,4.0,1.0,24.0,256.0,1.0,32.0,36.0,1.0,1.0,1.0,1.0,1.0,1.0,1.0,1.0,6.0,5.0,1.0,3.0,3.0,5.0,6.0,1.0,2.0,5.0,4.0,4.0,4.0,4.0,4.0,3.0,1.0,8.0,8.0,1.0,8.0,16.0,1.0,64.0,16.0,1.0,1.0,1.0,1.0,3.0,1.0,4.0,5.0,1.0,6.0,4.0,4.0,2.0,3.0,1.0,4.0,1.0,6.0,3.0,3.0,2.0,2.0,32.0,32.0,1.0,64.0,32.0,1.0,32.0,16.0,1.0,1.0,1.0,1.0,3.0,5.0,3.0,3.0,2.0,4.0,2.0,6.0,3.0,1.0,1.0,5.0,2.0,2.0,2.0,1.0,4.0,6.0,8.0,2.0,1.0,32.0,24.0,1.0,1.0,1.0,1.0,1.0,1.0,1.0,5.0,4.0,5.0,3.0,3.0,1.0,1.0,1.0,3.0,5.0,4.0,1.0,4.0,4.0,5.0,2.0,5.0,2.0,8.0,192.0,1.0,6.0,4.0,1.0,1.0,1.0,1.0,1.0,1.0,1.0,3.0,3.0,2.0,2.0,1.0,1.0,3.0,3.0,3.0,3.0,4.0,1.0,4.0,1.0,2.0,4.0,3.0,2.0,1024.0,96.0,1.0,2.0,768.0,1.0,1.0,1.0,1.0,1.0,1.0,1.0,3105425580.0,17829387.64,2224170000000.0,2186.773214285714,65688.0,514.0,5701632.0,5.536783645299183e+16,6.642857142857143,0.11314949642857142,78.57142857142857,241316.57142857142
512.0,256000.0,256.0,64.0,2.0,28.0,28.0,6.0,4.0,3.0,6.0,2.0,1.0,1.0,2.0,4.0,2.0,2.0,5.0,5.0,1.0,2.0,5.0,3.0,5.0,2.0,3.0,4.0,1.0,6.0,6.0,5.0,48.0,16.0,1.0,16.0,48.0,1.0,1.0,1.0,1.0,1.0,1.0,1.0,6.0,1.0,6.0,2.0,3.0,5.0,2.0,2.0,3.0,6.0,6.0,4.0,4.0,6.0,3.0,2.0,6.0,2.0,4.0,64.0,1.0,64.0,2.0,1.0,32.0,4.0,1.0,1.0,1.0,1.0,3.0,3.0,6.0,2.0,1.0,6.0,1.0,5.0,5.0,3.0,3.0,6.0,1.0,3.0,6.0,6.0,5.0,2.0,32.0,32.0,1.0,64.0,16.0,1.0,8.0,2.0,1.0,1.0,1.0,1.0,2.0,5.0,1.0,3.0,5.0,4.0,1.0,6.0,1.0,4.0,1.0,5.0,6.0,4.0,3.0,5.0,1.0,4.0,48.0,6.0,1.0,1.0,96.0,1.0,1.0,1.0,1.0,1.0,1.0,1.0,2.0,4.0,5.0,4.0,4.0,6.0,5.0,3.0,3.0,1.0,4.0,3.0,3.0,6.0,2.0,3.0,6.0,1.0,96.0,64.0,1.0,768.0,6.0,1.0,1.0,1.0,1.0,1.0,1.0,1.0,1.0,2.0,5.0,2.0,2.0,4.0,5.0,1.0,5.0,1.0,5.0,2.0,3.0,3.0,1.0,4.0,5.0,5.0,3072.0,6.0,1.0,1.0,32.0,1.0,1.0,1.0,1.0,1.0,1.0,1.0,1916091540.0,27075522.04,79745500.0,0.7892412142857145,168.0,514.0,18688.0,5.187917872192754e+16,64.82682535714287,9.348481603571427,78.57142857142857,4432.857142857143
4096.0,512000.0,256.0,64.0,3.0,14.0,38.0,26.0,1.0,6.0,1.0,1.0,6.0,6.0,4.0,2.0,5.0,2.0,6.0,2.0,4.0,5.0,6.0,4.0,3.0,3.0,2.0,3.0,2.0,4.0,3.0,1.0,2.0,3.0,1.0,36.0,16.0,1.0,1.0,1.0,1.0,1.0,1.0,1.0,4.0,2.0,6.0,4.0,2.0,4.0,1.0,3.0,5.0,1.0,1.0,1.0,1.0,1.0,1.0,5.0,1.0,5.0,32.0,2.0,1.0,2.0,128.0,1.0,64.0,1.0,1.0,1.0,1.0,1.0,5.0,3.0,5.0,3.0,1.0,1.0,6.0,4.0,1.0,6.0,3.0,3.0,2.0,1.0,6.0,1.0,5.0,6.0,64.0,2.0,1.0,64.0,8.0,1.0,8.0,1.0,1.0,1.0,1.0,1.0,2.0,6.0,4.0,1.0,2.0,5.0,6.0,2.0,4.0,6.0,5.0,5.0,4.0,1.0,6.0,3.0,6.0,5.0,12.0,8.0,1.0,6.0,4.0,1.0,1.0,1.0,1.0,1.0,1.0,1.0,2.0,5.0,1.0,6.0,3.0,5.0,2.0,3.0,3.0,5.0,1.0,6.0,5.0,1.0,5.0,1.0,6.0,4.0,128.0,6.0,1.0,12.0,3.0,1.0,1.0,1.0,1.0,1.0,1.0,1.0,6.0,5.0,5.0,3.0,4.0,2.0,6.0,1.0,2.0,6.0,6.0,6.0,4.0,5.0,2.0,4.0,4.0,6.0,48.0,3072.0,1.0,64.0,128.0,1.0,1.0,1.0,1.0,1.0,1.0,1.0,1425476856.0,22171652.92,102822000000.0,146.84882142857143,13832.0,514.0,5668864.0,3.1605178096724824e+16,2.895489285714286,0.1955043928571428,78.57142857142857,232582.2857142857
256000.0,256000.0,256.0,64.0,1.0,18.0,8.0,44.0,5.0,1.0,6.0,5.0,2.0,3.0,3.0,4.0,3.0,5.0,6.0,3.0,6.0,3.0,3.0,1.0,5.0,3.0,4.0,3.0,6.0,3.0,3.0,4.0,16.0,16.0,1.0,64.0,9.0,1.0,1.0,1.0,1.0,1.0,1.0,1.0,5.0,5.0,1.0,4.0,2.0,6.0,2.0,6.0,4.0,4.0,5.0,5.0,5.0,4.0,3.0,5.0,3.0,1.0,2.0,8.0,1.0,16.0,1.0,1.0,1.0,2.0,1.0,1.0,1.0,1.0,3.0,4.0,3.0,1.0,3.0,3.0,2.0,3.0,5.0,5.0,5.0,5.0,2.0,2.0,5.0,4.0,5.0,5.0,128.0,2.0,1.0,128.0,4.0,1.0,32.0,16.0,1.0,1.0,1.0,1.0,1.0,4.0,3.0,4.0,1.0,1.0,3.0,3.0,3.0,6.0,2.0,5.0,5.0,4.0,1.0,4.0,3.0,2.0,16.0,2.0,1.0,1.0,8.0,1.0,1.0,1.0,1.0,1.0,1.0,1.0,1.0,6.0,5.0,5.0,2.0,3.0,1.0,6.0,2.0,5.0,2.0,3.0,3.0,4.0,5.0,2.0,4.0,4.0,64.0,12.0,1.0,384.0,1024.0,1.0,1.0,1.0,1.0,1.0,1.0,1.0,3.0,1.0,3.0,3.0,1.0,1.0,1.0,4.0,1.0,4.0,1.0,2.0,4.0,4.0,6.0,5.0,2.0,5.0,8.0,3072.0,1.0,16.0,384.0,1.0,1.0,1.0,1.0,1.0,1.0,1.0,10879893840.0,83336760.47999999,18653700.0,0.20545185714285716,44.0,514.0,514.0,9.066951069919073e+17,32.142871428571425,32.14760785714285,78.57142857142857,226.0
1024.0,32000000.0,256.0,64.0,1.0,46.0,8.0,12.0,4.0,5.0,5.0,3.0,3.0,3.0,3.0,5.0,4.0,3.0,6.0,3.0,2.0,1.0,3.0,2.0,3.0,3.0,3.0,2.0,5.0,6.0,1.0,4.0,8.0,96.0,1.0,128.0,24.0,1.0,1.0,1.0,1.0,1.0,1.0,1.0,5.0,6.0,3.0,4.0,3.0,2.0,5.0,3.0,2.0,5.0,3.0,1.0,2.0,4.0,6.0,6.0,6.0,4.0,1.0,4.0,1.0,128.0,8.0,1.0,4.0,8.0,1.0,1.0,1.0,1.0,1.0,6.0,1.0,5.0,6.0,2.0,5.0,4.0,1.0,3.0,5.0,6.0,2.0,3.0,3.0,5.0,2.0,2.0,1.0,4.0,1.0,4.0,4.0,1.0,8.0,2.0,1.0,1.0,1.0,1.0,5.0,5.0,2.0,4.0,3.0,6.0,5.0,6.0,5.0,6.0,2.0,6.0,6.0,5.0,1.0,3.0,3.0,6.0,32.0,12.0,1.0,1.0,12.0,1.0,1.0,1.0,1.0,1.0,1.0,1.0,5.0,1.0,5.0,1.0,2.0,3.0,6.0,1.0,5.0,1.0,6.0,5.0,2.0,1.0,3.0,2.0,1.0,5.0,128.0,128.0,1.0,16.0,1536.0,1.0,1.0,1.0,1.0,1.0,1.0,1.0,2.0,4.0,6.0,3.0,3.0,6.0,3.0,4.0,3.0,4.0,2.0,6.0,6.0,4.0,1.0,6.0,6.0,5.0,64.0,32.0,1.0,768.0,8.0,1.0,1.0,1.0,1.0,1.0,1.0,1.0,931922256.0,67478512.8,5432820.0,0.06201137142857143,12.0,514.0,3352.0,6.288472788010087e+16,11.688342857142855,12.535414285714285,78.57142857142857,521.7142857142857
256.0,8192000.0,256.0,64.0,3.0,20.0,22.0,8.0,3.0,2.0,3.0,4.0,6.0,5.0,3.0,5.0,1.0,1.0,3.0,1.0,4.0,4.0,6.0,5.0,4.0,4.0,4.0,3.0,5.0,6.0,6.0,3.0,2.0,3.0,1.0,24.0,72.0,1.0,1.0,1.0,1.0,1.0,1.0,1.0,3.0,1.0,2.0,3.0,2.0,4.0,3.0,6.0,5.0,5.0,1.0,2.0,6.0,3.0,5.0,3.0,3.0,2.0,2.0,32.0,1.0,2.0,64.0,1.0,16.0,16.0,1.0,1.0,1.0,1.0,5.0,2.0,4.0,2.0,6.0,4.0,1.0,6.0,1.0,1.0,5.0,3.0,5.0,2.0,2.0,5.0,6.0,2.0,4.0,16.0,1.0,4.0,64.0,1.0,64.0,64.0,1.0,1.0,1.0,1.0,6.0,5.0,4.0,5.0,1.0,6.0,4.0,3.0,5.0,4.0,3.0,4.0,6.0,4.0,1.0,6.0,4.0,3.0,2.0,256.0,1.0,128.0,6.0,1.0,1.0,1.0,1.0,1.0,1.0,1.0,5.0,2.0,5.0,5.0,6.0,3.0,1.0,5.0,3.0,5.0,4.0,6.0,1.0,3.0,5.0,1.0,1.0,2.0,192.0,2.0,1.0,16.0,3072.0,1.0,1.0,1.0,1.0,1.0,1.0,1.0,4.0,5.0,4.0,3.0,5.0,6.0,1.0,2.0,3.0,2.0,5.0,3.0,1.0,4.0,6.0,5.0,2.0,5.0,24.0,768.0,1.0,48.0,8.0,1.0,1.0,1.0,1.0,1.0,1.0,1.0,11178620052.0,22178535.04,7669060000.0,21.60209642857143,3520.0,514.0,2015232.0,2.479254165221286e+17,1.0,0.012451178571428573,78.57142857142857,96957.14285714286
64000.0,16000.0,256.0,64.0,3.0,46.0,28.0,16.0,5.0,5.0,2.0,3.0,2.0,5.0,3.0,2.0,5.0,2.0,4.0,2.0,3.0,2.0,5.0,2.0,5.0,3.0,5.0,4.0,2.0,2.0,2.0,1.0,64.0,16.0,1.0,24.0,36.0,1.0,1.0,1.0,1.0,1.0,1.0,1.0,3.0,5.0,1.0,1.0,2.0,1.0,1.0,4.0,3.0,3.0,5.0,5.0,4.0,2.0,2.0,1.0,2.0,1.0,32.0,1.0,1.0,16.0,8.0,1.0,64.0,2.0,1.0,1.0,1.0,1.0,1.0,2.0,2.0,6.0,4.0,3.0,2.0,4.0,4.0,1.0,4.0,4.0,5.0,5.0,3.0,6.0,2.0,3.0,128.0,64.0,1.0,64.0,16.0,1.0,32.0,16.0,1.0,1.0,1.0,1.0,2.0,5.0,5.0,2.0,6.0,5.0,1.0,5.0,4.0,4.0,3.0,3.0,4.0,5.0,6.0,5.0,1.0,1.0,1.0,48.0,1.0,768.0,192.0,1.0,1.0,1.0,1.0,1.0,1.0,1.0,2.0,6.0,2.0,2.0,6.0,6.0,4.0,1.0,2.0,6.0,1.0,4.0,3.0,4.0,6.0,6.0,1.0,5.0,1.0,24.0,1.0,64.0,1.0,1.0,1.0,1.0,1.0,1.0,1.0,1.0,1.0,5.0,1.0,3.0,4.0,5.0,4.0,6.0,1.0,1.0,6.0,1.0,2.0,6.0,1.0,6.0,1.0,6.0,64.0,768.0,1.0,64.0,1.0,1.0,1.0,1.0,1.0,1.0,1.0,1.0,290946864.0,17734786.760000005,224352000000.0,279.24075,20608.0,514.0,1572864.0,5159880591530722.0,34.000010714285715,0.23883928571428573,78.57142857142857,136886.85714285713
1024000.0,64000.0,256.0,64.0,3.0,4.0,14.0,4.0,4.0,2.0,1.0,3.0,2.0,4.0,6.0,6.0,3.0,6.0,2.0,2.0,2.0,3.0,3.0,6.0,5.0,3.0,2.0,1.0,3.0,1.0,3.0,2.0,64.0,16.0,1.0,384.0,4.0,1.0,1.0,1.0,1.0,1.0,1.0,1.0,1.0,4.0,5.0,5.0,4.0,4.0,3.0,4.0,4.0,4.0,3.0,4.0,6.0,5.0,3.0,6.0,2.0,2.0,32.0,4.0,1.0,16.0,64.0,1.0,4.0,32.0,1.0,1.0,1.0,1.0,2.0,4.0,1.0,2.0,6.0,3.0,1.0,2.0,5.0,2.0,1.0,5.0,1.0,4.0,2.0,5.0,3.0,2.0,2.0,1.0,1.0,64.0,4.0,1.0,16.0,8.0,1.0,1.0,1.0,1.0,4.0,2.0,5.0,6.0,1.0,6.0,2.0,4.0,2.0,4.0,4.0,1.0,2.0,6.0,4.0,4.0,5.0,5.0,64.0,96.0,1.0,96.0,256.0,1.0,1.0,1.0,1.0,1.0,1.0,1.0,2.0,6.0,1.0,2.0,5.0,4.0,4.0,2.0,2.0,3.0,2.0,6.0,2.0,4.0,4.0,1.0,3.0,2.0,384.0,3.0,1.0,12.0,96.0,1.0,1.0,1.0,1.0,1.0,1.0,1.0,5.0,5.0,1.0,2.0,3.0,3.0,1.0,2.0,6.0,2.0,6.0,6.0,5.0,4.0,5.0,6.0,2.0,3.0,6.0,384.0,1.0,12.0,12.0,1.0,1.0,1.0,1.0,1.0,1.0,1.0,3739241880.0,17807524.08,112514000.0,1.252219214285714,224.0,514.0,433152.0,6.658663981904446e+16,3.0714285714285716,0.19475446428571427,78.57142857142857,62829.71428571428
128000.0,128000.0,256.0,64.0,3.0,38.0,46.0,4.0,5.0,5.0,4.0,3.0,5.0,5.0,4.0,3.0,1.0,4.0,5.0,2.0,4.0,6.0,2.0,2.0,1.0,1.0,5.0,5.0,5.0,2.0,4.0,4.0,2.0,6.0,1.0,96.0,288.0,1.0,1.0,1.0,1.0,1.0,1.0,1.0,5.0,5.0,2.0,2.0,6.0,1.0,4.0,2.0,3.0,1.0,6.0,4.0,3.0,6.0,4.0,6.0,3.0,1.0,64.0,64.0,1.0,4.0,2.0,1.0,2.0,64.0,1.0,1.0,1.0,1.0,2.0,3.0,5.0,6.0,6.0,2.0,2.0,3.0,5.0,2.0,6.0,4.0,6.0,2.0,3.0,6.0,2.0,2.0,128.0,4.0,1.0,16.0,4.0,1.0,2.0,4.0,1.0,1.0,1.0,1.0,6.0,5.0,6.0,5.0,5.0,5.0,5.0,1.0,1.0,2.0,4.0,1.0,3.0,3.0,6.0,3.0,1.0,4.0,4.0,256.0,1.0,384.0,48.0,1.0,1.0,1.0,1.0,1.0,1.0,1.0,3.0,1.0,4.0,1.0,6.0,6.0,2.0,2.0,1.0,2.0,2.0,1.0,6.0,1.0,1.0,1.0,1.0,6.0,8.0,192.0,1.0,256.0,384.0,1.0,1.0,1.0,1.0,1.0,1.0,1.0,5.0,3.0,1.0,1.0,3.0,6.0,1.0,6.0,6.0,6.0,5.0,4.0,5.0,1.0,6.0,2.0,4.0,5.0,48.0,96.0,1.0,384.0,16.0,1.0,1.0,1.0,1.0,1.0,1.0,1.0,789645828.0,18024564.500000004,27604000000.0,53.546875,6992.0,514.0,3244032.0,1.4233022158941908e+16,34.57142857142857,0.7131698571428571,78.57142857142857,194660.57142857142
4096.0,32000.0,256.0,64.0,2.0,6.0,32.0,20.0,1.0,3.0,6.0,6.0,6.0,5.0,3.0,1.0,3.0,5.0,6.0,4.0,4.0,2.0,5.0,5.0,4.0,2.0,4.0,3.0,6.0,6.0,2.0,6.0,128.0,256.0,1.0,2.0,1.0,1.0,1.0,1.0,1.0,1.0,1.0,1.0,2.0,3.0,5.0,1.0,1.0,2.0,4.0,1.0,2.0,2.0,4.0,3.0,2.0,2.0,5.0,3.0,3.0,4.0,16.0,2.0,1.0,128.0,16.0,1.0,128.0,4.0,1.0,1.0,1.0,1.0,3.0,3.0,1.0,2.0,6.0,1.0,2.0,5.0,5.0,2.0,6.0,5.0,4.0,6.0,6.0,6.0,5.0,2.0,128.0,16.0,1.0,1.0,32.0,1.0,64.0,64.0,1.0,1.0,1.0,1.0,5.0,5.0,2.0,3.0,1.0,3.0,3.0,5.0,5.0,4.0,1.0,3.0,2.0,4.0,5.0,3.0,1.0,3.0,4.0,3.0,1.0,8.0,8.0,1.0,1.0,1.0,1.0,1.0,1.0,1.0,3.0,3.0,1.0,6.0,1.0,5.0,2.0,6.0,1.0,6.0,4.0,5.0,4.0,5.0,1.0,5.0,5.0,2.0,32.0,192.0,1.0,8.0,3.0,1.0,1.0,1.0,1.0,1.0,1.0,1.0,3.0,6.0,5.0,6.0,6.0,4.0,6.0,6.0,3.0,4.0,1.0,4.0,4.0,1.0,6.0,4.0,5.0,3.0,1.0,32.0,1.0,192.0,8.0,1.0,1.0,1.0,1.0,1.0,1.0,1.0,11031830508.0,41961413.28,455641000.0,3.080158928571428,640.0,514.0,33280.0,4.6291119918110035e+17,14.285714285714286,7.245273923214286,78.57142857142857,4649.142857142857
256.0,2048000.0,256.0,64.0,2.0,34.0,12.0,30.0,5.0,5.0,3.0,1.0,2.0,3.0,6.0,1.0,2.0,6.0,3.0,6.0,5.0,5.0,1.0,6.0,5.0,2.0,6.0,2.0,6.0,2.0,4.0,6.0,768.0,6.0,1.0,16.0,64.0,1.0,1.0,1.0,1.0,1.0,1.0,1.0,5.0,3.0,2.0,6.0,5.0,6.0,6.0,2.0,3.0,6.0,5.0,2.0,5.0,4.0,2.0,6.0,2.0,1.0,1.0,64.0,1.0,16.0,2.0,1.0,16.0,1.0,1.0,1.0,1.0,1.0,1.0,5.0,6.0,4.0,1.0,5.0,6.0,6.0,2.0,1.0,6.0,3.0,4.0,1.0,5.0,1.0,3.0,2.0,2.0,1.0,1.0,2.0,1.0,1.0,1.0,8.0,1.0,1.0,1.0,1.0,2.0,2.0,3.0,5.0,5.0,2.0,3.0,1.0,1.0,4.0,3.0,3.0,6.0,6.0,1.0,2.0,6.0,4.0,32.0,3.0,1.0,64.0,192.0,1.0,1.0,1.0,1.0,1.0,1.0,1.0,6.0,2.0,3.0,2.0,4.0,4.0,4.0,1.0,2.0,3.0,3.0,6.0,2.0,6.0,1.0,3.0,2.0,6.0,32.0,12.0,1.0,3072.0,256.0,1.0,1.0,1.0,1.0,1.0,1.0,1.0,4.0,5.0,2.0,4.0,5.0,3.0,4.0,6.0,2.0,4.0,2.0,3.0,5.0,2.0,6.0,3.0,3.0,5.0,8.0,192.0,1.0,64.0,128.0,1.0,1.0,1.0,1.0,1.0,1.0,1.0,84487632.0,19974768.500000004,205272000.0,1.7172214285714285,360.0,514.0,176128.0,1687620890313192.2,49.62383571428571,7.68712857142857,78.57142857142857,10211.714285714286
1024000.0,32000000.0,256.0,64.0,1.0,44.0,10.0,34.0,1.0,2.0,1.0,3.0,4.0,2.0,4.0,2.0,4.0,3.0,1.0,1.0,6.0,6.0,4.0,5.0,5.0,2.0,3.0,5.0,4.0,5.0,1.0,5.0,256.0,2.0,1.0,256.0,288.0,1.0,1.0,1.0,1.0,1.0,1.0,1.0,2.0,4.0,6.0,6.0,4.0,2.0,3.0,6.0,5.0,6.0,3.0,4.0,4.0,2.0,2.0,3.0,6.0,1.0,4.0,2.0,1.0,8.0,1.0,1.0,1.0,1.0,1.0,1.0,1.0,1.0,1.0,2.0,4.0,4.0,1.0,2.0,6.0,4.0,3.0,3.0,5.0,2.0,2.0,3.0,1.0,5.0,6.0,6.0,32.0,64.0,1.0,32.0,128.0,1.0,32.0,1.0,1.0,1.0,1.0,1.0,3.0,4.0,3.0,4.0,2.0,2.0,2.0,6.0,6.0,3.0,2.0,3.0,3.0,4.0,1.0,2.0,5.0,4.0,128.0,2.0,1.0,2.0,3.0,1.0,1.0,1.0,1.0,1.0,1.0,1.0,1.0,5.0,6.0,4.0,6.0,1.0,3.0,3.0,3.0,3.0,3.0,3.0,3.0,6.0,6.0,6.0,1.0,3.0,24.0,24.0,1.0,8.0,3072.0,1.0,1.0,1.0,1.0,1.0,1.0,1.0,3.0,5.0,4.0,4.0,2.0,4.0,6.0,1.0,1.0,6.0,6.0,5.0,5.0,5.0,3.0,3.0,2.0,5.0,1.0,192.0,1.0,192.0,8.0,1.0,1.0,1.0,1.0,1.0,1.0,1.0,11173626192.0,101138243.99999999,14410000.0,0.15962099999999999,34.0,514.0,514.0,1.1300809321712867e+18,1.0,1.0075046428571428,78.57142857142857,78.57142857142857
4096.0,512000.0,256.0,64.0,1.0,40.0,38.0,22.0,4.0,3.0,5.0,2.0,2.0,5.0,6.0,4.0,4.0,6.0,3.0,1.0,6.0,1.0,2.0,3.0,4.0,4.0,4.0,4.0,2.0,3.0,4.0,6.0,64.0,8.0,1.0,2304.0,18.0,1.0,1.0,1.0,1.0,1.0,1.0,1.0,2.0,6.0,5.0,6.0,3.0,6.0,3.0,2.0,2.0,1.0,6.0,3.0,2.0,1.0,3.0,4.0,4.0,2.0,64.0,2.0,1.0,128.0,64.0,1.0,8.0,2.0,1.0,1.0,1.0,1.0,4.0,4.0,1.0,4.0,3.0,2.0,3.0,2.0,4.0,1.0,3.0,5.0,4.0,3.0,6.0,6.0,3.0,1.0,128.0,32.0,1.0,32.0,64.0,1.0,16.0,8.0,1.0,1.0,1.0,1.0,1.0,1.0,6.0,2.0,5.0,6.0,4.0,3.0,6.0,2.0,1.0,4.0,1.0,3.0,3.0,3.0,3.0,3.0,4.0,384.0,1.0,4.0,256.0,1.0,1.0,1.0,1.0,1.0,1.0,1.0,4.0,4.0,6.0,3.0,4.0,4.0,5.0,2.0,2.0,6.0,5.0,6.0,6.0,3.0,6.0,6.0,6.0,1.0,768.0,16.0,1.0,384.0,192.0,1.0,1.0,1.0,1.0,1.0,1.0,1.0,2.0,4.0,3.0,2.0,5.0,2.0,5.0,2.0,1.0,4.0,1.0,2.0,6.0,1.0,1.0,6.0,1.0,6.0,768.0,64.0,1.0,4.0,12.0,1.0,1.0,1.0,1.0,1.0,1.0,1.0,10885792080.0,70249375.2,9452030.0,0.10569240000000002,22.0,514.0,514.0,7.647200921771085e+17,18.428542857142862,18.43546464285715,78.57142857142857,150.57142857142858
256.0,2048000.0,256.0,64.0,3.0,8.0,8.0,36.0,5.0,3.0,1.0,4.0,3.0,2.0,5.0,3.0,1.0,2.0,3.0,4.0,2.0,5.0,2.0,4.0,1.0,1.0,3.0,1.0,5.0,2.0,1.0,4.0,6.0,8.0,1.0,12.0,768.0,1.0,1.0,1.0,1.0,1.0,1.0,1.0,5.0,4.0,2.0,4.0,4.0,3.0,1.0,3.0,6.0,3.0,2.0,1.0,3.0,5.0,4.0,1.0,2.0,5.0,16.0,2.0,1.0,2.0,128.0,1.0,128.0,32.0,1.0,1.0,1.0,1.0,1.0,2.0,6.0,2.0,5.0,1.0,5.0,4.0,1.0,6.0,3.0,6.0,6.0,1.0,3.0,5.0,1.0,2.0,8.0,8.0,1.0,1.0,128.0,1.0,64.0,2.0,1.0,1.0,1.0,1.0,6.0,1.0,3.0,4.0,1.0,3.0,6.0,2.0,1.0,1.0,5.0,5.0,4.0,5.0,3.0,2.0,6.0,2.0,96.0,6.0,1.0,192.0,12.0,1.0,1.0,1.0,1.0,1.0,1.0,1.0,3.0,3.0,4.0,6.0,3.0,2.0,5.0,2.0,2.0,5.0,6.0,5.0,6.0,3.0,5.0,2.0,5.0,2.0,2.0,96.0,1.0,3.0,3.0,1.0,1.0,1.0,1.0,1.0,1.0,1.0,5.0,3.0,1.0,6.0,4.0,1.0,2.0,3.0,4.0,2.0,6.0,6.0,6.0,6.0,3.0,5.0,3.0,6.0,48.0,16.0,1.0,32.0,24.0,1.0,1.0,1.0,1.0,1.0,1.0,1.0,257037660.0,17956310.560000002,3592180000.0,12.998625,2304.0,514.0,540672.0,4615448048575690.0,21.428571428571427,0.12524414285714286,78.57142857142857,87963.42857142857
64000.0,4096000.0,256.0,64.0,2.0,42.0,26.0,44.0,2.0,3.0,2.0,4.0,4.0,6.0,3.0,4.0,2.0,5.0,6.0,4.0,4.0,5.0,1.0,6.0,4.0,5.0,6.0,5.0,5.0,2.0,2.0,2.0,3.0,8.0,1.0,576.0,9.0,1.0,1.0,1.0,1.0,1.0,1.0,1.0,2.0,5.0,2.0,3.0,5.0,6.0,1.0,5.0,4.0,2.0,2.0,3.0,2.0,5.0,4.0,5.0,6.0,3.0,16.0,8.0,1.0,1.0,128.0,1.0,64.0,8.0,1.0,1.0,1.0,1.0,5.0,1.0,3.0,5.0,1.0,4.0,3.0,1.0,1.0,1.0,5.0,5.0,5.0,6.0,2.0,5.0,2.0,1.0,1.0,8.0,1.0,64.0,32.0,1.0,8.0,4.0,1.0,1.0,1.0,1.0,3.0,6.0,1.0,2.0,5.0,3.0,1.0,2.0,3.0,2.0,3.0,6.0,5.0,3.0,3.0,6.0,2.0,4.0,2.0,384.0,1.0,128.0,16.0,1.0,1.0,1.0,1.0,1.0,1.0,1.0,5.0,2.0,4.0,2.0,4.0,3.0,3.0,5.0,3.0,2.0,5.0,5.0,5.0,3.0,2.0,6.0,1.0,6.0,2.0,384.0,1.0,512.0,512.0,1.0,1.0,1.0,1.0,1.0,1.0,1.0,2.0,1.0,1.0,4.0,6.0,6.0,6.0,6.0,6.0,3.0,2.0,4.0,5.0,5.0,2.0,6.0,3.0,5.0,1536.0,16.0,1.0,1.0,4.0,1.0,1.0,1.0,1.0,1.0,1.0,1.0,11179970040.0,35422873.559999995,1107710000.0,5.743751071428573,1144.0,514.0,133632.0,3.960266651315081e+17,1.0,0.9400307428571428,78.57142857142857,5416.785714285715
512.0,16000.0,256.0,64.0,3.0,4.0,18.0,12.0,6.0,4.0,1.0,3.0,4.0,4.0,1.0,3.0,2.0,2.0,1.0,3.0,1.0,3.0,2.0,3.0,3.0,2.0,2.0,1.0,5.0,6.0,1.0,3.0,6.0,1.0,1.0,8.0,2.0,1.0,1.0,1.0,1.0,1.0,1.0,1.0,6.0,1.0,5.0,1.0,6.0,4.0,5.0,4.0,4.0,1.0,6.0,1.0,6.0,5.0,3.0,1.0,5.0,3.0,8.0,4.0,1.0,64.0,64.0,1.0,8.0,16.0,1.0,1.0,1.0,1.0,5.0,5.0,5.0,2.0,2.0,1.0,2.0,4.0,2.0,1.0,4.0,5.0,6.0,3.0,5.0,5.0,3.0,2.0,4.0,64.0,1.0,4.0,16.0,1.0,16.0,64.0,1.0,1.0,1.0,1.0,5.0,4.0,1.0,2.0,4.0,5.0,4.0,2.0,4.0,3.0,5.0,2.0,5.0,3.0,2.0,5.0,1.0,3.0,768.0,1.0,1.0,384.0,64.0,1.0,1.0,1.0,1.0,1.0,1.0,1.0,4.0,2.0,1.0,5.0,3.0,1.0,3.0,4.0,2.0,3.0,4.0,3.0,4.0,4.0,3.0,4.0,2.0,3.0,128.0,32.0,1.0,1536.0,12.0,1.0,1.0,1.0,1.0,1.0,1.0,1.0,2.0,6.0,3.0,1.0,6.0,1.0,3.0,5.0,5.0,3.0,1.0,5.0,4.0,4.0,6.0,2.0,5.0,4.0,3072.0,16.0,1.0,64.0,6.0,1.0,1.0,1.0,1.0,1.0,1.0,1.0,793744956.0,19799013.64,713696000.0,4.779024642857142,864.0,514.0,2097152.0,1.57153672105252e+16,8.035714285714286,0.10071392857142858,78.57142857142857,162244.57142857142
256.0,128000.0,256.0,64.0,1.0,24.0,16.0,30.0,1.0,4.0,5.0,5.0,2.0,2.0,3.0,2.0,6.0,4.0,2.0,3.0,6.0,6.0,3.0,6.0,2.0,5.0,2.0,5.0,6.0,6.0,5.0,4.0,12.0,768.0,1.0,32.0,96.0,1.0,1.0,1.0,1.0,1.0,1.0,1.0,4.0,5.0,2.0,1.0,3.0,4.0,5.0,4.0,4.0,6.0,6.0,6.0,6.0,4.0,5.0,4.0,4.0,5.0,2.0,16.0,1.0,2.0,64.0,1.0,2.0,4.0,1.0,1.0,1.0,1.0,3.0,1.0,1.0,3.0,6.0,3.0,3.0,3.0,1.0,5.0,1.0,1.0,1.0,3.0,1.0,5.0,2.0,5.0,128.0,128.0,1.0,128.0,64.0,1.0,2.0,32.0,1.0,1.0,1.0,1.0,4.0,1.0,5.0,6.0,6.0,3.0,6.0,4.0,3.0,6.0,1.0,3.0,6.0,4.0,5.0,5.0,3.0,5.0,384.0,192.0,1.0,128.0,768.0,1.0,1.0,1.0,1.0,1.0,1.0,1.0,5.0,1.0,1.0,6.0,5.0,4.0,6.0,4.0,3.0,5.0,3.0,3.0,1.0,4.0,2.0,4.0,1.0,4.0,768.0,256.0,1.0,8.0,1.0,1.0,1.0,1.0,1.0,1.0,1.0,1.0,2.0,6.0,3.0,6.0,1.0,5.0,6.0,1.0,2.0,1.0,3.0,3.0,5.0,2.0,1.0,6.0,6.0,3.0,2.0,16.0,1.0,1.0,384.0,1.0,1.0,1.0,1.0,1.0,1.0,1.0,10884612432.0,96247055.04000002,12741000.0,0.14185942857142855,30.0,514.0,514.0,1.0476118918317725e+18,20.257128571428574,20.40014357142857,78.57142857142857,178.0
2048000.0,32000000.0,256.0,64.0,2.0,16.0,26.0,16.0,1.0,6.0,1.0,2.0,5.0,6.0,5.0,3.0,4.0,2.0,2.0,5.0,1.0,6.0,4.0,4.0,1.0,5.0,3.0,2.0,1.0,4.0,2.0,4.0,16.0,16.0,1.0,96.0,384.0,1.0,1.0,1.0,1.0,1.0,1.0,1.0,4.0,6.0,3.0,4.0,1.0,4.0,2.0,2.0,3.0,3.0,5.0,2.0,1.0,1.0,6.0,3.0,5.0,1.0,4.0,8.0,1.0,128.0,4.0,1.0,128.0,4.0,1.0,1.0,1.0,1.0,4.0,2.0,4.0,5.0,3.0,6.0,5.0,1.0,1.0,1.0,4.0,1.0,2.0,2.0,4.0,6.0,3.0,6.0,64.0,32.0,1.0,64.0,32.0,1.0,16.0,4.0,1.0,1.0,1.0,1.0,5.0,1.0,1.0,1.0,5.0,3.0,1.0,2.0,1.0,3.0,6.0,1.0,2.0,1.0,2.0,4.0,4.0,2.0,1.0,32.0,1.0,96.0,2.0,1.0,1.0,1.0,1.0,1.0,1.0,1.0,5.0,6.0,6.0,4.0,1.0,6.0,5.0,5.0,3.0,6.0,3.0,4.0,3.0,3.0,3.0,2.0,1.0,4.0,24.0,12.0,1.0,8.0,32.0,1.0,1.0,1.0,1.0,1.0,1.0,1.0,3.0,1.0,4.0,4.0,1.0,2.0,3.0,2.0,1.0,3.0,4.0,3.0,3.0,1.0,1.0,3.0,5.0,4.0,3072.0,1536.0,1.0,2.0,1.0,1.0,1.0,1.0,1.0,1.0,1.0,1.0,479260668.0,23979648.0,249005000.0,2.1166364285714288,416.0,514.0,643072.0,1.1492502118884864e+16,12.171428571428569,2.8337350000000003,78.57142857142857,47455.142857142855
256.0,16000000.0,256.0,64.0,2.0,38.0,4.0,6.0,2.0,1.0,3.0,4.0,6.0,3.0,3.0,1.0,1.0,5.0,4.0,4.0,2.0,3.0,4.0,5.0,4.0,6.0,6.0,4.0,5.0,6.0,1.0,6.0,64.0,6.0,1.0,192.0,12.0,1.0,1.0,1.0,1.0,1.0,1.0,1.0,1.0,3.0,4.0,2.0,2.0,6.0,1.0,3.0,5.0,4.0,1.0,3.0,6.0,1.0,6.0,5.0,5.0,3.0,2.0,16.0,1.0,128.0,32.0,1.0,4.0,8.0,1.0,1.0,1.0,1.0,2.0,2.0,5.0,1.0,3.0,3.0,5.0,3.0,4.0,2.0,5.0,5.0,5.0,2.0,4.0,5.0,6.0,2.0,64.0,128.0,1.0,1.0,128.0,1.0,4.0,4.0,1.0,1.0,1.0,1.0,3.0,3.0,3.0,1.0,2.0,1.0,5.0,2.0,6.0,5.0,4.0,4.0,5.0,1.0,2.0,4.0,1.0,4.0,48.0,1.0,1.0,768.0,192.0,1.0,1.0,1.0,1.0,1.0,1.0,1.0,3.0,6.0,3.0,6.0,1.0,4.0,6.0,3.0,4.0,1.0,5.0,5.0,4.0,5.0,4.0,6.0,6.0,6.0,6.0,64.0,1.0,1024.0,256.0,1.0,1.0,1.0,1.0,1.0,1.0,1.0,2.0,2.0,1.0,1.0,4.0,6.0,3.0,2.0,5.0,4.0,4.0,4.0,2.0,5.0,4.0,5.0,4.0,3.0,3.0,384.0,1.0,768.0,16.0,1.0,1.0,1.0,1.0,1.0,1.0,1.0,11175746172.0,32986769.200000003,10275400.0,0.1316891785714286,24.0,514.0,70144.0,3.686517596135475e+17,1.0,0.3812711428571428,78.57142857142857,5079.428571428572
2048000.0,32000.0,256.0,64.0,2.0,18.0,8.0,46.0,2.0,5.0,1.0,2.0,4.0,3.0,2.0,2.0,1.0,4.0,6.0,3.0,6.0,6.0,2.0,5.0,2.0,6.0,3.0,4.0,6.0,3.0,3.0,2.0,768.0,64.0,1.0,3.0,144.0,1.0,1.0,1.0,1.0,1.0,1.0,1.0,1.0,2.0,6.0,1.0,1.0,4.0,1.0,6.0,3.0,3.0,6.0,5.0,2.0,6.0,4.0,4.0,4.0,3.0,16.0,4.0,1.0,16.0,2.0,1.0,16.0,16.0,1.0,1.0,1.0,1.0,6.0,4.0,6.0,5.0,2.0,5.0,3.0,2.0,4.0,5.0,6.0,2.0,3.0,1.0,3.0,6.0,6.0,1.0,128.0,16.0,1.0,64.0,16.0,1.0,2.0,4.0,1.0,1.0,1.0,1.0,3.0,5.0,3.0,5.0,1.0,6.0,3.0,6.0,5.0,4.0,6.0,6.0,2.0,6.0,1.0,1.0,2.0,1.0,384.0,1.0,1.0,192.0,96.0,1.0,1.0,1.0,1.0,1.0,1.0,1.0,3.0,3.0,2.0,3.0,5.0,6.0,3.0,3.0,5.0,5.0,6.0,3.0,1.0,5.0,2.0,1.0,2.0,2.0,16.0,192.0,1.0,128.0,512.0,1.0,1.0,1.0,1.0,1.0,1.0,1.0,4.0,3.0,5.0,4.0,1.0,1.0,3.0,4.0,1.0,1.0,4.0,6.0,2.0,2.0,4.0,1.0,2.0,4.0,32.0,512.0,1.0,256.0,16.0,1.0,1.0,1.0,1.0,1.0,1.0,1.0,1396922424.0,23885658.8,211329000.0,1.7990685714285715,368.0,514.0,299008.0,3.3366412389732932e+16,8.0,2.714611535714286,78.57142857142857,22765.714285714286
2048000.0,1024000.0,256.0,64.0,1.0,20.0,12.0,22.0,6.0,2.0,4.0,5.0,2.0,3.0,3.0,4.0,4.0,1.0,5.0,6.0,2.0,1.0,5.0,4.0,5.0,2.0,2.0,2.0,3.0,6.0,5.0,1.0,48.0,32.0,1.0,2304.0,192.0,1.0,1.0,1.0,1.0,1.0,1.0,1.0,2.0,3.0,2.0,5.0,6.0,4.0,3.0,2.0,6.0,1.0,5.0,2.0,3.0,4.0,5.0,6.0,3.0,3.0,4.0,16.0,1.0,2.0,2.0,1.0,8.0,32.0,1.0,1.0,1.0,1.0,3.0,6.0,3.0,1.0,6.0,3.0,1.0,6.0,4.0,6.0,6.0,3.0,3.0,5.0,6.0,4.0,4.0,1.0,8.0,1.0,1.0,32.0,4.0,1.0,1.0,64.0,1.0,1.0,1.0,1.0,5.0,1.0,2.0,4.0,1.0,2.0,6.0,5.0,4.0,3.0,4.0,3.0,1.0,5.0,3.0,4.0,3.0,1.0,8.0,384.0,1.0,256.0,768.0,1.0,1.0,1.0,1.0,1.0,1.0,1.0,6.0,3.0,6.0,3.0,6.0,2.0,5.0,6.0,1.0,5.0,2.0,3.0,1.0,5.0,6.0,1.0,5.0,6.0,32.0,128.0,1.0,1024.0,24.0,1.0,1.0,1.0,1.0,1.0,1.0,1.0,1.0,1.0,6.0,5.0,1.0,1.0,4.0,6.0,5.0,2.0,6.0,6.0,3.0,3.0,5.0,6.0,6.0,1.0,192.0,4.0,1.0,12.0,128.0,1.0,1.0,1.0,1.0,1.0,1.0,1.0,509608800.0,43288730.400000006,9452600.0,0.10836268571428574,22.0,514.0,5932.0,2.2060317952667524e+16,21.42038571428572,33.46666892857142,78.57142857142857,924.5714285714286
8192.0,512000.0,256.0,64.0,3.0,4.0,6.0,2.0,4.0,4.0,2.0,5.0,5.0,2.0,2.0,5.0,1.0,5.0,3.0,4.0,2.0,6.0,3.0,5.0,5.0,4.0,3.0,3.0,3.0,3.0,4.0,4.0,96.0,2.0,1.0,4.0,8.0,1.0,1.0,1.0,1.0,1.0,1.0,1.0,6.0,2.0,4.0,6.0,4.0,3.0,6.0,6.0,2.0,6.0,1.0,2.0,5.0,5.0,5.0,6.0,2.0,1.0,4.0,16.0,1.0,8.0,8.0,1.0,64.0,128.0,1.0,1.0,1.0,1.0,6.0,4.0,5.0,5.0,2.0,6.0,2.0,4.0,1.0,1.0,5.0,5.0,1.0,5.0,4.0,3.0,3.0,4.0,64.0,2.0,1.0,32.0,64.0,1.0,16.0,16.0,1.0,1.0,1.0,1.0,4.0,4.0,4.0,2.0,2.0,3.0,3.0,4.0,5.0,5.0,1.0,6.0,6.0,1.0,3.0,5.0,1.0,5.0,384.0,3.0,1.0,192.0,16.0,1.0,1.0,1.0,1.0,1.0,1.0,1.0,5.0,4.0,1.0,5.0,5.0,1.0,5.0,6.0,4.0,3.0,3.0,1.0,3.0,2.0,5.0,2.0,6.0,6.0,192.0,8.0,1.0,384.0,6.0,1.0,1.0,1.0,1.0,1.0,1.0,1.0,2.0,1.0,6.0,6.0,1.0,6.0,1.0,4.0,2.0,5.0,6.0,2.0,6.0,2.0,6.0,2.0,2.0,5.0,24.0,512.0,1.0,128.0,768.0,1.0,1.0,1.0,1.0,1.0,1.0,1.0,5744947572.0,19380534.759999998,20495600.0,0.4638757142857143,48.0,514.0,1114112.0,1.1134015611352358e+17,1.9821428571428572,0.048502607142857146,78.57142857142857,69869.71428571429
2048000.0,1024000.0,256.0,64.0,3.0,32.0,34.0,6.0,3.0,1.0,2.0,1.0,4.0,2.0,2.0,1.0,2.0,5.0,6.0,2.0,4.0,1.0,1.0,6.0,5.0,3.0,2.0,4.0,4.0,6.0,2.0,6.0,6.0,128.0,1.0,576.0,16.0,1.0,1.0,1.0,1.0,1.0,1.0,1.0,2.0,2.0,1.0,2.0,2.0,6.0,3.0,2.0,6.0,4.0,2.0,4.0,2.0,3.0,5.0,4.0,3.0,1.0,64.0,4.0,1.0,8.0,64.0,1.0,4.0,8.0,1.0,1.0,1.0,1.0,1.0,1.0,1.0,3.0,6.0,4.0,5.0,4.0,4.0,2.0,4.0,5.0,6.0,1.0,1.0,3.0,5.0,2.0,16.0,4.0,1.0,16.0,8.0,1.0,64.0,8.0,1.0,1.0,1.0,1.0,1.0,2.0,6.0,4.0,6.0,6.0,4.0,6.0,3.0,5.0,3.0,1.0,5.0,1.0,4.0,2.0,3.0,6.0,48.0,1.0,1.0,64.0,4.0,1.0,1.0,1.0,1.0,1.0,1.0,1.0,5.0,6.0,3.0,1.0,6.0,1.0,1.0,6.0,4.0,4.0,3.0,4.0,3.0,1.0,1.0,3.0,5.0,4.0,12.0,256.0,1.0,16.0,384.0,1.0,1.0,1.0,1.0,1.0,1.0,1.0,1.0,3.0,1.0,6.0,3.0,3.0,5.0,6.0,1.0,6.0,6.0,5.0,2.0,1.0,4.0,2.0,3.0,5.0,12.0,384.0,1.0,4.0,32.0,1.0,1.0,1.0,1.0,1.0,1.0,1.0,460993248.0,18539580.680000003,24228400000.0,48.16689642857143,6528.0,514.0,360448.0,8546621514231250.0,37.857142857142854,1.0675222142857141,78.57142857142857,36864.0
1024000.0,128000.0,256.0,64.0,2.0,36.0,10.0,24.0,6.0,1.0,3.0,5.0,3.0,2.0,2.0,4.0,3.0,3.0,1.0,2.0,4.0,1.0,5.0,3.0,2.0,4.0,4.0,6.0,1.0,1.0,3.0,1.0,16.0,128.0,1.0,192.0,6.0,1.0,1.0,1.0,1.0,1.0,1.0,1.0,6.0,1.0,3.0,5.0,3.0,4.0,4.0,6.0,6.0,5.0,1.0,3.0,5.0,6.0,6.0,2.0,2.0,3.0,1.0,4.0,1.0,1.0,4.0,1.0,64.0,16.0,1.0,1.0,1.0,1.0,4.0,3.0,1.0,5.0,1.0,3.0,3.0,5.0,5.0,3.0,6.0,6.0,6.0,4.0,3.0,1.0,1.0,4.0,16.0,1.0,1.0,32.0,2.0,1.0,16.0,64.0,1.0,1.0,1.0,1.0,1.0,4.0,3.0,2.0,2.0,4.0,2.0,2.0,3.0,6.0,6.0,1.0,4.0,3.0,3.0,4.0,6.0,5.0,16.0,384.0,1.0,128.0,16.0,1.0,1.0,1.0,1.0,1.0,1.0,1.0,2.0,6.0,3.0,5.0,1.0,2.0,1.0,4.0,6.0,6.0,2.0,4.0,1.0,1.0,3.0,6.0,3.0,5.0,48.0,64.0,1.0,6.0,1536.0,1.0,1.0,1.0,1.0,1.0,1.0,1.0,5.0,1.0,6.0,5.0,1.0,1.0,5.0,6.0,4.0,6.0,6.0,1.0,4.0,2.0,6.0,3.0,6.0,4.0,768.0,128.0,1.0,8.0,8.0,1.0,1.0,1.0,1.0,1.0,1.0,1.0,1316874168.0,21336833.400000002,122443000.0,1.1826985714285714,240.0,514.0,350208.0,2.8097924731379616e+16,9.39529,6.116278832142856,78.57142857142857,20876.0
128.0,16000000.0,256.0,64.0,1.0,20.0,34.0,28.0,3.0,6.0,5.0,5.0,4.0,5.0,3.0,6.0,1.0,3.0,3.0,2.0,3.0,3.0,1.0,5.0,5.0,3.0,1.0,2.0,3.0,2.0,3.0,3.0,64.0,192.0,1.0,192.0,96.0,1.0,1.0,1.0,1.0,1.0,1.0,1.0,3.0,3.0,3.0,3.0,6.0,3.0,6.0,4.0,6.0,6.0,3.0,1.0,3.0,3.0,4.0,4.0,1.0,6.0,1.0,2.0,1.0,2.0,1.0,1.0,2.0,1.0,1.0,1.0,1.0,1.0,4.0,6.0,6.0,5.0,2.0,6.0,4.0,1.0,6.0,6.0,3.0,3.0,3.0,5.0,4.0,2.0,6.0,5.0,4.0,64.0,1.0,16.0,8.0,1.0,4.0,8.0,1.0,1.0,1.0,1.0,3.0,1.0,4.0,6.0,4.0,3.0,5.0,1.0,4.0,2.0,4.0,4.0,1.0,1.0,4.0,5.0,5.0,2.0,96.0,16.0,1.0,768.0,8.0,1.0,1.0,1.0,1.0,1.0,1.0,1.0,6.0,4.0,3.0,4.0,2.0,4.0,1.0,5.0,2.0,6.0,3.0,3.0,2.0,6.0,6.0,5.0,4.0,4.0,8.0,6.0,1.0,384.0,16.0,1.0,1.0,1.0,1.0,1.0,1.0,1.0,6.0,2.0,6.0,5.0,4.0,4.0,3.0,6.0,4.0,2.0,1.0,6.0,3.0,2.0,6.0,6.0,1.0,5.0,4.0,2.0,1.0,96.0,128.0,1.0,1.0,1.0,1.0,1.0,1.0,1.0,404619600.0,68440058.4,11913400.0,0.13622185714285712,28.0,514.0,7480.0,2.7692189053784644e+16,25.890839285714286,26.400453571428574,78.57142857142857,1166.2857142857142
2048000.0,128000.0,256.0,64.0,3.0,10.0,8.0,2.0,3.0,1.0,2.0,1.0,1.0,2.0,4.0,5.0,6.0,2.0,4.0,5.0,2.0,4.0,4.0,3.0,6.0,3.0,2.0,4.0,1.0,1.0,5.0,2.0,24.0,1.0,1.0,72.0,192.0,1.0,1.0,1.0,1.0,1.0,1.0,1.0,6.0,1.0,1.0,2.0,5.0,5.0,1.0,2.0,2.0,3.0,2.0,4.0,2.0,3.0,1.0,4.0,1.0,6.0,2.0,64.0,1.0,64.0,1.0,1.0,1.0,2.0,1.0,1.0,1.0,1.0,5.0,6.0,3.0,1.0,3.0,4.0,3.0,2.0,1.0,2.0,4.0,4.0,4.0,3.0,4.0,1.0,6.0,3.0,16.0,128.0,1.0,4.0,8.0,1.0,8.0,16.0,1.0,1.0,1.0,1.0,3.0,6.0,6.0,5.0,1.0,6.0,6.0,1.0,5.0,4.0,1.0,1.0,2.0,4.0,3.0,1.0,5.0,4.0,2.0,32.0,1.0,256.0,192.0,1.0,1.0,1.0,1.0,1.0,1.0,1.0,1.0,6.0,1.0,6.0,2.0,3.0,5.0,6.0,5.0,1.0,3.0,5.0,3.0,1.0,4.0,2.0,3.0,3.0,48.0,6.0,1.0,32.0,1536.0,1.0,1.0,1.0,1.0,1.0,1.0,1.0,4.0,3.0,2.0,3.0,1.0,2.0,1.0,1.0,5.0,6.0,2.0,2.0,1.0,1.0,2.0,4.0,4.0,3.0,4.0,4.0,1.0,48.0,192.0,1.0,1.0,1.0,1.0,1.0,1.0,1.0,1458371148.0,18326256.36,75536400.0,1.0769707857142858,160.0,514.0,1990656.0,2.67264835262755e+16,2.9276439285714284,0.09712238214285715,78.57142857142857,98596.57142857143
32000.0,256000.0,256.0,64.0,2.0,28.0,8.0,32.0,5.0,3.0,5.0,1.0,6.0,5.0,3.0,3.0,2.0,1.0,2.0,4.0,6.0,2.0,6.0,6.0,1.0,1.0,2.0,2.0,5.0,6.0,6.0,2.0,4.0,1.0,1.0,2.0,96.0,1.0,1.0,1.0,1.0,1.0,1.0,1.0,4.0,6.0,3.0,3.0,4.0,6.0,3.0,6.0,2.0,4.0,5.0,5.0,2.0,4.0,5.0,6.0,4.0,1.0,16.0,32.0,1.0,2.0,16.0,1.0,128.0,4.0,1.0,1.0,1.0,1.0,6.0,1.0,1.0,1.0,4.0,5.0,6.0,5.0,1.0,1.0,2.0,5.0,6.0,4.0,1.0,4.0,4.0,6.0,8.0,8.0,1.0,4.0,8.0,1.0,32.0,16.0,1.0,1.0,1.0,1.0,3.0,4.0,4.0,4.0,5.0,3.0,5.0,3.0,1.0,1.0,5.0,5.0,5.0,1.0,5.0,5.0,2.0,5.0,128.0,384.0,1.0,6.0,8.0,1.0,1.0,1.0,1.0,1.0,1.0,1.0,2.0,4.0,4.0,1.0,5.0,6.0,5.0,3.0,6.0,2.0,1.0,2.0,4.0,4.0,4.0,4.0,3.0,4.0,48.0,64.0,1.0,32.0,256.0,1.0,1.0,1.0,1.0,1.0,1.0,1.0,4.0,2.0,4.0,1.0,2.0,4.0,6.0,1.0,1.0,1.0,5.0,1.0,3.0,2.0,4.0,2.0,5.0,6.0,4.0,512.0,1.0,8.0,384.0,1.0,1.0,1.0,1.0,1.0,1.0,1.0,3846713820.0,34146679.28,132609000.0,1.194888571428571,256.0,514.0,35840.0,1.3135250309348365e+17,12.464285714285714,3.9135561071428575,78.57142857142857,2541.8571428571427
1024000.0,256000.0,256.0,64.0,1.0,34.0,28.0,46.0,1.0,4.0,1.0,2.0,2.0,3.0,5.0,1.0,2.0,3.0,4.0,4.0,2.0,2.0,2.0,3.0,5.0,5.0,6.0,2.0,2.0,4.0,6.0,4.0,4.0,32.0,1.0,6.0,24.0,1.0,1.0,1.0,1.0,1.0,1.0,1.0,6.0,4.0,6.0,5.0,4.0,5.0,2.0,6.0,5.0,5.0,4.0,4.0,1.0,1.0,2.0,5.0,3.0,4.0,2.0,8.0,1.0,4.0,128.0,1.0,8.0,1.0,1.0,1.0,1.0,1.0,4.0,5.0,4.0,5.0,3.0,4.0,3.0,5.0,5.0,4.0,5.0,2.0,3.0,1.0,5.0,5.0,1.0,6.0,2.0,32.0,1.0,16.0,8.0,1.0,8.0,2.0,1.0,1.0,1.0,1.0,1.0,3.0,5.0,1.0,3.0,4.0,5.0,1.0,3.0,6.0,3.0,2.0,6.0,1.0,2.0,6.0,6.0,1.0,8.0,2.0,1.0,32.0,64.0,1.0,1.0,1.0,1.0,1.0,1.0,1.0,4.0,2.0,1.0,5.0,6.0,1.0,4.0,6.0,3.0,2.0,3.0,2.0,6.0,2.0,2.0,6.0,2.0,1.0,8.0,2.0,1.0,1.0,192.0,1.0,1.0,1.0,1.0,1.0,1.0,1.0,4.0,4.0,2.0,3.0,6.0,1.0,6.0,2.0,1.0,5.0,1.0,1.0,4.0,5.0,3.0,1.0,3.0,2.0,384.0,1536.0,1.0,32.0,2.0,1.0,1.0,1.0,1.0,1.0,1.0,1.0,246546768.0,67722050.4,19515900.0,0.22027185714285719,46.0,514.0,12124.0,1.6696652648453108e+16,43.049321428571425,43.331664285714275,78.57142857142857,1891.4285714285713
2048.0,1024000.0,256.0,64.0,3.0,32.0,42.0,26.0,6.0,3.0,5.0,3.0,3.0,6.0,4.0,1.0,3.0,4.0,5.0,1.0,3.0,5.0,4.0,3.0,1.0,5.0,3.0,5.0,6.0,5.0,2.0,5.0,192.0,3.0,1.0,16.0,64.0,1.0,1.0,1.0,1.0,1.0,1.0,1.0,2.0,3.0,3.0,2.0,6.0,6.0,3.0,1.0,5.0,3.0,5.0,4.0,2.0,3.0,1.0,3.0,3.0,6.0,1.0,32.0,1.0,8.0,32.0,1.0,1.0,1.0,1.0,1.0,1.0,1.0,5.0,1.0,4.0,6.0,6.0,5.0,2.0,4.0,1.0,6.0,3.0,2.0,4.0,2.0,3.0,2.0,4.0,2.0,4.0,16.0,1.0,128.0,128.0,1.0,32.0,64.0,1.0,1.0,1.0,1.0,1.0,5.0,3.0,1.0,6.0,2.0,5.0,3.0,4.0,6.0,1.0,6.0,5.0,4.0,3.0,2.0,6.0,3.0,64.0,12.0,1.0,8.0,3.0,1.0,1.0,1.0,1.0,1.0,1.0,1.0,3.0,5.0,1.0,6.0,4.0,6.0,5.0,3.0,6.0,5.0,4.0,3.0,2.0,5.0,6.0,1.0,4.0,3.0,96.0,24.0,1.0,3072.0,48.0,1.0,1.0,1.0,1.0,1.0,1.0,1.0,6.0,4.0,6.0,4.0,4.0,4.0,1.0,1.0,3.0,6.0,5.0,4.0,2.0,2.0,4.0,1.0,2.0,5.0,4.0,512.0,1.0,3.0,2.0,1.0,1.0,1.0,1.0,1.0,1.0,1.0,1899229116.0,17749964.519999996,635714000000.0,693.1408928571428,34944.0,514.0,5701632.0,3.3711249424350956e+16,56.785714285714285,0.876689607142857,78.57142857142857,280978.28571428574
256000.0,32000.0,256.0,64.0,3.0,46.0,20.0,46.0,3.0,4.0,2.0,3.0,2.0,4.0,1.0,3.0,4.0,4.0,2.0,6.0,2.0,5.0,1.0,1.0,5.0,6.0,6.0,1.0,5.0,3.0,3.0,3.0,192.0,384.0,1.0,128.0,8.0,1.0,1.0,1.0,1.0,1.0,1.0,1.0,5.0,1.0,3.0,3.0,5.0,5.0,5.0,3.0,2.0,3.0,6.0,1.0,4.0,1.0,5.0,4.0,6.0,4.0,32.0,8.0,1.0,4.0,8.0,1.0,2.0,2.0,1.0,1.0,1.0,1.0,5.0,2.0,5.0,4.0,5.0,6.0,5.0,2.0,4.0,3.0,6.0,5.0,3.0,2.0,2.0,4.0,1.0,1.0,16.0,64.0,1.0,8.0,4.0,1.0,2.0,64.0,1.0,1.0,1.0,1.0,5.0,4.0,6.0,2.0,6.0,3.0,5.0,1.0,3.0,2.0,3.0,6.0,4.0,2.0,4.0,4.0,6.0,1.0,24.0,768.0,1.0,96.0,6.0,1.0,1.0,1.0,1.0,1.0,1.0,1.0,5.0,3.0,6.0,4.0,2.0,1.0,6.0,5.0,5.0,6.0,4.0,1.0,6.0,6.0,6.0,1.0,1.0,1.0,96.0,1.0,1.0,384.0,64.0,1.0,1.0,1.0,1.0,1.0,1.0,1.0,3.0,5.0,5.0,2.0,5.0,3.0,5.0,3.0,2.0,2.0,5.0,1.0,2.0,3.0,6.0,1.0,3.0,3.0,384.0,1.0,1.0,24.0,12.0,1.0,1.0,1.0,1.0,1.0,1.0,1.0,577237212.0,17915677.54,928975000000.0,975.8659285714285,42320.0,514.0,2424832.0,1.0341595754280618e+16,197.54285714285712,4.117188571428572,78.57142857142857,240681.14285714287
32000.0,128000.0,256.0,64.0,1.0,26.0,6.0,8.0,1.0,5.0,6.0,2.0,1.0,4.0,2.0,2.0,3.0,3.0,5.0,5.0,6.0,2.0,2.0,1.0,6.0,1.0,2.0,4.0,6.0,6.0,1.0,2.0,128.0,24.0,1.0,4.0,8.0,1.0,1.0,1.0,1.0,1.0,1.0,1.0,1.0,6.0,6.0,4.0,2.0,1.0,1.0,1.0,5.0,3.0,6.0,5.0,1.0,3.0,3.0,4.0,5.0,1.0,1.0,32.0,1.0,8.0,8.0,1.0,8.0,8.0,1.0,1.0,1.0,1.0,6.0,1.0,3.0,5.0,3.0,1.0,1.0,6.0,2.0,3.0,3.0,2.0,3.0,1.0,5.0,2.0,5.0,4.0,2.0,64.0,1.0,2.0,4.0,1.0,2.0,1.0,1.0,1.0,1.0,1.0,1.0,2.0,1.0,5.0,1.0,1.0,5.0,1.0,1.0,3.0,4.0,4.0,2.0,4.0,2.0,5.0,1.0,5.0,24.0,6.0,1.0,32.0,2.0,1.0,1.0,1.0,1.0,1.0,1.0,1.0,5.0,6.0,4.0,6.0,1.0,6.0,5.0,1.0,3.0,2.0,2.0,3.0,1.0,2.0,3.0,3.0,6.0,4.0,8.0,48.0,1.0,384.0,192.0,1.0,1.0,1.0,1.0,1.0,1.0,1.0,6.0,3.0,3.0,2.0,4.0,5.0,5.0,6.0,4.0,2.0,3.0,6.0,1.0,1.0,5.0,4.0,4.0,1.0,4.0,12.0,1.0,6.0,16.0,1.0,1.0,1.0,1.0,1.0,1.0,1.0,10909385040.0,100602327.83999999,3853260.0,0.04258074285714287,8.0,514.0,514.0,1.0975095303268714e+18,7.0,7.426038928571429,78.57142857142857,102.57142857142857
128.0,1024000.0,256.0,64.0,2.0,34.0,22.0,14.0,1.0,2.0,2.0,3.0,6.0,4.0,6.0,2.0,2.0,1.0,5.0,6.0,2.0,5.0,4.0,2.0,5.0,4.0,4.0,5.0,5.0,6.0,3.0,4.0,768.0,16.0,1.0,12.0,9.0,1.0,1.0,1.0,1.0,1.0,1.0,1.0,1.0,6.0,1.0,5.0,1.0,5.0,2.0,1.0,1.0,2.0,4.0,1.0,4.0,4.0,3.0,1.0,3.0,2.0,1.0,4.0,1.0,2.0,64.0,1.0,64.0,32.0,1.0,1.0,1.0,1.0,3.0,1.0,2.0,2.0,1.0,5.0,5.0,4.0,5.0,6.0,1.0,6.0,2.0,3.0,3.0,5.0,4.0,3.0,32.0,64.0,1.0,2.0,16.0,1.0,16.0,1.0,1.0,1.0,1.0,1.0,1.0,5.0,5.0,1.0,5.0,5.0,6.0,2.0,6.0,5.0,3.0,5.0,3.0,4.0,5.0,3.0,1.0,5.0,24.0,384.0,1.0,64.0,8.0,1.0,1.0,1.0,1.0,1.0,1.0,1.0,3.0,4.0,2.0,6.0,2.0,3.0,6.0,6.0,1.0,1.0,6.0,6.0,2.0,3.0,1.0,1.0,4.0,1.0,96.0,256.0,1.0,12.0,256.0,1.0,1.0,1.0,1.0,1.0,1.0,1.0,2.0,4.0,1.0,5.0,2.0,2.0,6.0,5.0,1.0,2.0,6.0,6.0,3.0,4.0,6.0,3.0,4.0,6.0,512.0,192.0,1.0,384.0,768.0,1.0,1.0,1.0,1.0,1.0,1.0,1.0,11178559524.0,21803700.0,167582000.0,1.4753564285714287,308.0,514.0,294912.0,2.437339582934388e+17,1.0,0.8466332792857143,78.57142857142857,12315.42857142857
4096.0,8192000.0,256.0,64.0,3.0,42.0,34.0,42.0,6.0,6.0,2.0,6.0,2.0,3.0,2.0,3.0,3.0,3.0,4.0,2.0,4.0,2.0,6.0,4.0,3.0,6.0,5.0,4.0,6.0,5.0,4.0,1.0,128.0,192.0,1.0,2.0,192.0,1.0,1.0,1.0,1.0,1.0,1.0,1.0,2.0,3.0,2.0,4.0,3.0,2.0,6.0,2.0,6.0,3.0,6.0,2.0,6.0,6.0,6.0,6.0,6.0,2.0,64.0,8.0,1.0,128.0,32.0,1.0,16.0,128.0,1.0,1.0,1.0,1.0,6.0,5.0,6.0,3.0,4.0,2.0,5.0,3.0,4.0,2.0,4.0,2.0,2.0,1.0,3.0,5.0,6.0,3.0,128.0,64.0,1.0,128.0,1.0,1.0,16.0,2.0,1.0,1.0,1.0,1.0,5.0,6.0,2.0,4.0,1.0,6.0,5.0,1.0,6.0,5.0,6.0,3.0,2.0,5.0,6.0,6.0,6.0,5.0,1.0,64.0,1.0,32.0,192.0,1.0,1.0,1.0,1.0,1.0,1.0,1.0,5.0,6.0,3.0,1.0,3.0,2.0,1.0,3.0,6.0,6.0,3.0,4.0,4.0,4.0,3.0,4.0,4.0,1.0,32.0,96.0,1.0,384.0,1024.0,1.0,1.0,1.0,1.0,1.0,1.0,1.0,1.0,2.0,2.0,4.0,6.0,4.0,5.0,2.0,3.0,4.0,5.0,3.0,1.0,6.0,1.0,3.0,1.0,6.0,64.0,8.0,1.0,96.0,1.0,1.0,1.0,1.0,1.0,1.0,1.0,1.0,251065308.0,17737699.46,1856190000000.0,1846.4596428571429,59976.0,514.0,2031616.0,4453320978136334.0,50.857142857142854,0.5267857142857143,78.57142857142857,200704.0
1024.0,32000000.0,256.0,64.0,2.0,14.0,20.0,36.0,1.0,4.0,3.0,2.0,3.0,5.0,5.0,6.0,5.0,6.0,2.0,6.0,4.0,6.0,2.0,4.0,5.0,6.0,2.0,1.0,3.0,4.0,4.0,5.0,128.0,192.0,1.0,16.0,384.0,1.0,1.0,1.0,1.0,1.0,1.0,1.0,1.0,6.0,6.0,1.0,5.0,3.0,5.0,1.0,4.0,6.0,4.0,1.0,2.0,3.0,6.0,4.0,5.0,2.0,1.0,64.0,1.0,1.0,4.0,1.0,128.0,32.0,1.0,1.0,1.0,1.0,5.0,1.0,4.0,2.0,6.0,1.0,6.0,5.0,3.0,2.0,4.0,4.0,2.0,4.0,2.0,3.0,2.0,6.0,4.0,1.0,1.0,2.0,8.0,1.0,16.0,32.0,1.0,1.0,1.0,1.0,4.0,6.0,4.0,6.0,6.0,6.0,6.0,6.0,4.0,6.0,4.0,4.0,3.0,2.0,4.0,2.0,5.0,5.0,4.0,16.0,1.0,6.0,4.0,1.0,1.0,1.0,1.0,1.0,1.0,1.0,1.0,5.0,1.0,1.0,4.0,3.0,6.0,3.0,3.0,6.0,2.0,2.0,3.0,3.0,3.0,1.0,6.0,4.0,32.0,8.0,1.0,1536.0,1.0,1.0,1.0,1.0,1.0,1.0,1.0,1.0,3.0,4.0,2.0,4.0,6.0,1.0,5.0,1.0,1.0,6.0,4.0,5.0,2.0,3.0,3.0,2.0,5.0,3.0,128.0,16.0,1.0,192.0,3.0,1.0,1.0,1.0,1.0,1.0,1.0,1.0,5468712396.0,23882530.959999997,541857000.0,3.478166071428572,720.0,514.0,40960.0,1.3060669310880576e+17,2.142857142857143,1.3033526785714287,78.57142857142857,1895.7142857142858
128.0,4096000.0,256.0,64.0,3.0,10.0,2.0,10.0,5.0,4.0,6.0,3.0,1.0,3.0,2.0,3.0,2.0,4.0,4.0,3.0,2.0,2.0,3.0,3.0,4.0,5.0,3.0,2.0,2.0,1.0,3.0,1.0,384.0,16.0,1.0,288.0,128.0,1.0,1.0,1.0,1.0,1.0,1.0,1.0,6.0,1.0,3.0,2.0,5.0,6.0,6.0,3.0,2.0,2.0,6.0,5.0,3.0,4.0,2.0,3.0,6.0,4.0,8.0,32.0,1.0,32.0,2.0,1.0,8.0,128.0,1.0,1.0,1.0,1.0,4.0,2.0,6.0,5.0,3.0,6.0,4.0,4.0,5.0,3.0,3.0,5.0,6.0,4.0,5.0,4.0,6.0,6.0,64.0,2.0,1.0,2.0,2.0,1.0,2.0,16.0,1.0,1.0,1.0,1.0,2.0,4.0,3.0,2.0,4.0,5.0,2.0,4.0,5.0,6.0,1.0,5.0,6.0,6.0,3.0,2.0,4.0,3.0,96.0,256.0,1.0,256.0,1.0,1.0,1.0,1.0,1.0,1.0,1.0,1.0,5.0,4.0,1.0,4.0,5.0,6.0,5.0,5.0,3.0,6.0,4.0,1.0,1.0,2.0,2.0,6.0,2.0,2.0,2.0,8.0,1.0,128.0,32.0,1.0,1.0,1.0,1.0,1.0,1.0,1.0,6.0,5.0,3.0,6.0,5.0,2.0,4.0,3.0,5.0,6.0,6.0,1.0,6.0,5.0,2.0,1.0,5.0,3.0,8.0,24.0,1.0,8.0,128.0,1.0,1.0,1.0,1.0,1.0,1.0,1.0,1287204348.0,20376266.16,98093500.0,1.0540094999999996,200.0,514.0,393216.0,2.6228418397157264e+16,10.320053571428572,0.2140530714285714,78.57142857142857,37961.142857142855
16000.0,128000.0,256.0,64.0,1.0,10.0,34.0,18.0,2.0,4.0,3.0,2.0,4.0,4.0,3.0,4.0,2.0,6.0,3.0,1.0,4.0,2.0,1.0,4.0,6.0,4.0,2.0,6.0,2.0,5.0,2.0,5.0,192.0,1.0,1.0,1.0,36.0,1.0,1.0,1.0,1.0,1.0,1.0,1.0,4.0,5.0,2.0,6.0,4.0,5.0,5.0,4.0,3.0,3.0,6.0,1.0,3.0,6.0,2.0,3.0,1.0,2.0,8.0,8.0,1.0,32.0,64.0,1.0,8.0,16.0,1.0,1.0,1.0,1.0,2.0,6.0,4.0,5.0,2.0,2.0,2.0,2.0,6.0,4.0,1.0,4.0,1.0,5.0,4.0,4.0,3.0,3.0,4.0,16.0,1.0,32.0,4.0,1.0,32.0,4.0,1.0,1.0,1.0,1.0,1.0,1.0,6.0,3.0,1.0,6.0,5.0,2.0,4.0,1.0,4.0,2.0,4.0,4.0,2.0,3.0,5.0,5.0,256.0,768.0,1.0,16.0,8.0,1.0,1.0,1.0,1.0,1.0,1.0,1.0,1.0,6.0,1.0,6.0,5.0,2.0,2.0,6.0,1.0,2.0,3.0,1.0,4.0,3.0,5.0,2.0,1.0,4.0,768.0,32.0,1.0,12.0,8.0,1.0,1.0,1.0,1.0,1.0,1.0,1.0,5.0,5.0,4.0,4.0,6.0,4.0,1.0,1.0,3.0,5.0,2.0,2.0,1.0,3.0,5.0,2.0,2.0,4.0,4.0,3.0,1.0,96.0,256.0,1.0,1.0,1.0,1.0,1.0,1.0,1.0,625213776.0,68371105.44,7832460.0,0.08982214285714286,18.0,514.0,4900.0,4.2746557001436536e+16,16.274496428571428,16.703024999999997,78.57142857142857,763.4285714285714
8192.0,2048000.0,256.0,64.0,1.0,26.0,42.0,42.0,4.0,1.0,3.0,4.0,2.0,1.0,3.0,5.0,1.0,5.0,4.0,6.0,3.0,4.0,2.0,1.0,4.0,3.0,1.0,3.0,6.0,5.0,1.0,4.0,96.0,128.0,1.0,24.0,192.0,1.0,1.0,1.0,1.0,1.0,1.0,1.0,1.0,6.0,2.0,6.0,2.0,1.0,5.0,6.0,5.0,4.0,5.0,4.0,5.0,3.0,1.0,5.0,1.0,5.0,64.0,2.0,1.0,16.0,1.0,1.0,128.0,4.0,1.0,1.0,1.0,1.0,3.0,5.0,1.0,3.0,3.0,4.0,4.0,2.0,5.0,3.0,5.0,2.0,6.0,2.0,4.0,4.0,3.0,6.0,2.0,32.0,1.0,1.0,8.0,1.0,16.0,64.0,1.0,1.0,1.0,1.0,6.0,1.0,1.0,2.0,2.0,4.0,4.0,4.0,3.0,6.0,1.0,6.0,2.0,2.0,2.0,3.0,5.0,3.0,3.0,16.0,1.0,384.0,12.0,1.0,1.0,1.0,1.0,1.0,1.0,1.0,6.0,5.0,4.0,5.0,4.0,1.0,1.0,1.0,2.0,1.0,6.0,6.0,5.0,5.0,3.0,1.0,1.0,4.0,192.0,128.0,1.0,128.0,384.0,1.0,1.0,1.0,1.0,1.0,1.0,1.0,2.0,5.0,5.0,5.0,2.0,6.0,2.0,3.0,6.0,6.0,2.0,1.0,6.0,6.0,5.0,6.0,5.0,5.0,1536.0,768.0,1.0,96.0,768.0,1.0,1.0,1.0,1.0,1.0,1.0,1.0,276038976.0,32704793.28000001,17797900.0,0.20156957142857143,42.0,514.0,11092.0,9027797647302884.0,33.24202857142858,28.919683928571423,78.57142857142857,1730.2857142857142
2048000.0,1024000.0,256.0,64.0,3.0,42.0,34.0,36.0,4.0,3.0,3.0,6.0,2.0,5.0,2.0,1.0,5.0,6.0,4.0,2.0,3.0,3.0,4.0,1.0,3.0,1.0,6.0,1.0,5.0,4.0,3.0,3.0,192.0,32.0,1.0,6.0,1152.0,1.0,1.0,1.0,1.0,1.0,1.0,1.0,1.0,5.0,3.0,3.0,5.0,3.0,1.0,4.0,3.0,5.0,3.0,6.0,4.0,1.0,6.0,5.0,2.0,4.0,8.0,1.0,1.0,64.0,128.0,1.0,1.0,64.0,1.0,1.0,1.0,1.0,3.0,6.0,1.0,6.0,2.0,1.0,1.0,2.0,1.0,3.0,5.0,2.0,2.0,6.0,2.0,2.0,4.0,3.0,8.0,32.0,1.0,4.0,64.0,1.0,4.0,32.0,1.0,1.0,1.0,1.0,4.0,2.0,1.0,2.0,4.0,6.0,3.0,3.0,4.0,4.0,3.0,3.0,3.0,3.0,6.0,6.0,1.0,2.0,16.0,32.0,1.0,64.0,128.0,1.0,1.0,1.0,1.0,1.0,1.0,1.0,1.0,6.0,2.0,5.0,5.0,4.0,4.0,6.0,4.0,5.0,3.0,3.0,2.0,4.0,3.0,1.0,4.0,5.0,48.0,128.0,1.0,12.0,12.0,1.0,1.0,1.0,1.0,1.0,1.0,1.0,1.0,2.0,3.0,5.0,6.0,5.0,4.0,4.0,2.0,6.0,6.0,5.0,2.0,5.0,1.0,2.0,6.0,1.0,1024.0,12.0,1.0,32.0,4.0,1.0,1.0,1.0,1.0,1.0,1.0,1.0,768359400.0,19622560.419999998,1366550000000.0,1389.2982142857143,51408.0,514.0,786432.0,1.5077178750774946e+16,6.714285714285714,0.15232839285714286,78.57142857142857,55954.28571428572
128.0,128000.0,256.0,64.0,2.0,34.0,38.0,24.0,3.0,3.0,5.0,3.0,1.0,1.0,2.0,5.0,5.0,2.0,4.0,3.0,2.0,4.0,5.0,4.0,5.0,6.0,4.0,2.0,4.0,1.0,5.0,1.0,2.0,6.0,1.0,96.0,256.0,1.0,1.0,1.0,1.0,1.0,1.0,1.0,6.0,5.0,1.0,4.0,2.0,4.0,2.0,1.0,2.0,5.0,2.0,2.0,4.0,6.0,3.0,6.0,6.0,3.0,64.0,8.0,1.0,8.0,2.0,1.0,32.0,4.0,1.0,1.0,1.0,1.0,5.0,5.0,1.0,2.0,2.0,6.0,1.0,2.0,2.0,3.0,1.0,6.0,4.0,5.0,3.0,3.0,3.0,1.0,4.0,64.0,1.0,1.0,16.0,1.0,2.0,16.0,1.0,1.0,1.0,1.0,2.0,6.0,4.0,1.0,3.0,4.0,4.0,5.0,6.0,4.0,1.0,2.0,3.0,1.0,6.0,2.0,3.0,6.0,4.0,1.0,1.0,384.0,6.0,1.0,1.0,1.0,1.0,1.0,1.0,1.0,5.0,5.0,3.0,2.0,2.0,6.0,1.0,3.0,1.0,6.0,1.0,6.0,1.0,5.0,1.0,2.0,6.0,4.0,2.0,256.0,1.0,32.0,1024.0,1.0,1.0,1.0,1.0,1.0,1.0,1.0,6.0,2.0,4.0,1.0,6.0,1.0,6.0,4.0,6.0,4.0,6.0,2.0,5.0,6.0,4.0,1.0,2.0,4.0,1.0,48.0,1.0,192.0,12.0,1.0,1.0,1.0,1.0,1.0,1.0,1.0,7708926168.0,52915784.919999994,775385000.0,4.4821875,912.0,514.0,25472.0,4.0792387907004774e+17,164.78571428571428,49.16973228571429,78.57142857142857,2797.8571428571427
16000.0,128000.0,256.0,64.0,3.0,34.0,12.0,4.0,5.0,6.0,4.0,3.0,5.0,5.0,3.0,2.0,4.0,1.0,5.0,3.0,6.0,3.0,6.0,6.0,2.0,3.0,5.0,5.0,5.0,4.0,6.0,4.0,2.0,2.0,1.0,768.0,18.0,1.0,1.0,1.0,1.0,1.0,1.0,1.0,5.0,3.0,2.0,6.0,5.0,5.0,2.0,4.0,5.0,5.0,1.0,1.0,4.0,6.0,1.0,4.0,2.0,3.0,16.0,64.0,1.0,2.0,1.0,1.0,64.0,4.0,1.0,1.0,1.0,1.0,5.0,6.0,5.0,1.0,3.0,5.0,1.0,4.0,6.0,5.0,4.0,5.0,5.0,2.0,1.0,4.0,3.0,2.0,4.0,32.0,1.0,1.0,32.0,1.0,1.0,64.0,1.0,1.0,1.0,1.0,4.0,2.0,4.0,1.0,6.0,6.0,1.0,5.0,2.0,4.0,5.0,5.0,6.0,1.0,1.0,1.0,5.0,3.0,32.0,32.0,1.0,32.0,12.0,1.0,1.0,1.0,1.0,1.0,1.0,1.0,4.0,5.0,5.0,2.0,6.0,6.0,6.0,3.0,2.0,4.0,3.0,5.0,1.0,1.0,3.0,6.0,3.0,3.0,12.0,3.0,1.0,16.0,6.0,1.0,1.0,1.0,1.0,1.0,1.0,1.0,3.0,5.0,3.0,5.0,3.0,1.0,2.0,2.0,4.0,6.0,6.0,3.0,5.0,3.0,1.0,3.0,4.0,4.0,64.0,1536.0,1.0,3.0,3.0,1.0,1.0,1.0,1.0,1.0,1.0,1.0,988927236.0,23082728.160000004,1985820000.0,8.777172142857141,1632.0,514.0,732672.0,2.282713855860817e+16,87.82142857142857,1.5823092499999998,78.57142857142857,76388.57142857143
1024.0,512000.0,256.0,64.0,2.0,22.0,26.0,32.0,3.0,5.0,2.0,4.0,5.0,5.0,2.0,1.0,6.0,6.0,5.0,6.0,4.0,4.0,3.0,1.0,6.0,1.0,1.0,2.0,4.0,2.0,3.0,3.0,24.0,2.0,1.0,144.0,768.0,1.0,1.0,1.0,1.0,1.0,1.0,1.0,1.0,3.0,5.0,5.0,1.0,1.0,1.0,4.0,4.0,6.0,5.0,1.0,4.0,2.0,5.0,1.0,5.0,6.0,2.0,4.0,1.0,1.0,32.0,1.0,4.0,2.0,1.0,1.0,1.0,1.0,1.0,5.0,6.0,4.0,2.0,5.0,2.0,6.0,4.0,5.0,4.0,1.0,3.0,6.0,4.0,2.0,1.0,3.0,32.0,16.0,1.0,64.0,32.0,1.0,16.0,32.0,1.0,1.0,1.0,1.0,2.0,1.0,2.0,2.0,4.0,5.0,4.0,2.0,1.0,1.0,4.0,4.0,3.0,1.0,6.0,2.0,2.0,2.0,16.0,256.0,1.0,48.0,2.0,1.0,1.0,1.0,1.0,1.0,1.0,1.0,5.0,1.0,4.0,2.0,1.0,4.0,4.0,4.0,4.0,6.0,2.0,5.0,2.0,4.0,1.0,3.0,1.0,3.0,4.0,192.0,1.0,384.0,1024.0,1.0,1.0,1.0,1.0,1.0,1.0,1.0,5.0,6.0,5.0,3.0,5.0,1.0,1.0,3.0,5.0,1.0,1.0,2.0,6.0,2.0,5.0,1.0,4.0,4.0,192.0,3.0,1.0,256.0,768.0,1.0,1.0,1.0,1.0,1.0,1.0,1.0,1911359664.0,30942024.959999997,673587000.0,4.239673214285714,832.0,514.0,713728.0,5.914133843102521e+16,14.564285714285715,5.2117235357142855,78.57142857142857,54524.57142857143
64000.0,16000000.0,256.0,64.0,3.0,36.0,8.0,18.0,4.0,2.0,2.0,2.0,6.0,6.0,5.0,4.0,1.0,6.0,4.0,6.0,3.0,1.0,3.0,1.0,6.0,3.0,3.0,4.0,4.0,2.0,5.0,6.0,12.0,12.0,1.0,8.0,64.0,1.0,1.0,1.0,1.0,1.0,1.0,1.0,5.0,3.0,3.0,2.0,2.0,2.0,1.0,4.0,6.0,5.0,4.0,2.0,5.0,6.0,3.0,6.0,2.0,5.0,4.0,4.0,1.0,64.0,128.0,1.0,2.0,16.0,1.0,1.0,1.0,1.0,3.0,5.0,1.0,3.0,2.0,5.0,2.0,1.0,4.0,2.0,5.0,6.0,4.0,2.0,4.0,5.0,2.0,4.0,2.0,1.0,1.0,128.0,2.0,1.0,8.0,4.0,1.0,1.0,1.0,1.0,6.0,4.0,6.0,4.0,6.0,2.0,1.0,5.0,5.0,3.0,6.0,5.0,2.0,4.0,2.0,5.0,1.0,3.0,24.0,16.0,1.0,3.0,192.0,1.0,1.0,1.0,1.0,1.0,1.0,1.0,4.0,1.0,1.0,3.0,1.0,2.0,2.0,3.0,6.0,1.0,4.0,2.0,2.0,5.0,1.0,2.0,5.0,1.0,128.0,96.0,1.0,384.0,1024.0,1.0,1.0,1.0,1.0,1.0,1.0,1.0,2.0,6.0,5.0,3.0,3.0,4.0,6.0,5.0,1.0,4.0,5.0,5.0,1.0,4.0,6.0,4.0,6.0,4.0,48.0,384.0,1.0,128.0,6.0,1.0,1.0,1.0,1.0,1.0,1.0,1.0,967619268.0,19561713.52,15689800000.0,35.216882142857145,5184.0,514.0,557056.0,1.8928290917048104e+16,4.214285714285714,0.66462045,78.57142857142857,34500.57142857143
32000.0,32000.0,256.0,64.0,3.0,22.0,32.0,36.0,4.0,1.0,6.0,1.0,5.0,4.0,4.0,6.0,5.0,6.0,5.0,1.0,4.0,1.0,1.0,5.0,4.0,1.0,4.0,5.0,2.0,3.0,2.0,6.0,4.0,128.0,1.0,3.0,12.0,1.0,1.0,1.0,1.0,1.0,1.0,1.0,4.0,1.0,1.0,4.0,5.0,6.0,5.0,3.0,5.0,3.0,6.0,4.0,6.0,6.0,6.0,3.0,2.0,6.0,16.0,2.0,1.0,16.0,32.0,1.0,8.0,16.0,1.0,1.0,1.0,1.0,6.0,5.0,1.0,3.0,1.0,1.0,3.0,6.0,1.0,4.0,6.0,6.0,5.0,3.0,3.0,4.0,5.0,3.0,4.0,2.0,1.0,16.0,4.0,1.0,2.0,2.0,1.0,1.0,1.0,1.0,4.0,4.0,5.0,3.0,6.0,6.0,6.0,1.0,3.0,5.0,2.0,1.0,3.0,2.0,4.0,5.0,6.0,4.0,16.0,384.0,1.0,256.0,48.0,1.0,1.0,1.0,1.0,1.0,1.0,1.0,3.0,6.0,2.0,5.0,3.0,2.0,6.0,5.0,1.0,6.0,4.0,4.0,3.0,4.0,6.0,5.0,1.0,6.0,8.0,128.0,1.0,1024.0,3072.0,1.0,1.0,1.0,1.0,1.0,1.0,1.0,2.0,4.0,3.0,4.0,3.0,1.0,1.0,6.0,5.0,6.0,3.0,5.0,1.0,1.0,5.0,5.0,1.0,6.0,8.0,256.0,1.0,6.0,16.0,1.0,1.0,1.0,1.0,1.0,1.0,1.0,1665811824.0,20003336.36,337078000000.0,395.69875,25344.0,514.0,1605632.0,3.332179422793712e+16,21.857142857142858,3.352339178571429,78.57142857142857,80900.57142857143
2048000.0,16000000.0,256.0,64.0,1.0,48.0,46.0,2.0,3.0,5.0,6.0,3.0,5.0,5.0,2.0,6.0,3.0,3.0,3.0,4.0,6.0,1.0,3.0,2.0,4.0,5.0,1.0,5.0,2.0,2.0,1.0,6.0,3.0,16.0,1.0,72.0,576.0,1.0,1.0,1.0,1.0,1.0,1.0,1.0,5.0,3.0,2.0,4.0,4.0,4.0,6.0,5.0,1.0,6.0,5.0,1.0,6.0,4.0,3.0,5.0,1.0,1.0,1.0,64.0,1.0,32.0,32.0,1.0,8.0,64.0,1.0,1.0,1.0,1.0,4.0,4.0,6.0,3.0,1.0,1.0,1.0,3.0,4.0,3.0,2.0,5.0,4.0,5.0,5.0,6.0,1.0,1.0,128.0,128.0,1.0,32.0,8.0,1.0,32.0,4.0,1.0,1.0,1.0,1.0,6.0,5.0,5.0,3.0,3.0,4.0,6.0,3.0,6.0,2.0,5.0,6.0,5.0,1.0,1.0,5.0,6.0,5.0,4.0,96.0,1.0,256.0,256.0,1.0,1.0,1.0,1.0,1.0,1.0,1.0,5.0,1.0,2.0,1.0,4.0,4.0,2.0,3.0,4.0,6.0,5.0,1.0,2.0,2.0,4.0,2.0,6.0,1.0,64.0,64.0,1.0,1024.0,96.0,1.0,1.0,1.0,1.0,1.0,1.0,1.0,5.0,1.0,3.0,1.0,2.0,5.0,4.0,5.0,3.0,4.0,1.0,3.0,5.0,6.0,2.0,3.0,2.0,5.0,48.0,1.0,1.0,24.0,6.0,1.0,1.0,1.0,1.0,1.0,1.0,1.0,11022631248.0,97254463.19999999,1518260.0,0.015532942857142854,2.0,514.0,514.0,1.072000085075786e+18,1.8571428571428572,2.2829764285714282,78.57142857142857,82.0
4096.0,64000.0,256.0,64.0,2.0,18.0,10.0,32.0,5.0,3.0,3.0,4.0,5.0,6.0,5.0,1.0,2.0,2.0,2.0,4.0,1.0,3.0,4.0,6.0,2.0,4.0,5.0,6.0,6.0,5.0,6.0,1.0,128.0,24.0,1.0,288.0,2.0,1.0,1.0,1.0,1.0,1.0,1.0,1.0,2.0,2.0,5.0,5.0,6.0,6.0,5.0,1.0,6.0,2.0,1.0,1.0,2.0,6.0,1.0,4.0,1.0,1.0,4.0,16.0,1.0,1.0,8.0,1.0,64.0,8.0,1.0,1.0,1.0,1.0,3.0,2.0,3.0,4.0,2.0,5.0,4.0,6.0,1.0,6.0,1.0,5.0,6.0,1.0,4.0,4.0,1.0,2.0,16.0,4.0,1.0,16.0,128.0,1.0,8.0,64.0,1.0,1.0,1.0,1.0,1.0,1.0,4.0,6.0,1.0,6.0,2.0,6.0,1.0,1.0,1.0,3.0,6.0,5.0,5.0,1.0,5.0,4.0,256.0,4.0,1.0,64.0,6.0,1.0,1.0,1.0,1.0,1.0,1.0,1.0,5.0,2.0,2.0,1.0,1.0,6.0,2.0,2.0,2.0,4.0,5.0,3.0,3.0,6.0,2.0,4.0,3.0,3.0,2.0,32.0,1.0,4.0,3.0,1.0,1.0,1.0,1.0,1.0,1.0,1.0,2.0,2.0,5.0,1.0,6.0,1.0,1.0,2.0,2.0,5.0,2.0,6.0,1.0,6.0,3.0,4.0,1.0,6.0,24.0,96.0,1.0,64.0,64.0,1.0,1.0,1.0,1.0,1.0,1.0,1.0,2399496912.0,35061390.92,176010000.0,1.4954085714285716,320.0,514.0,25600.0,8.412969924296485e+16,5.357142857142857,1.324466642857143,78.57142857142857,1524.4285714285713
32000.0,16000000.0,256.0,64.0,1.0,6.0,8.0,10.0,6.0,2.0,6.0,1.0,1.0,3.0,3.0,4.0,4.0,3.0,4.0,2.0,3.0,5.0,2.0,3.0,6.0,5.0,4.0,6.0,2.0,5.0,3.0,1.0,12.0,48.0,1.0,12.0,64.0,1.0,1.0,1.0,1.0,1.0,1.0,1.0,3.0,2.0,6.0,5.0,5.0,1.0,5.0,6.0,2.0,5.0,6.0,4.0,5.0,3.0,2.0,4.0,6.0,6.0,32.0,64.0,1.0,64.0,128.0,1.0,4.0,128.0,1.0,1.0,1.0,1.0,4.0,2.0,1.0,1.0,3.0,2.0,6.0,3.0,3.0,3.0,2.0,4.0,4.0,6.0,5.0,2.0,6.0,2.0,1.0,2.0,1.0,64.0,2.0,1.0,4.0,32.0,1.0,1.0,1.0,1.0,2.0,5.0,1.0,6.0,6.0,3.0,3.0,4.0,5.0,4.0,3.0,1.0,1.0,1.0,4.0,5.0,6.0,1.0,6.0,16.0,1.0,8.0,12.0,1.0,1.0,1.0,1.0,1.0,1.0,1.0,1.0,1.0,2.0,4.0,4.0,1.0,5.0,3.0,5.0,2.0,5.0,6.0,3.0,3.0,4.0,4.0,2.0,6.0,192.0,12.0,1.0,128.0,3.0,1.0,1.0,1.0,1.0,1.0,1.0,1.0,1.0,3.0,1.0,4.0,1.0,4.0,3.0,5.0,3.0,4.0,1.0,5.0,2.0,4.0,1.0,6.0,6.0,2.0,64.0,3.0,1.0,16.0,48.0,1.0,1.0,1.0,1.0,1.0,1.0,1.0,1121845824.0,54337380.95999999,4641100.0,0.05274115714285716,10.0,514.0,2836.0,6.09581639170731e+16,9.563008571428572,12.813240714285717,78.57142857142857,441.14285714285717
512000.0,2048000.0,256.0,64.0,2.0,14.0,22.0,6.0,4.0,3.0,5.0,3.0,6.0,5.0,4.0,5.0,1.0,3.0,1.0,2.0,5.0,2.0,1.0,3.0,3.0,4.0,2.0,5.0,5.0,5.0,4.0,5.0,768.0,3.0,1.0,2304.0,256.0,1.0,1.0,1.0,1.0,1.0,1.0,1.0,5.0,1.0,5.0,6.0,6.0,3.0,2.0,4.0,4.0,6.0,6.0,5.0,6.0,6.0,3.0,5.0,6.0,4.0,16.0,2.0,1.0,8.0,4.0,1.0,64.0,1.0,1.0,1.0,1.0,1.0,1.0,5.0,1.0,2.0,3.0,6.0,2.0,3.0,6.0,2.0,6.0,3.0,2.0,2.0,2.0,1.0,4.0,2.0,1.0,32.0,1.0,16.0,16.0,1.0,1.0,8.0,1.0,1.0,1.0,1.0,1.0,2.0,2.0,2.0,1.0,4.0,1.0,4.0,4.0,3.0,4.0,2.0,6.0,5.0,4.0,4.0,1.0,2.0,192.0,16.0,1.0,384.0,3.0,1.0,1.0,1.0,1.0,1.0,1.0,1.0,5.0,6.0,4.0,3.0,6.0,6.0,1.0,4.0,3.0,2.0,1.0,3.0,4.0,2.0,1.0,6.0,3.0,4.0,384.0,12.0,1.0,24.0,96.0,1.0,1.0,1.0,1.0,1.0,1.0,1.0,5.0,3.0,6.0,6.0,2.0,4.0,3.0,6.0,2.0,3.0,5.0,3.0,6.0,4.0,6.0,6.0,1.0,5.0,16.0,128.0,1.0,2.0,1.0,1.0,1.0,1.0,1.0,1.0,1.0,1.0,11203980948.0,45367967.39999999,60400400.0,0.6181411785714286,132.0,514.0,67840.0,5.08301842399085e+17,1.0,0.9582571035714287,78.57142857142857,3146.5714285714284
16000.0,2048000.0,256.0,64.0,3.0,8.0,46.0,18.0,1.0,1.0,6.0,5.0,5.0,1.0,3.0,2.0,4.0,5.0,2.0,3.0,4.0,6.0,3.0,4.0,4.0,3.0,2.0,1.0,6.0,2.0,4.0,3.0,32.0,768.0,1.0,4.0,32.0,1.0,1.0,1.0,1.0,1.0,1.0,1.0,5.0,3.0,5.0,5.0,3.0,4.0,5.0,3.0,2.0,4.0,1.0,5.0,2.0,2.0,2.0,6.0,1.0,6.0,32.0,8.0,1.0,128.0,64.0,1.0,32.0,8.0,1.0,1.0,1.0,1.0,6.0,5.0,5.0,5.0,3.0,4.0,3.0,4.0,3.0,4.0,5.0,4.0,3.0,4.0,6.0,6.0,2.0,4.0,32.0,128.0,1.0,64.0,32.0,1.0,16.0,64.0,1.0,1.0,1.0,1.0,4.0,4.0,2.0,2.0,5.0,3.0,4.0,2.0,3.0,3.0,6.0,4.0,6.0,4.0,4.0,3.0,3.0,5.0,3.0,96.0,1.0,256.0,2.0,1.0,1.0,1.0,1.0,1.0,1.0,1.0,5.0,6.0,4.0,6.0,1.0,5.0,6.0,1.0,1.0,1.0,1.0,2.0,5.0,2.0,4.0,4.0,2.0,3.0,1.0,48.0,1.0,4.0,12.0,1.0,1.0,1.0,1.0,1.0,1.0,1.0,1.0,5.0,1.0,4.0,4.0,1.0,1.0,1.0,4.0,3.0,1.0,4.0,5.0,2.0,3.0,4.0,5.0,6.0,768.0,3072.0,1.0,96.0,768.0,1.0,1.0,1.0,1.0,1.0,1.0,1.0,11069047620.0,19413063.36,24909300000.0,49.91095714285714,6624.0,514.0,5701632.0,2.148841227819172e+17,2.2857142857142856,0.0030779142857142857,78.57142857142857,256882.2857142857
128.0,256000.0,256.0,64.0,3.0,14.0,44.0,36.0,3.0,1.0,5.0,4.0,4.0,4.0,2.0,3.0,6.0,1.0,4.0,3.0,4.0,6.0,3.0,4.0,4.0,3.0,3.0,4.0,6.0,2.0,3.0,2.0,384.0,768.0,1.0,6.0,4.0,1.0,1.0,1.0,1.0,1.0,1.0,1.0,3.0,1.0,4.0,2.0,6.0,3.0,3.0,1.0,5.0,6.0,3.0,2.0,1.0,5.0,3.0,6.0,2.0,2.0,4.0,32.0,1.0,32.0,8.0,1.0,4.0,128.0,1.0,1.0,1.0,1.0,6.0,4.0,1.0,4.0,4.0,5.0,2.0,6.0,2.0,4.0,4.0,1.0,1.0,6.0,1.0,3.0,6.0,4.0,1.0,8.0,1.0,8.0,32.0,1.0,64.0,32.0,1.0,1.0,1.0,1.0,5.0,6.0,6.0,1.0,1.0,1.0,4.0,3.0,4.0,6.0,5.0,1.0,2.0,4.0,2.0,1.0,1.0,2.0,2.0,24.0,1.0,48.0,128.0,1.0,1.0,1.0,1.0,1.0,1.0,1.0,1.0,2.0,1.0,4.0,4.0,5.0,2.0,6.0,5.0,1.0,6.0,5.0,2.0,3.0,3.0,6.0,2.0,2.0,768.0,768.0,1.0,6.0,8.0,1.0,1.0,1.0,1.0,1.0,1.0,1.0,1.0,3.0,3.0,5.0,1.0,4.0,2.0,6.0,3.0,2.0,3.0,4.0,2.0,4.0,2.0,4.0,6.0,6.0,128.0,12.0,1.0,8.0,8.0,1.0,1.0,1.0,1.0,1.0,1.0,1.0,11178797496.0,20125364.559999995,259142000000.0,315.31,22176.0,514.0,210944.0,2.2497737494941507e+17,1.0,0.04639446285714286,78.57142857142857,28178.285714285714
16000.0,16000.0,256.0,64.0,2.0,46.0,12.0,22.0,1.0,6.0,3.0,2.0,3.0,6.0,6.0,5.0,4.0,4.0,2.0,4.0,2.0,2.0,2.0,1.0,4.0,4.0,5.0,3.0,6.0,6.0,6.0,5.0,128.0,768.0,1.0,128.0,96.0,1.0,1.0,1.0,1.0,1.0,1.0,1.0,3.0,4.0,1.0,2.0,1.0,5.0,4.0,2.0,3.0,2.0,4.0,4.0,1.0,4.0,4.0,3.0,2.0,5.0,2.0,8.0,1.0,4.0,1.0,1.0,64.0,128.0,1.0,1.0,1.0,1.0,4.0,1.0,6.0,4.0,5.0,4.0,6.0,5.0,3.0,1.0,2.0,6.0,2.0,3.0,4.0,5.0,1.0,1.0,64.0,32.0,1.0,16.0,1.0,1.0,4.0,16.0,1.0,1.0,1.0,1.0,2.0,1.0,1.0,2.0,3.0,2.0,3.0,6.0,3.0,5.0,5.0,6.0,5.0,6.0,1.0,4.0,6.0,3.0,6.0,8.0,1.0,96.0,6.0,1.0,1.0,1.0,1.0,1.0,1.0,1.0,1.0,3.0,4.0,6.0,1.0,4.0,2.0,5.0,6.0,3.0,6.0,4.0,5.0,4.0,2.0,4.0,4.0,2.0,384.0,96.0,1.0,3.0,8.0,1.0,1.0,1.0,1.0,1.0,1.0,1.0,5.0,2.0,4.0,3.0,5.0,2.0,4.0,4.0,6.0,3.0,1.0,5.0,4.0,6.0,3.0,6.0,1.0,3.0,384.0,16.0,1.0,256.0,12.0,1.0,1.0,1.0,1.0,1.0,1.0,1.0,974640240.0,20420929.08,137867000.0,1.3182175000000003,264.0,514.0,622592.0,1.9903059219554176e+16,11.624417857142856,3.049360285714286,78.57142857142857,27329.14285714286
256000.0,16000.0,256.0,64.0,1.0,12.0,48.0,10.0,3.0,3.0,3.0,3.0,2.0,3.0,6.0,3.0,5.0,1.0,2.0,3.0,6.0,2.0,1.0,4.0,4.0,2.0,5.0,6.0,1.0,2.0,5.0,1.0,6.0,16.0,1.0,128.0,32.0,1.0,1.0,1.0,1.0,1.0,1.0,1.0,6.0,4.0,2.0,2.0,6.0,6.0,1.0,5.0,1.0,4.0,2.0,5.0,4.0,6.0,2.0,3.0,1.0,4.0,32.0,8.0,1.0,8.0,128.0,1.0,1.0,32.0,1.0,1.0,1.0,1.0,1.0,5.0,6.0,4.0,2.0,4.0,3.0,5.0,1.0,4.0,1.0,6.0,6.0,6.0,6.0,1.0,5.0,5.0,1.0,16.0,1.0,128.0,4.0,1.0,2.0,8.0,1.0,1.0,1.0,1.0,4.0,5.0,6.0,5.0,1.0,2.0,4.0,5.0,6.0,5.0,1.0,1.0,3.0,1.0,6.0,6.0,6.0,5.0,1.0,64.0,1.0,16.0,192.0,1.0,1.0,1.0,1.0,1.0,1.0,1.0,2.0,1.0,4.0,1.0,1.0,5.0,3.0,2.0,5.0,2.0,6.0,6.0,5.0,2.0,5.0,2.0,5.0,3.0,4.0,8.0,1.0,12.0,48.0,1.0,1.0,1.0,1.0,1.0,1.0,1.0,2.0,4.0,1.0,5.0,5.0,1.0,6.0,5.0,4.0,2.0,1.0,3.0,5.0,4.0,1.0,2.0,1.0,4.0,4.0,96.0,1.0,768.0,192.0,1.0,1.0,1.0,1.0,1.0,1.0,1.0,1121845824.0,36857916.95999999,4641100.0,0.05274115714285716,10.0,514.0,2836.0,4.134890022291477e+16,9.563008571428572,8.627407857142858,78.57142857142857,441.14285714285717
16000.0,16000000.0,256.0,64.0,3.0,22.0,16.0,8.0,3.0,2.0,2.0,2.0,3.0,6.0,1.0,1.0,6.0,5.0,4.0,3.0,3.0,6.0,4.0,3.0,2.0,6.0,6.0,2.0,3.0,3.0,2.0,5.0,384.0,12.0,1.0,36.0,768.0,1.0,1.0,1.0,1.0,1.0,1.0,1.0,1.0,5.0,3.0,1.0,6.0,2.0,5.0,6.0,3.0,4.0,2.0,1.0,6.0,2.0,4.0,2.0,3.0,3.0,1.0,16.0,1.0,8.0,64.0,1.0,4.0,4.0,1.0,1.0,1.0,1.0,2.0,1.0,1.0,3.0,6.0,5.0,3.0,4.0,5.0,4.0,3.0,3.0,2.0,3.0,1.0,3.0,6.0,3.0,128.0,128.0,1.0,1.0,32.0,1.0,64.0,2.0,1.0,1.0,1.0,1.0,1.0,3.0,3.0,6.0,4.0,6.0,1.0,6.0,2.0,4.0,4.0,6.0,1.0,4.0,6.0,2.0,6.0,6.0,8.0,8.0,1.0,2.0,64.0,1.0,1.0,1.0,1.0,1.0,1.0,1.0,2.0,6.0,5.0,6.0,6.0,5.0,6.0,4.0,1.0,5.0,4.0,1.0,1.0,3.0,3.0,4.0,3.0,1.0,384.0,8.0,1.0,3.0,128.0,1.0,1.0,1.0,1.0,1.0,1.0,1.0,6.0,3.0,4.0,1.0,3.0,5.0,3.0,4.0,2.0,4.0,4.0,2.0,5.0,3.0,6.0,3.0,6.0,6.0,32.0,24.0,1.0,3.0,64.0,1.0,1.0,1.0,1.0,1.0,1.0,1.0,4182798960.0,19030973.459999997,5125040000.0,16.33622857142857,2816.0,514.0,884736.0,7.960273599627558e+16,8.535714285714286,1.4357024142857144,78.57142857142857,54948.57142857143
128000.0,1024000.0,256.0,64.0,2.0,2.0,20.0,12.0,3.0,6.0,6.0,3.0,6.0,6.0,3.0,1.0,3.0,5.0,1.0,3.0,2.0,3.0,3.0,4.0,1.0,4.0,4.0,1.0,4.0,6.0,4.0,3.0,8.0,192.0,1.0,128.0,2.0,1.0,1.0,1.0,1.0,1.0,1.0,1.0,1.0,3.0,3.0,5.0,3.0,1.0,5.0,3.0,4.0,4.0,6.0,4.0,1.0,4.0,4.0,2.0,3.0,3.0,16.0,1.0,1.0,1.0,1.0,1.0,4.0,1.0,1.0,1.0,1.0,1.0,4.0,6.0,6.0,5.0,3.0,3.0,6.0,5.0,5.0,4.0,6.0,3.0,4.0,2.0,3.0,6.0,6.0,6.0,1.0,8.0,1.0,8.0,16.0,1.0,32.0,16.0,1.0,1.0,1.0,1.0,2.0,3.0,4.0,2.0,5.0,2.0,3.0,6.0,2.0,2.0,4.0,1.0,3.0,6.0,6.0,1.0,4.0,6.0,24.0,4.0,1.0,384.0,12.0,1.0,1.0,1.0,1.0,1.0,1.0,1.0,1.0,5.0,5.0,2.0,2.0,5.0,3.0,6.0,2.0,1.0,2.0,4.0,5.0,4.0,3.0,1.0,1.0,5.0,12.0,24.0,1.0,1536.0,1024.0,1.0,1.0,1.0,1.0,1.0,1.0,1.0,4.0,4.0,6.0,3.0,2.0,2.0,4.0,2.0,4.0,5.0,6.0,6.0,1.0,5.0,1.0,4.0,3.0,4.0,3.0,1536.0,1.0,24.0,768.0,1.0,1.0,1.0,1.0,1.0,1.0,1.0,1646744712.0,28312875.159999996,122469000.0,1.2160803571428571,240.0,514.0,601088.0,4.662407745124615e+16,64.65323214285715,52.746919285714284,78.57142857142857,30551.714285714286
